ticker,W_D,Q_D,D_D,DA_D,R_D,C_D,W_W,Q_W,D_W,DA_W,R_W,C_W,W_M,Q_M,D_M,DA_M,R_M,C_M,dt_break_w,dt_strength_w,vol_pct_w,base_ok_w,flag_ok_w,gap_ok_w,rsi_w,rsi_cross_up_w,base_ok_d,flag_ok_d,gap_ok_d,rsi_d,dt_break_m,base_ok_m,daily_rank,weekly_rank,monthly_rank,daily_gate,weekly_gate,monthly_gate,daily_label,weekly_label,monthly_label,vetoes_d,vetoes_w,vetoes_m,n_boxes_w,pyramid_w,thrust_w,M,M_base,M_vcp,vcp_contractions,vcp_pivot_distance_pct,vcp_volume_dryup_ratio,E,E_vol_spike,E_pivot_break,E_ret_acceleration,E_behavior_shift,E_close_strength,E_coil_break,E_ma_aligned,E_bb_break,E_new_high,E_vol_ratio,ADV,ADV_play_now,adv_20,adv_60,adv_slope_pct_wk,adv_accel_pct_wk,adv_liq_score,adv_slope_score,adv_accel_score,adv_turnover_score,DSR,downside_capture,market_corr,n_drawdown_days,stock_ret_drawdown_pct,mkt_ret_drawdown_pct
042420.KQ,21.229422205594144,39.3575401252197,53.75000000000001,30.0,96.92407003953844,29.84876624286506,28.500000000000004,67.89133480627257,35.98790322580645,48.71902758298268,100.0,39.56055370923761,24.5,66.53157109696546,25.476733835478505,39.21512030055559,100.0,33.58554151750215,False,0.0,0.9872611464968152,True,False,False,51.1227528398117,True,True,False,False,64.3173314086456,False,False,33.50965753770424,35.82569255844246,34.7056170379723,False,False,False,Reject,Reject,Reject,below MA-long;MA-long declining;weak RS;low breakout volume;stop > 1.5 ATR,below MA-long;MA-long declining;weak RS,below MA-long;MA-long declining;weak RS,11,0,0.2062040922571886,11.40349555652831,5.365877741282916,20.4599222793964,1.0,0.1581027667984189,4.8631136799975625,14.919192587728178,0.0,0.0,1.0,0.325252592106151,0.16666666666666674,0.0,0.0,0.0,0.0,0.8337056341523952,92.5,92.5,1044192791.0,510318608.3333333,0.7621284724077864,0.4646076713419152,1.0,1.0,1.0,0.5,90.07342684994826,-0.3014685369989652,0.01582617361653836,76.0,0.24260508438253983,-0.8047442920498619
0K85.L,11.307302731671214,25.626846082665327,27.12531362254169,33.01008636758526,0.0,19.145905003102506,10.236262490255829,49.10120268745383,52.5,30.0,0.0,23.88093273217305,13.729662421434924,47.73718354605776,40.550955595372976,40.0,0.0,26.780221619588385,False,0.0,0.9681528662420382,False,False,False,32.271047438124214,False,False,False,False,40.90248442510331,False,False,22.093276645120845,23.803713852583545,25.291967736085965,False,False,False,Reject,Reject,Reject,below MA-long;MA-long declining;weak RS;low breakout volume,below MA-long;MA-long declining;weak RS;low breakout volume,below MA-long;MA-long declining;weak RS,8,0,0.0841874513214184,11.945468177302292,0.0,29.863670443255728,2.0,0.2933168202892796,2.352415441266125,5.4484247060449675,0.0,0.0,0.0,0.5448424706044968,0.0,0.0,0.0,0.0,0.0,0.6479025126711959,30.0,34.0,180234.48890624047,161694.68892434437,0.139361960811221,-0.13600988057592953,0.05,1.0,0.0,0.5,1.4394682553976468,1.471210634892047,0.19776037838919105,76.0,-1.1491017072010599,-0.7810585921202081
0YX.F,41.5,50.89779843725589,42.5,30.0,100.0,37.613953241968495,61.50000000000001,48.29157827723539,34.78602600819135,35.0,100.0,41.46541038535221,42.476293669556085,46.67171562524962,32.55458302931129,40.0,55.841017488076304,38.334928221220856,True,1.424918856048013,0.8924050632911392,False,False,False,70.72639406408096,False,False,False,False,64.59419650535591,False,False,38.913585380834085,39.75597430743606,39.04545126432846,False,False,False,Reject,C,Reject,weak RS,,MA-long declining,9,0,0.0,69.12428016360009,68.45464282540577,70.12873617089157,1.0,0.0,0.2523364485981308,1.9743038362406917,0.0,0.0,0.0,0.19743038362406917,0.0,0.0,0.0,0.0,0.0,0.0,10.0,9.0,205.71250879764557,304.3521765152613,-0.1376032553858482,-0.28802734289533494,0.05,0.0,0.0,0.5,14.5312746594373,1.209374506811254,-0.016187261078394764,76.0,-0.94641786668491,-0.7825680641973518
1925.T,18.427008706570017,30.65366778864664,45.0,30.0,0.0,25.82031039410225,15.577531007564394,27.91524353011675,45.0,30.0,0.0,23.59224891824949,19.22249555449791,32.81619308747562,30.0,30.0,0.0,25.067824027454723,False,0.0,0.0126582278481012,False,False,False,30.20987726866213,False,False,False,False,26.969241061883025,False,False,25.00139467801692,24.48053374618161,24.77417888681817,False,False,False,Reject,Reject,Reject,below MA-long;MA-long declining;weak RS;low breakout volume,below MA-long;MA-long declining;weak RS;low breakout volume,below MA-long;MA-long declining;weak RS,8,0,0.0500294709467097,2.142857142857143,2.142857142857143,,,,,17.392939764618667,0.27315123251165896,0.0,1.0,0.19299151143854854,0.0,0.0,0.0,0.0,0.0,1.273151232511659,83.82972142936177,81.66215178670222,11267588945.0,9882528912.369791,0.04797832857617066,0.07121345413178584,1.0,0.5664860714680888,1.0,0.5,79.04021237065554,-0.08080424741311071,-0.011858135263166706,76.0,0.0631465856386385,-0.7814760691452562
1928.T,34.04929833813844,34.30816853232847,45.0,30.0,0.0,33.47187009343717,30.202916525852466,31.49707240128345,45.0,30.0,0.0,32.14803517655787,33.10025046426543,32.98319579059953,28.450701274003208,44.99999999999999,0.0,32.78262302942622,False,0.0159352905249232,0.0126582278481012,False,False,False,43.91485313555452,False,False,False,False,40.44323126236329,False,False,32.93687020557119,32.603178515794234,32.69290077261023,False,False,False,Reject,Reject,Reject,below MA-long;weak RS,below MA-long;weak RS;low breakout volume,below MA-long;weak RS,12,0,0.1279951979736029,33.51856666116325,38.13176502999895,26.598769107909693,1.0,0.097286927925459,1.1693998123831275,25.86050365904694,0.49134812361068736,0.0,1.0,0.4033541186833188,0.19999999999999996,0.0,0.0,0.0,0.0,1.4913481236106874,81.74109756531493,79.05137195664365,10420528770.0,8717318811.666666,0.03544658539188955,0.10784759924582527,1.0,0.4620548782657463,1.0,0.5,68.3909646603991,0.13218070679201774,0.07513344825165956,76.0,-0.1032960591606677,-0.7814760691452562
1RH.F,70.25622107521421,73.81110432117934,49.49172015235899,35.0,0.0,49.59572474115743,53.44355261160234,77.1512734762899,49.54241491781718,35.0,0.0,47.50728674495704,54.101216978331856,47.23153212452962,53.75000000000001,45.0,88.85086890025086,48.177535971101264,False,0.0,0.6645569620253164,False,False,False,78.30137634418296,False,False,False,False,76.42763557734668,False,False,48.68555558828608,48.126049112040384,48.15179254157083,False,False,False,C,Reject,C,,low breakout volume;fresh TD Sell 9,,10,0,0.9360648311207632,48.872355244280335,47.28213368740517,51.25768757959308,0.0,0.0389319268085427,0.4076923076923077,11.300662438297504,0.0,0.0,0.0,0.1300662438297503,0.0,0.0,1.0,0.0,0.0,0.0,21.580124034652677,23.475155043315848,51.959999084472656,614.3244757334392,0.04948074420791605,-0.055646336835178015,0.05,0.5790062017326338,0.0,0.5,100.0,-0.7727099275843874,0.014954685924222028,76.0,0.60469811221579,-0.7825680641973518
2413.T,18.16774955652701,28.681855049799623,22.09209687699171,30.0,0.0,22.642593802030383,7.433980833637974,26.11469971194025,53.95730899554457,30.0,0.0,18.21323034610026,11.612041759427164,28.7825056551032,33.80237075659032,46.097473542470425,0.0,22.137634328394302,False,0.2170976771710649,0.0126582278481012,False,False,False,33.62667610275916,False,False,False,False,43.713105813338224,False,False,21.21279287052413,20.27642423197449,21.2070292801844,False,False,False,Reject,Reject,Reject,below MA-long;MA-long declining;weak RS;low breakout volume,below MA-long;MA-long declining;weak RS;low breakout volume,below MA-long;MA-long declining;weak RS,14,0,0.0416145445579563,17.394588491539377,3.501212121212121,38.23465304703026,2.0,0.0806307646533769,2.0746693910445573,6.834095586062343,0.011709601873536313,0.0,0.0,0.39014908501789186,0.26984126984126977,0.0,0.0,0.0,0.0,1.0117096018735363,77.49999999999999,62.5,9627342057.5,7750364852.253825,0.17686498297312406,-0.14489915091094394,1.0,1.0,0.0,0.5,75.60845297538835,-0.012169059507767099,-0.05406218727352138,76.0,0.00950982878932454,-0.7814760691452562
2502.T,22.54682437933534,38.00003267533392,22.5,30.0,0.0,26.566246405233034,17.04274257673724,30.8315990480487,22.5,30.0,0.0,22.466780820615185,17.859041580698744,34.76044094748788,26.22312933903548,44.99999999999999,0.0,26.127315319067744,False,0.1647131786433399,0.0189873417721519,False,False,False,37.42292266192771,False,False,False,False,36.13870126764411,False,False,25.24862051261462,24.38483428707453,25.256074803071137,False,False,False,Reject,Reject,Reject,below MA-long;MA-long declining;weak RS,below MA-long;MA-long declining;weak RS;low breakout volume,below MA-long;MA-long declining;weak RS,14,0,0.0488888888888889,10.650719807011663,2.261429498765281,23.23465526938124,0.0,0.1033443808376016,0.8265574733203317,25.642167613571576,0.749949221394719,0.0,0.617546424201989,0.4467718943657308,0.0,0.0,0.0,0.0,0.0,1.749949221394719,72.44629766136062,65.0678846081426,10284221127.5,10121501666.666666,-0.0014023142833708953,0.027386733501023094,1.0,0.15498071430524255,0.7897788916837183,0.5,78.17311295159544,-0.06346225903190897,-0.048432525165756315,76.0,0.049594236727334255,-0.7814760691452562
2503.T,62.06342977377748,61.20119315497205,45.89930924548353,35.0,41.9787849566056,45.7950003701097,67.52513204570401,58.97020701924639,54.19303797468356,45.05261214694478,52.18244932331921,52.76878686006843,70.68805536390956,54.71242338172439,42.50000000000001,45.0,64.47799634180708,49.71930179100319,False,0.0,0.0063291139240506,True,False,False,64.10751865063217,False,False,False,False,61.33896272144439,False,True,48.671996601276014,50.45918404135711,50.08924291618016,False,False,False,Reject,Reject,Reject,weak RS;low breakout volume,low breakout volume,fresh TD Sell 9,11,0,0.2469769170216489,64.62437357397617,81.98290706435745,38.58657333840425,1.0,0.0517863587152652,1.145791761299732,15.703713909967949,0.15521946121690666,0.0,1.0,0.2599324685629813,0.0,0.0,0.0,0.0,0.0,1.1552194612169067,67.60680629196867,50.13350786496083,9968734180.0,9597712728.333334,0.04064083775181204,-0.0835672799139486,1.0,0.5053403145984338,0.0,0.5,100.0,-0.5583181430808903,-0.07600474427991806,76.0,0.4363122677873329,-0.7814760691452562
2587.T,19.343992415100843,31.787404617397915,30.0,47.86264591826679,0.0,27.322813659421595,15.750155386175535,28.10914214132528,42.0,30.0,0.0,23.475151436716885,19.43250174196562,38.14616176556411,21.314722657054187,50.0,0.0,27.3151736507253,False,0.0803515839844478,0.0189873417721519,False,False,False,34.89326233774011,False,False,False,False,35.00958258214786,False,False,26.166986990870925,25.396690545460352,26.355932098092826,False,False,False,Reject,Reject,Reject,below MA-long;MA-long declining;weak RS,below MA-long;MA-long declining;weak RS;low breakout volume,below MA-long;MA-long declining;weak RS,13,0,0.0443052165194499,7.780099580033436,4.703451893706869,12.395071109523288,0.0,0.1155143338954468,1.4272183630323163,23.719596339175332,0.5312833653640829,0.0,0.8162589589195113,0.49313394426985574,0.0,0.0,0.0,0.0,0.0,1.531283365364083,84.29867497985136,82.2483437248142,4742076185.0,4220547590.0,0.05079204987910819,0.06917263591436673,1.0,0.5899337489925682,1.0,0.5,73.86632994441487,0.022673401111702757,0.016644687517717492,76.0,-0.017718720374927152,-0.7814760691452562
2801.T,34.234495281904344,35.81128879113184,30.0,49.88516960347948,74.66993964986546,34.99184580125366,28.60177141484732,38.34622195271372,21.029695057690528,34.099866986412394,47.72205356742099,27.790567287449903,43.21013752057624,35.66456040318771,22.14437447406508,29.77443545796896,0.0,29.40366998767432,True,0.3197472684952147,0.0189873417721519,False,False,False,47.79955280695418,False,False,False,False,42.0148259029331,False,False,31.713827084396662,29.71475380027798,29.55921189397615,False,False,False,Reject,Reject,Reject,below MA-long;weak RS,below MA-long;weak RS;low breakout volume,weak RS,13,0,0.2841434075991542,49.25059957860718,63.27633957905947,28.21198957792874,1.0,0.0828589500316255,1.098675786484867,42.21631235712147,0.8632728691242442,0.0,1.0,0.4950854974636581,0.0,0.0,0.0,1.0,0.0,1.8632728691242442,69.8104290627518,58.001354087110236,7299643907.5,6500631566.416626,0.012956032307146842,0.00727102804624263,1.0,0.27463360255955704,0.4545171341040439,0.5,90.5948830425669,-0.31189766085133813,-0.14315144917951464,76.0,0.243740557977704,-0.7814760691452562
2802.T,75.50780800161762,67.96154740250788,39.885318324860805,30.71232876712333,60.0,45.210655099195606,68.32720919837588,71.59331692864768,42.50000000000001,35.0,46.39569830577895,47.81668038697096,73.58409654096135,66.93406245049901,53.75000000000001,45.0,0.0,55.07832676519278,False,0.0,0.0189873417721519,True,False,False,75.69028907101693,False,False,False,False,64.27279183366622,False,False,47.96599701872765,49.47396924288243,52.27614800403761,False,False,False,Reject,Reject,C,stop > 1.5 ATR,low breakout volume;fresh TD Sell 9,,8,0,0.5323608714136239,65.23600185941677,93.5141246269993,22.818817708042975,1.0,0.1082641645615301,1.5242028080494732,4.324261502382325,0.1205747877204441,0.0,0.0,0.191276574797344,0.0,0.0,0.0,0.0,0.0,1.1205747877204442,92.5,92.5,28070216490.0,20726072888.548176,0.1793309914861819,0.102405767495857,1.0,1.0,1.0,0.5,58.57082164314813,0.3285835671370373,0.1177664235488686,76.0,-0.2431077560962639,-0.7398658375233804
3064.T,17.35411079063157,42.54587031990288,38.84045760908123,46.74113009198422,52.35486981677916,29.13319330334784,19.29167703048177,34.04908868987726,27.98595146871009,30.0,0.0,25.05123887239563,11.767136795687904,44.323842863180566,43.55860583287821,38.75994624893829,0.0,24.992010463347,False,0.322517469967122,0.0126582278481012,False,False,False,42.383803495143546,False,False,False,False,52.78436503844561,False,False,27.08037040606201,25.84986123587148,25.42093584960924,False,False,False,Reject,Reject,Reject,below MA-long;MA-long declining;weak RS;low breakout volume,below MA-long;MA-long declining;weak RS;low breakout volume,below MA-long;MA-long declining;weak RS,10,0,0.0600113765642775,18.092571417429987,15.50742579855571,21.9702898457414,1.0,0.0983566347804758,1.4789975253093364,16.32537618298867,0.3109838008692216,0.0,0.0,0.429617635608043,0.5809523809523809,0.0,0.0,0.0,0.0,1.3109838008692216,77.49999999999999,62.5,6435714032.5,5767429396.666667,0.11144440957185778,-0.13365021547714936,1.0,1.0,0.0,0.5,66.2944831621825,0.17411033675634985,-0.03556803583556663,76.0,-0.1360630615659091,-0.7814760691452562
3092.T,20.1748520656174,35.30608819637987,22.5,43.20478841808932,0.0,26.705067549043694,16.138779275532222,25.542602189428464,34.5,30.0,0.0,22.46502106109264,15.522026908409943,35.61314772530185,44.28134369801395,25.0,0.0,24.022942032423863,False,0.3426452018071645,0.0189873417721519,False,False,False,31.875058089620182,False,False,False,False,35.04973483283686,False,False,24.89662849933441,23.78040665008222,23.90167434125304,False,False,False,Reject,Reject,Reject,below MA-long;MA-long declining;weak RS,below MA-long;MA-long declining;weak RS;low breakout volume,below MA-long;MA-long declining;weak RS,10,0,0.0777418228223258,9.918904097366337,2.702090746792873,20.744124123226527,1.0,0.1245335728903107,2.230417355271732,22.033957845424148,0.06427656850192065,0.0,1.0,0.44407341676934214,0.6307692307692307,0.0,0.0,0.0,0.0,1.0642765685019207,92.5,92.5,8156533394.462891,5527883796.039226,0.19446422244693892,0.14336398143120865,1.0,1.0,1.0,0.5,58.88296355148598,0.3223407289702805,-0.006823753924410382,76.0,-0.2519015658011112,-0.7814760691452562
3402.T,33.19562123676637,46.00292156578351,35.13551604509974,30.0,84.81517197042751,34.27164110491843,29.64583299553573,46.09096260349424,36.375254997253066,31.66535648577966,60.59568131049888,33.98261363091302,44.952682008305615,50.50610553032462,33.36841999083659,50.0,37.52623211446741,41.538766613226414,False,0.0,0.0126582278481012,False,False,False,52.562597982977394,True,False,False,False,52.58335081207572,False,False,35.6383579643784,36.30726502040813,38.92301581681727,False,False,False,Reject,Reject,Reject,weak RS,weak RS;low breakout volume,weak RS,13,0,0.3039257851925749,46.55915960206829,65.05635669553034,18.813363961875226,0.0,0.0773329236329152,1.0304444459711992,17.95062799602111,0.017048819697097928,0.0,1.0,0.3270028960569719,0.4339622641509433,0.0,0.0,0.0,0.0,1.017048819697098,80.9998529261498,78.12481615768723,5970864580.0,5949315703.328247,0.030999117556898763,0.041375500860114274,1.0,0.4249926463074897,1.0,0.5,76.79936221404844,-0.035987244280968764,0.034536910191006825,76.0,0.028123170200061574,-0.7814760691452562
3407.T,61.04755842671946,59.7474017633457,53.75000000000001,50.0,65.06922384444205,54.375766118199806,59.10502073925021,68.78306945462704,53.75000000000001,30.0,48.46263328161741,44.85953111808264,66.8928027260682,56.90939835915868,28.86262669492315,45.0,0.0,42.80703275265039,False,0.0,0.0126582278481012,True,False,False,67.65597470841558,False,True,False,False,66.70876876651363,False,False,49.207148945054776,46.1470286084764,44.4770306805634,False,False,False,Reject,Reject,Reject,low breakout volume;stop > 1.5 ATR,low breakout volume,fresh TD Sell 9,9,0,0.4733218385085438,66.02072555259534,77.55464859618124,48.71984098721648,1.0,0.0005595970900951,1.0386380847738823,17.740540068721128,0.2945917369880504,0.0,0.0,0.18487053289601196,0.0,0.0,1.0,0.0,0.0,1.2945917369880504,79.16038112541253,75.07576422054353,9080701737.5,8885072089.368896,0.025959984242252127,0.03600153500681536,1.0,0.38299986868543445,0.9333589167802561,0.5,100.0,-0.5654831755884735,-0.01487406128566836,76.0,0.441911569226657,-0.7814760691452562
3659.T,19.790694356071256,31.036135007402564,52.5,37.19967793880837,0.0,28.502463185325634,7.912742225910059,27.933195664121293,22.5,41.508577194752775,0.0,17.456795436164043,10.658937045810642,33.99532420961408,25.0,31.586352171336525,0.0,19.63818562151596,False,0.0,0.0189873417721519,False,False,False,31.360397925759216,False,False,False,False,30.37290493928693,False,False,23.415907347815224,20.320346041601937,19.979265831558948,False,False,False,Reject,Reject,Reject,below MA-long;MA-long declining;weak RS,below MA-long;MA-long declining;weak RS;low breakout volume,below MA-long;MA-long declining;weak RS,10,0,0.0543335213385975,7.344575759478103,0.0,18.361439398695257,1.0,0.2876291989664082,1.1610786434477796,15.130063879355408,0.42873596314425577,0.0,0.0,0.655534461647029,0.0,0.0,0.0,0.0,0.0,1.4287359631442558,76.50805576660001,72.51006970825,6734045410.0,6663157295.0,0.004048334599600036,0.16942589651907752,1.0,0.20040278833000033,1.0,0.5,80.06815042025272,-0.10136300840505445,-0.016747375004316535,76.0,0.07921276536511952,-0.7814760691452562
3765.T,21.99087153763877,38.62855899029584,22.5,30.0,0.0,26.38736288382368,16.764908416738685,28.326947489212152,22.5,30.0,0.0,21.87850963756142,17.82348668068315,38.1755610134057,19.23817250177184,30.0,0.0,23.481100289922047,False,0.2334129314434621,0.0126582278481012,False,False,False,34.94173092903493,False,False,False,False,29.22796202914563,False,False,24.45345439116468,23.261057482522062,23.37107888622205,False,False,False,Reject,Reject,Reject,below MA-long;MA-long declining;weak RS,below MA-long;MA-long declining;weak RS;low breakout volume,below MA-long;MA-long declining;weak RS,10,0,0.1108141163124589,23.063346597121708,19.44930406874952,28.48441038968,1.0,0.1655198776758409,0.877552644563643,10.436450686860013,0.0,0.0,0.4120120509364389,0.1579488072232467,0.4736842105263157,0.0,0.0,0.0,0.0,0.9010717230008244,66.34219273516264,53.07231158075285,592492925.0,641841390.0,-0.0031034088834206333,0.0041043768629309765,1.0,0.14080492597149472,0.401739614382183,0.5,67.55140175725352,0.1489719648549298,0.013190395984661327,76.0,-0.1164180255076758,-0.7814760691452562
4151.T,21.837865493970103,43.907414582038506,26.0667861945316,39.27973199329982,0.0,29.16766052456731,27.910456193893275,42.01907565167705,25.129310344827587,33.727586206896554,0.0,30.21686622831667,30.45120078439262,33.74398617856114,27.84730379079266,36.189546246957136,0.0,30.89972253499744,False,0.0572872027675832,0.0126582278481012,False,False,False,46.89061308896751,False,False,False,False,48.15711767802936,False,False,29.82883463777814,30.211881979571025,30.555802257284235,False,False,False,Reject,Reject,Reject,below MA-long;MA-long declining;weak RS;low breakout volume,below MA-long;weak RS;low breakout volume,below MA-long;weak RS,9,0,0.1800528581886764,13.259797991839864,13.259797991839864,,,,,21.714164693464603,0.29205475014173476,0.0,1.0,0.5873069690629906,0.0,0.0,0.0,0.0,0.0,1.2920547501417348,77.7067612547873,74.0084515684841,3610906157.5,3506918412.5,0.011240567528723744,0.07718621241423287,1.0,0.26033806273936455,1.0,0.5,99.11621204775423,-0.4823242409550845,-0.07836240786714682,76.0,0.37692485187504887,-0.7814760691452562
4307.T,17.231146518227327,52.61009519997914,36.25,30.0,60.0,27.64121458667155,7.517907634307258,51.28520984911462,44.34453681517025,31.992701904729177,0.0,21.43104824087024,21.993392011098287,54.72680727215617,34.505615122434214,46.19114721939788,0.0,33.257319299091264,False,0.0,0.0253164556962025,False,False,False,46.6638917901283,False,False,False,False,52.73407811921256,False,False,26.9013856254151,26.22096282749681,29.73914106329404,False,False,False,Reject,Reject,Reject,below MA-long;MA-long declining;weak RS;low breakout volume,below MA-long;MA-long declining;weak RS;low breakout volume,below MA-long;MA-long declining;weak RS,11,0,0.3417007449950371,22.261546576839752,22.28158628814929,22.23148700987544,1.0,0.0920750382848392,1.2242153812441936,6.647720567224984,0.0,0.0,0.0,0.6647720567224983,0.0,0.0,0.0,0.0,0.0,0.5620381895706984,68.30647976821203,51.00809971026504,16839970735.0,17040159338.925781,0.0448388786092722,-0.310830065535486,1.0,0.5403239884106017,0.0,0.5,73.3809184143098,0.03238163171380389,0.021941776318424217,76.0,-0.02530547026421283,-0.7814760691452562
4452.T,24.784913207443733,32.099937438782966,34.618694362017806,51.5928783382789,79.15782706525233,31.512659682337976,17.02924458097243,27.878133187883154,53.36993725042783,42.24472333143184,0.0,26.90485613835324,20.584462956568583,34.98274288244026,26.64786237287308,44.99999999999999,0.0,27.806243711718825,False,0.0112243784462125,0.0126582278481012,False,False,False,44.03447703250511,False,False,False,False,51.37147704262984,False,False,29.38903542501873,28.09683311915986,27.951538415439344,False,False,False,Reject,Reject,Reject,below MA-long;MA-long declining;weak RS;low breakout volume,below MA-long;MA-long declining;weak RS;low breakout volume,below MA-long;MA-long declining;weak RS,12,0,0.0244140625,17.263234295162746,6.865816695906,32.859360694047865,1.0,0.0735224211693867,1.025685180422458,19.173933690084787,0.3799077733860343,0.0,0.8362431130015047,0.20769834559854203,0.11363636363636354,0.0,0.0,0.0,0.0,1.3799077733860343,78.04185999724632,74.42732499655789,10513987890.0,10318192646.666666,0.013251159983477905,0.04497939363374854,1.0,0.2770929998623159,1.0,0.5,79.07235456395354,-0.08144709127907072,-0.02457523888518528,76.0,0.06364895273608308,-0.7814760691452562
4502.F,57.144339229217024,58.32161607776997,41.25,100.0,100.0,55.74355971386008,65.21471780058516,62.35259429977407,47.5,80.0,97.33570159857902,58.73893626768643,67.6194924439855,62.71236554175618,53.75000000000001,70.0,0.0,60.708296302821424,False,0.0,0.9490445859872612,True,False,False,99.77990355537152,False,True,False,False,99.99999637346006,False,False,57.635119997800246,58.73066896746165,59.719482635141546,True,False,False,Reject,Reject,C,low breakout volume,low breakout volume,,34,0,0.43429284241816,89.90114870730227,89.90114870730227,,,,,0.0,0.0,0.0,0.0,0.0,0.0,0.0,0.0,0.0,0.0,0.0,18.333333333333336,23.166666666666668,0.0,0.0,0.0,0.0,0.05,0.1666666666666666,0.3333333333333333,0.5,100.0,-0.750388175514143,-0.0422229091302546,76.0,0.5487229236182273,-0.7312520926149443
4502.T,34.195907544975576,43.632173275576925,22.5,30.0,0.0,29.67189107679244,31.576300043477666,44.1631316928169,45.0,35.0,0.0,36.39541710341684,47.395974679568674,46.28605251321701,27.03220677935647,50.0,37.52623211446741,37.94886709945969,False,0.0,0.0126582278481012,False,False,False,47.51180676744928,False,False,False,False,32.03376982210752,False,False,33.34434408931321,35.51674689690481,36.732806998182255,False,False,False,Reject,Reject,Reject,weak RS,below MA-long;weak RS;low breakout volume,weak RS,8,0,0.421401438292466,41.86168974000808,61.16879462386662,12.90103241422026,0.0,0.1765704584040747,0.9684652041431644,28.00750490479576,0.12719791392550417,0.0,1.0,0.06809379306335026,0.4782608695652173,1.0,0.0,0.0,0.0,1.1271979139255042,73.85348483471772,69.19185604339715,22310206360.0,23825345044.868164,-0.011879090991693651,0.05831803370655371,1.0,0.06767424173588625,1.0,0.5,88.37965910510674,-0.2675931821021347,-0.03382488710877168,76.0,0.20911766807924695,-0.7814760691452562
4503.T,37.244005426503215,43.00879184908059,37.49999999999999,30.0,0.0,34.8235458589112,46.83299908705764,44.722281529063416,35.96138393498528,39.05016831081903,36.17870439314966,40.09506835344354,47.38288256513583,52.55732024710057,27.25224819092909,30.0,37.52623211446741,35.500295925289976,False,0.0,0.0063291139240506,False,False,False,51.3313889790361,False,False,False,False,37.483739821424976,False,False,36.540352620546656,37.66233212609101,36.58131402569049,False,False,False,Reject,Reject,Reject,weak RS;low breakout volume,low breakout volume,fresh TD Sell 9,11,0,0.6402564406036229,49.78700907843852,69.25289285027132,20.58818342068932,1.0,0.1907808090310442,1.11977999358711,15.690284081628652,0.6181589129847926,0.0,0.0,0.30413915362185145,0.02857142857142847,0.0,0.0,0.0,0.0,1.6181589129847926,64.66224296936011,46.452803711700135,15216429862.5,14886042483.174643,0.02297345781616064,-0.03926696888149935,1.0,0.3581121484680053,0.0,0.5,100.0,-0.6935316685402748,-0.06596213703861158,76.0,0.5419784021586047,-0.7814760691452562
4507.T,31.52538022853749,39.42365908514233,27.115223229271567,30.0,0.0,30.75042936342993,28.462761091656848,42.5628138442655,48.00000000000001,35.0,0.0,34.81981432990968,43.81930450016144,45.03073661362823,28.596490486117062,45.0,42.10492845786963,37.1635920396176,False,0.0,0.0126582278481012,False,False,False,47.49895957776143,False,False,False,False,40.872080768246825,False,False,33.253877388611386,34.70907064952611,35.936331344571855,False,False,False,Reject,Reject,Reject,weak RS,below MA-long;weak RS;low breakout volume,weak RS,11,0,0.5010124408517878,45.15513372526239,53.623735136956654,32.452231607721,2.0,0.220705817480011,1.2283634133645187,7.3723383944742125,0.19853236464532142,0.0,0.0,0.3232199576144053,0.016949152542372836,0.0,0.0,0.0,0.0,1.1985323646453214,75.0142281960652,68.29318257350243,9368508432.5,9532997345.744629,0.013882190549023824,0.027468785751578278,1.0,0.2823515879085319,0.7911464291929713,0.5,90.18458813458913,-0.3036917626917829,-0.056328563557510175,76.0,0.23732784494016845,-0.7814760691452562
4519.T,29.26235396413064,39.10809001631617,35.0,54.07543154410026,0.0,35.78213693005672,27.933862581763293,40.97744241266905,36.25,34.7385955920041,0.0,32.784040364416164,39.514542254944814,45.051948621769824,28.5118951959948,45.0,43.63116057233704,36.3961628134426,False,0.0,0.0063291139240506,False,False,False,47.02339021474269,False,False,False,False,48.13870688639255,False,False,35.00551313704173,34.46729641225221,35.431729612847406,False,False,False,Reject,Reject,Reject,below MA-long;weak RS;low breakout volume,below MA-long;weak RS;low breakout volume,weak RS,7,0,0.5521056462218348,28.54064922553817,34.75976465077676,19.21197608768029,1.0,0.2106196536615898,1.080465769275897,2.350120496105977,0.030246199273771923,0.0,0.0,0.1400368924423641,0.034482758620689724,0.0,0.0,0.0,0.0,1.030246199273772,60.64850245493655,41.435628068670695,19782822960.0,23968947638.333332,-0.0011089852703806647,-0.28755532765784264,1.0,0.1574251227468278,0.0,0.5,78.65437239458892,-0.07308744789177855,-0.04524121980277195,76.0,0.057116091482325854,-0.7814760691452562
4523.T,20.454646527374347,35.55006653202326,42.0,30.0,89.62027383073747,27.613627115084533,16.11218881637228,31.818433357760213,42.0,30.0,60.89352196574832,24.404993196399936,31.56744670034633,33.34678611165776,20.63939505284806,42.32245444259636,0.0,28.39453961121081,True,0.5148793439132188,0.0189873417721519,False,False,False,37.44667087973482,False,False,False,False,24.123064961865595,False,False,26.807219438704408,26.24358390458012,27.31906175789546,False,False,False,Reject,Reject,Reject,below MA-long;MA-long declining;weak RS,below MA-long;MA-long declining;weak RS;low breakout volume,below MA-long;weak RS,11,0,0.1851991019683985,31.50324134117689,36.32191034574048,24.27523783433151,1.0,0.2610885144295952,1.8503024216248352,15.484690575165608,0.2689917379542297,0.0,0.06489568761038456,0.2532822016900244,0.6923076923076923,0.0,0.0,0.0,0.0,1.2689917379542297,92.5,92.5,8755832975.0,6488168890.56071,0.10448721978918676,0.1590780726844745,1.0,1.0,1.0,0.5,74.64573884524481,0.0070852230951039714,0.06667747688665608,76.0,-0.005536932293379038,-0.7814760691452562
4528.T,48.61354144439967,58.14172899479833,40.59300341296929,39.68430034129693,37.61566309338916,44.82671748812058,47.41684810267148,51.47543488904971,29.323496598742526,34.30113526761021,36.17870439314966,37.29617176661331,51.10283520308716,56.04039675844052,31.72335456859381,40.0,37.52623211446741,40.96192449221883,True,0.1522023248232509,0.0063291139240506,False,False,False,56.88737568121464,False,False,False,False,49.5492013618308,True,False,41.794595172488044,39.90200672859642,40.43196561040763,False,False,False,Reject,Reject,Reject,low breakout volume,low breakout volume,fresh TD Sell 9,12,0,0.5088669524029588,43.43600372598164,63.98260129636696,12.61610737040368,0.0,0.1488660593138205,0.9344582363872356,9.423942560704115,0.17688478815102582,0.0,0.0,0.5886246797683597,0.0,0.0,0.0,0.0,0.0,1.1768847881510258,65.32842631452954,47.285532893161914,4406670472.5,4542061511.947835,0.02697055788717718,-0.034762636667750355,1.0,0.39142131572647654,0.0,0.5,95.93514377862498,-0.4187028755724996,0.0021385132087242908,76.0,0.3272062773422123,-0.7814760691452562
4543.T,29.235349263893063,56.02846783562141,51.25000000000001,50.0,73.61453930033508,40.59638142662831,25.729425168572345,50.26453054504735,48.27232437752844,30.0,60.59568131049888,33.66683452829639,29.097188181044604,54.26327214667855,46.25,30.0,98.15580286168522,35.87574437134596,True,0.2902413430465697,0.0126582278481012,False,False,False,56.97320578696909,True,False,False,False,66.07490254325577,False,True,37.57338994607226,35.715416860877646,35.795580616111806,False,False,False,Reject,Reject,Reject,MA-long declining;weak RS;low breakout volume,MA-long declining;weak RS;low breakout volume,MA-long declining;weak RS,11,0,0.1200123110885764,23.610643169473164,22.70277103170482,24.972451376125672,0.0,0.0520616409829237,1.214484181038916,8.651398345192316,0.29911041733275656,0.0,0.0,0.2669189998537184,0.0,0.0,0.0,0.0,0.0,1.2991104173327566,90.24669688138174,89.68337110172718,17527798015.0,13143730106.75232,0.08648018128829042,0.2116046057077355,1.0,0.8873348440690869,1.0,0.5,67.6609886337144,0.14678022732571197,0.037990772190086446,76.0,-0.1147052350787445,-0.7814760691452562
4543N.MX,14.499999999999998,20.28990579524956,30.0,65.0,0.0,23.241943578443824,6.5,20.28990579524956,22.5,30.0,0.0,13.978935762976109,15.883220760753645,39.36671146906466,30.0,30.0,0.0,24.19958333868237,False,0.265649160011475,0.9426751592356688,False,False,False,15.235050747724898,False,False,False,False,7.170156954955445,False,False,20.65456918585122,18.89773159878153,21.54865746873195,False,False,False,Reject,Reject,Reject,below MA-long;MA-long declining;weak RS;low breakout volume,below MA-long;MA-long declining;weak RS;low breakout volume,below MA-long;MA-long declining;weak RS,33,0,0.0708717242266321,18.525153587795327,9.343523958606122,32.297598031579135,0.0,0.0,957900000000.0,10.0,0.0,0.0,0.0,0.0,0.0,0.0,1.0,0.0,0.0,0.0,18.333333333333336,23.166666666666668,112350.39947509766,74808.19732004801,0.0,0.0,0.05,0.16666666666666669,0.33333333333333337,0.5,40.50974490853613,0.6898051018292775,0.07117716997221413,76.0,-0.5304542995939044,-0.7689915574518158
4568.T,17.985267629732355,32.606956475451135,38.15344827586207,41.40899833364191,96.12986178077789,26.943273604190416,11.702470599612342,37.558210205921874,24.04827775478556,33.55927444983412,0.0,20.978968412926747,18.34259230511648,38.92290790945695,29.64778673996893,25.0,0.0,24.64129369835036,False,0.4228055072694361,0.0126582278481012,False,False,False,42.423823746630646,False,False,False,False,50.3765401084407,False,False,24.693586065643306,23.270527036806563,23.955910367578458,False,False,False,Reject,Reject,Reject,below MA-long;MA-long declining;weak RS;low breakout volume,below MA-long;MA-long declining;weak RS;low breakout volume,below MA-long;MA-long declining;weak RS,13,0,0.0600541027953109,15.576055187619604,4.4273786711396825,32.29906996233949,2.0,0.2026666666666666,1.0613048536560363,2.9709128678810073,0.0,0.0,0.19212869709578584,0.10496258969231488,0.0,0.0,0.0,0.0,0.0,0.9962579764186865,62.386927542350556,43.60865942793821,21218568615.0,23931808856.46281,0.009321565254103385,-0.18458501121921628,1.0,0.2443463771175282,0.0,0.5,44.655445564693906,0.6068910887061219,0.015047658945132849,76.0,-0.47427086240134514,-0.7814760691452562
4578.T,73.63847974300184,70.84160550861492,49.85474006116208,50.0,40.39729990356798,57.73679379198807,70.73484727837138,63.57045328586296,54.55363703159443,47.45584304637556,36.35740878629933,55.43892889479703,69.94272457369244,65.81402470423714,48.75000000000001,45.0,40.62533064009859,53.55689332920402,False,0.0,0.0126582278481012,False,False,False,65.59880185803729,False,False,False,False,59.38097668243349,False,True,56.21145423027395,55.33389120455733,54.44539226688068,True,False,False,Reject,Reject,Reject,low breakout volume,low breakout volume,fresh TD Sell 9,9,0,0.4281242562592084,68.36788238848499,88.2095201084033,38.6054258086075,1.0,0.0802390098164746,0.8028913415202861,16.409775247525417,0.6771810173344701,0.0,0.0,0.28661549008360127,0.0,0.0,0.0,0.0,0.0,1.6771810173344701,61.86310138958946,42.953876736986835,13194216675.0,13284816225.0,0.00617860833753681,-0.07137375909363425,1.0,0.2181550694794734,0.0,0.5,82.18287985553891,-0.1436575971107783,-0.006528982807597989,76.0,0.11226497429298395,-0.7814760691452562
4661.T,17.37188534771568,26.6070942520344,22.5,30.0,0.0,21.894630160643683,15.521272669607589,21.97037115837764,45.0,30.0,0.0,22.24792368550921,11.321587226925892,35.96057090055095,40.5,40.0,0.0,23.226756107288715,False,0.4848106962821094,0.0126582278481012,False,False,False,21.0993955875079,False,False,False,False,30.44247398051651,False,False,22.267043407432347,22.470914707069955,22.848835407179337,False,False,False,Reject,Reject,Reject,below MA-long;MA-long declining;weak RS;low breakout volume,below MA-long;MA-long declining;weak RS;low breakout volume,below MA-long;MA-long declining;weak RS,14,0,0.0345082216698695,8.613738477678762,0.0,21.534346194196903,1.0,0.2281684740448744,1.4140532630831268,14.911005476776104,0.2219975222270807,0.0,1.0,0.0471055032234487,0.0,0.0,0.0,0.0,0.0,1.2219975222270807,67.9793867342181,50.59923341777262,13713860770.0,13822500048.929037,0.04287632040530861,-0.22501768392215207,1.0,0.5239693367109051,0.0,0.5,67.09088870456692,0.1581822259086615,-0.02282808013713677,76.0,-0.12361562411174769,-0.7814760691452562
4684.T,17.22988393704267,41.52302318291017,22.5,40.06410256410257,0.0,25.62307936923954,15.588995463383018,41.61607685660939,21.24552329512697,30.0,0.0,23.034248393550524,21.2081376046568,32.679139684973755,40.98893178911274,36.43004806904598,0.0,28.43756334696278,False,0.0,0.0126582278481012,False,False,False,43.99563210530808,False,False,False,False,48.51067729006721,False,False,25.40932687207749,25.17300907471201,26.805286210837394,False,False,False,Reject,Reject,Reject,below MA-long;MA-long declining;weak RS;low breakout volume,below MA-long;MA-long declining;weak RS;low breakout volume,below MA-long;MA-long declining;weak RS,10,0,0.1269129557590562,16.580514667529542,22.885173216434005,7.123526844172849,0.0,0.1359668267132256,1.050303793493909,8.241823832681755,0.13498638549330866,0.0,0.0,0.5542096122815582,0.0,0.0,0.0,0.0,0.0,1.1349863854933087,57.71998394333304,37.7749799291663,6341484780.0,6889347999.564616,-0.018680096340001753,-0.29351162814634074,1.0,0.010999197166652066,0.0,0.5,64.00866573663338,0.21982668526733254,0.05538005137370569,76.0,-0.17178929389594644,-0.7814760691452562
4755.T,24.5,42.413343900401145,18.98063774404158,41.72940053792259,0.0,27.64310405994201,17.1008955955968,30.21042387664427,20.413545887513862,36.81490605466459,0.0,22.94951837647473,19.037027897052063,44.80174484684375,29.650664421938984,44.99999999999999,0.0,29.050864797076827,False,0.0365775464122945,0.0253164556962025,False,False,False,39.01492783748875,False,False,False,False,45.324062580527865,False,False,26.51658050232879,25.718639439348813,27.384752118212823,False,False,False,Reject,Reject,Reject,below MA-long;MA-long declining;weak RS,below MA-long;MA-long declining;weak RS;low breakout volume,below MA-long;MA-long declining;weak RS,11,0,0.1202684236052853,13.990982333897923,5.771985285978682,26.31947790577679,1.0,0.0808770692242245,1.2873204150527828,3.851774297467894,0.0,0.0,0.0,0.38517742974678937,0.0,0.0,0.0,0.0,0.0,0.9513822275753139,88.50141405041613,87.50176756302017,13740718690.726624,10986837977.041016,0.07600848430249679,0.1331235631989644,1.0,0.8000707025208067,1.0,0.5,80.3341540198143,-0.10668308039628618,0.02761577400260413,76.0,0.08337027431239707,-0.7814760691452562
4768.T,20.47352765533748,32.19939623436032,30.0,30.0,0.0,25.63848821728926,15.672614980504148,26.366863330196622,26.728198599618075,30.0,0.0,21.48500104397691,31.641724074832933,43.29936364843295,27.172198318779355,51.20065158274462,0.0,34.774313991804135,False,0.1169794059488292,0.0189873417721519,False,False,False,41.62927337370385,False,False,False,False,40.304019270835255,False,False,26.219607220198533,26.30249236298755,30.538403177395843,False,False,False,Reject,Reject,Reject,below MA-long;MA-long declining;weak RS;low breakout volume,below MA-long;MA-long declining;weak RS;low breakout volume,below MA-long;weak RS,8,0,0.0644709180098108,29.199292380573315,26.24097435425445,33.63676942005161,1.0,0.0584887764780271,1.5103232156392474,10.689894130984513,0.47991098279802724,0.0,0.0,0.10916744750239667,0.0,0.0,0.0,0.0,0.0,1.4799109827980272,71.88536486886542,55.481706086081786,5990925627.5,5190823991.666667,0.06631218921319255,-0.08669273999315436,1.0,0.7192682434432713,0.0,0.5,76.96364118111282,-0.03927282362225643,0.10438896857002379,76.0,0.03069077182855592,-0.7814760691452562
4901.T,22.72587884458812,42.18054120795608,30.253097345132744,35.08849557522124,51.54484088717454,29.42289381711105,26.66524022300136,50.51660376761947,40.0,30.0,60.59568131049888,33.25222271691732,23.967483998393853,53.82701033379056,40.19734309481046,30.0,99.42766295707472,32.275788571002394,False,0.0929104165517006,0.0126582278481012,True,False,False,53.024409604292536,True,False,False,False,56.79821120077228,False,True,31.1422714378312,32.193426693181586,32.23460763209199,False,False,False,Reject,Reject,Reject,below MA-long;MA-long declining;weak RS;low breakout volume,MA-long declining;weak RS;low breakout volume,below MA-long;MA-long declining;weak RS,13,0,0.0876815016654575,34.79524445621139,31.45144153405479,39.810948839446304,0.0,0.0,1.325899767606345,5.886659419201554,0.1882050230268677,0.0,0.0,0.21225589586642,0.0,0.0,0.0,0.0,0.0,1.1882050230268677,74.05115192323531,58.188939904044126,18460943035.0,17320604383.336994,0.0793069115394118,-0.10170698863200155,1.0,0.827557596161765,0.0,0.5,63.053451476418566,0.23893097047162865,0.08249875277207809,76.0,-0.18671883560122962,-0.7814760691452562
4911.T,33.92625362448113,36.91759418686714,45.0,30.0,98.94011773378423,33.99337181432077,24.70896429392636,39.86769407552208,30.0,30.0,61.48920327624721,29.1999472352653,32.170313495645715,48.60053482551368,25.603330923912026,29.77786955052742,0.0,31.56388922923449,True,0.5862776786809115,0.0316455696202531,False,False,False,43.7414065640855,False,False,False,False,27.763209158015243,False,False,32.06944792358687,30.86781474926715,31.215851989250822,False,False,False,Reject,Reject,Reject,below MA-long;weak RS,below MA-long;weak RS;low breakout volume,below MA-long;weak RS,8,0,0.552032224816559,30.962747192338416,47.14904805035967,6.683295905306534,0.0,0.2817403708987161,1.929513247575198,17.05819246999754,0.07324958433401063,0.0,0.44204142479491004,0.11727865353682254,0.0,1.0,0.0,0.0,0.0,1.0732495843340106,91.42823726466378,91.16029658082971,11769450390.0,9981415839.166666,0.09356942358798268,0.04887582925106518,1.0,0.946411863233189,1.0,0.5,87.04395456576431,-0.24087909131528604,-0.04415431677350025,76.0,0.18824124542035095,-0.7814760691452562
5020.T,40.6738841981234,44.86550109258226,22.36131386861313,38.45985401459854,0.0,32.36221634233886,38.30909842379501,45.710833270673824,27.81054293572457,41.62232926845515,36.35740878629933,35.420300542080135,49.17027074290991,49.38219290217103,27.34678190158546,35.0,39.05246422893482,36.35498473163188,False,0.0,0.0126582278481012,False,False,False,52.43329677914859,False,False,False,False,41.72908727374855,False,False,34.07819528011985,35.08908895899741,35.72203684531465,False,False,False,C,Reject,Reject,,low breakout volume,fresh TD Sell 9,6,0,0.6232274280547465,47.92915504373987,70.30101002877159,14.371372566192292,0.0,0.1402805611222445,0.869176059268063,12.765550665647297,0.19302525663237047,0.0,0.0,0.3488378866333219,0.5416666666666667,0.0,0.0,0.0,0.0,1.1930252566323705,73.61682658666706,68.89603323333382,11327905720.0,12746218407.829996,-0.0132990404799976,0.05369984184544451,1.0,0.05584132933335333,1.0,0.5,100.0,-0.683453377942075,-0.09158904695760171,76.0,0.5341024592382199,-0.7814760691452562
6098.T,43.715635183884885,64.80448267097142,43.17314380107808,35.0,50.10790716095848,42.99365003222248,52.63797892208832,62.58608595963812,54.48033021745903,35.0,42.16147090118053,45.78833246918309,44.46478965833423,52.35731192397846,53.75000000000001,65.0,96.8839427662957,50.67299097628116,True,0.2464861905083707,0.0126582278481012,False,False,False,66.84816202183853,False,False,False,False,74.24106283519029,False,True,45.3679229521224,46.69479353392039,48.68389225510077,False,False,False,Reject,Reject,Reject,MA-long declining;low breakout volume,low breakout volume,MA-long declining,10,0,0.2730714081418781,37.8560589869513,43.20555902883046,29.831808924132574,0.0,0.0279304029304029,1.34259221539707,7.991441074353135,0.27605755085931616,0.0,0.0,0.24702900571668115,0.0,0.0,0.0,0.0,0.0,1.2760575508593162,88.73381833848796,84.96763667697594,76476816630.0,52626238389.90234,0.1749526798091928,0.02493527335395189,1.0,1.0,0.7489212225658649,0.5,70.6879066092676,0.08624186781464795,0.08310985860030101,76.0,-0.06739595585553587,-0.7814760691452562
6201.T,45.314948943300536,50.95141537842147,51.94444444444445,50.0,59.73086128452233,48.200820022744736,61.02181860102653,63.99774425368605,42.38112391930836,52.17134591138328,60.05428756569946,51.450021314089184,64.02979927415322,69.97193358247273,47.5,50.0,76.2316074616758,55.01166924924271,False,0.0,0.0063291139240506,True,False,False,76.39358397910217,False,True,False,False,59.53934186056488,False,True,50.53775025544766,51.86867543636635,53.44017234280453,False,False,False,Reject,Reject,Reject,weak RS;low breakout volume,weak RS;low breakout volume,weak RS,12,0,0.2358065485130669,81.10385852245247,79.85064295117571,82.98368187936762,2.0,0.006799417192812,0.5987846832572364,4.012267331657848,0.0,0.0,0.0,0.4012267331657848,0.0,0.0,0.0,0.0,0.0,0.0,79.86080560771089,76.7010070096386,18265174575.0,20978756900.0,0.024164833646265316,0.35286983102353353,1.0,0.3680402803855443,1.0,0.5,83.95731459602764,-0.17914629192055287,0.011189074570538932,76.0,0.12981483130646054,-0.7246303002689575
6301.T,33.04025495348763,37.00371239082184,42.5,32.151898734177216,0.0,34.638197264954115,28.36445077810143,41.75545528992665,26.277661876025498,35.20941886765497,36.35740878629933,31.061923072461106,43.62260125783153,60.0607721200152,33.91458880129801,58.41681167414279,39.05246422893482,44.55509738485569,False,0.0,0.0126582278481012,False,False,False,53.004262579980754,False,False,False,False,44.54683507558335,False,False,35.548695031186526,35.82513020467808,40.19011379476689,False,False,False,Reject,Reject,Reject,weak RS;low breakout volume,weak RS;low breakout volume,weak RS;fresh TD Sell 9,10,0,0.4458778143270838,55.17698575702436,65.89196263405374,39.1045204414803,1.0,0.0344300985700402,1.015996104780418,3.7291619363165815,0.13756838733452392,0.0,0.0,0.09777941896261026,0.0,0.0,0.0,0.0,0.0,1.137568387334524,63.26742865599465,44.70928581999332,26127668500.0,26188573833.196613,0.014604571935967925,-0.06740741547475408,1.0,0.28837143279973276,0.0,0.5,82.36685190078794,-0.14733703801575868,0.0401402084295637,76.0,0.11514036930806028,-0.7814760691452562
6326.T,42.07367405398665,55.24955051448327,40.46076794657763,36.07178631051753,87.0009643201543,41.335456432812016,37.81609987411328,55.71503904170353,36.53953451299219,30.0,36.35740878629933,36.87031463573871,52.105243206016524,56.09486963407233,33.703952052810145,34.720406166872344,48.972972972972975,40.991214982554375,False,0.0,0.0126582278481012,False,False,False,56.424494100962654,False,False,False,False,52.15887739908494,False,False,39.927065603638496,38.99961309919807,39.99541404087623,False,False,False,Reject,Reject,Reject,low breakout volume,low breakout volume,fresh TD Sell 9,11,0,0.5371090106677845,63.54685730750764,78.50841397006586,41.10452231367031,1.0,0.0185497470489038,1.3157246214311848,3.6569309455536465,0.13010696124846577,0.0,0.0,0.10547917205843309,0.0,0.0,0.0,0.0,0.0,1.1301069612484658,70.861605556401,54.202006945501246,12385404917.5,12226610243.333334,0.06016963333840597,-0.08816641104871806,1.0,0.6680802778200499,0.0,0.5,100.0,-0.638672236750847,-0.02242487849085864,76.0,0.49910706904826047,-0.7814760691452562
6367.T,66.17116989839536,67.31767542091548,40.930892717306186,31.405638214565386,44.6609094609599,44.5264609586752,60.85722565261501,63.2051104322073,35.13051062561612,35.0,43.903979456068434,44.11674341932934,66.94119720857339,54.175520393792766,48.75000000000001,30.0,63.10789229150856,42.77050647358375,True,0.2704497871047341,0.0126582278481012,False,False,False,69.07495800084396,False,False,False,False,60.617305786001054,True,True,44.05235479985316,43.79481584347484,43.282661158529294,False,False,False,Reject,Reject,Reject,low breakout volume,low breakout volume,fresh TD Sell 9,12,0,0.3755172032667657,71.75236260003169,93.1985394018701,39.58309739727409,2.0,0.0789371605896043,0.9915012406947892,8.051383169650823,0.2194241357523241,0.0,0.0,0.36629004546043403,0.0,0.0,0.0,0.0,0.0,1.2194241357523241,67.13542844627895,49.5442855578487,26210990900.0,28288216301.445312,0.03781257067767379,-0.18807737819647663,1.0,0.4817714223139482,0.0,0.5,85.93017602182759,-0.21860352043655176,-0.020248451055275524,76.0,0.17083341985207115,-0.7814760691452562
6383.T,68.57677689948305,64.55219170689202,40.93762886597938,30.0,79.6078431372549,43.57963904347124,67.71438264034997,60.62232967200056,30.506191542616257,35.0,0.0,42.29950154897365,74.45863544016275,65.28654044602396,48.75000000000001,50.0,57.309325077893234,56.29862986136168,False,0.0,0.0126582278481012,False,False,False,70.99301762304044,False,False,False,False,59.0888461625676,False,True,45.73939595870005,46.755267541589575,51.52694870147563,False,False,False,Reject,Reject,Reject,low breakout volume;stop > 1.5 ATR,low breakout volume;fresh TD Sell 13;fresh TD Sell 9,fresh TD Sell 9,13,0,0.572137267150846,66.01579638838967,94.49656378312872,23.29464529628109,1.0,0.1178216544070202,1.1259412137089095,19.421468020456643,0.6302684180468303,0.0,0.0,0.681609965952004,0.0,0.0,0.0,0.0,0.0,1.6302684180468303,73.68582146560765,57.73227683200957,13084406670.0,12763412673.333334,0.07711492879364594,-0.14149942618655484,1.0,0.8092910732803829,0.0,0.5,99.46830472863343,-0.48936609457266855,0.018100081034339247,76.0,0.38242789195961474,-0.7814760691452562
6479.T,74.12949292123957,73.63531572563275,48.75000000000001,35.0,0.0,49.97603982492334,62.22912679150868,75.11547528012387,48.75000000000001,35.0,0.0,48.51256954428669,58.021041497294426,54.67396890979227,53.75000000000001,30.0,70.0,42.318436070335,False,0.0,0.0253164556962025,False,False,False,74.28259230338662,False,False,False,False,76.6536240658649,False,False,48.00547798981467,46.94702355822851,44.63272981428175,False,False,False,Reject,Reject,C,stop > 1.5 ATR,low breakout volume;fresh TD Sell 13,,11,0,0.3052712878934156,51.0904805096416,59.30699324088917,38.76571141277024,0.0,0.0,1.4615164364697382,16.022099250568782,0.654517660310564,0.0,0.0,0.2931746044357502,0.0,0.0,0.0,0.0,0.0,1.654517660310564,91.69124766869254,90.88249533738508,14197941785.0,9635937893.189697,0.22780795838314505,0.03676499067477018,1.0,1.0,0.9460831779128365,0.5,93.09769236930315,-0.36195384738606295,0.024409873362353018,76.0,0.2828582698672625,-0.7814760691452562
6501.T,45.15992744714325,42.39425645373485,42.08730158730159,30.0,72.02185792349727,36.61143549138105,34.91003452944909,48.86004277253807,41.15767907554266,30.0,60.59568131049888,35.89628211466574,41.69797047216596,53.7471293870268,28.04459463013037,31.34875724417264,40.57869634340223,35.506451383178245,False,0.0,0.0126582278481012,False,False,False,54.12524910606172,True,False,False,False,54.45284362298976,False,False,36.1758926567259,35.92236357056255,35.7144074768704,False,False,False,Reject,Reject,Reject,weak RS;low breakout volume,weak RS;low breakout volume,weak RS,8,0,0.2579274517183003,55.06758896637862,74.0980527131373,26.521893346240606,0.0,0.0323002240477968,1.0311982118098109,10.48739648766136,0.4050882519272554,0.0,0.0,0.23856314491162509,0.0,0.0,0.0,0.0,0.0,1.4050882519272554,65.60661939583568,47.6332742447946,71262467905.0,69330853867.65869,0.028639716375014074,-0.1293482441912771,1.0,0.40533096979178396,0.0,0.5,76.33886331029149,-0.02677726620582988,0.048908108947238016,76.0,0.020925792736988042,-0.7814760691452562
6506.F,29.19269204501533,31.75174066593167,41.25,65.0,100.0,36.18996525739328,29.64026801623344,36.49704555145525,30.0,65.0,80.33918140270832,35.832135190995366,22.163238861246725,49.17914574721226,30.0,40.72330932355042,82.89348171701113,31.02290716722861,True,0.3370640903298707,0.8471337579617835,False,False,False,46.74834132080884,False,True,False,False,27.66601348866748,False,False,35.04920461944097,34.46093279714492,32.741919982186765,False,False,False,Reject,Reject,Reject,below MA-long;weak RS;low breakout volume,below MA-long;weak RS;low breakout volume,weak RS,32,0,0.8311336232667286,47.18509367855735,54.45742563447502,36.27659574468085,0.0,0.0851063829787234,0.0,0.0,0.0,0.0,0.0,0.0,0.0,0.0,0.0,0.0,0.0,0.0,15.000000000000002,19.0,0.0,70600.0,-0.1392650682880766,0.0,0.05,0.0,0.33333333333333337,0.5,53.72396422598508,0.42552071548029846,0.0857590977698565,76.0,-0.33253425607342063,-0.7814760691452562
6506.T,75.33699949297309,74.61926804928987,48.75000000000001,35.0,82.890625,50.29397752396566,58.6022278220391,76.48686670036824,47.5,35.0,57.63459838049144,47.954876183701145,70.61951255840808,56.10988658681124,53.75000000000001,30.0,70.0,44.26931651701941,False,0.0,0.2025316455696202,False,False,True,77.65789470074843,False,False,False,True,71.98253553791557,False,False,48.387314920497055,47.31702855174953,45.79317253438447,False,False,False,Reject,Reject,C,stop > 1.5 ATR,low breakout volume,,10,0,0.6879135809396841,57.71607424008005,84.71924602224509,17.21131656683251,0.0,0.0720491912845876,1.796730525750387,9.899826945263372,0.13694197543193853,0.0,0.0,0.7160987436624601,0.0,0.0,0.0,0.0,0.0,1.1369419754319385,77.49999999999999,62.5,34672836320.0,27355301011.666668,0.16237336845697453,-0.18440661262538358,1.0,1.0,0.0,0.5,76.19846935775193,-0.023969387155038595,0.06811123042768785,76.0,0.01873150245374036,-0.7814760691452562
6586.T,55.2653921045708,61.055275245692265,33.82485029940119,36.44285783783897,62.12150433944069,42.70702018689917,45.54238083997593,61.05875580349601,28.873145162544176,30.0,36.17870439314966,37.29089818268636,59.09575877749472,56.06027606080036,34.33218847535986,50.0,37.52623211446741,45.3317819315422,False,0.0,0.0063291139240506,False,False,False,57.736815069951525,False,False,False,False,52.40610701840723,False,False,41.607135934563935,40.78638770818567,43.05908481986394,False,False,False,Reject,Reject,Reject,weak RS;low breakout volume,weak RS;low breakout volume,weak RS,11,0,0.3588735586593761,60.34556196228838,78.65073798895945,32.88779792228178,1.0,0.0919695688926458,0.8592031078107811,7.7569974562519075,0.17522102161100195,0.0,0.0,0.42525770240318667,0.0,0.0,0.0,0.0,0.0,1.175221021611002,61.04058154023097,41.92572692528871,4444411155.0,4656496149.53125,0.0012434892413857948,-0.13580876642154371,1.0,0.1770290770115483,0.0,0.5,93.21932443900629,-0.36438648878012553,0.07007296563950989,76.0,0.2847593209015345,-0.7814760691452562
6594.T,39.562567325268006,71.77069149918597,38.94621583742117,36.813186813186775,73.73598333623833,43.46277601912406,49.68533592169905,67.90746456751582,40.0,50.0,47.78103522449349,48.63404307054964,25.55489287842291,59.32635120007078,46.25,30.0,93.0683624801272,34.65899264858688,True,0.3173717277773865,0.0253164556962025,True,False,False,64.20260766021903,False,False,False,False,61.85201822501681,False,True,43.25339946044429,43.40727453367569,39.03313359113129,False,False,False,Reject,Reject,Reject,MA-long declining;weak RS,weak RS;low breakout volume,MA-long declining;weak RS,12,0,0.3571056741280582,40.40188219454845,49.39905440341277,26.90612388125197,0.0,0.0120731286650569,1.509681579338167,12.711402923713827,0.04678705626813384,0.0,0.0,0.17756617983511494,0.0,1.0,0.0,0.0,0.0,1.0467870562681338,77.49999999999999,62.5,19366625085.0,17066387650.0,0.21586706674981998,-0.17116060225346083,1.0,1.0,0.0,0.5,76.2205265172306,-0.02441053034461185,0.024370675850507936,76.0,0.019076245299458266,-0.7814760691452562
6645.T,62.44043579494891,63.97586756315362,43.75,31.639737440040395,91.05110896817745,44.08770753122128,47.783648031522254,57.043947482802274,33.8293179475706,50.0,54.88992585220765,43.4440152086902,62.62977100143584,64.53778491573887,46.25,30.0,91.12071458886793,43.636988359320966,True,0.4215324242188382,0.0126582278481012,False,False,False,61.850977673552414,False,False,False,True,56.115402215281314,True,False,43.80445600008189,43.63064561838564,43.63381698885331,False,False,False,Reject,Reject,C,low breakout volume,low breakout volume;fresh TD Sell 13,,11,0,0.6765369072250329,87.6912772988771,87.6912772988771,,,,,6.863260055635692,0.10145111209682534,0.0,0.0,0.4834237813699184,0.0,0.0,0.0,0.0,0.0,1.1014511120968253,77.49999999999999,62.5,10081970155.0,8742306814.92513,0.1431136011745721,-0.21603704910317398,1.0,1.0,0.0,0.5,81.16309784556279,-0.12326195691125558,0.07850086017030396,76.0,0.09632626956215996,-0.7814760691452562
6701.T,17.86102074487067,36.149242986676775,30.0,41.90104166666666,0.0,26.565579206594386,7.822172974039754,35.44940063363708,31.30781468594248,32.07876795259713,0.0,18.527360383147457,13.269697241398038,39.73661756291313,27.455943799109416,48.40062109893222,0.0,24.61144803133041,False,0.0,0.0189873417721519,False,False,False,44.44684056801638,False,False,False,False,47.39884390354659,False,False,23.763287324507512,21.96023044229173,23.28583923681107,False,False,False,Reject,Reject,Reject,below MA-long;MA-long declining;weak RS;low breakout volume,below MA-long;MA-long declining;weak RS;low breakout volume,below MA-long;MA-long declining;weak RS,9,0,0.1691709844559585,18.810225676727782,13.22623544726527,27.186211020921547,1.0,0.0867027027027027,1.012558096645667,6.411797387362335,0.25856989454555457,0.0,0.0,0.12403994964512426,0.0,0.0,0.0,0.0,0.0,1.2585698945455546,63.38819036955945,44.86023796194932,31002986765.0,33536204253.354084,0.015329142217356744,-0.2985094803047541,1.0,0.29440951847797286,0.0,0.5,65.0341938101866,0.19931612379626812,0.06101404127606139,76.0,-0.15576078094157686,-0.7814760691452562
6702.T,17.186880494411565,32.324071867098546,36.25,41.43273571321742,0.0,26.191553912276007,15.525863843216174,33.41085709812285,26.3556131479242,35.385978185307934,0.0,23.339214001341944,17.7670057595277,38.37499413723285,29.054537834065385,30.0,0.0,25.03794979066012,False,0.0,0.0126582278481012,False,False,False,43.80589752986548,False,False,False,False,46.38298805163569,False,False,25.10513111467261,24.419302720324207,24.728626255492163,False,False,False,Reject,Reject,Reject,below MA-long;MA-long declining;weak RS;low breakout volume,below MA-long;MA-long declining;weak RS;low breakout volume,below MA-long;MA-long declining;weak RS,9,0,0.1668214175177964,4.489813993352169,7.483023322253615,0.0,0.0,0.1024980685037342,1.0953517222652451,7.52087319060729,0.2419785453146046,0.0,0.0,0.2681302284315197,0.0,0.0,0.0,0.0,0.0,1.2419785453146046,63.291288254295196,44.739110317869006,32007830220.0,32317991988.19173,0.014747729525771223,-0.16191324492291267,1.0,0.2895644127147602,0.0,0.5,75.25249481118111,-0.0050498962236222925,0.04659326865507526,76.0,0.003946373050427823,-0.7814760691452562
6723.T,74.55357447356425,73.4663436622774,53.75000000000001,35.0,83.74999999999999,50.78416723914504,71.14540171756231,75.36884538459962,53.75000000000001,35.0,0.0,50.62222531289176,70.65402585082634,57.471558680753695,53.75000000000001,35.0,0.0,47.42418053955558,False,0.0,0.0189873417721519,False,False,False,81.12948912442172,False,False,False,True,71.29616742964014,False,False,50.06358732135117,49.69520026614156,48.559690402848574,False,False,False,Reject,Reject,C,stop > 1.5 ATR,low breakout volume,,11,0,0.9890467394783864,62.01632447593854,82.96608325753336,30.59168630354632,1.0,0.055808185200496,1.9011036869905884,13.443451950321204,0.0,0.0,0.0,0.3443451950321201,0.0,0.0,1.0,0.0,0.0,0.8575731124689326,77.49999999999999,62.5,79308285130.0,52728846395.0,0.3957615976692554,-0.2411279818192331,1.0,1.0,0.0,0.5,92.256577881703,-0.3451315576340599,0.050134033477581,76.0,0.2553510489446726,-0.7398658375233804
6752.T,82.50039624226478,75.99178286396338,48.75000000000001,50.0,62.06471130676008,59.373601160205006,70.98935596256277,73.78061824720761,48.75000000000001,35.0,41.9314133631521,49.57427882211456,69.84606722343644,73.2260590357902,53.75000000000001,50.0,0.0,58.28639544432888,False,0.0,0.0126582278481012,True,True,False,83.759158133767,False,True,True,False,67.48305509823615,False,False,56.21636331560265,54.14777827639695,56.21708686036291,False,False,False,Reject,Reject,C,stop > 1.5 ATR;fresh TD Sell 13,low breakout volume;fresh TD Sell 9,,12,0,0.9275456486113248,71.15888868849564,98.2940625809026,30.456127849885217,0.0,0.0413687436159346,1.2548441487349375,16.197844119070353,0.0395175038655195,0.0,0.0,0.1515278472897684,0.3892215568862276,0.0,1.0,0.0,0.0,1.0395175038655196,92.5,92.5,41364470435.0,31875088172.2286,0.1094183165184721,0.0561122571782208,1.0,1.0,1.0,0.5,97.29097286201952,-0.44581945724039,-0.0237571088279997,76.0,0.32984658611538,-0.7398658375233804
6753.T,27.24334275130658,47.13988624899271,42.751239494265256,50.0,73.89509631253853,36.80567895594508,15.756041330302583,51.23710833455376,46.25,50.0,47.79538746229039,30.73439879134753,19.74459662170888,54.131423805193776,43.2183243722695,39.72941233295533,0.0,31.979307963485383,False,0.2898109652771206,0.0316455696202531,True,False,False,46.34065311715192,False,True,False,False,59.14677948853118,False,False,34.01902070807388,32.3221275759084,32.15071776969689,False,False,False,Reject,Reject,Reject,below MA-long;MA-long declining;weak RS;fresh TD Sell 9,below MA-long;MA-long declining;weak RS;low breakout volume,below MA-long;MA-long declining;weak RS,16,0,0.1008636000242875,22.84222888179533,14.494800699909396,35.36337115462423,0.0,0.0,1.6419546922012251,7.855920025627928,0.0,0.0,0.0,0.7855920025627926,0.0,0.0,0.0,0.0,0.0,0.7956269865682354,77.49999999999999,62.5,2711419402.2631836,2366825720.1312256,0.10249625812737405,-0.043041983297176546,1.0,1.0,0.0,0.5,68.7178231837438,0.125643536325124,0.042977121749853874,76.0,-0.09818741688086713,-0.7814760691452562
6758.T,21.525899752458567,43.635196551866414,29.80833333333333,39.58085973689083,53.62777242044358,29.60655986399173,15.26560364780586,49.816959238892686,40.0,50.0,60.89352196574832,29.43356123017972,23.834505100347165,53.56005701597446,42.36332894410038,30.0,100.0,32.4276242166158,False,0.0,0.0189873417721519,True,False,False,51.29854823543913,True,False,False,False,58.19774325287195,False,False,30.118873144372937,30.36637985287294,31.39700203474437,False,False,False,Reject,Reject,Reject,below MA-long;MA-long declining;weak RS;low breakout volume,below MA-long;MA-long declining;weak RS;low breakout volume,below MA-long;MA-long declining;weak RS,11,0,0.0620991709682465,22.42763918270381,19.668240174189584,26.56673769547515,0.0,0.0483870967741935,1.58347606294289,18.32160728337606,0.6486611970473459,0.0,0.0,0.5348383342429143,0.0,0.0,0.0,0.0,0.0,1.648661197047346,77.49999999999999,62.5,72971538680.0,71946855695.98633,0.12605654854778414,-0.16912322233218935,1.0,1.0,0.0,0.5,62.6264785069413,0.247470429861174,0.08066993740852546,76.0,-0.1933922187575971,-0.7814760691452562
6762.T,72.66242717135974,74.49839505319592,48.75000000000001,35.0,92.54658385093168,49.91681465983829,67.94395644994462,75.87576484558252,53.75000000000001,35.0,56.90615706932195,50.242883857135055,69.1171089676181,56.80387040694303,53.75000000000001,30.0,59.806041335453095,44.20982097024105,False,0.0,0.0316455696202531,False,False,True,82.28202738882031,False,False,False,True,82.01647038577849,False,False,48.87323668110787,48.36775115160749,46.288786060924274,False,False,False,Reject,Reject,C,stop > 1.5 ATR,low breakout volume,,8,0,0.4898886532854856,78.0208257562658,78.0208257562658,,,,,14.93882692157299,0.38841543094142383,0.0,0.0,0.7170518302744511,0.0,0.0,0.0,0.0,0.0,1.3884154309414238,77.49999999999999,62.5,65332027645.0,43254282922.214355,0.22604847377145848,-0.05597533845807165,1.0,1.0,0.0,0.5,76.9889195653128,-0.03977839130625601,0.08305300964781319,76.0,0.03108586087493478,-0.7814760691452562
6857.T,62.18735039887749,50.77961237960278,42.5,30.0,65.46448087431693,40.63650267469161,62.61840914424363,61.4515088793857,29.643632500810057,30.78273261060792,36.17870439314966,40.3196167763474,67.68119451445142,66.15651134778253,49.22756129753153,45.0,36.7631160572337,53.36865779981706,False,0.0,0.0063291139240506,False,False,False,59.05818562428561,False,False,False,False,53.29717478636189,False,False,43.08786793021344,44.29770626305714,48.833182031437104,False,False,False,Reject,Reject,Reject,low breakout volume,low breakout volume,fresh TD Sell 9,11,0,0.6339435576826353,59.8410101112392,77.69110302791714,33.065870736222294,2.0,0.1057142857142857,0.8735705052987631,14.31091300482062,0.142535198696923,0.0,1.0,0.146020903088216,0.0,0.0,0.0,0.0,0.0,1.142535198696923,58.490130403967086,38.73766300495887,225554951400.0,251200842992.48373,-0.014059217576197441,-0.18498095561137562,1.0,0.049506520198354664,0.0,0.5,53.48479039282887,0.4303041921434224,0.17248553515835968,76.0,-0.3362724286129668,-0.7814760691452562
6861.T,68.33696073982095,69.82197946043695,41.839227421109904,30.0,49.3076181292189,44.52684547629595,66.62582666142836,57.95583051482859,37.35246114255008,35.0,36.35740878629933,44.41709816619991,76.92735864047968,54.52609192520198,53.75000000000001,35.0,94.34022257551668,47.62720546478835,False,0.0,0.0126582278481012,False,False,False,66.5616380511783,False,False,False,False,62.37349010645713,False,True,45.113993280965616,45.402079817795645,46.514642641292,False,False,False,Reject,Reject,C,low breakout volume,low breakout volume,,11,0,0.5912827547499349,61.92423801223706,90.30341597342668,19.355471070452666,0.0,0.0490673636687655,1.1753673796013386,7.842683566733758,0.20244428468727538,0.0,0.0,0.33392524184427946,0.045454545454545414,0.0,0.0,0.0,0.0,1.2024442846872754,77.49999999999999,62.5,52975767700.0,56657520254.765625,0.10047129214927701,-0.4924750446662376,1.0,1.0,0.0,0.5,53.20082947706219,0.4359834104587562,0.09562550034377089,76.0,-0.3407106018178516,-0.7814760691452562
6869.T,22.215584391338872,39.27644585787223,27.95698924731183,30.0,100.0,27.4894601815459,15.564913318813026,37.45922469975373,32.00599769488141,31.59201950779226,0.0,24.21930344960084,10.508961201756676,36.078519585179,30.288752421983904,40.0,0.0,21.53642859418054,False,0.398210537233775,0.0316455696202531,False,False,False,42.22514556418861,False,False,False,False,50.947456366904966,False,False,25.31780684448931,24.06847233936376,22.80245046677215,False,False,False,Reject,Reject,Reject,below MA-long;MA-long declining;weak RS;low breakout volume,below MA-long;MA-long declining;weak RS;low breakout volume,below MA-long;MA-long declining;weak RS,11,0,0.1844734274694561,20.937305830133628,13.637858625356566,31.88647663729922,0.0,0.0247127935976283,1.5291438331791332,1.974741579283186,0.04886889460154231,0.0,0.0,0.09973636872523395,0.0,0.0,0.0,0.0,0.0,1.0488688946015423,92.5,92.5,9354903077.5,6581192736.836548,0.1807025171463085,0.1816420685025556,1.0,1.0,1.0,0.5,83.95678705597481,-0.17913574111949618,0.02777523469099076,76.0,0.13999029481348613,-0.7814760691452562
6902.T,19.248484517635315,34.31981981174156,34.5,40.7345971563981,0.0,27.497322695861765,16.185123260270416,32.558974381307735,19.47247610929668,41.87328507370638,0.0,23.24405594283069,18.19715991385529,36.14081989931967,23.558008955787525,42.81190722511001,0.0,25.867935466436496,False,0.1691472502836523,0.0253164556962025,False,False,False,37.83532756753694,False,False,False,False,42.386020109598974,False,False,25.89546522406739,24.88187315051865,25.37490430847757,False,False,False,Reject,Reject,Reject,below MA-long;MA-long declining;weak RS,below MA-long;MA-long declining;weak RS;low breakout volume,below MA-long;MA-long declining;weak RS;fresh TD Sell 9,13,0,0.0275461105329029,21.16435296402645,6.096454190114327,43.76620112489464,1.0,0.0453342286323393,0.9055756303660372,20.772358595746198,0.28576065481230595,0.0,0.0,0.3501589943944523,0.15555555555555545,1.0,0.0,0.0,0.0,1.285760654812306,63.70058979064645,45.25073723830806,15316143675.0,15694919680.414225,0.017203538743878696,-0.12111713777270952,1.0,0.31002948953232246,0.0,0.5,61.98556205693945,0.26028875886121106,0.14111186139206428,76.0,-0.2034094361175567,-0.7814760691452562
6920.T,75.22874893625367,62.740707519126914,43.74221991701245,30.0,67.07168113146898,44.55652426668912,64.62741926060724,60.57294783423605,29.48471160528145,35.0,57.17331618493196,41.3782734789744,72.7905288325506,70.43540577618926,48.75000000000001,48.49473142462569,35.532167143773094,56.61843071619681,False,0.0,0.0063291139240506,False,False,True,62.577264187977846,False,False,False,True,57.12932496296008,False,True,46.015430320276245,46.58597080768406,51.60220076194044,False,False,False,Reject,Reject,Reject,stop > 1.5 ATR,low breakout volume,fresh TD Sell 9,10,0,0.9263727705263054,68.30401122425664,85.74995446735412,42.13509635961042,1.0,0.065982084334717,0.6680002454703718,18.469764861957305,0.03783102143757877,0.0,1.0,0.19730722310396645,0.5740072202166064,0.0,0.0,0.0,0.0,1.0378310214375788,57.49999999999999,37.5,118871013500.0,159584823866.66666,-0.06603061264288287,-0.14355613868572814,1.0,0.0,0.0,0.5,100.0,-0.5340141602717486,-0.016661030400270917,76.0,0.417319286837071,-0.7814760691452562
6954.T,77.15131765717392,74.277143853434,48.75000000000001,30.0,60.0,47.46499438059588,62.116422105567736,72.51444782167208,47.5,35.0,0.0,47.9009595446163,70.83573934054994,63.34478623590704,48.75000000000001,35.0,0.0,47.80665795696213,False,0.0,0.0189873417721519,False,False,False,74.09128504269873,False,False,True,False,68.0122685452918,False,False,47.66411664507525,47.78547603551597,47.79606699623905,False,False,False,Reject,Reject,Reject,low breakout volume;stop > 1.5 ATR;fresh TD Sell 13,low breakout volume,fresh TD Sell 9,14,0,0.5764176493977629,56.43922364789125,83.82508135797153,15.36043708277084,0.0,0.0745135263407688,1.7494777610545984,7.203027002788264,0.11912357417407127,0.0,0.0,0.4820555519306839,0.0,0.0,0.0,0.0,0.0,1.1191235741740713,77.49999999999999,62.5,51957314765.0,46503364231.21826,0.2002609131258781,-0.3764072289611712,1.0,1.0,0.0,0.5,85.1045218028632,-0.2020904360572641,0.03641891159761699,76.0,0.1579288395818815,-0.7814760691452562
6971.T,82.61221339623296,70.07752801424266,48.75000000000001,35.0,69.4911703532726,50.46176593923592,75.05025672379676,72.35966613359345,53.75000000000001,35.0,41.78521584960519,50.66777324275627,69.79370914952669,65.4957749761449,53.75000000000001,45.0,55.668030054153405,54.26570126316032,False,0.0,0.0189873417721519,True,False,False,79.62601979544179,False,True,False,False,74.34878018873724,False,True,51.284355195076905,51.70595018817342,52.98582572566687,False,False,False,Reject,Reject,C,stop > 1.5 ATR,low breakout volume,,12,0,0.3689615231794527,66.79712963906879,92.39431994934912,28.401344173648276,0.0,0.0493227702530028,1.4507327700485269,35.62433074432392,1.0,0.0,0.0088147431701492,0.5536183312622424,0.0,0.0,1.0,0.0,0.0,2.337574850299401,92.5,92.5,24056743702.5,16808935016.887611,0.126573338563887,0.1562127125109337,1.0,1.0,1.0,0.5,99.6157992861188,-0.4923159857223762,0.0661815797701263,76.0,0.3642477791026344,-0.7398658375233804
6981.T,75.5,75.63580077834342,48.75000000000001,35.0,0.0,50.477435917857,68.93317151648344,74.63027490347702,48.75000000000001,35.0,0.0,49.421677746667775,70.91659197286377,55.65555810738563,48.75000000000001,30.0,0.0,43.53924217623079,False,0.0,0.7088607594936709,False,False,False,91.4719960518179,False,False,False,False,89.51287074594258,False,False,48.77306971817499,47.86809870977453,45.70367044300266,False,False,False,Reject,Reject,Reject,stop > 1.5 ATR,low breakout volume;fresh TD Sell 9,fresh TD Sell 9,9,0,0.946979393298028,97.34848484848484,97.34848484848484,,,,,28.04984765480268,1.0,0.0,0.0,0.8049847654802676,0.0,0.0,0.0,0.0,0.0,4.543083682874649,92.5,92.5,341820402990.0,147317424489.08163,1.177070488061017,0.6976387794228103,1.0,1.0,1.0,0.5,82.34142503858446,-0.14682850077168924,0.12586974904825596,76.0,0.11474295962155091,-0.7814760691452562
6988.T,17.34773092809331,29.54991695704124,41.25,50.0,73.88621022179363,27.279429487314072,15.425903337123875,33.447670078330226,42.94789210691172,35.61275383127782,0.0,25.232182404985444,30.888848894967968,39.16543614497771,25.98942784120891,55.00000000000001,71.44674085850556,33.70694554390824,False,0.0,0.0063291139240506,False,False,False,46.5824137284916,False,False,False,False,54.47828269240398,False,False,27.95075857393432,28.18406076312801,30.945503153518125,False,False,False,Reject,Reject,Reject,below MA-long;MA-long declining;weak RS;low breakout volume;stop > 1.5 ATR,below MA-long;MA-long declining;weak RS;low breakout volume,below MA-long;weak RS,9,0,0.0926165803108809,12.631811710574953,2.8034878669181253,27.374297476060192,1.0,0.0933609958506224,1.002047008569999,3.1702385441437304,0.10537566076432014,0.0,0.0,0.1062725328857327,0.0,0.0,0.0,0.0,0.0,1.1053756607643201,60.57695804778697,41.34619755973372,10920048587.5,11640790433.484701,-0.0015382517132781633,-0.09308239071532498,1.0,0.15384790238934865,0.0,0.5,55.64086886307022,0.38718262273859566,0.13558378012664585,76.0,-0.3025739540591084,-0.7814760691452562
6HK.F,37.000001324547696,54.355754651029685,41.25,30.0,100.0,37.18949125428741,35.000001324547696,59.10828043460055,40.69149170379486,33.085104267540125,100.0,39.06075799201409,49.36842237717928,63.931005207520464,29.072178932939902,58.95187830806634,60.0,43.83674001642457,False,0.0,0.981012658227848,False,False,False,50.09874744926984,True,False,False,True,50.5174330347872,False,False,39.08032102803284,40.11929925179189,41.97801963410824,False,False,False,Reject,Reject,Reject,weak RS;stop > 1.5 ATR,below MA-long;weak RS,weak RS,13,0,0.271844673678117,39.7898124541356,56.18468339515217,15.197506042610748,0.0,0.0859375285217534,11250000000.0,23.88590139660888,0.0,0.0,1.0,0.3885901396608878,0.0,1.0,0.0,0.0,0.0,0.0,18.333333333333336,23.166666666666668,53.54999828338623,27.374999284744263,0.0,0.0,0.05,0.16666666666666669,0.33333333333333337,0.5,72.80362056137761,0.04392758877244769,0.019817628307915135,76.0,-0.034376328110511715,-0.7825680641973518
7011.T,31.909595333667934,37.23241819792923,34.5,30.0,0.0,32.39908473193189,28.37210789909836,39.56980960542877,30.0,50.0,0.0,34.07963962829298,30.95957185355548,44.75581797131259,27.41548583573276,45.0,39.05246422893482,34.16368844240117,False,0.0,0.0126582278481012,False,False,False,40.63965869935755,False,False,False,False,30.10111522778476,False,False,33.256171942934074,33.768743293253216,33.966215867827195,False,False,False,Reject,Reject,Reject,below MA-long;weak RS,below MA-long;weak RS;low breakout volume,below MA-long;weak RS,9,1,0.3138212063967096,28.289660189010394,35.54134004528596,17.412140404597043,1.0,0.2576916703653227,1.1414766244765793,6.163130502877595,0.0,0.0,0.0,0.6163130502877595,0.0,0.0,0.0,0.0,0.0,0.8396080785558081,61.13651172341656,42.045639654270715,92707197430.0,106257292313.03955,0.001819070340499447,-0.045566587554692776,1.0,0.18182558617082872,0.0,0.5,95.16332728852943,-0.40326654577058874,-0.07133349052225459,76.0,0.31514315500658524,-0.7814760691452562
7201.T,35.445945585018215,49.69800040675709,31.58018635551114,39.41460172684952,82.30793956927033,37.028304960251766,32.29199152016372,36.87299505064794,34.556281003944534,30.0,60.29784065524944,32.40830594680479,31.0441073470164,42.91219926430676,24.8329442520518,37.65654331611764,0.0,31.484257640910634,True,0.4467909126136152,0.0063291139240506,True,False,False,50.27139803642075,True,False,False,False,57.969727551334806,False,False,34.53349579234944,33.055091257725934,32.26967444931829,False,False,False,Reject,Reject,Reject,below MA-long;weak RS,below MA-long;weak RS;low breakout volume,weak RS,11,0,0.0981507823613085,16.304005645222524,18.332231900631346,13.261666262109292,0.0,0.1140350877192982,1.1536159371843882,12.825179994171956,0.1412589997085978,0.0,0.0,1.0,0.0,0.0,0.0,0.0,0.0,1.1412589997085978,82.04383837738112,74.87847793664206,11782728715.980988,10546207840.014343,0.07367359054496148,0.015726293146216853,1.0,0.7806132545413457,0.5954382191036142,0.5,72.49058075536533,0.050188384892693436,0.05681141226141868,76.0,-0.03922102174269123,-0.7814760691452562
7202.T,35.39522684644077,46.41037173432721,41.96454812637767,30.49595885378398,87.90099646415943,35.9377451151592,28.22148389941044,45.27881793191048,39.3161320466813,36.1535425885123,60.89352196574832,34.34639304457718,37.15880100309468,55.79503962169598,28.855496548629933,35.0,43.63116057233704,36.17705655232298,False,0.0,0.0189873417721519,False,False,False,50.52818017804976,True,False,False,False,54.032320248020746,False,False,35.508201781417355,35.213862511017325,35.69545953167015,False,False,False,Reject,Reject,Reject,below MA-long;weak RS,below MA-long;weak RS;low breakout volume,weak RS,13,0,0.4086628587970098,35.443507834606315,43.67301419707536,23.099248290902747,1.0,0.145617442020208,1.3297422941291712,12.301495910053795,0.424404666773214,0.0,0.0,0.38134025745895145,0.0,0.0,0.0,0.0,0.0,1.424404666773214,71.56971335326048,57.63341776182206,6161111005.0,6245040373.034261,0.04404807155759126,-0.006419860958685552,1.0,0.5337339296465938,0.22633565068857414,0.5,84.58011044265625,-0.19160220885312504,-0.0028542040058057512,76.0,0.1497325410140886,-0.7814760691452562
7203.T,30.761749708904272,41.64033147467712,33.76327769347496,46.97769056643136,0.0,35.935019516094336,28.03535999836202,41.1513692665709,35.837727214398925,30.0,0.0,31.93336742933544,27.91831758228537,40.47702869999043,23.97191669255911,59.25743594559979,40.57869634340223,32.769140426768764,False,0.0,0.0063291139240506,False,False,False,44.2014779667938,False,False,False,False,46.46323539750615,False,False,34.10134807220155,32.98442974591722,32.87678508634299,False,False,False,Reject,Reject,Reject,below MA-long;weak RS;low breakout volume,below MA-long;weak RS;low breakout volume,below MA-long;weak RS;fresh TD Sell 9,13,0,0.2378940405961453,14.748651885013562,18.588402852695747,8.989025433490285,0.0,0.1804367762778078,1.4816272282625988,8.393721097211891,0.29935479315427593,0.0,0.0,0.24066252341263716,0.0,0.0,0.0,0.0,0.0,1.299354793154276,70.17959515955474,53.34949394944341,75405064445.0,74885476606.87744,0.0560775709573284,-0.10313060662409705,1.0,0.6339797579777366,0.0,0.5,65.34129883372192,0.19317402332556138,0.06138224392753092,76.0,-0.15096087640943376,-0.7814760691452562
7259.T,16.7858118619082,43.15200693319632,26.903498871331827,38.30022573363431,62.82867245258758,26.102419455171084,15.386702501010308,35.76764847980164,29.579725256226,38.36806787809531,0.0,24.482579085367608,26.398133765897065,39.88712760941036,27.46511448373219,45.0,62.54372019077902,32.00743146423542,False,0.0,0.0063291139240506,False,False,False,47.19360892458995,False,False,False,False,51.545764653367584,False,False,26.797469746042907,27.064002872988645,29.535717168612035,False,False,False,Reject,Reject,Reject,below MA-long;MA-long declining;weak RS;low breakout volume,below MA-long;MA-long declining;weak RS;low breakout volume,below MA-long;weak RS,14,0,0.0947461573535719,29.63835693855863,13.805300194765824,53.38794205424784,1.0,0.0194896524010448,0.8379773197396932,1.293094365427609,0.0,0.0,0.0,0.1293094365427609,0.0,0.0,0.0,0.0,0.0,0.9126406926406926,63.48063431450118,44.975792893126496,5255954052.5,6355417099.2647295,0.015883805887007153,-0.2414982861914784,1.0,0.2990317157250596,0.0,0.5,84.19300791031561,-0.18386015820631246,0.08312460302158348,76.0,0.14368231370749399,-0.7814760691452562
7267.T,22.502182279838703,39.44169600847825,41.00975975975976,43.894213702520446,40.55159112825458,31.58885570018309,19.223736278533856,38.83710333517606,33.791353398410585,30.0,60.29784065524944,26.55800559173804,18.51159602232502,48.5820800203048,16.311758700250728,34.61595978816507,0.0,24.627798691376093,False,0.0328004149836889,0.0063291139240506,False,False,False,50.26789256155221,True,False,False,False,63.40535703851277,False,False,28.68738926588817,26.985113543318462,25.80645611734728,False,False,False,Reject,Reject,Reject,below MA-long;MA-long declining;weak RS;low breakout volume,below MA-long;MA-long declining;weak RS;low breakout volume,below MA-long;MA-long declining;weak RS,11,0,0.0291858545862557,28.701559770244508,16.085011434178806,47.62638227434306,0.0,0.0,0.839050087752828,3.679793587178157,0.09094273076811898,0.0,0.0,0.18609389718157765,0.0,0.0,0.0,0.0,0.0,1.090942730768119,80.60954655264383,77.63693319080478,29223234642.5,29284437829.68933,0.02865727931586296,0.12511189474265969,1.0,0.40547732763219135,1.0,0.5,79.51954109958864,-0.09039082199177281,0.04264827185653355,76.0,0.0706382642569392,-0.7814760691452562
7269.T,24.824043527500127,37.344698266567335,31.8886213887481,42.150706436420734,100.0,31.02012428799184,20.329213147091185,48.19642802953895,31.048546058056885,30.0,53.4945943110396,28.215508675803843,30.76804901086357,43.54208486988784,26.93076055621309,57.18722597891658,0.0,35.25427348459634,False,0.0,0.0189873417721519,True,False,False,46.3491766677954,False,False,False,False,57.24866272620712,False,False,31.025569443656337,30.88806124087919,33.07116736273777,False,False,False,Reject,Reject,Reject,below MA-long;MA-long declining;weak RS;stop > 1.5 ATR,below MA-long;MA-long declining;weak RS;low breakout volume,below MA-long;weak RS,11,0,0.037787513691128,10.606674512978309,2.976728884151667,22.051592956218265,1.0,0.1145660070402136,1.081493957844954,33.869155169698,0.34022904085740713,0.0,0.0,0.729713249208474,0.9767441860465116,1.0,0.0,0.0,0.0,1.3402290408574071,73.16046065034536,68.32557581293169,13965912782.5,15215675789.167887,-0.01603723609792782,0.057292163233938126,1.0,0.03302303251726819,1.0,0.5,73.20852780105854,0.035829443978829326,0.096563489066515,76.0,-0.027999853040235712,-0.7814760691452562
7270.T,17.260504221919298,35.077685921593435,37.87458069325383,33.78121505777115,79.15782706525233,25.865701871286284,15.240729251890595,30.344050683907533,24.79300900769276,39.73934559078231,0.0,22.9436321343538,19.24791074422441,54.33114348132432,29.813025941670944,51.309725761123616,0.0,31.427465753957577,False,0.0,0.0189873417721519,False,False,False,37.77865085717305,False,False,False,False,50.45154421012146,False,False,26.1014337267408,26.07319616762144,28.750330960789505,False,False,False,Reject,Reject,Reject,below MA-long;MA-long declining;weak RS;low breakout volume,below MA-long;MA-long declining;weak RS;low breakout volume,below MA-long;MA-long declining;weak RS,12,0,0.0172122221954365,10.611147222194624,4.312031573235395,20.05982069563347,0.0,0.071032919388838,1.3954967332196813,8.144779891538969,0.15643870967741935,0.0,0.0,0.5016005697990581,0.0,0.0,0.0,0.0,0.0,1.1564387096774194,77.49999999999999,62.5,11695277272.5,10869435098.249918,0.10074303893696336,-0.022715497283855447,1.0,1.0,0.0,0.5,82.23506494651258,-0.14470129893025171,0.002732356997076705,76.0,0.11308060228822578,-0.7814760691452562
7272.T,38.19440731903237,53.64117381847494,31.25,35.0,59.41369334619093,37.19995567061757,28.72853608912355,47.31092205600135,55.24336283185842,50.0,60.59568131049888,39.19334220619066,48.55214757133553,52.43095403304954,33.579864433162854,32.04162680204579,90.52464228934818,38.73111591533268,True,0.1933878326742753,0.0126582278481012,False,False,False,53.90727705700485,True,False,False,False,54.31176691108268,False,False,38.10420368023252,38.65599701181864,38.69355646357566,False,False,False,Reject,Reject,Reject,weak RS,weak RS;low breakout volume,weak RS,13,0,0.1020155329057368,48.759516550109055,59.72788242719099,32.30696773448615,1.0,0.0528102602791399,1.5190858430726537,7.871521782132039,0.2518485602559546,0.0,0.0,0.2834550577012947,0.0,0.0,0.0,0.0,0.0,1.2518485602559546,88.1861356651904,83.87227133038081,9040511030.0,7811255916.666667,0.11951520834260346,0.022744542660761632,1.0,1.0,0.7124090443460273,0.5,72.09681271805015,0.05806374563899723,0.05702857455365209,76.0,-0.04537542770181357,-0.7814760691452562
7309.T,30.77886918050088,36.27202914963117,28.536585365853657,30.0,69.18021001625668,30.71198265282316,15.742327195089404,38.331625598831145,17.312302125734963,34.67887833559475,0.0,22.592497258073937,18.25783989381723,43.91683144339324,22.87343363668675,30.599383630153334,0.0,25.27183347973888,False,0.3851822596515098,0.0126582278481012,False,False,False,46.16365027060222,False,False,False,False,46.06260873456496,False,False,27.18810719978153,25.02019520352326,25.14601434163107,False,False,False,Reject,Reject,Reject,below MA-long;weak RS;low breakout volume,below MA-long;MA-long declining;weak RS;low breakout volume,below MA-long;MA-long declining;weak RS,12,0,0.1461029375695763,24.545460404384627,29.8972302961816,16.51780556668918,0.0,0.0953475014359563,1.0451941732622956,22.966085825096087,0.4461631786472551,0.0,1.0,0.4042822252150981,0.0,0.0,0.0,0.0,0.0,1.446163178647255,64.07329103513241,45.716613793915535,5673361175.0,5609336808.333333,0.019439746210794556,-0.14742562585292407,1.0,0.32866455175662135,0.0,0.5,86.39793329581752,-0.22795866591635053,0.05444023163611365,76.0,0.1781442421679063,-0.7814760691452562
7701.T,44.85610105573793,36.856373923701256,53.75000000000001,50.0,100.0,42.59427662022286,20.374055569095788,32.84442265212867,33.325777613906816,35.915995810337705,66.87618162503254,27.038106652316063,33.59928956157831,44.41482535562013,17.567526344781353,25.0,0.0,26.13274476324911,False,0.0860360836695428,0.379746835443038,True,False,False,49.99703231757816,False,True,False,False,60.66989356071999,False,False,34.63511925845607,29.87773207917733,28.005238421213225,False,False,False,Reject,Reject,Reject,below MA-long;weak RS;stop > 1.5 ATR,below MA-long;MA-long declining;weak RS;low breakout volume,below MA-long;weak RS,9,0,0.0765940928888271,28.066479444540064,22.35121053147276,36.63938281414102,0.0,0.0,3.3567476342028684,1.6978200896568312,0.01961702875212268,0.0,0.0,0.13054795146143774,0.0,0.0,0.0,0.0,0.0,1.0196170287521227,92.5,92.5,12876129355.0,7832911880.883789,0.3878354193280967,0.0980451829126269,1.0,1.0,1.0,0.5,80.0811257419417,-0.10162251483883414,0.08715599657113174,76.0,0.07941556343290758,-0.7814760691452562
7741.T,35.987033668640734,38.72082725825828,30.0,30.0,0.0,32.72588960776238,48.78763821670978,38.5764398495549,29.24325091593299,50.0,36.35740878629933,37.68108958499372,44.5966350937435,50.60152790037472,25.94265592954916,30.0,39.05246422893482,34.13129415008456,False,0.0,0.0126582278481012,False,False,False,50.47953980019817,False,False,False,False,35.097615332844754,False,False,34.49353050939622,35.6251109590747,34.87820255457963,False,False,False,Reject,Reject,Reject,weak RS,weak RS;low breakout volume,weak RS;fresh TD Sell 9,10,0,0.4061653084350594,55.68821363565267,76.60344174592456,24.315371470244862,1.0,0.1198801198801198,1.019626241301118,27.088471597286052,0.834750537854728,0.0,0.17598274627673494,0.2943978205010351,0.5689655172413792,0.0,0.0,0.0,0.0,1.834750537854728,60.774490497321885,41.59311312165237,27412664925.0,30205312817.17448,-0.0003530570160686266,-0.1495756187328789,1.0,0.1637245248660948,0.0,0.5,85.22674161494507,-0.20453483229890138,0.050383510489471435,76.0,0.15983907674822964,-0.7814760691452562
7751.T,18.974117132274746,29.37664426694637,35.0,30.0,0.0,24.884799787838432,16.28573870551258,27.602437953175784,33.538014311270125,32.82826475849732,0.0,23.27241311025231,19.298413628267745,39.82534436843802,26.37314471743809,43.62286663207525,0.0,27.701787424441694,False,-0.0066295278597,0.0126582278481012,False,False,False,44.603241060035685,False,False,False,False,49.76140971678693,False,False,24.964481311883247,24.92370274002635,26.312745082234024,False,False,False,Reject,Reject,Reject,below MA-long;MA-long declining;weak RS;low breakout volume;stop > 1.5 ATR,below MA-long;MA-long declining;weak RS;low breakout volume,below MA-long;MA-long declining;weak RS,13,0,0.0550980884838974,27.27871498077728,16.40910085627644,43.583136167528544,1.0,0.0225613802256138,1.1844272961773414,4.321756724042299,0.12232999949741163,0.0,0.0,0.18751567340940656,0.0,0.0,0.0,0.0,0.0,1.1223299994974116,64.28905432036031,45.98631790045039,18291290170.0,18507863000.0,0.020734325922161862,-0.15862804177855677,1.0,0.3394527160180155,0.0,0.5,78.06969006191261,-0.061393801238252124,4.800510619597825e-05,76.0,0.047977786461554435,-0.7814760691452562
7832.T,18.308165160203817,29.59680084536137,20.5829950383401,42.34776725304465,0.0,24.17955428448112,15.52154156425285,25.17044861158736,28.750000000000004,40.91069792253728,0.0,22.76093314581409,18.955816578650737,50.19155662107283,42.70068501259851,44.99999999999999,0.0,31.63528698013487,False,0.0,0.0126582278481012,False,False,False,35.41087900364924,False,False,False,False,42.54935356070361,False,False,25.24511448201176,25.70696352384373,28.6711252519893,False,False,False,Reject,Reject,Reject,below MA-long;MA-long declining;weak RS;low breakout volume,below MA-long;MA-long declining;weak RS;low breakout volume,below MA-long;MA-long declining;weak RS,10,0,0.0633416870258509,16.549766620010196,6.054690045150801,32.292381482299284,2.0,0.1168351149469203,1.4028693770670757,11.4353099723319,0.24701177316437484,0.0,0.0,0.30950745090444015,0.3400000000000001,0.0,0.0,0.0,0.0,1.2470117731643748,86.73518881557482,85.29398601946852,11030328010.0,9608053307.24772,0.06541113289344891,0.10100358765251746,1.0,0.711759440778741,1.0,0.5,47.280166946311795,0.5543966610737641,0.15178790529785918,76.0,-0.43324772344317997,-0.7814760691452562
7974.T,17.637463440574315,27.96671221333573,22.5,38.0126467931346,0.0,23.32631711189209,7.346186327790585,30.498969342238404,40.5,30.0,0.0,17.967999858393103,11.004294049895286,32.91831087565819,41.23134613546316,50.70489742947563,0.0,23.71997603819098,False,0.0,0.0189873417721519,False,False,False,31.27706855549376,False,False,False,False,36.226229052083816,False,False,21.797553721102176,20.765256163032262,22.24261610061162,False,False,False,Reject,Reject,Reject,below MA-long;MA-long declining;weak RS;low breakout volume,below MA-long;MA-long declining;weak RS;low breakout volume,below MA-long;MA-long declining;weak RS,8,0,0.1657485176031883,5.930620887351108,0.0,14.82655221837777,1.0,0.2745191204630823,0.9974455672228468,7.252829350239737,0.014869888475836479,0.0,0.0,0.34260198160171246,0.3529411764705883,0.0,0.0,0.0,0.0,1.0148698884758365,63.96407755899995,45.58009694874994,75796005470.0,85075071104.75911,0.01878446535399973,-0.0967908017676983,1.0,0.3232038779499978,0.0,0.5,49.48119544967804,0.5103760910064392,0.00415371894367453,76.0,-0.39884670138543366,-0.7814760691452562
7NX.F,57.00000000000001,54.54659772072532,30.0,40.52794063962721,0.0,40.80240317976422,49.0,42.72179053393684,22.5,35.0,55.47877885331347,32.649740255491686,40.43781452192668,26.654149799615617,30.0,45.0,42.10492845786963,32.16486133549421,False,0.0,0.689873417721519,False,False,False,53.37711084611652,False,False,False,False,32.08871835292251,False,False,36.629095933628456,34.13480916434695,33.14983524992058,False,False,False,C,C,C,,,,9,0,0.0,49.6292682431955,55.59047619047619,40.68745632227446,1.0,0.3069277198762153,0.3333333333333333,5.590042144686514,0.0,0.0,0.04348162418324364,0.5155225902854077,0.0,0.0,0.0,0.0,0.0,0.0,15.000000000000002,19.0,0.0,93.4250020980835,-0.1655751195170037,0.0,0.05,0.0,0.33333333333333337,0.5,0.0,6.171590367502839,0.05584970015382776,76.0,-4.829689526915719,-0.7825680641973518
7NX.SG,47.0,21.815393513982507,30.0,39.56856217159632,0.0,29.427632680029788,39.0,20.37677791261317,22.5,35.0,58.33804914370811,25.70411256375657,42.81313131313132,32.90365751164075,30.0,45.0,58.13036565977742,35.11517379784005,False,0.0,0.7911392405063291,False,False,False,53.66891809589426,False,False,False,False,33.39962869928701,False,False,29.44808486870988,29.27213495723626,32.19365437753815,False,False,False,Reject,Reject,C,low breakout volume,low breakout volume,,10,0,0.0,39.84563766626425,55.59047619047619,16.22837987994636,1.0,0.3017857098255025,140000000000.0,22.617559823631698,0.0,0.0,1.0,0.6032180354153938,0.6585379469477759,0.0,0.0,0.0,0.0,0.0,45.0,63.99999999999999,1722.7000427246094,1042.2948515574137,0.13452054123742294,0.7004050982487282,0.05,1.0,1.0,0.5,0.0,5.847638939247987,0.05124961173441506,76.0,-4.576175484812352,-0.7825680641973518
7SN.F,37.0,46.16675575232756,22.5,30.0,100.0,30.527385299726944,24.333333333333336,30.285326761553165,34.5,30.0,100.0,27.85238624917219,35.242981908920775,34.16503748316625,21.49405234252496,25.0,60.0,26.76661237910777,True,0.8844651180225565,0.9113924050632912,False,False,False,66.68439364169447,False,False,False,False,37.39090509086552,False,False,28.972731000436685,28.061653898263813,27.414133138685795,False,False,False,Reject,Reject,Reject,weak RS,weak RS,weak RS,12,0,0.0,53.85400823004271,57.20565008626576,48.826545445708135,1.0,0.1229314040603981,0.1646172153907179,11.219144808739298,0.0,0.0,0.7087068618204828,0.41320761905344705,0.0,0.0,0.0,0.0,0.0,0.0,15.462997934570721,19.92599586914144,370.38000869750977,1251.6466714223227,-0.028731802777467848,0.0018519917382828766,0.05,0.0,0.3641998623047146,0.5,0.0,3.7274331095572593,0.037437369352942146,76.0,-2.91697011297134,-0.7825680641973518
8001.T,32.153461303904194,40.59443311848487,37.0,36.94244604316547,0.0,35.34802387150384,30.080976425251947,38.11164071786803,39.57879902645274,41.17721036113715,0.0,34.85552187600217,42.431488813719625,46.26245451988154,28.675326803882896,50.0,39.815580286168526,37.96779277907315,False,0.0,0.0063291139240506,False,False,False,49.31454897623292,False,False,False,False,44.03345577876238,False,False,35.724227054367205,35.8877035460238,36.92774816254848,False,False,False,Reject,Reject,Reject,weak RS;low breakout volume,below MA-long;weak RS;low breakout volume,weak RS,10,0,0.2507481770477893,39.50712309135468,57.93433553504097,11.86630442582524,0.0,0.1207810894189413,1.067341354113599,15.699733272227817,0.48050842524955617,0.0,0.08956432550887516,0.16345994782496365,0.35593220338983045,0.0,0.0,0.0,0.0,1.4805084252495562,65.67278310471052,47.71597888088815,29301898802.5,30137601715.67403,0.029036698628263125,-0.07919773465900018,1.0,0.4086391552355261,0.0,0.5,93.26997171048603,-0.3653994342097207,-0.04107639352366959,76.0,0.2855509135141132,-0.7814760691452562
8002.T,53.27167242303621,41.31431493396765,30.0,30.0,0.0,35.684363876692366,51.60856459800512,45.31611123868375,26.80356673779056,36.7569847559848,36.35740878629933,36.03911859735389,51.21777283139025,52.6165255731153,32.46382229404839,38.30360002132547,46.68362480127186,40.42086591959923,False,0.0,0.0126582278481012,False,False,False,52.05403445580192,False,False,False,False,38.48068886220277,False,False,36.7380907014722,37.28269184989519,38.85177888474721,False,False,False,Reject,Reject,C,low breakout volume,low breakout volume,,10,0,0.6810656021976607,54.14458858237953,75.07188631727053,22.75364198004302,1.0,0.1881026311488805,0.9691606153517616,9.6144832185714,0.3005236343051232,0.0,0.0,0.3604010532468937,0.0,0.0,0.0,0.0,0.0,1.3005236343051232,64.84153061775754,46.67691327219695,24545625265.0,28353304062.13379,0.024049183706545327,-0.1551022584739203,1.0,0.36707653088787773,0.0,0.5,96.09183922167807,-0.42183678443356154,0.010523612646752627,76.0,0.3296553521200145,-0.7814760691452562
8015.T,74.38710593711765,61.23917262592001,43.24445392491468,33.1740614334471,47.91899710703953,45.96585641366397,68.24721559614501,61.0529308392073,49.78787413777358,45.74663311569367,36.35740878629933,52.9745384357846,74.00532420552952,63.11950292482089,53.75000000000001,30.0,47.431635657448346,45.967396005950135,False,0.0,0.0126582278481012,False,False,False,63.75744376425938,False,False,False,False,58.607307611189846,False,True,48.068768938757394,49.47065930241013,47.71902765418014,False,False,False,Reject,Reject,C,low breakout volume,low breakout volume,,9,0,0.5506189371153571,58.003591845996496,82.77982210331807,20.83924646001413,1.0,0.1299175341354603,1.0975724756174146,21.514924915751386,0.4860939431396787,0.0,0.0,0.17930460529578104,0.0,1.0,0.0,0.0,0.0,1.4860939431396787,70.61371769274439,53.89214711593049,17021893445.0,16918263919.43278,0.058682306156466364,-0.12849456867049036,1.0,0.6556858846372197,0.0,0.5,95.10981119246644,-0.40219622384932896,-0.004359833354513874,76.0,0.31430672403883914,-0.7814760691452562
8035.T,77.56073966268318,68.25172335434328,39.32255377158437,37.04484476811043,69.25747348119575,49.03210630536309,66.63830293230106,65.93457464217074,27.8373600098977,35.0,0.0,41.59462100038375,69.08758266208552,71.38309507817516,48.75000000000001,45.0,44.50129325419651,54.41897102349085,False,0.0,0.0126582278481012,False,False,False,72.94643243215431,False,False,True,False,63.45494839857941,False,True,47.87823365749484,46.92942306831175,50.674197045901295,False,False,False,Reject,Reject,Reject,stop > 1.5 ATR,low breakout volume;fresh TD Sell 13,fresh TD Sell 9,10,0,0.7541572266882941,69.24718311537009,83.7477101396082,47.49639257901294,1.0,0.0,1.025460493088005,73.6213414634032,1.0,1.0,1.0,0.36213414634031976,0.0,0.0,1.0,1.0,1.0,2.257318119696151,80.81817463112371,72.35882421615295,229419610500.0,165721596108.67838,0.07422020036875587,0.010459231611990957,1.0,0.785168336406299,0.5076538601998493,0.5,93.9413552036258,-0.3788271040725162,0.11622185182688384,76.0,0.29604431617627086,-0.7814760691452562
8113.T,18.58796691085133,35.48108620291271,22.5,47.73624364412092,100.0,26.351993594286213,15.84570752840281,29.54536528107688,31.593727654925846,40.02643836069915,0.0,24.10588218989485,18.62969159163262,43.18717502524221,41.13968765090507,40.95742799893021,0.0,29.532607481885734,False,0.5362168192039497,0.0189873417721519,False,False,False,44.03149739390849,False,False,False,False,43.8440501123134,False,False,26.314282950488703,26.183122058370387,27.85786477012806,False,False,False,Reject,Reject,Reject,below MA-long;MA-long declining;weak RS,below MA-long;MA-long declining;weak RS;low breakout volume,below MA-long;MA-long declining;weak RS,12,0,0.1163447489143352,22.889666885029968,20.286116947228745,26.794991791731803,1.0,0.0947852885552466,1.14111848509586,6.339778609781203,0.0,0.0,0.4752464843674087,0.15873137661071163,0.0,0.0,0.0,0.0,0.0,0.8636435637861267,67.63516070711866,50.16895088389831,6665297809.494019,7041703455.752461,0.04081096424271193,-0.18516945979652627,1.0,0.5067580353559328,0.0,0.5,71.18005629726032,0.07639887405479356,-0.05047542609334258,76.0,-0.05970389178346358,-0.7814760691452562
8267.T,20.31278018008621,33.9706621053442,22.5,30.0,0.0,24.761430464823427,8.40257954086863,23.827078047002832,45.0,30.0,0.0,17.982046939049734,22.715918317740577,38.927514168542935,30.0,57.4888695546398,0.0,31.73648383889948,False,0.0,0.0189873417721519,False,False,False,29.13557763453001,False,False,False,False,31.19255727689678,False,False,24.122626081906528,23.464254714159395,27.600369276529435,False,False,False,Reject,Reject,Reject,below MA-long;MA-long declining;weak RS,below MA-long;MA-long declining;weak RS;low breakout volume,below MA-long;weak RS,7,0,0.0133124510571651,0.0,0.0,,,,,20.91601631726199,0.2044830625865759,0.0,1.0,0.3759688398863805,0.30666666666666664,0.0,0.0,0.0,0.0,1.204483062586576,58.83992177090433,40.17984354180867,12884615915.0,13700890222.5,-0.03159023040295327,-0.014640312916382656,1.0,0.0,0.08932811806028908,0.5,90.7360129408481,-0.314720258816962,-0.15141000611933828,76.0,0.2459463507406571,-0.7814760691452562
8306.T,69.97632081302375,65.28163883398675,38.74258160237389,50.0,38.85438765670202,50.810796469706574,70.26846575234973,68.93707977403203,54.44380420034949,50.0,36.17870439314966,57.68312578509239,72.39439919889364,64.68446675994302,48.75000000000001,50.0,51.25922002578926,55.89188691362418,False,0.0,0.0063291139240506,False,False,False,67.14392824857504,False,False,False,False,62.18939826934222,False,True,53.88871335310584,55.77128826057477,55.83158758709948,True,False,False,Reject,Reject,C,fresh TD Sell 9,low breakout volume,,8,0,0.2965119082901444,72.0265045593454,87.10012353596687,49.4160760944132,1.0,0.0,1.058385688666262,49.35066332630754,0.1044534622244048,1.0,1.0,0.7261594081819442,0.0,0.0,1.0,0.0,1.0,1.1044534622244049,80.68406949273917,77.73008686592395,132542978497.5,115586407187.0756,0.0291044169564349,0.0894596056909622,1.0,0.4092034746369583,1.0,0.5,100.0,-0.642683376045902,-0.0228840258408858,76.0,0.4754994742805549,-0.7398658375233804
8411.T,75.27178805909209,66.32301691952729,42.79634464751958,50.0,91.30826100932175,53.74416895869031,56.22629970430989,59.749903397137786,55.06682326960964,30.0,36.53611317944899,43.11476597540283,71.75308628182935,63.89524158226335,48.75000000000001,50.0,47.39750417054239,55.64882647814276,False,0.0,0.0189873417721519,False,False,False,64.74259515550082,False,False,False,False,59.92442023332792,False,True,50.93627956759455,49.00086472288231,52.32484560051253,False,False,False,C,Reject,Reject,,low breakout volume,fresh TD Sell 9,7,0,0.4340118357420557,74.125490831875,84.7192124692014,58.2349083758854,2.0,0.0,1.2560364941068862,24.508710305619765,0.0536800805673283,0.0,0.9965459140247096,0.3469649554026099,0.0,0.0,1.0,0.0,0.0,1.0536800805673283,88.66370569036728,87.70463211295909,85109455350.0,68119193405.90576,0.0769822341422036,0.1149549153760632,1.0,0.8081852845183641,1.0,0.5,100.0,-1.0630677862466564,-0.020349987903688,76.0,0.7865275380155085,-0.7398658375233804
8421.T,40.78672027682657,41.40997410536112,34.5,34.86486486486484,77.92265781811122,37.01981722517722,29.292462660646056,30.21357887151588,40.5,43.05126105570993,57.39433045620298,33.10054770830133,17.54221326119136,35.52786699378211,21.66208529730307,34.5904634046686,0.0,24.019907823164232,True,0.3104211415337123,0.3037974683544304,False,False,False,37.78539186996766,False,False,False,False,17.287808021128598,False,False,33.24405448971186,31.16020964613537,27.590058734649805,False,False,False,Reject,Reject,Reject,below MA-long;weak RS,below MA-long;weak RS;low breakout volume,below MA-long;MA-long declining;weak RS,13,0,0.1070651895505283,56.65064243416903,56.65064243416903,,,,,6.484123577541667,0.0,0.0,0.08569900722458001,0.5627133505295866,0.0,0.0,0.0,0.0,0.0,0.8758169934640523,54.99999999999999,56.99999999999999,31980110.0,38615882.1296875,-0.03659129790873302,0.12858079040501696,0.65,0.0,1.0,0.5,79.25469552958823,-0.08509391059176447,-0.11146330345052735,76.0,0.06649885475744997,-0.7814760691452562
8591.T,80.76206237187237,73.3848939436187,47.5,35.0,41.28936080609284,50.580914730766175,74.4681477823849,68.46797232806837,53.75000000000001,35.0,0.0,49.93025836206216,69.87883353500041,66.74451226731894,48.75000000000001,50.0,54.09695902762637,55.91515811595999,False,0.0,0.0126582278481012,False,False,False,78.33178828525888,False,False,True,False,76.59133382072312,False,True,51.452566497193736,51.85585956197232,53.88550883896615,False,False,False,Reject,Reject,Reject,low breakout volume,low breakout volume,fresh TD Sell 9,9,0,0.3669997903099971,68.2294684034013,82.69661907285783,46.5287423992165,1.0,0.0176045268783401,1.2916944872241882,9.99616852697137,0.36313953488372097,0.0,0.0,0.27333778292969513,0.0,0.0,0.0,0.0,0.0,1.363139534883721,77.49999999999999,62.5,25958389245.0,20779303656.715496,0.1426336414038921,-0.08673035240058467,1.0,1.0,0.0,0.5,99.41245639404583,-0.4882491278809168,0.010872713782224003,76.0,0.38155500921997837,-0.7814760691452562
8604.T,35.430120630140806,55.80535708673224,35.14957264957265,30.0,66.94310511089682,36.22126407683541,34.814756264688924,51.94388645479184,35.74018687135376,30.0,60.59568131049888,35.61404515565789,45.195766150842616,50.77310832189261,19.87422966787507,55.00000000000001,37.52623211446741,35.15746098457139,False,0.0,0.0126582278481012,False,False,False,52.44025328356988,True,False,False,False,50.07546082969464,False,False,35.82633778202935,35.598513688567444,35.37798733656942,False,False,False,Reject,Reject,Reject,weak RS;low breakout volume,weak RS;low breakout volume,weak RS;fresh TD Sell 9,11,0,0.2682962015272856,64.02371226106234,71.60089547981593,52.657937432931966,1.0,0.0273873873873873,0.7581878555976899,14.11411796852814,0.0,0.0,0.0,0.3314117968528137,0.08000000000000007,0.0,1.0,0.0,0.0,0.9587341350999599,59.56912282972605,40.08640353715757,14234717637.5,14963159761.979776,-0.007585263021643644,-0.051733926685954626,1.0,0.10345614148630297,0.0,0.5,88.8537947872737,-0.277075895745474,0.04601421156886634,76.0,0.21652818186207382,-0.7814760691452562
8630.T,38.54521744063793,48.67321033432048,30.0,30.0,0.0,34.85129045154683,36.31695164279475,40.982487962120665,26.75215208678152,35.0,0.0,32.59499403787623,50.950385305487714,51.64814975821336,26.066994893468166,45.0,40.57869634340223,38.18155907081084,False,0.0,0.0189873417721519,False,False,False,49.86595206948947,False,False,False,False,41.08504425543576,False,False,34.84045525129845,34.722222830490736,36.45189095065079,False,False,False,Reject,Reject,Reject,weak RS,weak RS;low breakout volume,weak RS;fresh TD Sell 9,9,0,0.3503408759704156,51.27645092233608,79.63668774126904,8.73609569393664,0.0,0.1027195027195027,1.5488407882639803,28.50962282403223,0.16541206755333682,0.0,1.0,0.07642953802502604,0.4437086092715232,0.0,1.0,0.0,0.0,1.1654120675533368,92.5,92.5,24139605955.0,17181060806.279297,0.11631296723485816,0.2441444369113012,1.0,1.0,1.0,0.5,100.0,-0.571507009414961,-0.0691485682420802,76.0,0.4466190512065647,-0.7814760691452562
8766.T,58.97220254545979,58.980332978007645,36.25,39.54920806822795,55.01639344262295,44.76863070837823,63.702641527866064,68.38878498089407,34.19586340965446,34.641479368714606,36.53611317944899,44.79910545075104,70.75231032544843,59.36763923958082,47.5,45.0,56.7224117480221,52.24716933044016,False,0.0,0.0189873417721519,False,False,False,63.66342591474714,False,False,False,False,52.56559983230559,False,True,46.273480855502456,47.02742966618321,49.63729949831169,False,False,False,C,Reject,C,,low breakout volume,,8,0,0.3634053821124561,64.03153922028278,84.39526434412514,33.485951534519224,1.0,0.1269342055604478,0.7848257831266833,20.366783609340484,0.32118519009799207,0.0,1.0,0.3943079807380639,0.0,0.0,0.0,0.0,0.0,1.321185190097992,73.02868048574354,68.16085060717943,50207818480.0,50687231277.25586,-0.016827917085538747,0.15176961779188614,1.0,0.02643402428717711,1.0,0.5,85.56241092096656,-0.21124821841933114,0.0669715440861017,76.0,0.16508542734427742,-0.7814760691452562
8801.T,32.687469701142945,33.64873393074252,45.0,39.00255754475703,0.0,35.52202428469073,15.970914310130738,34.71802733478335,30.0,30.0,0.0,23.53265408783145,27.948172952922835,38.14021726480884,25.0,44.99999999999999,0.0,31.158787011047053,False,0.0,0.0189873417721519,False,False,False,37.19355364360862,False,False,False,False,37.122755076529664,False,False,31.05256577090421,28.218368004167985,29.68857750760752,False,False,False,Reject,Reject,Reject,below MA-long;weak RS,below MA-long;MA-long declining;weak RS;low breakout volume,below MA-long;weak RS;fresh TD Sell 9,9,0,0.3028737137756156,16.317647695261535,25.31583326938292,2.8203693340794644,0.0,0.2648350857396624,1.4098268117259107,17.269957584417718,0.2948797342062064,0.0,1.0,0.13723629002935886,0.0,0.0,0.0,0.0,0.0,1.2948797342062064,85.1008852046766,83.25110650584575,20855092102.5,17520563005.3831,0.05560531122805963,0.11048310827533107,1.0,0.6300442602338303,1.0,0.5,84.77562001404704,-0.1955124002809408,0.02419697225502964,76.0,0.1527882620407035,-0.7814760691452562
9433.T,37.58608106499004,38.75281809863018,36.05269489894129,46.50787625735431,0.0,38.58830762377907,35.401461753419525,50.7552020442508,36.9527923403433,32.1533583462631,60.59568131049888,36.83127085283682,51.31172490559113,45.80306598012668,28.16766868311528,45.0,40.57869634340223,38.24739163663635,False,0.0,0.0126582278481012,False,False,False,51.82950276459913,True,False,False,False,49.23206531513707,False,False,37.993013395067855,37.60751444216513,37.927453039400746,False,False,False,Reject,Reject,Reject,weak RS;low breakout volume,below MA-long;weak RS;low breakout volume,weak RS,12,0,0.1764883149758163,60.3368276954926,75.39544426873479,37.74890283562933,1.0,0.0491007194244604,1.0238410516964016,32.2005696094349,0.5253411528456027,0.0,1.0,0.16937465525228448,0.0,0.0,1.0,0.0,0.0,1.5253411528456027,76.61850222777548,72.64812778471934,25639672142.5,25769372359.70988,0.004711013366652837,0.061928188748663224,1.0,0.20592511138877365,1.0,0.5,90.77801900402278,-0.3155603800804556,-0.06452190607301966,76.0,0.24660288540325745,-0.7814760691452562
9434.T,48.99722730867324,38.09872303438429,30.0,48.68656733193312,0.0,37.78661383141107,47.04722832081579,41.45143790106146,20.169364087447903,49.27202688862092,36.35740878629933,33.12665171939531,55.8587392301261,42.67040983307204,55.25242290462506,34.40345803958188,39.05246422893482,42.2018701199805,False,0.0,0.0126582278481012,False,False,False,51.908238561013455,False,False,False,False,43.986176566908,False,False,37.27167645552023,36.78120966197402,39.49153989097726,False,False,False,Reject,Reject,Reject,weak RS,weak RS;low breakout volume;fresh TD Sell 9,weak RS,10,0,0.0947500020852771,60.5849169922087,66.9389391704203,51.0538837248913,2.0,0.0671609635861947,0.8948073826788707,15.710292835747982,0.27425908636258334,0.0,0.3487674657737516,0.09041137138337058,0.5833322736925093,0.0,0.0,0.0,0.0,1.2742590863625833,69.82625587912118,61.8688450720057,15931077459.393768,17056635390.618692,-0.01773066651010654,0.027792134523222455,1.0,0.018911112415778843,0.7965355753870409,0.5,75.12064114123945,-0.002412822824788806,0.03754842394112987,76.0,0.0018855632966599096,-0.7814760691452562
9735.T,55.21169072254381,63.45106807230864,48.75000000000001,65.0,77.42887815351584,55.56621678810164,65.20478285557502,62.67506680327535,53.75000000000001,65.0,60.59568131049888,59.48610866474763,70.41787507432014,52.38603931523485,53.75000000000001,60.0,73.48834247907097,56.77373183601669,False,0.0,0.0126582278481012,True,False,False,67.36922278319308,True,True,False,False,70.6783052995234,False,True,56.98368736067845,57.88841724079915,57.33107453840792,True,False,False,Reject,Reject,C,weak RS;fresh TD Sell 9,weak RS;low breakout volume,,7,0,0.2010862730400329,67.67299158530024,86.36710724699348,39.63181809276036,1.0,0.0423497267759562,1.3848802323713425,2.412432848705014,0.0,0.0,0.0,0.2412432848705014,0.0,0.0,0.0,0.0,0.0,0.9053461163470912,88.31754801324375,87.27193501655468,10017825575.0,7775377340.663249,0.0749052880794625,0.1873271666315118,1.0,0.7908774006621877,1.0,0.5,84.90061361200421,-0.1980122722400841,-0.0441033396478545,76.0,0.1465025156408174,-0.7398658375233804
9843.T,22.0011147546198,47.86388970939275,30.33206106870229,40.934393638170974,76.14503587880694,30.816985431287527,19.48396651111338,42.32189549598699,62.86165809863945,30.0,0.0,30.080266561398343,19.499518640482467,54.34307163698939,18.932184697867704,37.29199442627535,0.0,27.38123353343105,False,0.4157396375865401,0.0126582278481012,False,False,False,46.80533262108773,False,False,False,False,56.362162885788734,False,False,29.90881939074948,29.417900426985994,28.39956698020852,False,False,False,Reject,Reject,Reject,below MA-long;MA-long declining;weak RS;low breakout volume;fresh TD Sell 9,below MA-long;MA-long declining;weak RS;low breakout volume,below MA-long;MA-long declining;weak RS,8,0,0.1844920004877117,14.999032898144389,5.972001396168411,28.53958015110835,1.0,0.0460189691114307,1.402997863018624,14.422192952300117,0.0,0.0,0.0,0.09708655186717967,0.34513274336283195,0.0,1.0,0.0,0.0,0.6496433371239533,63.1405585973538,44.55069824669226,9061508352.5,10203830907.718912,0.01384335158412282,-0.046869876118618335,1.0,0.28202792986769015,0.0,0.5,64.37391982073721,0.21252160358525582,0.039930197569310655,76.0,-0.1660805473782521,-0.7814760691452562
9917.TW,51.404132311830296,40.60733118142085,24.276315789473685,57.631578947368425,46.4074922898804,36.97428734266836,40.485379406097096,40.94247625562089,25.903614457831324,50.0,41.24450557567469,35.18615690222782,38.31427927914866,42.05887385091904,25.40736646479347,25.0,59.316450190479046,30.333496996863605,True,0.2338042806676688,0.0128205128205128,False,False,False,54.46695624316694,False,False,False,False,49.82932647921204,False,True,35.109690141375246,34.08798501870666,32.21074100778513,False,False,False,Reject,Reject,Reject,weak RS,weak RS;low breakout volume,weak RS,9,0,0.1095238095238095,75.83265513875853,78.07568624240267,72.46810848329233,1.0,0.0,0.5899872769119713,93.15842372620384,1.0,1.0,1.0,0.3158423726203838,1.0,1.0,1.0,1.0,1.0,4.008271989723916,66.31890713618219,64.64863392022774,73234130.825,64757161.43333333,-0.012086557182906792,0.16627128397621552,0.85,0.06594535680911008,1.0,0.5,82.36011226303938,-0.1472022452607878,-0.029552757575049816,76.0,0.10994795737973338,-0.7469176654537191
9984.T,74.8362352292384,49.94288320427663,53.75000000000001,35.0,100.0,46.41375460589987,58.8927290207094,71.18345995642284,53.75000000000001,35.0,37.42963514519732,48.12009542002231,61.66494994646023,55.45348594001561,53.75000000000001,45.0,66.03815580286168,51.09803204098493,False,0.0,0.050632911392405,False,False,False,69.20141302348986,False,False,False,False,68.771691601228,False,False,47.86251233715361,48.67220824348661,49.88512014223577,False,False,False,Reject,Reject,C,stop > 1.5 ATR,low breakout volume,,10,0,0.7255642122672901,37.77445606216416,62.95742677027359,0.0,0.0,0.1453892493049119,1.6831629652686766,3.694241770037199,0.045170081620306,0.0,0.0,0.2790840137631078,0.0,0.0,0.0,0.0,0.0,1.045170081620306,77.49999999999999,62.5,569630418400.0,406328276869.213,0.2712023591570604,-0.4009266098625481,1.0,1.0,0.0,0.5,87.27396307994827,-0.2454792615989654,0.10314537919154743,76.0,0.19183616841103954,-0.7814760691452562
9TO.F,47.88311861438654,36.47776038609536,48.75,32.974263022264424,59.04089046919688,38.13397630506891,56.59243697478992,40.08075670997837,48.7469654433901,35.0,79.95532390171259,41.24503139449338,43.77241379310345,51.4286014765606,53.75000000000001,44.99999999999999,80.34976152623213,46.87120535592885,True,0.514900399228593,0.4240506329113924,False,False,False,78.57492512230323,False,False,False,False,69.64128579647866,True,False,40.81473864206824,42.31067256503913,44.59093896048399,False,False,False,Reject,Reject,C,weak RS;stop > 1.5 ATR,low breakout volume,,15,0,0.0,56.59981509223711,63.39855606801247,46.40170362857406,1.0,0.1335685281325269,0.2861818181818182,11.90486591786976,0.0,0.0,0.0,0.1904865917869759,0.0,1.0,0.0,0.0,0.0,0.0,25.0,39.0,626.5109813690185,820.4138144810994,-0.16688305619206992,0.2000570594966384,0.05,0.0,1.0,0.5,0.0,3.257278135702187,0.0273440475712654,76.0,-2.5490418452088193,-0.7825680641973518
ABW.F,27.73145245559039,28.74965194848909,30.0,30.0,94.19649068563037,28.649349490193856,19.14629049111808,24.678956889699577,30.0,30.0,69.53090096798213,23.44586550293225,32.762116716122655,33.51855673467124,20.93050045184769,44.99999999999999,44.39427662957075,29.134384146518773,True,0.8745772482406934,0.2025316455696202,False,False,False,67.7024900595889,False,False,False,False,40.33677071143327,False,False,27.18531122528036,26.193117893460528,27.66375101998965,False,False,False,Reject,Reject,Reject,weak RS;low breakout volume,weak RS;low breakout volume,weak RS,12,0,0.0,45.345661018542046,59.26460046319573,24.46725185156152,1.0,0.1094170740630738,1.238780778395552,42.14369489329031,1.0,0.0,1.0,0.21436948932903044,1.0,0.0,0.0,0.0,0.0,154000000000.0,29.100109567156764,44.12513695894595,3114.3153861284254,2775.7556986252466,0.004600657402940575,0.5671913193304404,0.05,0.20500547835783814,1.0,0.5,0.0,2.5234632477152994,0.002863112275006124,76.0,-1.9747817488377242,-0.7825680641973518
ADTTF,63.500000000000014,49.096121398795454,57.50000000000001,30.0,0.0,42.44409968179784,50.07692307692309,57.36104694299483,34.21122882444396,30.0,47.1502435369052,38.765050130704125,47.44088176352707,61.3477874603797,30.88293277539816,45.0,41.34181240063593,41.752861774341255,False,0.0,0.3949044585987261,False,False,False,58.02226387214867,False,False,False,False,48.64862388108652,False,False,41.20213723497841,40.39720353401401,41.07503265417763,False,False,False,Reject,Reject,Reject,low breakout volume;stop > 1.5 ATR,low breakout volume,fresh TD Sell 9,13,0,0.6113844704279081,52.52203446734112,80.50024377988231,10.554720498529324,0.0,0.1214529741304277,1.1428571428571428,3.210800859971146,0.0,0.0,0.0,0.32108008599711463,0.0,0.0,0.0,0.0,0.0,0.0,31.091775173850873,46.61471896731359,89152.30239868164,55443.53391011556,0.01655065104310523,3.1731963997334143,0.05,0.3045887586925436,1.0,0.5,0.0,1.5641341532304622,0.2251711570197245,76.0,-1.228291901128106,-0.7852855195261037
AHKSF,52.30255631433594,59.18579712061096,60.00000000000001,35.0,73.06110829237274,45.82167420654984,54.00174134174877,56.67501722528938,59.539636765763206,32.181826504794046,79.48295241663544,44.01678170027679,64.28685088976259,61.11963588147432,29.955701808679088,35.0,54.314785373608906,41.66773909588956,False,0.0,0.4140127388535032,True,False,False,63.452038679664426,True,True,False,False,85.15544600905214,False,False,44.44941943253586,43.67304742021523,42.6703932580524,False,False,False,Reject,Reject,Reject,low breakout volume;stop > 1.5 ATR,low breakout volume,fresh TD Sell 9,19,0,0.5455763638085969,54.09997265027466,62.61570701942731,41.326371096545685,0.0,0.0,18.88888888888889,31.413062452820164,1.0,0.0,0.0,0.1413062452820157,0.0,0.0,1.0,0.0,0.0,800000000000.0,30.0,34.0,3525.9999084472656,3482.7333466211953,2.660101320093375,-3.293722759893171,0.05,1.0,0.0,0.5,91.91157646381494,-0.33823152927629874,0.032926689913118534,76.0,0.2656083221878468,-0.7852855195261037
AHKSY,50.29980322826288,62.59114512636896,35.20761012076733,35.0,45.936723693461445,42.47332491698694,62.8413078856446,59.327079890687614,44.31919551689881,30.0,50.56725365305358,42.51459093862066,51.567477250704165,53.99435746907278,31.07026784017765,30.0,46.68362480127186,37.88323526551177,False,0.0,0.5159235668789809,False,False,False,61.14217467311352,False,False,False,False,62.0463562931182,False,False,41.56768679318202,41.11693103236125,39.50008314893651,False,False,False,Reject,C,Reject,low breakout volume,,fresh TD Sell 9,10,0,0.5426509568219566,61.586187208005526,69.35857697649051,49.927602555278064,0.0,0.0,0.7148451841879819,29.387936592171513,0.2707581227436824,0.0,0.08151222013499082,0.39267585574248415,0.9230893378523115,0.0,1.0,0.0,0.0,1.2707581227436824,26.19932971710736,39.2289690897046,713856.3454341888,707547.5660451254,-0.002642477243918936,0.03322563703104208,0.05,0.14464602296734222,0.887093950517368,0.5,58.23468306109702,0.3353063387780595,0.27580090085017905,76.0,-0.2633112124477242,-0.7852855195261037
AJI.F,67.17113770999887,70.35743348891047,41.58981911541157,31.03290883480849,70.0,45.02397512491015,70.23139761279947,76.28971961967022,42.50000000000001,35.0,69.34756234670087,48.79706311253683,79.5,69.37089858149938,53.75000000000001,30.0,75.00000194151943,47.71676171531062,False,0.0,0.8860759493670886,True,True,False,93.66097027783437,False,False,False,True,65.30032252795831,False,False,46.69445883927825,47.718355095843634,47.71755840557712,False,False,False,Reject,Reject,C,low breakout volume,low breakout volume;fresh TD Sell 9,,4,0,104.00552805572092,62.83015969249532,97.86363636363636,10.279944685783756,0.0,0.1059473571785175,41.09896907216495,31.38571687828886,0.0,0.0,1.0,0.13857168782888554,1.0,1.0,0.0,0.0,0.0,0.04,30.0,34.0,23133.943769454956,11724.13037020117,18.885873310927348,-10.828391814105608,0.05,1.0,0.0,0.5,100.0,-119.47131564918364,-0.017306574718118056,76.0,93.49443621469241,-0.7825680641973518
AJINF,50.17144993280274,51.68803903548965,30.0,30.0,80.18986293484596,37.11472141333701,41.82460079590895,58.60999485093304,37.48569788479057,50.0,74.83607130539174,44.38651924595163,45.76916832185566,54.17667584194744,56.767910544454736,45.604393707574346,60.0,48.83390213373075,True,0.2903005942115978,0.929936305732484,False,False,False,56.15699753223932,False,False,False,False,46.43943052142844,False,False,41.64009690720015,44.266374545762446,46.5501383397466,False,False,False,Reject,Reject,Reject,weak RS;low breakout volume,weak RS;low breakout volume,weak RS,24,0,0.5066476897850429,55.95691253660221,76.31370126191808,25.42172944862841,1.0,0.0769230769230769,16.833333333333332,2.178313793029867,0.0,0.0,0.0,0.21783137930298668,0.0,0.0,0.0,0.0,0.0,0.0,10.0,9.0,20530.249910354614,80697.1311823527,-0.1052146942912045,-4.981649558517152,0.05,0.0,0.0,0.5,50.11720762408247,0.49765584751835057,0.23279488565548,76.0,-0.3908019307636514,-0.7852855195261037
AKN.F,41.5,51.55679791116653,30.0,40.891667390544,40.0,37.94868235744211,41.5,38.01861836705118,22.36310585320348,35.0,100.0,30.671446782096822,17.813829787234045,33.35561986265599,54.15992682233103,50.0,50.49920508744038,29.67829912544187,True,0.5227747645031419,0.8734177215189873,False,False,False,74.51656761373935,False,False,False,False,72.18695145084129,False,False,34.11143503843847,31.828949600169395,30.753624362805635,False,False,False,Reject,Reject,Reject,weak RS,weak RS,MA-long declining;weak RS,11,0,0.0,60.48298555336964,58.27333935905364,63.79745484484364,1.0,0.037037037037037,0.125,1.06493468435848,0.0,0.0,0.0,0.10649346843584799,0.0,0.0,0.0,0.0,0.0,0.0,18.333333333333336,23.166666666666668,6.300000190734863,-63.30068724950154,0.0,0.0,0.05,0.16666666666666669,0.33333333333333337,0.5,0.0,2.553050162423993,0.0257607950323945,76.0,-1.997935523406879,-0.7825680641973518
AKN.SG,31.500000000000007,29.011210636273884,29.491516985587207,33.13559245323523,40.0,30.20435737059891,31.500000000000007,35.38870826964624,22.23441640121099,43.76947832496935,100.0,29.792734042583863,23.019592476489027,44.38243244897038,54.09862485088826,50.0,60.0,35.16544610978742,True,0.5238590868129429,0.8860759493670886,False,False,False,74.45156952723997,False,False,False,False,71.3149792691999,False,False,31.073088120032097,31.486872328347943,33.326159219067684,False,False,False,Reject,Reject,Reject,weak RS;low breakout volume,weak RS;low breakout volume,MA-long declining;weak RS,12,0,0.0,69.37319541579916,70.40592194349682,67.8241056242527,1.0,0.0298507186505536,0.3202195791399817,3.1968012225651385,0.0,0.0,0.0,0.3196801222565138,0.0,0.0,0.0,0.0,0.0,0.0,18.333333333333336,23.166666666666668,5.1200000762939455,-65.57579860687255,0.0,0.0,0.05,0.16666666666666669,0.33333333333333337,0.5,0.0,2.77820722651352,0.03413460484069538,76.0,-2.174136251191779,-0.7825680641973518
ALNPF,18.02560911854887,24.58333333333333,41.25,65.0,0.0,27.928071742232987,14.499999999999998,19.375,30.0,44.99999999999999,0.0,21.34573431231351,14.499999999999998,21.985145382476546,30.0,30.0,0.0,20.30083445499693,False,0.1571774540082828,0.8535031847133758,False,False,False,4.661555488481994,False,False,False,False,3.4832272206131165e-05,False,False,24.42792305580993,22.34873184110243,21.324783148049683,False,False,False,Reject,Reject,Reject,below MA-long;MA-long declining;weak RS;low breakout volume,below MA-long;MA-long declining;weak RS;low breakout volume,below MA-long;MA-long declining;weak RS,36,0,0.0,21.912301140386404,13.714269546700816,34.20934853091479,0.0,0.107906514690852,0.0,0.0,0.0,0.0,0.0,0.0,0.0,0.0,0.0,0.0,0.0,0.0,15.000000000000002,19.0,0.0,29.900000890096027,-0.18339587242026253,0.0,0.05,0.0,0.33333333333333337,0.5,75.0,-0.0,-0.06109884775571088,76.0,0.0,-0.7852855195261037
ALNPY,15.803538175046551,34.95553554929194,28.63235582859944,53.57143947056363,0.0,26.191992956064496,15.98975791433892,33.464819641132124,22.5,38.349168627248446,0.0,23.40967765817615,16.52558635394456,32.52564053251852,28.068182139251697,42.72727492638148,0.0,24.938995804858703,False,0.0995182216884543,0.267515923566879,False,False,False,40.17587962129641,False,False,False,False,45.44558287162332,False,False,25.10669893645684,24.424936161758588,24.681965983308647,False,False,False,Reject,Reject,Reject,below MA-long;MA-long declining;weak RS;low breakout volume,below MA-long;MA-long declining;weak RS;low breakout volume,below MA-long;MA-long declining;weak RS,13,0,0.1378378334839558,26.80733150701332,6.052518301375373,57.93955131547024,2.0,0.1215189907035466,0.2995622263914946,67.25254342419184,0.0,1.0,1.0,0.725254342419185,1.0,1.0,0.0,1.0,1.0,0.55,25.0,39.0,13261.049942970276,15052.833224534988,-0.0658602218314589,0.1680335944344466,0.05,0.0,1.0,0.5,59.87759666738788,0.30244806665224233,0.03547636464101309,76.0,-0.2375080871506718,-0.7852855195261037
ALPMF,54.69180114779411,50.62862305823238,20.21618942242268,40.90908077559732,100.0,34.574528854578084,57.67224379109985,52.95149881521824,24.583937274776268,34.79032585981491,99.865118021731,36.61657981449256,54.241785778963234,51.84511090754973,29.66003674453753,30.0,51.26232114467408,37.52716588776171,False,0.0,0.8471337579617835,False,False,False,53.537490004857865,True,False,False,False,51.92104983419883,False,False,35.77767154918915,36.48134544449041,37.00425566612606,False,False,False,Reject,C,Reject,stop > 1.5 ATR,,fresh TD Sell 9,11,0,0.8140977543940289,43.41702332625247,62.19026189790953,15.257165468766887,1.0,0.2471591072264778,2.181372549019608,32.15734380568991,1.0,0.0,1.0,0.21573438056899097,0.0,0.0,0.0,0.0,0.0,70.66666666666667,30.0,34.0,112878.69967460632,55314.62397734324,0.2274704438688059,-0.17006491631699133,0.05,1.0,0.0,0.5,100.0,-0.6933596012324896,-0.008599008840278501,76.0,0.5444852546722677,-0.7852855195261037
ALPMY,32.83607225966993,41.77849658164307,34.5,35.0245705887756,0.0,35.20962216495376,33.19638109006896,41.77048018572991,29.65227990503964,35.0,0.0,33.55949561617469,41.693514162149015,47.10447847185332,32.33006059433066,30.0,45.15739268680445,35.49936350909259,False,0.0,0.5605095541401274,False,False,False,48.86533694534575,False,False,False,False,37.33860441590252,False,False,34.772532469147805,34.47148129380587,34.98542240144923,False,False,False,Reject,Reject,Reject,weak RS;low breakout volume,below MA-long;weak RS,weak RS,10,0,0.5814177100068119,31.32489029573952,50.237552532307205,2.9558969408879943,0.0,0.1972586581746083,1.1778514098269122,22.49004690962549,0.06520335700451896,0.0,0.5863344625631672,0.8179719612568289,0.714291553133515,0.0,0.0,0.0,0.0,1.065203357004519,37.96918942723546,48.84116228320083,2836750.2549886703,2517979.1979900994,0.024777732570160648,0.032024935995501394,0.2,0.3731477714180054,0.86708226659169,0.5,65.53108524735603,0.18937829505287943,0.21918242755787995,76.0,-0.14871603281756818,-0.7852855195261037
ANCA.DU,29.999999284744263,33.60882920745928,53.75000000000001,50.0,100.0,36.741667212945245,35.50000000000001,39.30972646863466,39.25408723555848,42.31153741443666,100.0,37.96472377424678,23.0,37.65795292596758,32.62416515689015,25.0,60.0,27.33995310427263,True,1.7138475226533143,0.9683544303797468,False,False,False,83.8194481234729,False,False,False,False,82.53176552140437,False,False,35.228241359601185,34.532681260994224,30.93631718263343,False,False,False,Reject,Reject,Reject,weak RS;low breakout volume,weak RS;low breakout volume,weak RS,12,0,0.0,75.16654834671849,87.72803666921314,56.324315862976526,1.0,0.0687500238418579,0.0,21.45014550402808,0.0,0.0,1.0,0.1450145504028079,1.0,0.0,0.0,0.0,0.0,0.0,18.333333333333336,23.166666666666668,0.0,0.0,0.0,0.0,0.05,0.16666666666666669,0.33333333333333337,0.5,0.0,3.0223626132944448,0.09685260396539169,76.0,-2.365204459588283,-0.7825680641973518
ANCA.F,40.35849122241738,52.51332917330223,45.0,50.0,100.0,45.07213443891413,45.50000000000001,62.481609476115565,39.08755318357602,44.04730690133331,100.0,45.432799322939374,37.0,73.49696507156457,47.5,55.00000000000001,60.0,48.03675060922707,True,1.6990572379457816,1.0,False,False,False,83.5970193184533,False,False,False,False,81.2793891601375,False,False,45.77325713818429,46.14185173202063,47.089301170623855,False,False,False,Reject,Reject,Reject,weak RS;stop > 1.5 ATR,weak RS,weak RS,15,0,0.0,67.70419442882678,90.7896103896104,33.07607048765138,1.0,0.0628930832699249,165800000000.0,15.236099951457557,0.0,0.0,0.0,0.5236099951457557,0.0,1.0,0.0,0.0,0.0,0.0,18.333333333333336,23.166666666666668,2010.5699686050416,807.5383243401845,0.0,0.0,0.05,0.16666666666666669,0.33333333333333337,0.5,0.0,2.37091077604603,0.03840482872871779,76.0,-1.8553990563949827,-0.7825680641973518
ANCA.MU,30.73585116154536,35.899452773801585,52.5,54.99996594021691,100.0,38.23813323690738,35.50000000000001,44.298244086102805,39.120615136729,47.275354742485256,100.0,39.737802710195744,23.0,40.47677670384922,32.76991176728375,35.0,58.13036565977742,29.64070062146825,True,1.7270839469824688,0.9556962025316456,False,False,False,86.59601244174941,False,False,False,False,89.51860593507021,False,False,36.96854755580606,36.40873818891983,33.024719405194034,False,False,False,Reject,Reject,Reject,weak RS;low breakout volume;stop > 1.5 ATR,weak RS;low breakout volume,weak RS,17,0,0.0,76.21263375760849,83.15064935064935,65.80561036804721,1.0,0.0314465416349624,0.0,4.030916792476506,0.0,0.0,0.0,0.4030916792476506,0.0,0.0,0.0,0.0,0.0,0.0,15.000000000000002,19.0,0.0,79.49999809265137,-0.15759849906191364,0.0,0.05,0.0,0.33333333333333337,0.5,0.0,2.3095099361443214,0.034412695871675524,76.0,-1.807348719973011,-0.7825680641973518
ANCA.SG,30.01863290019936,27.87145421384047,40.1785641995485,50.0,100.0,33.109147496792104,35.50000000000001,39.24602189752691,34.279581744294326,42.35208875328345,100.0,36.86171143835382,23.0,40.15621968949143,32.68115425500054,35.0,51.26232114467408,29.5742188412697,True,1.737204015556355,0.8607594936708861,False,False,False,83.97936368043676,False,False,False,False,82.13214458314137,False,False,33.52793094815614,33.92495087091624,31.749584856092973,False,False,False,Reject,Reject,Reject,weak RS;low breakout volume,weak RS;low breakout volume;fresh TD Sell 13,weak RS,14,0,0.0,77.90202449187424,92.16906729634002,56.501460285175575,1.0,0.0683230034414018,0.0,20.676596666747237,0.0,0.0,1.0,0.0676596666747236,1.0,0.0,0.0,0.0,0.0,0.0,18.333333333333336,23.166666666666668,0.0,-84.27705764770508,0.0,0.0,0.05,0.16666666666666669,0.33333333333333337,0.5,0.0,2.873049155199929,0.09431633710686226,76.0,-2.2483565157286454,-0.7825680641973518
ANK.F,41.5,49.48464912280702,30.0,30.0,60.0,35.46401764093831,61.50000000000001,52.95833333333333,28.621085036102308,35.0,88.80740877121085,39.2660419655797,39.69985250737464,43.14734398925604,33.61287290798534,50.0,67.63116057233705,39.27997993910054,True,0.4543532386256152,0.7215189873417721,False,False,False,72.44604665733829,False,False,False,False,59.57646847721374,True,False,37.36781739796317,38.50981849270768,38.89489921590411,False,False,False,Reject,C,Reject,weak RS,,MA-long declining,14,0,0.0,40.32168112166527,55.08694534507343,18.17378478655303,1.0,0.1014792448298718,1.0,25.34348329685896,0.0,0.0,1.0,0.5343483296858959,0.0,0.0,1.0,0.0,0.0,0.0,18.333333333333336,23.166666666666668,0.0,-68.06544621785481,0.0,0.0,0.05,0.16666666666666669,0.33333333333333337,0.5,0.0,3.114699765221702,0.04259970473632496,76.0,-2.4374645658254934,-0.7825680641973518
AONNF,37.482554932752,37.5780122453863,30.0,65.0,0.0,37.81960789570671,39.0,35.51441618593166,30.0,30.0,60.0,32.58794792580952,61.50000000000001,47.26245469797957,31.25,35.0,60.0,39.55079471733384,False,0.0,0.8726114649681529,False,False,False,50.50383880603332,False,False,False,False,15.891986921982436,False,False,36.596347269062974,35.723133957246255,37.63696433729005,False,False,False,Reject,Reject,Reject,below MA-long;low breakout volume,below MA-long;low breakout volume,fresh TD Sell 9,30,0,1.3638110782187152,39.63243243243244,66.05405405405406,0.0,0.0,0.3426163421580254,22.861666666666668,0.0,0.0,0.0,0.0,0.0,0.0,0.0,0.0,0.0,0.0,0.0,18.333333333333336,23.166666666666668,0.0,4656.368134482702,0.0,0.0,0.05,0.16666666666666669,0.33333333333333337,0.5,100.0,-1.815785599090315,-0.04779695336271126,76.0,1.4259101375296555,-0.7852855195261037
AONNY,17.195657507360156,24.91329833017875,57.9403695939202,30.0,0.0,24.87196729488251,11.53802747791953,35.520468176176664,45.0,30.0,0.0,22.32816946677453,12.218445222990248,38.45577874015716,30.0,30.0,0.0,21.739150543106945,False,0.0,0.9872611464968152,False,False,False,32.693290636026106,False,False,False,False,36.92054581658794,False,False,23.482264596095,22.660223355295848,22.1996869492014,False,False,False,Reject,Reject,Reject,below MA-long;MA-long declining;weak RS;low breakout volume,below MA-long;MA-long declining;weak RS,below MA-long;MA-long declining;weak RS,11,0,0.0794590481927186,1.44,2.4,0.0,0.0,0.342585234927956,1.727558993592749,23.105442747823943,0.11039426523297502,0.0,1.0,0.48976337368187184,0.5999923706345724,0.0,0.0,0.0,0.0,1.110394265232975,30.441782931251073,29.677228664063836,1573949.8008823395,1390667.6007382076,0.05765069758750641,-0.04546265432108637,0.2,0.6470891465625535,0.0,0.5,80.55992737352052,-0.11119854747041051,-0.03609044381639726,76.0,0.08732260912084942,-0.7852855195261037
ASAA.F,49.5,51.96955884980829,60.00000000000001,35.0,94.42185849212132,44.00590169787003,66.64937286202965,49.46117881192901,60.00000000000001,43.645934252279474,100.0,50.67255315324282,39.89745861558477,61.111203219834366,53.75000000000001,44.99999999999999,95.6120826709062,46.6868156559642,True,0.8027840288787587,0.8670886075949367,True,False,False,75.49531962043069,False,True,False,False,79.13101671324611,True,False,46.5420799261007,48.14350161298468,47.41515863447444,False,False,False,Reject,C,Reject,weak RS;stop > 1.5 ATR,,MA-long declining,12,0,0.0,58.05133046006136,77.24594587919346,29.259407331363214,0.0,0.0229623621214143,6.101538461538462,23.759445764019443,0.0,0.0,0.0,0.3759445764019443,0.0,1.0,1.0,0.0,0.0,0.0,10.0,9.0,1224.1003939628602,1192.8845798492432,-0.18577981049438316,-1.1538433647750148,0.05,0.0,0.0,0.5,0.0,2.3373611634734615,0.016483990623774043,76.0,-1.8291442010294965,-0.7825680641973518
ASBRF,18.500000000000004,27.12790320945112,37.5,50.0,95.43473166158893,27.00184226365693,14.533388981636058,23.47364505790356,48.75,57.36678937765751,0.0,25.452318869761022,24.5,45.42801522762814,40.7029978195574,44.99999999999999,0.0,33.945924884183654,False,0.0,0.3503184713375796,False,False,False,41.62596301963094,False,False,False,False,55.49458932829143,False,False,27.925801769593505,28.310305352867,31.12811511852533,False,False,False,Reject,Reject,Reject,below MA-long;MA-long declining;weak RS;low breakout volume;stop > 1.5 ATR,below MA-long;MA-long declining;weak RS;low breakout volume,below MA-long;MA-long declining;weak RS,19,0,0.0796020075176104,10.765324382627226,1.8496989545418647,24.13876252475527,0.0,0.0710059410898277,1.818181818181818,12.216870917787112,0.0,0.0,1.0,0.22168709177871118,0.0,0.0,0.0,0.0,0.0,0.0,30.0,34.0,9103.700008392334,18216.149835586548,0.23023630980593332,-0.39845920977228155,0.05,1.0,0.0,0.5,74.5939621302932,0.008120757394135938,0.03623327985078999,76.0,-0.006377113189199488,-0.7852855195261037
ASEKY,14.499999999999998,36.75662964794986,30.0,54.333343505859375,0.0,25.93895415081069,21.284810126582283,41.32059335104803,35.459889741786185,30.0,0.0,28.32325146818451,23.951008645533143,36.37918384386965,28.527234384846228,45.0,0.0,30.228351410313664,False,0.0,0.5923566878980892,False,False,False,43.84706823938403,False,False,False,False,48.74818027673251,False,False,27.51212279792344,28.417921987348493,29.32313669883108,False,False,False,Reject,Reject,Reject,below MA-long;MA-long declining;weak RS;low breakout volume,below MA-long;MA-long declining;weak RS;low breakout volume,below MA-long;weak RS,18,0,0.0974137887329134,27.98231359894308,9.767354197726004,55.30475270076868,2.0,0.1573729308693633,0.3047619047619048,11.92163173692365,0.0,0.0,1.0,0.19216317369236494,0.0,0.0,0.0,0.0,0.0,0.0,10.0,9.0,1401.7500019073486,14693.901262283325,-0.14699836474649242,-0.032854634121488285,0.05,0.0,0.0,0.5,37.77988048930538,0.7444023902138924,0.16934486351364667,76.0,-0.58456841773559,-0.7852855195261037
ASGLY,55.00319195429794,56.153034037272285,41.25,50.0,89.2735064948954,48.08865287009667,70.13488563365131,65.17101083074591,44.32736452619615,30.0,100.0,44.43338118937542,55.77670891023618,56.14416441054843,31.291971961243124,30.0,60.0,38.84486015794583,False,0.0,0.9872611464968152,True,False,False,61.71044190498053,True,True,False,True,68.87300287191078,False,False,45.14331282345013,43.48787921609079,41.16636968701831,False,False,False,Reject,C,Reject,low breakout volume;stop > 1.5 ATR;fresh TD Sell 9,,fresh TD Sell 9,13,0,0.4364820662239848,65.3449161607999,74.69302755660266,51.32274906709577,1.0,0.0,1.7527396098388464,22.277745918046048,0.0,0.0,0.0,0.22777459180460444,1.0,1.0,0.0,0.0,0.0,0.7872340425531915,37.72063617497211,49.44127234994421,98011.24913215637,62956.083381175995,0.2316271896383368,0.010882544699888419,0.05,1.0,0.5147090783314737,0.5,52.432765952056705,0.4513446809588658,0.148971985242978,76.0,-0.35443444227212645,-0.7852855195261037
ATEYY,57.403887500050274,48.8374473788606,36.25,30.63965128769096,0.0,39.03828540226536,60.83225644490724,51.89234180759021,27.70030985413308,37.66777277319772,41.57512176845261,39.08182297561048,63.83539130756165,58.97294776379635,36.26133360162556,45.0,39.815580286168526,46.58521850742057,False,0.0,0.197452229299363,False,False,False,56.30031225055138,False,False,False,False,46.6659997987511,False,False,40.56073329529994,41.32413412048448,43.954676313952525,False,False,False,Reject,C,Reject,low breakout volume,,fresh TD Sell 9,9,0,0.574631267648817,50.721677815756,75.06410753862336,14.20803323145496,0.0,0.1062424694739595,0.8660249919897469,15.109086097171238,0.0,0.0,1.0,0.18351341641605246,0.32739519330107125,0.0,0.0,0.0,0.0,0.6801675977653632,28.8301119827757,21.162639978469628,12689795.181655884,13383109.854914347,-0.01201932810334578,-0.10167404007868161,0.4,0.06650559913878516,0.0,0.5,0.0,3.4649290996703406,0.6399557320974653,76.0,-2.720958648155738,-0.7852855195261037
CAJFF,15.13157894736842,36.18220782455837,30.0,30.87388054905548,0.0,23.39504418062437,15.13157894736842,37.10880788962967,35.929360065595766,41.71342756718217,0.0,25.775393097714044,24.41266375545852,37.18826277269957,27.288107683304013,58.75370922071862,0.0,32.01698389845742,False,0.069832152735359,0.6114649681528662,False,False,False,41.90925400763654,False,False,False,False,44.24568982599392,False,False,25.833536799317883,27.171800554519123,29.594392226488274,False,False,False,Reject,Reject,Reject,below MA-long;MA-long declining;weak RS;low breakout volume,below MA-long;MA-long declining;weak RS;low breakout volume,below MA-long;MA-long declining;weak RS,12,0,0.1145454406738282,21.2370490961966,6.457683298275336,43.40609779307847,2.0,0.0543663052965833,11.609756097560975,30.336912217520773,1.0,0.0,0.0,0.03369122175207711,1.0,0.0,0.0,0.0,0.0,4.0,30.0,34.0,22878.700065612793,28630.616563161213,1.0723447241421173,-1.7189505684107707,0.05,1.0,0.0,0.5,48.51625635597074,0.5296748728805852,0.03514242815605986,76.0,-0.4159460077299533,-0.7852855195261037
CAJN.MX,51.0,24.58333333333333,41.25,100.0,100.0,39.903767291713656,51.0,24.58333333333333,41.25,100.0,100.0,39.903767291713656,51.0,27.086143277932635,41.25,100.0,100.0,41.614638375690525,False,0.0,1.0,True,False,False,99.99998947881768,False,True,False,False,99.9965546391836,False,True,40.24594150850903,40.41702861690672,41.01583349629863,False,False,False,Reject,Reject,Reject,weak RS;low breakout volume,weak RS;low breakout volume,weak RS,36,1,0.0010321110823661,77.52913754725948,77.52913754725948,,,,,0.0,0.0,0.0,0.0,0.0,0.0,0.0,0.0,0.0,0.0,0.0,18.333333333333336,23.166666666666668,0.0,0.0,0.0,0.0,0.05,0.16666666666666669,0.33333333333333337,0.5,75.0,-0.0,0.012141196461837249,76.0,0.0,-0.7689915574518158
CHGCF,27.407228302367017,36.06791049421697,44.92020836610634,31.602501752201423,57.37985756211776,32.05191007676341,23.36650547213032,37.88794389713771,30.0,34.19149892169326,0.0,28.872489731050774,25.579933847850057,38.24304272535765,26.287322408990043,45.258393799874,54.314785373608906,31.10076454176008,False,0.0327413364871593,0.5859872611464968,False,False,False,47.0269142883819,False,False,True,False,49.47026056063898,False,False,30.90785486604896,30.176856243406093,30.638810392583085,False,False,False,Reject,Reject,Reject,below MA-long;weak RS;low breakout volume,below MA-long;weak RS;low breakout volume,below MA-long;weak RS,12,0,0.5321403911614417,29.16730870073198,39.12700684857183,14.227761478972202,1.0,0.2679481739906326,3.842105263157895,21.606097586806143,1.0,0.0,0.0,0.16060975868061442,0.0,0.0,0.0,0.0,0.0,9.529411764705882,30.0,34.0,259970.8473587036,447733.0971463521,0.15118786030002762,-7.481606098032654,0.05,1.0,0.0,0.5,36.35970624017126,0.7728058751965747,0.07763438480821985,76.0,-0.6068732631965674,-0.7852855195261037
CHGCY,29.57526027356571,33.47252348663514,35.0,31.725907210703607,0.0,31.48795559009917,29.452289367769147,37.77461847894871,30.0,36.980980404832046,0.0,32.4381150995461,27.848195522395407,40.03652818481677,27.023274065293705,49.99353742655608,0.0,33.11678620412848,False,0.0,0.7515923566878981,False,False,False,45.01449103115019,False,False,False,False,46.91343129872096,False,False,32.09876956573911,32.45168452903143,32.78423536657996,False,False,False,Reject,Reject,Reject,below MA-long;weak RS;low breakout volume,below MA-long;weak RS;low breakout volume,below MA-long;weak RS,12,0,0.6020019706239212,26.228243364377043,35.04612762161354,13.001416978522297,0.0,0.2030201138239128,0.8839833543765621,9.156139762882113,0.0,0.0,0.5043045858470085,0.41130939044120257,0.0,0.0,0.0,0.0,0.0,0.9259055982436882,27.500000000000004,19.5,5690779.447927475,6849979.351002376,-0.03661574369791911,-0.3163776513275826,0.4,0.0,0.0,0.5,25.557368858552426,0.9888526228289515,0.24127972101592848,76.0,-0.7765316456529834,-0.7852855195261037
CJPRF,53.0,59.333333333333336,41.25,80.0,100.0,52.83388584491451,53.0,72.58333333333334,47.5,80.0,0.0,58.46089418313196,69.5,67.33333333333333,53.75000000000001,30.0,75.26232114467408,46.10387626310822,False,0.0,0.5987261146496815,False,False,False,91.90805246781102,False,True,False,False,96.34044228791508,False,False,53.17598643001849,53.62838713948136,49.86613170129479,True,False,False,Reject,Reject,C,low breakout volume,low breakout volume,,23,0,1.8621791079206729,53.76179715799423,71.45484885406891,27.222219613882213,0.0,0.1777778038611779,0.0127000254000508,1.8242600829324056,0.0,0.0,0.0,0.1824260082932405,0.0,0.0,0.0,0.0,0.0,0.0,15.647575077630885,19.8094688470386,60.12499809265137,782.4951669851939,-0.0161145495342147,0.0,0.05,0.032378753881544,0.3333333333333333,0.5,100.0,-2.1062351248818336,0.0072789726233902,76.0,1.5574805118557424,-0.7394618451931486
CJPRY,20.337649816628225,28.339537432474664,22.5,30.0,0.0,23.78640943872873,20.32403871601951,37.13366126143012,30.0,30.0,0.0,26.408404920238915,33.44689201935071,35.27702901439179,30.0,40.04806802884797,0.0,33.35029495362706,False,0.0,0.7834394904458599,False,False,False,30.570437530374505,False,False,False,False,27.865643864926668,False,False,26.48578518616145,27.96657283395332,30.6584338937902,False,False,False,Reject,Reject,Reject,below MA-long;MA-long declining;weak RS,below MA-long;MA-long declining;weak RS,below MA-long;weak RS,11,0,0.2116968387268432,4.897959183673469,4.897959183673469,,,,,23.144732016351707,0.0,0.0,0.8403672131072604,0.47410598852791025,1.0,0.0,0.0,0.0,0.0,0.8622927180966113,52.5,68.5,2130651.993598938,1472769.2959213257,0.16442341945395436,0.09842602039596095,0.2,1.0,1.0,0.5,44.62090759782568,0.6075818480434865,0.22381938015147793,76.0,-0.47712522719545947,-0.7852855195261037
CMTDF,62.776728361417824,60.53367094304548,47.5,65.0,85.86352842007855,55.718074892490726,44.87576156914722,70.66670521828769,53.75000000000001,35.0,61.932946570737904,45.57180806425144,72.38510532877251,57.44325012890873,53.75000000000001,52.678809765724175,58.45009725270823,56.9438739523095,False,0.0,0.3694267515923566,True,False,False,63.44357968539901,False,True,False,False,75.12914818516246,False,True,52.91935465598269,51.01268119631671,53.97827757431311,False,False,False,Reject,Reject,C,low breakout volume,weak RS;low breakout volume,,21,0,0.3209923512410069,73.07934401897765,87.66510506619704,51.20070244814858,0.0,0.0,0.8333333333333334,10.0,0.0,0.0,0.0,0.0,0.0,0.0,1.0,0.0,0.0,0.0,30.0,34.0,872.5000381469727,3079.9166679382324,0.4064434809778239,-1.818135466448333,0.05,1.0,0.0,0.5,96.60671619679528,-0.4321343239359058,-0.0315583927824732,76.0,0.3195468445489387,-0.7394618451931486
CNN1.DU,31.000000000000007,27.728021687925818,38.38783093399506,50.0,0.0,33.00125882442568,19.0,21.45456042503392,27.299994257519145,31.399995749337688,92.78685392275705,22.515401251316863,19.0,31.8265360637241,20.57880868378848,50.0,93.0683624801272,25.79323202734475,True,0.4398904493563086,0.9240506329113924,False,False,False,66.03092797956049,False,False,False,False,49.89081229631705,True,False,28.41389619307685,25.59592199874699,25.69457701304588,False,False,False,Reject,Reject,Reject,weak RS;low breakout volume;stop > 1.5 ATR,weak RS;low breakout volume,weak RS,10,0,0.0,57.68532652778508,52.04713192726496,66.14261842856526,1.0,0.0311347903987147,0.0,35.18505058368399,0.0,0.0,0.0,0.5185050583683984,1.0,1.0,1.0,0.0,0.0,0.0,18.333333333333336,23.166666666666668,0.0,0.0,0.0,0.0,0.05,0.16666666666666669,0.33333333333333337,0.5,0.0,3.2117424422427785,0.044446805184995344,76.0,-2.513407065726406,-0.7825680641973518
CNN1.F,40.445073612684034,41.48403723401962,29.48717151526542,30.0,0.0,33.699544556785185,20.928323699421966,24.677588534621226,28.181576797330948,31.049125792084865,76.35205755178328,24.30775573345552,36.52322880371661,48.38328662292034,20.694618982342693,50.0,87.98092209856915,33.06572147495295,True,0.442221919374697,0.4683544303797468,False,False,False,65.65339752550497,False,False,False,False,49.53656031634275,True,False,30.75524329341984,28.81350322057068,30.939612347761816,False,False,False,Reject,Reject,Reject,weak RS,weak RS;low breakout volume,weak RS,10,0,0.0,52.81773844304745,58.98093163231164,43.57294865915119,1.0,0.0147904933481804,2.768590743629745,13.538044008676115,0.0,0.0,0.0,0.3538044008676113,0.0,1.0,0.0,0.0,0.0,0.0,27.292316279070373,41.86539534883797,7304.277376079559,5201.055441474915,-0.006246102325577756,0.3965782468520974,0.05,0.1146158139535187,1.0,0.5,0.0,2.8537234281797836,0.020088683186586853,76.0,-2.2332328189452837,-0.7825680641973518
CNN1.HA,31.000000000000007,29.07264687797868,30.09933364940008,50.0,100.0,32.56901156556779,19.0,23.066668776303217,27.111251059773338,30.520754193285214,92.51690369931828,22.739648476291173,31.500000000000007,29.111151537008723,20.607591374813,50.0,99.42766295707472,28.386800096948804,True,0.4376408641609857,0.9620253164556962,False,False,False,66.13591155514155,False,False,False,False,50.08565383641166,True,False,28.783760345061005,26.399666580343784,27.393233338646297,False,False,False,Reject,Reject,Reject,weak RS;low breakout volume,weak RS;low breakout volume,weak RS,11,0,0.0,62.65359374849648,59.26441224469232,67.73736600420273,1.0,0.0242399403816421,0.0,23.604654688698876,0.0,0.0,0.0,0.36046546886988734,1.0,0.0,1.0,0.0,0.0,0.0,18.333333333333336,23.166666666666668,0.0,35.43333371480306,0.0,0.0,0.05,0.16666666666666669,0.33333333333333337,0.5,0.0,3.1191394617118102,0.039591570182791073,76.0,-2.440938930513381,-0.7825680641973518
CNN1.HM,31.000000000000007,34.143689202014606,30.277161731245823,50.0,0.0,34.13830561209919,19.0,26.78247266714382,27.077325023415565,30.76784275522964,88.33522324804153,23.552007261106983,31.898230088495584,30.338542825730364,20.60947933879452,50.0,81.62162162162161,28.73530825761885,True,0.4379401676166314,0.7531645569620253,False,False,False,66.1519598490391,False,False,False,False,49.93434632464454,True,False,29.88181663590546,27.224257230258985,27.97978274393892,False,False,False,Reject,Reject,Reject,weak RS;low breakout volume,weak RS;low breakout volume,weak RS,11,0,0.0,62.11337284027052,59.26655428561677,66.38360067225115,1.0,0.0290269464860024,0.040650406504065,24.64273877750984,0.0,0.0,0.0,0.4642738777509839,1.0,0.0,1.0,0.0,0.0,0.0,25.0,39.0,11.734999656677246,104.10616842905681,-0.08585714051691665,0.3477127526365068,0.05,0.0,1.0,0.5,0.0,3.1247298745336844,0.041153023983439375,76.0,-2.4453138090534594,-0.7825680641973518
CNN1.MU,31.000000000000007,31.988277781762868,29.772709342095567,30.0,0.0,30.483422151296924,19.0,24.67533593528122,28.750000000000004,30.0,79.58289353307595,23.21754516616642,37.53773584905661,45.35282864203176,20.676111088711707,50.0,89.25278219395867,32.720337425957986,True,0.4359404762978709,0.5569620253164557,False,False,False,67.14730853492661,False,False,False,False,49.08265437621723,True,False,28.751042110689987,27.52155824112999,30.12094783354399,False,False,False,Reject,Reject,Reject,weak RS;low breakout volume,weak RS;low breakout volume,weak RS,10,0,0.0,50.78008816409886,58.23820757575763,39.59290904661073,1.0,0.0428282612501972,1.0,0.6353219257322145,0.0,0.0,0.0,0.06353219257322144,0.0,0.0,0.0,0.0,0.0,0.0,25.252272330368484,28.065340412960605,91.55999755859375,360.3750006357829,0.07151363398221089,-0.6514590960608662,0.05,0.7626136165184242,0.0,0.5,0.0,2.4861077849688082,0.0012286123027106322,76.0,-1.9455485566690065,-0.7825680641973518
CNN1.SG,31.000000000000007,29.15904810582754,28.895252609569454,50.0,0.0,32.34293682009378,19.0,25.66016546158682,25.97087639189854,31.91746910135994,69.84633854073779,23.33878670848732,34.31489141675285,36.579407766058814,20.63301705223808,50.0,90.52464228934818,30.48926016222922,True,0.4377230277192317,0.3291139240506329,False,False,False,66.27823544431817,False,False,False,False,49.50517355632485,True,False,29.270956455038927,27.28475876693118,28.887009464580203,False,False,False,Reject,Reject,Reject,weak RS;low breakout volume,weak RS;low breakout volume,weak RS,12,0,0.0,62.46017596182266,58.3769640003571,68.58499390402102,1.0,0.0208845301919931,0.438477366255144,21.112525500195343,0.0,0.0,0.0,0.3465463376756279,0.7647062123439061,0.0,1.0,0.0,0.0,0.0,17.821567053846856,18.77695881730857,2281.581495952606,3119.7716804822285,0.026929402323081133,-0.3346615167171128,0.05,0.3910783526923428,0.0,0.5,0.0,2.9070100905425154,0.03421005670337212,76.0,-2.2749332591580242,-0.7825680641973518
CNN1.VI,31.000000000000007,28.75105861669025,28.38419919512794,50.0,100.0,32.00576975704515,19.0,23.2917049896195,26.6180169976726,30.380704186526813,92.73530036302108,22.70714533874683,31.500000000000007,28.79139319085705,20.62795851692748,50.0,98.15580286168522,28.32383134877619,True,0.4394608363585089,0.9493670886075948,False,False,False,66.16045209024473,False,False,False,False,51.38629510102844,True,False,28.47979474990186,26.2518760254153,27.287853687095748,False,False,False,Reject,Reject,Reject,weak RS;low breakout volume;stop > 1.5 ATR,weak RS;low breakout volume,weak RS,11,0,0.0,56.38875066573535,50.71126580419833,64.90497795804089,1.0,0.0341046802217232,0.0,24.718945747669146,0.0,0.0,0.0,0.4718945747669146,1.0,1.0,0.0,0.0,0.0,0.0,18.333333333333336,23.166666666666668,0.0,0.0,0.0,0.0,0.05,0.16666666666666669,0.33333333333333337,0.5,51.68849076047557,0.4662301847904887,0.012103095510974141,76.0,-0.36485685318186634,-0.7825680641973518
CNNA.F,28.500000000000004,49.39191779713693,36.38890537215567,50.0,100.0,36.98428559836776,24.5,58.32084526373925,34.431811876535626,32.27273515433046,0.0,32.861595650467414,15.480392156862743,38.71643110651373,26.4528258791316,57.39344176312435,0.0,26.679576918163445,False,0.1391609459928253,0.7974683544303798,False,False,False,42.92480647105297,False,False,False,False,50.353746098578405,False,False,33.6865368779568,31.83152802035629,29.255552469259868,False,False,False,Reject,Reject,Reject,below MA-long;MA-long declining;weak RS;stop > 1.5 ATR,below MA-long;MA-long declining;weak RS,below MA-long;MA-long declining;weak RS,15,0,0.0291262315708229,34.02533638587513,10.48069098598901,69.3423044857043,2.0,0.0578513008984242,0.5,3.8943980462885666,0.0,0.0,0.0,0.3894398046288566,0.0,0.0,0.0,0.0,0.0,0.0,15.000000000000002,19.0,5.800000190734863,9.600000063578287,-0.0313647109597316,0.0,0.05,0.0,0.33333333333333337,0.5,65.8293663292608,0.183412673414784,0.02295139535365372,76.0,-0.1435329007834686,-0.7825680641973518
CUP.F,37.0,46.317685132884655,41.25,47.78545156249479,82.29094632369001,41.284309061499314,28.05737704918033,39.66134505982517,22.5,32.89289409728415,99.91064780342516,28.44362177514168,34.423906530856804,27.146038481738344,21.366859135706484,40.0,53.5516693163752,27.588214168778737,True,0.9540788507825136,0.8481012658227848,False,False,False,63.44723254691978,False,False,False,False,48.289445243193306,False,False,34.692883897047906,30.755136950504323,29.17167555964153,False,False,False,Reject,Reject,Reject,weak RS;stop > 1.5 ATR,weak RS,weak RS,12,0,0.0,37.59776025956785,57.98684176273648,7.0141380048149005,0.0,0.2155944975259122,2.9627329192546585,24.19269557023948,1.0,0.0,0.20983101515704483,0.20943854186690292,0.0,0.0,0.0,0.0,0.0,225000000000.0,45.0,63.99999999999999,4120.989912033081,1935.9098012288412,0.36956064519693027,1.8595399529738843,0.05,1.0,1.0,0.5,0.0,2.7574149669931383,0.017005153671312664,76.0,-2.157864892908625,-0.7825680641973518
D4S.F,37.14512338425383,35.66365658181253,45.0,50.0,55.14508773285923,39.44832952942833,55.89660056657224,40.04155616007344,32.10283912409464,41.76051091978316,67.74385703648548,39.08848239701395,40.337762984043096,48.52430522132685,32.58662793325537,25.0,52.025437201907785,32.875036567400905,True,1.4732591339743693,0.1645569620253164,False,False,False,74.73574066846183,False,False,False,False,69.4466246790969,False,False,38.02571679729853,37.29641807461291,35.08572732100691,False,False,False,Reject,Reject,Reject,weak RS;low breakout volume;stop > 1.5 ATR,low breakout volume,MA-long declining,13,0,0.0,52.959053008943314,74.94467573733321,19.98061891635848,1.0,0.2206532317720156,1.552266666666667,11.029110781437454,0.0,0.0,0.0,0.10291107814374535,0.0,1.0,0.0,0.0,0.0,0.0,30.0,34.0,2270.4491589546205,2023.4698951085409,0.12524847800830824,-0.25662555882286875,0.05,1.0,0.0,0.5,0.0,3.701769795568945,0.024906060214950933,76.0,-2.896886823022616,-0.7825680641973518
DAIFN.MX,65.0,69.71673459316281,47.5,100.0,78.82740039974937,62.85335091038119,73.50000000000001,66.03512929635522,60.00000000000001,70.0,78.82740039974937,65.26146118653625,75.5,71.0127821240701,60.00000000000001,70.0,67.19418228642343,66.62845776740204,False,0.0,0.9872611464968152,True,False,False,99.99999999072035,False,True,False,False,99.99999997872072,False,True,64.33080536463187,65.18993810556498,65.90919793648351,True,True,False,Reject,Reject,C,low breakout volume,low breakout volume,,35,1,0.3171493356359154,87.50919472274431,87.50919472274431,,,,,10.0,0.0,0.0,0.0,0.0,0.0,0.0,1.0,0.0,0.0,0.0,18.333333333333336,23.166666666666668,360241.19140625,120080.39713541669,0.0,0.0,0.05,0.1666666666666666,0.3333333333333333,0.5,100.0,-0.5400624372944697,-0.0094652973117198,76.0,0.3940564120421103,-0.729649730901856
DAIUF,58.1340473448622,58.171949472510754,36.25,30.0,60.0,40.38785815637413,62.585346429946966,41.04426812665589,53.91136861026959,35.0,0.0,42.90000240649479,79.5,66.00902092837963,53.75000000000001,50.0,57.24658607671247,58.34000971477322,False,0.0,0.4904458598726114,False,False,False,76.06651597211713,False,False,False,False,64.61270826606523,False,True,44.73193174309014,47.02957574895419,52.68479273186371,False,False,False,Reject,Reject,C,low breakout volume,low breakout volume,,18,0,0.0,55.04625079230769,81.14362934362934,15.900182965325229,0.0,0.0650279689082781,303.0500556173526,3.205423754790384,0.0,0.0,0.0,0.3205423754790383,0.0,0.0,0.0,0.0,0.0,0.0,30.0,34.0,634062.7464630126,215169.85246747333,59.515900257567765,-1.6405789985805856,0.05,1.0,0.0,0.5,0.0,5.068054316890153,-0.004994958102209,76.0,-3.747632796706695,-0.7394618451931486
DCNSF,53.70581709075648,51.55781259990899,60.00000000000001,35.0,70.0,44.61449748270821,56.4183689469702,54.150865931796,45.936913382394536,30.0,98.96590483327088,40.97035577087344,61.17009603513519,65.09605623500686,31.21093891304108,50.0,59.65659777424484,45.62121966225145,False,0.0,0.8280254777070064,False,False,False,62.60908304240253,True,False,False,True,70.09243056095283,False,False,43.722599405066426,43.0944432806538,44.35783147145262,False,False,False,Reject,Reject,Reject,low breakout volume;stop > 1.5 ATR,low breakout volume,fresh TD Sell 13,24,0,0.5923349546478283,50.27725293058376,63.99350087905079,29.7028810078832,1.0,0.0599277583093178,2315000000000.0,34.104916105537875,1.0,0.0,0.0,0.4104916105537872,0.0,0.0,1.0,0.0,0.0,5300000000000.0,30.0,34.0,5392.80011177063,18749.951966603596,5.988941307526256,-36.17963681016731,0.05,1.0,0.0,0.5,90.3725218060823,-0.30745043612164624,-0.007059284907809361,76.0,0.24143637545831412,-0.7852855195261037
DFKCY,63.73839050724167,59.4299996525739,47.11829572352295,50.0,77.43613780173423,52.841680780874015,69.56928094572595,58.96423630820857,51.6886179737235,50.0,59.37954289996254,55.20689235818518,75.33683855221479,64.8213008881188,53.75000000000001,45.0,57.51007651661,54.92323692167708,False,0.0,0.8280254777070064,False,False,False,65.20878096481056,False,False,False,True,54.799124728735926,False,True,53.96755548222798,54.648753411770514,54.7859951667238,True,False,False,Reject,C,C,low breakout volume,,,12,0,0.3861449903042093,58.80803522871403,90.96165625855392,10.577603683954198,0.0,0.1219452119351233,1.455687902961425,5.649149874498803,0.0,0.0,0.0,0.4745448347631331,0.090370152686747,0.0,0.0,0.0,0.0,0.7519788918205804,52.5,68.5,1546662.8462314606,1013641.9790681204,0.1282170520865611,0.4336883202404934,0.2,1.0,1.0,0.5,41.6591890812155,0.6668162183756899,0.3656431855259494,76.0,-0.4930851512448053,-0.7394618451931486
DIP.F,41.5,49.28728070175439,36.25,50.0,79.76091086366073,42.06638252163593,55.455696202531655,37.2450112305098,25.623993610894075,35.0,95.44303797468356,33.99904828222892,46.75,69.41977133235248,32.6495060277386,50.0,55.841017488076304,44.669209814468026,True,0.7261702153746689,0.7531645569620253,False,False,False,74.72946276613513,False,False,False,False,72.2942577391916,False,False,40.16674770838024,38.81356358978205,41.74138670212504,False,False,False,Reject,Reject,Reject,weak RS,low breakout volume,MA-long declining,11,0,0.0,57.96297764625863,74.39047964860772,33.321724642735,1.0,0.0628951559944636,3.4493927125506074,20.523066660252283,0.0,0.0,1.0,0.052306666025227884,0.0,0.0,1.0,0.0,0.0,0.0,30.0,34.0,1381.651990699768,1139.6752465248107,0.3135102042721967,-0.5395546737272157,0.05,1.0,0.0,0.5,0.0,2.471575564563903,0.008008078941043679,76.0,-1.9341761050782502,-0.7825680641973518
DKI.F,43.04040261045537,30.917609756347424,47.18373303149504,33.32250369661405,0.0,35.341125049059535,43.30119793747389,30.331622476307945,28.922746074541024,35.0,0.0,32.50312495904468,75.8222506393862,64.29084920975261,53.75000000000001,30.0,0.0,46.397964410776645,False,0.0,0.0316455696202531,False,False,False,85.76077893730603,False,False,False,False,71.21032543468937,False,False,36.7010928943985,37.23917681256724,41.81857061167194,False,False,False,Reject,Reject,C,weak RS;low breakout volume,weak RS;low breakout volume;fresh TD Sell 9,,10,0,0.0,56.87961929373452,73.08819929568124,32.56674929081444,1.0,0.0684287602416744,3.200960768614892,15.27832929427579,0.0,0.0,0.0,0.5278329294275791,1.0,0.0,0.0,0.0,0.0,0.2604166666666667,30.0,34.0,29013.742088699342,21580.142701466877,1.024483171212219,-3.62578851095273,0.05,1.0,0.0,0.5,0.0,4.361054327702259,0.025674755177556297,76.0,-3.4128218430894406,-0.7825680641973518
DKI.VI,42.5922255559166,30.725521326571,47.84796519247326,33.729377125742424,0.0,35.31853799575823,43.750923860556966,30.347858109767976,28.591041189756883,35.0,0.0,32.414019777788646,69.5,51.99929545521944,53.75000000000001,30.0,0.0,43.335983087403065,False,0.0,0.8417721518987342,False,False,False,85.43825339734933,False,False,False,False,72.59025558275367,False,False,36.05067154869632,36.27151241426689,39.80374775083497,False,False,False,Reject,Reject,C,weak RS;low breakout volume,weak RS;low breakout volume;fresh TD Sell 9,,10,0,0.0,55.59880358025588,61.5258178115321,46.70828223334155,0.0,0.0734176773705922,0.0,25.912585233884954,0.0,0.0,0.0,0.591258523388495,1.0,1.0,0.0,0.0,0.0,0.0,18.333333333333336,23.166666666666668,0.0,0.0,0.0,0.0,0.05,0.16666666666666669,0.33333333333333337,0.5,0.0,4.422402252654293,0.02809146788796667,76.0,-3.460830769961678,-0.7825680641973518
DKIA.F,65.2425660039432,68.69793639610997,48.75,33.88889090724687,77.55109133080748,47.313617922511725,56.19782787680133,60.16770848754401,37.56787442396562,35.0,88.23653007377266,43.409198082632784,65.76271240994565,61.45413617266765,53.75000000000001,35.0,100.0,47.50419916239,True,0.4019710839481054,0.8734177215189873,False,False,False,64.98689215182854,False,False,False,False,56.60261651043335,True,True,46.180408218523695,45.41858237453574,46.46139076846287,False,False,False,C,Reject,C,,low breakout volume,,14,0,0.38219890530174,72.10382244883937,92.09859584387868,42.111662356280426,3.0,0.1071428571428571,18.039473684210527,3.4620549694355267,0.0,0.0,0.0,0.3462054969435527,0.0,0.0,0.0,0.0,0.0,0.0,30.0,34.0,354.7499895095825,1220.8733443578085,0.3895056147917291,-2.1276767027042296,0.05,1.0,0.0,0.5,93.21711559460259,-0.3643423118920518,-0.04403773754867442,76.0,0.28512265772255074,-0.7825680641973518
DKILF,58.94743574917885,62.8169480722221,30.872092578999467,50.0,66.37450199203188,44.72606184343866,53.77171481066752,54.776970011108375,42.37745046789158,35.0,47.536444022074285,42.91603476240172,62.25301396887778,52.55061601006664,53.75000000000001,25.0,65.08744038155803,39.51637624012096,True,0.3108056592691009,0.0318471337579617,False,False,False,62.96740857097335,False,False,False,True,54.06460833416688,True,True,43.14111659846404,42.25814262192488,40.88725943102292,False,False,False,Reject,Reject,C,low breakout volume,low breakout volume,,12,0,0.2823085326870582,55.70544201641276,71.57702046471773,31.898074343955308,1.0,0.1173136719459778,0.7986111111111112,4.55847998376248,0.0,0.0,0.3514225242587976,0.1044254741174504,0.0,0.0,0.0,0.0,0.0,0.6666666666666666,42.29078241291242,60.61347801614052,179740.79345703125,126033.04782867432,0.0837446944774745,0.1606772552488758,0.05,0.8645391206456209,1.0,0.5,61.318264096965095,0.2736347180606981,0.09654592124999153,76.0,-0.2148813817326742,-0.7852855195261037
DKILY,60.28185573887722,65.56592308538802,36.25,35.0,45.89258026606095,44.62139360753186,57.95924542739544,56.14148040426476,43.57224936572997,35.0,57.6232805145314,43.959764967580455,61.18507933197357,49.35735344069317,53.75000000000001,35.0,68.90302066772655,44.529665964194734,True,0.3227728392089189,0.2802547770700637,False,False,False,64.72792286920816,False,False,False,False,56.13258100686538,True,True,44.40455948687901,44.26306099455502,44.39636347937488,False,False,False,Reject,C,C,low breakout volume,,,12,0,0.2427101167016019,63.7832418099909,75.01596141618573,46.934162400698646,1.0,0.0806154104379507,0.6252919120135364,9.194046722305677,0.0,0.0,0.03447249806245889,0.4731615284150668,0.4117706457530419,0.0,0.0,0.0,0.0,0.6990595611285266,23.10365150538896,24.70730301077792,3191922.286748886,4462074.287784894,-0.07216748078911474,0.00241460602155584,0.2,0.0,0.3735767670259307,0.5,28.63154512917923,0.9273690974164154,0.3495616352504232,76.0,-0.7282495234571036,-0.7852855195261037
DNO.F,29.000000000000004,49.95567508860815,42.0,39.25181126005583,100.0,36.45797451729609,59.67117776152159,30.538593077535005,19.751062687442456,44.75693298956907,100.0,31.412809082101617,39.78609106052194,40.1582125387893,32.87712317051598,30.0,60.0,34.05083726306439,True,1.0221087337693309,0.9240506329113924,False,False,False,73.0040188641943,False,False,False,False,73.7198700020883,False,False,34.46299743589141,33.21325062342934,33.63204394324686,False,False,False,Reject,C,Reject,weak RS,,MA-long declining,11,0,0.0,62.513652085266,80.11094619666048,36.117710918174296,1.0,0.052704550803507,5.204109589041096,31.318547763713912,1.0,0.0,0.07144684198744145,0.06040793438394968,0.0,1.0,0.0,0.0,0.0,40000000000.0,10.0,9.0,1240.9900032043456,2413.552380371094,-1.2749010926089723,-4.715335367777024,0.05,0.0,0.0,0.5,0.0,2.569262129278134,0.028889439439893652,76.0,-2.0106224909247556,-0.7825680641973518
DNOA.F,24.5,54.31382019509204,34.5,43.78235945557742,0.0,34.311948557860326,24.5,48.76185343061997,45.0,30.0,0.0,32.39588827584469,24.5,43.01263998783408,30.0,30.0,0.0,29.59195488239844,False,0.2329250657772861,0.8924050632911392,False,False,False,33.66983535981805,False,False,False,False,42.15594824933994,False,False,32.793131738163254,31.937920314213944,30.7649375983062,False,False,False,Reject,Reject,Reject,below MA-long;MA-long declining;weak RS,below MA-long;MA-long declining;weak RS,below MA-long;MA-long declining;weak RS,12,0,0.0461538265912959,23.476657718184192,15.176735128000471,35.926541603459775,1.0,0.056074713877646,100000000.0,11.847390672543742,0.0,0.0,0.062011444951006744,0.12272762230336733,0.0,1.0,0.0,0.0,0.0,0.0,18.333333333333336,23.166666666666668,0.0,0.35666666030883787,0.0,0.0,0.05,0.16666666666666669,0.33333333333333337,0.5,56.59037792939343,0.3681924414121313,0.14024733870430653,76.0,-0.2881356461279884,-0.7825680641973518
DNZOF,23.906565656565657,38.602686310841264,15.470822414247204,37.4491642469605,0.0,24.455413258078465,18.69191919191919,34.6694086690028,25.39767049152018,38.55349271645471,0.0,25.674007541706,20.11060142711519,39.75739994484759,24.666874566230945,53.45710629610503,0.0,29.00544893031349,False,0.1433290307061255,0.9044585987261148,False,False,False,44.39704429652891,False,False,False,False,47.2449347036882,False,False,25.730998677613726,26.42972110156274,27.71758501593812,False,False,False,Reject,Reject,Reject,below MA-long;MA-long declining;weak RS,below MA-long;MA-long declining;weak RS,below MA-long;MA-long declining;weak RS,17,0,0.1723603002188234,13.89100527525521,8.673129067244023,21.71781958727199,1.0,0.0852941741580353,2.077524893314367,32.904972135591656,1.0,0.0,1.0,0.07789880018789985,0.21259841337126506,0.0,0.0,0.0,0.0,29.80851063829787,45.0,63.99999999999999,231433.64990234375,135206.4929819107,0.194728945471896,0.27854143590403846,0.05,1.0,1.0,0.5,70.6537254269397,0.08692549146120596,0.04457595919056451,76.0,-0.06826132972217501,-0.7852855195261037
DNZOY,18.280528604884573,27.870178291947767,22.5,30.0,0.0,22.617969458812446,18.88130287243703,32.21475090512396,22.5,44.06805553263069,0.0,25.5248799180024,18.120601210628912,36.35723942724744,20.01245734783942,40.0,0.0,24.87158301166879,False,0.1718981856078671,0.821656050955414,False,False,False,36.334884272235136,False,False,False,False,41.38707454665048,False,False,23.9407653071407,24.747508754264324,24.80954588296656,False,False,False,Reject,Reject,Reject,below MA-long;MA-long declining;weak RS;low breakout volume,below MA-long;MA-long declining;weak RS,below MA-long;MA-long declining;weak RS,16,0,0.1078354811967465,24.112021709704603,5.710045801026659,51.71498557272152,1.0,0.0560821521883436,0.6812632453020923,29.660152594538502,1.0,0.0,0.3248600872463392,0.21257206594048142,0.42858310626703,0.0,0.0,0.0,0.0,3.2718868950516584,32.5,43.5,2673707.9482126236,2758611.8223428726,-0.02492381694097703,0.06043050395564211,0.2,0.0,1.0,0.5,0.0,1.5706038333865904,0.5144761553009298,76.0,-1.2333724472706786,-0.7852855195261037
DQJCY,18.499074020487296,29.55712988711593,18.260597528128343,38.54114873051314,0.0,23.337641429169903,19.12333854196809,44.00315129390592,44.36419036869597,44.92879459124123,0.0,30.91793389997154,17.295383418791445,35.48421254365428,25.47664895085024,49.460880327114296,0.0,26.293600675560423,False,0.0,0.9426751592356688,False,False,False,33.949562569183286,False,False,False,False,37.56525435104781,False,False,26.202921019688496,28.014575438487874,27.15408805702416,False,False,False,Reject,Reject,Reject,below MA-long;MA-long declining;weak RS;low breakout volume,below MA-long;MA-long declining;weak RS,below MA-long;MA-long declining;weak RS,10,0,0.198752182634917,18.541513692854704,4.0,40.35378423213676,2.0,0.2170601947166152,0.8418754254594962,10.47794045266933,0.0,0.0,1.0,0.04779404526693298,0.0,0.0,0.0,0.0,0.0,0.820855614973262,36.25229073406877,47.94176155233375,3044060.751080513,3002320.7549063363,0.0045025593264303165,0.03867412338532153,0.2,0.2041879943869193,0.9779020564220255,0.5,52.478711493773545,0.450425770124529,0.13536894637301383,76.0,-0.3537128349001861,-0.7852855195261037
DSCSY,45.43701120207844,46.75697214304802,42.5,30.0,0.0,37.53398920820116,51.41885254824926,52.12254700891968,27.78998171542024,38.71157418182629,60.0,38.10324858242483,45.58266699005048,52.61981221582539,23.82554843738119,30.0,52.78855325914149,33.50076125714949,False,0.0,0.8789808917197452,False,False,False,51.81738863433415,False,False,False,False,43.75141033863067,False,False,36.89812143025793,36.608650509997496,35.05470588357349,False,False,False,C,C,C,,,,7,0,0.7449421497307249,50.41523488314843,66.13995273473489,26.82815810576874,0.0,0.0974286579560578,0.5737122563049766,53.265528172988695,0.07438650306748462,1.0,1.0,0.3682545599536399,0.8095252512102598,0.0,0.0,1.0,1.0,1.0743865030674846,50.86947725941566,59.961846574269586,8690310.435390472,8533796.778202057,0.03021686355649401,0.3150488707759306,0.4,0.41847386297078343,1.0,0.5,0.0,2.224698453265307,0.542652323711855,76.0,-1.7470234806613658,-0.7852855195261037
DSKYF,15.95335208626348,34.661036332858586,31.904298593945025,42.812502037268175,0.0,25.50773431814204,11.146976090014066,32.42664670987231,33.073831610845986,39.157377938510585,0.0,21.63596771628088,11.901773919607477,45.74364628106762,29.00206619098312,25.0,0.0,21.520802285739364,False,0.4490753166895172,0.0636942675159235,False,False,False,39.44324519151926,False,False,False,False,46.3211207344847,False,False,23.548817931103155,22.375771407490653,21.94828684661501,False,False,False,Reject,Reject,Reject,below MA-long;MA-long declining;weak RS;low breakout volume,below MA-long;MA-long declining;weak RS;low breakout volume,below MA-long;MA-long declining;weak RS,10,0,0.082711116983247,18.432939691573267,5.570942751682207,37.72593510140986,1.0,0.2482411897025025,0.6489593041317179,47.0082677734082,1.0,0.0,1.0,0.13131972870256334,0.5695070486382554,1.0,0.0,0.0,0.0,4.608695652173913,36.652365867335405,53.56545733416924,292364.50202941895,242889.74776268005,0.04991419520401239,0.33198930817646966,0.05,0.58261829336677,1.0,0.5,40.01003778305367,0.6997992443389266,0.1480564252426002,76.0,-0.5495422131546688,-0.7852855195261037
DSNKY,16.068993423642805,31.21246541602617,32.063252436680486,37.19102865160762,0.0,24.261075484173524,14.451063736712404,45.45250941265197,28.527671660283488,37.82744757670305,0.0,25.124882995451618,9.523985402035107,36.08448642173377,33.29881547728152,25.0,0.0,19.111546777831336,False,0.4588919823080964,0.7388535031847133,False,False,False,39.14757198658535,False,False,False,False,46.03089125388644,False,False,23.490311996288515,23.14812062790991,21.129833702870627,False,False,False,Reject,Reject,Reject,below MA-long;MA-long declining;weak RS;low breakout volume,below MA-long;MA-long declining;weak RS;low breakout volume,below MA-long;MA-long declining;weak RS,13,0,0.0743392286791295,15.61708747550965,4.251423193094468,32.66558389913242,2.0,0.2091194856956349,0.9796185536413358,11.618933068573286,0.0,0.0,1.0,0.1618933068573285,0.0,0.0,0.0,0.0,0.0,0.7768273716951789,40.0595989316232,35.76922588718829,5813209.53502655,5568995.608107249,0.0507997758084648,-0.01696145481248375,0.4,0.5899981317372067,0.05064241979193749,0.5,0.0,1.6077900334276414,0.2707952982042345,76.0,-1.262574231689117,-0.7852855195261037
DWAHF,19.0,14.912280701754389,30.0,65.0,40.0,22.90270463547687,26.5,28.04408711923253,36.25,44.20409854142049,99.26564256275758,30.779118244283804,49.0,60.0,30.0,30.0,0.0,38.22785874359637,True,0.5171762665798465,0.8343949044585988,False,False,False,35.38493877665101,False,False,False,False,36.29518779510779,False,False,28.33065953974285,31.438457672316183,34.83315820795628,False,False,False,Reject,Reject,Reject,below MA-long;weak RS;low breakout volume,below MA-long;MA-long declining;low breakout volume,below MA-long,30,0,0.1481481057875415,11.857142857142858,6.428571428571428,20.0,2.0,0.7966185957265044,42.6578947368421,2.4868159000121675,0.0,0.0,0.0,0.24868159000121673,0.0,0.0,0.0,0.0,0.0,0.0,30.0,34.0,1991.3410131454468,2840.88079401652,2.5281023137886125,-2.6090777379015053,0.05,1.0,0.0,0.5,0.0,2.3090953639253256,-0.12736293278155925,76.0,-1.8132991524954167,-0.7852855195261037
DWAHY,18.30116959064328,29.523102628979224,45.0,30.0,0.0,25.520729873692243,20.0530492898914,36.77178701138765,22.5,30.0,0.0,25.071153047686646,20.857604826445176,39.868011254918144,28.353365282690213,52.03982408748005,0.0,29.954992400887583,False,0.0,0.9808917197452228,False,False,False,28.906060356495217,False,False,False,False,24.08607282732386,False,False,26.27270933132964,26.626220218848047,28.29060630986782,False,False,False,Reject,Reject,Reject,below MA-long;MA-long declining;weak RS;low breakout volume,below MA-long;MA-long declining;weak RS,below MA-long;MA-long declining;weak RS,10,0,0.0960658012574191,5.398995800843596,0.0259739146671802,13.45852863010822,0.0,0.2064825697412989,1.9206861609727848,13.886985923998038,0.0,0.0,1.0,0.32987374302417977,0.058824849375624044,0.0,0.0,0.0,0.0,0.8553299492385786,41.89780407995894,52.088708371366124,4225387.528219223,3425189.727271398,0.06165519830841395,0.023154417447559764,0.2,0.6804599859034496,0.7192402907926628,0.5,50.21918533130047,0.4956162933739904,0.29335441518445077,76.0,-0.38920029842779585,-0.7852855195261037
DWH.F,29.000000000000004,50.72606788710908,30.0,30.0,0.0,33.076506416999045,60.10869565217393,38.24378959941834,28.13160825329945,35.0,91.8648810249887,36.01073940650132,39.54975654290932,36.07585523324469,33.16266327282803,50.0,53.5516693163752,37.517821340126254,True,0.4322073418749058,0.8544303797468354,False,False,False,72.29420649391653,False,False,False,False,74.92352326069621,False,False,34.84503929847517,35.876017388688346,36.6969193644073,False,False,False,Reject,C,Reject,weak RS,,MA-long declining,10,0,0.0,51.41872001735903,61.92629301200729,35.65736052538664,0.0,0.1691176563398233,0.5827505827505828,12.488787416413201,0.0,0.0,1.0,0.24887874164131998,0.0,0.0,0.0,0.0,0.0,0.0,30.0,34.0,504.9800114631653,327.38549598058063,78.65025806781695,-371.16425905274633,0.05,1.0,0.0,0.5,0.0,2.376296167532171,0.017349291046813625,76.0,-1.8596134917852372,-0.7825680641973518
EII.F,29.000000000000004,49.48464912280702,48.00000000000001,30.0,98.21596969931204,35.28075112669723,56.37804878048781,30.934121988278708,29.694297604555388,35.0,78.16827997021593,34.6453241471536,37.65595221654469,35.98854177215976,33.34040157129344,50.0,42.868044515103335,37.24433382292857,True,0.9791244577153868,0.3860759493670886,False,False,False,68.47174005764481,False,False,False,False,59.2203563183584,False,False,35.482839572080415,35.55211244579482,36.39822313436169,False,False,False,Reject,C,Reject,weak RS,,MA-long declining,11,0,0.0,39.76567883625155,63.28600781872672,4.485185362538813,0.0,0.2894922713374199,1.0753424657534247,6.1464845147258975,0.0,0.0,0.11944778659733757,0.4952006648752521,0.0,0.0,0.0,0.0,0.0,0.0,18.333333333333336,23.166666666666668,420.4825038909912,45.85441331863403,0.0,0.0,0.05,0.16666666666666669,0.33333333333333337,0.5,0.0,2.4346804622763667,0.0330140603736228,76.0,-1.90530317630273,-0.7825680641973518
EJPRY,17.27709200331041,36.83237059822158,27.426082776940387,30.0,0.0,24.29255496834856,19.89441129792339,38.24819805332096,25.346157425959564,32.076922089390465,0.0,26.008184389541785,33.54402838661537,51.931771189318646,26.92015098824696,45.0,0.0,35.646911547390914,False,0.0,0.9235668789808916,False,False,False,44.03376587099056,False,False,False,False,45.797483601952926,False,False,27.078115110515,28.55667665265788,32.10179410002439,False,False,False,Reject,Reject,Reject,below MA-long;MA-long declining;weak RS;low breakout volume,below MA-long;MA-long declining;weak RS,below MA-long;weak RS,13,0,0.0883720752804777,6.688178259992667,3.110119105487464,12.055266991750472,0.0,0.1446488704341746,1.3820404468583036,4.637215566372843,0.0,0.0,0.43063445225502317,0.03308710438226112,0.0,0.0,0.0,0.0,0.0,0.9553239017125837,45.499498748410375,55.290502595885016,1909809.880976677,1546218.890800476,0.09366795920748587,0.016219355521984252,0.2,0.9472329933957157,0.6036559253664043,0.5,55.37304817817411,0.3925390364365178,0.18480244307515142,76.0,-0.308255221162327,-0.7852855195261037
EJR.F,38.19829532640495,25.86720067524945,30.0,31.138029939947653,60.0,29.296946521778207,38.024499904493695,29.02006080121229,34.234345568603175,35.0,0.0,32.247447709411006,50.84074295508128,64.57044916311045,33.10647777992245,50.0,65.14785373608902,44.87704039743572,False,0.0,0.5886075949367089,False,False,False,81.0699186450114,False,False,False,False,65.53696932456458,False,False,33.29811565319955,35.44622527829186,40.16163283786379,False,False,False,Reject,Reject,Reject,weak RS;low breakout volume,weak RS;low breakout volume,weak RS,10,0,0.0,56.29719931085009,77.38367346938776,24.6674880730436,1.0,0.1358911255226088,302.0,8.427349961114627,0.0,0.0,0.5862368638269189,0.25649813228454393,0.0,0.0,0.0,0.0,0.0,0.0,30.0,34.0,102.43150196075439,213.1618330001831,13.73529152586721,-43.54015198118022,0.05,1.0,0.0,0.5,0.0,3.193042962901256,0.006801430417974122,76.0,-2.4987734503766124,-0.7825680641973518
FANUF,83.31948118108996,76.6201270252005,38.956261287340034,35.0,98.27930445006976,49.82964303390523,78.35000000000001,81.78759903796839,53.75000000000001,35.0,50.926938928437615,52.62178167593727,68.07637099742362,61.87487277029615,48.75000000000001,30.0,46.16564124401758,44.29203266164009,False,0.0,0.5286624203821656,False,False,False,69.8439649680377,False,False,True,True,61.988308349531735,False,True,49.55976255206181,49.56442924324171,46.9282309524409,False,False,False,Reject,C,Reject,stop > 1.5 ATR,,fresh TD Sell 9,14,0,0.4509999593098959,62.44726920415886,80.87336692375132,34.80812262477016,0.0,0.0583165299167972,0.6635514018691588,11.622755416909033,0.0,0.0,0.0,0.1622755416909033,1.0,0.0,0.0,0.0,0.0,0.2,28.620095021383246,43.52511877672906,65607.50003814697,96139.866065979,0.0017205701282994707,0.053666406764632815,0.05,0.18100475106916225,1.0,0.5,15.827755543721034,1.1834448891255793,0.2874063187116437,76.0,-0.9293421345874927,-0.7852855195261037
FANUY,72.16214697944802,67.97170059986026,35.50417690567285,35.0,81.78231584212232,46.42913346662395,73.23283438647454,70.4644874294436,54.61623462656882,35.0,0.0,50.232596987139765,69.49551218295986,57.05130526114607,48.75000000000001,45.0,0.0,51.81465840619019,False,0.0,0.821656050955414,False,False,False,70.25526511632107,False,False,False,True,63.98543644804613,False,False,48.64727751069194,49.94652270875173,50.88059055747097,False,False,False,Reject,C,Reject,low breakout volume;stop > 1.5 ATR,,fresh TD Sell 9,12,0,0.4097719121734939,51.08383037006509,78.12057589065513,10.528712089180049,0.0,0.1183766047962255,1.058137074800577,1.4737240913249687,0.0,0.0,0.0,0.1473724091324968,0.0,0.0,0.0,0.0,0.0,0.0275019021049961,47.5,44.5,10715702.148592375,9437175.149686305,0.1060363583221874,-0.0838964752943312,0.4,1.0,0.0,0.5,0.279492089001121,1.4944101582199776,0.4421979035346483,76.0,-1.117931382549996,-0.7480753368818013
FJI.F,55.76029654036244,45.609624799828346,42.50000000000001,50.0,78.46583067067928,46.62010520882074,50.77090301003345,49.25295617947146,53.75000000000001,51.91507201215417,65.73200209557038,50.5962934758646,52.14894795127354,54.51516753505639,53.75000000000001,44.99999999999999,52.025437201907785,49.37099763739134,False,0.0,0.4240506329113924,True,False,False,81.0086285256004,False,True,False,False,75.84904854532651,False,False,48.36314017464802,49.43346707091385,49.4022323541526,False,False,False,Reject,Reject,Reject,weak RS,weak RS;low breakout volume,weak RS,14,0,0.0,61.0629490683373,77.21770888215802,36.83080934760622,0.0,0.0,1.0687245195107746,3.116422138260913,0.0,0.0,0.0,0.3116422138260913,0.0,0.0,0.0,0.0,0.0,0.0,25.0,39.0,2559.2717761039735,2389.675233300527,-0.0932027096475012,4.268677625639265,0.05,0.0,1.0,0.5,0.0,4.2407706732018715,0.03951906023041155,76.0,-3.318691696432489,-0.7825680641973518
FJI.VI,23.0,21.0,41.25,65.0,100.0,29.130158003527715,43.00000000000001,27.0,47.5,65.0,100.0,37.71020023399334,36.75000000000001,33.666666666666664,47.5,30.0,60.0,34.072142483024315,True,0.874316552550822,1.0,False,False,False,84.86455197958493,False,True,False,False,99.98833070236329,False,False,32.69256756856672,34.90277446260951,34.48745847281691,False,False,False,Reject,Reject,Reject,weak RS;low breakout volume,low breakout volume,MA-long declining,36,0,0.0,54.89454324670272,54.89454324670272,,,,,0.0,0.0,0.0,0.0,0.0,0.0,0.0,0.0,0.0,0.0,0.0,18.333333333333336,23.166666666666668,0.0,0.0,0.0,0.0,0.05,0.16666666666666669,0.33333333333333337,0.5,0.0,3.047544377585349,0.013824857184898684,76.0,-2.38491090412249,-0.7825680641973518
FJTSF,16.748062015503876,45.11294494339925,24.456043979043567,37.62604083122502,0.0,25.86591538441676,14.918604651162791,43.85574844695556,17.361111584768008,39.3231183810678,0.0,23.430221499545635,19.92696354294103,52.43437394137498,26.26227217098922,40.0,0.0,29.43250405330634,False,0.0,0.7452229299363057,False,False,False,43.6960179116259,False,False,False,False,48.92629523702353,False,False,25.84852495273334,25.718045042648072,27.57527454797721,False,False,False,Reject,Reject,Reject,below MA-long;MA-long declining;weak RS;low breakout volume,below MA-long;MA-long declining;weak RS,below MA-long;MA-long declining;weak RS,11,0,0.3236841904489618,18.67839989318908,4.789313003743047,39.51203022735812,2.0,0.0909090634948086,0.8471711976487877,23.803677407311298,1.0,0.0,0.0,0.38036774073112983,0.0,0.0,0.0,0.0,0.0,11.292682926829269,29.971564213394842,45.214455266743556,184854.69965934753,144693.9500172933,0.009829385280369047,0.12803417065360262,0.05,0.24857821066974206,1.0,0.5,60.043267569843216,0.2991346486031357,0.06824306056724842,76.0,-0.23490610793657188,-0.7852855195261037
FJTSY,16.38477881998159,39.33251323544064,35.0,32.95016603890719,0.0,25.5888240344979,17.218781208999943,42.86319233135646,18.45231941918787,39.06623112425994,0.0,24.884619850265064,16.93814840381364,42.38607833735394,28.04315188798482,30.0,0.0,25.00318016736989,False,0.0,0.7770700636942676,False,False,False,43.43181531478293,False,False,False,False,48.17533405583997,False,False,25.26043400580245,25.06102878224308,25.03210447480649,False,False,False,Reject,Reject,Reject,below MA-long;MA-long declining;weak RS;low breakout volume;stop > 1.5 ATR,below MA-long;MA-long declining;weak RS;low breakout volume,below MA-long;MA-long declining;weak RS,11,0,0.2160525392241299,20.910273321632275,4.947650544239955,44.85420748772076,1.0,0.0903837667388934,0.4510583908350659,4.13689275688981,0.0,0.0,0.0,0.413689275688981,0.0,0.0,0.0,0.0,0.0,0.7074488614434581,27.500000000000004,19.5,6442764.843215942,9770487.768351236,-0.07001624572205732,-0.09666835568866737,0.4,0.0,0.0,0.5,7.285190185172407,1.3542961962965518,0.3378423781730555,76.0,-1.0635091921009638,-0.7852855195261037
FR7.F,73.07593923870111,66.21128786700746,43.993023209159645,40.639787293170656,93.20708046687794,50.938738792863816,65.07110013874086,62.93107112097661,39.35487937874883,55.00000000000001,0.0,50.90810660590096,73.46363636363637,69.30780961733366,48.75000000000001,45.0,0.0,54.68592743613556,False,0.0,0.240506329113924,False,False,False,76.27704847339997,False,False,False,False,56.70146048695057,False,False,51.67898686542931,52.04757929236391,53.36675336424973,False,False,False,Reject,Reject,Reject,low breakout volume,low breakout volume,fresh TD Sell 9,8,1,9.901482891776867,72.48022109609171,96.61647818659226,36.27583546034089,1.0,0.0407837642866455,6.2,64.07136857930618,1.0,0.0,1.0,0.4071368579306179,1.0,1.0,1.0,0.0,0.0,55000000000.0,10.0,9.0,2286.0950088500977,2696.828340657552,-0.0452115445816704,-0.7655739959704349,0.05,0.0,0.0,0.5,100.0,-11.121147883863221,0.005920613507323404,76.0,8.703055171127316,-0.7825680641973518
FR70.F,78.80455697011297,64.39499446833106,45.211538777548704,37.87877970527029,100.0,50.048434151844646,76.54398140392891,56.64368112013275,39.76445545747697,35.0,60.0,45.81321526238461,75.30914691091066,63.76397554292004,53.75000000000001,45.0,64.34745065319301,54.71557946603648,False,0.0,0.9873417721518988,False,False,False,61.34689339520689,False,False,False,False,55.44103443337987,False,True,49.71129754784501,49.33096830137218,52.023273883704334,False,False,False,C,C,C,,,,11,0,0.3827247313605195,69.34574567254168,92.86902934072286,34.0608201702699,1.0,0.0506912600366527,3.0,31.653023884267466,1.0,0.0,0.0,0.1653023884267455,0.0,0.0,1.0,0.0,0.0,500000000000.0,35.0,44.0,2970.0000762939453,1298.3333587646484,0.2216850176017609,0.0,0.05,1.0,0.3333333333333333,0.5,65.86950260244463,0.1826099479511074,0.0925127279754221,76.0,-0.135306272070084,-0.7409578371180053
FR7H.SG,77.20873813375654,72.69473103021001,33.10869527358852,35.0,79.28176730082497,46.70068911891015,73.50000000000001,72.2965751942743,47.5,35.0,0.0,49.47273865243651,65.5,61.338200086012094,53.75000000000001,50.0,0.0,55.39204747799446,False,0.0,0.8860759493670886,False,False,False,71.11050259523945,False,True,True,False,63.54966012766855,False,False,49.27057565078492,50.69412139339862,53.04308443569654,False,False,False,Reject,Reject,C,low breakout volume;stop > 1.5 ATR,low breakout volume,,15,0,0.4948460379034072,78.09407246058674,94.15150850513832,54.00791839375939,0.0,0.0422535904940614,0.0,14.934147283747723,0.0,0.0,0.0,0.4934147283747725,1.0,0.0,0.0,0.0,0.0,0.0,18.333333333333336,23.166666666666668,0.0,0.0,0.0,0.0,0.05,0.1666666666666666,0.3333333333333333,0.5,100.0,-0.521683133827757,-0.0451557991338269,76.0,0.3865452065019577,-0.7409578371180053
FRCOF,78.17114093959732,66.541609945993,46.25,50.0,100.0,55.85597226349872,77.71476510067114,64.90698161934377,47.5,36.34570669038895,64.23166955264794,49.5282546589613,79.5,67.21182883099681,53.75000000000001,50.0,58.96193973840019,58.57543495569284,False,0.0,0.910828025477707,True,False,True,62.15461310147276,False,True,True,False,59.87646921465995,False,True,54.50154952057632,53.507952268888246,56.041693612290544,False,False,False,Reject,Reject,C,low breakout volume;stop > 1.5 ATR,low breakout volume,,16,0,0.5036869903414007,62.6618962401039,86.98073278016713,26.18364143000905,1.0,0.0638887550593361,18.634615384615383,30.9566634502772,1.0,0.0,0.0,0.0641990498008489,0.0314672952268708,0.0,1.0,0.0,0.0,6.0,52.5,68.5,2303536.982421875,820953.128153483,3.380758628935144,7.080554531714637,0.2,1.0,1.0,0.5,67.82252234371768,0.1435495531256466,0.1108704356459022,76.0,-0.1061494174309425,-0.7394618451931486
FRCOY,69.63313333639248,60.85720517848981,35.68892514469953,33.155230207351494,100.0,43.96704078943005,67.91426413182555,56.641582648605706,48.43967964262092,35.0,60.0,46.15218630327689,76.0818442089898,64.64481043732408,53.75000000000001,50.0,64.25195986337576,57.59872420148962,False,0.0,0.9554140127388536,False,False,False,60.99617429320026,False,False,False,False,57.20881513787797,False,True,47.34892112599602,49.14911856997134,53.37392138573048,False,False,False,Reject,Reject,C,low breakout volume,low breakout volume,,7,0,0.4523026999963295,68.45162063455118,92.4335640096341,32.47870557192678,1.0,0.055287978045098,10.748839384295644,1.977811197473679,0.0,0.0,0.0,0.1977811197473678,0.0,0.0,0.0,0.0,0.0,0.0152998379254457,60.0,52.0,40061252.13972016,28172233.67519989,3.0911578141412432,-3.297254573985548,0.65,1.0,0.0,0.5,14.510567748488402,1.209788645030232,0.4128451491192892,76.0,-0.9050130481867688,-0.7480753368818013
FTS,45.54666573550482,46.84745166808174,34.375537280802355,43.827886845612426,76.93617686118273,40.41536537027595,58.87996427970378,46.72848507929504,35.81595261031871,49.683772510620734,53.62457849381791,44.11303169550906,57.55169519751776,48.29146801157789,33.2994669288926,45.0,0.0,42.20529563936394,False,0.0,0.6242038216560509,False,False,False,59.78581684604303,False,False,False,False,55.63906418300869,False,False,41.88265132166348,42.8011776136189,42.50323662649142,False,False,False,Reject,Reject,Reject,weak RS,weak RS,weak RS,11,0,0.1822386751807474,64.94601314977325,81.56719831848413,40.01423539670693,0.0,0.0517509895800969,0.7624904157813488,25.904625180670738,0.4174874981057737,0.0,1.0,0.3034351611835123,0.45205236067201415,0.0,0.0,0.0,0.0,1.4174874981057737,55.15815966599226,57.197699582490316,43846370.62458038,43088326.822013855,-0.01905104200404647,0.12486064423018665,0.65,0.007907983299612766,1.0,0.5,89.78011282303686,-0.29560225646073723,-0.20790328369485409,76.0,0.23213217153785856,-0.7852855195261037
FUC.F,50.61414102064668,37.88163191383211,48.75000000000001,30.0,86.28120893561105,37.28589007921872,69.88069883527454,39.72925718003709,42.50000000000001,35.0,0.0,41.94961117939806,57.71409522315476,57.02604586325191,53.75000000000001,50.0,0.0,53.28764772378739,False,0.0,0.0886075949367088,False,False,False,83.03905522687725,False,False,False,True,74.36839514069482,False,False,41.88535793818625,44.41827792267899,48.85296282323319,False,False,False,Reject,Reject,C,weak RS;low breakout volume;stop > 1.5 ATR,low breakout volume,,13,0,0.0,52.112265754894246,79.37001573324616,11.225640787366368,0.0,0.094618065041248,3.846377135201518,6.111767830434181,0.0,0.0,0.0,0.6111767830434182,0.0,0.0,0.0,0.0,0.0,0.09328358208955224,30.0,34.0,59670.10342674256,38332.87478017807,1.1575441538608557,-1.3137418669689174,0.05,1.0,0.0,0.5,0.0,5.114724864228663,0.08150008119519583,76.0,-4.002620335901487,-0.7825680641973518
FUCA.F,83.50000000000001,77.68045167277631,55.00000000000001,50.0,100.0,61.283716046869024,65.07934131736526,78.59092639627818,60.00000000000001,50.0,0.0,59.4061683199227,75.5,64.38224596423977,55.00000000000001,50.0,0.0,57.66086467920829,False,0.0,0.9050632911392406,False,False,False,72.30145505078227,False,False,False,True,72.12496825013508,False,False,59.99588145525298,59.258086773097645,58.45947572615297,True,False,False,Reject,C,Reject,stop > 1.5 ATR,,fresh TD Sell 9,12,0,0.5426356749611692,56.7827560653821,85.54953668037598,13.632585142891292,0.0,0.1260504242087748,5.2577447335811645,33.01427018339105,1.0,0.0,0.0,0.301427018339105,1.0,0.0,0.0,0.0,0.0,6000000000.0,45.0,63.99999999999999,4615.890085697174,1825.9750187555949,0.8322758254838171,6.752215156001365,0.05,1.0,1.0,0.5,75.34202977546941,-0.0068405955093881,0.0542108499577261,76.0,0.0050685928532353,-0.7409578371180053
FUH.F,18.155405405405407,38.65588593708053,34.56337343966761,44.00985242745871,0.0,28.0735144547795,32.58108108108109,35.36601398308252,33.04974855604056,35.0,78.46612062546538,33.63956892943867,17.69659417972498,45.07818369758772,32.56167532769101,50.0,68.90302066772655,29.327387202907094,True,0.5207198359481788,0.3924050632911392,False,False,False,68.6930263745675,False,False,False,False,73.8421753457933,True,False,29.994105346802765,31.23270351654736,30.280045359727225,False,False,False,Reject,Reject,Reject,MA-long declining;weak RS,weak RS;low breakout volume,MA-long declining;weak RS,11,0,0.0,65.76555403110798,71.5429471825702,57.09946430391464,1.0,0.0539568360131582,0.1685714285714286,6.87227445548535,0.0,0.0,0.5458098410585253,0.1414176044900097,0.0,0.0,0.0,0.0,0.0,0.0,18.333333333333336,23.166666666666668,1066.1772346496582,569.1776952584585,0.0,0.0,0.05,0.16666666666666669,0.33333333333333337,0.5,0.0,2.163832383398731,0.025004559713555415,76.0,-1.693346119523887,-0.7825680641973518
FUJ1.F,41.5,44.76190229241032,28.750000000000004,35.07595595616863,60.0,35.101621897717266,39.81858946749806,31.416221321867344,35.09807642822768,42.937007696853655,0.0,35.219555573404634,55.17376845902378,56.956951914313855,53.75000000000001,45.0,0.0,50.36158845540692,False,0.0,0.9493670886075948,False,False,False,81.29240000892028,False,False,False,False,61.18989627466963,False,False,38.188995311961406,39.73857870286784,45.05008357913738,False,False,False,Reject,Reject,Reject,weak RS,weak RS,weak RS,13,0,0.0,49.632408986657495,72.27836275329443,15.663478336702092,1.0,0.0975437187820322,1.631630510846746,14.214008051890659,0.33000000000000007,0.0,0.0,0.634121520411116,0.1272792847779496,0.0,0.0,0.0,0.0,1.33,10.0,9.0,5579.272455787659,8572.516940784455,-0.03796720635634967,-0.692099971660586,0.05,0.0,0.0,0.5,0.0,3.6745233943524953,0.04360001830495115,76.0,-2.8755646595663142,-0.7825680641973518
FUJA.F,16.600840336134453,38.2958653557319,42.5,43.89612027125991,0.0,27.960803484717715,24.5,26.142167531813044,27.22368054905133,36.89473484493709,0.0,27.13438275918591,14.81031807602793,38.21164656706752,30.0,47.902691524101655,0.0,25.72017863417675,False,0.0,0.879746835443038,False,False,False,41.19349053944562,False,False,False,False,47.44371549498563,False,False,27.264752296949982,26.87540566678953,26.29779215048314,False,False,False,Reject,Reject,Reject,below MA-long;MA-long declining;weak RS;low breakout volume,below MA-long;MA-long declining;weak RS,below MA-long;MA-long declining;weak RS,13,0,0.1321839767145611,15.507457221057331,15.077320662994795,16.152662058151137,1.0,0.1320755209265827,5.0,3.5554599111495317,0.0,0.0,0.0,0.35554599111495316,0.0,0.0,0.0,0.0,0.0,0.0,10.0,9.0,0.0,202.16333535512288,-6.764297925066871,-23.732056457030737,0.05,0.0,0.0,0.5,71.81873829663434,0.06362523406731335,0.034298854102016135,76.0,-0.04979107625816081,-0.7825680641973518
FUJHF,24.5,54.20799980697466,42.5,34.51611918787805,70.0,33.82231073270812,20.5,42.35548206665257,30.0,35.72227505246096,0.0,28.2691494229141,20.60091743119266,40.42140082507725,30.0,31.646487172591023,0.0,27.366750804922454,False,0.0,0.8726114649681529,False,False,False,40.81403169569242,False,False,False,True,46.222530940940935,False,False,30.86525035421278,29.10906209947541,28.23790645219893,False,False,False,Reject,Reject,Reject,below MA-long;MA-long declining;weak RS;stop > 1.5 ATR,below MA-long;MA-long declining;weak RS,below MA-long;MA-long declining;weak RS,12,0,0.1121126756845605,17.069590208131967,5.232197451415996,34.82567934320592,0.0,0.061378514314688,0.7579250720461095,2.2959677393308664,0.0,0.0,0.0,0.22959677393308664,0.0,0.0,0.0,0.0,0.0,0.0,22.17253986309022,30.107632165500654,14356.300067901611,18823.51697762807,0.005899580485438301,0.011423772462068674,0.05,0.21582983737865252,0.523729541034478,0.5,65.96108200200521,0.1807783599598958,0.0024129957472463054,76.0,-0.14196262832018378,-0.7852855195261037
FUJHY,17.416864185826025,33.38929329829613,40.75641073920395,40.33332933931278,0.0,26.89600693876651,10.116082009954964,30.92538031364892,28.750000000000004,30.0,0.0,19.04711742621943,15.39405195193698,48.22656587288692,30.0,37.72975774870337,0.0,26.32109879955272,False,0.0,0.8280254777070064,False,False,False,33.88579072790252,False,False,False,False,48.21023861168184,False,False,24.42635845715963,22.79908974072883,24.56009427014078,False,False,False,Reject,Reject,Reject,below MA-long;MA-long declining;weak RS;low breakout volume,below MA-long;MA-long declining;weak RS;low breakout volume,below MA-long;MA-long declining;weak RS,11,0,0.0358974007851673,19.43236024243656,4.922782817593931,41.1967263797005,2.0,0.0874704780873035,0.937899040117402,20.75003579832304,0.0,0.0,1.0,0.3607237043546167,0.7142798754776876,0.0,0.0,0.0,0.0,0.45426829268292684,22.99927041694403,20.374088021180036,2072895.0096273422,2346515.2241714797,0.012995622501664172,-0.020477588219838607,0.2,0.27496352084720144,0.0,0.5,22.17717669424546,1.0564564661150908,0.3148957313184051,76.0,-0.8296199648499006,-0.7852855195261037
FUJIF,18.500000000000004,41.53251399904983,31.48256827089933,40.99998474121094,59.5106632294352,27.948420449008225,18.90816326530613,32.64461115239861,41.23969220805945,32.99999237060547,92.37167478456352,26.618172604615467,20.08730158730159,38.0619579450549,53.75000000000001,49.55094372262548,78.6531302213843,32.01667966663218,False,0.0,0.6878980891719745,False,False,False,50.24271521862728,True,False,False,False,56.38213539875501,False,True,28.362997939215187,28.50377429209903,30.260226979365605,False,False,False,Reject,Reject,Reject,below MA-long;MA-long declining;weak RS;low breakout volume,below MA-long;MA-long declining;weak RS;low breakout volume,below MA-long;MA-long declining;weak RS,22,0,0.1456257555862556,28.015197151205548,14.78278342053428,47.86381774721246,1.0,0.0,2.235294117647059,11.544373098331155,0.0,0.0,0.0,0.15443730983311546,0.0,0.0,1.0,0.0,0.0,0.0,10.0,9.0,2796.6000175476074,9382.06683476766,-0.19083863024533296,-0.7878836508123296,0.05,0.0,0.0,0.5,72.9783674827887,0.0404326503442261,0.05711356628093662,76.0,-0.03175117483138289,-0.7852855195261037
FUJIY,23.84676577185331,51.21951195770053,28.23530461736493,33.39574120643378,60.0,30.77878452359416,24.11361262976841,52.00789642293346,33.4027807080767,36.666674550878994,0.0,32.428761187383834,21.981176201223303,53.514927197345685,40.19270321575634,52.10384855379395,0.0,34.72632298615304,False,0.1294891548646102,0.9681528662420382,False,False,False,49.546581903680746,False,False,False,False,55.75120580505413,False,False,32.06328521524284,32.788034394256655,33.75717869020485,False,False,False,Reject,Reject,Reject,below MA-long;MA-long declining;weak RS,below MA-long;MA-long declining;weak RS,below MA-long;MA-long declining;weak RS,11,0,0.1152993247309517,36.821250060039695,21.8276720732679,59.31161704019738,1.0,0.0,0.8009371648920613,5.94741743329292,0.0,0.0,0.0,0.26140134575374,0.333340397575552,0.0,0.0,0.0,0.0,0.3252249250249917,36.97462397447141,44.37128461131487,3490248.487267494,3302483.3758306503,0.04462370670102356,0.01481602476386991,0.2,0.5385308891751963,0.580267079397832,0.5,12.661992363367014,1.2467601527326597,0.4363069525956605,76.0,-0.9790626942631111,-0.7852855195261037
G03.F,37.0,50.757335543082206,30.0,30.0,96.80422114573696,34.91210414469606,29.000000000000004,48.458333333333336,30.0,30.0,99.01712583767684,32.744328125421,23.21052631578948,29.251071595745803,20.83259145906065,40.0,52.025437201907785,25.77632567650716,True,1.056206063507592,0.8291139240506329,False,False,False,81.78616842637885,False,False,False,False,29.45552013582236,False,False,32.43461564527576,31.08748259460186,28.43190413555451,False,False,False,Reject,Reject,Reject,weak RS,weak RS,weak RS,10,0,0.0,51.19029470983454,70.60551559080363,22.067463388380904,1.0,0.1824817543653746,1.0,6.479564386952434,0.0,0.0,0.381393134018424,0.26656330467681943,0.0,0.0,0.0,0.0,0.0,0.0,18.333333333333336,23.166666666666668,0.0,1.8266666412353516,0.0,0.0,0.05,0.16666666666666669,0.33333333333333337,0.5,0.0,2.6766889037021926,0.07466833392427631,76.0,-2.0946912538287563,-0.7825680641973518
GUNGF,27.0,17.5,30.0,44.99999999999999,40.0,24.50651866995304,29.000000000000004,46.020833333333336,30.0,30.0,100.0,32.374916048300115,29.000000000000004,44.062611734113446,23.47554862504088,30.0,58.893481717011134,29.292257735761165,True,0.7220773655340198,0.929936305732484,False,False,False,75.44372501728131,False,False,False,False,1.2545598141826275,False,False,27.82418569661879,29.876439078869016,29.58434840731509,False,False,False,Reject,Reject,Reject,weak RS;low breakout volume,weak RS,weak RS,33,0,0.0,40.870714667236406,68.11785777872734,0.0,0.0,0.2529550602501233,5000000000.0,0.0,0.0,0.0,0.0,0.0,0.0,0.0,0.0,0.0,0.0,0.0,18.333333333333336,23.166666666666668,79.00000095367432,26.333333651224773,0.0,0.0,0.05,0.16666666666666669,0.33333333333333337,0.5,0.0,2.614108876741886,0.044779728757179144,76.0,-2.0528218473700512,-0.7852855195261037
HDM.F,37.99218458862988,36.93848948498106,35.816644037112475,43.44698206468589,0.0,37.69582839025718,35.7484574930639,44.13463127868953,40.18538046849635,35.0,68.82577156268546,37.64418743981805,21.944450419445044,65.95644907036069,53.75000000000001,50.0,100.0,37.99020042560396,True,0.4294663234360483,0.3227848101265823,False,False,False,64.82008615036648,False,False,False,False,78.27642909427527,True,False,37.7392105121948,37.75831952564165,37.874259975622806,False,False,False,Reject,Reject,Reject,MA-long declining;low breakout volume,weak RS;low breakout volume,MA-long declining;weak RS,13,0,0.0,63.28421189601259,55.1775014882791,75.44427750761284,1.0,0.0,0.391139307708643,1.1596209599784837,0.0,0.0,0.0,0.11596209599784836,0.0,0.0,0.0,0.0,0.0,0.0,18.333333333333336,23.166666666666668,5779.113069796562,1969.5276438713074,0.0,0.0,0.05,0.16666666666666669,0.33333333333333337,0.5,0.0,2.297629043107206,0.037427173535187826,76.0,-1.7980511125080196,-0.7825680641973518
HDMA.F,28.500000000000004,51.50086745188837,39.01162285234724,35.84072170695212,60.0,35.41498535848393,28.02380952380953,51.27428143557567,28.134388345847228,30.0,0.0,32.34457263164373,22.52547770700637,64.87061312057452,31.68653038551695,44.99999999999999,0.0,34.32270757110746,False,0.1264184310305587,0.9746835443037974,False,False,False,48.85717057254748,False,False,False,False,59.45406248072648,False,False,34.27540598295658,33.55209565885089,33.93740161497917,False,False,False,Reject,Reject,Reject,below MA-long;MA-long declining;weak RS,below MA-long;MA-long declining;weak RS,below MA-long;MA-long declining;weak RS,14,0,0.061202361429977,33.01177358855384,15.338179324273154,59.52216498497484,2.0,0.0,1.0677966101694916,4.354262156519055,0.0,0.0,0.0,0.4354262156519055,0.0,0.0,0.0,0.0,0.0,0.0,45.0,63.99999999999999,345.0,268.399520556132,0.4911011968787575,2.162056615277196,0.05,1.0,1.0,0.5,72.59921719807542,0.048015656038491464,0.03066347075837823,76.0,-0.03757551899720815,-0.7825680641973518
HIA1.F,66.279441496696,30.87752809525008,33.85922757987249,50.0,53.254541238308725,39.32495023615424,65.00378976918827,35.32349269262075,34.757537552103315,35.0,0.0,39.067630469241614,70.65288900954708,43.15602827900321,53.75000000000001,30.0,0.0,41.6023547971227,False,0.0,0.0253164556962025,False,False,False,90.1098465779791,False,False,False,True,65.26039247153585,False,False,39.70323521827415,39.87951172098847,40.74093325905558,False,False,False,Reject,Reject,C,low breakout volume,low breakout volume,,9,0,0.0,67.92155780593161,64.50814922241273,73.04167068120995,1.0,0.0071174647766674,0.2404007800416919,23.14162020627977,0.0,0.0,0.0,0.3141620206279767,1.0,1.0,0.0,0.0,0.0,0.9878787878787879,10.0,9.0,7522.869970798492,6973.512105123202,-0.07749409094663481,-0.2094531305080536,0.05,0.0,0.0,0.5,0.0,21.861969772745812,-0.00017910043426000997,76.0,-17.108479364598708,-0.7825680641973518
HMC,26.11239662860056,46.2472597079428,83.75,47.12881694013858,83.47655819529781,39.584478786082805,24.908373691610688,38.81885749835661,41.25,30.0,86.64725889257629,30.553920868374128,19.31920823209947,44.72230804030318,40.57803550259325,44.99999999999999,0.0,30.72528527883238,False,0.0300123182869005,0.9872611464968152,True,False,False,45.71203892769361,False,True,False,False,63.065858102466485,False,False,35.10347270932012,32.41144177505334,31.56836352694286,False,False,False,Reject,Reject,Reject,below MA-long;MA-long declining;weak RS;low breakout volume;stop > 1.5 ATR,below MA-long;MA-long declining;weak RS,below MA-long;MA-long declining;weak RS,8,0,0.0399334046552635,22.584677493190146,10.483386152661351,40.73661450398332,0.0,0.0,1.079616533296856,2.984386063272539,0.0,0.0,0.0,0.2984386063272539,0.0,0.0,0.0,0.0,0.0,0.7432439663937497,74.30166938751996,74.62708673439995,58861407.556324005,48637281.63417816,0.035810016325119806,0.14014618024126685,0.85,0.4650834693759984,1.0,0.5,15.57112777657762,1.1885774444684476,0.4467099193889728,76.0,-0.9333726559764135,-0.7852855195261037
HMC.BA,19.0201916495551,43.72417670774265,83.75,50.0,70.53955323360063,34.97841621722497,24.25770020533881,42.843419413207215,48.75,30.0,85.20293122886133,31.697605930672363,21.882636281614715,50.30767045237299,37.42922992368018,30.0,0.0,30.25318962212358,False,0.0,0.9808917197452228,True,False,False,46.78755066972929,False,True,False,False,62.55147749679119,False,False,33.04912781223891,31.92044309541825,31.08681635877092,False,False,False,Reject,Reject,Reject,below MA-long;MA-long declining;weak RS;low breakout volume;stop > 1.5 ATR,below MA-long;MA-long declining;weak RS,below MA-long;MA-long declining;weak RS,8,0,0.0310033821871476,29.80674510627714,14.914737611525986,52.144756348403874,1.0,0.0,2.7864265515701745,7.058671034577929,0.0,0.0,0.0,0.20586710345779294,0.5,0.0,0.0,0.0,0.0,0.3172043010752688,67.54195905045424,67.08391810090846,28067609.0,20697482.11106771,0.32185597852382697,0.010167836201816938,0.65,1.0,0.5027972700302823,0.5,24.912191896234305,1.001756162075314,0.2761169970762288,76.0,-0.752349290667384,-0.7510303596323882
HNDAF,23.632075471698112,46.64465162488047,53.75000000000001,41.5835862823398,98.55948754003596,34.62685197478991,28.500000000000004,42.16797532812087,46.07984113251894,30.0,82.91614755669588,33.56995867560722,22.00788921342708,58.06775508120137,35.774610175530505,46.49851166527784,0.0,33.98643029989493,False,-0.0101316598597266,0.9808917197452228,True,False,False,47.70684009450273,False,True,False,True,59.26114403336358,False,False,34.1816996500561,33.90627882273007,33.9463545613125,False,False,False,Reject,Reject,Reject,below MA-long;MA-long declining;weak RS;low breakout volume,below MA-long;MA-long declining;weak RS,below MA-long;MA-long declining;weak RS,13,0,0.0645161194286092,23.05100344415716,11.624569049869097,40.19065503558925,1.0,0.0797545761010184,0.7487703785576126,40.66887213832232,1.0,0.0,0.0,0.06688721383223177,1.0,0.0,1.0,0.0,0.0,8.181818181818182,52.5,68.5,1146398.7814569473,524111.5590063731,0.5759943884086538,2.131819049367075,0.2,1.0,1.0,0.5,53.34264090628194,0.4331471818743611,0.12678922346516516,76.0,-0.3401442097494754,-0.7852855195261037
HOCPF,28.127357100560346,36.83753109566288,30.0,30.0,0.0,30.41538843636618,30.70184587054701,48.98871602170303,30.0,30.0,0.0,33.46935622640764,45.79527082816875,50.50427690877658,26.93422905581759,30.0,45.92050874403815,34.788361033770855,False,0.0,0.3248407643312102,False,False,False,46.70294675748456,False,False,False,False,34.990743274570576,False,False,32.20617329285955,33.25426411060831,34.021312572189586,False,False,False,Reject,Reject,Reject,below MA-long;weak RS;low breakout volume,below MA-long;weak RS;low breakout volume,weak RS;fresh TD Sell 9,16,0,0.3754044628252215,44.59867743928528,58.97082204069724,23.04046053716734,1.0,0.1011401161036033,7.166666666666667,0.7611252408779703,0.0,0.0,0.0,0.07611252408779703,0.0,0.0,0.0,0.0,0.0,0.0,35.167896069347854,44.3357921386957,23939.619750976562,18072.346598307293,0.20110434224796125,0.0006715842773914044,0.05,1.0,0.3445264046231901,0.5,72.92311997373578,0.041537600525284386,0.0810585903960684,76.0,-0.032618876208365705,-0.7852855195261037
HOCPY,32.96354802141243,41.730885736154754,30.0,30.0,0.0,32.738232170455674,35.371649145578964,42.7889145828714,29.55611820175684,41.762348880192505,0.0,35.2293575333248,42.01275253646181,50.12502265168286,20.48946880181492,35.0,42.868044515103335,31.80838854826077,False,0.0,0.6496815286624203,False,False,False,47.52324306278287,False,False,False,False,36.45904819672688,False,False,33.299601054877435,33.70484176523176,32.756615156746264,False,False,False,Reject,Reject,Reject,below MA-long;weak RS,below MA-long;weak RS,weak RS;fresh TD Sell 9,9,0,0.316189342748419,56.34092737483397,76.94500826199442,25.43480604409332,1.0,0.1254074653656445,0.9208136623748212,13.983767753445262,0.0,0.0,1.0,0.017071544541518328,0.3813052308030078,0.0,0.0,0.0,0.0,0.7680608365019012,27.500000000000004,19.5,6107411.893997192,6357502.101389567,-0.09124840576890376,-0.06302886721608342,0.4,0.0,0.0,0.5,21.62958251273267,1.0674083497453466,0.45042776963843983,76.0,-0.8382203204762755,-0.7852855195261037
HTHIF,31.804848632451844,40.26818708316034,37.372824799349246,36.96015847627034,99.37192406843216,35.16590961673288,33.26073724030199,50.1723591612259,27.84417805322273,36.03424677264515,89.67403521918321,34.28585615548057,34.71650820199781,46.46711768566788,23.11688569886564,48.621256960064905,55.0779014308426,33.53424153794455,False,0.0,0.6305732484076433,False,False,False,51.608624365205785,True,False,False,False,52.97423657558373,False,False,34.57555996259953,34.236382462470225,33.88531200020739,False,False,False,Reject,Reject,Reject,below MA-long;weak RS,below MA-long;weak RS;low breakout volume,weak RS,8,0,0.2338144877158905,37.71962877311271,47.14575603439945,23.580437881182608,1.0,0.090856342490489,1.6066606660666067,23.004756945850087,1.0,0.0,0.0,0.3004756945850083,0.0,0.0,0.0,0.0,0.0,11.892307692307693,10.0,9.0,833650.6439781189,895308.7322012583,-0.0360692312024444,-0.27406775403311,0.05,0.0,0.0,0.5,10.393741870878081,1.2921251625824384,0.26761981413840635,76.0,-1.0146871795913013,-0.7852855195261037
HTHIY,29.381427405459327,45.58362835407255,42.5,43.16456959924136,89.7476759628154,36.62555403552985,30.10782624467217,45.75486538844892,21.49236149759874,34.15449366967568,95.6687898089172,29.50019965753357,30.120964789298377,43.97072624813395,22.937258289541425,53.23031617804418,0.0,32.668865877699126,True,0.2788914749515087,0.7579617834394905,False,False,False,50.573069656321735,True,False,False,False,51.57052885065824,False,False,33.696610090564825,31.875870399182496,32.27236813844081,False,False,False,Reject,Reject,Reject,below MA-long;weak RS;low breakout volume,below MA-long;weak RS;low breakout volume,weak RS,9,0,0.2756115874054912,59.57307422946736,59.68634129184529,59.40317363590047,2.0,0.0289086522956487,0.7794901231033495,12.162562084058056,0.0,0.0,0.0,0.406727641323912,0.8095285670818935,0.0,0.0,0.0,0.0,0.8756744076941121,27.500000000000004,19.5,12075154.739961624,15183972.235107422,-0.02573293018813054,-0.14326484141957824,0.4,0.0,0.0,0.5,0.0,1.8131003642840595,0.4909035601627389,76.0,-1.4238014615197756,-0.7852855195261037
HYB.F,63.69165265468026,40.56889602920683,30.0,30.0,60.0,36.75116317493402,44.66506417829186,32.80689697307636,31.561382378539243,35.0,0.0,34.484986314854325,53.10764893873385,40.975176676392,36.28203125467645,30.0,0.0,36.628810755319776,False,0.0,0.4493670886075949,False,False,False,81.7192281115153,False,False,False,False,52.24757387099772,False,False,36.04683963298727,35.5813690190099,36.10508988716484,False,False,False,C,Reject,C,,low breakout volume,,12,0,0.0,49.670838983831246,61.84755108471657,31.40577083250325,1.0,0.125193199381762,0.8573913043478261,40.5424701938409,1.0,0.0,0.7125848912283184,0.3416621281557712,1.0,0.0,0.0,0.0,0.0,12.5,29.538146559217704,44.67268319902213,10865.352685546875,9451.380817826588,0.007228879355306229,0.14127746567406027,0.05,0.22690732796088525,1.0,0.5,0.0,12.043128065336816,0.006174347551409982,76.0,-9.42456741697143,-0.7825680641973518
IOC.F,26.191438137101645,27.193490038774232,42.0,30.0,49.87647831800263,28.93922386518359,32.66610927203664,29.430709064369044,34.20271106949001,43.14249577632383,40.78993831395295,32.806554447825185,47.59435562289568,46.69906783268952,33.253003803785575,25.0,51.26232114467408,33.75007477762486,True,0.2248806468129821,0.0189873417721519,False,False,False,77.45416164966895,False,False,False,False,65.23761521738732,False,False,31.06159322246432,32.31614443023677,33.03310960393082,False,False,False,Reject,Reject,C,weak RS;low breakout volume,weak RS;low breakout volume,,11,0,0.0,46.06787115802912,71.08866127520626,8.5366859822634,0.0,0.1311333203526516,1.1989484175706715,30.784165572570494,0.532394366197183,0.0,0.5405506439807173,0.47307718088196576,1.0,0.0,0.0,0.0,0.0,1.532394366197183,30.0,34.0,39074.167917108534,29953.15632713636,0.1623222476388783,-1.1780548402559374,0.05,1.0,0.0,0.5,0.0,3.5745487970059795,0.037646366482710435,76.0,-2.797327732451942,-0.7825680641973518
IOC.VI,37.139229852043535,24.00941518671815,48.25,30.0,60.0,29.98790232176266,32.35774933048685,33.32503196184961,34.297432366547135,43.466192509967314,63.84393457483445,34.596700905324425,49.97293804054221,55.489563023551256,33.01312570178218,25.0,50.49920508744038,35.44264309240335,True,0.2329371013235237,0.7215189873417721,False,False,False,77.78314419626415,False,False,False,False,67.45096360645076,False,False,32.46149005095933,33.92872384473575,34.68568346856955,False,False,False,Reject,Reject,C,weak RS;low breakout volume,weak RS;low breakout volume,,10,0,0.0,45.092615271701554,55.527726531636965,29.43994838179844,0.0,0.1252189400720082,0.6234817813765182,1.16004264519198,0.0,0.0,0.04697512837359863,0.06902913614559937,0.0,0.0,0.0,0.0,0.0,0.0,18.333333333333336,23.166666666666668,81.91049795150757,-17.608475732803345,0.0,0.0,0.05,0.16666666666666669,0.33333333333333337,0.5,0.0,3.616249833844764,0.03846370960721755,76.0,-2.829961632125892,-0.7825680641973518
ISU.F,46.75,52.83295869458519,45.622724330260006,45.29410271780545,70.0,47.10495625134446,43.36324786324786,64.79501783625898,32.69757645162243,42.22264365505226,96.33187988590086,41.95553220873032,25.07443970117396,67.13145820189739,53.75000000000001,30.0,100.0,36.25260016331696,True,0.4694323323825071,0.9683544303797468,False,False,False,66.50991027567247,False,False,False,True,77.07736405498544,True,False,43.38965782095471,41.27453740362914,38.76356878347305,False,False,False,Reject,Reject,Reject,MA-long declining;stop > 1.5 ATR,weak RS,MA-long declining;weak RS,14,0,0.0,56.67224127508818,79.18362212809652,22.905169995575697,1.0,0.1122137575742486,7.548387096774194,14.90316129606224,0.0,0.0,0.005800078746416304,0.4845160508598074,1.0,0.0,0.0,0.0,0.0,0.0,30.0,34.0,0.0,167.5399958292643,0.3467681268106641,-1.0177964471749639,0.05,1.0,0.0,0.5,0.0,2.61496421350632,0.04806219979483281,76.0,-2.046387482508991,-0.7825680641973518
ISU.SG,36.75000000000001,27.718888442991503,45.539522572844135,43.036463408174,0.0,33.98307119189787,35.50000000000001,35.459466323520985,32.65049818772118,42.6589040856763,96.24959149982465,35.37247745204318,22.237364620938628,63.50447812161172,32.51349896512803,50.0,100.0,34.846306236494094,True,0.4687465958318721,0.8670886075949367,False,False,False,67.09135904745953,False,False,False,False,77.21270591335728,True,False,34.572540078860705,34.936744835349394,34.891525535921744,False,False,False,Reject,Reject,Reject,MA-long declining;low breakout volume;stop > 1.5 ATR,weak RS;low breakout volume,MA-long declining;weak RS,14,0,0.0,55.73325558457664,79.92244897959183,19.44946549205385,1.0,0.1111534078953922,76000000000.0,24.20965051364475,0.0,0.0,0.9369519642475899,0.6800959183689654,0.8039171687479196,0.0,0.0,0.0,0.0,0.0,18.333333333333336,23.166666666666668,0.0,1096.98663965861,0.0,0.0,0.05,0.16666666666666669,0.33333333333333337,0.5,0.0,2.6467451665525945,0.05004341252314038,76.0,-2.071258241412761,-0.7825680641973518
ISUA.F,41.0,54.05778830730495,38.81755879014324,36.77687253157966,100.0,41.04892435856424,41.0,58.18512995445234,57.50000000000001,37.85714230106449,0.0,44.79266659616016,45.50000000000001,69.86624729919943,30.0,50.0,100.0,43.12305186427324,False,0.0,0.9746835443037974,False,False,False,48.69916703111653,False,False,False,True,55.48035497445788,False,False,42.58687253098481,43.5430337290749,43.33304279667408,False,False,False,Reject,Reject,Reject,below MA-long;weak RS;stop > 1.5 ATR,below MA-long;weak RS,weak RS,11,0,0.3663366009424569,17.32678334047558,14.07611125781061,22.202791464473027,1.0,0.173913082538645,3350000000.0,13.236966388862548,0.0,0.0,0.0,0.3236966388862546,0.0,1.0,0.0,0.0,0.0,0.0,18.333333333333336,23.166666666666668,0.0,0.0,0.0,0.0,0.05,0.16666666666666669,0.33333333333333337,0.5,80.49669496713076,-0.1099338993426154,-0.0026184707643066235,76.0,0.08603075879821705,-0.7825680641973518
ISUZF,35.124547266329685,41.34098568339907,41.25,65.0,98.64828945017868,41.63505215767553,42.420366313080414,53.81817650113613,36.25,65.0,80.60127333914605,45.25930722252464,42.98652883408659,60.41563066527351,26.278027396606447,42.58969734863852,66.29298386971014,38.01489898062253,False,0.0,0.4394904458598726,True,False,False,63.05815575597879,False,True,False,False,40.91374973126409,False,True,41.998298041719664,42.361133736984186,40.18801635880336,False,False,False,Reject,Reject,Reject,weak RS;low breakout volume,weak RS;low breakout volume,weak RS,22,0,0.345794127390798,30.902757873379343,34.1987864246719,25.95871504644051,0.0,0.0758988221424121,50000000000.0,10.0,0.0,0.0,0.0,1.0,0.0,0.0,0.0,0.0,0.0,0.0,35.0,44.0,877.4499988555908,367.53333409627277,0.30825665193723184,0.0,0.05,1.0,0.33333333333333337,0.5,93.8911830674176,-0.3778236613483518,-0.019268542234881805,76.0,0.29669945019119515,-0.7852855195261037
ISUZY,33.83885563463261,43.28254955838122,36.25,31.33562634263519,0.0,34.764644687337906,27.500164962058733,40.60466876092031,36.25,50.0,0.0,34.80275382459001,27.96442687747036,48.78379075732725,30.0,44.183794239856525,0.0,34.690323560778424,False,0.0,0.8726114649681529,False,False,False,43.85571847251339,False,False,False,False,45.46763342450241,False,False,34.76121320320164,34.761402917996115,34.725863239387266,False,False,False,Reject,Reject,Reject,below MA-long;weak RS,below MA-long;weak RS,below MA-long;weak RS,11,0,0.5381425034519292,20.057422276083457,15.751242220419268,26.516692359579736,1.0,0.1585067398042644,0.8622957555834864,13.064951271343595,0.0,0.0,0.35417541386632667,0.42290728858022075,0.529412424687812,0.0,0.0,0.0,0.0,0.8775292864749734,23.30403172005341,24.133260419949575,1482739.4050359726,1523594.1370026271,-0.012201575838742066,-0.001982822560624993,0.2,0.06498686801048278,0.3002862906562501,0.5,22.612819855973843,1.0477436028805232,0.4015995005713078,76.0,-0.8227778795181834,-0.7852855195261037
ITOCF,24.5,45.724665963415774,16.683906858241457,38.24137768749822,0.0,26.41078446288339,13.042056074766355,42.21183206855752,38.08536372629913,40.05464778294184,0.0,25.212619945738112,9.436083796494229,49.03238864333137,20.97204330661991,40.0,0.0,21.060715195629697,False,0.0,0.910828025477707,False,False,False,25.50311148840308,False,False,False,False,47.392877172920365,False,False,24.98132125428907,24.206681424134644,22.63369830988217,False,False,False,Reject,Reject,Reject,below MA-long;MA-long declining;weak RS,below MA-long;MA-long declining;weak RS,below MA-long;MA-long declining;weak RS,11,0,0.1281446722074601,19.3859356461512,9.969098851373625,33.51119083831755,2.0,0.1386474322404701,1.732394366197183,31.079326570661298,1.0,0.0,1.0,0.07178724814663094,0.036145408919498356,0.0,0.0,0.0,0.0,12.884210526315789,45.0,63.99999999999999,301557.4015760422,183019.91438070932,0.15663950002349242,0.18440580458780104,0.05,1.0,1.0,0.5,0.0,1.8078576252485792,0.08312142010535059,76.0,-1.4196844144725587,-0.7852855195261037
ITOCY,30.5928062436376,45.202913931350935,30.0,39.85113831281514,0.0,34.62047824936779,31.07682388870038,44.40697155534037,36.25,44.81710879431697,0.0,36.6861350212276,30.850451038018228,40.53886176297228,27.414182966542977,45.0,44.39427662957075,33.382078886663166,False,0.0,0.4904458598726114,False,False,False,46.74551402858881,False,False,False,False,41.9193458297843,False,False,34.99249540838481,35.281786826486304,34.33193285657474,False,False,False,Reject,Reject,Reject,below MA-long;weak RS;low breakout volume,below MA-long;weak RS,below MA-long;weak RS,12,0,0.3228679254269209,29.31779480677826,40.7979137306514,12.097616420968556,0.0,0.1277235694473711,1.22473971679029,19.812253675871933,0.1295019157088122,0.0,1.0,0.12221644992595043,0.6000050862436184,0.0,0.0,0.0,0.0,1.1295019157088122,49.75539192778436,58.56923990973044,6485648.475322723,5478540.112390518,0.023532351566706154,0.11770575128237093,0.4,0.36276959638921796,1.0,0.5,28.794227496521092,0.9241154500695782,0.45695222035683086,76.0,-0.7256944813099878,-0.7852855195261037
IX,77.1194682098869,67.63093439212338,55.62459137135774,35.0,0.0,50.40276961044764,77.46067756644764,68.62329701927588,53.75000000000001,50.0,61.909456065439386,58.56402831998391,72.08133050906935,63.97670535542249,48.75000000000001,45.0,69.94122815391847,53.51827390657946,False,0.0,0.8407643312101911,True,False,False,72.02070637630005,False,False,False,False,71.74777718273428,False,True,53.47424808253488,55.41805025405532,54.46816208031739,True,False,False,C,Reject,C,,low breakout volume,,8,0,0.4563703178732086,64.26798177195654,78.07234618537116,43.561435151834615,0.0,0.0380760699595634,0.7386184592333097,8.409574795184973,0.0,0.0,0.0,0.8409574795184973,0.0,0.0,0.0,0.0,0.0,0.2355574154670237,42.5,49.5,13435780.57066536,12432227.356884005,-0.0293356769798221,0.1741950257634061,0.4,0.0,1.0,0.5,33.51272339057405,0.829745532188519,0.4442069179094756,76.0,-0.6207121685180959,-0.7480753368818013
JAP.F,51.54482294935006,54.83593524647339,22.5,30.0,0.0,33.95073859741907,52.05983076424133,57.943465165976114,29.76039792278608,35.0,0.0,39.39793490642615,66.68758581138509,65.18663767872445,40.19445396878687,45.0,0.0,50.03293708729944,False,0.0,0.5063291139240507,False,False,False,73.31811610110445,False,False,False,False,46.96261049988459,False,False,38.80133718809727,41.49899629888672,45.76596669309308,False,False,False,Reject,Reject,C,low breakout volume,low breakout volume,,13,0,2.653258277059185,48.94080152598577,74.75232769946398,10.223512265768466,0.0,0.2217654636367418,193550000000.0,9.134377526516978,0.0,0.0,0.4247613626502966,0.4886763900014013,0.0,0.0,0.0,0.0,0.0,0.0,18.333333333333336,23.166666666666668,3191.098785209656,1720.2943238894145,0.0,0.0,0.05,0.16666666666666669,0.33333333333333337,0.5,100.0,-3.922770695932608,-0.009865788247751058,76.0,3.0698350698060795,-0.7825680641973518
JAPAF,54.37101496824946,54.03121688309162,30.0,30.0,0.0,38.06952191646654,42.4072302269464,47.96595576583883,37.986861614077775,37.97616125602099,54.16410640689397,40.704642147993056,53.9421278037426,56.55357280675263,33.95746733672715,30.0,42.10492845786963,39.149870043385846,False,0.0,0.643312101910828,False,False,False,52.8783981867792,False,False,False,False,48.64563171294148,False,False,39.07612761130836,39.71118647030559,39.43052825684572,False,False,False,Reject,Reject,Reject,weak RS,weak RS,weak RS,11,0,0.3244788060792729,47.7306255939326,62.55076021828522,25.50042365740367,1.0,0.1533364836631927,2.9664804469273744,14.248495466101721,0.0,0.0,1.0,0.4248495466101721,0.0,0.0,0.0,0.0,0.0,0.0,45.0,63.99999999999999,217510.3975868225,95734.69888687134,0.41825407370861756,35.90177646016211,0.05,1.0,1.0,0.5,32.52446390611464,0.8495107218777072,0.13049472823246144,76.0,-0.6671084685727307,-0.7852855195261037
JAPAY,51.05666602065588,48.06192950351157,31.25,50.0,45.636747129130526,41.024293448404,40.68770983812887,51.644167005907136,50.07963866402187,51.18363444664844,49.8478831022855,45.980527049716855,61.18702698001543,58.72706439612204,47.5,45.0,71.57384285072749,50.74399125317381,False,0.0,0.4904458598726114,False,False,False,58.08672406592849,False,False,False,False,51.59503171153342,False,True,44.455103089751816,46.418319590491365,48.58115542183259,False,False,False,Reject,Reject,Reject,weak RS;low breakout volume,weak RS;low breakout volume,weak RS,10,0,0.1984924517756492,77.35165773332398,77.35165773332398,,,,,33.1807328388785,1.0,0.0,1.0,0.31807328388784994,0.0,0.0,0.0,0.0,0.0,4.2967914438502675,17.5,13.5,1646844.9911689758,3453383.1015459695,-0.16232481686171135,-0.10143511188419346,0.2,0.0,0.0,0.5,63.05758859710865,0.2388482280578271,0.22284461139685055,76.0,-0.18756405485828007,-0.7852855195261037
JAT.F,28.69064748201439,49.33996711948129,31.25,44.23846287930253,58.26172992192935,35.39349837780751,36.181274900398414,31.95025116208049,51.963647265431845,39.33498126379291,73.20063722257487,36.37034060273019,17.189166283927126,47.711471970108455,32.51991347847995,50.0,65.08744038155803,29.404473058817725,True,0.4811796231019922,0.3164556962025316,False,False,False,67.55770091091566,False,False,False,False,50.68275928894386,True,True,34.48874598148635,34.08521189457191,31.74484247669482,False,False,False,Reject,Reject,Reject,weak RS;low breakout volume;fresh TD Sell 9,weak RS,MA-long declining;weak RS,12,0,0.0,63.6578735807575,76.10696385985814,44.98423816210655,0.0,0.0697606879431259,0.3199523052464229,10.499354260129886,0.0,0.0,1.0,0.04993542601298857,0.0,0.0,0.0,0.0,0.0,0.0,10.0,9.0,1336.4154947280883,23094.18186747233,-0.2730955077920351,-0.5861693112704608,0.05,0.0,0.0,0.5,0.0,1.8903420728509455,-0.0026136391828685407,76.0,-1.4793213366217737,-0.7825680641973518
JAT.SG,28.99203187250996,46.57939284675079,31.25,50.0,60.0,35.91449064574152,36.16225165562914,34.704197921383226,50.459618298262434,42.09964717237735,81.29135331171973,38.1722472064796,19.38410379415613,51.00147227616599,47.5,50.0,95.6120826709062,33.31414297451366,True,0.4834970932665918,0.4873417721518987,False,False,False,67.35448265404872,False,False,False,False,53.05771643622995,True,True,36.07174807971737,36.2632646247422,34.78870379962793,False,False,False,Reject,Reject,Reject,weak RS;low breakout volume;fresh TD Sell 9,weak RS;low breakout volume,MA-long declining;weak RS,10,0,0.0,62.864412499423096,78.18950307257929,39.876776639688806,0.0,0.0684694294689767,0.620347394540943,15.202166740691824,0.0,0.0,1.0,0.2140897764436472,0.30612689762553513,0.0,0.0,0.0,0.0,0.0,10.0,9.0,2507.2199668884277,4351.724299939474,-0.16461279521369607,-0.541804917550612,0.05,0.0,0.0,0.5,0.0,2.1057914297481393,0.006336415307977694,76.0,-1.6479251227813752,-0.7825680641973518
JAT.VI,27.0,42.54769270220383,31.25,45.13680616863187,60.0,33.46322626018002,31.500000000000007,32.16788169879348,52.23026434503601,36.86932563808058,97.46428863822408,34.98601710970497,26.75,69.6522996508133,32.54923465385748,50.0,100.0,38.3681232996041,True,0.4788690719852005,0.9430379746835444,False,False,False,67.71751042539603,False,False,False,False,51.30768598545568,True,False,34.90104292292232,35.69609079676972,37.03210704818692,False,False,False,Reject,Reject,Reject,weak RS;low breakout volume;fresh TD Sell 9,weak RS;low breakout volume,MA-long declining;weak RS,14,0,0.0,59.2061487589491,86.05071519652411,18.939299102586585,0.0,0.0688073810890107,10000000000.0,13.298079234953597,0.0,0.0,1.0,0.32980792349535976,0.0,0.0,0.0,0.0,0.0,0.0,18.333333333333336,23.166666666666668,0.0,111.06666564941406,0.0,0.0,0.05,0.16666666666666669,0.33333333333333337,0.5,78.55109444301314,-0.07102188886026278,-0.006687221294287998,76.0,0.0555794620810153,-0.7825680641973518
JATA.F,48.40591324123776,56.48021065495927,36.25,50.0,60.0,44.64224587564772,69.31623071658181,58.73310888098112,50.6460648873673,47.49999046325684,60.0,53.7006499024516,73.80872733657485,69.28102668517091,47.5,30.0,85.6164426511884,46.06195286072345,False,0.0,0.981012658227848,False,False,False,59.348362458737725,False,False,False,False,51.442943512313946,False,True,47.64370848070403,49.59735998457238,47.82965642264792,False,False,False,Reject,Reject,Reject,weak RS,weak RS,weak RS,15,0,0.2060330754363724,62.030553491958536,89.2137613527274,21.25574170080524,0.0,0.0650887250073839,1000000000.0,11.202053126335745,0.0,0.0,1.0,0.12020531263357453,0.0,0.0,0.0,0.0,0.0,0.0,18.333333333333336,23.166666666666668,0.0,0.0,0.0,0.0,0.05,0.16666666666666669,0.33333333333333337,0.5,89.8870108638582,-0.29774021727716393,-0.039739112253397026,76.0,0.2330019854682891,-0.7825680641973518
JHJ.F,20.85356811862836,25.56477577659505,30.0,35.29411805954767,60.0,25.29031147199967,51.87071362372567,26.34863792782481,29.07919124687029,44.1512420863135,90.67758749069247,33.256358851912,41.77444703143191,60.70737132591857,33.468871158966195,50.0,90.52464228934818,42.7723837974468,True,0.507729820014559,0.6518987341772152,False,False,False,71.09262128696838,False,False,False,False,58.52278181109202,True,False,31.176540151062795,34.51795685958997,38.64517032851839,False,False,False,Reject,Reject,Reject,weak RS;low breakout volume,low breakout volume,MA-long declining,12,0,0.0,51.84809049436893,74.53996008983077,17.81028610117618,1.0,0.2023809388651593,157.375,17.65627218564476,0.0,0.0,0.0,0.7656272185644757,0.0,1.0,0.0,0.0,0.0,0.0,30.0,34.0,68.83249988555909,270.99083642959596,10.961425675828446,-33.11953210498532,0.05,1.0,0.0,0.5,0.0,2.3725514565206844,0.008023030497506065,76.0,-1.8566830005379995,-0.7825680641973518
JPHLF,19.0,26.27777777777778,41.25,65.0,40.0,28.97963467444568,39.0,24.25,19.38538019566635,57.0333940279817,97.4672161858374,28.45188499958771,36.75000000000001,29.620866646608988,32.780793031816785,50.0,79.07790143084262,34.34038053298524,True,0.504211283140119,0.7961783439490446,False,False,False,80.70292205690943,False,False,False,False,97.62852620193208,True,False,29.8934589436962,30.323983594578564,32.3321820637819,False,False,False,Reject,Reject,Reject,weak RS;low breakout volume,low breakout volume,MA-long declining,27,0,0.0,68.4654579201337,71.99886830962755,63.16534233589293,0.0,0.0195275933260202,0.0,0.0,0.0,0.0,0.0,0.0,0.0,0.0,0.0,0.0,0.0,0.0,15.000000000000002,19.0,0.0,95.81666787465413,-0.1801125703564727,0.0,0.05,0.0,0.33333333333333337,0.5,0.0,2.7389320235246974,0.008607730736065345,76.0,-2.1508436570402747,-0.7852855195261037
JPPHY,54.88953723251184,54.4483610267755,52.99429250543627,35.0,60.0,44.51172872801056,79.7999844059792,70.95395700311337,53.75000000000001,30.0,73.61606740297705,48.016448525074416,72.47947907640553,62.653621960745376,47.5,35.0,59.05906765959983,47.70415058694022,False,0.0,0.9554140127388536,True,False,False,65.63840974418628,False,False,False,False,61.08543309929745,False,True,46.20162903891565,47.22181518422138,47.4629828855808,False,False,False,Reject,C,C,low breakout volume,,,15,0,0.5410022494040878,65.87744560993363,82.41369240311501,41.07307542016159,1.0,0.1689961808190765,0.3579703302888893,24.060371990277496,0.0,0.0,0.7347992869306395,0.67123791209711,0.0,0.0,1.0,0.0,0.0,0.5403726708074534,23.871546353617035,34.72885952870619,39566.88795437813,50390.86333947182,-0.0038861345717769165,0.02474360846231942,0.05,0.13428221190185904,0.7457268077053237,0.5,31.507997513074365,0.8698400497385127,0.1783053187761772,76.0,-0.6830727953635198,-0.7852855195261037
JPXGY,52.84000808960332,54.42379608887881,46.25,50.0,100.0,49.712710477295765,60.361117603385054,70.80039079157486,44.17419995489012,32.946221339955514,100.0,45.67563805485525,50.96189248806067,55.64537969540526,35.86566135297828,25.0,60.0,36.07320326906197,False,0.0,1.0,True,False,False,56.15034582897349,True,True,False,True,61.65482984121487,False,False,45.77368730891685,43.60232210360537,39.83776268633367,False,False,False,Reject,Reject,Reject,weak RS;stop > 1.5 ATR,weak RS,weak RS,9,0,0.2844990785054246,55.53469433696575,71.87396209191391,31.02579270454351,0.0,0.0295903136792493,1.3735350935774435,30.549292456200305,0.0,0.0,1.0,0.3579549948325264,0.6969742507875041,0.0,1.0,0.0,0.0,0.5480961923847696,52.5,68.5,4900964.659609795,3026769.799156189,0.16111847341634228,1.1969499737367266,0.2,1.0,1.0,0.5,29.637602507565337,0.9072479498486933,0.3730969682628817,76.0,-0.7124486776359236,-0.7852855195261037
JUS1.F,57.00000000000001,53.646144859007705,30.0,30.0,0.0,38.35167391550255,49.0,47.431998440750704,45.0,35.0,59.410275502606105,41.19926662817789,55.62844036697248,44.38142048253284,31.25,30.0,52.025437201907785,36.78644191848981,False,0.0,0.8291139240506329,False,False,False,51.47219006138473,False,False,False,False,34.361567346105474,False,False,38.89290532990261,39.3059006727364,38.04617129561311,False,False,False,C,C,Reject,,,fresh TD Sell 9,9,0,1.0347823231342228,34.18721988839132,53.01435884491254,5.946511453609487,0.0,0.3363636190241033,4.842615012106537,25.032305117969322,0.0,0.0,1.0,0.5032305117969321,0.0,1.0,0.0,0.0,0.0,0.0,45.0,63.99999999999999,731.7500066757202,402.2316680431366,0.19512877035425896,1.243054327885695,0.05,1.0,1.0,0.5,100.0,-2.2701830389589888,-0.06566817345917289,76.0,1.776572746171797,-0.7825680641973518
JXHLY,31.02861235549356,37.72782918159555,30.0,30.0,0.0,31.68515433135943,33.23349109014014,45.382232305460604,33.73427629385946,42.710689685007054,0.0,37.24765088956735,41.13478427844876,49.58414176764392,21.7288662633804,45.0,55.841017488076304,33.93211195167866,False,0.0,0.8343949044585988,False,False,False,49.50512960731288,False,False,False,False,42.44368375265972,False,False,33.80329482288565,35.14048989655915,34.536300924118905,False,False,False,Reject,Reject,Reject,weak RS;low breakout volume,below MA-long;weak RS,weak RS;fresh TD Sell 9,11,0,0.6672311460168998,47.62211151606493,69.48218295650202,14.832004355409312,1.0,0.1987366456632795,1.2250530785562632,22.240719582428195,0.0,0.0,1.0,0.22407195824281945,0.0,1.0,0.0,0.0,0.0,0.6666666666666666,30.0,34.0,38016.099581718445,39502.93326218923,0.12878093034437274,-0.39620877544193195,0.05,1.0,0.0,0.5,24.564626532991696,1.008707469340166,0.200779363628201,76.0,-0.7921233691106536,-0.7852855195261037
KAO.F,37.0,50.83713086243923,41.51697508065014,40.50294063003168,100.0,40.92081854501499,29.000000000000004,35.8611261179204,61.73747965593568,33.15047851152603,99.91064780342516,34.720578400225214,34.280996523754354,37.966522395334906,21.164334263666284,25.0,52.025437201907785,27.112179125997454,True,0.7429658188147271,0.8481012658227848,False,False,False,71.11258455230445,False,False,False,False,52.606449887583565,False,False,36.29901861777455,33.67810664691484,30.39514288645615,False,False,False,Reject,Reject,Reject,weak RS,weak RS,weak RS,9,0,0.0,57.535728185102336,60.839177315756274,52.58055448912143,1.0,0.0841949365610744,0.2823529411764706,9.101109582744186,0.0,0.0,0.8586791239337677,0.051431834340650996,0.0,0.0,0.0,0.0,0.0,0.0,10.0,9.0,0.0,341.4248238881429,-0.05955994885205849,-0.2961098474177269,0.05,0.0,0.0,0.5,0.0,3.0278363163174005,-0.004239875275674424,76.0,-2.3694880047669487,-0.7825680641973518
KAOCF,24.5,66.61611682238102,48.75,35.0,100.0,36.39526145397646,24.5,65.58929732690572,30.0,31.06324214952787,0.0,32.81392820102725,23.07142857142857,26.0415670095121,29.04980458489868,43.19023361920614,0.0,27.43502593975064,False,0.0,0.8726114649681529,False,False,False,44.498160979934376,False,False,False,True,54.23086853247291,False,False,33.52881437524653,31.91652417323411,29.675775056492373,False,False,False,Reject,Reject,Reject,below MA-long;MA-long declining;weak RS;stop > 1.5 ATR,below MA-long;MA-long declining;weak RS,below MA-long;MA-long declining;weak RS,20,0,0.094155834102775,13.313695103899962,8.60928065840667,20.370316772139898,0.0,0.0507155502109145,210000000000.0,0.0,0.0,0.0,0.0,0.0,0.0,0.0,0.0,0.0,0.0,0.0,18.333333333333336,23.166666666666668,7183.900260925293,2844.733428955078,0.0,0.0,0.05,0.16666666666666669,0.33333333333333337,0.5,74.21158713250679,0.015768257349864073,0.12243331871481153,76.0,-0.012382584165009312,-0.7852855195261037
KAOOY,16.549649008603247,28.58358304169967,67.2286410923608,30.0,0.0,25.92634933887632,19.63696581572512,42.87781066885691,33.64223965841187,40.92672347127667,0.0,29.14067130904676,19.524189410413666,43.96821156956013,24.5056083587947,57.014845310740725,0.0,29.70970816637293,False,0.0582975416518083,0.910828025477707,False,False,False,42.6237648666197,False,False,False,False,49.43374626652668,False,False,27.64731769542677,28.668517972210523,29.18911306929173,False,False,False,Reject,Reject,Reject,below MA-long;MA-long declining;weak RS;low breakout volume,below MA-long;MA-long declining;weak RS,below MA-long;MA-long declining;weak RS,13,0,0.0913770351419167,15.968346956492804,7.166955831260685,29.17043364434099,1.0,0.0797468489665399,1.1879713688703153,9.344104523787419,0.0,0.0,0.8903136389852673,0.04408489259525796,1.1920798216547013e-05,0.0,0.0,0.0,0.0,0.6813515825491874,29.69900229139335,28.748752864241684,2073216.097998619,1896999.996667703,0.05319401374836008,-0.033318663204014894,0.2,0.6099501145696674,0.0,0.5,47.37213442843724,0.5525573114312552,0.22157041119930493,76.0,-0.4339152553752403,-0.7852855195261037
KDDIF,48.03517508736424,52.2317607160522,57.50000000000001,35.0,100.0,43.52317791597498,41.0,68.5753254960603,39.600586672918055,34.14094191991648,97.4672161858374,42.01128415022477,41.0,64.18982544277739,26.54760593496351,38.03065163760634,0.0,37.50168943156549,True,0.7213173172452678,0.7961783439490446,True,False,False,52.70180516243926,True,False,False,False,60.21097906542848,False,False,41.86531208936802,40.96078448777703,39.231236959671264,False,False,False,Reject,Reject,Reject,weak RS,weak RS,weak RS,19,0,0.2042105156078673,37.86342892848134,46.292529411028745,25.21977820466024,0.0,0.0400000435965401,40.0,21.088228261981435,0.0,0.0,1.0,0.10882282619814344,0.0,0.0,1.0,0.0,0.0,0.0,30.0,34.0,4147.424898147583,2076.6582902272544,0.9534424566451595,-0.36127945797508876,0.05,1.0,0.0,0.5,94.47007036829183,-0.38940140736583645,-0.031517089105305804,76.0,0.30579128648747683,-0.7852855195261037
KDDIY,44.9548475879075,44.246372154453645,36.55377146211417,43.4233994596032,60.0,40.75629352331938,41.18319651920503,49.53048048877646,47.73625741040359,30.756987043915828,95.6687898089172,38.40105967299123,36.78089879180239,49.369723473085095,32.988066923434964,25.0,90.52464228934818,32.4860847304594,False,0.0650806661462625,0.7579617834394905,True,False,False,53.51391552466749,True,False,False,False,55.89316621159228,False,True,38.39568160964894,37.09761396029731,34.79184934537835,False,False,False,Reject,Reject,Reject,weak RS,weak RS,MA-long declining;weak RS,11,0,0.1159895433299982,42.61938763509126,40.889408206752776,45.21435677759899,2.0,0.0596929634992679,2.194753336164696,20.45965454883742,0.0,0.0,1.0,0.04596545488374182,0.0,0.0,1.0,0.0,0.0,0.8460686600221484,52.43797071277646,61.92246339097057,8686301.088695526,7156825.943484306,0.03962782427665877,0.0954855529806225,0.4,0.49689853563882314,1.0,0.5,64.44291568901401,0.21114168621971974,0.08715979524642826,76.0,-0.1658065087566702,-0.7852855195261037
KEE.F,58.40219160995505,72.31293294708036,48.75,30.0,53.58676663832418,44.59142338819771,61.69670871257074,63.74911340988718,31.23758571447344,35.0,0.0,42.40505686070978,76.82425068119892,73.18443213485904,53.75000000000001,50.0,0.0,59.32170208717566,False,0.0,0.120253164556962,False,False,False,83.3894319776971,False,False,False,False,63.35410372954548,False,False,46.88156916974692,47.917323734147125,53.6195129106614,False,False,False,Reject,Reject,C,low breakout volume,low breakout volume,,8,0,9.603841506271326,64.92099084374556,98.94054522166512,13.891659276866186,0.0,0.0813418232998126,13.356164383561644,9.751462802741004,0.3999999999999999,0.0,0.0,0.1751462802741006,0.0,0.0,0.0,0.0,0.0,1.4,30.0,34.0,20902.505183410645,13928.482941881815,2.1993242678451863,-3.809659161155701,0.05,1.0,0.0,0.5,100.0,-9.387643286611306,-0.0600772529881053,76.0,6.955847865282876,-0.7409578371180053
KEE.VI,53.0,59.333333333333336,41.25,100.0,100.0,55.155063243234814,53.0,59.333333333333336,41.25,100.0,100.0,55.155063243234814,57.00000000000001,66.33333333333333,53.75000000000001,70.0,100.0,59.56967014333216,False,0.0,1.0,True,False,False,99.99999999043524,False,True,False,False,99.99999987676736,False,False,56.03798462325428,56.47944531326402,58.02455772829809,True,False,False,Reject,Reject,C,low breakout volume,low breakout volume,,36,1,3.0319727919195394,80.2445933585907,80.2445933585907,,,,,0.0,0.0,0.0,0.0,0.0,0.0,0.0,0.0,0.0,0.0,0.0,18.333333333333336,23.166666666666668,0.0,0.0,0.0,0.0,0.05,0.1666666666666666,0.3333333333333333,0.5,100.0,-5.410686853586521,0.0024391754525544,76.0,3.9894378841046576,-0.737325591382215
KEYN.MX,73.63521955289585,49.631791287292,47.5,80.0,0.0,57.07611118247607,57.3396128725001,47.09246509057489,60.00000000000001,50.0,70.0,51.02294281971961,54.765721194636,50.12460824498549,60.00000000000001,50.0,90.7169085794912,52.16321615411863,False,0.0,0.8853503184713376,False,False,False,85.55212172850489,True,False,False,False,99.01185899117544,False,True,54.27758166797764,52.575658492590605,52.36943732335462,False,False,False,Reject,Reject,Reject,low breakout volume,low breakout volume,MA-long declining,33,0,0.0431829780551957,51.41783604191444,41.28835842250859,66.61205247102322,0.0,0.0,0.213235294117647,0.0,0.0,0.0,0.0,0.0,0.0,0.0,0.0,0.0,0.0,0.0,25.0,39.0,0.0,18748.706388346352,-0.06840255056656795,0.1687155195022839,0.05,0.0,1.0,0.5,69.54636188183771,0.10907276236324566,0.06063791790384391,76.0,-0.08387603340528407,-0.7689915574518158
KIK.F,21.59007059885164,21.25983170957728,30.0,50.36496818815468,57.66808379067789,26.23368114329765,35.082724382426754,27.8154113906245,29.15399486147833,35.0,0.0,30.40503647259324,31.16946357646877,35.645372748994376,33.39201725614537,35.0,0.0,33.057853420705314,False,0.0,0.3227848101265823,False,False,False,80.71395045339496,False,False,False,False,59.32319091896194,False,False,28.849922197567864,30.366610491167748,31.71223195593653,False,False,False,Reject,Reject,Reject,weak RS;low breakout volume,weak RS;low breakout volume,weak RS,11,0,0.0,67.02769648926792,75.64870606836335,54.09618212062479,2.0,0.0879016989803098,0.6674237508111616,64.61285348497418,1.0,1.0,1.0,0.4612853484974182,0.0,1.0,0.0,0.0,1.0,1313000000000.0,10.0,9.0,955.2951104164124,1122.7677811940512,-0.1510881130262263,-0.45637739337912775,0.05,0.0,0.0,0.5,0.0,2.534040677561494,-0.01191868666845619,76.0,-1.983059307636644,-0.7825680641973518
KIKOF,52.2408058702805,50.094101124034886,38.790115556425626,65.0,90.60344675444342,47.5713220914088,33.85714285714286,49.14654510350739,47.538063948055374,35.0,87.05622706847721,38.75831445936224,34.75,49.70821358970387,46.25,30.0,86.70906200317965,36.641897363677785,True,0.3776221799364011,0.7643312101910829,True,False,False,62.822744686091646,False,True,False,False,67.51551213757213,False,True,42.74153485624863,39.88599085706622,38.263944110372,False,False,False,Reject,Reject,Reject,weak RS;low breakout volume,weak RS;low breakout volume,MA-long declining;weak RS,28,0,0.0833025302525121,66.93324200690299,85.50347408419466,39.07789389096547,0.0,0.0001081071601909,45000000000.0,10.0,0.0,0.0,0.0,0.0,0.0,0.0,1.0,0.0,0.0,0.0,18.333333333333336,23.166666666666668,92.44000434875488,208.28832944234213,0.0,0.0,0.05,0.16666666666666669,0.33333333333333337,0.5,76.93243908360395,-0.038648781672079136,0.03096848162579557,76.0,0.03035032859440962,-0.7852855195261037
KIR.F,53.5,52.55095425199896,50.67055780892205,50.0,60.0,51.22882973310854,33.00000000000001,46.44479593494675,47.312133939679,44.30357993228151,96.4209357979524,39.508189738399366,45.50000000000001,70.80457232362161,32.55391770621723,50.0,100.0,44.59047837616485,True,0.4701744649829366,0.9936708860759492,False,False,False,71.79525267732595,False,False,False,False,62.80272007937997,True,False,46.38496746330705,43.37700432867085,43.98374135241785,False,False,False,Reject,Reject,Reject,weak RS,weak RS,weak RS,11,0,0.0,62.58305686804296,80.36824775210431,35.90527054195095,1.0,0.0528634176158219,150000000000.0,4.4927596745971,0.0,0.0,0.0597645253694008,0.3895114420903092,0.0,0.0,0.0,0.0,0.0,0.0,18.333333333333336,23.166666666666668,1208.6750316619873,402.8916772206624,0.0,0.0,0.05,0.16666666666666669,0.33333333333333337,0.5,0.0,2.0377515277358293,-0.010282812216664172,76.0,-1.5946792683754243,-0.7825680641973518
KMTUF,28.009615384615387,41.973950619935664,52.5,30.0,0.0,33.93759608454689,29.000000000000004,49.209811197941626,25.0,40.08006270439741,0.0,32.539932218733696,39.66465447855583,56.31108780138723,27.3837403750016,61.66150032591844,52.025437201907785,40.195177354583954,False,0.0,0.929936305732484,False,False,False,45.55994686968948,False,False,False,False,37.952162078472256,False,False,34.769813178810345,35.11603853265141,37.65560794361768,False,False,False,Reject,Reject,Reject,below MA-long;weak RS;low breakout volume,below MA-long;weak RS,weak RS,11,0,0.5638978260734442,62.11471954968665,68.01491370782271,53.264428312482536,1.0,0.0690250371184191,0.5457334076965978,42.5245517970095,1.0,0.0,1.0,0.25245517970095027,1.0,0.0,0.0,0.0,0.0,9.272727272727273,25.0,39.0,432659.71168518066,439610.5639394124,-0.03701737895397751,0.6218444750336933,0.05,0.0,1.0,0.5,49.45889025603431,0.5108221948793138,0.24877503557052594,76.0,-0.40114127269126654,-0.7852855195261037
KMTUY,30.50297924019887,34.90847685237045,37.49999999999999,30.0,0.0,32.07541083640283,33.00000000000001,43.6768740527267,30.0,39.95138468742405,0.0,34.858849557945106,40.14730409772484,53.36239875129105,33.48628604826012,41.652600754140366,47.44674085850557,39.83562270863049,False,0.0,0.929936305732484,False,False,False,48.41669119404134,False,False,False,False,37.16758073893822,False,False,34.462484827311044,35.79519375884227,37.81540823373638,False,False,False,Reject,Reject,Reject,weak RS;low breakout volume,weak RS,weak RS,11,0,0.5102104872775413,53.60440255739371,61.83781590806531,41.2542825313863,1.0,0.0555075537186419,0.8997210369890828,12.527173327448383,0.021739130434782705,0.0,0.3150112161049945,0.10991523024996515,0.7843126255203132,0.0,0.0,0.0,0.0,1.0217391304347827,43.39267041055272,50.615838013190896,7742082.741260529,6478543.41990153,-0.014643977536683705,0.4916597014750035,0.4,0.04463352052763579,1.0,0.5,15.316257877578455,1.193674842448431,0.4166905082523393,76.0,-0.9373755687973561,-0.7852855195261037
KNBWF,34.65137494168588,22.62472046680682,26.25,65.0,0.0,30.417068117735504,47.15137494168588,41.26842887670109,30.0,33.70463801989292,55.243162233046085,35.63812660478111,35.912500143051155,34.426088110890866,33.86035527580959,32.024180105673935,42.10492845786963,33.4460084692266,False,0.0,0.6815286624203821,False,False,False,55.13828651314561,False,False,False,False,27.12532387930709,False,False,32.5891737341474,33.936279466705635,33.69114396796611,False,False,False,Reject,Reject,Reject,weak RS;low breakout volume,weak RS;low breakout volume,weak RS,28,0,0.1514084930340471,71.68357332857803,80.78127126648441,58.03702642171847,0.0,0.039143750971902,0.0,39.17047776330399,0.0,0.0,1.0,0.9170477763303992,0.0,0.0,1.0,1.0,0.0,0.0,25.0,39.0,185.5699920654297,3708.5234117507935,-0.12630978548421035,0.27898008411976327,0.05,0.0,1.0,0.5,72.92827094508166,0.041434581098366764,0.16228072971197235,76.0,-0.03253797654417742,-0.7852855195261037
KNBWY,58.193086786661176,57.95988872115342,52.35804702062704,50.0,37.124912116240914,53.35247013036047,46.19360738317745,49.56022037389263,39.25000087041708,37.710129005321576,60.643536864627634,41.69850580986928,61.58666105478856,47.72246608566252,27.762789043522307,30.0,40.57869634340223,36.77734510955983,False,0.0,0.1847133757961783,True,False,False,61.09980960914415,False,False,False,False,63.65890792423672,False,False,46.54125583005298,42.55295046387468,39.665147786717256,False,False,False,Reject,Reject,Reject,weak RS;low breakout volume,weak RS;low breakout volume,weak RS;fresh TD Sell 9,12,0,0.228915703366592,59.52341556331701,77.32487224818884,32.82123053600926,1.0,0.0672696720255362,1.030653649079075,20.84417520737028,0.0,0.0,1.0,0.33442348120718995,0.7499940395298381,0.0,0.0,0.0,0.0,0.3268698060941828,17.20239847107376,18.0029980888422,583022.1032333374,613164.684006373,0.023214390826442565,-0.11037698143595898,0.05,0.36011992355368805,0.0,0.5,86.08408256558458,-0.2216816513116916,0.06805815214432794,76.0,0.17408339071970633,-0.7852855195261037
KOM1.F,31.66534391534392,18.92371722677752,57.50000000000001,42.38760402241578,49.91358120120584,28.696266781062928,51.54321521175454,30.0796341828409,27.28989375885451,35.0,59.3781614132617,32.7250189505433,39.657309105757456,35.7458056051688,53.95359785340641,50.0,80.34976152623213,41.04819362594328,True,0.4636690531103629,0.0443037974683544,False,False,False,71.04550160010447,False,False,False,False,68.93397942004331,True,False,32.37527780088311,34.41622091926722,37.73220727260525,False,False,False,Reject,Reject,Reject,weak RS;low breakout volume;stop > 1.5 ATR,low breakout volume,MA-long declining,12,0,0.0,64.42534104822934,73.5001440336844,50.81313657004676,0.0,0.0316670796510006,0.6008604206500956,11.977986126493825,0.0,0.0,0.11822470991587508,0.07957390273350735,0.0,1.0,0.0,0.0,0.0,0.0,10.0,9.0,3859.7254325866697,4952.798140589396,-0.08149744274476886,-2.5935750223845644,0.05,0.0,0.0,0.5,0.0,3.1190926180194416,0.059465059339957035,76.0,-2.4409022721357245,-0.7825680641973518
KOM1.SG,31.500000000000007,17.47569153101495,42.5,30.0,55.14508773285923,24.62316782962408,51.5,30.91706126551399,22.537345331993208,35.0,68.02402539246248,30.568324212012328,40.06351667308214,36.32328786687176,54.08139009968215,50.0,100.0,41.45977113146336,True,0.4615113289315541,0.240506329113924,False,False,False,70.73932239471553,False,False,False,False,69.65694694086224,True,False,29.774035404708407,32.64672701136998,37.05324907141667,False,False,False,Reject,Reject,Reject,weak RS;low breakout volume;stop > 1.5 ATR,low breakout volume,MA-long declining,10,0,0.0,68.97268311435433,70.14449422416432,67.21496644963932,1.0,0.0242060524414659,0.5221076746849943,34.306882216534625,1.0,0.0,0.7372995679448868,0.047817077516121846,0.6455715761924536,0.0,0.0,0.0,0.0,1420000000000.0,30.0,34.0,21369.16915740967,13611.074025090535,0.14552236444919345,-0.30527482664474054,0.05,1.0,0.0,0.5,0.0,3.305557104332747,0.06243597182556952,76.0,-2.5868234242314814,-0.7825680641973518
KOMA.F,37.0,38.49257660096156,42.5,33.431934231006096,0.0,36.30076920621418,33.23154987755371,43.762074289463285,29.882351924803785,35.117648075196215,96.03871928518242,34.04192440635733,38.47930060475165,57.86547417331642,40.7003137963779,59.21154347315988,45.15739268680445,45.83255448828525,False,0.0,0.7658227848101266,False,False,False,50.52456408446819,True,False,False,False,43.267870497221686,False,False,37.52947282267134,38.030882390907074,41.93171843959617,False,False,False,Reject,Reject,Reject,weak RS;stop > 1.5 ATR,weak RS,weak RS,13,0,0.4402984915291656,60.076307773831005,65.99226721118298,51.20236861780304,1.0,0.084577150779892,0.0097087378640776,12.208643659083704,0.0,0.0,0.0,0.22086436590837036,0.0,1.0,0.0,0.0,0.0,0.0,10.0,9.0,0.0,85.83666439056397,-0.1645844647210929,-0.07214380962478278,0.05,0.0,0.0,0.5,76.84616044250106,-0.036923208850021136,0.06385073784511067,76.0,0.028894924073715567,-0.7825680641973518
KUBTF,61.285716465541306,67.33009140051168,47.5,65.0,0.0,56.806674069673285,54.79951108453985,60.759752688322834,39.75864545552237,30.0,70.49082053203448,40.918585713018814,64.95950244332683,56.49742884436469,28.04550896909452,30.0,39.815580286168526,38.80292470234135,False,0.0,0.2229299363057325,False,False,False,63.92094265603368,True,False,False,False,84.68360690469073,False,False,48.43949768921056,43.46150508114647,41.13221489174392,False,False,False,Reject,Reject,Reject,low breakout volume,low breakout volume,fresh TD Sell 9,16,0,0.6708543939746952,68.22372524250335,70.1354111462697,65.35619638685384,2.0,0.0547263860991675,0.4588235294117647,4.295338438772854,0.0,0.0,0.0,0.4295338438772854,0.0,0.0,0.0,0.0,0.0,0.0,25.846912562287237,40.058640702859044,2565.5000400543213,3195.683323542277,-0.014918524626276582,0.8045487010107731,0.05,0.04234562811436182,1.0,0.5,57.384922188023104,0.35230155623953796,0.11472109421943756,76.0,-0.2766573106214204,-0.7852855195261037
KUBTY,37.14051158946005,56.984143506171904,30.0,30.663386865895937,0.0,36.00010788333046,34.83281304808625,56.89202756242773,42.5,33.77469895988659,49.488197826901455,39.30239822555735,43.92220547368577,54.61532611745983,34.73554188471656,37.63478427261,48.20985691573927,40.55180563739013,False,0.0,0.4777070063694267,False,False,False,53.46298840863614,False,False,False,False,46.84691623577688,False,False,37.90113453681046,39.0167623806618,39.78428400902597,False,False,False,Reject,Reject,Reject,weak RS;low breakout volume,low breakout volume,fresh TD Sell 9,13,0,0.6773928066893928,61.96054661995607,74.60505759957844,42.99378015052252,1.0,0.0087416917329511,1.5702764038405588,9.045452531349163,0.0,0.0,0.0,0.15827455692229467,0.7462706962126215,0.0,0.0,0.0,0.0,0.7613636363636364,32.5,43.5,1760524.353942871,2510293.1784947715,-0.05547036443085654,0.06643354935614572,0.2,0.0,1.0,0.5,40.06321118170011,0.6987357763659977,0.29631773725081656,76.0,-0.5487070871550479,-0.7852855195261037
KUO1.F,52.59189702468876,57.88153720778823,54.50000000000001,32.99999241799411,98.95802736337636,43.86233155685354,48.9624060150376,33.425818987822844,37.53406480380332,30.0,62.04814064715987,34.642111152530504,51.825084020776046,47.281481069500586,34.68207794015622,44.99999999999999,39.05246422893482,41.843318768431104,True,0.3062154854265342,0.4430379746835443,False,False,False,66.82784750602215,False,False,False,False,51.63046192646243,False,False,40.69246287787215,38.64651751816529,40.24491814329819,False,False,False,C,C,C,,,,10,0,0.0,69.13610559144446,69.8217294983835,68.10766973103588,1.0,0.0235849062262218,0.233824928639391,43.34032075899555,1.0,0.0,0.0,0.33403207589955586,1.0,1.0,0.0,0.0,0.0,300000000000.0,10.0,9.0,645.0710017204285,3837.031626780828,-0.15861129713637617,-0.17413176709373973,0.05,0.0,0.0,0.5,0.0,2.7339588130137393,0.004756554153222932,76.0,-2.1395088558954516,-0.7825680641973518
KUOA.F,44.31797672927248,63.34367446588986,42.00000000000001,32.272727272727266,100.0,41.240057996083,44.903009972981785,62.04660072936519,37.5,30.0,60.0,39.20430650529697,46.404315168619895,54.08857384843272,34.64962359046713,35.84848180420208,60.0,40.47134492029977,False,0.0,0.9683544303797468,False,False,False,55.14599860596645,False,False,False,False,51.68624730789503,False,False,40.47558993369054,39.99156832795502,40.2314566241274,False,False,False,Reject,C,Reject,weak RS,,fresh TD Sell 9,12,0,0.4227123073291587,63.999748050427584,79.9177664728206,40.122720416838064,1.0,0.0256410256410256,1250000000.0,2.680820192317353,0.0,0.0,0.0,0.2680820192317353,0.0,0.0,0.0,0.0,0.0,0.0,18.333333333333336,23.166666666666668,0.0,0.0,0.0,0.0,0.05,0.16666666666666669,0.33333333333333337,0.5,100.0,-0.7127520244596368,-0.01738305455563195,76.0,0.5577769720341216,-0.7825680641973518
KY4.F,37.0,49.62009956154697,20.27779220063621,37.22222634303891,40.0,31.19933801388473,26.03125,28.0793140971948,20.454547293587268,39.69696847094183,87.49364220936845,25.875814483277765,32.33110137164192,29.42481239264759,21.96552025501016,43.59605705634305,58.13036565977742,28.5342413430366,True,0.396432413469356,0.8481012658227848,False,False,False,67.20373388348027,False,False,False,False,46.99061299824487,False,False,29.069261620533016,27.738047247326808,28.136144295181705,False,False,False,Reject,Reject,Reject,weak RS,weak RS,weak RS,9,0,0.0,56.63448016937284,64.30832292497328,45.12371603597218,1.0,0.1586207028093009,0.1460589272223621,41.61729691985805,1.0,0.0,1.0,0.16172969198580414,1.0,0.0,0.0,0.0,0.0,100000000000.0,25.0,39.0,586.8000068664551,1052.0366711934407,-0.144339635020298,0.20464861254371772,0.05,0.0,1.0,0.5,0.0,2.8232620975140774,0.0033979092883599966,76.0,-2.2093947543733465,-0.7825680641973518
KYCCF,66.64067404437127,75.89196467870646,35.78455820851097,32.182354409247175,50.24888680571831,45.36021374452449,67.13693441981113,69.08144510789867,49.99792292826095,35.0,44.45260397152492,48.47119319876343,76.55234729005778,53.994537810323706,53.75000000000001,35.0,68.90302066772655,47.47305366708088,False,0.0,0.2993630573248407,False,False,False,66.3190365025535,False,False,False,False,63.15046879833016,False,True,46.71607556530745,47.54955544841088,47.51130455774587,False,False,False,C,Reject,C,,low breakout volume,,13,0,0.4336392308485843,56.77045790377432,76.76520293329509,26.77834035949316,0.0,0.0721149741778265,0.7583096926713948,12.266340613201264,0.3870967741935485,0.0,0.0,0.4524405129330293,0.0,0.0,0.0,0.0,0.0,1.3870967741935485,23.36404285835171,23.393120526286783,1584162.7024841309,1635924.121246338,-0.005320278476666928,-0.006330309582148543,0.2,0.12233101269444228,0.2278281736308576,0.5,0.0,1.6398207947043564,0.3637302591404163,76.0,-1.2877275246991187,-0.7852855195261037
KYKOF,14.499999999999998,33.82268413038114,30.0,65.0,0.0,26.371913457743133,18.500000000000004,43.92947057729071,36.25,32.66897769883048,0.0,27.68671894746962,24.5,42.325434570693375,30.0,32.71976598376277,0.0,29.970218049490448,False,0.1662539495813231,0.4140127388535032,False,False,False,47.72770066572183,False,False,False,False,43.0726795647874,False,False,27.48601602301054,28.108807580130573,29.03951281481051,False,False,False,Reject,Reject,Reject,below MA-long;MA-long declining;weak RS;low breakout volume,below MA-long;MA-long declining;weak RS;low breakout volume,below MA-long;MA-long declining;weak RS,23,0,0.3254786525129598,27.793114793336784,26.01178034671041,30.46511646327635,0.0,0.0415282386763532,1765000000000.0,0.0,0.0,0.0,0.0,0.0,0.0,0.0,0.0,0.0,0.0,0.0,30.0,34.0,0.0,8712.458448410034,4.75710594586352,-7.158883508400006,0.05,1.0,0.0,0.5,58.546621626613614,0.32906756746772775,0.04144674832440741,76.0,-0.25841199567808576,-0.7852855195261037
KYOCF,75.0,78.19512450566049,53.75000000000001,50.0,70.0,59.9402468195421,87.06536145905801,66.16606611977541,53.75000000000001,44.482753875433815,59.19694990157516,56.43453866632319,69.21906134173427,64.29931809219528,53.75000000000001,50.0,49.359016865589,56.53694690562234,False,0.0,0.7834394904458599,True,False,False,67.23910680150773,False,True,False,True,75.31350662381439,False,True,58.20787439079248,57.166402768756726,56.851674837189535,True,False,False,Reject,C,C,stop > 1.5 ATR,,,19,0,0.470954365220535,68.07423736210305,79.06755522811538,51.58426056308456,2.0,0.0219092127403429,2.0588235294117645,64.49749902047574,1.0,0.0,1.0,0.449749902047575,1.0,0.0,1.0,1.0,0.0,900000000000.0,10.0,9.0,7304.550075531006,9036.425126393637,-0.5100316898126935,-1.1062187225833329,0.05,0.0,0.0,0.5,73.60351105204428,0.0279297789591144,0.0295231848124602,76.0,-0.0206530058849435,-0.7394618451931486
KYOCY,86.0796827586434,70.29213624972178,53.75000000000001,45.38785504750127,76.78134111675257,57.59135524816188,86.13466748453715,69.05940873263243,53.75000000000001,35.0,64.16107828437443,51.49700179345542,75.41179590242622,64.93906330833042,53.75000000000001,45.0,57.70239183823141,54.95610437170379,False,0.0,0.9235668789808916,True,False,False,71.87671330435128,False,True,False,False,63.65951911557216,False,True,55.23599903645832,53.75360325787122,54.3548538147875,False,False,False,Reject,C,C,stop > 1.5 ATR,,,13,0,0.3831118519796048,72.16862076996141,86.47454906863857,50.70972832194567,1.0,0.0,2.383079235559373,41.51719254654876,0.4122163927591118,0.0,0.4584328734208126,0.3688535957158392,0.0,0.0,1.0,1.0,1.0,1.4122163927591118,52.5,68.5,2681483.694614029,1448063.9810421625,0.2473648876734532,0.7112390258215417,0.2,1.0,1.0,0.5,38.492533129596254,0.730149337408075,0.3937342326949281,76.0,-0.53991757630633,-0.7394618451931486
KYR.F,58.403357258850384,52.85453579678768,55.00000000000001,35.0,81.20593548364073,44.99226555643728,68.42857142857144,60.01864828843711,55.00000000000001,55.48252967096392,100.0,58.33163821987609,57.00000000000001,62.9603758260168,53.75000000000001,44.99999999999999,60.0,51.79708949020348,True,0.6550821825203367,0.9873417721518988,True,False,False,82.25948168979659,False,True,False,False,76.86179322919124,False,False,50.35504214222217,53.703399068286544,52.75024427924502,True,False,False,Reject,Reject,C,weak RS;stop > 1.5 ATR;fresh TD Sell 13,fresh TD Sell 9,,15,0,0.0,55.932947538064,77.02484808130797,24.295096723198046,0.0,0.0615012339576043,7.116666666666666,31.77547431212125,1.0,0.0,0.0,0.1775474312121251,0.0,0.0,1.0,0.0,0.0,118000000000.0,18.333333333333336,23.166666666666668,3173.7709228515623,1442.7397777080537,0.0,0.0,0.05,0.1666666666666666,0.3333333333333333,0.5,0.0,4.291990475939405,0.0813582142313863,76.0,-3.18018397998314,-0.7409578371180053
KYRA.F,86.73866903915837,75.91481117908438,60.00000000000001,50.0,71.80451168254606,62.21955984235922,87.2560975609756,72.19812592495403,60.00000000000001,35.0,84.70959010039212,53.10906703021608,75.5,72.0187082295798,55.00000000000001,25.0,100.0,44.60017141393661,True,0.3725799175032676,0.981012658227848,True,False,False,76.76084361013675,False,True,False,True,73.94302095363742,True,True,55.96253431303175,52.37849690776087,48.48933416084874,False,False,False,Reject,C,Reject,stop > 1.5 ATR,,fresh TD Sell 9,14,0,0.3603603479759854,69.09473388645655,87.60562064983932,41.3284037413824,0.0,0.0,28400000000.0,48.58737647052728,0.0,1.0,0.4655149943846733,0.3932226526680535,0.0,0.0,1.0,1.0,1.0,0.0,18.333333333333336,23.166666666666668,460.8000114440918,158.66667041778564,0.0,0.0,0.05,0.1666666666666666,0.3333333333333333,0.5,100.0,-0.5635285765613122,0.0063706504527629,76.0,0.4155040409738473,-0.737325591382215
LSRCF,61.107403799318085,44.93229826911456,45.0,30.0,0.0,39.71226911251962,52.52289332683878,52.1383504577292,30.0,47.65393002531447,53.984263769201945,41.00967894645873,62.19576341909681,47.311381096496895,31.801241504613355,30.0,56.60413354531002,38.22786261021003,False,0.0,0.6369426751592356,False,False,False,57.186280795279856,False,False,False,False,29.208846163193343,False,False,39.80461076223944,39.9156520787963,39.07175734450317,False,False,False,Reject,Reject,C,low breakout volume,low breakout volume,,15,0,5.035788268448267,50.73113592951621,81.36048929924473,4.787105874923441,0.0,0.1713526719068143,3.5799648506151143,10.0,0.0,0.0,0.0,1.0,0.0,0.0,0.0,0.0,0.0,0.0,30.0,34.0,5869.233699035644,11734.91708831787,1.9134668107014972,-4.9777759409950875,0.05,1.0,0.0,0.5,100.0,-4.662381340094732,-0.05599118577067416,76.0,3.661300552885103,-0.7852855195261037
LSRCY,59.88630066127898,44.55114397145532,49.75,30.0,0.0,40.09757331410448,60.18167812277792,53.45792170058341,28.636886995997813,30.0,57.76095916073436,38.03753404759639,58.31366695399489,60.65585057672305,38.9003974887676,40.0,55.841017488076304,46.336479256441166,False,0.0,0.7707006369426752,False,False,False,54.60641354274857,False,False,False,False,41.33006366999752,False,False,40.72734272261939,40.93922546355144,43.6378523599963,False,False,False,Reject,C,Reject,low breakout volume,,fresh TD Sell 9,11,0,0.8492622192960422,51.1055620621438,79.94213511789488,7.850702478517165,0.0,0.0920495024694651,0.8827384380823311,52.87260548174436,0.0,1.0,1.0,0.5609467875685817,0.7263137606058538,0.0,0.0,1.0,1.0,0.6534653465346535,31.146358767998013,30.557948459997508,3157648.3974075317,4135407.1307373047,0.06187815260798805,-0.035220358110743075,0.2,0.6823179383999004,0.0,0.5,0.0,1.9225409753056617,0.42407567746278846,76.0,-1.5097435886031287,-0.7852855195261037
M3C.F,25.254504504504503,45.2484627050537,55.00000000000001,35.0,73.43616906679077,34.27279744251971,49.29179505517092,47.99688427689754,55.00000000000001,35.0,88.52003787974499,42.61775355265527,43.66030546928336,71.9678081848414,53.75000000000001,30.0,96.8839427662957,42.69901622974369,True,0.4419732539814364,0.7468354430379747,True,False,True,70.71761076223414,False,True,False,True,80.83104562408879,True,False,38.46152803300517,40.97314113375469,41.83607868174919,False,False,False,Reject,Reject,Reject,MA-long declining;weak RS;stop > 1.5 ATR,low breakout volume,MA-long declining,14,0,0.0,61.21228213831898,77.38367346938776,36.95519514171583,1.0,0.0419580175292832,1.2960893854748603,16.735507347350133,0.0,0.0,0.2501101776345881,0.4234405571004252,0.0,1.0,0.0,0.0,0.0,0.0,21.56806360210986,23.460079502637328,54.84000205993652,348.9280095100403,0.04940838161265916,-0.05144894253446257,0.05,0.5784031801054931,0.0,0.5,0.0,3.041491608966483,0.07776682170249828,76.0,-2.3801742007013895,-0.7825680641973518
MARA.F,34.65134679445994,21.36367193318691,36.25,30.0,63.38030632510584,26.82990175829425,51.90128410914928,32.44567410726408,24.88605951522198,30.0,60.59568131049888,31.218417409777206,44.322607304516616,32.321747478315224,34.73153997263194,44.99999999999999,65.08744038155803,36.67707131285974,True,0.758756268806823,0.0126582278481012,False,False,False,71.33708155535886,False,False,False,False,57.26789107453192,True,False,30.11589036465224,31.978310450405377,34.32769088163256,False,False,False,Reject,Reject,C,weak RS;low breakout volume,low breakout volume,,14,0,0.0,54.78491825521182,61.97060204664152,44.00639256806726,1.0,0.1903759375550693,0.6684715727295103,29.072374677984627,0.7660377358490567,0.0,0.0,0.37516199610034945,1.0,0.0,0.0,0.0,0.0,1.7660377358490567,30.0,34.0,42910.205624961854,23699.779212888083,0.34621508189812017,-0.9708858233650693,0.05,1.0,0.0,0.5,0.0,4.338830994182031,0.05722234389037439,76.0,-3.3954305719965028,-0.7825680641973518
MARUF,46.59420151846948,41.27105980742806,30.0,43.061833064878144,0.0,37.23722887782824,32.42650081633403,41.604321617682906,26.376457515084304,41.13409322648904,47.509928812289246,32.82205642814918,40.384656938479445,49.23076474080664,32.53348822771463,41.85360045612372,44.39427662957075,38.74832638414438,False,0.0,0.4076433121019108,False,False,False,50.42707291993623,False,False,False,False,39.90727737470824,False,False,36.21489664418775,35.48297190488355,37.11564914451397,False,False,False,Reject,C,C,weak RS;low breakout volume,,,11,0,0.643191872769364,60.58341661509903,70.5233289811743,45.67354806598611,1.0,0.2710499763488769,0.0941888096781162,21.937244095870902,1.0,0.0,0.0,0.1937244095870901,0.0,0.0,0.0,0.0,0.0,7.639344262295082,25.0,39.0,375733.73116493225,722384.9719079336,-0.14122760098838308,0.17476331218762947,0.05,0.0,1.0,0.5,56.035571588694545,0.379288568226109,0.16223397834209752,76.0,-0.29784982034975205,-0.7852855195261037
MARUY,35.40165402117578,42.941477664268255,30.0,30.0,0.0,33.37370713252069,36.22905114896595,44.711979155717806,26.720548572401192,30.0,0.0,32.26209395259458,42.225386097466384,50.42574291517619,26.52006409681045,42.56614253066826,53.5516693163752,36.41819697917661,False,0.0,0.821656050955414,False,False,False,49.931499998246565,False,False,False,False,35.94930421491243,False,False,33.64912114787404,33.73124749655442,35.074722237865515,False,False,False,Reject,Reject,Reject,weak RS,weak RS,weak RS,11,0,0.5981092693425025,52.65829256988101,66.75975222193895,31.506103091794103,0.0,0.201941320056058,0.6014639769452449,10.173695402629038,0.0,0.0,0.34358594420367705,0.24760705468890362,0.4261765413703231,0.0,0.0,0.0,0.0,0.9485714285714286,42.5,49.5,8427970.937805176,8267314.920399983,-0.05872199651924009,0.19774965325885233,0.4,0.0,1.0,0.5,27.633262103277982,0.9473347579344403,0.43580046881176254,76.0,-0.7439282675496827,-0.7852855195261037
MAT1.F,70.76273138511921,41.37448828527297,48.75000000000001,65.0,47.48214672150202,50.72941193737014,57.2937378954164,42.56295133496249,48.75000000000001,50.0,40.30612737712799,47.098725034208194,61.48160631880452,45.31353296879479,53.75000000000001,65.0,0.0,52.36057405768897,False,0.0,0.0253164556962025,True,True,False,87.4533194192941,False,True,True,False,67.48494875737387,False,False,49.96643829048532,49.403417121884814,50.8819955897869,False,False,False,Reject,Reject,C,low breakout volume;fresh TD Sell 13,low breakout volume;fresh TD Sell 9,,12,0,0.0,64.24557272799397,63.49703273162103,65.36838272255339,1.0,0.0519294980692524,0.5329848552026696,12.922702262087066,0.0,0.0,0.0,0.2922702262087065,0.0,0.0,1.0,0.0,0.0,0.18,30.0,34.0,21422.16234588623,18239.433806880315,2.2336093214306376,-7.120188059563991,0.05,1.0,0.0,0.5,0.0,6.277799848346886,0.0339893980870793,76.0,-4.65158499749085,-0.7409578371180053
MAT1.VI,69.5,41.53508771929825,60.00000000000001,65.0,64.00311561646309,52.26916898822687,57.00000000000001,38.560510939675495,55.00000000000001,50.0,55.20880528252408,45.66581727947385,54.98376916140669,44.07524808191474,60.00000000000001,65.0,0.0,51.44107864222162,False,0.0,0.689873417721519,True,False,False,88.06929219162983,False,True,False,False,75.74249677127085,False,False,50.12254540639992,48.71906603004879,50.0800723361352,False,False,False,Reject,Reject,C,low breakout volume;stop > 1.5 ATR,low breakout volume;fresh TD Sell 9,,14,0,0.0,54.1280696493379,69.61450634307776,30.89841460872811,0.0,0.0385352000333078,90450000000.0,14.01679424944369,0.0,0.0,0.0,0.4016794249443689,0.0,0.0,1.0,0.0,0.0,0.0,18.333333333333336,23.166666666666668,1855.359484577179,888.7269745826721,0.0,0.0,0.05,0.1666666666666666,0.3333333333333333,0.5,0.0,6.375791930187856,0.0420740615234981,76.0,-4.724192998506426,-0.7409578371180053
MBFJF,55.633429608139984,59.49023412450377,33.283410659029904,43.22030473734708,46.57417389266463,43.64650443213364,54.62361837524475,65.90172642370324,47.5,41.32199622354665,98.3664293742975,49.08225063287041,49.6753925203043,61.83418489389862,28.26339101472516,56.06199222715801,0.0,42.670185864346735,False,0.0,0.8152866242038217,True,False,True,57.53348437287261,True,False,False,False,54.98086723172954,False,False,45.08196457879729,46.071481962165954,44.37083391325635,False,False,False,Reject,Reject,Reject,low breakout volume,weak RS,weak RS;fresh TD Sell 9,10,0,0.2365952190747133,69.10236626469538,75.57831425325523,59.38844428185559,1.0,0.0204386768857198,0.6073920744328973,12.285561697495046,0.0,0.0,0.0,0.22855616974950457,0.0,0.0,1.0,0.0,0.0,0.0,38.147184427866065,50.55898053483258,3212509.181842804,2962393.937190374,0.01388310656719638,0.46723131289474173,0.2,0.2823592213933032,1.0,0.5,60.77906833503738,0.2844186332992524,0.12740959416174394,76.0,-0.22334983421330779,-0.7852855195261037
MBI.F,39.93224897940214,37.06966087144359,42.0,36.1081905412683,92.52686094148568,37.75932606588066,40.1921726041144,31.87400647507164,35.636538334987335,50.0,67.14817572598659,36.61959875853773,45.534108103297015,53.66872390000259,32.74224828166864,50.0,45.92050874403815,41.912165590895405,True,0.9637400741638112,0.1518987341772152,False,False,False,73.76850301449724,False,False,False,False,61.5074039876761,False,False,38.24797577868073,38.43531426971362,40.173739930304514,False,False,False,Reject,Reject,C,weak RS,low breakout volume,,9,0,0.0,52.23918518228306,69.47535140795043,26.384935843782014,0.0,0.1874223510689504,0.4673390591757939,11.655597553078408,0.0,0.0,0.0,0.16555975530784087,0.0,1.0,0.0,0.0,0.0,0.11634349030470914,10.0,9.0,9139.649553585052,13588.211171976725,-0.17142169152562717,-0.28363469677155734,0.05,0.0,0.0,0.5,0.0,3.7336295207810632,0.03593927303287617,76.0,-2.921819226507723,-0.7825680641973518
MEA.F,59.5,60.95949022520632,60.00000000000001,50.0,70.0,55.23578052920573,59.5,66.17581195451685,55.00000000000001,50.0,70.0,55.52771365841226,58.32197977647685,56.40725801893116,60.00000000000001,65.0,0.0,58.68743751055301,False,0.0,0.9683544303797468,False,False,True,89.34665179735956,False,False,False,True,83.89916932300886,False,False,56.01369186423715,56.417244188213175,57.55234084938309,True,False,False,Reject,Reject,C,weak RS;stop > 1.5 ATR,weak RS,,13,0,0.0,68.27244425867269,71.48211003699726,63.45794559118584,0.0,0.0,0.3943661971830986,62.6950767030617,1.0,1.0,0.0,0.2695076703061698,0.0,1.0,1.0,0.0,1.0,7999999999.999999,10.0,9.0,98.77999992370606,234.67137581507365,-0.185919720114823,-1.926969833242059,0.05,0.0,0.0,0.5,0.0,3.696986455155865,0.016485563125207,76.0,-2.7393110876668514,-0.7409578371180053
MES.F,50.09374745050449,65.14021602866362,36.25,34.23079293155917,100.0,42.60361661008182,65.10655633905374,68.43530983111815,31.62119134378768,35.0,0.0,43.77110442847584,61.74634808598438,40.39484724583376,31.793440205780644,50.0,0.0,41.150518498167706,False,0.0,0.8987341772151899,False,False,False,84.72585957653742,False,False,False,False,51.092499256781466,False,False,42.66324333321721,42.7514310857046,41.95097479193615,False,False,False,C,C,Reject,,,fresh TD Sell 9,9,0,155.3747903924964,64.76633066186386,82.80426077692424,37.70943548927328,0.0,0.1796875122236086,0.1398601398601398,64.4792236714409,0.0,1.0,1.0,0.44792236714409,1.0,1.0,0.0,1.0,1.0,0.0,15.000000000000002,19.0,0.0,101.12664360851049,-0.1317135506146494,0.0,0.05,0.0,0.33333333333333337,0.5,100.0,-193.2402243269741,-0.035189321662015605,76.0,151.22362827662212,-0.7825680641973518
MFG,73.91570660491399,67.96325943068948,46.25,35.0,100.0,48.60691940134673,61.445166348288495,63.75339280934447,53.75000000000001,50.0,76.60551318739076,55.21510032300662,69.31322892212536,61.23942400300309,48.75000000000001,30.0,76.71693417285057,44.341635184498536,False,0.0,0.8980891719745223,True,False,False,63.37795298955164,False,True,False,False,64.99488845663556,False,True,49.736316834475055,50.63142459712222,47.48652989081037,False,False,False,Reject,C,Reject,stop > 1.5 ATR,,fresh TD Sell 9,12,0,0.4564859874083673,75.35649012719558,80.86020884201871,67.1009120549609,1.0,0.0045454904111894,0.6150558736850216,30.927328965437127,0.0,0.0,1.0,0.455248691789642,0.637484204754071,0.0,1.0,0.0,0.0,0.2316514213726242,54.99999999999999,56.99999999999999,30190153.508870315,34552087.931806944,-0.0507218504764009,0.093934968137947,0.65,0.0,1.0,0.5,31.749602835968304,0.8650079432806339,0.4933488035277752,76.0,-0.6470911085750943,-0.7480753368818013
MFU.F,30.42857488861437,48.30791156737394,45.0,30.0,60.0,35.366151210224814,44.61475881419193,54.5044299395024,29.30885680295894,35.0,0.0,37.4881708089076,37.00000254313152,57.59210388730903,33.82027093667708,30.0,54.314785373608906,36.5659581098741,False,0.0,0.8734177215189873,False,False,False,77.68675308375651,False,False,False,False,60.51502077371008,False,False,36.24271846975951,36.787103079461,36.676530594667554,False,False,False,Reject,Reject,Reject,weak RS,weak RS,weak RS,10,0,0.0,50.44292837946298,76.30854520055685,11.644503147822178,0.0,0.1746031377601247,6799999999.999999,41.57070007885841,0.0,1.0,1.0,0.15707000788584066,0.0,1.0,0.0,0.0,1.0,0.0,18.333333333333336,23.166666666666668,27.879999351501464,9.293333117167155,0.0,0.0,0.05,0.16666666666666669,0.33333333333333337,0.5,0.0,3.2000410474311756,0.009375366152783067,76.0,-2.504249927840281,-0.7825680641973518
MFZ.F,45.50000000000001,49.6597200315181,47.192641327499935,47.397233074379066,40.0,46.92478619244885,60.64827018121911,41.33972598977599,35.22015437440176,61.10393200840277,100.0,44.574623531795154,43.249907975973365,62.8702146076919,53.75000000000001,50.0,58.893481717011134,49.656381834784334,True,0.5627782267384884,0.8607594936708861,False,False,False,74.20933450200661,False,False,False,False,79.55566145484555,False,False,46.76605652271984,46.56918355482264,48.11278269480349,False,False,False,Reject,C,Reject,weak RS,,MA-long declining,12,0,0.0,56.61278988335633,66.40963231066809,41.91752624238868,0.0,0.0,0.9529314616019818,11.54119167804776,0.0,0.0,0.0,0.15411916780477586,0.0,0.0,1.0,0.0,0.0,0.0,18.333333333333336,23.166666666666668,17265.83791284561,3383.91464676857,0.0,0.0,0.05,0.16666666666666669,0.33333333333333337,0.5,0.0,2.766402123289053,0.051134292268594485,76.0,-2.1648979544137577,-0.7825680641973518
MFZA.F,66.9842053003148,64.0672187689362,52.5,35.0,60.0,47.96543465743267,66.75004187259056,66.12171938506609,53.75000000000001,50.0,77.91123684588015,56.50805293145564,79.58417066977914,75.34073806613948,48.75000000000001,45.0,68.26522587932408,56.583574424633234,False,0.0,0.8037974683544303,True,False,False,64.77394381940073,False,False,False,False,60.19366726663688,False,True,52.25184809307967,54.82218572460432,55.702880074618776,True,False,False,C,C,Reject,,,fresh TD Sell 9,14,0,0.2131147886982087,61.5064667533989,85.08110437924502,26.14451031462973,0.0,0.0467836916118489,5000000000.0,57.375526830097314,1.0,0.0,0.9147336261680454,0.8228190568416859,0.0,1.0,1.0,0.0,0.0,50000000000.0,18.333333333333336,23.166666666666668,83.49999904632568,32.083333015441895,0.0,0.0,0.05,0.1666666666666666,0.3333333333333333,0.5,84.21761908922507,-0.1843523817845015,0.0293286657914705,76.0,0.136597342074597,-0.7409578371180053
MFZA.SG,62.687804635534135,62.81188758024923,42.50000468322177,55.18073184555086,60.0,52.09875844128747,69.38909283986119,66.97261468416322,53.75000000000001,42.77110288755344,80.06001796094334,53.29388792276189,70.63520107705098,65.12748631241706,48.75000000000001,57.77110288755344,81.4222457965334,57.23438049879377,False,0.0,0.8354430379746836,True,False,False,63.68370376972917,False,False,False,False,68.29981407107061,False,True,53.484421697231056,54.23700979927657,55.735695149035166,False,False,False,Reject,Reject,Reject,low breakout volume,low breakout volume,fresh TD Sell 9,12,0,0.2240000152587891,72.55269070806887,78.5007690660966,63.63057317102728,0.0,0.0,0.1319587628865979,22.35871917504261,0.0,0.0,0.0,0.23587191750426095,1.0,0.0,1.0,0.0,0.0,0.0,25.0,39.0,1226.3199920654297,2087.2599822362263,-0.0724503017347268,0.21374384161983886,0.05,0.0,1.0,0.5,59.495713503186366,0.31008572993627265,0.2269220425959569,76.0,-0.2426631894114517,-0.7825680641973518
MH6.F,51.88709677419355,30.963536688073983,31.25,50.0,59.67163948365154,37.139404530560896,43.07850834151129,39.14118950546843,47.6637167847733,49.7560893115589,83.09410667656142,42.73813550724548,42.8052639397841,66.11131313046783,47.5,50.0,60.0,49.07724893126903,True,0.4897871693118398,0.5126582278481012,False,False,False,69.64345642511638,False,False,False,False,65.76827685181865,False,False,41.2065927037079,43.52012333911563,46.298686135192334,False,False,False,Reject,Reject,Reject,low breakout volume;fresh TD Sell 9,low breakout volume,MA-long declining,12,0,0.0,52.56607564323627,68.17729970957629,29.149239543726235,0.0,0.1683559016199919,0.8170152091254753,15.20566212045612,0.03125,0.0,1.0,0.458066212045612,0.0,0.0,0.0,0.0,0.0,1.03125,18.333333333333336,23.166666666666668,7954.518552970886,5430.872710736593,0.0,0.0,0.05,0.16666666666666669,0.33333333333333337,0.5,0.0,2.9500422880143407,0.0471140016977873,76.0,-2.308608882631709,-0.7825680641973518
MHVYF,29.77511961722488,35.830863621339695,22.5,30.0,0.0,27.62158442037432,33.258373205741634,44.6575629024803,29.45631896599936,30.0,0.0,33.028117562512485,30.418966481365743,49.12929005725798,25.34501373154298,45.0,52.78855325914149,33.74725729838144,False,0.0,0.8089171974522293,False,False,False,41.02268676876246,False,False,False,False,32.9237410062493,False,False,30.468678938617195,32.162552854845536,32.95490507661349,False,False,False,Reject,Reject,Reject,below MA-long;weak RS;low breakout volume,below MA-long;weak RS,below MA-long;weak RS,11,0,0.2820201835247,32.953251936464625,34.41401990449916,30.762099984412828,2.0,0.2856224195732619,1.996252049660342,23.667244363486358,1.0,0.0,0.0,0.2882930271338848,0.07843140921475089,0.0,0.0,0.0,0.0,4.355140186915888,20.63642967460908,22.295537093261352,801411.3463878632,859368.5531361898,0.04381857804765449,-0.2448155951695572,0.05,0.5318214837304541,0.0,0.5,19.82799625929469,1.1034400748141062,0.24224791343242186,76.0,-0.8665155124163182,-0.7852855195261037
MIE1.F,62.48513646253884,26.637983733914577,47.23132033445231,44.25122176669056,91.72296513874932,37.36924175132894,64.54989661841968,26.84172895380733,28.477356426407773,35.0,0.0,33.353188506970525,59.120170412810346,39.59571538051219,53.75000000000001,30.0,0.0,39.38662210264404,False,0.0,0.2025316455696202,False,False,False,89.27590336830279,False,False,False,True,60.808769940238605,False,False,36.56790184828444,35.966429234544265,37.67652566859415,False,False,False,Reject,Reject,C,low breakout volume;stop > 1.5 ATR,low breakout volume,,9,0,0.0,57.90420646261044,72.86036980813375,35.46996144432547,1.0,0.1346673770654992,0.7751282825233927,21.01379027826918,0.9111111111111112,0.0,0.0,0.27915680560469563,0.0,0.0,0.0,0.0,0.0,1.9111111111111112,10.0,9.0,4687.744508647918,9141.25010488828,-0.35746285019040785,-2.446439952276977,0.05,0.0,0.0,0.5,0.0,33.13283651669773,0.02870485682770516,76.0,-25.92869973423947,-0.7825680641973518
MIELF,61.003016671730514,50.94668260157713,36.25,30.0,80.14702318442524,39.52899845360116,64.25961629899167,51.12009297042143,29.82763585479817,41.8073901415748,54.34394904458598,41.29998976032047,59.29227335943567,53.02996099123426,56.23731434909973,45.0,0.0,50.56909648938903,False,0.0,0.6496815286624203,False,False,False,60.17584310139641,False,False,False,True,48.94170497213823,False,False,42.26831545277453,43.72652351769717,47.14781000354311,False,False,False,C,Reject,C,,low breakout volume,,10,0,0.4972928027140471,68.91371749655838,82.12181554458911,49.10157042451228,1.0,0.1697307485223845,0.2670674109059682,32.964594341445434,1.0,0.0,0.0,0.2964594341445426,1.0,0.0,0.0,0.0,0.0,13.238095238095237,10.0,9.0,157957.25730895996,302522.59360631305,-0.06683161376108766,-0.12655255612648042,0.05,0.0,0.0,0.5,65.89546019568124,0.18209079608637502,0.20133950577741988,76.0,-0.14299326540561083,-0.7852855195261037
MIELY,65.9974876448597,48.716200894329525,50.673394532477445,33.86327243345154,76.24873056792438,44.0176712830256,71.61411623803093,54.12649318142293,50.79304338610172,50.0,60.0,54.33453446067506,68.11467175794203,56.04797218649578,54.231616401497874,45.0,0.0,52.23734188869375,False,0.0,0.89171974522293,False,False,False,66.24895801345627,False,False,False,False,53.18737920234202,False,False,48.75666435745406,51.64200405355077,51.93967297112226,False,False,False,Reject,C,C,low breakout volume;stop > 1.5 ATR,,,9,0,0.525020092826338,61.52624300075833,80.4387138032317,33.157536797048266,2.0,0.1224441639927177,1.0405055521905917,3.341490955465387,0.0,0.0,0.0,0.3341490955465387,0.0,0.0,0.0,0.0,0.0,0.192565445026178,48.2996143918187,50.23850786649471,10205742.832254028,8851868.712372335,0.0668857673371414,0.0052746126758471,0.4,0.7240480611428454,0.4212435445974526,0.5,26.92577020924094,0.9614845958151812,0.4237736088006262,76.0,-0.7192629129211042,-0.7480753368818013
MIH.F,39.52762714348527,52.813057819817146,22.5,30.0,0.0,31.91879580956673,51.63280375785448,55.55076064000865,29.218274274383543,30.0,38.32315711094565,37.54925363636478,56.83188654751447,62.939814544873975,40.01987750864918,30.0,0.0,41.59561357667012,False,0.0,0.0822784810126582,False,False,False,62.99427129503767,False,False,False,False,39.89735542962292,False,False,35.54329671102683,37.63707005309677,39.61634181488344,False,False,False,Reject,Reject,C,low breakout volume,low breakout volume,,8,0,1.7119486781489148,54.490012462995416,77.58988709030862,19.84020052202562,1.0,0.2335432496489728,2.024599828786484,5.64244379814242,0.0,0.0,0.0,0.41718786622158416,0.1470565135926578,0.0,0.0,0.0,0.0,0.8174936921783011,22.390944506283706,24.48868063285464,113903.28204832078,103663.12043102582,0.05434566703770225,-0.1474275724095075,0.05,0.6195472253141854,0.0,0.5,100.0,-0.9111718815501608,0.05297043225232238,76.0,0.7130540154957681,-0.7825680641973518
MITEF,30.01762762041381,45.22956901380897,30.0,65.0,0.0,37.82182363774469,40.60251583867916,44.83078960153153,25.0,30.0,48.40914200074934,32.13641481930267,38.0226816904648,49.85049446337884,36.25,50.0,39.815580286168526,41.49559817142524,False,0.0,0.4394904458598726,False,False,False,50.077939239775255,False,False,False,False,16.94116408113848,False,False,36.85095589894819,36.08125158862784,38.78842488002654,False,False,False,Reject,Reject,Reject,weak RS;low breakout volume,weak RS;low breakout volume,weak RS,17,0,0.6019323007359785,32.05219238336959,37.359266023685,24.091581922896456,1.0,0.2415560996906023,1.3214285714285714,,0.0,0.0,0.0,,0.0,0.0,0.0,0.0,0.0,0.0,30.099202773466978,45.37400346683372,3812.850122451782,2839.066696166992,0.010595216640801847,1.6591037994424425,0.05,0.2549601386733487,1.0,0.5,98.38820087280835,-0.4677640174561671,0.0012789037205906734,76.0,0.3673283094636836,-0.7852855195261037
MITEY,34.70806181344256,42.45759332446739,36.25,40.65028717716342,0.0,37.496851598112485,29.63563582200708,41.82432141702105,30.0,30.0,0.0,32.02118101099838,35.342280370470284,45.4662422203144,36.168587463710026,50.0,45.92050874403815,39.836614672183806,False,0.0,0.7515923566878981,False,False,False,45.39816418653596,False,False,False,False,35.89443554716878,False,False,36.32210303679252,35.46094522677683,37.64877994948032,False,False,False,Reject,Reject,Reject,below MA-long;weak RS,below MA-long;weak RS,weak RS,5,0,0.5936462952669719,25.780475444078284,36.83132637100497,9.204199053688262,0.0,0.218164464332126,1.0810737323426145,20.39649193037162,0.0,0.0,1.0,0.2465498270641542,0.7930993659730079,0.0,0.0,0.0,0.0,0.9296875,44.51229969392987,58.51537461741233,1971607.6379585266,1624422.3655732472,0.0520737981635792,0.215692458809417,0.2,0.6006149846964933,1.0,0.5,50.65191709212529,0.48696165815749426,0.32599843295237685,76.0,-0.3824039387155008,-0.7852855195261037
MITSF,36.95416726669737,45.04106177520117,22.5,30.0,0.0,30.3446368990896,50.52975665840529,48.437464001975016,26.080375130648164,41.029147795264855,52.36568002997376,36.869364732814766,51.362325758201145,55.69380414976565,31.582954619130465,50.0,0.0,42.67459924680398,False,0.0,0.5796178343949044,False,False,False,52.77330632506481,False,False,False,False,42.8208683298618,False,False,34.768047718750026,37.3059895202665,39.99029438353524,False,False,False,Reject,Reject,C,low breakout volume,low breakout volume,,16,0,0.6342364686302231,47.16856522656223,65.47185422132276,19.71363173442144,1.0,0.2154688144805635,1.4383076281784075,44.90679445839877,1.0,0.0,1.0,0.49067944583987616,0.0,1.0,0.0,0.0,0.0,25.366666666666667,37.50000000000001,38.5,1968264.986448288,1361019.865700404,0.4089837680881139,-1.0074000524199125,0.2,1.0,0.0,0.5,44.664683954519255,0.6067063209096148,0.15218931669049593,76.0,-0.47643768841527784,-0.7852855195261037
MITSY,42.148380942366295,48.37212660477254,22.5,30.0,0.0,31.66085510999176,53.80469446700704,46.49831208642095,27.273990637214336,44.72302715303909,46.79055826152116,38.23028046666777,50.66992243216267,52.51771302924947,25.715049103949323,45.0,0.0,38.10362196536036,False,0.0,0.3821656050955414,False,False,False,52.703195991350725,False,False,False,False,40.07324443790686,False,False,34.92023608806828,36.878397844940345,37.49100990515035,False,False,False,Reject,C,C,weak RS,,,15,0,0.6689785637113672,43.10014684342863,62.39721890992824,14.1545387436792,0.0,0.2214070406021652,0.9356173200702166,7.813867473763747,0.0,0.0,0.0,0.7813867473763746,0.0,0.0,0.0,0.0,0.0,0.9452054794520548,42.5,49.5,6291234.616394043,6224382.043253581,-0.026700582409093013,0.14953599388085279,0.4,0.0,1.0,0.5,38.46763808116017,0.7306472383767967,0.3389972216115829,76.0,-0.5737666961790358,-0.7852855195261037
MIU.F,26.75,49.74867410489981,50.35272341383903,50.0,0.0,37.95526305553396,62.01953865228202,57.72457267686024,53.75000000000001,35.0,100.0,46.28747812994426,44.300369685290455,81.67501451814239,53.75000000000001,50.0,100.0,53.20591096223797,True,0.5183087876297843,1.0,True,False,False,71.70704296892482,False,False,False,False,76.81300103232799,True,False,43.505057159197854,46.69656496475031,49.95123796349414,False,False,False,Reject,C,Reject,MA-long declining;weak RS,,MA-long declining,12,0,0.0,61.165407224396446,78.23928844264978,35.55458539701645,0.0,0.0118022594810588,140.22,24.95640017143467,0.0,0.0,0.08750870849531456,0.4081313086481522,0.0,1.0,1.0,0.0,0.0,0.0,35.0,44.0,10917.91812133789,3772.96533241272,4.669813830669094,0.0,0.05,1.0,0.33333333333333337,0.5,0.0,1.5848547837884122,0.008290181915304467,76.0,-1.2402567401832103,-0.7825680641973518
MK2A.F,48.10377494293249,49.48464912280702,30.0,38.333303057936206,100.0,38.194583908562784,41.5,51.30748890214032,21.82318157299501,35.0,100.0,32.63640403725861,25.8015427769986,40.45437538637824,53.9824682060481,40.0,58.893481717011134,34.474506564419016,True,1.568127036833138,0.9620253164556962,False,False,False,80.99114466307502,False,False,False,False,79.2914953415949,False,False,35.783114478342775,34.299470769667565,34.38698866704329,False,False,False,Reject,Reject,Reject,weak RS,weak RS,weak RS,12,0,0.0,54.2240952003214,71.64868691694676,28.087207625383364,1.0,0.1132075019022504,0.96,14.86003309974136,0.0,0.0,0.0,0.4860033099741359,0.0,1.0,0.0,0.0,0.0,0.0,18.333333333333336,23.166666666666668,350.40000915527344,-253.55982106526693,0.0,0.0,0.05,0.16666666666666669,0.33333333333333337,0.5,0.0,2.121628097865896,0.03760589192610374,76.0,-1.660318393493624,-0.7825680641973518
MKTAY,35.398948915836684,50.95453485268201,28.750000000000004,50.0,77.24865244902742,37.52983902391086,41.04944652474624,56.33345424420679,37.19110213347936,30.0,60.0,37.643290292597,49.30319408708574,52.89546005568698,35.055984525313185,56.45343376579623,45.92050874403815,44.57465473757762,False,0.0,0.8853503184713376,False,False,False,54.51520410282348,False,False,False,False,51.03962656495133,False,False,38.97283754725005,39.70000937235396,42.13733205496579,False,False,False,Reject,Reject,Reject,weak RS;low breakout volume,weak RS,weak RS,10,0,0.3381945116836364,55.915552772804304,64.6573893426656,42.80279791801235,1.0,0.1037585573214321,0.6094445578925873,10.383639806278442,0.0,0.0,0.8601349830327321,0.17822899759511204,0.0,0.0,0.0,0.0,0.0,0.8661971830985915,28.92145124794058,43.901814059925734,634599.1035652161,609208.7359682719,0.003528707487643497,0.15434551141309538,0.05,0.19607256239702917,1.0,0.5,23.303080708788293,1.0339383858242341,0.39375050474853324,76.0,-0.8119368424699647,-0.7852855195261037
MONOY,19.747439955315585,43.26804550250779,42.78975779195225,50.0,46.199203187250994,31.67773974742606,21.089036359283988,47.98635956809964,29.802011687385,30.0,72.9208165422299,28.4361128397753,11.261466438464526,41.40828814718471,41.84744601435152,37.628709839352894,0.0,23.858752633609274,False,0.0,0.5732484076433121,True,False,False,43.25944428487461,False,False,False,False,56.52538681206124,False,False,29.14145425236748,27.71123015945565,25.78499139653246,False,False,False,Reject,Reject,Reject,below MA-long;MA-long declining;weak RS;low breakout volume,below MA-long;MA-long declining;weak RS;low breakout volume,below MA-long;MA-long declining;weak RS,9,0,0.0828729834858905,26.50255082641774,12.355208218492583,47.72356473830548,2.0,0.0825687961716081,0.8154294166589627,3.1866946468969446,0.0,0.0,0.0,0.3186694646896944,0.0,0.0,0.0,0.0,0.0,0.4444444444444444,17.5,13.5,1138010.3510284424,1886054.852142334,-0.03502179440244537,-0.10471990969112188,0.2,0.0,0.0,0.5,42.012036338846976,0.6597592732230605,0.14669031117936776,76.0,-0.5180994036351356,-0.7852855195261037
MRAAF,74.3828125,78.72456666766593,53.75000000000001,35.0,0.0,51.6047467980948,75.5,82.65597909623479,53.75000000000001,35.0,0.0,52.36583573615668,69.05381165919283,49.42236338466502,53.75000000000001,30.0,0.0,42.76198824057586,False,0.0,0.9235668789808916,False,False,False,81.53808784005474,False,False,False,False,79.39733459393892,False,False,50.064521768009584,49.33246369987005,46.04722597022296,False,False,False,Reject,C,C,stop > 1.5 ATR,,,12,0,0.952205808574124,62.55939164720122,96.5854189717416,11.52035066039063,0.0,0.1225482651199506,0.8367968094038623,15.897680501572385,0.0,0.0,0.0,0.5897680501572383,0.0,0.0,1.0,0.0,0.0,0.3303571428571428,45.0,63.99999999999999,506227.8917694092,281835.0653266907,0.1044473509416503,2.110335870752776,0.05,1.0,1.0,0.5,100.0,-0.5172016477437847,0.0271872493600086,76.0,0.3869057968717544,-0.7480753368818013
MRAAY,78.09654658412126,77.6213371699296,48.75000000000001,35.0,86.00002543137977,51.131445084410544,71.17800759446844,77.76000333895263,48.75000000000001,35.0,0.0,50.22128714045614,69.83365451116931,65.72118391984147,48.75000000000001,45.0,0.0,53.52431413209661,False,0.0,0.8152866242038217,False,False,False,88.53698035618726,False,False,True,True,83.75776301846395,False,False,51.33697151076144,51.39422682673917,52.45927047941789,False,False,False,Reject,C,Reject,stop > 1.5 ATR,,fresh TD Sell 9,10,0,0.6852425831642914,96.8088578088578,96.8088578088578,,,,,24.691416996934336,0.0,0.0,0.0,0.6055082916557027,0.8636334080377308,0.0,1.0,0.0,0.0,0.3126824183460737,75.0,82.0,22562413.327083588,11170581.74428781,0.3304775958299972,0.6755232164379456,0.65,1.0,1.0,0.5,0.0,1.5358831364351104,0.4539643575776554,76.0,-1.148956294699773,-0.7480753368818013
MSADF,60.41257748944142,60.71953258809764,31.26927568710489,36.642724704670826,54.67354112959924,42.14493315398449,59.63370570513531,61.2794961545982,40.977927152326096,44.111312864686255,70.19108280254777,48.50208695768031,66.7958710391185,58.00752778942376,39.05479251087849,30.0,43.63116057233704,41.95686796450989,False,0.0,0.2165605095541401,False,False,False,58.84054703730863,True,False,False,False,60.08080101677028,False,False,44.01446625719832,45.267090498990015,43.61197923174996,False,False,False,Reject,Reject,Reject,weak RS;low breakout volume;stop > 1.5 ATR,weak RS;low breakout volume,weak RS,12,0,0.4034999847412108,62.37924618051832,75.63087709720163,42.50179980549335,1.0,0.0205003522762826,2.142857142857143,23.731651310199766,1.0,0.0,0.0,0.3731651310199764,0.0,0.0,0.0,0.0,0.0,383.0,30.0,34.0,59244.9502658844,30871.983674367268,0.26684857148997204,-0.2884712612068571,0.05,1.0,0.0,0.5,100.0,-0.9493235448938092,-0.06304771596989248,76.0,0.7454900331502974,-0.7852855195261037
MSADY,52.67339947923496,58.90291811078325,31.25,50.0,52.311225685493326,43.27888183125062,41.21026552135226,61.48647656873606,41.460763329020125,54.58875916710439,52.90520794304984,47.300154451370375,53.02813312312096,56.65875187217403,34.1569835988948,30.0,46.68362480127186,39.0732899395565,False,0.0,0.5987261146496815,False,False,False,57.093687417433735,False,False,False,False,50.00759127780085,False,False,43.64414523894773,44.02784057380226,41.55056525667938,False,False,False,Reject,Reject,Reject,weak RS;low breakout volume;fresh TD Sell 9,weak RS,weak RS,11,0,0.346770244620471,61.86186890657981,77.7227867644221,38.07049211981638,0.0,0.0652631793105811,0.713150089732691,31.475513922784437,0.0,0.0,1.0,0.43327151680075576,0.7142798754776876,0.0,1.0,0.0,0.0,0.7008547008547008,33.81730600936464,44.5542605216605,2351259.0897274017,2375296.21494929,-0.007357188023449863,0.03684068271975845,0.2,0.10535676647125114,0.9473447119959743,0.5,40.049828539145395,0.6990034292170921,0.3361067628000219,76.0,-0.5489172710632723,-0.7852855195261037
MSBHF,48.87555294267724,61.3515162669483,25.324330797676435,36.01352387575324,36.22498242324818,37.35110690489142,56.11186991516212,57.40901965453461,35.77740415646845,35.0,37.61858373922817,42.62140558709312,64.42113215916464,57.66884858170537,33.2230622966019,45.0,0.0,44.89933062845184,False,0.0,0.0573248407643312,False,False,False,60.89994018476388,False,False,False,False,52.13836405417353,False,False,40.44184125426401,42.2507233630604,43.57502699575612,False,False,False,Reject,Reject,C,low breakout volume,low breakout volume,,8,0,0.5557067657982389,46.035937954184575,69.53825551292056,10.782461616080608,0.0,0.1748516246482136,0.8594919168591224,21.316628257094443,1.0,0.0,0.0,0.13166282570944396,0.0,0.0,0.0,0.0,0.0,3.357894736842105,10.0,9.0,395136.00071907043,1773313.7632687886,-0.13986600670124807,-2.611650085268508,0.05,0.0,0.0,0.5,74.44279074520296,0.011144185095940784,0.14876406606826253,76.0,-0.00875136718276092,-0.7852855195261037
MTHRF,14.499999999999998,18.31814135025212,30.0,44.99999999999999,0.0,21.06213140303209,10.500000000000002,25.31814135025212,30.0,30.0,0.0,18.50074563706709,10.716216216216218,31.926174554424968,34.5,41.86794234455788,0.0,21.70272706363005,False,0.3938272780007042,0.5987261146496815,False,False,False,21.163858462096627,False,False,False,False,1.829154666810496,False,False,20.42183480536218,19.97361721822898,20.838172140929515,False,False,False,Reject,Reject,Reject,below MA-long;MA-long declining;weak RS;low breakout volume,below MA-long;MA-long declining;weak RS;low breakout volume,below MA-long;MA-long declining;weak RS,28,0,0.1111111539247744,11.272025272025273,2.12004212004212,25.0,0.0,0.2511383547598285,0.0219780219780219,0.0,0.0,0.0,0.0,0.0,0.0,0.0,0.0,0.0,0.0,0.0,18.333333333333336,23.166666666666668,85.52000045776367,28.50666681925456,0.0,0.0,0.05,0.16666666666666669,0.33333333333333337,0.5,36.01799581699285,0.7796400836601429,0.12443012605706935,76.0,-0.6122400681404303,-0.7852855195261037
MTHRY,16.023453583758275,28.9927207778676,28.750000000000004,34.580491412605774,0.0,23.063183052518443,10.638346055173724,48.88998156535746,22.25980187695688,30.0,0.0,20.866816403539545,8.644831228946085,29.965607285692368,32.77075504440303,50.07867744677371,0.0,20.38790051423495,False,0.28213331247634,0.8662420382165605,False,False,False,33.854746309984264,False,False,False,False,44.16785071687003,False,False,21.86921655016808,21.162414966543945,20.77515774038945,False,False,False,Reject,Reject,Reject,below MA-long;MA-long declining;weak RS;low breakout volume,below MA-long;MA-long declining;weak RS,below MA-long;MA-long declining;weak RS,12,0,0.0617283344971364,19.212407008825675,2.136363636363636,44.82647206751873,1.0,0.109461909158715,0.4693877551020408,10.98248783942517,0.0,0.0,0.10915863318018049,0.48910207170266035,0.49998807905967624,0.0,0.0,0.0,0.0,0.40461771385314155,32.5,43.5,1256503.4392809868,1545749.492986997,-0.03746653967052153,0.078095391925409,0.2,0.0,1.0,0.5,16.056757488013773,1.1788648502397245,0.20721145732288582,76.0,-0.9257454963715646,-0.7852855195261037
MTLHF,31.813791998501483,41.644391598294696,47.5,65.0,0.0,40.8183165541507,40.31379199850148,38.58555160193131,42.5,35.60978191088492,0.0,37.97013501735403,50.31379199850148,53.37321137543586,29.63934273648812,50.0,52.025437201907785,41.090108393516005,False,0.0,0.5286624203821656,False,False,False,48.084604770568525,False,False,False,False,28.863856244430792,False,False,40.01822046098476,39.47576333756196,40.28293586553898,False,False,False,Reject,Reject,Reject,weak RS;low breakout volume,weak RS;low breakout volume,weak RS;fresh TD Sell 9,23,0,0.4246896447681769,42.19086047128485,62.11120318142033,12.31034640608163,0.0,0.0634482811237203,170000000000.0,1.2154259317926261,0.0,0.0,0.0,0.12154259317926262,0.0,0.0,0.0,0.0,0.0,0.0,30.0,34.0,1028.4500169754028,700.6166656812032,3.252594763371777,-3.9101346473393965,0.05,1.0,0.0,0.5,56.216517602612356,0.3756696479477528,0.0426038909192354,76.0,-0.29500793465883957,-0.7852855195261037
MTLHY,27.574576945461565,47.2188164576512,36.25,35.0,50.81134286383876,33.70190680596303,52.12365625015531,56.31456809676341,48.75,30.0,82.18059198201574,41.09358429898156,46.02557536655222,55.55548713629749,32.173288157427685,33.042705452992095,41.34181240063593,38.86214565776209,False,0.0,0.4713375796178344,False,False,False,53.47070240340487,True,False,False,False,56.064243616180505,False,False,36.9514578242284,38.945817208012016,38.90398143288705,False,False,False,Reject,Reject,Reject,weak RS;low breakout volume;stop > 1.5 ATR,weak RS,weak RS,9,0,0.3410033545880511,53.37379046365324,52.66009381606088,54.444335435041765,1.0,0.0,0.9166666666666666,12.668829335116103,0.0,0.0,0.0,0.26688293351161024,0.0,0.0,1.0,0.0,0.0,0.0,31.271339727515553,46.83917465939444,2423.550033569336,3290.8166885375977,0.017628038365093295,0.3368539242647719,0.05,0.31356698637577746,1.0,0.5,48.55889702379205,0.5288220595241591,0.12122414000639355,76.0,-0.4152763057502934,-0.7852855195261037
MTS1.F,25.081641063520504,34.036800680896775,34.5,30.0,98.15413156064002,28.97145416912939,40.202793409722695,29.029451494846004,29.97067058971693,30.0,75.18987341772151,31.07715468678104,47.80415628409961,44.48239735955725,34.18253565189502,40.0,55.0779014308426,39.54323593865966,True,0.7973367931481329,0.3227848101265823,False,False,False,73.00487831454035,False,False,False,False,55.71949252870489,False,False,31.71752067833094,33.19583895881429,36.36953744873698,False,False,False,Reject,Reject,C,weak RS,low breakout volume,,10,0,0.0,39.54167219031731,62.53460218478969,5.052277198608732,0.0,0.2308561801977218,1.5792844867989375,12.473348418720354,0.0,0.0,0.0,0.24733484187203528,1.0,0.0,0.0,0.0,0.0,0.36134453781512604,18.333333333333336,23.166666666666668,35833.89296245575,16819.15310118993,0.0,0.0,0.05,0.16666666666666669,0.33333333333333337,0.5,0.0,4.116262012950074,0.036943721378006375,76.0,-3.221255195203434,-0.7825680641973518
MTSFF,15.211743772241991,24.54613759369637,52.5,30.0,0.0,23.22516772153817,14.784697508896796,25.34356694464275,30.0,30.0,0.0,21.16233146292012,37.0,43.884364416994224,27.98361584544957,42.14369421590231,0.0,35.027179761354084,False,0.0,0.2611464968152866,False,False,False,34.3130105275109,False,False,False,False,9.102341742494048,False,False,24.96671925191594,25.73435320417392,30.380766482764,False,False,False,Reject,Reject,Reject,below MA-long;MA-long declining;weak RS;low breakout volume,below MA-long;MA-long declining;weak RS;low breakout volume,below MA-long;weak RS,11,0,0.1532057283612433,15.183631171335955,8.976151796704235,24.494850233283533,1.0,0.2423864919004947,7.7889908256880735,11.076193593641673,0.0,0.0,1.0,0.10761935936416728,0.0,0.0,0.0,0.0,0.0,0.0,45.0,63.99999999999999,27568.530373573303,15983.284983634949,0.871716091145628,0.11662248363320488,0.05,1.0,1.0,0.5,70.34492624498958,0.09310147510020833,0.09819666793458093,76.0,-0.0731112402427137,-0.7852855195261037
MTSFY,24.5,39.34674831426505,45.0,30.0,0.0,30.83470080971828,24.5,49.14406253151935,30.0,30.0,0.0,30.49917095656153,37.0,47.32963312723896,30.0,42.74863113995368,0.0,36.72319096836805,False,0.0,1.0,False,False,False,33.39021831291893,False,False,False,False,27.50684596823605,False,False,31.91173988550121,32.43348293073484,34.57833694955144,False,False,False,Reject,Reject,Reject,below MA-long;MA-long declining;weak RS,below MA-long;MA-long declining;weak RS,below MA-long;weak RS,7,0,0.2071520655773968,8.288890111159542,8.510204081632654,7.9569191554498735,0.0,0.2436149254094882,3.193983153802543,18.887394382420457,0.0,0.0,1.0,0.27763656874685666,0.6111028694951892,0.0,0.0,0.0,0.0,0.7852852852852853,62.5,74.49999999999999,5953011.1258125305,3249644.0161450705,0.3254707177138347,0.729957448132571,0.4,1.0,1.0,0.5,40.293218013510305,0.6941356397297939,0.34770965860649317,76.0,-0.5450946664667955,-0.7852855195261037
MUFG,66.01585093632835,64.99451917894697,45.05010268074748,50.0,52.311225685493326,53.26664558175354,56.60936834474224,64.30198436939389,53.75000000000001,34.536082170153826,73.15039194704863,46.37151033247754,71.65999731198627,61.40899013652241,48.75000000000001,34.536082170153826,59.81612463728949,47.305343495714965,False,0.0,0.7452229299363057,True,False,False,62.71761849941636,False,False,False,False,66.35972136050287,False,True,50.00584458976302,48.03068733130397,47.668015413509465,False,False,False,Reject,C,Reject,fresh TD Sell 9,,fresh TD Sell 9,8,0,0.2749657685059297,72.98967785340551,83.21935158566465,57.6451672550168,1.0,0.0,0.8319963193985026,35.265746360980124,0.0,0.0,1.0,0.5450900149533225,0.4814846211446897,0.0,1.0,0.0,1.0,0.240861628095161,68.09707381953454,66.87134227441817,60259015.54365464,58299488.06298358,-0.0014175570827927,0.1195890584665513,0.85,0.1548536909767272,1.0,0.5,32.66820157095924,0.8466359685808151,0.478684163860503,76.0,-0.6333474874123435,-0.7480753368818013
MUR1.F,52.593325628431096,66.05862054869802,60.00000000000001,50.0,100.0,54.965228432391086,67.12528963919232,50.19746987065796,55.00000000000001,50.0,96.03871928518242,53.44493849764746,61.28238519533929,67.04488407740946,60.00000000000001,65.0,0.0,62.53487499045868,False,0.0,0.7658227848101266,False,False,True,90.86417678392766,False,False,False,True,90.77849412090814,False,False,56.02307076358152,56.47597743243956,59.50542621144912,False,False,False,Reject,Reject,C,weak RS;stop > 1.5 ATR,low breakout volume;fresh TD Sell 9,,13,0,0.0,72.81450634307777,72.81450634307777,,,,,33.896494495919235,1.0,0.0,0.0,0.3896494495919239,0.0,0.0,1.0,0.0,0.0,13.333333333333334,30.0,34.0,54476.44083194733,20370.516710122425,22.95672038865596,-3.4387146040569254,0.05,1.0,0.0,0.5,0.0,4.298934043806558,0.0460343010751185,76.0,-3.185328871011868,-0.7409578371180053
MZ8.F,45.50000000000001,50.23574598656403,48.53448355240442,50.0,40.0,47.67963802799281,64.76640926640927,39.005681652633,49.42455373127033,58.25446268729675,83.02100216213336,47.62653337229326,37.28210066769389,45.82680990448156,53.75000000000001,50.0,68.90302066772655,43.33065062946912,True,0.4475906728283823,0.6075949367088608,False,False,False,77.37664918622352,False,False,False,False,71.6612148154235,True,False,46.793909151578205,46.34838948058593,44.83952005502752,False,False,False,Reject,C,Reject,weak RS;fresh TD Sell 13,,MA-long declining,12,0,0.0,77.63571372044464,71.90138242208778,86.23721066797995,2.0,0.0,0.1422516107154968,43.53844096323824,1.0,0.0,0.0,0.35384409632382313,0.0,1.0,1.0,0.0,0.0,10000000000.0,25.0,39.0,976.5799787521362,2107.2329757054645,-0.1279338424918009,3.1102010835309586,0.05,0.0,1.0,0.5,0.0,3.6830816623446445,0.06616576451553391,76.0,-2.8822620867818127,-0.7825680641973518
MZ8A.F,74.62270643485039,76.07252398835183,53.7222162882487,35.0,100.0,51.21289002385582,65.0353795554774,59.5671842827771,55.871210588677286,30.0,60.0,44.44912430190589,63.015079107937765,65.81652851832511,48.75000000000001,44.99999999999999,71.65536673685797,52.52632936171419,False,0.0,0.8924050632911392,False,False,False,62.06390690730927,False,False,False,False,59.744507487840615,False,True,49.44644817484252,48.225038964238365,50.37568416297628,False,False,False,C,C,Reject,,,fresh TD Sell 9,8,0,0.3627450861228698,73.4332710930457,83.37378800975289,58.52249571798494,2.0,0.0,28200000000.0,67.66686715766951,1.0,1.0,0.6420219591647369,0.1246647566022147,0.0,1.0,1.0,0.0,1.0,282000000000.0,18.333333333333336,23.166666666666668,220.6650013446808,74.76333378156026,0.0,0.0,0.05,0.1666666666666666,0.3333333333333333,0.5,100.0,-0.6059590139731966,0.0136752044221874,76.0,0.4489900803757389,-0.7409578371180053
MZ8A.SG,70.88993921954845,65.44680793640707,40.0,35.0,100.0,46.7192740303457,57.62453645297391,68.78684056324556,53.75000000000001,30.0,76.08695892545508,44.63342086726117,68.35486650895072,60.59839319747729,48.75000000000001,44.99999999999999,82.00306141843772,52.35319922123716,False,0.0,0.8987341772151899,True,False,False,64.6088214130007,False,True,False,False,66.15056737228802,False,True,47.22030311959864,47.36652500607087,49.85986211365402,False,False,False,Reject,Reject,Reject,low breakout volume,low breakout volume,fresh TD Sell 9,10,0,0.3428571791875929,76.1694989417537,76.37676817003049,75.85859509933852,1.0,0.0,0.0949735220071186,21.455143399676952,0.0,0.0,0.0,0.145514339967695,1.0,0.0,1.0,0.0,0.0,0.0,15.000000000000002,19.0,407.51498956680297,704.0528424580892,-0.09192484959708978,0.0,0.05,0.0,0.33333333333333337,0.5,66.18735777713617,0.17625284445727654,0.30355773244576584,76.0,-0.13792984729620786,-0.7825680641973518
MZHOF,71.0305341737399,69.66337351960199,53.75000000000001,50.0,67.16110433805534,57.82317419897976,63.92709624643948,73.35117306523941,53.75000000000001,30.0,74.66279283489506,46.28184624234548,69.6719647450941,59.88401809497517,48.75000000000001,44.99999999999999,77.76959409247664,52.40038385305314,False,0.0,0.7452229299363057,True,False,False,61.976585673066936,False,True,False,False,62.591506775796354,False,True,53.27621774280416,50.42567311688463,51.41302848496889,False,False,False,Reject,C,Reject,low breakout volume;stop > 1.5 ATR,,fresh TD Sell 9,14,0,0.4467940876663074,73.56188142675032,78.82934664914771,65.66068359315422,2.0,0.0,0.7597740448937119,74.87111373968578,1.0,1.0,1.0,0.4871113739685779,0.0,0.0,1.0,1.0,1.0,960.5,32.5,43.5,1227611.3762283323,1055259.5914332073,-0.0826483008315329,0.1250153777120761,0.2,0.0,1.0,0.5,85.71111942568243,-0.2142223885136484,0.1263732238096117,76.0,0.158409282691986,-0.7394618451931486
N9B.F,31.55069580403081,49.08991228070175,30.0,38.49343627198805,60.0,35.237283839655625,39.9164007352335,38.409878402973575,34.84800070479622,44.346266175763525,0.0,38.05182773213252,50.94935472574858,67.72864663280059,33.55039793851797,35.0,0.0,42.5941392310583,False,0.0,0.8354430379746836,False,False,False,81.92689219329539,False,False,False,False,63.214173580860006,False,False,37.55301808567923,38.85161240331488,40.72287581718659,False,False,False,Reject,Reject,Reject,weak RS,weak RS,weak RS,10,0,0.0,48.1513955284218,73.80381642904985,9.672764177479738,0.0,0.106354238555758,16.464285714285715,2.1740938316061054,0.0,0.0,0.0,0.21740938316061054,0.0,0.0,0.0,0.0,0.0,0.0,29.319128760869667,33.14891095108708,0.0,692.292671362559,0.095914772565218,-2.539203617705576,0.05,0.9659564380434834,0.0,0.5,0.0,3.517275951090038,0.03956953403158632,76.0,-2.75250783229243,-0.7825680641973518
N9B.SG,22.521638022259413,22.5807342901653,30.0,39.99173237240183,60.0,26.044449640027743,35.58839928922283,31.909156567590703,28.487316689232696,44.32043940343623,0.0,32.90640760668173,44.2829198557753,46.516885037470686,33.470232581963046,30.0,0.0,35.986859588824096,False,0.0,0.569620253164557,False,False,False,82.20771783668296,False,False,False,False,63.87098832237599,False,False,30.09151901978321,32.45815160799364,34.22250559840887,False,False,False,Reject,Reject,Reject,weak RS;low breakout volume,weak RS;low breakout volume,weak RS,12,0,0.0,52.249035703422905,51.6779668134036,53.10563903845187,1.0,0.0861048396949563,0.3023632481778694,4.0929383225976785,0.0,0.0,0.0,0.2877979054161521,0.12149592684361576,0.0,0.0,0.0,0.0,0.0,29.034680442176686,32.79335055272086,1834.8965040206908,2420.519008731842,0.0942080826530601,-0.5685650413282045,0.05,0.9517340221088343,0.0,0.5,0.0,3.865334062992665,0.04488767845130973,76.0,-3.024886995152255,-0.7825680641973518
NCBDF,14.499999999999998,22.1831870113753,30.0,65.0,0.0,23.75438187209666,14.499999999999998,22.228808985433503,34.5,30.0,0.0,20.807316881249875,13.948275862068968,32.73470249872117,47.17907863470091,50.83360432956526,0.0,26.4185189690373,False,0.0,0.5286624203821656,False,False,False,17.04688019629279,False,False,False,False,2.1712731629885127,False,False,23.403089794230752,23.080090505755457,24.74930473739638,False,False,False,Reject,Reject,Reject,below MA-long;MA-long declining;weak RS;low breakout volume,below MA-long;MA-long declining;weak RS;low breakout volume,below MA-long;MA-long declining;weak RS,21,0,0.0194445893601329,11.858466605133524,2.628082365606021,25.70404296442478,1.0,0.1238317861131354,50000000000.0,0.0,0.0,0.0,0.0,0.0,0.0,0.0,0.0,0.0,0.0,0.0,11.2433304819315,11.486660963862999,562.5,1117.366663614909,-0.11731305782080645,-0.015026678072274001,0.05,0.0,0.08288869879543333,0.5,56.46895684481398,0.37062086310372044,-0.00997849962901594,76.0,-0.29104319702961806,-0.7852855195261037
NCBDY,16.87441756558371,28.461495037519192,36.16717083784915,39.50484564265281,0.0,24.969427673912588,19.558403012701856,50.63933500102424,22.5,37.15313558384699,0.0,27.85690967287013,11.664081921344692,48.13252816622265,42.53892111277759,40.96072985635261,0.0,25.650130786003416,False,0.0,0.9554140127388536,False,False,False,34.13912929854372,False,False,False,False,45.94683083834975,False,False,25.97181289601801,26.617379607018613,26.13375519651101,False,False,False,Reject,Reject,Reject,below MA-long;MA-long declining;weak RS;low breakout volume,below MA-long;MA-long declining;weak RS,below MA-long;MA-long declining;weak RS,11,0,0.0529182358999813,7.87724113973516,4.815624823003602,12.4696656148325,0.0,0.1393442529752577,1.2535229300845814,6.845736447197326,0.0,0.0,0.0,0.12902750815380185,0.5555461365659307,0.0,0.0,0.0,0.0,0.9594813614262561,33.19961993086035,33.12452491357544,1769839.4259119034,1648547.3975849152,0.0741977195851621,-0.0434946806896718,0.2,0.7849809965430176,0.0,0.5,9.522753500496883,1.3095449299900623,0.37871139674589366,76.0,-1.0283666706900212,-0.7852855195261037
NCLTF,18.92372881355932,41.88999661133444,52.5,35.0,78.81103038825091,29.72250105125057,14.584745762711863,40.11171698161118,71.25,30.0,0.0,27.12071061165304,16.5,64.56720418630337,13.947998893013096,53.680225878354825,0.0,26.76984119145697,False,0.9954937137599186,0.1464968152866242,False,False,False,32.96397550337359,False,False,False,True,69.60998726865078,False,False,28.3514319474126,27.535807873513725,27.152824532485347,False,False,False,Reject,Reject,Reject,below MA-long;MA-long declining;weak RS;low breakout volume;stop > 1.5 ATR,below MA-long;MA-long declining;weak RS;low breakout volume,below MA-long;MA-long declining;weak RS,10,0,0.5086792280089181,14.828657742745458,1.865064266585053,34.27404795698607,2.0,0.1415707831970503,117.5,2.883308442916887,0.0,0.0,0.0,0.2883308442916887,0.0,0.0,0.0,0.0,0.0,0.0,30.0,34.0,318.64999771118164,7166.98344707489,0.25202040462226183,-0.5859321968629416,0.05,1.0,0.0,0.5,35.3328387781818,0.793343224436364,0.05227382490108872,76.0,-0.6230009461640243,-0.7852855195261037
NCLTY,20.047687554895965,46.87774512750226,35.0,50.0,65.39997845306834,31.450975068968507,18.232016839809795,42.32931704521669,71.25,41.40091045725488,74.28220127243813,31.96122667853239,18.896957829615754,47.617483808149146,24.967997642847813,51.044689314166384,0.0,29.327757558978792,False,0.3950650967400527,0.7070063694267515,True,False,False,47.07855564456494,False,True,False,False,63.09406475897595,False,False,31.179407049839728,31.06913562075353,30.198446589866165,False,False,False,Reject,Reject,Reject,below MA-long;MA-long declining;weak RS;low breakout volume;fresh TD Sell 9,below MA-long;MA-long declining;weak RS;low breakout volume,below MA-long;MA-long declining;weak RS,8,0,0.2471768936074563,18.17957265694564,4.236391859410827,39.09434385324786,1.0,0.039149825975764,1.294368483883804,27.77448972110257,0.0,0.0,0.0,0.777448972110257,0.0,1.0,1.0,0.0,0.0,0.26913265306122447,20.730715704127572,17.538394630159463,1036068.3909106255,1146079.1420602798,-0.0006157057752345803,-0.024711270192493553,0.2,0.1615357852063785,0.0,0.5,34.24384321195977,0.8151231357608046,0.15775291917897843,76.0,-0.6401043951436702,-0.7852855195261037
ND5.F,52.660461489716766,51.56923349995567,46.33022335348458,50.0,70.0,49.14441378539192,48.66046148971677,41.02660712722744,40.1510561978219,40.63601864230118,0.0,41.815325396886806,51.95248313917842,47.18034252967271,53.75000000000001,30.0,0.0,40.00872801852955,False,0.0,0.689873417721519,False,False,False,79.40846791672635,False,False,False,True,71.02507124757334,False,False,45.11855011546791,42.73916386108065,41.373945939805104,False,False,False,Reject,Reject,Reject,weak RS;stop > 1.5 ATR,weak RS,weak RS,14,0,0.0,64.44040858761147,75.31856324006924,48.12317660892481,1.0,0.0884906168699996,0.4545454545454545,14.818436074980385,0.0,0.0,0.0,0.4818436074980383,0.0,1.0,0.0,0.0,0.0,0.0,10.0,9.0,0.0,183.16286913553873,-9.395909820220993,-78.23672090145284,0.05,0.0,0.0,0.5,0.0,4.464952543928817,0.024712801952356096,76.0,-3.4941292690354153,-0.7825680641973518
NDEKF,14.499999999999998,23.77832446429912,36.25,65.0,0.0,24.9271089275148,14.499999999999998,17.451235673821166,36.25,30.0,0.0,19.80716388281187,31.13793103448276,37.59131344450245,30.0,50.0,0.0,34.76994432222405,False,0.0,0.5668789808917197,False,False,False,33.93275409061603,False,False,False,False,42.19570383404813,False,False,25.35969249304577,25.31998702357611,30.04496567290008,False,False,False,Reject,Reject,Reject,below MA-long;MA-long declining;weak RS;low breakout volume,below MA-long;MA-long declining;weak RS;low breakout volume,below MA-long;weak RS,20,0,0.0315533789560007,10.551064956001037,0.5136013406703953,25.607260378997,1.0,0.1680751198092579,1.0,2.7313143397798405,0.0,0.0,0.0,0.273131433977984,0.0,0.0,0.0,0.0,0.0,0.0,10.625805084306762,9.782256355383453,88.59999656677246,709.7500006357828,-0.016245169494159425,-1.6535928827115787,0.05,0.031290254215338126,0.0,0.5,85.98951157640698,-0.21979023152813978,-0.012572519746394376,76.0,0.17259808615233788,-0.7852855195261037
NDEKY,15.228109164490409,33.536601683705754,47.63120449421592,30.0,0.0,24.67203474689804,17.035756904930736,39.11067919160732,29.702718032906265,42.74354949743215,0.0,26.633780829020385,35.207227413076936,49.01767983770984,26.054127851680622,60.0,0.0,37.09649926101208,False,0.0,0.961783439490446,False,False,False,42.12219004528612,False,False,False,False,47.76733255708862,False,False,27.74545147435755,29.380247142193426,33.238373201602755,False,False,False,Reject,Reject,Reject,below MA-long;MA-long declining;weak RS;low breakout volume,below MA-long;MA-long declining;weak RS;low breakout volume,below MA-long;weak RS,11,0,0.1441393593061037,9.287798593299286,3.4370496815451625,18.063921960930468,1.0,0.11813564637422,2.6699791495545586,16.99640228793103,0.0,0.0,1.0,0.06328605038609059,0.6363541784070121,0.0,0.0,0.0,0.0,0.5925925925925926,37.50000000000001,38.5,2408626.3507938385,2682230.733464559,0.32387553440269023,-0.4962222189334269,0.2,1.0,0.0,0.5,0.0,1.778748157913112,0.5668930743532297,76.0,-1.396825171292898,-0.7852855195261037
NEC1.F,63.57284017519231,36.501785762756505,36.25,34.10716092969665,58.37303857153899,39.05143129181575,58.75198470332003,35.5422095584016,30.203818970744955,35.0,0.0,36.26349325622267,67.68149232089274,32.42889119211995,54.082135968250746,45.0,0.0,42.531326182625484,False,0.0,0.3291139240506329,False,False,False,83.68146957489422,False,False,False,False,58.80958805165818,False,False,38.91102885929977,38.70143074126213,40.61637846194381,False,False,False,C,Reject,C,,low breakout volume,,10,0,0.0,61.37315685957685,80.91356176454885,32.06254950211888,2.0,0.1270824814864875,1.0816831683168318,22.941137561441515,1.0,0.0,0.0,0.2941137561441513,0.0,0.0,0.0,0.0,0.0,13.73134328358209,45.0,63.99999999999999,11187.623541545869,6463.071589716275,0.10132766155535634,0.6996436318435076,0.05,1.0,1.0,0.5,0.0,32.54580994565237,0.04338279895312536,76.0,-25.469311486904093,-0.7825680641973518
NEN.F,51.02786099460756,66.76582444817042,60.00000000000001,50.0,91.6611270000773,54.79137045833962,39.84913571795311,45.070256124376726,60.00000000000001,35.0,68.6373790022338,40.910043096874574,41.17171423024656,55.85469400420784,46.25,25.0,90.52464228934818,36.03468154706733,True,0.827761333034711,0.1835443037974683,False,False,True,82.95978446273244,False,False,True,True,68.11311137769195,True,False,46.87563446764565,42.22370010422541,39.129190825646376,False,False,False,Reject,Reject,Reject,weak RS;low breakout volume;stop > 1.5 ATR,weak RS;low breakout volume,weak RS,9,0,0.0,65.80969117297,82.02932771317809,41.48023636265789,1.0,0.0,4.405835543766578,13.801592548888816,0.0,0.0,0.0,0.38015925488888164,0.0,1.0,0.0,0.0,0.0,0.0,30.0,34.0,6733.882583236695,3743.8468501091,0.693247317060897,-0.158319514851946,0.05,1.0,0.0,0.5,0.0,3.3652103780696745,0.08161998177618514,76.0,-2.6335061711828236,-0.7825680641973518
NEXOF,14.499999999999998,38.13309838317398,30.0,65.0,0.0,27.178809226839427,6.5,40.39219296509198,30.0,44.93823983097748,0.0,19.27981291452844,16.5,40.435317328461785,30.0,44.99999999999999,0.0,26.838936540527435,False,0.0,0.4904458598726114,False,False,False,26.172171659927685,False,False,False,False,0.297845026690041,False,False,24.74113579588373,23.12734926479033,24.983142902658884,False,False,False,Reject,Reject,Reject,below MA-long;MA-long declining;weak RS;low breakout volume,below MA-long;MA-long declining;weak RS;low breakout volume,below MA-long;MA-long declining;weak RS,24,0,0.4096185619076438,5.799891279354132,4.038412291933419,8.4421097604852,0.0,0.1605263258281507,45000000000.0,1.3308479272153149,0.0,0.0,0.0,0.13308479272153148,0.0,0.0,0.0,0.0,0.0,0.0,18.333333333333336,23.166666666666668,318.99999618530273,247.60333379109701,0.0,0.0,0.05,0.16666666666666669,0.33333333333333337,0.5,69.2641707269162,0.11471658546167585,0.05149208176856721,76.0,-0.0900852734125328,-0.7852855195261037
NEXOY,16.461752004935224,26.510083228631583,28.750000000000004,37.14485338872313,0.0,23.1540891973747,12.545650832819248,46.66482356067135,22.5,30.0,0.0,21.966363114523745,10.469516235917828,28.58564989864259,30.0,35.28951386150402,0.0,19.70846189252853,False,0.0,0.8980891719745223,False,False,False,30.97132484885444,False,False,False,False,33.214478560023394,False,False,22.10864591155018,21.52653796449537,20.617499928511947,False,False,False,Reject,Reject,Reject,below MA-long;MA-long declining;weak RS;low breakout volume,below MA-long;MA-long declining;weak RS,below MA-long;MA-long declining;weak RS,8,0,0.0640596987596198,8.82435724627533,1.0666666666666664,20.46089311568832,1.0,0.2774233979008992,1.0744286990935783,10.854903669455803,0.1071428571428572,0.0,0.0,0.2712122820252935,0.5999923706345724,0.0,0.0,0.0,0.0,1.1071428571428572,32.13178241476958,47.91472801846198,642007.3291969299,611441.5403954188,0.0227906944886175,0.04312077010862441,0.05,0.35658912073847915,1.0,0.5,10.579884898775616,1.2884023020244877,0.2681835505351043,76.0,-1.011763671103928,-0.7852855195261037
NI7.F,61.00000000000001,53.77211170449571,42.692291891788784,50.0,60.0,49.23356496549908,56.28000183105469,46.22199265397054,55.871210588677286,32.27271623847643,88.34951200115775,41.95097492700655,58.81816084531436,44.9337958072548,35.24463640662671,30.0,0.0,37.96988378534432,False,0.0,0.9240506329113924,True,False,False,75.56437651001701,False,False,False,False,58.96858667222016,False,False,44.79605171792037,42.21316559220639,40.09152468877535,False,False,False,C,C,C,,,,13,0,0.0,61.61055310757084,62.11387770304505,60.85556621435953,2.0,0.095652207084324,0.1182033096926714,25.906576962291783,0.0,0.0,1.0,0.5906576962291785,0.0,1.0,0.0,0.0,0.0,0.0,10.0,9.0,0.0,369.33833044370016,-0.08463686888749608,-0.12436520793860001,0.05,0.0,0.0,0.5,0.0,5.716229268742037,-0.013412206965755534,76.0,-4.4733384733477,-0.7825680641973518
NIB.F,41.88698935058306,74.02282675309735,53.75000000000001,50.0,62.36577221163442,50.78214017340839,53.91346330697076,70.65585228129693,47.5,35.0,60.0,46.31974770690146,26.75,73.13463146871425,53.75000000000001,30.0,66.55124683011158,37.983627783919744,False,0.0,0.9746835443037974,True,False,False,65.1134453722813,False,True,True,False,63.47015564609422,False,True,46.88371995555858,44.71139022330833,41.34750900361404,False,False,False,Reject,Reject,Reject,MA-long declining;weak RS,weak RS,MA-long declining;weak RS,9,0,0.3285444099451104,42.38759653310806,50.97693736609836,29.503585283622623,0.0,0.0448974159015415,2.956837800999545,44.4577613377608,1.0,0.0,0.0,0.4457761337760806,1.0,1.0,0.0,0.0,0.0,298000000000.0,30.0,34.0,12372.706246137619,5260.4616398016615,1.9794202970070978,-0.7397096162251723,0.05,1.0,0.0,0.5,68.3744939756953,0.1325101204860939,0.08026886802733295,76.0,-0.10369818847536035,-0.7825680641973518
NIB.VI,35.791274843121485,69.10377627174611,53.75000000000001,44.90210898476228,60.0,45.77505461766511,47.5,66.57520790183256,47.5,35.0,60.0,44.58952382080918,16.75,48.71600709248253,53.75000000000001,30.0,64.18443004340554,28.616701022297843,False,0.0,0.9240506329113924,False,False,False,65.65859254961543,False,True,False,False,62.74404648161386,False,True,41.98772465953487,40.03478314062696,34.3257420814624,False,False,False,Reject,Reject,Reject,MA-long declining;weak RS;low breakout volume;stop > 1.5 ATR,weak RS;low breakout volume,MA-long declining;weak RS,9,0,0.3330826651862009,51.41094119076028,66.5538034206802,28.696647845880385,0.0,0.0253614357260589,300000000.0,21.813690771806257,0.0,0.0,0.0,0.18136907718062556,1.0,1.0,0.0,0.0,0.0,0.0,18.333333333333336,23.166666666666668,4.575,1.525,0.0,0.0,0.05,0.16666666666666669,0.33333333333333337,0.5,45.84244411542439,0.5831511176915122,0.13111768326078976,76.0,-0.45635544130636874,-0.7825680641973518
NIB1.F,54.28448257257765,70.95639524101486,55.198274790460864,35.0,71.14370752189205,47.5225681156882,61.54312977592219,70.93842716099805,46.906249413266735,35.0,100.0,47.476053283341855,33.57507788894436,60.63224932472679,46.25,30.0,100.0,38.08814740140554,True,0.504179898922217,0.9556962025316456,False,False,False,65.89526900575656,False,False,False,False,66.353081454337,False,False,45.62172952312777,44.66898448523023,41.37856594331789,False,False,False,Reject,C,Reject,MA-long declining;stop > 1.5 ATR,,MA-long declining,15,0,0.4778760744528478,35.39578412539604,50.67577400133917,12.47579931148134,1.0,0.1428571266381911,43.9,51.181703420982736,1.0,0.0,1.0,0.11817034209827394,1.0,1.0,0.0,0.0,0.0,25000000000.0,45.0,63.99999999999999,517.6460106730461,251.85766976277034,0.28751583521567137,1.2928963730401781,0.05,1.0,1.0,0.5,100.0,-1.213075018114074,-0.0680614547696421,76.0,0.9493137686516983,-0.7825680641973518
NIDECN.MX,28.500000000000004,20.833333333333336,41.25,100.0,100.0,33.012191522203864,18.500000000000004,20.833333333333336,41.25,65.0,100.0,27.11908543270097,18.500000000000004,25.33333333333333,41.25,65.0,100.0,28.42240345598275,True,0.5175272743967267,0.961783439490446,True,False,False,42.5749084584333,False,True,False,False,48.961333156708754,False,True,30.32630208210877,28.688702057586084,28.55555275678442,False,False,False,Reject,Reject,Reject,below MA-long;MA-long declining;weak RS;low breakout volume,below MA-long;MA-long declining;weak RS;low breakout volume,below MA-long;MA-long declining;weak RS,36,0,0.0,65.22144522144522,65.22144522144522,,,,,0.0,0.0,0.0,0.0,0.0,0.0,0.0,0.0,0.0,0.0,0.0,18.333333333333336,23.166666666666668,0.0,0.0,0.0,0.0,0.05,0.16666666666666669,0.33333333333333337,0.5,75.0,-0.0,,76.0,0.0,-0.7689915574518158
NISA.F,15.742006886374815,55.48964055201895,41.25,43.06056577789681,88.44554378913195,29.79704893834437,19.106242496998803,36.83147501487439,28.43890461776183,31.333490305840883,60.19743240232469,25.68644219061588,14.875079501770143,39.28493676525167,24.98886610511557,39.5376268164543,66.35930047694754,24.19959201058517,False,0.4067357374638707,0.1392405063291139,True,False,False,48.43058589742999,False,False,False,False,54.145370641818296,False,False,27.444375528473987,26.062508486152367,25.131050248368773,False,False,False,Reject,Reject,Reject,below MA-long;MA-long declining;weak RS;low breakout volume,below MA-long;MA-long declining;weak RS;low breakout volume,below MA-long;MA-long declining;weak RS,11,0,0.0647958431478259,22.41388020549706,13.796297293741446,35.34025457313048,1.0,0.1186267686721406,0.7680574248541947,17.11021348307661,0.0,0.0,0.0,0.711021348307661,0.0,1.0,0.0,0.0,0.0,0.0,31.45717609282062,47.07147011602578,2452.291972899437,2008.5750194728375,0.018743056556923727,0.9912068902304007,0.05,0.32285880464103106,1.0,0.5,66.41147230323921,0.17177055393521592,0.03841472652145684,76.0,-0.1344221498791887,-0.7825680641973518
NISA.VI,18.500000000000004,49.64024621267048,35.89868270931487,46.34028673665229,100.0,30.561891258700552,18.500000000000004,40.98339634600381,26.97069262643216,30.0,88.7182235896493,25.554702149370414,14.499999999999998,37.13506843572978,24.98541426289016,37.58489233712023,93.0683624801272,23.38995631865677,False,0.4146833845742281,0.9113924050632912,True,False,False,49.06939407515908,False,False,False,False,57.90017240518658,False,False,27.62534753789276,25.90671622202235,24.648336270339563,False,False,False,Reject,Reject,Reject,below MA-long;MA-long declining;weak RS;low breakout volume;stop > 1.5 ATR,below MA-long;MA-long declining;weak RS;low breakout volume,below MA-long;MA-long declining;weak RS,13,0,0.0797832358407151,24.02436583977924,14.03069835808556,39.01486706231975,0.0,0.1161394134935782,0.0,9.285387738624094,0.0,0.0,0.0,0.9285387738624094,0.0,0.0,0.0,0.0,0.0,0.0,18.333333333333336,23.166666666666668,0.0,0.0,0.0,0.0,0.05,0.16666666666666669,0.33333333333333337,0.5,38.229265834586606,0.7354146833082679,0.2057706308021746,76.0,-0.5755120450988597,-0.7825680641973518
NISE.F,16.529391182645206,44.98920097573945,41.25,43.71725840349052,100.0,28.88331121287376,19.295610425240056,39.014679574567865,36.69354808583948,35.9677431759551,93.48922374549184,27.95672446499048,14.765869180692572,37.34399167131008,25.501551212447254,38.34022684381701,0.0,23.76306140216898,False,0.4529395936465287,0.8354430379746836,True,False,False,47.41555842525245,False,False,False,False,55.36693494761748,False,False,27.58128522636781,26.88394289572068,25.32350214894484,False,False,False,Reject,Reject,Reject,below MA-long;MA-long declining;weak RS;low breakout volume;stop > 1.5 ATR,below MA-long;MA-long declining;weak RS;low breakout volume,below MA-long;MA-long declining;weak RS,13,0,0.0693641638412456,19.040815552387528,20.5251105930766,16.814372991353927,1.0,0.1635514606980918,34.5,7.4914770943579345,0.0,0.0,0.0,0.7491477094357935,0.0,0.0,0.0,0.0,0.0,0.0,18.333333333333336,23.166666666666668,0.0,92.05866808096567,0.0,0.0,0.05,0.16666666666666669,0.33333333333333337,0.5,43.51805986966284,0.6296388026067432,0.1468408199949698,76.0,-0.49273521889949756,-0.7825680641973518
NISTF,14.817880794701988,28.88554030242864,23.43309935715141,30.70422920081516,0.0,21.1087868713457,18.84437086092715,57.37030939727936,33.90458212881892,43.2900778296584,0.0,31.159665037536115,14.572587917042382,48.42374059119943,21.35428196879952,25.0,0.0,22.43859597670477,False,0.0,0.910828025477707,False,False,False,26.34017640842059,False,False,False,False,44.44761296046314,False,False,24.39001214227464,26.53316868604863,24.4858823313767,False,False,False,Reject,Reject,Reject,below MA-long;MA-long declining;weak RS;low breakout volume,below MA-long;MA-long declining;weak RS,below MA-long;MA-long declining;weak RS,16,0,0.133333325182271,16.12398129416241,5.197808284021248,32.51324080937415,2.0,0.17191283740269,2.1555555555555554,30.624018660653295,1.0,0.0,1.0,0.06240186606532929,0.0,0.0,0.0,0.0,0.0,2.36734693877551,30.0,34.0,33833.79963994026,44229.199900627136,0.12766233489075504,-0.2635703449626069,0.05,1.0,0.0,0.5,55.186491318356246,0.396270173632875,0.09017122772652013,76.0,-0.31118522917399155,-0.7852855195261037
NJDCY,53.13897687382445,75.22693868128654,54.75142979538874,35.0,63.99968752441215,47.91618100213393,55.68501136128805,75.8922439278974,53.75000000000001,35.0,48.063966862981296,48.31677948674053,29.189033538650712,48.20495501581411,46.25,30.0,61.27186009538951,34.97673706189301,True,0.324364913033187,0.019108280254777,True,False,False,64.78951158128523,False,False,False,False,66.63587566565819,False,False,45.44847175946772,44.23464706236496,39.60569206212898,False,False,False,Reject,C,Reject,MA-long declining;stop > 1.5 ATR,,MA-long declining,12,0,0.4037036647848966,36.72900432764032,37.923525779246745,34.937222150230674,0.0,0.1399999618530273,0.333030381719034,1.5071939257126858,0.0,0.0,0.0,0.15071939257126857,0.0,0.0,0.0,0.0,0.0,0.18803418803418803,25.0,39.0,42284.6004152298,79707.18362689018,-0.08940136267669803,0.1418254778896755,0.05,0.0,1.0,0.5,19.527939602041457,1.109441207959171,0.08730669542696809,76.0,-0.8712281153758855,-0.7852855195261037
NMR,35.876631211351764,53.90908861974319,35.84784438524293,45.067798485668575,85.56050308569642,40.79150489002201,32.86412417590823,47.00570954992826,39.98798221581141,32.548083172305304,89.07455976020981,36.33744969332663,46.464485198464736,51.12981669298949,19.84071693044309,51.9502740702277,52.025437201907785,34.98502201741587,False,0.0,0.6178343949044586,False,False,False,51.137708926513554,True,False,False,False,51.56752918574088,False,False,38.29399175649217,36.82253242989248,35.903777223654174,False,False,False,Reject,Reject,Reject,below MA-long;weak RS;low breakout volume,below MA-long;weak RS,weak RS;fresh TD Sell 9,9,0,0.3372956871460786,65.41245049204369,65.41659960959066,65.40622681572323,1.0,0.0063437490993992,0.6235669086672044,30.392232356777637,0.028567735263702154,0.0,0.6783797151622217,0.6370484475636892,0.666659602424448,0.0,1.0,0.0,0.0,1.0285677352637022,42.5,49.5,12348252.967762947,14214225.945359865,-0.04771173458074937,0.08230450231680382,0.4,0.0,1.0,0.5,12.111532836481398,1.257769343270372,0.5640012792656349,76.0,-0.9877080521740803,-0.7852855195261037
NNDNF,31.49888348655168,54.69512614245568,47.5,65.0,64.58758346967399,43.30471660872732,24.750000000000004,69.81250005413708,52.5,35.0,59.3130634678098,37.39734133465518,23.416666666666668,48.20301450073668,46.25,30.0,65.08744038155803,31.839425745322373,True,0.3769183015486898,0.2038216560509554,True,False,False,71.93879063190477,True,True,True,False,98.46675724910806,False,True,39.23944585382469,36.91144171266976,34.37543372899607,False,False,False,Reject,Reject,Reject,MA-long declining;weak RS;low breakout volume,MA-long declining;weak RS;low breakout volume,MA-long declining;weak RS,16,0,0.1532124879798939,43.33823040340637,27.944669719963,66.42857142857143,0.0,0.0,0.3571428571428571,10.832694010011208,0.0,0.0,0.0,0.08326940100112078,0.0,0.0,1.0,0.0,0.0,0.0,12.322450347477991,11.903062934347489,180.0,561.1666711171468,-0.006065297915132055,-0.1354448351235546,0.05,0.11612251737389956,0.0,0.5,98.99915600317392,-0.4799831200634785,-0.06233935675353143,76.0,0.37692379380280894,-0.7852855195261037
NPCPF,48.50214760914251,21.68452415012178,30.0,65.0,0.0,32.56904362904375,40.50214760914251,19.5625,30.0,30.0,59.19970026227052,25.780041210274035,63.00214760914251,47.333333333333336,24.911687795078475,35.0,0.0,36.49933631391562,False,0.0,0.821656050955414,False,False,False,66.6879529269834,False,False,False,False,24.123226685577563,False,False,31.31840144038721,30.35363022512045,33.42648326951804,False,False,False,Reject,Reject,C,low breakout volume,low breakout volume,,32,0,0.0,54.03538011700505,59.67876542383418,45.570302156761365,1.0,0.0,2658250000000.0,3.376948967202432,0.0,0.0,0.0,0.33769489672024317,0.0,0.0,0.0,0.0,0.0,0.0,30.0,34.0,2490.4365070581434,5541.864699530602,8.881460506525489,-11.431520491154007,0.05,1.0,0.0,0.5,0.0,8.337598010105397,-0.024890557494711692,76.0,-6.547394984965425,-0.7852855195261037
NPS.F,15.965227316571282,22.800803524299056,57.50000000000001,31.877684203317465,0.0,23.891712529886306,33.520610224287736,29.80314146794451,22.29777922595532,35.0,80.40865631478793,27.793780224766383,17.497611314626685,31.075314893356303,32.71595858582842,50.0,79.07790143084262,26.691112176738542,True,0.4660154662666562,0.5063291139240507,False,False,False,67.51366185657344,False,False,False,False,75.76364997893569,True,False,25.62221276772077,26.68256627138201,26.68683922406028,False,False,False,Reject,Reject,Reject,MA-long declining;weak RS;low breakout volume,weak RS;low breakout volume,MA-long declining;weak RS,13,0,0.0,62.64086207833059,78.38627087198515,39.02274888784877,1.0,0.1058624703040656,0.6885174006139876,19.05919400232506,0.0,0.0,0.2060424769558722,0.6998769232766339,1.0,0.0,0.0,0.0,0.0,0.0,25.0,39.0,5402.952331626415,6463.172469198704,-0.15096441938519803,0.15181244244910008,0.05,0.0,1.0,0.5,0.0,2.401964158583463,0.035155371157192306,76.0,-1.8797004418540812,-0.7825680641973518
NPSA.F,24.5,45.89240068675608,57.50000000000001,30.0,0.0,33.18007556864879,24.5,50.39122222915783,22.5,30.0,0.0,28.76977343185538,24.5,55.62875478248536,39.772140695374645,30.0,0.0,32.7699955263326,False,0.0,0.7974683544303798,False,False,False,41.24808394452143,False,False,False,False,43.33878840420771,False,False,31.77496891914753,30.851900487557227,31.81094800694492,False,False,False,Reject,Reject,Reject,below MA-long;MA-long declining;weak RS;stop > 1.5 ATR,below MA-long;MA-long declining;weak RS,below MA-long;MA-long declining;weak RS,16,0,1.3934426293581987,12.26114247697218,3.729450790714633,25.058680006358493,1.0,0.1041667287548358,50000000.0,7.707190804210379,0.0,0.0,0.31969259967937536,0.45102648074166257,0.0,0.0,0.0,0.0,0.0,0.0,18.333333333333336,23.166666666666668,0.0,0.0,0.0,0.0,0.05,0.16666666666666669,0.33333333333333337,0.5,100.0,-2.195414205677709,-0.04950598259535127,76.0,1.7180610450485714,-0.7825680641973518
NPSCY,18.445852988971804,25.78440512803156,51.25000000000001,30.0,0.0,25.31251077818226,19.916278812930912,33.94193821571967,22.5,44.26701643877305,0.0,26.44298917790877,10.196835283754876,34.068390591814385,41.84554173769712,44.99999999999999,0.0,22.762980028583925,False,0.3547888035402766,0.9554140127388536,False,False,False,31.963065545000447,False,False,False,False,38.93761499768659,False,False,25.14174814818055,25.112890753166017,23.937935390874973,False,False,False,Reject,Reject,Reject,below MA-long;MA-long declining;weak RS;low breakout volume,below MA-long;MA-long declining;weak RS,below MA-long;MA-long declining;weak RS,12,0,0.0539845228959361,14.473079184119063,4.307555206824578,29.7213651500608,0.0,0.0921052392169706,0.768734432168949,16.70425251705631,0.0,0.0,1.0,0.07042525170563092,0.6000000000000001,0.0,0.0,0.0,0.0,0.8203195658727767,36.78217810832983,48.85272263541228,1359590.055309534,1268260.8234524727,0.005693068649978928,0.10668826924035747,0.2,0.21410890541649108,1.0,0.5,35.7610805099881,0.7847783898002381,0.19706100306038982,76.0,-0.616275105547139,-0.7852855195261037
NR7.F,49.764705201746295,39.868421052631575,36.25,30.48782378890147,60.0,36.2114896606028,45.764705201746295,34.99131397646549,41.462548941928745,39.15758536360443,0.0,38.36848446449628,49.72050716648291,54.95534413798562,53.75000000000001,30.0,0.0,41.10634842537045,False,0.0,0.8734177215189873,False,False,False,78.83093506466213,False,False,False,False,64.46378203160026,False,False,37.83755985472437,38.75844469197983,39.93239655867514,False,False,False,Reject,Reject,Reject,weak RS,weak RS,weak RS,12,0,0.0,63.43044727337531,71.6323947762068,51.12752601912808,1.0,0.0802919301540058,0.0925925925925925,1.4682975900101216,0.0,0.0,0.0,0.14682975900101217,0.0,0.0,0.0,0.0,0.0,0.0,10.0,9.0,0.0,295.8876438458761,-4.412993391471145,-9.61453331810822,0.05,0.0,0.0,0.5,0.0,3.8854104765833246,-0.008795346470105568,76.0,-3.040598155271922,-0.7825680641973518
NRILY,20.30537645074893,62.83616354354478,26.31381346765341,30.0,64.74962893523943,29.25386437517103,11.227705584763417,55.43366241522973,36.8421624204582,30.0,79.11937321791352,23.943897160699187,15.920083796964075,47.40455040919348,45.49314412783853,33.31200438720399,0.0,27.714776225573424,False,0.0,0.6624203821656051,False,False,True,46.57276047464664,False,False,False,False,56.81121161820172,False,False,27.35305658090996,26.137154323055825,26.925965274314624,False,False,False,Reject,Reject,Reject,below MA-long;MA-long declining;weak RS;low breakout volume,below MA-long;MA-long declining;weak RS,below MA-long;MA-long declining;weak RS,8,0,0.3145292285703494,36.205247927399945,15.450457908533494,67.33743295569963,3.0,0.1101163477032413,0.4490844589467294,2.2675771598624084,0.0,0.0,0.0,0.22675771598624084,0.0,0.0,0.0,0.0,0.0,0.3858447488584475,32.6686572358048,43.710821544756,1525519.084444046,1687166.8597443898,-0.018988056585171206,0.21011686430748194,0.2,0.008432861790239951,1.0,0.5,23.232135683915644,1.035357286321687,0.23608456164455716,76.0,-0.813051084484263,-0.7852855195261037
NRSCF,39.10694901137126,59.81113573729754,30.0,41.13298976784962,0.0,38.865374079049055,39.10694901137126,59.69415035847585,42.5,30.0,97.1674784563507,38.57325690422032,51.64987075691806,55.69880782071364,27.56590775397098,40.3251306452038,48.972972972972975,38.930857752546494,False,0.0,0.7898089171974523,False,False,False,51.31558551457741,True,False,False,False,43.85050102316874,False,False,38.79083566129992,38.73896059368392,38.83490917311521,False,False,False,Reject,Reject,Reject,weak RS,below MA-long;weak RS,weak RS,21,0,0.3550725003246293,54.840746927004986,78.88982072271875,18.767136233434343,0.0,0.0962567417631611,63.333333333333336,12.252062990613117,0.0,0.0,0.0,0.22520629906131165,0.0,0.0,1.0,0.0,0.0,0.0,45.0,63.99999999999999,23143.649673461914,7806.783224741618,25.969836774849,53.762032597738425,0.05,1.0,1.0,0.5,51.54925095379631,0.46901498092407384,0.18198021372748927,76.0,-0.3683106729604869,-0.7852855195261037
NSANF,28.500000000000004,51.78347001037149,36.22341029943097,40.53191829342992,100.0,35.89095980454354,24.5,64.6056196192014,32.51852148321628,35.66666831499283,0.0,34.016280552386675,17.617052968102882,51.478874337196345,30.392858119469647,39.85714458098557,0.0,28.552680130479978,False,0.368761660019447,0.7707006369426752,False,False,False,47.7590078239005,False,False,False,True,51.94898156746858,False,False,33.86090009408377,32.75213627624604,30.65240820336301,False,False,False,Reject,Reject,Reject,below MA-long;MA-long declining;weak RS;stop > 1.5 ATR,below MA-long;MA-long declining;weak RS,below MA-long;MA-long declining;weak RS,16,0,0.4097561815251649,22.242200834005764,14.751255543644632,33.47861876954747,2.0,0.0944881941500715,1.668010752688172,34.670959476787345,1.0,0.0,0.0,0.4670959476787344,1.0,0.0,0.0,0.0,0.0,27.541666666666668,45.0,63.99999999999999,43758.299424648285,23575.29984553655,0.33974115794894255,0.31325713563499336,0.05,1.0,1.0,0.5,75.82807738456954,-0.016561547691390798,0.07314576725895407,76.0,0.013005543582990166,-0.7852855195261037
NSANY,17.6453576363756,48.00668323627247,31.528493376902595,38.63996639153306,73.56144051245997,28.0784479306162,19.009442653155222,42.48671214812919,41.826184622565535,40.92649231028966,0.0,29.724718944876816,17.422881288579227,37.88729977757585,25.222984157513963,38.756432138973416,0.0,25.47436270317093,False,0.4793760440910844,0.4140127388535032,False,False,False,46.9346274759329,False,False,False,False,50.65926735292686,False,False,28.05151218940533,28.12035786951293,26.797360286341927,False,False,False,Reject,Reject,Reject,below MA-long;MA-long declining;weak RS;low breakout volume,below MA-long;MA-long declining;weak RS,below MA-long;MA-long declining;weak RS,17,0,0.1982379081342749,26.797358611932044,11.605161151004674,49.585654803323095,1.0,0.1122046660206211,0.4826893946176297,18.866331915544112,0.02809706257982114,0.0,0.0,0.33042714545444507,0.5000119209403238,1.0,0.0,0.0,0.0,1.0280970625798211,25.0,39.0,829866.1451005936,891141.1338631312,-0.030717527275481736,0.15208495290142526,0.05,0.0,1.0,0.5,0.0,1.5127184515900443,0.4039771044697634,76.0,-1.187915895153611,-0.7852855195261037
NSE.F,36.76922707171698,39.02504245903153,37.5,50.0,0.0,39.437477953461936,31.511104941699063,41.78363379325007,34.211150175725926,42.6308666221162,75.7855547282204,35.77299818917214,17.65092794077187,47.945871932667096,53.75000000000001,50.0,0.0,32.324496730007475,True,0.6609017391956183,0.3354430379746835,False,False,False,66.25538304786896,False,False,False,False,78.34270047881697,False,False,36.9155377794841,35.4713437042807,33.89792021714409,False,False,False,Reject,Reject,Reject,MA-long declining;low breakout volume,weak RS;low breakout volume,MA-long declining;weak RS,13,0,0.0,75.62912691857008,73.15011185881835,79.34764950819765,2.0,0.0050957414259446,0.5822037422037423,29.059388588843817,0.0,0.0,0.5946788644193903,0.3112599944649909,0.0,1.0,1.0,0.0,0.0,0.0,18.333333333333336,23.166666666666668,1896.541041779518,950.4295660416285,0.0,0.0,0.05,0.16666666666666669,0.33333333333333337,0.5,0.0,3.1844067377042546,0.08576943280774801,76.0,-2.4920150163422226,-0.7825680641973518
NSEA.F,41.0,58.87356927567967,39.2741928537237,51.45165736168349,100.0,45.3514901963288,37.26857547860014,55.68788597684361,38.333333796925054,38.00000611941068,0.0,40.91935568539918,50.28412625429253,58.48713217441672,26.094347536433062,45.0,60.0,39.24686467934708,False,0.0,0.981012658227848,False,False,False,49.75702859495635,False,False,False,False,50.493646234608775,False,False,42.80092473965357,41.30403528576947,40.27544998255827,False,False,False,Reject,Reject,Reject,below MA-long;weak RS,below MA-long;weak RS,weak RS,14,0,0.2631579035426994,68.75663794016113,79.31705348389801,52.91601462455581,2.0,0.0208332809033203,3.0120603015075376,22.456413044377992,0.0,0.0,0.0,0.2456413044377992,0.0,1.0,1.0,0.0,0.0,0.0,15.000000000000002,19.0,0.0,466.88999190330503,-0.16781033645894025,0.0,0.05,0.0,0.33333333333333337,0.5,93.42322358641641,-0.36846447172832825,0.0032426421745009146,76.0,0.28834852836593766,-0.7825680641973518
NTDOF,14.253753753753756,32.99617879597116,49.00924531502112,34.1598052053746,0.0,24.71956239804551,10.651651651651653,51.391938179433424,37.49999999999999,30.0,0.0,23.116321629575207,9.475458177436744,39.36651338036231,44.43670687097055,53.73947212343805,0.0,24.217725025687667,False,0.0,0.8343949044585988,False,False,False,32.402356665239154,False,False,False,False,41.68520122587245,False,False,24.13822269303285,23.767390802103005,23.992557913895336,False,False,False,Reject,Reject,Reject,below MA-long;MA-long declining;weak RS;low breakout volume,below MA-long;MA-long declining;weak RS,below MA-long;MA-long declining;weak RS,7,0,0.0827760141202162,23.676546748831623,3.0481945717073,54.61907501451812,2.0,0.2804258733989623,0.4617057823129251,28.232363881766638,1.0,0.0,0.0,0.25960086524512604,0.5636355229315377,0.0,0.0,0.0,0.0,2.0693069306930694,25.86817807099967,40.08522258874959,723216.5958976746,1030092.4891026815,-0.014790931574001985,0.13185239964108336,0.05,0.04340890354998346,1.0,0.5,3.5981431058380697,1.4280371378832386,0.2167420330207952,76.0,-1.1214168857252091,-0.7852855195261037
NTDOY,13.337324373453733,27.879760100502395,22.5,30.0,0.0,19.83804520340521,9.731646574749153,44.42069360642557,37.49999999999999,30.0,0.0,21.56210721994941,11.393502786886785,36.53564870149133,40.4923629414618,54.49981044921935,0.0,24.97815102633937,False,0.0,0.8980891719745223,False,False,False,32.95435219901742,False,False,False,False,41.5562427046933,False,False,21.383284972955305,22.24210795855756,23.610129492448465,False,False,False,Reject,Reject,Reject,below MA-long;MA-long declining;weak RS;low breakout volume,below MA-long;MA-long declining;weak RS;low breakout volume,below MA-long;MA-long declining;weak RS,10,0,0.0880828690024229,7.614240930408527,0.0,19.03560232602132,1.0,0.2933168202892796,1.302531352331466,4.413272187066542,0.0,0.0,0.0,0.4413272187066542,0.0,0.0,0.0,0.0,0.0,0.5680656934306569,46.68405119546698,35.35506399433372,33809575.856347084,38205710.69765886,0.02010430717280184,-0.11671637703941795,0.65,0.3342025597733487,0.0,0.5,0.0,1.631318903728906,0.24746935447060456,76.0,-1.2810511128275077,-0.7852855195261037
NTDOYN.MX,24.5,39.58465519673644,36.25,36.62224492079992,0.0,31.03347710106518,20.5,63.9736663505473,22.5,30.0,0.0,28.77318228759686,20.5,44.36453339705577,30.0,50.4934734642496,0.0,30.605713807791187,False,0.0,0.9872611464968152,False,False,False,34.208922817405224,False,False,False,False,37.73072604035436,False,False,30.269835998369885,29.775000706348823,30.190357257070005,False,False,False,Reject,Reject,Reject,below MA-long;MA-long declining;weak RS,below MA-long;MA-long declining;weak RS,below MA-long;MA-long declining;weak RS,27,0,0.1950348685840555,3.598352987256664,4.616532116532117,2.071084293343486,0.0,0.2070297946866836,5.433637284701114,3.6674776570016268,0.0,0.0,0.0,0.3667477657001627,0.0,0.0,0.0,0.0,0.0,0.0,45.0,63.99999999999999,207693.63845214844,91905.02673238119,0.8372277030687924,1.6533457384299584,0.05,1.0,1.0,0.5,62.939798541450784,0.2412040291709842,0.10419407556569338,76.0,-0.18548386205584835,-0.7689915574518158
NTO.F,22.897228637413395,28.84537675533845,30.0,38.24473504043921,60.0,27.48181721129855,32.43161272513974,31.974044201812767,28.98901374946447,43.879766263516615,0.0,32.53593348656939,40.87196133492739,42.30960169593009,34.07746089413122,30.0,0.0,34.802384939899795,False,0.0,0.3164556962025316,False,False,False,79.02949405238361,False,False,False,False,66.5258300576395,False,False,30.46216563960005,32.20504566751434,33.50371530370707,False,False,False,Reject,Reject,Reject,weak RS;low breakout volume,weak RS;low breakout volume,weak RS,14,0,0.0,54.19542639599865,70.22197109819074,30.15560934271052,2.0,0.2000612408518556,1.9688320209973755,13.753963040428063,0.0,0.0,0.0,0.37539630404280616,1.0,0.0,0.0,0.0,0.0,0.265625,18.333333333333336,23.166666666666668,43401.73355178833,40349.08273658752,0.0,0.0,0.05,0.16666666666666669,0.33333333333333337,0.5,0.0,3.7284914311503683,0.07287710757330859,76.0,-2.917798321651757,-0.7825680641973518
NTO.VI,23.98092412039,32.786497200704154,30.0,34.11305303158967,60.0,28.25277675687767,32.62845138055223,28.344549042656443,29.004994687695508,35.0,0.0,30.26790959775625,41.66489046773239,44.14824500242975,34.0705827437379,30.0,0.0,35.25855724029722,False,0.0,0.7278481012658228,False,False,False,78.83935636527258,False,False,False,False,67.36263292170591,False,False,30.25847270582516,31.362077322342827,33.310317281320025,False,False,False,Reject,Reject,Reject,weak RS,weak RS;low breakout volume,weak RS,12,0,0.0,55.46662722696775,72.26425735811722,30.27018203024352,2.0,0.2010947013060446,2.149392985611511,1.5838411185265144,0.0,0.0,0.0,0.15838411185265142,0.0,0.0,0.0,0.0,0.0,0.7491961414790996,18.333333333333336,23.166666666666668,28551.243794059752,19457.45819905599,0.0,0.0,0.05,0.16666666666666669,0.33333333333333337,0.5,0.0,3.514549897958728,0.06351332941181335,76.0,-2.750374510170562,-0.7825680641973518
NTOA.F,20.5,50.36479728904594,30.0,42.98560377122629,0.0,30.55223701889953,12.117021276595748,47.79469841909732,40.5,41.33987258910498,0.0,25.78360099225516,9.732462173314993,24.81766194841344,47.29276376009272,30.0,0.0,19.318884679840625,False,0.0,0.4113924050632911,False,False,False,32.552207450570904,False,False,False,False,40.855824066018485,False,False,26.87497574309444,24.79791330385968,22.058398991850147,False,False,False,Reject,Reject,Reject,below MA-long;MA-long declining;weak RS,below MA-long;MA-long declining;weak RS,below MA-long;MA-long declining;weak RS,12,0,0.0803571953153132,6.5157583715693566,2.509009568783397,12.525881575748294,1.0,0.3297872657021795,1.428140703517588,3.93223353119464,0.0,0.0,0.0,0.39322335311946394,0.0,0.0,0.0,0.0,0.0,0.0,30.0,34.0,787.4300116539001,385.950005420049,1.4281372125240355,-0.5525752718359798,0.05,1.0,0.0,0.5,40.00969396955976,0.6998061206088048,0.020595005175069844,76.0,-0.5476459211182908,-0.7825680641973518
OBL.F,45.54958318128403,48.89254385964912,30.0,36.99621102868216,60.0,37.44169631549914,48.868420964573005,41.25791163974839,27.362119859695326,35.0,0.0,34.84373084624761,46.993631287492185,42.25458431124089,54.09909976993599,30.0,0.0,38.294646566737285,False,0.0,0.8164556962025317,False,False,False,82.09592428132949,False,False,False,False,65.25091491672137,False,False,36.832896724971306,36.398598656244815,37.34662261149105,False,False,False,Reject,Reject,Reject,weak RS,weak RS,weak RS,12,0,0.0,60.91831082300705,69.471816586239,48.08805217815913,1.0,0.1239669382405261,0.437956204379562,0.8081198749159373,0.0,0.0,0.0,0.08081198749159373,0.0,0.0,0.0,0.0,0.0,0.0,18.333333333333336,23.166666666666668,34.80000114440918,14.37824993133545,0.0,0.0,0.05,0.16666666666666669,0.33333333333333337,0.5,0.0,3.3973089308909183,0.004702527076938212,76.0,-2.6586254735276804,-0.7825680641973518
OIX.F,50.75000000000001,55.981212527044136,60.00000000000001,35.0,57.55348331775592,44.97601040246197,69.5,57.31646093620927,55.00000000000001,35.0,96.45906147523772,47.41200195053776,42.09045393858478,62.724422125330406,53.75000000000001,50.0,55.841017488076304,49.03482729154432,True,0.4704921789603144,0.9367088607594936,False,False,False,74.09387610664251,False,False,True,False,84.43750279736119,False,False,46.51857124470118,47.41165124322456,48.22323926738444,False,False,False,Reject,C,Reject,MA-long declining,,MA-long declining,9,0,0.0,64.31533185541993,67.46422133682086,59.59199763331854,0.0,0.0177514345462829,0.1641025641025641,18.70474834034365,0.0,0.0,0.0,0.8704748340343649,0.0,1.0,0.0,0.0,0.0,0.0,18.333333333333336,23.166666666666668,26.560000610351562,-19.560357030232748,0.0,0.0,0.05,0.16666666666666669,0.33333333333333337,0.5,0.0,3.2930578450029078,0.06177963832616737,76.0,-2.5770419030538285,-0.7825680641973518
OIXA.F,87.5,78.59473896466534,53.75000000000001,50.0,52.49998636031285,61.777422814637056,72.87500000000001,71.27046197788472,60.00000000000001,35.0,100.0,51.07540050632147,65.5,71.59146363751205,48.75000000000001,25.0,70.73171242300339,42.38965408147676,True,0.5943586584191785,0.9873417721518988,False,False,False,73.81790178999776,False,False,True,False,72.01503277926257,False,True,54.68926237551032,50.61008104053118,46.49986756100397,False,False,False,C,C,Reject,,,fresh TD Sell 9,11,0,0.3009708126592023,58.91826026413309,83.26894345500568,22.392235477824187,0.0,0.069364098757886,23000000000.0,21.73103737282612,1.0,0.0,0.0,0.1731037372826117,0.0,0.0,0.0,0.0,0.0,120000000000.0,18.333333333333336,23.166666666666668,753.8000106811523,259.10667012532554,0.0,0.0,0.05,0.1666666666666666,0.3333333333333333,0.5,100.0,-0.5024995602393741,0.0165006334666858,76.0,0.3723309873077155,-0.7409578371180053
OLCLF,34.32432709835282,44.09218541508023,30.0,65.0,0.0,38.57737486413755,49.79753585741406,56.616099174865255,36.25,35.867254595608614,52.36568002997376,42.07991451953943,53.14111984424561,60.03409515866219,39.35741217607564,45.0,60.0,46.66370479505859,False,0.0,0.5796178343949044,False,False,False,58.98258978748268,False,False,False,False,41.32100408933516,False,False,41.24540274694232,42.7545436711148,44.7091242330867,False,False,False,Reject,Reject,C,low breakout volume,low breakout volume,,25,0,0.970394179680622,45.56482413408666,61.70853599425028,21.34925634384124,1.0,0.1651812088873153,1319.09375,24.105868584211596,0.0,0.0,1.0,0.4105868584211594,0.0,0.0,0.0,1.0,0.0,0.0,30.0,34.0,5143.18917093277,11708.536911884943,1465.065029610509,-1532.7941318080484,0.05,1.0,0.0,0.5,100.0,-1.3511092818353205,-0.024808360177909872,76.0,1.0610065543225906,-0.7852855195261037
OLCLY,16.4392838121495,21.81238535658688,28.391345669821945,30.0,0.0,21.172203815657404,15.639885334753597,45.87791942708906,45.0,30.0,0.0,26.67361931188444,11.137312099732046,41.12566966919256,38.47692663003145,25.0,0.0,21.43592372986621,False,0.5473931569737879,0.961783439490446,False,False,False,24.27334911863632,False,False,False,False,33.87903242492018,False,False,22.87537244736728,24.00202753803357,22.71897563394989,False,False,False,Reject,Reject,Reject,below MA-long;MA-long declining;weak RS;low breakout volume,below MA-long;MA-long declining;weak RS,below MA-long;MA-long declining;weak RS,13,0,0.0356413267570809,8.368236979654055,0.0,20.92059244913513,1.0,0.235955002000573,1.0590543599445927,10.768945235761832,0.0,0.0,1.0,0.07689452357618308,0.0,0.0,0.0,0.0,0.0,0.5546021840873635,23.384866458786675,22.762468084690564,1830469.6588134766,2078266.4584064484,5.811866306228731e-05,-0.00983261327356149,0.2,0.1671509888588524,0.16945644544064184,0.5,34.91659855541339,0.8016680288917323,0.1909112398486466,76.0,-0.6295382945557115,-0.7852855195261037
OLL.F,49.0,56.34219746796724,22.5,30.0,0.0,33.82783962796785,49.0,59.04061572440333,30.0,35.0,60.0,39.2296824734443,61.50000000000001,67.80816676734173,42.5,30.0,60.0,43.40800713384427,False,0.0,0.9873417721518988,False,False,False,60.855330558803225,False,False,False,False,42.09535208804497,False,False,37.36442598278607,39.402811302469,41.40540921815664,False,False,False,C,C,C,,,,15,0,1.2461539048414965,46.921326459915605,63.686206457635016,21.77400646333649,1.0,0.2123287877036111,17750000000.0,11.945100201450934,0.0,0.0,1.0,0.1945100201450933,0.0,0.0,0.0,0.0,0.0,0.0,18.333333333333336,23.166666666666668,0.0,84.60833446184795,0.0,0.0,0.05,0.16666666666666669,0.33333333333333337,0.5,100.0,-1.6170017724549506,-0.02730695707695387,76.0,1.2654139468737573,-0.7825680641973518
OMRNY,52.34467922410514,61.05555928192607,48.00000000000001,35.0,68.8895737168861,44.60350361392461,49.47323402579472,59.69528384085694,34.7592097984333,35.68953625013496,72.09489036913426,41.892334811650656,58.83847766220413,51.70478588116535,32.91049596348477,25.0,81.62162162162161,35.97898505715877,True,0.4743177797724192,0.3057324840764331,False,False,False,57.99990072508099,False,False,False,False,48.98932973545765,True,False,42.06524926188926,40.66056364575788,38.31977435145833,False,False,False,Reject,Reject,C,low breakout volume,low breakout volume,,12,0,0.468646815605102,66.05341225106609,77.237192201778,49.27774232499824,0.0,0.0358467425362313,0.4155387584432293,9.444295034775713,0.0,0.0,0.0,0.49344852466791006,0.45098097880966104,0.0,0.0,0.0,0.0,0.9349112426035503,32.5,43.5,2028057.55153656,2122429.2448425293,-0.0408872720790347,0.16251908471025653,0.2,0.0,1.0,0.5,10.018846403479674,1.2996230719304065,0.4480311793305102,76.0,-1.0205751792289801,-0.7852855195261037
ON4.MU,32.75,31.048507050961994,37.5,43.498661148822,0.0,34.1995901461486,31.500000000000007,29.21509168590173,33.442595259497104,35.0,99.17342539188202,31.16384884653477,16.75,47.62697622198286,32.738392197357484,30.0,94.34022257551668,26.24519785160393,True,0.4931118782656835,0.9367088607594936,False,False,False,68.7430591598287,False,False,False,False,71.62149365733404,True,False,31.69798929735552,30.295401807978287,28.270299829791107,False,False,False,Reject,Reject,Reject,MA-long declining;low breakout volume,weak RS;low breakout volume,MA-long declining;weak RS,10,0,0.0,51.51656542979761,63.63590592162021,33.33755469206372,0.0,0.1424963547415332,0.0,20.66848292662138,0.0,0.0,0.42162532491321514,0.6452229677489225,1.0,0.0,0.0,0.0,0.0,0.0,18.333333333333336,23.166666666666668,0.0,0.0,0.0,0.0,0.05,0.16666666666666669,0.33333333333333337,0.5,0.0,2.3727554927678076,0.019322549326008586,76.0,-1.8568426727889367,-0.7825680641973518
OPHLY,47.86094922254677,54.90101849388671,47.15000839234085,34.395349774075775,64.3746582298258,42.365707827022646,56.312765389042895,59.45876013879096,39.76269771111835,33.5651242755601,47.09622698089283,42.90791860499521,42.96392049682433,56.37845882827046,31.6279820082232,35.0,46.62447026116886,38.64515605827116,True,0.2956438383771815,0.0509554140127388,False,False,False,56.90748889761359,False,False,False,False,53.62535443636399,True,False,41.784260706664114,41.52064768538348,40.082901871827325,False,False,False,Reject,Reject,Reject,low breakout volume,low breakout volume,weak RS;fresh TD Sell 9,14,0,0.4815789960758183,41.774967896316845,52.777616284453785,25.270995314111445,0.0,0.1845018424213333,0.7599697122665321,21.467352104140282,0.3869731800766283,0.0,1.0,0.3727888502607715,0.0,0.0,0.0,0.0,0.0,1.3869731800766283,29.622687352235594,44.778359190294495,193486.44997358322,167897.70069519678,0.00773612411341355,0.18101201947823464,0.05,0.2311343676117796,1.0,0.5,68.19587801922017,0.13608243961559652,0.2042321670064426,76.0,-0.10686356929191333,-0.7852855195261037
ORXCF,77.9201081557852,69.76713436664073,38.97760986916087,35.0,60.0,48.10847679666685,73.49181849672632,72.38352295261245,53.8624586296602,50.0,57.94080179842638,58.706843127305895,72.92814649563117,67.12299032343525,48.75000000000001,30.0,60.0,45.792429001102576,False,0.0,0.7770700636942676,False,False,False,66.47358274626703,False,False,False,False,61.66142033700246,False,True,50.82477713674571,52.71284562331709,49.25263731220984,True,False,False,Reject,Reject,Reject,low breakout volume,low breakout volume,fresh TD Sell 9,15,0,0.3461697240188903,74.61802385974863,86.51118824084404,56.77827728810553,2.0,0.0064599481930607,1.0582323381613952,0.7513934317598997,0.0,0.0,0.0,0.07513934317598997,0.0,0.0,0.0,0.0,0.0,0.5,45.0,63.99999999999999,962573.0918121338,594206.5284474691,0.21455099511013084,0.11570355524611498,0.05,1.0,1.0,0.5,83.65044541967166,-0.1730089083934329,0.15848597105619644,76.0,0.13586139051038104,-0.7852855195261037
OS1.F,75.12620689655174,64.53201329603353,36.0,43.49593495934956,60.0,48.63128888875989,65.10603773584907,35.036055142294714,42.70833333333333,48.28760162601623,0.0,42.78976291238307,75.22045331894226,45.42248557749684,53.75000000000001,45.0,64.75903330667386,50.7170647021487,False,0.0,0.740506329113924,False,False,False,73.27354683529896,False,False,False,False,55.914472309065005,False,True,47.29598625852461,46.33625864458812,48.52666167336841,False,False,False,Reject,Reject,C,low breakout volume,low breakout volume,,11,0,0.0,61.15565424249139,84.81456026364083,25.66729521076724,1.0,0.088,19.166666666666668,7.48575990561404,0.0,0.0,0.14793400484049535,0.6006419857209087,0.0,0.0,0.0,0.0,0.0,0.0,30.0,34.0,2801.075,1033.275,4.24102429320049,-0.3835553283801896,0.05,1.0,0.0,0.5,0.0,6.072250968747671,0.02529485375561651,76.0,-4.751949685933359,-0.7825680641973518
OSCUF,44.34546781322928,45.18342907088541,40.47202396690551,50.0,96.434653542692,43.72636799111105,46.608132803243485,49.66749809284371,44.796750001381085,33.19105932367247,79.18321468714875,40.264093243610255,39.57195053400787,43.201656571551055,29.58912668140968,53.4788855364447,41.34181240063593,37.80797753504375,True,0.3245235076753571,0.4076433121019108,False,False,False,52.47796236360342,True,False,False,True,54.56350681707732,False,False,41.50400747564736,40.21971348054046,39.013845507792105,False,False,False,Reject,Reject,Reject,weak RS;stop > 1.5 ATR,weak RS;low breakout volume,weak RS,14,0,0.492654608162772,61.8891863989564,61.20713964128,62.912256535471,1.0,0.0183823524255653,0.0118731842869773,20.729040625444505,0.0,0.0,1.0,0.07290406254445035,0.0,0.0,1.0,0.0,0.0,1.0,25.0,39.0,8750.200033187866,117354.44828033447,-0.11684441074737154,0.9284719721431876,0.05,0.0,1.0,0.5,100.0,-0.6567321531475483,0.02231951916547234,76.0,0.5157222500739691,-0.7852855195261037
OSKU.F,47.02078946984968,62.06895256533612,60.00000000000001,50.0,100.0,52.24842421449073,44.68626549073668,63.06576540415851,40.51101283801454,30.0,100.0,39.78751175105126,50.07550884724883,53.31345131455964,34.58967329808596,25.0,60.0,35.38237195103692,True,0.1216938271386827,0.9873417721518988,True,False,True,58.832817411373306,True,True,False,True,64.04169874026522,False,False,45.13694002276813,40.95815230373485,38.17026212738588,False,False,False,Reject,Reject,Reject,weak RS;stop > 1.5 ATR,weak RS,weak RS,14,0,0.2401051269938638,65.45342185502722,79.02929153231607,45.08961733909394,1.0,0.0,50000000.0,47.083621858375764,0.0,1.0,0.36182044592092,0.3465417399166566,0.0,1.0,1.0,0.0,1.0,0.0,15.000000000000002,19.0,0.0,0.17666667302449543,-0.17073170731707313,0.0,0.05,0.0,0.33333333333333337,0.5,81.09124908276456,-0.12182498165529121,0.05526440956519581,76.0,0.09533634006485912,-0.7825680641973518
OTSKF,34.21190033600838,43.02918830418279,26.25,65.0,0.0,36.43942501428389,47.34433592606083,38.62076088618894,30.0,65.0,50.7470962907456,39.80448022452008,45.18375290921729,56.07121510898403,34.5629966799615,61.92531972385776,38.28934817170111,44.97518141967187,False,0.0,0.5222929936305732,False,False,False,53.34839235020148,False,False,False,False,21.961579986685024,False,False,39.15609285843234,40.68267954101837,42.82893048034512,False,False,False,Reject,Reject,Reject,weak RS;low breakout volume,weak RS;low breakout volume,weak RS;fresh TD Sell 9,23,0,0.5113738975396407,62.33337441745286,76.93370321605964,40.43288121954268,0.0,0.1058643914803487,0.0,3.3867036942385234,0.0,0.0,0.0,0.33867036942385237,0.0,0.0,0.0,0.0,0.0,0.0,27.23258396781627,41.790729959770346,5516.699905395508,3469.116579691569,-0.006604496193102361,1.5822266580687514,0.05,0.11162919839081366,1.0,0.5,83.66062423995217,-0.1732124847990433,0.01708356096168647,76.0,0.13602125611382407,-0.7852855195261037
OTSKY,68.44526542961438,67.20690771328101,34.947793867805856,39.1595761122459,61.99984376220608,46.712935151778645,76.64820154568449,69.59990312964744,47.5,35.0,87.4460403525975,49.43694340066233,62.814262571303125,59.01082470834979,49.2243108183414,45.0,0.0,51.31213231896541,False,0.0,0.7834394904458599,True,False,False,64.99839392955677,False,False,False,False,58.68367544924535,False,False,48.4499770598811,49.45469842637652,50.38341537267097,False,False,False,Reject,C,Reject,low breakout volume,,fresh TD Sell 9,11,0,0.3388271407009189,62.98244501517696,87.12357699853952,26.77074704013313,1.0,0.1065329457901418,0.9114303089272684,5.100536596696658,0.0,0.0,0.0,0.5100536596696658,0.0,0.0,0.0,0.0,0.0,0.0125581395348837,36.499881128600336,48.49985141075042,1335290.6422325135,1331955.751987966,0.003999286771602,0.0716573492247082,0.2,0.1999940564300168,1.0,0.5,48.56031515259272,0.5287936969481456,0.2380991792374505,76.0,-0.3955775229854572,-0.7480753368818013
PCRFF,82.71648408972354,81.85664979912468,53.75000000000001,41.67045574838957,65.06256326032953,57.11244942599473,71.08581116327596,78.21936770712345,42.50000000000001,35.0,0.0,49.20195095934952,71.9353890332285,68.95948254172335,53.75000000000001,50.0,44.38569723615407,57.82822564836772,False,0.0,0.2229299363057325,False,False,False,77.11156708082176,False,True,True,False,64.01832822111098,False,False,54.88245513047576,53.37193305938402,55.60007935387587,False,False,False,Reject,Reject,C,stop > 1.5 ATR,low breakout volume;fresh TD Sell 13;fresh TD Sell 9,,11,0,0.830837003368865,86.98362097477553,96.17174064682786,73.20144146669705,1.0,0.0,0.245208280092001,41.213629399296906,0.8076923076923077,0.0,0.4101795040875284,0.0957988204575462,0.0,0.0,1.0,1.0,0.0,1.807692307692308,10.0,9.0,208505.84500312805,389663.90742142993,-0.1395432325300317,-0.1073055721790586,0.05,0.0,0.0,0.5,65.49229785133335,0.190154042973333,0.0727031579072876,76.0,-0.1406116594879981,-0.7394618451931486
QHH.F,46.75,50.79743437691078,44.30230620516161,47.67726179151949,79.7176472724797,46.64554788397112,47.09124087591241,59.43185064132849,47.5,35.0,100.0,43.37718177354472,19.994523386619303,60.21265831684328,53.75000000000001,44.99999999999999,60.0,35.0794661763464,True,0.7821154452893495,0.9240506329113924,True,False,False,69.93135754491793,False,False,False,False,84.39009215528084,False,False,43.35182170931826,41.5415403164705,38.31050324640845,False,False,False,Reject,Reject,Reject,MA-long declining;fresh TD Sell 9,weak RS,MA-long declining;weak RS,11,0,0.0,56.97813533865014,55.45168693740122,59.26780794052352,0.0,0.0319125480002954,0.2857142857142857,59.199740225575034,0.0,1.0,0.7501934734808684,0.16978054907663453,1.0,0.0,1.0,1.0,1.0,0.0,18.333333333333336,23.166666666666668,64.75499868392944,261.2349886894226,0.0,0.0,0.05,0.16666666666666669,0.33333333333333337,0.5,0.0,2.378722379634658,0.03641669279873368,76.0,-1.8615121678936124,-0.7825680641973518
QJE.F,53.33744460900581,49.57072150661696,22.5,30.0,0.0,33.36585859692591,61.50000000000001,46.43939490603437,45.0,35.0,60.0,42.78808579150294,53.81330547685739,44.91119682826583,28.60185604490681,30.0,60.0,35.75032937319905,False,0.0,0.9430379746835444,False,False,False,50.74755598257942,False,False,False,False,31.959078019012185,False,False,36.66942091055365,38.79231342709636,37.27132140014771,False,False,False,C,C,C,,,,10,0,1.6912690714687124,60.201114881849904,61.19886384478659,58.70449143744489,2.0,0.214159295172239,0.0073364581210515,10.335142598934665,0.0,0.0,1.0,0.03351425989346643,0.0,0.0,0.0,0.0,0.0,0.0,10.0,9.0,37.393999099731445,480.77132685979205,-0.16797063973426876,-0.24045120068761142,0.05,0.0,0.0,0.5,100.0,-2.3802726081462025,0.025293828990604787,76.0,1.8627253272189552,-0.7825680641973518
QMC.F,40.5909090909091,49.3990827811052,51.25000000000001,30.0,100.0,38.27790435660268,54.227272727272734,30.39604313890433,28.474046825177524,35.0,0.0,33.68448176281888,50.3658790540489,55.72986570553267,56.34853807509476,45.0,0.0,49.63584399153576,False,0.0,0.5759493670886076,False,False,False,74.63745413681967,False,False,False,False,51.07656724095983,False,False,39.17146550545415,39.3885749501907,44.51220947086323,False,False,False,Reject,Reject,C,weak RS,low breakout volume;fresh TD Sell 9,,12,0,0.0,46.84488788607806,74.00596576572865,6.10327106660219,0.0,0.2480383409345695,6.444444444444444,51.58202476397168,1.0,0.0,1.0,0.15820247639716745,1.0,1.0,0.0,0.0,0.0,20000000000.0,18.333333333333336,23.166666666666668,1541.2999984741211,856.5285792032878,0.0,0.0,0.05,0.16666666666666669,0.33333333333333337,0.5,0.0,5.029934575732354,0.02357041997215563,76.0,-3.9362661639701964,-0.7825680641973518
RAK.F,24.5,55.52645130610265,30.0,39.91341986109466,0.0,33.139535662063494,24.5,42.18563245699491,28.03164569522509,38.06727537791432,0.0,30.5029640785569,14.67316589557171,35.526539982281655,30.0,50.0,0.0,25.39432703532829,False,0.1973396630904162,0.4556962025316455,False,False,False,38.12730372164503,False,False,False,False,46.075489804590426,False,False,30.79952246166448,29.49768728228964,27.446007158808968,False,False,False,Reject,Reject,Reject,below MA-long;MA-long declining;weak RS,below MA-long;MA-long declining;weak RS,below MA-long;MA-long declining;weak RS,10,0,0.121315167067505,16.41824727116787,7.909867624011664,29.180816741902184,1.0,0.0722390346471667,7.386,33.734517276181506,1.0,0.0,0.0,0.3734517276181503,1.0,0.0,0.0,0.0,0.0,300000000000.0,44.67357505297145,63.591968816214305,837.8270270824432,414.79705552260083,0.09804145031782868,40.54698639409463,0.05,0.9836787526485724,1.0,0.5,66.7911688435673,0.164176623128654,0.10941918719275284,76.0,-0.12847938214824892,-0.7825680641973518
RAKA.F,24.5,52.18807200170901,30.0,56.68641311705041,0.0,34.98471132707922,20.5,53.61675883293419,27.167725730756864,43.22784943833551,0.0,30.56058777460037,21.166666666666664,52.36426270735372,30.0,50.0,0.0,32.19570646168488,False,0.1850162779533124,0.9873417721518988,False,False,False,38.29161092135898,False,False,False,False,45.77114532895813,False,False,33.099673288256696,31.93594809122149,32.065827276453184,False,False,False,Reject,Reject,Reject,below MA-long;MA-long declining;weak RS,below MA-long;MA-long declining;weak RS,below MA-long;MA-long declining;weak RS,11,0,0.1489362187815124,15.630367050696668,5.479317950193527,30.85694070145137,1.0,0.0694444858365572,1.0,3.4679498110788325,0.0,0.0,0.0,0.34679498110788326,0.0,0.0,0.0,0.0,0.0,0.0,15.000000000000002,19.0,0.0,125.3333330154419,-0.10834896810506561,0.0,0.05,0.0,0.33333333333333337,0.5,69.54373935171915,0.10912521296561689,0.09408086995119952,76.0,-0.08539790666562656,-0.7825680641973518
RCRRF,37.49303673509348,72.58176109106583,39.4376488272304,35.0,65.32211109639556,42.27116638759742,38.748278116372525,73.47495551789929,53.75000000000001,31.04555910714684,100.0,42.50911363343936,30.04407988093939,52.63106070236808,53.75000000000001,40.49770281589019,100.0,39.132442167557215,True,0.2716531150497903,0.9745222929936306,False,False,True,62.16673454849391,True,False,False,False,68.92772687408038,False,True,41.71480571734196,41.44852274450633,40.29048245603177,False,False,False,Reject,Reject,Reject,MA-long declining;low breakout volume,MA-long declining;weak RS,MA-long declining;weak RS,7,0,0.2783648420953482,44.054766230696174,38.91125525634718,51.77003269221967,0.0,0.0305955727365849,0.4828209764918625,41.41984352942482,1.0,0.0,0.0,0.2922587303169009,0.8497256226255805,0.0,1.0,0.0,0.0,5.333333333333333,25.0,39.0,920985.0603675842,1110353.7867800395,-0.07717512942902707,0.505140637376374,0.05,0.0,1.0,0.5,46.564623986419484,0.5687075202716103,0.1619376202007705,76.0,-0.4465977805148936,-0.7852855195261037
RCRUY,46.291829337061536,74.96024413299473,48.2272155979112,35.0,74.89011005541816,45.70455608028788,37.7892473950469,69.86776328450493,53.75000000000001,47.07557446480166,96.5680029973773,47.39445200709565,39.765031392490286,49.0596492419762,53.75000000000001,40.0,87.98092209856915,43.463678768726105,True,0.285966636945707,0.7770700636942676,False,False,True,65.84936096229868,True,False,False,False,78.3130758087366,False,True,45.76334939601786,45.87724085022323,44.67045980947466,False,False,False,Reject,Reject,Reject,MA-long declining,MA-long declining;weak RS,MA-long declining;weak RS,9,0,0.2516382762118256,40.90876607783244,34.51750401463239,50.49565917263252,0.0,0.045454570084564,0.3044865864263842,25.05011220799618,0.0,0.0,0.0,0.7402993986093089,0.7647118221903084,0.0,1.0,0.0,0.0,0.3617525162818236,42.5,49.5,9134287.806324959,10802977.97162374,-0.055988636588024776,0.36873986939881753,0.4,0.0,1.0,0.5,9.606425794351537,1.3078714841129693,0.37277734076605507,76.0,-1.0270525378750295,-0.7852855195261037
RKUNF,14.499999999999998,41.993821859352224,21.76907476347546,36.54025249487678,0.0,23.43343461520042,12.081395348837212,39.47219201866537,33.0070598511399,32.330502081006415,0.0,22.48865230054014,12.908187838651417,39.696423918919145,26.88101221392945,44.99999999999999,0.0,23.900200129738742,False,0.0782333012482414,0.3630573248407643,False,False,False,44.205994415940594,False,False,False,False,48.961436920271495,False,False,23.24335302371,23.101073112231777,23.50063662098526,False,False,False,Reject,Reject,Reject,below MA-long;MA-long declining;weak RS;low breakout volume,below MA-long;MA-long declining;weak RS;low breakout volume,below MA-long;MA-long declining;weak RS,10,0,0.2571429641879383,21.005859876695823,7.932098243051247,40.616502327162685,3.0,0.1079545736764405,2.316666666666667,31.36889728073338,1.0,0.0,0.0,0.13688972807333766,0.0,1.0,0.0,0.0,0.0,139.0,25.0,39.0,12607.183663845062,9636.172828674316,-0.06810411441043009,0.3101830924773737,0.05,0.0,1.0,0.5,0.0,1.8005370183654568,0.20157380572164604,76.0,-1.4139356478930993,-0.7852855195261037
RKUNY,17.438179347826086,42.99589286738206,36.52298470832547,36.50702162514387,0.0,27.547064156891352,22.28192934782609,57.63254757480672,29.341087076542653,35.102327054458804,0.0,31.23821408677157,22.028825062337127,54.33445958061864,27.82004916879768,63.309180192381206,0.0,34.189439335361946,False,0.0778561220542827,1.0,False,False,False,41.45453582809989,False,False,False,False,49.98794233748468,False,False,29.982884171549536,31.38535167537264,32.78739550536729,False,False,False,Reject,Reject,Reject,below MA-long;MA-long declining;weak RS;low breakout volume,below MA-long;MA-long declining;weak RS,below MA-long;MA-long declining;weak RS,13,0,0.1703057255025426,16.290163648869793,10.388606523023192,25.14249933763969,1.0,0.0970149193980642,1.2767738531600576,4.521523016567919,0.0,0.0,0.3969479331015435,0.05520436855524835,0.0,0.0,0.0,0.0,0.0,0.49823321554770317,38.27290412088403,55.59113015110503,579479.694211483,496898.1933736801,0.05963742472530416,0.100967856015936,0.05,0.6636452060442014,1.0,0.5,31.37105015119785,0.872578996976043,0.33305692455969,76.0,-0.6852236509678984,-0.7852855195261037
RL2.F,49.0,59.5828252982881,54.25000000000001,30.0,70.0,41.83550122247783,61.50000000000001,66.79169420921023,29.580291369554324,35.0,0.0,41.98346810922872,59.46508728179551,41.09676378619197,37.5,35.0,0.0,40.25973824935164,False,0.0,0.9746835443037974,False,False,False,72.53598450285835,False,False,False,True,40.59317157967946,False,False,41.56473869387786,41.43675577391542,40.84824701163353,False,False,False,C,C,Reject,,,fresh TD Sell 9,9,0,32.75822404139866,47.81540016182144,76.15169709491246,5.310954762184917,0.0,0.3124999912346113,1.4516129032258065,13.508783390142801,0.0,0.0,0.260565450395549,0.09031288861873105,0.0,1.0,0.0,0.0,0.0,0.0,25.0,39.0,95.40000343322754,263.82666821479796,-0.18733317963100973,0.2117985149192235,0.05,0.0,1.0,0.5,100.0,-37.68343323599375,-0.0365454444610908,76.0,29.48985139980178,-0.7825680641973518
RNECF,71.69321148825067,73.50381089101863,53.75000000000001,35.0,66.49808608702445,50.39819149345092,73.07180156657964,77.02073593719999,53.75000000000001,35.0,0.0,51.15467538875593,70.9107593707516,61.5340220700125,53.75000000000001,35.0,58.91573926868043,48.22275211355185,False,0.0,0.7197452229299363,False,False,False,70.54335108211691,False,False,True,True,64.54700188682992,False,False,50.19004878606261,50.1238016271337,49.173276870342775,False,False,False,Reject,Reject,C,low breakout volume;stop > 1.5 ATR,low breakout volume,,11,0,0.828546618572928,65.58695473476732,80.749278768036,42.84346868486428,1.0,0.0,3.5089722675367048,61.74787657067784,1.0,1.0,0.0,0.1747876570677843,0.0,1.0,1.0,0.0,1.0,7.375,30.0,34.0,273451.3967990875,189908.3496252696,0.6651608887061164,-1.4741823688606788,0.05,1.0,0.0,0.5,56.60834557619203,0.3678330884761592,0.1091763183164442,76.0,-0.2719985343276754,-0.7394618451931486
RNECN.MX,41.0,28.085766920082023,41.25,100.0,100.0,40.482863220260285,41.0,27.86116228341308,41.25,80.0,100.0,38.60317260707534,41.0,30.04288346004101,41.25,100.0,99.42766295707472,41.724426753157175,False,0.0,0.9426751592356688,True,False,False,99.52599122926124,False,True,False,False,99.99994291558193,False,True,40.167268742884175,39.91548697353688,40.81995686334703,False,False,False,Reject,Reject,Reject,weak RS;low breakout volume,weak RS;low breakout volume,weak RS,35,0,0.1010720865010252,73.48518345711615,73.48518345711615,,,,,0.0,0.0,0.0,0.0,0.0,0.0,0.0,0.0,0.0,0.0,0.0,18.333333333333336,23.166666666666668,0.0,0.0,0.0,0.0,0.05,0.16666666666666669,0.33333333333333337,0.5,83.6470121949084,-0.17294024389816792,-0.06887037727790722,76.0,0.13298958750134904,-0.7689915574518158
RNECY,71.77596655630998,73.84626530015773,48.75000000000001,35.0,72.35458167330677,49.69252990159978,73.59359744122104,78.63666740308244,53.75000000000001,35.0,0.0,51.48154082807018,69.87165021018865,56.5239452649263,53.75000000000001,30.0,0.0,44.25324000373321,False,0.0,0.802547770700637,False,False,False,76.78756857911668,False,False,True,True,69.40338292236777,False,False,49.141375199967584,48.955248395475,46.60424419960411,False,False,False,Reject,C,C,low breakout volume;stop > 1.5 ATR,,,10,0,0.7595820181543709,66.24896342265563,81.54515880966599,43.304670342140085,1.0,0.0,1.5704358539711416,22.842011996786276,0.0,0.0,0.5558328898529712,0.26891107955447774,0.4594572302711786,0.0,1.0,0.0,0.0,0.46481429768221166,47.5,44.5,17092142.635159492,10376171.591964563,0.3335227843736241,-0.10509935777251278,0.4,1.0,0.0,0.5,0.0,2.0330741347081522,0.47764241919874234,76.0,-1.5965436781093751,-0.7852855195261037
S19.F,33.462616822429915,25.467576181276563,37.5,30.0,100.0,29.124555956555167,31.902684563758392,32.78158258448275,28.3933674163675,35.0,91.86895011169024,31.029498805414203,19.97187041470384,62.62932486309142,53.75000000000001,44.99999999999999,59.65659777424484,35.40967779903799,True,0.9071706876400932,0.6772151898734177,False,False,False,69.00878722421037,False,False,False,False,64.34407522915222,False,False,30.95306317970944,31.96256393372953,33.68612086638376,False,False,False,Reject,Reject,Reject,weak RS;low breakout volume;stop > 1.5 ATR,weak RS;low breakout volume;fresh TD Sell 9,MA-long declining;weak RS,12,0,0.0,50.11478505531417,64.30010280194612,28.83680843536626,0.0,0.2165794068525145,0.0505617977528089,21.07452105238546,0.0,0.0,0.8826438080096376,0.22480829722890816,0.0,1.0,0.0,0.0,0.0,0.0,10.0,9.0,290.81999588012695,2695.4045749664306,-0.1431482130918351,-0.46970769754988473,0.05,0.0,0.0,0.5,0.0,2.1181932478157623,0.02398411543342642,76.0,-1.6576303895390825,-0.7825680641973518
S6M.F,27.990491283676704,27.2370826522442,30.0,30.0,100.0,28.2206185638597,40.02564102564103,21.29229176956096,42.1691713580728,30.0,83.23157110945645,28.18629061688896,33.927394034536896,38.3416686730564,34.49479148589168,25.0,52.78855325914149,30.40196125810713,True,0.9525522996394552,0.4936708860759494,False,False,False,71.30409199668999,False,False,False,False,45.758223475307965,False,False,28.646588718617963,28.857857398648555,29.62990932837784,False,False,False,Reject,Reject,Reject,weak RS;low breakout volume,low breakout volume,MA-long declining,15,0,0.0,50.58796437571585,62.75217996373904,32.34164099368107,2.0,0.1812526225054158,20.506944444444443,28.6030506699889,0.0,0.0,1.0,0.8603050669988898,0.0,1.0,0.0,0.0,0.0,0.0,30.0,34.0,6106.0033576488495,4207.448042917252,0.11108340356267996,-0.0839739114776187,0.05,1.0,0.0,0.5,0.0,3.2461235287048225,0.022317810213189106,76.0,-2.5403126060040098,-0.7825680641973518
S6MA.F,24.5,50.369177280461,22.5,44.99999999999999,0.0,31.11568640262682,24.5,51.76162064011823,52.5,44.99999999999999,0.0,36.45227296592664,24.5,59.18173425891453,28.65373792581385,44.99999999999999,0.0,34.190169410540456,False,0.1637155028340982,0.9936708860759492,False,False,False,35.754484183853904,False,False,False,False,39.61390638163998,False,False,33.33155897319949,34.70632458665082,34.44824699859564,False,False,False,Reject,Reject,Reject,below MA-long;MA-long declining;weak RS,below MA-long;MA-long declining;weak RS,below MA-long;MA-long declining;weak RS,22,0,0.0961538496807483,13.965743209002165,3.5495006513243594,29.59010704551887,2.0,0.1965812160880132,550000000.0,32.14739897255801,0.0,0.0,1.0,0.2147398972558003,1.0,1.0,0.0,0.0,0.0,0.0,18.333333333333336,23.166666666666668,0.0,0.0,0.0,0.0,0.05,0.16666666666666669,0.33333333333333337,0.5,72.5386934400793,0.04922613119841393,0.040804810002344455,76.0,-0.038522798199867654,-0.7825680641973518
SAR.F,29.000000000000004,49.08991228070175,22.5,30.0,77.79289258960428,29.53830553319632,41.5,48.458333333333336,20.665255302234968,35.0,55.300074460163806,31.567549906122952,26.75,35.501858460031634,32.93969593692598,30.0,44.39427662957075,29.893980832129643,False,0.500573273815209,0.6835443037974683,False,False,False,69.46697243596928,False,False,False,False,69.07521736998784,False,False,30.21821390486097,30.65963030933964,30.27680557073464,False,False,False,Reject,Reject,Reject,weak RS,weak RS,MA-long declining;weak RS,13,0,0.0,60.76688887996752,77.89579468150896,35.07353017765534,2.0,0.121739097263502,250000000.0,23.22115022533264,0.0,0.0,1.0,0.322115022533264,0.0,1.0,0.0,0.0,0.0,0.0,35.0,44.0,14.9625,5.437500007947286,0.7263523916881142,0.0,0.05,1.0,0.33333333333333337,0.5,0.0,2.841686029362712,0.013299038507404907,76.0,-2.223812735055036,-0.7825680641973518
SAR.SG,19.0,25.86842105263158,22.5,30.0,88.56283989735628,22.61742399174616,51.5,31.5,20.93597963058942,35.0,0.0,29.871377327550547,37.57135523613964,31.380243473988003,33.14397780337858,30.0,52.78855325914149,31.970496764872323,False,0.5019882926320282,0.7911392405063291,False,False,False,70.74646971472151,False,False,False,False,66.3211197408692,False,False,26.66422454711271,29.050322491586204,30.51040962822926,False,False,False,Reject,Reject,Reject,weak RS;low breakout volume,low breakout volume,MA-long declining,10,0,0.0,56.388085100218845,72.24003942782268,32.61015360881309,1.0,0.1129031985160827,0.8241758241758242,24.317445425623205,0.0,0.0,1.0,0.43174454256232025,1.0,0.0,0.0,0.0,0.0,0.0,15.000000000000002,19.0,165.0,182.1316625912984,-0.09139055203350466,0.0,0.05,0.0,0.33333333333333337,0.5,0.0,3.3673257941811663,0.04481800608890733,76.0,-2.6351616282741652,-0.7825680641973518
SATLF,19.0,15.207602339181287,35.0,50.0,100.0,22.46672203992313,61.50000000000001,51.73554467925171,15.199254305228497,30.0,94.7695766204571,30.388223454285736,39.190380395025606,36.09209593595983,33.00810739121941,30.0,44.39427662957075,33.18917068748841,True,1.608053052566592,0.7388535031847133,False,False,False,78.89320765083329,False,False,False,False,82.07756405404304,False,False,26.987662193744967,29.644207341374013,31.416689014431213,False,False,False,Reject,C,Reject,weak RS;low breakout volume;stop > 1.5 ATR,,MA-long declining,18,0,0.0,52.50704122992303,73.38367346938776,21.192092870725943,0.0,0.0626703036218315,41700000000.0,11.672057682183326,0.0,0.0,1.0,0.16720576821833255,0.0,0.0,0.0,0.0,0.0,0.0,18.333333333333336,23.166666666666668,575.3210048913955,235.1566677649816,0.0,0.0,0.05,0.16666666666666669,0.33333333333333337,0.5,0.0,2.8606088032601105,0.014822493651587523,76.0,-2.2463946702290616,-0.7852855195261037
SEH.F,40.10455116858908,30.509947526584856,42.5,35.16365964872473,60.0,34.47103093854599,46.73508081724647,28.78859804971521,23.235056014307563,35.0,0.0,29.85392460775977,56.86564873650951,52.08449083910372,54.306723489325016,45.0,0.0,49.732384386063806,False,0.0,0.5632911392405063,False,False,False,81.0744095780052,False,False,False,False,61.07277055427435,False,False,36.138169728813686,36.740883807408224,43.23663409673601,False,False,False,Reject,Reject,C,weak RS,low breakout volume;fresh TD Sell 9,,10,0,0.0,50.06446594298363,65.14965526359451,27.43668196206732,0.0,0.0497949628117291,0.9216697936210132,31.117765553078193,0.0,0.0,0.6099703331057071,0.5018062222021122,1.0,1.0,0.0,0.0,0.0,1.0,30.0,34.0,4287.212281990051,4396.626829115549,0.2816776012044267,-0.577245086974894,0.05,1.0,0.0,0.5,0.0,4.57564752593168,0.03175130154475031,76.0,-3.5807556268177563,-0.7825680641973518
SFBQF,16.021150517671792,41.49866176243013,25.81395258575998,43.60465271012575,38.583266844720576,25.889509897903466,17.202716652348293,42.36439103422494,28.1453083219586,36.15523586421862,0.0,26.127105130007088,25.36686392732276,49.25403389928667,33.72880649973975,54.26557487623877,42.68532596073264,35.35147187072055,False,0.0,0.2993630573248407,False,False,False,48.7886536848984,False,False,False,True,49.78205377517309,False,False,27.85318086209797,28.846896105800404,32.09918398826048,False,False,False,Reject,Reject,Reject,below MA-long;MA-long declining;weak RS;low breakout volume,below MA-long;MA-long declining;weak RS;low breakout volume,below MA-long;MA-long declining;weak RS,14,0,0.1399999618530274,47.460943708606735,33.52470756015316,68.36529793128709,3.0,0.0866666634877522,0.2663327733223444,33.00462056222448,1.0,0.0,0.5660769750423533,0.3593871300886599,0.37499795109143497,0.0,0.0,0.0,0.0,18.402298850574713,25.0,39.0,35559.45496082306,106561.15467806657,-0.06001886889942103,0.1258984144162707,0.05,0.0,1.0,0.5,44.13671465389049,0.6172657069221901,0.05807329371801417,76.0,-0.4847298213460397,-0.7852855195261037
SFT.DU,69.5,73.65304416149966,48.75000000000001,50.0,69.6601994279972,57.09564695825619,57.00000000000001,71.06524572124883,48.75000000000001,50.0,0.0,54.610391964740266,54.37241137241138,66.46875014260387,53.75000000000001,30.0,0.0,43.76033471183223,False,0.0,0.4746835443037974,False,False,False,72.7948885308438,False,False,False,True,70.64340360554928,False,False,53.683008010916616,51.85242578757104,47.80638024970163,False,False,False,Reject,Reject,C,low breakout volume;stop > 1.5 ATR;fresh TD Sell 13,low breakout volume;fresh TD Sell 9,,8,0,1.448089415778389,52.84477048266753,61.839800643855504,39.35222524088556,1.0,0.1957403217143946,0.2766666666666666,3.4920801898548204,0.0,0.0,0.0,0.349208018985482,0.0,0.0,0.0,0.0,0.0,0.0,12.058691490437608,11.573364363047006,1180.5740232467651,1914.329405148824,-0.0076478510573743,-0.535932863899622,0.05,0.1029345745218802,0.0,0.5,34.025639938117166,0.8194872012376566,0.3204593722700175,76.0,-0.6072054641749416,-0.7409578371180053
SFT.F,72.60512263929752,72.8331167931618,48.75000000000001,35.0,83.4460682095521,49.6426711833723,57.77848569315661,70.9928835411871,48.75000000000001,35.0,0.0,47.18731755467423,59.05218499003726,73.08107777260743,53.75000000000001,30.0,0.0,45.50938550782925,False,0.0,0.0379746835443038,False,False,False,72.38878625896207,False,False,False,True,70.6044875721169,False,False,48.07940795965428,47.17500866636036,46.3421970870948,False,False,False,Reject,Reject,C,low breakout volume;stop > 1.5 ATR;fresh TD Sell 13,low breakout volume;fresh TD Sell 9,,8,0,1.5574124571781611,53.70997137839591,79.29010429028297,15.339772010565316,1.0,0.1820206109509231,4.611643270024773,21.253694838364844,0.0,0.0,0.0,0.12536948383648439,1.0,1.0,0.0,0.0,0.0,0.6800341296928327,30.0,34.0,815328.3074638366,449004.33434635797,0.9110888051870072,-0.5810965152629317,0.05,1.0,0.0,0.5,0.0,1.8844664704507181,0.4067338512464939,76.0,-1.4747232778254344,-0.7825680641973518
SFT.HA,69.5,71.27536406864779,55.00000000000001,50.0,0.0,58.08152950233372,57.00000000000001,72.00486336499588,55.00000000000001,50.0,0.0,56.12352575189379,59.89027856736783,74.23638327163977,60.00000000000001,30.0,0.0,46.62987092505532,False,0.0,0.7341772151898734,False,False,False,73.34832041336703,False,False,False,False,71.4691692267805,False,False,55.20379666174605,53.66703005393023,50.14845048949277,True,False,False,Reject,Reject,C,low breakout volume;stop > 1.5 ATR;fresh TD Sell 13,low breakout volume;fresh TD Sell 9,,8,0,1.3883663813783254,49.473971864763634,72.76872232300896,14.53184617739564,1.0,0.1476445470047071,2.92,12.174291292165869,0.0,0.0,0.0,0.2174291292165866,0.0,1.0,0.0,0.0,0.0,0.0,30.0,34.0,2187.6042390823363,1213.4496187210084,1.0246670251224692,-1.0215959363776976,0.05,1.0,0.0,0.5,35.75376170859096,0.7849247658281808,0.32791797139668,76.0,-0.5815961567884056,-0.7409578371180053
SFT.HM,70.76439659489235,71.42287805278644,55.00000000000001,50.0,0.0,58.30299999074353,57.277015907844216,72.40701230961974,55.00000000000001,50.0,0.0,56.24225120609012,59.54313787069856,73.7458355495446,60.00000000000001,30.0,0.0,46.50056261364672,False,0.0,0.2721518987341772,False,False,False,73.90985943016025,False,False,False,False,71.36919372959079,False,False,55.32428787992814,53.731894385287774,50.11622849946725,True,False,False,Reject,Reject,C,low breakout volume;stop > 1.5 ATR;fresh TD Sell 13,low breakout volume;fresh TD Sell 9,,8,0,1.3883663813783254,52.66408906315781,78.2748031890889,14.248017874261176,1.0,0.2177461034064992,7.343307086614173,13.97106373772426,0.5800000000000001,0.0,0.0,0.2371063737724257,0.0,0.0,0.0,0.0,0.0,1.58,30.0,34.0,17160.74897480011,8412.050911394756,1.8105041492708231,-0.98501898514137,0.05,1.0,0.0,0.5,27.126380407490498,0.95747239185019,0.3324853089016908,76.0,-0.7094466725655201,-0.7409578371180053
SFT.MU,69.5,49.868421052631575,60.00000000000001,50.0,84.11687408209013,54.34405973183733,57.00000000000001,71.85896809727424,55.00000000000001,50.0,0.0,56.09851082703131,58.65575838035182,72.80868474604705,60.00000000000001,30.0,0.0,46.21698805681606,False,0.0,0.1012658227848101,False,False,False,73.51547096554775,False,False,False,False,68.56159914442445,False,False,53.24498072539127,52.78316377692794,49.500075916872,True,False,False,Reject,Reject,C,low breakout volume;stop > 1.5 ATR,low breakout volume;fresh TD Sell 9,,9,0,1.4022380613668513,46.82984182777391,76.38088485122898,2.503277292591275,0.0,0.219519633888456,3.671212728974462,22.639965587174785,1.0,0.0,0.0,0.2639965587174784,0.0,0.0,0.0,0.0,0.0,2.858974358974359,30.0,34.0,55135.83789205551,38049.75988082886,1.2204427606974506,-2.0739534238276147,0.05,1.0,0.0,0.5,54.17965650845805,0.416406869830839,0.2483990991987589,76.0,-0.3085399336309373,-0.7409578371180053
SFT.SG,72.40090874927402,72.83469387621948,55.00000000000001,50.0,98.93940036143232,58.80771217835952,57.69687161784394,71.4032803041654,55.00000000000001,50.0,75.27645516702273,56.14495528283343,59.91317267595247,70.44520130414163,60.00000000000001,30.0,0.0,46.04628023807465,False,0.0,0.3417721518987341,False,False,True,73.13701034835557,False,False,False,True,70.32347758068113,False,False,55.45659872164471,53.64790414851101,49.84709219329284,True,False,False,Reject,Reject,C,low breakout volume;stop > 1.5 ATR;fresh TD Sell 13,low breakout volume;fresh TD Sell 13;fresh TD Sell 9,,9,0,1.5543183585176794,52.748192634049886,77.75251997667976,15.24170162010508,1.0,0.1887460212254841,3.85575662208235,8.097441494791108,0.0,0.0,0.0,0.2437044852303403,0.5660396642487704,0.0,0.0,0.0,0.0,0.6761290322580645,30.0,34.0,512442.5082807541,292010.61004199984,1.148390562782749,-1.1197399877123448,0.05,1.0,0.0,0.5,11.105928906691275,1.2778814218661745,0.3854054728246163,76.0,-0.946856254439242,-0.7409578371180053
SFT.VI,69.5,76.49099611457619,55.00000000000001,50.0,0.0,59.00402220210759,57.00000000000001,71.57659720116472,55.00000000000001,50.0,0.0,56.04999487969764,53.29268292682927,70.52693170208464,60.00000000000001,30.0,0.0,44.99001245562024,False,0.0,0.5949367088607594,False,False,False,73.09339077648478,False,False,False,False,72.18562772170687,False,False,55.315012056087134,53.322805616956416,49.15640903628832,False,False,False,Reject,Reject,C,low breakout volume;stop > 1.5 ATR;fresh TD Sell 13,low breakout volume;fresh TD Sell 9,,11,0,1.4216167924777738,51.9168208638748,77.05805677760566,14.2049669932785,1.0,0.1728033149240935,8.757812499999998,2.192544857720273,0.0,0.0,0.0,0.2192544857720272,0.0,0.0,0.0,0.0,0.0,0.0,45.0,63.99999999999999,5147.789905929565,2039.418203385671,1.5863457760428237,0.1559400018506891,0.05,1.0,1.0,0.5,33.05121617060479,0.8389756765879043,0.3233539735541206,76.0,-0.6216456027191887,-0.7409578371180053
SFTBF,24.5,69.85389532760425,48.75000000000001,35.0,60.0,36.81175983480183,16.27777777777778,69.80425079194052,53.75000000000001,35.0,0.0,32.00111031117828,16.360399325390347,63.41361058082104,53.75000000000001,40.0,0.0,32.18482756752769,False,0.0,0.9745222929936306,False,False,False,46.71665220264594,False,False,False,False,64.15721719872653,False,False,34.44317852425994,33.01835539280781,32.601591480167755,False,False,False,Reject,Reject,Reject,below MA-long;MA-long declining;weak RS;stop > 1.5 ATR,below MA-long;MA-long declining;weak RS,below MA-long;MA-long declining;weak RS,11,0,0.7889799845165499,25.26272211634362,31.861495996216487,15.36456129653432,1.0,0.1917807856728777,3.688381742738589,11.65624143754952,0.0,0.0,0.0,0.17352795905717255,0.9920961846977794,0.0,0.0,0.0,0.0,0.4132231404958678,37.50000000000001,38.5,1573405.469532013,1032407.4965190887,0.4369361224917604,-0.1972591921621881,0.2,1.0,0.0,0.5,0.0,3.7075631158406854,0.32029762235384396,76.0,-2.9114956275987725,-0.7852855195261037
SFTBY,72.13967674766387,73.88004862313915,48.75000000000001,35.0,76.54203607711646,49.74747078695541,56.62219060989209,75.42457848261377,53.75000000000001,35.0,72.82976461661809,48.40454424899815,54.989308097339936,70.0199724594844,53.75000000000001,44.99999999999999,0.0,52.68438245269748,False,0.0,0.8598726114649682,False,True,False,65.6948882383503,False,False,False,True,65.00552427439459,False,False,49.93197515871665,49.9570810176994,51.32073173519844,False,False,False,Reject,C,C,stop > 1.5 ATR,,,11,0,0.7745188708635797,42.009700838428834,60.24563504683893,14.6557995258137,1.0,0.2325662484421324,1.2261469996039474,1.6752203983860066,0.0,0.0,0.0,0.1675220398386006,0.0,0.0,0.0,0.0,0.0,0.0586131051752921,70.0,57.99999999999999,56348159.04759626,41604994.98904778,0.1695427353898025,-0.1144173327156218,0.85,1.0,0.0,0.5,0.0,2.873166216413608,0.5143355730289825,76.0,-2.1493447852610195,-0.7480753368818013
SFTC.VI,36.75000000000001,21.0,41.25,65.0,100.0,31.96795646543496,23.0,27.0,47.5,65.0,100.0,32.222477233767655,16.75,27.66666666666666,47.5,30.0,0.0,24.44762073352535,True,1.320404433616236,1.0,False,False,False,53.85167960196943,False,True,False,False,99.97092912341678,False,False,30.540245549552846,29.839116130028422,27.14336843177689,False,False,False,Reject,Reject,Reject,MA-long declining;low breakout volume,weak RS;low breakout volume,MA-long declining;weak RS,36,0,0.0,47.00271414557129,47.00271414557129,,,,,0.0,0.0,0.0,0.0,0.0,0.0,0.0,0.0,0.0,0.0,0.0,18.333333333333336,23.166666666666668,0.0,0.0,0.0,0.0,0.05,0.16666666666666669,0.33333333333333337,0.5,0.0,2.2297324183613707,0.013824856964291345,76.0,-1.7449173823151376,-0.7825680641973518
SFTU.F,74.18461170010147,77.99896201198142,60.00000000000001,35.0,98.40148411532812,52.37457431122248,53.88744588744589,75.94812681241712,60.00000000000001,35.0,0.0,48.85061397425851,54.72244699929824,70.07011513991105,53.75000000000001,45.0,58.91573926868043,52.64516147114335,False,0.0,0.3734177215189873,False,False,False,70.03180658522916,False,False,False,False,67.91297179469578,False,False,51.37150364211746,50.69377029071676,51.669465880930055,False,False,False,Reject,Reject,C,stop > 1.5 ATR,low breakout volume,,11,0,0.705263238204153,40.7554451243723,57.23414767602032,16.037391296900257,0.0,0.2,0.8365674453654861,10.855752304437749,0.0,0.0,0.0,0.0855752304437745,1.0,0.0,0.0,0.0,0.0,0.5864661654135338,23.03623421849041,25.295292773113008,9452.454916143415,8437.910774501164,0.0582174053109424,-0.2015057350783274,0.05,0.6518117109245204,0.0,0.5,20.998703417533694,1.080025931649326,0.1996250521498784,76.0,-0.8002536783462433,-0.7409578371180053
SFTU.SG,68.5769254244291,71.16821184646679,55.00000000000001,35.0,100.0,49.75707229145324,57.00000000000001,74.13645213390366,60.00000000000001,35.0,53.69173492181682,49.11211177197084,74.82699974552548,50.38702607933377,53.75000000000001,38.75001614292397,57.36724960254372,48.561178773920176,False,0.0,0.6265822784810127,False,False,False,67.61646695448786,False,False,False,True,69.11250032290164,False,False,49.32440543210191,49.07582397645213,48.81850137518615,False,False,False,Reject,Reject,C,low breakout volume;stop > 1.5 ATR;fresh TD Sell 13,low breakout volume,,12,0,0.8378378378378379,41.517451351117984,58.28560703087923,16.365217831476127,1.0,0.1788617703373952,0.985781990521327,10.50360726287059,0.0,0.0,0.0,0.18369456824669447,0.8666661580403645,0.0,0.0,0.0,0.0,0.0,45.0,63.99999999999999,4789.740037155151,2869.2308576424916,0.3379377596342823,0.14459404876925763,0.05,1.0,1.0,0.5,0.0,4.710444051439027,0.09108641790616201,76.0,-3.6862430828445705,-0.7825680641973518
SGIOF,27.0,31.02317571745945,30.0,65.0,0.0,33.16671636810802,23.296296296296298,35.90690374046609,37.49999999999999,30.0,64.74545315032881,28.743920305302403,33.00000000000001,54.66865788910924,29.807716566420027,46.47486309696254,60.0,37.631507169139766,True,0.2488801328071601,0.6942675159235668,False,False,False,45.072827211344055,False,False,False,False,19.60951305192353,False,False,32.73283570947268,32.29475557701474,34.96313137307725,False,False,False,Reject,Reject,Reject,below MA-long;weak RS;low breakout volume,below MA-long;weak RS;low breakout volume,below MA-long;weak RS,20,0,0.658245576642166,23.39521506746558,18.785562185562185,30.30969439032066,2.0,0.2440181280783034,21.5,4.650873462320517,0.0,0.0,0.0,0.46508734623205167,0.0,0.0,0.0,0.0,0.0,0.0,30.0,34.0,2990.550022125244,13519.204260508219,2.1356117839467488,-2.909471757198498,0.05,1.0,0.0,0.5,100.0,-0.5660844818193991,-0.0100038080575828,76.0,0.4445379464012121,-0.7852855195261037
SGIOY,30.354628245208648,32.923757710890925,22.5,30.0,0.0,27.19673206571819,30.63517738208509,35.20488880564561,42.0,30.0,0.0,32.68995330451227,34.4717267732327,36.04294658790498,29.58849761304575,52.6099202338018,0.0,35.23994690281881,False,0.0,0.6560509554140127,False,False,False,42.991318951729255,False,False,False,False,39.4650914786813,False,False,30.453341404776538,32.35630713624542,33.79812701953212,False,False,False,Reject,Reject,Reject,below MA-long;weak RS;low breakout volume,below MA-long;weak RS;low breakout volume,below MA-long;weak RS,9,0,0.4654087922056376,26.46274206121771,33.79857895847142,15.458986715337147,1.0,0.2252409929179024,2.808480011009427,10.005394976232413,0.16141141141141135,0.0,0.0,0.17772859574074226,0.49998807905967624,0.0,0.0,0.0,0.0,1.1614114114114114,37.50000000000001,38.5,1648096.0577583313,1367887.208164533,0.22951857798330327,-0.2539248052399448,0.2,1.0,0.0,0.5,42.33752199630186,0.6532495600739628,0.22694404694846781,76.0,-0.5129874201628806,-0.7852855195261037
SH0.F,24.40845070422536,49.09345827757615,46.25,30.0,100.0,32.53369601287164,55.82786885245902,49.56808330014979,34.628055990548226,35.0,94.84735666418466,40.88660734463039,46.75,72.77007377491498,33.644939989007504,44.99999999999999,60.0,44.7525091595302,True,0.8613484251443064,0.740506329113924,False,False,True,74.61848815877514,False,False,False,True,68.92400912816909,False,False,37.483332041730975,40.37579562274858,42.5641523911394,False,False,False,Reject,Reject,Reject,weak RS;low breakout volume;stop > 1.5 ATR,low breakout volume,MA-long declining,12,0,0.0,55.09146424621141,72.07570073673006,29.615109510433435,2.0,0.2330687736444377,10.941176470588236,11.203134258900166,0.0,0.0,0.4959446601776029,0.6243687657124136,0.0,0.0,0.0,0.0,0.0,0.0,30.0,34.0,23.52750062942505,554.3758422533671,16.20152830007854,-47.728695838601546,0.05,1.0,0.0,0.5,0.0,3.946413957662705,0.05426647888506466,76.0,-3.0883375313695125,-0.7825680641973518
SHCAF,14.499999999999998,17.5,30.0,65.0,0.0,22.42190959210724,6.5,19.375,30.0,30.0,0.0,14.516185232067803,16.5,39.02974835179664,42.0,30.0,0.0,25.882346886600143,False,0.1302766658482936,0.802547770700637,False,False,False,14.901868897335037,False,False,False,False,0.1311967575095849,False,False,20.74227974299399,19.507178600435395,22.69476274351777,False,False,False,Reject,Reject,Reject,below MA-long;MA-long declining;weak RS;low breakout volume,below MA-long;MA-long declining;weak RS;low breakout volume,below MA-long;MA-long declining;weak RS,29,0,0.0,4.342655791951412,5.328671328671328,2.863632486871537,0.0,0.1713636751312846,10000000000.0,0.0,0.0,0.0,0.0,0.0,0.0,0.0,0.0,0.0,0.0,0.0,18.333333333333336,23.166666666666668,0.0,12.153333028157553,0.0,0.0,0.05,0.16666666666666669,0.33333333333333337,0.5,58.992080271036016,0.3201583945792795,0.08621731497000068,76.0,-0.25141575121783283,-0.7852855195261037
SHCAY,20.11290322580645,51.88346618590166,35.34090758232045,47.92489851464741,45.149285212092806,32.05171259986895,11.646953405017925,42.01105958642929,35.91666550768751,32.16666550768751,0.0,22.839183741858143,8.960357202470373,46.57689081741709,37.74132293231739,30.0,0.0,21.235132129046217,False,0.2910096298055004,0.0636942675159235,False,False,False,40.03449748653767,False,False,False,False,55.59309641235629,False,False,27.124637848301163,24.20047402961673,22.717803079331475,False,False,False,Reject,Reject,Reject,below MA-long;MA-long declining;weak RS;low breakout volume,below MA-long;MA-long declining;weak RS;low breakout volume,below MA-long;MA-long declining;weak RS,15,0,0.129411707782417,30.999788455501253,7.85080331250355,65.72326616999781,1.0,0.0,0.6092050209205021,51.46388207407706,1.0,0.0,0.0,0.14638820740770658,1.0,1.0,1.0,0.0,0.0,3.0555555555555554,10.59701955841133,9.74627444801416,4342.649984955788,5922.966663042705,-0.016417882649532027,-0.12726226431700774,0.05,0.029850977920566447,0.0,0.5,41.02249105505922,0.6795501788988156,0.14964783498804196,76.0,-0.5336409152806132,-0.7852855195261037
SHD.F,57.00000000000001,50.238892649643205,45.0,30.0,0.0,40.21056191985853,61.50000000000001,51.57182782352471,30.0,35.0,60.0,39.72428876474633,56.381331916401,42.74718772530916,30.326299291682208,30.0,0.0,36.40301411133227,False,0.0,0.930379746835443,False,False,False,59.20782950395471,False,False,False,False,28.296053120075413,False,False,39.30317041161962,38.82516099974456,37.61408755553841,False,False,False,C,C,C,,,,9,0,0.0,53.45276605567922,70.4053092376402,28.02395128273775,0.0,0.2813934245866364,0.5642177589852009,14.497359592455403,0.0,0.0,0.14325355473320478,0.3064824045123355,0.0,1.0,0.0,0.0,0.0,0.0,25.0,39.0,1680.6727074623109,1740.8014647801717,-0.08343529739700459,3.0818439292529938,0.05,0.0,1.0,0.5,0.0,5.088479578969582,0.007032463502761162,76.0,-3.9820816138219812,-0.7825680641973518
SHDA.F,37.0,49.61533232418523,45.0,30.0,100.0,36.90975723051078,33.00000000000001,50.82087168883142,22.5,30.0,100.0,30.5324162061549,33.00000000000001,64.06623419348361,35.36187727665382,35.2444665973382,0.0,38.95327414771019,True,0.6369895524699357,0.9746835443037974,False,False,False,43.769145072100926,False,False,False,False,27.79957898364958,False,False,35.4052583066439,34.33414179349266,36.64370797060143,False,False,False,Reject,Reject,Reject,below MA-long;weak RS,below MA-long;weak RS,below MA-long;weak RS,14,0,0.5287429904386618,24.899245880976064,37.47377770234913,6.037448148916463,0.0,0.2747253156085458,30000000000.0,14.331610498302618,0.0,0.0,0.31597035228080106,0.11719069754946075,0.0,1.0,0.0,0.0,0.0,0.0,18.333333333333336,23.166666666666668,0.0,167.99999237060547,0.0,0.0,0.05,0.16666666666666669,0.33333333333333337,0.5,94.7468103221314,-0.3949362064426277,-0.0977396366103667,76.0,0.3090644625572529,-0.7825680641973518
SHECF,57.31995591019125,59.25143028188564,47.107857108700166,51.608161549723576,0.0,52.08853038588481,48.28610363195054,60.49386143609157,32.51238340187071,35.0,36.71937055076808,40.58515048921076,54.55154116135334,60.286241350336326,55.270433574824864,40.04874694706805,38.28934817170111,48.532967291017066,False,0.0,0.0254777070063694,False,False,False,57.79392631086131,False,False,False,False,47.07775061213332,False,False,47.926403797909046,45.27017150908746,46.90156940005227,False,False,False,Reject,Reject,C,low breakout volume,low breakout volume,,11,0,0.5851568911862819,66.85082529547779,87.60356834618943,35.721710719410325,1.0,0.0340794237045548,1.862508383635144,32.42399071432456,1.0,0.0,1.0,0.10459018898975643,0.13780888244269862,0.0,0.0,0.0,0.0,14.714285714285714,31.862797274623034,47.57849659327879,907318.5150337219,521080.30033747357,0.02117678364773819,3.190364355137853,0.05,0.34313986373115163,1.0,0.5,100.0,-0.63609472257172,0.055215310441804374,76.0,0.4995159746825459,-0.7852855195261037
SHECY,65.17188290809644,63.5571656750226,48.00000000000001,42.58254480155639,0.0,51.06769487600143,55.29441490836828,63.11542526828088,37.33609271423,35.0,42.29449231922068,43.70869388875654,60.91734066798438,60.41888778070405,55.48150609885486,51.87412917906359,0.0,55.66760115715552,False,0.0,0.2229299363057325,False,False,False,62.24331798426629,False,False,False,False,48.79838067791155,False,False,49.77997583605878,48.76816626672522,52.21788371194037,False,False,False,C,Reject,C,,low breakout volume,,9,0,0.5740224438464296,70.99360645157329,95.10111106827082,34.83234952652696,0.0,0.0781759005718396,0.6634201742396773,1.9188345903760355,0.0,0.0,0.0,0.1918834590376035,0.0,0.0,0.0,0.0,0.0,0.0497278460006637,27.500000000000004,19.5,8390173.632434845,9968271.041423162,-0.1048783350716623,-0.1228129910932932,0.4,0.0,0.0,0.5,15.777380883388858,1.1844523823322228,0.41334832802077,76.0,-0.8860596149336297,-0.7480753368818013
SHJ.DU,35.0,45.23478804235591,48.75000000000001,35.0,75.34247031688767,38.77279564315935,23.0,39.00145018939911,53.75000000000001,30.0,97.94858597504408,30.789674535786617,35.50000000000001,46.79200813808214,32.72069379942596,50.0,99.42766295707472,38.750551793281296,True,0.4829048831253673,0.9620253164556962,True,False,False,67.5550952847473,False,True,False,True,74.99177277333911,True,False,36.37341054097192,34.77456193450956,36.76255686389543,False,False,False,Reject,Reject,Reject,weak RS;low breakout volume;stop > 1.5 ATR;fresh TD Sell 9,weak RS;low breakout volume,weak RS,12,0,0.0,71.07785115836728,64.94739137346785,80.27354083571645,2.0,0.0183486069967499,0.0,16.033772088387053,0.0,0.0,0.0,0.6033772088387055,1.0,0.0,0.0,0.0,0.0,0.0,18.333333333333336,23.166666666666668,0.0,0.0,0.0,0.0,0.05,0.16666666666666669,0.33333333333333337,0.5,0.0,2.5829630366605496,0.047212920861550156,76.0,-2.02134438349276,-0.7825680641973518
SHJ.F,35.239348970799426,47.71476197476727,60.00000000000001,35.0,72.63513742092316,40.49840048809884,23.047869794159887,39.62589246086283,53.75000000000001,32.12287907356135,86.07243486945072,31.344658929408222,45.50000000000001,75.19213415776035,32.72396602034066,50.0,100.0,45.31228132751562,True,0.4873294714436895,0.5822784810126582,True,False,False,68.57760494172297,False,True,False,False,71.90041350967537,True,False,38.71505418837501,37.36569396057857,41.33898764404709,False,False,False,Reject,Reject,Reject,weak RS;low breakout volume;stop > 1.5 ATR,weak RS;low breakout volume,weak RS,12,0,0.0,57.81665154450906,67.7882506622272,42.859252867931865,1.0,0.0270270432815193,30.24657534246576,15.296691933937852,0.0,0.0,0.0,0.5296691933937853,0.0,1.0,0.0,0.0,0.0,0.0,30.0,34.0,808.7199991226196,3695.786707687378,2.5758356709823995,-7.836941366669921,0.05,1.0,0.0,0.5,0.0,1.9260299022865586,0.006120346386040013,76.0,-1.5072494922186068,-0.7825680641973518
SHJ.MU,35.0,45.40347700798265,55.00000000000001,35.0,74.99999999999999,39.49554885103231,23.0,39.29374474226224,53.75000000000001,32.12287907356135,98.5954101510956,31.256020690348542,45.50000000000001,76.45137159589143,32.7322834847818,50.0,100.0,45.4938844437907,True,0.4882950845924634,0.9177215189873418,True,False,False,68.96015056379792,False,True,False,False,83.02037298862273,True,False,38.22335752137886,37.17528544851794,41.33458494615432,False,False,False,Reject,Reject,Reject,weak RS;low breakout volume;stop > 1.5 ATR,weak RS;low breakout volume,weak RS,12,0,0.0,68.4052877235818,64.76563087933502,73.86477298995196,1.0,0.0135135645990607,0.0,14.41606614935585,0.0,0.0,0.0,0.44160661493558484,0.0,1.0,0.0,0.0,0.0,0.0,18.333333333333336,23.166666666666668,47.610001754760745,116.53666979471842,0.0,0.0,0.05,0.16666666666666669,0.33333333333333337,0.5,0.0,2.10889228804435,0.009071633898460765,76.0,-1.650351755455591,-0.7825680641973518
SHJ.SG,35.0,45.31407338274137,55.00000000000001,35.0,75.67567018978441,39.478408561859055,23.0,39.65882698593557,53.75000000000001,34.357524517155724,98.5180145324467,31.737799581704923,40.46794871794872,58.01667358935039,32.667033924086226,50.0,96.8839427662957,41.679215676888205,True,0.4876501211037224,0.8544303797468354,True,False,False,68.43278340688296,False,True,False,False,73.24979438179884,True,False,37.59638729081865,36.26834620629073,38.97378094158947,False,False,False,Reject,Reject,Reject,weak RS;low breakout volume;stop > 1.5 ATR;fresh TD Sell 9,weak RS;low breakout volume,weak RS,11,0,0.0,66.3977486496538,73.74333173081442,55.37937402791288,2.0,0.0180995299378213,124.0,14.776017820822284,0.0,0.0,0.0,0.47760178208222825,1.0,0.0,0.0,0.0,0.0,0.0,30.0,34.0,1965.4000625610352,1080.3200187047323,37.25796050328386,-66.04640150315527,0.05,1.0,0.0,0.5,0.0,2.4681020170989165,0.04617361050967055,76.0,-1.9314578177626784,-0.7825680641973518
SHM.DU,42.2443240093047,37.76529980248113,30.0,44.40927661526965,0.0,36.037136147272406,23.18864366927766,27.574381842362843,31.757867662002365,35.38626124134926,0.0,27.19365914980796,44.26058557549911,32.428496516015784,21.32194755122279,35.0,0.0,29.393138041812485,False,0.0,0.6962025316455697,False,False,False,70.67266821553861,False,False,False,False,46.59644221036,False,False,32.05529342694109,29.62219821690221,29.507668129357345,False,False,False,Reject,Reject,C,weak RS;low breakout volume,weak RS;low breakout volume,,10,0,0.0,57.41802372974615,78.75186766753704,25.417257823059835,1.0,0.1068218485195263,50000000.0,18.39029554652554,0.0,0.0,1.0,0.39902711324630397,0.44000244140625,0.0,0.0,0.0,0.0,0.0,15.00000000000003,19.000000000000057,4.677500152587891,9.271666971842448,-0.1496883688581595,1.1550979873285356e-16,0.05,0.0,0.33333333333333526,0.5,0.0,4.045327230649242,0.01093999546408691,76.0,-3.1657438999340113,-0.7825680641973518
SHM.F,33.024432657214376,33.726910572795404,30.0,43.10726330849056,0.0,33.3928032995475,24.221083941011333,22.851197383071376,31.694449609198443,35.40741667466104,0.0,26.187917381758684,36.23714833176923,50.44872022216991,21.486378032740703,35.0,0.0,31.460379809785728,False,0.0,0.189873417721519,False,False,False,71.61517137097609,False,False,False,False,46.92619399426128,False,False,30.844852826258503,29.21063329372456,30.335506551755145,False,False,False,Reject,Reject,Reject,weak RS;low breakout volume,weak RS;low breakout volume,weak RS,9,0,0.0,54.37201349479355,74.05626824633399,24.84563136748291,1.0,0.0962254413407875,3.4078947368421053,10.154778350246229,0.0,0.0,1.0,0.015477835024622966,0.0,0.0,0.0,0.0,0.0,0.0,30.0,34.0,7902.009796142578,9241.425695292155,1.6658775582319814,-3.814241397395443,0.05,1.0,0.0,0.5,0.0,3.703760941199282,0.0002756885613861258,76.0,-2.898445030004084,-0.7825680641973518
SHM.HA,29.706693704960944,32.634520972980724,30.0,44.06512292239137,0.0,32.56373141979462,23.33789786071939,21.49945900716644,32.46409768759613,44.512627080221925,0.0,26.45965886770926,53.92307692307692,59.44011546138477,21.37475939344977,35.0,0.0,35.40340524465452,False,0.0,0.7278481012658228,False,False,False,71.19596038379379,False,False,False,False,46.08691282703048,False,False,31.300444419140995,30.36359729120992,32.88350126793222,False,False,False,Reject,Reject,C,weak RS;low breakout volume,weak RS;low breakout volume,,10,0,0.0,56.99019913195552,79.00317897920814,23.97072936107657,1.0,0.1043985016790732,500000000.0,24.161944762317372,0.0,0.0,1.0,0.41619447623173705,1.0,0.0,0.0,0.0,0.0,0.0,18.333333333333336,23.166666666666668,0.0,15.050000508626303,0.0,0.0,0.05,0.16666666666666669,0.33333333333333337,0.5,0.0,3.95431262482945,0.007869590105971243,76.0,-3.0945187760439317,-0.7825680641973518
SHM.SG,42.44291508205917,31.318345793934355,28.850567186400777,42.139197929638094,0.0,33.71576775529952,23.360790878713523,23.756011437502444,24.68559519848548,34.682209687112305,0.0,25.35111172102158,49.32162592966679,41.04965661794962,21.022692381924944,35.0,0.0,31.59425107484184,False,0.0,0.050632911392405,False,False,False,71.70454528172493,False,False,False,False,46.56940897341061,False,False,30.7820676089246,28.89698473402325,30.245617904432542,False,False,False,Reject,Reject,C,weak RS;low breakout volume,weak RS;low breakout volume,,8,0,0.0,47.72038490895317,70.24089357046007,13.939621916692808,0.0,0.0993657682610891,1.0323346188074751,19.532871014511873,0.0,0.0,1.0,0.33626872602102004,0.6170183754301668,0.0,0.0,0.0,0.0,0.8679245283018868,30.0,34.0,10482.845072937012,12393.289897537232,0.18680344142380195,-0.5809365948263601,0.05,1.0,0.0,0.5,0.0,3.943056402944005,0.009332041708814211,76.0,-3.0857100162728632,-0.7825680641973518
SHM.VI,29.69872345032512,32.1511919913925,30.0,44.752634972943945,0.0,32.545428274267294,23.187690037173088,21.10325207581962,31.98864139519865,34.772724486015846,0.0,24.95296465406931,44.59006298989342,36.23270034375181,21.18398380587264,35.0,0.0,30.143106439304564,False,0.0,0.9113924050632912,False,False,False,71.41731954929851,False,False,False,False,45.7789825636099,False,False,29.78722482121536,28.02849991367948,29.08580317649202,False,False,False,Reject,Reject,C,weak RS;low breakout volume,weak RS;low breakout volume,,12,0,0.0,61.01888248059387,67.99152576944275,50.55991754732055,1.0,0.1041777449560061,0.0,33.58961647523787,0.0,0.0,1.0,0.3589616475237866,1.0,1.0,0.0,0.0,0.0,0.0,18.333333333333336,23.166666666666668,0.0,0.0,0.0,0.0,0.05,0.16666666666666669,0.33333333333333337,0.5,56.64361359372185,0.36712772812556305,-0.004223902453262664,76.0,-0.2873024355123935,-0.7825680641973518
SHM1.F,24.5,41.34477852512492,30.0,44.99999999999999,97.8964892582831,31.67445628575836,24.5,39.3920381409084,26.11842105263158,44.99999999999999,97.82576321667908,30.668714694124944,14.856188780053428,37.48315629368382,15.989472624996854,33.537237870071074,0.0,21.532394373058203,True,0.5149002623854882,0.8037974683544303,False,False,False,44.337487126959545,False,False,False,False,45.86802650896243,False,False,29.344321425728303,28.128966916131603,24.830680644594903,False,False,False,Reject,Reject,Reject,below MA-long;MA-long declining;weak RS,below MA-long;MA-long declining;weak RS,below MA-long;MA-long declining;weak RS,15,0,0.1319987755411464,30.462305026739337,18.100840353605403,49.00450203644024,1.0,0.0999999576144748,0.0186046511627906,10.365422812799943,0.0,0.0,1.0,0.03654228127999429,0.0,0.0,0.0,0.0,0.0,0.0,15.000000000000002,19.0,4.400000095367432,158.32083566983542,-0.13534099605447866,0.0,0.05,0.0,0.33333333333333337,0.5,78.15723238671744,-0.0631446477343489,0.04623318365640754,76.0,0.049414984741893105,-0.7825680641973518
SHMDF,24.5,49.12959714555664,28.750000000000004,50.0,78.59940044195115,33.427298176611565,20.21428571428571,37.71981355742175,19.84151370265354,38.47647753769591,0.0,25.918740123976768,17.25862068965517,30.44397799967792,24.282170765393506,44.268005735049854,0.0,24.58554994124284,False,0.4049405841674499,0.5414012738853503,False,False,False,44.29475313679831,False,False,False,False,42.02662135121485,False,False,29.406381113747383,27.020494679683548,25.803022310463195,False,False,False,Reject,Reject,Reject,below MA-long;MA-long declining;weak RS,below MA-long;MA-long declining;weak RS,below MA-long;MA-long declining;weak RS,14,0,0.1282264723150972,31.880442924384617,9.446907180773572,65.53074653980119,2.0,0.081428202630991,0.4444444444444444,1.7372435866257256,0.0,0.0,0.0,0.17372435866257255,0.0,0.0,0.0,0.0,0.0,0.0,24.30553064701374,37.611061294027486,2027.2999954223633,3258.9333216349282,-0.11095409092616007,0.03722212258805496,0.05,0.0,0.9537020431342494,0.5,48.18164260523715,0.536367147895257,0.0728483091463894,76.0,-0.4212013543916614,-0.7852855195261037
SHMZF,21.47857093811035,26.55555555555556,41.25,65.0,100.0,30.5237182280434,33.97857093811036,34.5,31.6488137724904,65.0,0.0,37.19879684111837,37.97857093811036,35.248809496561684,36.61265028445166,35.0,0.0,35.78536780926754,False,0.0,0.910828025477707,False,False,False,87.67511848476806,False,True,False,False,86.86209259175524,False,False,33.57857172821072,35.439752408948124,35.61256010910783,False,False,False,Reject,Reject,Reject,weak RS;low breakout volume,weak RS;low breakout volume,weak RS,33,0,0.0,54.29555568209762,68.84973620559565,32.464284896850586,0.0,0.1253571510314941,0.0,0.0,0.0,0.0,0.0,0.0,0.0,0.0,0.0,0.0,0.0,0.0,15.000000000000002,19.0,0.0,367.34999656677246,-0.17589118198874293,0.0,0.05,0.0,0.33333333333333337,0.5,0.0,5.026666509061252,0.015856558642467468,76.0,-3.9473684210526314,-0.7852855195261037
SKHSF,24.5,42.41794883324213,22.5,30.0,30.0,27.660830300861857,24.5,42.126900014242125,29.809564081360403,44.5282669969318,0.0,31.71618206763653,15.06525353283458,31.808352820283886,27.93067803545992,54.38872830566599,0.0,25.099701949625768,False,0.0631977676250577,0.732484076433121,False,False,False,42.07205751484227,False,False,False,True,43.128067265280464,False,False,28.36521016064704,28.920167678878368,27.00993481425207,False,False,False,Reject,Reject,Reject,below MA-long;MA-long declining;weak RS,below MA-long;MA-long declining;weak RS,below MA-long;MA-long declining;weak RS,14,0,0.2000000186082793,43.15563016769117,33.82435849587638,57.15253767541334,2.0,0.1737843031414959,0.1805970149253731,21.95475952710502,0.0,0.0,1.0,0.19547595271050153,0.0,1.0,0.0,0.0,0.0,1.0,25.0,39.0,19350.87001800537,33273.61843109131,-0.05153456738810854,0.6817086857448705,0.05,0.0,1.0,0.5,23.425875158427456,1.0314824968314509,0.16313702521936813,76.0,-0.8100082684063685,-0.7852855195261037
SKHSY,16.824188702156526,25.96829547845273,42.29955191347247,32.65014552397636,0.0,24.08664703409129,16.83991189865857,33.788226659373244,30.0,42.95620615795215,0.0,25.65795688712381,21.404509824871543,47.96958751937256,26.5293654398456,37.17246786031314,0.0,29.2939183444442,False,0.0941974168286007,0.8789808917197452,False,False,False,40.59452524833486,False,False,False,False,36.65940011373791,False,False,25.599494252071626,26.43448335371341,27.86420084907881,False,False,False,Reject,Reject,Reject,below MA-long;MA-long declining;weak RS;low breakout volume,below MA-long;MA-long declining;weak RS;low breakout volume,below MA-long;MA-long declining;weak RS,8,0,0.1848088863437067,12.071044944601088,12.106839805689177,12.017352652968954,0.0,0.1058567768968024,2.550580348712784,20.22811684978285,0.23041997729852448,0.0,1.0,0.3619679156985222,0.20000381468271367,0.0,0.0,0.0,0.0,1.2304199772985245,37.50000000000001,38.5,2275623.9407348633,2654256.473595301,0.33275501066975727,-0.31823323551655636,0.2,1.0,0.0,0.5,31.707028049439373,0.8658594390112125,0.4022392028661033,76.0,-0.6799468794005008,-0.7852855195261037
SMCAY,44.40868051894802,42.17025627327602,45.0,50.0,50.32318443992664,44.2630703343104,40.006155152038815,43.18982968054341,30.0,36.770757626829145,58.46935766881168,35.487690101627884,37.07740279998589,48.97806883217116,23.374412622875496,25.0,48.972972972972975,30.32590585822687,True,0.2796844678752176,0.4140127388535032,False,False,False,49.827836390339336,False,False,False,False,37.827480517577605,False,False,38.84302336928894,35.69423087514408,33.01006836668547,False,False,False,Reject,Reject,Reject,weak RS;low breakout volume,weak RS;low breakout volume,weak RS,12,0,0.4320913940976727,49.75972438516671,66.66825019745642,24.396935666732144,0.0,0.2378641029090769,0.6199740932642488,13.471840868410906,0.0,0.0,1.0,0.12392686997126923,0.22325721686982125,0.0,0.0,0.0,0.0,0.9344685242518059,17.5,13.5,4578409.956989288,6894170.961618423,-0.0646762022666592,-0.22063642714977616,0.2,0.0,0.0,0.5,8.717243225658965,1.3256551354868207,0.37866322181417816,76.0,-1.0410177817832154,-0.7852855195261037
SMECF,42.9924187331297,41.5005384628425,36.25,30.0,39.42891635378535,35.3029249095155,39.30410296024149,43.56308849272156,29.877738177755493,37.32634732966994,0.0,35.4798414818157,40.70600827147212,56.88482216530948,35.88789143596166,26.87269069635445,82.89348171701113,35.75219050696073,False,0.2115145215789403,0.3057324840764331,False,False,False,49.8973348756235,False,False,False,False,40.66697008173081,False,False,35.445853000694605,35.526162874899164,35.63917669092994,False,False,False,Reject,Reject,Reject,weak RS;low breakout volume,weak RS;low breakout volume,weak RS,13,0,0.3934055751139034,47.50959371926152,76.0063590182783,4.764445770736363,0.0,0.2594726248598969,10.292682926829269,14.055289723330306,0.0,0.0,1.0,0.3829599312716105,0.02256904106141988,0.0,0.0,0.0,0.0,1.0,30.0,34.0,236526.64749145508,476908.3192952474,0.3853204620192519,-1.5478005311348286,0.05,1.0,0.0,0.5,22.179576197431494,1.0564084760513701,0.16572095143833354,76.0,-0.8295822789477797,-0.7852855195261037
SMFG,64.7262664585804,64.30492154410244,42.322767640095165,50.0,50.17389266463557,51.63708214859851,56.22202019140276,65.85622114205839,53.75000000000001,30.0,70.67565343913539,43.955031773869,70.620029785726,61.04715006200172,48.75000000000001,50.0,65.95802525458161,54.93075469686953,False,0.0,0.6496815286624203,True,False,False,62.97194849418965,False,False,False,False,63.35576232391233,False,True,49.99120154583386,48.78415872571506,51.85745671129229,False,False,False,Reject,C,Reject,low breakout volume,,fresh TD Sell 13;fresh TD Sell 9,13,0,0.4763158431343761,71.91521465475456,81.45919142372469,57.599249501299376,1.0,0.0021204087032366,0.8235242368742369,29.940325329896588,0.0,0.0,1.0,0.1190340230894354,0.8749985099002229,0.0,1.0,0.0,0.0,0.1867782403552595,59.0259663276906,62.03245790961325,45203786.266971305,44033686.43556776,0.0041557979661435,0.0830982723786651,0.65,0.2012983163845299,1.0,0.5,26.46278251111427,0.9707443497777146,0.5128759535930307,76.0,-0.7261899064860691,-0.7480753368818013
SMFNF,68.31988436729569,64.44587207395048,40.0,50.0,71.97028474442713,51.05241101538339,57.89247652950294,65.49450126307327,53.75000000000001,30.0,70.76008842912222,44.15369911967355,64.78535982648448,61.396873924070825,48.75000000000001,45.39446766945675,66.40750587657145,52.18897562485613,False,0.0,0.7261146496815286,True,False,False,62.99263259904082,False,True,False,True,59.42654133248738,False,True,49.21011036856498,47.94402445037029,50.06650003761322,False,False,False,Reject,C,Reject,low breakout volume,,fresh TD Sell 9,10,0,0.5281887593334056,70.09557184413462,77.23517206784072,59.38617150857547,0.0,0.0,0.4395217391304348,63.37012172793068,1.0,0.0,1.0,0.3582892434318878,0.9787229293611804,0.0,1.0,1.0,0.0,13.0,32.5,43.5,1872961.0877227783,2195910.027666092,-0.0527129795980766,0.4746258737771363,0.2,0.0,1.0,0.5,34.41101183787089,0.8117797632425823,0.2704833210637046,76.0,-0.6002801616178172,-0.7394618451931486
SMMYY,50.4768615594675,49.76670623637731,51.25000000000001,42.23910425141269,0.0,46.42534254908602,56.44562832203639,50.77433749970084,30.0,37.23692395021159,55.06331959535407,39.39951101994254,55.30388558127043,59.20152057668906,37.1729187303616,38.752534769093536,50.49920508744038,44.54116460018105,False,0.0,0.6751592356687898,False,False,False,54.29242164958304,False,False,False,False,44.97969008867452,False,False,43.94075750056199,42.34717339984279,43.44416900001192,False,False,False,Reject,C,C,low breakout volume,,,9,0,1.8917377909139697,41.19209525371374,66.46054090381061,3.2894267785684472,0.0,0.2302482577951845,1.1273689511714473,17.77275038442238,0.05729166666666674,0.0,1.0,0.5322583647266893,0.13043334038221532,0.0,0.0,0.0,0.0,1.0572916666666667,46.18091916070955,60.60114895088693,2098935.929737091,1723501.1045424144,0.06208551496425727,0.13097624835148208,0.2,0.6840459580354773,1.0,0.5,11.332548263955712,1.2733490347208858,0.350508922431282,76.0,-0.9999425582688534,-0.7852855195261037
SMNNY,17.537840254876752,42.06920965210454,25.64499830379691,38.88849807781441,71.94442279425041,26.27672983374361,23.913601810966405,38.64048021088694,28.024349035809426,31.91279592324832,0.0,28.62126877085047,22.79548643167131,43.65460691629568,22.29233852375097,37.41999618421086,0.0,28.53895434560233,False,0.4118131522362749,0.4968152866242038,False,False,False,47.64750507063555,False,False,False,False,49.897129139667264,False,False,27.43253641724741,28.127666655854657,28.33331050072849,False,False,False,Reject,Reject,Reject,below MA-long;MA-long declining;weak RS;low breakout volume,MA-long declining;weak RS;low breakout volume,below MA-long;MA-long declining;weak RS,10,0,0.1096707773102834,26.27980922035135,19.36219099219104,36.656236562591815,1.0,0.1114130023991301,0.7386410671643838,23.349191313915032,0.0,0.0,1.0,0.334919131391503,1.0,0.0,0.0,0.0,0.0,0.521189591078067,17.5,13.5,1439527.046790123,1773201.6097005208,-0.046970577207341366,-0.1259416399482051,0.2,0.0,0.0,0.5,32.26197949821589,0.8547604100356823,0.2798328837061729,76.0,-0.6712309726652161,-0.7852855195261037
SMO.F,42.467183789279154,32.777392638603885,38.8769043747576,30.0,98.3396459766561,33.77435608404806,39.58275862068966,47.79472798486996,42.50000000000001,37.23761907348254,86.20997766195086,40.46077608545788,46.04461942257218,56.37230075655659,53.75000000000001,44.99999999999999,100.0,48.62297642485466,True,0.3249244626876112,0.5569620253164557,True,False,True,81.40143639219676,False,False,False,True,68.17861429798181,True,False,38.75000615263232,41.57215218699495,45.097564305924806,False,False,False,Reject,Reject,C,weak RS;low breakout volume;stop > 1.5 ATR,weak RS;low breakout volume;fresh TD Sell 9,,13,0,0.0,52.15470052437036,62.54182204061994,36.57401824999597,1.0,0.0432841462874734,1.0321454812637767,12.40021798789506,0.0,0.0,0.0,0.2400217987895059,1.0,0.0,0.0,0.0,0.0,0.8068181818181818,18.333333333333336,23.166666666666668,9286.43726463318,8120.437529309591,0.0,0.0,0.05,0.16666666666666669,0.33333333333333337,0.5,0.0,4.254345962123391,0.08592289645641749,76.0,-3.3293152840047218,-0.7825680641973518
SMO1.F,80.41176470588236,70.37900345844295,45.46232876712329,30.0,100.0,46.71130153963381,73.13636363636364,68.67859243791119,47.5,35.0,0.0,48.82953314552518,66.47604259094942,69.08411858798218,48.75000000000001,30.0,0.0,45.26210685772418,False,0.0,0.8734177215189873,False,False,False,75.45884483861879,False,False,False,False,61.64271036846572,False,False,47.0569320850193,47.3356589380066,46.2988828978654,False,False,False,Reject,Reject,C,stop > 1.5 ATR,low breakout volume,,11,0,1.3869915722414734,73.55757556944806,92.6772293128084,44.87809495440756,1.0,0.0526315789473684,0.6797385620915033,11.446244081412377,0.0,0.0,0.0,0.14462440814123778,0.0,1.0,0.0,0.0,0.0,0.0,45.0,63.99999999999999,560.775,271.4099999745687,1.2251360017061672,0.15625577473307117,0.05,1.0,1.0,0.5,78.1689801311972,-0.0633796026239439,0.10396006959676862,76.0,0.049598852935017174,-0.7825680641973518
SMTOF,43.98903282292348,37.41520467836257,35.4919127211837,65.0,0.0,41.62909952369812,33.898671377140346,39.16235213787196,43.39106503611224,45.6883964013892,0.0,38.21979613762886,57.11883592338376,40.487383999298,53.75000000000001,50.0,0.0,46.60555771343499,False,0.0,0.802547770700637,False,False,False,82.48104263379706,False,False,False,False,78.45477501801777,False,False,41.60160014582471,41.41738528758455,44.01147150050977,False,False,False,Reject,Reject,C,weak RS;low breakout volume,weak RS;low breakout volume;fresh TD Sell 9,,27,0,0.0,59.34392325278205,72.02352339364187,40.32452304149234,0.0,0.0,2.773412221503189,1.9811380576912434,0.0,0.0,0.0,0.19811380576912432,0.0,0.0,0.0,0.0,0.0,0.0,28.33648500170372,43.17060625212965,423101.29667320254,192283.7008012136,1.8910010222327274e-05,13.134234330312227,0.05,0.16682425008518606,1.0,0.5,0.0,3.3883904051910965,0.011743784581082382,76.0,-2.660853919697755,-0.7852855195261037
SMTOY,69.21761091021209,71.80336206756834,42.40006538963046,35.0,100.0,47.95294231021939,75.93745427944405,69.8860242145485,47.5,50.0,57.21389071571096,56.77167578359423,71.84909046663017,65.03180843542341,48.75000000000001,30.0,0.0,45.3091720389842,False,0.0,0.929936305732484,True,False,False,70.13107905798496,False,False,False,True,57.079428426486274,False,False,50.06980829798481,51.569177965536255,48.43917500226023,True,False,False,Reject,C,C,stop > 1.5 ATR,,,11,0,1.332745800051378,77.5209809168412,92.33982630383792,55.29271283634609,2.0,0.0339078912839834,0.7540274104352007,27.614486031865447,0.0,0.0,0.494422100869698,0.6917178417361091,0.5753086605807378,0.0,1.0,0.0,0.0,0.9949238578680204,17.5,13.5,4762125.178527832,5304258.112697601,-0.0761162113358062,-0.07726662092178,0.2,0.0,0.0,0.5,29.131439666601217,0.9173712066679756,0.3603208379177886,76.0,-0.6783610052097666,-0.7394618451931486
SNEJF,28.500000000000004,46.80633377145688,21.85540772756089,35.55804710855121,60.0,29.759769797440526,12.54378160877109,42.12157485016368,27.31514534779981,34.97874295412018,0.0,22.83039471073128,11.26583340208454,55.59029678234564,37.97300301419699,30.0,0.0,24.115219431443588,False,0.0,0.8853503184713376,False,False,False,46.707461231589896,False,False,False,False,51.98548583256104,False,False,26.552047198228365,24.601717144286823,24.358468287865207,False,False,False,Reject,Reject,Reject,below MA-long;MA-long declining;weak RS,below MA-long;MA-long declining;weak RS,below MA-long;MA-long declining;weak RS,13,0,0.1052128540886494,25.52265521434469,18.85729141635964,35.52070091132229,1.0,0.0464224946268493,1.8777342630623743,35.748231581955125,1.0,0.0,0.0,0.5748231581955127,1.0,0.0,0.0,0.0,0.0,2.6043165467625897,52.5,68.5,4761238.3684158325,3149147.6066271462,0.17410459603878226,0.12503028389692383,0.2,1.0,1.0,0.5,32.87060001189382,0.8425879997621236,0.12543786813257224,76.0,-0.6616721551396597,-0.7852855195261037
SOBKY,24.06042438173868,40.12264476329077,19.120529499451777,39.832760468640274,0.0,27.007790835064583,29.813556566920763,44.19016302137852,26.00302667463901,46.41141060387747,56.14237542150617,33.32557826606714,25.88404722254917,36.116885322749205,47.86622014820141,45.0,90.52464228934818,33.76550034565579,False,0.0,0.7133757961783439,False,False,False,51.64170954977888,False,False,False,False,49.96693521867107,False,False,30.254668966483592,32.193997403743225,32.97974887469951,False,False,False,Reject,Reject,Reject,MA-long declining;weak RS;low breakout volume,MA-long declining;weak RS,below MA-long;MA-long declining;weak RS,13,0,0.0767477386468549,39.0359986657012,30.37457211594921,52.02813849032917,1.0,0.0743055363312174,0.6153118332311466,17.579521241143393,0.0,0.0,0.5803541319002692,0.17759799221407005,1.0,0.0,0.0,0.0,0.0,0.9992537313432835,32.5,43.5,2117200.842227936,2276632.6752440133,-0.03397901734173475,0.09179838737328216,0.2,0.0,1.0,0.5,54.46092973554508,0.41078140528909834,0.1983966335683943,76.0,-0.32258068926411254,-0.7852855195261037
SOFTN.MX,14.499999999999998,48.59649122807017,53.75000000000001,35.0,0.0,27.9827477473767,26.75,68.24999999999999,60.00000000000001,35.0,100.0,39.20004180155568,20.5,71.5,53.75000000000001,30.0,97.21283783783782,33.990967619908005,False,0.0,1.0,True,False,False,59.6777789407856,True,False,False,False,99.80252493155128,False,True,32.54957993813665,35.393860736225584,34.69241417806679,False,False,False,Reject,Reject,Reject,below MA-long;MA-long declining;weak RS;low breakout volume,MA-long declining;weak RS,below MA-long;MA-long declining;weak RS,33,0,0.0,36.83333333333333,36.83333333333333,,,,,11.574565265127493,0.0,0.0,0.05476728182363044,0.1026892446891187,0.0,0.0,1.0,0.0,0.0,0.0,18.333333333333336,23.166666666666668,199416.77921447754,66472.25973815918,0.0,0.0,0.05,0.16666666666666669,0.33333333333333337,0.5,75.0,-0.0,0.05056768310310139,76.0,0.0,-0.7689915574518158
SOMLF,46.63939633114544,49.33607871546442,53.75000000000001,80.0,69.86506265597653,53.08345516211905,48.64344778760257,69.0,60.00000000000001,35.0,84.22775892550509,46.82085938707079,51.87942592498215,72.01574346913759,53.75000000000001,70.0,73.99046104928458,59.057419033125214,True,0.2928203802517324,0.5859872611464968,True,False,False,89.54967057546467,True,True,False,False,99.9959045999266,True,True,52.3994692038058,51.74434643589677,55.40088273451099,False,False,False,Reject,Reject,Reject,MA-long declining;weak RS;low breakout volume,MA-long declining;weak RS,MA-long declining;weak RS,24,0,0.0,47.52962634672078,47.52962634672078,,,,,10.0,0.0,0.0,0.0,0.0,0.0,0.0,1.0,0.0,0.0,0.0,18.333333333333336,23.166666666666668,200.24999618530273,123.75,0.0,0.0,0.05,0.16666666666666669,0.33333333333333337,0.5,81.20806683231807,-0.12416133664636132,-0.017167867496839975,76.0,0.09750209975339331,-0.7852855195261037
SOMLY,54.21728320544364,59.37742134974392,55.00000000000001,50.0,58.19979459114353,53.32956732203672,63.28979019691607,56.14977146044451,52.5,50.0,85.17796927688272,53.815949455350754,64.80531527078928,54.50926348314938,53.75000000000001,65.0,80.13240420602216,57.64389858623444,True,-0.0040557443203289,0.535031847133758,True,False,False,64.40690317096028,True,True,False,False,75.60410873558101,False,True,54.33834821487048,54.86705776795305,56.25547817709374,False,False,False,Reject,Reject,Reject,weak RS;low breakout volume;fresh TD Sell 13,weak RS;low breakout volume,weak RS,12,0,0.1507177369170651,50.97158568292296,64.56302169649497,30.58443166256496,0.0,0.0407767056812044,0.995923980222497,22.89699893198214,0.0,0.0,0.30817257077378557,0.31486595391135497,0.6666613685130731,0.0,1.0,0.0,0.0,0.7436932391523713,25.327055467764076,23.283819334705093,1024202.8997135162,1079432.5835514069,0.026962332806584437,-0.11834539800147358,0.2,0.3913527733882036,0.0,0.5,54.649658825213706,0.4070068234957257,0.23519197992559546,76.0,-0.3196165648395101,-0.7852855195261037
SON1.F,65.1788198496401,69.47059956445439,43.54917940227711,41.06748083849088,58.57591890178308,50.544187561757205,57.04333190087381,79.36260431587026,47.5,35.0,48.82380268877318,48.11748595433265,73.09624650464197,64.82187250216877,53.75000000000001,30.0,72.53823858520579,46.14875712028996,False,0.0,0.0063291139240506,True,False,False,81.60800965620595,False,False,False,True,66.37019750105353,False,False,48.93709099123639,48.01220762560475,47.08048237294736,False,False,False,Reject,Reject,C,low breakout volume,low breakout volume,,9,0,2.888612812565281,64.19340108656573,82.46117291537236,36.791743343355776,0.0,0.0219177689806841,0.9108355877439216,1.7796162672196185,0.0,0.0,0.0,0.17796162672196184,0.0,0.0,0.0,0.0,0.0,0.3279166666666667,15.992759710935156,16.490949638668944,77942.22580356598,94394.67524238427,0.015956558265610942,-0.49000050194374795,0.05,0.29963798554675786,0.0,0.5,100.0,-3.2912724554677792,0.006518430495696715,76.0,2.5756447142214847,-0.7825680641973518
SON1.VI,65.08007503242757,70.64688710403006,31.789926870098427,41.10502945338872,59.702786377708975,45.60477426433357,57.21505376344086,84.69561422229023,47.5,35.0,63.75287266894154,48.88748212253521,70.35006518904824,70.13365646842634,53.75000000000001,30.0,85.47972017536736,46.67455384786354,False,0.0,0.4810126582278481,True,False,False,80.55997784335864,False,False,False,False,65.85374579665053,False,False,46.80354253850006,47.567062068493385,47.12080795817846,False,False,False,Reject,Reject,C,low breakout volume,low breakout volume,,7,0,2.9691336120025067,64.49431155127832,81.40940905368487,39.121665297668464,0.0,0.043734921670713,0.7568042142230026,3.6769427452911585,0.0,0.0,0.0,0.3676942745291158,0.0,0.0,0.0,0.0,0.0,0.0,45.0,63.99999999999999,571.7150829315185,470.1719005823135,0.14785951582198964,0.1848761187339342,0.05,1.0,1.0,0.5,100.0,-3.5812423134755123,0.0005417293615073117,76.0,2.802565864678177,-0.7825680641973518
SONA.F,28.500000000000004,55.23966226583157,34.130439830411845,32.826099576029605,60.0,34.68170561590791,21.847517730496456,59.152461938059794,25.04670046163195,30.0,74.13151976408436,29.49306249074128,21.77929788332473,53.587558539407866,42.12054084459095,41.15664296653474,0.0,33.253821350530124,False,0.0,0.7468354430379747,True,False,False,49.43218733094594,False,False,False,False,56.5328164067822,False,False,32.83953582528236,31.659018773711253,32.45642006212069,False,False,False,Reject,Reject,Reject,below MA-long;MA-long declining;weak RS,below MA-long;MA-long declining;weak RS,below MA-long;MA-long declining;weak RS,14,0,0.0519834357850348,19.21974484716405,22.321666024578583,14.566863081042264,0.0,0.0891089641794274,2.0628491620111733,5.328331285464721,0.0,0.0,0.0,0.532833128546472,0.0,0.0,0.0,0.0,0.0,0.0,30.0,34.0,422.2000053405762,569.2231386184692,0.3556554571665807,-0.4534703342439635,0.05,1.0,0.0,0.5,77.36761805442703,-0.047352361088540566,-0.05134481173690992,76.0,0.0370564455522332,-0.7825680641973518
SONA.SG,18.500000000000004,44.21846804431903,22.570759470073888,39.69072144676922,60.0,26.73134639289971,14.499999999999998,51.37602566243535,40.0,50.0,92.76247207743856,29.11410811975027,22.622163453335613,53.37785494314437,42.086590751714645,39.23945104357245,80.15058009689042,33.40611811451897,False,0.0,0.6962025316455697,True,False,False,50.04723045225092,True,False,False,False,61.34046713807575,False,True,28.781129255278728,29.925158772810768,31.665638443664868,False,False,False,Reject,Reject,Reject,below MA-long;MA-long declining;weak RS;low breakout volume;fresh TD Sell 9,below MA-long;MA-long declining;weak RS;low breakout volume,below MA-long;MA-long declining;weak RS,12,0,0.074740057686973,24.85837238174276,18.8234227873128,33.91079677338771,0.0,0.0204081434053665,1.6144,22.700363263370576,1.0,0.0,0.0,0.2700363263370574,0.0,0.0,0.0,0.0,0.0,200000000000.0,30.0,34.0,4080.9600744247437,2328.929083188375,0.2254099263369317,-0.15846544574519517,0.05,1.0,0.0,0.5,34.27266160701844,0.8145467678596311,0.25450692593473634,76.0,-0.6374382873221212,-0.7825680641973518
SONY,24.38068639202718,44.71046082039207,25.740567083416256,48.10687538620476,60.0,31.84195390960209,18.65739024025314,44.08657042706442,34.248137582682844,38.25652134059565,0.0,28.43775982618404,24.3365968283668,55.47000495645039,31.27594017757062,45.0,0.0,34.04493612040116,False,0.0,0.9235668789808916,False,False,False,47.22747068974629,False,False,False,False,56.49095640799558,False,False,31.26129212673649,30.800751531132786,32.422843825766975,False,False,False,Reject,Reject,Reject,below MA-long;MA-long declining;weak RS,below MA-long;MA-long declining;weak RS,below MA-long;MA-long declining;weak RS,12,0,0.0899046172398643,21.467350560027047,16.16111079357634,29.426710209703103,0.0,0.0243207849517044,1.7249781729957985,6.119722506313678,0.08570329872431492,0.0,0.0,0.44056565318273794,0.0,0.0,0.0,0.0,0.0,1.085703298724315,77.49999999999999,62.5,142294550.76146126,133731607.76085854,0.14400478982968712,-0.2428415369435547,1.0,1.0,0.0,0.5,7.287528340073912,1.3542494331985218,0.4379469326161429,76.0,-1.0634724697172326,-0.7852855195261037
SONY.BA,20.523611818568163,44.13484407700039,25.352564102564106,47.04502814258915,60.0,29.359262816186988,17.898546640424616,43.34499373284342,33.096324302801534,30.0,0.0,26.38896964342325,24.290474426411084,57.00434077963944,25.02221226181332,62.01331845043205,100.0,35.213596798571885,False,0.0,0.9171974522292994,False,False,False,47.70724538350785,False,False,False,False,56.434318258107325,False,False,29.63904166083485,29.63041642452059,32.42200661154624,False,False,False,Reject,Reject,Reject,below MA-long;MA-long declining;weak RS;low breakout volume;fresh TD Sell 9,below MA-long;MA-long declining;weak RS;low breakout volume,below MA-long;MA-long declining;weak RS,18,0,0.0847603166634392,27.18912337788425,20.34894353723576,37.44939313885699,0.0,0.0158357771260997,3.5728927338911736,0.7924723599332408,0.0,0.0,0.0,0.07924723599332407,0.0,0.0,0.0,0.0,0.0,0.6038622662715848,70.0,57.99999999999999,50820165.75,48743566.24787597,0.1519749605572001,-0.24892659697264874,0.85,1.0,0.0,0.5,9.477532586796311,1.3104493482640738,0.294077023349249,76.0,-0.9841872453067961,-0.7510303596323882
SONYN.MX,18.966053161657257,45.01018604971591,23.437620173166497,50.0,50.685598377281934,28.56216271873508,10.885165801202112,32.1032617273662,34.084809034544016,38.056438474277954,0.0,21.374395036659667,18.816106194690267,62.83981885655017,34.51398219355383,45.0,0.0,32.19719009472173,False,0.0,0.4402985074626865,False,False,False,43.658979014916575,False,False,False,False,54.96785876470539,False,False,27.132837889309787,26.05878709049337,29.127988592607554,False,False,False,Reject,Reject,Reject,below MA-long;MA-long declining;weak RS;low breakout volume,below MA-long;MA-long declining;weak RS;low breakout volume,below MA-long;MA-long declining;weak RS,8,0,0.0416666526502895,23.205713255841022,12.80893879765754,38.800874943116256,1.0,0.0388577173189262,7.1690626797009775,21.776503946902878,1.0,0.0,0.0,0.1776503946902878,0.0,0.0,0.0,0.0,0.0,13.858333333333333,30.0,34.0,82457.71245269776,222371.15630137126,0.31870447454910666,-1.3446390707877844,0.05,1.0,0.0,0.5,41.61607432187568,0.6676785135624864,0.1117228016507948,76.0,-0.5134391400215298,-0.7689915574518158
SPH1.F,37.0,49.41157253098341,36.25,45.650193233576445,63.88372222322789,40.5246336049653,49.0,47.83910812941849,37.49999999999999,35.0,89.48622486969471,40.175992113186695,36.419724770642205,41.05046982155887,26.805356837920847,50.0,71.44674085850556,34.94545898473135,True,0.5957756911227052,0.6265822784810127,False,False,False,65.3549223781583,False,False,False,False,45.39100404373751,True,False,39.30420623338493,38.67656047300581,36.81100972886858,False,False,False,Reject,C,Reject,weak RS,,MA-long declining,14,0,0.0,45.60246741937485,59.06583676859912,25.40741339553845,1.0,0.1035897670648036,3.5294117647058822,22.831572631982404,0.0,0.0,1.0,0.28315726319824,0.0,1.0,0.0,0.0,0.0,0.0,30.0,34.0,0.0,24.176666831970216,0.10349711332169993,-1.2369574545667188,0.05,1.0,0.0,0.5,74.67385758577811,0.006522848284437773,0.02894560628066568,76.0,-0.005104572755005485,-0.7825680641973518
SRP.F,22.96260601387818,47.32831814272157,40.09433274157141,35.0,71.88481994321062,31.692869848564182,14.592521202775636,44.70486553630681,46.25,30.0,71.50711778421538,25.932344171866585,20.5,70.87467891299708,42.29332013596227,30.0,0.0,32.61784034049986,False,0.3112869193300869,0.6582278481012658,True,False,False,45.71908717403368,False,True,False,False,59.639333759343856,False,False,30.14970624394204,29.090098157796085,30.853969249147973,False,False,False,Reject,Reject,Reject,below MA-long;MA-long declining;weak RS;low breakout volume;stop > 1.5 ATR,below MA-long;MA-long declining;weak RS;low breakout volume,below MA-long;MA-long declining;weak RS,10,0,0.0503901081401885,30.52647154662401,20.018960087743388,46.28773873494495,1.0,0.0,12.592,4.460165859408772,0.0,0.0,0.0,0.44601658594087706,0.0,0.0,0.0,0.0,0.0,0.0,30.0,34.0,265.4275014400482,821.1113467375437,1.3541678375127129,-3.3357887502773274,0.05,1.0,0.0,0.5,39.541216375533836,0.7091756724893233,0.21078052589503662,76.0,-0.5549782331958248,-0.7825680641973518
SRPB.F,32.50000000000001,56.19015629767367,46.25,50.0,70.47244050142244,41.79289899363845,20.5,55.339469527159146,46.25,30.0,74.41860056791677,31.167831544235483,20.5,70.0024270992829,36.88047843864896,30.0,0.0,31.8072471479752,False,0.4008985731231658,0.9746835443037974,True,False,False,44.08979999798011,False,True,False,False,59.09244447086868,False,False,36.60824838968491,33.484669715237985,32.64595843160659,False,False,False,Reject,Reject,Reject,below MA-long;MA-long declining;weak RS,below MA-long;MA-long declining;weak RS,below MA-long;MA-long declining;weak RS,17,0,0.0507246758651895,25.350238648313084,18.55994261107801,35.535682704165694,1.0,0.0361445445698767,1100000000.0,3.830738316023463,0.0,0.0,0.0,0.38307383160234626,0.0,0.0,0.0,0.0,0.0,0.0,18.333333333333336,23.166666666666668,0.0,0.0,0.0,0.0,0.05,0.16666666666666669,0.33333333333333337,0.5,66.62253970439164,0.16754920591216715,0.038607113238315165,76.0,-0.13111865772848813,-0.7825680641973518
SRTTY,16.414580265095726,35.870778669665825,21.66095669308284,30.0,0.0,22.77870447977221,13.79896907216495,48.94119604993639,29.903685538175623,30.0,0.0,24.156153394894943,9.537723362011914,35.26775254698917,41.32512412783008,44.99999999999999,0.0,22.39204887523677,False,0.4910377569275722,0.3312101910828025,False,False,False,35.468826319639305,False,False,False,False,43.8453516378691,False,False,23.114608033401947,23.35143225597295,22.871740565604863,False,False,False,Reject,Reject,Reject,below MA-long;MA-long declining;weak RS;low breakout volume,below MA-long;MA-long declining;weak RS;low breakout volume,below MA-long;MA-long declining;weak RS,8,0,0.1525156870799699,7.397976810525073,5.5149805119714665,10.22247125835548,1.0,0.2428034588180979,1.2334455667789002,21.646001276757833,1.0,0.0,0.0,0.1646001276757834,0.0,0.0,0.0,0.0,0.0,2.52,45.0,63.99999999999999,32687.985544204712,24317.905151049297,0.11268539474082674,0.16088878779983268,0.05,1.0,1.0,0.5,100.0,-0.6498585383894702,-0.034891809884738466,76.0,0.5103244999376495,-0.7852855195261037
SSDOF,53.18407378760492,42.15957065635683,30.0,65.0,100.0,41.55853716234755,52.757526458752,49.10633582948712,22.5,44.00001525878903,86.67665792431623,35.87796309206252,49.15479014989365,60.22293647325154,26.09022069849056,25.0,70.17488076311605,34.70812616167004,True,0.6608764003227159,0.5668789808917197,False,False,False,66.66989625631243,False,False,False,False,22.3101176325019,True,False,38.484282741126535,36.663126827001776,35.68562649433591,False,False,False,Reject,Reject,Reject,weak RS;low breakout volume,weak RS,weak RS,24,0,0.3488371415143043,61.99395766243384,76.77152999297004,39.827599166629554,0.0,0.0147782880953441,5000000000.0,10.0,0.0,0.0,0.0,1.0,0.0,0.0,0.0,0.0,0.0,0.0,18.333333333333336,23.166666666666668,186.25,163.58332951863608,0.0,0.0,0.05,0.16666666666666669,0.33333333333333337,0.5,74.24256201653957,0.01514875966920853,0.02605752849946709,76.0,-0.011896101607010507,-0.7852855195261037
SSDOY,31.665875840253065,45.170119096053696,48.00000000000001,30.0,68.49933598937584,35.438076080063546,32.38315539739028,48.14157389755164,30.0,30.0,77.98426376920195,33.668257944618006,29.501992031872508,48.14385617886674,26.97328450499836,34.700556053901096,0.0,32.55973411243128,True,0.6167838144976908,0.3821656050955414,False,False,False,43.84747285959239,False,False,False,False,29.129012549739656,False,False,34.33146224590343,33.689664422051095,33.12469926724118,False,False,False,Reject,Reject,Reject,below MA-long;weak RS,below MA-long;weak RS,below MA-long;weak RS,12,0,0.5110478379495906,32.36956179459284,46.75286924785553,10.794600614698806,0.0,0.2942497809248173,0.7894606413994169,21.972783279101137,0.2922535211267605,0.0,1.0,0.11278718037001086,0.49998410528658166,0.0,0.0,0.0,0.0,1.2922535211267605,43.50535952251434,57.25669940314292,1188803.1081438065,840760.2407630285,0.04603215713508602,0.76849617079007,0.2,0.5502679761257169,1.0,0.5,30.640084884719883,0.8871983023056024,0.2260702577904142,76.0,-0.6967039797487321,-0.7852855195261037
SSMXF,32.50000000000001,42.62747009764652,60.00000000000001,35.0,98.74400745143646,38.1699303304983,22.13636363636364,36.50900144563073,37.59027348835664,50.57164458190873,83.0707904534502,31.24948392074037,11.26923076923077,35.03076052584193,15.532229077852405,40.0,0.0,19.60515384695173,False,0.4457819810798449,0.5286624203821656,True,False,False,40.35030271489982,False,True,False,True,87.40390373202654,False,False,32.38084111086161,29.14027418055537,24.372714013753548,False,False,False,Reject,Reject,Reject,below MA-long;MA-long declining;weak RS;stop > 1.5 ATR,below MA-long;MA-long declining;weak RS;low breakout volume,below MA-long;MA-long declining;weak RS,21,0,0.0872093173647226,29.53418488563413,9.783689711472462,59.15992764687662,0.0,0.0400387878246201,0.1,10.0,0.0,0.0,0.0,0.0,0.0,0.0,1.0,0.0,0.0,0.0,18.333333333333336,23.166666666666668,88.50000381469727,154.89999612172446,0.0,0.0,0.05,0.16666666666666669,0.33333333333333337,0.5,66.66429056819453,0.16671418863610946,-0.06370856729186875,76.0,-0.13091823823548007,-0.7852855195261037
SSMXY,21.0035833731486,40.814050551521454,31.25,50.0,93.55987813452074,30.434935819884267,18.94338270425227,43.17817780727095,36.77439757344852,35.550355241202844,0.0,28.37444221574244,10.646916367469942,34.03906440255107,14.872880335847436,50.0,0.0,19.817434630518136,False,0.4298709130946201,0.8343949044585988,False,False,False,41.28268121834548,False,False,False,False,54.69581466252202,False,False,27.69328750076849,26.219438661003515,23.018436645760826,False,False,False,Reject,Reject,Reject,below MA-long;MA-long declining;weak RS;low breakout volume;stop > 1.5 ATR,below MA-long;MA-long declining;weak RS,below MA-long;MA-long declining;weak RS,12,0,0.1232393404514147,24.903753957927123,7.525219626801699,50.97155545461525,1.0,0.0,0.9684508836752151,2.2781141545444683,0.0,0.0,0.0,0.22781141545444683,0.0,0.0,0.0,0.0,0.0,0.502127659574468,28.525082659239338,31.158962674962286,1702242.0606899261,1937391.0722525914,0.015129621148131066,0.0006805832048699632,0.2,0.2927468429010922,0.34467638674783274,0.5,40.97224229338284,0.6805551541323431,0.25247833317953905,76.0,-0.5344301077789847,-0.7852855195261037
SSUMF,61.8693182406028,59.68852412668837,31.25,35.0,60.417311147566586,41.78814262440677,59.52003776660752,60.6779902980394,53.6023317076688,50.0,44.09291869614088,54.287322643275424,74.20766434413815,60.06072554818981,53.75000000000001,45.0,80.1099757812038,53.83352924530975,False,0.0,0.286624203821656,False,False,False,61.1404928424578,False,False,False,True,55.01612655951594,False,True,47.94697395424796,51.65134862011199,52.74243893271087,False,False,False,Reject,Reject,C,low breakout volume,low breakout volume,,13,0,0.4287603709323346,54.82507227090007,84.80210800564409,9.859518668784029,0.0,0.1496126032196559,5.306306306306307,2.490932011118871,0.0,0.0,0.0,0.249093201111887,0.0,0.0,0.0,0.0,0.0,0.0,45.0,63.99999999999999,400400.45429229736,177403.66813659668,0.9984551807051948,0.7304406933907136,0.05,1.0,1.0,0.5,67.36819952883414,0.1526360094233172,0.0851100273508269,76.0,-0.1128685051710849,-0.7394618451931486
SSUMY,68.72834556042848,64.94833217694945,31.25,35.0,50.736348722756034,43.50524680629715,69.90126141303674,63.22838131856172,51.194481469755424,50.0,60.0,56.02797131226468,73.74452208626765,61.939406230697024,53.75000000000001,45.0,77.48293761005344,54.14427815578093,False,0.0,0.8662420382165605,False,False,False,62.869856840459086,False,False,False,False,57.091387356029145,False,True,49.38987042798416,52.95831846412605,53.551298309953495,True,False,False,Reject,C,C,low breakout volume,,,10,0,0.4311987106448842,56.75098832719779,79.64286748082077,22.41316959676332,1.0,0.1244353445247306,1.125841552990556,5.300342146570824,0.0,0.0,0.0,0.5300342146570823,0.0,0.0,0.0,0.0,0.0,0.0040045248868778,51.623951573547565,67.40493946693447,4910189.402442932,4022684.265599569,0.0947437094412854,0.0642039443921915,0.2,0.9561975786773786,1.0,0.5,37.10301087470134,0.7579397825059732,0.3724603216515911,76.0,-0.5669960581342751,-0.7480753368818013
STBFF,34.04918032786885,21.25,41.25,65.0,100.0,31.64734347733,26.049180327868854,26.083333333333336,30.0,65.0,100.0,31.39824402151132,46.04918032786885,19.0,20.851404041112502,30.0,52.78855325914149,24.651211164410466,False,0.0,0.8662420382165605,True,False,False,84.09934784609845,False,True,False,False,48.5073409168439,False,False,30.17338717800048,29.4239540555448,27.03758260997763,False,False,False,Reject,Reject,C,weak RS;low breakout volume,weak RS;low breakout volume,,30,0,0.0,63.78348131746796,65.52148847028974,61.1764705882353,0.0,0.0252100840336134,0.0,0.0,0.0,0.0,0.0,0.0,0.0,0.0,0.0,0.0,0.0,0.0,18.333333333333336,23.166666666666668,0.0,0.0,0.0,0.0,0.05,0.16666666666666669,0.33333333333333337,0.5,0.0,3.4913524651964005,0.0037561340931917594,76.0,-2.7417085344804986,-0.7852855195261037
STBFY,18.416715651393744,28.839318885649806,30.0,30.0,0.0,23.8946760476894,19.741468923057884,39.58318314069565,30.0,30.0,0.0,26.47664576097332,20.02800599036058,38.36950020594024,28.53685257821668,44.99999999999999,0.0,28.40013204723073,False,0.1458174493948214,0.9808917197452228,False,False,False,33.329124684009614,False,False,False,False,32.19822621220408,False,False,25.57035816158284,26.537297704193755,27.468714875712244,False,False,False,Reject,Reject,Reject,below MA-long;MA-long declining;weak RS;low breakout volume,below MA-long;MA-long declining;weak RS,below MA-long;MA-long declining;weak RS,10,0,0.0634573218919312,6.263101406853467,3.0483914506266183,11.08516634119374,0.0,0.1283244887015274,1.0988697458846093,11.37708181224409,0.0,0.0,0.6152733882323469,0.32245005172291713,0.1999847412691449,0.0,0.0,0.0,0.0,0.5616113744075829,33.52120168945568,33.52650211181959,2006038.0932188034,1910205.0354703267,0.07612721013673401,-0.020514136488726867,0.2,0.8010600844727835,0.0,0.5,54.39090643050402,0.4121818713899198,0.1819701750879726,76.0,-0.3236804550136749,-0.7852855195261037
STMNF,57.00000000000001,44.409301209995206,36.25,33.99536562438208,0.0,39.9170126438134,62.530826933906994,57.9698432867452,30.0,30.0,60.0,39.74586992746376,66.91961946409926,61.541974886858696,34.99087618557682,35.0,0.0,44.62015307151309,False,0.0,0.929936305732484,False,False,False,59.49765456478062,False,False,False,False,37.43469221002909,False,False,40.80629791444844,41.24238341394849,42.93126824273079,False,False,False,C,C,C,,,,28,0,2.121205297717605,43.28927651670794,70.36811413313015,2.671020092074643,0.0,0.1634970282067793,3.625,4.536248012565894,0.0,0.0,0.0,0.4536248012565893,0.0,0.0,0.0,0.0,0.0,0.0,18.333333333333336,23.166666666666668,24498.67036819458,9219.923470815023,0.0,0.0,0.05,0.16666666666666669,0.33333333333333337,0.5,60.71223086584173,0.2857553826831654,0.02954897521575391,76.0,-0.22439956414773013,-0.7852855195261037
SUK.F,45.50000000000001,61.31841554816738,55.00000000000001,50.0,70.0,50.6918957762956,49.5,72.90938575110106,47.5,55.43268164688171,88.3422857140963,53.95677049871029,24.25663832504739,44.643483015018255,32.519144177284645,25.0,44.39427662957075,29.06140830784817,False,0.0,0.7784810126582279,True,False,True,79.02776889416177,False,False,False,True,74.34240105048133,False,False,47.34526069933052,45.83518689696871,37.448297602408445,False,False,False,Reject,Reject,Reject,weak RS;stop > 1.5 ATR,weak RS,MA-long declining;weak RS,14,0,0.0,60.46925248286754,63.221839509050895,56.34037194359252,1.0,0.0645312746785133,0.1948937828883258,14.839907305530831,0.0,0.0,0.0,0.48399073055308284,0.0,1.0,0.0,0.0,0.0,0.0,10.0,9.0,0.0,208.85662492116293,-0.35631489025055796,-0.7479458739133515,0.05,0.0,0.0,0.5,0.0,3.0345903923679143,0.022829664315898772,76.0,-2.3747735289872405,-0.7825680641973518
SUMA.F,43.92743974380584,37.58385669361376,48.7492437909524,34.279291680850825,90.16526215410994,38.44387192798986,57.64915108532131,35.84457536865367,33.81409653476198,30.0,74.2963514519732,35.71303126307917,40.22692882495797,59.43711517642877,53.75000000000001,50.0,77.8060413354531,47.48923792341033,True,0.8022413531725072,0.3037974683544304,False,False,False,74.28893913457493,False,False,False,False,68.12268629558095,True,False,39.433692927600745,39.792061394160655,43.64064965878549,False,False,False,Reject,Reject,Reject,weak RS,low breakout volume,MA-long declining,10,0,0.0,63.03901939433073,71.04781930431747,51.02581952935061,1.0,0.1342168601162462,0.5028097062579822,11.794189867331664,0.0,0.0,0.0,0.17941898673316622,1.0,0.0,0.0,0.0,0.0,0.013888888888888888,18.333333333333336,23.166666666666668,9026.411194992066,5182.078609689077,0.0,0.0,0.05,0.16666666666666669,0.33333333333333337,0.5,0.0,2.1698784267090754,0.03884365924193261,76.0,-1.6980775599333162,-0.7825680641973518
SUMB.F,79.4129423999945,78.66313623951177,42.39197693661856,30.0,60.0,47.3300412736204,78.59091136781757,64.7473185682051,48.67318152399094,35.0,57.62323157110946,49.02854562076622,66.28740157480316,63.85332589680933,53.75000000000001,50.0,68.03038572741988,56.004265846672375,False,0.0,0.7658227848101266,False,False,False,67.47683691928128,False,False,False,False,59.65979775222226,False,True,49.57443749237454,50.7815608191089,53.39291333289064,False,False,False,C,C,C,,,,11,0,0.5078124179271994,55.92195662754881,79.50109723058276,20.55324572299789,1.0,0.1219512195121951,15000000000.0,31.24759429740426,1.0,0.0,0.0,0.1247594297404254,0.0,1.0,0.0,0.0,0.0,150000000000.0,18.333333333333336,23.166666666666668,541.5000057220459,345.9199998537699,0.0,0.0,0.05,0.1666666666666666,0.3333333333333333,0.5,100.0,-0.8556251639820834,-0.0667768430914557,76.0,0.6339821708879032,-0.7409578371180053
SURDF,14.499999999999998,32.6859265214661,30.0,30.0,0.0,22.316059978793987,8.807692307692308,33.63973018084523,30.0,30.0,0.0,18.64060964224973,9.98993288590604,37.43091391687685,26.536133346454093,30.0,0.0,19.631322920628048,False,0.0,0.643312101910828,False,False,False,30.845360599104765,False,False,False,False,4.534848428241403,False,False,20.676477466197525,19.67291369307208,19.652118306850063,False,False,False,Reject,Reject,Reject,below MA-long;MA-long declining;weak RS;low breakout volume,below MA-long;MA-long declining;weak RS;low breakout volume,below MA-long;MA-long declining;weak RS,17,0,0.3639703797445686,25.84074306245565,18.204944204944205,37.29444134872282,2.0,0.2859731163018468,2.055555555555556,0.5402960683028372,0.0,0.0,0.0,0.05402960683028372,0.0,0.0,0.0,0.0,0.0,0.0,30.0,34.0,2381.7250061035156,2751.5850098927817,0.26487186291135223,-1.1297418622740627,0.05,1.0,0.0,0.5,100.0,-0.6497235308272552,-0.013743216987389584,76.0,0.5102184804540156,-0.7852855195261037
SUTNY,61.48821541875873,63.44405825313234,36.64634348957754,34.75609529167316,59.47316615889384,44.39539144714607,49.88189077579532,65.13464672870113,47.6758792073386,30.0,77.18098001708292,42.01166590802957,68.18224794158328,58.52991648518101,53.75000000000001,46.42216695134079,79.3761269011421,53.416573024706025,False,0.0,0.7961783439490446,True,False,False,60.70199007403822,False,False,False,False,55.91271382955726,False,True,45.4845101009231,45.909883150855805,49.66322808778092,False,False,False,Reject,C,C,weak RS,,,13,0,0.3054004428813894,71.06867774356014,80.95454381927544,56.2398786299872,0.0,0.0013717081065849,0.6164813629819229,46.24772375499426,1.0,0.0,1.0,0.3747664150292642,0.2500059604701619,0.0,1.0,0.0,0.0,5.581129378127233,37.19993474306768,49.3749184288346,1786407.3553013802,1374664.3994371097,0.008199608458406064,0.236373431329225,0.2,0.23499673715338387,1.0,0.5,57.18687728195611,0.3562624543608778,0.36081169471953034,76.0,-0.2797677465604267,-0.7852855195261037
SVNDF,14.499999999999998,39.72382188341115,30.0,50.0,0.0,25.993231281110543,14.579999999999998,25.21966354044497,30.0,35.697673644937126,0.0,21.757748778474344,14.718102508178845,29.77115898199032,29.03138814763569,56.57848223351179,0.0,24.829806405301767,False,0.2171603421394757,0.2165605095541401,False,False,False,38.61526609996869,False,False,False,False,41.00817479410956,False,False,24.489901555157928,23.52646256704981,24.17813448617579,False,False,False,Reject,Reject,Reject,below MA-long;MA-long declining;weak RS;low breakout volume,below MA-long;MA-long declining;weak RS;low breakout volume,below MA-long;MA-long declining;weak RS,12,0,0.1565836534449278,25.87491019063636,4.1514066817914745,58.46016545390368,2.0,0.1428571428571428,0.1463414634146341,2.172102630299544,0.0,0.0,0.0,0.2172102630299544,0.0,0.0,0.0,0.0,0.0,0.0,29.63784616936504,33.547307711706296,12764.750242233276,9934.400083223978,0.09782707701619023,-2.49382838296245,0.05,0.9818923084682519,0.0,0.5,78.70504431673095,-0.0741008863346189,-0.0068010815966126036,76.0,0.058190353022625964,-0.7852855195261037
SVNDY,17.519428635509826,26.306018681687497,22.5,30.0,0.0,21.91722430490429,19.79058846617511,49.715395238848245,30.0,30.0,0.0,27.9595716696478,20.038994084368785,47.29023829260341,27.3979383824512,44.99999999999999,0.0,29.6624622733435,False,0.2341621028062445,0.8980891719745223,False,False,False,36.249985639351934,False,False,False,False,38.55039292929507,False,False,25.278976108015183,27.261969377807805,28.46221582557565,False,False,False,Reject,Reject,Reject,below MA-long;MA-long declining;weak RS;low breakout volume,below MA-long;MA-long declining;weak RS,below MA-long;MA-long declining;weak RS,13,0,0.1352226740656348,9.18099945230056,0.2041833156635856,22.64622365725602,1.0,0.1682176332534554,1.6733060945794145,20.0,0.0,0.0,1.0,1.0,0.0,0.0,0.0,0.0,0.0,0.6337638376383764,37.50000000000001,38.5,4608478.23870182,3699836.153821945,0.13908860264924947,-0.22282664431259017,0.2,1.0,0.0,0.5,59.19903185277566,0.3160193629444867,0.09019460406435109,76.0,-0.24816542961016955,-0.7852855195261037
SZKMF,24.5,41.64959872792352,71.25,30.35086181208495,0.0,33.61470565897505,24.5,33.69483426415349,36.25,36.55149005985264,0.0,29.905187004762297,15.617679931762698,34.2511049690555,25.982145211917167,46.4537133227918,0.0,24.80376035236821,False,0.2150509787146273,0.9681528662420382,False,False,False,41.7241084551235,False,False,False,False,49.30629108496135,False,False,30.73966100138985,29.116662739886625,26.96021154612742,False,False,False,Reject,Reject,Reject,below MA-long;MA-long declining;weak RS;stop > 1.5 ATR,below MA-long;MA-long declining;weak RS,below MA-long;MA-long declining;weak RS,14,0,0.1224490427825564,24.89771038740534,5.536222216606767,53.93994264360319,2.0,0.1135167360498947,0.0635073930997735,23.114495622073434,0.0,0.0,1.0,0.3114495622073432,0.0,0.0,1.0,0.0,0.0,0.0,25.0,39.0,77455.59745788574,567660.2534675598,-0.1452568895112406,0.6642439116276235,0.05,0.0,1.0,0.5,60.84924803900299,0.28301503921994015,0.08345275769661425,76.0,-0.2222476121075313,-0.7852855195261037
SZKMY,17.785666777519122,39.64691003210788,36.25,32.97656804353267,32.79504690921755,26.64118123282456,20.8145992683738,31.09708400485433,36.25,38.29006582446558,0.0,27.630848654483977,17.484965255843335,49.012218652456674,27.608588800272305,54.62923478279015,0.0,29.535106366019647,False,0.0,0.9426751592356688,False,False,False,36.62758113048697,False,False,False,True,45.78646110591304,False,False,27.5168664859614,28.00419248361279,28.76964942481622,False,False,False,Reject,Reject,Reject,below MA-long;MA-long declining;weak RS;low breakout volume,below MA-long;MA-long declining;weak RS,below MA-long;MA-long declining;weak RS,9,0,0.097467705379995,25.4305748038348,5.969431136094769,54.62229030544484,2.0,0.1151284362492211,0.3182338278357252,29.013709981406116,0.35828025477707004,0.0,1.0,0.3735003264266434,0.8113101621598278,0.0,0.0,0.0,0.0,1.35828025477707,32.5,43.5,3124984.1189193726,5383397.866032918,-0.10238832048495801,0.19849434088866122,0.2,0.0,1.0,0.5,11.718931838675406,1.2656213632264919,0.4267323951166428,76.0,-0.9938741297446513,-0.7852855195261037
TAH.F,38.598202354056745,50.48761649615128,36.25,56.964781772870566,0.0,42.75060833092376,40.11927354205924,52.66836403606236,42.77877269401576,40.75274895977817,76.51498977460655,43.02325390713418,50.634056756690136,55.31983440929339,32.974934836689265,48.623858810564826,0.0,42.96156154101885,False,0.0,0.4050632911392405,True,False,False,62.8142092960037,False,False,False,False,49.85650106249613,False,False,42.87459264580591,42.9502170820575,42.95588931153818,False,False,False,Reject,Reject,Reject,weak RS;low breakout volume,weak RS;low breakout volume,weak RS,10,0,0.1905274128904244,82.55506347242967,81.83405269889721,83.63657963272836,2.0,0.0159292305465293,0.5,20.93271562155168,0.0,0.0,1.0,0.09327156215516774,0.0,0.0,1.0,0.0,0.0,0.0,30.17833870390448,45.472923379880605,227.79499702453614,388.4266653696696,0.011070032223426876,0.1732335510503691,0.05,0.258916935195224,1.0,0.5,79.57587639659194,-0.0915175279318388,-0.0576626176176661,76.0,0.06745519573326998,-0.7370740584635309
TAK,35.225382420212554,39.66671814872107,51.0676954759083,38.663924131543055,0.0,38.73818149698049,33.953271472833045,39.46310744357605,42.0,30.0,0.0,34.15393893201463,46.23316147853531,41.52117646111615,27.75365539947841,45.0,58.13036565977742,36.43115552615577,False,0.0,0.8535031847133758,False,False,False,45.41738226861836,False,False,False,False,34.39665993236021,False,False,36.90150353332579,35.75395242325015,36.09255397470296,False,False,False,Reject,Reject,Reject,below MA-long;weak RS,below MA-long;weak RS,weak RS,10,0,0.3950893292710402,38.46816529621592,49.21774393095741,22.34379734410369,1.0,0.1798082001966083,1.143155082247475,15.852930310458923,0.33117710148813506,0.0,0.7918789096855016,0.1310599183841205,0.0,0.0,0.0,0.0,0.0,1.331177101488135,68.46703313924792,67.33379142405988,50734125.88469982,52678967.41980711,0.000802198835487492,0.06834626471621759,0.85,0.17335165696239577,1.0,0.5,62.98766724533,0.24024665509339982,0.2187686715453275,76.0,-0.18866221935942915,-0.7852855195261037
TAKN.MX,49.17707186645788,58.77185310144469,41.25,80.0,100.0,51.97058914088206,46.09626874163288,58.16442139232705,47.5,80.0,100.0,53.779445610362,51.39788596179176,51.38431546283078,53.75000000000001,50.0,80.77501116707371,51.04970552615698,False,0.0,0.9044585987261148,True,False,False,96.76779712419538,False,True,False,False,73.44563685165616,False,True,52.32906935878103,52.598752291204505,51.824228908680745,False,False,False,Reject,Reject,Reject,low breakout volume,weak RS;low breakout volume,weak RS,35,0,0.2185833684781317,62.41474185886902,66.64960283226966,56.06245039876805,0.0,0.0,0.0,0.0,0.0,0.0,0.0,0.0,0.0,0.0,0.0,0.0,0.0,0.0,15.000000000000002,19.0,0.0,273.0,-0.0900545670714526,0.0,0.05,0.0,0.33333333333333337,0.5,63.07601925109453,0.23847961497810943,0.04107741513359633,76.0,-0.18338881054252576,-0.7689915574518158
TAKP34.SA,27.82056577282402,41.46071976112633,30.0,65.0,0.0,35.89690354241651,27.82056577282402,36.34751481407322,42.0,30.0,0.0,31.694838162174044,28.06849965712154,35.85122087674046,30.0,44.99999999999999,0.0,32.53244824496059,False,0.0,0.1656050955414012,False,False,False,38.52804163371926,False,False,False,False,5.3130799616273805,False,False,33.96339286885259,32.7865342630585,32.65949125400955,False,False,False,Reject,Reject,Reject,below MA-long;weak RS;low breakout volume,below MA-long;weak RS;low breakout volume,below MA-long;weak RS,13,0,0.3563074863705948,24.18713891206701,30.530592134365715,14.671959078618954,0.0,0.1991605744925892,5.0,0.642333394068007,0.0,0.0,0.0,0.0642333394068007,0.0,0.0,0.0,0.0,0.0,0.0,13.332515552616305,13.16564444077038,15.724000167846679,19.600436528523762,-4.90668430216905e-06,-0.8419402504802628,0.05,0.16662577763081526,0.0,0.5,71.32911891540257,0.07341762169194842,0.002336761207559378,76.0,-0.05576874914029459,-0.7596098573486023
TDK.F,47.11909989023052,39.726121022345694,55.00000000000001,50.0,65.85097008580041,44.72246857492289,45.86174126302882,45.97016180303711,55.00000000000001,50.0,52.00744601638123,47.80079329988183,52.99988504161494,61.92133076840656,60.00000000000001,60.0,0.0,57.00423355505397,False,0.0,0.3037974683544304,False,False,True,89.72865212138768,False,False,False,True,82.03339629463784,False,False,48.10231898843679,49.94616043144168,53.47519699324783,False,False,False,Reject,Reject,Reject,weak RS;low breakout volume;stop > 1.5 ATR;fresh TD Sell 13,weak RS;low breakout volume;fresh TD Sell 9,weak RS,9,0,0.0,57.31208124442574,79.75533575719962,23.647199475264927,0.0,0.0705595817586421,2.6227495908346974,27.1514921074938,1.0,0.0,0.0,0.7151492107493803,0.0,0.0,0.0,0.0,0.0,3.8733333333333335,30.0,34.0,13829.532090997696,9857.080702718098,1.9796550802895618,-4.400628514514831,0.05,1.0,0.0,0.5,0.0,4.268570451028465,0.024060596401383704,76.0,-3.3404469147513627,-0.7825680641973518
TKD.F,42.75,41.512916751775954,22.5,30.0,0.0,30.628325148782267,21.8,32.15113856228605,28.89074732391971,35.0,64.24904085622393,26.959252372018955,18.850134408602152,35.8949390925099,33.11976003711807,50.0,63.81558028616852,28.521375041678088,True,0.4895710485800404,0.1075949367088607,False,False,False,67.10442040365982,False,False,False,False,70.54090256101252,True,False,29.10621329433244,28.16170372826936,28.34153938497372,False,False,False,Reject,Reject,Reject,MA-long declining,weak RS;low breakout volume,MA-long declining;weak RS,11,0,0.0,51.233923571337215,69.88807881201187,23.25269071032524,1.0,0.1805337498000577,2.2537735849056606,51.92353989862957,1.0,0.0,1.0,0.1923539898629559,1.0,1.0,0.0,0.0,0.0,40000000000.0,45.0,63.99999999999999,13086.83021774292,5364.595067977905,0.511176379068534,1.2764545321114928,0.05,1.0,1.0,0.5,0.0,2.798327204523124,0.049909150905927006,76.0,-2.1898815034344477,-0.7825680641973518
TKD.VI,32.75,25.73339740757976,30.0,30.26123894476553,0.0,28.26453602549416,31.500000000000007,31.52845211711628,29.02547765265342,35.0,98.53688171460271,30.98477946677155,16.75,35.440419072401575,33.15744797489076,50.0,89.25278219395867,27.146273125711964,True,0.4878073476216892,0.8860759493670886,False,False,False,67.19355626807666,False,False,False,False,73.10870666302938,True,False,28.85695647792094,29.2891788761982,28.21772600095508,False,False,False,Reject,Reject,Reject,MA-long declining;low breakout volume,weak RS;low breakout volume,MA-long declining;weak RS,10,0,0.0,64.72266649380035,74.10999787992269,50.64166941461682,1.0,0.177549723618302,0.0,21.91499240482054,0.0,0.0,0.7670945452370503,0.42440469524500357,1.0,0.0,0.0,0.0,0.0,0.0,15.000000000000002,19.0,0.0,22.41016699473063,-0.12007504690431517,0.0,0.05,0.0,0.33333333333333337,0.5,0.0,2.79417396031908,0.045654478539941416,76.0,-2.1866313071575503,-0.7825680641973518
TKDA.F,38.42857092084776,52.86517463979219,30.0,56.30434241772605,0.0,39.99361425741556,30.968535396869072,44.40320276205715,30.0,44.99999999999999,0.0,35.34995482675363,44.35288946978053,47.84659024428022,28.475529641794388,60.0,56.60413354531002,39.891103117933625,False,0.0,0.8354430379746836,False,False,False,46.482477819944016,False,False,False,False,36.91903291999736,False,False,38.58001420032059,37.641031200240015,38.76606715908682,False,False,False,Reject,Reject,Reject,weak RS,below MA-long;weak RS;low breakout volume,weak RS,12,0,0.424778770771216,36.63633526840584,45.55185805278936,23.26305109183055,1.0,0.2049689510897772,300.6,21.75598858396336,0.0,0.0,1.0,0.17559885839633602,0.0,1.0,0.0,0.0,0.0,0.0,25.0,39.0,872.8850077629089,662.3483390331269,-0.03951294491871499,0.4645183779049781,0.05,0.0,1.0,0.5,69.79499269178456,0.10410014616430906,0.08723507308086237,76.0,-0.0814654498664647,-0.7825680641973518
TKOMF,60.31061154801629,68.15080956687,50.99608687841531,50.02422219026326,60.0,55.42204818588981,67.99853996337309,65.52344450561635,53.75000000000001,33.524043404621885,78.0118131675513,47.68916494195546,65.28200914071603,64.2942186067199,42.50000000000001,65.0,47.44674085850557,54.45173459348008,False,0.0,0.5923566878980892,True,False,True,61.42230353568229,False,False,False,False,53.7757033568034,False,False,52.90812049422756,51.26451248619972,52.8581235398399,False,False,False,C,Reject,Reject,,low breakout volume,weak RS;fresh TD Sell 13,13,0,0.3488571166992187,58.65339062529486,72.40950018891056,38.01922627987132,1.0,0.1360451835958517,0.5832602979842244,30.804452386742497,1.0,0.0,0.0,0.623923454474144,0.4565217842001057,0.0,0.0,0.0,0.0,2.4615384615384617,10.0,9.0,292947.34395980835,405662.8664271037,-0.1395911976842369,-0.029091094845397,0.05,0.0,0.0,0.5,85.74349341575913,-0.2148698683151827,0.0936134923380217,76.0,0.1588880693007539,-0.7394618451931486
TKOMY,41.94340766833374,64.769855744222,36.25,46.54500092644792,50.17389266463557,44.21807964854053,57.52440233147,67.457578114683,49.42249486719167,36.27211311145786,58.84001498688647,47.3947114838478,58.58297957132452,58.24873349306765,33.008922559375314,65.0,48.972972972972975,47.363857276474754,False,0.0,0.8089171974522293,False,False,False,61.74302561594933,False,False,False,False,50.70557593664717,False,False,45.80022472471956,46.750128854574434,47.056993065524594,False,False,False,Reject,Reject,Reject,weak RS;low breakout volume,weak RS,weak RS,12,0,0.3158491421906486,46.81156735838434,66.48683976833922,17.298658743452002,0.0,0.1293532338308457,0.7702456880915477,22.108823169369117,0.0,0.0,1.0,0.30179298415844014,0.9090893327784713,0.0,0.0,0.0,0.0,0.6467005076142132,44.44240115225074,51.92800144031342,5736479.757442474,5692379.971555074,-0.008345593086495592,0.14661785999295135,0.4,0.09712005761253674,1.0,0.5,36.10180071680695,0.777963985663861,0.3243042925512263,76.0,-0.6109238526546434,-0.7852855195261037
TKPHF,27.0,43.78374514130271,48.75,50.0,0.0,36.7860187732182,27.50228310502284,38.73905129489673,51.25000000000001,30.0,0.0,32.9453993969434,44.92548261443083,44.23340679628996,25.688431739815808,65.0,38.28934817170111,38.405386261302766,False,0.0,0.4522292993630573,False,False,False,49.39681971571152,False,False,False,False,45.672639698734486,False,False,35.957706457952675,35.35151933150617,36.87845279640448,False,False,False,Reject,Reject,Reject,weak RS;low breakout volume;stop > 1.5 ATR,weak RS;low breakout volume,weak RS;fresh TD Sell 9,11,0,0.3638426870242224,54.65074906204355,57.25725213843609,50.740994447454746,1.0,0.194554643443299,0.1064356435643564,67.16159448879256,1.0,1.0,1.0,0.716159448879257,0.0,0.0,0.0,1.0,1.0,114600000000000.0,30.0,34.0,336406.8892669678,184977.08138783774,2.47956070671466,-42.509196809130536,0.05,1.0,0.0,0.5,67.67918575456756,0.14641628490864908,0.026074721339956027,76.0,-0.1149785883615705,-0.7852855195261037
TKY.F,46.9325646976137,33.6077694235589,44.7766741402252,34.872168088562546,89.37311586921233,37.4179315560424,44.08955519973695,30.01028089289905,28.71459025376705,35.0,0.0,32.43760047360512,61.97123519458545,56.146224005295466,53.75000000000001,45.0,0.0,51.285099179474585,False,0.0,0.0949367088607595,False,False,False,82.14538597647476,False,False,False,True,69.53670413138909,False,False,38.69726575599765,39.08791630185342,45.186507740664,False,False,False,Reject,Reject,C,weak RS;low breakout volume;stop > 1.5 ATR,weak RS;low breakout volume;fresh TD Sell 9,,11,0,0.0,63.325447844482376,76.15369000766714,44.08308459970524,0.0,0.0,3.7101604278074864,73.6700798664414,1.0,1.0,1.0,0.3670079866441398,0.0,0.0,1.0,1.0,1.0,2.689655172413793,30.0,34.0,60709.48756561279,29518.17632497152,1.440336708315298,-0.22378156524420978,0.05,1.0,0.0,0.5,0.0,4.438276366046525,0.05787243563488781,76.0,-3.473253344149886,-0.7825680641973518
TM,18.977831619944748,38.0151668820958,26.13339293965662,43.27318723588458,0.0,27.12919598087704,18.73440967347493,39.66400314976521,30.0,30.0,0.0,25.9196466956978,32.226274577917366,32.98025209595722,25.0,34.22120871348894,0.0,29.417377862926248,False,0.0,0.7515923566878981,False,False,False,39.31360829689263,False,False,False,False,43.55722250617879,False,False,27.22396757173311,27.21087590290218,28.314126882914216,False,False,False,Reject,Reject,Reject,below MA-long;MA-long declining;weak RS,below MA-long;MA-long declining;weak RS,below MA-long;weak RS;fresh TD Sell 9,9,0,0.3086059998131576,16.29426659367164,11.789496662298363,23.05142149073156,1.0,0.1870254609654721,1.8173597405767288,7.322906797222631,0.21983732489832808,0.0,0.0,0.20272627046600836,0.08988975945959843,0.0,0.0,0.0,0.0,1.219837324898328,71.41567455130028,54.89459318912535,100662380.81764221,85345700.01609802,0.06349404730780171,-0.10458188815356526,1.0,0.6957837275650143,0.0,0.5,8.972863071605609,1.3205427385678878,0.4612724712757299,76.0,-1.0370030905127077,-0.7852855195261037
TM.BA,17.457164601000215,34.87960924695858,27.817357512953368,36.97277095568605,0.0,25.152897478678444,17.82152952505203,32.70282961015903,30.0,30.0,63.83485597043907,24.266167656980123,29.187158727170026,37.09659392061191,27.888288759608216,30.0,98.15580286168522,30.27237613655877,True,0.2699612992022247,0.5987261146496815,False,False,False,40.81600546299905,False,False,False,False,44.006121286855176,True,False,25.91077426374501,26.245376165193385,28.25887615087608,False,False,False,Reject,Reject,Reject,below MA-long;MA-long declining;weak RS;low breakout volume,below MA-long;MA-long declining;weak RS;low breakout volume,below MA-long;weak RS,10,0,0.2428571428571428,15.15785408084114,10.786150772280878,21.71540904368153,1.0,0.1604079740380157,2.775996504671641,16.63359359132964,0.30919683728672487,0.0,0.0,0.3449656845595143,0.7,0.0,0.0,0.0,0.0,1.3091968372867249,69.23066806930207,57.03833508662759,58798951.0,55161023.91266276,0.09538400841581245,-0.20125644905474072,0.85,0.9615334034651037,0.0,0.5,19.047141342468834,1.1190571731506234,0.2766636848919855,76.0,-0.8404459112005164,-0.7510303596323882
TMN.MX,24.5,45.29047443980003,41.25,50.0,0.0,34.7038785166672,19.316753926701573,34.726107831876455,45.0,30.0,0.0,27.110806026443733,33.21951219512195,29.019576480217253,30.0,56.27273477630917,0.0,33.6663240548715,False,0.0,0.8089171974522293,False,False,False,34.16949621701765,False,False,False,False,33.960540899293164,False,False,32.218445877241024,30.59607593301676,32.13119999394413,False,False,False,Reject,Reject,Reject,below MA-long;MA-long declining;weak RS;stop > 1.5 ATR,below MA-long;MA-long declining;weak RS,below MA-long;weak RS,14,0,0.1830300398154052,9.325336826741047,6.81903122694861,13.084795226429708,0.0,0.2305043050430504,59.28712871287129,33.84029017177898,1.0,0.0,0.0,0.5859814873484926,0.7980475298294054,0.0,0.0,0.0,0.0,56000000000.0,45.0,63.99999999999999,908147.9919677734,327797.38068440754,7.325050195485788,4.867653804841439,0.05,1.0,1.0,0.5,57.91845114011244,0.3416309771977513,0.10267408283124407,76.0,-0.2627113372290846,-0.7689915574518158
TOELF,72.11847954928447,62.56299910807146,35.74563147171213,35.0,96.55964377782986,45.58864149106248,72.58591249947604,69.11383040654717,49.62980294442029,50.0,60.0,57.16277368378528,68.45150252900922,65.5318555764502,48.75000000000001,30.0,73.07834208963784,44.9546250164887,False,0.0,0.9745222929936306,False,False,False,67.39066155733705,False,False,False,False,55.18745191019424,False,True,48.93407785396456,51.18550264505174,48.07006383077022,False,False,False,Reject,C,Reject,low breakout volume,,fresh TD Sell 9,13,0,0.5815781228676158,58.16040789531493,88.64393878410301,12.435111562132818,0.0,0.0905748950551591,1.90024211298606,17.47624481465138,0.0,0.0,0.5697808465988816,0.1778436348662566,0.0,0.0,1.0,0.0,0.0,0.0042857142857142,52.5,68.5,4711483.408683777,2288741.8751602173,0.1378159013019126,4.209961719311771,0.2,1.0,1.0,0.5,19.68340453338606,1.1063319093322788,0.2929010001993828,76.0,-0.8276196157768309,-0.7480753368818013
TOELY,67.13533581086232,62.30976047845653,48.75,30.0,67.12444340285914,44.2434076802342,63.67669518897673,60.44483881322679,52.93335650006106,50.0,40.31622330460847,54.80973840613285,72.98762240739615,65.2855207783816,48.75000000000001,30.0,42.656715948094096,45.4947710707732,False,0.0,0.1528662420382165,False,False,False,64.33899108284027,False,False,False,False,54.7033557924388,False,True,47.6635795761116,49.901982060345226,47.698376565559215,False,False,False,Reject,Reject,Reject,low breakout volume;stop > 1.5 ATR,low breakout volume,fresh TD Sell 9,15,0,0.5822497926717973,66.1875997246237,87.25264558310857,34.59003093689637,0.0,0.0,1.3377230595631495,75.7820851643723,1.0,1.0,1.0,0.21028863937108855,0.3679198770661418,0.0,1.0,1.0,1.0,4.681776971894832,85.0,87.99999999999999,57500349.66712952,32270328.136876423,0.1571137354114642,0.4401961481500092,0.85,1.0,1.0,0.5,0.0,2.5046642413600297,0.5982683172640954,76.0,-1.9668765600148654,-0.7852855195261037
TOM.F,35.70189783969312,26.927586202348653,35.44835802361834,41.361563711959846,61.236762773440525,31.8685011746892,51.55626512125134,32.737034726543904,34.6685489066063,35.0,60.29784065524944,36.22599951396127,40.498352332043325,40.18399777724648,32.988302105925555,40.0,39.05246422893482,36.95851690944043,True,1.0554915779380742,0.0063291139240506,False,False,False,73.18666986265623,False,False,False,False,71.77907109188423,False,False,34.19375382342107,35.5742550647506,36.26638598709552,False,False,False,Reject,Reject,Reject,weak RS;low breakout volume,low breakout volume,MA-long declining,10,0,0.0,57.33597282678418,75.95530478369403,29.406974891419395,1.0,0.1498798530837361,0.9437948476649806,42.60715587887305,1.0,0.0,0.1475506150365291,0.11316497285077536,1.0,1.0,0.0,0.0,0.0,6.833733781835656,30.0,34.0,41362.23559155464,29039.371189578374,0.6810321331899272,-3.571935577804516,0.05,1.0,0.0,0.5,0.0,3.6414911607675973,0.06392511688526122,76.0,-2.849714688473666,-0.7825680641973518
TOM.VI,35.50000000000001,31.01185014503262,35.362796507902246,30.0,98.76160990712076,31.86141278631957,51.5,38.40877273812311,34.823603617865416,35.0,79.3596425912137,38.16564523888744,42.52900214263851,39.716046404673705,32.91151891109364,44.99999999999999,52.78855325914149,37.97510789378173,True,1.0507657294521964,0.4113924050632911,False,False,False,73.1772845958706,False,False,False,False,72.82963986986425,False,False,34.97542154358236,36.84763754484215,37.41137271931194,False,False,False,Reject,Reject,Reject,weak RS;low breakout volume,low breakout volume,MA-long declining,9,0,0.0,56.93676771391192,78.56431863067806,24.495441338762703,1.0,0.1647769786039591,4.875,22.91237350312823,0.0,0.0,0.0,0.40751912791810135,0.8837182223947215,1.0,0.0,0.0,0.0,0.0,25.0,39.0,1061.2226796150208,1160.6941276550292,-0.07812788762337486,0.06968644094686377,0.05,0.0,1.0,0.5,0.0,3.445165309460246,0.04957349199690301,76.0,-2.696076347064175,-0.7825680641973518
TOMA.F,28.500000000000004,55.80945027796229,37.48762376237624,30.0,0.0,34.66436528179024,18.68410041841004,44.49942369319724,51.25000000000001,30.0,0.0,28.97699409752677,35.505338078291814,42.35587774292045,30.0,32.80657664282995,0.0,33.84048313626729,False,0.0664831186008496,0.7341772151898734,False,False,False,41.14110212091457,False,False,False,False,47.64984849252696,False,False,32.79337749740661,31.573515046001617,32.706999091134456,False,False,False,Reject,Reject,Reject,below MA-long;MA-long declining;weak RS,below MA-long;MA-long declining;weak RS,below MA-long;weak RS,11,0,0.1723076923076922,20.13797101757683,11.394518670777662,33.25314953777558,2.0,0.2026315789473684,2.21875,13.119102461299349,0.0,0.0,0.0,0.3119102461299347,0.0,1.0,0.0,0.0,0.0,0.0,30.0,34.0,48.15,662.4666666666667,0.17949000108998905,-0.9751619354643531,0.05,1.0,0.0,0.5,75.29293543769188,-0.005858708753837744,0.04168955972648887,76.0,0.004584838368186882,-0.7825680641973518
TOR1.F,48.23609042148729,44.659187957644455,48.75,30.0,70.0,38.36226469649127,69.47967065063507,55.21544390383194,33.58745113532167,35.0,0.0,43.14614959196732,57.29364368845121,42.28735279368241,53.75000000000001,50.0,0.0,47.62484578358871,False,0.0,0.5759493670886076,False,False,False,80.38126590689484,False,False,False,True,66.65395918336172,False,False,41.64994638255357,43.53298147035852,45.578913626973616,False,False,False,Reject,C,C,weak RS;stop > 1.5 ATR,,,14,0,0.0,48.25900395450665,52.66606577224772,41.648411227895046,0.0,0.0795772587362585,0.2355736591989138,22.410682621995363,0.0,0.0,0.7570508551134791,0.484017407086057,0.0,1.0,0.0,0.0,0.0,0.0,18.333333333333336,23.166666666666668,428.23649883270264,76.1491968313853,0.0,0.0,0.05,0.16666666666666669,0.33333333333333337,0.5,0.0,4.319095625999539,0.020659651415180502,76.0,-3.3799863031217083,-0.7825680641973518
TOYOF,24.92217932970697,39.554263082627536,19.948806053920727,33.53313268540299,0.0,26.62676887670028,16.584576241445866,36.18301545718411,34.85590621757791,38.04372464382346,0.0,25.921396795467068,28.250400402690705,39.15887532961586,25.64613787146626,44.99999999999999,0.0,31.726995835668635,False,0.0,0.2611464968152866,False,False,False,42.350579709478296,False,False,False,False,49.521235975469295,False,False,27.43520264412399,27.80415092377418,29.76557337972141,False,False,False,Reject,Reject,Reject,below MA-long;MA-long declining;weak RS,below MA-long;MA-long declining;weak RS;low breakout volume,below MA-long;weak RS,15,0,0.2489517829661169,25.75785791102,21.09592566807456,32.75075627543815,2.0,0.2132001607042629,5.661340112583984,29.87402373154447,1.0,0.0,0.32641144687565404,0.08599152232580898,0.5749994039529838,0.0,0.0,0.0,0.0,5.6,37.8102930057789,40.1205860115578,5594871.157684326,4177802.8474489846,-0.12778255716588638,0.021241172023115595,0.4,0.0,0.6873528670519267,0.5,18.570184242219632,1.1285963151556073,0.30317646580970387,76.0,-0.8862703436822174,-0.7852855195261037
TRUMF,14.499999999999998,31.54935426891396,30.0,65.0,0.0,25.91700172781892,14.499999999999998,33.417231547542194,22.5,30.0,0.0,21.42450013124713,7.577860528097497,28.169066297467328,23.26983074447553,30.0,0.0,16.158661954154898,False,0.307500102155524,0.019108280254777,False,False,False,37.74740169170281,False,False,False,False,31.33538078575988,False,False,22.61758329411457,20.743248997433817,18.45095547579436,False,False,False,Reject,Reject,Reject,below MA-long;MA-long declining;weak RS;low breakout volume,below MA-long;MA-long declining;weak RS;low breakout volume,below MA-long;MA-long declining;weak RS,16,0,0.1147938402774682,10.255672909730478,10.374019717512232,10.078152698057844,0.0,0.1005290684916662,9.595238095238097,10.955917161080345,0.0,0.0,0.0,0.09559171610803435,0.0,0.0,1.0,0.0,0.0,0.0,17.45508550240677,20.578183601031206,37170.150628089905,42393.99361928304,0.006655899230258651,-0.007950257477212029,0.05,0.22213249358548878,0.2008290420464662,0.5,69.48544108428713,0.11029117831425757,-0.033385374403771595,76.0,-0.0866100652616579,-0.7852855195261037
TRUMY,29.67792808131715,58.34071253982884,53.75000000000001,35.0,61.76013396386493,38.76343718671728,28.35989562937361,55.48933795608162,46.25,30.0,96.5680029973773,35.662338052866154,28.136508644047066,53.826936473555605,68.75,44.99999999999999,89.88542958178746,40.612589565817935,False,0.3113538164541058,0.7770700636942676,True,False,True,56.61067006845282,True,True,False,False,71.4375438081766,False,True,38.20293792238208,37.76763333352192,39.19011144966993,False,False,False,Reject,Reject,Reject,MA-long declining;weak RS;low breakout volume,MA-long declining;weak RS;low breakout volume,MA-long declining;weak RS,9,0,0.1040000152587889,28.251946315935907,18.26755974166322,43.22852617734494,1.0,0.0561426923510345,0.8312178362808361,10.639703249937277,0.0,0.0,0.0,0.42761299387984214,0.6363573311138855,0.0,0.0,0.0,0.0,0.7291666666666666,25.117304408726525,23.02163051090816,2381481.362504959,2989907.377111117,0.025703826452359156,-0.07647427456048067,0.2,0.3808652204363263,0.0,0.5,32.590712329422765,0.8481857534115447,0.22756993805756556,76.0,-0.6660679900224246,-0.7852855195261037
TRYIF,37.0,51.429174210699024,30.0,30.0,0.0,35.014525026497054,37.0,44.4709123887461,36.25,41.91819449863529,0.0,38.99617915673157,14.960829493087555,53.12994433550058,29.97625235414115,59.00941245721361,0.0,29.29241069681187,False,0.0,0.6369426751592356,False,False,False,42.95220864395225,False,False,False,False,34.18658526297095,False,False,35.06459839963037,35.28871779270875,32.29056424476031,False,False,False,Reject,Reject,Reject,below MA-long;weak RS,below MA-long;weak RS,below MA-long;MA-long declining;weak RS,18,0,0.2967213307400294,47.43327953110477,41.03806382545388,57.02610308958111,2.0,0.0,1.7647058823529411,,0.0,0.0,0.0,,0.0,0.0,1.0,0.0,0.0,0.0,45.0,63.99999999999999,1098.7500023841858,464.6000027656555,0.6134059178746403,5.444129857998731,0.05,1.0,1.0,0.5,71.94383523413056,0.06112329531738884,0.057723261708921496,76.0,-0.04799923871846316,-0.7852855195261037
TRYIY,34.8088785879836,39.24557467296634,52.5,30.0,0.0,35.42225808252335,33.10090925298628,44.65660382214017,30.0,30.0,0.0,33.250924134139105,30.85271479092989,39.985709947432646,29.03394066964446,63.43341928259855,42.10492845786963,36.325723289096615,False,0.0,0.643312101910828,False,False,False,45.49058479352836,False,False,False,False,39.04819307205368,False,False,34.95155093932273,34.60763067030321,35.46667697969991,False,False,False,Reject,Reject,Reject,below MA-long;weak RS,below MA-long;weak RS,below MA-long;weak RS,14,0,0.4044480028732777,44.1509976299164,55.30511749795352,27.419817827860715,0.0,0.0697518425550847,0.8450044671346523,34.083732592755304,0.11693548387096775,0.0,1.0,0.17450229153359498,1.0,1.0,0.0,0.0,0.0,1.1169354838709677,34.14159231199472,50.4269903899934,532978.4521722794,469060.0336408615,0.03484955387196832,0.17341795122270515,0.05,0.4570796155997361,1.0,0.5,15.087072672903245,1.198258546541935,0.38020999962680335,76.0,-0.9409750852477774,-0.7852855195261037
TTDKF,47.69577773001294,31.671811383392228,39.8316340849069,35.0,53.623623154441056,35.8637968143653,51.06764900287615,51.43294355260547,48.75000000000001,35.0,0.0,42.793777990970256,46.83555123939925,47.82636905854758,53.75000000000001,30.0,0.0,39.33878467861847,False,0.0,0.1910828025477707,False,False,False,87.49093619016824,False,False,False,True,64.32328493920335,False,False,38.63778874019742,40.37128376194373,39.8550342202811,False,False,False,Reject,Reject,Reject,weak RS;low breakout volume,weak RS;low breakout volume;fresh TD Sell 9,weak RS,10,0,0.0,77.76498353127519,77.76498353127519,,,,,2.0935379218738026,0.0,0.0,0.0,0.20935379218738026,0.0,0.0,0.0,0.0,0.0,0.5868403473613895,30.0,34.0,453169.9271941185,202720.67004886467,2.2082092802604514,-0.7395991142432847,0.05,1.0,0.0,0.5,0.0,6.282782161526603,0.012104791188463552,76.0,-4.933777853783755,-0.7852855195261037
TTDKY,77.5921248142645,80.88417728677454,53.75000000000001,35.0,75.0,52.37976420182751,61.515898959881135,72.45711245679202,53.75000000000001,35.0,56.66122790813698,48.735070503838585,67.7235639783826,55.51494068670437,53.75000000000001,50.0,61.586645468998405,54.52975749782973,False,0.0,0.7579617834394905,False,True,False,75.51754961136453,False,False,True,True,73.47517832120167,False,False,51.71635475163127,51.20241534163371,52.86608641973172,False,False,False,Reject,C,C,stop > 1.5 ATR,,,8,0,0.4110136218640916,62.3377958822262,62.3377958822262,,,,,13.667414900285676,0.0,0.0,0.0,0.3667382014960096,3.2885325580434e-06,0.0,1.0,0.0,0.0,0.0586550724637681,33.16408726576895,26.580109082211184,5325554.630143166,4501910.995364825,0.0139845235946136,-0.2013246627737632,0.4,0.2832043632884473,0.0,0.5,0.0,1.9425033610978024,0.4834840567559286,76.0,-1.45313885624727,-0.7480753368818013
TUO.F,53.85423021069775,41.925900969824255,59.28048325913112,35.0,0.0,42.50715515178792,53.85423021069775,43.906882973280254,54.86339800447357,35.0,0.0,42.45481659653259,72.8195020746888,54.992679557755466,53.75000000000001,45.0,0.0,52.595813372055005,False,0.0,0.9177215189873418,False,False,False,84.3368377177192,False,False,False,False,72.11836508581285,False,False,44.50918522926474,45.50758334024038,49.051698356147696,False,False,False,Reject,Reject,C,weak RS,weak RS,,7,0,0.0,56.495273018351554,56.90321431595516,55.883361071946126,1.0,0.0821347490547903,0.0550964187327823,2.671786021900789,0.0,0.0,0.0,0.2671786021900789,0.0,0.0,0.0,0.0,0.0,0.0,18.333333333333336,23.166666666666668,31.982500553131104,139.5204823732376,0.0,0.0,0.05,0.16666666666666669,0.33333333333333337,0.5,0.0,7.442717441085657,-0.002095449912958985,76.0,-5.82443298023827,-0.7825680641973518
TYIDF,47.17100440127512,39.12786583653492,45.0,44.99999999999999,0.0,42.30222669283853,46.657943656800086,40.22281870202043,30.0,41.63025159030575,52.725365305357805,36.79378533113254,42.51891554047656,58.78253057970254,28.32595050035188,53.87738728589474,60.0,40.58312165670984,False,0.0,0.5923566878980892,False,False,False,54.382246617854335,False,False,False,False,33.58112762256455,False,False,40.30587327710099,39.03227450114693,39.80769807892839,False,False,False,Reject,Reject,Reject,weak RS;low breakout volume,weak RS;low breakout volume,weak RS,18,0,0.2018604367278342,61.522806756518754,80.16147068500216,33.564810863793646,0.0,0.0347635969318569,2.566115051221434,8.124510537096514,0.0,0.0,0.7934970989077605,0.018953954801890868,0.0,0.0,0.0,0.0,0.0,0.0,45.0,63.99999999999999,104605.17530899048,49181.72052154541,0.18699525857886026,9.062562019612047,0.05,1.0,1.0,0.5,68.52039895315717,0.12959202093685662,0.015586095228087949,76.0,-0.09497279641998337,-0.732859907063712
TYIDY,40.88537520140528,45.16271149465537,36.112216540666125,45.802545922849006,60.62495117568941,40.425866310973454,41.21532637740967,43.77747155038608,33.050013036542595,34.737486981970214,57.52467530454668,36.8472053720405,54.3047073012166,56.42918878524513,32.756312696467845,60.21754538633761,0.0,45.49239367710103,False,0.0,0.019108280254777,True,False,False,57.83919863970655,False,False,False,False,52.64654346745971,False,False,40.36557350251909,40.15649405134525,42.82444386422314,False,False,False,Reject,Reject,Reject,weak RS;low breakout volume;stop > 1.5 ATR,weak RS;low breakout volume,weak RS,12,0,0.2115258746323951,64.27697786078224,83.94538569459817,34.77436611005833,0.0,0.0232824660439527,3.3318336886993603,24.365529638971083,0.0,0.0,0.709318877834404,0.7272340860627039,1.0,0.0,0.0,0.0,0.0,0.75,52.5,68.5,1849274.6451187134,841733.064664205,0.7449069827622893,1.3830513320668778,0.2,1.0,1.0,0.5,36.23333797877123,0.7753332404245754,0.1629105459411339,76.0,-0.6088579665126701,-0.7852855195261037
TYT.L,34.356935054701374,37.86960382537095,32.71307686388493,42.20092531394579,0.0,35.62841869650252,27.695602020478145,43.46461395367681,36.25,35.0,0.0,33.14116114225136,25.99372990488196,40.37212034706863,25.0,65.0,50.49920508744038,33.40931906023318,False,0.0,0.3544303797468354,False,False,False,44.18731198038891,False,False,False,False,46.3882010662359,False,False,34.438421502973306,33.719060028496145,33.564189544364666,False,False,False,Reject,Reject,Reject,below MA-long;weak RS;low breakout volume,below MA-long;weak RS;low breakout volume,below MA-long;weak RS;fresh TD Sell 9,10,0,0.2378940405961453,15.899434229634457,20.506373427063902,8.989025433490285,0.0,0.1792692801017645,1.0766912912175732,13.441098186813807,0.0,0.0,0.0,0.34410981868138074,0.0,1.0,0.0,0.0,0.0,0.13777872684768927,72.5,67.5,1436503537.2908936,1480118477.7403646,-0.04081837475549684,0.6990174299890968,1.0,0.0,1.0,0.5,84.54338789292659,-0.19086775785853172,-0.0499905063801527,76.0,0.14907890223412557,-0.7810585921202081
UN4.F,37.0,48.52047872378381,22.5,37.75509449403928,0.0,32.31268027877387,23.41393741739203,25.79522431770575,33.13202070732364,41.85393553402615,51.011169024571856,27.93697746811232,35.073149847863924,43.30866561552008,22.66751397947506,45.0,48.20985691573927,32.30952712427206,False,0.0,0.5316455696202531,False,False,False,69.45965339567549,False,False,False,False,44.46414607483191,False,False,30.99933880467504,30.123882927092545,31.2167050256823,False,False,False,Reject,Reject,Reject,weak RS,weak RS;low breakout volume,weak RS,8,0,0.0,49.70034984710893,66.64342266501227,24.28574062025393,1.0,0.1056604527289749,1.1027769393299125,6.549379591818699,0.0,0.0,0.3407430702046277,0.31419488897724224,0.0,0.0,0.0,0.0,0.0,0.0,10.0,9.0,1373.8570351839066,2728.400223962466,-0.2124874553646682,-0.031858244840863775,0.05,0.0,0.0,0.5,0.0,3.647678312074892,-0.009354954604004654,76.0,-2.854556555495112,-0.7825680641973518
UN41.F,30.75,57.89136857159776,35.0,46.52174237545141,100.0,38.84404604447851,30.75,53.10203415243709,26.999998978205635,30.0,0.0,32.65532718130106,24.5,59.49252811119522,46.68716197006028,33.267399405442774,0.0,34.83352895484455,False,0.6190628220121016,0.981012658227848,False,False,False,47.48140162879599,False,False,False,False,50.75091378291112,False,False,36.185326967598485,34.5465314859996,34.690030220422074,False,False,False,Reject,Reject,Reject,MA-long declining;weak RS,MA-long declining;weak RS,below MA-long;MA-long declining;weak RS,11,0,0.1292984825010399,22.79337598710929,11.963784270168386,39.037763562520645,2.0,0.0833333498901784,25000000000.0,22.047145309544597,0.0,0.0,1.0,0.2047145309544597,0.0,1.0,0.0,0.0,0.0,0.0,18.333333333333336,23.166666666666668,0.0,0.0,0.0,0.0,0.05,0.16666666666666669,0.33333333333333337,0.5,82.73943832985715,-0.15478876659714308,-0.0016399446173305287,76.0,0.12113274543542198,-0.7825680641973518
UNCHF,14.499999999999998,39.40629609569537,30.0,65.0,66.74947269744551,27.404850775651525,14.499999999999998,32.23498148534785,24.19778382411734,38.98053697322256,60.599475458973394,22.64807237182118,15.343549328663164,38.87426562506264,22.42568935573585,25.0,0.0,21.90570274621196,True,1.093132276594026,0.0127388535031847,False,False,False,44.98859332087076,False,False,False,False,47.03656685863008,False,False,24.877987648614507,23.37671716490448,22.641209955558217,False,False,False,Reject,Reject,Reject,below MA-long;MA-long declining;weak RS;low breakout volume,below MA-long;MA-long declining;weak RS;low breakout volume,below MA-long;MA-long declining;weak RS,10,0,0.2121211820178574,25.83491341231146,8.633012326780099,51.6377650406085,1.0,0.0882812576252034,0.1582774049217002,34.81660317343158,1.0,0.0,0.20121120277019508,0.28044911457296307,0.0,1.0,0.0,0.0,0.0,48900000000000.0,10.0,9.0,18111.649718284607,34016.5469010671,-0.11588116967467905,-0.6528882700747134,0.05,0.0,0.0,0.5,29.389563115101367,0.9122087376979726,0.07979323938524897,76.0,-0.7163443124994037,-0.7852855195261037
UNICY,16.751548462697393,54.11706394461717,30.478259733808567,40.41989091711844,56.23850471077738,28.44395325164211,18.92832431225936,48.70689610625447,27.45370429939975,40.92592978042973,85.47770700636943,28.659715560385887,18.795374977667457,41.71813932345695,24.03186271251429,38.13725373897135,0.0,26.589532981266508,True,0.5885498224285933,0.5414012738853503,False,False,False,47.08030871883876,False,False,False,False,49.44026352910195,False,False,28.13779789019012,27.99550832490132,27.29252065308392,False,False,False,Reject,Reject,Reject,below MA-long;MA-long declining;weak RS;low breakout volume,below MA-long;MA-long declining;weak RS,below MA-long;MA-long declining;weak RS,11,0,0.2517985808948673,24.76865947406841,14.3273890988385,40.43056503691329,1.0,0.119496888825044,0.6894451379146553,4.932517460243848,0.0,0.0,0.03361925124153231,0.45963249478285245,0.0,0.0,0.0,0.0,0.0,0.9251982075146501,27.98294761134197,31.497051388636294,1125031.9477272034,1117712.5436770916,0.003750750672381076,0.0060979566637804706,0.2,0.19792292226984232,0.4349659443963412,0.5,29.046505433787907,0.9190698913242419,0.15936529015127696,76.0,-0.7217322770893569,-0.7852855195261037
VAN.F,57.869266990879176,57.10565619304201,35.0,30.0,86.59039962897117,39.9604807548896,57.32118937234804,59.9498164763006,30.235153577126766,35.0,37.78704393149665,40.70298240174106,73.60247769340562,66.09937007112381,53.7585794799754,45.0,0.0,54.92600279225929,False,0.0,0.0632911392405063,False,False,False,65.21274994966765,False,False,False,True,53.91050522121545,False,False,43.17633565641898,44.82138818952624,49.87369549089277,False,False,False,Reject,Reject,C,low breakout volume,low breakout volume,,8,0,1.1608682541579998,55.57981224385931,87.1028271267579,8.29528991951142,0.0,0.1055475629727375,3.4260499087035905,21.42590712869488,0.0,0.0,1.0,0.14259071286948807,1.0,0.0,0.0,0.0,0.0,0.7516339869281046,30.0,34.0,34895.78224105835,32694.511404927573,0.20135561590538398,-1.1212394438850322,0.05,1.0,0.0,0.5,33.1231155576941,0.837537688846118,0.25433548586778065,76.0,-0.6554302478526305,-0.7825680641973518
VANA.F,61.380416364076495,51.57127787685529,42.5,30.0,100.0,40.68005778500704,62.37126400996264,52.51122797700185,25.16063992792573,31.344234324611325,51.90469099032017,36.66230620464715,69.10104995193882,67.80848540454211,50.21840513640785,50.0,58.893481717011134,56.616878163238894,False,0.0,0.5632911392405063,False,False,False,60.36959501973275,False,False,False,False,51.07773080078559,False,False,42.66209638654545,43.45222810829665,50.03455313576778,False,False,False,Reject,Reject,Reject,low breakout volume,low breakout volume;fresh TD Sell 13,fresh TD Sell 9,9,0,0.6765056055076148,51.92441206335264,77.05021395176513,14.235709230733915,1.0,0.1235294117647058,11.046511627906977,64.55735863168978,1.0,1.0,1.0,0.45573586316897746,1.0,0.0,0.0,0.0,1.0,105000000000.0,30.0,34.0,4462.4,5118.049732208252,0.2925525217819623,-0.8827299739532077,0.05,1.0,0.0,0.5,23.72674028378401,1.0254651943243198,0.2529197464289724,76.0,-0.8024963120241442,-0.7825680641973518
WEJ.F,29.000000000000004,49.28728070175439,22.5,30.0,100.0,29.56575339530959,57.73700623700625,41.35113721103654,29.38592241151915,35.0,100.0,37.00302749387698,46.75,57.30962650177918,33.5241029278315,50.0,60.0,43.15705235351137,True,0.927969480038032,0.9177215189873418,False,False,False,73.5773514564792,False,False,False,False,69.0867461533401,False,False,34.51519541652016,37.361780132053816,40.25941624278259,False,False,False,Reject,C,Reject,weak RS,,MA-long declining,14,0,0.0,55.653918164917215,76.57286265857695,24.27550142442761,1.0,0.2222222284189363,137500000000.0,11.042423592038634,0.0,0.0,1.0,0.10424235920386338,0.0,0.0,0.0,0.0,0.0,0.0,30.0,34.0,1902.7899985790252,828.7766677379608,31.889104672792048,-19.572106393048053,0.05,1.0,0.0,0.5,0.0,2.2176424483943404,-0.000126218838199636,76.0,-1.7354561579218344,-0.7825680641973518
WJRYY,19.09909669272984,38.02534862418532,22.5,30.0,0.0,24.744452987061013,21.524428148220096,54.15431802052994,45.0,30.0,0.0,31.48057697185616,24.5,54.62011256731467,29.33603975159896,30.0,0.0,31.13789150962662,False,0.0,0.9872611464968152,False,False,False,27.309971969910407,False,False,False,False,26.35789272884071,False,False,28.04397788701268,30.030546536228265,30.58421902292744,False,False,False,Reject,Reject,Reject,below MA-long;MA-long declining;weak RS,below MA-long;MA-long declining;weak RS,below MA-long;MA-long declining;weak RS,11,0,0.0994872068747496,9.070156040472495,0.0,22.675390101181243,1.0,0.2573211558477817,5.589806025588114,18.51246685834342,0.011111111111111072,0.0,1.0,0.8290244636121198,0.0,0.0,0.0,0.0,0.0,1.011111111111111,37.50000000000001,38.5,2468130.902042389,1448012.5195503235,0.6218825355667849,-0.17235108525774634,0.2,1.0,0.0,0.5,56.31826610867184,0.3736346778265631,0.07000150535247557,76.0,-0.293409902090001,-0.7852855195261037
XMF.F,39.630474492236765,41.48134938577391,47.96619313461519,35.0,70.54418503682885,38.824697613239856,59.52640264026403,45.01422906175281,53.75000000000001,35.0,71.61578555472822,43.375555450198895,46.75,81.09716753595839,53.75000000000001,50.0,60.0,54.39542713179472,True,0.5189463219732646,0.2468354430379747,True,False,False,74.47003004255636,False,True,True,False,76.02734704241641,False,False,43.30410086803855,45.77134538728584,50.08338625954028,False,False,False,Reject,Reject,Reject,weak RS;low breakout volume,low breakout volume,MA-long declining,9,0,0.0,66.30604529855019,78.17456390407766,48.503267390258976,1.0,0.0,4.782684283727399,77.42390207333099,1.0,1.0,0.5074041067854111,0.23498610054768765,1.0,0.0,1.0,1.0,1.0,26.45679012345679,18.333333333333336,23.166666666666668,29040.37062854767,15962.999245643616,0.0,0.0,0.05,0.16666666666666669,0.33333333333333337,0.5,0.0,2.1524586175218876,0.00884196277306523,76.0,-1.6844453735790115,-0.7825680641973518
XMFA.F,78.2527534430928,80.91742067766275,53.75000000000001,50.0,78.6982277570697,60.88848829832574,63.35831619847095,75.39940632011711,53.75000000000001,31.34711789727556,80.27619670189392,47.32554063032886,72.40885935180307,56.30818264724208,48.75000000000001,46.34711789727556,62.61079374448143,52.74760600984843,False,0.0,0.8417721518987342,True,False,False,66.41144882234457,False,True,False,False,63.67024263938277,False,True,55.19142754023122,51.66474977778411,52.20617789381628,False,False,False,C,C,Reject,,,fresh TD Sell 9,11,0,0.3358778236948894,71.98729406314824,86.03791209703638,50.91136701231602,1.0,0.0,500000000.0,81.21712172132793,1.0,1.0,0.8356156187025796,0.2860965534302135,0.0,1.0,1.0,1.0,1.0,10000000000.0,18.333333333333336,23.166666666666668,9.949999809265137,6.366666475931804,0.0,0.0,0.05,0.1666666666666666,0.3333333333333333,0.5,100.0,-0.6412513366924353,-0.0103091492924977,76.0,0.4751402034846567,-0.7409578371180053
XSC.F,59.5,51.81309100651957,55.00000000000001,50.0,77.8523407456658,52.659467160516485,59.5,59.853210463286125,60.00000000000001,54.2658250648208,78.85905602113496,57.12253449942659,67.0,73.67231125681052,60.00000000000001,30.0,0.0,47.61167063237837,False,0.0,0.8924050632911392,True,False,False,86.674193988065,False,True,False,False,83.90821957290112,False,False,52.98882805656189,53.3766618715301,50.49416625195424,True,False,False,Reject,Reject,C,weak RS;fresh TD Sell 9,weak RS,,14,0,0.0,54.17791587934791,74.9168110586205,23.069573110439013,0.0,0.051136340853597,50000000.0,21.912603235767136,1.0,0.0,0.0,0.1912603235767136,0.0,0.0,0.0,0.0,0.0,1000000000.0,18.333333333333336,23.166666666666668,1.670000076293945,0.5566666920979818,0.0,0.0,0.05,0.1666666666666666,0.3333333333333333,0.5,0.0,4.701922519005157,0.0136544111843282,76.0,-3.483926339978504,-0.7409578371180053
YAHOF,24.750000000000004,51.44830601349827,41.25,65.0,76.44641316975077,37.848998745561445,24.750000000000004,54.18298373343501,40.1475404104132,40.1386911426934,78.58373922817535,34.66915273810753,27.90555555555556,38.83833210383239,32.887182506632726,40.74112662717175,0.0,32.87428368220036,False,0.0,0.3949044585987261,False,True,False,52.00789311415778,True,True,False,False,70.9561257988834,False,False,35.90010193065305,34.76666122282616,33.82047245251326,False,False,False,Reject,Reject,Reject,MA-long declining;weak RS;low breakout volume,MA-long declining;weak RS;low breakout volume,MA-long declining;weak RS,21,0,0.1608163451989555,16.137115225982196,15.190443772757073,17.557122405819882,1.0,0.1075949308724468,46.54545454545455,0.0,0.0,0.0,0.0,0.0,0.0,0.0,0.0,0.0,0.0,0.0,45.0,63.99999999999999,5583.44021320343,2612.238404750824,0.6328691910330368,1.7619263299624282,0.05,1.0,1.0,0.5,59.28798141889187,0.3142403716221628,-0.033012681691382516,76.0,-0.24676841348538597,-0.7852855195261037
YAHOY,17.402324051743037,44.93838093002118,30.0,44.40676611684247,76.02829540532021,28.04101127602904,19.379412409559308,39.73478922906794,19.89436400383652,32.92253076249861,0.0,25.12477999220183,8.119875917164793,37.65998808986544,36.132511760299465,46.257373347938966,0.0,21.191275689200022,False,0.4503497493148809,0.7643312101910829,False,False,False,45.1898369726281,False,False,False,False,44.403688951915925,False,False,25.79619477351508,24.52797495806673,22.859625323633374,False,False,False,Reject,Reject,Reject,below MA-long;MA-long declining;weak RS;low breakout volume,below MA-long;MA-long declining;weak RS,below MA-long;MA-long declining;weak RS,10,0,0.1377118907331644,33.73092476972076,24.667734567065324,47.32571007370391,1.0,0.1146384632488908,0.3019490023598115,11.949857827634117,0.0,0.0,0.0,0.1949857827634116,1.0,0.0,0.0,0.0,0.0,0.6799163179916318,32.5,43.5,1015537.1022462845,1573144.5100919406,-0.09820620008791167,0.17595664600680924,0.2,0.0,1.0,0.5,21.591323995135546,1.068173520097289,0.29524565493674565,76.0,-0.8388211976736266,-0.7852855195261037
YAMHF,38.90409651008144,58.45220981019463,60.00000000000001,35.0,58.700239785421374,43.18017812468393,29.750000000000004,53.44242407955452,53.75000000000001,35.0,76.78531285125516,38.02736826444859,31.03856867206578,47.4571935515725,53.75000000000001,33.77923987796501,65.08744038155803,37.4436761991545,True,0.1937133679244604,0.3566878980891719,True,False,False,58.38325879668043,True,True,False,False,71.14682457129838,False,True,40.48703478150744,38.88282261690743,38.16324940803096,False,False,False,Reject,Reject,Reject,MA-long declining;weak RS;low breakout volume;stop > 1.5 ATR,MA-long declining;weak RS,MA-long declining;weak RS,15,0,0.1484716154174297,34.70831405903759,21.46016941284884,54.5805310283207,1.0,0.0795847809860002,0.3492063492063492,25.21207865800168,1.0,0.0,0.0,0.5212078658001676,0.0,0.0,0.0,0.0,0.0,499999999999.99994,25.0,39.0,4499.149994850159,3543.6499881744385,-0.0353853510973417,0.5741080918800289,0.05,0.0,1.0,0.5,59.94059654385045,0.301188069122991,0.0866732610572783,76.0,-0.23651862933631201,-0.7852855195261037
YASKY,70.94317498496694,73.49488666357433,53.75000000000001,35.0,55.97658867626439,50.29197887916111,58.05588697356776,75.37563657481111,53.75000000000001,35.0,67.22690727147331,48.63481192375716,68.98813459114587,58.19255059648345,53.75000000000001,41.57193133854429,56.35469369774354,50.93320203025405,True,0.3741704343221123,0.4076433121019108,False,False,False,72.96041399752932,False,False,True,True,69.62896856162968,True,False,49.92307342275851,49.65576234678701,50.29448218852053,False,False,False,Reject,Reject,C,low breakout volume;stop > 1.5 ATR,low breakout volume,,11,0,0.4434157145752366,58.24901100348786,76.98870831008371,30.139465043594075,1.0,0.0833152558011497,0.8941255084253341,5.631947182089591,0.0,0.0,0.0,0.563194718208959,0.0,0.0,0.0,0.0,0.0,0.0859493670886075,30.0,34.0,668581.7978805542,742032.6655370076,0.1350353783620725,-0.5337567189291605,0.05,1.0,0.0,0.5,0.0,1.6912824415104344,0.3882696002028191,76.0,-1.2652066821951935,-0.7480753368818013
YEC.F,77.93817121816508,44.51892200415683,55.00000000000001,50.0,0.0,51.85153637212831,71.3462571332662,49.50004908303312,60.00000000000001,50.0,0.0,54.40445822604035,70.96505228398459,53.770816888375606,60.00000000000001,65.0,0.0,59.370853388632,False,0.0,0.5063291139240507,False,False,False,86.77410312406477,False,False,False,False,71.09663384094073,False,False,54.12127633160266,55.38379240403543,57.37732289633372,False,False,False,Reject,Reject,C,stop > 1.5 ATR,low breakout volume,,11,0,0.0,60.562266627314905,94.2199134199134,10.07579643841716,0.0,0.1204819277108433,7.248792270531402,25.269644911802143,1.0,0.0,0.0,0.5269644911802138,0.0,0.0,0.0,0.0,0.0,4.666666666666667,30.0,34.0,5683.03004322052,3609.102507464091,1.2196347126396412,-1.3589860882755755,0.05,1.0,0.0,0.5,0.0,16.04266200379432,0.0626159195270055,76.0,-11.886936139946645,-0.7409578371180053
YEC0.F,79.5,77.18321967709973,55.00000000000001,50.0,79.43656555043695,60.631183039393385,63.26767478550181,80.81944401042941,60.00000000000001,35.0,84.71211892715992,51.171999833531416,75.5,61.55759227559746,60.00000000000001,39.94118992286395,81.499411525422,52.47300852748436,True,0.372600991059666,0.9113924050632912,False,False,True,77.0104022628818,False,False,False,True,70.56212779711642,True,False,56.161793175253,53.45413908288969,52.96357380518703,False,False,False,Reject,C,C,stop > 1.5 ATR,,,13,0,0.6263906112531283,54.47306001258978,75.0332529242977,23.63277064502789,1.0,0.0822784810126582,2.3728813559322037,24.413199290922545,1.0,0.0,0.0,0.4413199290922545,0.0,0.0,0.0,0.0,0.0,9000000000.0,45.0,63.99999999999999,514.675,282.2566651662191,0.3504576669677698,0.3279329597109514,0.05,1.0,1.0,0.5,100.0,-0.5519510610192181,-0.0160361021442548,76.0,0.4089724643677879,-0.7409578371180053
YMA.F,57.00000000000001,52.47786934316135,31.25,35.0,59.48612506763546,39.92749118928206,56.95454545454546,40.15452349651952,47.98863389008104,30.0,75.33141169817074,38.55346938786914,55.53507653061225,48.91115860572295,39.115023324212274,61.24548000380416,62.54372019077902,47.48643756468791,True,0.4374511329816793,0.4556962025316455,False,False,False,66.14848473408547,False,False,False,False,55.18473150071033,True,False,41.02707392393936,41.50816420119736,44.49730088294264,False,False,False,C,C,C,,,,12,0,0.0,65.95019219791334,70.753663861522,58.74498470250036,1.0,0.0475372631432334,0.006,3.7080484279464665,0.0,0.0,0.0,0.37080484279464665,0.0,0.0,0.0,0.0,0.0,0.0,25.0,39.0,1.6675000190734863,103.98106896877289,-0.13977754662421174,0.22955391146445012,0.05,0.0,1.0,0.5,0.0,5.0679156616736085,0.026119872098041785,76.0,-3.9659889488713564,-0.7825680641973518
YOJ.F,44.49999503294647,49.28728070175439,30.0,30.0,60.0,35.89757038168271,41.5,48.458333333333336,27.99211841002924,35.0,100.0,35.35297281382385,45.50000000000001,63.99996841898914,48.990308977006,40.0,0.0,46.67303441193938,True,0.9946355075567632,0.9240506329113924,False,False,False,85.25390807574225,False,False,False,False,67.67889902348375,False,False,37.88928391737639,38.85791080683028,42.76547260938483,False,False,False,Reject,Reject,Reject,weak RS,weak RS,weak RS;fresh TD Sell 9,8,0,0.0,62.835955945081,89.66640926640926,22.5902759630886,1.0,0.1,64999999999.99999,1.6818521187221502,0.0,0.0,0.0,0.16818521187221502,0.0,0.0,0.0,0.0,0.0,0.0,15.000000000000002,19.0,0.0,50.26666522026062,-0.18761726078799248,0.0,0.05,0.0,0.33333333333333337,0.5,0.0,2.619180595776828,0.0540223421661934,76.0,-2.0496870886203387,-0.7825680641973518
YPH.DU,32.75,23.07894736842105,37.49999999999999,44.99999999999999,93.2338269027492,29.883851450898543,31.500000000000007,27.318183788582616,35.29762696412632,43.88927769187983,100.0,31.67825817031804,26.75,63.86757915089544,33.27153428819825,50.0,100.0,37.71910157836415,True,0.7912269226710618,0.8860759493670886,False,False,False,67.82324399050165,False,False,False,False,71.59765537774733,True,False,31.989223492217512,33.13162984884797,35.42536571360606,False,False,False,Reject,Reject,Reject,MA-long declining;low breakout volume,weak RS;low breakout volume,MA-long declining;weak RS,11,0,0.0,51.194716628834655,74.65236287905951,16.008247253497366,1.0,0.1977480937419569,25000000000.0,10.170690949858027,0.0,0.0,0.43787084917960684,0.5791982458061958,0.0,0.0,0.0,0.0,0.0,0.0,30.0,34.0,0.0,103.55833015441894,42.89908490907605,-129.58061422859518,0.05,1.0,0.0,0.5,0.0,2.846478802676038,0.047976071171080485,76.0,-2.227563406388983,-0.7825680641973518
YPH.F,36.89250207125104,35.60057053910363,22.5,43.38843626578984,93.98372035236812,30.851809985017628,32.47087378640777,28.44367551492458,35.21375298081548,43.60475403259088,86.80565897244973,32.432842387179186,25.373576691225725,61.71007804289661,33.28475244917188,50.0,94.34022257551668,36.61834123072446,True,0.7999271780155932,0.569620253164557,False,False,False,67.30134700222338,False,False,False,False,70.0647455546013,True,False,32.47942595480746,33.37228555981046,34.99531339526746,False,False,False,Reject,Reject,Reject,MA-long declining,weak RS;low breakout volume,MA-long declining;weak RS,11,0,0.0,55.233957724111455,74.83543334021311,25.83174429995896,1.0,0.1966173392781498,6.179841897233201,59.42547101683721,1.0,0.0,1.0,0.9425471016837205,1.0,1.0,0.0,0.0,0.0,425000000000.0,30.0,34.0,1335.569984960556,1680.6714233875275,0.3460103157809747,-3.2395157856215486,0.05,1.0,0.0,0.5,0.0,2.7253365724970786,0.03969343024033327,76.0,-2.132761365825284,-0.7825680641973518
YPH.MU,32.75,23.07894736842105,17.5,30.0,92.78072764504572,23.063677622372552,35.312649618766336,29.193366517129217,35.25388059866123,43.633846752336005,93.060312732688,33.36526279283754,28.05947003631238,53.49638829853678,33.22182650160636,30.0,98.15580286168522,33.48933763722768,True,0.7874984904622953,0.7025316455696202,False,False,False,68.26135112508365,False,False,False,False,75.94569386593088,True,False,28.239285176483072,31.34216821206158,32.41575292464464,False,False,False,Reject,Reject,Reject,MA-long declining;low breakout volume,weak RS;low breakout volume,MA-long declining;weak RS,12,0,0.0,49.32985212320189,68.02317238557637,21.289871729640165,1.0,0.1823262125871023,2.388888888888889,16.617173104735695,0.0,0.0,0.0,0.6617173104735695,0.0,1.0,0.0,0.0,0.0,0.0,30.0,34.0,652.0749843120575,471.9624984264374,2.865560692355391,-7.178041981559939,0.05,1.0,0.0,0.5,0.0,2.279861413138398,0.010968950377648347,76.0,-1.784146732717955,-0.7825680641973518
YPH.SG,32.75,21.539373695505656,34.5,31.34147453421725,90.9473627630491,26.6670730114345,32.95106897345736,27.42384644606878,35.191620663334824,43.89290809296823,77.87043931496649,31.98955764593778,24.51166013908185,53.83979901136436,33.31360867455568,30.0,100.0,31.65185457613349,True,0.792899800425781,0.379746835443038,False,False,False,67.97937511537793,False,False,False,False,71.0493807545816,True,False,29.260774714725283,30.82374979809584,31.237802187114664,False,False,False,Reject,Reject,Reject,MA-long declining;low breakout volume,weak RS;low breakout volume,MA-long declining;weak RS,12,0,0.0,51.787521062842686,70.96750793571802,23.017540753529698,1.0,0.1868208831204463,1.408995080815179,25.49304334362813,0.0,0.0,0.7643869282492766,0.7849174061135363,1.0,0.0,0.0,0.0,0.0,0.0,30.0,34.0,6758.95019197464,6058.538080692291,0.12435427119340295,-0.08187005334594673,0.05,1.0,0.0,0.5,0.0,2.4339169458820704,0.03255490071235421,76.0,-1.9047056727560623,-0.7825680641973518
YPHA.F,39.14153794443743,53.986528020093125,34.5,36.44069111645116,0.0,39.25038319412798,42.249883684839176,51.72493901483585,36.25,38.84614594589439,0.0,40.71941031001071,47.819229603361656,53.0859536285012,28.94375629242226,30.0,58.13036565977742,36.48562775878263,False,0.0,0.9367088607594936,False,False,False,48.69335420597461,False,False,False,False,38.09449138515074,False,False,39.13814024182373,39.15547012146574,37.82054894012418,False,False,False,Reject,Reject,Reject,weak RS,below MA-long;weak RS,weak RS;fresh TD Sell 9,16,0,0.5657142639160155,42.49901487619026,61.2146718146718,14.42552946846794,1.0,0.2056737938827137,64999999999.99999,13.878246864216031,0.0,0.0,0.0,0.38782468642160306,0.0,1.0,0.0,0.0,0.0,0.0,18.333333333333336,23.166666666666668,548.5000038146973,182.83333460489908,0.0,0.0,0.05,0.16666666666666669,0.33333333333333337,0.5,100.0,-0.5300315453673713,-0.033749657407103895,76.0,0.4147857604216746,-0.7825680641973518
ZTS,10.02985348577983,30.18814121922968,35.0,30.0,0.0,19.508294131090164,14.789114253420172,55.51221219334517,30.0,30.0,0.0,25.60107312005173,14.461403775589964,34.398561519639244,45.0,30.0,0.0,24.10973606717766,False,0.3412062266678096,0.9808917197452228,False,False,False,26.624173382330383,False,False,False,False,28.999360347185217,False,False,22.256416214996133,23.9351162063972,24.02242613678743,False,False,False,Reject,Reject,Reject,below MA-long;MA-long declining;weak RS;low breakout volume,below MA-long;MA-long declining;weak RS,below MA-long;MA-long declining;weak RS,11,0,0.0115267231356288,0.0,0.0,0.0,0.0,0.350554138237764,2.6491300263612843,11.559932800063944,0.2379837643949405,0.0,0.11515587357705746,0.5648698776394557,0.0,0.0,0.0,0.0,0.0,1.2379837643949405,77.49999999999999,62.5,571276414.930687,571292082.6171494,0.13650939304956553,-0.268663540020271,1.0,1.0,0.0,0.5,12.260591574873525,1.2547881685025295,0.26689705773389744,76.0,-0.9853669787977171,-0.7852855195261037
