symbol,fmp_seg_fiscal_year,fmp_seg_count,fmp_seg_hhi,fmp_seg_largest_name,fmp_seg_largest_share,fmp_seg_years,fmp_geo_fiscal_year,fmp_geo_count,fmp_geo_hhi,fmp_geo_largest_name,fmp_geo_largest_share,fmp_geo_years,fmp_geo_fastest_name,fmp_geo_fastest_yoy,fmp_geo_fastest_share,fmp_geo_fastest_share_delta,fmp_geo_growth_dispersion,fmp_geo_total_yoy,fmp_geo_em_share,fmp_geo_china_share,fmp_seg_fastest_name,fmp_seg_fastest_yoy,fmp_seg_fastest_share,fmp_seg_fastest_share_delta,fmp_seg_growth_dispersion,fmp_seg_total_yoy
042420.KQ,,,,,,,,,,,,,,,,,,,,,,,,,,
6580.T,,,,,,,,,,,,,,,,,,,,,,,,,,
6262.T,,,,,,,,,,,,,,,,,,,,,,,,,,
7351.T,,,,,,,,,,,,,,,,,,,,,,,,,,
CAAS,2024.0,1.0,1.0,Other Operating Segment,1.0,1.0,2024.0,3.0,0.5156583554851645,China,0.6818883605889989,6.0,China,0.1838641449447762,0.6818883605889989,0.0313697557038068,0.0890479851653927,0.1294013748494848,0.6818883605889989,0.6818883605889989,,,,,,
7722.T,,,,,,,,,,,,,,,,,,,,,,,,,,
9612.T,,,,,,,,,,,,,,,,,,,,,,,,,,
3904.T,,,,,,,,,,,,,,,,,,,,,,,,,,
028100.KS,,,,,,,,,,,,,,,,,,,,,,,,,,
XNET,2023.0,2.0,0.5000678865784499,Live streaming revenue,0.5058260869565218,5.0,,,,,,,,,,,,,,,Subscription revenue,0.1868194158536948,0.4941739130434782,0.0431020471130699,0.0942881768576486,0.0833045498791094
USNA,2025.0,1.0,1.0,All Other,1.0,4.0,2025.0,5.0,0.284164806046505,Asia Pacific,0.4039909277187051,4.0,Americas And Europe,0.7379691927377885,0.1920181445625896,0.0804608511072911,0.3305971770504401,0.0097125961308315,0.2734702764263044,0.2734702764263044,,,,,,-0.979081161667642
009140.KS,,,,,,,,,,,,,,,,,,,,,,,,,,
2230.HK,,,,,,,,,,,,,,,,,,,,,,,,,,
1588.HK,,,,,,,,,,,,,,,,,,,,,,,,,,
2258.HK,,,,,,,,,,,,,,,,,,,,,,,,,,
1100.HK,,,,,,,,,,,,,,,,,,,,,,,,,,
5SO.SI,,,,,,,,,,,,,,,,,,,,,,,,,,
054930.KQ,,,,,,,,,,,,,,,,,,,,,,,,,,
AKP.BK,,,,,,,,,,,,,,,,,,,,,,,,,,
0833.HK,,,,,,,,,,,,,,,,,,,,,,,,,,
1596.HK,,,,,,,,,,,,,,,,,,,,,,,,,,
MERK.JK,,,,,,,,,,,,,,,,,,,,,,,,,,
1433.HK,,,,,,,,,,,,,,,,,,,,,,,,,,
024950.KQ,,,,,,,,,,,,,,,,,,,,,,,,,,
1846.HK,,,,,,,,,,,,,,,,,,,,,,,,,,
170790.KQ,,,,,,,,,,,,,,,,,,,,,,,,,,
264450.KQ,,,,,,,,,,,,,,,,,,,,,,,,,,
208350.KQ,,,,,,,,,,,,,,,,,,,,,,,,,,
075130.KQ,,,,,,,,,,,,,,,,,,,,,,,,,,
EMTK.JK,,,,,,,,,,,,,,,,,,,,,,,,,,
3640.T,,,,,,,,,,,,,,,,,,,,,,,,,,
0725.HK,,,,,,,,,,,,,,,,,,,,,,,,,,
6919.HK,,,,,,,,,,,,,,,,,,,,,,,,,,
131220.KQ,,,,,,,,,,,,,,,,,,,,,,,,,,
015860.KS,,,,,,,,,,,,,,,,,,,,,,,,,,
MJGCF,,,,,,,,,,,,,,,,,,,,,,,,,,
6100.HK,,,,,,,,,,,,,,,,,,,,,,,,,,
BMSR.JK,,,,,,,,,,,,,,,,,,,,,,,,,,
4301.T,,,,,,,,,,,,,,,,,,,,,,,,,,
126560.KS,,,,,,,,,,,,,,,,,,,,,,,,,,
1798.T,,,,,,,,,,,,,,,,,,,,,,,,,,
052330.KQ,,,,,,,,,,,,,,,,,,,,,,,,,,
7673.T,,,,,,,,,,,,,,,,,,,,,,,,,,
214180.KQ,,,,,,,,,,,,,,,,,,,,,,,,,,
WEBJF,,,,,,,,,,,,,,,,,,,,,,,,,,
219420.KQ,,,,,,,,,,,,,,,,,,,,,,,,,,
1541.TW,,,,,,,,,,,,,,,,,,,,,,,,,,
HRMY,,,,,,,2023.0,1.0,1.0,United States,1.0,2.0,United States,0.0,1.0,0.0,,0.0,0.0,0.0,,,,,,
SPG.BK,,,,,,,,,,,,,,,,,,,,,,,,,,
088790.KS,,,,,,,,,,,,,,,,,,,,,,,,,,
6820.HK,,,,,,,,,,,,,,,,,,,,,,,,,,
1960.T,,,,,,,,,,,,,,,,,,,,,,,,,,
054800.KQ,,,,,,,,,,,,,,,,,,,,,,,,,,
031510.KQ,,,,,,,,,,,,,,,,,,,,,,,,,,
008060.KS,,,,,,,,,,,,,,,,,,,,,,,,,,
053300.KQ,,,,,,,,,,,,,,,,,,,,,,,,,,
014580.KS,,,,,,,,,,,,,,,,,,,,,,,,,,
267980.KQ,,,,,,,,,,,,,,,,,,,,,,,,,,
7833.T,,,,,,,,,,,,,,,,,,,,,,,,,,
BAINF,,,,,,,,,,,,,,,,,,,,,,,,,,
5315.TWO,,,,,,,,,,,,,,,,,,,,,,,,,,
FVRR,2025.0,2.0,0.572485633143025,Marketplace Revenue,0.6903754621045278,7.0,2025.0,5.0,0.3350457133754396,U.S.,0.476643560473325,7.0,Europe,0.1583699997124206,0.2804304389093753,0.0139577365304603,0.0375134371924853,0.1007149772275026,0.0,0.0,Services Revenue,0.5090711668099352,0.3096245378954721,0.0837847142514127,0.2637414078211896,0.1007149772275026
069410.KQ,,,,,,,,,,,,,,,,,,,,,,,,,,
0321.HK,,,,,,,,,,,,,,,,,,,,,,,,,,
KIJA.JK,,,,,,,,,,,,,,,,,,,,,,,,,,
100660.KQ,,,,,,,,,,,,,,,,,,,,,,,,,,
IMPP,2025.0,2.0,0.507432022581469,Voyage Charter Revenues,0.560959095225688,5.0,,,,,,,,,,,,,,,Time Charter Revenues,2.37168977503423,0.4390409047743119,0.3000620948560906,1.3381657983656057,0.0673115585632559
INTLCONV.BO,,,,,,,,,,,,,,,,,,,,,,,,,,
LUXM4.SA,,,,,,,,,,,,,,,,,,,,,,,,,,
1858.HK,,,,,,,,,,,,,,,,,,,,,,,,,,
0609.HK,,,,,,,,,,,,,,,,,,,,,,,,,,
3900.T,,,,,,,,,,,,,,,,,,,,,,,,,,
6538.T,,,,,,,,,,,,,,,,,,,,,,,,,,
BIZ.BK,,,,,,,,,,,,,,,,,,,,,,,,,,
MANO.L,,,,,,,,,,,,,,,,,,,,,,,,,,
3020.T,,,,,,,,,,,,,,,,,,,,,,,,,,
226320.KS,,,,,,,,,,,,,,,,,,,,,,,,,,
7937.T,,,,,,,,,,,,,,,,,,,,,,,,,,
MNDO,2025.0,2.0,0.927492848316503,Service,0.9623271830189648,13.0,2025.0,3.0,0.5120048616761668,Europe,0.6172672753795451,13.0,Europe,0.0020171899666725,0.6172672753795451,0.0579344326029936,0.1080255202301627,-0.0920284522933529,0.0,0.0,Service,-0.0962448112752196,0.9623271830189648,-0.0037270928366724,,-0.092744567751562
3134.T,,,,,,,,,,,,,,,,,,,,,,,,,,
4449.T,,,,,,,,,,,,,,,,,,,,,,,,,,
ING.L,,,,,,,,,,,,,,,,,,,,,,,,,,
3933.T,,,,,,,,,,,,,,,,,,,,,,,,,,
DXC,2026.0,2.0,0.7206794718307574,GIS Segment,0.8321742553470673,1.0,2026.0,5.0,0.2376340845769297,Other Europe,0.3360487187598861,1.0,,,,,,,0.0,0.0,,,,,,
OMG.L,,,,,,,,,,,,,,,,,,,,,,,,,,
REKA.HE,,,,,,,,,,,,,,,,,,,,,,,,,,
IGAR.JK,,,,,,,,,,,,,,,,,,,,,,,,,,
IMXCF,,,,,,,,,,,,,,,,,,,,,,,,,,
LEAT,2020.0,3.0,0.4870837543650426,International Distributor Revenues,0.6135296521067906,3.0,,,,,,,,,,,,,,,Dealer Direct Revenues,0.4277600019702638,0.3273721476906361,0.0147913438807944,0.0594366013100204,0.3632508819447488
LULU,2025.0,3.0,0.4714528457279874,Women's Product,0.6300654801578008,15.0,2025.0,6.0,0.3377173897303647,UNITED STATES,0.4846927326036929,15.0,Outside Of North America,0.1637284641331877,0.0996959516953959,-0.0059451220885767,0.0819393371283664,0.2331245396966375,0.3066096385257953,0.2992963339730669,Other Segments,0.079374564360908,0.1299919838596364,0.0037075025453793,0.0171027352333879,0.0485897126649228
120030.KS,,,,,,,,,,,,,,,,,,,,,,,,,,
S56.SI,,,,,,,,,,,,,,,,,,,,,,,,,,
053980.KQ,,,,,,,,,,,,,,,,,,,,,,,,,,
TASK,2025.0,2.0,0.6305518755443469,Digital Customer Experience,0.7554915610586257,5.0,2025.0,4.0,0.3680905102037385,PHILIPPINES,0.5390930820660269,5.0,Rest Of World,0.3640427364793881,0.2194091151428714,0.0280735673707944,0.0979942334638172,0.1895124047096188,0.6690127219282378,0.0,AI Services,0.5855433101171663,0.2445084389413742,0.0636287478266454,0.2518604319713884,0.1729353204524033
237820.KQ,,,,,,,,,,,,,,,,,,,,,,,,,,
2693.T,,,,,,,,,,,,,,,,,,,,,,,,,,
0146.HK,,,,,,,,,,,,,,,,,,,,,,,,,,
SMARTLINK.NS,,,,,,,,,,,,,,,,,,,,,,,,,,
0538.HK,,,,,,,,,,,,,,,,,,,,,,,,,,
SKUYF,,,,,,,,,,,,,,,,,,,,,,,,,,
AS.BK,,,,,,,,,,,,,,,,,,,,,,,,,,
7079.T,,,,,,,,,,,,,,,,,,,,,,,,,,
RAJESHEXPO.NS,,,,,,,,,,,,,,,,,,,,,,,,,,
TCID.JK,,,,,,,,,,,,,,,,,,,,,,,,,,
115310.KQ,,,,,,,,,,,,,,,,,,,,,,,,,,
PBSA.JK,,,,,,,,,,,,,,,,,,,,,,,,,,
TPT.L,,,,,,,,,,,,,,,,,,,,,,,,,,
ASSA.JK,,,,,,,,,,,,,,,,,,,,,,,,,,
015890.KS,,,,,,,,,,,,,,,,,,,,,,,,,,
JUBILE.BK,,,,,,,,,,,,,,,,,,,,,,,,,,
1742.HK,,,,,,,,,,,,,,,,,,,,,,,,,,
3348.HK,,,,,,,,,,,,,,,,,,,,,,,,,,
0210.HK,,,,,,,,,,,,,,,,,,,,,,,,,,
3798.HK,,,,,,,,,,,,,,,,,,,,,,,,,,
8920.T,,,,,,,,,,,,,,,,,,,,,,,,,,
088910.KQ,,,,,,,,,,,,,,,,,,,,,,,,,,
SOGP,2025.0,2.0,0.9705833817407146,Value Added Service,0.9850687486020484,3.0,,,,,,,,,,,,,,,,,,,,0.5270916613101841
7505.T,,,,,,,,,,,,,,,,,,,,,,,,,,
PERF,,,,,,,2025.0,5.0,0.2731189666940566,UNITED STATES,0.3756543366978049,4.0,Americas,0.2423151896836106,0.1198050727362119,0.0090280221398862,0.0822891277472005,0.1486993787581807,0.0,0.0,,,,,,
0057.HK,,,,,,,,,,,,,,,,,,,,,,,,,,
0100.KL,,,,,,,,,,,,,,,,,,,,,,,,,,
1905.T,,,,,,,,,,,,,,,,,,,,,,,,,,
SNX.L,,,,,,,,,,,,,,,,,,,,,,,,,,
047080.KQ,,,,,,,,,,,,,,,,,,,,,,,,,,
JD,2025.0,4.0,0.3411816028656735,Electronics And Home Appliance Products,0.4622549337896317,12.0,,,,,,,,,,,,,,,Logistics And Other Services,0.2661743697628305,0.1360889476237219,0.0146713664484046,0.0701317730988478,0.1296716743512145
002758.SZ,,,,,,,,,,,,,,,,,,,,,,,,,,
ALLEX.PA,,,,,,,,,,,,,,,,,,,,,,,,,,
1827.T,,,,,,,,,,,,,,,,,,,,,,,,,,
136540.KQ,,,,,,,,,,,,,,,,,,,,,,,,,,
MTSA4.SA,,,,,,,,,,,,,,,,,,,,,,,,,,
3337.HK,,,,,,,,,,,,,,,,,,,,,,,,,,
WIIM.JK,,,,,,,,,,,,,,,,,,,,,,,,,,
STG,2025.0,2.0,0.7593911472322551,Sales of products,0.8601327166700181,8.0,,,,,,,,,,,,,,,Sales of products,-0.1285576331476675,0.8601327166700181,0.0055333204746138,0.0192780375309655,-0.1341637097420076
GDDY,2025.0,2.0,0.5280696293346513,Core Platform,0.618468623134253,11.0,2025.0,2.0,0.558774125238627,UNITED STATES,0.6714265516753852,11.0,Non-US,0.1143992327716125,0.3285734483246147,0.0093658912529799,0.0233298919687702,0.0826336044782647,0.0,0.0,Applications And Commerce,0.1427707199032062,0.381531376865747,0.0200776901693418,0.0470890788749644,0.0826336044782647
348350.KQ,,,,,,,,,,,,,,,,,,,,,,,,,,
1795.T,,,,,,,,,,,,,,,,,,,,,,,,,,
00806K.KS,,,,,,,,,,,,,,,,,,,,,,,,,,
METCO.BK,,,,,,,,,,,,,,,,,,,,,,,,,,
CWLPF,,,,,,,,,,,,,,,,,,,,,,,,,,
300771.SZ,,,,,,,,,,,,,,,,,,,,,,,,,,
8135.T,,,,,,,,,,,,,,,,,,,,,,,,,,
BISI.JK,,,,,,,,,,,,,,,,,,,,,,,,,,
215200.KQ,,,,,,,,,,,,,,,,,,,,,,,,,,
BCAP.JK,,,,,,,,,,,,,,,,,,,,,,,,,,
NRDS,2025.0,4.0,0.2767534405461201,Insurance,0.3812109693184903,5.0,,,,,,,,,,,,,,,Loans,0.5786982248520709,0.1811023622047244,0.0348579869883865,0.3321216689202765,0.2748355832467981
MJS.V,,,,,,,,,,,,,,,,,,,,,,,,,,
6858.T,,,,,,,,,,,,,,,,,,,,,,,,,,
3079.T,,,,,,,,,,,,,,,,,,,,,,,,,,
TSIOF,,,,,,,,,,,,,,,,,,,,,,,,,,
2348.HK,,,,,,,,,,,,,,,,,,,,,,,,,,
GMD.MX,,,,,,,,,,,,,,,,,,,,,,,,,,
TPP.BK,,,,,,,,,,,,,,,,,,,,,,,,,,
FOUR,2025.0,2.0,0.7954209582538847,Payments Based Revenue,0.8843312101910829,6.0,2025.0,2.0,0.6709306105629449,UNITED STATES,0.7923444976076555,3.0,Non-US,0.5502768351491338,0.2076555023923445,0.0395476539566272,0.1774555215555103,0.2550291238815829,0.0,0.0,Subscription And Other Revenues,0.3333333333333332,0.1156687898089171,0.0134349580668887,0.0862512959432794,0.1784663424007686
PRIMAPLA.BO,,,,,,,,,,,,,,,,,,,,,,,,,,
BCG.NS,,,,,,,,,,,,,,,,,,,,,,,,,,
CF,2025.0,4.0,0.2982820430107955,Ammonia,0.3327725951980425,15.0,2025.0,6.0,0.4175197546714138,UNITED STATES,0.6045300113250283,15.0,UNITED STATES,0.1885994210643509,0.6045300113250283,-0.1429733175697787,0.0188217935908439,0.4697070572569906,0.0,0.0,UAN,0.2878426698450536,0.3304786664627619,0.021625362579088,0.113223544588254,0.2035707712129577
OPXS,2025.0,2.0,0.5070001172638341,"Optex Systems (OPX) - Richardson, Texas",0.5591612933590625,11.0,,,,,,,,,,,,,,,"Optex Systems (OPX) - Richardson, Texas",0.3076330416597876,0.5591612933590625,0.0405381235671282,0.098468483358057,0.2128321488711932
NATR,2025.0,1.0,1.0,Personal Care Products,1.0,14.0,2025.0,5.0,0.2508309166269774,Other Countries,0.3594025958879003,14.0,UNITED STATES,0.0427050436196492,0.277806241460895,-0.003738951380087,0.0728766568621133,0.0567386500691076,0.2460136958912326,0.0,Personal Care Products,0.3069145649609617,1.0,0.0,,0.3069145649609617
9691.T,,,,,,,,,,,,,,,,,,,,,,,,,,
046940.KQ,,,,,,,,,,,,,,,,,,,,,,,,,,
6294.TWO,,,,,,,,,,,,,,,,,,,,,,,,,,
2779.HK,,,,,,,,,,,,,,,,,,,,,,,,,,
SEAFCO.BK,,,,,,,,,,,,,,,,,,,,,,,,,,
036800.KQ,,,,,,,,,,,,,,,,,,,,,,,,,,
AHC.BK,,,,,,,,,,,,,,,,,,,,,,,,,,
2377.HK,,,,,,,,,,,,,,,,,,,,,,,,,,
035510.KS,,,,,,,,,,,,,,,,,,,,,,,,,,
LPPF.JK,,,,,,,,,,,,,,,,,,,,,,,,,,
MTRX,2026.0,3.0,0.4032253774104449,Storage and Terminal Solutions Segment,0.5245870114647815,15.0,2026.0,2.0,0.9152501635798626,UNITED STATES,0.9556589533740464,15.0,UNITED STATES,0.1511618208810823,0.9556589533740464,0.0098623884845356,0.1095869257699289,0.1392818452412254,0.0,0.0,Storage and Terminal Solutions Segment,0.2525478899453661,0.5245870114647815,0.0489628612787648,0.1682116007023478,0.135640061043617
067920.KQ,,,,,,,,,,,,,,,,,,,,,,,,,,
7043.T,,,,,,,,,,,,,,,,,,,,,,,,,,
010770.KS,,,,,,,,,,,,,,,,,,,,,,,,,,
HTLM,2025.0,2.0,0.950467473774852,Export Sales,0.9745879653841066,1.0,2025.0,3.0,0.4465860663789541,Europe,0.5968817908084656,2.0,,,,,,2162.1610995666533,0.0,0.0,,,,,,
036190.KQ,,,,,,,,,,,,,,,,,,,,,,,,,,
MANAKSIA.NS,,,,,,,,,,,,,,,,,,,,,,,,,,
NUS,2025.0,3.0,0.8448990313454907,Manufacturing Segment,0.915752936988252,14.0,2025.0,5.0,0.2098550323280423,Americas Segment,0.2793862831923937,14.0,Japan Segment,-0.0396184118486205,0.1721526985866544,0.0140457978849324,0.0452633341372824,-0.1179751601908182,0.3413197478390079,0.1930729776026934,Manufacturing Segment,0.0216353075510102,0.915752936988252,0.7994595008731444,0.5104240090962113,-0.8702603337944349
4119.T,,,,,,,,,,,,,,,,,,,,,,,,,,
3622.TW,,,,,,,,,,,,,,,,,,,,,,,,,,
000850.KS,,,,,,,,,,,,,,,,,,,,,,,,,,
BDU.SI,,,,,,,,,,,,,,,,,,,,,,,,,,
7034.T,,,,,,,,,,,,,,,,,,,,,,,,,,
DCOHF,,,,,,,,,,,,,,,,,,,,,,,,,,
092300.KQ,,,,,,,,,,,,,,,,,,,,,,,,,,
0236.HK,,,,,,,,,,,,,,,,,,,,,,,,,,
1896.HK,,,,,,,,,,,,,,,,,,,,,,,,,,
147830.KQ,,,,,,,,,,,,,,,,,,,,,,,,,,
TRSBF,,,,,,,,,,,,,,,,,,,,,,,,,,
007540.KS,,,,,,,,,,,,,,,,,,,,,,,,,,
1361.HK,,,,,,,,,,,,,,,,,,,,,,,,,,
SRICHA.BK,,,,,,,,,,,,,,,,,,,,,,,,,,
CVSA,,,,,,,,,,,,,,,,,,,,,,,,,,
5521.TW,,,,,,,,,,,,,,,,,,,,,,,,,,
SCP.BK,,,,,,,,,,,,,,,,,,,,,,,,,,
CODA,2025.0,4.0,0.5455190856388784,Equipment Sales,0.7130662487947573,9.0,2025.0,4.0,0.2996873561146349,Americas,0.3364263302444147,3.0,Europe,-0.1819212654761218,0.3088932755881217,-0.2477173695105659,,0.4741380539860613,0.0586167079883595,0.0,Software Sales,-0.075814213969922,0.0401807120487054,-0.9598192879512946,,22.000731916094868
KMRCF,,,,,,,,,,,,,,,,,,,,,,,,,,
RSP.BK,,,,,,,,,,,,,,,,,,,,,,,,,,
0752.HK,,,,,,,,,,,,,,,,,,,,,,,,,,
MNPR3.SA,,,,,,,,,,,,,,,,,,,,,,,,,,
3352.T,,,,,,,,,,,,,,,,,,,,,,,,,,
ADBE,2025.0,3.0,0.6123193683727453,Digital Media,0.7425217720560394,16.0,2025.0,3.0,0.4428864816722807,Americas,0.59405107492953,16.0,EMEA,0.1323370543752251,0.2645883293365307,0.0063228096899369,0.0168410266959766,0.1052778423622413,0.0,0.0,Digital Media,0.1125189107413011,0.7425217720560394,0.0048328625001221,0.0098561754601026,0.1052778423622413
9867.T,,,,,,,,,,,,,,,,,,,,,,,,,,
JRSH,,,,,,,2026.0,5.0,0.7028459865185563,UNITED STATES,0.8309575375576185,7.0,CHINA,1.196103688433738,0.1013525548274558,0.0487282393784249,0.5607912396634892,0.1402618656792911,0.1431642124052567,0.1013525548274558,,,,,,
2683.HK,,,,,,,,,,,,,,,,,,,,,,,,,,
7399.T,,,,,,,,,,,,,,,,,,,,,,,,,,
NPK.BK,,,,,,,,,,,,,,,,,,,,,,,,,,
2130.T,,,,,,,,,,,,,,,,,,,,,,,,,,
INTU,2026.0,2.0,0.5199105813340205,Global Business Solutions,0.5997762029093622,16.0,,,,,,,,,,,,,,,,,,,,0.1389729701024906
SAMTEL.BK,,,,,,,,,,,,,,,,,,,,,,,,,,
SOND6.SA,,,,,,,,,,,,,,,,,,,,,,,,,,
060250.KQ,,,,,,,,,,,,,,,,,,,,,,,,,,
HUABF,,,,,,,,,,,,,,,,,,,,,,,,,,
0780.HK,,,,,,,,,,,,,,,,,,,,,,,,,,
SOND5.SA,,,,,,,,,,,,,,,,,,,,,,,,,,
173130.KQ,,,,,,,,,,,,,,,,,,,,,,,,,,
2331.TW,,,,,,,,,,,,,,,,,,,,,,,,,,
192400.KS,,,,,,,,,,,,,,,,,,,,,,,,,,
1075.HK,,,,,,,,,,,,,,,,,,,,,,,,,,
216050.KQ,,,,,,,,,,,,,,,,,,,,,,,,,,
8176.KL,,,,,,,,,,,,,,,,,,,,,,,,,,
0460.HK,,,,,,,,,,,,,,,,,,,,,,,,,,
012280.KS,,,,,,,,,,,,,,,,,,,,,,,,,,
4439.T,,,,,,,,,,,,,,,,,,,,,,,,,,
PCSGH.BK,,,,,,,,,,,,,,,,,,,,,,,,,,
265560.KQ,,,,,,,,,,,,,,,,,,,,,,,,,,
WB,2025.0,2.0,0.7514122663080784,Advertising And Marketing,0.854550607324313,11.0,,,,,,,,,,,,,,,Advertising And Marketing,0.0019597075585193,0.854550607324313,0.000437286183157,0.0017572461162807,0.0014469899588356
7046.T,,,,,,,,,,,,,,,,,,,,,,,,,,
036010.KQ,,,,,,,,,,,,,,,,,,,,,,,,,,
SALEE.BK,,,,,,,,,,,,,,,,,,,,,,,,,,
095660.KQ,,,,,,,,,,,,,,,,,,,,,,,,,,
7851.T,,,,,,,,,,,,,,,,,,,,,,,,,,
1815.HK,,,,,,,,,,,,,,,,,,,,,,,,,,
1455.HK,,,,,,,,,,,,,,,,,,,,,,,,,,
6033.T,,,,,,,,,,,,,,,,,,,,,,,,,,
6626.T,,,,,,,,,,,,,,,,,,,,,,,,,,
6149.T,,,,,,,,,,,,,,,,,,,,,,,,,,
5278.TWO,,,,,,,,,,,,,,,,,,,,,,,,,,
PYLON.BK,,,,,,,,,,,,,,,,,,,,,,,,,,
1425.HK,,,,,,,,,,,,,,,,,,,,,,,,,,
3611.T,,,,,,,,,,,,,,,,,,,,,,,,,,
031820.KS,,,,,,,,,,,,,,,,,,,,,,,,,,
RALS.JK,,,,,,,,,,,,,,,,,,,,,,,,,,
3698.T,,,,,,,,,,,,,,,,,,,,,,,,,,
TJIPF,,,,,,,,,,,,,,,,,,,,,,,,,,
MOUR.BR,,,,,,,,,,,,,,,,,,,,,,,,,,
NTBR.L,,,,,,,,,,,,,,,,,,,,,,,,,,
MAITHANALL.NS,,,,,,,,,,,,,,,,,,,,,,,,,,
1022.HK,,,,,,,,,,,,,,,,,,,,,,,,,,
ALGEV.PA,,,,,,,,,,,,,,,,,,,,,,,,,,
1418.T,,,,,,,,,,,,,,,,,,,,,,,,,,
ACTG,2025.0,5.0,0.3350740459545392,License fees,0.5043642262188293,7.0,2025.0,4.0,0.6225605036666907,Americas,0.7778190870296133,4.0,Americas,1.7394195406879431,0.7778190870296133,0.0848710973811881,0.6596580007374856,1.4405100044183552,0.0778740462950989,0.0,License fees,3.013060179257362,0.5043642262188293,0.2861126976197749,1.229857285895069,0.7365555940577457
CLPI.JK,,,,,,,,,,,,,,,,,,,,,,,,,,
ARIES.NS,,,,,,,,,,,,,,,,,,,,,,,,,,
SHWGF,,,,,,,,,,,,,,,,,,,,,,,,,,
HOOT4.SA,,,,,,,,,,,,,,,,,,,,,,,,,,
5515.TW,,,,,,,,,,,,,,,,,,,,,,,,,,
169330.KQ,,,,,,,,,,,,,,,,,,,,,,,,,,
MBAX.BK,,,,,,,,,,,,,,,,,,,,,,,,,,
010470.KQ,,,,,,,,,,,,,,,,,,,,,,,,,,
6874.T,,,,,,,,,,,,,,,,,,,,,,,,,,
NCSYF,2025.0,3.0,0.6161949026529362,Cloud,0.7599720784858011,9.0,2025.0,4.0,0.7154481345377746,Americas,0.8371178234256208,9.0,EMEA,0.1694489998509138,0.1091902998541114,0.0086485621402753,0.0536841143856132,0.0768212448341518,0.0,0.0,Cloud,0.1281454116603499,0.7599720784858011,0.0345743849474619,0.0870258419208743,0.0768212448341518
0698.HK,,,,,,,,,,,,,,,,,,,,,,,,,,
016090.KS,,,,,,,,,,,,,,,,,,,,,,,,,,
8410.TWO,,,,,,,,,,,,,,,,,,,,,,,,,,
ASGR.JK,,,,,,,,,,,,,,,,,,,,,,,,,,
TOUR,2025.0,2.0,0.9449550732927068,Advertising Service,0.9716752448945708,8.0,,,,,,,,,,,,,,,Advertising Service,-0.0651715545332566,0.9716752448945708,0.7505534590793688,,-0.7872633512291608
KTB,2025.0,1.0,1.0,Royalty,1.0,7.0,2025.0,1.0,1.0,Non-US,1.0,7.0,Non-US,0.6621302559511575,1.0,0.800378358768175,,-0.6682028303659564,0.0,0.0,Royalty,0.259825327510917,1.0,0.0,,0.259825327510917
KISS.BK,,,,,,,,,,,,,,,,,,,,,,,,,,
600262.SS,,,,,,,,,,,,,,,,,,,,,,,,,,
002790.KS,,,,,,,,,,,,,,,,,,,,,,,,,,
214320.KS,,,,,,,,,,,,,,,,,,,,,,,,,,
123420.KQ,,,,,,,,,,,,,,,,,,,,,,,,,,
048910.KQ,,,,,,,,,,,,,,,,,,,,,,,,,,
6229.T,,,,,,,,,,,,,,,,,,,,,,,,,,
7222.T,,,,,,,,,,,,,,,,,,,,,,,,,,
RLX,,,,,,,2025.0,2.0,0.5014866544449827,Hong Kong,0.5272640279946181,3.0,PRC,-0.4071037380689626,0.4727359720053819,-0.269373032802926,,-0.069261319315893,1.0,1.0,,,,,,
AALI.JK,,,,,,,,,,,,,,,,,,,,,,,,,,
1826.T,,,,,,,,,,,,,,,,,,,,,,,,,,
4346.T,,,,,,,,,,,,,,,,,,,,,,,,,,
000320.KS,,,,,,,,,,,,,,,,,,,,,,,,,,
058630.KQ,,,,,,,,,,,,,,,,,,,,,,,,,,
NETTF,,,,,,,,,,,,,,,,,,,,,,,,,,
NRCA.JK,,,,,,,,,,,,,,,,,,,,,,,,,,
048430.KQ,,,,,,,,,,,,,,,,,,,,,,,,,,
201490.KQ,,,,,,,,,,,,,,,,,,,,,,,,,,
3836.T,,,,,,,,,,,,,,,,,,,,,,,,,,
5212.TWO,,,,,,,,,,,,,,,,,,,,,,,,,,
SCCO.JK,,,,,,,,,,,,,,,,,,,,,,,,,,
009970.KS,,,,,,,,,,,,,,,,,,,,,,,,,,
1827.HK,,,,,,,,,,,,,,,,,,,,,,,,,,
2763.T,,,,,,,,,,,,,,,,,,,,,,,,,,
LXU,2025.0,1.0,1.0,Chemical,1.0,15.0,2015.0,1.0,1.0,C A,1.0,5.0,,,,,,-0.0764456398055239,0.0,0.0,Chemical,0.1776569678407351,1.0,0.0,,0.1776569678407351
ALWEC.PA,,,,,,,,,,,,,,,,,,,,,,,,,,
4240.T,,,,,,,,,,,,,,,,,,,,,,,,,,
COGNY,,,,,,,,,,,,,,,,,,,,,,,,,,
7080.T,,,,,,,,,,,,,,,,,,,,,,,,,,
CEJOF,,,,,,,,,,,,,,,,,,,,,,,,,,
ADSL.NS,,,,,,,,,,,,,,,,,,,,,,,,,,
WGE.BK,,,,,,,,,,,,,,,,,,,,,,,,,,
WICE.BK,,,,,,,,,,,,,,,,,,,,,,,,,,
UNTC,2022.0,3.0,0.4303854136018407,Oil and Gas,0.5783089684249118,3.0,,,,,,,,,,,,,,,Oil and Gas Service,0.9363527664997964,0.2701434398056918,0.1509871950897303,0.84601530256179,-0.145903656711277
0085.HK,,,,,,,,,,,,,,,,,,,,,,,,,,
VRRM,2025.0,2.0,0.8832602613586285,Service,0.9377557888587132,8.0,2025.0,4.0,0.3521018340411352,AUSTRALIA,0.497875444652513,5.0,UNITED KINGDOM,0.3771236086701817,0.2121471922026938,0.0355959911477306,0.1739013989487553,0.1460572472699379,0.0,0.0,Service,0.0908437450990642,0.9377557888587132,-0.0195568803989246,,0.1135932721190799
IRC.BK,,,,,,,,,,,,,,,,,,,,,,,,,,
015230.KS,,,,,,,,,,,,,,,,,,,,,,,,,,
7565.T,,,,,,,,,,,,,,,,,,,,,,,,,,
RSUL4.SA,,,,,,,,,,,,,,,,,,,,,,,,,,
AFMJF,,,,,,,,,,,,,,,,,,,,,,,,,,
4642.T,,,,,,,,,,,,,,,,,,,,,,,,,,
2341.T,,,,,,,,,,,,,,,,,,,,,,,,,,
LSIP.JK,,,,,,,,,,,,,,,,,,,,,,,,,,
HCO.PA,,,,,,,,,,,,,,,,,,,,,,,,,,
HST.VI,,,,,,,,,,,,,,,,,,,,,,,,,,
IH,2021.0,2.0,0.6131562653106399,Online Subscriptions,0.7378615829748889,2.0,,,,,,,,,,,,,,,,,,,,0.7065812869431496
COLM,2025.0,2.0,0.6780657837433244,Apparel Accessories And Equipment,0.798383799613287,15.0,2025.0,4.0,0.4051228997127412,UNITED STATES,0.5825223828800733,15.0,EMEA,0.1272856590162141,0.169814658538373,0.0178878240424337,0.0666109119322449,0.0085403888045474,0.179889861247778,0.0,Apparel Accessories And Equipment,0.0093838359555429,0.798383799613287,0.0006671342627032,0.0020848162120158,0.0085403888045474
1458.HK,,,,,,,,,,,,,,,,,,,,,,,,,,
SHILGRAVQ.BO,,,,,,,,,,,,,,,,,,,,,,,,,,
1565.TWO,,,,,,,,,,,,,,,,,,,,,,,,,,
PMJS.JK,,,,,,,,,,,,,,,,,,,,,,,,,,
290270.KQ,,,,,,,,,,,,,,,,,,,,,,,,,,
TRAK,2025.0,2.0,0.9733607029686248,Subscription and Support,0.9864980487980528,5.0,2020.0,2.0,0.9965556173584652,North America,0.9982748324762476,2.0,North America,-0.0523813888863228,0.9982748324762476,0.0011276486455407,,-0.0534518163964112,0.0,0.0,Subscription and Support,0.0954394936646931,0.9864980487980528,-0.0088363516806959,,0.105251665744241
ANIM3.SA,,,,,,,,,,,,,,,,,,,,,,,,,,
189690.KQ,,,,,,,,,,,,,,,,,,,,,,,,,,
4224.T,,,,,,,,,,,,,,,,,,,,,,,,,,
EGG.AX,,,,,,,,,,,,,,,,,,,,,,,,,,
9951.TWO,,,,,,,,,,,,,,,,,,,,,,,,,,
134380.KS,,,,,,,,,,,,,,,,,,,,,,,,,,
TACC.BK,,,,,,,,,,,,,,,,,,,,,,,,,,
1581.HK,,,,,,,,,,,,,,,,,,,,,,,,,,
NORTHM.CO,,,,,,,,,,,,,,,,,,,,,,,,,,
3078.TWO,,,,,,,,,,,,,,,,,,,,,,,,,,
ELSA.JK,,,,,,,,,,,,,,,,,,,,,,,,,,
8152.T,,,,,,,,,,,,,,,,,,,,,,,,,,
3709.HK,,,,,,,,,,,,,,,,,,,,,,,,,,
AJ91.DE,,,,,,,,,,,,,,,,,,,,,,,,,,
ARC.L,,,,,,,,,,,,,,,,,,,,,,,,,,
9625.T,,,,,,,,,,,,,,,,,,,,,,,,,,
RKN.AX,,,,,,,,,,,,,,,,,,,,,,,,,,
STNE,,,,,,,,,,,,,,,,,,,,,,,,,,
TNHDF,,,,,,,,,,,,,,,,,,,,,,,,,,
042500.KQ,,,,,,,,,,,,,,,,,,,,,,,,,,
259630.KQ,,,,,,,,,,,,,,,,,,,,,,,,,,
0710.HK,,,,,,,,,,,,,,,,,,,,,,,,,,
HOLO,2025.0,2.0,0.951924587034074,Services,0.9753549132143656,4.0,,,,,,,,,,,,,,,Services,0.3942799313171381,0.9753549132143656,0.0025794495032568,,0.3905925815867876
TGLS,2025.0,2.0,0.5161492026610035,Commercial,0.5898587854942507,6.0,2025.0,4.0,0.9009898193159348,UNITED STATES,0.948476530332144,8.0,UNITED STATES,0.0976898567367607,0.948476530332144,-0.0062776151730961,,0.1049550597013415,0.0322190705665863,0.0,Commercial,0.1199149916902639,0.5898587854942507,0.0078793902926007,0.0178937734374827,0.1049550597013415
6384.T,,,,,,,,,,,,,,,,,,,,,,,,,,
215000.KQ,,,,,,,,,,,,,,,,,,,,,,,,,,
TTD,,,,,,,2025.0,2.0,0.7522266212096267,UNITED STATES,0.8551243593515001,1.0,,,,,,,0.0,0.0,,,,,,
GEN,2026.0,2.0,0.5563136799999999,Core Consumer Security,0.6678,4.0,2026.0,3.0,0.55090584,Americas,0.7066,4.0,Americas,0.3656745264785466,0.7066,0.049166709021601,0.14341580216494,0.2706480304955527,0.0,0.0,,,,,,0.2706480304955527
ANDHRSUGAR.NS,,,,,,,,,,,,,,,,,,,,,,,,,,
3686.HK,,,,,,,,,,,,,,,,,,,,,,,,,,
ZM,2026.0,1.0,1.0,Reportable Segment,1.0,9.0,2026.0,3.0,0.5589054234522381,Americas,0.7205410648975131,10.0,Americas,0.0468065095011287,0.7205410648975131,0.0022184568994988,0.0056111709641726,0.0435835216152498,0.0,0.0,Reportable Segment,0.0435835216152498,1.0,0.0,,0.0435835216152498
009900.KS,,,,,,,,,,,,,,,,,,,,,,,,,,
068930.KQ,,,,,,,,,,,,,,,,,,,,,,,,,,
1234.HK,,,,,,,,,,,,,,,,,,,,,,,,,,
NETBAY.BK,,,,,,,,,,,,,,,,,,,,,,,,,,
EKC.NS,,,,,,,,,,,,,,,,,,,,,,,,,,
3390.HK,,,,,,,,,,,,,,,,,,,,,,,,,,
CWL.TO,,,,,,,,,,,,,,,,,,,,,,,,,,
ZZ-B.ST,,,,,,,,,,,,,,,,,,,,,,,,,,
RDCM,2025.0,2.0,0.5005210776205858,Product,0.516141214647383,8.0,2025.0,4.0,0.4137013164137582,UNITED STATES,0.5433882563571768,14.0,EMEA,0.8974726200505476,0.3150334293786891,0.1204719712331696,0.559738274661816,0.1718598895244965,0.0031051556773995,0.0,Product,0.3077577346989404,0.516141214647383,0.0536356826766902,0.1264179012601801,0.1718598895244965
1066.HK,,,,,,,,,,,,,,,,,,,,,,,,,,
0297.HK,,,,,,,,,,,,,,,,,,,,,,,,,,
067730.KQ,,,,,,,,,,,,,,,,,,,,,,,,,,
6279.T,,,,,,,,,,,,,,,,,,,,,,,,,,
TGDLF,,,,,,,,,,,,,,,,,,,,,,,,,,
VAMO3.SA,,,,,,,,,,,,,,,,,,,,,,,,,,
1397.HK,,,,,,,,,,,,,,,,,,,,,,,,,,
OPRX,2025.0,1.0,1.0,Other Revenue,1.0,1.0,,,,,,,,,,,,,,,,,,,,
092230.KS,,,,,,,,,,,,,,,,,,,,,,,,,,
DLTA.JK,,,,,,,,,,,,,,,,,,,,,,,,,,
BWG.BK,,,,,,,,,,,,,,,,,,,,,,,,,,
CIX,2025.0,2.0,0.6378834057601988,Security Products,0.7625675206115551,14.0,,,,,,,,,,,,,,,Marine Components,0.2242491367515799,0.2374324793884449,0.0270872028725925,0.0884354939851546,0.0845821256535175
SAF1R.RG,,,,,,,,,,,,,,,,,,,,,,,,,,
MLPL.JK,,,,,,,,,,,,,,,,,,,,,,,,,,
INMD,2025.0,1.0,1.0,Capital Equipment,1.0,2.0,2025.0,5.0,0.3625000958823396,UNITED STATES,0.536179975438265,3.0,Europe,0.2640727947290986,0.2133497078233174,0.0862645454001392,0.4669145383364634,-0.2470348421292232,0.0,0.0,Capital Equipment,-0.298408838867332,1.0,0.0,,-0.298408838867332
1431.HK,,,,,,,,,,,,,,,,,,,,,,,,,,
MRAT.JK,,,,,,,,,,,,,,,,,,,,,,,,,,
GHG,2023.0,4.0,0.3197363232909551,Initial Franchise Fee,0.4293388655417571,6.0,,,,,,,,,,,,,,,Initial Franchise Fee,-0.1110483996471172,0.4293388655417571,0.3151464285362793,,-0.7635631018493423
SONA.JK,,,,,,,,,,,,,,,,,,,,,,,,,,
THC,2025.0,2.0,0.5000099765387265,Ambulatory Care,0.5022334433870654,15.0,,,,,,,,,,,,,,,Ambulatory Care,0.1407146007940007,0.5022334433870654,0.0567628204749019,0.1162467405103951,0.0117901355865592
1612.HK,,,,,,,,,,,,,,,,,,,,,,,,,,
081580.KQ,,,,,,,,,,,,,,,,,,,,,,,,,,
7531.T,,,,,,,,,,,,,,,,,,,,,,,,,,
ALLA.BK,,,,,,,,,,,,,,,,,,,,,,,,,,
SRB.L,,,,,,,,,,,,,,,,,,,,,,,,,,
MANALIPETC.NS,,,,,,,,,,,,,,,,,,,,,,,,,,
051160.KQ,,,,,,,,,,,,,,,,,,,,,,,,,,
1235.HK,,,,,,,,,,,,,,,,,,,,,,,,,,
000700.KS,,,,,,,,,,,,,,,,,,,,,,,,,,
5951.T,,,,,,,,,,,,,,,,,,,,,,,,,,
S71.SI,,,,,,,,,,,,,,,,,,,,,,,,,,
1758.T,,,,,,,,,,,,,,,,,,,,,,,,,,
LEE.BK,,,,,,,,,,,,,,,,,,,,,,,,,,
603238.SS,,,,,,,,,,,,,,,,,,,,,,,,,,
RDFEF,,,,,,,,,,,,,,,,,,,,,,,,,,
CLMB,2023.0,2.0,0.8595615782555035,Distribution,0.9240056475186996,2.0,,,,,,,,,,,,,,,Solutions,0.2249187233847702,0.0759943524813004,0.0042376791993994,0.0367927457615652,0.1566134819351532
8073.HK,,,,,,,,,,,,,,,,,,,,,,,,,,
8371.HK,,,,,,,,,,,,,,,,,,,,,,,,,,
0887.HK,,,,,,,,,,,,,,,,,,,,,,,,,,
SAT.BK,,,,,,,,,,,,,,,,,,,,,,,,,,
INDORAMA.NS,,,,,,,,,,,,,,,,,,,,,,,,,,
078070.KQ,,,,,,,,,,,,,,,,,,,,,,,,,,
084010.KS,,,,,,,,,,,,,,,,,,,,,,,,,,
ELA,2025.0,2.0,0.6795046974966744,Consumer Segment,0.7995869635820911,2.0,,,,,,,,,,,,,,,Consumer Segment,0.4771083377146905,0.7995869635820911,0.0762684380573115,0.2546134959693572,0.3362146627425058
155650.KQ,,,,,,,,,,,,,,,,,,,,,,,,,,
1585.HK,,,,,,,,,,,,,,,,,,,,,,,,,,
BZUN,2025.0,2.0,0.5255081459563,Service,0.6129339319166299,10.0,2025.0,1.0,1.0,CHINA,1.0,3.0,CHINA,0.0538771774059978,1.0,0.0,,0.0538771774059978,1.0,1.0,Product,0.1103660070240859,0.3870660680833701,0.0191140686148791,0.0433764634228014,0.0555339930710663
6763.T,,,,,,,,,,,,,,,,,,,,,,,,,,
TK,2025.0,6.0,0.4214315439371285,Voyage charters,0.5636897591875001,15.0,,,,,,,,,,,,,,,Voyage charters,-0.2640428955830708,0.5636897591875001,-0.3106020562723507,,0.1414812180528264
DBA.MI,,,,,,,,,,,,,,,,,,,,,,,,,,
CTSH,2025.0,4.0,0.2631174652505865,Healthcare Segment,0.3006916808792875,16.0,2025.0,3.0,0.5988952957455076,North America,0.747583854462763,16.0,North America,0.0736154578854266,0.747583854462763,0.0028534126305781,0.0197468765382898,0.0695176327523308,0.0,0.0,Products and Resources,0.1051861145964032,0.2503790032215274,0.0080806651591034,0.0342204711974108,0.0695176327523308
BUKS,2026.0,1.0,1.0,Casino,1.0,9.0,2026.0,4.0,0.7747292534497248,North America,0.8754580624087703,3.0,North America,0.3097245128581027,0.8754580624087703,0.0955895410673068,0.3735618425972494,0.1667182736280488,0.0,0.0,Casino,-0.045273827859164,1.0,0.0,,-0.045273827859164
ELTP,2026.0,2.0,0.985860835859627,Manufacturing,0.9928797195359264,8.0,,,,,,,,,,,,,,,Manufacturing,0.802868533327469,0.9928797195359264,0.0173651288270604,,0.7713369754524446
GULPOLY.NS,,,,,,,,,,,,,,,,,,,,,,,,,,
BBW,2025.0,2.0,0.86320614443792,Retail,0.9261491196975068,11.0,2025.0,3.0,0.743741962973988,North America,0.8516246659318425,11.0,Europe,0.0989376542547484,0.1353013785501819,0.0038902698564566,0.018797681925452,0.0673403115204551,0.0,0.0,Commercial Product and Service,0.2345875681014433,0.0738508803024932,0.0100187997350065,0.0894536710870547,0.0671002538071066
URBN,2026.0,2.0,0.8940015821149117,Retail Operations,0.9438477115604584,13.0,2017.0,2.0,0.7861121687903756,Domestic Operations,0.8782275563667827,5.0,Domestic Operations,0.0360723916562277,0.8782275563667827,0.0058101119364645,0.026862488830555,0.0292180217082993,0.0,0.0,Retail Operations,0.0788250194927435,0.9438477115604584,0.0616663661147046,,0.0083399001128874
5UL.SI,,,,,,,,,,,,,,,,,,,,,,,,,,
THX.V,,,,,,,,,,,,,,,,,,,,,,,,,,
5819.T,,,,,,,,,,,,,,,,,,,,,,,,,,
TVAGF,,,,,,,,,,,,,,,,,,,,,,,,,,
1977.HK,,,,,,,,,,,,,,,,,,,,,,,,,,
8275.T,,,,,,,,,,,,,,,,,,,,,,,,,,
INCY,2025.0,9.0,0.5302466922598416,J A K A F I,0.7126531195601205,12.0,2025.0,2.0,0.8816165316061906,U [S],0.9368160548824818,9.0,Europe,0.2432181259600614,0.0631839451175181,0.0020629236171895,0.0216164379800307,0.2026276875410759,0.0,0.0,OPZELURA,0.334771480228923,0.1361886879412123,0.016342662614048,0.1145513270892698,0.1745987059846265
ANF,2025.0,2.0,0.5008644132915117,Hollister,0.5207895802207702,15.0,2025.0,4.0,0.4093557886511542,Americas,0.4580676109606661,15.0,Americas,0.0652712814902691,0.4580676109606661,-0.3558039042819677,0.001733742154704,0.8927204876866872,0.0,0.0,Hollister,0.1465111136286014,0.5207895802207702,0.0373883588216111,0.0796652665897144,0.0642011547942877
JDCMF,2025.0,4.0,0.3411816028656735,Electronics And Home Appliance Products,0.4622549337896317,7.0,,,,,,,,,,,,,,,Logistics And Other Services,0.2661743697628305,0.1360889476237219,0.0146713664484046,0.0701317730988478,0.1296716743512145
100220.KS,,,,,,,,,,,,,,,,,,,,,,,,,,
TUYA,2025.0,3.0,0.4877600982953862,Smart Device Distribution,0.498223045895563,5.0,,,,,,,,,,,,,,,Saas And Others,0.1338200742743096,0.4892619644609179,0.356707555301359,0.0223848375660836,-0.6928172207208565
4560.TW,,,,,,,,,,,,,,,,,,,,,,,,,,
CSED3.SA,,,,,,,,,,,,,,,,,,,,,,,,,,
2436.T,,,,,,,,,,,,,,,,,,,,,,,,,,
YNAJF,,,,,,,,,,,,,,,,,,,,,,,,,,
UPBD,2025.0,1.0,1.0,Acima,1.0,2.0,2025.0,1.0,1.0,Mexico,1.0,2.0,Mexico,0.008459721057846,1.0,0.0,,0.008459721057846,1.0,0.0,Acima,0.1110077357584482,1.0,0.0491785909343751,,0.0563699407966573
2752.TWO,,,,,,,,,,,,,,,,,,,,,,,,,,
024070.KS,,,,,,,,,,,,,,,,,,,,,,,,,,
248170.KS,,,,,,,,,,,,,,,,,,,,,,,,,,
ADSK,2026.0,5.0,0.3477756108661107,Architecture Engineering And Construction,0.4972245351096309,15.0,2026.0,3.0,0.3741615542418509,Americas,0.4410213710796558,12.0,EMEA,0.2110966623320329,0.3877324451845684,0.0114479891415085,0.0399196815100588,0.1753384439732506,0.0,0.0,Architecture Engineering And Construction,0.2199523323118828,0.4972245351096309,0.0181835956217822,0.0595162817479271,0.1753384439732506
067830.KS,,,,,,,,,,,,,,,,,,,,,,,,,,
0114.HK,,,,,,,,,,,,,,,,,,,,,,,,,,
CEKA.JK,,,,,,,,,,,,,,,,,,,,,,,,,,
7877.T,,,,,,,,,,,,,,,,,,,,,,,,,,
SNFRF,,,,,,,,,,,,,,,,,,,,,,,,,,
HUTCY,,,,,,,,,,,,,,,,,,,,,,,,,,
6286.T,,,,,,,,,,,,,,,,,,,,,,,,,,
VFC,2026.0,2.0,0.5637084723355983,Outdoor,0.6784775508790928,8.0,2026.0,3.0,0.3974485424800062,UNITED STATES,0.5028620413906749,12.0,Europe,0.0380053816253296,0.3510512579270806,0.0092767594189228,0.0258600505604691,0.0105754095530301,0.0,0.0,Outdoor,0.0296775586540252,0.6784775508790928,0.0917881992736592,0.075305610889269,-0.1096229219866274
7254.T,,,,,,,,,,,,,,,,,,,,,,,,,,
056360.KQ,,,,,,,,,,,,,,,,,,,,,,,,,,
JOCIL.NS,,,,,,,,,,,,,,,,,,,,,,,,,,
2107.TW,,,,,,,,,,,,,,,,,,,,,,,,,,
7030.T,,,,,,,,,,,,,,,,,,,,,,,,,,
JL,,,,,,,2026.0,3.0,0.3983478193118898,Asia,0.5406801805763465,2.0,Asia,0.959620184321348,0.5406801805763465,0.197559625249016,0.5127888085930447,0.2435927744905435,0.4593198194236535,0.4593198194236535,,,,,,
2298.HK,,,,,,,,,,,,,,,,,,,,,,,,,,
CRTO,2025.0,1.0,1.0,Retail Media,1.0,5.0,2025.0,3.0,0.3634003003345142,Americas,0.4301864207998248,10.0,EMEA,0.0762755837417124,0.37433884809561,0.0244403073187267,0.0589663911983983,0.0060063446282474,0.0,0.0,Retail Media,0.021559950910365,1.0,0.0,,0.021559950910365
NTGAZ.IS,,,,,,,,,,,,,,,,,,,,,,,,,,
NICE,2025.0,3.0,0.6161949026529362,Cloud,0.7599720784858011,13.0,2025.0,4.0,0.7154481345377746,Americas,0.8371178234256208,13.0,EMEA,0.3152505081321592,0.1091902998541114,0.0063418551801082,0.0969134217732019,0.2388597640891219,0.0,0.0,Cloud,0.415087636116511,0.7599720784858011,0.0946430869534907,0.2389663756486345,0.2388597640891219
SRBIF,,,,,,,,,,,,,,,,,,,,,,,,,,
200570.SZ,,,,,,,,,,,,,,,,,,,,,,,,,,
8034.TWO,,,,,,,,,,,,,,,,,,,,,,,,,,
3659.TWO,,,,,,,,,,,,,,,,,,,,,,,,,,
297570.KQ,,,,,,,,,,,,,,,,,,,,,,,,,,
7442.T,,,,,,,,,,,,,,,,,,,,,,,,,,
1662.HK,,,,,,,,,,,,,,,,,,,,,,,,,,
SYNTEC.BK,,,,,,,,,,,,,,,,,,,,,,,,,,
014440.KS,,,,,,,,,,,,,,,,,,,,,,,,,,
KRT,2025.0,4.0,0.6429357783377383,National Distribution,0.7844048737944641,5.0,,,,,,,,,,,,,,,National Distribution,3.10615664199282,0.7844048737944641,0.5736115374089985,1.4978521072262407,0.1034485980435209
MOONG.BK,,,,,,,,,,,,,,,,,,,,,,,,,,
TAL,2022.0,2.0,0.5765928796897977,"Small class learning services, personalized premium services and others",0.6956947619250419,9.0,,,,,,,,,,,,,,,,,,,,-0.023321555556297
BPT.AX,,,,,,,,,,,,,,,,,,,,,,,,,,
002393.SZ,,,,,,,,,,,,,,,,,,,,,,,,,,
BRK.AX,,,,,,,,,,,,,,,,,,,,,,,,,,
OMAXAUTO.NS,,,,,,,,,,,,,,,,,,,,,,,,,,
UTP.BK,,,,,,,,,,,,,,,,,,,,,,,,,,
6030.T,,,,,,,,,,,,,,,,,,,,,,,,,,
CALM,2026.0,3.0,0.6979014970275831,Retail,0.8205868736158966,7.0,,,,,,,,,,,,,,,,,,,,0.2515380776576086
SSTK,2025.0,1.0,1.0,Content,1.0,12.0,2025.0,3.0,0.3836560361190679,North America,0.5142975477940248,14.0,Europe,0.0772596650900772,0.2673525772154456,0.0046689655643789,0.0326250485092302,0.0584467240195796,0.0,0.0,Content,0.0350652819498664,1.0,0.0,,0.0350652819498664
171120.KQ,,,,,,,,,,,,,,,,,,,,,,,,,,
ACES.JK,,,,,,,,,,,,,,,,,,,,,,,,,,
038680.KQ,,,,,,,,,,,,,,,,,,,,,,,,,,
7087.T,,,,,,,,,,,,,,,,,,,,,,,,,,
TKUMF,,,,,,,,,,,,,,,,,,,,,,,,,,
SK.BK,,,,,,,,,,,,,,,,,,,,,,,,,,
TG,2025.0,1.0,1.0,Exports From United States,1.0,9.0,2024.0,1.0,1.0,UNITED STATES,1.0,1.0,,,,,,,0.0,0.0,Exports From United States,-0.4414005650201181,1.0,0.0,,-0.4414005650201181
031440.KS,,,,,,,,,,,,,,,,,,,,,,,,,,
3978.HK,,,,,,,,,,,,,,,,,,,,,,,,,,
1381.T,,,,,,,,,,,,,,,,,,,,,,,,,,
NFC.BK,,,,,,,,,,,,,,,,,,,,,,,,,,
TBR.AX,,,,,,,,,,,,,,,,,,,,,,,,,,
JINDRILL.NS,,,,,,,,,,,,,,,,,,,,,,,,,,
TGVSL.BO,,,,,,,,,,,,,,,,,,,,,,,,,,
SMP,2025.0,2.0,0.523482100539096,Temperature Control,0.6083561270512563,10.0,2025.0,6.0,0.5311824220633851,UNITED STATES,0.7105464732871137,2.0,UNITED STATES,0.0643003487176057,0.7105464732871137,-0.1063478921836418,0.013851714727696,0.2235947833417244,0.2155415658473456,0.0,Temperature Control,0.1217586453663361,0.6083561270512563,0.0372624052236987,0.0800976960927303,0.0530498359236955
TLIH,2025.0,1.0,1.0,Rental Income,1.0,2.0,2025.0,2.0,0.9232753636951592,SINGAPORE,0.9600409567066608,2.0,SINGAPORE,0.3336858997738712,0.9600409567066608,0.0226093374506431,0.2509959553514165,0.3022770787746169,0.0,0.0,Rental Income,0.2108508014796548,1.0,0.0,,0.2108508014796548
ACN,2025.0,2.0,0.5000301013045934,Consulting Revenue,0.5038795170184848,15.0,2023.0,3.0,0.3717246874345091,North America,0.4725434785779111,14.0,Europe,0.0504142660096578,0.3320003534453788,0.0030162046673384,0.0098684038945909,0.0408713110733207,0.0,0.0,,,,,,0.0736020532644121
EMPIND.BO,,,,,,,,,,,,,,,,,,,,,,,,,,
4113.T,,,,,,,,,,,,,,,,,,,,,,,,,,
005990.KQ,,,,,,,,,,,,,,,,,,,,,,,,,,
UHS,2025.0,2.0,0.510382980126301,Acute Care Hospital Services,0.5720519955528679,15.0,2023.0,1.0,1.0,Behavioral Health Services,1.0,3.0,Behavioral Health Services,0.1109489051094889,1.0,0.0,,0.1109489051094889,0.0,0.0,Acute Care Hospital Services,0.1124796255505991,0.5720519955528679,0.007968175845202,0.0177738898981518,0.0969837731639213
JALL3.SA,,,,,,,,,,,,,,,,,,,,,,,,,,
MADHAVIPL.BO,,,,,,,,,,,,,,,,,,,,,,,,,,
2180.HK,,,,,,,,,,,,,,,,,,,,,,,,,,
COLL,2025.0,4.0,0.2853203056919832,Belbuca,0.3590929562678815,8.0,,,,,,,,,,,,,,,Nucynta IR,0.1446495930117133,0.1868132936308642,0.0172772710125979,0.0408078692460679,0.0387876340014472
PASUPTAC.BO,,,,,,,,,,,,,,,,,,,,,,,,,,
BDL,2025.0,4.0,0.4454282202541794,Restaurant Food Sales Member,0.6073012141048842,5.0,,,,,,,,,,,,,,,Package Store Sales Member,0.160283477788478,0.2292019296902057,0.013906873868834,0.0431888305680969,0.0898830409356725
7021.T,,,,,,,,,,,,,,,,,,,,,,,,,,
ESPA3.SA,,,,,,,,,,,,,,,,,,,,,,,,,,
035890.KQ,,,,,,,,,,,,,,,,,,,,,,,,,,
TOYO,,,,,,,2025.0,1.0,1.0,"United States of America, Dollars",1.0,2.0,"United States of America, Dollars",8.006930553627338,1.0,0.8191476592047983,,0.6289244740033266,0.0,0.0,,,,,,
4839.T,,,,,,,,,,,,,,,,,,,,,,,,,,
089470.KS,,,,,,,,,,,,,,,,,,,,,,,,,,
9906.T,,,,,,,,,,,,,,,,,,,,,,,,,,
6063.T,,,,,,,,,,,,,,,,,,,,,,,,,,
005710.KQ,,,,,,,,,,,,,,,,,,,,,,,,,,
EGAN,2026.0,2.0,0.8798610916975667,License,0.9358102176966292,8.0,2026.0,2.0,0.6724466432933329,North America,0.7936380793539326,15.0,North America,0.0516298816482014,0.7936380793539326,0.0158791486622068,0.0473383723612706,0.0305888206624374,0.0,0.0,License,0.0410761587382966,0.9358102176966292,0.4549177127656627,,-0.4650136188597726
1059.HK,,,,,,,,,,,,,,,,,,,,,,,,,,
9085.S,,,,,,,,,,,,,,,,,,,,,,,,,,
3633.T,,,,,,,,,,,,,,,,,,,,,,,,,,
2193.T,,,,,,,,,,,,,,,,,,,,,,,,,,
TSTH.BK,,,,,,,,,,,,,,,,,,,,,,,,,,
2101.HK,,,,,,,,,,,,,,,,,,,,,,,,,,
JET2.L,,,,,,,,,,,,,,,,,,,,,,,,,,
007120.KS,,,,,,,,,,,,,,,,,,,,,,,,,,
S44.SI,,,,,,,,,,,,,,,,,,,,,,,,,,
187870.KQ,,,,,,,,,,,,,,,,,,,,,,,,,,
1900.HK,,,,,,,,,,,,,,,,,,,,,,,,,,
3954.T,,,,,,,,,,,,,,,,,,,,,,,,,,
6907.T,,,,,,,,,,,,,,,,,,,,,,,,,,
4936.T,,,,,,,,,,,,,,,,,,,,,,,,,,
4994.T,,,,,,,,,,,,,,,,,,,,,,,,,,
1890.HK,,,,,,,,,,,,,,,,,,,,,,,,,,
SEER3.SA,,,,,,,,,,,,,,,,,,,,,,,,,,
GASS,2025.0,3.0,0.6436924932881867,Time Charter,0.7805068804044281,9.0,,,,,,,,,,,,,,,Voyage Charter,1.9956742255495168,0.1819022531096668,0.119038976511911,1.0556645135029572,0.0352697353559023
3580.T,,,,,,,,,,,,,,,,,,,,,,,,,,
MAJOR.BK,,,,,,,,,,,,,,,,,,,,,,,,,,
8147.T,,,,,,,,,,,,,,,,,,,,,,,,,,
SCTQ,,,,,,,,,,,,,,,,,,,,,,,,,,
024900.KS,,,,,,,,,,,,,,,,,,,,,,,,,,
2819.T,,,,,,,,,,,,,,,,,,,,,,,,,,
FEEXF,,,,,,,,,,,,,,,,,,,,,,,,,,
FLOYD.BK,,,,,,,,,,,,,,,,,,,,,,,,,,
KRITINUT.BO,,,,,,,,,,,,,,,,,,,,,,,,,,
126880.KQ,,,,,,,,,,,,,,,,,,,,,,,,,,
CTT.LS,,,,,,,,,,,,,,,,,,,,,,,,,,
4433.T,,,,,,,,,,,,,,,,,,,,,,,,,,
8093.T,,,,,,,,,,,,,,,,,,,,,,,,,,
131030.KQ,,,,,,,,,,,,,,,,,,,,,,,,,,
GPI.BK,,,,,,,,,,,,,,,,,,,,,,,,,,
011320.KQ,,,,,,,,,,,,,,,,,,,,,,,,,,
LKFLF,,,,,,,,,,,,,,,,,,,,,,,,,,
8070.HK,,,,,,,,,,,,,,,,,,,,,,,,,,
3689.HK,,,,,,,,,,,,,,,,,,,,,,,,,,
SAGCV.HE,,,,,,,,,,,,,,,,,,,,,,,,,,
YOUL,2025.0,2.0,0.9229740742578474,Management Service,0.9598771978788724,1.0,,,,,,,,,,,,,,,,,,,,
6248.T,,,,,,,,,,,,,,,,,,,,,,,,,,
9709.T,,,,,,,,,,,,,,,,,,,,,,,,,,
9922.HK,,,,,,,,,,,,,,,,,,,,,,,,,,
ZD,2025.0,5.0,0.215214144011973,Health and Wellness,0.2772423839015261,14.0,2025.0,2.0,0.7313461000214931,UNITED STATES,0.8401074095205021,14.0,UNITED STATES,0.046028942037851,0.8401074095205021,0.0085593046640718,,0.0353716376254915,0.0,0.0,Health and Wellness,0.1102210767974216,0.2772423839015261,0.01869126553567,0.0517404592194172,0.0353716376254915
LMB,2025.0,2.0,0.6259091864785138,Owner Direct Relationships Segment,0.7509075392236289,10.0,,,,,,,,,,,,,,,Owner Direct Relationships Segment,0.4057597684515195,0.7509075392236289,0.0849232414178109,0.2379875994397763,0.2467765781707502
7522.T,,,,,,,,,,,,,,,,,,,,,,,,,,
4465.T,,,,,,,,,,,,,,,,,,,,,,,,,,
PXGYF,,,,,,,,,,,,,,,,,,,,,,,,,,
AUSTF,,,,,,,,,,,,,,,,,,,,,,,,,,
3828.HK,,,,,,,,,,,,,,,,,,,,,,,,,,
6365.T,,,,,,,,,,,,,,,,,,,,,,,,,,
1540.TW,,,,,,,,,,,,,,,,,,,,,,,,,,
PSHG,2025.0,1.0,1.0,Voyage charters,1.0,5.0,,,,,,,,,,,,,,,Voyage charters,1.3971486761710796,1.0,0.0,,1.3971486761710796
COGN3.SA,,,,,,,,,,,,,,,,,,,,,,,,,,
LFVN,2026.0,2.0,0.9033628695507858,Protandim,0.949089562086888,12.0,2026.0,4.0,0.4105456850339483,UNITED STATES,0.5893074753664566,15.0,JAPAN,-0.0490667086713396,0.1050973155530796,0.013954604026904,0.0795376645601837,-0.1753296628358541,0.0,0.0,Protandim,-0.1399274085263511,0.949089562086888,0.34301277252386,,-0.4507683406765975
002727.SZ,,,,,,,,,,,,,,,,,,,,,,,,,,
MHLXMIRU.BO,,,,,,,,,,,,,,,,,,,,,,,,,,
JG,2025.0,3.0,0.4588916858862932,Subscription Services,0.603814356257353,8.0,,,,,,,,,,,,,,,Value Added Services,0.2465498857578065,0.1091592036217443,0.0053384742672831,0.0447753067193979,0.1855868678242718
ZDGE,2025.0,2.0,0.6796792747633449,Advertising,0.7997326098069285,6.0,,,,,,,,,,,,,,,Subscription and Circulation,0.1710738100712807,0.2002673901930714,0.0289862275763962,0.1022653529018127,0.0015753613485092
MXC,2025.0,3.0,0.6843588946573202,Oil Sales,0.8042555130641316,4.0,,,,,,,,,,,,,,,Natural Gas Sales,0.3092836813756745,0.1937211148237764,0.0617827766789432,0.2253170017848951,-0.1082814424333785
7607.T,,,,,,,,,,,,,,,,,,,,,,,,,,
TDC,2025.0,4.0,0.53833514911398,"Services And Other, Recurring",0.7047504509921828,14.0,2024.0,3.0,0.4314782040816327,Americas,0.5777142857142857,14.0,EMEA,0.0189473684210526,0.2765714285714286,0.0174334034759566,0.0452863563868348,-0.0452809601745771,0.0,0.0,"Services And Other, Recurring",-0.015126050420168,0.7047504509921828,0.0247504509921827,0.0745564016290505,-0.0497142857142857
311390.KQ,,,,,,,,,,,,,,,,,,,,,,,,,,
VH2.F,,,,,,,,,,,,,,,,,,,,,,,,,,
DHPIND.BO,,,,,,,,,,,,,,,,,,,,,,,,,,
INDSILHYD.BO,,,,,,,,,,,,,,,,,,,,,,,,,,
192080.KS,,,,,,,,,,,,,,,,,,,,,,,,,,
5284.T,,,,,,,,,,,,,,,,,,,,,,,,,,
4627.T,,,,,,,,,,,,,,,,,,,,,,,,,,
019770.KQ,,,,,,,,,,,,,,,,,,,,,,,,,,
078000.KS,,,,,,,,,,,,,,,,,,,,,,,,,,
033320.KQ,,,,,,,,,,,,,,,,,,,,,,,,,,
049830.KQ,,,,,,,,,,,,,,,,,,,,,,,,,,
7353.T,,,,,,,,,,,,,,,,,,,,,,,,,,
PRDO,2025.0,3.0,0.4044851972317773,C T U,0.5460218999255966,14.0,,,,,,,,,,,,,,,,,,,,0.2409172375426229
BBWI,2020.0,2.0,0.5037136819908947,Bath & Body Works,0.5430910779100194,10.0,2024.0,1.0,1.0,Bath & Body Works International,1.0,5.0,Bath & Body Works International,-0.1205882352941176,1.0,0.0,,-0.1205882352941176,0.0,0.0,Bath & Body Works,0.2444874274661508,0.5430910779100194,0.1232437496657446,0.2245214506911944,-0.037924313789183
MHJ.AX,,,,,,,,,,,,,,,,,,,,,,,,,,
PREB.BK,,,,,,,,,,,,,,,,,,,,,,,,,,
7094.T,,,,,,,,,,,,,,,,,,,,,,,,,,
IPI,2025.0,6.0,0.5689137584270474,Potash,0.7439978751247068,10.0,,,,,,,,,,,,,,,Potash,0.1490590012706734,0.7439978751247068,0.4969803399369357,,-0.6184965955290832
PIMO.BK,,,,,,,,,,,,,,,,,,,,,,,,,,
NWG.WA,,,,,,,,,,,,,,,,,,,,,,,,,,
NDL.NS,,,,,,,,,,,,,,,,,,,,,,,,,,
107590.KS,,,,,,,,,,,,,,,,,,,,,,,,,,
7871.T,,,,,,,,,,,,,,,,,,,,,,,,,,
4629.T,,,,,,,,,,,,,,,,,,,,,,,,,,
065710.KQ,,,,,,,,,,,,,,,,,,,,,,,,,,
081000.KS,,,,,,,,,,,,,,,,,,,,,,,,,,
1133.HK,,,,,,,,,,,,,,,,,,,,,,,,,,
CTTOF,,,,,,,,,,,,,,,,,,,,,,,,,,
ELNET.BO,,,,,,,,,,,,,,,,,,,,,,,,,,
9369.KL,,,,,,,,,,,,,,,,,,,,,,,,,,
ALCTL.IS,,,,,,,,,,,,,,,,,,,,,,,,,,
023350.KS,,,,,,,,,,,,,,,,,,,,,,,,,,
GNTX,2025.0,5.0,0.842367588203918,Automotive Products,0.9160397449443836,14.0,2025.0,7.0,0.1880228448057244,UNITED STATES,0.3097124940384065,14.0,"KOREA, REPUBLIC OF",0.0954584149994504,0.0795349696929303,0.0072134390293013,0.1152098732680202,-0.0038943919009835,0.2278712528618322,0.0676271260926179,Automotive Products,-0.0038943919009835,0.9160397449443836,-0.0839602550556163,,0.0874043551019654
950140.KQ,,,,,,,,,,,,,,,,,,,,,,,,,,
PSGO.JK,,,,,,,,,,,,,,,,,,,,,,,,,,
035610.KQ,,,,,,,,,,,,,,,,,,,,,,,,,,
SIAM.BK,,,,,,,,,,,,,,,,,,,,,,,,,,
WGO,2025.0,1.0,1.0,Marine Segment,1.0,14.0,2025.0,2.0,0.8804942154196649,UNITED STATES,0.9361732542348652,14.0,UNITED STATES,-0.0560340167921876,0.9361732542348652,0.0028959715713374,0.0218821851522932,-0.0589540945014293,0.0,0.0,Marine Segment,0.1299539170506911,1.0,0.0,,0.1299539170506911
2330.T,,,,,,,,,,,,,,,,,,,,,,,,,,
0483.HK,,,,,,,,,,,,,,,,,,,,,,,,,,
060570.KQ,,,,,,,,,,,,,,,,,,,,,,,,,,
BENGALT.BO,,,,,,,,,,,,,,,,,,,,,,,,,,
TGNO4.BA,,,,,,,,,,,,,,,,,,,,,,,,,,
TOPP.BK,,,,,,,,,,,,,,,,,,,,,,,,,,
8138.T,,,,,,,,,,,,,,,,,,,,,,,,,,
ACGL.BO,,,,,,,,,,,,,,,,,,,,,,,,,,
SMBR.JK,,,,,,,,,,,,,,,,,,,,,,,,,,
043610.KQ,,,,,,,,,,,,,,,,,,,,,,,,,,
SFM,2025.0,2.0,0.5098200216191036,Perishables,0.5700714692977948,8.0,,,,,,,,,,,,,,,Non Perishables,0.1491840409309011,0.4299285307022051,0.0031369475384685,0.0073140516165045,0.1407990890353905
PDEX,2013.0,1.0,1.0,Non Warranty Repairs,1.0,2.0,2016.0,3.0,0.6737646538176366,North America,0.7983430895922214,1.0,,,,,,,0.0,0.0,,,,,,-0.8923994038748138
BHU.SI,,,,,,,,,,,,,,,,,,,,,,,,,,
TPR,2026.0,3.0,0.7643331654444546,Coach Segment,0.8638839609205168,12.0,2026.0,4.0,0.4108079556051718,North America,0.586866894880188,14.0,Greater China,0.3199018590167028,0.1747457584767996,0.0235910948911377,0.1491813209734232,0.1417119545837077,0.1747457584767996,0.1747457584767996,Coach Segment,0.2350986871483433,0.8638839609205168,0.0653189103549527,0.1685893569398053,0.1417119545837077
3439.T,,,,,,,,,,,,,,,,,,,,,,,,,,
ALNSC.PA,,,,,,,,,,,,,,,,,,,,,,,,,,
035250.KS,,,,,,,,,,,,,,,,,,,,,,,,,,
000957.SZ,,,,,,,,,,,,,,,,,,,,,,,,,,
HOIEF,,,,,,,,,,,,,,,,,,,,,,,,,,
008470.KQ,,,,,,,,,,,,,,,,,,,,,,,,,,
DIGISPICE.NS,,,,,,,,,,,,,,,,,,,,,,,,,,
CPADF,,,,,,,,,,,,,,,,,,,,,,,,,,
001620.KS,,,,,,,,,,,,,,,,,,,,,,,,,,
039310.KQ,,,,,,,,,,,,,,,,,,,,,,,,,,
CICOY,,,,,,,,,,,,,,,,,,,,,,,,,,
AKW.PA,,,,,,,,,,,,,,,,,,,,,,,,,,
6547.T,,,,,,,,,,,,,,,,,,,,,,,,,,
FLXS,2023.0,1.0,1.0,Residential,1.0,9.0,,,,,,,,,,,,,,,Residential,-0.2755650505017049,1.0,0.0015341312040449,,-0.2766764287630309
4498.T,,,,,,,,,,,,,,,,,,,,,,,,,,
WLFC,2024.0,3.0,0.3847008983346203,Spare Parts And Equipment Sales,0.449157177663965,12.0,2024.0,9.0,0.1992628417920787,UNITED STATES,0.2688665075023321,1.0,,,,,,,0.2329649364133213,0.0,Spare Parts And Equipment Sales,0.3310575175598016,0.449157177663965,0.0609748221431535,,0.1503613171392073
7554.T,,,,,,,,,,,,,,,,,,,,,,,,,,
900140.KS,,,,,,,,,,,,,,,,,,,,,,,,,,
TEL,2025.0,2.0,0.5038462678974261,Transportation Solutions,0.5438535511528212,16.0,2025.0,8.0,0.1898905153787825,Americas,0.2715791912872204,16.0,CHINA,0.2909549145897507,0.1335302977638744,-0.0918404816618119,0.1513658341509942,1.1788576838119282,0.1335302977638744,0.1335302977638744,,,,,,0.0894288419059641
PZZA.JK,,,,,,,,,,,,,,,,,,,,,,,,,,
6833.HK,,,,,,,,,,,,,,,,,,,,,,,,,,
KMNCF,,,,,,,,,,,,,,,,,,,,,,,,,,
131090.KQ,,,,,,,,,,,,,,,,,,,,,,,,,,
3690.T,,,,,,,,,,,,,,,,,,,,,,,,,,
7879.T,,,,,,,,,,,,,,,,,,,,,,,,,,
MTY.TO,,,,,,,,,,,,,,,,,,,,,,,,,,
XCHANGING.NS,,,,,,,,,,,,,,,,,,,,,,,,,,
BFAM,2025.0,3.0,0.5666389404025552,Full Service Center Based Care,0.7094062019895644,13.0,2025.0,2.0,0.590523271573853,North America,0.7127478220497838,13.0,North America,0.0795064752153413,0.7127478220497838,-0.0083670794789876,,0.0921790028566502,0.0,0.0,Backup Dependent Care,0.1932038707647121,0.2481545755788011,0.0210104776165053,0.0661872874979039,0.0921790028566502
5203.TW,,,,,,,,,,,,,,,,,,,,,,,,,,
2654.T,,,,,,,,,,,,,,,,,,,,,,,,,,
1145.HK,,,,,,,,,,,,,,,,,,,,,,,,,,
YUASA.BK,,,,,,,,,,,,,,,,,,,,,,,,,,
6754.TW,,,,,,,,,,,,,,,,,,,,,,,,,,
TOA.BK,,,,,,,,,,,,,,,,,,,,,,,,,,
CTP.AX,,,,,,,,,,,,,,,,,,,,,,,,,,
1161.HK,,,,,,,,,,,,,,,,,,,,,,,,,,
BEC.BK,,,,,,,,,,,,,,,,,,,,,,,,,,
179290.KQ,,,,,,,,,,,,,,,,,,,,,,,,,,
TCOM,2025.0,5.0,0.321933944928114,Accommodation Reservation Services,0.4175331946888498,7.0,2025.0,2.0,0.7139465204364293,CHINA,0.8270676691729323,6.0,CHINA,0.1323812861398283,0.8270676691729323,-0.0282820132745638,,0.1711036588792926,0.8270676691729323,0.8270676691729323,"Product and Service, Other",0.3843493298746216,0.1024476083826587,0.015781066613732,0.1189283028634366,0.1711036588792926
NOVA.BK,,,,,,,,,,,,,,,,,,,,,,,,,,
PRGS,2025.0,2.0,0.6318100287199866,Maintenance and Services,0.7567197194607248,14.0,2025.0,5.0,0.4573148740822281,UNITED STATES,0.6088332237370261,15.0,UNITED STATES,0.4111166417786627,0.6088332237370261,0.0488584955349472,0.1088410166515554,0.297875390392204,0.0221582257056689,0.0,Maintenance and Services,0.4679156797162345,0.7567197194607248,0.0876568332992905,0.2569072524863103,0.297875390392204
JKON.JK,,,,,,,,,,,,,,,,,,,,,,,,,,
CTG.L,,,,,,,,,,,,,,,,,,,,,,,,,,
CICOF,,,,,,,,,,,,,,,,,,,,,,,,,,
3035.T,,,,,,,,,,,,,,,,,,,,,,,,,,
SPVI.BK,,,,,,,,,,,,,,,,,,,,,,,,,,
TME,2025.0,3.0,0.9585946673482092,Online Music Services,0.9789026444949088,8.0,,,,,,,,,,,,,,,Online Music Services,0.2292337411461686,0.9789026444949088,-0.0026774909452718,,0.2325959367945824
7064.T,,,,,,,,,,,,,,,,,,,,,,,,,,
SMIT.BK,,,,,,,,,,,,,,,,,,,,,,,,,,
133750.KQ,,,,,,,,,,,,,,,,,,,,,,,,,,
6161.T,,,,,,,,,,,,,,,,,,,,,,,,,,
IT,2025.0,2.0,0.5029681262583939,Events,0.5385235399359528,15.0,2025.0,3.0,0.4672596841089599,United States And Canada,0.6206650345855292,15.0,Europe Middle East Africa,0.1159014767939439,0.2606854063564974,0.0185096498918264,0.0459071331386445,0.0366682510529468,0.2606854063564974,0.0,Events,0.1054809129939782,0.5385235399359528,0.4454669333084315,0.058145648990951,-0.8089734341660376
SHWGY,,,,,,,,,,,,,,,,,,,,,,,,,,
ACSO.L,,,,,,,,,,,,,,,,,,,,,,,,,,
B2BSOFT.BO,,,,,,,,,,,,,,,,,,,,,,,,,,
BDA.SI,,,,,,,,,,,,,,,,,,,,,,,,,,
SWC.BK,,,,,,,,,,,,,,,,,,,,,,,,,,
CRFCF,,,,,,,,,,,,,,,,,,,,,,,,,,
GSL,,,,,,,,,,,,,,,,,,,,,,,,,,
2597.T,,,,,,,,,,,,,,,,,,,,,,,,,,
688633.SS,,,,,,,,,,,,,,,,,,,,,,,,,,
YALA,2025.0,2.0,0.9861648973731204,Group Chatting Services,0.9930339224501292,6.0,,,,,,,,,,,,,,,Group Chatting Services,-0.0398476016301215,0.9930339224501292,-0.0040067809686884,,-0.0359734939386774
DKFT.JK,,,,,,,,,,,,,,,,,,,,,,,,,,
TAGM-B.ST,,,,,,,,,,,,,,,,,,,,,,,,,,
MEVA.AT,,,,,,,,,,,,,,,,,,,,,,,,,,
ZUMZ,,,,,,,2025.0,4.0,0.6091505865513347,UNITED STATES,0.7617465882071821,13.0,CANADA,0.0764831710830751,0.0530839334938545,0.0015613323301144,0.0224646273268147,0.0448210867721845,0.0,0.0,,,,,,
BJZ.SI,,,,,,,,,,,,,,,,,,,,,,,,,,
IPCM.JK,,,,,,,,,,,,,,,,,,,,,,,,,,
4728.T,,,,,,,,,,,,,,,,,,,,,,,,,,
EDU,2026.0,2.0,0.7654144619275742,Service,0.864290036871429,14.0,,,,,,,,,,,,,,,Product,0.3569519826348353,0.1357099631285709,0.0201669574688735,0.1139951602465837,0.1553043490327659
7807.T,,,,,,,,,,,,,,,,,,,,,,,,,,
000430.KS,,,,,,,,,,,,,,,,,,,,,,,,,,
009160.KS,,,,,,,,,,,,,,,,,,,,,,,,,,
3377.T,,,,,,,,,,,,,,,,,,,,,,,,,,
IPOAF,,,,,,,,,,,,,,,,,,,,,,,,,,
JTPE.JK,,,,,,,,,,,,,,,,,,,,,,,,,,
2173.T,,,,,,,,,,,,,,,,,,,,,,,,,,
122870.KQ,,,,,,,,,,,,,,,,,,,,,,,,,,
0018.HK,,,,,,,,,,,,,,,,,,,,,,,,,,
CMCSA,2025.0,6.0,0.3471744943742155,Residential Connectivity And Platforms Segment,0.5346561606751259,15.0,2025.0,3.0,0.6182775061917462,UNITED STATES,0.7690995659097707,8.0,Europe,0.0696068761448498,0.1227254722853193,0.0080088693321386,0.0347836565302248,-0.0001939691750653,0.0,0.0,Theme Parks,0.1413484971567831,0.074371228505316,0.0091472552700797,0.0624444545313258,0.0009688602267738
SHRIDINE.BO,,,,,,,,,,,,,,,,,,,,,,,,,,
ARIP.BK,,,,,,,,,,,,,,,,,,,,,,,,,,
071840.KS,,,,,,,,,,,,,,,,,,,,,,,,,,
GINNIFILA.NS,,,,,,,,,,,,,,,,,,,,,,,,,,
HMVL.NS,,,,,,,,,,,,,,,,,,,,,,,,,,
GLBS,,,,,,,,,,,,,,,,,,,,,,,,,,
MGT.BK,,,,,,,,,,,,,,,,,,,,,,,,,,
APOG,2026.0,4.0,0.2790832408181236,Architectural Metals Segment,0.3537324064749085,14.0,2026.0,2.0,0.6372897434551221,CANADA,0.7620016635969342,14.0,CANADA,-0.3994052706135781,0.7620016635969342,0.6992409166722601,,-0.95053321322504,0.2379983364030657,0.0,Performance Surfaces,0.6209316226019601,0.1389347210476635,0.0510009778930185,0.2932130072549554,0.0259104700273167
1491.T,,,,,,,,,,,,,,,,,,,,,,,,,,
600694.SS,,,,,,,,,,,,,,,,,,,,,,,,,,
DESA.IS,,,,,,,,,,,,,,,,,,,,,,,,,,
194700.KQ,,,,,,,,,,,,,,,,,,,,,,,,,,
3040.T,,,,,,,,,,,,,,,,,,,,,,,,,,
086980.KQ,,,,,,,,,,,,,,,,,,,,,,,,,,
INDTONER.BO,,,,,,,,,,,,,,,,,,,,,,,,,,
GIII,2026.0,2.0,0.8855282055626743,Wholesale operations,0.9390490892614825,14.0,2026.0,2.0,0.6487279342146173,United States,0.7726975744433908,14.0,United States,-0.0717331256502791,0.7726975744433908,-0.0011474002107523,,-0.0703547162408403,0.0,0.0,Retail,0.1176230296039984,0.0609509107385175,0.0097345750706705,0.0940664917796974,-0.060874471919225
6082.T,,,,,,,,,,,,,,,,,,,,,,,,,,
3601.HK,,,,,,,,,,,,,,,,,,,,,,,,,,
8119.T,,,,,,,,,,,,,,,,,,,,,,,,,,
SDL.NZ,,,,,,,,,,,,,,,,,,,,,,,,,,
ACX.DE,,,,,,,,,,,,,,,,,,,,,,,,,,
RSKIA,,,,,,,,,,,,,,,,,,,,,,,,,,
035000.KS,,,,,,,,,,,,,,,,,,,,,,,,,,
1773.HK,,,,,,,,,,,,,,,,,,,,,,,,,,
CBLUF,,,,,,,,,,,,,,,,,,,,,,,,,,
PAYS,2025.0,3.0,0.4808705533800033,Plasma Industry,0.5560972122554572,7.0,,,,,,,,,,,,,,,Pharma Industry,1.678432460150681,0.4131340309212776,0.1964258167347578,0.8194332826457568,0.4049636965613781
AYN.SI,,,,,,,,,,,,,,,,,,,,,,,,,,
003650.KS,,,,,,,,,,,,,,,,,,,,,,,,,,
016800.KS,,,,,,,,,,,,,,,,,,,,,,,,,,
6835.T,,,,,,,,,,,,,,,,,,,,,,,,,,
118990.KQ,,,,,,,,,,,,,,,,,,,,,,,,,,
7477.T,,,,,,,,,,,,,,,,,,,,,,,,,,
S19.SI,,,,,,,,,,,,,,,,,,,,,,,,,,
120240.KQ,,,,,,,,,,,,,,,,,,,,,,,,,,
011420.KS,,,,,,,,,,,,,,,,,,,,,,,,,,
148150.KQ,,,,,,,,,,,,,,,,,,,,,,,,,,
1118.HK,,,,,,,,,,,,,,,,,,,,,,,,,,
0922.HK,,,,,,,,,,,,,,,,,,,,,,,,,,
0458.HK,,,,,,,,,,,,,,,,,,,,,,,,,,
MANH,2025.0,5.0,0.3740252299480345,"Service, Other",0.4651819136816251,13.0,2025.0,3.0,0.6040676536490692,Americas,0.7494285143592703,15.0,E M E A,0.1326506511024916,0.199553908295974,0.01677208411374,0.0613781987477876,0.0374537584232581,0.0,0.0,Cloud Subscriptions,0.2103628971272497,0.3774191042656132,0.0539170627287811,0.1236512745986181,0.0374537584232581
4620.T,,,,,,,,,,,,,,,,,,,,,,,,,,
CRUS,2026.0,2.0,0.5130338725415501,Audio Products Segment,0.5807275434456856,11.0,2026.0,7.0,0.3360378082087889,CHINA,0.5341369865208355,9.0,INDIA,0.5237880156579344,0.1570813551158793,0.0484876640368778,0.2805454124843728,0.0534271551208098,0.8628222285304892,0.6456511258003613,,,,,,0.0534271551208098
6088.T,,,,,,,,,,,,,,,,,,,,,,,,,,
3005.SR,,,,,,,,,,,,,,,,,,,,,,,,,,
SUC.BK,,,,,,,,,,,,,,,,,,,,,,,,,,
IPCC.JK,,,,,,,,,,,,,,,,,,,,,,,,,,
3968.T,,,,,,,,,,,,,,,,,,,,,,,,,,
3583.T,,,,,,,,,,,,,,,,,,,,,,,,,,
0799.HK,,,,,,,,,,,,,,,,,,,,,,,,,,
600218.SS,,,,,,,,,,,,,,,,,,,,,,,,,,
CHTR,2025.0,7.0,0.2988280327418042,Residential Product Line,0.4532535686533323,14.0,,,,,,,,,,,,,,,Residential Internet Product Line,0.0173373287671232,0.2529725471828662,0.0071968175361688,0.0441293312628025,-0.0116049070976158
600284.SS,,,,,,,,,,,,,,,,,,,,,,,,,,
ZEEMEDIA.NS,,,,,,,,,,,,,,,,,,,,,,,,,,
0696.HK,,,,,,,,,,,,,,,,,,,,,,,,,,
003200.KS,,,,,,,,,,,,,,,,,,,,,,,,,,
EOG,2025.0,4.0,0.4577298278069366,Oil and Condensate,0.6164809152776408,14.0,2025.0,3.0,0.9683448767606176,UNITED STATES,0.983917288914417,14.0,UNITED STATES,-0.0478043357420789,0.983917288914417,-0.0029592407505336,,-0.0449405013081273,0.0,0.0,"Natural Gas, Production",0.7994842037395229,0.1376368478153664,0.0650652588204197,0.4374196678944952,-0.0511884708965001
3985.T,,,,,,,,,,,,,,,,,,,,,,,,,,
FPIP.ST,,,,,,,,,,,,,,,,,,,,,,,,,,
039570.KS,,,,,,,,,,,,,,,,,,,,,,,,,,
7095.T,,,,,,,,,,,,,,,,,,,,,,,,,,
SAPLF,,,,,,,,,,,,,,,,,,,,,,,,,,
FRSH,2025.0,1.0,1.0,Professional Services,1.0,5.0,2025.0,3.0,0.4030900287595814,North America,0.4791526687232404,5.0,North America,0.1844641655603847,0.4791526687232404,0.0211781538569124,0.0386556542215418,0.1321118236584215,0.0,0.0,Professional Services,-0.027904092600248,1.0,0.0,,-0.027904092600248
HVTA.L,,,,,,,,,,,,,,,,,,,,,,,,,,
003350.KS,,,,,,,,,,,,,,,,,,,,,,,,,,
7887.T,,,,,,,,,,,,,,,,,,,,,,,,,,
GRRLF,,,,,,,,,,,,,,,,,,,,,,,,,,
EZZ.AX,,,,,,,,,,,,,,,,,,,,,,,,,,
WHLM,2024.0,1.0,1.0,Service Revenues,1.0,7.0,,,,,,,,,,,,,,,,,,,,0.0213804322565651
3359.T,,,,,,,,,,,,,,,,,,,,,,,,,,
CSC.BK,,,,,,,,,,,,,,,,,,,,,,,,,,
EASON.BK,,,,,,,,,,,,,,,,,,,,,,,,,,
7446.T,,,,,,,,,,,,,,,,,,,,,,,,,,
JR.BK,,,,,,,,,,,,,,,,,,,,,,,,,,
002810.KS,,,,,,,,,,,,,,,,,,,,,,,,,,
128540.KQ,,,,,,,,,,,,,,,,,,,,,,,,,,
136490.KS,,,,,,,,,,,,,,,,,,,,,,,,,,
HFT.BK,,,,,,,,,,,,,,,,,,,,,,,,,,
CLEDUCATE.NS,,,,,,,,,,,,,,,,,,,,,,,,,,
6038.T,,,,,,,,,,,,,,,,,,,,,,,,,,
004000.KS,,,,,,,,,,,,,,,,,,,,,,,,,,
GTEC,,,,,,,2020.0,1.0,1.0,DomesticSalesMember,1.0,1.0,,,,,,,0.0,0.0,,,,,,
1666.HK,,,,,,,,,,,,,,,,,,,,,,,,,,
016880.KS,,,,,,,,,,,,,,,,,,,,,,,,,,
7521.T,,,,,,,,,,,,,,,,,,,,,,,,,,
LCII,2025.0,5.0,0.291206812149651,OEM Segment,0.4362413785086034,14.0,2025.0,1.0,1.0,Non-US,1.0,8.0,,,,,,-0.8979546178667425,0.0,0.0,Travel Trailer And Fifth Wheels,0.1278626785810965,0.2336314412439292,-0.1712051783719809,0.0470165989745934,0.9543607305447864
TTEC,2025.0,2.0,0.6572808745010525,TTEC Engage,0.7804290235523532,10.0,2025.0,3.0,0.6960666166208929,United States Canada,0.8240573100118848,14.0,EMEA,0.1687519738164278,0.1155235804454897,0.0181067990617133,0.1074865724779311,-0.0144344982550507,0.0604191095426255,0.0,TTEC Digital,0.0221843152120395,0.2195709764476468,0.0116434972588311,0.0342170671749301,-0.0320204820919854
9992.HK,,,,,,,,,,,,,,,,,,,,,,,,,,
S85.SI,,,,,,,,,,,,,,,,,,,,,,,,,,
6521.KL,,,,,,,,,,,,,,,,,,,,,,,,,,
IOF.L,,,,,,,,,,,,,,,,,,,,,,,,,,
TOTO.JK,,,,,,,,,,,,,,,,,,,,,,,,,,
5282.T,,,,,,,,,,,,,,,,,,,,,,,,,,
3856.T,,,,,,,,,,,,,,,,,,,,,,,,,,
002870.KS,,,,,,,,,,,,,,,,,,,,,,,,,,
MWA,2024.0,2.0,0.5111469814310577,Mueller Co.,0.5746558150148323,14.0,2018.0,3.0,0.7935586420930189,UNITED STATES,0.8866812227074236,8.0,CANADA,0.1508828250401284,0.0782751091703056,0.0028513803567463,0.0206599917550368,0.1089588377723971,0.0,0.0,Mueller Co.,0.190889029003783,0.5746558150148323,0.0773602126004716,0.1594551179636099,0.0305714509680958
KARE.AT,,,,,,,,,,,,,,,,,,,,,,,,,,
000325.KS,,,,,,,,,,,,,,,,,,,,,,,,,,
AGLDF,,,,,,,,,,,,,,,,,,,,,,,,,,
SEK.NZ,,,,,,,,,,,,,,,,,,,,,,,,,,
MOMO,2025.0,2.0,0.970836399026292,Value Added Service,0.9851991338750988,11.0,2025.0,2.0,0.6885984044872118,CHINA,0.8070817517268095,2.0,Overseas,0.7081011741475729,0.1929182482731904,0.0820695107352383,0.408617046746879,-0.0185435518094293,0.8070817517268095,0.8070817517268095,,,,,,0.0730412753247091
0213.KL,,,,,,,,,,,,,,,,,,,,,,,,,,
ZTO,2025.0,4.0,0.8701043738994454,Express delivery services,0.9313158135230024,10.0,,,,,,,,,,,,,,,Express delivery services,0.1165562238929598,0.9313158135230024,0.0064655852520981,0.0269940960048491,0.1088046219663998
000800.SZ,,,,,,,,,,,,,,,,,,,,,,,,,,
NTXVF,,,,,,,,,,,,,,,,,,,,,,,,,,
THXPF,,,,,,,,,,,,,,,,,,,,,,,,,,
9193.T,,,,,,,,,,,,,,,,,,,,,,,,,,
41B.SI,,,,,,,,,,,,,,,,,,,,,,,,,,
JOYY,2025.0,3.0,0.6323377402263654,Live streaming,0.759253438702049,14.0,2025.0,4.0,0.4086241830861804,Developed countries,0.588637014133943,5.0,Developed countries,0.0362416185248934,0.588637014133943,0.0494085438767067,0.0952525801871282,-0.0507376033833411,0.21322557441504,0.09825688902614,Others,-0.0632415757000475,0.2363312528998847,0.0075364434038685,0.0219635267037189,-0.0931141666553554
SAHYADRI.BO,,,,,,,,,,,,,,,,,,,,,,,,,,
7367.T,,,,,,,,,,,,,,,,,,,,,,,,,,
9857.T,,,,,,,,,,,,,,,,,,,,,,,,,,
CGG.TO,,,,,,,,,,,,,,,,,,,,,,,,,,
RRL.AX,,,,,,,,,,,,,,,,,,,,,,,,,,
0929.HK,,,,,,,,,,,,,,,,,,,,,,,,,,
APT,,,,,,,2025.0,2.0,0.9794188631219684,UNITED STATES,0.9896012985695444,10.0,UNITED STATES,0.0230025694359476,0.9896012985695444,-0.0103987014304555,,0.0337522504413487,0.0,0.0,,,,,,
5984.T,,,,,,,,,,,,,,,,,,,,,,,,,,
MOLI.JK,,,,,,,,,,,,,,,,,,,,,,,,,,
7692.KL,,,,,,,,,,,,,,,,,,,,,,,,,,
3908.T,,,,,,,,,,,,,,,,,,,,,,,,,,
TEK.AX,,,,,,,,,,,,,,,,,,,,,,,,,,
DLNG,,,,,,,,,,,,,,,,,,,,,,,,,,
GBBYF,,,,,,,,,,,,,,,,,,,,,,,,,,
PTC,2025.0,3.0,0.4693768864762506,Support And Cloud Services,0.5363485889809749,15.0,2025.0,3.0,0.3898996393287721,Americas,0.4845270160256948,15.0,Americas,0.2199592068967735,0.4845270160256948,0.0111999535250422,0.0253436631153909,0.1917595689658173,0.0,0.0,License,0.4410097772754258,0.4244662543360789,0.0734195589662853,0.2578316256226636,0.1917595689658173
LIVE,2023.0,3.0,0.4932130158334571,Flooring Manufacturing,0.5456443395054057,8.0,,,,,,,,,,,,,,,Steel Manufacturing,0.4667832456241647,0.4419634646452094,0.2306903609517553,0.3139418711880854,-0.2988292618319839
093190.KQ,,,,,,,,,,,,,,,,,,,,,,,,,,
GSJ.MC,,,,,,,,,,,,,,,,,,,,,,,,,,
090080.KS,,,,,,,,,,,,,,,,,,,,,,,,,,
JCT.BK,,,,,,,,,,,,,,,,,,,,,,,,,,
041460.KQ,,,,,,,,,,,,,,,,,,,,,,,,,,
7749.T,,,,,,,,,,,,,,,,,,,,,,,,,,
5956.T,,,,,,,,,,,,,,,,,,,,,,,,,,
DPNEF,,,,,,,,,,,,,,,,,,,,,,,,,,
6335.T,,,,,,,,,,,,,,,,,,,,,,,,,,
VITROA.MX,,,,,,,,,,,,,,,,,,,,,,,,,,
ERRIA.CO,,,,,,,,,,,,,,,,,,,,,,,,,,
LGCY,,,,,,,,,,,,,,,,,,,,,,,,,,
CTRM,2025.0,4.0,0.3152962576467252,Ship Management,0.4467521383114454,2.0,2025.0,6.0,0.6047572773328432,GERMANY,0.7659727618129815,1.0,,,,,,,0.113950623881313,0.1126743653346803,,,,,,29.291416888628515
4013.T,,,,,,,,,,,,,,,,,,,,,,,,,,
ATP30.BK,,,,,,,,,,,,,,,,,,,,,,,,,,
5982.T,,,,,,,,,,,,,,,,,,,,,,,,,,
SCIA,,,,,,,,,,,,,,,,,,,,,,,,,,
UNIC.JK,,,,,,,,,,,,,,,,,,,,,,,,,,
LSMNF,,,,,,,,,,,,,,,,,,,,,,,,,,
4754.T,,,,,,,,,,,,,,,,,,,,,,,,,,
VLS.AX,,,,,,,,,,,,,,,,,,,,,,,,,,
8104.T,,,,,,,,,,,,,,,,,,,,,,,,,,
EVER,2025.0,2.0,0.999872997931966,Automotive,0.9999364949330894,8.0,,,,,,,,,,,,,,,Automotive,0.4118763940416279,0.9999364949330894,0.0045819809798968,,0.405406792405679
SYNCOMF.BO,,,,,,,,,,,,,,,,,,,,,,,,,,
339950.KQ,,,,,,,,,,,,,,,,,,,,,,,,,,
036570.KS,,,,,,,,,,,,,,,,,,,,,,,,,,
5273.T,,,,,,,,,,,,,,,,,,,,,,,,,,
9428.T,,,,,,,,,,,,,,,,,,,,,,,,,,
089600.KQ,,,,,,,,,,,,,,,,,,,,,,,,,,
060850.KQ,,,,,,,,,,,,,,,,,,,,,,,,,,
034120.KS,,,,,,,,,,,,,,,,,,,,,,,,,,
037560.KS,,,,,,,,,,,,,,,,,,,,,,,,,,
3927.T,,,,,,,,,,,,,,,,,,,,,,,,,,
3983.HK,,,,,,,,,,,,,,,,,,,,,,,,,,
0017.KL,,,,,,,,,,,,,,,,,,,,,,,,,,
020120.KS,,,,,,,,,,,,,,,,,,,,,,,,,,
VIPS,2025.0,9.0,0.2742848373402431,Product,0.4790458680241646,14.0,2025.0,1.0,1.0,Other,1.0,1.0,,,,,,,0.0,0.0,Sportswear And Sporting Goods,0.0205312620811226,0.0690074038169064,0.0032753874158175,0.0744235928489751,-0.0279075295322785
RX.V,,,,,,,,,,,,,,,,,,,,,,,,,,
IFBAGRO.NS,,,,,,,,,,,,,,,,,,,,,,,,,,
3339.HK,,,,,,,,,,,,,,,,,,,,,,,,,,
LQDT,2025.0,1.0,1.0,Product,1.0,8.0,2025.0,2.0,0.8344449018226698,UNITED STATES,0.9089284178329196,9.0,UNITED STATES,0.3400989164962897,0.9089284178329196,0.0190660933678504,0.1276153710308514,0.3119883958405585,0.0,0.0,Product,0.4801620591039084,1.0,0.0,,0.4801620591039084
ANG.AX,,,,,,,,,,,,,,,,,,,,,,,,,,
CARG,2024.0,3.0,0.7992791637512491,Marketplace,0.8906677668652391,8.0,2025.0,2.0,0.839739231185368,UNITED STATES,0.9121524179143972,6.0,Non-US,0.2664875776891164,0.0878475820856027,0.0175075491690926,0.135750785463811,0.0140834361974275,0.0,0.0,Marketplace,0.1408735728321084,0.8906677668652391,0.1269356259222502,0.3255301094022137,-0.0217207260222129
0411.HK,,,,,,,,,,,,,,,,,,,,,,,,,,
KEYS.L,,,,,,,,,,,,,,,,,,,,,,,,,,
600507.SS,,,,,,,,,,,,,,,,,,,,,,,,,,
ISVLF,,,,,,,,,,,,,,,,,,,,,,,,,,
1A1.SI,,,,,,,,,,,,,,,,,,,,,,,,,,
PDG.BK,,,,,,,,,,,,,,,,,,,,,,,,,,
1967.T,,,,,,,,,,,,,,,,,,,,,,,,,,
009680.KS,,,,,,,,,,,,,,,,,,,,,,,,,,
JAICORPLTD.NS,,,,,,,,,,,,,,,,,,,,,,,,,,
6185.TWO,,,,,,,,,,,,,,,,,,,,,,,,,,
APP.BK,,,,,,,,,,,,,,,,,,,,,,,,,,
069730.KS,,,,,,,,,,,,,,,,,,,,,,,,,,
SLP.BK,,,,,,,,,,,,,,,,,,,,,,,,,,
9904.T,,,,,,,,,,,,,,,,,,,,,,,,,,
CHH.L,,,,,,,,,,,,,,,,,,,,,,,,,,
KCAR.BK,,,,,,,,,,,,,,,,,,,,,,,,,,
4012.SR,,,,,,,,,,,,,,,,,,,,,,,,,,
1716.T,,,,,,,,,,,,,,,,,,,,,,,,,,
2411.T,,,,,,,,,,,,,,,,,,,,,,,,,,
7908.T,,,,,,,,,,,,,,,,,,,,,,,,,,
0536.HK,,,,,,,,,,,,,,,,,,,,,,,,,,
3147.TWO,,,,,,,,,,,,,,,,,,,,,,,,,,
AQZ.AX,,,,,,,,,,,,,,,,,,,,,,,,,,
6378.T,,,,,,,,,,,,,,,,,,,,,,,,,,
010280.KQ,,,,,,,,,,,,,,,,,,,,,,,,,,
603035.SS,,,,,,,,,,,,,,,,,,,,,,,,,,
BLMN,2025.0,2.0,0.9643780058921454,Food and Beverage,0.9818599412132872,8.0,2025.0,1.0,1.0,U.S. Segment,1.0,11.0,U.S. Segment,0.0075939804009921,1.0,0.0,,0.0075939804009921,0.0,0.0,Food and Beverage,0.0046271102623045,0.9818599412132872,0.0031563675923936,,0.0013975534587613
0398.HK,,,,,,,,,,,,,,,,,,,,,,,,,,
MMTMF,,,,,,,,,,,,,,,,,,,,,,,,,,
AUSTENG.BO,,,,,,,,,,,,,,,,,,,,,,,,,,
9820.T,,,,,,,,,,,,,,,,,,,,,,,,,,
PIXTRANS.BO,,,,,,,,,,,,,,,,,,,,,,,,,,
7435.T,,,,,,,,,,,,,,,,,,,,,,,,,,
LOXLEY.BK,,,,,,,,,,,,,,,,,,,,,,,,,,
4925.T,,,,,,,,,,,,,,,,,,,,,,,,,,
088130.KQ,,,,,,,,,,,,,,,,,,,,,,,,,,
IRLCF,,,,,,,,,,,,,,,,,,,,,,,,,,
CFRESH.BK,,,,,,,,,,,,,,,,,,,,,,,,,,
3548.TWO,,,,,,,,,,,,,,,,,,,,,,,,,,
HMR,2025.0,1.0,1.0,Voyage Charter Revenues,1.0,1.0,2025.0,6.0,0.1745435254333446,Other,0.2166764173444174,2.0,Other,1.204939658907093,0.2166764173444174,-0.0239167833144783,0.9224021128951924,1.4483213092495748,0.1555375234355986,0.0,,,,,,
6071.T,,,,,,,,,,,,,,,,,,,,,,,,,,
ALLUX.PA,,,,,,,,,,,,,,,,,,,,,,,,,,
054950.KQ,,,,,,,,,,,,,,,,,,,,,,,,,,
RMD,2024.0,2.0,0.7817423265445214,Sleep And Respiratory,0.8753280741861188,14.0,2024.0,2.0,0.5370157023470067,U [S],0.6360435635136897,13.0,,,,,,0.109473068034922,0.0,0.0,Software As Service,0.1729982971066879,0.1246719258138811,0.0067517682384364,0.0360087749523644,0.109473068034922
TTT.BK,,,,,,,,,,,,,,,,,,,,,,,,,,
016580.KS,,,,,,,,,,,,,,,,,,,,,,,,,,
CTTMF,,,,,,,,,,,,,,,,,,,,,,,,,,
YUMC,2025.0,3.0,0.8456177875929151,Food And Non Food Revenues From Sales,0.9164798671647988,10.0,,,,,,,,,,,,,,,Food And Non Food Revenues From Sales,0.0364285043657872,0.9164798671647988,-0.0622024814523105,,0.1067720297712027
4429.T,,,,,,,,,,,,,,,,,,,,,,,,,,
IPT.V,,,,,,,,,,,,,,,,,,,,,,,,,,
AKRTF,,,,,,,,,,,,,,,,,,,,,,,,,,
032560.KS,,,,,,,,,,,,,,,,,,,,,,,,,,
5184.T,,,,,,,,,,,,,,,,,,,,,,,,,,
DSWL,2026.0,2.0,0.7183640881735605,Electronic Products,0.8304270631875971,5.0,2026.0,5.0,0.2508548142802723,CHINA,0.3927935656836461,6.0,CANADA,0.310149407521896,0.109083109919571,0.0342349464181731,0.2288317083120103,-0.1010315241492335,0.5297372654155496,0.5297372654155496,,,,,,-0.1866474122592124
KIO.JO,,,,,,,,,,,,,,,,,,,,,,,,,,
6137.T,,,,,,,,,,,,,,,,,,,,,,,,,,
REG.AX,,,,,,,,,,,,,,,,,,,,,,,,,,
TXAR.BA,,,,,,,,,,,,,,,,,,,,,,,,,,
3679.T,,,,,,,,,,,,,,,,,,,,,,,,,,
003925.KS,,,,,,,,,,,,,,,,,,,,,,,,,,
3932.T,,,,,,,,,,,,,,,,,,,,,,,,,,
NYT,2025.0,3.0,0.6377311057407025,Subscription,0.7668842832157454,10.0,,,,,,,,,,,,,,,Advertising,0.1178761670198751,0.2225015537955264,0.0287293779263165,0.0134816570447687,-0.0264638896192342
4625.T,,,,,,,,,,,,,,,,,,,,,,,,,,
2660.HK,,,,,,,,,,,,,,,,,,,,,,,,,,
PFHO,2025.0,2.0,0.5443585099763718,HCOMember,0.6489270122851657,7.0,,,,,,,,,,,,,,,MPNMember,0.0608181132172001,0.3510729877148343,0.0171588301235466,0.038919834736886,0.0089702114029468
PTIZF,,,,,,,,,,,,,,,,,,,,,,,,,,
BIG.BK,,,,,,,,,,,,,,,,,,,,,,,,,,
RGRNF,,,,,,,,,,,,,,,,,,,,,,,,,,
7800.T,,,,,,,,,,,,,,,,,,,,,,,,,,
8114.TW,,,,,,,,,,,,,,,,,,,,,,,,,,
DNLM.L,,,,,,,,,,,,,,,,,,,,,,,,,,
6551.T,,,,,,,,,,,,,,,,,,,,,,,,,,
1969.HK,,,,,,,,,,,,,,,,,,,,,,,,,,
010100.KS,,,,,,,,,,,,,,,,,,,,,,,,,,
016740.KS,,,,,,,,,,,,,,,,,,,,,,,,,,
ASEJF,,,,,,,,,,,,,,,,,,,,,,,,,,
BSA.AX,,,,,,,,,,,,,,,,,,,,,,,,,,
TUA.AX,,,,,,,,,,,,,,,,,,,,,,,,,,
LANNA.BK,,,,,,,,,,,,,,,,,,,,,,,,,,
WHC.AX,,,,,,,,,,,,,,,,,,,,,,,,,,
053210.KS,,,,,,,,,,,,,,,,,,,,,,,,,,
036670.KQ,,,,,,,,,,,,,,,,,,,,,,,,,,
083930.KQ,,,,,,,,,,,,,,,,,,,,,,,,,,
4172.T,,,,,,,,,,,,,,,,,,,,,,,,,,
6118.HK,,,,,,,,,,,,,,,,,,,,,,,,,,
HPQ,2025.0,3.0,0.5768080215558757,Personal Systems Group,0.6968315972222222,15.0,2025.0,3.0,0.3510034214548882,Americas,0.4258070349941224,15.0,Asia Pacific,0.0725701239399869,0.2378876932814901,0.0089065696608101,0.0251116246105455,0.0324128531152561,0.0,0.0,Personal Systems Group,0.0645669291338582,0.6968315972222222,0.021034812368136,0.0506246803934373,0.0324315241135944
ZGL.AX,,,,,,,,,,,,,,,,,,,,,,,,,,
2488.TW,,,,,,,,,,,,,,,,,,,,,,,,,,
HBB,2025.0,3.0,0.794339613563102,Consumer Product,0.8855467580425164,9.0,2025.0,2.0,0.6311848908810731,UNITED STATES,0.7561102212730616,9.0,Non-US,0.0317891874934643,0.2438897787269383,0.0247870847925294,0.0671427159887751,-0.0730739445816588,0.0,0.0,Commercial Product,0.1573374553183266,0.0996340530290428,0.0201910062719247,0.1296369277802832,-0.0771989015661431
011560.KQ,,,,,,,,,,,,,,,,,,,,,,,,,,
4058.T,,,,,,,,,,,,,,,,,,,,,,,,,,
7803.T,,,,,,,,,,,,,,,,,,,,,,,,,,
T41.SI,,,,,,,,,,,,,,,,,,,,,,,,,,
SURYALA.BO,,,,,,,,,,,,,,,,,,,,,,,,,,
LNG,2024.0,3.0,0.902541811592004,Liquefied Natural Gas,0.9490365111561866,12.0,2017.0,5.0,0.3041355625480869,Non-US,0.4790992933285423,2.0,Non-US,6.777561734396267,0.4790992933285423,-0.281699523239505,0.1782057280515658,11.350591715976332,0.0912684153790873,0.0,Liquefied Natural Gas,-0.2349123613879095,0.9490365111561866,-0.0105104144101564,,-0.2264391487692458
5CF.SI,,,,,,,,,,,,,,,,,,,,,,,,,,
072950.KQ,,,,,,,,,,,,,,,,,,,,,,,,,,
0243.HK,,,,,,,,,,,,,,,,,,,,,,,,,,
688819.SS,,,,,,,,,,,,,,,,,,,,,,,,,,
1970.HK,,,,,,,,,,,,,,,,,,,,,,,,,,
GXYEF,,,,,,,,,,,,,,,,,,,,,,,,,,
SUR.DE,,,,,,,,,,,,,,,,,,,,,,,,,,
7931.T,,,,,,,,,,,,,,,,,,,,,,,,,,
HUNT.OL,,,,,,,,,,,,,,,,,,,,,,,,,,
001130.KS,,,,,,,,,,,,,,,,,,,,,,,,,,
603365.SS,,,,,,,,,,,,,,,,,,,,,,,,,,
SE.BK,,,,,,,,,,,,,,,,,,,,,,,,,,
1765.HK,,,,,,,,,,,,,,,,,,,,,,,,,,
600380.SS,,,,,,,,,,,,,,,,,,,,,,,,,,
3793.T,,,,,,,,,,,,,,,,,,,,,,,,,,
4440.T,,,,,,,,,,,,,,,,,,,,,,,,,,
EEFT,2025.0,3.0,0.3446027259049949,Money Transfer Segment,0.4190234384183182,15.0,2025.0,4.0,0.4283034620149611,Europe,0.590967863271975,15.0,,,,,,0.1120493581867141,0.0,0.0,EFT Processing Segment,0.1054943162245951,0.3017843289371605,0.011353635124945,0.0304341466605592,0.0639037566905107
PAYX,2026.0,2.0,0.6485644434882911,Management Solutions,0.7725476504102459,8.0,,,,,,,,,,,,,,,Management Solutions,0.1968970519534802,0.7725476504102459,0.0207731587281756,0.0648272585703807,0.164713493530499
BYGGP.ST,,,,,,,,,,,,,,,,,,,,,,,,,,
0658.HK,,,,,,,,,,,,,,,,,,,,,,,,,,
7523.T,,,,,,,,,,,,,,,,,,,,,,,,,,
7068.T,,,,,,,,,,,,,,,,,,,,,,,,,,
055490.KS,,,,,,,,,,,,,,,,,,,,,,,,,,
CLV.AX,,,,,,,,,,,,,,,,,,,,,,,,,,
0113.HK,,,,,,,,,,,,,,,,,,,,,,,,,,
6482.T,,,,,,,,,,,,,,,,,,,,,,,,,,
FSLR,2025.0,1.0,1.0,Solar Module,1.0,16.0,2025.0,3.0,0.9252271976828652,UNITED STATES,0.9611499209285516,16.0,UNITED STATES,0.2790982174960126,0.9611499209285516,0.0181622621235688,,0.2549278809001267,0.0376371626955185,0.0,,,,,,2.566088778017868
NGCRF,,,,,,,,,,,,,,,,,,,,,,,,,,
7081.T,,,,,,,,,,,,,,,,,,,,,,,,,,
8059.T,,,,,,,,,,,,,,,,,,,,,,,,,,
3332.TWO,,,,,,,,,,,,,,,,,,,,,,,,,,
2342.HK,,,,,,,,,,,,,,,,,,,,,,,,,,
7628.T,,,,,,,,,,,,,,,,,,,,,,,,,,
603187.SS,,,,,,,,,,,,,,,,,,,,,,,,,,
7299.T,,,,,,,,,,,,,,,,,,,,,,,,,,
ALQWA.PA,,,,,,,,,,,,,,,,,,,,,,,,,,
0306.HK,,,,,,,,,,,,,,,,,,,,,,,,,,
MODERN.BK,,,,,,,,,,,,,,,,,,,,,,,,,,
115570.KQ,,,,,,,,,,,,,,,,,,,,,,,,,,
MED,2017.0,4.0,0.736540826021685,Optavia,0.8507111283546058,6.0,,,,,,,,,,,,,,,Medifast Direct,-0.0924197587070339,0.1057689438027874,-0.0222443441688298,0.0647097709113372,0.0984541076879366
OMSE,2026.0,1.0,1.0,Other ancillary services,1.0,1.0,2026.0,6.0,0.3861798908315842,SAUDI ARABIA,0.5885510871656725,2.0,THAILAND,0.1674708307746293,0.0853569366942466,0.0293716316703526,0.1968043302062418,-0.2342601187581959,0.8564364056186261,0.0,,,,,,
SPRU,2025.0,3.0,0.7128086549619248,PPA Revenue,0.8363031651285214,4.0,,,,,,,,,,,,,,,"Product and Service, Other",0.1224868543148778,0.0799321600845796,0.0036857566130452,0.0667395069678111,0.0707277958586858
284740.KS,,,,,,,,,,,,,,,,,,,,,,,,,,
7551.T,,,,,,,,,,,,,,,,,,,,,,,,,,
6596.TWO,,,,,,,,,,,,,,,,,,,,,,,,,,
ALDLS.PA,,,,,,,,,,,,,,,,,,,,,,,,,,
123750.KQ,,,,,,,,,,,,,,,,,,,,,,,,,,
7539.T,,,,,,,,,,,,,,,,,,,,,,,,,,
IGGGF,,,,,,,,,,,,,,,,,,,,,,,,,,
6158.T,,,,,,,,,,,,,,,,,,,,,,,,,,
7067.T,,,,,,,,,,,,,,,,,,,,,,,,,,
6357.T,,,,,,,,,,,,,,,,,,,,,,,,,,
BSX,2025.0,2.0,0.5513051547077236,Cardiovascular,0.6601642199552128,16.0,2025.0,2.0,0.5396655767105965,UNITED STATES,0.6408289329480921,11.0,UNITED STATES,0.2599412340842311,0.6408289329480921,0.031203903093781,0.0785787540870833,0.1985908765225699,0.0,0.0,Cardiovascular,0.2334728033472803,0.6601642199552128,0.0179979911517735,0.0469883622943643,0.1998447575829949
6915.T,,,,,,,,,,,,,,,,,,,,,,,,,,
DINO,2025.0,6.0,0.4198979670388685,Refined Product,0.4922570345240471,4.0,2025.0,6.0,0.2453094625989581,US Mid-Continent Region,0.368796360804885,4.0,US Northwest Region,0.0046354825115886,0.1954018277939428,0.0169539408936571,0.0585157809569569,-0.0825312077004061,0.0,0.0,Transportation Fuels,-0.058511355970317,0.4177609259628816,0.0001551863490284,0.0070091738722636,-0.0588610923296522
3915.T,,,,,,,,,,,,,,,,,,,,,,,,,,
035900.KQ,,,,,,,,,,,,,,,,,,,,,,,,,,
049070.KQ,,,,,,,,,,,,,,,,,,,,,,,,,,
4417.TWO,,,,,,,,,,,,,,,,,,,,,,,,,,
7417.T,,,,,,,,,,,,,,,,,,,,,,,,,,
GSF.OL,,,,,,,,,,,,,,,,,,,,,,,,,,
CLF.MI,,,,,,,,,,,,,,,,,,,,,,,,,,
3850.T,,,,,,,,,,,,,,,,,,,,,,,,,,
2755.TWO,,,,,,,,,,,,,,,,,,,,,,,,,,
010960.KS,,,,,,,,,,,,,,,,,,,,,,,,,,
AXTEL.BO,,,,,,,,,,,,,,,,,,,,,,,,,,
3996.T,,,,,,,,,,,,,,,,,,,,,,,,,,
2745.TWO,,,,,,,,,,,,,,,,,,,,,,,,,,
3031.T,,,,,,,,,,,,,,,,,,,,,,,,,,
0150.HK,,,,,,,,,,,,,,,,,,,,,,,,,,
WIMPLAST.BO,,,,,,,,,,,,,,,,,,,,,,,,,,
002075.SZ,,,,,,,,,,,,,,,,,,,,,,,,,,
BTE.SI,,,,,,,,,,,,,,,,,,,,,,,,,,
ALTN.L,,,,,,,,,,,,,,,,,,,,,,,,,,
VLO,2025.0,3.0,0.8543892470592613,Refining,0.9227139861472962,11.0,2025.0,4.0,0.5837383153783471,UNITED STATES,0.7472749087381615,15.0,United Kingdom And Ireland,0.0389866106589655,0.1347016227163267,0.0123005172823474,0.0933852910271682,-0.055890292104502,0.0,0.0,Refining,-0.0621412366889224,0.9227139861472962,-0.0056898664929616,,-0.0563579807367987
WOSSF,,,,,,,,,,,,,,,,,,,,,,,,,,
KMT,2026.0,2.0,0.5172816012742278,Metal Cutting,0.5929559069511664,16.0,2026.0,12.0,0.23622260023873,UNITED STATES,0.4379343951223395,16.0,UNITED STATES,0.2809212472076268,0.4379343951223395,0.0272745795477852,0.0605490172607944,0.2011453975814445,0.2172959878488768,0.0943626791849625,Infrastructure,0.2839034261783637,0.4070440930488336,0.0271671835821496,0.0690919770587609,0.1982123654888921
SANDUMA.BO,,,,,,,,,,,,,,,,,,,,,,,,,,
7634.T,,,,,,,,,,,,,,,,,,,,,,,,,,
HALO,2025.0,6.0,0.3593970039461219,Royalty,0.5363310786382837,12.0,2018.0,2.0,0.6065572841684168,SWITZERLAND,0.7308216672762944,7.0,SWITZERLAND,-0.077608783239323,0.7308216672762944,0.3531037762772772,0.3580871987081455,-0.5232712976760407,0.0,0.0,Bulk rHuPH20,0.5407950517756619,0.0822091273434047,0.0076970625235873,0.1931767475808578,0.3965337485263123
RICK,2025.0,4.0,0.3374182660413063,Alcoholic Beverages,0.4370405891910075,10.0,2024.0,1.0,1.0,Other,1.0,7.0,Other,-0.1190295678544351,1.0,0.0,,-0.1190295678544351,0.0,0.0,Service,-0.0139759280889746,0.3474129848193133,0.0143491561837062,0.0383757510249952,-0.0547015601953965
THRY,2025.0,2.0,0.5152371048290039,Software As A Service,0.5872843194079094,4.0,2025.0,2.0,0.7311210069841101,UNITED STATES,0.8399419119379884,2.0,UNITED STATES,-0.0393011637072533,0.8399419119379884,0.0071614674590305,0.0244919280328153,-0.0474922223462548,0.0,0.0,Software As A Service,0.3422393413222466,0.5872843194079094,0.1705234149189534,0.3341096015923041,-0.0474922223462548
OYOCF,,,,,,,,,,,,,,,,,,,,,,,,,,
GENL.L,,,,,,,,,,,,,,,,,,,,,,,,,,
023800.KS,,,,,,,,,,,,,,,,,,,,,,,,,,
1245.HK,,,,,,,,,,,,,,,,,,,,,,,,,,
1810.T,,,,,,,,,,,,,,,,,,,,,,,,,,
2756.TWO,,,,,,,,,,,,,,,,,,,,,,,,,,
6366.T,,,,,,,,,,,,,,,,,,,,,,,,,,
DATA.L,,,,,,,,,,,,,,,,,,,,,,,,,,
IRI.AX,,,,,,,,,,,,,,,,,,,,,,,,,,
BALM4.SA,,,,,,,,,,,,,,,,,,,,,,,,,,
250000.KQ,,,,,,,,,,,,,,,,,,,,,,,,,,
2546.TW,,,,,,,,,,,,,,,,,,,,,,,,,,
SFPI.PA,,,,,,,,,,,,,,,,,,,,,,,,,,
5843.KL,,,,,,,,,,,,,,,,,,,,,,,,,,
020000.KS,,,,,,,,,,,,,,,,,,,,,,,,,,
042370.KQ,,,,,,,,,,,,,,,,,,,,,,,,,,
RECT,2026.0,1.0,1.0,Other Operating Segment,1.0,1.0,,,,,,,,,,,,,,,,,,,,
GTB.BK,,,,,,,,,,,,,,,,,,,,,,,,,,
G,2025.0,1.0,1.0,Consumer And Healthcare,1.0,15.0,2025.0,4.0,0.4025295708455402,INDIA,0.5872168240194651,15.0,Asia Other Than India,0.1253821800219632,0.1551333889776923,0.0082404622138619,0.0730403343803105,0.0656034992896159,0.7423502129971574,0.0,Consumer And Healthcare,0.0188804087181064,1.0,0.0,,0.0188804087181064
SIYSIL.NS,,,,,,,,,,,,,,,,,,,,,,,,,,
OPFI,2025.0,1.0,1.0,Reportable Segment,1.0,2.0,,,,,,,,,,,,,,,Reportable Segment,0.1857172185966069,1.0,0.0,,0.1857172185966069
213420.KQ,,,,,,,,,,,,,,,,,,,,,,,,,,
047820.KQ,,,,,,,,,,,,,,,,,,,,,,,,,,
2479.T,,,,,,,,,,,,,,,,,,,,,,,,,,
NYT.BK,,,,,,,,,,,,,,,,,,,,,,,,,,
CEAB3.SA,,,,,,,,,,,,,,,,,,,,,,,,,,
AGD.AX,,,,,,,,,,,,,,,,,,,,,,,,,,
CSTM,2025.0,6.0,0.3083214831902259,Packaging Rolled Products,0.4929411764705882,8.0,2025.0,7.0,0.2560536240726319,UNITED STATES,0.4093046275674338,9.0,UNITED STATES,0.3381877022653721,0.4093046275674338,0.057067522979232,0.1217677850680314,0.1516101453405529,0.0645879732739421,0.0,Packaging Rolled Products,0.3102849200833912,0.4929411764705882,0.060094131802217,0.1371341656166142,0.1505489547300345
UMI.BK,,,,,,,,,,,,,,,,,,,,,,,,,,
ADNT,,,,,,,2025.0,12.0,0.2074931465478613,UNITED STATES,0.3976941511755942,8.0,UNITED STATES,0.041914135414899,0.3976941511755942,0.2193183906646519,0.0382311755282543,-0.532675485062203,0.4157652697713582,0.0832955502299371,,,,,,
3171.TWO,,,,,,,,,,,,,,,,,,,,,,,,,,
2108.TW,,,,,,,,,,,,,,,,,,,,,,,,,,
8081.T,,,,,,,,,,,,,,,,,,,,,,,,,,
UI,2026.0,2.0,0.8326105164008375,Enterprise Technology,0.9078054170807676,15.0,2026.0,5.0,0.2966919786412402,North America,0.3600907836657126,15.0,North America,0.3461658105077903,0.3600907836657126,0.0161650314778737,0.0721373569571234,0.2857343479755605,0.027008181844836,0.0,Enterprise Technology,0.3185302099940823,0.9078054170807676,0.0318720255915959,0.1865615211190114,0.2722380995863682
FNX.L,,,,,,,,,,,,,,,,,,,,,,,,,,
6110.HK,,,,,,,,,,,,,,,,,,,,,,,,,,
GAMI.BA,,,,,,,,,,,,,,,,,,,,,,,,,,
GENC,2025.0,3.0,0.6696501115633577,Parts and Component Sales,0.8006638610633632,7.0,2025.0,3.0,0.8088022297718425,Americas,0.8931365160217262,7.0,,,,,,0.4320787018658198,0.0,0.0,Freight Revenue,0.0810131477184841,0.165698535949262,0.0069605824780202,0.0299229633361093,0.0356024798968754
EUCA3.SA,,,,,,,,,,,,,,,,,,,,,,,,,,
5388.T,,,,,,,,,,,,,,,,,,,,,,,,,,
2722.HK,,,,,,,,,,,,,,,,,,,,,,,,,,
1930.HK,,,,,,,,,,,,,,,,,,,,,,,,,,
ISTLTD.BO,,,,,,,,,,,,,,,,,,,,,,,,,,
EPAM,2025.0,4.0,0.2684977251172256,Financial Services Sector,0.3554349551658857,10.0,2025.0,6.0,0.3342078184377986,UNITED STATES,0.5193904918696088,14.0,Other Countries,0.7734902983260785,0.2059145077492332,0.0719022317897244,0.2970279462286602,0.1542143089802323,0.0,0.0,Financial Services Sector,0.287370540485832,0.3554349551658857,0.1391426587323438,0.0815248942916183,-0.2165983493868365
VAIBHAVGBL.NS,,,,,,,,,,,,,,,,,,,,,,,,,,
3911.T,,,,,,,,,,,,,,,,,,,,,,,,,,
LOVE,2026.0,3.0,0.8337235009819995,Sactionals Member,0.9105986817096174,6.0,,,,,,,,,,,,,,,Sactionals Member,0.0207333035320904,0.9105986817096174,-0.0031133606982763,0.0740065550407695,0.0242232173815946
KFY,2026.0,7.0,0.300470116612144,Service,0.5,14.0,2026.0,3.0,0.4078467944592505,UNITED STATES,0.5178063807387112,15.0,UNITED KINGDOM,0.1804021575606356,0.1327732127152516,0.0129836674698236,0.0614504754298059,0.0649726309188567,0.0,0.0,Industrial,0.117709014889169,0.1565806892524047,-0.141804930551792,0.0416996341792565,1.1299452618377137
2124.T,,,,,,,,,,,,,,,,,,,,,,,,,,
002454.SZ,,,,,,,,,,,,,,,,,,,,,,,,,,
7464.T,,,,,,,,,,,,,,,,,,,,,,,,,,
0135.HK,,,,,,,,,,,,,,,,,,,,,,,,,,
2924.T,,,,,,,,,,,,,,,,,,,,,,,,,,
7558.TWO,,,,,,,,,,,,,,,,,,,,,,,,,,
IND.BK,,,,,,,,,,,,,,,,,,,,,,,,,,
014570.KQ,,,,,,,,,,,,,,,,,,,,,,,,,,
8917.T,,,,,,,,,,,,,,,,,,,,,,,,,,
RCMT,2025.0,3.0,0.4181480808503012,Health Care,0.5137819188238093,12.0,2025.0,4.0,0.8286740801449065,UNITED STATES,0.9085265056167112,12.0,UNITED STATES,0.1301921256898492,0.9085265056167112,-0.0138062769107693,,0.1473669085422804,0.0,0.0,Engineering Services,0.2490902870649707,0.3772213247172859,0.0307201392872981,0.1527337300325471,0.1473669085422804
COFFEEDAY.NS,,,,,,,,,,,,,,,,,,,,,,,,,,
OBS.DE,,,,,,,,,,,,,,,,,,,,,,,,,,
VEDL.NS,,,,,,,,,,,,,,,,,,,,,,,,,,
0911.HK,,,,,,,,,,,,,,,,,,,,,,,,,,
181710.KS,,,,,,,,,,,,,,,,,,,,,,,,,,
FEDU,2025.0,2.0,0.9966599959861748,Revenue From Third Parties,0.998327199732352,8.0,,,,,,,,,,,,,,,Revenue From Third Parties,1.0365952744645583,0.998327199732352,0.0172119699503757,,1.0014827215114193
DAC,,,,,,,2025.0,1.0,1.0,Europe,1.0,14.0,Europe,0.1177183104444121,1.0,0.5253867923598032,,-0.4695161274417962,0.0,0.0,,,,,,
LAMBODHARA.NS,,,,,,,,,,,,,,,,,,,,,,,,,,
0762.HK,,,,,,,,,,,,,,,,,,,,,,,,,,
023000.KS,,,,,,,,,,,,,,,,,,,,,,,,,,
BEPTF,,,,,,,,,,,,,,,,,,,,,,,,,,
5695.T,,,,,,,,,,,,,,,,,,,,,,,,,,
CALT.MI,,,,,,,,,,,,,,,,,,,,,,,,,,
JDHIF,,,,,,,,,,,,,,,,,,,,,,,,,,
4165.T,,,,,,,,,,,,,,,,,,,,,,,,,,
MEDP,2025.0,6.0,0.2219908466450979,Oncology,0.2954608150866679,8.0,,,,,,,,,,,,,,,Metabolic,0.6281718399622329,0.2944221759726571,0.0774803622495376,0.266153588055657,0.1997009085590031
PNA1V.HE,,,,,,,,,,,,,,,,,,,,,,,,,,
WAF.AX,,,,,,,,,,,,,,,,,,,,,,,,,,
347890.KQ,,,,,,,,,,,,,,,,,,,,,,,,,,
BTO.TO,,,,,,,,,,,,,,,,,,,,,,,,,,
4176.T,,,,,,,,,,,,,,,,,,,,,,,,,,
HTMEDIA.NS,,,,,,,,,,,,,,,,,,,,,,,,,,
1786.HK,,,,,,,,,,,,,,,,,,,,,,,,,,
126640.KQ,,,,,,,,,,,,,,,,,,,,,,,,,,
RAM.BK,,,,,,,,,,,,,,,,,,,,,,,,,,
600219.SS,,,,,,,,,,,,,,,,,,,,,,,,,,
CPAY,2025.0,3.0,0.414761078188403,Payments,0.5040180991209672,2.0,2025.0,3.0,0.456141725787212,UNITED STATES,0.6192348744452559,2.0,BRAZIL,0.2002355712603063,0.2003539127015336,0.0154959077869173,0.0625462544910055,0.1074061401598804,0.2003539127015336,0.0,Corporate Payments,0.338161879040838,0.3853368840289397,0.0568073220145821,0.1591245827253652,0.1408867259968274
EXEL,2025.0,4.0,0.4441316722656612,"Product, Gross",0.5430291646262703,9.0,2025.0,3.0,0.8555866322112905,UNITED STATES,0.9225236043214894,9.0,UNITED STATES,0.1740978567102873,0.9225236043214894,0.0819319321638245,0.345132679881194,0.0698229032033461,0.0,0.0,"Product, Gross",0.1959939576991287,0.5430291646262703,0.0439963178783961,0.30252348860523,0.0990943181009751
9171.T,,,,,,,,,,,,,,,,,,,,,,,,,,
2387.TW,,,,,,,,,,,,,,,,,,,,,,,,,,
600741.SS,,,,,,,,,,,,,,,,,,,,,,,,,,
002284.SZ,,,,,,,,,,,,,,,,,,,,,,,,,,
9928.T,,,,,,,,,,,,,,,,,,,,,,,,,,
TRIM.JK,,,,,,,,,,,,,,,,,,,,,,,,,,
SYS1.L,,,,,,,,,,,,,,,,,,,,,,,,,,
187270.KQ,,,,,,,,,,,,,,,,,,,,,,,,,,
CUV.AX,,,,,,,,,,,,,,,,,,,,,,,,,,
5403.TWO,,,,,,,,,,,,,,,,,,,,,,,,,,
NZEOF,,,,,,,,,,,,,,,,,,,,,,,,,,
AGOL.BO,,,,,,,,,,,,,,,,,,,,,,,,,,
CFX.L,,,,,,,,,,,,,,,,,,,,,,,,,,
BTSDF,,,,,,,,,,,,,,,,,,,,,,,,,,
MMY.V,,,,,,,,,,,,,,,,,,,,,,,,,,
KHDHF,,,,,,,2023.0,5.0,0.5385530869796079,Canada,0.7110148514851485,5.0,Europe,0.5875835385156525,0.1642945544554455,0.0750169711993102,0.4613683092893124,-0.1373078553596382,0.0647386429819452,0.0,,,,,,
SIMP.JK,,,,,,,,,,,,,,,,,,,,,,,,,,
2451.TW,,,,,,,,,,,,,,,,,,,,,,,,,,
NL,2025.0,2.0,0.6378834057601988,Security Products,0.7625675206115551,14.0,2017.0,3.0,0.8588672392962013,UNITED STATES,0.9251216137814076,6.0,UNITED STATES,0.0519659785234354,0.9251216137814076,0.020549450725954,0.1698286313109526,0.0285989717223651,0.0,0.0,Marine Components,0.2242491367515799,0.2374324793884449,0.0270872028725925,0.0884354939851546,0.0845821256535175
INDES.IS,,,,,,,,,,,,,,,,,,,,,,,,,,
ZLNDY,,,,,,,,,,,,,,,,,,,,,,,,,,
072470.KQ,,,,,,,,,,,,,,,,,,,,,,,,,,
6192.TW,,,,,,,,,,,,,,,,,,,,,,,,,,
REAT.L,,,,,,,,,,,,,,,,,,,,,,,,,,
ANIKINDS.NS,,,,,,,,,,,,,,,,,,,,,,,,,,
AJANTSOY.BO,,,,,,,,,,,,,,,,,,,,,,,,,,
ESON.LS,,,,,,,,,,,,,,,,,,,,,,,,,,
000902.SZ,,,,,,,,,,,,,,,,,,,,,,,,,,
CRM,2026.0,6.0,0.1911794409481097,Service Cloud,0.2364358819987959,11.0,2026.0,3.0,0.4978286876644892,Americas,0.6548585189644792,16.0,Europe,0.126644921831065,0.2412281757977122,0.0066061940059191,0.0194846743982667,0.0957910014513787,0.0,0.0,Salesforce Platform and Other,0.225610597488616,0.2138952438290186,0.0226562940995029,0.07885620694208,0.0957910014513787
002350.KS,,,,,,,,,,,,,,,,,,,,,,,,,,
4475.T,,,,,,,,,,,,,,,,,,,,,,,,,,
4231.T,,,,,,,,,,,,,,,,,,,,,,,,,,
OII,2025.0,5.0,0.2227707424078207,Subsea Robotics,0.3071724429234568,15.0,2025.0,2.0,0.5056999802585527,Non-US,0.5533852988122792,15.0,UNITED STATES,0.1025354560407163,0.4466147011877208,0.0228128342582114,0.0488693939087754,0.0462185489716706,0.0,0.0,Offshore Projects Group,0.0423120718330662,0.2212681329638138,-0.000829289927924,,0.0462185489716706
HISEF,,,,,,,,,,,,,,,,,,,,,,,,,,
PENTA.IS,,,,,,,,,,,,,,,,,,,,,,,,,,
3687.TWO,,,,,,,,,,,,,,,,,,,,,,,,,,
6265.T,,,,,,,,,,,,,,,,,,,,,,,,,,
EYE,2025.0,5.0,0.3438907524468081,Product Sales,0.4467027460412908,9.0,,,,,,,,,,,,,,,Eyeglasses And Sunglasses,0.107705601256846,0.3533122870314692,0.0046923894456481,0.0221325976177461,0.0929940096620709
COM.MC,,,,,,,,,,,,,,,,,,,,,,,,,,
YELP,2025.0,4.0,0.3721245850270453,Advertising,0.4870991854604783,12.0,2025.0,2.0,0.9868463044759432,UNITED STATES,0.9933793188186668,9.0,UNITED STATES,0.0383330800389003,0.9933793188186668,0.0008386124484173,,0.0374565175516123,0.0,0.0,"Advertising, Services",0.0778894586687173,0.3317551374808969,-0.2908030468506914,0.0668553879884503,1.022723474290117
LNNGF,,,,,,,,,,,,,,,,,,,,,,,,,,
IGN.AX,,,,,,,,,,,,,,,,,,,,,,,,,,
WINE.L,,,,,,,,,,,,,,,,,,,,,,,,,,
9780.T,,,,,,,,,,,,,,,,,,,,,,,,,,
SON,2025.0,2.0,0.5572713121395865,Consumer Packaging,0.6692207317966485,14.0,2025.0,5.0,0.4165055834047001,UNITED STATES,0.4807873060865279,14.0,UNITED STATES,0.0126379416696593,0.4807873060865279,-0.1920798764730132,,0.4171980627157603,0.4265917499883291,0.0,Consumer Packaging,0.9279846165597192,0.6692207317966485,0.1613519747931109,0.472277798514179,0.4631392965148877
009070.KS,,,,,,,,,,,,,,,,,,,,,,,,,,
APM.DE,,,,,,,,,,,,,,,,,,,,,,,,,,
603639.SS,,,,,,,,,,,,,,,,,,,,,,,,,,
018250.KS,,,,,,,,,,,,,,,,,,,,,,,,,,
4776.T,,,,,,,,,,,,,,,,,,,,,,,,,,
3937.T,,,,,,,,,,,,,,,,,,,,,,,,,,
9932.T,,,,,,,,,,,,,,,,,,,,,,,,,,
ADT,2025.0,2.0,0.7435746875345473,Monitoring And Related Services,0.8489804346482388,8.0,2021.0,1.0,1.0,UNITED STATES,1.0,4.0,UNITED STATES,-0.0014442723668888,1.0,0.0,,-0.0014442723668888,0.0,0.0,"Security Installation, Product And Other",0.2802639474088755,0.1510195653517612,0.0303755124610912,0.1464182502792895,0.0227564291120043
PLAB,2024.0,4.0,0.3450293663651368,Mainstream Integrated Circuits,0.4725576910211247,10.0,2024.0,6.0,0.2466534091138415,Taiwan,0.3325178269465457,13.0,United States,0.1379045461246595,0.1691593248022368,0.0246884501233977,0.0868975272067915,-0.0281702455844569,0.78347786367317,0.2686914755936356,High-end Integrated Circuits,0.1720025238664402,0.2635331381654682,0.0450102768845907,0.1157304348169835,-0.0281702455844569
CRI,2025.0,4.0,0.3199014750930073,Baby,0.434929510016816,12.0,2025.0,3.0,0.3973319813283585,Retail,0.5058359261199009,14.0,International,0.0625298941316279,0.1486875980273431,0.0060773822193306,,0.0191005807808579,0.0,0.0,Baby,0.1066446381401931,0.434929510016816,0.0344062517089213,0.0649526879508422,0.0191005807808579
CNRFF,,,,,,,,,,,,,,,,,,,,,,,,,,
6870.T,,,,,,,,,,,,,,,,,,,,,,,,,,
600273.SS,,,,,,,,,,,,,,,,,,,,,,,,,,
ATAT,2025.0,4.0,0.6900569836083715,Retail Revenues,0.8200370862726062,4.0,,,,,,,,,,,,,,,Retail Revenues,0.6699901464745215,0.8200370862726062,0.1095449547975045,0.3450138538092459,0.4469039005348896
122310.KQ,,,,,,,,,,,,,,,,,,,,,,,,,,
600496.SS,,,,,,,,,,,,,,,,,,,,,,,,,,
0336.HK,,,,,,,,,,,,,,,,,,,,,,,,,,
THIP.BK,,,,,,,,,,,,,,,,,,,,,,,,,,
4431.TWO,,,,,,,,,,,,,,,,,,,,,,,,,,
ROUTE.NS,,,,,,,,,,,,,,,,,,,,,,,,,,
HUMAN.BK,,,,,,,,,,,,,,,,,,,,,,,,,,
MAFATIND.BO,,,,,,,,,,,,,,,,,,,,,,,,,,
META,2025.0,2.0,0.978277292471596,Family of Apps,0.98901804285302,8.0,2025.0,5.0,0.2281598997750415,US & Canada,0.2860095885343758,14.0,US & Canada,0.2477415476133972,0.2860095885343758,-0.0982251577589597,0.0189658709547662,0.6762572871897434,0.0,0.0,Family of Apps,0.2242246928028086,0.98901804285302,0.0020635562541542,,0.2216703849824621
T,2025.0,6.0,0.3730963360585357,Wireless Service,0.5578998471921559,15.0,2025.0,6.0,0.9167135781530168,United States,0.95679199032217,11.0,United States,0.0285501617015451,0.95679199032217,0.0013741247715551,,0.0270729793356003,0.0361167706608939,0.0,Other Capitalized Property Plant and Equipment,0.1031034638079366,0.1949095886922195,0.0134339805310895,0.3089887676350752,0.0270729793356003
BRC,2026.0,1.0,1.0,Product Identification,1.0,15.0,2026.0,2.0,0.5038062599457186,UNITED STATES,0.5436248779122568,16.0,UNITED STATES,0.1232533493206944,0.5436248779122568,0.0122548065788712,0.0270162361285342,0.0979321157011836,0.0,0.0,Product Identification,0.1609569467287213,1.0,0.0,,0.1609569467287213
8512.HK,,,,,,,,,,,,,,,,,,,,,,,,,,
9658.T,,,,,,,,,,,,,,,,,,,,,,,,,,
KIROY,,,,,,,,,,,,,,,,,,,,,,,,,,
MVST,,,,,,,2025.0,8.0,0.1731715339379621,Europe,0.2607023849500537,5.0,Europe,0.1290552850552424,0.2607023849500537,0.0081977577117616,0.207389543254587,0.0935522662706611,0.2134302123194743,0.1709097350096497,,,,,,
VOD.JO,,,,,,,,,,,,,,,,,,,,,,,,,,
MFRVF,,,,,,,,,,,,,,,,,,,,,,,,,,
4116.TWO,,,,,,,,,,,,,,,,,,,,,,,,,,
290740.KQ,,,,,,,,,,,,,,,,,,,,,,,,,,
WINNER.BK,,,,,,,,,,,,,,,,,,,,,,,,,,
ZTOEF,,,,,,,,,,,,,,,,,,,,,,,,,,
TRPCF,2025.0,5.0,0.321933944928114,Accommodation Reservation Services,0.4175331946888498,3.0,2025.0,2.0,0.7139465204364293,CHINA,0.8270676691729323,3.0,CHINA,0.3370228612806454,0.8270676691729323,-0.0406671721717111,,0.4027646874018222,0.8270676691729323,0.8270676691729323,"Product and Service, Other",0.8465974625144175,0.1024476083826587,0.024623453272924,0.2249606225882696,0.4027646874018222
ELMD,2024.0,2.0,0.5000404838048587,Home Care,0.504499100179964,6.0,2026.0,1.0,1.0,Non-US,1.0,6.0,Non-US,0.6975806451612903,1.0,0.0,,0.6975806451612903,0.0,0.0,Home Care,-0.5280583613916947,0.504499100179964,-0.495500899820036,,-0.0645342312008978
STARPAPER.NS,,,,,,,,,,,,,,,,,,,,,,,,,,
SKBM.JK,,,,,,,,,,,,,,,,,,,,,,,,,,
ANDHRAPAP.NS,,,,,,,,,,,,,,,,,,,,,,,,,,
004150.KS,,,,,,,,,,,,,,,,,,,,,,,,,,
GOOG,2025.0,6.0,0.3614207036829258,Google Search & other,0.5572025223159447,11.0,2025.0,4.0,0.3485753762825447,UNITED STATES,0.4820020696689274,11.0,Asia Pacific,0.1912347091437121,0.167955866915821,0.0055377334879594,0.0203442890271868,0.1519580797411144,0.0,0.0,Google Cloud,0.3580004163871475,0.1456833505805743,0.022178273698814,0.1221159756910707,0.1512636492980361
7208.T,,,,,,,,,,,,,,,,,,,,,,,,,,
PLNT,2025.0,3.0,0.4110975403902328,Franchise,0.4896503681654193,11.0,2025.0,2.0,0.9420872976248652,Americas,0.9701527930496984,6.0,Americas,0.125331347728965,0.9701527930496984,0.0040916617879247,,0.1205852136073672,0.0,0.0,Equipment Revenue,0.2107176323598314,0.3985479026331314,0.0215499030246723,0.0502052322771258,0.1452528603832685
KYE.BK,,,,,,,,,,,,,,,,,,,,,,,,,,
GRR.AX,,,,,,,,,,,,,,,,,,,,,,,,,,
066620.KQ,,,,,,,,,,,,,,,,,,,,,,,,,,
LNN,2025.0,2.0,0.7309002557091386,Irrigation,0.8397795283041185,9.0,2018.0,1.0,1.0,UNITED STATES,1.0,2.0,,,,,,-0.4164261548648085,0.0,0.0,Infrastructure,0.1630213140440877,0.1602204716958815,0.0067334173993707,0.0288696557299535,0.1141442394172704
1675.HK,,,,,,,,,,,,,,,,,,,,,,,,,,
SAURASHCEM.BO,,,,,,,,,,,,,,,,,,,,,,,,,,
7359.T,,,,,,,,,,,,,,,,,,,,,,,,,,
SAM.TO,,,,,,,,,,,,,,,,,,,,,,,,,,
ENGH.TO,,,,,,,,,,,,,,,,,,,,,,,,,,
4222.T,,,,,,,,,,,,,,,,,,,,,,,,,,
6307.T,,,,,,,,,,,,,,,,,,,,,,,,,,
263750.KQ,,,,,,,,,,,,,,,,,,,,,,,,,,
000526.SZ,,,,,,,,,,,,,,,,,,,,,,,,,,
5958.T,,,,,,,,,,,,,,,,,,,,,,,,,,
094820.KQ,,,,,,,,,,,,,,,,,,,,,,,,,,
017890.KQ,,,,,,,,,,,,,,,,,,,,,,,,,,
WFRSF,,,,,,,,,,,,,,,,,,,,,,,,,,
MICE.JK,,,,,,,,,,,,,,,,,,,,,,,,,,
2449.T,,,,,,,,,,,,,,,,,,,,,,,,,,
SCHAND.NS,,,,,,,,,,,,,,,,,,,,,,,,,,
ALANKIT.NS,,,,,,,,,,,,,,,,,,,,,,,,,,
PSIX,2025.0,3.0,0.6848994158960738,Energy End Market,0.8116596645925762,9.0,2025.0,5.0,0.875408388334331,UNITED STATES,0.9346474622960804,8.0,UNITED STATES,0.6087308735162233,0.9346474622960804,0.0528510352328596,0.3518869360279478,0.5177627860755052,0.0,0.0,Energy End Market,0.7999963161820911,0.8116596645925762,0.1272655784479485,0.4466052198795046,0.5177627860755052
EAT,2026.0,2.0,0.855638375359741,Chili's Restaurants,0.9216861245996488,11.0,,,,,,,,,,,,,,,Chili's Restaurants,0.0961928362243749,0.9216861245996488,0.0147918784720902,0.0944758316370228,0.078600349169793
SSSC.BK,,,,,,,,,,,,,,,,,,,,,,,,,,
EUCA4.SA,,,,,,,,,,,,,,,,,,,,,,,,,,
256150.KQ,,,,,,,,,,,,,,,,,,,,,,,,,,
3166.T,,,,,,,,,,,,,,,,,,,,,,,,,,
CTJHY,,,,,,,,,,,,,,,,,,,,,,,,,,
5TP.SI,,,,,,,,,,,,,,,,,,,,,,,,,,
GLB.AX,,,,,,,,,,,,,,,,,,,,,,,,,,
GEA.WA,,,,,,,,,,,,,,,,,,,,,,,,,,
GFI.JO,,,,,,,,,,,,,,,,,,,,,,,,,,
DLNDY,,,,,,,,,,,,,,,,,,,,,,,,,,
NTES,2025.0,2.0,0.502502393285307,Innovative businesses and others,0.5353722580937869,14.0,,,,,,,,,,,,,,,Youdao,0.0503206676100385,0.4646277419062131,0.054648457599267,0.104688126458858,-0.0732156589856022
BWPT.JK,,,,,,,,,,,,,,,,,,,,,,,,,,
MAPA.JK,,,,,,,,,,,,,,,,,,,,,,,,,,
SFT.BK,,,,,,,,,,,,,,,,,,,,,,,,,,
PED,2025.0,3.0,0.7805028355388554,Oil Sales,0.879325042075583,4.0,,,,,,,,,,,,,,,Natural Gas Liquids Sales,0.3330223880597014,0.0624685799217503,0.0082628306739056,0.1107407411798521,0.1567011351857001
3184.T,,,,,,,,,,,,,,,,,,,,,,,,,,
IMMR,2023.0,4.0,0.4322705083029876,Fixed Fee License and Per-Unit Royalties,0.4989807976366322,6.0,,,,,,,,,,,,,,,Per-Unit Royalties,0.0866730219256435,0.4209453471196455,0.0155253180561696,0.1009220314196293,0.0465943171629099
0184.HK,,,,,,,,,,,,,,,,,,,,,,,,,,
2410.T,,,,,,,,,,,,,,,,,,,,,,,,,,
001420.KS,,,,,,,,,,,,,,,,,,,,,,,,,,
603900.SS,,,,,,,,,,,,,,,,,,,,,,,,,,
6648.T,,,,,,,,,,,,,,,,,,,,,,,,,,
EMBC,2025.0,3.0,0.6641878857795677,Safety,0.8025626092020967,2.0,2025.0,2.0,0.5025927464439583,UNITED STATES,0.5360051832654572,4.0,Non-US,-0.0283000581508043,0.4639948167345427,0.0046412418080001,0.0089889696070747,-0.0380197667171222,0.0,0.0,Manufacturing Facility,0.5546875,0.1158998252766453,0.0319653990471371,0.2013015270123195,0.1259016393442622
ALNXT.PA,,,,,,,,,,,,,,,,,,,,,,,,,,
ARROWGREEN.NS,,,,,,,,,,,,,,,,,,,,,,,,,,
SGIPF,,,,,,,,,,,,,,,,,,,,,,,,,,
011370.KQ,,,,,,,,,,,,,,,,,,,,,,,,,,
MUNJALSHOW.NS,,,,,,,,,,,,,,,,,,,,,,,,,,
TGRNF,,,,,,,,,,,,,,,,,,,,,,,,,,
6675.T,,,,,,,,,,,,,,,,,,,,,,,,,,
OTEX,2026.0,4.0,0.3533333584081437,License,0.4673717783140159,8.0,2026.0,5.0,0.3871907013778363,UNITED STATES,0.4988818048791924,15.0,Rest of EMEA,0.0739821974110825,0.3585555126266558,0.0196612115802015,0.0420093213443427,0.0150909226347393,0.0,0.0,License,16.85648498914666,0.4673717783140159,0.4005249340854749,7.285035272934716,1.5539618049782686
HLF,2025.0,5.0,0.4026396476057362,Weight Management,0.5452506203473946,15.0,2025.0,6.0,0.2513063767648344,Others,0.4022828784119107,15.0,INDIA,0.0530303030303029,0.1765955334987593,0.0074020464866826,0.0615349944629457,0.0088922713344414,0.3427096774193548,0.0554044665012406,Energy Sports And Fitness,0.0784690667598742,0.122501240694789,0.0079030952540809,0.0362356452538793,0.0088922713344414
119610.KQ,,,,,,,,,,,,,,,,,,,,,,,,,,
SMID,2020.0,1.0,1.0,Shipping and Installation Revenue,1.0,1.0,,,,,,,,,,,,,,,,,,,,
KBLI.JK,,,,,,,,,,,,,,,,,,,,,,,,,,
9466.T,,,,,,,,,,,,,,,,,,,,,,,,,,
6069.T,,,,,,,,,,,,,,,,,,,,,,,,,,
RUG.ST,,,,,,,,,,,,,,,,,,,,,,,,,,
0623.HK,,,,,,,,,,,,,,,,,,,,,,,,,,
0259.HK,,,,,,,,,,,,,,,,,,,,,,,,,,
013000.KS,,,,,,,,,,,,,,,,,,,,,,,,,,
042000.KQ,,,,,,,,,,,,,,,,,,,,,,,,,,
0239.HK,,,,,,,,,,,,,,,,,,,,,,,,,,
9644.T,,,,,,,,,,,,,,,,,,,,,,,,,,
FORTH.BK,,,,,,,,,,,,,,,,,,,,,,,,,,
CSRA.JK,,,,,,,,,,,,,,,,,,,,,,,,,,
CTZ.V,,,,,,,,,,,,,,,,,,,,,,,,,,
009540.KS,,,,,,,,,,,,,,,,,,,,,,,,,,
6543.T,,,,,,,,,,,,,,,,,,,,,,,,,,
5697.T,,,,,,,,,,,,,,,,,,,,,,,,,,
000848.SZ,,,,,,,,,,,,,,,,,,,,,,,,,,
KANPRPLA.NS,,,,,,,,,,,,,,,,,,,,,,,,,,
CPRT,2025.0,2.0,0.7506807166201608,Service,0.854034402721092,8.0,2025.0,2.0,0.7172688142357122,UNITED STATES,0.8295973408840794,14.0,UNITED STATES,0.1126692228987209,0.8295973408840794,0.0118301129399335,0.0435342570856092,0.0968024862025154,0.0,0.0,Service,0.1144790146144258,0.854034402721092,0.0135456685917692,0.055408401141527,0.0968024862025154
6912.T,,,,,,,,,,,,,,,,,,,,,,,,,,
1714.TW,,,,,,,,,,,,,,,,,,,,,,,,,,
1830.HK,,,,,,,,,,,,,,,,,,,,,,,,,,
0420.HK,,,,,,,,,,,,,,,,,,,,,,,,,,
1587.HK,,,,,,,,,,,,,,,,,,,,,,,,,,
FTE.BK,,,,,,,,,,,,,,,,,,,,,,,,,,
9407.F,,,,,,,,,,,,,,,,,,,,,,,,,,
KSS,2025.0,2.0,0.984410316730094,Product,0.992143432715552,8.0,,,,,,,,,,,,,,,Product,-0.0396490087747806,0.992143432715552,0.0003306426175633,,-0.0399690562145436
285490.KQ,,,,,,,,,,,,,,,,,,,,,,,,,,
CSS.BK,,,,,,,,,,,,,,,,,,,,,,,,,,
143240.KQ,,,,,,,,,,,,,,,,,,,,,,,,,,
AUUMF,,,,,,,,,,,,,,,,,,,,,,,,,,
PFRM3.SA,,,,,,,,,,,,,,,,,,,,,,,,,,
SKY,2025.0,3.0,0.518647769857136,Manufacturing,0.6199443693383375,8.0,,,,,,,,,,,,,,,Retail,0.1317623773403655,0.3662316852996971,0.0191585837086833,0.0466509273740786,0.0725567839552105
ASAHISONG.NS,,,,,,,,,,,,,,,,,,,,,,,,,,
BBTC.NS,,,,,,,,,,,,,,,,,,,,,,,,,,
CPH.BK,,,,,,,,,,,,,,,,,,,,,,,,,,
PPLI,,,,,,,,,,,,,,,,,,,,,,,,,,
2121.T,,,,,,,,,,,,,,,,,,,,,,,,,,
NOBH,2025.0,3.0,0.984522952066494,Manufactured Housing,0.9922116990649156,14.0,,,,,,,,,,,,,,,Manufactured Housing,0.0197190962156841,0.9922116990649156,0.0054284741244329,,0.0141401267949305
THMUI.BK,,,,,,,,,,,,,,,,,,,,,,,,,,
KDH.BK,,,,,,,,,,,,,,,,,,,,,,,,,,
FML.AX,,,,,,,,,,,,,,,,,,,,,,,,,,
3075.T,,,,,,,,,,,,,,,,,,,,,,,,,,
7266.T,,,,,,,,,,,,,,,,,,,,,,,,,,
002170.KS,,,,,,,,,,,,,,,,,,,,,,,,,,
BYD,2025.0,5.0,0.6221844772635601,Casino,0.7796721071169554,11.0,,,,,,,,,,,,,,,Food and Beverage,0.0221532541298488,0.0916893097604787,0.0003759640262778,0.0408636817595982,0.0179620037659888
CEK.DE,,,,,,,,,,,,,,,,,,,,,,,,,,
MTN.JO,,,,,,,,,,,,,,,,,,,,,,,,,,
STHINPA.BO,,,,,,,,,,,,,,,,,,,,,,,,,,
8017.HK,,,,,,,,,,,,,,,,,,,,,,,,,,
600335.SS,,,,,,,,,,,,,,,,,,,,,,,,,,
ALV,2025.0,2.0,0.561371419337836,Airbags Steering Wheels and Other,0.6751733703190014,15.0,2025.0,4.0,0.2626466083967127,Americas,0.3217753120665742,15.0,Europe,0.0577053632043449,0.2881183541377716,0.0045764869577908,0.0166925037175799,0.0409047160731472,0.3901063337956542,0.3901063337956542,Seatbelt Products,0.0433620433620434,0.3248266296809986,0.0007650319909119,0.0018177154016538,0.0409047160731472
COUR,2025.0,2.0,0.5531186354278993,Consumer Segment,0.662970297029703,5.0,2025.0,4.0,0.349414301430143,UNITED STATES,0.5078547854785479,5.0,Asia Pacific,0.2145071710570338,0.1437623762376237,0.014686003723322,0.0607920876106775,0.0904395443042347,0.0,0.0,Consumer Segment,0.2615111003933743,0.662970297029703,0.0899043697026402,0.0963532727596411,0.0904395443042347
BAUH4.SA,,,,,,,,,,,,,,,,,,,,,,,,,,
BOSC,2021.0,3.0,0.4714306936147553,SupplyChainSolutionsMember,0.5627664613927049,10.0,2025.0,4.0,0.8371618730076843,ISRAEL,0.91359465232181,13.0,ISRAEL,0.27765792676181,0.91359465232181,0.0068156289225173,,0.2681263010056931,0.0322363737046119,0.0,RFIDDivisionMember,0.0591730228823765,0.3905731880625296,0.0193472931562674,0.1942491056951047,0.0067062084587643
MH,2026.0,2.0,0.5660927675080648,Digital,0.6817866434973494,1.0,2026.0,2.0,0.8347309063067756,UNITED STATES,0.9091032304362652,1.0,,,,,,,0.0,0.0,,,,,,
ASO,2025.0,5.0,0.2538044196809675,Outdoors,0.3024802202525715,6.0,,,,,,,,,,,,,,,Outdoors,0.0523956879685678,0.3024802202525715,0.0092484579557627,0.0235533429946508,0.0202182541354523
5363.T,,,,,,,,,,,,,,,,,,,,,,,,,,
238200.KQ,,,,,,,,,,,,,,,,,,,,,,,,,,
6750.T,,,,,,,,,,,,,,,,,,,,,,,,,,
ADUS,2025.0,3.0,0.6228165974584324,Personal Care,0.7656885970770388,8.0,,,,,,,,,,,,,,,Personal Care,0.2715843568792677,0.7656885970770388,0.0238024530564741,0.1054099758625939,0.2320554582153631
3628.HK,,,,,,,,,,,,,,,,,,,,,,,,,,
9478.T,,,,,,,,,,,,,,,,,,,,,,,,,,
EXPE,2025.0,2.0,0.9352946082765612,Lodging,0.9665268525372152,15.0,2025.0,1.0,1.0,UNITED STATES,1.0,15.0,UNITED STATES,0.0403726708074534,1.0,0.3885033963917902,,-0.3638156453144401,0.0,0.0,Lodging,0.0732420091324201,0.9665268525372152,0.0785930218528169,,-0.0140285436263379
SNL.BO,,,,,,,,,,,,,,,,,,,,,,,,,,
090350.KS,,,,,,,,,,,,,,,,,,,,,,,,,,
005800.KS,,,,,,,,,,,,,,,,,,,,,,,,,,
0926.HK,,,,,,,,,,,,,,,,,,,,,,,,,,
6165.T,,,,,,,,,,,,,,,,,,,,,,,,,,
XAUMF,,,,,,,,,,,,,,,,,,,,,,,,,,
6643.T,,,,,,,,,,,,,,,,,,,,,,,,,,
237880.KQ,,,,,,,,,,,,,,,,,,,,,,,,,,
086960.KQ,,,,,,,,,,,,,,,,,,,,,,,,,,
108380.KQ,,,,,,,,,,,,,,,,,,,,,,,,,,
600398.SS,,,,,,,,,,,,,,,,,,,,,,,,,,
WJP.SI,,,,,,,,,,,,,,,,,,,,,,,,,,
AWC.SI,,,,,,,,,,,,,,,,,,,,,,,,,,
5OC.SI,,,,,,,,,,,,,,,,,,,,,,,,,,
1556.HK,,,,,,,,,,,,,,,,,,,,,,,,,,
SAMART.BK,,,,,,,,,,,,,,,,,,,,,,,,,,
EME,2025.0,5.0,0.3012721278127409,United States Mechanical Construction And Facilities Services,0.4142954183290103,10.0,2025.0,1.0,1.0,UNITED STATES,1.0,13.0,UNITED STATES,0.1679196435283363,1.0,0.0,,0.1679196435283363,0.0,0.0,United States Electrical Construction And Facilities Services,0.523773285079451,0.2986918567457225,0.0694963834451626,0.2146532132319545,0.1692382346193144
POONADAL.BO,,,,,,,,,,,,,,,,,,,,,,,,,,
MAT,2025.0,1.0,1.0,International Segment,1.0,10.0,2025.0,6.0,0.224511379369481,North America Segment,0.2846187317055406,16.0,International Segment,0.061079540958373,0.2225449385518602,-0.1885449563946649,0.0568963618286805,0.9600494168095226,0.0571447214082921,0.0,,,,,,-0.7683365866507232
060480.KQ,,,,,,,,,,,,,,,,,,,,,,,,,,
ZJK,2025.0,1.0,1.0,Related Party Sales,1.0,2.0,2025.0,5.0,0.4306790347227557,CHINA,0.5783632364786069,2.0,TAIWAN,1.161484797700444,0.2937961141456719,0.0921053470321991,0.3566093064819273,0.483857362171086,0.8721593506242789,0.5783632364786069,Related Party Sales,0.2304513251986732,1.0,0.0,,0.2304513251986732
TVA-B.TO,,,,,,,,,,,,,,,,,,,,,,,,,,
7219.T,,,,,,,,,,,,,,,,,,,,,,,,,,
018310.KQ,,,,,,,,,,,,,,,,,,,,,,,,,,
CTNK.F,,,,,,,,,,,,,,,,,,,,,,,,,,
LEA,2025.0,2.0,0.6181602211078097,Seating Segment,0.7430640050560856,15.0,2025.0,6.0,0.2441855910392285,Other Countries,0.3824180643275105,12.0,MOROCCO,0.0636169863912117,0.0557803182410325,0.0034418646239382,0.0670302551861794,-0.0020123573328756,0.2837040126230163,0.1307488251910005,Seating Segment,0.0035361541275453,0.7430640050560856,0.0041083713137016,0.01062752577266,-0.0020123573328756
4318.T,,,,,,,,,,,,,,,,,,,,,,,,,,
4624.T,,,,,,,,,,,,,,,,,,,,,,,,,,
IOFNF,,,,,,,,,,,,,,,,,,,,,,,,,,
HERO.JK,,,,,,,,,,,,,,,,,,,,,,,,,,
2937.TWO,,,,,,,,,,,,,,,,,,,,,,,,,,
8037.T,,,,,,,,,,,,,,,,,,,,,,,,,,
NGCRY,,,,,,,,,,,,,,,,,,,,,,,,,,
5134.KL,,,,,,,,,,,,,,,,,,,,,,,,,,
0722.HK,,,,,,,,,,,,,,,,,,,,,,,,,,
6249.T,,,,,,,,,,,,,,,,,,,,,,,,,,
9408.T,,,,,,,,,,,,,,,,,,,,,,,,,,
2477.TW,,,,,,,,,,,,,,,,,,,,,,,,,,
DOHOL.IS,,,,,,,,,,,,,,,,,,,,,,,,,,
HERE,,,,,,,,,,,,,,,,,,,,,,,,,,
GOLKUNDIA.BO,,,,,,,,,,,,,,,,,,,,,,,,,,
CAMB.BR,,,,,,,,,,,,,,,,,,,,,,,,,,
2700.T,,,,,,,,,,,,,,,,,,,,,,,,,,
BRBR,2025.0,3.0,0.6932955402695539,Shakes and other beverages,0.8171026504359837,6.0,,,,,,,,,,,,,,,Shakes and other beverages,0.1690340909090908,0.8171026504359837,0.0059614822163664,0.0236048936333026,0.1605049594229035
HEOL,2025.0,4.0,0.6098539123938034,Ethanol,0.7681913752348295,7.0,,,,,,,,,,,,,,,Corn Oil,0.0979571293121017,0.0877711170824433,0.0081972187341691,0.1436452884280255,-0.0045845159224902
273060.KQ,,,,,,,,,,,,,,,,,,,,,,,,,,
033130.KQ,,,,,,,,,,,,,,,,,,,,,,,,,,
VISAKAIND.NS,,,,,,,,,,,,,,,,,,,,,,,,,,
004830.KS,,,,,,,,,,,,,,,,,,,,,,,,,,
2323.TW,,,,,,,,,,,,,,,,,,,,,,,,,,
PCTY,2026.0,2.0,0.9256553959617346,Recurring Fees,0.9613325243041804,8.0,,,,,,,,,,,,,,,Recurring Fees,0.1259752492382417,0.9613325243041804,0.0033932376750778,,0.1220008683239106
223250.KQ,,,,,,,,,,,,,,,,,,,,,,,,,,
WALCHPF.BO,,,,,,,,,,,,,,,,,,,,,,,,,,
JYC.AX,,,,,,,,,,,,,,,,,,,,,,,,,,
3577.T,,,,,,,,,,,,,,,,,,,,,,,,,,
DRT.BK,,,,,,,,,,,,,,,,,,,,,,,,,,
600612.SS,,,,,,,,,,,,,,,,,,,,,,,,,,
ASEFA.BK,,,,,,,,,,,,,,,,,,,,,,,,,,
BASANTGL.BO,,,,,,,,,,,,,,,,,,,,,,,,,,
H07.SI,,,,,,,,,,,,,,,,,,,,,,,,,,
VIOT,2025.0,2.0,0.9822809315090164,Product,0.9910605520243996,8.0,,,,,,,,,,,,,,,Product,0.1387768313151929,0.9910605520243996,0.4485137734688263,,-0.3765873335774036
8049.HK,,,,,,,,,,,,,,,,,,,,,,,,,,
SHOE,,,,,,,,,,,,,,,,,,,,,,,,,,
9059.T,,,,,,,,,,,,,,,,,,,,,,,,,,
JKHY,2026.0,3.0,0.3367641575398977,Payments,0.3810056857407093,15.0,,,,,,,,,,,,,,,Complementary,0.1140461694082868,0.306192279636842,0.0110813872529791,0.0305462609679899,0.0737277883062119
FTI,2025.0,2.0,0.5145527232777223,Service,0.5853015922410664,14.0,2025.0,13.0,0.1249750816243648,BRAZIL,0.2278081526672436,13.0,BRAZIL,0.2617210335554776,0.2278081526672436,0.0327190247861264,0.2106494853838162,0.080505913346943,0.3055033670389057,0.0,Product,0.2042592927284776,0.4146984077589337,0.0391809089466358,0.0910986363656879,0.09048028414361
SXI,2025.0,5.0,0.3201371815924201,Electronics Products Group,0.5064250791348514,1.0,2025.0,4.0,0.4332188085936501,UNITED STATES,0.5914882414660293,3.0,UNITED STATES,0.2832355816226783,0.5914882414660293,-0.0109384170400952,0.1745262469607335,0.3069665114509499,0.0,0.0,,,,,,
BBRM.JK,,,,,,,,,,,,,,,,,,,,,,,,,,
H22.SI,,,,,,,,,,,,,,,,,,,,,,,,,,
INET.BK,,,,,,,,,,,,,,,,,,,,,,,,,,
TRS,2025.0,2.0,0.7169675688865584,Packaging Reportable Segment,0.8293687666480828,9.0,2025.0,5.0,0.3197697755207706,UNITED STATES,0.4618144773331824,9.0,Europe,-0.0537106918238994,0.1703095817533533,-0.0015804518679048,0.178545766081696,-0.0449292440081728,0.0,0.0,Packaging Reportable Segment,0.0453232354778263,0.8293687666480828,0.2755152947937245,0.0576886265167659,-0.3019318710067999
2368.HK,,,,,,,,,,,,,,,,,,,,,,,,,,
SBYSF,2025.0,10.0,0.2282651772954994,Pgm Mining Activities,0.3588082227426489,1.0,2025.0,2.0,0.9624516713899144,UNITED STATES,0.9808594760373942,1.0,,,,,,,0.0,0.0,,,,,,
6540.T,,,,,,,,,,,,,,,,,,,,,,,,,,
4284.T,,,,,,,,,,,,,,,,,,,,,,,,,,
SRHHYPOLTD.BO,,,,,,,,,,,,,,,,,,,,,,,,,,
HSM.L,,,,,,,,,,,,,,,,,,,,,,,,,,
053620.KQ,,,,,,,,,,,,,,,,,,,,,,,,,,
MUL.BO,,,,,,,,,,,,,,,,,,,,,,,,,,
6117.HK,,,,,,,,,,,,,,,,,,,,,,,,,,
JBI,2025.0,2.0,0.6533034051613893,Product,0.7768604388147478,5.0,2025.0,2.0,0.7813342002839382,Janus North America,0.8750561293219578,5.0,Janus International,0.3808933002481389,0.1249438706780422,0.0415242888109339,0.2503495408196431,-0.0780376733595529,0.0,0.0,Service,0.0699566160520608,0.2231395611852522,0.0318135599401806,0.0943188263734771,-0.0825897489105623
SO.BK,,,,,,,,,,,,,,,,,,,,,,,,,,
GOTU,2025.0,2.0,0.989951624462064,Learning Services,0.9949503128911346,7.0,,,,,,,,,,,,,,,Learning Services,0.366308187125506,0.9949503128911346,0.0060613096501475,,0.3579845383036522
LECO,2025.0,3.0,0.4846107467652421,Americas Welding,0.6472370358386529,15.0,2025.0,2.0,0.5296751685582426,UNITED STATES,0.6218096230973614,15.0,UNITED STATES,0.1175495549964291,0.6218096230973614,0.0342676203882335,,0.0559619524680254,0.0,0.0,The Harris Products Group,0.1363629403049642,0.1347034797167978,0.0100980430079219,0.0593795165656665,0.0511755207376789
4430.T,,,,,,,,,,,,,,,,,,,,,,,,,,
013810.KQ,,,,,,,,,,,,,,,,,,,,,,,,,,
CK.BK,,,,,,,,,,,,,,,,,,,,,,,,,,
RP.BK,,,,,,,,,,,,,,,,,,,,,,,,,,
5644.T,,,,,,,,,,,,,,,,,,,,,,,,,,
RERE,2025.0,2.0,0.8540411585300491,Product,0.9207381362142308,5.0,2025.0,2.0,0.8429404033538433,HONG KONG,0.9140896058547252,5.0,,,,,,-0.9758462710826752,0.9140896058547252,0.9140896058547252,Product,0.3055368429448488,0.9207381362142308,0.0116217500404476,0.0906585874041325,0.2890580828495137
1086.HK,,,,,,,,,,,,,,,,,,,,,,,,,,
VTY.L,,,,,,,,,,,,,,,,,,,,,,,,,,
QRVO,2026.0,3.0,0.5309391186850329,ACG,0.6935419898834231,12.0,2026.0,5.0,0.4369362171249967,UNITED STATES,0.6295368486811397,12.0,"TAIWAN, PROVINCE OF CHINA",0.0485928930915315,0.0972508758284928,0.00551555441835,0.1142069663767139,-0.010877740106067,0.2263436596867705,0.2263436596867705,HPA,0.1073280806451359,0.1918319257461634,0.0204778065556669,0.0883785678619439,-0.010877740106067
192440.KQ,,,,,,,,,,,,,,,,,,,,,,,,,,
GGC.BK,,,,,,,,,,,,,,,,,,,,,,,,,,
KUASF,,,,,,,,,,,,,,,,,,,,,,,,,,
ATHM,2025.0,3.0,0.3693413684208477,Leads Generation Services,0.4199042781884151,10.0,,,,,,,,,,,,,,,Online Marketplace And Other Service,0.0876865632457331,0.4013273341878448,0.0631502507879237,0.1376758602334707,-0.0834646975738775
3206.TWO,,,,,,,,,,,,,,,,,,,,,,,,,,
3991.T,,,,,,,,,,,,,,,,,,,,,,,,,,
009180.KS,,,,,,,,,,,,,,,,,,,,,,,,,,
236200.KQ,,,,,,,,,,,,,,,,,,,,,,,,,,
STARCEMENT.NS,,,,,,,,,,,,,,,,,,,,,,,,,,
AHEB3.SA,,,,,,,,,,,,,,,,,,,,,,,,,,
IRO.V,,,,,,,,,,,,,,,,,,,,,,,,,,
5102.KL,,,,,,,,,,,,,,,,,,,,,,,,,,
DIS,2025.0,8.0,0.2179950723583771,Subscription and affiliate fees,0.4000953137410643,8.0,2025.0,3.0,0.6743110877824751,Americas,0.8094254699496956,8.0,Europe,0.0788987255569608,0.1174477098226105,0.0049379956119517,0.1392596550643871,0.0335372861505456,0.0,0.0,"Retail and wholesale sales of merchandise, food and beverage",0.0475880052151238,0.1021127879269261,0.0013695824015925,0.0562053024225946,0.0335372861505456
1418.HK,,,,,,,,,,,,,,,,,,,,,,,,,,
SNPTF,,,,,,,,,,,,,,,,,,,,,,,,,,
4366.T,,,,,,,,,,,,,,,,,,,,,,,,,,
007720.KQ,,,,,,,,,,,,,,,,,,,,,,,,,,
BIOYF,,,,,,,,,,,,,,,,,,,,,,,,,,
RTSPOWR.BO,,,,,,,,,,,,,,,,,,,,,,,,,,
EDL.DE,,,,,,,,,,,,,,,,,,,,,,,,,,
MRE.TO,,,,,,,,,,,,,,,,,,,,,,,,,,
2223.HK,,,,,,,,,,,,,,,,,,,,,,,,,,
ALNPF,,,,,,,,,,,,,,,,,,,,,,,,,,
SOJA3.SA,,,,,,,,,,,,,,,,,,,,,,,,,,
1720.T,,,,,,,,,,,,,,,,,,,,,,,,,,
013990.KQ,,,,,,,,,,,,,,,,,,,,,,,,,,
FCSUF,,,,,,,,,,,,,,,,,,,,,,,,,,
4671.T,,,,,,,,,,,,,,,,,,,,,,,,,,
0040.KL,,,,,,,,,,,,,,,,,,,,,,,,,,
000651.SZ,,,,,,,,,,,,,,,,,,,,,,,,,,
PNGO.JK,,,,,,,,,,,,,,,,,,,,,,,,,,
VMD,2025.0,2.0,0.5569601428986578,Equipment Sales,0.6687603965666379,7.0,,,,,,,,,,,,,,,Equipment Sales,0.6265535991714137,0.6687603965666379,0.0633007559701143,0.1951125915690178,0.4725940151678458
060590.KQ,,,,,,,,,,,,,,,,,,,,,,,,,,
006730.KQ,,,,,,,,,,,,,,,,,,,,,,,,,,
3157.T,,,,,,,,,,,,,,,,,,,,,,,,,,
AHC.AX,,,,,,,,,,,,,,,,,,,,,,,,,,
GXYYY,,,,,,,,,,,,,,,,,,,,,,,,,,
CLEM.ST,,,,,,,,,,,,,,,,,,,,,,,,,,
AIJTY,2025.0,3.0,0.6866139527854176,Financial Service,0.8185616072368159,1.0,,,,,,,,,,,,,,,,,,,,
0518.HK,,,,,,,,,,,,,,,,,,,,,,,,,,
ALNPY,,,,,,,,,,,,,,,,,,,,,,,,,,
1451.TW,,,,,,,,,,,,,,,,,,,,,,,,,,
LAMM-B.ST,,,,,,,,,,,,,,,,,,,,,,,,,,
038010.KQ,,,,,,,,,,,,,,,,,,,,,,,,,,
SM,2025.0,1.0,1.0,E&P Segment,1.0,8.0,2025.0,3.0,0.3495353529444978,Midland Basin,0.437221159974506,8.0,Uinta Basin,3.2885850120080384,0.2788400254939452,0.202461054324639,1.5827194038297543,0.1747155395249851,0.0,0.0,,,,,,0.1807051662402177
3374.T,,,,,,,,,,,,,,,,,,,,,,,,,,
JAGRAN.NS,,,,,,,,,,,,,,,,,,,,,,,,,,
QAIR.ST,,,,,,,,,,,,,,,,,,,,,,,,,,
0831.HK,,,,,,,,,,,,,,,,,,,,,,,,,,
7575.T,,,,,,,,,,,,,,,,,,,,,,,,,,
1986.HK,,,,,,,,,,,,,,,,,,,,,,,,,,
234100.KQ,,,,,,,,,,,,,,,,,,,,,,,,,,
CHKP,2025.0,5.0,0.2764564754058416,Security Subscriptions,0.3723729227761486,12.0,2025.0,4.0,0.3772144152472626,EMEA,0.4308358406105526,15.0,Asia Pacific,0.1105577689243026,0.1227342775372422,0.0053073769524469,0.0261574469345498,0.0625341130604288,0.0,0.0,Security Subscriptions,0.1039666727042203,0.3723729227761486,0.0130380924855436,0.0367019225168334,0.0653128966123206
BOOM,2025.0,2.0,0.6181927084684835,DynaEnergetics Segment,0.743097417169006,14.0,2025.0,1.0,1.0,NobelClad Segment,1.0,14.0,NobelClad Segment,-0.1136980322954023,1.0,0.0,,-0.1136980322954023,0.0,0.0,DynaEnergetics Segment,-0.0607328823787045,0.743097417169006,0.2955815853510575,0.0264825749583488,-0.4343448170726964
LE,2025.0,5.0,0.4320920499513887,U Se Commerce,0.6215140516467862,12.0,2025.0,3.0,0.8577562083894649,UNITED STATES,0.9235304603391687,12.0,UNITED STATES,-0.0097908836850727,0.9235304603391687,0.0098845417883942,0.0548236057765112,-0.0203890867869707,0.0,0.0,Third Party,0.0913085119118879,0.0682749302323491,0.0069880750264882,0.1162217361964723,-0.0203890867869707
NPPNY,,,,,,,,,,,,,,,,,,,,,,,,,,
GCLA.BA,,,,,,,,,,,,,,,,,,,,,,,,,,
ESCA,2025.0,1.0,1.0,Sporting Goods,1.0,1.0,2025.0,3.0,0.9406368856861336,UNITED STATES,0.9695451923729388,1.0,,,,,,,0.0,0.0,,,,,,
1540.HK,,,,,,,,,,,,,,,,,,,,,,,,,,
6647.T,,,,,,,,,,,,,,,,,,,,,,,,,,
600894.SS,,,,,,,,,,,,,,,,,,,,,,,,,,
OTIS,2025.0,2.0,0.5476082854513249,Services,0.6542859122721918,6.0,2025.0,3.0,0.4516906899943094,Other,0.5951770494075255,6.0,Other,0.0599777860051833,0.5951770494075255,0.026984075562774,0.0828495460252724,0.0119206226772317,0.1143371907698704,0.1143371907698704,Services,0.0616145716213176,0.6542859122721918,0.0306269823233803,0.0660224898352536,0.0119206226772317
WAVE.PA,,,,,,,,,,,,,,,,,,,,,,,,,,
0315.HK,,,,,,,,,,,,,,,,,,,,,,,,,,
ORGO,2025.0,2.0,0.9959703547181668,Product,0.9979811014075568,8.0,,,,,,,,,,,,,,,,,,,,0.1703706930709501
DSK.AX,,,,,,,,,,,,,,,,,,,,,,,,,,
033050.KQ,,,,,,,,,,,,,,,,,,,,,,,,,,
SFWL,2025.0,1.0,1.0,Other Member,1.0,3.0,2025.0,1.0,1.0,Other Member,1.0,3.0,Other Member,-0.0552772729287646,1.0,0.0,,-0.0552772729287646,0.0,0.0,Other Member,0.1638627187079409,1.0,0.0,,0.1638627187079409
3660.T,,,,,,,,,,,,,,,,,,,,,,,,,,
688063.SS,,,,,,,,,,,,,,,,,,,,,,,,,,
1060.HK,,,,,,,,,,,,,,,,,,,,,,,,,,
INSW,2025.0,3.0,0.6168105262782704,Pool Revenue Leases,0.7610381571489218,10.0,,,,,,,,,,,,,,,Time and Bareboat Charter Leases,0.1492207498596109,0.1868606975911358,0.0427695597020989,0.1962751728819045,-0.1138183274083056
4432.TWO,,,,,,,,,,,,,,,,,,,,,,,,,,
4391.T,,,,,,,,,,,,,,,,,,,,,,,,,,
PDD,2025.0,2.0,0.500037108956547,Online marketing services and others,0.5043074909487407,8.0,,,,,,,,,,,,,,,Online marketing services and others,0.1002799758820851,0.5043074909487407,0.0017273732100663,0.003788269207118,0.0965112550361273
8281.T,,,,,,,,,,,,,,,,,,,,,,,,,,
SRIKPRIND.BO,,,,,,,,,,,,,,,,,,,,,,,,,,
BEI.SI,,,,,,,,,,,,,,,,,,,,,,,,,,
4288.T,,,,,,,,,,,,,,,,,,,,,,,,,,
LRN,2026.0,4.0,0.3294465998345933,General Education,0.3918289885216493,8.0,,,,,,,,,,,,,,,Middle - High School,0.1910778089826734,0.2884514244922516,0.0278036115213579,0.0920125819593719,0.0762707327099267
9755.T,,,,,,,,,,,,,,,,,,,,,,,,,,
4305.TWO,,,,,,,,,,,,,,,,,,,,,,,,,,
RSMDF,2026.0,2.0,0.7894995091234467,Sleep and Breathing Health,0.8804599250403692,16.0,2026.0,2.0,0.5925683630383978,Sleep and Breathing Health,0.7151375874160508,16.0,,,,,,-0.5390073347457323,0.0,0.0,Residential Care Software,0.0535921688334162,0.1195400749596308,-0.8804599250403692,,7.813715142718614
AMARIN.BK,,,,,,,,,,,,,,,,,,,,,,,,,,
ABG,2025.0,6.0,0.3128395194712453,New and Used Vehicle,0.4499180939108324,8.0,,,,,,,,,,,,,,,,,,,,1.0660209377801912
PLAKR.AT,,,,,,,,,,,,,,,,,,,,,,,,,,
GREEN.ST,,,,,,,,,,,,,,,,,,,,,,,,,,
6485.T,,,,,,,,,,,,,,,,,,,,,,,,,,
029530.KS,,,,,,,,,,,,,,,,,,,,,,,,,,
CPRX,2025.0,2.0,0.999382182820872,Product Revenue Net,0.9996909959269188,6.0,2025.0,1.0,1.0,Non-US,1.0,2.0,,,,,,68.6969696969697,0.0,0.0,Product Revenue Net,0.2032996339870882,0.9996909959269188,0.0045859187917196,,0.1977796938995473
SHM.AX,,,,,,,,,,,,,,,,,,,,,,,,,,
DRCSYSTEMS.NS,,,,,,,,,,,,,,,,,,,,,,,,,,
GRVO.PA,,,,,,,,,,,,,,,,,,,,,,,,,,
SUS.ST,,,,,,,,,,,,,,,,,,,,,,,,,,
UTMD,,,,,,,,,,,,,,,,,,,,,,,,,,
6539.T,,,,,,,,,,,,,,,,,,,,,,,,,,
035600.KQ,,,,,,,,,,,,,,,,,,,,,,,,,,
003720.KS,,,,,,,,,,,,,,,,,,,,,,,,,,
9767.T,,,,,,,,,,,,,,,,,,,,,,,,,,
PJL.BO,,,,,,,,,,,,,,,,,,,,,,,,,,
KNOS.L,,,,,,,,,,,,,,,,,,,,,,,,,,
LOCAL.PA,,,,,,,,,,,,,,,,,,,,,,,,,,
600132.SS,,,,,,,,,,,,,,,,,,,,,,,,,,
HDSN,2025.0,2.0,0.9436881574333512,Product,0.9710032682653864,9.0,,,,,,,,,,,,,,,Product,0.039949796755029,0.9710032682653864,-9.12922487880108e-05,,0.0400475712514445
HATHWAY.NS,,,,,,,,,,,,,,,,,,,,,,,,,,
6284.T,,,,,,,,,,,,,,,,,,,,,,,,,,
6488.T,,,,,,,,,,,,,,,,,,,,,,,,,,
3839.T,,,,,,,,,,,,,,,,,,,,,,,,,,
FIVE,2025.0,3.0,0.3538817799494169,Leisure,0.4445945937436439,7.0,,,,,,,,,,,,,,,Fashion And Home,0.2572423841760554,0.3091657331312405,0.0069516636819628,0.0297044941715737,0.2289729956737047
2386.HK,,,,,,,,,,,,,,,,,,,,,,,,,,
6706.T,,,,,,,,,,,,,,,,,,,,,,,,,,
3888.HK,,,,,,,,,,,,,,,,,,,,,,,,,,
4535.TWO,,,,,,,,,,,,,,,,,,,,,,,,,,
4687.T,,,,,,,,,,,,,,,,,,,,,,,,,,
PROP,,,,,,,,,,,,,,,,,,,,,,,,,,
GNP.AX,,,,,,,,,,,,,,,,,,,,,,,,,,
LZB,2026.0,4.0,0.6392749220849353,Stationary Upholstery Furniture,0.7898223623008023,13.0,2026.0,1.0,1.0,Wholesale Segment,1.0,1.0,,,,,,,0.0,0.0,"Product and Service, Other",0.3316928893767532,0.0847499989327223,0.017987600681459,0.1539310096692716,0.0490502908386338
PARR,2025.0,2.0,0.920151926365452,Fuel Revenue,0.958340444629018,13.0,,,,,,,,,,,,,,,,,,,,-0.133846234891493
002460.KS,,,,,,,,,,,,,,,,,,,,,,,,,,
3447.T,,,,,,,,,,,,,,,,,,,,,,,,,,
WWNTY,,,,,,,,,,,,,,,,,,,,,,,,,,
2302.HK,,,,,,,,,,,,,,,,,,,,,,,,,,
603808.SS,,,,,,,,,,,,,,,,,,,,,,,,,,
ACG.BK,,,,,,,,,,,,,,,,,,,,,,,,,,
TRN.L,,,,,,,,,,,,,,,,,,,,,,,,,,
MOS,2025.0,3.0,0.3527698189304574,Mosaic Fertilizantes,0.4010839435687394,12.0,2017.0,2.0,0.5381776612561705,International Distribution,0.6381623343320647,7.0,International Distribution,0.0542462821341775,0.6381623343320647,0.0119965890927727,0.0265069405965356,0.034427877366393,0.0,0.0,Potash Segment,0.1142881065014442,0.2202391295353936,0.0094057520706546,0.0441984631906896,0.0667002065349786
ERII,2025.0,2.0,0.9957862864514436,Water Segment,0.9978886855771296,9.0,2025.0,3.0,0.4147087097111283,Middle East And Africa,0.5050560424337158,8.0,Middle East And Africa,-0.2480698813252746,0.5050560424337158,-0.1204648340185291,,-0.0687211965670447,0.6162519353715543,0.0,Water Segment,-0.0665788926616312,0.9978886855771296,0.0022902640742458,,-0.0687211965670447
TRH1V.HE,,,,,,,,,,,,,,,,,,,,,,,,,,
004590.KQ,,,,,,,,,,,,,,,,,,,,,,,,,,
ST9.F,,,,,,,,,,,,,,,,,,,,,,,,,,
004250.KS,,,,,,,,,,,,,,,,,,,,,,,,,,
SKYW,2025.0,3.0,0.8860023657286549,Flying agreements,0.940173672398798,15.0,,,,,,,,,,,,,,,Flying agreements,0.1384069610917493,0.940173672398798,-0.0189888249101605,,0.1613995326721944
EXPLEOSOL.NS,,,,,,,,,,,,,,,,,,,,,,,,,,
ADEA,2025.0,2.0,0.8906378399371069,Media Platform,0.9419490015471846,4.0,2025.0,5.0,0.6879577140198855,UNITED STATES,0.8190245068630945,5.0,UNITED STATES,0.1973293328277749,0.8190245068630945,0.0124403526601712,0.0355691399280994,0.179142820671021,0.0229889982994501,0.0,Media Platform,0.1683642782609669,0.9419490015471846,-0.0086897874662825,,0.179142820671021
TNK,2025.0,6.0,0.4203893672241997,Voyage charters,0.5627698771098343,12.0,,,,,,,,,,,,,,,Other revenue,0.0489894326459423,0.1025885985274967,0.026802008163187,0.1389964853205759,-0.2250665905420326
EACO,2025.0,1.0,1.0,Shipping and Handling,1.0,6.0,2012.0,2.0,0.927970266605506,United States,0.9625852713854528,1.0,,,,,,,0.0,0.0,Shipping and Handling,0.1500904159132008,1.0,0.0,,0.1500904159132008
002697.SZ,,,,,,,,,,,,,,,,,,,,,,,,,,
TCMFF,,,,,,,2025.0,2.0,0.9097717284115354,Argentina,0.9526431974588458,3.0,Argentina,1.071922539895093,0.9526431974588458,0.0271103518161103,0.3958983064436598,1.0129596993036536,0.9526431974588458,0.0,,,,,,
ARLP,2025.0,4.0,0.7810918477198832,Coal Products and Services Revenue,0.880492671122935,15.0,,,,,,,,,,,,,,,Royalty,-0.0033402983132216,0.0628067747063414,0.0063235190466221,0.0407788860990451,-0.1036861071226132
600166.SS,,,,,,,,,,,,,,,,,,,,,,,,,,
TRANSPEK.BO,,,,,,,,,,,,,,,,,,,,,,,,,,
PEP,2025.0,6.0,0.2307258040974565,PepsiCo Beverages North America,0.3002076124567474,15.0,2025.0,9.0,0.3573263295933297,UNITED STATES,0.5560606867181261,15.0,All Other Countries,0.0539270398872113,0.1910141070002661,0.0056873928669676,0.0321520763003146,0.0225466501186666,0.1904178866116582,0.0279052435453819,"Africa, Middle East and South Asia",1.899308348077851,0.191908437583178,0.124224939858528,0.8420198792609658,0.0225466501186666
8027.HK,,,,,,,,,,,,,,,,,,,,,,,,,,
UAN,2025.0,4.0,0.4481867542878771,"Product, UAN",0.6176444381375426,8.0,,,,,,,,,,,,,,,"Product, Urea Products",0.2277578902427008,0.0616859008841029,0.0037235766803734,0.1014841590064529,0.1536461307688208
STZ,2026.0,2.0,0.835968548438069,Beer,0.909858846700952,15.0,2026.0,2.0,0.9712538117063544,UNITED STATES,0.9854141590983696,15.0,UNITED STATES,-0.1009045165927878,0.9854141590983696,0.0042510335290022,,-0.1047831751349339,0.0,0.0,Beer,-0.026300381741961,0.909858846700952,0.0733370564632136,0.2400405335582843,-0.1047831751349339
HPG.AX,,,,,,,,,,,,,,,,,,,,,,,,,,
0837.HK,,,,,,,,,,,,,,,,,,,,,,,,,,
GLXZ,2023.0,1.0,1.0,Licensing Fees,1.0,5.0,2025.0,2.0,0.5052504524794204,Americas,0.551236961655724,8.0,EMEA,0.0991700675976181,0.448763038344276,0.0516020929808371,0.1048295580094436,-0.027220635699145,0.0,0.0,Licensing Fees,0.1854245055925811,1.0,0.0,,0.1854245055925811
3054.T,,,,,,,,,,,,,,,,,,,,,,,,,,
600757.SS,,,,,,,,,,,,,,,,,,,,,,,,,,
5VC.SI,,,,,,,,,,,,,,,,,,,,,,,,,,
WEYS,2025.0,4.0,0.6321344893242122,Wholesale,0.7799403406126422,14.0,2025.0,4.0,0.735565982004447,UNITED STATES,0.8518552046029786,14.0,AUSTRALIA,0.022711994622107,0.0771230659487487,0.0053810148963528,0.0345317287219178,-0.0486444589892866,0.0086903309205595,0.0,Other Segment,0.0021142543025074,0.0852755018693034,0.0038086928162875,0.0328075160364566,-0.0426435633332185
1828.T,,,,,,,,,,,,,,,,,,,,,,,,,,
CPW.BK,,,,,,,,,,,,,,,,,,,,,,,,,,
SYK,2025.0,2.0,0.5302527503471645,MedSurg,0.6229893295110687,15.0,2025.0,3.0,0.4121622410740355,EMEA,0.5206219312602292,15.0,EMEA,0.0980324473593372,0.5206219312602292,0.3924077245773347,0.0133726593232329,-0.7295861916353176,0.0,0.0,MedSurg,0.157493712087587,0.6229893295110687,0.0247153750963751,0.0571538186966523,0.1115733569373755
CVG.MI,,,,,,,,,,,,,,,,,,,,,,,,,,
4951.T,,,,,,,,,,,,,,,,,,,,,,,,,,
CLVT,2025.0,3.0,0.4162205429365401,Recurring Revenues,0.5,7.0,2025.0,3.0,0.3938248220758548,North America,0.5307103290974259,7.0,EMEA,-0.019466906259359,0.2666992505702183,0.0055031775072856,0.0174757839476771,-0.0396996127821018,0.0,0.0,Re-occurring Revenues,0.0102373196835736,0.1064372211599745,-0.0616701046897536,0.0116652543832178,0.5955724175695232
NIRAJ.NS,,,,,,,,,,,,,,,,,,,,,,,,,,
PTSP.JK,,,,,,,,,,,,,,,,,,,,,,,,,,
MNCN.JK,,,,,,,,,,,,,,,,,,,,,,,,,,
0393.HK,,,,,,,,,,,,,,,,,,,,,,,,,,
7955.T,,,,,,,,,,,,,,,,,,,,,,,,,,
CRCT,2025.0,3.0,0.3581470127452212,Platform,0.4619190722085837,5.0,2025.0,2.0,0.6358010898825041,North America,0.7605773300601033,5.0,International,0.0775434006832354,0.2394226699398967,0.0184014752808048,0.0531577398478261,-0.0052741046793294,0.0,0.0,Platform,0.0460834057563519,0.4619190722085837,0.0226779369989528,0.0555385167306838,-0.0052741046793294
6191.T,,,,,,,,,,,,,,,,,,,,,,,,,,
4243.T,,,,,,,,,,,,,,,,,,,,,,,,,,
FMGOETZE.NS,,,,,,,,,,,,,,,,,,,,,,,,,,
UD.MI,,,,,,,,,,,,,,,,,,,,,,,,,,
603218.SS,,,,,,,,,,,,,,,,,,,,,,,,,,
ZLDSF,,,,,,,,,,,,,,,,,,,,,,,,,,
PEGA,2025.0,4.0,0.292871561748585,Pega Cloud,0.3986122217054299,8.0,2025.0,5.0,0.3552533725629121,UNITED STATES,0.5477657388080732,15.0,Asia Pacific,0.2869664748938221,0.1223671277319665,0.0114953554667746,0.0662606533716294,0.1660668723867537,0.0,0.0,Subscription License,0.2744673475641921,0.2906200667654936,0.0247188391241946,0.1246476791315037,0.1660668723867537
7217.T,,,,,,,,,,,,,,,,,,,,,,,,,,
AAG.DE,,,,,,,,,,,,,,,,,,,,,,,,,,
9845.T,,,,,,,,,,,,,,,,,,,,,,,,,,
100250.KS,,,,,,,,,,,,,,,,,,,,,,,,,,
NATH,2025.0,6.0,0.485939973310815,Branded Products,0.6526350863553063,9.0,2025.0,2.0,0.9584130360526883,UNITED STATES,0.9787551754564584,13.0,UNITED STATES,0.099100597292091,0.9787551754564584,0.0048312170809471,,0.0936753451836256,0.0,0.0,Branded Products,0.1518055495055974,0.6526350863553063,0.0329376872110107,0.0756758004788834,0.0936753451836256
263600.KQ,,,,,,,,,,,,,,,,,,,,,,,,,,
FSS,2025.0,2.0,0.7348819593485669,Environmental Solutions,0.8426966292134831,14.0,2025.0,3.0,0.6414112812587399,UNITED STATES,0.7852786058243522,14.0,Europe/Other,0.2637037037037038,0.0782389360238477,0.0057167764750967,0.0486313879823418,0.1713671770077893,0.0,0.0,Environmental Solutions,0.1800783507802967,0.8426966292134831,0.0062206689663705,0.0266357588329867,0.1713671770077893
TYCHE.BO,,,,,,,,,,,,,,,,,,,,,,,,,,
DFS.L,,,,,,,,,,,,,,,,,,,,,,,,,,
6118.T,,,,,,,,,,,,,,,,,,,,,,,,,,
037350.KQ,,,,,,,,,,,,,,,,,,,,,,,,,,
4752.T,,,,,,,,,,,,,,,,,,,,,,,,,,
3371.T,,,,,,,,,,,,,,,,,,,,,,,,,,
066130.KQ,,,,,,,,,,,,,,,,,,,,,,,,,,
PD,,,,,,,2026.0,2.0,0.590469566257391,UNITED STATES,0.7126847035606827,7.0,Non-US,0.0892633102163655,0.2873152964393173,0.0094130977180366,0.0247104512453947,0.0535765851905565,0.0,0.0,,,,,,
5918.T,,,,,,,,,,,,,,,,,,,,,,,,,,
EXE,2025.0,5.0,0.340380794522967,Oil and Gas,0.4213770817797663,15.0,2025.0,3.0,0.3458179172194493,Haynesville,0.4102170835299669,1.0,,,,,,,0.0,0.0,Oil and Gas,1.8548332771977096,0.4213770817797663,0.0106133850448466,0.1730270868548715,1.7829275041505257
3910.T,,,,,,,,,,,,,,,,,,,,,,,,,,
LNNGY,,,,,,,,,,,,,,,,,,,,,,,,,,
9467.T,,,,,,,,,,,,,,,,,,,,,,,,,,
2311.T,,,,,,,,,,,,,,,,,,,,,,,,,,
2915.T,,,,,,,,,,,,,,,,,,,,,,,,,,
ULTJ.JK,,,,,,,,,,,,,,,,,,,,,,,,,,
092440.KS,,,,,,,,,,,,,,,,,,,,,,,,,,
FLEXO.AT,,,,,,,,,,,,,,,,,,,,,,,,,,
8480.HK,,,,,,,,,,,,,,,,,,,,,,,,,,
PUNJABCHEM.NS,,,,,,,,,,,,,,,,,,,,,,,,,,
KUO.SI,,,,,,,,,,,,,,,,,,,,,,,,,,
198080.KQ,,,,,,,,,,,,,,,,,,,,,,,,,,
INFOBEAN.NS,,,,,,,,,,,,,,,,,,,,,,,,,,
NILKAMAL.NS,,,,,,,,,,,,,,,,,,,,,,,,,,
DGATE.IS,,,,,,,,,,,,,,,,,,,,,,,,,,
1981.T,,,,,,,,,,,,,,,,,,,,,,,,,,
7860.T,,,,,,,,,,,,,,,,,,,,,,,,,,
NEX.SI,,,,,,,,,,,,,,,,,,,,,,,,,,
ENO.MC,,,,,,,,,,,,,,,,,,,,,,,,,,
4546.TWO,,,,,,,,,,,,,,,,,,,,,,,,,,
7545.T,,,,,,,,,,,,,,,,,,,,,,,,,,
069260.KS,,,,,,,,,,,,,,,,,,,,,,,,,,
7062.T,,,,,,,,,,,,,,,,,,,,,,,,,,
064480.KQ,,,,,,,,,,,,,,,,,,,,,,,,,,
TCEHY,,,,,,,,,,,,,,,,,,,,,,,,,,
5187.T,,,,,,,,,,,,,,,,,,,,,,,,,,
BKNG,2025.0,3.0,0.5246951357664125,Merchant Revenue,0.6596203142995133,7.0,2025.0,2.0,0.8101198870325241,NETHERLANDS,0.8937765146834713,16.0,NETHERLANDS,0.1666666666666667,0.8937765146834713,0.1102557261077099,0.0644198524480215,0.0227473777328446,0.0,0.0,Merchant Revenue,0.2554801301088956,0.6596203142995133,0.0638917663404585,0.1603538613941943,0.1338725304351489
1525.HK,,,,,,,,,,,,,,,,,,,,,,,,,,
2707.TW,,,,,,,,,,,,,,,,,,,,,,,,,,
TSYHY,,,,,,,,,,,,,,,,,,,,,,,,,,
DBI,2025.0,1.0,1.0,Operating Segments,1.0,14.0,2025.0,2.0,0.8177897377498402,UNITED STATES,0.8986161924394444,1.0,,,,,,,0.0,0.0,,,,,,-0.040767088997635
2179.T,,,,,,,,,,,,,,,,,,,,,,,,,,
DOCS.L,,,,,,,,,,,,,,,,,,,,,,,,,,
5MZ.SI,,,,,,,,,,,,,,,,,,,,,,,,,,
8141.T,,,,,,,,,,,,,,,,,,,,,,,,,,
LBTYA,2025.0,3.0,0.3831569985536305,Residential,0.4986983704007379,13.0,2025.0,3.0,0.7356350413226778,BELGIUM,0.8462638441048647,13.0,BELGIUM,0.0332409023997808,0.8462638441048647,0.1734938586146415,0.013160947740387,-0.178585411916442,0.0,0.0,Other Category,0.3609962157880841,0.3170031772061084,0.0552974723303628,0.1482145065403835,0.1235864483290725
8066.T,,,,,,,,,,,,,,,,,,,,,,,,,,
6658.T,,,,,,,,,,,,,,,,,,,,,,,,,,
SCL.NZ,,,,,,,,,,,,,,,,,,,,,,,,,,
CMP,2025.0,4.0,0.3835268107328681,Highway Deicing Salt,0.5115409105380452,10.0,2025.0,3.0,0.6122711366564721,UNITED STATES,0.7430390492359932,10.0,CANADA,0.2296548785683851,0.2449915110356536,0.0249671367973485,0.0843425907993441,0.1043404893597075,0.0,0.0,Highway Deicing Salt,0.1762445095168374,0.5115409105380452,0.0198202481910329,0.0552271554735039,0.130669546436285
FUM.MI,,,,,,,,,,,,,,,,,,,,,,,,,,
048830.KQ,,,,,,,,,,,,,,,,,,,,,,,,,,
IVFH,2024.0,2.0,0.6132200404839485,Direct To Consumer Member,0.7379286032447008,7.0,,,,,,,,,,,,,,,,,,,,-0.6258290711853725
7235.T,,,,,,,,,,,,,,,,,,,,,,,,,,
1936.HK,,,,,,,,,,,,,,,,,,,,,,,,,,
VIH.BK,,,,,,,,,,,,,,,,,,,,,,,,,,
RSRV,2025.0,3.0,0.561428854241162,Oil and Condensate,0.6915835217270658,5.0,,,,,,,,,,,,,,,"Natural Gas, Production",0.7645559583976909,0.2875887562325022,0.1078096546947072,0.4013957874171109,0.1030691497460127
GLINT.LS,,,,,,,,,,,,,,,,,,,,,,,,,,
TSYHF,,,,,,,,,,,,,,,,,,,,,,,,,,
032190.KQ,,,,,,,,,,,,,,,,,,,,,,,,,,
0195.HK,,,,,,,,,,,,,,,,,,,,,,,,,,
200670.KQ,,,,,,,,,,,,,,,,,,,,,,,,,,
CWXZF,,,,,,,,,,,,,,,,,,,,,,,,,,
BCCLF,,,,,,,,,,,,,,,,,,,,,,,,,,
AWI,2025.0,2.0,0.5369487826201143,Mineral Fiber,0.6359205330700889,8.0,2017.0,2.0,0.8615422325295501,UNITED STATES,0.925171866737176,2.0,UNITED STATES,-0.0980796494393607,0.925171866737176,0.5448473728398182,,-0.6292338610852409,0.0,0.0,Architectural Specialties,0.2836632586469436,0.3640794669299111,0.0461020165598482,0.1191642865242831,0.1211177976066957
2020.HK,,,,,,,,,,,,,,,,,,,,,,,,,,
RL,2026.0,4.0,0.3337722085445214,North America Segment,0.4103271920635898,15.0,2026.0,3.0,0.348850605956727,Americas,0.4307227802082691,13.0,Asia,0.2306072306072306,0.2592396327561772,0.0177648481820848,0.0587393065319397,0.1462777228422094,0.0,0.0,Asia Segment,0.2305487305487306,0.2592273091379629,0.0177525245638704,0.0567877543730775,0.1462777228422094
GTIM,2023.0,2.0,0.9871530025893468,Service,0.99353470120618,4.0,,,,,,,,,,,,,,,,,,,,0.7466110268082955
USSJF,,,,,,,,,,,,,,,,,,,,,,,,,,
TAE.BK,,,,,,,,,,,,,,,,,,,,,,,,,,
ADTTF,2013.0,3.0,0.4880933885043491,Semiconductor And Component Test System Business,0.6510539268136101,3.0,2013.0,4.0,0.5581133731906176,Asia,0.7299111532204723,3.0,Asia,-0.0846616001972784,0.7299111532204723,0.0586396243610786,0.1533915343856678,-0.1581980843171335,0.0,0.0,Services Support And Others,-0.3985406186183194,0.2153416791497253,0.0664566299465425,0.103176732841701,-0.5841570942313254
EXCOF,,,,,,,,,,,,,,,,,,,,,,,,,,
EXLS,2024.0,2.0,0.5089513529291498,Digital Operations And Solutions Services,0.5669004967438581,13.0,2025.0,2.0,0.9403747844492898,North America,0.9692412942449172,14.0,Rest Of World,-0.471000772797527,0.0307587057550829,-0.022550129133778,,-0.0831755834001066,0.0,0.0,Digital Operations And Solutions Services,0.155991796268833,0.5669004967438581,0.0140344320390868,0.0320018532012292,0.1273735671516214
067160.KQ,,,,,,,,,,,,,,,,,,,,,,,,,,
111710.KQ,,,,,,,,,,,,,,,,,,,,,,,,,,
205470.KQ,,,,,,,,,,,,,,,,,,,,,,,,,,
TMILL.BK,,,,,,,,,,,,,,,,,,,,,,,,,,
KK.BK,,,,,,,,,,,,,,,,,,,,,,,,,,
3026.KL,,,,,,,,,,,,,,,,,,,,,,,,,,
TILAK.BO,,,,,,,,,,,,,,,,,,,,,,,,,,
UP.BK,,,,,,,,,,,,,,,,,,,,,,,,,,
GME.DE,,,,,,,,,,,,,,,,,,,,,,,,,,
KWG.DE,,,,,,,,,,,,,,,,,,,,,,,,,,
ASLE,2025.0,3.0,0.4683326501567343,Product,0.6158085932606789,6.0,2025.0,2.0,0.5031366386165632,Domestic,0.5396020114171185,6.0,Foreign,0.188629993531894,0.4603979885828815,0.0840410018035407,0.1739556068087913,-0.0283424040618316,0.0,0.0,Leasing,0.5836268400614106,0.1046002517253926,0.0404212251043984,0.3177225372776157,-0.0283424040618316
CCK,2025.0,5.0,0.5115388402592725,Metal Beverage Cans And Ends,0.6902547513141933,15.0,2025.0,8.0,0.2536657919276672,UNITED STATES,0.3892438334007279,15.0,UNITED STATES,0.0891604435392623,0.3892438334007279,0.0147840418576383,0.0600603073382653,0.0477925599525463,0.1980590376061463,0.0,Metal Beverage Cans And Ends,0.0805165210786176,0.6902547513141933,0.0209046962341153,0.0524632770759015,0.0477925599525463
000050.KS,,,,,,,,,,,,,,,,,,,,,,,,,,
AARTISURF.NS,,,,,,,,,,,,,,,,,,,,,,,,,,
NTHOL.IS,,,,,,,,,,,,,,,,,,,,,,,,,,
MEDI.OL,,,,,,,,,,,,,,,,,,,,,,,,,,
THO,2020.0,1.0,1.0,Recreation Vehicles,1.0,5.0,2026.0,4.0,0.2769039384519908,North American,0.3867914414299639,8.0,,,,,,0.5199580562221997,0.0,0.0,Recreation Vehicles,0.0417443927411362,1.0,0.0,,0.0417443927411362
AAPL,2025.0,5.0,0.3408786666392984,iPhone,0.5036175903075973,16.0,2025.0,5.0,0.290095183278547,Americas Segment,0.4285673092865502,16.0,Japan Segment,0.1457368673159826,0.0689709030879875,0.0049050266319158,0.0615415264532601,0.0642551178283274,0.1546925348603064,0.1546925348603064,Service,0.1350643138641349,0.2622975242754607,0.0163630171341562,0.0621202869176521,0.0642551178283274
9476.T,,,,,,,,,,,,,,,,,,,,,,,,,,
RND.AX,,,,,,,,,,,,,,,,,,,,,,,,,,
2119.HK,,,,,,,,,,,,,,,,,,,,,,,,,,
LFDJF,,,,,,,,,,,,,,,,,,,,,,,,,,
HESM,2025.0,2.0,0.9475333462336524,Affiliate Services,0.97303982191442,8.0,,,,,,,,,,,,,,,Affiliate Services,0.0720806649407275,0.97303982191442,-0.010806280371256,,0.0839868623902406
WHITF,,,,,,,,,,,,,,,,,,,,,,,,,,
DRTGF,,,,,,,,,,,,,,,,,,,,,,,,,,
1736.T,,,,,,,,,,,,,,,,,,,,,,,,,,
8157.T,,,,,,,,,,,,,,,,,,,,,,,,,,
7239.T,,,,,,,,,,,,,,,,,,,,,,,,,,
MAWHF,,,,,,,,,,,,,,,,,,,,,,,,,,
CORALAB.BO,,,,,,,,,,,,,,,,,,,,,,,,,,
CLAS-B.ST,,,,,,,,,,,,,,,,,,,,,,,,,,
ZEAL.BO,,,,,,,,,,,,,,,,,,,,,,,,,,
PHOL.BK,,,,,,,,,,,,,,,,,,,,,,,,,,
1202.HK,,,,,,,,,,,,,,,,,,,,,,,,,,
4261.SR,,,,,,,,,,,,,,,,,,,,,,,,,,
KUMWEL.BK,,,,,,,,,,,,,,,,,,,,,,,,,,
BNE.SI,,,,,,,,,,,,,,,,,,,,,,,,,,
9616.HK,,,,,,,,,,,,,,,,,,,,,,,,,,
MKC,2025.0,2.0,0.5120137123312164,Consumer,0.5775039106471939,14.0,2025.0,3.0,0.5514073147454265,Americas,0.7116354545853252,13.0,Asia Pacific,0.0315018315018316,0.1029194625966697,0.0014128516532903,0.0072716492787121,0.0173416422505465,0.185445082818005,0.0,Consumer,0.0264518643627387,0.5775039106471939,0.0051256070345996,0.0106521981802564,0.0173416422505465
ZMDTF,,,,,,,,,,,,,,,,,,,,,,,,,,
TYCN.BK,,,,,,,,,,,,,,,,,,,,,,,,,,
3538.T,,,,,,,,,,,,,,,,,,,,,,,,,,
HSP.L,,,,,,,,,,,,,,,,,,,,,,,,,,
ALVU.PA,,,,,,,,,,,,,,,,,,,,,,,,,,
QES.SI,,,,,,,,,,,,,,,,,,,,,,,,,,
002997.SZ,,,,,,,,,,,,,,,,,,,,,,,,,,
UFLEX.NS,,,,,,,,,,,,,,,,,,,,,,,,,,
HOLCO.AS,,,,,,,,,,,,,,,,,,,,,,,,,,
1718.T,,,,,,,,,,,,,,,,,,,,,,,,,,
RCL.BK,,,,,,,,,,,,,,,,,,,,,,,,,,
3842.T,,,,,,,,,,,,,,,,,,,,,,,,,,
9998.HK,,,,,,,,,,,,,,,,,,,,,,,,,,
FORTY.TA,,,,,,,,,,,,,,,,,,,,,,,,,,
4410.T,,,,,,,,,,,,,,,,,,,,,,,,,,
BABB,2025.0,4.0,0.4503221016714515,Royalty,0.5769724818122242,7.0,,,,,,,,,,,,,,,Royalty,0.0203322134779582,0.5769724818122242,0.0228471571896268,0.0422173764287628,-0.0200712567079173
CHEMCRUX.BO,,,,,,,,,,,,,,,,,,,,,,,,,,
LBTYK,2025.0,3.0,0.3831569985536305,Residential,0.4986983704007379,12.0,2025.0,3.0,0.7356350413226778,BELGIUM,0.8462638441048647,12.0,BELGIUM,0.0332409023997808,0.8462638441048647,0.0028927850911217,0.013160947740387,0.0297089733225546,0.0,0.0,Other Category,0.3609962157880841,0.3170031772061084,0.0552974723303628,0.1482145065403835,0.1235864483290725
6186.HK,,,,,,,,,,,,,,,,,,,,,,,,,,
RAIN.NS,,,,,,,,,,,,,,,,,,,,,,,,,,
PRITIKAUTO.BO,,,,,,,,,,,,,,,,,,,,,,,,,,
TRIP,2024.0,1.0,1.0,Other Operating Segment,1.0,13.0,2025.0,3.0,0.5147679690683219,UNITED STATES,0.6811210999471179,14.0,All Other Countries,0.1143911439114391,0.1597038603913273,0.0120199366856052,0.088991673884338,0.0305177111716621,0.0,0.0,,,,,,-0.1176470588235294
ADERY,,,,,,,,,,,,,,,,,,,,,,,,,,
111770.KS,,,,,,,,,,,,,,,,,,,,,,,,,,
084870.KS,,,,,,,,,,,,,,,,,,,,,,,,,,
T9P.F,,,,,,,,,,,,,,,,,,,,,,,,,,
OVOBELE.BO,,,,,,,,,,,,,,,,,,,,,,,,,,
IDXX,2025.0,2.0,0.5162021598869564,Product,0.590005999486024,14.0,2025.0,6.0,0.4218997774486779,UNITED STATES,0.6071784553700008,8.0,EMEA,0.1617899894760459,0.2067285391530555,-0.0002580348183887,0.0315177951663588,0.1632401146990483,0.0706795040643108,0.0,Product,0.1294523832187664,0.590005999486024,0.0131809340082207,0.0298131422789293,0.1042200341551926
NXL.AX,,,,,,,,,,,,,,,,,,,,,,,,,,
2718.TWO,,,,,,,,,,,,,,,,,,,,,,,,,,
BAP.AX,,,,,,,,,,,,,,,,,,,,,,,,,,
4094.T,,,,,,,,,,,,,,,,,,,,,,,,,,
WAB,2025.0,2.0,0.5964661609897506,Freight Segment,0.7196203098414973,15.0,2025.0,14.0,0.2671416094447041,UNITED STATES,0.4950650309012084,14.0,INDIA,0.2072538860103627,0.0644774467300064,0.0087346913627204,0.1547117537702911,0.0437084817560411,0.2315284567844295,0.0273959966792731,Freight Segment,0.076057846813069,0.7196203098414973,0.0006446672112864,0.0017151173085557,0.0750938673341676
WEN,2025.0,5.0,0.2822608521396662,Product,0.4209328808837925,7.0,2025.0,2.0,0.8338469862640654,UNITED STATES,0.90856271627748,15.0,Non-US,0.0467283330616365,0.0914372837225198,0.0067884178463004,0.0424484181267448,-0.030982082286516,0.0,0.0,Real Estate,-0.0031417420388764,0.1082966487527395,0.0030245178036865,0.0301013122930366,-0.030982082286516
WWG.AX,,,,,,,,,,,,,,,,,,,,,,,,,,
MRETF,,,,,,,,,,,,,,,,,,,,,,,,,,
264900.KS,,,,,,,,,,,,,,,,,,,,,,,,,,
SUMXF,,,,,,,,,,,,,,,,,,,,,,,,,,
CHZ.SI,,,,,,,,,,,,,,,,,,,,,,,,,,
CAM.L,,,,,,,,,,,,,,,,,,,,,,,,,,
ISSC,2025.0,2.0,0.5400697010012254,Product,0.6415445177342192,7.0,2025.0,1.0,1.0,Foreign Countries,1.0,13.0,Foreign Countries,-0.2807017543859649,1.0,0.0,,-0.2807017543859649,0.0,0.0,Product,1.2273636591359165,0.6415445177342192,0.127117895600494,0.4544500572335825,0.7860259604110511
026940.KS,,,,,,,,,,,,,,,,,,,,,,,,,,
601010.SS,,,,,,,,,,,,,,,,,,,,,,,,,,
8105.TW,,,,,,,,,,,,,,,,,,,,,,,,,,
LFS,,,,,,,,,,,,,,,,,,,,,,,,,,
2222.HK,,,,,,,,,,,,,,,,,,,,,,,,,,
CTXXF,,,,,,,,,,,,,,,,,,,,,,,,,,
G0I.SI,,,,,,,,,,,,,,,,,,,,,,,,,,
SAG.L,,,,,,,,,,,,,,,,,,,,,,,,,,
SMPC.BK,,,,,,,,,,,,,,,,,,,,,,,,,,
MTO.AX,,,,,,,,,,,,,,,,,,,,,,,,,,
SBH,2025.0,2.0,0.5086662002247917,Sally Beauty Supply,0.5658262873964183,15.0,2025.0,2.0,0.7027033083155143,UNITED STATES,0.8183577455595468,15.0,UNITED STATES,0.0007079743080979,0.8183577455595468,0.0040126405550418,,-0.0041987812315796,0.0,0.0,Beauty Systems Group,-0.0017895054604452,0.4341737126035817,0.0010479194638419,0.0021250532675307,-0.0041987812315796
DAYA.JK,,,,,,,,,,,,,,,,,,,,,,,,,,
OXM,2025.0,3.0,0.4789857442814736,Tommy Bahama,0.6328552856904983,14.0,2025.0,2.0,0.9505519610112276,UNITED STATES,0.9746324688699812,14.0,UNITED STATES,-0.0250112706069339,0.9746324688699812,0.0005502943230834,,-0.0255617660808611,0.0,0.0,Emerging Brands,0.1125221914224312,0.1091334189826873,0.0119829237669112,0.0653901115162597,-0.0096335032592028
VERK.HE,,,,,,,,,,,,,,,,,,,,,,,,,,
TNP.BK,,,,,,,,,,,,,,,,,,,,,,,,,,
4431.T,,,,,,,,,,,,,,,,,,,,,,,,,,
143540.KQ,,,,,,,,,,,,,,,,,,,,,,,,,,
AMGN,2025.0,15.0,0.0948102370510421,Other Products,0.2055236424347038,15.0,2025.0,2.0,0.5958035950501812,UNITED STATES,0.7188647927947539,14.0,UNITED STATES,0.1071114277333109,0.7188647927947539,0.0049167315214173,0.0132356636627019,0.0995392532312111,0.0,0.0,Other Products,0.2900532859680285,0.2055236424347038,0.0370818042346081,0.1831866171586312,0.0572941598851124
601222.SS,,,,,,,,,,,,,,,,,,,,,,,,,,
TBLA,2025.0,1.0,1.0,Reportable Segment,1.0,2.0,2023.0,4.0,0.3389009376148684,United States,0.414659905038539,3.0,Other Geographic Area,0.1287340033195956,0.3825727725735437,0.0353592337869876,0.2157295160750509,0.0244109245018842,0.0,0.0,Reportable Segment,0.0825604964273987,1.0,0.0,,0.0825604964273987
5CT.SI,,,,,,,,,,,,,,,,,,,,,,,,,,
EPAC,2025.0,2.0,0.934011605734909,Industrial Tools & Services  [Domain],0.9658388164026852,14.0,2025.0,10.0,0.2428215129368621,UNITED STATES,0.3712536411957224,14.0,All Other,0.0438912122147687,0.3014496700432323,-0.000741980649716,0.0794276690182107,0.0464606198368136,0.1127040244837485,0.0286238103806295,,,,,,0.0464606198368136
TOL,2025.0,2.0,0.977549144540945,Home Building,0.9886456510299384,7.0,2025.0,5.0,0.2141056505600823,Mountain,0.2716043817090768,15.0,Mountain,0.1489215173454754,0.2716043817090768,0.0267188219354067,0.0841468691172249,0.0358974591673846,0.0,0.0,Home Building,0.0263999086651824,0.9886456510299384,0.0147740545871363,,0.0110616646107493
OPUS.BD,,,,,,,,,,,,,,,,,,,,,,,,,,
TNPL.NS,,,,,,,,,,,,,,,,,,,,,,,,,,
0882.HK,,,,,,,,,,,,,,,,,,,,,,,,,,
BKA.SI,,,,,,,,,,,,,,,,,,,,,,,,,,
222420.KQ,,,,,,,,,,,,,,,,,,,,,,,,,,
7946.T,,,,,,,,,,,,,,,,,,,,,,,,,,
6049.T,,,,,,,,,,,,,,,,,,,,,,,,,,
MLL.DE,,,,,,,,,,,,,,,,,,,,,,,,,,
294570.KQ,,,,,,,,,,,,,,,,,,,,,,,,,,
SFD,2025.0,4.0,0.3577503028775387,Packaged Meats Segment,0.4165636000380553,4.0,2025.0,1.0,1.0,MEXICO,1.0,3.0,,,,,,-0.9613496607695275,1.0,0.0,Hog Production Segment,0.1302465023317789,0.1614023404052897,0.0087453355743718,0.0350108344679278,0.0690058479532162
6143.TWO,,,,,,,,,,,,,,,,,,,,,,,,,,
002563.SZ,,,,,,,,,,,,,,,,,,,,,,,,,,
6188.TWO,,,,,,,,,,,,,,,,,,,,,,,,,,
LKNCY,2025.0,6.0,0.4348193067244648,Product,0.6191408285514578,7.0,,,,,,,,,,,,,,,Revenues from partnership stores,0.4968695172331161,0.1904295035979146,0.0069796755131966,0.0993914698610824,0.4420058363512795
BOL.AX,,,,,,,,,,,,,,,,,,,,,,,,,,
100030.KQ,,,,,,,,,,,,,,,,,,,,,,,,,,
247660.KQ,,,,,,,,,,,,,,,,,,,,,,,,,,
SMPL,2025.0,1.0,1.0,Shipping and Handling,1.0,6.0,2025.0,2.0,0.9601642422642682,North America,0.9796687618890084,8.0,North America,0.0945854474804654,0.9796687618890084,0.0042518639357723,,0.0898348332220404,0.0,0.0,Shipping and Handling,0.1058823529411765,1.0,0.0,,0.1058823529411765
7368.T,,,,,,,,,,,,,,,,,,,,,,,,,,
1339.TW,,,,,,,,,,,,,,,,,,,,,,,,,,
064960.KS,,,,,,,,,,,,,,,,,,,,,,,,,,
APWC,2025.0,3.0,0.6112399652003705,Power,0.7637570096283196,10.0,2025.0,7.0,0.2530808341278538,THAILAND,0.3297262083936619,10.0,CHINA,0.1897013631707509,0.1850007862293461,0.0239038733595336,0.1000726515420198,0.0359805531108252,0.5170060386498093,0.1850007862293461,Other Products,0.3415794814374191,0.115905621306247,0.0269739280908711,0.2964612419730615,0.0293627998593473
TOTZF,,,,,,,,,,,,,,,,,,,,,,,,,,
ABX.TO,2024.0,7.0,0.4093108284592399,Gold,0.4614844024518799,3.0,2024.0,8.0,0.3221760724939114,UNITED STATES,0.5283079134392717,3.0,DOMINICAN REPUBLIC,0.2781753130590341,0.114110037530943,0.0124644333851116,0.0998650909482604,0.1385580507318846,0.055258324682584,0.0,Gold,0.1420289855072463,0.4614844024518799,0.0023414692605037,0.0060891944481985,0.13623458433147
ANIP,2025.0,2.0,0.7787334624334712,Sales of rare disease pharmaceutical products,0.8733185385387867,13.0,2025.0,2.0,0.9324390720958076,UNITED STATES,0.9649941247455754,8.0,UNITED STATES,0.4090223128023815,0.9649941247455754,-0.0197269581092235,,0.4378263473833612,0.0,0.0,Sales of rare disease pharmaceutical products,0.8408007003514824,0.8733185385387867,0.0932769542592751,0.4469283145888824,0.6441894123162852
4628.T,,,,,,,,,,,,,,,,,,,,,,,,,,
163730.KQ,,,,,,,,,,,,,,,,,,,,,,,,,,
CMCM,2025.0,2.0,0.502424930166558,Internet Business,0.534820469314456,9.0,2025.0,6.0,0.246272454795692,Countries Outside China,0.3807112719803023,11.0,Countries Outside China,0.5372520208925182,0.3807112719803023,0.0175789837849096,0.3695391875613395,0.4662708592157834,0.6192887280196976,0.6192887280196976,Other Operating Segment,0.8473708011004906,0.465179530685544,0.1061545491827871,0.3288523804492375,0.4257984798178658
2262.HK,,,,,,,,,,,,,,,,,,,,,,,,,,
HUIHY,,,,,,,,,,,,,,,,,,,,,,,,,,
METROGLOBL.BO,,,,,,,,,,,,,,,,,,,,,,,,,,
ADTN,2025.0,3.0,0.3343076828561911,Optical Networking Solutions,0.3509038048287195,15.0,2025.0,4.0,0.3073951183346438,UNITED STATES,0.4435752860057187,13.0,Other International,0.2479497386216489,0.2400888719116964,0.0141156622706352,0.0732099152474086,0.1745784203225246,0.0,0.0,Optical Networking Solutions,0.2637637238482602,0.3509038048287195,0.024763697320483,0.0633712115493361,0.1745784203225246
7358.T,,,,,,,,,,,,,,,,,,,,,,,,,,
VVA.AX,,,,,,,,,,,,,,,,,,,,,,,,,,
DECK,2026.0,3.0,0.4747357753597391,UGG Wholesale Segment,0.5004769478843981,14.0,2026.0,2.0,0.5138490398780036,UNITED STATES,0.5832137004284856,1.0,,,,,,,0.0,0.0,UGG Wholesale Segment,1.1357852453250712,0.5004769478843981,0.2432730178553465,0.1423759447398928,0.0976177047070649
2877.HK,,,,,,,,,,,,,,,,,,,,,,,,,,
4582.TWO,,,,,,,,,,,,,,,,,,,,,,,,,,
058850.KS,,,,,,,,,,,,,,,,,,,,,,,,,,
2344.T,,,,,,,,,,,,,,,,,,,,,,,,,,
BQM.SI,,,,,,,,,,,,,,,,,,,,,,,,,,
CROX,2025.0,2.0,0.708771373120122,Crocs Brand Segment,0.8230877381765841,8.0,2025.0,2.0,0.5070910277111087,Americas,0.5595442176500319,14.0,Other Geographical Location,0.0985424936261103,0.4404557823499681,0.0455636927219036,0.0939010899614007,-0.0150980910302702,0.0,0.0,Crocs Brand Segment,0.0145944117192149,0.8230877381765841,0.0239944427294627,0.0736092810991599,-0.0149827844610624
SEOTF,,,,,,,,,,,,,,,,,,,,,,,,,,
SBMFF,,,,,,,,,,,,,,,,,,,,,,,,,,
FERMENTA.BO,,,,,,,,,,,,,,,,,,,,,,,,,,
MNESP,2025.0,1.0,1.0,Detection,1.0,4.0,2025.0,2.0,0.5598916588293751,Americas Segment,0.6730486330910693,4.0,International,0.0916724695858763,0.3269513669089307,0.0164118069191068,0.039739852594695,0.0368743570741203,0.0,0.0,Detection,0.18762056777309,1.0,0.0,,0.18762056777309
TOT.TO,,,,,,,,,,,,,,,,,,,,,,,,,,
8938.TWO,,,,,,,,,,,,,,,,,,,,,,,,,,
4754.TWO,,,,,,,,,,,,,,,,,,,,,,,,,,
DELTACORP.NS,,,,,,,,,,,,,,,,,,,,,,,,,,
DEC,2025.0,4.0,0.4785087664592495,Natural Gas,0.5915180177644849,2.0,,,,,,,,,,,,,,,Natural Gas,0.7870146362462334,0.5915180177644849,-0.2673826780818817,,1.5947952022835
GELYF,,,,,,,,,,,,,,,,,,,,,,,,,,
004490.KS,,,,,,,,,,,,,,,,,,,,,,,,,,
UEIC,2025.0,2.0,0.550911797799621,Home Entertainment,0.6595490485706839,2.0,2025.0,6.0,0.2252625681841379,UNITED STATES,0.3002107046659136,14.0,Europe,0.0826068725033657,0.2663893474671995,0.0368962622436247,0.1997582589053333,-0.0673396154264976,0.3741202537144843,0.3085873012425059,,,,,,-0.0673396154264976
DXCM,,,,,,,2025.0,1.0,1.0,Non-US,1.0,11.0,Non-US,0.3310932798395185,1.0,0.7247605112773652,,-0.6336305662148358,0.0,0.0,,,,,,
ONWARDTEC.NS,,,,,,,,,,,,,,,,,,,,,,,,,,
LAUR,2025.0,1.0,1.0,Other Services,1.0,9.0,,,,,,,,,,,,,,,Other Services,0.0804015751438833,1.0,0.898814562693024,,-0.8906790941519205
MBB.DE,,,,,,,,,,,,,,,,,,,,,,,,,,
TSGTF,,,,,,,,,,,,,,,,,,,,,,,,,,
UEC.BK,,,,,,,,,,,,,,,,,,,,,,,,,,
STRA,2025.0,3.0,0.5217387139827127,U.S. Higher Education Segment,0.6846122912428443,8.0,2025.0,2.0,0.6819544654825539,UNITED STATES,0.8016243238554824,1.0,,,,,,,0.0,0.0,Education Technology Services,0.4143689061293736,0.1170120326126381,0.0310062781841054,0.1980413351848025,0.0395842384399105
ALGN,2025.0,2.0,0.6852218544108994,Clear Aligner,0.804320435076992,15.0,2025.0,3.0,0.3512563703895436,UNITED STATES,0.4116976012673223,15.0,Other International,0.1011633819231379,0.3601496816328473,0.0301464208274283,0.0699108886700218,0.0089902205844842,0.0,0.0,Scanners And Services,0.0268829091287441,0.1956795649230079,0.0034095742353081,0.0110759092382203,0.0089902205844842
SONIC.BK,,,,,,,,,,,,,,,,,,,,,,,,,,
063440.KQ,,,,,,,,,,,,,,,,,,,,,,,,,,
7991.T,,,,,,,,,,,,,,,,,,,,,,,,,,
600983.SS,,,,,,,,,,,,,,,,,,,,,,,,,,
603199.SS,,,,,,,,,,,,,,,,,,,,,,,,,,
0570.HK,,,,,,,,,,,,,,,,,,,,,,,,,,
PAYO,,,,,,,2025.0,6.0,0.2090481444320867,CHINA,0.3079143822364445,5.0,Asia Pacific,0.1856502770899657,0.1923669233344492,0.0185613695901897,0.0577992770377431,0.0712475896824436,0.6348131948399776,0.3079143822364445,,,,,,
DTD2.DE,,,,,,,,,,,,,,,,,,,,,,,,,,
VVV,2025.0,3.0,0.5813168245338786,Oil Changes,0.7292872595451091,4.0,2025.0,2.0,0.9397238154612336,Quick Lubes,0.968894346021166,8.0,Quick Lubes,0.0542689909657716,0.968894346021166,-0.0019518553376975,,0.0563928350833848,0.0,0.0,Non-oil Changes,0.0522707797772066,0.2154008068759866,-0.0008437885532906,0.0014866139148504,0.0563928350833848
WLMM4.SA,,,,,,,,,,,,,,,,,,,,,,,,,,
CSCMY,,,,,,,,,,,,,,,,,,,,,,,,,,
INDF.JK,,,,,,,,,,,,,,,,,,,,,,,,,,
SRSN.JK,,,,,,,,,,,,,,,,,,,,,,,,,,
GOD.OL,,,,,,,,,,,,,,,,,,,,,,,,,,
TYL,2025.0,4.0,0.4664190431697937,Maintenance,0.5972281229854571,15.0,,,,,,,,,,,,,,,Maintenance,-0.0378250693106932,0.5972281229854571,0.3778846020050485,0.0214127037050519,-0.6466227410030851
318010.KQ,,,,,,,,,,,,,,,,,,,,,,,,,,
595.SI,,,,,,,,,,,,,,,,,,,,,,,,,,
HLFFF,,,,,,,,,,,,,,,,,,,,,,,,,,
OLLI,,,,,,,,,,,,,,,,,,,,,,,,,,
WDO.TO,,,,,,,,,,,,,,,,,,,,,,,,,,
CNT.BK,,,,,,,,,,,,,,,,,,,,,,,,,,
GMFI.JK,,,,,,,,,,,,,,,,,,,,,,,,,,
SDHC,2025.0,1.0,1.0,Central,1.0,2.0,2025.0,2.0,0.5332506770028765,Southeast,0.6289392822278698,2.0,Southeast,0.0018847683162079,0.6289392822278698,0.0039806728290509,0.0084538851189091,-0.0044563453457486,0.0,0.0,Central,-0.0150230019216103,1.0,0.0,,-0.0150230019216103
7292.T,,,,,,,,,,,,,,,,,,,,,,,,,,
PANAMAPET.NS,,,,,,,,,,,,,,,,,,,,,,,,,,
023900.KQ,,,,,,,,,,,,,,,,,,,,,,,,,,
SD,2025.0,1.0,1.0,Reportable Segment,1.0,12.0,,,,,,,,,,,,,,,,,,,,0.7445106439951801
NTWK,2025.0,3.0,0.4910814898724298,Subscription and Support,0.4983436309058909,12.0,2025.0,3.0,0.4708559930803968,Asia - Pacific,0.6354042178921616,14.0,North America,1.022958823835733,0.164236457004625,0.0675839362836859,0.4183993794533759,0.1905034558367488,0.0,0.0,Subscription and Support,0.1782249257032433,0.4983436309058909,0.0430355898105175,0.5001091038342591,0.0764766510941761
NCMI,2025.0,3.0,0.6632073315226801,National Advertising Revenue,0.7997532894736842,12.0,,,,,,,,,,,,,,,National Advertising Revenue,0.0345744680851063,0.7997532894736842,0.0190223924637173,0.0693195861086875,0.0099667774086378
6144.T,,,,,,,,,,,,,,,,,,,,,,,,,,
108670.KS,,,,,,,,,,,,,,,,,,,,,,,,,,
L19.SI,,,,,,,,,,,,,,,,,,,,,,,,,,
001560.KS,,,,,,,,,,,,,,,,,,,,,,,,,,
069960.KS,,,,,,,,,,,,,,,,,,,,,,,,,,
WOOF,2025.0,3.0,0.3864725326001713,Consumables,0.4979178782672117,4.0,2014.0,2.0,0.8492550769091936,UNITED STATES,0.917884599446542,2.0,CANADA,0.1916655950498869,0.0821154005534581,0.0088087173399837,0.0689725738493149,0.0638327485944363,0.0,0.0,Services And Other,0.0443878912848139,0.1719617000312171,0.0150425257778978,0.0628060463889009,-0.0469710088302944
4490.T,,,,,,,,,,,,,,,,,,,,,,,,,,
5921.T,,,,,,,,,,,,,,,,,,,,,,,,,,
0687.HK,,,,,,,,,,,,,,,,,,,,,,,,,,
197140.KQ,,,,,,,,,,,,,,,,,,,,,,,,,,
RVLV,2020.0,5.0,0.3861145558055005,Fashion Apparel,0.5535960623371434,2.0,2020.0,2.0,0.6862445178694709,UNITED STATES,0.8051593992239718,2.0,Rest Of The World,0.1531224837174221,0.1948406007760282,0.0315924431435765,0.1117255547591529,-0.0338506438510931,0.0,0.0,,,,,,-0.0338506438510931
230360.KQ,,,,,,,,,,,,,,,,,,,,,,,,,,
JGLCF,,,,,,,,,,,,,,,,,,,,,,,,,,
2354.TW,,,,,,,,,,,,,,,,,,,,,,,,,,
010400.KS,,,,,,,,,,,,,,,,,,,,,,,,,,
1731.HK,,,,,,,,,,,,,,,,,,,,,,,,,,
HEROMOTOCO.BO,,,,,,,,,,,,,,,,,,,,,,,,,,
PRAKIT.BK,,,,,,,,,,,,,,,,,,,,,,,,,,
093240.KS,,,,,,,,,,,,,,,,,,,,,,,,,,
4064.T,,,,,,,,,,,,,,,,,,,,,,,,,,
3974.T,,,,,,,,,,,,,,,,,,,,,,,,,,
206650.KQ,,,,,,,,,,,,,,,,,,,,,,,,,,
SNC.BK,,,,,,,,,,,,,,,,,,,,,,,,,,
SHF.DE,,,,,,,,,,,,,,,,,,,,,,,,,,
CHR.TO,,,,,,,,,,,,,,,,,,,,,,,,,,
6497.T,,,,,,,,,,,,,,,,,,,,,,,,,,
7836.T,,,,,,,,,,,,,,,,,,,,,,,,,,
VTEX,2025.0,2.0,0.943019793939647,Subscription,0.9706483793341092,5.0,2025.0,1.0,1.0,BRAZIL,1.0,1.0,,,,,,,1.0,0.0,,,,,,-0.4421953478992444
3513.T,,,,,,,,,,,,,,,,,,,,,,,,,,
8225.T,,,,,,,,,,,,,,,,,,,,,,,,,,
SDG.PA,,,,,,,,,,,,,,,,,,,,,,,,,,
09B.F,,,,,,,,,,,,,,,,,,,,,,,,,,
3476.KL,,,,,,,,,,,,,,,,,,,,,,,,,,
6819.T,,,,,,,,,,,,,,,,,,,,,,,,,,
1809.HK,,,,,,,,,,,,,,,,,,,,,,,,,,
603697.SS,,,,,,,,,,,,,,,,,,,,,,,,,,
AKRA.JK,,,,,,,,,,,,,,,,,,,,,,,,,,
6123.TWO,,,,,,,,,,,,,,,,,,,,,,,,,,
SAVERA.BO,,,,,,,,,,,,,,,,,,,,,,,,,,
VARDHACRLC.NS,,,,,,,,,,,,,,,,,,,,,,,,,,
ESEA,,,,,,,,,,,,,,,,,,,,,,,,,,
RAUTE.HE,,,,,,,,,,,,,,,,,,,,,,,,,,
MIKN.SW,,,,,,,,,,,,,,,,,,,,,,,,,,
PG,2026.0,5.0,0.242052548593392,Fabric Care And Home Care Segment Member,0.3520299145299145,13.0,2026.0,2.0,0.5008561236623068,Non-US,0.5206896551724138,12.0,Non-US,0.0608899297423888,0.5206896551724138,0.0141653372601955,0.0292430417942712,0.0320284697508896,0.0,0.0,Beauty Segment,0.0707698476343223,0.1860716276477146,0.0068384352511114,0.0208975135503365,0.031417312460324
1382.HK,,,,,,,,,,,,,,,,,,,,,,,,,,
MSFT,2026.0,10.0,0.2613348214607847,Server Products And Cloud Services,0.3900234752394986,17.0,2026.0,2.0,0.5004315541459037,UNITED STATES,0.5146893523666597,14.0,UNITED STATES,0.1815892518644584,0.5146893523666597,0.001612724177368,0.0038018136737038,0.1778868679984666,0.0,0.0,Server Products And Cloud Services,0.3148270432264946,0.3900234752394986,0.0406212233901709,0.1175129336414366,0.1778868679984666
1783.TW,,,,,,,,,,,,,,,,,,,,,,,,,,
TBTC,2025.0,4.0,0.4103099012513095,Maintenance,0.5568796179879197,6.0,,,,,,,,,,,,,,,Maintenance,0.1438878374006715,0.5568796179879197,0.0750982247880113,0.1995416241031071,-0.0103716168342854
KBR,2025.0,2.0,0.5299409719658064,Sustainable Technology Solutions,0.6223539373412362,15.0,2025.0,5.0,0.3645627929205103,Europe,0.5290581162324649,13.0,Middle East,0.0807113543091655,0.2638610554442218,0.1694410089446092,0.1221930583583842,-0.6132782226814777,0.3483633934535738,0.0,Sustainable Technology Solutions,0.1785141635489042,0.6223539373412362,0.3806851179147315,,-0.5423663136140533
603233.SS,,,,,,,,,,,,,,,,,,,,,,,,,,
GUBRF.IS,,,,,,,,,,,,,,,,,,,,,,,,,,
0054.KL,,,,,,,,,,,,,,,,,,,,,,,,,,
SPXC,2023.0,2.0,0.5417925730062824,HVAC Reportable Segment,0.6445554789800138,13.0,2025.0,4.0,0.7088150543702304,UNITED STATES,0.8354535398230089,15.0,CANADA,0.7376460017969453,0.0891408554572271,0.030345292858178,0.3164704899282142,0.1461172741679872,0.0330475663716814,0.0330475663716814,Detection and Measurement Reportable Segment,1.3613124761541395,0.3554445210199862,0.0274505277775884,0.1356841710379637,1.1789513202352646
005750.KS,,,,,,,,,,,,,,,,,,,,,,,,,,
T12.SI,,,,,,,,,,,,,,,,,,,,,,,,,,
GTBIF,2025.0,2.0,0.505099984720571,Retail Segment,0.5504974490473081,6.0,,,,,,,,,,,,,,,Consumer Packaged Goods Segment,0.0446676989703695,0.4495025509526919,0.0093546737347712,0.0194165169408003,0.022926942517687
FPAFF,,,,,,,,,,,,,,,,,,,,,,,,,,
EDVMF,,,,,,,,,,,,,,,,,,,,,,,,,,
LKHLY,,,,,,,,,,,,,,,,,,,,,,,,,,
MOH,2025.0,4.0,0.590259575784644,Medicaid Solutions Segment,0.7473515844131761,13.0,,,,,,,,,,,,,,,Marketplace,0.7905027932960893,0.1040126103989429,0.0392714716162623,0.3316296094589127,0.1144724604732871
2483.T,,,,,,,,,,,,,,,,,,,,,,,,,,
AUTO.JK,,,,,,,,,,,,,,,,,,,,,,,,,,
RGP,2026.0,4.0,0.3917954219549512,On-Demand Talent,0.4478927579225562,8.0,2026.0,2.0,0.6789957542612237,UNITED STATES,0.7991619580271059,15.0,,,,,,4.824669467281771,0.0,0.0,Outsourced Services,-0.0103993134433842,0.1040313956913181,0.0204013033811576,0.1080513438811856,-0.2044671109431763
6070.T,,,,,,,,,,,,,,,,,,,,,,,,,,
1535.TW,,,,,,,,,,,,,,,,,,,,,,,,,,
CDNIF,,,,,,,,,,,,,,,,,,,,,,,,,,
TAJGVK.NS,,,,,,,,,,,,,,,,,,,,,,,,,,
PE&OLES.MX,,,,,,,,,,,,,,,,,,,,,,,,,,
NTNX,2026.0,2.0,0.5009723998304897,Product,0.5220499413886938,8.0,2026.0,4.0,0.3946507635726509,UNITED STATES,0.5363311249691174,9.0,EMEA,0.4760341641205721,0.2913646008736501,0.0292290806615891,0.1161955878033392,0.3279615378887721,0.0,0.0,,,,,,0.3279615378887721
3993.T,,,,,,,,,,,,,,,,,,,,,,,,,,
JAYNECOIND.NS,,,,,,,,,,,,,,,,,,,,,,,,,,
SEAOIL.BK,,,,,,,,,,,,,,,,,,,,,,,,,,
MOV,2026.0,1.0,1.0,Shipping and Handling,1.0,14.0,2026.0,2.0,0.5090296652435353,Non-US,0.56719250420819,14.0,UNITED STATES,0.0431404650094064,0.43280749579181,0.0065121506776494,,0.0274450624294053,0.0,0.0,,,,,,-0.98247278126031
068330.KQ,,,,,,,,,,,,,,,,,,,,,,,,,,
HEI,2025.0,2.0,0.5707484106386933,Flight Support Group,0.6880803161400646,15.0,2025.0,2.0,0.5283072247400532,North America,0.618968955488508,15.0,Non-US,0.1894267516810193,0.3810310445114919,0.0085841082917177,0.0213497148428277,0.1626305937601178,0.0,0.0,Flight Support Group,0.1810757480807803,0.6880803161400646,0.0118395975096847,0.0313850867441489,0.1607533218207626
EMBVF,,,,,,,,,,,,,,,,,,,,,,,,,,
MUSA,2025.0,3.0,0.6373373283427547,Product,0.7667560874948411,11.0,,,,,,,,,,,,,,,Merchandise,0.0211160671918002,0.2220284770945109,0.01383160192471,0.0429332207993635,-0.0424959124296715
OSP.BK,,,,,,,,,,,,,,,,,,,,,,,,,,
1134.HK,,,,,,,,,,,,,,,,,,,,,,,,,,
RLGT,2026.0,2.0,0.8956435274095054,Transportation Services,0.9447715859907788,8.0,2026.0,2.0,0.7898251888702186,United States And Other Countries,0.88067386886298,14.0,United States And Other Countries,0.0393343953788396,0.88067386886298,0.0034726494790723,0.0166869547612973,0.0352361199850732,0.0,0.0,Value Added Services,0.0681418310529693,0.0552284140092213,0.001709842973125,0.0174695004735518,0.0350727155099834
131370.KQ,,,,,,,,,,,,,,,,,,,,,,,,,,
600104.SS,,,,,,,,,,,,,,,,,,,,,,,,,,
PHR,2026.0,3.0,0.3568611720641954,Subscription And Services,0.4566481686090667,7.0,,,,,,,,,,,,,,,Network Solutions,0.1489597986229363,0.2906234199142306,0.0010587804199796,0.0160833800503618,0.1447739827018219
CSW-A.TO,,,,,,,,,,,,,,,,,,,,,,,,,,
TINS.JK,,,,,,,,,,,,,,,,,,,,,,,,,,
M,2025.0,6.0,0.2707172660051562,"Women's Accessories, Shoes, Cosmetics and Fragrances",0.4035188541620618,8.0,,,,,,,,,,,,,,,Womens Apparel,-0.0128470783257356,0.210600769196764,0.0008294052047619,0.0140461397033211,-0.0167347648439537
PPL.NS,,,,,,,,,,,,,,,,,,,,,,,,,,
DNPUF,,,,,,,,,,,,,,,,,,,,,,,,,,
2393.HK,,,,,,,,,,,,,,,,,,,,,,,,,,
015750.KQ,,,,,,,,,,,,,,,,,,,,,,,,,,
MITK,2025.0,4.0,0.3322303829632901,Deposits Revenue,0.3964470853553877,8.0,2025.0,1.0,1.0,UNITED STATES,1.0,3.0,UNITED STATES,0.0063098474997045,1.0,0.1238509541935316,,-0.1183225873274812,0.0,0.0,Identity Verification Revenue,0.1189638817949654,0.2950897272583829,-0.1031192765362975,0.0621084883394958,0.5099864600221986
SHJ.AX,,,,,,,,,,,,,,,,,,,,,,,,,,
6863.T,,,,,,,,,,,,,,,,,,,,,,,,,,
KCKSF,,,,,,,,,,,,,,,,,,,,,,,,,,
TRU.BK,,,,,,,,,,,,,,,,,,,,,,,,,,
9740.T,,,,,,,,,,,,,,,,,,,,,,,,,,
0819.HK,,,,,,,,,,,,,,,,,,,,,,,,,,
AIOT,2026.0,2.0,0.6931585676442495,Service,0.8107720769665846,3.0,2026.0,6.0,0.2324872366802541,UNITED STATES,0.3590519562753365,3.0,UNITED STATES,1.69003764793274,0.3590519562753365,-0.0838579557902255,0.8316788512039918,2.3183062152300056,0.362330630023638,0.0,Service,3.2836121197690336,0.8107720769665846,0.1827063355057961,1.2976835050504765,2.3183062152300056
SIT.MI,,,,,,,,,,,,,,,,,,,,,,,,,,
7925.T,,,,,,,,,,,,,,,,,,,,,,,,,,
187420.KQ,,,,,,,,,,,,,,,,,,,,,,,,,,
AREN,2025.0,6.0,0.4170633446145753,Digital Revenue,0.537069072781495,9.0,2025.0,2.0,0.900664792191064,UNITED STATES,0.9475850713501648,9.0,UNITED STATES,0.0782337899080942,0.9475850713501648,0.0064856884723262,,0.0708538842161277,0.0,0.0,Digital Revenue,0.0718794559174584,0.537069072781495,0.0233171950935718,0.474148976892806,0.0253431281766363
HUM,2025.0,2.0,0.7410399634707221,Insurance Segment,0.8471598792132539,15.0,,,,,,,,,,,,,,,CenterWell Segment,0.1272572231139646,0.1528401207867461,0.003730173142767,0.0161663212015095,0.099745699326851
MSI,2025.0,2.0,0.5126481503611029,Product,0.5795240541003253,16.0,2025.0,3.0,0.5691305089640643,North America,0.7158020886834446,11.0,North America,0.069309462915601,0.7158020886834446,-0.0071340303883867,0.0813681115045139,0.0799667190533419,0.0,0.0,Service,0.1258308503323402,0.4204759458996747,0.0171293618190608,0.0384344831147291,0.0799667190533419
BORG.ST,,,,,,,,,,,,,,,,,,,,,,,,,,
MBUU,2026.0,3.0,0.3380353431835786,Malibu,0.3768660716113826,12.0,2026.0,1.0,1.0,Non-US,1.0,12.0,,,,,,-0.8125924852735583,0.0,0.0,Cobalt,0.0843105915587192,0.2810763025315342,0.0145602127253152,0.0364185191130404,0.0281415273892622
024940.KQ,,,,,,,,,,,,,,,,,,,,,,,,,,
9029.T,,,,,,,,,,,,,,,,,,,,,,,,,,
HARN.BK,,,,,,,,,,,,,,,,,,,,,,,,,,
HLX,2025.0,2.0,0.7447376203931677,Renewables,0.8498125357910774,13.0,2025.0,6.0,0.2747254525572763,UNITED STATES,0.3829298925104183,12.0,BRAZIL,0.910708318511572,0.2744995253485552,0.1379299222393807,0.6147538072450122,-0.0493802261217759,0.3484607510488016,0.0,"Service, Other",0.8793942671714441,0.1501874642089226,0.061664561481182,0.4232959412492415,0.1077451555374691
CBYDF,,,,,,,,,,,,,,,,,,,,,,,,,,
002233.SZ,,,,,,,,,,,,,,,,,,,,,,,,,,
1871.HK,,,,,,,,,,,,,,,,,,,,,,,,,,
3679.TW,,,,,,,,,,,,,,,,,,,,,,,,,,
014970.KQ,,,,,,,,,,,,,,,,,,,,,,,,,,
002004.SZ,,,,,,,,,,,,,,,,,,,,,,,,,,
1415.HK,,,,,,,,,,,,,,,,,,,,,,,,,,
FICO,2025.0,2.0,0.5151266222618563,Scores,0.5869672992045182,15.0,2025.0,3.0,0.7660873571930937,Americas,0.870165239400483,15.0,Americas,0.1948405669955195,0.870165239400483,0.0259928658818288,0.1071483976933543,0.1591492646981762,0.0,0.0,Scores,0.2706736258359159,0.5869672992045182,0.0515168897201785,,0.1591492646981762
234340.KQ,,,,,,,,,,,,,,,,,,,,,,,,,,
NUTX,2024.0,1.0,1.0,Hospital Division,1.0,3.0,,,,,,,,,,,,,,,Hospital Division,1.0592601709254468,1.0,0.0,,1.0592601709254468
5142.T,,,,,,,,,,,,,,,,,,,,,,,,,,
MELI,2025.0,2.0,0.7814901613082308,Service,0.8751600733741737,13.0,2025.0,4.0,0.3714835538884941,Brazil Segment,0.5261135915273596,15.0,Argentina Segment,0.5615505500261917,0.2063475582320977,0.0225866687870383,0.0974508992930536,0.3906242479665014,0.9565638736026028,0.0,Product,0.68630201028518,0.1248399266258263,0.0218895488041966,0.1648056891215576,0.3906242479665014
6155.T,,,,,,,,,,,,,,,,,,,,,,,,,,
002394.SZ,,,,,,,,,,,,,,,,,,,,,,,,,,
NBIX,2025.0,2.0,0.981574798362143,Product,0.9907009264114666,8.0,,,,,,,,,,,,,,,Product,0.2159529734832233,0.9907009264114666,0.0011879132072037,,0.2144949687937842
PLAT.AT,,,,,,,,,,,,,,,,,,,,,,,,,,
004430.KS,,,,,,,,,,,,,,,,,,,,,,,,,,
AYI,2024.0,2.0,0.8603698160232127,Acuity Brands Lighting and Lighting Controls,0.9244819289576488,4.0,2025.0,1.0,1.0,Non-US,1.0,15.0,Non-US,0.0186818889465489,1.0,0.8494923197084092,,-0.846680551939599,0.0,0.0,Intelligent Spaces Group,0.1551246537396122,0.0755180710423511,0.011953739511726,0.0976278689349184,-0.0277197836750093
JUSTDIAL.NS,,,,,,,,,,,,,,,,,,,,,,,,,,
2663.HK,,,,,,,,,,,,,,,,,,,,,,,,,,
PURVA.NS,,,,,,,,,,,,,,,,,,,,,,,,,,
STOHF,2025.0,7.0,0.3235147658556183,Crude Oil,0.4889681562795682,3.0,,,,,,,,,,,,,,,Natural gas liquids,0.1702421000386036,0.1776817637552647,0.0153175299106537,0.0636755863078019,0.069358261476885
ELV,2025.0,2.0,0.5797556410100996,Health Benefits Segment,0.6996943176583895,12.0,,,,,,,,,,,,,,,Carelon Services Segment,0.3299951782203925,0.3003056823416105,0.0362371602771335,0.1090368504643802,0.1695078771970204
0157.KL,,,,,,,,,,,,,,,,,,,,,,,,,,
002990.KS,,,,,,,,,,,,,,,,,,,,,,,,,,
MNDY,,,,,,,,,,,,,,,,,,,,,,,,,,
PNVL3.SA,,,,,,,,,,,,,,,,,,,,,,,,,,
VIKASECO.NS,,,,,,,,,,,,,,,,,,,,,,,,,,
5966.T,,,,,,,,,,,,,,,,,,,,,,,,,,
EKTER.AT,,,,,,,,,,,,,,,,,,,,,,,,,,
UMICF,,,,,,,,,,,,,,,,,,,,,,,,,,
600814.SS,,,,,,,,,,,,,,,,,,,,,,,,,,
QUAD,2025.0,3.0,0.5969132951833944,Direct Mail And Other Printed Products,0.726363530643098,15.0,2025.0,1.0,1.0,International,1.0,15.0,International,-0.4003501604902246,1.0,0.0,,-0.4003501604902246,0.0,0.0,Direct Mail And Other Printed Products,0.024774405250205,0.726363530643098,0.0368838926340482,0.0841403264418386,-0.027262443438914
UMI.BR,,,,,,,,,,,,,,,,,,,,,,,,,,
5997.T,,,,,,,,,,,,,,,,,,,,,,,,,,
GWLLF,,,,,,,,,,,,,,,,,,,,,,,,,,
EFOR,2025.0,2.0,0.5807898002796358,Commercial Business,0.7009848256456638,14.0,2020.0,2.0,0.9164846270106396,Domestic,0.9563357464688907,7.0,Domestic,0.0077083111063693,0.9563357464688907,0.0008577781210735,,0.0068044547516501,0.0,0.0,Federal Government Business,0.8970353841249601,0.2990151743543362,-0.7009848256456638,,5.344277972585273
600835.SS,,,,,,,,,,,,,,,,,,,,,,,,,,
SMSM.JK,,,,,,,,,,,,,,,,,,,,,,,,,,
FM.MI,,,,,,,,,,,,,,,,,,,,,,,,,,
WMB,2025.0,2.0,0.5932471810868614,Gas & NGL Marketing Services,0.715924965076831,17.0,2025.0,1.0,1.0,West,1.0,1.0,,,,,,,0.0,0.0,Gas & NGL Marketing Services,0.4416315049226442,0.715924965076831,0.3678586667342896,0.1874699300559268,-0.2991118260018183
4832.T,,,,,,,,,,,,,,,,,,,,,,,,,,
PCRX,2025.0,4.0,0.429021167130992,Product,0.5085042172870077,8.0,,,,,,,,,,,,,,,EXPAREL,0.0476681446074591,0.404585200453033,0.0043384739177544,0.0261041729366982,0.036433722501183
1745.HK,,,,,,,,,,,,,,,,,,,,,,,,,,
9368.T,,,,,,,,,,,,,,,,,,,,,,,,,,
ALV.V,,,,,,,,,,,,,,,,,,,,,,,,,,
9685.T,,,,,,,,,,,,,,,,,,,,,,,,,,
603816.SS,,,,,,,,,,,,,,,,,,,,,,,,,,
6785.T,,,,,,,,,,,,,,,,,,,,,,,,,,
BHARATGEAR.NS,,,,,,,,,,,,,,,,,,,,,,,,,,
CTX.TO,,,,,,,,,,,,,,,,,,,,,,,,,,
0927.HK,,,,,,,,,,,,,,,,,,,,,,,,,,
6349.T,,,,,,,,,,,,,,,,,,,,,,,,,,
PBI,2025.0,3.0,0.4309796044977476,Sales And Services,0.5464705031430379,14.0,2025.0,2.0,0.7349333288157014,UNITED STATES,0.8427341016120962,14.0,UNITED STATES,-0.0622513028672486,0.8427341016120962,0.0034635605378426,0.0119892828378978,-0.0661053647541347,0.0,0.0,,,,,,0.7089570797957958
SRRPF,,,,,,,,,,,,,,,,,,,,,,,,,,
603379.SS,,,,,,,,,,,,,,,,,,,,,,,,,,
NBR,2025.0,3.0,0.5535486031099427,International Drilling,0.7053888509212021,13.0,2025.0,3.0,0.3558217656301606,Non-US,0.4480842441727505,15.0,Non-US,0.1389469131850571,0.4480842441727505,0.0213306788227321,0.0485220179630622,0.0847282899747163,0.2389661559402326,0.0,Drilling Solutions,0.6342896988260616,0.2266066070838873,0.0665165895493279,0.3581463865048794,0.1545712188557679
BRAHMINFRA.BO,,,,,,,,,,,,,,,,,,,,,,,,,,
SELIC.BK,,,,,,,,,,,,,,,,,,,,,,,,,,
6171.T,,,,,,,,,,,,,,,,,,,,,,,,,,
TW.L,,,,,,,,,,,,,,,,,,,,,,,,,,
TGLVY,,,,,,,,,,,,,,,,,,,,,,,,,,
BEEF3.SA,,,,,,,,,,,,,,,,,,,,,,,,,,
ZBRA,2024.0,2.0,0.5573544455882766,"Enterprise Visibility Mobility, EVM",0.6693435053202168,13.0,2025.0,6.0,0.2330887761842289,North America,0.3027069527125688,14.0,Asia Pacific,0.2510204081632652,0.0688531955520611,-0.0295206249659071,0.0773362078085293,0.7873920899417788,0.0408850949118274,0.0,"Enterprise Visibility Mobility, EVM",0.1367200818274803,0.6693435053202168,0.0295092993865344,0.0695714279518988,0.0866055846422337
3597.T,,,,,,,,,,,,,,,,,,,,,,,,,,
MAJESAUT.BO,,,,,,,,,,,,,,,,,,,,,,,,,,
NATHBIOGEN.NS,,,,,,,,,,,,,,,,,,,,,,,,,,
JOB,2024.0,1.0,1.0,Professional Staffing Services,1.0,7.0,,,,,,,,,,,,,,,Professional Staffing Services,-0.3717512376237624,1.0,0.0,,-0.3717512376237624
PAYC,2025.0,2.0,0.9735376151696103,Recurring,0.9865889513591584,8.0,,,,,,,,,,,,,,,Recurring,0.1031201338024108,0.9865889513591584,0.0004659916821975,,0.102599101404766
BZU.MI,,,,,,,,,,,,,,,,,,,,,,,,,,
NATHIND.BO,,,,,,,,,,,,,,,,,,,,,,,,,,
3646.T,,,,,,,,,,,,,,,,,,,,,,,,,,
TPGVF,,,,,,,,,,,,,,,,,,,,,,,,,,
600720.SS,,,,,,,,,,,,,,,,,,,,,,,,,,
FBSFF,,,,,,,,,,,,,,,,,,,,,,,,,,
3633.TWO,,,,,,,,,,,,,,,,,,,,,,,,,,
ALEMV.PA,,,,,,,,,,,,,,,,,,,,,,,,,,
2885.HK,,,,,,,,,,,,,,,,,,,,,,,,,,
YUNSA.IS,,,,,,,,,,,,,,,,,,,,,,,,,,
MAGN,2023.0,3.0,0.3523943224423262,Airlaid Materials,0.4225625093215497,1.0,2023.0,4.0,0.3331230039911314,GERMANY,0.406808150237848,1.0,,,,,,,0.0,0.0,,,,,,
ALHC,2023.0,2.0,0.8633940385473191,"Health Care, Premium",0.9262593333566546,3.0,,,,,,,,,,,,,,,"Health Care, Premium",0.2155430092091284,0.9262593333566546,-0.0323757125725829,,0.2580301072264328
OFLX,,,,,,,,,,,,,,,,,,,,,,,,,,
LPH.BK,,,,,,,,,,,,,,,,,,,,,,,,,,
3287.TWO,,,,,,,,,,,,,,,,,,,,,,,,,,
TOTL.JK,,,,,,,,,,,,,,,,,,,,,,,,,,
BLBD,2025.0,4.0,0.4221514881854434,Alternative Fuel Buses,0.5394335108665028,11.0,2025.0,3.0,0.8008608756367631,UNITED STATES,0.88804938048063,11.0,CANADA,0.1163366505466922,0.1105770627505322,0.001748376497884,0.01028528470819,0.0986858221109092,0.0,0.0,Diesel Buses,0.134748559262134,0.3536054007198167,0.011237712987011,0.063974500761226,0.0986858221109092
BDCO,2025.0,2.0,0.9777606910902308,Refinery Operations,0.9887538701075576,10.0,2012.0,1.0,1.0,Indonesia,1.0,1.0,,,,,,,1.0,0.0,Refinery Operations,-0.1190640954910883,0.9887538701075576,0.0011625763582072,,-0.1200998995335712
1490.HK,,,,,,,,,,,,,,,,,,,,,,,,,,
QTWO,2025.0,3.0,0.6828648803463765,Subscriptions,0.8160425963973734,8.0,,,,,,,,,,,,,,,Subscriptions,0.1715792706056609,0.8160425963973734,0.021155854225488,0.0699359058093423,0.1412061499230397
300970.SZ,,,,,,,,,,,,,,,,,,,,,,,,,,
7129.KL,,,,,,,,,,,,,,,,,,,,,,,,,,
RESONANCE.BO,,,,,,,,,,,,,,,,,,,,,,,,,,
NTAP,2026.0,4.0,0.3709497061085117,Product,0.4612274368231047,16.0,2026.0,3.0,0.3956372792555617,Americas,0.5061371841155234,16.0,E M E A,0.0698729582577133,0.3405054151624548,0.0051432727400568,0.0126777354976467,0.0537127206329883,0.0,0.0,Public Cloud Segment,0.0345864661654136,0.0993501805054151,-0.0018366728116877,,0.0537127206329883
NGVC,2025.0,1.0,1.0,Gift Cards,1.0,5.0,,,,,,,,,,,,,,,Gift Cards,0.3333333333333332,1.0,0.0,,0.3333333333333332
071280.KQ,,,,,,,,,,,,,,,,,,,,,,,,,,
7596.T,,,,,,,,,,,,,,,,,,,,,,,,,,
1885.T,,,,,,,,,,,,,,,,,,,,,,,,,,
003920.KS,,,,,,,,,,,,,,,,,,,,,,,,,,
072130.KS,,,,,,,,,,,,,,,,,,,,,,,,,,
8062.HK,,,,,,,,,,,,,,,,,,,,,,,,,,
ECNL.MI,,,,,,,,,,,,,,,,,,,,,,,,,,
6364.T,,,,,,,,,,,,,,,,,,,,,,,,,,
CPHC,2025.0,4.0,0.4355278263879805,Casino,0.622599640391666,10.0,,,,,,,,,,,,,,,Food and Beverage,0.0347050139699807,0.1384090357196787,0.0089765981208682,0.0380969454955443,-0.0324013785842397
010690.KS,,,,,,,,,,,,,,,,,,,,,,,,,,
BSY,2025.0,10.0,0.2006821694730192,Subscriptions And Licenses,0.284885155048693,6.0,2025.0,3.0,0.3950743911873785,"United States, Canada, And Latin America",0.5263723890132969,6.0,EMEA,0.1247322237785284,0.2908736904697695,0.0038398901822804,0.0094573464439123,0.1098843761894028,0.5263723890132969,0.0,"Enterprise License Subscriptions, E365 Subscriptions",0.1859257872149837,0.1229950185802152,0.0065441993282205,0.049221505246871,0.1228262013163066
2496.TW,,,,,,,,,,,,,,,,,,,,,,,,,,
012690.KS,,,,,,,,,,,,,,,,,,,,,,,,,,
GGEO.ST,,,,,,,,,,,,,,,,,,,,,,,,,,
MASTEK.NS,,,,,,,,,,,,,,,,,,,,,,,,,,
FUJHY,,,,,,,,,,,,,,,,,,,,,,,,,,
1292.HK,,,,,,,,,,,,,,,,,,,,,,,,,,
TRAXIONA.MX,,,,,,,,,,,,,,,,,,,,,,,,,,
APP,2025.0,1.0,1.0,Reportable Segment,1.0,5.0,2025.0,2.0,0.500502677951605,UNITED STATES,0.5158536738897483,5.0,UNITED STATES,0.0514151580164023,0.5158536738897483,-0.0551489575282615,,0.1638199984371178,0.0,0.0,,,,,,0.1638199984371178
200869.SZ,,,,,,,,,,,,,,,,,,,,,,,,,,
SHREYANIND.NS,,,,,,,,,,,,,,,,,,,,,,,,,,
9551.T,,,,,,,,,,,,,,,,,,,,,,,,,,
1925.HK,,,,,,,,,,,,,,,,,,,,,,,,,,
1904.T,,,,,,,,,,,,,,,,,,,,,,,,,,
PATINTLOG.NS,,,,,,,,,,,,,,,,,,,,,,,,,,
GTM,2025.0,2.0,0.9911292083397514,Subscription and Circulation,0.9955447549615228,6.0,2025.0,2.0,0.7938582107512873,UNITED STATES,0.8833133253301321,6.0,UNITED STATES,0.0362407285700874,0.8833133253301321,0.0061824680461001,0.0295144661617193,0.0289878942600674,0.0,0.0,Subscription and Circulation,0.0238253915361545,0.9955447549615228,0.0069916791153563,,0.0166350984106069
NC,2024.0,2.0,0.5543838218453205,Coal Mining,0.664899699583293,12.0,2024.0,1.0,1.0,North American Mining,1.0,11.0,North American Mining,0.321079839172889,1.0,0.0,,0.321079839172889,0.0,0.0,Minerals Management,0.0483249962103986,0.335100300416707,0.0565107733896799,0.1225292955061242,-0.1284628378378378
1787.T,,,,,,,,,,,,,,,,,,,,,,,,,,
GMED,2024.0,2.0,0.885217357052273,Spine,0.9388720525690109,12.0,2025.0,1.0,1.0,UNITED STATES,1.0,14.0,UNITED STATES,0.1837583440954728,1.0,0.2061194234238526,,-0.0602372432626604,0.0,0.0,Spine,0.6332371259304268,0.9388720525690109,0.0155171526534239,0.1760923434935956,0.6062438953480958
GTPL.NS,,,,,,,,,,,,,,,,,,,,,,,,,,
2335.T,,,,,,,,,,,,,,,,,,,,,,,,,,
603085.SS,,,,,,,,,,,,,,,,,,,,,,,,,,
LOCO,2025.0,4.0,0.7862506923305066,Service,0.879392988554068,8.0,,,,,,,,,,,,,,,Franchise,0.1498650161322183,0.1135253557080138,0.0111189938861377,0.0628735064005361,0.037243989714635
025000.KS,,,,,,,,,,,,,,,,,,,,,,,,,,
NER.BK,,,,,,,,,,,,,,,,,,,,,,,,,,
UTTAMSUGAR.NS,,,,,,,,,,,,,,,,,,,,,,,,,,
ALMOU.PA,,,,,,,,,,,,,,,,,,,,,,,,,,
5900.T,,,,,,,,,,,,,,,,,,,,,,,,,,
ZAL.DE,,,,,,,,,,,,,,,,,,,,,,,,,,
CMOCTEZ.MX,,,,,,,,,,,,,,,,,,,,,,,,,,
GRND3.SA,,,,,,,,,,,,,,,,,,,,,,,,,,
096530.KQ,,,,,,,,,,,,,,,,,,,,,,,,,,
VCI.V,,,,,,,,,,,,,,,,,,,,,,,,,,
JANL,2025.0,1.0,1.0,Logistics Member,1.0,10.0,,,,,,,,,,,,,,,,,,,,-0.2643462311118875
8244.T,,,,,,,,,,,,,,,,,,,,,,,,,,
MAHSEAMLES.NS,,,,,,,,,,,,,,,,,,,,,,,,,,
050960.KQ,,,,,,,,,,,,,,,,,,,,,,,,,,
TSGTY,,,,,,,,,,,,,,,,,,,,,,,,,,
GNFC.NS,,,,,,,,,,,,,,,,,,,,,,,,,,
6743.T,,,,,,,,,,,,,,,,,,,,,,,,,,
035150.KS,,,,,,,,,,,,,,,,,,,,,,,,,,
YEXT,2026.0,1.0,1.0,Reportable Segment,1.0,2.0,2026.0,2.0,0.691819812943568,North America,0.8096932457639074,9.0,North America,0.0751331309485228,0.8096932457639074,0.0107446595662673,0.0354811151824164,0.0608660742071043,0.0,0.0,Reportable Segment,0.0608660742071043,1.0,0.0,,0.0608660742071043
333430.KQ,,,,,,,,,,,,,,,,,,,,,,,,,,
LEN,2025.0,4.0,0.8818219444352762,"Lennar Homebuilding East, Central, West, Houston, and Other",0.9381394312836362,15.0,2025.0,4.0,0.3524785077553193,Homebuilding West,0.44666446205161,15.0,Homebuilding Central,0.0155995748594048,0.2909033074514226,0.0656656784544885,0.0795670022606194,-0.213651978536458,0.0,0.0,"Lennar Homebuilding East, Central, West, Houston, and Other",-0.0483609213191623,0.9381394312836362,-0.0138433203735316,,-0.0343183982070851
VERTOZ.NS,,,,,,,,,,,,,,,,,,,,,,,,,,
STRT,2026.0,1.0,1.0,Reportable Segment,1.0,13.0,2024.0,1.0,1.0,Non-US,1.0,11.0,Non-US,0.0116266210547268,1.0,0.0,,0.0116266210547268,0.0,0.0,Reportable Segment,0.0253527906474642,1.0,0.0,,0.0253527906474642
TWPC.BK,,,,,,,,,,,,,,,,,,,,,,,,,,
603486.SS,,,,,,,,,,,,,,,,,,,,,,,,,,
688606.SS,,,,,,,,,,,,,,,,,,,,,,,,,,
SKMEGGPROD.NS,,,,,,,,,,,,,,,,,,,,,,,,,,
UMICY,,,,,,,,,,,,,,,,,,,,,,,,,,
8372.HK,,,,,,,,,,,,,,,,,,,,,,,,,,
HELFY,,,,,,,,,,,,,,,,,,,,,,,,,,
IBEX,,,,,,,2026.0,3.0,0.5254175496643539,UNITED STATES,0.6414282008095966,7.0,Offshore,0.1593508780009138,0.3369255920638123,0.0010919474308168,0.0003968850909659,0.1555935195738089,0.0,0.0,,,,,,
POST,2025.0,9.0,0.2398570208353603,Cereal and Granola,0.3241597333692762,14.0,,,,,,,,,,,,,,,Egg and Egg Products,0.1373963046757165,0.2956831799634853,0.0278956832767497,0.0892429055198833,0.0300907518901385
7425.T,,,,,,,,,,,,,,,,,,,,,,,,,,
WACLF,,,,,,,,,,,,,,,,,,,,,,,,,,
MCRNF,,,,,,,,,,,,,,,,,,,,,,,,,,
AMBIKCO.NS,,,,,,,,,,,,,,,,,,,,,,,,,,
CASH3.SA,,,,,,,,,,,,,,,,,,,,,,,,,,
002602.SZ,,,,,,,,,,,,,,,,,,,,,,,,,,
4234.T,,,,,,,,,,,,,,,,,,,,,,,,,,
ACCO,2025.0,1.0,1.0,ACCO Brands International,1.0,14.0,2017.0,5.0,0.3735591280863137,UNITED STATES,0.5688073394495413,6.0,Other Countries,2.210526315789474,0.1537020286858767,0.0933403473564534,0.9283716511563116,0.2608341479309222,0.0740405737175345,0.0,ACCO Brands International,-0.0540297163439892,1.0,0.0,,-0.0540297163439892
SNWV,2025.0,4.0,0.9570696536339156,System Revenue,0.9781881953197786,6.0,2024.0,2.0,0.9857015538075607,UNITED STATES,0.99279892137035,5.0,,,,,,0.5998627316403569,0.0,0.0,System Revenue,0.6000896458987002,0.9781881953197786,0.6331632966157484,,-0.4356190652933717
TEAMG.BK,,,,,,,,,,,,,,,,,,,,,,,,,,
CYH,2025.0,4.0,0.4238469415062179,Managed Care And Other Third Party Payors,0.5838381864373656,12.0,,,,,,,,,,,,,,,Medicaid,0.0647058823529411,0.194547586476451,0.0146014740823016,0.0476008608750786,-0.0152040030792918
1420.HK,,,,,,,,,,,,,,,,,,,,,,,,,,
SHUL4.SA,,,,,,,,,,,,,,,,,,,,,,,,,,
NOIDATOLL.NS,,,,,,,,,,,,,,,,,,,,,,,,,,
7363.T,,,,,,,,,,,,,,,,,,,,,,,,,,
CARCY,,,,,,,,,,,,,,,,,,,,,,,,,,
NXCLF,,,,,,,,,,,,,,,,,,,,,,,,,,
ARR.OL,,,,,,,,,,,,,,,,,,,,,,,,,,
MPMX.JK,,,,,,,,,,,,,,,,,,,,,,,,,,
3683.T,,,,,,,,,,,,,,,,,,,,,,,,,,
VRTX,2025.0,3.0,0.7517781876542678,TRIKAFTA/KAFTRIO,0.8615023474178404,14.0,2025.0,3.0,0.364210294280016,UNITED STATES,0.4587699039747174,15.0,UNITED STATES,0.1292016335322892,0.4587699039747174,-0.1478398364087637,0.0636743278695349,0.4930898993657044,0.0,0.0,"Manufactured Product, Other",0.0493921944977606,0.0685095149783636,-0.0024063569284248,0.0210774384478723,0.0862514859211804
6194.T,,,,,,,,,,,,,,,,,,,,,,,,,,
CNX,2025.0,4.0,0.7938149112693708,Natural Gas,0.8864853193621282,16.0,2018.0,1.0,1.0,Utica Shale,1.0,8.0,,,,,,-0.7849138035496458,0.0,0.0,Natural Gas,0.76130191029058,0.8864853193621282,0.0948408652119736,0.4379066728378321,0.5728685618492804
CCR.AX,,,,,,,,,,,,,,,,,,,,,,,,,,
013700.KS,,,,,,,,,,,,,,,,,,,,,,,,,,
DIT,2025.0,4.0,0.5284001027362003,Cigarettes,0.6892650760160544,14.0,2025.0,1.0,1.0,Wholesale Segment,1.0,14.0,Wholesale Segment,0.0388621971102165,1.0,0.0,,0.0388621971102165,0.0,0.0,Tobacco,0.0818591546906419,0.2175413578897809,0.0081023612867042,0.0238254210099845,0.0415651443118283
SNPS,2025.0,3.0,0.3744809150393782,License and Maintenance,0.4946868366519812,8.0,2025.0,5.0,0.2745304322579206,UNITED STATES,0.4394693471018168,15.0,Europe,0.4457323978496024,0.1259571278184361,0.0256567738041306,0.2072043412150168,0.151244664162955,0.2496850802460612,0.1154385386929561,Technology Service,0.4115231421136054,0.2202903017190663,0.0406205344624193,0.1479736853422192,0.151244664162955
7270.T,,,,,,,,,,,,,,,,,,,,,,,,,,
2236.HK,,,,,,,,,,,,,,,,,,,,,,,,,,
TXRH,2025.0,3.0,0.9895571499445176,Food and Beverage,0.9947532142750816,8.0,,,,,,,,,,,,,,,Food and Beverage,49.97850043591979,0.9947532142750816,0.2100987837481248,24.99205524230539,39.21148728613549
PAGS34.SA,,,,,,,,,,,,,,,,,,,,,,,,,,
PNR,2025.0,3.0,0.3426737358631027,Pool,0.3734099892202659,15.0,2025.0,4.0,0.5270442060359507,UNITED STATES,0.7035680076628352,15.0,UNITED STATES,0.0368788819875776,0.7035680076628352,0.0095345012456705,0.0277892434087903,0.0228274713431957,0.0,0.0,Pool,0.0854397326091498,0.3734099892202659,0.021519567520234,0.0601089202561039,0.022885986621254
ONT,2025.0,3.0,0.3360813361700783,Assessment Permitting And Response,0.3701552487664622,1.0,2025.0,2.0,0.743442613788559,UNITED STATES,0.8488858078143614,1.0,,,,,,,0.0,0.0,,,,,,
GWW,2025.0,2.0,0.673159678215866,High-Touch Solutions (N.A.),0.7942445226472925,14.0,2025.0,4.0,0.6652274105189959,UNITED STATES,0.8048712518113923,16.0,JAPAN,0.1479133650290545,0.1211124735258053,0.0108491930039041,0.056246780743537,0.0450838769804287,0.0,0.0,Endless Assortment,0.1566687938736439,0.2057554773527074,0.0198055544857322,0.0683854173449852,0.0453304853447253
1930.T,,,,,,,,,,,,,,,,,,,,,,,,,,
8085.T,,,,,,,,,,,,,,,,,,,,,,,,,,
ERAA.JK,,,,,,,,,,,,,,,,,,,,,,,,,,
CCSI,2025.0,3.0,0.5373966499188075,Corporate Information Delivery Services,0.6367873810395315,5.0,2025.0,5.0,0.466392332429439,UNITED STATES,0.645403686085193,5.0,CANADA,0.0478399970064922,0.1317608420497908,0.0057886342306474,0.0226884579400188,0.0018053604593062,0.0,0.0,Corporate Information Delivery Services,0.0648934542254868,0.6367873810395315,0.0399759009977485,0.0829075859667552,-0.0019578631322385
053800.KQ,,,,,,,,,,,,,,,,,,,,,,,,,,
KUNUF,,,,,,,,,,,,,,,,,,,,,,,,,,
8273.KL,,,,,,,,,,,,,,,,,,,,,,,,,,
M4HA.F,,,,,,,,,,,,,,,,,,,,,,,,,,
4880.T,,,,,,,,,,,,,,,,,,,,,,,,,,
ARNA.JK,,,,,,,,,,,,,,,,,,,,,,,,,,
PAP.BK,,,,,,,,,,,,,,,,,,,,,,,,,,
4428.T,,,,,,,,,,,,,,,,,,,,,,,,,,
6508.TWO,,,,,,,,,,,,,,,,,,,,,,,,,,
5368.T,,,,,,,,,,,,,,,,,,,,,,,,,,
AWZ.SI,,,,,,,,,,,,,,,,,,,,,,,,,,
0334.HK,,,,,,,,,,,,,,,,,,,,,,,,,,
BTG.SI,,,,,,,,,,,,,,,,,,,,,,,,,,
1302.SR,,,,,,,,,,,,,,,,,,,,,,,,,,
CASS.JK,,,,,,,,,,,,,,,,,,,,,,,,,,
BLS.NS,,,,,,,,,,,,,,,,,,,,,,,,,,
1651.HK,,,,,,,,,,,,,,,,,,,,,,,,,,
HAPV3.SA,,,,,,,,,,,,,,,,,,,,,,,,,,
EVTC,2023.0,3.0,0.4637043040938635,Payment Processing,0.627520759193357,11.0,2025.0,3.0,0.5070835648802964,PUERTO RICO,0.6092198261892344,13.0,Latin America,0.2173835863498872,0.3679881693635452,0.0348448648026181,0.0865105757375668,0.1021093193737092,0.3679881693635452,0.0,Transaction Processing And Monitoring Fees,0.3364485981308411,0.1696322657176749,0.0263926405503389,0.1098616948103796,0.1285140562248996
TMUS,2025.0,5.0,0.4783943480379082,Branded Postpaid Revenue,0.6560146757408645,8.0,,,,,,,,,,,,,,,"Product, Equipment",0.1198205146182429,0.180864917505577,0.0056437872844467,0.0492676930677848,0.0848771498771499
2742.T,,,,,,,,,,,,,,,,,,,,,,,,,,
6322.T,,,,,,,,,,,,,,,,,,,,,,,,,,
0366.HK,,,,,,,,,,,,,,,,,,,,,,,,,,
GEA.PA,,,,,,,,,,,,,,,,,,,,,,,,,,
ALPK3.SA,,,,,,,,,,,,,,,,,,,,,,,,,,
NIU,2025.0,3.0,0.8236282985246483,Electric scooter sales,0.9045035955298528,8.0,2025.0,3.0,0.8662082023470197,CHINA,0.9293224386552098,8.0,Europe,0.0324520381629138,0.0412695698327951,-0.011096652060252,,0.3100599968309911,0.9293224386552098,0.9293224386552098,Electric scooter sales,0.3161524538532807,0.9045035955298528,0.0041869384250575,0.0391332083889759,0.3100599968309911
5576.KL,,,,,,,,,,,,,,,,,,,,,,,,,,
8319.HK,,,,,,,,,,,,,,,,,,,,,,,,,,
7218.T,,,,,,,,,,,,,,,,,,,,,,,,,,
6336.T,,,,,,,,,,,,,,,,,,,,,,,,,,
RFX.L,,,,,,,,,,,,,,,,,,,,,,,,,,
MAH.AX,,,,,,,,,,,,,,,,,,,,,,,,,,
PETR3.SA,,,,,,,,,,,,,,,,,,,,,,,,,,
JBTM,,,,,,,2025.0,2.0,0.5293607784154988,Non-US,0.621162655994945,1.0,,,,,,,0.0,0.0,,,,,,
4977.T,,,,,,,,,,,,,,,,,,,,,,,,,,
RNGR,2025.0,1.0,1.0,Wireline Services,1.0,9.0,,,,,,,,,,,,,,,Wireline Services,-0.3747731397459165,1.0,0.807039047452285,,-0.879355629486955
CDW,2025.0,3.0,0.5406020496377578,Software Products,0.6615251436216258,14.0,2025.0,1.0,1.0,Non-US,1.0,8.0,Non-US,0.1027224801321897,1.0,0.8789544114635668,,-0.8665203084000438,0.0,0.0,Software Products,0.1047734202502366,0.6615251436216258,0.0032788982067182,0.0072948662864207,0.0992975292407778
SHOO,2024.0,4.0,0.3577164223932493,Wholesale Footwear,0.4640709054647827,5.0,2025.0,2.0,0.5526146128939786,Domestic Destination,0.6621952725790407,13.0,Non-US,1.0179867138768794,0.3378047274209594,0.151989762684899,0.5575884960795177,0.1100262951903412,0.0,0.0,Wholesale Accessories/Apparel,0.590929388378324,0.2902734077786981,0.0789939285666973,0.257639445320836,0.1579797653938119
3046.TW,,,,,,,,,,,,,,,,,,,,,,,,,,
BPCL.NS,,,,,,,,,,,,,,,,,,,,,,,,,,
6994.T,,,,,,,,,,,,,,,,,,,,,,,,,,
2122.T,,,,,,,,,,,,,,,,,,,,,,,,,,
043150.KQ,,,,,,,,,,,,,,,,,,,,,,,,,,
INSE,2025.0,2.0,0.8463549942953266,Service,0.9161460046037488,7.0,2025.0,2.0,0.5906730285837404,Rest of World,0.7129237288135594,7.0,GREECE,0.272300469483568,0.2870762711864407,0.021158668190186,0.0638713231771581,0.1785268414481897,0.2870762711864407,0.0,Service,0.0773395204949729,0.9161460046037488,0.0457320025842267,0.2075009290786553,0.023561090541905
4170.T,,,,,,,,,,,,,,,,,,,,,,,,,,
BUTTERFLY.NS,,,,,,,,,,,,,,,,,,,,,,,,,,
OPRA,2025.0,1.0,1.0,Advertising [member],1.0,4.0,2025.0,3.0,0.4367817406616118,Other geographical areas [member],0.5957510665740648,8.0,Singapore 1 [member],0.8222422255084765,0.2108939378906637,0.1138187394086145,0.6884575563907717,-0.1612156921489322,0.0,0.0,Advertising [member],0.3496087892914588,1.0,0.3894742098167474,,-0.1760290274795692
NWL.MI,,,,,,,,,,,,,,,,,,,,,,,,,,
B04.F,,,,,,,,,,,,,,,,,,,,,,,,,,
GOOGL,2025.0,6.0,0.3614207036829258,Google Search & other,0.5572025223159447,11.0,2025.0,4.0,0.3485929027239804,UNITED STATES,0.4821043799461815,11.0,Asia Pacific,0.1912347091437121,0.1680088174840381,0.0055906840561765,0.0205735610332017,0.1515950223980653,0.0,0.0,Google Cloud,0.3580004163871475,0.1456833505805743,0.022178273698814,0.1221159756910707,0.1512636492980361
WLDN,2025.0,2.0,0.7383326636189576,Energy,0.8452047679414043,14.0,,,,,,,,,,,,,,,Energy,0.2170717227012375,0.8452047679414043,0.0086712347723227,0.038192361042474,0.2045853820621495
3673.TW,,,,,,,,,,,,,,,,,,,,,,,,,,
1587.TW,,,,,,,,,,,,,,,,,,,,,,,,,,
MTLRF,,,,,,,,,,,,,,,,,,,,,,,,,,
6562.T,,,,,,,,,,,,,,,,,,,,,,,,,,
9416.T,,,,,,,,,,,,,,,,,,,,,,,,,,
MLBI.JK,,,,,,,,,,,,,,,,,,,,,,,,,,
1994.T,,,,,,,,,,,,,,,,,,,,,,,,,,
VNET.L,,,,,,,,,,,,,,,,,,,,,,,,,,
1681.HK,,,,,,,,,,,,,,,,,,,,,,,,,,
6408.T,,,,,,,,,,,,,,,,,,,,,,,,,,
3440.T,,,,,,,,,,,,,,,,,,,,,,,,,,
ANTM.JK,,,,,,,,,,,,,,,,,,,,,,,,,,
GMR.L,,,,,,,,,,,,,,,,,,,,,,,,,,
DOCS,2026.0,2.0,0.8933425749296809,Subscription,0.9434763662979578,5.0,,,,,,,,,,,,,,,Subscription,0.11887930558876,0.9434763662979578,-0.0098387692475112,,0.1305472134418188
600989.SS,,,,,,,,,,,,,,,,,,,,,,,,,,
NX,2024.0,3.0,0.4423399544677396,NA Engineered Components,0.6023550909289711,11.0,2024.0,5.0,0.5725049103911194,UNITED STATES,0.7253240177734372,13.0,UNITED STATES,0.110648572541266,0.7253240177734372,-0.0128128549727476,0.0008959251322621,0.1302681890670565,0.0,0.0,NA Engineered Components,-0.0261040747166215,0.6023550909289711,0.0135913869188308,0.0251753667317443,-0.0480788144316711
UPOIC.BK,,,,,,,,,,,,,,,,,,,,,,,,,,
MDLZ,2025.0,5.0,0.3518929763325646,Biscuits,0.4772296753769105,16.0,2025.0,4.0,0.2873668365508297,Europe Segment,0.3899369437164283,14.0,Europe Segment,0.1290855811856639,0.3899369437164283,0.0247164503161374,0.0627554227731163,0.0575176312395377,0.3329527467109531,0.0,Chocolate,0.1287339971550498,0.3294496198458624,0.0207863010565865,0.0458878652365263,0.0575176312395377
CADNF,,,,,,,,,,,,,,,,,,,,,,,,,,
KOV.AX,,,,,,,,,,,,,,,,,,,,,,,,,,
7060.KL,,,,,,,,,,,,,,,,,,,,,,,,,,
4482.T,,,,,,,,,,,,,,,,,,,,,,,,,,
000975.SZ,,,,,,,,,,,,,,,,,,,,,,,,,,
PINS,,,,,,,2025.0,4.0,0.36465378209865,United States And Canada,0.427914031955347,7.0,Europe,0.2959228991977538,0.1092118652038957,0.0131489941146835,0.085533524399758,0.1398951402832668,0.0,0.0,,,,,,
9955.T,,,,,,,,,,,,,,,,,,,,,,,,,,
051360.KQ,,,,,,,,,,,,,,,,,,,,,,,,,,
SCOR,2023.0,2.0,0.5077805961937631,Digital Ad Solutions,0.5623722542231845,6.0,2025.0,5.0,0.7843017334849332,UNITED STATES,0.8822890935997247,13.0,Europe,0.2022667419112114,0.0715166909578173,0.0117942385849564,0.1058025546572805,0.0039938547438962,0.0205052745832505,0.0,Cross Platform Solutions,-0.0085594187160261,0.4376277457768155,0.0021787960580151,0.0043716482251594,-0.0134954559099735
SBOK.ST,,,,,,,,,,,,,,,,,,,,,,,,,,
OBM.AX,,,,,,,,,,,,,,,,,,,,,,,,,,
ECTM,,,,,,,,,,,,,,,,,,,,,,,,,,
2096.HK,,,,,,,,,,,,,,,,,,,,,,,,,,
CVCB3.SA,,,,,,,,,,,,,,,,,,,,,,,,,,
1373.HK,,,,,,,,,,,,,,,,,,,,,,,,,,
0382.HK,,,,,,,,,,,,,,,,,,,,,,,,,,
001460.KS,,,,,,,,,,,,,,,,,,,,,,,,,,
1269.TWO,,,,,,,,,,,,,,,,,,,,,,,,,,
2181.T,,,,,,,,,,,,,,,,,,,,,,,,,,
ENEA.ST,,,,,,,,,,,,,,,,,,,,,,,,,,
UPWK,2025.0,2.0,0.7691437624775763,Enterprise,0.8668404029530937,8.0,,,,,,,,,,,,,,,Enterprise,0.0313770563110549,0.8668404029530937,0.0062054307371901,0.0264890541915105,0.0239937607643063
DRDGF,,,,,,,,,,,,,,,,,,,,,,,,,,
036890.KQ,,,,,,,,,,,,,,,,,,,,,,,,,,
NATIONALUM.NS,,,,,,,,,,,,,,,,,,,,,,,,,,
5278.KL,,,,,,,,,,,,,,,,,,,,,,,,,,
3798.T,,,,,,,,,,,,,,,,,,,,,,,,,,
ECL,2025.0,4.0,0.3986677428327387,Global Water,0.4963808670994702,15.0,2025.0,7.0,0.3360122479621056,UNITED STATES,0.5273362684376788,4.0,Europe,0.02574300836178,0.2036726114966544,0.0008253425116848,0.0092220030201972,0.0215863900288411,0.1081635698828445,0.0,Global Institutional and Specialty,0.1275790095864348,0.3796109743054001,0.038534933229359,0.0301792975659525,0.0131166131166131
ZAP.OL,,,,,,,,,,,,,,,,,,,,,,,,,,
5820.T,,,,,,,,,,,,,,,,,,,,,,,,,,
OSIS,2026.0,2.0,0.6279540055089939,Product,0.7529367564323085,15.0,2026.0,5.0,0.3071471722982656,United States,0.4554235631696617,14.0,Other Americas,0.3277513041571824,0.1531466201371193,0.0419115008226583,0.3596101663176196,-0.0356132273397921,0.0737258297000718,0.0,Service,0.1317755690926578,0.2470632435676915,0.0194875153545469,0.0577860140362899,0.0425049294697652
BOOT,2026.0,1.0,1.0,Single Reportable Segment,1.0,1.0,,,,,,,,,,,,,,,,,,,,
000570.SZ,,,,,,,,,,,,,,,,,,,,,,,,,,
600987.SS,,,,,,,,,,,,,,,,,,,,,,,,,,
002603.SZ,,,,,,,,,,,,,,,,,,,,,,,,,,
SIRI,2025.0,3.0,0.643979357602201,Subscription and Circulation,0.7739856801909308,8.0,,,,,,,,,,,,,,,Advertising,-0.0005640157924421,0.2114558472553699,0.0076393166196646,0.0095426595765721,-0.0366708817105414
BIRMF,,,,,,,,,,,,,,,,,,,,,,,,,,
1384.T,,,,,,,,,,,,,,,,,,,,,,,,,,
BHIT.JK,,,,,,,,,,,,,,,,,,,,,,,,,,
7486.T,,,,,,,,,,,,,,,,,,,,,,,,,,
2488.HK,,,,,,,,,,,,,,,,,,,,,,,,,,
4644.T,,,,,,,,,,,,,,,,,,,,,,,,,,
7916.T,,,,,,,,,,,,,,,,,,,,,,,,,,
002489.SZ,,,,,,,,,,,,,,,,,,,,,,,,,,
CREATIVE.BO,,,,,,,,,,,,,,,,,,,,,,,,,,
SIG,2026.0,5.0,0.3428217831891073,Bridal,0.4202770928730773,14.0,2026.0,2.0,0.8861718083758485,North America Segment,0.9394154118689104,13.0,International,0.0996784565916397,0.0605845881310894,0.004651851293717,0.04471944927977,0.0152421204082551,0.0,0.0,Service,0.0782340311325817,0.1179259128801221,0.0067650787263585,0.037600143507952,0.0163787702497091
BLKB,2025.0,3.0,0.5256292441002732,Contractual Recurring,0.6397043509857183,14.0,2025.0,2.0,0.8779449940810791,UNITED STATES,0.934709669826356,14.0,Non-US,0.0578411275841794,0.0652903301736439,0.0054396643895537,0.0468723632207397,-0.0302929145660301,0.0,0.0,Transactional Recurring,0.085589440711334,0.3406176192987198,0.0270629206589013,0.0771494602195511,-0.0006633519733171
8481.TW,,,,,,,,,,,,,,,,,,,,,,,,,,
BRM.V,,,,,,,,,,,,,,,,,,,,,,,,,,
YSHLF,,,,,,,,,,,,,,,,,,,,,,,,,,
000650.SZ,,,,,,,,,,,,,,,,,,,,,,,,,,
134580.KQ,,,,,,,,,,,,,,,,,,,,,,,,,,
GPOR,2025.0,3.0,0.6574740684970433,"Natural Gas, Production",0.7981922544836637,7.0,,,,,,,,,,,,,,,"Natural Gas, Production",0.4792609499271871,0.7981922544836637,0.0291238464216695,0.1213575646574168,0.4252867745562156
MNTHY,,,,,,,,,,,,,,,,,,,,,,,,,,
TANLA.NS,,,,,,,,,,,,,,,,,,,,,,,,,,
AIEA.L,,,,,,,,,,,,,,,,,,,,,,,,,,
3353.T,,,,,,,,,,,,,,,,,,,,,,,,,,
CLFD,,,,,,,,,,,,,,,,,,,,,,,,,,
104540.KQ,,,,,,,,,,,,,,,,,,,,,,,,,,
OMC,2025.0,4.0,0.5486021054690701,Advertising,0.722017574844472,7.0,2025.0,6.0,0.2905645328043629,North America,0.3636935816549381,14.0,North America,0.1088992162030935,0.3636935816549381,-0.1876573562573703,0.0332260022542267,0.6810651981311866,0.0359970274205289,0.0,Advertising,0.1830455221941367,0.722017574844472,0.0298595579047421,0.0978729459934719,0.1341198207920468
AUDC,2025.0,2.0,0.5020645395700422,Service,0.5321289555544698,14.0,2025.0,3.0,0.5026527320149317,Americas,0.6050286697518755,14.0,Americas,0.0222676591802177,0.6050286697518755,0.0880327659463786,0.0022462747769954,-0.1264741345137421,0.0,0.0,Service,0.0037093925197757,0.5321289555544698,-0.0055378652700545,,0.0141549947145878
3694.TW,,,,,,,,,,,,,,,,,,,,,,,,,,
ATS,,,,,,,2025.0,5.0,0.2923369673288479,UNITED STATES,0.4314964091858559,1.0,,,,,,,0.0,0.0,,,,,,
CG.TO,,,,,,,,,,,,,,,,,,,,,,,,,,
WWW,2025.0,3.0,0.6154613915240303,Active Group,0.7511070799765246,14.0,2025.0,5.0,0.3465387247924921,UNITED STATES,0.4781518433548525,14.0,Asia Pacific,0.2041086812458581,0.0969428586672357,0.0109599526843297,0.0727571907337692,0.067977207977208,0.0595955823507442,0.0,Active Group,0.1297648663831152,0.7511070799765246,0.0410785899480345,0.1012320927566794,0.067977207977208
002508.SZ,,,,,,,,,,,,,,,,,,,,,,,,,,
GANDHITUBE.BO,,,,,,,,,,,,,,,,,,,,,,,,,,
MPC,2025.0,3.0,0.8792500045843017,Refining And Marketing,0.93648580408354,15.0,2025.0,1.0,1.0,Midstream,1.0,1.0,,,,,,,0.0,0.0,Refining And Marketing,-0.0557497644162081,0.93648580408354,-0.0111585520212577,,-0.0444986965101038
WMG,2025.0,2.0,0.686637385731991,Recorded Music,0.8054810843014596,12.0,2025.0,4.0,0.3404793351498223,UNITED STATES,0.4285075294468465,12.0,UNITED KINGDOM,0.107235142118863,0.1277769494557924,0.0073287701840837,0.0473291416562572,0.0437286025521319,0.0,0.0,Music Publishing,0.0793388429752066,0.1945189156985403,0.0064262684111161,0.0219592932088363,0.0436810197419554
CVB.F,,,,,,,,,,,,,,,,,,,,,,,,,,
IRWD,2025.0,4.0,0.9861856514392624,Collaborative Arrangements,0.9930521790740486,9.0,2025.0,2.0,0.975753097734504,North America,0.987725895219079,9.0,North America,-0.1480326617203937,0.987725895219079,-0.002932033704966,,-0.1455036230838072,0.0,0.0,,,,,,-0.163390056835715
4365.T,,,,,,,,,,,,,,,,,,,,,,,,,,
OMCL,2025.0,4.0,0.330919746850867,"Connected Devices, Software Licenses, And Other",0.4772565187851575,14.0,2025.0,2.0,0.8182610441010727,UNITED STATES,0.8989116719908511,12.0,Non-US,0.1993591348320231,0.1010883280091488,0.0113008904283433,0.0736525990950468,0.0652800929297505,0.0,0.0,Consumables,0.0972530901367434,0.08458659149509,0.0024647794368795,0.0216614526384951,0.0652800929297505
2114.TW,,,,,,,,,,,,,,,,,,,,,,,,,,
TACT,,,,,,,,,,,,,,,,,,,,,,,,,,
CSSG.L,,,,,,,,,,,,,,,,,,,,,,,,,,
2YU.F,,,,,,,,,,,,,,,,,,,,,,,,,,
PONNIERODE.NS,,,,,,,,,,,,,,,,,,,,,,,,,,
8213.TW,,,,,,,,,,,,,,,,,,,,,,,,,,
ROSSELLIND.NS,,,,,,,,,,,,,,,,,,,,,,,,,,
268280.KS,,,,,,,,,,,,,,,,,,,,,,,,,,
023530.KS,,,,,,,,,,,,,,,,,,,,,,,,,,
TCW.TO,,,,,,,,,,,,,,,,,,,,,,,,,,
CI,2025.0,2.0,0.7205670993959876,Evernorth,0.8320896711702938,15.0,2024.0,1.0,1.0,UNITED STATES,1.0,11.0,UNITED STATES,0.2724557522123894,1.0,0.0219424108315859,,0.2445350053323303,0.0,0.0,Evernorth,0.1855714840773652,0.8320896711702938,0.0255248881988442,0.0940060753159086,0.1492033129158951
8023.T,,,,,,,,,,,,,,,,,,,,,,,,,,
ATGN,,,,,,,,,,,,,,,,,,,,,,,,,,
WIIK.BK,,,,,,,,,,,,,,,,,,,,,,,,,,
EXS.ST,,,,,,,,,,,,,,,,,,,,,,,,,,
HP,2025.0,3.0,0.478287094723752,North America Solutions,0.6410400996215347,15.0,2025.0,10.0,0.4622720898058043,UNITED STATES,0.66795731155037,15.0,ARGENTINA,0.0931969589543071,0.0419162160176162,-0.0100994546657979,0.0616876965910195,0.3565960482973704,0.1303255251336604,0.0,International Solutions Segment,3.136749581131589,0.2177459949358872,0.1489058035496858,1.5854681769283716,0.3078294871312583
000951.SZ,,,,,,,,,,,,,,,,,,,,,,,,,,
PRCH,2025.0,2.0,0.8547643982255153,Recurring,0.9211676615230064,6.0,,,,,,,,,,,,,,,,,,,,-0.0245261476263511
2120.T,,,,,,,,,,,,,,,,,,,,,,,,,,
002240.KS,,,,,,,,,,,,,,,,,,,,,,,,,,
0528.HK,,,,,,,,,,,,,,,,,,,,,,,,,,
ANPDF,,,,,,,,,,,,,,,,,,,,,,,,,,
ADMG.JK,,,,,,,,,,,,,,,,,,,,,,,,,,
3537.T,,,,,,,,,,,,,,,,,,,,,,,,,,
196700.KQ,,,,,,,,,,,,,,,,,,,,,,,,,,
PETR4.SA,,,,,,,,,,,,,,,,,,,,,,,,,,
1218.TW,,,,,,,,,,,,,,,,,,,,,,,,,,
7649.T,,,,,,,,,,,,,,,,,,,,,,,,,,
1256.TW,,,,,,,,,,,,,,,,,,,,,,,,,,
005670.KQ,,,,,,,,,,,,,,,,,,,,,,,,,,
IIIN,2025.0,2.0,0.5483170239564418,Welded Wire Reinforcement,0.6554300871074222,11.0,2025.0,2.0,0.9886891698672136,UNITED STATES,0.9943122342544304,11.0,UNITED STATES,0.222758479274572,0.9943122342544304,-0.0009598567209702,,0.2239388659821088,0.0,0.0,Welded Wire Reinforcement,0.3883879660789682,0.6554300871074222,0.0776331188649118,0.1947512070345787,0.2239388659821088
BALM3.SA,,,,,,,,,,,,,,,,,,,,,,,,,,
BKE,2025.0,1.0,1.0,Reportable Segment,1.0,2.0,,,,,,,,,,,,,,,Reportable Segment,0.0658181194048725,1.0,0.0,,0.0658181194048725
AR,2025.0,4.0,0.4640439959105133,"Natural Gas, Production",0.5594165189065171,9.0,,,,,,,,,,,,,,,"Natural Gas, Production",0.5801824454420812,0.5594165189065171,0.1360021771454011,0.3856175228147316,0.1960174349287251
HISARSP.BO,,,,,,,,,,,,,,,,,,,,,,,,,,
RES,2025.0,2.0,0.8948942797980066,Technical Services,0.9443502446257944,14.0,2025.0,2.0,0.9610471146415618,UNITED STATES,0.9801286882917756,10.0,,,,,,0.1495174201536537,0.0,0.0,Technical Services,0.1584028717840431,0.9443502446257944,0.0072435752924592,0.0706390609004491,0.1495174201536537
DDD.BK,,,,,,,,,,,,,,,,,,,,,,,,,,
D.BK,,,,,,,,,,,,,,,,,,,,,,,,,,
BZ,2025.0,2.0,0.9820678520547804,Online Recruitment Services To Enterprises Customers,0.9909520608240588,5.0,,,,,,,,,,,,,,,Online Recruitment Services To Enterprises Customers,0.1269167400501731,0.9909520608240588,0.0025962643419674,,0.1239642523726911
600585.SS,,,,,,,,,,,,,,,,,,,,,,,,,,
7902.T,,,,,,,,,,,,,,,,,,,,,,,,,,
075180.KS,,,,,,,,,,,,,,,,,,,,,,,,,,
0099.KL,,,,,,,,,,,,,,,,,,,,,,,,,,
BAJAJ-AUTO.NS,,,,,,,,,,,,,,,,,,,,,,,,,,
FCSSOFT.NS,,,,,,,,,,,,,,,,,,,,,,,,,,
AETUF,,,,,,,,,,,,,,,,,,,,,,,,,,
WING,2025.0,3.0,0.4916773882696225,Royalty,0.5350738213286009,11.0,,,,,,,,,,,,,,,Advertising Fees,0.1377980976887378,0.4530251193764979,0.0027642275028349,0.005667243828038,0.130855584658482
LEVI,,,,,,,2025.0,4.0,0.3818104166267564,Americas Segment,0.5248328557784145,14.0,Europe segment,0.0503121330119289,0.2705030245144858,0.0159281027956055,0.3074769146643188,-0.011533680550092,0.0,0.0,,,,,,
3177.T,,,,,,,,,,,,,,,,,,,,,,,,,,
7034.KL,,,,,,,,,,,,,,,,,,,,,,,,,,
9312.T,,,,,,,,,,,,,,,,,,,,,,,,,,
ESSA.JK,,,,,,,,,,,,,,,,,,,,,,,,,,
ASIAN.BK,,,,,,,,,,,,,,,,,,,,,,,,,,
045060.KQ,,,,,,,,,,,,,,,,,,,,,,,,,,
ASTH,2025.0,5.0,0.8468450279325513,Health Care Capitation Revenue,0.9190689204653136,2.0,,,,,,,,,,,,,,,Health Care Capitation Revenue,0.5749077033689953,0.9190689204653136,0.0064375639916143,,0.5638763553432224
JBSS,2015.0,4.0,0.4286038611763682,Consumer Distribution Channel,0.5963133069219888,4.0,,,,,,,,,,,,,,,Contract Packaging Distribution Channel,0.1699261146496815,0.1293881622325287,0.0033642379149523,0.0448178221152276,0.1395067182792164
2293.HK,,,,,,,,,,,,,,,,,,,,,,,,,,
FUJHF,,,,,,,,,,,,,,,,,,,,,,,,,,
8040.T,,,,,,,,,,,,,,,,,,,,,,,,,,
1317.HK,,,,,,,,,,,,,,,,,,,,,,,,,,
3060.SR,,,,,,,,,,,,,,,,,,,,,,,,,,
1770.T,,,,,,,,,,,,,,,,,,,,,,,,,,
TVRB.PA,,,,,,,,,,,,,,,,,,,,,,,,,,
065680.KQ,,,,,,,,,,,,,,,,,,,,,,,,,,
FXCNY,,,,,,,,,,,,,,,,,,,,,,,,,,
WEIZMANIND.NS,,,,,,,,,,,,,,,,,,,,,,,,,,
CALN.SW,,,,,,,,,,,,,,,,,,,,,,,,,,
GENCO.BK,,,,,,,,,,,,,,,,,,,,,,,,,,
7F7.F,,,,,,,,,,,,,,,,,,,,,,,,,,
4506.TWO,,,,,,,,,,,,,,,,,,,,,,,,,,
LHK.BK,,,,,,,,,,,,,,,,,,,,,,,,,,
UTHR,2025.0,6.0,0.4052465766325029,Tyvaso,0.5901278788450058,15.0,2025.0,2.0,0.9126339036732096,UNITED STATES,0.9542212586797372,15.0,UNITED STATES,0.1085155308975436,0.9542212586797372,0.0020769617450044,,0.1061027316327238,0.0,0.0,Tyvaso,0.1590965193779314,0.5901278788450058,0.0269805931009313,0.0942256452414817,0.1061027316327238
094840.KQ,,,,,,,,,,,,,,,,,,,,,,,,,,
HLLY,2021.0,5.0,0.3037702704973104,Electronic Systems,0.4683891248717249,1.0,2025.0,2.0,0.9507015484616052,UNITED STATES,0.9747112535329268,2.0,UNITED STATES,-0.1134069987590642,0.9747112535329268,0.0012048372534306,,-0.114502913341618,0.0,0.0,,,,,,
WDAY,2026.0,2.0,0.8607874178612211,Subscription Services,0.9247278056951423,11.0,2026.0,2.0,0.6262594378929824,UNITED STATES,0.7512562814070352,13.0,UNITED STATES,0.1332912192040429,0.7512562814070352,0.0015522795126472,0.0046777761110091,0.1309495619228036,0.0,0.0,Subscription Services,0.1444674786214044,0.9247278056951423,0.0109224540493928,0.0784150579920208,0.1309495619228036
BBY,2026.0,6.0,0.3202563218227709,Computing and Mobile Phones,0.472859849847689,8.0,2026.0,2.0,0.8496751090138779,Domestic Segment,0.9181358086877264,15.0,International Segment,0.0373860182370819,0.0818641913122736,0.0026405349840131,0.0181699692105959,0.0039250626083606,0.0,0.0,Entertainment,0.0632737276478678,0.0741646878223117,0.0041396444780621,0.0581956453352836,0.0039250626083606
LYSFF,,,,,,,,,,,,,,,,,,,,,,,,,,
NDR.BK,,,,,,,,,,,,,,,,,,,,,,,,,,
4768.T,,,,,,,,,,,,,,,,,,,,,,,,,,
TMW-R.BK,,,,,,,,,,,,,,,,,,,,,,,,,,
010240.KQ,,,,,,,,,,,,,,,,,,,,,,,,,,
11C.SG,,,,,,,,,,,,,,,,,,,,,,,,,,
1RQ.F,,,,,,,,,,,,,,,,,,,,,,,,,,
S11.BK,,,,,,,,,,,,,,,,,,,,,,,,,,
LUPIN.NS,,,,,,,,,,,,,,,,,,,,,,,,,,
108675.KS,,,,,,,,,,,,,,,,,,,,,,,,,,
0387.HK,,,,,,,,,,,,,,,,,,,,,,,,,,
GESHIP.NS,,,,,,,,,,,,,,,,,,,,,,,,,,
SOTGY,,,,,,,,,,,,,,,,,,,,,,,,,,
9823.T,,,,,,,,,,,,,,,,,,,,,,,,,,
3388.T,,,,,,,,,,,,,,,,,,,,,,,,,,
MRDN,,,,,,,2025.0,4.0,0.2650102076324336,Africa,0.341707739006731,1.0,,,,,,,0.5377757674441064,0.0,,,,,,
MAPI.JK,,,,,,,,,,,,,,,,,,,,,,,,,,
CCP.BK,,,,,,,,,,,,,,,,,,,,,,,,,,
KREATE.HE,,,,,,,,,,,,,,,,,,,,,,,,,,
090435.KS,,,,,,,,,,,,,,,,,,,,,,,,,,
APH,2025.0,3.0,0.3862542180134472,Communications Solutions,0.5201594620721515,16.0,2025.0,3.0,0.3900312516750197,Other Foreign Locations,0.495087617505315,16.0,Other Foreign Locations,0.7455003434852301,0.495087617505315,0.0647763061085194,0.2757771162768227,0.5171224552806006,0.0,0.0,Communications Solutions,0.9073655812786248,0.5201594620721515,0.1060196226458516,0.2880770593701822,0.5186036843609529
6392.T,,,,,,,,,,,,,,,,,,,,,,,,,,
119500.KQ,,,,,,,,,,,,,,,,,,,,,,,,,,
0K2P.IL,,,,,,,,,,,,,,,,,,,,,,,,,,
CORDSCABLE.NS,,,,,,,,,,,,,,,,,,,,,,,,,,
XTC.TO,,,,,,,,,,,,,,,,,,,,,,,,,,
6830.HK,,,,,,,,,,,,,,,,,,,,,,,,,,
BELA.AT,,,,,,,,,,,,,,,,,,,,,,,,,,
8198.T,,,,,,,,,,,,,,,,,,,,,,,,,,
SESHAPAPER.NS,,,,,,,,,,,,,,,,,,,,,,,,,,
KGGNF,,,,,,,,,,,,,,,,,,,,,,,,,,
6877.T,,,,,,,,,,,,,,,,,,,,,,,,,,
ASH.AX,,,,,,,,,,,,,,,,,,,,,,,,,,
COALINDIA.NS,,,,,,,,,,,,,,,,,,,,,,,,,,
SUP.L,,,,,,,,,,,,,,,,,,,,,,,,,,
ARA.MX,,,,,,,,,,,,,,,,,,,,,,,,,,
3332.HK,,,,,,,,,,,,,,,,,,,,,,,,,,
VRSK,2025.0,1.0,1.0,Insurance,1.0,14.0,2025.0,3.0,0.69001086056874,UNITED STATES,0.8208741497705601,8.0,UNITED KINGDOM,0.1665111940298507,0.0813942135581085,0.0069936860916824,0.0492298620190485,0.0662803206440643,0.0,0.0,Insurance,-0.2435368011937397,1.0,0.0,,-0.2435368011937397
EGL.AX,,,,,,,,,,,,,,,,,,,,,,,,,,
SSW.JO,,,,,,,,,,,,,,,,,,,,,,,,,,
6091.T,,,,,,,,,,,,,,,,,,,,,,,,,,
1817.TW,,,,,,,,,,,,,,,,,,,,,,,,,,
6850.T,,,,,,,,,,,,,,,,,,,,,,,,,,
TPBI.BK,,,,,,,,,,,,,,,,,,,,,,,,,,
VCOM.BK,,,,,,,,,,,,,,,,,,,,,,,,,,
5070.KL,,,,,,,,,,,,,,,,,,,,,,,,,,
SKB.DE,,,,,,,,,,,,,,,,,,,,,,,,,,
001260.KS,,,,,,,,,,,,,,,,,,,,,,,,,,
ACCELSAB.MX,,,,,,,,,,,,,,,,,,,,,,,,,,
6857.T,,,,,,,,,,,,,,,,,,,,,,,,,,
8416.TWO,,,,,,,,,,,,,,,,,,,,,,,,,,
1285.HK,,,,,,,,,,,,,,,,,,,,,,,,,,
7525.T,,,,,,,,,,,,,,,,,,,,,,,,,,
FENG,2025.0,2.0,0.8267754613143743,Paid Services Revenues From Paid Contents,0.9042124820650485,12.0,,,,,,,,,,,,,,,Paid Services Revenues From Paid Contents,1.936273457293769,0.9042124820650485,0.2671288352556646,1.195116488173476,1.0688188222419803
ARCO,2025.0,4.0,0.4984621224399835,Franchise,0.5,9.0,2025.0,3.0,0.339605880955544,BRAZIL,0.3784102162791756,13.0,BRAZIL,0.0011253676530882,0.3784102162791756,-0.0171707492428792,,0.0465524515666322,1.0,0.0,"Franchise, Rental Income",0.0475690283510619,0.498458339981791,1.919616671441915e-05,2.017150491828712e-05,0.0475286853412253
CAG,2026.0,4.0,0.352620144709058,Refrigerated And Frozen,0.4114487306764998,16.0,2026.0,1.0,1.0,International,1.0,1.0,,,,,,,0.0,0.0,Foodservice,0.0192746871288937,0.0989044107218834,0.0046377394625833,0.0311946159956703,-0.0285202535133645
NFG,2025.0,2.0,0.5490526445364359,Utility,0.6566088192542743,14.0,2025.0,1.0,1.0,NEW YORK,1.0,4.0,,,,,,9549.0,0.0,0.0,Utility,0.1724599275555594,0.6566088192542743,0.3553800811405855,0.067791241491029,-0.4621171478209185
MF6.SI,,,,,,,,,,,,,,,,,,,,,,,,,,
003000.KS,,,,,,,,,,,,,,,,,,,,,,,,,,
BALMLAWRIE.NS,,,,,,,,,,,,,,,,,,,,,,,,,,
SMGBF,,,,,,,,,,,,,,,,,,,,,,,,,,
4767.TWO,,,,,,,,,,,,,,,,,,,,,,,,,,
035760.KQ,,,,,,,,,,,,,,,,,,,,,,,,,,
LATIMMETAL.BO,,,,,,,,,,,,,,,,,,,,,,,,,,
MCHVF,,,,,,,,,,,,,,,,,,,,,,,,,,
008420.KS,,,,,,,,,,,,,,,,,,,,,,,,,,
8049.TWO,,,,,,,,,,,,,,,,,,,,,,,,,,
5971.T,,,,,,,,,,,,,,,,,,,,,,,,,,
064350.KS,,,,,,,,,,,,,,,,,,,,,,,,,,
8014.T,,,,,,,,,,,,,,,,,,,,,,,,,,
NTG.CO,,,,,,,,,,,,,,,,,,,,,,,,,,
PJAA.JK,,,,,,,,,,,,,,,,,,,,,,,,,,
001080.KS,,,,,,,,,,,,,,,,,,,,,,,,,,
SHVLF,,,,,,,,,,,,,,,,,,,,,,,,,,
5533.KL,,,,,,,,,,,,,,,,,,,,,,,,,,
BR.BK,,,,,,,,,,,,,,,,,,,,,,,,,,
3WB.SG,,,,,,,,,,,,,,,,,,,,,,,,,,
RPH.BK,,,,,,,,,,,,,,,,,,,,,,,,,,
2427.TW,,,,,,,,,,,,,,,,,,,,,,,,,,
7014.T,,,,,,,,,,,,,,,,,,,,,,,,,,
IXX.DE,,,,,,,,,,,,,,,,,,,,,,,,,,
ESOA,2025.0,3.0,0.3865102613270866,"Electrical, Mechanical, and General",0.4789286166204607,7.0,,,,,,,,,,,,,,,Gas and Water Distribution,0.8146526082077374,0.3639280226930045,0.129680738669404,0.4333502500168201,0.1680261436684806
NFLX,2025.0,1.0,1.0,Streaming,1.0,14.0,2025.0,4.0,0.3263903898388802,United States And Canada,0.4416956841943954,7.0,Asia Pacific,0.2126896994753491,0.1184895366482234,0.005293725036788,0.0381897398255639,0.1585106891967753,0.1185737275379193,0.0,Streaming,0.1585106891967753,1.0,0.0,,0.1585106891967753
139670.KQ,,,,,,,,,,,,,,,,,,,,,,,,,,
P8X.F,,,,,,,,,,,,,,,,,,,,,,,,,,
2199.HK,,,,,,,,,,,,,,,,,,,,,,,,,,
1357.HK,,,,,,,,,,,,,,,,,,,,,,,,,,
BMTR.JK,,,,,,,,,,,,,,,,,,,,,,,,,,
6718.T,,,,,,,,,,,,,,,,,,,,,,,,,,
ECEL.L,,,,,,,,,,,,,,,,,,,,,,,,,,
INDOUS.BO,,,,,,,,,,,,,,,,,,,,,,,,,,
GRMN,2025.0,5.0,0.239810884338571,Fitness,0.3253045088971542,11.0,2025.0,3.0,0.3914171769695736,Americas,0.4766995987451002,7.0,EMEA,0.1820670802954327,0.3783828322029105,0.0100573236155938,0.0277751351610614,0.1506480249100232,0.0,0.0,Fitness,0.3282712130322736,0.3253045088971542,0.0435013748803208,0.0983704036927969,0.1506480249100232
BMT.L,,,,,,,,,,,,,,,,,,,,,,,,,,
GFM.L,,,,,,,,,,,,,,,,,,,,,,,,,,
UTG.ST,,,,,,,,,,,,,,,,,,,,,,,,,,
RGR,2025.0,2.0,0.9905842001893068,Firearms Member,0.9952697245891912,13.0,,,,,,,,,,,,,,,Firearms Member,0.0050448824401845,0.9952697245891912,0.000825412963072,,0.0042113625872846
NSIT,2025.0,3.0,0.4116182285983895,Hardware Net Sales,0.561418205980711,13.0,2025.0,3.0,0.678894784011095,North America Segment,0.806886353880963,15.0,E M E A Segment,-0.0416866735450255,0.1643165300138956,0.0018083620678235,0.007510087527729,-0.0522332537856404,0.0,0.0,Service,0.0178605955429764,0.2080919781064557,0.0143300249796062,0.1113461408711246,-0.0522332537856404
1368.HK,,,,,,,,,,,,,,,,,,,,,,,,,,
CERT,2025.0,1.0,1.0,Reportable Segment,1.0,2.0,2025.0,3.0,0.540452287028714,Americas,0.6962142881018437,4.0,EMEA,0.4571869051551906,0.2211571060887503,0.0417600913824114,0.1492141359772746,0.1820329234598701,0.0,0.0,Reportable Segment,0.087472867572985,1.0,0.0,,0.087472867572985
PERF.AT,,,,,,,,,,,,,,,,,,,,,,,,,,
ALTG,2025.0,3.0,0.3455867172092913,Parts Sales,0.4,6.0,,,,,,,,,,,,,,,Service,0.0114263199369581,0.3528522336769759,0.0151726168595198,0.0554658328293359,-0.032064928153273
INDNIPPON.NS,,,,,,,,,,,,,,,,,,,,,,,,,,
N09.F,,,,,,,,,,,,,,,,,,,,,,,,,,
SBHMY,,,,,,,,,,,,,,,,,,,,,,,,,,
5009.KL,,,,,,,,,,,,,,,,,,,,,,,,,,
PAHC,2026.0,1.0,1.0,Vaccines,1.0,13.0,2026.0,4.0,0.4049943382999846,UNITED STATES,0.5777821253375123,13.0,UNITED STATES,0.1854365139968024,0.5777821253375123,0.00695166897032,0.0172638259407798,0.1711737636117465,0.22440522418587,0.0,Vaccines,0.1404708610092377,1.0,0.0,,0.1404708610092377
GOODRICKE.BO,,,,,,,,,,,,,,,,,,,,,,,,,,
4246.T,,,,,,,,,,,,,,,,,,,,,,,,,,
053260.KQ,,,,,,,,,,,,,,,,,,,,,,,,,,
LIMAF,,,,,,,,,,,,,,,,,,,,,,,,,,
GXH.NZ,,,,,,,,,,,,,,,,,,,,,,,,,,
LOGI,2026.0,8.0,0.1857638000205633,Retail Gaming,0.2921453878842603,15.0,2026.0,3.0,0.3415943280053098,Americas,0.4039015766322691,14.0,Asia Pacific,0.1531544416192574,0.2781597769441623,0.0218048624564676,0.0667464093444135,0.062759006783903,0.0,0.0,Retail Tablet And Other Accessories,0.1223509381050944,0.0694496175291446,0.0036874712690731,0.0296203665823398,0.062759006783903
SWDHF,,,,,,,,,,,,,,,,,,,,,,,,,,
BNED,2026.0,3.0,0.5755339595948562,Course Materials Product,0.721583517913019,9.0,,,,,,,,,,,,,,,Course Materials Product,0.1051087858899453,0.721583517913019,0.023507665953846,0.0857942361671038,0.0691066772823416
MIKO.BR,,,,,,,,,,,,,,,,,,,,,,,,,,
HAIIF,,,,,,,,,,,,,,,,,,,,,,,,,,
GBG.L,,,,,,,,,,,,,,,,,,,,,,,,,,
1975.HK,,,,,,,,,,,,,,,,,,,,,,,,,,
WDOFF,,,,,,,,,,,,,,,,,,,,,,,,,,
CGVAK.BO,,,,,,,,,,,,,,,,,,,,,,,,,,
1958.HK,,,,,,,,,,,,,,,,,,,,,,,,,,
3393.T,,,,,,,,,,,,,,,,,,,,,,,,,,
CRK,2025.0,3.0,0.499198850530475,Natural gas and Oil Sales,0.5,7.0,,,,,,,,,,,,,,,"Natural Gas, Production",0.3659125613333256,0.4991975627192961,0.0009145356916498,0.0012511837820355,0.3634101937692544
2751.T,,,,,,,,,,,,,,,,,,,,,,,,,,
6518.T,,,,,,,,,,,,,,,,,,,,,,,,,,
005180.KS,,,,,,,,,,,,,,,,,,,,,,,,,,
JVA,,,,,,,,,,,,,,,,,,,,,,,,,,
BOL.BK,,,,,,,,,,,,,,,,,,,,,,,,,,
POLYSPIN.BO,,,,,,,,,,,,,,,,,,,,,,,,,,
3607.T,,,,,,,,,,,,,,,,,,,,,,,,,,
BVN,2025.0,8.0,0.3558094138287219,Corporates,0.5232752122266181,8.0,2025.0,4.0,0.5998134228540449,Asia,0.759505238624972,8.0,Europe,0.8565462303344853,0.125885828853255,0.0502398538659841,0.4336445992600101,0.115616038611507,0.0407157691705757,0.0,,,,,,1.6368368403046931
NAHARPOLY.NS,,,,,,,,,,,,,,,,,,,,,,,,,,
AGXKF,,,,,,,,,,,,,,,,,,,,,,,,,,
200020.SZ,,,,,,,,,,,,,,,,,,,,,,,,,,
2325.T,,,,,,,,,,,,,,,,,,,,,,,,,,
7989.T,,,,,,,,,,,,,,,,,,,,,,,,,,
MHH,2025.0,2.0,0.7127125270080983,IT staffing services,0.826123080299523,9.0,2025.0,3.0,0.9784008437420209,UNITED STATES,0.9891049323042675,9.0,UNITED STATES,-0.0315622521808088,0.9891049323042675,0.006637592412942,,-0.0380611531946336,0.0079897163102037,0.0,IT staffing services,-0.0260106704124003,0.826123080299523,0.0102210380060017,0.0327284531897042,-0.0380611531946336
MYPS,2025.0,3.0,0.6866052266988905,Virtual Currency,0.8054845446773035,2.0,2025.0,2.0,0.7248777151940224,UNITED STATES,0.8353190385245239,5.0,Non-US,-0.1443032379268427,0.1646809614754761,0.008355921482939,0.0257315347239618,-0.1877213409851811,0.0,0.0,Virtual Currency,-0.1728206315440023,0.8054845446773035,0.0145099015005658,0.0339362131247877,-0.1877213409851811
2355.HK,,,,,,,,,,,,,,,,,,,,,,,,,,
6086.T,,,,,,,,,,,,,,,,,,,,,,,,,,
SEB,2025.0,5.0,0.493651310859601,Product,0.6719772648983809,15.0,2025.0,7.0,0.3213889724931588,Caribbean Central And South America,0.4508516314385389,14.0,Caribbean Central And South America,0.1269556296486278,0.4508516314385389,0.0223900929770004,0.046461648371446,0.070989010989011,0.7115739790683357,0.0,Service,0.1581805838424983,0.1469169824319669,0.0099319549977625,0.0475214952765996,0.079884683344183
BCN.AX,,,,,,,,,,,,,,,,,,,,,,,,,,
AIT.BK,,,,,,,,,,,,,,,,,,,,,,,,,,
ASAP.BK,,,,,,,,,,,,,,,,,,,,,,,,,,
262840.KQ,,,,,,,,,,,,,,,,,,,,,,,,,,
BTX.SI,,,,,,,,,,,,,,,,,,,,,,,,,,
RNBDENIMS.BO,,,,,,,,,,,,,,,,,,,,,,,,,,
LINK.IS,,,,,,,,,,,,,,,,,,,,,,,,,,
LEVE3.SA,,,,,,,,,,,,,,,,,,,,,,,,,,
600004.SS,,,,,,,,,,,,,,,,,,,,,,,,,,
WGX.AX,,,,,,,,,,,,,,,,,,,,,,,,,,
6445.T,,,,,,,,,,,,,,,,,,,,,,,,,,
ALTO,2022.0,1.0,1.0,Corporate and Other,1.0,1.0,,,,,,,,,,,,,,,,,,,,
3917.T,,,,,,,,,,,,,,,,,,,,,,,,,,
Q01.SI,,,,,,,,,,,,,,,,,,,,,,,,,,
TPC,2025.0,3.0,0.4049452732952558,Civil,0.5224280302952758,14.0,2025.0,2.0,0.8389098098948207,UNITED STATES,0.9116490069797452,14.0,UNITED STATES,0.349881581977167,0.9116490069797452,0.0464801872043946,0.2552204942473887,0.2810582210633794,0.0,0.0,Civil,0.4452203517491893,0.5224280302952758,0.0327143261887539,0.1078685501058516,0.3547209771749988
1531.TW,,,,,,,,,,,,,,,,,,,,,,,,,,
1450.T,,,,,,,,,,,,,,,,,,,,,,,,,,
K.TO,,,,,,,2023.0,4.0,0.2724009953284101,United States,0.3212255584121518,2.0,Chile,1.8725490196078431,0.1243955940278793,0.0712567557887545,0.75184625507301,0.2270845995774362,0.3955468547302875,0.0,,,,,,
300450.SZ,,,,,,,,,,,,,,,,,,,,,,,,,,
PMV.AX,,,,,,,,,,,,,,,,,,,,,,,,,,
7072.T,,,,,,,,,,,,,,,,,,,,,,,,,,
EPSN,2025.0,3.0,0.4401698321401857,Natural Gas,0.5870230090305135,7.0,,,,,,,,,,,,,,,Natural Gas,1.699913073049419,0.5870230090305135,0.2279759165363247,0.7552496519729401,0.6513763923264804
USIM3.SA,,,,,,,,,,,,,,,,,,,,,,,,,,
SMJ.L,,,,,,,,,,,,,,,,,,,,,,,,,,
4681.T,,,,,,,,,,,,,,,,,,,,,,,,,,
CAKE,2025.0,4.0,0.5403805945426573,The Cheesecake Factory,0.7166673863200815,15.0,2021.0,1.0,1.0,Other,1.0,1.0,,,,,,,0.0,0.0,Other FRC,0.1836556444165897,0.0946370894443902,0.0108866123663331,0.0659456217770338,0.0474933823305643
SSRGF,,,,,,,,,,,,,,,,,,,,,,,,,,
090850.KQ,,,,,,,,,,,,,,,,,,,,,,,,,,
DLB,2025.0,6.0,0.2051565827247203,"Licensing, Brodcast Revenue",0.3175905954207526,7.0,2025.0,2.0,0.5346486280668216,Non-US,0.6316218600134902,13.0,UNITED STATES,0.103772223024219,0.3683781399865098,0.0148745077153923,0.0344692732110952,0.0592037031657639,0.0,0.0,"Licensing, Mobile Revenue",0.1390908242639137,0.1990675472341435,0.0139610757227214,0.0724570174399402,0.0592037031657639
6138.T,,,,,,,,,,,,,,,,,,,,,,,,,,
ERO.TO,,,,,,,,,,,,,,,,,,,,,,,,,,
TAPG.JK,,,,,,,,,,,,,,,,,,,,,,,,,,
065650.KQ,,,,,,,,,,,,,,,,,,,,,,,,,,
MPSLTD.NS,,,,,,,,,,,,,,,,,,,,,,,,,,
TZOO,2025.0,1.0,1.0,JFC Travel Group Co.,1.0,6.0,2025.0,1.0,1.0,UNITED STATES,1.0,14.0,UNITED STATES,0.1178016291714671,1.0,0.2183742791689706,,-0.1262974958527529,0.0,0.0,JFC Travel Group Co.,0.1701315231226134,1.0,0.0,,0.1701315231226134
AGS.SI,,,,,,,,,,,,,,,,,,,,,,,,,,
1163.HK,,,,,,,,,,,,,,,,,,,,,,,,,,
SMEBF,,,,,,,,,,,,,,,,,,,,,,,,,,
LSC.L,,,,,,,,,,,,,,,,,,,,,,,,,,
7685.T,,,,,,,,,,,,,,,,,,,,,,,,,,
206640.KQ,,,,,,,,,,,,,,,,,,,,,,,,,,
1257.HK,,,,,,,,,,,,,,,,,,,,,,,,,,
NOW,2025.0,2.0,0.9422730290942384,License and Service,0.9702515439072148,8.0,2025.0,3.0,0.4741632814589947,North America,0.6287091429432143,13.0,Asia Pacific And Other,0.2312651087832393,0.1150775719234824,0.0020950518943491,0.0130863739155815,0.2088492352512745,0.0,0.0,,,,,,0.2088492352512745
TFCO4.SA,,,,,,,,,,,,,,,,,,,,,,,,,,
TREX,,,,,,,,,,,,,,,,,,,,,,,,,,
MYG.AX,,,,,,,,,,,,,,,,,,,,,,,,,,
PRINCEPIPE.NS,,,,,,,,,,,,,,,,,,,,,,,,,,
IDWM,,,,,,,,,,,,,,,,,,,,,,,,,,
ACA,2025.0,3.0,0.3944439128374997,Construction Products,0.4543941180550738,8.0,2025.0,2.0,0.9432536407388032,UNITED STATES,0.9707725781833534,8.0,UNITED STATES,0.1480528458406944,0.9707725781833534,0.0047205617102334,,0.1424702259488739,0.0,0.0,Construction Products,0.1855940638856212,0.4543941180550738,0.0471341217403511,0.1120656580167218,0.0626128616178367
HWKN,2026.0,6.0,0.2292154293051167,Nutrition,0.3228754744177122,14.0,,,,,,,,,,,,,,,Other,0.0351643300390713,0.031616927879148,-0.088063996340354,0.0168426741225644,2.9184522990877
MNRO,2026.0,7.0,0.3255297739067891,Tires,0.4756839063374975,8.0,,,,,,,,,,,,,,,Steering,0.0022384380238635,0.0878319287645094,0.0029937161812482,0.0185642980458527,-0.0319224584927727
SHIVATEX.NS,,,,,,,,,,,,,,,,,,,,,,,,,,
066360.KQ,,,,,,,,,,,,,,,,,,,,,,,,,,
6292.T,,,,,,,,,,,,,,,,,,,,,,,,,,
GUL.AX,,,,,,,,,,,,,,,,,,,,,,,,,,
123330.KQ,,,,,,,,,,,,,,,,,,,,,,,,,,
EIDPARRY.NS,,,,,,,,,,,,,,,,,,,,,,,,,,
AVX.SI,,,,,,,,,,,,,,,,,,,,,,,,,,
DDI,2023.0,2.0,0.6277246180318787,Mobile,0.7527099305843349,4.0,2025.0,3.0,0.3404346955457746,Other International Countries,0.3987455795022352,6.0,CANADA,-0.0235810534912208,0.3191098952425435,-0.1184361663515784,0.0136412779000119,0.3388123366907116,0.0,0.0,Web,-0.034545960157751,0.2472900694156651,0.0008559688571451,0.0022173367679508,-0.037887778909562
149980.KQ,,,,,,,,,,,,,,,,,,,,,,,,,,
2636.TW,,,,,,,,,,,,,,,,,,,,,,,,,,
AFG.OL,,,,,,,,,,,,,,,,,,,,,,,,,,
SSF.BK,,,,,,,,,,,,,,,,,,,,,,,,,,
KIAT.BK,,,,,,,,,,,,,,,,,,,,,,,,,,
KEQU,2026.0,1.0,1.0,International Operations Segment,1.0,13.0,2026.0,1.0,1.0,Non-US,1.0,1.0,,,,,,,0.0,0.0,,,,,,-0.7209113742972155
KELLTONTEC.NS,,,,,,,,,,,,,,,,,,,,,,,,,,
LEFUF,,,,,,,,,,,,,,,,,,,,,,,,,,
RAD.NZ,,,,,,,,,,,,,,,,,,,,,,,,,,
WUF1V.HE,,,,,,,,,,,,,,,,,,,,,,,,,,
A9U.SG,,,,,,,,,,,,,,,,,,,,,,,,,,
9127.T,,,,,,,,,,,,,,,,,,,,,,,,,,
049630.KQ,,,,,,,,,,,,,,,,,,,,,,,,,,
5922.T,,,,,,,,,,,,,,,,,,,,,,,,,,
TSC.BK,,,,,,,,,,,,,,,,,,,,,,,,,,
IESC,2025.0,4.0,0.302118628032772,Residential,0.3868845855870499,14.0,,,,,,,,,,,,,,,Communications,0.4689996059108225,0.3383214670879272,0.0691197937866241,0.2128803052562098,0.1688798685877413
ALMDG.PA,,,,,,,,,,,,,,,,,,,,,,,,,,
CUE.AX,,,,,,,,,,,,,,,,,,,,,,,,,,
0639.HK,,,,,,,,,,,,,,,,,,,,,,,,,,
002956.SZ,,,,,,,,,,,,,,,,,,,,,,,,,,
GGG,2025.0,3.0,0.4339429359020676,Contractor,0.4792435317114697,14.0,2025.0,2.0,0.501063647287563,UNITED STATES,0.5230613018665798,14.0,Non-US,0.1062469925498199,0.4769386981334201,0.0206548295591037,0.0440563935355893,0.0583386488343438,0.0,0.0,Industrial,0.6086648495206188,0.4456819356488676,0.1524683320041689,0.5236689977885938,0.0583386488343438
7547.TWO,,,,,,,,,,,,,,,,,,,,,,,,,,
GHCL.NS,,,,,,,,,,,,,,,,,,,,,,,,,,
VEDAVAAG.BO,,,,,,,,,,,,,,,,,,,,,,,,,,
3999.HK,,,,,,,,,,,,,,,,,,,,,,,,,,
7719.T,,,,,,,,,,,,,,,,,,,,,,,,,,
S66.AX,,,,,,,,,,,,,,,,,,,,,,,,,,
CBZ,2025.0,3.0,0.7186899953167967,Financial Services,0.8344704533118491,14.0,2025.0,2.0,0.998684690725391,UNITED STATES,0.9993419122832524,14.0,UNITED STATES,0.5218133821578224,0.9993419122832524,0.0006427319264562,,0.520834619999647,0.0,0.0,Financial Services,0.6890980735230332,0.8344704533118491,0.0831277251087116,0.3338458291654184,0.520834619999647
6995.T,,,,,,,,,,,,,,,,,,,,,,,,,,
UPF.BK,,,,,,,,,,,,,,,,,,,,,,,,,,
MZTI,2026.0,2.0,0.5007696599735495,Retail Segment,0.5196170840538226,13.0,,,,,,,,,,,,,,,Foodservice,0.0235626517450893,0.4803829159461774,0.0059695468686642,0.0121002386987202,0.0108432043630528
HTCO,,,,,,,,,,,,,,,,,,,,,,,,,,
WEX,2025.0,4.0,0.3047886602404424,Payment Processing Revenue,0.4294948887552616,15.0,2025.0,2.0,0.7855438040529767,UNITED STATES,0.8778516931634532,15.0,UNITED STATES,0.0201790784013977,0.8778516931634532,0.0067231641321771,0.0303139265641473,0.0123658777870785,0.0,0.0,Finance Fee Revenue,0.0774647887323942,0.1207531569452796,0.0072914721419922,0.0508107805810435,0.0124039266418081
4173.TWO,,,,,,,,,,,,,,,,,,,,,,,,,,
JYNT,2025.0,5.0,0.4190767988938593,Royalty,0.6048552131471685,10.0,,,,,,,,,,,,,,,Advertising,0.1384489211169026,0.1903847033838345,0.0134891049145319,0.0436181550118283,0.0577877300451541
3150.T,,,,,,,,,,,,,,,,,,,,,,,,,,
PRTH,2025.0,4.0,0.5900334203447827,"Credit Card, Merchant Discount",0.7459688208610832,8.0,,,,,,,,,,,,,,,Money Transmissions Services,0.2232195691768557,0.1670173104346339,0.0191001748591776,0.0780392892823237,0.0833316282104621
TWD.AX,,,,,,,,,,,,,,,,,,,,,,,,,,
044380.KS,,,,,,,,,,,,,,,,,,,,,,,,,,
7820.T,,,,,,,,,,,,,,,,,,,,,,,,,,
LTLS.JK,,,,,,,,,,,,,,,,,,,,,,,,,,
002763.SZ,,,,,,,,,,,,,,,,,,,,,,,,,,
PZS.DE,,,,,,,,,,,,,,,,,,,,,,,,,,
ET,2024.0,6.0,0.2412520339996289,Oil and Gas,0.3068548826069601,14.0,2012.0,2.0,0.702550602181939,UNITED STATES,0.8182378058794547,1.0,,,,,,,0.0,0.0,NGL sales,0.1972801905120009,0.2310967570248333,0.0280453229271569,0.0905171963846409,0.0519812689283079
AOS,2025.0,1.0,1.0,Reportable Segments,1.0,1.0,2025.0,2.0,0.567566653613018,North America Segment,0.6838024124066628,15.0,North America Segment,0.0176399735788941,0.6838024124066628,0.0097236821481573,0.0221999289302378,0.0031691155286661,0.0,0.0,,,,,,
GOGO,2025.0,2.0,0.7457319204352899,Service,0.850522410435688,13.0,2025.0,2.0,0.612568360869179,UNITED STATES,0.737242872252444,2.0,UNITED STATES,0.6892179930795848,0.737242872252444,-0.1563189850519954,,1.0473860434576316,0.0,0.0,Service,1.1258764103549566,0.850522410435688,0.0314024915673943,0.2169679668602441,1.0473860434576316
PHL.NZ,,,,,,,,,,,,,,,,,,,,,,,,,,
IOC.NS,,,,,,,,,,,,,,,,,,,,,,,,,,
4019.T,,,,,,,,,,,,,,,,,,,,,,,,,,
DKS,2025.0,4.0,0.3274460869173518,Footwear,0.4001138535355589,15.0,,,,,,,,,,,,,,,Footwear,0.7989031078610602,0.4001138535355589,0.1152773611381416,0.3457926262205577,0.2806186211205999
LYFT,,,,,,,2025.0,2.0,0.9222128668995242,UNITED STATES,0.9594632014098214,1.0,,,,,,,0.0,0.0,,,,,,
YDDL,,,,,,,2025.0,2.0,0.9997007257414798,CHINA,0.9998503404727658,1.0,,,,,,,1.0,0.9998503404727658,,,,,,
FIS,2025.0,2.0,0.5761024754167589,Banking Solutions,0.695067264573991,14.0,2025.0,2.0,0.6544944794760983,North America,0.7779338765570853,8.0,North America,0.0582239775767614,0.7779338765570853,0.0028770976492152,0.0086993461193728,0.0543102597017872,0.0,0.0,Capital Market Solutions,0.07284323598523,0.3049327354260089,0.0031396040310135,0.0079103005230851,0.0617971836693345
9633.T,,,,,,,,,,,,,,,,,,,,,,,,,,
241840.KQ,,,,,,,,,,,,,,,,,,,,,,,,,,
KUH.SI,,,,,,,,,,,,,,,,,,,,,,,,,,
LAHOTIOV.BO,,,,,,,,,,,,,,,,,,,,,,,,,,
UVAN.BK,,,,,,,,,,,,,,,,,,,,,,,,,,
LNR.TO,,,,,,,,,,,,,,,,,,,,,,,,,,
KHAITANLTD.NS,,,,,,,,,,,,,,,,,,,,,,,,,,
4659.T,,,,,,,,,,,,,,,,,,,,,,,,,,
226400.KQ,,,,,,,,,,,,,,,,,,,,,,,,,,
3923.T,,,,,,,,,,,,,,,,,,,,,,,,,,
WMS,2025.0,3.0,0.400880325504785,Pipe Segment,0.5443520633683302,6.0,2026.0,3.0,0.8796803832545308,UNITED STATES,0.936787137061136,12.0,UNITED STATES,0.0545974243573348,0.936787137061136,0.0038028330509716,,0.050316347277864,0.0,0.0,Infiltrator Water Technologies Segment,0.1223109879601533,0.2084121737944968,0.0188328351146176,0.0581389878166839,0.0208951378264732
0175.HK,,,,,,,,,,,,,,,,,,,,,,,,,,
SAGARSOFT.BO,,,,,,,,,,,,,,,,,,,,,,,,,,
RBKB,,,,,,,,,,,,,,,,,,,,,,,,,,
AMSC,2025.0,2.0,0.662515624312876,Grid,0.7850575593743095,15.0,2017.0,9.0,0.2294568193235422,UNITED STATES,0.3577257607999504,7.0,UNITED STATES,0.0672460552268243,0.3577257607999504,0.141966734268931,0.3185122374138862,-0.3563002859232661,0.3664442286635126,0.0140280561122244,Wind,0.3386879352954393,0.2149424406256904,0.0416624421829135,0.1569327036236093,0.0792091253272602
MNTHF,,,,,,,,,,,,,,,,,,,,,,,,,,
100700.KQ,,,,,,,,,,,,,,,,,,,,,,,,,,
058860.KS,,,,,,,,,,,,,,,,,,,,,,,,,,
4015.T,,,,,,,,,,,,,,,,,,,,,,,,,,
DM0.SI,,,,,,,,,,,,,,,,,,,,,,,,,,
ALUCON.BK,,,,,,,,,,,,,,,,,,,,,,,,,,
ADV,2025.0,3.0,0.3429977371117561,Experiential Services,0.4051487562107602,6.0,2025.0,3.0,0.9060806388974224,North America,0.95076188900826,6.0,North America,-0.0131083195842185,0.95076188900826,-0.0062310819052072,,-0.0066404510638966,0.0,0.0,Experiential Services,0.1083126323812053,0.4051487562107602,0.0420216258659009,0.0893853747239389,-0.0066404510638966
G20.SI,,,,,,,,,,,,,,,,,,,,,,,,,,
UCID.JK,,,,,,,,,,,,,,,,,,,,,,,,,,
6345.T,,,,,,,,,,,,,,,,,,,,,,,,,,
136480.KQ,,,,,,,,,,,,,,,,,,,,,,,,,,
ERO,,,,,,,,,,,,,,,,,,,,,,,,,,
YNGN.L,,,,,,,,,,,,,,,,,,,,,,,,,,
VFF,2025.0,4.0,0.6523308731865055,Cannabis Canada Segment,0.7944040877527551,7.0,,,,,,,,,,,,,,,Cannabis Canada Segment,0.0997877143010694,0.7944040877527551,0.351618802445138,0.3971998972575181,-0.3869998601943596
PSN,2025.0,2.0,0.5000738559741726,Federal Solution Segment,0.5060768402222102,3.0,2025.0,3.0,0.6963985807954862,North America,0.8142728634739863,6.0,Middle East,0.1042309376926942,0.1826160055120442,0.0267020509102443,0.0957670054178423,-0.0572293386519905,0.1826160055120442,0.0,Critical Infrastructure Segment,0.1457960780940286,0.4939231597777898,0.0875190247824946,0.1710131662932069,-0.0572293386519905
UNISON.BO,,,,,,,,,,,,,,,,,,,,,,,,,,
SANM,2025.0,2.0,0.6815068196793752,IMS,0.8012530661083596,14.0,2025.0,3.0,0.4419428280699889,Americas,0.572184476566185,15.0,Americas,0.173692264675273,0.572184476566185,0.0486009320897827,0.1418506858896746,0.0739996998015941,0.0,0.0,IMS,0.0793892208760982,0.8012530661083596,0.0040007535764502,0.0132912023357903,0.0739996998015941
SPZ.AX,,,,,,,,,,,,,,,,,,,,,,,,,,
6073.T,,,,,,,,,,,,,,,,,,,,,,,,,,
6435.TWO,,,,,,,,,,,,,,,,,,,,,,,,,,
QDMI,2024.0,1.0,1.0,Service,1.0,1.0,,,,,,,,,,,,,,,,,,,,
RUBNF,,,,,,,,,,,,,,,,,,,,,,,,,,
7561.T,,,,,,,,,,,,,,,,,,,,,,,,,,
KPT.BO,,,,,,,,,,,,,,,,,,,,,,,,,,
TLEVISACPO.MX,,,,,,,,,,,,,,,,,,,,,,,,,,
002320.KS,,,,,,,,,,,,,,,,,,,,,,,,,,
7883.T,,,,,,,,,,,,,,,,,,,,,,,,,,
6393.T,,,,,,,,,,,,,,,,,,,,,,,,,,
KARSN.IS,,,,,,,,,,,,,,,,,,,,,,,,,,
JCSE,2025.0,2.0,0.52708749684799,Cleaning Systems,0.6163776113519905,5.0,2025.0,3.0,0.3961526531884669,MALAYSIA,0.4471817106819077,5.0,MALAYSIA,0.2467032967032967,0.4471817106819077,0.0695687639523056,0.183111778752724,0.052751698739561,0.4471817106819077,0.0,Dishware Washing Services,0.0665753424657533,0.3836223886480094,0.0049720437131062,0.0111238846062801,0.052751698739561
ANGPY,,,,,,,,,,,,,,,,,,,,,,,,,,
HBR.L,,,,,,,,,,,,,,,,,,,,,,,,,,
NRG.PA,,,,,,,,,,,,,,,,,,,,,,,,,,
DGV.MI,,,,,,,,,,,,,,,,,,,,,,,,,,
TIGERLOGS.BO,,,,,,,,,,,,,,,,,,,,,,,,,,
PXPHF,,,,,,,,,,,,,,,,,,,,,,,,,,
6804.T,,,,,,,,,,,,,,,,,,,,,,,,,,
378850.KS,,,,,,,,,,,,,,,,,,,,,,,,,,
TCYMF,,,,,,,,,,,,,,,,,,,,,,,,,,
PNR.AX,,,,,,,,,,,,,,,,,,,,,,,,,,
KNOP,2025.0,3.0,0.4971221193822145,Time Charter And Bareboat Revenues,0.5,7.0,,,,,,,,,,,,,,,Time Charter Revenues,0.1888128556814683,0.4971053615183354,0.0050130884134041,0.0059943267704052,0.1768242021406578
9360.T,,,,,,,,,,,,,,,,,,,,,,,,,,
7953.T,,,,,,,,,,,,,,,,,,,,,,,,,,
ALPHAGEO.NS,,,,,,,,,,,,,,,,,,,,,,,,,,
GAP,,,,,,,,,,,,,,,,,,,,,,,,,,
BZZUY,,,,,,,,,,,,,,,,,,,,,,,,,,
1580.TWO,,,,,,,,,,,,,,,,,,,,,,,,,,
SAFKR.IS,,,,,,,,,,,,,,,,,,,,,,,,,,
DLTR,2025.0,1.0,1.0,Dollar Tree,1.0,11.0,,,,,,,,,,,,,,,Dollar Tree,0.1041740199706247,1.0,0.0,,0.1041740199706247
023590.KS,,,,,,,,,,,,,,,,,,,,,,,,,,
AGX,2026.0,2.0,0.7031085167453401,Power Industry Services,0.8186757888084221,14.0,2026.0,3.0,0.819519652344965,U [S],0.9021877904650192,8.0,U [S],0.0882446460062289,0.9021877904650192,0.0063678268191298,0.1445881767815696,0.0805635916671527,0.0,0.0,Power Industry Services,0.0915724435671452,0.8186757888084221,0.0258907871096852,0.0459980052990596,0.0570512446535549
WM,2025.0,10.0,0.1401701647960041,Commercial,0.2233772417076654,16.0,2025.0,1.0,1.0,C [A],1.0,14.0,,,,,,-0.955963386310852,0.0,0.0,Landfill,0.0975326560232221,0.1500158704967465,-0.0062908445667743,0.0539676999085909,0.1435571687840291
UG,2016.0,4.0,0.345763283926455,Personal Care,0.4411724854909999,5.0,,,,,,,,,,,,,,,Pharmaceuticals,0.8470647558813511,0.308961975912341,0.1773547704239297,0.5518427929635131,-0.2132137614673717
2813.T,,,,,,,,,,,,,,,,,,,,,,,,,,
7066.T,,,,,,,,,,,,,,,,,,,,,,,,,,
7713.T,,,,,,,,,,,,,,,,,,,,,,,,,,
BELFA,2025.0,2.0,0.6861985623720104,Power Solutions and Protection,0.8051217481367153,11.0,2025.0,3.0,0.4960803878402783,North America,0.6623268759576878,14.0,Asia,0.8070704262448603,0.1828352740004885,0.0550454042941354,0.3379311563599266,0.263023755029993,0.0,0.0,Power Solutions and Protection,0.4530789937731876,0.8051217481367153,0.0241617644205631,0.0995411957148378,0.4094719835126041
AH.BK,,,,,,,,,,,,,,,,,,,,,,,,,,
CLIQ.DE,,,,,,,,,,,,,,,,,,,,,,,,,,
MLHYD.PA,,,,,,,,,,,,,,,,,,,,,,,,,,
3899.HK,,,,,,,,,,,,,,,,,,,,,,,,,,
NWF.L,,,,,,,,,,,,,,,,,,,,,,,,,,
4060.T,,,,,,,,,,,,,,,,,,,,,,,,,,
6018.T,,,,,,,,,,,,,,,,,,,,,,,,,,
INTP.JK,,,,,,,,,,,,,,,,,,,,,,,,,,
EBF,2017.0,1.0,1.0,Apparel Segment,1.0,1.0,2016.0,3.0,0.9370247240327884,UNITED STATES,0.9675239422608806,4.0,UNITED STATES,-0.019367009460834,0.9675239422608806,5.0138317684633726e-05,,-0.0194178271060251,0.0021881530406539,0.0,,,,,,
1434.T,,,,,,,,,,,,,,,,,,,,,,,,,,
INDB.MI,,,,,,,,,,,,,,,,,,,,,,,,,,
3728.HK,,,,,,,,,,,,,,,,,,,,,,,,,,
3213.TWO,,,,,,,,,,,,,,,,,,,,,,,,,,
8011.T,,,,,,,,,,,,,,,,,,,,,,,,,,
045300.KQ,,,,,,,,,,,,,,,,,,,,,,,,,,
WBNEF,,,,,,,,,,,,,,,,,,,,,,,,,,
TFW.L,,,,,,,,,,,,,,,,,,,,,,,,,,
2474.TW,,,,,,,,,,,,,,,,,,,,,,,,,,
RAMP,2026.0,2.0,0.6308269411324887,Subscription,0.7557605727359953,15.0,2026.0,5.0,0.7883039335926507,UNITED STATES,0.8846587194502789,15.0,,,,,,0.1570750288366105,0.0,0.0,,,,,,0.0903457710775503
TARMAT.NS,,,,,,,,,,,,,,,,,,,,,,,,,,
4421.T,,,,,,,,,,,,,,,,,,,,,,,,,,
TEAMLEASE.NS,,,,,,,,,,,,,,,,,,,,,,,,,,
MIJ.SI,,,,,,,,,,,,,,,,,,,,,,,,,,
GLENMARK.NS,,,,,,,,,,,,,,,,,,,,,,,,,,
VSOGF,2025.0,1.0,1.0,Sale Of Goods,1.0,7.0,2025.0,1.0,1.0,ARGENTINA,1.0,7.0,ARGENTINA,0.5015445135480237,1.0,0.0,,0.5015445135480237,1.0,0.0,Sale Of Goods,0.5015445135480237,1.0,0.0,,0.5015445135480237
7821.T,,,,,,,,,,,,,,,,,,,,,,,,,,
AMPH,2025.0,1.0,1.0,Epinephrine,1.0,12.0,2025.0,3.0,0.8984124365371238,UNITED STATES,0.9465680030338096,11.0,UNITED STATES,-0.0371057015802317,0.9465680030338096,-0.0202529055590642,,-0.0165034762496123,0.0044229163743754,0.0044229163743754,,,,,,-0.9034888184849864
3181.T,,,,,,,,,,,,,,,,,,,,,,,,,,
5018.T,,,,,,,,,,,,,,,,,,,,,,,,,,
ROL,2025.0,4.0,0.4976016176441179,Residential Contract Revenue,0.5683029957636818,8.0,2025.0,2.0,0.8668554906481767,UNITED STATES,0.9282846545512556,6.0,UNITED STATES,0.1106941844617817,0.9282846545512556,0.0006827484560713,0.0056417901146095,0.1098772747607643,0.0,0.0,Commercial Contract Revenue,0.1054820580409321,0.4177693780848566,0.0854965385397013,0.0012331181557949,-0.120754938585104
RTC.L,,,,,,,,,,,,,,,,,,,,,,,,,,
BCHEY,,,,,,,,,,,,,,,,,,,,,,,,,,
ARX.TO,,,,,,,,,,,,,,,,,,,,,,,,,,
9876.T,,,,,,,,,,,,,,,,,,,,,,,,,,
200028.SZ,,,,,,,,,,,,,,,,,,,,,,,,,,
5258.TW,,,,,,,,,,,,,,,,,,,,,,,,,,
339770.KS,,,,,,,,,,,,,,,,,,,,,,,,,,
LOPE,2020.0,1.0,1.0,Service,1.0,3.0,,,,,,,,,,,,,,,Service,0.0840603460122288,1.0,0.0,,0.0840603460122288
1401.HK,,,,,,,,,,,,,,,,,,,,,,,,,,
CXDO,2024.0,1.0,1.0,Cloud Telecommunications Segment,1.0,12.0,,,,,,,,,,,,,,,,,,,,-0.2957762363954209
033290.KQ,,,,,,,,,,,,,,,,,,,,,,,,,,
PRU.AX,,,,,,,,,,,,,,,,,,,,,,,,,,
SMGR.JK,,,,,,,,,,,,,,,,,,,,,,,,,,
TCLAF,,,,,,,,,,,,,,,,,,,,,,,,,,
KNNNF,,,,,,,,,,,,,,,,,,,,,,,,,,
CINT,,,,,,,2025.0,3.0,0.4190279029896182,BRAZIL,0.4710915960379863,5.0,BRAZIL,0.2675499090564399,0.4710915960379863,0.0108777006792981,0.0879085840390129,0.2382816550210278,0.4710915960379863,0.0,,,,,,
MLI,2025.0,3.0,0.482413975459355,Piping Systems,0.6403176145342453,10.0,2025.0,5.0,0.6320561036035934,UNITED STATES,0.7862656564590514,10.0,UNITED STATES,0.1623428220877996,0.7862656564590514,-0.0240960366407982,0.0766329999520695,0.1979641861905252,0.0180586696763252,0.0,Industrial Metals,0.2507101934291986,0.2419766044131778,0.0277805641816247,0.0982586085087828,0.1071201348554207
FTV,2025.0,2.0,0.5697579636723389,Intelligent Operating Solutions,0.6867591546247986,10.0,2024.0,3.0,0.4295501355945174,UNITED STATES,0.5410956705927661,9.0,Countries Excluding United States and China,0.0622478386167146,0.3548894380435829,0.0116252961215015,0.0544605224882488,0.0274512390153824,0.4589043294072338,0.4589043294072338,Intelligent Operating Solutions,0.0521604597193059,0.6867591546247986,0.2511386276502487,0.0202170629729557,-0.332600532751372
ATNI,2025.0,12.0,0.2095239901306928,Communication services,0.3508974419488588,15.0,2025.0,5.0,0.3041024805111599,UNITED STATES,0.4777293176276658,10.0,Other Foreign Countries,0.0358191019804496,0.0615721693739482,0.0022188792460464,0.021935920238651,-0.0015087611013956,0.0,0.0,Carrier services,0.0114716584761975,0.0669828312212911,0.0010845208404223,0.0173934427096511,-0.0049051066308182
9904.TW,,,,,,,,,,,,,,,,,,,,,,,,,,
1726.TW,,,,,,,,,,,,,,,,,,,,,,,,,,
PATK,2025.0,4.0,0.2605862478887037,Manufactured Housing,0.3133722815028383,11.0,,,,,,,,,,,,,,,Powersports,0.0905593740506993,0.1766375360109625,0.0081430524684898,0.0337792952031407,0.0402842037587682
5987.T,,,,,,,,,,,,,,,,,,,,,,,,,,
ALFPC.PA,,,,,,,,,,,,,,,,,,,,,,,,,,
4129.TWO,,,,,,,,,,,,,,,,,,,,,,,,,,
ARCHIDPLY.NS,,,,,,,,,,,,,,,,,,,,,,,,,,
ILINK.BK,,,,,,,,,,,,,,,,,,,,,,,,,,
BTJ.SI,,,,,,,,,,,,,,,,,,,,,,,,,,
8285.T,,,,,,,,,,,,,,,,,,,,,,,,,,
030000.KS,,,,,,,,,,,,,,,,,,,,,,,,,,
SCCO,2025.0,5.0,0.57807926793081,Copper,0.7476806831645542,15.0,2025.0,8.0,0.1790430758184231,Europe,0.2689140753656883,15.0,PERU,0.3067735107348048,0.0644043547269353,0.0065568014842712,0.075852436548978,0.1737350767481522,0.4843255165835811,0.0951497403110306,Silver,0.6562925170068028,0.0725713306358467,0.0211430590805788,0.245021706124252,0.1737453425927546
BCNAF,,,,,,,,,,,,,,,,,,,,,,,,,,
AXIL,2026.0,1.0,1.0,Direct to consumer,1.0,1.0,,,,,,,,,,,,,,,,,,,,
POOL,2025.0,1.0,1.0,Reportable Segment,1.0,2.0,2025.0,2.0,0.863752769625393,UNITED STATES,0.926469676310868,2.0,Non-US,0.040000320879638,0.073530323689132,0.0031150893611309,0.0236983719581537,-0.0040589702074185,0.0,0.0,Reportable Segment,-0.0040589702074185,1.0,0.0,,-0.0040589702074185
094280.KS,,,,,,,,,,,,,,,,,,,,,,,,,,
8876.T,,,,,,,,,,,,,,,,,,,,,,,,,,
300435.SZ,,,,,,,,,,,,,,,,,,,,,,,,,,
APTV,2025.0,3.0,0.3440603881231877,Electrical Distribution Systems,0.4145355396765701,13.0,2025.0,6.0,0.2772894383988543,UNITED STATES,0.334029132822072,13.0,UNITED STATES,0.0615806172483415,0.334029132822072,-0.0177184449185053,0.0208916519828006,0.1178917465631816,0.3157417071289195,0.0,Advanced Safety and User Experience,0.0001726817475393,0.2722828130876269,-0.0205764971176932,,0.0757560432891675
7140.KL,,,,,,,,,,,,,,,,,,,,,,,,,,
6599.KL,,,,,,,,,,,,,,,,,,,,,,,,,,
2489.T,,,,,,,,,,,,,,,,,,,,,,,,,,
003480.KS,,,,,,,,,,,,,,,,,,,,,,,,,,
MFEC.BK,,,,,,,,,,,,,,,,,,,,,,,,,,
MEIUF,,,,,,,,,,,,,,,,,,,,,,,,,,
6667.TWO,,,,,,,,,,,,,,,,,,,,,,,,,,
2317.HK,,,,,,,,,,,,,,,,,,,,,,,,,,
DORM,2022.0,3.0,0.4615116839125069,Chassis,0.5037736965739401,5.0,2025.0,2.0,0.8578941892021765,UNITED STATES,0.9230213878766512,8.0,UNITED STATES,0.0637896149143593,0.9230213878766512,0.0030419134896201,0.0219058164945419,0.0602837850146102,0.0,0.0,Chassis,0.5577926124108361,0.5037736965739401,0.1625833295861185,0.1816993512599861,0.0550448281321895
VMC,2025.0,3.0,0.5905200805356171,Aggregates,0.7462729018037022,16.0,2025.0,3.0,0.3496296050335715,Gulf Coast,0.4370244838946694,13.0,West,0.1360063281752113,0.2723092602687777,0.0145977921275569,0.0386793724885963,0.0751079796654223,0.0,0.0,Concrete,0.2954858454475899,0.1003294541489891,0.0170672578617058,0.1165534921027738,0.0751079796654223
BVA.SI,,,,,,,,,,,,,,,,,,,,,,,,,,
8048.TWO,,,,,,,,,,,,,,,,,,,,,,,,,,
KOTHARIPET.NS,,,,,,,,,,,,,,,,,,,,,,,,,,
NAVIERA.SN,,,,,,,,,,,,,,,,,,,,,,,,,,
7782.T,,,,,,,,,,,,,,,,,,,,,,,,,,
SPKOY,,,,,,,,,,,,,,,,,,,,,,,,,,
3697.T,,,,,,,,,,,,,,,,,,,,,,,,,,
LUCE.L,,,,,,,,,,,,,,,,,,,,,,,,,,
BBW.SI,,,,,,,,,,,,,,,,,,,,,,,,,,
HDALF,,,,,,,,,,,,,,,,,,,,,,,,,,
OSK,2018.0,4.0,0.3337151882226953,Access Equipment,0.4902070218703355,8.0,2018.0,4.0,0.6588756524077009,UNITED STATES,0.801739017584842,8.0,UNITED STATES,0.2125696788882782,0.801739017584842,0.0557509655759396,0.1938225004657341,0.1282505564015461,0.1105444163260009,0.0,Access Equipment,0.2479513613534232,0.4902070218703355,0.0467654558171178,0.0934243009551558,0.1288975501113585
PVH,2024.0,2.0,0.9192073227954092,Product,0.9578249243954556,14.0,2025.0,2.0,0.5312152025541076,UNITED STATES,0.6249303857236252,15.0,,,,,,-0.5227149279432329,0.0,0.0,Product,-0.0626956740327704,0.9578249243954556,-0.0018022685870006,,-0.0609320175438596
TDG,2025.0,3.0,0.4836554467378041,Power And Control,0.516249575359529,14.0,2025.0,2.0,0.5321409287428382,UNITED STATES,0.626769335296116,8.0,Non-US,0.1334250343878955,0.373230664703884,0.0069838133184936,0.0167323900079382,0.1122166246851386,0.0,0.0,Power And Control,0.1568129916264906,0.516249575359529,0.0199019683066322,0.0386322768581389,0.1122166246851386
LBTYB,2025.0,3.0,0.3831569985536305,Residential,0.4986983704007379,10.0,2025.0,3.0,0.7356350413226778,BELGIUM,0.8462638441048647,10.0,BELGIUM,0.0332409023997808,0.8462638441048647,0.0028927850911217,0.013160947740387,0.0297089733225546,0.0,0.0,Other Category,0.3609962157880841,0.3170031772061084,0.0552974723303628,0.1482145065403835,0.1235864483290725
AI.BK,,,,,,,,,,,,,,,,,,,,,,,,,,
053610.KQ,,,,,,,,,,,,,,,,,,,,,,,,,,
NEMTF,,,,,,,,,,,,,,,,,,,,,,,,,,
WHR,2025.0,6.0,0.2417709434257142,Refrigeration,0.3085544962638495,8.0,2025.0,3.0,0.544673461767673,North America Segment,0.6987205943045811,15.0,"Small Domestic Appliances, Global Segment",0.0937808489634748,0.0762140597055991,0.0152156855260362,0.0655039914907979,-0.1245860179442404,0.2250653459898197,0.0,Laundry,-0.0455834242093784,0.2818861118268487,0.005814339187157,0.0216201000412,-0.0652697495183044
3161.T,,,,,,,,,,,,,,,,,,,,,,,,,,
4819.T,,,,,,,,,,,,,,,,,,,,,,,,,,
RINIF,,,,,,,,,,,,,,,,,,,,,,,,,,
SOHU,2025.0,3.0,0.7606330149998227,Entertainment,0.8654962153429637,15.0,,,,,,,,,,,,,,,Entertainment,0.0066661491394119,0.8654962153429637,0.0259410021825139,,-0.0235060553242902
6588.T,,,,,,,,,,,,,,,,,,,,,,,,,,
DYNPRO.NS,,,,,,,,,,,,,,,,,,,,,,,,,,
HEGIY,,,,,,,,,,,,,,,,,,,,,,,,,,
INSPIRISYS.NS,,,,,,,,,,,,,,,,,,,,,,,,,,
200550.SZ,,,,,,,,,,,,,,,,,,,,,,,,,,
6346.T,,,,,,,,,,,,,,,,,,,,,,,,,,
1452.HK,,,,,,,,,,,,,,,,,,,,,,,,,,
JAPAF,,,,,,,,,,,,,,,,,,,,,,,,,,
QTX.L,,,,,,,,,,,,,,,,,,,,,,,,,,
GSDDE.IS,,,,,,,,,,,,,,,,,,,,,,,,,,
MILS3.SA,,,,,,,,,,,,,,,,,,,,,,,,,,
603214.SS,,,,,,,,,,,,,,,,,,,,,,,,,,
UGPA3.SA,,,,,,,,,,,,,,,,,,,,,,,,,,
MKTW,2025.0,2.0,0.9997213130544648,Subscription and Circulation,0.999860637105216,3.0,2025.0,1.0,1.0,UNITED STATES,1.0,5.0,UNITED STATES,-0.19715880313481,1.0,0.0,,-0.19715880313481,0.0,0.0,Subscription and Circulation,-0.2018546170124399,0.999860637105216,0.0017507350646009,,-0.2032521528857305
AEO,2025.0,3.0,0.4966808705801006,American Eagle Brand,0.6115313790069463,6.0,2025.0,2.0,0.7233062022041266,UNITED STATES,0.8341453293135537,15.0,Non-US,0.1004913746288973,0.1658546706864463,0.0089628338766865,0.0352688252091785,0.041020505748921,0.0,0.0,Aerie Brand,0.116491238565727,0.3479488321297166,0.0240741868538069,0.0544045224714494,0.0392424703104878
COKE,2025.0,2.0,0.9169559797351052,Nonalcoholic Beverage Segment,0.956593900383648,13.0,,,,,,,,,,,,,,,Nonalcoholic Beverage Segment,0.050407184043971,0.956593900383648,0.0047994198367851,,0.0451370845024829
SGHC,2025.0,1.0,1.0,Other,1.0,4.0,2025.0,5.0,0.3133313014667813,Africa And Middle East,0.4025100851636037,5.0,Europe,0.5344677563192992,0.1904975347377857,0.0272725312902292,0.1783841099711378,0.314786068807334,0.4110264455401165,0.0,Other,0.0348905972797162,1.0,0.0,,0.0348905972797162
HSTM,2025.0,2.0,0.9336941397076752,Subscription Services,0.9656684119132816,14.0,,,,,,,,,,,,,,,Subscription Services,0.0474785599109577,0.9656684119132816,0.0045168788903701,,0.0425790170274922
SPR.L,,,,,,,,,,,,,,,,,,,,,,,,,,
AMCR,2026.0,2.0,0.5041908013456798,Flexibles Segment,0.5457755466689356,8.0,2026.0,4.0,0.3741591302047145,North America,0.4988088147706968,8.0,Europe,0.8146262439250174,0.3335744065345018,0.0456804762260202,0.3085720469789202,0.5661269904723831,0.0799795796817833,0.0,Rigid Packaging Segment,1.5808556925308197,0.4542244533310644,0.1785898341026014,0.7004260066774775,0.5661269904723831
600809.SS,,,,,,,,,,,,,,,,,,,,,,,,,,
002532.SZ,,,,,,,,,,,,,,,,,,,,,,,,,,
BLACKROSE.BO,,,,,,,,,,,,,,,,,,,,,,,,,,
REKO.V,,,,,,,,,,,,,,,,,,,,,,,,,,
HYDRA.AS,,,,,,,,,,,,,,,,,,,,,,,,,,
MDIA3.SA,,,,,,,,,,,,,,,,,,,,,,,,,,
000028.SZ,,,,,,,,,,,,,,,,,,,,,,,,,,
KNTK,2025.0,3.0,0.6127227125523385,"Natural Gas, NGLs and Condensate Sales",0.7408955734818116,8.0,,,,,,,,,,,,,,,"Natural Gas, NGLs and Condensate Sales",0.2297697241544103,0.7408955734818116,0.0240804056619091,0.0689338816850483,0.1898000511150568
1V5.F,,,,,,,,,,,,,,,,,,,,,,,,,,
SMCP.PA,,,,,,,,,,,,,,,,,,,,,,,,,,
MIF.MU,,,,,,,,,,,,,,,,,,,,,,,,,,
8347.HK,,,,,,,,,,,,,,,,,,,,,,,,,,
JAMESWARREN.BO,,,,,,,,,,,,,,,,,,,,,,,,,,
HUBS,2025.0,2.0,0.9579081301432404,Subscription and Circulation,0.9784914472293316,6.0,2025.0,3.0,0.467998840716304,Americas,0.5978958670390826,12.0,Europe,0.2245281601941864,0.3228623821802427,0.0086532522059664,0.0256422166997275,0.1917087560508048,0.0,0.0,Subscription and Circulation,0.1923962443170894,0.9784914472293316,0.0005641592648719,,0.1917087560508048
HPCOTTON.BO,,,,,,,,,,,,,,,,,,,,,,,,,,
4674.T,,,,,,,,,,,,,,,,,,,,,,,,,,
DYNDF,,,,,,,,,,,,,,,,,,,,,,,,,,
900260.KQ,,,,,,,,,,,,,,,,,,,,,,,,,,
BJCHI.BK,,,,,,,,,,,,,,,,,,,,,,,,,,
600742.SS,,,,,,,,,,,,,,,,,,,,,,,,,,
SWAG,,,,,,,,,,,,,,,,,,,,,,,,,,
040910.KQ,,,,,,,,,,,,,,,,,,,,,,,,,,
PJW.BK,,,,,,,,,,,,,,,,,,,,,,,,,,
CNC,2025.0,3.0,0.6217847559366121,Medicaid Segment,0.7580155767878137,14.0,,,,,,,,,,,,,,,Commercial Segment,0.2463058572191561,0.2156466112528686,0.008975897269389,0.0299621436293853,0.1944306467734913
1552.HK,,,,,,,,,,,,,,,,,,,,,,,,,,
CMTL,2025.0,2.0,0.5030480640366616,Satellite And Space Segment Communications,0.539038852676927,12.0,2025.0,1.0,1.0,United States Domestic,1.0,4.0,United States Domestic,0.0039354308532824,1.0,0.0,,0.0039354308532824,0.0,0.0,,,,,,1.0669753507868136
WMK,2025.0,5.0,0.4202094032171553,Product,0.5,5.0,,,,,,,,,,,,,,,Pharmacy,0.1136127025808333,0.067999420169321,0.0048206222104281,0.0406546728116095,0.0346663510603533
GCO,2026.0,4.0,0.4383171027488785,Journeys Group Segment,0.6135427339480874,13.0,,,,,,,,,,,,,,,Journeys Group Segment,0.0684291189930532,0.6135427339480874,0.011871896783315,0.0406211506304261,0.0477552856655005
000550.SZ,,,,,,,,,,,,,,,,,,,,,,,,,,
CRL.L,,,,,,,,,,,,,,,,,,,,,,,,,,
080530.KQ,,,,,,,,,,,,,,,,,,,,,,,,,,
ALLD3.SA,,,,,,,,,,,,,,,,,,,,,,,,,,
0255.HK,,,,,,,,,,,,,,,,,,,,,,,,,,
2804.T,,,,,,,,,,,,,,,,,,,,,,,,,,
ANNA,2025.0,1.0,1.0,Electricity,1.0,1.0,,,,,,,,,,,,,,,,,,,,
GIS,2026.0,9.0,0.1554391242440451,Snacks,0.224618173528869,2.0,2026.0,2.0,0.7174397243511546,North America Retail Segment,0.8297269509390721,2.0,,,,,,-0.3461506881652006,0.0,0.0,Convenient meals,0.0194595362380596,0.155818850884144,0.0113041587367196,0.3461796109264976,-0.0544989890488848
KPG.AX,,,,,,,,,,,,,,,,,,,,,,,,,,
HCKT,2025.0,2.0,0.9692091598646102,Revenue Before Reimbursements,0.9843599693743332,13.0,2025.0,3.0,0.6676644469616813,UNITED STATES,0.8051376519013435,12.0,Other Australia Canada India And Uruguay,0.3220915032679738,0.0827318356422555,0.0217960531949471,0.1710286055562737,-0.026219113922034,0.0827318356422555,0.0,Revenue Before Reimbursements,-0.0201349714032595,0.9843599693743332,0.006112052342583,,-0.026219113922034
5955.T,,,,,,,,,,,,,,,,,,,,,,,,,,
ONGC.NS,,,,,,,,,,,,,,,,,,,,,,,,,,
017550.KS,,,,,,,,,,,,,,,,,,,,,,,,,,
5967.T,,,,,,,,,,,,,,,,,,,,,,,,,,
ASY.L,,,,,,,,,,,,,,,,,,,,,,,,,,
PAL,,,,,,,,,,,,,,,,,,,,,,,,,,
QCOM,2025.0,2.0,0.7782418068296031,QCT,0.8729891465107283,15.0,2023.0,5.0,0.4309432000875398,CHINA,0.6248464544946957,13.0,"KOREA, REPUBLIC OF",0.0341340075853349,0.0913456169737576,0.0197619065665178,0.1097886733817379,-0.1895927601809954,0.7161920714684534,0.6248464544946957,QCT,0.1557717797324977,0.8729891465107283,0.0171133150251407,0.0769885460040809,0.1331150415098232
JLL,2025.0,1.0,1.0,LaSalle Investment Management,1.0,15.0,2021.0,3.0,0.4631114875588507,Americas,0.6236415037123265,9.0,Asia Pacific,0.0893239096066214,0.229166462871844,0.0024390713016413,0.0254937239050964,0.0777299850296244,0.0,0.0,,,,,,-0.9807919634360236
DLX,2025.0,4.0,0.3814725703850525,Checks1,0.5439066687687214,15.0,2023.0,2.0,0.9091198822911252,UNITED STATES,0.9522830321221024,11.0,UNITED STATES,-0.0157158112857941,0.9522830321221024,0.004572789540523,0.0451948608599869,-0.0204422679076501,0.0,0.0,Data-driven marketing solutions,0.3425664875646002,0.2271007409743023,0.0929777540160251,0.166756121033629,-0.2070962572393249
111110.KS,,,,,,,,,,,,,,,,,,,,,,,,,,
8095.HK,,,,,,,,,,,,,,,,,,,,,,,,,,
4979.T,,,,,,,,,,,,,,,,,,,,,,,,,,
2148.T,,,,,,,,,,,,,,,,,,,,,,,,,,
HVN.AX,,,,,,,,,,,,,,,,,,,,,,,,,,
3628.TWO,,,,,,,,,,,,,,,,,,,,,,,,,,
EVD.DE,,,,,,,,,,,,,,,,,,,,,,,,,,
9837.T,,,,,,,,,,,,,,,,,,,,,,,,,,
THOMASCOOK.NS,,,,,,,,,,,,,,,,,,,,,,,,,,
BSET,2025.0,2.0,0.5108598663764853,Wholesale Segment,0.5736880803674697,6.0,2025.0,1.0,1.0,Wholesale Segment,1.0,1.0,,,,,,,0.0,0.0,Wholesale Segment,-0.5721002313837735,0.5736880803674697,0.1730696916342408,,-0.701188639421356
SUPER.BO,,,,,,,,,,,,,,,,,,,,,,,,,,
CNTY,2025.0,4.0,0.6037328981778866,Gaming,0.7636945438767763,11.0,2025.0,1.0,1.0,Canada Segment,1.0,10.0,Canada Segment,-0.0050840572873671,1.0,0.0,,-0.0050840572873671,0.0,0.0,Hotel,0.0172838994466664,0.0887424521820877,0.0020972015729152,0.0775552886830772,-0.0067570115442007
CMI,2025.0,5.0,0.2520835492412933,Distribution,0.2999854904236796,16.0,2025.0,2.0,0.5526472992115931,UNITED STATES,0.6622456458762347,16.0,UNITED STATES,-0.023066625476264,0.6622456458762347,0.0927189319005148,0.0023318535433911,-0.1598439974195061,0.0,0.0,Power Systems,0.1646379525593009,0.1804749467982201,0.0264253759157045,0.1191077495427249,-0.0058898478255643
BZZUF,,,,,,,,,,,,,,,,,,,,,,,,,,
GAEL.NS,,,,,,,,,,,,,,,,,,,,,,,,,,
TFI.PA,,,,,,,,,,,,,,,,,,,,,,,,,,
UPCHY,,,,,,,,,,,,,,,,,,,,,,,,,,
1443.T,,,,,,,,,,,,,,,,,,,,,,,,,,
MMM,2025.0,4.0,0.3572706586441821,Safety And Industrial Segment,0.4563091229757896,16.0,2025.0,3.0,0.4064817526885295,Americas,0.544292127625461,16.0,E M E A,0.0234674329501916,0.1713163379830046,0.0013875485628622,0.0046379174247971,0.0151780264496439,0.0,0.0,Safety And Industrial Segment,0.0385913694006021,0.4563091229757896,0.0102867425078344,0.0221864038204903,0.0151780264496439
0023.KL,,,,,,,,,,,,,,,,,,,,,,,,,,
MRVSY,,,,,,,,,,,,,,,,,,,,,,,,,,
IPH.AX,,,,,,,,,,,,,,,,,,,,,,,,,,
CWVLF,,,,,,,,,,,,,,,,,,,,,,,,,,
2708.T,,,,,,,,,,,,,,,,,,,,,,,,,,
H18.SI,,,,,,,,,,,,,,,,,,,,,,,,,,
049800.KS,,,,,,,,,,,,,,,,,,,,,,,,,,
4953.TWO,,,,,,,,,,,,,,,,,,,,,,,,,,
ROP,2025.0,1.0,1.0,Software And Related Services,1.0,13.0,2025.0,5.0,0.762766449414482,UNITED STATES,0.8696994621955078,13.0,UNITED STATES,0.1335081556248247,0.8696994621955078,0.0083373755947576,0.0199958471519398,0.122641777474713,0.0,0.0,Software And Related Services,0.1415083798882681,1.0,0.0,,0.1415083798882681
7062.KL,,,,,,,,,,,,,,,,,,,,,,,,,,
AGHOL.IS,,,,,,,,,,,,,,,,,,,,,,,,,,
CHDGF,,,,,,,,,,,,,,,,,,,,,,,,,,
MSC.BK,,,,,,,,,,,,,,,,,,,,,,,,,,
6463.T,,,,,,,,,,,,,,,,,,,,,,,,,,
033500.KQ,,,,,,,,,,,,,,,,,,,,,,,,,,
WST,2025.0,2.0,0.6930395211726013,Proprietary Products,0.8106762955011223,14.0,2025.0,6.0,0.254296243106684,UNITED STATES,0.4325168341953742,14.0,Other Europe Countries,0.1699092088197147,0.1467096060635633,0.0134661386226674,0.0702088528874531,0.0625259228535877,0.0,0.0,Proprietary Products,0.0675091025915612,0.8106762955011223,0.0037842728272663,0.0129025734901604,0.0625259228535877
600295.SS,,,,,,,,,,,,,,,,,,,,,,,,,,
8436.HK,,,,,,,,,,,,,,,,,,,,,,,,,,
036030.KQ,,,,,,,,,,,,,,,,,,,,,,,,,,
CRAVATEX.BO,,,,,,,,,,,,,,,,,,,,,,,,,,
HAE,2026.0,7.0,0.1956861241273467,Hospital,0.2744469811970341,15.0,2026.0,5.0,0.5682588124087855,UNITED STATES,0.7362489664751913,15.0,Europe,0.0533090432950955,0.1386920954373487,0.0096122144240803,0.046146792303744,-0.0196917455894369,0.0,0.0,Hospital,0.0425949325587617,0.2744469811970341,-0.1402054646739969,0.0813473675545124,0.5752206016354797
GULFOILLUB.NS,,,,,,,,,,,,,,,,,,,,,,,,,,
HNI,2025.0,1.0,1.0,Residential Building Products,1.0,15.0,,,,,,,,,,,,,,,Residential Building Products,0.0571741854636591,1.0,0.7473084230525648,,-0.7328609879670678
CIEB.MX,,,,,,,,,,,,,,,,,,,,,,,,,,
2767.T,,,,,,,,,,,,,,,,,,,,,,,,,,
IPOL.JK,,,,,,,,,,,,,,,,,,,,,,,,,,
9407.KL,,,,,,,,,,,,,,,,,,,,,,,,,,
PARKEN.CO,,,,,,,,,,,,,,,,,,,,,,,,,,
NEU,2025.0,3.0,0.868850961953942,Petroleum Additives,0.9297074786921472,15.0,2025.0,4.0,0.293703503302795,UNITED STATES,0.3916476372657989,15.0,"Europe, Middle East, Africa, India",0.0407606347011302,0.3004705396252489,0.0181279506678326,0.048252237657573,-0.0220304045349136,0.3004705396252489,0.0,Specialty Materials,0.2919719915323238,0.0669617187044179,0.0162744550623189,0.1654515835232797,-0.0220304045349136
ZBH,2025.0,3.0,0.3501442060069642,Knees,0.4391091726143272,16.0,2025.0,3.0,0.4633316085696655,Americas,0.6249893701026544,16.0,E M E A,0.0814262905800957,0.2221709287493166,0.001938337295034,0.0111316713565579,0.0719913527029314,0.0,0.0,S E T,0.1524896821568311,0.2841924398625429,0.0412184602308392,0.0497026793468784,-0.0146641314823015
3853.T,,,,,,,,,,,,,,,,,,,,,,,,,,
002355.KS,,,,,,,,,,,,,,,,,,,,,,,,,,
3547.T,,,,,,,,,,,,,,,,,,,,,,,,,,
HOC.L,,,,,,,,,,,,,,,,,,,,,,,,,,
TAH.NZ,,,,,,,,,,,,,,,,,,,,,,,,,,
VTOL,2024.0,3.0,0.6114668031685455,Service,0.759009779518456,6.0,2024.0,5.0,0.2166852237642285,UNITED KINGDOM,0.2788142065191513,11.0,,,,,,0.0909968869202091,0.1201039074073943,0.0,Service,0.1195865215321072,0.759009779518456,0.259009779518456,0.0705718798324706,-0.2624689748777582
603810.SS,,,,,,,,,,,,,,,,,,,,,,,,,,
WDFC,2025.0,4.0,0.6164977208478037,WD-40 Multi-Use Product,0.7709234900844375,14.0,2025.0,3.0,0.3876069169158249,Americas Segment,0.4687194045017218,14.0,"Europe, India, Middle East, And Africa Segment",0.0696193082856431,0.3813543876061517,0.0070552090340579,0.0165523505605616,0.0498309223326451,0.3813543876061517,0.0,WD-40 Specialist,0.1085233574075577,0.1321999725799817,0.0069995262217132,0.0802675269318517,0.0498309223326451
CTAS,2026.0,4.0,0.6086672654276968,Uniform Rental and Facility Services,0.7653623543366788,15.0,,,,,,,,,,,,,,,First Aid and Safety Services,0.1426520207866413,0.1235581473943388,0.0057565344438498,0.0277801566204745,0.0894162297545855
ALEMG.PA,,,,,,,,,,,,,,,,,,,,,,,,,,
HITECHCORP.NS,,,,,,,,,,,,,,,,,,,,,,,,,,
300622.SZ,,,,,,,,,,,,,,,,,,,,,,,,,,
2481.T,,,,,,,,,,,,,,,,,,,,,,,,,,
ASTVF,,,,,,,,,,,,,,,,,,,,,,,,,,
7069.T,,,,,,,,,,,,,,,,,,,,,,,,,,
ANJANI.BO,,,,,,,,,,,,,,,,,,,,,,,,,,
HLFDY,,,,,,,,,,,,,,,,,,,,,,,,,,
LMIA.DE,,,,,,,,,,,,,,,,,,,,,,,,,,
2139.T,,,,,,,,,,,,,,,,,,,,,,,,,,
5285.T,,,,,,,,,,,,,,,,,,,,,,,,,,
4527.TWO,,,,,,,,,,,,,,,,,,,,,,,,,,
HAWAENG.BO,,,,,,,,,,,,,,,,,,,,,,,,,,
GUJINTRX.BO,,,,,,,,,,,,,,,,,,,,,,,,,,
3562.T,,,,,,,,,,,,,,,,,,,,,,,,,,
6424.T,,,,,,,,,,,,,,,,,,,,,,,,,,
CAR.L,,,,,,,,,,,,,,,,,,,,,,,,,,
FLX,,,,,,,,,,,,,,,,,,,,,,,,,,
RIGS.JK,,,,,,,,,,,,,,,,,,,,,,,,,,
CVLT,2026.0,4.0,0.4978227559334973,Subscription,0.6490761939359123,9.0,2026.0,2.0,0.5175990602207767,Americas,0.5938058106429893,15.0,International,0.2402603265173459,0.4061941893570107,0.016821346934357,0.042056565343048,0.1888985646115633,0.0,0.0,Subscription,0.3029472566719859,0.6490761939359123,0.0568144954347789,0.2148851405162353,0.1888985646115633
272110.KQ,,,,,,,,,,,,,,,,,,,,,,,,,,
6176.T,,,,,,,,,,,,,,,,,,,,,,,,,,
SARO,2025.0,3.0,0.5780417793846405,Commercial Aerospace,0.7218144184834744,1.0,2025.0,4.0,0.4855992366739378,UNITED STATES,0.668208522171033,1.0,,,,,,,0.0,0.0,,,,,,
3333.T,,,,,,,,,,,,,,,,,,,,,,,,,,
3826.T,,,,,,,,,,,,,,,,,,,,,,,,,,
TRD.L,,,,,,,,,,,,,,,,,,,,,,,,,,
033830.KQ,,,,,,,,,,,,,,,,,,,,,,,,,,
UNI.TO,,,,,,,,,,,,,,,,,,,,,,,,,,
GMPL.BO,,,,,,,,,,,,,,,,,,,,,,,,,,
RCT.AX,,,,,,,,,,,,,,,,,,,,,,,,,,
5469.TW,,,,,,,,,,,,,,,,,,,,,,,,,,
053580.KQ,,,,,,,,,,,,,,,,,,,,,,,,,,
TELB3.SA,,,,,,,,,,,,,,,,,,,,,,,,,,
3045.T,,,,,,,,,,,,,,,,,,,,,,,,,,
7427.T,,,,,,,,,,,,,,,,,,,,,,,,,,
7844.T,,,,,,,,,,,,,,,,,,,,,,,,,,
LDOS,2025.0,3.0,0.436687905740769,National Security Solutions,0.5772490793242532,14.0,2025.0,1.0,1.0,Non-US,1.0,8.0,Non-US,0.0248175182481751,1.0,0.917350386100386,,-0.9152992277992278,0.0,0.0,Defense Solution Segment,0.0733990147783252,0.1273747588706377,0.0049085426544215,0.0254812042288172,0.0320342664092663
LVS,2025.0,3.0,0.7676603987950944,Casino,0.8713726188356774,10.0,2025.0,2.0,0.9053519377189434,Marina Bay Sands,0.9501954784973652,1.0,,,,,,,0.0,0.0,Casino,0.1789714561002047,0.8713726188356774,0.0122934672578191,0.055639933583504,0.1623383341955508
SAKSOFT.NS,,,,,,,,,,,,,,,,,,,,,,,,,,
601919.SS,,,,,,,,,,,,,,,,,,,,,,,,,,
PATH,2026.0,3.0,0.4632888026648808,Subscription Services,0.5719072362618399,5.0,2026.0,3.0,0.3843686952582996,Americas,0.4958275693356149,5.0,EMEA,0.1530446599650865,0.3276798553557369,0.007532603973594,0.0586940185032196,0.1265388231080868,0.0,0.0,Subscription Services,0.1901933668933233,0.5719072362618399,0.022574288354649,0.0787196018235321,0.1432141252287897
RDVT,,,,,,,,,,,,,,,,,,,,,,,,,,
YSG,2025.0,1.0,1.0,Other Operating Segment,1.0,4.0,,,,,,,,,,,,,,,Other Operating Segment,-0.5321804747681183,1.0,0.0,,-0.5321804747681183
JDSPY,,,,,,,,,,,,,,,,,,,,,,,,,,
1341.TW,,,,,,,,,,,,,,,,,,,,,,,,,,
ABNB,2025.0,1.0,1.0,Reportable Segment,1.0,2.0,2025.0,4.0,0.3473242806872123,North America,0.4244751245813251,5.0,Latin America,0.1971104231166149,0.0947634997140756,0.0074819288259473,0.0597197108496382,0.1025941271842911,0.0947634997140756,0.0,Reportable Segment,0.1025941271842911,1.0,0.0,,0.1025941271842911
RANI3.SA,,,,,,,,,,,,,,,,,,,,,,,,,,
PLC.MI,,,,,,,,,,,,,,,,,,,,,,,,,,
PSDMF,,,,,,,,,,,,,,,,,,,,,,,,,,
0934.HK,,,,,,,,,,,,,,,,,,,,,,,,,,
TETHF,,,,,,,,,,,,,,,,,,,,,,,,,,
CENTENKA.NS,,,,,,,,,,,,,,,,,,,,,,,,,,
6592.T,,,,,,,,,,,,,,,,,,,,,,,,,,
GABR.CO,,,,,,,,,,,,,,,,,,,,,,,,,,
XRX,2025.0,7.0,0.1994138371806361,Service Arrangements,0.2465109655368841,14.0,2025.0,6.0,0.4064587749240069,UNITED STATES,0.5675021361435488,16.0,UNITED STATES,0.1594413732906605,0.5675021361435488,0.0150186125942802,0.2832571192329454,0.1287574344960618,0.039020222158929,0.0,"Supplies, Paper And Other Sales",0.272,0.1811449729421817,0.0203991121480971,0.1621765049617126,0.1287574344960618
NDT.MI,,,,,,,,,,,,,,,,,,,,,,,,,,
2114.T,,,,,,,,,,,,,,,,,,,,,,,,,,
161390.KS,,,,,,,,,,,,,,,,,,,,,,,,,,
E3B.SI,,,,,,,,,,,,,,,,,,,,,,,,,,
CDNS,2025.0,2.0,0.8366764653114569,Product and maintenance,0.9102904247672964,8.0,2025.0,8.0,0.1851115651770022,Americas,0.262048586258344,15.0,JAPAN,0.313096647246007,0.0361127822505125,-0.0199503936429509,0.0813394905430884,1.0385127844483746,0.0718688472886743,0.0718688472886743,Product and maintenance,0.144316767805646,0.9102904247672964,0.0024538957527865,0.0167353029335766,0.1412320005929419
004370.KS,,,,,,,,,,,,,,,,,,,,,,,,,,
GEN.L,,,,,,,,,,,,,,,,,,,,,,,,,,
AOUT,2023.0,1.0,1.0,Shooting Sports,1.0,1.0,2026.0,2.0,0.8946917090678066,UNITED STATES,0.9442362598144184,6.0,UNITED STATES,-0.134352415870358,0.9442362598144184,0.0094029999480982,0.0661410201156216,-0.1429728052104605,0.0,0.0,,,,,,
TPB,2023.0,2.0,0.5060801410577774,Zig-Zag Products,0.5551368345925726,8.0,2023.0,2.0,0.858585687519531,UNITED STATES,0.9234298569536228,8.0,UNITED STATES,-0.0193098136606911,0.9234298569536228,0.0036442116846794,0.0241240057560166,-0.0231799967711854,0.0,0.0,Stoker's Products,0.1053536758748261,0.4448631654074275,0.0375960755743177,0.0788003759068778,0.0119385236077689
9475.T,,,,,,,,,,,,,,,,,,,,,,,,,,
4162.TWO,,,,,,,,,,,,,,,,,,,,,,,,,,
000404.SZ,,,,,,,,,,,,,,,,,,,,,,,,,,
300681.SZ,,,,,,,,,,,,,,,,,,,,,,,,,,
002880.KS,,,,,,,,,,,,,,,,,,,,,,,,,,
IQV,2025.0,3.0,0.4648727501831656,Research And Development Solutions,0.5454322501532802,13.0,2025.0,3.0,0.3695026353668068,Americas,0.4748620478234212,8.0,Asia Pacific,0.0802173218280601,0.2072348252605763,0.0041189537902744,0.0126613755369272,0.0587471600129827,0.0,0.0,Technology And Analytics Solutions,0.0756493506493507,0.4062538320049049,0.0063836599828341,0.0161875227504991,0.0587471600129827
REMSONSIND.NS,,,,,,,,,,,,,,,,,,,,,,,,,,
SFG1T.TL,,,,,,,,,,,,,,,,,,,,,,,,,,
200541.SZ,,,,,,,,,,,,,,,,,,,,,,,,,,
HOME.MC,,,,,,,,,,,,,,,,,,,,,,,,,,
4441.T,,,,,,,,,,,,,,,,,,,,,,,,,,
5609.TWO,,,,,,,,,,,,,,,,,,,,,,,,,,
6094.T,,,,,,,,,,,,,,,,,,,,,,,,,,
035460.KQ,,,,,,,,,,,,,,,,,,,,,,,,,,
ALK,2025.0,3.0,0.4724516453400256,Alaska Airlines Segment,0.6335800545383716,15.0,2025.0,3.0,0.4785069677855432,Alaska Mainline,0.6389708983551244,2.0,Hawaiian Airlines Segment,2.7779056386651324,0.2307746379867847,0.1566594993940342,1.3022654490869463,0.2133049040511727,0.0,0.0,Hawaiian Airlines Segment,2.854689564068692,0.2273470977795091,0.1566852850286457,1.3488793771609495,0.1980771025856436
PPC,2025.0,4.0,0.5081103859744713,Fresh Product,0.6629806115435918,1.0,2025.0,7.0,0.4212823161671188,U.S. Reportable Segment,0.5703549545174975,14.0,Europe,0.041554711587336,0.2864714051636992,0.001902482999942,0.0201255066519355,0.0346376507687451,0.1253442009329558,0.0,,,,,,
002293.SZ,,,,,,,,,,,,,,,,,,,,,,,,,,
MANAKSTEEL.NS,,,,,,,,,,,,,,,,,,,,,,,,,,
CSW-B.TO,,,,,,,,,,,,,,,,,,,,,,,,,,
MDT,2026.0,4.0,0.296659492847343,Cardiac and Vascular Group,0.3861840287372202,12.0,2026.0,2.0,0.9960102275674996,UNITED STATES,0.9980011182555214,12.0,UNITED STATES,3.1579989517209244,0.9980011182555214,0.0047113629480649,,3.138369873315208,0.0,0.0,Diabetes Group,0.1295825771324863,0.0859906051395413,0.0037247865125294,0.0391868850606652,0.0806533488608198
DOTDF,,,,,,,,,,,,,,,,,,,,,,,,,,
MYRG,2025.0,2.0,0.5014876189741683,Transmission And Distribution,0.5272728708991951,14.0,,,,,,,,,,,,,,,Transmission And Distribution,0.064843890005908,0.5272728708991951,0.0088614887360657,0.0185802261924012,0.0469478391037181
1023.HK,,,,,,,,,,,,,,,,,,,,,,,,,,
2459.TW,,,,,,,,,,,,,,,,,,,,,,,,,,
007210.KS,,,,,,,,,,,,,,,,,,,,,,,,,,
SDV.AX,,,,,,,,,,,,,,,,,,,,,,,,,,
WLMM3.SA,,,,,,,,,,,,,,,,,,,,,,,,,,
7296.T,,,,,,,,,,,,,,,,,,,,,,,,,,
037710.KS,,,,,,,,,,,,,,,,,,,,,,,,,,
CALX,2025.0,1.0,1.0,Reportable Segment,1.0,6.0,2025.0,4.0,0.875686573162968,UNITED STATES,0.934819651803482,14.0,UNITED STATES,0.2226491741357821,0.934819651803482,0.015304981044701,,0.2026318131417479,0.0,0.0,Reportable Segment,0.2026318131417479,1.0,0.0,,0.2026318131417479
GMD.AX,,,,,,,,,,,,,,,,,,,,,,,,,,
RCRUY,,,,,,,,,,,,,,,,,,,,,,,,,,
BJRI,,,,,,,,,,,,,,,,,,,,,,,,,,
4531.T,,,,,,,,,,,,,,,,,,,,,,,,,,
VH2.DE,,,,,,,,,,,,,,,,,,,,,,,,,,
OCGPF,,,,,,,,,,,,,,,,,,,,,,,,,,
MMS,2025.0,2.0,0.7680971494319906,Clinical Services,0.8661264463487925,15.0,2022.0,4.0,0.7081568686656806,UNITED STATES,0.8350980281225424,12.0,UNITED KINGDOM,0.4334536643950397,0.0886602038687821,0.021335486541068,0.2969143018026715,0.0885026037228948,0.0,0.0,,,,,,-0.5428596035918003
6565.TWO,,,,,,,,,,,,,,,,,,,,,,,,,,
LREN3.SA,,,,,,,,,,,,,,,,,,,,,,,,,,
MQ,2025.0,2.0,0.9064334679907582,"Platform Service Revenue, Net",0.9507956676759206,5.0,,,,,,,,,,,,,,,"Platform Service Revenue, Net",0.2335066903345686,0.9507956676759206,0.0007567126566403,,0.2325249755914753
CLI.MI,,,,,,,,,,,,,,,,,,,,,,,,,,
300888.SZ,,,,,,,,,,,,,,,,,,,,,,,,,,
ZENSARTECH.NS,,,,,,,,,,,,,,,,,,,,,,,,,,
3005.TW,,,,,,,,,,,,,,,,,,,,,,,,,,
033530.KS,,,,,,,,,,,,,,,,,,,,,,,,,,
CARD.L,,,,,,,,,,,,,,,,,,,,,,,,,,
CSCO,2026.0,5.0,0.3778565971887235,Networking,0.5474615080931702,15.0,2026.0,3.0,0.4449213135966691,UNITED STATES,0.5968954299971576,15.0,UNITED STATES,0.1230984074162111,0.5968954299971576,0.0028332278578558,0.0148159127558371,0.1177675009708052,0.4031045700028424,0.1407636673720115,Networking,0.2248445449406444,0.5474615080931702,0.0478586627010462,0.0908862971354082,0.1177695797221682
GLP,2025.0,3.0,0.5351805436186529,Wholesale,0.6820019329339063,14.0,,,,,,,,,,,,,,,Wholesale,0.1811006908532964,0.6820019329339063,0.0575451621206615,0.1188105946554584,0.0814431569756541
ALT.BK,,,,,,,,,,,,,,,,,,,,,,,,,,
GDYN,2025.0,6.0,0.230050980518776,Retail,0.292615588584527,5.0,2025.0,3.0,0.6533827557000339,UNITED STATES,0.788628441442965,5.0,Other Countries Not Separately Disclosed,0.6882312273984259,0.1731727008406203,0.0575649825929343,0.3235982972065093,0.1270399960652553,0.0381988577164147,0.0,Financial Service,0.6687002343866881,0.2437528379635138,0.0721556436719152,0.2437734467119309,0.1747320799495679
688578.SS,,,,,,,,,,,,,,,,,,,,,,,,,,
SKY.BK,,,,,,,,,,,,,,,,,,,,,,,,,,
CHGG,2024.0,1.0,1.0,Subscription Services,1.0,11.0,2025.0,2.0,0.744699965623306,UNITED STATES,0.8497856240780244,5.0,Non-US,-0.2920131550976003,0.1502143759219756,0.0207254401831006,0.0561064980364343,-0.3896958097329227,0.0,0.0,Subscription Services,-0.1425544869793292,1.0,0.0,,-0.1425544869793292
002668.SZ,,,,,,,,,,,,,,,,,,,,,,,,,,
SUSCO.BK,,,,,,,,,,,,,,,,,,,,,,,,,,
6590.TWO,,,,,,,,,,,,,,,,,,,,,,,,,,
BPF.SI,,,,,,,,,,,,,,,,,,,,,,,,,,
DEEPAKSP.BO,,,,,,,,,,,,,,,,,,,,,,,,,,
6120.TW,,,,,,,,,,,,,,,,,,,,,,,,,,
4251.T,,,,,,,,,,,,,,,,,,,,,,,,,,
UNH,2025.0,4.0,0.6408714631919739,Premiums,0.7869860825306603,10.0,,,,,,,,,,,,,,,,,,,,-0.1943771442560039
8217.T,,,,,,,,,,,,,,,,,,,,,,,,,,
601001.SS,,,,,,,,,,,,,,,,,,,,,,,,,,
INTELLECT.NS,,,,,,,,,,,,,,,,,,,,,,,,,,
MODINATUR.BO,,,,,,,,,,,,,,,,,,,,,,,,,,
7044.T,,,,,,,,,,,,,,,,,,,,,,,,,,
SANCTRN.BO,,,,,,,,,,,,,,,,,,,,,,,,,,
4168.T,,,,,,,,,,,,,,,,,,,,,,,,,,
ALPA3.SA,,,,,,,,,,,,,,,,,,,,,,,,,,
MHO,2025.0,2.0,0.9918125951603094,Construction,0.9958894005523355,8.0,,,,,,,,,,,,,,,Construction,-0.023116762560877,0.9958894005523355,-0.0012314599583124,,-0.0219088045384444
USIM6.SA,,,,,,,,,,,,,,,,,,,,,,,,,,
5445.T,,,,,,,,,,,,,,,,,,,,,,,,,,
SCMA.JK,,,,,,,,,,,,,,,,,,,,,,,,,,
ALM.MC,,,,,,,,,,,,,,,,,,,,,,,,,,
DDS,2025.0,2.0,0.9289170386346592,Retail Operations,0.9630966630384304,15.0,,,,,,,,,,,,,,,Retail Operations,-0.0007581502335706,0.9630966630384304,0.0032026927056757,,-0.0040810405583658
SENEA,2025.0,5.0,0.7031178384239635,Canned Vegetables,0.8324313266243879,1.0,2025.0,2.0,0.8962955637298204,UNITED STATES,0.9451379357737444,1.0,,,,,,,0.0,0.0,,,,,,
600354.SS,,,,,,,,,,,,,,,,,,,,,,,,,,
6941.T,,,,,,,,,,,,,,,,,,,,,,,,,,
SANEL.IS,,,,,,,,,,,,,,,,,,,,,,,,,,
ADVN.SW,,,,,,,,,,,,,,,,,,,,,,,,,,
2060.T,,,,,,,,,,,,,,,,,,,,,,,,,,
ALC.MC,,,,,,,,,,,,,,,,,,,,,,,,,,
DLG.MI,,,,,,,,,,,,,,,,,,,,,,,,,,
SAF.PA,,,,,,,,,,,,,,,,,,,,,,,,,,
3028.T,,,,,,,,,,,,,,,,,,,,,,,,,,
RCRRF,,,,,,,,,,,,,,,,,,,,,,,,,,
8032.TWO,,,,,,,,,,,,,,,,,,,,,,,,,,
6098.T,,,,,,,,,,,,,,,,,,,,,,,,,,
SABINA.BK,,,,,,,,,,,,,,,,,,,,,,,,,,
CAT,2025.0,5.0,0.3245301017031724,Power & Energy,0.3968622978623856,15.0,2025.0,4.0,0.3673443999560025,North America,0.5416413913506636,11.0,North America,0.0643079338314387,0.5416413913506636,0.0108972045864795,0.0297724344522392,0.0428952768905552,0.1033896048173519,0.0,Financial Products,0.0412040463853935,0.061701318829137,0.0047579671375556,0.0296124980305695,-0.0390862088344385
7352.T,,,,,,,,,,,,,,,,,,,,,,,,,,
8006.T,,,,,,,,,,,,,,,,,,,,,,,,,,
MC.BK,,,,,,,,,,,,,,,,,,,,,,,,,,
CW,2025.0,6.0,0.1848860881733627,Naval Defense,0.2691692021317344,13.0,2025.0,2.0,0.6479539339502451,UNITED STATES,0.7719870713381843,14.0,UNITED STATES,0.1140889744828475,0.7719870713381843,0.0061297394441842,0.0188904065616417,0.1052428740949478,0.0,0.0,Power & Process,0.1744713270264872,0.1815530195187933,0.0082895612661851,0.0565569973071501,0.1208459340334724
SSD,2025.0,3.0,0.7354044916493413,Wood Construction,0.8435074811128905,14.0,2025.0,3.0,0.6442315039887666,North America Segment,0.7737240537657204,15.0,North America Segment,0.0449207577256249,0.7737240537657204,0.00165300226597,0.0010599133630264,0.0426883644429381,0.0,0.0,Concrete Construction,0.0909253169650015,0.1545832318819208,0.0064934399827604,0.0275063178413716,0.045099789932437
SAKUMA.NS,,,,,,,,,,,,,,,,,,,,,,,,,,
ALVOF,,,,,,,,,,,,,,,,,,,,,,,,,,
WTS,2020.0,4.0,0.3803033714573544,Residential And Commercial Flow Control,0.5213442927217288,10.0,2025.0,3.0,0.655995839374139,Americas,0.7965931863727455,15.0,Americas,0.1135493510131664,0.7965931863727455,0.0182097004009472,0.0575552977150001,0.0880941997383339,0.0,0.0,Water Quality,0.0350877192982457,0.0703963940076892,0.0062914268099385,0.0494996900314173,-0.0574195563886285
3565.T,,,,,,,,,,,,,,,,,,,,,,,,,,
2480.TW,,,,,,,,,,,,,,,,,,,,,,,,,,
TDS,2024.0,2.0,0.7151172568196088,Service,0.8279613215149073,15.0,,,,,,,,,,,,,,,Service,-0.0141520748380906,0.8279613215149073,0.0200155850807988,0.0620460614709647,-0.0379844961240309
140520.KQ,,,,,,,,,,,,,,,,,,,,,,,,,,
URL.CN,,,,,,,,,,,,,,,,,,,,,,,,,,
TUPRS.IS,,,,,,,,,,,,,,,,,,,,,,,,,,
UVPOF,,,,,,,,,,,,,,,,,,,,,,,,,,
1063.HK,,,,,,,,,,,,,,,,,,,,,,,,,,
8ZZ.F,,,,,,,,,,,,,,,,,,,,,,,,,,
CAS.TO,,,,,,,,,,,,,,,,,,,,,,,,,,
LEG,2025.0,1.0,1.0,Specialized Products,1.0,15.0,2025.0,7.0,0.2834186582420737,UNITED STATES,0.4231916611097462,15.0,CANADA,0.0003454231433506,0.0508194995261994,-0.0152221101097162,0.0334829197891093,0.2999817501596862,0.104692380584705,0.0718597550275506,Specialized Products,-0.095299420476497,1.0,0.7190220955741005,,-0.7457991270325892
1850.T,,,,,,,,,,,,,,,,,,,,,,,,,,
EFX,2025.0,3.0,0.3903553478157804,United States Consumer Information Solutions,0.5098736661351649,15.0,2025.0,3.0,0.7793088597344457,UNITED STATES,0.878600512743176,15.0,UNITED STATES,0.0771933068318386,0.878600512743176,0.0024995145047731,0.0224531413744055,0.0741288193249236,0.0,0.0,United States Consumer Information Solutions,1.195985208663497,0.5098736661351649,0.1766635483762802,0.5391188196912658,0.4351093978278855
BGUUF,,,,,,,,,,,,,,,,,,,,,,,,,,
DH,2025.0,2.0,0.9259840554225338,Subscription Services,0.9615105932817436,5.0,2025.0,2.0,0.8679824731726631,UNITED STATES,0.9289419967621864,5.0,UNITED STATES,-0.0721490457186575,0.9289419967621864,-0.0298331120791391,,-0.0423509726330481,0.0,0.0,Subscription Services,-0.0517016080951953,0.9615105932817436,-0.0094809135262912,,-0.0423509726330481
1817.HK,,,,,,,,,,,,,,,,,,,,,,,,,,
ALGLD.PA,,,,,,,,,,,,,,,,,,,,,,,,,,
STANLY.BK,,,,,,,,,,,,,,,,,,,,,,,,,,
4DS.DE,,,,,,,,,,,,,,,,,,,,,,,,,,
DAL,2025.0,2.0,0.8093929656526389,Airline,0.8933147376164786,14.0,2024.0,4.0,0.5352776091587488,United States,0.7058060120370521,14.0,United States,0.0651976986167217,0.7058060120370521,0.0021641983656077,0.0268440536214054,0.0619315049614113,0.0740392258650617,0.0,Airline,0.0225610077016191,0.8933147376164786,0.0132350686441465,0.0631666889930781,0.0074110671936757
SIL.NS,,,,,,,,,,,,,,,,,,,,,,,,,,
SGC.MI,,,,,,,,,,,,,,,,,,,,,,,,,,
DLX.DE,,,,,,,,,,,,,,,,,,,,,,,,,,
7927.T,,,,,,,,,,,,,,,,,,,,,,,,,,
054210.KQ,,,,,,,,,,,,,,,,,,,,,,,,,,
YOU,,,,,,,,,,,,,,,,,,,,,,,,,,
3449.T,,,,,,,,,,,,,,,,,,,,,,,,,,
6332.T,,,,,,,,,,,,,,,,,,,,,,,,,,
AX1.AX,,,,,,,,,,,,,,,,,,,,,,,,,,
1E91.SG,,,,,,,,,,,,,,,,,,,,,,,,,,
138070.KQ,,,,,,,,,,,,,,,,,,,,,,,,,,
JINFF,,,,,,,,,,,,,,,,,,,,,,,,,,
6199.T,,,,,,,,,,,,,,,,,,,,,,,,,,
CMHHY,,,,,,,,,,,,,,,,,,,,,,,,,,
0305.HK,,,,,,,,,,,,,,,,,,,,,,,,,,
688095.SS,,,,,,,,,,,,,,,,,,,,,,,,,,
AHCHF,,,,,,,,,,,,,,,,,,,,,,,,,,
224110.KQ,,,,,,,,,,,,,,,,,,,,,,,,,,
CHJ.SI,,,,,,,,,,,,,,,,,,,,,,,,,,
AACAY,,,,,,,,,,,,,,,,,,,,,,,,,,
6267.T,,,,,,,,,,,,,,,,,,,,,,,,,,
AUTOIND.NS,,,,,,,,,,,,,,,,,,,,,,,,,,
BOBR4.SA,,,,,,,,,,,,,,,,,,,,,,,,,,
AFLYY,,,,,,,,,,,,,,,,,,,,,,,,,,
JD.L,,,,,,,,,,,,,,,,,,,,,,,,,,
TRU,2025.0,2.0,0.656491216945394,U.S. Markets,0.7797241649781032,11.0,2025.0,2.0,0.656491216945394,U.S. Markets,0.7797241649781032,3.0,U.S. Markets,0.1052534049847122,0.7797241649781032,0.0081158433614408,0.0251851332102192,0.0937492552963323,0.0,0.0,U.S. Markets,0.1052534049847122,0.7797241649781032,0.0081158433614408,0.0251851332102192,0.0937492552963323
9828.T,,,,,,,,,,,,,,,,,,,,,,,,,,
WWNTF,,,,,,,,,,,,,,,,,,,,,,,,,,
9632.T,,,,,,,,,,,,,,,,,,,,,,,,,,
5268.T,,,,,,,,,,,,,,,,,,,,,,,,,,
QLYS,2025.0,1.0,1.0,Reportable Segment,1.0,4.0,2025.0,2.0,0.5082239773434005,UNITED STATES,0.5641247898374743,13.0,Non-US,0.1528457984007083,0.4358752101625257,0.0194843685983298,0.0441512794995216,0.1013116162555487,0.0,0.0,Reportable Segment,0.1013116162555487,1.0,0.0,,0.1013116162555487
ANMOL.BO,,,,,,,,,,,,,,,,,,,,,,,,,,
HDVTY,,,,,,,,,,,,,,,,,,,,,,,,,,
JAYAGROGN.NS,,,,,,,,,,,,,,,,,,,,,,,,,,
2055.T,,,,,,,,,,,,,,,,,,,,,,,,,,
KMD.NZ,,,,,,,,,,,,,,,,,,,,,,,,,,
1052.HK,,,,,,,,,,,,,,,,,,,,,,,,,,
PRG,2025.0,2.0,0.93079465346977,Lease Revenues and Fees,0.964109175447852,6.0,2025.0,1.0,1.0,Four Segment,1.0,1.0,,,,,,,0.0,0.0,Lease Revenues and Fees,-0.018480964838628,0.964109175447852,0.0034869540194428,,-0.0220308861877591
NHYKF,,,,,,,,,,,,,,,,,,,,,,,,,,
ENGINERSIN.NS,,,,,,,,,,,,,,,,,,,,,,,,,,
SWUT.VI,,,,,,,,,,,,,,,,,,,,,,,,,,
DOYU,2025.0,3.0,0.7172419091014517,Revenue sharing fees and content costs,0.8386833701132775,7.0,,,,,,,,,,,,,,,Other costs,0.2059621190276872,0.101159366841763,0.0304035223698696,0.2289497715300082,-0.1564906859649251
2792.T,,,,,,,,,,,,,,,,,,,,,,,,,,
KOF.PA,,,,,,,,,,,,,,,,,,,,,,,,,,
VAIAS.HE,,,,,,,,,,,,,,,,,,,,,,,,,,
MACF.L,,,,,,,,,,,,,,,,,,,,,,,,,,
SENEB,2025.0,5.0,0.7031178384239635,Canned Vegetables,0.8324313266243879,1.0,2025.0,2.0,0.8962955637298204,UNITED STATES,0.9451379357737444,1.0,,,,,,,0.0,0.0,,,,,,
1768.T,,,,,,,,,,,,,,,,,,,,,,,,,,
005680.KS,,,,,,,,,,,,,,,,,,,,,,,,,,
ADMA,2024.0,2.0,0.9485029654496034,ADMA BioManufacturing Segment,0.9735519852400596,9.0,2025.0,2.0,0.976349511222934,UNITED STATES,0.9880315108796428,3.0,,,,,,0.1963142566372926,0.0,0.0,ADMA BioManufacturing Segment,1.5801299354046057,0.9735519852400596,0.0214982022977121,,1.5231549036172338
PBYI,2025.0,2.0,0.809853463496824,Product,0.8936073319291854,8.0,,,,,,,,,,,,,,,Product,0.0455360527906714,0.8936073319291854,0.0466958301154846,0.1784423078986518,-0.0090988770675322
QEPC,,,,,,,,,,,,,,,,,,,,,,,,,,
7636.T,,,,,,,,,,,,,,,,,,,,,,,,,,
AMBP3.SA,,,,,,,,,,,,,,,,,,,,,,,,,,
5122.T,,,,,,,,,,,,,,,,,,,,,,,,,,
VRT,2025.0,2.0,0.7050605897869633,Product,0.8202035210510367,6.0,2025.0,3.0,0.4244492241566637,Americas Segment,0.5797325102880658,6.0,Americas Segment,0.4081941338945154,0.5797325102880658,0.0588066329999225,0.1552445917511832,0.2653504013885874,0.0,0.0,Product,0.3123641198091811,0.8202035210510367,0.0221930864420848,0.0879005299039725,0.2768541401432887
0256.HK,,,,,,,,,,,,,,,,,,,,,,,,,,
VIKRAMTH.BO,,,,,,,,,,,,,,,,,,,,,,,,,,
CAPACITE.NS,,,,,,,,,,,,,,,,,,,,,,,,,,
MCS,2025.0,5.0,0.2291929606530169,Admission,0.3070463861078525,13.0,,,,,,,,,,,,,,,Food and Beverage,0.0807661775626744,0.1176023116426427,0.0052392371453863,0.0234357681892579,0.0326175466057436
CBT,2025.0,2.0,0.5461518054550343,Reinforcement Materials,0.6519075466443888,15.0,2025.0,3.0,0.3458179003621557,Asia Pacific,0.390142021720969,15.0,EMEA,-0.0353591160220994,0.2431077694235588,0.008651810874336,0.0211869053341827,-0.0696891191709844,0.0,0.0,Performance Chemicals,0.0,0.3480924533556112,0.0242582564644195,0.0515325670498084,-0.0696891191709844
FRD,2025.0,2.0,0.8348098550141139,Coil,0.909151472571048,4.0,,,,,,,,,,,,,,,Coil,4.48396968894104,0.909151472571048,0.236042289073357,2.177789508511656,3.060170907725965
4611.T,,,,,,,,,,,,,,,,,,,,,,,,,,
CKPDY,,,,,,,,,,,,,,,,,,,,,,,,,,
6238.T,,,,,,,,,,,,,,,,,,,,,,,,,,
003310.KQ,,,,,,,,,,,,,,,,,,,,,,,,,,
LKQ,2025.0,2.0,0.6664422973420836,Europe Segment,0.7884807596201899,14.0,2025.0,4.0,0.3238383549440978,UNITED STATES,0.4557175298512929,15.0,GERMANY,0.0565819861431871,0.134056113105267,0.013401289002167,0.0524984400793725,-0.0490421455938697,0.0,0.0,Specialty,0.0217260108630055,0.2115192403798101,0.0961212321619676,0.0183548112688681,-0.4425795668222021
NVST,2024.0,2.0,0.5413742299209149,Specialty Products and Technologies,0.6438301601210866,6.0,2025.0,3.0,0.436276228951353,UNITED STATES,0.4711527854384997,7.0,All Other Countries,0.1163166397415185,0.4573634859349145,0.0135651907066822,0.04564086425843,0.0832072014657849,0.0714837286265857,0.0714837286265857,Specialty Products and Technologies,-0.015830491962981,0.6438301601210866,0.0038925018315872,0.0082626568428791,-0.0217806351061756
ALBLD.PA,,,,,,,,,,,,,,,,,,,,,,,,,,
CNR,2021.0,3.0,0.3481220782028111,Windows Segment,0.4159448353139104,5.0,2025.0,3.0,0.8576581025177548,UNITED STATES,0.9230467435557052,11.0,CANADA,0.0745784146167236,0.0750956798911375,0.0037458109239266,0.029641102104437,0.0209778936557025,0.0,0.0,Windows Segment,54.26599238457877,0.4159448353139104,0.3437484584197292,22.65844236160221,8.592628822081117
REDINGTON.NS,,,,,,,,,,,,,,,,,,,,,,,,,,
BLCYT.IS,,,,,,,,,,,,,,,,,,,,,,,,,,
2329.T,,,,,,,,,,,,,,,,,,,,,,,,,,
2753.T,,,,,,,,,,,,,,,,,,,,,,,,,,
MTHRF,,,,,,,,,,,,,,,,,,,,,,,,,,
AWI.SI,,,,,,,,,,,,,,,,,,,,,,,,,,
4394.T,,,,,,,,,,,,,,,,,,,,,,,,,,
002757.SZ,,,,,,,,,,,,,,,,,,,,,,,,,,
6574.TWO,,,,,,,,,,,,,,,,,,,,,,,,,,
TCMD,2025.0,2.0,0.8009818681194967,Sales revenue,0.8879316100290724,8.0,,,,,,,,,,,,,,,Sales revenue,0.14288783338281,0.8879316100290724,0.0141228013569264,0.0720254378425464,0.1247098817682876
PMNXF,,,,,,,,,,,,,,,,,,,,,,,,,,
WEBELSOLAR.NS,,,,,,,,,,,,,,,,,,,,,,,,,,
CRPG5.SA,,,,,,,,,,,,,,,,,,,,,,,,,,
600051.SS,,,,,,,,,,,,,,,,,,,,,,,,,,
BCY.SI,,,,,,,,,,,,,,,,,,,,,,,,,,
005720.KS,,,,,,,,,,,,,,,,,,,,,,,,,,
BOS.TO,,,,,,,,,,,,,,,,,,,,,,,,,,
AALLON.HE,,,,,,,,,,,,,,,,,,,,,,,,,,
600662.SS,,,,,,,,,,,,,,,,,,,,,,,,,,
III,,,,,,,2025.0,5.0,0.3840949808635421,Americas,0.5625312472685954,14.0,Americas,0.0128735371695845,0.5625312472685954,0.024748353756738,0.0633839220616925,-0.0316874587402881,0.0,0.0,,,,,,
DTCI.BK,,,,,,,,,,,,,,,,,,,,,,,,,,
9698.T,,,,,,,,,,,,,,,,,,,,,,,,,,
CYD,,,,,,,2018.0,1.0,1.0,CHINA,1.0,1.0,,,,,,,1.0,1.0,,,,,,
COST,2025.0,5.0,0.2793514838020878,Food and Sundries,0.3980743728086907,7.0,2025.0,3.0,0.5655915749440498,UNITED STATES,0.7268189002125457,16.0,UNITED STATES,0.0863622293543604,0.7268189002125457,0.0031371200802619,0.011785051859347,0.0816732363147614,0.0,0.0,Non-Foods,0.1128132180763759,0.2586516976401983,0.0072378805502053,0.0357209180324433,0.0816732363147614
1037.HK,,,,,,,,,,,,,,,,,,,,,,,,,,
6126.TWO,,,,,,,,,,,,,,,,,,,,,,,,,,
A,2025.0,3.0,0.3648729984962725,Agilent CrossLab,0.4185377086931491,15.0,2025.0,3.0,0.3417012354959234,Americas,0.4038572251007484,16.0,Americas,0.0905557714729887,0.4038572251007484,0.0086191298626531,0.0304528696799476,0.0672811059907834,0.0,0.0,Agilent CrossLab,0.7688564476885644,0.4185377086931491,0.1660031464811675,0.4604779905627892,0.0672811059907834
THNC.TO,,,,,,,,,,,,,,,,,,,,,,,,,,
CANTABIL.NS,,,,,,,,,,,,,,,,,,,,,,,,,,
123840.KQ,,,,,,,,,,,,,,,,,,,,,,,,,,
XTPEF,,,,,,,,,,,,,,,,,,,,,,,,,,
FDEV.L,,,,,,,,,,,,,,,,,,,,,,,,,,
ICF.MI,,,,,,,,,,,,,,,,,,,,,,,,,,
GAU.TO,,,,,,,,,,,,,,,,,,,,,,,,,,
600609.SS,,,,,,,,,,,,,,,,,,,,,,,,,,
7781.T,,,,,,,,,,,,,,,,,,,,,,,,,,
MOVI3.SA,,,,,,,,,,,,,,,,,,,,,,,,,,
6563.T,,,,,,,,,,,,,,,,,,,,,,,,,,
BESS.JK,,,,,,,,,,,,,,,,,,,,,,,,,,
4975.T,,,,,,,,,,,,,,,,,,,,,,,,,,
003610.KS,,,,,,,,,,,,,,,,,,,,,,,,,,
GYL.OL,,,,,,,,,,,,,,,,,,,,,,,,,,
VEE.AX,,,,,,,,,,,,,,,,,,,,,,,,,,
MODINSU.BO,,,,,,,,,,,,,,,,,,,,,,,,,,
5013.T,,,,,,,,,,,,,,,,,,,,,,,,,,
600060.SS,,,,,,,,,,,,,,,,,,,,,,,,,,
NAHARSPING.NS,,,,,,,,,,,,,,,,,,,,,,,,,,
CVHSY,,,,,,,,,,,,,,,,,,,,,,,,,,
CNXC,2025.0,1.0,1.0,Reportable Segment,1.0,5.0,2025.0,6.0,0.3427026136693064,OTHERS,0.5344210399923711,5.0,OTHERS,0.0616847499422539,0.5344210399923711,0.0176623394132811,0.0260882507874187,0.0265966171777725,0.27945722594989,0.0,,,,,,1.143963313065651
RSYSTEMS.NS,,,,,,,,,,,,,,,,,,,,,,,,,,
ZTS,2025.0,6.0,0.4927573828887369,Horses,0.6782899708517759,13.0,2025.0,2.0,0.504063582109308,United States Segment,0.5450753930060956,13.0,International Segment,0.0370550950755728,0.4549246069939044,0.0078888615710622,0.0162610910931667,0.0190714908456843,0.0,0.0,Horses,0.0483897880861003,0.6782899708517759,0.0192840328706894,0.0847275732811451,0.0185836815482736
MENNPIS.BO,,,,,,,,,,,,,,,,,,,,,,,,,,
4569.T,,,,,,,,,,,,,,,,,,,,,,,,,,
YMM,2025.0,3.0,0.5462985999922692,Value Added Tax Services,0.7009211162877801,5.0,,,,,,,,,,,,,,,Other Value Added Services,0.1732870359897753,0.077831355168179,0.013591037935202,0.1080227149135167,-0.0315942561393556
7885.T,,,,,,,,,,,,,,,,,,,,,,,,,,
TWODY,,,,,,,,,,,,,,,,,,,,,,,,,,
1965.T,,,,,,,,,,,,,,,,,,,,,,,,,,
267250.KS,,,,,,,,,,,,,,,,,,,,,,,,,,
1992.T,,,,,,,,,,,,,,,,,,,,,,,,,,
4992.T,,,,,,,,,,,,,,,,,,,,,,,,,,
42E.SI,,,,,,,,,,,,,,,,,,,,,,,,,,
RTMAF,,,,,,,,,,,,,,,,,,,,,,,,,,
LSAK,2026.0,5.0,0.2346048330520068,Transactional Fees,0.3455260327832919,16.0,2026.0,1.0,1.0,Rest Of World,1.0,15.0,Rest Of World,0.5773409975894679,1.0,0.0,,0.5773409975894679,0.0,0.0,Insurance Revenue,0.66442250149611,0.2286131146867229,0.1450540624560646,,-0.3916465950477968
3680.T,,,,,,,,,,,,,,,,,,,,,,,,,,
DWSN,2025.0,2.0,0.7024961686442182,Fee Revenue,0.818195041322314,3.0,2022.0,2.0,0.517064161718694,United States,0.5923692636072572,8.0,Canada,1.206846742741586,0.4076307363927428,0.1272905865648423,0.4787891152375497,0.5177161368698118,0.0,0.0,Fee Revenue,0.1570149030460554,0.818195041322314,0.0970067035387824,0.2460044285484207,0.0198370957736602
1203.HK,,,,,,,,,,,,,,,,,,,,,,,,,,
BSL.DE,,,,,,,,,,,,,,,,,,,,,,,,,,
XPLRA.OL,,,,,,,,,,,,,,,,,,,,,,,,,,
KRI.AT,,,,,,,,,,,,,,,,,,,,,,,,,,
BGWTATO.BO,,,,,,,,,,,,,,,,,,,,,,,,,,
1935.HK,,,,,,,,,,,,,,,,,,,,,,,,,,
300073.SZ,,,,,,,,,,,,,,,,,,,,,,,,,,
263690.KQ,,,,,,,,,,,,,,,,,,,,,,,,,,
3596.TW,,,,,,,,,,,,,,,,,,,,,,,,,,
FGP.L,,,,,,,,,,,,,,,,,,,,,,,,,,
ITAYY,,,,,,,,,,,,,,,,,,,,,,,,,,
SPMA.JK,,,,,,,,,,,,,,,,,,,,,,,,,,
LGND,2025.0,10.0,0.2119904266585068,Royalty,0.3254307382582893,11.0,,,,,,,,,,,,,,,Contract Revenue,1.433780980456382,0.1351701527291543,0.0647646877666158,0.6498005543473468,0.2676724712249019
BIR.TO,,,,,,,,,,,,,,,,,,,,,,,,,,
CPI.BK,,,,,,,,,,,,,,,,,,,,,,,,,,
NSP,,,,,,,2025.0,5.0,0.2096202704749296,Northeast,0.2778107386532186,8.0,Southeast,0.0496760259179265,0.1441708691782853,0.0019500121670735,0.0081714541234928,0.0354784211334664,0.0,0.0,,,,,,
AMZN,2025.0,7.0,0.2460064481360434,Online Stores,0.3756144305393598,15.0,2025.0,3.0,0.4368180403397999,North America Segment,0.5946306721493492,14.0,International Segment,0.7253602182624264,0.2258175204066261,0.0787359681438631,0.3760472312617338,0.1237775468329469,0.0,0.0,Advertising Services,0.2209591916604405,0.0957353917570063,0.0076200113015225,0.0528856890102565,0.1237775468329469
6943.T,,,,,,,,,,,,,,,,,,,,,,,,,,
STPGF,,,,,,,,,,,,,,,,,,,,,,,,,,
1732.TW,,,,,,,,,,,,,,,,,,,,,,,,,,
ASHOKA.NS,,,,,,,,,,,,,,,,,,,,,,,,,,
000513.SZ,,,,,,,,,,,,,,,,,,,,,,,,,,
9715.T,,,,,,,,,,,,,,,,,,,,,,,,,,
TRN,2025.0,1.0,1.0,Manufacturing,1.0,15.0,2017.0,1.0,1.0,MEXICO,1.0,7.0,MEXICO,-0.172381251966027,1.0,0.0,,-0.172381251966027,1.0,0.0,Manufacturing,-0.5088217086256707,1.0,0.0,,-0.5088217086256707
KO,2025.0,2.0,0.5175549107664656,Concentrate operations,0.5936880749254292,15.0,2025.0,3.0,0.4573899264791459,North America,0.6206350212307498,16.0,North America,0.0502439809105046,0.6206350212307498,0.1396932015484721,0.0284178917725629,-0.1861460697338559,0.2007098041700995,0.0,,,,,,-0.0058890616899948
KODK,2025.0,2.0,0.8643664485425342,Other,0.926829268292683,8.0,2025.0,4.0,0.3714766254711177,North America,0.4957904583723105,6.0,North America,0.0663983903420524,0.4957904583723105,0.0192803912582166,0.0424378133439868,0.0249280920421859,0.0168381665107577,0.0,Other,0.0857142857142856,0.926829268292683,0.0293933708567855,0.1678571428571428,0.0512820512820513
CGNT,2026.0,3.0,0.3994531665603503,Technology Service,0.4689244352453873,8.0,2026.0,8.0,0.3451321562887101,EMEA,0.4572147500531692,9.0,ISRAEL,0.1490128924966658,0.3576203739529496,-0.335219982888411,0.0453189055261055,1.2260546670013004,0.0,0.0,Product,0.2856972539045423,0.404358553248292,0.0455350573893858,0.1015424375225477,0.1409141207876063
3355.T,,,,,,,,,,,,,,,,,,,,,,,,,,
NCNO,2026.0,2.0,0.7881020381017947,License and Service,0.8795405367689957,6.0,2026.0,2.0,0.65554431038251,UNITED STATES,0.7788765949147669,6.0,Non-US,0.1315981931598193,0.221123405085233,0.0061534703576701,0.0200567868577398,0.1001078317676456,0.0,0.0,License and Service,0.1150248951335128,0.8795405367689957,0.01176669864242,0.0564073824518436,0.1001078317676456
5015.TWO,,,,,,,,,,,,,,,,,,,,,,,,,,
DCW.NS,,,,,,,,,,,,,,,,,,,,,,,,,,
SNA,2025.0,4.0,0.2966190643556586,Tools Group,0.343971010433443,14.0,2025.0,3.0,0.5748127986686604,North America,0.7322351086122119,15.0,Europe,0.1428769209469749,0.1712691134670843,0.0178298476303167,0.0670143962623609,0.0238985427199727,0.0,0.0,Repair Systems And Information Group,0.0440513932921742,0.3286009383096421,0.0112255212678585,0.0252712028427452,0.0083849670779714
6029.T,,,,,,,,,,,,,,,,,,,,,,,,,,
5658.T,,,,,,,,,,,,,,,,,,,,,,,,,,
6246.TWO,,,,,,,,,,,,,,,,,,,,,,,,,,
9265.T,,,,,,,,,,,,,,,,,,,,,,,,,,
PPCLY,,,,,,,,,,,,,,,,,,,,,,,,,,
ALFA.L,,,,,,,,,,,,,,,,,,,,,,,,,,
TKS.BK,,,,,,,,,,,,,,,,,,,,,,,,,,
LIC.NZ,,,,,,,,,,,,,,,,,,,,,,,,,,
DEEPAKFERT.NS,,,,,,,,,,,,,,,,,,,,,,,,,,
SBC,2025.0,5.0,0.2329228019072606,Procurement Services,0.3228730011756578,1.0,,,,,,,,,,,,,,,,,,,,
215480.KQ,,,,,,,,,,,,,,,,,,,,,,,,,,
018290.KQ,,,,,,,,,,,,,,,,,,,,,,,,,,
ULTA,2025.0,1.0,1.0,Gift card breakage,1.0,14.0,,,,,,,,,,,,,,,Gift card breakage,0.1103198452229037,1.0,0.0,,0.1103198452229037
051390.KQ,,,,,,,,,,,,,,,,,,,,,,,,,,
IRCKF,,,,,,,,,,,,,,,,,,,,,,,,,,
VCIGF,,,,,,,,,,,,,,,,,,,,,,,,,,
600444.SS,,,,,,,,,,,,,,,,,,,,,,,,,,
AGE.BK,,,,,,,,,,,,,,,,,,,,,,,,,,
ANPDY,,,,,,,,,,,,,,,,,,,,,,,,,,
YNGA.L,,,,,,,,,,,,,,,,,,,,,,,,,,
INDSUCR.BO,,,,,,,,,,,,,,,,,,,,,,,,,,
GM,2025.0,4.0,0.7110691312905447,GMNA,0.8350261086009577,15.0,2025.0,2.0,0.7076428964801456,UNITED STATES,0.8222133582582708,15.0,UNITED STATES,-0.0172767120168497,0.8222133582582708,0.0032676337498037,0.0107855255493478,-0.0211822430451149,0.0,0.0,GM Financial Segment,0.0746456692913386,0.0923135196558534,0.0076608488974188,0.0481183318565991,-0.0145362633377947
026040.KQ,,,,,,,,,,,,,,,,,,,,,,,,,,
GMBXF,,,,,,,,,,,,,,,,,,,,,,,,,,
5408.T,,,,,,,,,,,,,,,,,,,,,,,,,,
096870.KQ,,,,,,,,,,,,,,,,,,,,,,,,,,
QUAL3.SA,,,,,,,,,,,,,,,,,,,,,,,,,,
006980.KS,,,,,,,,,,,,,,,,,,,,,,,,,,
6637.T,,,,,,,,,,,,,,,,,,,,,,,,,,
BTMD,2025.0,5.0,0.6443494980963185,Product Revenue,0.7819909971719741,4.0,2025.0,2.0,0.9896483133572492,UNITED STATES,0.9947970863683664,4.0,UNITED STATES,-0.0254841997961263,0.9947970863683664,-3.6068652194631845e-05,,-0.0254488664885229,0.0,0.0,Dietary Supplements,0.1906269087678382,0.1794039391556083,0.0273869217583584,0.1091399213002736,0.0088716689035766
238090.KQ,,,,,,,,,,,,,,,,,,,,,,,,,,
MOLA.BA,,,,,,,,,,,,,,,,,,,,,,,,,,
PWR,2025.0,2.0,0.689290162528285,Electric Power Infrastructure,0.8076444071718881,15.0,2025.0,4.0,0.8667712765861093,UNITED STATES,0.9298892119533436,14.0,UNITED STATES,0.2256768434132816,0.9298892119533436,0.0171618808545019,,0.2030559551586537,0.0,0.0,Electric Power Infrastructure,1.05986462179941,0.8076444071718881,0.3359428189141433,0.4421919675483817,0.2030559551586537
6198.T,,,,,,,,,,,,,,,,,,,,,,,,,,
0071.HK,,,,,,,,,,,,,,,,,,,,,,,,,,
HTC.BK,,,,,,,,,,,,,,,,,,,,,,,,,,
DAR,2025.0,3.0,0.4958654410366391,Feed Ingredients,0.6502881332204019,15.0,2025.0,4.0,0.448072490105931,North America,0.5882471600716596,9.0,South America,0.1315617344147659,0.0971821333218939,0.0045884225571198,0.0278642683702266,0.0781354181826992,0.0971821333218939,0.0,Fuel Ingredients,0.0913663902337114,0.0979092312313301,0.0015928454688643,0.0241129863132341,0.0736113942267735
MAYURUNIQ.NS,,,,,,,,,,,,,,,,,,,,,,,,,,
7590.T,,,,,,,,,,,,,,,,,,,,,,,,,,
6247.T,,,,,,,,,,,,,,,,,,,,,,,,,,
AVPT,2024.0,4.0,0.6028597213846678,SaaS,0.7613879492726773,4.0,2024.0,3.0,0.3424806946458618,North America,0.4111267784629722,4.0,Asia Pacific,0.3321226006537956,0.2885361381255257,0.0251975931057519,0.076641028156414,0.2157895704957233,0.0,0.0,Service,-0.0169438553409978,0.1052699520696126,0.0329873082950047,0.4038805506929944,-0.3249935454721487
RSSS,2026.0,2.0,0.5095181407584739,Transactions,0.5689860158237663,12.0,2026.0,1.0,1.0,Europe,1.0,5.0,Europe,0.0161238973891968,1.0,0.0,,0.0161238973891968,0.0,0.0,Platforms,0.0984020369603964,0.4310139841762336,0.0446202799591767,0.0926579007913954,-0.0153089055988667
AKSO.OL,,,,,,,,,,,,,,,,,,,,,,,,,,
TTA.BK,,,,,,,,,,,,,,,,,,,,,,,,,,
3484.TWO,,,,,,,,,,,,,,,,,,,,,,,,,,
CCS,2025.0,4.0,0.4883468582770247,Home Building,0.4945824904189659,12.0,2025.0,3.0,0.340772690093224,West,0.3979838490518541,1.0,,,,,,,0.0,0.0,Home Building,-0.0861636027947287,0.4945824904189659,-8.08582638152644e-05,0.0006387021634743,-0.0860142015807338
243070.KQ,,,,,,,,,,,,,,,,,,,,,,,,,,
OLA.TO,,,,,,,,,,,,,,,,,,,,,,,,,,
SGI,,,,,,,2025.0,1.0,1.0,UNITED STATES,1.0,1.0,,,,,,,0.0,0.0,,,,,,
AIM.AX,,,,,,,,,,,,,,,,,,,,,,,,,,
KEYS,2024.0,2.0,0.5698519441425023,Communications Solutions Group,0.6868849166499297,10.0,2024.0,3.0,0.3652811581689894,Americas,0.4127334806185981,10.0,Europe,-0.0230125523012552,0.18758786905001,0.0126244722710935,0.0464041564660138,-0.0887628111273791,0.0,0.0,Communications Solutions Group,-0.0719131614654002,0.6868849166499297,0.0124705681872649,0.0258759094303128,-0.0887628111273791
9353.T,,,,,,,,,,,,,,,,,,,,,,,,,,
6599.T,,,,,,,,,,,,,,,,,,,,,,,,,,
RELY,2025.0,1.0,1.0,Reportable Segment,1.0,5.0,2025.0,3.0,0.5051743080363824,UNITED STATES,0.6623924332185425,8.0,UNITED STATES,0.3116320243360153,0.6623924332185425,0.0090726762319851,0.0698029973613613,0.2936668241079843,0.0,0.0,Reportable Segment,0.2936668241079843,1.0,0.0,,0.2936668241079843
PORT.BK,,,,,,,,,,,,,,,,,,,,,,,,,,
QSR,2025.0,4.0,0.4555877731878589,Tim Hortons,0.6252024142499631,11.0,2025.0,3.0,0.4114694327739542,UNITED STATES,0.4830400678397286,11.0,UNITED STATES,0.204599524187153,0.4830400678397286,0.0330043790460098,0.0667377254868479,0.1222935998096597,0.0,0.0,Tim Hortons,0.0512376237623761,0.6252024142499631,0.151190915951242,0.0040567639557499,-0.202980171301185
6832.T,,,,,,,,,,,,,,,,,,,,,,,,,,
UFI,2026.0,4.0,0.3924782775860155,Third Party Manufacturer,0.4967109163697551,10.0,2026.0,4.0,0.3737680084740729,UNITED STATES,0.5410735493682512,11.0,,,,,,-0.0700821221540788,0.3863369866159234,0.1696094319060875,All Other Products And Services,-0.0570356302444708,0.3518472510036646,0.0048680230779316,0.0179098204924293,-0.0700821221540788
2916.T,,,,,,,,,,,,,,,,,,,,,,,,,,
009810.KS,,,,,,,,,,,,,,,,,,,,,,,,,,
HWM,2025.0,2.0,0.590310750461297,Engine Products Segment,0.7124979417092047,15.0,2025.0,10.0,0.3890067819681085,UNITED STATES,0.605645496056455,14.0,JAPAN,0.4450704225352113,0.0709838107098381,0.0162842729594529,0.1878715482757411,0.1135593220338984,0.0617130206171302,0.017988100179881,Engine Products Segment,0.1563335114911812,0.7124979417092047,0.1272617828102369,0.0245840036847155,-0.0502033156083828
6182.T,,,,,,,,,,,,,,,,,,,,,,,,,,
CVX.V,,,,,,,,,,,,,,,,,,,,,,,,,,
2735.T,,,,,,,,,,,,,,,,,,,,,,,,,,
TT,2025.0,2.0,0.5485296856548362,Product,0.6557717651804014,14.0,2025.0,3.0,0.6696633867018305,Americas,0.805219047083046,11.0,EMEA,0.0959831032189932,0.1314188698005337,0.0025412498551757,0.051158178349695,0.0747900515167707,0.0,0.0,Service,0.1250670631696737,0.3442282348195986,0.0153828758656612,0.0374556090192129,0.0747900515167707
208370.KQ,,,,,,,,,,,,,,,,,,,,,,,,,,
PATI4.SA,,,,,,,,,,,,,,,,,,,,,,,,,,
7264.T,,,,,,,,,,,,,,,,,,,,,,,,,,
HOTEL.MX,,,,,,,,,,,,,,,,,,,,,,,,,,
KPEL.BO,,,,,,,,,,,,,,,,,,,,,,,,,,
1112.HK,,,,,,,,,,,,,,,,,,,,,,,,,,
601218.SS,,,,,,,,,,,,,,,,,,,,,,,,,,
KIRLOSIND.BO,,,,,,,,,,,,,,,,,,,,,,,,,,
HTHT,2025.0,11.0,0.1876185869094045,Leased And Owned Hotels,0.2591398710607456,8.0,2025.0,3.0,0.6772665468965747,CHINA,0.8100130398703916,6.0,CHINA,0.0798040455120101,0.8100130398703916,0.0154041913500283,0.049573715425475,0.0592691808630865,0.8656498202078476,0.8656498202078476,Central Reservation System Usage Fees Other System Maintenance And Support Fees,0.2962628089210368,0.0861130020422055,0.0158640183023681,0.1542699964532356,0.0574610433604336
3515.TW,,,,,,,,,,,,,,,,,,,,,,,,,,
PEXIP.OL,,,,,,,,,,,,,,,,,,,,,,,,,,
7438.T,,,,,,,,,,,,,,,,,,,,,,,,,,
HTECH.BK,,,,,,,,,,,,,,,,,,,,,,,,,,
NTG.DE,,,,,,,,,,,,,,,,,,,,,,,,,,
002960.KS,,,,,,,,,,,,,,,,,,,,,,,,,,
1899.T,,,,,,,,,,,,,,,,,,,,,,,,,,
CARS,2022.0,4.0,0.7031431389811668,Subscription Advertising And Digital Solutions,0.8271124800420875,5.0,,,,,,,,,,,,,,,Display Advertising,0.0379011142551868,0.13518924077348,-0.0013689145714628,,0.0484108112614902
6498.TWO,,,,,,,,,,,,,,,,,,,,,,,,,,
CAA.AX,,,,,,,,,,,,,,,,,,,,,,,,,,
036620.KQ,,,,,,,,,,,,,,,,,,,,,,,,,,
ELCO.L,,,,,,,,,,,,,,,,,,,,,,,,,,
GCT,2025.0,4.0,0.5123143397660095,Product,0.6404242779627107,4.0,2023.0,5.0,0.5529976733332215,UNITED STATES,0.72472345754642,1.0,,,,,,,0.0216872094511024,0.0216872094511024,Service,0.2224322171563324,0.3182270520306822,0.0289099772079986,0.0797996385355277,0.1113779013437803
PA3.SI,,,,,,,,,,,,,,,,,,,,,,,,,,
INFU,2025.0,2.0,0.5110930111023214,Patient Services,0.5744748652309,5.0,,,,,,,,,,,,,,,Patient Services,0.0765632386971559,0.5744748652309,0.0088906552601016,0.0191763826185781,0.0599021918868523
AGPPF,,,,,,,,,,,,,,,,,,,,,,,,,,
ABSSF,,,,,,,,,,,,,,,,,,,,,,,,,,
BODI,2025.0,3.0,0.5155649150914066,Digital,0.605676600520006,2.0,2025.0,2.0,0.8594122248158091,UNITED STATES,0.92391757737549,2.0,UNITED STATES,-0.3834156506247366,0.92391757737549,0.0232427858302031,0.0780832653912881,-0.3989269238483653,0.0,0.0,Digital,-0.3167316736131232,0.605676600520006,0.0760424939108825,0.0819088723796922,-0.4025157826643309
192650.KS,,,,,,,,,,,,,,,,,,,,,,,,,,
6869.T,,,,,,,,,,,,,,,,,,,,,,,,,,
3546.TWO,,,,,,,,,,,,,,,,,,,,,,,,,,
STRN.SW,,,,,,,,,,,,,,,,,,,,,,,,,,
6047.T,,,,,,,,,,,,,,,,,,,,,,,,,,
CLW,2025.0,2.0,0.685444259733377,Foodservice,0.8045030867933665,15.0,2025.0,2.0,0.8391439503986402,UNITED STATES,0.9117911791179116,15.0,UNITED STATES,0.1322954091816366,0.9117911791179116,0.0066094200660941,0.0432818509322817,0.1240875912408758,0.0,0.0,Other,0.5694849368318755,0.1954969132066335,0.0355404387779066,0.169827590547692,0.2841598010259598
ALLE,2025.0,2.0,0.8725160844836084,Product,0.931576229931404,12.0,2025.0,2.0,0.62483409732328,Americas,0.7498340422393234,12.0,Allegion International,0.113847837985769,0.2501659577606766,0.0079995827010297,0.0234996352275366,0.0782302104872487,0.0,0.0,Non Mechanical Product Revenues [Domain],0.0973974763406939,0.0684237700685958,0.0011950971456331,0.0102743648400451,0.0782302104872487
BTS.BK,,,,,,,,,,,,,,,,,,,,,,,,,,
BAH,2026.0,3.0,0.4305293924136994,Cost Reimbursable Contract,0.5872336631898012,8.0,2024.0,1.0,1.0,UNITED STATES,1.0,6.0,UNITED STATES,0.1616287312992723,1.0,0.0,,0.1616287312992723,0.0,0.0,Cost Reimbursable Contract,-0.0404952658412236,0.5872336631898012,0.0141952658609196,0.0292800216120283,-0.0636894824707846
601615.SS,,,,,,,,,,,,,,,,,,,,,,,,,,
KSFTF,,,,,,,,,,,,,,,,,,,,,,,,,,
8131.T,,,,,,,,,,,,,,,,,,,,,,,,,,
IVU.DE,,,,,,,,,,,,,,,,,,,,,,,,,,
3788.T,,,,,,,,,,,,,,,,,,,,,,,,,,
DMVF3.SA,,,,,,,,,,,,,,,,,,,,,,,,,,
600623.SS,,,,,,,,,,,,,,,,,,,,,,,,,,
6245.T,,,,,,,,,,,,,,,,,,,,,,,,,,
119830.KQ,,,,,,,,,,,,,,,,,,,,,,,,,,
RTMNF,,,,,,,,,,,,,,,,,,,,,,,,,,
GMAT3.SA,,,,,,,,,,,,,,,,,,,,,,,,,,
267850.KS,,,,,,,,,,,,,,,,,,,,,,,,,,
NXPI,2018.0,2.0,0.9214960950722028,High Performance Mixed Signal,0.9590730307218028,6.0,2025.0,9.0,0.161917905955277,UNITED STATES,0.2625315836661505,13.0,GERMANY,1.6351501668520578,0.1930882712527508,0.1218182538118121,0.8578564413240944,-0.027350562866656,0.3096421876273535,0.1659466949221615,High Performance Mixed Signal,0.0316752429959976,0.9590730307218028,0.0142804637382246,,0.0163137424373378
MRVE3.SA,,,,,,,,,,,,,,,,,,,,,,,,,,
DR.TO,,,,,,,,,,,,,,,,,,,,,,,,,,
GTN.AX,,,,,,,,,,,,,,,,,,,,,,,,,,
YRAIF,,,,,,,,,,,,,,,,,,,,,,,,,,
ZSHGY,,,,,,,,,,,,,,,,,,,,,,,,,,
0045.HK,,,,,,,,,,,,,,,,,,,,,,,,,,
6331.T,,,,,,,,,,,,,,,,,,,,,,,,,,
SPSC,,,,,,,,,,,,,,,,,,,,,,,,,,
BWA,2023.0,3.0,0.4135692773292759,Air Management,0.5458515283842795,12.0,2025.0,4.0,0.2973643350337274,Europe,0.34192348565356,16.0,Other Foreign,0.112814895947426,0.067481402763018,0.0056334146855217,0.0470566943417718,0.0199160005419318,0.0,0.0,Air Management,0.0871089914434002,0.5458515283842795,0.1099070533644054,0.3567100512772556,-0.1317801015104261
4933.TWO,,,,,,,,,,,,,,,,,,,,,,,,,,
RET-A.V,,,,,,,,,,,,,,,,,,,,,,,,,,
6964.T,,,,,,,,,,,,,,,,,,,,,,,,,,
43Q.SI,,,,,,,,,,,,,,,,,,,,,,,,,,
CVE.TO,,,,,,,,,,,,,,,,,,,,,,,,,,
SDG.L,,,,,,,,,,,,,,,,,,,,,,,,,,
BCV.SI,,,,,,,,,,,,,,,,,,,,,,,,,,
300247.SZ,,,,,,,,,,,,,,,,,,,,,,,,,,
002483.SZ,,,,,,,,,,,,,,,,,,,,,,,,,,
PTT.BK,,,,,,,,,,,,,,,,,,,,,,,,,,
ICBP.JK,,,,,,,,,,,,,,,,,,,,,,,,,,
VIJSOLX.BO,,,,,,,,,,,,,,,,,,,,,,,,,,
CTS,2012.0,2.0,0.5015425358701475,Components and Sensors Segment,0.527771711057724,1.0,2019.0,6.0,0.4037342011141835,UNITED STATES,0.5968115070607827,8.0,CHINA,0.100302343159486,0.1862306742658299,0.0175104442043824,0.094157102045073,-0.0031542053591734,0.2992884846236346,0.2284695702975912,,,,,,
6989.T,,,,,,,,,,,,,,,,,,,,,,,,,,
1475.HK,,,,,,,,,,,,,,,,,,,,,,,,,,
VADILALIND.NS,,,,,,,,,,,,,,,,,,,,,,,,,,
QUINENCO.SN,,,,,,,,,,,,,,,,,,,,,,,,,,
ACCS,,,,,,,,,,,,,,,,,,,,,,,,,,
STR.VI,,,,,,,,,,,,,,,,,,,,,,,,,,
6202.TW,,,,,,,,,,,,,,,,,,,,,,,,,,
6045.T,,,,,,,,,,,,,,,,,,,,,,,,,,
VOITHPAPR.BO,,,,,,,,,,,,,,,,,,,,,,,,,,
CUERVO.MX,,,,,,,,,,,,,,,,,,,,,,,,,,
TPLWF,,,,,,,,,,,,,,,,,,,,,,,,,,
G92.SI,,,,,,,,,,,,,,,,,,,,,,,,,,
SICAGEN.NS,,,,,,,,,,,,,,,,,,,,,,,,,,
CNE.L,,,,,,,,,,,,,,,,,,,,,,,,,,
000778.SZ,,,,,,,,,,,,,,,,,,,,,,,,,,
MOHITE.BO,,,,,,,,,,,,,,,,,,,,,,,,,,
COS.AX,,,,,,,,,,,,,,,,,,,,,,,,,,
J,2025.0,2.0,0.8117283264889086,Infrastructure & Advanced Facilities,0.8947963566757605,10.0,2025.0,7.0,0.4424829717529817,UNITED STATES,0.6164254168175768,16.0,Europe,0.0677753079056318,0.2387047214401124,0.0048718550685694,0.0173904490621754,0.0459824983016607,0.0645443064101821,0.0,PA Consulting,0.0746302494892525,0.1052036433242395,0.002804543980977,,0.0459824983016607
6JF.F,,,,,,,,,,,,,,,,,,,,,,,,,,
ZIJMF,,,,,,,,,,,,,,,,,,,,,,,,,,
WJXFF,,,,,,,,,,,,,,,,,,,,,,,,,,
090430.KS,,,,,,,,,,,,,,,,,,,,,,,,,,
1044.HK,,,,,,,,,,,,,,,,,,,,,,,,,,
FELE,2025.0,3.0,0.4241508595067766,Water Systems,0.5568902087673419,15.0,2025.0,2.0,0.5638629161414359,UNITED STATES,0.6786937549852203,15.0,Non-US,0.1029151232082461,0.3213062450147797,0.0141276965558671,0.0349979786278306,0.054420422500371,0.0,0.0,Energy Systems,0.0924369747899158,0.1325295864545011,0.0048233527852215,0.0287420646036968,0.0526782381485628
AM,2025.0,3.0,0.6606276427625425,Natural Gas Gathering Transportation Marketing And Processing Affiliate,0.7841200605512836,7.0,,,,,,,,,,,,,,,Natural Gas Water Handling And Treatment Affiliate,0.0825410475050028,0.2139618997091568,0.0025034911406294,0.0082160771327789,0.0698746245321255
GAIA,2018.0,2.0,0.9193360595476124,Streaming,0.9578952170243824,4.0,2025.0,2.0,0.5204904699359598,UNITED STATES,0.6012187481051802,13.0,UNITED STATES,0.1838931783809598,0.6012187481051802,0.0451061799080197,0.1000491047099135,0.0950720980932462,0.0,0.0,,,,,,2.2575228471654656
CONTROLPR.NS,,,,,,,,,,,,,,,,,,,,,,,,,,
605228.SS,,,,,,,,,,,,,,,,,,,,,,,,,,
NMYSF,,,,,,,,,,,,,,,,,,,,,,,,,,
CHNVF,,,,,,,,,,,,,,,,,,,,,,,,,,
ENRO.ST,,,,,,,,,,,,,,,,,,,,,,,,,,
6821.TWO,,,,,,,,,,,,,,,,,,,,,,,,,,
BBN.AX,,,,,,,,,,,,,,,,,,,,,,,,,,
PAF.BK,,,,,,,,,,,,,,,,,,,,,,,,,,
VENKEYS.NS,,,,,,,,,,,,,,,,,,,,,,,,,,
8226.T,,,,,,,,,,,,,,,,,,,,,,,,,,
036830.KQ,,,,,,,,,,,,,,,,,,,,,,,,,,
THE.BK,,,,,,,,,,,,,,,,,,,,,,,,,,
CHE,2025.0,2.0,0.5407281971196003,Segment Vitas,0.6427028330475614,9.0,,,,,,,,,,,,,,,,,,,,-0.1567804245950459
DOM.ST,,,,,,,,,,,,,,,,,,,,,,,,,,
ABM,2024.0,4.0,0.4623926801940942,Janitorial,0.64781259892371,14.0,2025.0,2.0,0.8488104920071464,UNITED STATES,0.917618541259333,13.0,Non-US,0.2040441176470588,0.082381458740667,0.010796517417829,0.0849815094027148,0.0462478915698683,0.0,0.0,Building And Energy Solutions,0.2003856422426579,0.1024754669199113,0.0146764332041447,0.0912267157358106,0.0284676190600217
CCOEF,,,,,,,,,,,,,,,,,,,,,,,,,,
SKS.AX,,,,,,,,,,,,,,,,,,,,,,,,,,
PATI3.SA,,,,,,,,,,,,,,,,,,,,,,,,,,
5962.T,,,,,,,,,,,,,,,,,,,,,,,,,,
BON.PA,,,,,,,,,,,,,,,,,,,,,,,,,,
016590.KS,,,,,,,,,,,,,,,,,,,,,,,,,,
GGPS3.SA,,,,,,,,,,,,,,,,,,,,,,,,,,
WCN,2025.0,6.0,0.429469959063972,Solid Waste Collection,0.6216052275261081,15.0,2025.0,5.0,0.2036486055116478,Southern,0.2246902639397059,15.0,Eastern,0.0928656469884445,0.2145632396261174,0.0056223899169822,0.0203760281642662,0.0642283240017524,0.0,0.0,Exploration And Production Waste Treatment Recovery And Disposal,0.3207204546849114,0.0634456649869992,0.0122926916978667,0.1239424857336681,0.0648289076133383
CB4.F,,,,,,,,,,,,,,,,,,,,,,,,,,
AMA.AX,,,,,,,,,,,,,,,,,,,,,,,,,,
WJX.TO,,,,,,,,,,,,,,,,,,,,,,,,,,
ST5.DE,,,,,,,,,,,,,,,,,,,,,,,,,,
ACEL,2025.0,4.0,0.874889756088221,Video Gaming,0.9342662439141672,7.0,2025.0,7.0,0.5472745730781509,ILLINOIS,0.723661868125263,4.0,ILLINOIS,0.0624252679323871,0.723661868125263,-0.0128065487030645,0.0459125993030061,0.0812268678735177,0.0,0.0,Video Gaming,0.0602791494035097,0.9342662439141672,-0.0184581072489786,,0.0812268678735177
CCL,2025.0,2.0,0.5476373777679265,Tour And Other,0.654333045340145,16.0,2025.0,1.0,1.0,Europe Australia And Asia Cruise Brands,1.0,16.0,Europe Australia And Asia Cruise Brands,0.1180509705532812,1.0,0.6858588791637283,,-0.6487742149583109,0.0,0.0,Cruise,0.0752512269221781,0.345666954659855,0.0036342621215871,0.0085908081400661,0.0639462851204988
SXP.TO,,,,,,,,,,,,,,,,,,,,,,,,,,
ANP.L,,,,,,,,,,,,,,,,,,,,,,,,,,
LII,2025.0,2.0,0.5412093019736313,Residential Heating and Cooling,0.6435432025099609,15.0,2025.0,2.0,0.5412093019736313,Residential Heating and Cooling,0.6435432025099609,12.0,,,,,,19.98263327948304,0.0,0.0,Commercial Heating and Cooling,0.049710917129577,0.356456797490039,0.0261626743364996,0.0575215847563962,-0.0273341695841836
5983.T,,,,,,,,,,,,,,,,,,,,,,,,,,
JAYBARMARU.NS,,,,,,,,,,,,,,,,,,,,,,,,,,
6176.TW,,,,,,,,,,,,,,,,,,,,,,,,,,
MHK,2025.0,3.0,0.3696129624897806,Global Ceramic Segment,0.4347391626833691,15.0,2025.0,3.0,0.465127010394084,UNITED STATES,0.586758843417268,15.0,Europe,0.0539398303227625,0.3397688853004996,0.0165998192057837,0.0376512302006453,0.0024483271450683,0.0734722712822324,0.0,Laminate and Wood,0.0135346173867776,0.1805154936541948,0.0037490045480981,0.0213136503200932,-0.0075147995542241
4299.T,,,,,,,,,,,,,,,,,,,,,,,,,,
ILP.MI,,,,,,,,,,,,,,,,,,,,,,,,,,
TEQ.ST,,,,,,,,,,,,,,,,,,,,,,,,,,
6894.T,,,,,,,,,,,,,,,,,,,,,,,,,,
0027.HK,,,,,,,,,,,,,,,,,,,,,,,,,,
MKEXIM.BO,,,,,,,,,,,,,,,,,,,,,,,,,,
1737.TW,,,,,,,,,,,,,,,,,,,,,,,,,,
BANSWRAS.NS,,,,,,,,,,,,,,,,,,,,,,,,,,
BRYFF,,,,,,,,,,,,,,,,,,,,,,,,,,
GPI,2025.0,6.0,0.3127078868169582,New And Used Vehicles,0.454317322476767,13.0,2025.0,2.0,0.6119887558189749,United States Segment,0.7366313121915344,9.0,United Kingdom Segment,1.8350820297596333,0.2633686878084655,0.0701472867505765,0.4398850184548575,1.0799683001898304,0.0,0.0,Used Vehicles - Retail,0.1642583213320603,0.173945207863919,0.0048603329969592,0.0223980617936,0.131726909828149
GPK,2022.0,1.0,1.0,Paperboard Mills,1.0,12.0,2025.0,2.0,0.60333640785542,Americas Paperboard Packaging,0.7273064097814005,15.0,,,,,,-0.0806176904734869,0.0,0.0,Paperboard Mills,0.2810327706057596,1.0,0.0,,0.2810327706057596
LORDSCHLO.BO,,,,,,,,,,,,,,,,,,,,,,,,,,
1696.HK,,,,,,,,,,,,,,,,,,,,,,,,,,
2331.HK,,,,,,,,,,,,,,,,,,,,,,,,,,
SOTL.NS,,,,,,,,,,,,,,,,,,,,,,,,,,
DOTD.L,,,,,,,,,,,,,,,,,,,,,,,,,,
BF-A,2026.0,5.0,0.5712587263201996,Whiskey,0.7385437881873728,14.0,2026.0,6.0,0.3089253456307216,UNITED STATES,0.4198065173116089,13.0,MEXICO,0.1947565543071161,0.0812118126272912,0.0140420013065365,0.088791594070493,-0.0118238993710692,0.0812118126272912,0.0,Ready-to-Drink,0.1038696537678207,0.1379837067209776,0.0144616941423612,0.1563664919337267,-0.0118238993710692
GLBE,2025.0,2.0,0.5019303154197992,Fulfillment Services,0.5310669874609617,5.0,2025.0,5.0,0.3589232935020224,UNITED STATES,0.5270179121695706,5.0,Other Countries,0.9495842367348885,0.0850409740229371,0.0292851195984428,0.3290142857542372,0.2782160145809311,0.0,0.0,Service Fees,0.288012651615279,0.4689330125390383,0.0035667091557734,0.0091620085830195,0.2782160145809311
HVT.L,,,,,,,,,,,,,,,,,,,,,,,,,,
0074.KL,,,,,,,,,,,,,,,,,,,,,,,,,,
9704.T,,,,,,,,,,,,,,,,,,,,,,,,,,
SIMTF,,,,,,,,,,,,,,,,,,,,,,,,,,
JTC.V,,,,,,,,,,,,,,,,,,,,,,,,,,
DWWEF,,,,,,,,,,,,,,,,,,,,,,,,,,
8435.TWO,,,,,,,,,,,,,,,,,,,,,,,,,,
TPIPL.BK,,,,,,,,,,,,,,,,,,,,,,,,,,
267790.KQ,,,,,,,,,,,,,,,,,,,,,,,,,,
PYS.NZ,,,,,,,,,,,,,,,,,,,,,,,,,,
PIERCE.ST,,,,,,,,,,,,,,,,,,,,,,,,,,
056190.KQ,,,,,,,,,,,,,,,,,,,,,,,,,,
PRM.MC,,,,,,,,,,,,,,,,,,,,,,,,,,
GFPT.BK,,,,,,,,,,,,,,,,,,,,,,,,,,
SMAR.JK,,,,,,,,,,,,,,,,,,,,,,,,,,
VICR,2025.0,2.0,0.5240538679412722,AdvancedProducts,0.6096673787898484,14.0,2025.0,4.0,0.4119659337828096,UNITED STATES,0.4921376204620543,8.0,Asia Pacific,0.2495441641470677,0.3983728271453835,0.0363672458743911,0.1122490574102321,0.1354739345732445,0.0,0.0,AdvancedProducts,0.2596323905761444,0.6096673787898484,0.0600932152842309,0.1378234172457916,0.1354739345732445
263860.KQ,,,,,,,,,,,,,,,,,,,,,,,,,,
5138.KL,,,,,,,,,,,,,,,,,,,,,,,,,,
601566.SS,,,,,,,,,,,,,,,,,,,,,,,,,,
VIAFIN.HE,,,,,,,,,,,,,,,,,,,,,,,,,,
601966.SS,,,,,,,,,,,,,,,,,,,,,,,,,,
INDGELA.BO,,,,,,,,,,,,,,,,,,,,,,,,,,
3984.T,,,,,,,,,,,,,,,,,,,,,,,,,,
4212.T,,,,,,,,,,,,,,,,,,,,,,,,,,
POKARNA.NS,,,,,,,,,,,,,,,,,,,,,,,,,,
SIMMOND.BO,,,,,,,,,,,,,,,,,,,,,,,,,,
1300.HK,,,,,,,,,,,,,,,,,,,,,,,,,,
WLY,2025.0,3.0,0.5325763017089274,Research Segment,0.6410665417269459,3.0,2025.0,5.0,0.3479585466430454,UNITED STATES,0.468057393119008,4.0,CHINA,0.1749062081472054,0.0905795684036424,0.0201778770717185,0.1423470297313369,-0.0868207293576101,0.0905795684036424,0.0905795684036424,Research Segment,0.0314125279920973,0.6410665417269459,0.0843595277433998,0.4508926116772872,-0.1043135910713742
000913.SZ,,,,,,,,,,,,,,,,,,,,,,,,,,
NRAIL.NS,,,,,,,,,,,,,,,,,,,,,,,,,,
037440.KQ,,,,,,,,,,,,,,,,,,,,,,,,,,
RPEL.BO,,,,,,,,,,,,,,,,,,,,,,,,,,
GNMLF,,,,,,,,,,,,,,,,,,,,,,,,,,
CMO.BK,,,,,,,,,,,,,,,,,,,,,,,,,,
2132.HK,,,,,,,,,,,,,,,,,,,,,,,,,,
SHIP,2021.0,2.0,0.6989521512549632,Time Charter,0.8153982809520077,4.0,,,,,,,,,,,,,,,Time Charter,2.438092090768892,0.8153982809520077,0.2421565096993437,1.196277577215911,1.4170494908832585
GOFORE.HE,,,,,,,,,,,,,,,,,,,,,,,,,,
PHM.MC,,,,,,,,,,,,,,,,,,,,,,,,,,
GNENF,,,,,,,,,,,,,,,,,,,,,,,,,,
CHA,2025.0,1.0,1.0,Product,1.0,1.0,,,,,,,,,,,,,,,,,,,,
1756.HK,,,,,,,,,,,,,,,,,,,,,,,,,,
300259.SZ,,,,,,,,,,,,,,,,,,,,,,,,,,
228850.KQ,,,,,,,,,,,,,,,,,,,,,,,,,,
CFW.TO,,,,,,,,,,,,,,,,,,,,,,,,,,
TBORG.IS,,,,,,,,,,,,,,,,,,,,,,,,,,
AKVA.OL,,,,,,,,,,,,,,,,,,,,,,,,,,
SNROF,,,,,,,,,,,,,,,,,,,,,,,,,,
ACM,2025.0,3.0,0.6524455683340284,Americas Segment,0.7760973010483532,12.0,2025.0,3.0,0.6283572762054652,Americas,0.7761282807504523,12.0,EMEA,0.0055101564324071,0.1334171850603484,0.0004501862090244,0.0075615231358455,0.0021172891248331,0.0,0.0,Americas Segment,0.0032196833177153,0.7760973010483532,0.0008528193495546,0.0023283912940555,0.0021172891248331
002546.SZ,,,,,,,,,,,,,,,,,,,,,,,,,,
7812.T,,,,,,,,,,,,,,,,,,,,,,,,,,
4025.T,,,,,,,,,,,,,,,,,,,,,,,,,,
OLN,2025.0,3.0,0.4008522171448863,Chlor Alkali Products and Vinyls Segment,0.5433577159037282,15.0,2025.0,2.0,0.5840856819492466,Other foreign,0.7050435099548954,15.0,Other foreign,0.1992405455672659,0.7050435099548954,0.5077376583624121,0.0531066816980344,-0.6643935108025871,0.0,0.0,Epoxy Segment,0.118649596346734,0.202306512505899,0.0148017342914986,0.0468311362523814,0.0368037185975749
ONON,2025.0,3.0,0.8691597419079052,Shoes,0.930488735525399,5.0,2025.0,5.0,0.2961433117894494,Americas,0.3779785824445554,5.0,Asia Pacific,0.9642582628747118,0.1110193974411886,0.0411614223022512,0.3339585042565738,0.2359921604424517,0.1656710906444816,0.0,Shoes,0.2749590834697217,0.930488735525399,-0.0183099531689028,,0.3000474485614459
0771.HK,,,,,,,,,,,,,,,,,,,,,,,,,,
FC,2025.0,4.0,0.4490861873983275,Subscriptions,0.553808594846986,8.0,2025.0,3.0,0.7325395801810953,Americas,0.8490640925310877,8.0,Europe Middle East Africa,-0.0367721023806862,0.0645381121591211,0.0022402564113484,0.0437882541670176,-0.0702078103839043,0.0645381121591211,0.0,Subscriptions,-0.0001149262106123,0.553808594846986,0.0388225034159874,0.0697633148561983,-0.0702078103839043
BKGFF,,,,,,,,,,,,,,,,,,,,,,,,,,
TATT,2025.0,2.0,0.5918917715491818,Service,0.7143499143330618,6.0,2025.0,4.0,0.3640560654304417,UNITED STATES,0.50974829126464,6.0,ISRAEL,0.1301369863013699,0.2901626082980644,-0.7098373917019356,,2.894840182648402,0.0,0.0,Service,0.2179855563856483,0.7143499143330618,0.027992134743801,0.0760856308442599,0.1702582239869572
0829.HK,,,,,,,,,,,,,,,,,,,,,,,,,,
YSN.DE,,,,,,,,,,,,,,,,,,,,,,,,,,
FNLPF,,,,,,,,,,,,,,,,,,,,,,,,,,
1963.T,,,,,,,,,,,,,,,,,,,,,,,,,,
SSRM,2025.0,5.0,0.5637125137783585,Gold,0.7119155983817255,8.0,2025.0,3.0,0.4613856623801499,UNITED STATES,0.6081108860439473,5.0,UNITED STATES,1.422834790049508,0.6081108860439473,0.1972856498589847,0.6227631873612017,0.6368094992256066,0.2819627929410047,0.0,Gold,0.7459412603913966,0.7119155983817255,0.044498978754519,0.1671571805346203,0.6368094992256066
6193.HK,,,,,,,,,,,,,,,,,,,,,,,,,,
KBRLF,,,,,,,,,,,,,,,,,,,,,,,,,,
KNDI,,,,,,,2023.0,2.0,0.6355700330304326,UNITED STATES,0.760355557872722,6.0,CHINA,-0.4297503961009387,0.2396444421272779,-0.760355557872722,,1.3795653211777603,0.2396444421272779,0.2396444421272779,,,,,,
JKIL.NS,,,,,,,,,,,,,,,,,,,,,,,,,,
CXT,2025.0,1.0,1.0,Engineered Materials,1.0,7.0,2025.0,3.0,0.4116868660307233,North America,0.5005734291060542,8.0,Rest of the World,0.2256203115983843,0.3846200277660409,0.034942868766848,0.0824952404098782,0.1142722625773473,0.0,0.0,Engineered Materials,0.1350833493006322,1.0,0.0,,0.1350833493006322
35320K.KS,,,,,,,,,,,,,,,,,,,,,,,,,,
8222.HK,,,,,,,,,,,,,,,,,,,,,,,,,,
4093.T,,,,,,,,,,,,,,,,,,,,,,,,,,
7282.T,,,,,,,,,,,,,,,,,,,,,,,,,,
6986.T,,,,,,,,,,,,,,,,,,,,,,,,,,
AIR.NZ,,,,,,,,,,,,,,,,,,,,,,,,,,
EVI,2012.0,1.0,1.0,Commercial and industrial laundry and dry cleaning equipment and boilers,1.0,1.0,,,,,,,,,,,,,,,,,,,,
LUMAXIND.NS,,,,,,,,,,,,,,,,,,,,,,,,,,
CLEBI.IS,,,,,,,,,,,,,,,,,,,,,,,,,,
7199.KL,,,,,,,,,,,,,,,,,,,,,,,,,,
ALF.NZ,,,,,,,,,,,,,,,,,,,,,,,,,,
KWS.DE,,,,,,,,,,,,,,,,,,,,,,,,,,
AMI.AX,,,,,,,,,,,,,,,,,,,,,,,,,,
PREV-B.ST,,,,,,,,,,,,,,,,,,,,,,,,,,
RSG,2025.0,8.0,0.2759138218036855,Collection Service Line,0.4472091727048332,16.0,2025.0,1.0,1.0,CANADA,1.0,3.0,CANADA,0.032967032967033,1.0,0.0,,0.032967032967033,0.0,0.0,Collection Service Line - Small-container,0.0487551867219917,0.2012500995302173,-0.1544694576653545,0.0335142587292775,0.8537269372693728
000915.SZ,,,,,,,,,,,,,,,,,,,,,,,,,,
4218.T,,,,,,,,,,,,,,,,,,,,,,,,,,
HQY,2026.0,3.0,0.3927166521797405,"Financial Service, Other",0.4848377795830608,8.0,,,,,,,,,,,,,,,"Financial Service, Other",0.1675534548068074,0.4848377795830608,0.0302404970948588,0.0626906296206541,0.0947303408808659
DEEPINDS.NS,,,,,,,,,,,,,,,,,,,,,,,,,,
ECG,2025.0,2.0,0.6538426899600651,Electrical And Mechanical Segment,0.7773469757903131,1.0,,,,,,,,,,,,,,,,,,,,
GRDZF,,,,,,,,,,,,,,,,,,,,,,,,,,
YDUQ3.SA,,,,,,,,,,,,,,,,,,,,,,,,,,
6161.TWO,,,,,,,,,,,,,,,,,,,,,,,,,,
000640.KS,,,,,,,,,,,,,,,,,,,,,,,,,,
033640.KQ,,,,,,,,,,,,,,,,,,,,,,,,,,
QUAGR.IS,,,,,,,,,,,,,,,,,,,,,,,,,,
KAMUX.HE,,,,,,,,,,,,,,,,,,,,,,,,,,
204020.KQ,,,,,,,,,,,,,,,,,,,,,,,,,,
INDTERRAIN.NS,,,,,,,,,,,,,,,,,,,,,,,,,,
2395.TW,,,,,,,,,,,,,,,,,,,,,,,,,,
FWL.NZ,,,,,,,,,,,,,,,,,,,,,,,,,,
2209.T,,,,,,,,,,,,,,,,,,,,,,,,,,
CPT.BK,,,,,,,,,,,,,,,,,,,,,,,,,,
CL,2025.0,2.0,0.6497936561128044,"Oral, Personal and Home Care",0.7736728485918948,15.0,2025.0,2.0,0.5239100850659121,"Oral, Personal and Home Care",0.6093391171217147,1.0,,,,,,,0.0,0.0,Pet Nutrition,0.0289984385456167,0.2263271514081052,0.0033034212454267,0.0096650535665719,0.0139794040097507
TWODF,,,,,,,,,,,,,,,,,,,,,,,,,,
ZFSTEERING.BO,,,,,,,,,,,,,,,,,,,,,,,,,,
BHATIA.BO,,,,,,,,,,,,,,,,,,,,,,,,,,
9889.T,,,,,,,,,,,,,,,,,,,,,,,,,,
RPKIF,,,,,,,,,,,,,,,,,,,,,,,,,,
KBL.TO,,,,,,,,,,,,,,,,,,,,,,,,,,
IRMD,2025.0,1.0,1.0,MRI Compatible Patient Vital Signs Monitoring Systems,1.0,12.0,2025.0,2.0,0.7337095340283843,UNITED STATES,0.8418402653494643,12.0,UNITED STATES,0.1641911832985836,0.8418402653494643,0.0143535244889695,0.0575308367499575,0.1443415190010677,0.0,0.0,MRI Compatible Patient Vital Signs Monitoring Systems,0.0825512620404487,1.0,0.0,,0.0825512620404487
000999.SZ,,,,,,,,,,,,,,,,,,,,,,,,,,
RADHIKAJWE.BO,,,,,,,,,,,,,,,,,,,,,,,,,,
AUSS.OL,,,,,,,,,,,,,,,,,,,,,,,,,,
3437.T,,,,,,,,,,,,,,,,,,,,,,,,,,
DOC.VI,,,,,,,,,,,,,,,,,,,,,,,,,,
RDWR,2025.0,2.0,0.5328022723325974,Products,0.6280669206559549,4.0,2025.0,4.0,0.2892024185569365,Europe Middle East Africa,0.3685704820274971,10.0,Europe Middle East Africa,0.1825989901674196,0.3685704820274971,0.0263302317364609,0.1042898028874629,0.0981155413271246,0.3685704820274971,0.0,Products,0.2196709921061266,0.6280669206559549,0.0625947146024042,0.1398707429909332,0.0981155413271246
TSSI,2024.0,3.0,0.7717724580387426,Procurement,0.8720437544219471,11.0,,,,,,,,,,,,,,,,,,,,36.327299703264096
NMM,,,,,,,2022.0,4.0,0.4731022015351699,Asia,0.6340266396151101,1.0,,,,,,,0.0,0.0,,,,,,
DOO,,,,,,,,,,,,,,,,,,,,,,,,,,
CJRCF,,,,,,,,,,,,,,,,,,,,,,,,,,
RUBFILA.BO,,,,,,,,,,,,,,,,,,,,,,,,,,
PXT.TO,,,,,,,,,,,,,,,,,,,,,,,,,,
INDIANHUME.NS,,,,,,,,,,,,,,,,,,,,,,,,,,
NEWGEN.NS,,,,,,,,,,,,,,,,,,,,,,,,,,
3998.HK,,,,,,,,,,,,,,,,,,,,,,,,,,
9355.T,,,,,,,,,,,,,,,,,,,,,,,,,,
FTDR,2025.0,3.0,0.7113667590027701,Renewals,0.8352631578947368,8.0,,,,,,,,,,,,,,,Real Estate Home Service Plan Contracts,0.1279999999999999,0.0742105263157894,0.0064231076606918,0.0389469219235175,0.0303687635574836
0097.KL,,,,,,,,,,,,,,,,,,,,,,,,,,
601766.SS,,,,,,,,,,,,,,,,,,,,,,,,,,
BAJAJCON.NS,,,,,,,,,,,,,,,,,,,,,,,,,,
FWONA,2024.0,2.0,0.8334088830760509,Formula 1,0.9082945524226664,9.0,2024.0,1.0,1.0,UNITED STATES,1.0,5.0,,,,,,2.2211538461538463,0.0,0.0,,,,,,-0.6015053998036435
AMAT,2025.0,3.0,0.5899138033838722,Semiconductor Systems,0.7331500282007897,15.0,2025.0,7.0,0.2085679323301932,CHINA,0.300655668358714,16.0,"TAIWAN, PROVINCE OF CHINA",0.7099750623441397,0.2417160180485053,0.0941593504005807,0.3478298557307978,0.04386223138063,0.7400592216582065,0.5423716864072194,Semiconductor Systems,0.044548239666516,0.7331500282007897,-0.0037212941040842,0.009422714210768,0.0498501165759963
1617.HK,,,,,,,,,,,,,,,,,,,,,,,,,,
090355.KS,,,,,,,,,,,,,,,,,,,,,,,,,,
SPC.BK,,,,,,,,,,,,,,,,,,,,,,,,,,
RE4.SI,,,,,,,,,,,,,,,,,,,,,,,,,,
ONC,2025.0,2.0,0.9822069262811146,Product,0.9910228743557242,1.0,2025.0,3.0,0.4297005778788195,UNITED STATES,0.5569907627285146,1.0,,,,,,,0.3247840356557751,0.3247840356557751,,,,,,
601811.SS,,,,,,,,,,,,,,,,,,,,,,,,,,
NWOEF,,,,,,,,,,,,,,,,,,,,,,,,,,
7501.KL,,,,,,,,,,,,,,,,,,,,,,,,,,
WIPRO.NS,,,,,,,,,,,,,,,,,,,,,,,,,,
6492.T,,,,,,,,,,,,,,,,,,,,,,,,,,
002942.SZ,,,,,,,,,,,,,,,,,,,,,,,,,,
5994.T,,,,,,,,,,,,,,,,,,,,,,,,,,
CRWS,,,,,,,,,,,,,,,,,,,,,,,,,,
4678.T,,,,,,,,,,,,,,,,,,,,,,,,,,
SSG.AX,,,,,,,,,,,,,,,,,,,,,,,,,,
HCHDF,,,,,,,,,,,,,,,,,,,,,,,,,,
688357.SS,,,,,,,,,,,,,,,,,,,,,,,,,,
BP.L,,,,,,,,,,,,,,,,,,,,,,,,,,
AZO,2025.0,1.0,1.0,Auto Parts Locations,1.0,16.0,2025.0,2.0,0.78924440688077,UNITED STATES,0.8802922605580937,1.0,,,,,,,0.0,0.0,Auto Parts Locations,0.0433821291682192,1.0,0.0183335363229997,,0.0242532450043448
CSL,2025.0,3.0,0.4041343900051674,Reportable Segments,0.5,15.0,2025.0,3.0,0.4357585274632408,Europe,0.4824865280985373,10.0,,,,,,-0.896154768566632,0.0,0.0,Construction Materials,0.0046972437437573,0.3706946353513018,-0.3696323292341966,0.0027719267283398,1.0065153089775365
300631.SZ,,,,,,,,,,,,,,,,,,,,,,,,,,
PG.BK,,,,,,,,,,,,,,,,,,,,,,,,,,
GARNET.BO,,,,,,,,,,,,,,,,,,,,,,,,,,
JGCCY,,,,,,,,,,,,,,,,,,,,,,,,,,
DSNG.JK,,,,,,,,,,,,,,,,,,,,,,,,,,
215090.KQ,,,,,,,,,,,,,,,,,,,,,,,,,,
009770.KS,,,,,,,,,,,,,,,,,,,,,,,,,,
9678.T,,,,,,,,,,,,,,,,,,,,,,,,,,
XO.BK,,,,,,,,,,,,,,,,,,,,,,,,,,
KME.AX,,,,,,,,,,,,,,,,,,,,,,,,,,
TALBROSENG.BO,,,,,,,,,,,,,,,,,,,,,,,,,,
KENNAMET.NS,,,,,,,,,,,,,,,,,,,,,,,,,,
002612.SZ,,,,,,,,,,,,,,,,,,,,,,,,,,
AUSO.BA,,,,,,,,,,,,,,,,,,,,,,,,,,
ELTON.AT,,,,,,,,,,,,,,,,,,,,,,,,,,
002345.SZ,,,,,,,,,,,,,,,,,,,,,,,,,,
BHG.ST,,,,,,,,,,,,,,,,,,,,,,,,,,
DNOW,2025.0,3.0,0.5411575436310955,Upstream,0.6939178515007899,1.0,2025.0,1.0,1.0,International,1.0,11.0,International,0.0758620689655171,1.0,0.8750538560965101,,-0.8655751831107281,0.0,0.0,,,,,,
STI.BK,,,,,,,,,,,,,,,,,,,,,,,,,,
RMC.BO,,,,,,,,,,,,,,,,,,,,,,,,,,
2385.T,,,,,,,,,,,,,,,,,,,,,,,,,,
RELAIS.HE,,,,,,,,,,,,,,,,,,,,,,,,,,
2415.T,,,,,,,,,,,,,,,,,,,,,,,,,,
122990.KQ,,,,,,,,,,,,,,,,,,,,,,,,,,
HOCXF,,,,,,,,,,,,,,,,,,,,,,,,,,
TON.L,,,,,,,,,,,,,,,,,,,,,,,,,,
3981.T,,,,,,,,,,,,,,,,,,,,,,,,,,
SPSTY,,,,,,,,,,,,,,,,,,,,,,,,,,
AME,2025.0,2.0,0.5542146400956632,Electronic Instruments Group,0.6646430078923232,16.0,2025.0,4.0,0.2831362854145301,Non-US,0.3815509676724718,16.0,Asia,0.0395308388022954,0.2782914472169135,0.0719615436558475,,-0.2292745613858162,0.0,0.0,Electromechanical Group,0.0879998597269497,0.3353569921076767,0.0067003371873317,0.0161898732422703,0.0662619324091868
FPE.MI,,,,,,,,,,,,,,,,,,,,,,,,,,
CRGY,2025.0,2.0,0.7112304549201702,"Natural Gas, Production",0.8249849649754356,5.0,,,,,,,,,,,,,,,"Natural Gas, Production",0.9251810734640912,0.8249849649754356,0.6911416986087505,0.4280818506432544,-0.6876639767278336
ASCCY,,,,,,,,,,,,,,,,,,,,,,,,,,
RBF.BK,,,,,,,,,,,,,,,,,,,,,,,,,,
SOF-B.ST,,,,,,,,,,,,,,,,,,,,,,,,,,
ANN.AX,,,,,,,,,,,,,,,,,,,,,,,,,,
3710.T,,,,,,,,,,,,,,,,,,,,,,,,,,
CHDN,2025.0,5.0,0.2682185604853196,Gaming,0.3418111500770214,14.0,,,,,,,,,,,,,,,"Pari-Mutuel, Historical Racing",0.1403744814441081,0.3333551833764872,0.0244720664933703,0.064412654242246,0.0566580086580086
RBT.MC,,,,,,,,,,,,,,,,,,,,,,,,,,
300509.SZ,,,,,,,,,,,,,,,,,,,,,,,,,,
9087.T,,,,,,,,,,,,,,,,,,,,,,,,,,
IHS,,,,,,,2025.0,3.0,0.4604141803815147,NIGERIA,0.6042173101927751,5.0,NIGERIA,0.0704420581171516,0.6042173101927751,0.0207370548201619,0.0474700842581633,0.0337039255504096,0.709876194245011,0.0,,,,,,
5947.T,,,,,,,,,,,,,,,,,,,,,,,,,,
023160.KQ,,,,,,,,,,,,,,,,,,,,,,,,,,
TIHRF,,,,,,,,,,,,,,,,,,,,,,,,,,
HMM-A.TO,,,,,,,,,,,,,,,,,,,,,,,,,,
PKG,2025.0,3.0,0.8560329420670441,Packaging,0.9226413625087604,12.0,2025.0,1.0,1.0,Foreign Operations,1.0,1.0,,,,,,,0.0,0.0,Packaging,0.0784043479956833,0.9226413625087604,0.0076353543948323,0.0466457469128408,0.069479970970697
603279.SS,,,,,,,,,,,,,,,,,,,,,,,,,,
KAMDHENU.NS,,,,,,,,,,,,,,,,,,,,,,,,,,
LEN-B,2025.0,4.0,0.8818219444352762,"Lennar Homebuilding East, Central, West, Houston, and Other",0.9381394312836362,5.0,2025.0,4.0,0.3524785077553193,Homebuilding West,0.44666446205161,5.0,Homebuilding Central,0.0155995748594048,0.2909033074514226,0.0656656784544885,0.0795670022606194,-0.213651978536458,0.0,0.0,"Lennar Homebuilding East, Central, West, Houston, and Other",-0.0483609213191623,0.9381394312836362,-0.0138433203735316,,-0.0343183982070851
002223.SZ,,,,,,,,,,,,,,,,,,,,,,,,,,
4046.T,,,,,,,,,,,,,,,,,,,,,,,,,,
M.BK,,,,,,,,,,,,,,,,,,,,,,,,,,
104620.KQ,,,,,,,,,,,,,,,,,,,,,,,,,,
CTH1V.HE,,,,,,,,,,,,,,,,,,,,,,,,,,
6489.T,,,,,,,,,,,,,,,,,,,,,,,,,,
155660.KS,,,,,,,,,,,,,,,,,,,,,,,,,,
2418.T,,,,,,,,,,,,,,,,,,,,,,,,,,
4059.T,,,,,,,,,,,,,,,,,,,,,,,,,,
HGS.NS,,,,,,,,,,,,,,,,,,,,,,,,,,
CHJTF,,,,,,,,,,,,,,,,,,,,,,,,,,
002204.SZ,,,,,,,,,,,,,,,,,,,,,,,,,,
HII,2025.0,3.0,0.3829734813500351,Newport News Shipbuilding,0.5152426953836409,14.0,,,,,,,,,,,,,,,Ingalls,0.1123960968558004,0.2437247604719296,0.0066820122495361,0.0318852374069379,0.0818983980125074
NEXS.L,,,,,,,,,,,,,,,,,,,,,,,,,,
CACI,2026.0,2.0,0.5139557762085252,Technology Service,0.5835337542809047,10.0,2024.0,2.0,0.9424648813545478,Domestic Operations,0.9703535273358476,14.0,Domestic Operations,0.1412276610033751,0.9703535273358476,-0.0013575209732576,,0.14282423425367,0.0,0.0,Technology Service,0.1685102270142024,0.5835337542809047,0.0297460321391456,0.0667458189674046,0.1089446191762835
0293.HK,,,,,,,,,,,,,,,,,,,,,,,,,,
ARII.JK,,,,,,,,,,,,,,,,,,,,,,,,,,
FPAFY,,,,,,,,,,,,,,,,,,,,,,,,,,
3676.T,,,,,,,,,,,,,,,,,,,,,,,,,,
CJEWF,,,,,,,,,,,,,,,,,,,,,,,,,,
NEDAP.AS,,,,,,,,,,,,,,,,,,,,,,,,,,
7906.T,,,,,,,,,,,,,,,,,,,,,,,,,,
EALT4.SA,,,,,,,,,,,,,,,,,,,,,,,,,,
AVGO,2025.0,2.0,0.5118348752480629,Semiconductor Solutions,0.5769248829965408,8.0,2025.0,3.0,0.4236497807237153,Asia Pacific,0.5618670465039836,8.0,Americas,0.2651302605210421,0.2964452862084618,0.0061827508224145,0.0743536724322779,0.2387443285376351,0.0,0.0,Infrastructure Software,0.2584505074960423,0.4230751170034592,0.0066249677034243,0.016884743381195,0.2387443285376351
600382.SS,,,,,,,,,,,,,,,,,,,,,,,,,,
9943.TW,,,,,,,,,,,,,,,,,,,,,,,,,,
BCC.AX,,,,,,,,,,,,,,,,,,,,,,,,,,
9601.T,,,,,,,,,,,,,,,,,,,,,,,,,,
CHOW.BK,,,,,,,,,,,,,,,,,,,,,,,,,,
CSAP.JK,,,,,,,,,,,,,,,,,,,,,,,,,,
040300.KQ,,,,,,,,,,,,,,,,,,,,,,,,,,
RT.BK,,,,,,,,,,,,,,,,,,,,,,,,,,
GIC,2025.0,1.0,1.0,Reportable Segment,1.0,4.0,2025.0,2.0,0.901035419104372,UNITED STATES,0.9477920382858386,9.0,CANADA,0.0698365527488855,0.0522079617141614,0.0010642577852914,0.0114920389885706,0.0480279656508852,0.0,0.0,Reportable Segment,0.0480279656508852,1.0,0.0,,0.0480279656508852
214420.KS,,,,,,,,,,,,,,,,,,,,,,,,,,
IFSH.JK,,,,,,,,,,,,,,,,,,,,,,,,,,
092730.KQ,,,,,,,,,,,,,,,,,,,,,,,,,,
2788.HK,,,,,,,,,,,,,,,,,,,,,,,,,,
ASIA.BK,,,,,,,,,,,,,,,,,,,,,,,,,,
WBE.V,,,,,,,,,,,,,,,,,,,,,,,,,,
JOUT,2023.0,5.0,0.5738357794034873,Fishing,0.7409722766192057,9.0,2025.0,4.0,0.7665542815499752,UNITED STATES,0.8719666585642522,11.0,Europe,0.0158693251177119,0.0589990817263544,0.0009636761819035,0.0508213636079197,-0.0007236292791539,0.0,0.0,Diving,0.0782252542415866,0.1280888280981676,0.0219995437051118,0.200228495608644,-0.1069623531152679
MED.DE,,,,,,,,,,,,,,,,,,,,,,,,,,
KLBF.JK,,,,,,,,,,,,,,,,,,,,,,,,,,
3114.TWO,,,,,,,,,,,,,,,,,,,,,,,,,,
3531.TWO,,,,,,,,,,,,,,,,,,,,,,,,,,
DRD.JO,,,,,,,,,,,,,,,,,,,,,,,,,,
26490K.KS,,,,,,,,,,,,,,,,,,,,,,,,,,
CRD.BK,,,,,,,,,,,,,,,,,,,,,,,,,,
TMD.BK,,,,,,,,,,,,,,,,,,,,,,,,,,
IFBIND.NS,,,,,,,,,,,,,,,,,,,,,,,,,,
MCRI,2025.0,4.0,0.4100773816153382,Casino,0.5756826415959643,8.0,,,,,,,,,,,,,,,Casino,0.0680909285838271,0.5756826415959643,0.013022976265986,0.0292686058264822,0.0439287916566126
1093.HK,,,,,,,,,,,,,,,,,,,,,,,,,,
SIP.BR,,,,,,,,,,,,,,,,,,,,,,,,,,
WILC.TA,,,,,,,,,,,,,,,,,,,,,,,,,,
1537.TW,,,,,,,,,,,,,,,,,,,,,,,,,,
000807.SZ,,,,,,,,,,,,,,,,,,,,,,,,,,
4334.T,,,,,,,,,,,,,,,,,,,,,,,,,,
BIP.SI,,,,,,,,,,,,,,,,,,,,,,,,,,
F,2025.0,1.0,1.0,Ford Credit,1.0,15.0,2025.0,5.0,0.4746470664053355,UNITED STATES,0.6545413767508423,16.0,UNITED KINGDOM,0.2377214170692432,0.0656709404219643,0.0119605097006358,0.095194723147952,0.0122978290953121,0.0131523439794518,0.0,Ford Credit,0.0801725541266482,1.0,0.9335863172461512,,-0.9282617626708182
IZZ.F,,,,,,,,,,,,,,,,,,,,,,,,,,
300971.SZ,,,,,,,,,,,,,,,,,,,,,,,,,,
INDOTECH.NS,,,,,,,,,,,,,,,,,,,,,,,,,,
4528.TWO,,,,,,,,,,,,,,,,,,,,,,,,,,
001465.KS,,,,,,,,,,,,,,,,,,,,,,,,,,
BIDU,2025.0,2.0,0.5013052341248783,Online Marketing Services,0.5255463708271678,10.0,2014.0,2.0,0.9895190038451274,CHINA,0.9947317474375014,2.0,,,,,,0.5355758422165042,1.0,1.0,Online Marketing Services,-0.1645998300555398,0.5255463708271678,-0.077753826798354,,-0.0410035810338935
AGMJF,,,,,,,,,,,,,,,,,,,,,,,,,,
4750.T,,,,,,,,,,,,,,,,,,,,,,,,,,
TBS.JO,,,,,,,,,,,,,,,,,,,,,,,,,,
APA,2025.0,3.0,0.4231821535220897,Oil and Gas,0.5,8.0,2025.0,2.0,0.5016005165557847,Segment United States,0.5282888366302393,16.0,Segment United States,-0.1149478563151795,0.5282888366302393,0.0018125067132065,0.0032063088947163,-0.117984382625671,0.0,0.0,"Oil and Gas, Purchased",0.0973393900064893,0.094786995515695,-0.0634753029335192,0.1076618863160802,0.8321865050837014
HNRG,2025.0,1.0,1.0,Coal Sales,1.0,8.0,,,,,,,,,,,,,,,Coal Sales,0.0815362900878877,1.0,0.0,,0.0815362900878877
2YO.F,,,,,,,,,,,,,,,,,,,,,,,,,,
605009.SS,,,,,,,,,,,,,,,,,,,,,,,,,,
HUSQF,,,,,,,,,,,,,,,,,,,,,,,,,,
DELKY,,,,,,,,,,,,,,,,,,,,,,,,,,
FEV.DE,,,,,,,,,,,,,,,,,,,,,,,,,,
OAJ.SI,,,,,,,,,,,,,,,,,,,,,,,,,,
7483.T,,,,,,,,,,,,,,,,,,,,,,,,,,
NAVKARCORP.NS,,,,,,,,,,,,,,,,,,,,,,,,,,
F9D.SI,,,,,,,,,,,,,,,,,,,,,,,,,,
8099.TWO,,,,,,,,,,,,,,,,,,,,,,,,,,
1568.TW,,,,,,,,,,,,,,,,,,,,,,,,,,
5351.T,,,,,,,,,,,,,,,,,,,,,,,,,,
III.BK,,,,,,,,,,,,,,,,,,,,,,,,,,
508.SI,,,,,,,,,,,,,,,,,,,,,,,,,,
1202.SR,,,,,,,,,,,,,,,,,,,,,,,,,,
SIS.NS,,,,,,,,,,,,,,,,,,,,,,,,,,
002760.KS,,,,,,,,,,,,,,,,,,,,,,,,,,
2611.TW,,,,,,,,,,,,,,,,,,,,,,,,,,
4432.T,,,,,,,,,,,,,,,,,,,,,,,,,,
GATC.L,,,,,,,,,,,,,,,,,,,,,,,,,,
5464.T,,,,,,,,,,,,,,,,,,,,,,,,,,
600517.SS,,,,,,,,,,,,,,,,,,,,,,,,,,
RCKY,,,,,,,,,,,,,,,,,,,,,,,,,,
251270.KS,,,,,,,,,,,,,,,,,,,,,,,,,,
COO,2025.0,2.0,0.5581148053514781,Coopervision Segment,0.670462320398788,14.0,2025.0,3.0,0.3952435810070395,UNITED STATES,0.463518876564567,14.0,Europe,0.0706406735401377,0.4033106068315186,0.004083501592011,0.0248000346259699,0.0598004853060123,0.0,0.0,Coopervision Segment,0.0515060933547941,0.670462320398788,0.0005952977566973,0.0014140109075682,0.0505724700929302
MYOR.JK,,,,,,,,,,,,,,,,,,,,,,,,,,
TXT,2026.0,4.0,0.3044252311904247,Textron Aviation,0.4062754686226569,15.0,2026.0,4.0,0.5151847514310519,UNITED STATES,0.6948442462328536,15.0,Europe,0.0652892561983471,0.087100479762146,-0.0012077964019175,0.1756506154649699,0.08006130491899,0.0864923305628758,0.0,Bell,0.196423582006147,0.2908177125781038,0.0286583220126188,0.1086055235406733,0.0785232932903603
FTAIM,2025.0,2.0,0.5006782973092945,Equipment Leasing Revenues,0.5184159891031476,2.0,2025.0,5.0,0.3481391394060951,North America,0.49659110260831,2.0,North America,1.0300523997247957,0.49659110260831,0.1430481626941593,0.4495380547562044,0.4452749753444145,0.0668925572174304,0.0,Maintenance,0.0880936611406859,0.4815840108968524,0.3653847821288793,0.0834612538054274,-0.7374587997296522
603605.SS,,,,,,,,,,,,,,,,,,,,,,,,,,
9466.KL,,,,,,,,,,,,,,,,,,,,,,,,,,
052420.KQ,,,,,,,,,,,,,,,,,,,,,,,,,,
HLNFF,,,,,,,,,,,,,,,,,,,,,,,,,,
ALCOF.PA,,,,,,,,,,,,,,,,,,,,,,,,,,
600961.SS,,,,,,,,,,,,,,,,,,,,,,,,,,
SYN.IC,,,,,,,,,,,,,,,,,,,,,,,,,,
3038.T,,,,,,,,,,,,,,,,,,,,,,,,,,
EML,2019.0,1.0,1.0,Subscription,1.0,3.0,2019.0,2.0,0.8482594483246502,United States,0.9172885382589906,3.0,United States,0.1113223247780448,0.9172885382589906,0.0303452137675136,0.1625915857514983,0.0745581964765982,0.0,0.0,Subscription,0.265625,1.0,0.0,,0.265625
AMKBF,,,,,,,,,,,,,,,,,,,,,,,,,,
SCCC.BK,,,,,,,,,,,,,,,,,,,,,,,,,,
SMC,2025.0,3.0,0.4346853917590949,Natural Gas N G L And Condensate Sales,0.4715588756980631,2.0,2025.0,4.0,0.4390669204993302,Rockies Segment,0.5859389315964852,2.0,Mid-Con Barnett Shale Segment,1.7988961347137509,0.283285090848279,0.1506389530003775,0.8402414117886073,0.3105623080815027,0.0,0.0,Natural Gas N G L And Condensate Sales,0.359088741558861,0.4715588756980631,0.0176054890927221,0.0553238566783955,0.3083476289456472
SHANG.BK,,,,,,,,,,,,,,,,,,,,,,,,,,
HVT,2025.0,7.0,0.2104932811002124,Upholstery,0.335827993791539,4.0,,,,,,,,,,,,,,,Bedroom Furniture,0.1000670286863349,0.1126696382377522,0.0052076029512121,0.0348240879964516,0.0492218108022619
601216.SS,,,,,,,,,,,,,,,,,,,,,,,,,,
ATUL.NS,,,,,,,,,,,,,,,,,,,,,,,,,,
VIVA3.SA,,,,,,,,,,,,,,,,,,,,,,,,,,
6201.TW,,,,,,,,,,,,,,,,,,,,,,,,,,
9960.TWO,,,,,,,,,,,,,,,,,,,,,,,,,,
HURN,2025.0,3.0,0.3831506169453522,Healthcare,0.5052088023197576,14.0,,,,,,,,,,,,,,,Commercial,0.2698531977134268,0.1949288553111774,0.023535674187446,0.0923270100155038,0.1165313558570251
DLGEF,,,,,,,,,,,,,,,,,,,,,,,,,,
8255.T,,,,,,,,,,,,,,,,,,,,,,,,,,
1579.HK,,,,,,,,,,,,,,,,,,,,,,,,,,
MRP.JO,,,,,,,,,,,,,,,,,,,,,,,,,,
0951.HK,,,,,,,,,,,,,,,,,,,,,,,,,,
THRM,2025.0,2.0,0.9357765539706278,Automotive Segments,0.9667850436606916,14.0,2025.0,11.0,0.228408502501042,Non-US,0.4020903668221601,14.0,CZECHIA,0.1378815764422161,0.0365838678886862,-0.0190935542929556,0.0873808563551679,0.7317554589102957,0.1980633174167173,0.0977617029160421,Automotive Segments,0.0302557531298932,0.9667850436606916,0.0010170184100949,,0.0291719661237641
600486.SS,,,,,,,,,,,,,,,,,,,,,,,,,,
GUJHOTE.BO,,,,,,,,,,,,,,,,,,,,,,,,,,
7818.T,,,,,,,,,,,,,,,,,,,,,,,,,,
DRA.BO,,,,,,,,,,,,,,,,,,,,,,,,,,
HLTEF,,,,,,,,,,,,,,,,,,,,,,,,,,
MKC-V,2025.0,2.0,0.5120137123312164,Consumer,0.5775039106471939,5.0,2025.0,3.0,0.5514073147454265,Americas,0.7116354545853252,5.0,Asia Pacific,0.0315018315018316,0.1029194625966697,0.0014128516532903,0.0072716492787121,0.0173416422505465,0.185445082818005,0.0,Consumer,0.0264518643627387,0.5775039106471939,0.0051256070345996,0.0106521981802564,0.0173416422505465
PL.BK,,,,,,,,,,,,,,,,,,,,,,,,,,
6676.T,,,,,,,,,,,,,,,,,,,,,,,,,,
NEGG,2025.0,3.0,0.4229741736721253,Software Development,0.4695642573237156,13.0,2025.0,3.0,0.8635417589935822,UNITED STATES,0.9268561158848794,4.0,UNITED STATES,0.1830145348092289,0.9268561158848794,0.0109294549591248,0.0571991496308104,0.1690644687174241,0.0,0.0,Software Development,0.0794964211381288,0.4695642573237156,0.1779417968131776,0.3863459362350879,-0.3295797166529319
HAYW,2025.0,3.0,0.815357142013807,Residential Pool,0.900130552374672,5.0,2025.0,4.0,0.6351110288798592,UNITED STATES,0.7871515075903062,5.0,UNITED STATES,0.0720695790641392,0.7871515075903062,0.0036584503045926,0.0147054569853939,0.0670869127791207,0.0,0.0,Residential Pool,0.0607539743382403,0.900130552374672,-0.0053739806918947,,0.0670869127791207
069080.KQ,,,,,,,,,,,,,,,,,,,,,,,,,,
AVAH,2025.0,3.0,0.6925208736684532,Private Duty Services,0.8224345809775526,5.0,,,,,,,,,,,,,,,Private Duty Services,0.2242358876037022,0.8224345809775526,0.0150232915074299,0.0645213132770112,0.2018729507346484
RENT3.SA,,,,,,,,,,,,,,,,,,,,,,,,,,
ORV.TO,,,,,,,,,,,,,,,,,,,,,,,,,,
HITECH.NS,,,,,,,,,,,,,,,,,,,,,,,,,,
ORVMF,,,,,,,,,,,,,,,,,,,,,,,,,,
VENUSREM.NS,,,,,,,,,,,,,,,,,,,,,,,,,,
KALMAR.HE,,,,,,,,,,,,,,,,,,,,,,,,,,
NICE.TA,,,,,,,,,,,,,,,,,,,,,,,,,,
VARXF,,,,,,,,,,,,,,,,,,,,,,,,,,
002689.SZ,,,,,,,,,,,,,,,,,,,,,,,,,,
QNST,2026.0,2.0,0.5696952915600156,Financial Service,0.6866752414756917,12.0,2026.0,2.0,0.9798941963942324,UNITED STATES,0.9898439529045104,14.0,UNITED STATES,0.1849148260897726,0.9898439529045104,0.0017127189679403,,0.1828645775712232,0.0,0.0,Home Services,0.5483624529209989,0.3133247585243083,0.0739617092361508,0.2306137112828775,0.1828645775712232
HOG,2025.0,6.0,0.4169620045048308,Motorcycles,0.5975655109022948,14.0,2017.0,7.0,0.4617870390004594,UNITED STATES,0.6533109759863727,7.0,Other Foreign Countries,0.0893266698048014,0.0662955070753567,0.0095417275446945,0.0779611755848366,-0.0674570814474837,0.0,0.0,Parts & Accessories,-0.0581197734844255,0.1380711518190877,0.0117324104239674,0.0472537628044256,-0.138154778929875
5704.TWO,,,,,,,,,,,,,,,,,,,,,,,,,,
BPAQF,2025.0,4.0,0.5558655998228604,"Oil and Gas, Oil Products",0.7188300530592463,3.0,2025.0,2.0,0.580412498572635,Non-US,0.7005149602556315,3.0,Non-US,0.0172647855132266,0.7005149602556315,0.0113429857333385,0.0264968237477023,0.0007928746993683,0.0,0.0,Product And Service Other 1,0.132465199820386,0.0952422913034447,0.0122814806939975,0.0868694010015414,-0.0135660358615208
600682.SS,,,,,,,,,,,,,,,,,,,,,,,,,,
PGSUS.IS,,,,,,,,,,,,,,,,,,,,,,,,,,
AMRT.JK,,,,,,,,,,,,,,,,,,,,,,,,,,
CLBT,2025.0,3.0,0.5705134718102485,Subscription Services,0.722345731856459,5.0,2025.0,3.0,0.4207630928555002,Americas,0.5394061071109476,5.0,EMEA,0.195966528561158,0.33922531139959,0.0029342068963834,0.0263350809419604,0.1856217426091031,0.0,0.0,Subscription Services,0.2204089614357187,0.722345731856459,0.016392898178434,0.0946529401936524,0.1927130272610298
002606.SZ,,,,,,,,,,,,,,,,,,,,,,,,,,
1472.HK,,,,,,,,,,,,,,,,,,,,,,,,,,
3758.T,,,,,,,,,,,,,,,,,,,,,,,,,,
MSTCLTD.NS,,,,,,,,,,,,,,,,,,,,,,,,,,
NOC,2025.0,4.0,0.2577851001733084,Aeronautics Systems,0.2934652481308306,16.0,2025.0,2.0,0.5344878059133639,Europe,0.631316042267051,8.0,Europe,0.1582657737046175,0.631316042267051,0.5621765691600396,,-0.8731508785611581,0.0,0.0,Mission Systems,0.0971137819106939,0.282487407106232,0.0217600512050426,0.0814648568066252,0.0126029277218664
134.F,,,,,,,,,,,,,,,,,,,,,,,,,,
4645.T,,,,,,,,,,,,,,,,,,,,,,,,,,
BRPL.BO,,,,,,,,,,,,,,,,,,,,,,,,,,
UTDI.DE,,,,,,,,,,,,,,,,,,,,,,,,,,
KALU,2025.0,4.0,0.3145984017584752,Packaging,0.4416246664690186,14.0,2025.0,2.0,0.9308825820644206,UNITED STATES,0.964156537207234,14.0,UNITED STATES,0.1137328767123286,0.964156537207234,-0.0014519284012316,,0.115410052910053,0.0,0.0,Ge Products,0.2282802135576767,0.2250815297954343,0.0206833816472861,0.1060963347285926,0.115410052910053
KEJU.JK,,,,,,,,,,,,,,,,,,,,,,,,,,
BCHN.SW,,,,,,,,,,,,,,,,,,,,,,,,,,
WATR.L,,,,,,,,,,,,,,,,,,,,,,,,,,
356890.KQ,,,,,,,,,,,,,,,,,,,,,,,,,,
008700.KS,,,,,,,,,,,,,,,,,,,,,,,,,,
3696.T,,,,,,,,,,,,,,,,,,,,,,,,,,
TORXF,,,,,,,,,,,,,,,,,,,,,,,,,,
TER,2025.0,2.0,0.722990556197914,Product,0.833909086577405,14.0,2025.0,11.0,0.1935466780742298,"TAIWAN, PROVINCE OF CHINA",0.3621273695746489,14.0,"TAIWAN, PROVINCE OF CHINA",0.918938134243194,0.3621273695746489,0.1486441717080731,0.4801289580864898,0.1312623232194278,0.7273653740536121,0.5035977785747067,Product,0.1591570131615929,0.833909086577405,0.0200677174411297,0.0749218282621154,0.1312623232194278
CART,2025.0,2.0,0.5927881493703582,Transaction,0.7153928380545163,3.0,2025.0,2.0,0.926984800783628,UNITED STATES,0.9620523784072688,3.0,UNITED STATES,0.108715737603942,0.9620523784072688,0.0008327218057294,,0.1077560686796921,0.0,0.0,Advertising And Other,0.1116910229645093,0.2846071619454837,0.0010073987720082,0.0027463379285357,0.1077560686796921
ODYCORP.BO,,,,,,,,,,,,,,,,,,,,,,,,,,
6402.T,,,,,,,,,,,,,,,,,,,,,,,,,,
NZM.NZ,,,,,,,,,,,,,,,,,,,,,,,,,,
BATL,2025.0,3.0,0.7638043469449849,Oil,0.8665692704986603,7.0,,,,,,,,,,,,,,,Natural gas liquids,-0.1189126885025454,0.111213491592003,0.0046684036060848,0.0311929424325372,-0.155898049931177
000655.SZ,,,,,,,,,,,,,,,,,,,,,,,,,,
603587.SS,,,,,,,,,,,,,,,,,,,,,,,,,,
PNOR.OL,,,,,,,,,,,,,,,,,,,,,,,,,,
000270.KS,,,,,,,,,,,,,,,,,,,,,,,,,,
JBL,2025.0,3.0,0.3650768516947104,Intelligent Infrastructure,0.4132944097711563,15.0,2025.0,5.0,0.221372755148524,Other Countries,0.2962552848802093,15.0,UNITED STATES,0.4749356053100853,0.2497818938326287,0.0750424277106884,0.2319319659266446,0.0318180244434442,0.4539628212871619,0.1407959197369304,,,,,,0.0318180244434442
4434.T,,,,,,,,,,,,,,,,,,,,,,,,,,
CMG,2025.0,2.0,0.9900629512064388,Food and Beverage,0.9950065409701364,8.0,2025.0,1.0,1.0,U. S. Segment,1.0,2.0,U. S. Segment,0.0510887951581264,1.0,0.0,,0.0510887951581264,0.0,0.0,Food and Beverage,0.0550054128142152,0.9950065409701364,0.0008815510131341,,0.0540707042949912
220180.KQ,,,,,,,,,,,,,,,,,,,,,,,,,,
BVS.AX,,,,,,,,,,,,,,,,,,,,,,,,,,
BHARATSE.BO,,,,,,,,,,,,,,,,,,,,,,,,,,
WFCF,2025.0,3.0,0.6754942818507046,Verification and Certification Service Revenue,0.8075686967700466,8.0,,,,,,,,,,,,,,,Verification and Certification Service Revenue,-0.0218956792526274,0.8075686967700466,0.0093087728983772,0.0578711408334343,-0.0331702011963023
1882.HK,,,,,,,,,,,,,,,,,,,,,,,,,,
UPS,2025.0,3.0,0.5275891591852989,U.S. Domestic Package,0.6848272548320598,8.0,2025.0,3.0,0.5275891591852989,UNITED STATES,0.6848272548320598,16.0,International,-0.1938195991091313,0.2244214703101508,0.0272105336680074,0.1488861800987024,-0.2915669265400241,0.0,0.0,International Package,0.0855450592292697,0.2244214703101508,0.0219378657437189,0.2768368682475285,-0.0205701967452027
XTEPY,,,,,,,,,,,,,,,,,,,,,,,,,,
DSSL.NS,,,,,,,,,,,,,,,,,,,,,,,,,,
KLYCY,,,,,,,,,,,,,,,,,,,,,,,,,,
7681.T,,,,,,,,,,,,,,,,,,,,,,,,,,
7997.T,,,,,,,,,,,,,,,,,,,,,,,,,,
VHIBF,,,,,,,,,,,,,,,,,,,,,,,,,,
AMKAF,,,,,,,,,,,,,,,,,,,,,,,,,,
AVEN.ST,,,,,,,,,,,,,,,,,,,,,,,,,,
OCL.AX,,,,,,,,,,,,,,,,,,,,,,,,,,
P52.SI,,,,,,,,,,,,,,,,,,,,,,,,,,
CHSTY,,,,,,,,,,,,,,,,,,,,,,,,,,
WEIBF,,,,,,,,,,,,,,,,,,,,,,,,,,
HEGIF,,,,,,,,,,,,,,,,,,,,,,,,,,
3Z3.F,,,,,,,,,,,,,,,,,,,,,,,,,,
000932.SZ,,,,,,,,,,,,,,,,,,,,,,,,,,
NDSN,2024.0,3.0,0.4072837755024675,Industrial Precision Solutions,0.5517816322486794,14.0,2024.0,3.0,0.3500587921261608,Americas Excluding Us,0.4381637973754619,14.0,Europe,0.0636085053524659,0.2699335779749665,0.0102258668917871,0.0316089651299104,0.0233159301111756,0.0,0.0,Industrial Precision Solutions,0.0670020977020171,0.5517816322486794,0.0225915440202776,0.0832787205777753,0.0233159301111756
JFL.BO,,,,,,,,,,,,,,,,,,,,,,,,,,
GFTU.L,,,,,,,,,,,,,,,,,,,,,,,,,,
TIIL.NS,,,,,,,,,,,,,,,,,,,,,,,,,,
SANKO.BK,,,,,,,,,,,,,,,,,,,,,,,,,,
000408.SZ,,,,,,,,,,,,,,,,,,,,,,,,,,
AHCHY,,,,,,,,,,,,,,,,,,,,,,,,,,
VNT,2025.0,2.0,0.8132007663607486,Product,0.8957276628950449,6.0,2025.0,1.0,1.0,North America,1.0,6.0,North America,0.0230863268760579,1.0,0.2860691507217187,,-0.2695871097683786,0.0,0.0,Service,0.0325177076625884,0.1042723371049551,9.161542685917625e-06,5.063917082348546e-05,0.0324269889224571
MARK.JK,,,,,,,,,,,,,,,,,,,,,,,,,,
OEC,2025.0,2.0,0.549715333161371,Rubber,0.6576631427464438,8.0,2025.0,14.0,0.1380228698132082,EMEA,0.2442314191784189,9.0,CHINA,-0.0149732620320856,0.0565950778873628,-0.0001610226346718,0.0145044572000702,-0.0121706932135485,0.2008787292223553,0.0565950778873628,Rubber,-0.0349252761533462,0.6576631427464438,0.0018974969408512,0.0040444019975957,-0.0377097203728362
FFARM.AS,,,,,,,,,,,,,,,,,,,,,,,,,,
8052.T,,,,,,,,,,,,,,,,,,,,,,,,,,
G5E.F,,,,,,,,,,,,,,,,,,,,,,,,,,
MSGM,2025.0,2.0,0.9854913063641936,Gaming,0.9926922499716196,5.0,,,,,,,,,,,,,,,Esports,-0.7133768937044236,0.0073077500283804,-0.9926922499716196,,38.22179948444371
077500.KS,,,,,,,,,,,,,,,,,,,,,,,,,,
IEX,2025.0,3.0,0.3573699177227786,Health And Science Technologies,0.4316266451166012,15.0,2025.0,4.0,0.3811769390296927,UNITED STATES,0.5336242688729278,14.0,UNITED STATES,0.0857741875809336,0.5336242688729278,0.0141150428349985,0.0426115408710879,0.0570540748334187,0.0,0.0,Health And Science Technologies,0.1520684076727525,0.4316266451166012,0.0353328363487419,0.0732157308828429,0.0577604103065088
4326.T,,,,,,,,,,,,,,,,,,,,,,,,,,
054050.KQ,,,,,,,,,,,,,,,,,,,,,,,,,,
SASOF,2021.0,1.0,1.0,Other Ip Refinery Services,1.0,3.0,2026.0,4.0,0.4395746307827917,South Africa,0.6020008831245293,7.0,South Africa,0.1685798319327731,0.6020008831245293,0.0351425643596134,0.0820232630830592,0.1003625035130926,0.6020008831245293,0.0,,,,,,-0.9926134455951858
3182.T,,,,,,,,,,,,,,,,,,,,,,,,,,
600661.SS,,,,,,,,,,,,,,,,,,,,,,,,,,
CCEL,2025.0,3.0,0.9884198790618084,Processing And Storage Fees,0.9941831358808016,11.0,2025.0,1.0,1.0,FLORIDA,1.0,14.0,FLORIDA,0.0,1.0,0.0,,0.0,0.0,0.0,Processing And Storage Fees,-0.0053514328139188,0.9941831358808016,0.0077689096539517,,-0.0131239795178569
065370.KQ,,,,,,,,,,,,,,,,,,,,,,,,,,
0635.HK,,,,,,,,,,,,,,,,,,,,,,,,,,
THEP.PA,,,,,,,,,,,,,,,,,,,,,,,,,,
DYNR,,,,,,,2025.0,1.0,1.0,MEXICO,1.0,2.0,MEXICO,0.2572854414431957,1.0,0.0,,0.2572854414431957,1.0,0.0,,,,,,
7228.T,,,,,,,,,,,,,,,,,,,,,,,,,,
BLC.PA,,,,,,,,,,,,,,,,,,,,,,,,,,
IBS.LS,,,,,,,,,,,,,,,,,,,,,,,,,,
NELLY.ST,,,,,,,,,,,,,,,,,,,,,,,,,,
HIT.AX,,,,,,,,,,,,,,,,,,,,,,,,,,
7923.T,,,,,,,,,,,,,,,,,,,,,,,,,,
ICFI,2023.0,1.0,1.0,Health Education And Social Programs,1.0,7.0,2025.0,2.0,0.8446001062930586,UNITED STATES,0.9150904156283656,2.0,Non-US,0.0553549859970003,0.0849095843716344,0.0103066683215757,0.069215287825436,-0.0727482650398284,0.0,0.0,Health Education And Social Programs,-0.1011245131505902,1.0,0.4909554350537426,,-0.542432318855887
PPIH,2016.0,1.0,1.0,Piping Systems,1.0,5.0,2017.0,4.0,0.3385405676000943,UNITED STATES,0.4202063196476604,6.0,CANADA,0.2041674705768859,0.3074694806538382,0.0439235342681245,0.1113143160767188,0.0321461985925233,0.2723241996985013,0.0,Piping Systems,-0.1943910151920193,1.0,0.0,,-0.1943910151920193
CPIN.JK,,,,,,,,,,,,,,,,,,,,,,,,,,
6838.T,,,,,,,,,,,,,,,,,,,,,,,,,,
BQE.V,,,,,,,,,,,,,,,,,,,,,,,,,,
MCHVY,,,,,,,,,,,,,,,,,,,,,,,,,,
017650.KQ,,,,,,,,,,,,,,,,,,,,,,,,,,
7687.T,,,,,,,,,,,,,,,,,,,,,,,,,,
DCH,2025.0,2.0,0.5372413793042495,Driveline,0.6364576478330356,9.0,2025.0,6.0,0.2990808449373964,MEXICO,0.3727448729590351,15.0,UNITED STATES,-0.0143475290366659,0.3707574485582606,0.0123026166426375,0.0990371057012563,-0.0470538294502766,0.4975756848904347,0.091884112597872,Metal Forming,-0.0389761007331317,0.3635423521669643,0.0014480453699159,0.0030003703890826,-0.0428040074389585
QLT.BK,,,,,,,,,,,,,,,,,,,,,,,,,,
CONART.BO,,,,,,,,,,,,,,,,,,,,,,,,,,
WOR,2026.0,2.0,0.530583387541981,Building Products,0.6236595882695332,15.0,2026.0,2.0,0.7903305485465209,UNITED STATES,0.8810056092412032,15.0,UNITED STATES,0.3651422212450137,0.8810056092412032,0.1083783256246514,0.3692949054794449,0.1972070496341533,0.0,0.0,Building Products,0.3169351374406279,0.6236595882695332,0.0566995046474343,0.1382413990930935,0.1972070496341533
MSC,2025.0,6.0,0.2842105427856461,Occupancy,0.4323272090988626,8.0,,,,,,,,,,,,,,,Service Fee,0.1467520032253186,0.1756600277906438,0.0187168978918557,0.1171346475443787,0.02456347563821
FKWL,2025.0,1.0,1.0,Operating Segments,1.0,1.0,2025.0,2.0,0.9997545373847652,North America,0.9998772536257102,1.0,,,,,,,0.0,0.0,,,,,,
2116.HK,,,,,,,,,,,,,,,,,,,,,,,,,,
ALAGR.PA,,,,,,,,,,,,,,,,,,,,,,,,,,
CASH.MC,,,,,,,,,,,,,,,,,,,,,,,,,,
900310.KQ,,,,,,,,,,,,,,,,,,,,,,,,,,
SF3.DE,,,,,,,,,,,,,,,,,,,,,,,,,,
6235.T,,,,,,,,,,,,,,,,,,,,,,,,,,
4976.T,,,,,,,,,,,,,,,,,,,,,,,,,,
5603.T,,,,,,,,,,,,,,,,,,,,,,,,,,
2831.T,,,,,,,,,,,,,,,,,,,,,,,,,,
RUSMF,,,,,,,,,,,,,,,,,,,,,,,,,,
8046.T,,,,,,,,,,,,,,,,,,,,,,,,,,
NATPLASTI.BO,,,,,,,,,,,,,,,,,,,,,,,,,,
VITOF,,,,,,,,,,,,,,,,,,,,,,,,,,
SAPPE.BK,,,,,,,,,,,,,,,,,,,,,,,,,,
3498.TWO,,,,,,,,,,,,,,,,,,,,,,,,,,
SGA,2025.0,3.0,0.6114775063981841,"Broadcast Advertising Revenue, net",0.7615860034356562,13.0,,,,,,,,,,,,,,,Digital Advertising Revenue,0.1916883482174249,0.1582175666591978,0.0322777336815767,0.1163844732826352,-0.0514262435905383
6617.T,,,,,,,,,,,,,,,,,,,,,,,,,,
BEARDSELL.NS,,,,,,,,,,,,,,,,,,,,,,,,,,
EUZ.DE,,,,,,,,,,,,,,,,,,,,,,,,,,
DRS,2024.0,1.0,1.0,Integrated Mission Systems Segment,1.0,4.0,,,,,,,,,,,,,,,,,,,,-0.597310686482661
CLAR,2025.0,2.0,0.5850443627776047,Outdoor Segment,0.7062090720332216,9.0,,,,,,,,,,,,,,,Outdoor Segment,-0.036525974025974,0.7062090720332216,0.0117044090364185,0.0261349472755933,-0.0524941830770103
9996.T,,,,,,,,,,,,,,,,,,,,,,,,,,
ITW,2025.0,7.0,0.1520479391269303,Automotive OEM Segment,0.2047067612999626,16.0,2025.0,6.0,0.2571892732588524,North America,0.3457837220681781,16.0,Asia Pacific,0.0398514015535291,0.1255504811613113,-0.060699361586204,0.0186890319492608,0.5425839728267707,0.0131707714891534,0.0,Automotive OEM Segment,0.0313676286072772,0.2047067612999626,0.0044555050185556,0.0239554126012967,0.0089195979899496
ISAT.JK,,,,,,,,,,,,,,,,,,,,,,,,,,
0052.HK,,,,,,,,,,,,,,,,,,,,,,,,,,
5959.T,,,,,,,,,,,,,,,,,,,,,,,,,,
BR,2026.0,3.0,0.5184385920496734,Recurring Fee Revenue,0.652426872818222,15.0,2026.0,3.0,0.7493731811303247,UNITED STATES,0.8599681623182149,16.0,CANADA,0.173781802501078,0.0734425167957261,0.0055908600039772,0.0490960255239696,0.084426889035184,0.0,0.0,Distribution Revenue,0.0914645974781764,0.3010151537442989,0.0017060902826488,0.0046821423469766,0.0852784067816292
FCX,2025.0,7.0,0.2163153151600069,Copper Cathode,0.314070932922128,16.0,2025.0,15.0,0.2056556122424535,UNITED STATES,0.3631466816738353,16.0,SWITZERLAND,0.2547635850388143,0.2144149214133537,0.0400220759916274,0.3442783096225162,0.020553002953725,0.1570526992804598,0.0255657836555854,Refined Copper Products,0.1474941573617243,0.1703546646106399,0.0248362244655371,0.0992319635150492,-0.0198004836759371
POLYPLEX.NS,,,,,,,,,,,,,,,,,,,,,,,,,,
CLKXF,,,,,,,,,,,,,,,,,,,,,,,,,,
CNK,2025.0,3.0,0.4132477130026357,Admissions Revenue,0.4958908507223113,12.0,2025.0,3.0,0.6674494604006783,UNITED STATES,0.8040043497729162,15.0,Other International Countries,0.0862022228246137,0.1281583829079511,0.0076343369069056,0.0912163880026799,0.0214976476738106,0.0678372673191326,0.0,Other Revenues,0.0422235722964763,0.1101444622792937,0.0021923389803922,0.0114304851247553,0.0214789309722904
100120.KQ,,,,,,,,,,,,,,,,,,,,,,,,,,
BIRD.JK,,,,,,,,,,,,,,,,,,,,,,,,,,
PRS.OL,,,,,,,,,,,,,,,,,,,,,,,,,,
2120.HK,,,,,,,,,,,,,,,,,,,,,,,,,,
006880.KS,,,,,,,,,,,,,,,,,,,,,,,,,,
MTDR,2025.0,3.0,0.7913678625184237,Oil and Gas,0.8857480102633273,10.0,2025.0,1.0,1.0,Midstream Segment,1.0,1.0,,,,,,,0.0,0.0,"Natural Gas, Sales",0.3036316893099842,0.0692000632296225,0.0134083577821868,,0.0510371208850466
LIGHT.AS,,,,,,,,,,,,,,,,,,,,,,,,,,
GRAB,2025.0,3.0,0.4277483513616469,Deliveries,0.5347593582887701,5.0,2025.0,7.0,0.2085076033072405,MALAYSIA,0.3083086053412462,5.0,MALAYSIA,0.2732843137254901,0.3083086053412462,0.0165674541077818,0.0641088308382313,0.2048623525205577,0.6997032640949555,0.0,Financial Services,0.3715415019762846,0.1030897207367795,0.0125061188749822,0.0895639205942496,0.20515574650913
TOLWF,,,,,,,,,,,,,,,,,,,,,,,,,,
DFILF,,,,,,,,,,,,,,,,,,,,,,,,,,
PHPPY,,,,,,,,,,,,,,,,,,,,,,,,,,
HRBR,2023.0,2.0,0.9962721285244688,Contract Revenue,0.9981325769935494,5.0,,,,,,,,,,,,,,,Contract Revenue,-0.2917463675967187,0.9981325769935494,-0.0014188057090493,,-0.290739613263406
600897.SS,,,,,,,,,,,,,,,,,,,,,,,,,,
BAFBF,,,,,,,,,,,,,,,,,,,,,,,,,,
AB9.DE,,,,,,,,,,,,,,,,,,,,,,,,,,
2373.TW,,,,,,,,,,,,,,,,,,,,,,,,,,
600710.SS,,,,,,,,,,,,,,,,,,,,,,,,,,
1338.TW,,,,,,,,,,,,,,,,,,,,,,,,,,
GVA,2025.0,2.0,0.7126530887063267,Construction,0.8260775127989713,15.0,2023.0,3.0,0.3481988021833496,Mountain,0.4068592514037088,3.0,CALIFORNIA,0.1252008181120194,0.3546925641565762,0.0260488600633462,0.0887428545653596,0.0425653145348317,0.0,0.0,Materials,0.299063558814145,0.1739224872010286,0.0261151104688709,0.1144455112988219,0.1040043178241998
SLP,2025.0,2.0,0.5124156748235863,License and Maintenance,0.5787898306369113,8.0,2025.0,3.0,0.5716580853283179,North And South America,0.7287412066330718,7.0,Asia,0.3324798829553768,0.0920193485646446,0.0139195670954889,0.0946373024429569,0.1309185436990272,0.7287412066330718,0.0,Service,0.1504708682603746,0.4212101693630887,0.0071584932457962,0.0166843420865056,0.1309185436990272
RFG.AX,,,,,,,,,,,,,,,,,,,,,,,,,,
RGS,2026.0,4.0,0.3687777867331676,Company Owned Salon Products And Services,0.484839855888871,16.0,2026.0,2.0,0.8738562055133949,UNITED STATES,0.9323518275163152,16.0,UNITED STATES,0.0776886994042562,0.9323518275163152,0.0081272850814877,0.0619869735795381,0.0682945168321167,0.0,0.0,Company Owned Salon Products And Services,0.7909949463767121,0.484839855888871,0.1573526802420368,0.4011951023843172,0.2097352753959636
AVANTIFEED.NS,,,,,,,,,,,,,,,,,,,,,,,,,,
ECVT,2025.0,1.0,1.0,Other Services,1.0,8.0,2024.0,2.0,0.8975575998191223,UNITED STATES,0.9458461617077814,8.0,UNITED STATES,0.0256906774703995,0.9458461617077814,0.0058445990223933,,0.0193527009859386,0.0,0.0,,,,,,-0.9412835879592027
129260.KS,,,,,,,,,,,,,,,,,,,,,,,,,,
BTQNF,,,,,,,,,,,,,,,,,,,,,,,,,,
3020.SR,,,,,,,,,,,,,,,,,,,,,,,,,,
CCHHL.NS,,,,,,,,,,,,,,,,,,,,,,,,,,
6337.T,,,,,,,,,,,,,,,,,,,,,,,,,,
SHW,2025.0,3.0,0.3629145131411448,Paint Stores Group,0.4694554952505494,15.0,2025.0,1.0,1.0,Non-US,1.0,1.0,,,,,,,0.0,0.0,Paint Stores Group,0.0316878980891719,0.4694554952505494,0.0059770876931945,0.0149480093640505,0.0185524910031489
4323.T,,,,,,,,,,,,,,,,,,,,,,,,,,
KENDR.AS,,,,,,,,,,,,,,,,,,,,,,,,,,
ULUUN.IS,,,,,,,,,,,,,,,,,,,,,,,,,,
VIVIDIND.BO,,,,,,,,,,,,,,,,,,,,,,,,,,
MTH,2025.0,4.0,0.4920312185874305,Real Estate,0.4985789336001353,11.0,2014.0,3.0,0.3476462881088361,West,0.4241453547887832,3.0,East,0.5111407087519801,0.256760674451972,0.0536106611436865,0.2225404338294147,0.1956202239649433,0.0,0.0,Real Estate,-0.0847655326819898,0.4985789336001353,-0.0001998411021177,0.0031856959866456,-0.0843986871289209
ZTF.L,,,,,,,,,,,,,,,,,,,,,,,,,,
2795.T,,,,,,,,,,,,,,,,,,,,,,,,,,
ASIMAR.BK,,,,,,,,,,,,,,,,,,,,,,,,,,
OPCT3.SA,,,,,,,,,,,,,,,,,,,,,,,,,,
084110.KQ,,,,,,,,,,,,,,,,,,,,,,,,,,
DLINKINDIA.NS,,,,,,,,,,,,,,,,,,,,,,,,,,
TNOM.HE,,,,,,,,,,,,,,,,,,,,,,,,,,
263800.KQ,,,,,,,,,,,,,,,,,,,,,,,,,,
PREMIERPOL.NS,,,,,,,,,,,,,,,,,,,,,,,,,,
003010.SZ,,,,,,,,,,,,,,,,,,,,,,,,,,
DLHC,2025.0,2.0,0.5473303738799633,Time-and-Materials Contract,0.6538349340688963,1.0,,,,,,,,,,,,,,,,,,,,
RAA.DE,,,,,,,,,,,,,,,,,,,,,,,,,,
300662.SZ,,,,,,,,,,,,,,,,,,,,,,,,,,
CN6.F,,,,,,,,,,,,,,,,,,,,,,,,,,
CVONF,,,,,,,,,,,,,,,,,,,,,,,,,,
0151.HK,,,,,,,,,,,,,,,,,,,,,,,,,,
3421.T,,,,,,,,,,,,,,,,,,,,,,,,,,
SGU,2025.0,7.0,0.281424082121098,Product,0.4028206955993494,8.0,,,,,,,,,,,,,,,Installation And Services,0.0930014150333904,0.0971793044006505,0.0073465713545415,0.0960753249015068,0.0103725782076768
6570.T,,,,,,,,,,,,,,,,,,,,,,,,,,
TMO,2025.0,3.0,0.3764177103770313,Consumables,0.4188791884552371,15.0,2025.0,4.0,0.3720043370060736,UNITED STATES,0.516933366249972,16.0,Europe,0.0892511743575572,0.2654128419776915,0.0122060692737407,0.0323090719867234,0.0391576099631512,0.0,0.0,Consumables,0.0612384147381588,0.4188791884552371,0.0087154681324608,0.0344024959691028,0.0391576099631512
SWP.TO,,,,,,,,,,,,,,,,,,,,,,,,,,
8079.KL,,,,,,,,,,,,,,,,,,,,,,,,,,
FSMART.BK,,,,,,,,,,,,,,,,,,,,,,,,,,
GAV.SW,,,,,,,,,,,,,,,,,,,,,,,,,,
3570.TWO,,,,,,,,,,,,,,,,,,,,,,,,,,
MCLOUD.BO,,,,,,,,,,,,,,,,,,,,,,,,,,
ZHSHF,,,,,,,,,,,,,,,,,,,,,,,,,,
6291.T,,,,,,,,,,,,,,,,,,,,,,,,,,
9906.HK,,,,,,,,,,,,,,,,,,,,,,,,,,
002056.SZ,,,,,,,,,,,,,,,,,,,,,,,,,,
4966.T,,,,,,,,,,,,,,,,,,,,,,,,,,
2159.HK,,,,,,,,,,,,,,,,,,,,,,,,,,
GEGYY,,,,,,,,,,,,,,,,,,,,,,,,,,
603367.SS,,,,,,,,,,,,,,,,,,,,,,,,,,
002379.SZ,,,,,,,,,,,,,,,,,,,,,,,,,,
DHANROTO.BO,,,,,,,,,,,,,,,,,,,,,,,,,,
2906.TW,,,,,,,,,,,,,,,,,,,,,,,,,,
FIX,2025.0,2.0,0.6088077152446472,Mechanical Segment,0.7332463453568427,11.0,,,,,,,,,,,,,,,Electrical Segment,0.618735465426383,0.2667536546431572,0.0533239680814386,0.2056934282586756,0.2951507767511407
002283.SZ,,,,,,,,,,,,,,,,,,,,,,,,,,
6184.TW,,,,,,,,,,,,,,,,,,,,,,,,,,
9145.T,,,,,,,,,,,,,,,,,,,,,,,,,,
RNK.L,,,,,,,,,,,,,,,,,,,,,,,,,,
JBHT,2025.0,2.0,0.7842849968800143,Service Excluding Fuel Surcharge,0.8770179020152852,7.0,,,,,,,,,,,,,,,Service Excluding Fuel Surcharge,-0.0032475795648468,0.8770179020152852,0.003556264402484,0.0159705796009351,-0.0072893615430003
MULTIBASE.BO,,,,,,,,,,,,,,,,,,,,,,,,,,
NWS,2026.0,4.0,0.2514421484756036,Dow Jones Segment,0.2765839610101905,13.0,2026.0,3.0,0.3813066444475719,United States And Canada,0.5080251221214236,13.0,AUSTRALIA,0.0909090909090908,0.2791346824842987,0.0051961941266844,0.0128840466318643,0.0706014194994397,0.0,0.0,Digital Real Estate Services Segment,0.1187569367369589,0.2233052724856003,0.0101012970951602,0.0328608478913918,0.0681495504022715
7085.T,,,,,,,,,,,,,,,,,,,,,,,,,,
BWMX,2025.0,2.0,0.8710384051563418,Skin Care Member,0.9307194012093848,2.0,2025.0,4.0,0.8678716857249895,MEXICO,0.9291769333950712,3.0,UNITED STATES,0.0322797564477348,0.0670387554882165,0.0014411471894285,0.0135690135909657,0.0100886065841283,0.9291769333950712,0.0,Other Member,0.34769298053794,0.0692805987906153,0.0122434616649228,0.126287095449111,0.1095248984003907
CAI.MI,,,,,,,,,,,,,,,,,,,,,,,,,,
FIZZ,,,,,,,,,,,,,,,,,,,,,,,,,,
UBIS.BK,,,,,,,,,,,,,,,,,,,,,,,,,,
TABCF,,,,,,,,,,,,,,,,,,,,,,,,,,
2815.T,,,,,,,,,,,,,,,,,,,,,,,,,,
STC,2025.0,3.0,0.3826125913219599,Title - Agency Operations,0.4417197488997835,13.0,2025.0,2.0,0.8986508574831085,UNITED STATES,0.9464587648837844,13.0,UNITED STATES,0.1805595046890089,0.9464587648837844,0.0059399204644315,0.0622812644991223,0.1731503815221455,0.0,0.0,Real Estate Solutions And Other,0.2222674650475933,0.1533270988604769,0.0052914176037885,0.0389299042258542,0.1800862222721326
ALJXR.PA,,,,,,,,,,,,,,,,,,,,,,,,,,
TMV.DE,,,,,,,,,,,,,,,,,,,,,,,,,,
BONG.ST,,,,,,,,,,,,,,,,,,,,,,,,,,
RGEN,2025.0,6.0,0.3426431816263727,Product,0.5,10.0,,,,,,,,,,,,,,,Proteins Products,0.309170305676856,0.0660164507561385,0.0073381301584514,0.0864267024908013,0.1636480609544954
600261.SS,,,,,,,,,,,,,,,,,,,,,,,,,,
HCITY.MX,,,,,,,,,,,,,,,,,,,,,,,,,,
145020.KQ,,,,,,,,,,,,,,,,,,,,,,,,,,
3671.T,,,,,,,,,,,,,,,,,,,,,,,,,,
1AY.F,,,,,,,,,,,,,,,,,,,,,,,,,,
HLF.TO,,,,,,,,,,,,,,,,,,,,,,,,,,
NEM.DE,,,,,,,,,,,,,,,,,,,,,,,,,,
5975.T,,,,,,,,,,,,,,,,,,,,,,,,,,
TAH.AX,,,,,,,,,,,,,,,,,,,,,,,,,,
6122.TWO,,,,,,,,,,,,,,,,,,,,,,,,,,
RV1.F,,,,,,,,,,,,,,,,,,,,,,,,,,
FIEMIND.NS,,,,,,,,,,,,,,,,,,,,,,,,,,
HAZOOR.BO,,,,,,,,,,,,,,,,,,,,,,,,,,
LTM.SN,,,,,,,,,,,,,,,,,,,,,,,,,,
VLS.MI,,,,,,,,,,,,,,,,,,,,,,,,,,
3953.T,,,,,,,,,,,,,,,,,,,,,,,,,,
FUTR.L,,,,,,,,,,,,,,,,,,,,,,,,,,
AUTOAXLES.NS,,,,,,,,,,,,,,,,,,,,,,,,,,
MUR,2025.0,2.0,0.7820770984621324,"Oil and Gas, Exploration and Production",0.8755509941819701,13.0,2025.0,3.0,0.6750191236995544,UNITED STATES,0.7977395286991209,14.0,CANADA,0.0435550323719835,0.1964615498264017,0.0279433986659176,0.0912468779050844,-0.1048733716855121,0.0,0.0,Natural Gas,0.2742983225066744,0.1244490058180298,0.0740599501306085,0.1910507406322528,-0.4840401599586449
050110.KQ,,,,,,,,,,,,,,,,,,,,,,,,,,
TND.L,,,,,,,,,,,,,,,,,,,,,,,,,,
USNZY,,,,,,,,,,,,,,,,,,,,,,,,,,
YHEKF,,,,,,,,,,,,,,,,,,,,,,,,,,
5493.TWO,,,,,,,,,,,,,,,,,,,,,,,,,,
KGAUF,,,,,,,,,,,,,,,,,,,,,,,,,,
HFG.DE,,,,,,,,,,,,,,,,,,,,,,,,,,
QIHCF,,,,,,,,,,,,,,,,,,,,,,,,,,
688569.SS,,,,,,,,,,,,,,,,,,,,,,,,,,
TBZ.NS,,,,,,,,,,,,,,,,,,,,,,,,,,
WWIB.OL,,,,,,,,,,,,,,,,,,,,,,,,,,
104200.KQ,,,,,,,,,,,,,,,,,,,,,,,,,,
3636.T,,,,,,,,,,,,,,,,,,,,,,,,,,
MITSIB.BK,,,,,,,,,,,,,,,,,,,,,,,,,,
2222.T,,,,,,,,,,,,,,,,,,,,,,,,,,
MRMD,2025.0,3.0,0.4998367704813413,Product Sales,0.5570057437463242,9.0,,,,,,,,,,,,,,,Product Sales - Wholesale,0.1062723586930598,0.4353421846257805,0.0371818442950723,0.0668256800566796,0.0117874958851382
1884.HK,,,,,,,,,,,,,,,,,,,,,,,,,,
2373.T,,,,,,,,,,,,,,,,,,,,,,,,,,
AOF.DE,,,,,,,,,,,,,,,,,,,,,,,,,,
000612.SZ,,,,,,,,,,,,,,,,,,,,,,,,,,
310200.KQ,,,,,,,,,,,,,,,,,,,,,,,,,,
6403.T,,,,,,,,,,,,,,,,,,,,,,,,,,
NESCO.NS,,,,,,,,,,,,,,,,,,,,,,,,,,
GALAXYSURF.NS,,,,,,,,,,,,,,,,,,,,,,,,,,
PACO.BK,,,,,,,,,,,,,,,,,,,,,,,,,,
078340.KQ,,,,,,,,,,,,,,,,,,,,,,,,,,
HINDCOPPER.NS,,,,,,,,,,,,,,,,,,,,,,,,,,
EPD,2025.0,4.0,0.3575674357693561,NGL Pipelines and Services,0.458221097449711,15.0,,,,,,,,,,,,,,,NGL Pipelines and Services,0.2210917826854612,0.458221097449711,0.0856749321983295,0.1779235015433833,-0.0072193017926944
USAC,2025.0,2.0,0.9483791170144876,Contract Operations Revenue,0.9734865980228414,8.0,,,,,,,,,,,,,,,Contract Operations Revenue,0.050141422307437,0.9734865980228414,6.695366307485351e-06,,0.0501341997308639
CHRRF,,,,,,,,,,,,,,,,,,,,,,,,,,
OFN.SW,,,,,,,,,,,,,,,,,,,,,,,,,,
AAP,2025.0,4.0,0.4734,parts and batteries,0.64,7.0,2025.0,2.0,0.9344060611322668,UNITED STATES,0.9660504592489244,4.0,UNITED STATES,-0.0557583286797412,0.9660504592489244,-0.0015476928738218,,-0.0542455752910577,0.0,0.0,parts and batteries,-0.0392336002956777,0.64,0.01,0.0075059874976899,-0.0542455752910577
MAR.LS,,,,,,,,,,,,,,,,,,,,,,,,,,
7048.T,,,,,,,,,,,,,,,,,,,,,,,,,,
PRVA,2025.0,6.0,0.4492953636902424,FFS-Patient Care,0.6407613001815491,5.0,,,,,,,,,,,,,,,Capitated Revenue,0.448248015137074,0.1453042666387795,0.0226434588709393,0.1336328844532998,0.2225605998652375
SPTO.JK,,,,,,,,,,,,,,,,,,,,,,,,,,
3778.HK,,,,,,,,,,,,,,,,,,,,,,,,,,
046440.KQ,,,,,,,,,,,,,,,,,,,,,,,,,,
0909.HK,,,,,,,,,,,,,,,,,,,,,,,,,,
EXPO,2025.0,2.0,0.7430341441998543,Engineering And Other Scientific,0.8485929891720818,14.0,2025.0,2.0,0.8112048589902745,UNITED STATES,0.8944647379616298,11.0,UNITED STATES,0.0558220282436261,0.8944647379616298,0.0116453278841742,,0.0420759372191208,0.0,0.0,Engineering And Other Scientific,0.0518566950062187,0.8485929891720818,0.0078906970182593,0.0306996187181256,0.0420759372191208
MCK,2026.0,5.0,0.7117815644022081,North American Pharmaceutical Segment,0.8344743821728676,16.0,2020.0,2.0,0.7231840876393851,UNITED STATES,0.8340539534561634,9.0,UNITED STATES,0.0930991060489176,0.8340539534561634,0.0114670619533101,0.0423547235791231,0.0780705397094985,0.0,0.0,,,,,,0.1236352495543671
ABO.BR,,,,,,,,,,,,,,,,,,,,,,,,,,
017480.KQ,,,,,,,,,,,,,,,,,,,,,,,,,,
5IF.SI,,,,,,,,,,,,,,,,,,,,,,,,,,
JAS.BK,,,,,,,,,,,,,,,,,,,,,,,,,,
213500.KS,,,,,,,,,,,,,,,,,,,,,,,,,,
SWIM,2025.0,3.0,0.3679062516271865,In-Ground Swimming Pools,0.4798575594601327,5.0,2025.0,5.0,0.7266990973611016,UNITED STATES,0.846429461158575,5.0,UNITED STATES,0.0762572903273892,0.846429461158575,0.0021440839856023,0.0176978005087442,0.0735310312278769,0.0,0.0,Covers,0.2240758366010584,0.294487023549583,0.0362179289220364,0.0937210641992618,0.0735310312278769
300741.SZ,,,,,,,,,,,,,,,,,,,,,,,,,,
7215.T,,,,,,,,,,,,,,,,,,,,,,,,,,
6496.T,,,,,,,,,,,,,,,,,,,,,,,,,,
3947.T,,,,,,,,,,,,,,,,,,,,,,,,,,
4536.TW,,,,,,,,,,,,,,,,,,,,,,,,,,
TIRSARJ.BO,,,,,,,,,,,,,,,,,,,,,,,,,,
900936.SS,,,,,,,,,,,,,,,,,,,,,,,,,,
IDN,2025.0,2.0,0.8484310018903591,Other,0.917391304347826,8.0,,,,,,,,,,,,,,,Other,2.3492063492063493,0.917391304347826,0.580492908625901,1.5979902713773682,0.2299465240641711
RCDTF,,,,,,,,,,,,,,,,,,,,,,,,,,
SIF,2025.0,3.0,0.583695950285408,Fixed Wing Aircraft Revenue,0.7242701475915928,7.0,2023.0,2.0,0.6343680599857622,North America,0.7591988232860656,5.0,Europe,0.3459438628042905,0.2408011767139344,0.0552394499374571,0.1895525000878462,0.0371862410907963,0.0,0.0,Fixed Wing Aircraft Revenue,0.2814635606325135,0.7242701475915928,0.2635360803442301,0.5063100341751365,-0.1848153340534577
TECN3.SA,,,,,,,,,,,,,,,,,,,,,,,,,,
AZK.MC,,,,,,,,,,,,,,,,,,,,,,,,,,
KAIKY,,,,,,,,,,,,,,,,,,,,,,,,,,
G4M.L,,,,,,,,,,,,,,,,,,,,,,,,,,
DV,,,,,,,,,,,,,,,,,,,,,,,,,,
3217.TWO,,,,,,,,,,,,,,,,,,,,,,,,,,
MONTECARLO.NS,,,,,,,,,,,,,,,,,,,,,,,,,,
4516.T,,,,,,,,,,,,,,,,,,,,,,,,,,
002624.SZ,,,,,,,,,,,,,,,,,,,,,,,,,,
VERX,2025.0,4.0,0.3258040434677644,Software subscriptions,0.460813285517305,6.0,,,,,,,,,,,,,,,Cloud subscriptions,0.2785797864825408,0.2542637479486319,0.0305478876682201,0.1051627012435575,0.1249679876813356
BAI.SI,,,,,,,,,,,,,,,,,,,,,,,,,,
EXE.PA,,,,,,,,,,,,,,,,,,,,,,,,,,
ALB,2025.0,3.0,0.3912759913164192,Energy Storage,0.5269639703247281,13.0,2025.0,1.0,1.0,UNITED STATES,1.0,13.0,UNITED STATES,-0.0126093561156264,1.0,0.8322890489046451,,-0.8344037760114967,0.0,0.0,Specialties,0.0305071784479891,0.2657021081981118,0.0191234770580671,0.0616802203247921,-0.043661899542652
S08.SI,,,,,,,,,,,,,,,,,,,,,,,,,,
4167.T,,,,,,,,,,,,,,,,,,,,,,,,,,
IAM.SN,,,,,,,,,,,,,,,,,,,,,,,,,,
1730.TW,,,,,,,,,,,,,,,,,,,,,,,,,,
300206.SZ,,,,,,,,,,,,,,,,,,,,,,,,,,
SMBMF,,,,,,,,,,,,,,,,,,,,,,,,,,
5446.T,,,,,,,,,,,,,,,,,,,,,,,,,,
0389.HK,,,,,,,,,,,,,,,,,,,,,,,,,,
6264.T,,,,,,,,,,,,,,,,,,,,,,,,,,
CENTEXT.NS,,,,,,,,,,,,,,,,,,,,,,,,,,
1184.HK,,,,,,,,,,,,,,,,,,,,,,,,,,
STAEF,,,,,,,,,,,,,,,,,,,,,,,,,,
8018.T,,,,,,,,,,,,,,,,,,,,,,,,,,
2442.TW,,,,,,,,,,,,,,,,,,,,,,,,,,
FTNT,2025.0,3.0,0.3384858587567885,Security Subscription,0.3872580740043532,11.0,2025.0,3.0,0.3660765583456997,"Europe, Middle East and Africa",0.4168333431378316,14.0,"Europe, Middle East and Africa",0.1828311493197563,0.4168333431378316,0.0145028417778128,0.032006134896499,0.1416770207192987,0.4168333431378316,0.0,Product,0.1622570335830671,0.326254485557974,0.0057769678441488,0.015304878514294,0.1416770207192987
KMCSHIL.BO,,,,,,,,,,,,,,,,,,,,,,,,,,
2433.T,,,,,,,,,,,,,,,,,,,,,,,,,,
MGM,2025.0,4.0,0.3666511108204034,Casino,0.5388902855639482,15.0,2025.0,2.0,0.5475648153749914,Las Vegas Strip Resorts,0.6542154586528072,1.0,,,,,,,0.3457845413471928,0.3457845413471928,Casino,0.075718708999187,0.5388902855639482,0.0292979843924945,0.0563231718805175,0.0172348379938105
1D0.SI,,,,,,,,,,,,,,,,,,,,,,,,,,
2497.T,,,,,,,,,,,,,,,,,,,,,,,,,,
DRI,2026.0,4.0,0.3028112737652312,Olive Garden,0.4234987775246198,12.0,,,,,,,,,,,,,,,LongHorn Steakhouse,0.1313832424392662,0.2591042245418556,-0.0579277982597203,0.0327826363012354,0.3843260122390812
VISTAA.MX,,,,,,,,,,,,,,,,,,,,,,,,,,
OTSKY,,,,,,,,,,,,,,,,,,,,,,,,,,
CHD,2025.0,1.0,1.0,Specialty Products Division,1.0,14.0,2025.0,2.0,0.6906067436794108,Consumer Domestic,0.8087124419904475,14.0,Consumer International,0.0540363975734952,0.1912875580095525,0.0066671369061375,0.0225277818647434,0.0172990109927977,0.0,0.0,Specialty Products Division,-0.0141773821299043,1.0,0.0,,-0.0141773821299043
KANCHI.BO,,,,,,,,,,,,,,,,,,,,,,,,,,
1527.TW,,,,,,,,,,,,,,,,,,,,,,,,,,
AMKYF,,,,,,,,,,,,,,,,,,,,,,,,,,
8144.T,,,,,,,,,,,,,,,,,,,,,,,,,,
2033.HK,,,,,,,,,,,,,,,,,,,,,,,,,,
1866.T,,,,,,,,,,,,,,,,,,,,,,,,,,
CFEIY,,,,,,,,,,,,,,,,,,,,,,,,,,
VITL,2025.0,2.0,0.9332157992480284,Eggs And Egg Related Products,0.9654115379145796,6.0,,,,,,,,,,,,,,,Eggs And Egg Related Products,0.2620207451880871,0.9654115379145796,0.007226987843411,,0.2525733662979315
BQF.SI,,,,,,,,,,,,,,,,,,,,,,,,,,
INVE,2023.0,2.0,0.5145464054178454,Identity,0.5852830739884691,12.0,2025.0,3.0,0.3694997625629077,Americas,0.4674176131074288,9.0,Europe And Middle East,-0.0544065340534843,0.3341091044498231,0.0490332444528274,0.1406256549072859,-0.1931801111611837,0.3341091044498231,0.0,Physical Access Control Systems,0.0609544325500626,0.4147169260115309,0.0118209423069743,0.0253231122733701,0.0307133684630032
THAI.BK,,,,,,,,,,,,,,,,,,,,,,,,,,
7940.T,,,,,,,,,,,,,,,,,,,,,,,,,,
9470.T,,,,,,,,,,,,,,,,,,,,,,,,,,
STAF.L,,,,,,,,,,,,,,,,,,,,,,,,,,
7213.T,,,,,,,,,,,,,,,,,,,,,,,,,,
SBFG3.SA,,,,,,,,,,,,,,,,,,,,,,,,,,
1553.HK,,,,,,,,,,,,,,,,,,,,,,,,,,
JDDSF,,,,,,,,,,,,,,,,,,,,,,,,,,
037330.KQ,,,,,,,,,,,,,,,,,,,,,,,,,,
6776.T,,,,,,,,,,,,,,,,,,,,,,,,,,
ZOMD.V,,,,,,,,,,,,,,,,,,,,,,,,,,
6469.T,,,,,,,,,,,,,,,,,,,,,,,,,,
4544.T,,,,,,,,,,,,,,,,,,,,,,,,,,
GMPUF,,,,,,,,,,,,,,,,,,,,,,,,,,
7827.T,,,,,,,,,,,,,,,,,,,,,,,,,,
ASEKY,,,,,,,,,,,,,,,,,,,,,,,,,,
ASAL.NS,,,,,,,,,,,,,,,,,,,,,,,,,,
TCL-A.TO,,,,,,,,,,,,,,,,,,,,,,,,,,
API,2025.0,2.0,0.9572019045137496,Service,0.97812231934608,6.0,2025.0,3.0,0.3692552963963214,CHINA,0.4682362449222654,6.0,UNITED STATES,0.1715755413589976,0.2002169335800421,0.0193170116253083,0.0942858785746595,0.0585414540433451,0.4682362449222654,0.4682362449222654,Service,0.0810740926471509,0.97812231934608,0.0203868327638623,,0.0585414540433451
ABBV,2025.0,21.0,0.1372628681539538,SKYRIZI,0.3018978202571684,13.0,2025.0,2.0,0.9081065942514486,UNITED STATES,0.9517225886821736,11.0,UNITED STATES,0.0830602616839806,0.9517225886821736,0.1879032255977132,0.4526913484293635,-0.1307736003124223,0.0,0.0,SKYRIZI,0.4987199180747568,0.3018978202571684,0.0861999960109511,0.2972079566406402,0.0707948312042117
017800.KS,,,,,,,,,,,,,,,,,,,,,,,,,,
UKEM.BK,,,,,,,,,,,,,,,,,,,,,,,,,,
TTGT,2025.0,1.0,1.0,Advisory Services,1.0,3.0,2025.0,2.0,0.7009499647737352,North America,0.8169778894290067,11.0,North America,0.7940492608875325,0.8169778894290067,0.0683541935167323,0.2985622479521438,0.6439463120268663,0.0,0.0,Advisory Services,0.5122965015587115,1.0,0.0,,0.5122965015587115
TSPC.JK,,,,,,,,,,,,,,,,,,,,,,,,,,
EFORL.BK,,,,,,,,,,,,,,,,,,,,,,,,,,
ULUSE.IS,,,,,,,,,,,,,,,,,,,,,,,,,,
NATFIT.BO,,,,,,,,,,,,,,,,,,,,,,,,,,
BMY,2025.0,20.0,0.1563404319741829,Eliquis,0.2996783898744683,15.0,2025.0,2.0,0.9387407273569772,UNITED STATES,0.9683699004830356,16.0,UNITED STATES,-0.0242193226799589,0.9683699004830356,0.2622622400275489,,-0.2884886128364389,0.0,0.0,Yervoy,0.1462450592885376,0.0601722170349621,0.007750021518821,0.2233251726659797,-0.0013882557705855
0311.HK,,,,,,,,,,,,,,,,,,,,,,,,,,
038060.KQ,,,,,,,,,,,,,,,,,,,,,,,,,,
G50.SI,,,,,,,,,,,,,,,,,,,,,,,,,,
SHZHY,,,,,,,,,,,,,,,,,,,,,,,,,,
SOP.PA,,,,,,,,,,,,,,,,,,,,,,,,,,
032750.KQ,,,,,,,,,,,,,,,,,,,,,,,,,,
049430.KQ,,,,,,,,,,,,,,,,,,,,,,,,,,
4568.TWO,,,,,,,,,,,,,,,,,,,,,,,,,,
SUBCY,,,,,,,,,,,,,,,,,,,,,,,,,,
GPE.PA,,,,,,,,,,,,,,,,,,,,,,,,,,
2421.TW,,,,,,,,,,,,,,,,,,,,,,,,,,
7609.T,,,,,,,,,,,,,,,,,,,,,,,,,,
BVNRY,,,,,,,,,,,,,,,,,,,,,,,,,,
VIPCLOTHNG.NS,,,,,,,,,,,,,,,,,,,,,,,,,,
WELL.TO,,,,,,,,,,,,,,,,,,,,,,,,,,
2438.T,,,,,,,,,,,,,,,,,,,,,,,,,,
SFOR.L,,,,,,,,,,,,,,,,,,,,,,,,,,
5279.T,,,,,,,,,,,,,,,,,,,,,,,,,,
CCV.AX,,,,,,,,,,,,,,,,,,,,,,,,,,
SAM,,,,,,,,,,,,,,,,,,,,,,,,,,
ASIX,2025.0,3.0,0.3396204103585921,Chemical Intermediates,0.3938229295442572,5.0,2025.0,2.0,0.7598006846172969,UNITED STATES,0.8604169006978564,9.0,UNITED STATES,0.0036659818494051,0.8604169006978564,0.0005012599673929,0.0020870057704591,0.0030812681171119,0.0,0.0,Caprolactam,-0.0178535882708475,0.2831061661163534,0.0222965607246476,0.049488644843655,-0.095204383592677
FTLF,,,,,,,2025.0,2.0,0.9053293163459356,UNITED STATES,0.9501829163495298,2.0,UNITED STATES,0.259068874646192,0.9501829163495298,-0.0033606472236604,,0.2635220028230622,0.0,0.0,,,,,,
ALPJT.PA,,,,,,,,,,,,,,,,,,,,,,,,,,
PIFMF,,,,,,,,,,,,,,,,,,,,,,,,,,
LNVGF,,,,,,,,,,,,,,,,,,,,,,,,,,
WILD.TO,,,,,,,,,,,,,,,,,,,,,,,,,,
4999.TW,,,,,,,,,,,,,,,,,,,,,,,,,,
B58.SI,,,,,,,,,,,,,,,,,,,,,,,,,,
INDIAGLYCO.NS,,,,,,,,,,,,,,,,,,,,,,,,,,
3034.T,,,,,,,,,,,,,,,,,,,,,,,,,,
INDINFO.BO,,,,,,,,,,,,,,,,,,,,,,,,,,
095720.KS,,,,,,,,,,,,,,,,,,,,,,,,,,
005300.KS,,,,,,,,,,,,,,,,,,,,,,,,,,
RMV.L,,,,,,,,,,,,,,,,,,,,,,,,,,
UNIDT.NS,,,,,,,,,,,,,,,,,,,,,,,,,,
3011.T,,,,,,,,,,,,,,,,,,,,,,,,,,
NEGXF,,,,,,,,,,,,,,,,,,,,,,,,,,
PHAR.L,,,,,,,,,,,,,,,,,,,,,,,,,,
5703.KL,,,,,,,,,,,,,,,,,,,,,,,,,,
FUL,2025.0,3.0,0.3543115738630635,"Hygiene, Health, and Consumable Adhesives",0.4467393810839452,9.0,2025.0,5.0,0.2785922111193489,Countries with More Than 10 Percent of Total,0.4005389574977737,10.0,CHINA,0.0195068778049403,0.0771532413383679,-0.0457227573345515,0.0324852455334948,0.6236897321628723,0.0771532413383679,0.0771532413383679,Construction Adhesives,0.526895790131523,0.2475885892084527,0.0897601591984995,0.3314557147547475,-0.026661260457484
WKL.AS,,,,,,,,,,,,,,,,,,,,,,,,,,
TIMS3.SA,,,,,,,,,,,,,,,,,,,,,,,,,,
BYDIF,,,,,,,,,,,,,,,,,,,,,,,,,,
GENTS.IS,,,,,,,,,,,,,,,,,,,,,,,,,,
BAMNB.AS,,,,,,,,,,,,,,,,,,,,,,,,,,
DOKA.SW,,,,,,,,,,,,,,,,,,,,,,,,,,
GEDZA.IS,,,,,,,,,,,,,,,,,,,,,,,,,,
EW,2025.0,3.0,0.5840451056753893,Transcatheter Heart Valves,0.7396169820027688,16.0,2025.0,4.0,0.4185073771495685,UNITED STATES,0.5839376359680928,16.0,Europe,0.1481425436937278,0.2500988858856879,0.0071169941676991,0.0411582684638231,0.1154701718907988,0.0,0.0,Transcatheter Mitral And Tricuspid Therapies,0.5637602953706333,0.090744281099611,0.0260140669255141,0.2330189098093269,0.1154701718907988
2221.T,,,,,,,,,,,,,,,,,,,,,,,,,,
BWLP,2025.0,4.0,0.5380582206939075,Cargo Sales,0.7015080952661269,2.0,,,,,,,,,,,,,,,Time Charter,0.645601905524757,0.0867104796960262,0.032668063444912,0.3272083671490262,0.0256234710470781
DHR,2025.0,2.0,0.7038237646565209,"Revenue from Contract with Customer, Measurement, Recurring",0.8192364050797786,14.0,2025.0,2.0,0.7043316864144678,Other developed markets,0.8196339206142456,16.0,Other developed markets,0.0729606030691913,0.8196339206142456,0.3529114075252403,0.0674963443153443,-0.3890261780104712,0.1803660793857544,0.1803660793857544,"Revenue from Contract with Customer, Measurement, Recurring",0.0392956728286688,0.8192364050797786,0.0080950438232341,0.0271883110206773,0.0290261780104712
ENOV,2021.0,2.0,0.5337870643203803,Fabrication Technology,0.6299751213124656,10.0,2024.0,2.0,0.5165742310800446,UNITED STATES,0.5910335956667773,13.0,Foreign,0.5535139148975285,0.4089664043332228,0.0839675904880719,0.2362678741761759,0.2345517242591217,0.0,0.0,Medical Technology,0.2725867761220666,0.3700248786875344,0.0050674364312136,0.0137218277726537,0.2551588869107379
ELIX.L,,,,,,,,,,,,,,,,,,,,,,,,,,
WSM,2025.0,5.0,0.2593287386121576,Pottery Barn Segment,0.3841940171255477,14.0,2025.0,1.0,1.0,Non-US,1.0,1.0,,,,,,,0.0,0.0,Other Segments,0.0628814034221236,0.0573375880768805,0.0027256758793054,0.0266253556206065,0.0123548587759567
FROTO.IS,,,,,,,,,,,,,,,,,,,,,,,,,,
PTALF,,,,,,,,,,,,,,,,,,,,,,,,,,
004360.KS,,,,,,,,,,,,,,,,,,,,,,,,,,
5234.TW,,,,,,,,,,,,,,,,,,,,,,,,,,
8616.HK,,,,,,,,,,,,,,,,,,,,,,,,,,
AEP.L,,,,,,,,,,,,,,,,,,,,,,,,,,
NTV.BK,,,,,,,,,,,,,,,,,,,,,,,,,,
PJ4A.F,,,,,,,,,,,,,,,,,,,,,,,,,,
2492.T,,,,,,,,,,,,,,,,,,,,,,,,,,
CIADF,,,,,,,,,,,,,,,,,,,,,,,,,,
OML.AX,,,,,,,,,,,,,,,,,,,,,,,,,,
052900.KQ,,,,,,,,,,,,,,,,,,,,,,,,,,
WIX.L,,,,,,,,,,,,,,,,,,,,,,,,,,
KONMY,,,,,,,,,,,,,,,,,,,,,,,,,,
INGR,2020.0,1.0,1.0,E M E A Segment,1.0,7.0,2025.0,8.0,0.2248126754364343,UNITED STATES,0.3899432054301149,15.0,GERMANY,-0.0025974025974025,0.0531929630142679,0.0013760047370135,0.0273781484000199,-0.0283983849259757,0.3522648566283419,0.0,E M E A Segment,0.0016891891891892,1.0,0.0,,0.0016891891891892
POSADASA.MX,,,,,,,,,,,,,,,,,,,,,,,,,,
92P.F,,,,,,,,,,,,,,,,,,,,,,,,,,
TCLCF,,,,,,,,,,,,,,,,,,,,,,,,,,
DQ,2017.0,1.0,1.0,Product,1.0,5.0,,,,,,,,,,,,,,,,,,,,1199.4019493442652
9991.T,,,,,,,,,,,,,,,,,,,,,,,,,,
Y.TO,,,,,,,,,,,,,,,,,,,,,,,,,,
ZAP.WA,,,,,,,,,,,,,,,,,,,,,,,,,,
9726.T,,,,,,,,,,,,,,,,,,,,,,,,,,
081660.KS,,,,,,,,,,,,,,,,,,,,,,,,,,
N02.SI,,,,,,,,,,,,,,,,,,,,,,,,,,
PAA,2025.0,2.0,0.9235941814838402,Product,0.9602141792056392,15.0,2025.0,2.0,0.8173018122679487,UNITED STATES,0.8983100628078261,16.0,UNITED STATES,-0.0991662513027323,0.8983100628078261,0.016837013459874,0.0712256359324585,-0.1160505661733868,0.0,0.0,Product,-0.1192232768267915,0.9602141792056392,-0.0034588581598072,,-0.1160505661733868
3059.TW,,,,,,,,,,,,,,,,,,,,,,,,,,
EPMT.JK,,,,,,,,,,,,,,,,,,,,,,,,,,
BLBLF,2025.0,3.0,0.3530067947050688,Value Added Services,0.4202860089057061,6.0,,,,,,,,,,,,,,,Advertising,0.2282592568848509,0.3544027533006353,0.0241759081537149,0.0592171303857677,0.1444724276154716
134790.KS,,,,,,,,,,,,,,,,,,,,,,,,,,
NVGS,2025.0,2.0,0.5572328675910593,Time Charters,0.6691639258102319,8.0,,,,,,,,,,,,,,,Time Charters,0.0699679885019926,0.6691639258102319,0.0110132145077637,0.0257565497500158,0.0523582720793016
GD,2025.0,4.0,0.2601798064640535,Marine Systems,0.3182302568981922,16.0,2025.0,6.0,0.4236614428484059,North America,0.4717233709531263,16.0,Europe,0.1198987662132236,0.0364527555811846,-0.0280653486764795,0.0186519708414576,0.9821202596236274,0.0251977098607793,0.0,Marine Systems,0.1659346022449974,0.3182302568981922,0.0176392601675358,0.0693746977480564,0.1013077374465587
CLX.L,,,,,,,,,,,,,,,,,,,,,,,,,,
MGEL.NS,,,,,,,,,,,,,,,,,,,,,,,,,,
PANCARBON.BO,,,,,,,,,,,,,,,,,,,,,,,,,,
1301.SR,,,,,,,,,,,,,,,,,,,,,,,,,,
ALREW.PA,,,,,,,,,,,,,,,,,,,,,,,,,,
AMN,2025.0,2.0,0.8592645480674617,Locum Tenens Staffing,0.9238304779434,14.0,,,,,,,,,,,,,,,Locum Tenens Staffing,-0.002087044959751,0.9238304779434,0.0173236801548021,0.1000761296404442,-0.0207999206097682
GJS.BK,,,,,,,,,,,,,,,,,,,,,,,,,,
0345.HK,,,,,,,,,,,,,,,,,,,,,,,,,,
GARO.BA,,,,,,,,,,,,,,,,,,,,,,,,,,
GAYAPROJ.BO,,,,,,,,,,,,,,,,,,,,,,,,,,
HEI-A,2025.0,2.0,0.5707484106386933,Flight Support Group,0.6880803161400646,11.0,2025.0,2.0,0.5283072247400532,North America,0.618968955488508,15.0,North America,0.1467273219953637,0.618968955488508,-0.0085841082917177,,0.1626305937601178,0.0,0.0,Flight Support Group,0.1810757480807803,0.6880803161400646,0.0118395975096847,0.0313850867441489,0.1607533218207626
WTON.JK,,,,,,,,,,,,,,,,,,,,,,,,,,
AIY.SI,,,,,,,,,,,,,,,,,,,,,,,,,,
K75.SI,,,,,,,,,,,,,,,,,,,,,,,,,,
OTSKF,,,,,,,,,,,,,,,,,,,,,,,,,,
017960.KS,,,,,,,,,,,,,,,,,,,,,,,,,,
053060.KQ,,,,,,,,,,,,,,,,,,,,,,,,,,
002803.SZ,,,,,,,,,,,,,,,,,,,,,,,,,,
GXO,2025.0,5.0,0.3592037010683261,"E-Commerce, Omnichannel and Consumer Technology",0.5554014218831281,5.0,2025.0,7.0,0.3029202563791375,UNITED KINGDOM,0.4777659735923509,5.0,Other Geographical Areas,0.1908957415565344,0.0615419638791925,0.0033815744351751,0.0727683199660752,0.1254590485950977,0.0,0.0,Industrial And Manufacturing,0.1418969380134429,0.1325645916421016,-0.1459295847306105,0.0540891314080416,1.39891846921797
214330.KS,,,,,,,,,,,,,,,,,,,,,,,,,,
NHLPF,,,,,,,,,,,,,,,,,,,,,,,,,,
ALFRE.PA,,,,,,,,,,,,,,,,,,,,,,,,,,
WH,2025.0,6.0,0.2268153034220191,"Marketing, Reservation and Loyalty",0.2835519677093844,8.0,2025.0,2.0,0.6723572151587554,UNITED STATES,0.7935619314205739,8.0,Non-US,0.0424028268551237,0.2064380685794261,0.0054437503976079,0.0172014134275618,0.0149147727272727,0.0,0.0,Other Products and Services,0.21656050955414,0.0963673057517659,0.0161834446690284,0.0870253366116716,0.0122574055158324
000576.SZ,,,,,,,,,,,,,,,,,,,,,,,,,,
TCLHF,,,,,,,,,,,,,,,,,,,,,,,,,,
PSX,2025.0,4.0,0.4417824234581694,"Consolidation, Eliminations",0.6145073042923038,14.0,2025.0,4.0,0.6372985517583909,UNITED STATES,0.7875974496887653,14.0,UNITED KINGDOM,0.0388578620309918,0.0997688402731613,0.0109617597369517,0.0757031310967587,-0.0752830887232541,0.0,0.0,,,,,,-0.5550739118934964
034220.KS,,,,,,,,,,,,,,,,,,,,,,,,,,
1583.HK,,,,,,,,,,,,,,,,,,,,,,,,,,
3989.T,,,,,,,,,,,,,,,,,,,,,,,,,,
MARINSA.SN,,,,,,,,,,,,,,,,,,,,,,,,,,
ZIJMY,,,,,,,,,,,,,,,,,,,,,,,,,,
MLHK.PA,,,,,,,,,,,,,,,,,,,,,,,,,,
241790.KQ,,,,,,,,,,,,,,,,,,,,,,,,,,
APCO.BK,,,,,,,,,,,,,,,,,,,,,,,,,,
215360.KQ,,,,,,,,,,,,,,,,,,,,,,,,,,
IOM.L,,,,,,,,,,,,,,,,,,,,,,,,,,
TIRUSTA.BO,,,,,,,,,,,,,,,,,,,,,,,,,,
CAMB3.SA,,,,,,,,,,,,,,,,,,,,,,,,,,
DGX,2025.0,1.0,1.0,Diagnostic Information Services Business,1.0,15.0,,,,,,,,,,,,,,,Diagnostic Information Services Business,0.1218015394216767,1.0,0.0,,0.1218015394216767
GRG1L.VS,,,,,,,,,,,,,,,,,,,,,,,,,,
TLF,,,,,,,2025.0,3.0,0.8012642882294588,U.S.,0.8896939363765002,1.0,,,,,,,0.0,0.0,,,,,,
3991.HK,,,,,,,,,,,,,,,,,,,,,,,,,,
UNIQUEO.BO,,,,,,,,,,,,,,,,,,,,,,,,,,
ADFJF,,,,,,,,,,,,,,,,,,,,,,,,,,
GGRM.JK,,,,,,,,,,,,,,,,,,,,,,,,,,
GRND,2024.0,2.0,0.7367407419074659,License and Service,0.8440499541545282,3.0,2024.0,3.0,0.4481899551502562,North America,0.6052327673255261,3.0,Other Countries,0.3590868051077003,0.1528714353694913,0.0035978756388883,0.0201629288947817,0.3271002845689685,0.0,0.0,Advertising,0.5621112596640121,0.1559500458454717,0.0234618194533365,0.1354511732547816,0.3271002845689685
0915.HK,,,,,,,,,,,,,,,,,,,,,,,,,,
BYKE.NS,,,,,,,,,,,,,,,,,,,,,,,,,,
KENH.ST,,,,,,,,,,,,,,,,,,,,,,,,,,
1894.HK,,,,,,,,,,,,,,,,,,,,,,,,,,
SIRCA.NS,,,,,,,,,,,,,,,,,,,,,,,,,,
MV4.SI,,,,,,,,,,,,,,,,,,,,,,,,,,
MSM,2025.0,1.0,1.0,Reportable Segment,1.0,1.0,,,,,,,,,,,,,,,,,,,,
1302.HK,,,,,,,,,,,,,,,,,,,,,,,,,,
MCRAB,,,,,,,,,,,,,,,,,,,,,,,,,,
1957.HK,,,,,,,,,,,,,,,,,,,,,,,,,,
BKTI,,,,,,,,,,,,,,,,,,,,,,,,,,
3665.T,,,,,,,,,,,,,,,,,,,,,,,,,,
MR7.SI,,,,,,,,,,,,,,,,,,,,,,,,,,
ANZLY,,,,,,,,,,,,,,,,,,,,,,,,,,
WEHA.JK,,,,,,,,,,,,,,,,,,,,,,,,,,
CDGXY,,,,,,,,,,,,,,,,,,,,,,,,,,
9039.T,,,,,,,,,,,,,,,,,,,,,,,,,,
ALRM,2025.0,2.0,0.5660806938496029,License and Service,0.6817700385784232,11.0,,,,,,,,,,,,,,,License and Service,0.0922040310647371,0.6817700385784232,0.0101591995623063,0.0247802991674126,0.0759288677597047
SRAD,2023.0,5.0,0.3236739936678062,Betting data / Betting entertainment tools,0.4660885738702056,3.0,2025.0,7.0,0.2611421481210852,Europe,0.3960587471859014,4.0,UNITED STATES,1.2457606547144295,0.2002129471100962,0.0190446038546072,0.4881261700027695,1.0321399941195837,0.0919914202842633,0.0,Betting revenue,0.7025591014560986,0.084835536788485,0.0326347735342273,0.30586273583418,0.0476138649664892
1898.T,,,,,,,,,,,,,,,,,,,,,,,,,,
603185.SS,,,,,,,,,,,,,,,,,,,,,,,,,,
4221.T,,,,,,,,,,,,,,,,,,,,,,,,,,
TPLPLASTEH.NS,,,,,,,,,,,,,,,,,,,,,,,,,,
YSXT,2026.0,1.0,1.0,"Service, Other",1.0,2.0,,,,,,,,,,,,,,,"Service, Other",-0.641872185190404,1.0,0.0,,-0.641872185190404
2053.T,,,,,,,,,,,,,,,,,,,,,,,,,,
6650.TWO,,,,,,,,,,,,,,,,,,,,,,,,,,
CCOZY,,,,,,,,,,,,,,,,,,,,,,,,,,
GUD.TO,,,,,,,,,,,,,,,,,,,,,,,,,,
IT.BK,,,,,,,,,,,,,,,,,,,,,,,,,,
KANKF,,,,,,,,,,,,,,,,,,,,,,,,,,
227950.KQ,,,,,,,,,,,,,,,,,,,,,,,,,,
ARIS.TO,,,,,,,,,,,,,,,,,,,,,,,,,,
VASO,2021.0,3.0,0.4759889090228473,Information Technology Segment,0.5678296881408857,9.0,2021.0,2.0,0.9504583398095304,Domestic (United States),0.9745831538358322,7.0,Domestic (United States),-0.956864729697547,0.9745831538358322,0.0127506556253812,,-0.9574290765926986,0.0,0.0,Professional Sales Service Segment,0.2876011371091187,0.3895394223263075,0.0621951130922345,0.1549410433347115,0.0820186113099499
0285.HK,,,,,,,,,,,,,,,,,,,,,,,,,,
SIGA,2025.0,2.0,0.8715021532903522,Product Sales and Supportive Services,0.930988487833696,6.0,2025.0,3.0,0.7882409236570957,UNITED STATES,0.8840344563415475,4.0,UNITED STATES,-0.2331899744188886,0.8840344563415475,0.1682163763111475,0.2567204251828598,-0.379100581066643,0.0,0.0,Product Sales and Supportive Services,-0.3396232995438595,0.930988487833696,-0.0301620726324536,,-0.3182284807418719
603551.SS,,,,,,,,,,,,,,,,,,,,,,,,,,
ETD,2021.0,1.0,1.0,Annual Fee Per Member,1.0,2.0,2021.0,1.0,1.0,Wholesale Segment,1.0,1.0,,,,,,,0.0,0.0,Annual Fee Per Member,-0.3,1.0,0.0,,-0.3
HNMUF,,,,,,,,,,,,,,,,,,,,,,,,,,
WES,2025.0,4.0,0.8122977190969967,Service Fee Based,0.8984360994670608,8.0,,,,,,,,,,,,,,,Service Fee Based,0.063046022765405,0.8984360994670608,-0.0025517173753369,0.0822932545978886,0.0660652614276564
603766.SS,,,,,,,,,,,,,,,,,,,,,,,,,,
BOLT.BA,,,,,,,,,,,,,,,,,,,,,,,,,,
AZTA,2025.0,2.0,0.5868178936999029,Service,0.7083481385804813,15.0,2025.0,4.0,0.3322227207114737,Europe,0.4785079216525169,15.0,Europe,0.0447499781066642,0.4785079216525169,0.3219219114106085,0.2064212347833919,-0.6581180302991058,0.2600307507186309,0.2600307507186309,Service,0.0186866093830222,0.7083481385804813,0.079212789065075,0.1535831991892042,-0.0952305495921977
600854.SS,,,,,,,,,,,,,,,,,,,,,,,,,,
6638.T,,,,,,,,,,,,,,,,,,,,,,,,,,
TCJ.BK,,,,,,,,,,,,,,,,,,,,,,,,,,
7922.T,,,,,,,,,,,,,,,,,,,,,,,,,,
9743.T,,,,,,,,,,,,,,,,,,,,,,,,,,
SWKS,,,,,,,2025.0,6.0,0.6089618709237334,UNITED STATES,0.7724925983018914,15.0,UNITED STATES,-0.0140840672037974,0.7724925983018914,0.0060493240079708,0.0754624907314843,-0.0218046912398276,0.1721108908952996,0.1255964178227996,,,,,,
7571.T,,,,,,,,,,,,,,,,,,,,,,,,,,
KKCL.NS,,,,,,,,,,,,,,,,,,,,,,,,,,
ALI2S.PA,,,,,,,,,,,,,,,,,,,,,,,,,,
1776.TW,,,,,,,,,,,,,,,,,,,,,,,,,,
PODD,2025.0,2.0,0.9751343079305854,International Omnipod,0.987408610885459,9.0,2025.0,2.0,0.5981028108508264,UNITED STATES,0.7214755187947715,10.0,Non-US,0.4411539931218953,0.2785244812052285,0.0258695285116583,0.0895538729335093,0.3072987063139603,0.0,0.0,International Omnipod,0.3155409061838934,0.987408610885459,0.0061863672090735,,0.3072987063139603
SAFARI.NS,,,,,,,,,,,,,,,,,,,,,,,,,,
BMOB3.SA,,,,,,,,,,,,,,,,,,,,,,,,,,
PRKA,,,,,,,2021.0,3.0,0.5138726103483802,Georgia,0.6801107794307283,1.0,,,,,,,0.0,0.0,,,,,,
9699.T,,,,,,,,,,,,,,,,,,,,,,,,,,
INTLCOMBQ.BO,,,,,,,,,,,,,,,,,,,,,,,,,,
EXPD,2025.0,3.0,0.3430395110138512,Customs Brokerage And Other Services,0.3858671539611179,13.0,2025.0,6.0,0.237446925606326,United States Segment,0.3235201349606657,16.0,South Asia Segment,0.1179313810130031,0.140390452876156,0.0092243280006035,0.0728257229906429,0.0444779122808489,0.0236909662184888,0.0,Customs Brokerage And Other Services,0.1292428895643107,0.3858671539611179,0.0290610931235076,0.102105474110107,0.0441953999404745
0375.HK,,,,,,,,,,,,,,,,,,,,,,,,,,
6467.T,,,,,,,,,,,,,,,,,,,,,,,,,,
DSGX,2026.0,3.0,0.8674886129253518,Service,0.9289265177121284,2.0,2026.0,4.0,0.5220548379673727,United States,0.680992384004214,2.0,,,,,,2.940646402836864,0.2326417848206839,0.0,,,,,,2.940646402836864
052790.KQ,,,,,,,,,,,,,,,,,,,,,,,,,,
BMKS3.SA,,,,,,,,,,,,,,,,,,,,,,,,,,
NNFSF,,,,,,,,,,,,,,,,,,,,,,,,,,
6484.T,,,,,,,,,,,,,,,,,,,,,,,,,,
2305.T,,,,,,,,,,,,,,,,,,,,,,,,,,
603317.SS,,,,,,,,,,,,,,,,,,,,,,,,,,
LVE.AX,,,,,,,,,,,,,,,,,,,,,,,,,,
600499.SS,,,,,,,,,,,,,,,,,,,,,,,,,,
NSC,2025.0,3.0,0.4739330539984523,Railway Operating Revenues Market Group Merchandise,0.6308702791461412,8.0,,,,,,,,,,,,,,,Railway Operating Revenues Market Group Merchandise,0.0286479250334672,0.6308702791461412,0.0146861663027856,0.0435730165147356,0.0047018064835435
RROTF,,,,,,,,,,,,,,,,,,,,,,,,,,
2488.T,,,,,,,,,,,,,,,,,,,,,,,,,,
603787.SS,,,,,,,,,,,,,,,,,,,,,,,,,,
4968.T,,,,,,,,,,,,,,,,,,,,,,,,,,
CEBTF,,,,,,,,,,,,,,,,,,,,,,,,,,
MPE.L,,,,,,,,,,,,,,,,,,,,,,,,,,
ADB.BK,,,,,,,,,,,,,,,,,,,,,,,,,,
INDOSOLAR.NS,,,,,,,,,,,,,,,,,,,,,,,,,,
5957.T,,,,,,,,,,,,,,,,,,,,,,,,,,
048550.KQ,,,,,,,,,,,,,,,,,,,,,,,,,,
002398.SZ,,,,,,,,,,,,,,,,,,,,,,,,,,
1708.HK,,,,,,,,,,,,,,,,,,,,,,,,,,
000900.SZ,,,,,,,,,,,,,,,,,,,,,,,,,,
6474.T,,,,,,,,,,,,,,,,,,,,,,,,,,
MAX,2025.0,4.0,0.8176001065393692,Property And Casualty Insurance,0.9007165948275863,6.0,,,,,,,,,,,,,,,Property And Casualty Insurance,0.5239176112926678,0.9007165948275863,0.1395347337514261,0.5150403876115159,0.2878395381540966
9933.TW,,,,,,,,,,,,,,,,,,,,,,,,,,
GREENM.CO,,,,,,,,,,,,,,,,,,,,,,,,,,
STRL,2025.0,3.0,0.4367949845725262,E-Infrastructure Solutions Segment,0.5890554764183356,9.0,,,,,,,,,,,,,,,E-Infrastructure Solutions Segment,0.5878884260301733,0.5890554764183356,0.1524607084016077,0.3385383293063154,0.1769074505755863
RCL,2025.0,2.0,0.908293538083074,Cruise Itinerary,0.951826038472261,8.0,2025.0,4.0,0.499671759608872,North America,0.6761173920684201,8.0,Asia Pacific,0.2434782608695651,0.1005213520004686,0.0126008627038325,0.1444609277946221,0.0876019367991844,0.0,0.0,Cruise Itinerary,0.0876019367991844,0.951826038472261,-0.0003700304430508,,0.0880247512739627
8329.HK,,,,,,,,,,,,,,,,,,,,,,,,,,
300080.KQ,,,,,,,,,,,,,,,,,,,,,,,,,,
RAMCOSYS.NS,,,,,,,,,,,,,,,,,,,,,,,,,,
300824.SZ,,,,,,,,,,,,,,,,,,,,,,,,,,
5928.T,,,,,,,,,,,,,,,,,,,,,,,,,,
FORR,2025.0,3.0,0.9258397441579718,Research Revenue,0.9616050226082432,14.0,2025.0,5.0,0.6507609617249364,UNITED STATES,0.798043773711635,14.0,Asia Pacific,0.0479353161998268,0.0571283143815166,0.0068835956629528,0.0561592397972954,-0.0783341716319739,0.0,0.0,Research Revenue,-0.0667173919220557,0.9616050226082432,0.0039286815880367,,-0.0705303609816863
3865.T,,,,,,,,,,,,,,,,,,,,,,,,,,
0HLU.IL,,,,,,,,,,,,,,,,,,,,,,,,,,
SAIL.NS,,,,,,,,,,,,,,,,,,,,,,,,,,
6358.T,,,,,,,,,,,,,,,,,,,,,,,,,,
AMRX,2025.0,1.0,1.0,Specialty Segment,1.0,8.0,2025.0,1.0,1.0,Specialty Segment,1.0,1.0,,,,,,,0.0,0.0,Specialty Segment,0.1856627833152737,1.0,0.0,,0.1856627833152737
LWAY,,,,,,,,,,,,,,,,,,,,,,,,,,
NAR.L,,,,,,,,,,,,,,,,,,,,,,,,,,
BILI,2025.0,3.0,0.3530067947050688,Value Added Services,0.4202860089057061,7.0,,,,,,,,,,,,,,,Advertising,0.2282592568848509,0.3544027533006353,0.0241759081537149,0.0592171303857677,0.1444724276154716
SAP.DE,,,,,,,,,,,,,,,,,,,,,,,,,,
009240.KS,,,,,,,,,,,,,,,,,,,,,,,,,,
3DJ.F,,,,,,,,,,,,,,,,,,,,,,,,,,
EDUC,2026.0,1.0,1.0,Product,1.0,12.0,,,,,,,,,,,,,,,Product,-0.3297683092814546,1.0,0.0,,-0.3297683092814546
4124.T,,,,,,,,,,,,,,,,,,,,,,,,,,
PVT.V,,,,,,,,,,,,,,,,,,,,,,,,,,
688312.SS,,,,,,,,,,,,,,,,,,,,,,,,,,
TRCS.L,,,,,,,,,,,,,,,,,,,,,,,,,,
VNCE,2025.0,2.0,0.5055027972497991,Vince Wholesale,0.5524537760785582,13.0,2015.0,2.0,0.8276827524395252,U S,0.90477324049369,3.0,,,,,,-0.1114554812629995,0.0,0.0,Vince Direct To Consumer,0.0481175304247363,0.4475462239214418,0.0110080507278701,0.0228764175719228,0.0223375543530117
080470.KQ,,,,,,,,,,,,,,,,,,,,,,,,,,
AXTA,2025.0,2.0,0.5394323542416044,Performance Coatings,0.6404143052569865,10.0,2025.0,4.0,0.2917312759099758,EMEA,0.3564588626148133,10.0,Asia Pacific,0.0464037122969838,0.1762751612272816,0.0128938117200791,0.0683061996393873,-0.03013646702047,0.1231190150478796,0.0,Mobility Coatings,0.0104338275672706,0.3595856947430135,0.0144378554708375,0.0309766822351548,-0.03013646702047
LABFF,,,,,,,,,,,,,,,,,,,,,,,,,,
000959.SZ,,,,,,,,,,,,,,,,,,,,,,,,,,
5237.T,,,,,,,,,,,,,,,,,,,,,,,,,,
SHRIKRISH.BO,,,,,,,,,,,,,,,,,,,,,,,,,,
1446.T,,,,,,,,,,,,,,,,,,,,,,,,,,
VTSYF,,,,,,,,,,,,,,,,,,,,,,,,,,
EHC,2025.0,2.0,0.9415326998311332,Inpatient,0.9698577975468392,9.0,,,,,,,,,,,,,,,Inpatient,0.1005257623554154,0.9698577975468392,-0.0035844714920947,,0.1045931660835255
4667.T,,,,,,,,,,,,,,,,,,,,,,,,,,
NCLH,2025.0,2.0,0.5651598126480845,Passenger ticket,0.680499047986526,8.0,2025.0,4.0,0.4285365598179919,North America,0.5748141558990238,9.0,Asia Pacific,0.2787279790220196,0.1014234209153168,0.0191963431463145,0.1346493725972401,0.0367039883641286,0.0,0.0,Passenger ticket,0.0424160379203948,0.680499047986526,0.003728879970847,0.0088358947582278,0.0367039883641286
4031.SR,,,,,,,,,,,,,,,,,,,,,,,,,,
LTH.VI,,,,,,,,,,,,,,,,,,,,,,,,,,
2469.T,,,,,,,,,,,,,,,,,,,,,,,,,,
4471.T,,,,,,,,,,,,,,,,,,,,,,,,,,
6516.TWO,,,,,,,,,,,,,,,,,,,,,,,,,,
BMTO.L,,,,,,,,,,,,,,,,,,,,,,,,,,
ROCK.BK,,,,,,,,,,,,,,,,,,,,,,,,,,
CASS,2025.0,5.0,0.3594446270080655,Information Services,0.4843919806837972,6.0,,,,,,,,,,,,,,,Financial Fees,-0.0669561401482782,0.1836949058516999,0.0127085264725854,0.0552314190922021,-0.1315067194799758
PARXF,,,,,,,,,,,,,,,,,,,,,,,,,,
ATR,2025.0,2.0,0.5098679127081878,Pharma Segment,0.5702421266341923,13.0,2025.0,9.0,0.1907185432155377,Europe,0.3302561820225755,15.0,ITALY,0.121009877790795,0.0357986361073382,-0.0144683271541629,0.0338192946880838,0.5740756763394914,0.0344707380127452,0.0344707380127452,,,,,,-0.092635287937472
NWQ.F,,,,,,,,,,,,,,,,,,,,,,,,,,
TWC.TO,,,,,,,,,,,,,,,,,,,,,,,,,,
CPB,2025.0,3.0,0.3483319685800795,Baked Snacks,0.4321661952599239,14.0,2021.0,2.0,0.8837938383501172,UNITED STATES,0.9380604058518168,11.0,Non-US,-0.0019011406844106,0.0619395941481831,0.001417214675165,0.0121541449058045,-0.0247382349557012,0.0,0.0,Beverages,0.3072961373390557,0.2970837803569687,0.0552822029389529,0.1496188713470056,0.0640307181403072
LAOPALA.NS,,,,,,,,,,,,,,,,,,,,,,,,,,
AQUA.BK,,,,,,,,,,,,,,,,,,,,,,,,,,
1080.HK,,,,,,,,,,,,,,,,,,,,,,,,,,
INTB3.SA,,,,,,,,,,,,,,,,,,,,,,,,,,
FWONK,2024.0,2.0,0.8334088830760509,Formula 1,0.9082945524226664,13.0,2024.0,1.0,1.0,UNITED STATES,1.0,7.0,,,,,,2.2211538461538463,0.0,0.0,,,,,,-0.6015053998036435
4249.T,,,,,,,,,,,,,,,,,,,,,,,,,,
CCOZF,,,,,,,,,,,,,,,,,,,,,,,,,,
BKR,2025.0,2.0,0.5005442751286919,Oilfield Services And Equipment,0.5164965925071214,9.0,2025.0,2.0,0.5988812081398729,Non-US,0.7223524321205784,9.0,UNITED STATES,0.04293647568739,0.2776475678794216,0.0123487788463985,0.0315680128608132,-0.0034496388659311,0.0,0.0,Industrial And Energy Technology,0.0990082780099992,0.4835034074928785,0.0450758678759321,0.0912241287669653,-0.0034496388659311
5547.TWO,,,,,,,,,,,,,,,,,,,,,,,,,,
EBS,2025.0,2.0,0.9036563861222716,Product,0.9492529277157088,7.0,2025.0,3.0,0.5551843130538715,UNITED STATES,0.7149010634001884,8.0,,,,,,6.081982840800762,0.0,0.0,Product,-0.2239462969076703,0.9492529277157088,0.0785170135723587,,-0.2881372173246455
1308.HK,,,,,,,,,,,,,,,,,,,,,,,,,,
CHSYF,,,,,,,,,,,,,,,,,,,,,,,,,,
4685.T,,,,,,,,,,,,,,,,,,,,,,,,,,
8390.TWO,,,,,,,,,,,,,,,,,,,,,,,,,,
PZZA,2025.0,5.0,0.3809927608640663,North America commissary segment,0.5147797115819208,14.0,,,,,,,,,,,,,,,North America commissary segment,0.0203277120330798,0.5147797115819208,0.0118592063568255,0.023392763928205,-0.0031780256957902
2432.T,,,,,,,,,,,,,,,,,,,,,,,,,,
3396.T,,,,,,,,,,,,,,,,,,,,,,,,,,
MS.MI,,,,,,,,,,,,,,,,,,,,,,,,,,
2533.T,,,,,,,,,,,,,,,,,,,,,,,,,,
GPN,2025.0,1.0,1.0,Merchant Solutions Segment,1.0,9.0,2025.0,1.0,1.0,Merchant Solutions Segment,1.0,14.0,,,,,,-0.3920552699246598,0.0,0.0,Merchant Solutions Segment,0.0022337967795087,1.0,0.2441574030018599,,-0.2424690042428698
5287.T,,,,,,,,,,,,,,,,,,,,,,,,,,
002415.SZ,,,,,,,,,,,,,,,,,,,,,,,,,,
7167.KL,,,,,,,,,,,,,,,,,,,,,,,,,,
NEC.AX,,,,,,,,,,,,,,,,,,,,,,,,,,
CLX.AX,,,,,,,,,,,,,,,,,,,,,,,,,,
PAAS.TO,2024.0,5.0,0.7141007805417907,Refined Silver and Gold,0.840434211926638,2.0,,,,,,,,,,,,,,,Lead Concentrate,0.2342507645259939,0.071588208166306,0.0009954012926822,0.0110314403882527,0.2170890721471439
E5H.SI,,,,,,,,,,,,,,,,,,,,,,,,,,
INTEK.AT,,,,,,,,,,,,,,,,,,,,,,,,,,
NHC,2025.0,2.0,0.55114362786004,Workers' Compensation Insurance,0.6599118942731278,10.0,,,,,,,,,,,,,,,Professional Liability Insurance,0.0,0.3400881057268722,-0.0062037603018358,,0.0182416267942584
NSSC,2026.0,3.0,0.3802009265652204,Service,0.4820577710116847,8.0,2026.0,2.0,0.973357439961871,UNITED STATES,0.9864963720120998,14.0,UNITED STATES,0.1083566573370651,0.9864963720120998,-0.0049748785591446,,0.1139460745178144,0.0,0.0,Service,0.129711571875362,0.4820577710116847,0.0067272750888563,0.0215166856695376,0.1139460745178144
6505.T,,,,,,,,,,,,,,,,,,,,,,,,,,
DOCU,2026.0,2.0,0.958085178325963,Subscription and Circulation,0.9785839416058394,8.0,2026.0,2.0,0.585257114250377,UNITED STATES,0.7064668426774344,8.0,Non-US,0.1331811281569184,0.2935331573225656,0.0133735598570169,0.035861048127896,0.0815526655175344,0.0,0.0,Subscription and Circulation,0.085906740716001,0.9785839416058394,0.0039237513775391,,0.0815526655175344
MOLDTECH.NS,,,,,,,,,,,,,,,,,,,,,,,,,,
BTDPF,,,,,,,,,,,,,,,,,,,,,,,,,,
7265.T,,,,,,,,,,,,,,,,,,,,,,,,,,
1793.T,,,,,,,,,,,,,,,,,,,,,,,,,,
7595.T,,,,,,,,,,,,,,,,,,,,,,,,,,
073560.KQ,,,,,,,,,,,,,,,,,,,,,,,,,,
FUBO,2024.0,3.0,0.8595628301452016,Subscription and Circulation,0.9243928380400248,5.0,2024.0,2.0,0.9231567335602642,UNITED STATES,0.9599764850295416,4.0,UNITED STATES,0.18970581272271,0.9599764850295416,0.0029423714882745,,0.1860593104204353,0.0,0.0,Subscription and Circulation,0.2004851233895577,0.9243928380400248,0.0111081078238687,0.1009793216843775,0.1860593104204353
WACMF,,,,,,,,,,,,,,,,,,,,,,,,,,
057030.KQ,,,,,,,,,,,,,,,,,,,,,,,,,,
1964.T,,,,,,,,,,,,,,,,,,,,,,,,,,
2918.T,,,,,,,,,,,,,,,,,,,,,,,,,,
ACG1V.HE,,,,,,,,,,,,,,,,,,,,,,,,,,
300610.SZ,,,,,,,,,,,,,,,,,,,,,,,,,,
060720.KQ,,,,,,,,,,,,,,,,,,,,,,,,,,
2376.T,,,,,,,,,,,,,,,,,,,,,,,,,,
SL.MI,,,,,,,,,,,,,,,,,,,,,,,,,,
DUOL,2025.0,4.0,0.7755011787437438,License and Service,0.8759735635988005,3.0,2025.0,2.0,0.529765480072877,Non-US,0.6219948361056257,5.0,UNITED STATES,0.2589563425445931,0.3780051638943744,-0.0384774623315221,,0.3871065634257724,0.0,0.0,Advertising,0.4520006556541061,0.0799560730511177,0.0065533480048625,0.2473061053333506,0.3329919895618323
SMBMY,,,,,,,,,,,,,,,,,,,,,,,,,,
ANG.JO,,,,,,,,,,,,,,,,,,,,,,,,,,
0700.HK,,,,,,,,,,,,,,,,,,,,,,,,,,
900250.KQ,,,,,,,,,,,,,,,,,,,,,,,,,,
6820.T,,,,,,,,,,,,,,,,,,,,,,,,,,
9739.T,,,,,,,,,,,,,,,,,,,,,,,,,,
SAPPL.BO,,,,,,,,,,,,,,,,,,,,,,,,,,
002566.SZ,,,,,,,,,,,,,,,,,,,,,,,,,,
JISLJALEQS.NS,,,,,,,,,,,,,,,,,,,,,,,,,,
5381.T,,,,,,,,,,,,,,,,,,,,,,,,,,
BIRLACORPN.NS,,,,,,,,,,,,,,,,,,,,,,,,,,
FOSECOIND.NS,,,,,,,,,,,,,,,,,,,,,,,,,,
QUEST.AT,,,,,,,,,,,,,,,,,,,,,,,,,,
4694.T,,,,,,,,,,,,,,,,,,,,,,,,,,
SUZB3.SA,,,,,,,,,,,,,,,,,,,,,,,,,,
HPTO,2022.0,3.0,0.6972661850427538,Technology Service,0.8194494192293916,7.0,2022.0,4.0,0.3007511184367222,UNITED STATES,0.3959473980453359,11.0,Other Countries,0.4058719586788093,0.2646216036432482,0.0609788987410974,0.1969576263619862,0.08190550004152,0.2601187125825103,0.0,Technology Service,0.1486103639949794,0.8194494192293916,0.0475890377972217,0.1529172719947789,0.08190550004152
XPEL,2025.0,9.0,0.2451504695734519,Product,0.3778401931961361,7.0,2025.0,5.0,0.4304245591575845,UNITED STATES,0.6223181794764918,7.0,CHINA,0.65318038760974,0.0934826082680392,0.036042075442159,0.3016254735244847,0.0157992388201713,0.1192505655181457,0.0934826082680392,"Product Revenue, Window Film",0.2173151700872968,0.0992692146157076,0.0068976637118066,0.0395724623822048,0.1327307326355851
THANGAMAYL.NS,,,,,,,,,,,,,,,,,,,,,,,,,,
6396.T,,,,,,,,,,,,,,,,,,,,,,,,,,
HDIUF,,,,,,,,,,,,,,,,,,,,,,,,,,
PDTC3.SA,,,,,,,,,,,,,,,,,,,,,,,,,,
1961.KL,,,,,,,,,,,,,,,,,,,,,,,,,,
3375.T,,,,,,,,,,,,,,,,,,,,,,,,,,
200130.KQ,,,,,,,,,,,,,,,,,,,,,,,,,,
BJ,2025.0,2.0,0.9545019965975252,Product,0.9767085045379016,8.0,,,,,,,,,,,,,,,Product,0.0455055140277318,0.9767085045379016,-0.0010263816213845,,0.0466041915140735
FVI.TO,,,,,,,,,,,,,,,,,,,,,,,,,,
0380.HK,,,,,,,,,,,,,,,,,,,,,,,,,,
IPGP,2025.0,5.0,0.2708597943762402,High Power Continuous Wave CW Lasers,0.4177437441580804,13.0,2025.0,9.0,0.1662345967351047,Asia,0.2778944163412074,13.0,GERMANY,0.1977220956719818,0.060872016527366,-0.0289825991138868,0.1650323607296738,0.7679857624440456,0.1689696270865423,0.1689696270865423,Medium And Low Power CW Lasers,0.3845960587265447,0.1192772860758397,0.0541019877032522,0.1781400300044575,-0.2434313001082758
252500.KQ,,,,,,,,,,,,,,,,,,,,,,,,,,
A1SN34.SA,,,,,,,,,,,,,,,,,,,,,,,,,,
WHGRF,,,,,,,,,,,,,,,,,,,,,,,,,,
014190.KQ,,,,,,,,,,,,,,,,,,,,,,,,,,
TRIGYN.NS,,,,,,,,,,,,,,,,,,,,,,,,,,
601333.SS,,,,,,,,,,,,,,,,,,,,,,,,,,
9073.T,,,,,,,,,,,,,,,,,,,,,,,,,,
KIRIINDUS.BO,,,,,,,,,,,,,,,,,,,,,,,,,,
UNIVASTU.NS,,,,,,,,,,,,,,,,,,,,,,,,,,
BOTX.ST,,,,,,,,,,,,,,,,,,,,,,,,,,
2227.HK,,,,,,,,,,,,,,,,,,,,,,,,,,
689009.SS,,,,,,,,,,,,,,,,,,,,,,,,,,
002818.SZ,,,,,,,,,,,,,,,,,,,,,,,,,,
GALXBRG.BO,,,,,,,,,,,,,,,,,,,,,,,,,,
3042.KL,,,,,,,,,,,,,,,,,,,,,,,,,,
270870.KQ,,,,,,,,,,,,,,,,,,,,,,,,,,
CELL.MI,,,,,,,,,,,,,,,,,,,,,,,,,,
SPLIL.NS,,,,,,,,,,,,,,,,,,,,,,,,,,
KERNEX.NS,,,,,,,,,,,,,,,,,,,,,,,,,,
DGT.MI,,,,,,,,,,,,,,,,,,,,,,,,,,
3306.TWO,,,,,,,,,,,,,,,,,,,,,,,,,,
ESLT,2025.0,2.0,0.851678264279395,Product,0.9193317685791258,13.0,2025.0,6.0,0.2456371372530399,ISRAEL,0.3220189083074441,13.0,ISRAEL,1.1901359460191152,0.3220189083074441,0.1266585715298349,0.471065807553249,0.3286974303836281,0.0124748271961889,0.0,Product,0.3484143517128548,0.9193317685791258,0.0134427463883842,0.1047535674806633,0.3286974303836281
200521.SZ,,,,,,,,,,,,,,,,,,,,,,,,,,
TXG.TO,,,,,,,,,,,,,,,,,,,,,,,,,,
SEAC,2023.0,4.0,0.3018458054921226,Maintenance And Support,0.3646323823592773,6.0,2023.0,4.0,0.4423505238467925,North America,0.610808481826855,11.0,Latin America,1.5424354243542435,0.1696365371002985,0.0902516963826127,0.7129336052854199,0.1897839619187111,0.1696365371002985,0.0,Maintenance And Support,-0.0327373663156176,0.3646323823592773,0.1403738689942096,,-0.4051080190406444
PSN.L,,,,,,,,,,,,,,,,,,,,,,,,,,
ITRN,2021.0,2.0,0.5800892143271839,Telematics Services,0.7001114868356935,10.0,2025.0,3.0,0.4013254751577196,ISRAEL,0.5462240580687031,14.0,Other Foreign Countries,0.0402464012783998,0.2248323923536932,-0.0059345507880109,,0.0677041667534059,0.2289435495776036,0.0,Telematics Products,0.2959654132699456,0.2998885131643065,0.0446926267185981,0.1296574267679097,0.1028266436507387
8074.T,,,,,,,,,,,,,,,,,,,,,,,,,,
STGXF,,,,,,,,,,,,,,,,,,,,,,,,,,
7734.T,,,,,,,,,,,,,,,,,,,,,,,,,,
6138.TWO,,,,,,,,,,,,,,,,,,,,,,,,,,
BLDR,2025.0,4.0,0.2509994342061717,Specialty Building Products And Services,0.2678013918836062,14.0,2020.0,4.0,0.2642491512983461,West Segment,0.3196177907809144,6.0,South Segment,0.2567203977093466,0.2841366751954335,0.0184454619901935,0.08794622450347,0.1751371655823972,0.0,0.0,Specialty Building Products And Services,0.0044560196759182,0.2678013918836062,0.0208559343936723,0.0498129796074617,-0.0737693722846851
CVN.AX,,,,,,,,,,,,,,,,,,,,,,,,,,
SFFYF,,,,,,,,,,,,,,,,,,,,,,,,,,
CTVIF,,,,,,,,,,,,,,,,,,,,,,,,,,
WRG.TO,,,,,,,,,,,,,,,,,,,,,,,,,,
4623.T,,,,,,,,,,,,,,,,,,,,,,,,,,
6928.T,,,,,,,,,,,,,,,,,,,,,,,,,,
4673.T,,,,,,,,,,,,,,,,,,,,,,,,,,
ALFFF,,,,,,,,,,,,,,,,,,,,,,,,,,
TFPM,,,,,,,2025.0,6.0,0.2416191498938503,AUSTRALIA,0.3756766073927718,4.0,AUSTRALIA,0.5519103034167596,0.3756766073927718,-0.0111571891243056,0.1727482570295248,0.5980003617766523,0.5053614061085041,0.0,,,,,,
004780.KQ,,,,,,,,,,,,,,,,,,,,,,,,,,
3391.T,,,,,,,,,,,,,,,,,,,,,,,,,,
0116.HK,,,,,,,,,,,,,,,,,,,,,,,,,,
MCS.BK,,,,,,,,,,,,,,,,,,,,,,,,,,
ADESE.IS,,,,,,,,,,,,,,,,,,,,,,,,,,
603979.SS,,,,,,,,,,,,,,,,,,,,,,,,,,
DCBO.TO,,,,,,,,,,,,,,,,,,,,,,,,,,
DELL,2026.0,2.0,0.9700241227427188,Other Segments,0.9847804259366908,10.0,2026.0,2.0,0.5062974209748449,UNITED STATES,0.5561133717345734,10.0,UNITED STATES,0.2376994550515545,0.5561133717345734,0.0223098621549068,0.0532536958331864,0.1880460828528676,0.0,0.0,Other Segments,0.2155110560302655,0.9847804259366908,0.022251519515018,,0.1880460828528676
002671.SZ,,,,,,,,,,,,,,,,,,,,,,,,,,
BIO,2025.0,2.0,0.5219304968253309,Clinical Diagnostics,0.6047150820687519,15.0,2025.0,4.0,0.3168507745116478,UNITED STATES,0.395904304738309,15.0,Europe,0.0571873876034048,0.3413595540414989,0.0163644244876318,0.0330911311595591,0.0065069160335087,0.0,0.0,Clinical Diagnostics,0.0157357435463945,0.6047150820687519,0.0053775918115422,0.0112722098726039,0.0067030397505845
CMCLF,,,,,,,,,,,,,,,,,,,,,,,,,,
4492.T,,,,,,,,,,,,,,,,,,,,,,,,,,
SPSTF,,,,,,,,,,,,,,,,,,,,,,,,,,
EMN,2025.0,4.0,0.2804306933564088,Additives And Functional Products,0.3297080709788208,14.0,2025.0,3.0,0.4106183929961999,All Foreign Countries,0.473034734917733,14.0,UNITED STATES,-0.0294195600318049,0.4184186471663619,0.0162655881171187,0.0355252835401218,-0.0671498614367939,0.0,0.0,Additives And Functional Products,0.0062893081761006,0.3297080709788208,0.0240694550027422,0.0763751172472138,-0.0671721486544212
5287.TWO,,,,,,,,,,,,,,,,,,,,,,,,,,
STEAV.HE,,,,,,,,,,,,,,,,,,,,,,,,,,
1568.HK,,,,,,,,,,,,,,,,,,,,,,,,,,
066700.KQ,,,,,,,,,,,,,,,,,,,,,,,,,,
CPR.BK,,,,,,,,,,,,,,,,,,,,,,,,,,
VEI.OL,,,,,,,,,,,,,,,,,,,,,,,,,,
SFRRF,,,,,,,,,,,,,,,,,,,,,,,,,,
3512.T,,,,,,,,,,,,,,,,,,,,,,,,,,
CTW.BK,,,,,,,,,,,,,,,,,,,,,,,,,,
USPH,2025.0,2.0,0.7215466714246535,Net Patient Revenues,0.8328262845875107,8.0,,,,,,,,,,,,,,,Other Revenues Including Management Contract Revenues and Industrial Injury Prevention Services Revenues,0.178433460899704,0.1671737154124892,0.0021438127543924,0.0090494670510298,0.1633213921307226
7317.T,,,,,,,,,,,,,,,,,,,,,,,,,,
2020.SR,,,,,,,,,,,,,,,,,,,,,,,,,,
WCRS,2021.0,3.0,0.7168042881903153,Sales And Associated Fees,0.8345993562239028,10.0,,,,,,,,,,,,,,,Other Revenue,0.1260097528911867,0.1400131315390706,-0.0111020264739005,,0.2152941646392361
PTNT3.SA,,,,,,,,,,,,,,,,,,,,,,,,,,
001810.KQ,,,,,,,,,,,,,,,,,,,,,,,,,,
BIJ.DE,,,,,,,,,,,,,,,,,,,,,,,,,,
600859.SS,,,,,,,,,,,,,,,,,,,,,,,,,,
8359.TWO,,,,,,,,,,,,,,,,,,,,,,,,,,
MARKSANS.NS,,,,,,,,,,,,,,,,,,,,,,,,,,
IP,2024.0,3.0,0.6290658406190803,North American Industrial Packaging,0.7750664280678922,13.0,2025.0,4.0,0.5020238863250736,UNITED STATES,0.610941863417111,15.0,EMEA,4.901536312849162,0.3575780654988575,0.2806673828628406,2.507854045995133,0.2693485149578387,0.0,0.0,Global Cellulose Fibers,-0.0335640138408304,0.1514559947942085,-0.0012682032716372,,-0.0254716482587327
SISB-R.BK,,,,,,,,,,,,,,,,,,,,,,,,,,
4057.T,,,,,,,,,,,,,,,,,,,,,,,,,,
NIO,2025.0,3.0,0.3488045620796194,Service,0.3936513651829175,8.0,,,,,,,,,,,,,,,Service,0.2556353613264182,0.3936513651829175,0.3430771653529697,,-0.8386827551131109
7615.T,,,,,,,,,,,,,,,,,,,,,,,,,,
7487.T,,,,,,,,,,,,,,,,,,,,,,,,,,
LUNMF,,,,,,,,,,,,,,,,,,,,,,,,,,
FLO,2024.0,2.0,0.5387418371055319,Branded Retail,0.6391794473073018,14.0,,,,,,,,,,,,,,,Other,0.0076003267757487,0.3608205526926981,0.0018313505390218,0.0039890839116301,0.0024862350540089
BGS,2025.0,2.0,0.5149127695099127,Specialty Segment,0.586350360479597,9.0,2025.0,1.0,1.0,Specialty Segment,1.0,1.0,,,,,,,0.0,0.0,Meals Segment,-0.0388648715281457,0.4136496395204029,0.0085616523319193,0.0167196296895729,-0.0587582886323198
8051.HK,,,,,,,,,,,,,,,,,,,,,,,,,,
TEXMOPIPES.NS,,,,,,,,,,,,,,,,,,,,,,,,,,
CATO,2025.0,2.0,0.9120672052043676,Credit Card,0.9539092448961398,4.0,,,,,,,,,,,,,,,Credit Card,-0.018348623853211,0.9539092448961398,-0.0460907551038601,,0.0290825688073395
ELF,2026.0,1.0,1.0,Shipping and Handling,1.0,8.0,2026.0,2.0,0.667888339108468,UNITED STATES,0.7897312022448291,10.0,Other Non-US,0.3789995511525761,0.2102687977551708,0.0202994254516529,0.0821753577486601,0.2458704379159157,0.0,0.0,Shipping and Handling,0.5384615384615385,1.0,0.0,,0.5384615384615385
WEW.DE,,,,,,,,,,,,,,,,,,,,,,,,,,
1289.HK,,,,,,,,,,,,,,,,,,,,,,,,,,
MLAB,2026.0,4.0,0.2836981749915628,Sterilization and Disinfection Control,0.4076867498896158,14.0,2026.0,3.0,0.4282347263535909,UNITED STATES,0.4692128607554289,13.0,Other,0.1285701305388134,0.4487054951230281,0.0376679730255752,0.1319097424356755,0.0338288142486036,0.0820816441215429,0.0820816441215429,,,,,,0.0338288142486036
3388.TWO,,,,,,,,,,,,,,,,,,,,,,,,,,
MATRIMONY.NS,,,,,,,,,,,,,,,,,,,,,,,,,,
LIBERTSHOE.NS,,,,,,,,,,,,,,,,,,,,,,,,,,
HUSCO.CO,,,,,,,,,,,,,,,,,,,,,,,,,,
300750.SZ,,,,,,,,,,,,,,,,,,,,,,,,,,
VAIAF,,,,,,,,,,,,,,,,,,,,,,,,,,
PAGP,2025.0,2.0,0.9235941814838402,Product,0.9602141792056392,13.0,2025.0,2.0,0.8173018122679487,UNITED STATES,0.8983100628078261,13.0,UNITED STATES,-0.0991662513027323,0.8983100628078261,0.016837013459874,0.0712256359324585,-0.1160505661733868,0.0,0.0,Product,-0.1192232768267915,0.9602141792056392,-0.0034588581598072,,-0.1160505661733868
039130.KS,,,,,,,,,,,,,,,,,,,,,,,,,,
NCTKY,,,,,,,,,,,,,,,,,,,,,,,,,,
VULC3.SA,,,,,,,,,,,,,,,,,,,,,,,,,,
3024.T,,,,,,,,,,,,,,,,,,,,,,,,,,
IDR.MC,,,,,,,,,,,,,,,,,,,,,,,,,,
AFC.BK,,,,,,,,,,,,,,,,,,,,,,,,,,
ESP,,,,,,,,,,,,,,,,,,,,,,,,,,
LIN,2025.0,4.0,0.3245758269592056,Americas Segment,0.4591787439613526,8.0,2025.0,8.0,0.2558056062277076,UNITED STATES,0.3584417112928853,8.0,UNITED STATES,0.0595807601983127,0.3584417112928853,0.0101005508626474,0.0377210059655025,0.0297227692773822,0.1564173483198964,0.0765020890955099,Engineering Segment,0.1636520241171404,0.0815821256038647,0.0084436601887204,0.0616584636501092,0.0432153206501197
DOV,2025.0,5.0,0.2156819730140572,Pumps & Process Solutions Segment,0.2653234226174489,16.0,2025.0,5.0,0.3649980081594016,UNITED STATES,0.5437702060321744,16.0,Asia,0.0809905327319624,0.1112390611092568,0.003728890256488,0.0415720014844777,0.044754205090713,0.0,0.0,Pumps & Process Solutions Segment,0.1341225378266051,0.2653234226174489,0.0208828803692858,0.0820647035642019,0.0448588571160943
SMTO3.SA,,,,,,,,,,,,,,,,,,,,,,,,,,
CETX,2025.0,2.0,0.5000087134570534,Security,0.5020872777790192,8.0,2025.0,2.0,0.987863654306926,United States,0.9938945506415948,8.0,,,,,,0.0730341020922598,0.006105449358405,0.0,Security,0.1991419993992234,0.5020872777790192,0.0231756161543876,0.0531106157691324,0.1437913543567637
SLB,2025.0,4.0,0.3093998888304675,Production Systems,0.3844378408009001,15.0,2025.0,4.0,0.2666444033627969,Middle East,0.3445864004286882,16.0,North America,0.125,0.2119468652170234,0.0268848084794347,0.0813145899127165,-0.0177027925531915,0.7880531347829766,0.0,Production Systems,0.0973400312937495,0.3844378408009001,0.0555731457516097,0.1704044602872503,-0.061288051132055
MGPI,2025.0,3.0,0.3547460071006498,Branded Spirits,0.4342875786529946,9.0,2025.0,1.0,1.0,Non-US,1.0,7.0,Non-US,0.0070916114790287,1.0,0.0,,0.0070916114790287,0.0,0.0,Branded Spirits,-0.0327013155272074,0.4342875786529946,0.092037090111513,0.191291065428193,-0.2376976372357434
072990.KQ,,,,,,,,,,,,,,,,,,,,,,,,,,
HINDHARD.BO,,,,,,,,,,,,,,,,,,,,,,,,,,
BCPC,2025.0,2.0,0.996363998395052,Product Sales,0.9981786819982624,8.0,2025.0,2.0,0.6078683536190964,UNITED STATES,0.7322373286307526,8.0,Non-US,0.2054352732828668,0.2677626713692474,0.0261899911103775,0.0777293883350598,0.087531089962713,0.0,0.0,Product Sales,0.0875311335610071,0.9981786819982624,4.0016222335736984e-08,,0.087531089962713
GARPF,,,,,,,,,,,,,,,,,,,,,,,,,,
6440.T,,,,,,,,,,,,,,,,,,,,,,,,,,
CPCAF,,,,,,,,,,,,,,,,,,,,,,,,,,
122450.KQ,,,,,,,,,,,,,,,,,,,,,,,,,,
290120.KQ,,,,,,,,,,,,,,,,,,,,,,,,,,
4347.T,,,,,,,,,,,,,,,,,,,,,,,,,,
SPN.NZ,,,,,,,,,,,,,,,,,,,,,,,,,,
CQP,2024.0,3.0,0.9548684354471914,Liquefied Natural Gas,0.9770220588235294,7.0,2017.0,4.0,0.2782750438303941,Non-US,0.3445899379738111,1.0,,,,,,,0.1529979324603721,0.0,Liquefied Natural Gas,-0.1016268751320516,0.9770220588235294,-0.002489530580444,,-0.0993377483443708
BPOST.BR,,,,,,,,,,,,,,,,,,,,,,,,,,
601000.SS,,,,,,,,,,,,,,,,,,,,,,,,,,
PKP.WA,,,,,,,,,,,,,,,,,,,,,,,,,,
DIVA.JK,,,,,,,,,,,,,,,,,,,,,,,,,,
600587.SS,,,,,,,,,,,,,,,,,,,,,,,,,,
CUP.AX,,,,,,,,,,,,,,,,,,,,,,,,,,
BORORENEW.NS,,,,,,,,,,,,,,,,,,,,,,,,,,
KNFRT.IS,,,,,,,,,,,,,,,,,,,,,,,,,,
002264.SZ,,,,,,,,,,,,,,,,,,,,,,,,,,
5218.T,,,,,,,,,,,,,,,,,,,,,,,,,,
AHLWEST.NS,,,,,,,,,,,,,,,,,,,,,,,,,,
VALIANTORG.NS,,,,,,,,,,,,,,,,,,,,,,,,,,
6668.T,,,,,,,,,,,,,,,,,,,,,,,,,,
900932.SS,,,,,,,,,,,,,,,,,,,,,,,,,,
ALMMF,,,,,,,,,,,,,,,,,,,,,,,,,,
SBMO.AS,,,,,,,,,,,,,,,,,,,,,,,,,,
242040.KQ,,,,,,,,,,,,,,,,,,,,,,,,,,
603025.SS,,,,,,,,,,,,,,,,,,,,,,,,,,
9025.T,,,,,,,,,,,,,,,,,,,,,,,,,,
9311.T,,,,,,,,,,,,,,,,,,,,,,,,,,
6148.TWO,,,,,,,,,,,,,,,,,,,,,,,,,,
IPCALAB.NS,,,,,,,,,,,,,,,,,,,,,,,,,,
SITHAI.BK,,,,,,,,,,,,,,,,,,,,,,,,,,
ARG.TO,,,,,,,,,,,,,,,,,,,,,,,,,,
4532.TW,,,,,,,,,,,,,,,,,,,,,,,,,,
POWERMECH.NS,,,,,,,,,,,,,,,,,,,,,,,,,,
PBID.JK,,,,,,,,,,,,,,,,,,,,,,,,,,
6154.TWO,,,,,,,,,,,,,,,,,,,,,,,,,,
MO,2025.0,3.0,0.7879683880437766,Smokeable Products,0.8794865189764726,15.0,,,,,,,,,,,,,,,Smokeless Products,0.0093659942363113,0.1202988150437918,0.0047188333633854,0.0216373453543375,-0.0302273295028728
5816.T,,,,,,,,,,,,,,,,,,,,,,,,,,
ATP.AX,,,,,,,,,,,,,,,,,,,,,,,,,,
BCRX,2025.0,3.0,0.5852339122434451,Product,0.7123052637234136,9.0,,,,,,,,,,,,,,,Product,0.4077163924205047,0.7123052637234136,-0.2698474191428069,,0.94101111130833
NNH.ST,,,,,,,,,,,,,,,,,,,,,,,,,,
INDOAMIN.BO,,,,,,,,,,,,,,,,,,,,,,,,,,
1605.T,,,,,,,,,,,,,,,,,,,,,,,,,,
9305.T,,,,,,,,,,,,,,,,,,,,,,,,,,
CERT.V,,,,,,,,,,,,,,,,,,,,,,,,,,
PWS.MI,,,,,,,,,,,,,,,,,,,,,,,,,,
1091.HK,,,,,,,,,,,,,,,,,,,,,,,,,,
ACC.NS,,,,,,,,,,,,,,,,,,,,,,,,,,
ZTCOF,,,,,,,,,,,,,,,,,,,,,,,,,,
TIMEX.BO,,,,,,,,,,,,,,,,,,,,,,,,,,
600858.SS,,,,,,,,,,,,,,,,,,,,,,,,,,
2009.T,,,,,,,,,,,,,,,,,,,,,,,,,,
REP.MC,,,,,,,,,,,,,,,,,,,,,,,,,,
EVTZF,,,,,,,,,,,,,,,,,,,,,,,,,,
M-CHAI.BK,,,,,,,,,,,,,,,,,,,,,,,,,,
002795.KS,,,,,,,,,,,,,,,,,,,,,,,,,,
REX,2025.0,1.0,1.0,Other Member,1.0,9.0,,,,,,,,,,,,,,,Other Member,0.2127659574468086,1.0,0.0,,0.2127659574468086
300643.SZ,,,,,,,,,,,,,,,,,,,,,,,,,,
000670.KS,,,,,,,,,,,,,,,,,,,,,,,,,,
CXM,2026.0,2.0,0.7923626700073316,License and Service,0.8823366775548297,5.0,2026.0,4.0,0.3109515695806746,Americas,0.3682363356428021,5.0,EMEA,0.1513269171434201,0.2384257120862201,-0.0993555871199516,0.0539580346205186,0.6311021931355585,0.0,0.0,Professional Services,0.2853283378572975,0.1176633224451703,0.0191304354570714,0.1159092105278174,0.0763516550852969
ORXGF,,,,,,,,,,,,,,,,,,,,,,,,,,
TLS,2025.0,2.0,0.7158488783164763,Service,0.8285185522283911,8.0,,,,,,,,,,,,,,,Service,0.3182340390612177,0.8285185522283911,-0.1281553800902138,,0.5221386877493719
TECHM.NS,,,,,,,,,,,,,,,,,,,,,,,,,,
TNET,2025.0,2.0,0.7513997422119343,Insurance Services,0.8545417762492413,8.0,,,,,,,,,,,,,,,Insurance Services,0.0,0.8545417762492413,0.0078791184019773,0.0300653594771241,-0.0092202846261776
GARPY,,,,,,,,,,,,,,,,,,,,,,,,,,
PARNAXLAB.BO,,,,,,,,,,,,,,,,,,,,,,,,,,
GMMPFAUDLR.NS,,,,,,,,,,,,,,,,,,,,,,,,,,
CDE,2025.0,2.0,0.5444645625129387,Gold,0.6491049337093491,13.0,2025.0,2.0,0.5091300502003933,UNITED STATES,0.567564969475288,15.0,MEXICO,1.361618213475439,0.432435030524712,0.0727976091058586,0.3104202163672306,0.9640552330821646,0.432435030524712,0.0,"Product, Silver",1.2760720048880605,0.3508950662906509,0.048102672319459,0.2237617383314972,0.9640552330821646
6282.T,,,,,,,,,,,,,,,,,,,,,,,,,,
MPWR,2023.0,2.0,0.8938147717147544,DC To DC Products,0.9437424769586266,10.0,2025.0,8.0,0.3599228386682138,CHINA,0.553411463848779,12.0,"KOREA, REPUBLIC OF",0.5052918718991775,0.0905718378230964,0.0144996163560129,0.2292359764720451,0.2643101807802093,0.8411229120370519,0.7505510742139555,Lighting Control Products,0.0501773376796441,0.0562575230413734,0.0018840822772893,0.0185965440297614,0.0150065657905591
ARW,2025.0,2.0,0.5775361209474785,Global Components,0.6968960651555517,15.0,2025.0,4.0,0.3180763021716919,Other Foreign,0.4124506793275907,13.0,Other Foreign,0.1449174163778801,0.4124506793275907,0.0144102096471185,0.0398630690729091,0.104916269997082,0.1432521411658242,0.1432521411658242,Global ECS,0.1777807136649019,0.3031039348444483,0.0187517925278674,0.0509080289178011,0.104916269997082
JISLDVREQS.NS,,,,,,,,,,,,,,,,,,,,,,,,,,
SEOAY,,,,,,,,,,,,,,,,,,,,,,,,,,
4985.T,,,,,,,,,,,,,,,,,,,,,,,,,,
FLYW,2025.0,1.0,1.0,Transactions,1.0,5.0,2025.0,3.0,0.3838829827149261,United States and Canada (Americas),0.4586220456642992,5.0,United States and Canada (Americas),0.2893157533752075,0.4586220456642992,0.0083148185112708,0.0493470622235454,0.2659404564517702,0.3868865615344488,0.0,Transactions,0.2252642252642251,1.0,0.0,,0.2252642252642251
AWX,2025.0,2.0,0.6599428655759825,Deferred Membership Dues,0.7827922077922078,9.0,,,,,,,,,,,,,,,,,,,,-0.8897308908646101
SSNC,2025.0,4.0,0.7117602988320876,Software Enabled Services,0.8308249099199643,14.0,2025.0,4.0,0.3742806157475792,Americas Excluding United States And Canada,0.4440712575021707,14.0,E M E A Excluding United Kingdom,1.583536090835361,0.1215804891081362,0.0644588102033158,1.0195652625363023,0.21381251302958,0.0,0.0,Software Enabled Services,0.076606821891205,0.8308249099199643,0.0012478651564304,0.0268697151715862,0.0749898023192439
HURC,2025.0,4.0,0.657132114301509,Computerized Machine Tools,0.7967281606684813,14.0,2025.0,5.0,0.3644818739391171,United States of America,0.5063394589309992,14.0,Other Europe,1.6564403338596887,0.2698318133907703,0.1860115929207115,0.8272134961454446,-0.1748066632631837,0.0,0.0,Computerized Machine Tools,-0.0359309031519168,0.7967281606684813,0.0058725674772108,0.0278757240429788,-0.0430369163486686
BBSN.L,,,,,,,,,,,,,,,,,,,,,,,,,,
VDMCY,,,,,,,,,,,,,,,,,,,,,,,,,,
TALBROAUTO.NS,,,,,,,,,,,,,,,,,,,,,,,,,,
6455.T,,,,,,,,,,,,,,,,,,,,,,,,,,
RUIS.JK,,,,,,,,,,,,,,,,,,,,,,,,,,
GNENY,,,,,,,,,,,,,,,,,,,,,,,,,,
1689.HK,,,,,,,,,,,,,,,,,,,,,,,,,,
OOMA,2026.0,2.0,0.8546516377345414,Subscription And Services Revenue,0.9211007229479315,11.0,,,,,,,,,,,,,,,Product And Other Revenue,0.1853824611498544,0.0788992770520683,0.0079985248679311,0.0646700607005134,0.0652126516437481
7939.T,,,,,,,,,,,,,,,,,,,,,,,,,,
CSX,2025.0,3.0,0.3744895199832231,Intermodal,0.436046511627907,8.0,,,,,,,,,,,,,,,Intermodal,0.05,0.436046511627907,0.0395358058388506,0.0762287245588444,-0.0452022204599523
0732.HK,,,,,,,,,,,,,,,,,,,,,,,,,,
1539.TW,,,,,,,,,,,,,,,,,,,,,,,,,,
COP,2025.0,4.0,0.4812254762493427,Crude oil product line,0.6627985884907709,14.0,2025.0,5.0,0.4914800077036825,Lower 48,0.6799021298257714,16.0,CANADA,0.6446402349486049,0.0919585529664843,0.0296370067332315,0.3461931625524993,0.1145947726773555,0.0290654712054781,0.0,Natural Gas Product Line,0.3739913097454996,0.1502103691639522,0.0325009893119109,0.1411878704279764,0.0767010685907387
TNL,2025.0,2.0,0.725048285310002,Vacation Ownership,0.835446184439473,15.0,2025.0,2.0,0.7912699189736352,UNITED STATES,0.8816214871922408,15.0,UNITED STATES,0.0414218566392479,0.8816214871922408,0.0006691062398598,,0.040631469979296,0.0,0.0,Vacation Ownership,0.0599180069378744,0.835446184439473,0.0152185589868087,0.0537000106631818,0.0406104500775996
MAKS.MC,,,,,,,,,,,,,,,,,,,,,,,,,,
MFB.NZ,,,,,,,,,,,,,,,,,,,,,,,,,,
7231.T,,,,,,,,,,,,,,,,,,,,,,,,,,
CRPG6.SA,,,,,,,,,,,,,,,,,,,,,,,,,,
TRI.PA,,,,,,,,,,,,,,,,,,,,,,,,,,
TENB,2025.0,3.0,0.8498571356117056,Subscription and Circulation,0.92012047168065,8.0,2025.0,3.0,0.4617496246193863,Americas,0.6113597590566388,8.0,EMEA,0.1392043914057252,0.2732765995767481,0.0069039260502415,0.0188356457345826,0.1104240901045643,0.0,0.0,Subscription and Circulation,0.1150948452633149,0.92012047168065,0.0038540734521642,0.0901279057396241,0.1104240901045643
COCKERILL.BO,,,,,,,,,,,,,,,,,,,,,,,,,,
3260.TWO,,,,,,,,,,,,,,,,,,,,,,,,,,
GWLLY,,,,,,,,,,,,,,,,,,,,,,,,,,
DNG.TO,,,,,,,,,,,,,,,,,,,,,,,,,,
GGGOF,,,,,,,,,,,,,,,,,,,,,,,,,,
ERIC-A.ST,,,,,,,,,,,,,,,,,,,,,,,,,,
TCPLPACK.NS,,,,,,,,,,,,,,,,,,,,,,,,,,
000789.SZ,,,,,,,,,,,,,,,,,,,,,,,,,,
9746.T,,,,,,,,,,,,,,,,,,,,,,,,,,
6444.T,,,,,,,,,,,,,,,,,,,,,,,,,,
002404.SZ,,,,,,,,,,,,,,,,,,,,,,,,,,
0968.HK,,,,,,,,,,,,,,,,,,,,,,,,,,
TGKA.JK,,,,,,,,,,,,,,,,,,,,,,,,,,
YPAS.JK,,,,,,,,,,,,,,,,,,,,,,,,,,
VSH,2025.0,6.0,0.1869295583335345,Resistors Segment,0.2474197210340144,11.0,2025.0,5.0,0.3213312913251835,Asia,0.4130580557879837,4.0,Asia,0.1175834289855226,0.4130580557879837,0.026918683575348,0.146128525486899,0.0447513554492173,0.0,0.0,Capacitors Segment,0.1007280707865951,0.1647286063952079,0.0083771519531777,0.0286477517516626,0.0447513554492173
TWI,2023.0,3.0,0.4393032007138487,Agricultural,0.5382242836754858,13.0,2024.0,4.0,0.3518600176062567,UNITED STATES,0.5069100408085433,14.0,UNITED STATES,0.1485842224393501,0.5069100408085433,0.0355445855603618,0.1520716424703266,0.0680453755412733,0.1586348829889644,0.0,Consumer,-0.0958859734369939,0.0842600724558129,0.0059957757443101,0.0337769729954726,-0.1602208926052605
IRPC.BK,,,,,,,,,,,,,,,,,,,,,,,,,,
AARNAV.BO,,,,,,,,,,,,,,,,,,,,,,,,,,
SGRO.JK,,,,,,,,,,,,,,,,,,,,,,,,,,
RAFLF,,,,,,,,,,,,,,,,,,,,,,,,,,
CITA.JK,,,,,,,,,,,,,,,,,,,,,,,,,,
PTNT4.SA,,,,,,,,,,,,,,,,,,,,,,,,,,
SAN.NZ,,,,,,,,,,,,,,,,,,,,,,,,,,
CVEO,2023.0,3.0,0.9948758963456444,Service and Other,0.9974329521050792,10.0,2025.0,2.0,0.597246430491813,Australia Segment,0.720506723811104,12.0,Australia Segment,0.0780853296358408,0.720506723811104,0.0851961856461354,0.1747760982517622,-0.0493926727902828,0.0,0.0,,,,,,0.0053841033380579
007860.KS,,,,,,,,,,,,,,,,,,,,,,,,,,
LGPS,2026.0,6.0,0.4575492473731635,Product,0.5019998354149184,2.0,2026.0,1.0,1.0,Other,1.0,2.0,Other,-0.1478347072941667,1.0,0.0,,-0.1478347072941667,0.0,0.0,Real Estate,0.0887025560911485,0.4521553927469191,-0.4523192206564377,0.0683226780090716,1.1777995780378705
TVBCY,,,,,,,,,,,,,,,,,,,,,,,,,,
TITAN.NS,,,,,,,,,,,,,,,,,,,,,,,,,,
MEI,2025.0,4.0,0.4173904280660955,Industrial,0.4566403881140085,11.0,2025.0,5.0,0.2842156329488496,UNITED STATES,0.4497423982220426,12.0,EGYPT,0.3591836734693878,0.10091928477624,0.0307856969899804,0.2366175608523572,-0.0554389312977099,0.2281038488736236,0.1271845640973835,Industrial,0.0683015808674503,0.4566403881140085,0.0314055350587641,0.1064567190285499,-0.0051710764457467
ELRNF,,,,,,,,,,,,,,,,,,,,,,,,,,
6898.HK,,,,,,,,,,,,,,,,,,,,,,,,,,
SCHL,2026.0,4.0,0.4365271691155934,Childrens Book Publishing And Distribution,0.6123071061154506,15.0,2026.0,2.0,0.6380789618842313,UNITED STATES,0.7627536506732411,2.0,Non-US,-0.0177963883800051,0.2372463493267589,0.0021802158293735,0.0058999399583004,-0.0268225161488773,0.0,0.0,Childrens Book Publishing And Distribution,0.0003112356053531,0.6123071061154506,0.01520619550404,0.0623692365793259,-0.0245307563649879
DENORA.NS,,,,,,,,,,,,,,,,,,,,,,,,,,
0A6U.IL,,,,,,,,,,,,,,,,,,,,,,,,,,
1419.TW,,,,,,,,,,,,,,,,,,,,,,,,,,
6245.TWO,,,,,,,,,,,,,,,,,,,,,,,,,,
3962.T,,,,,,,,,,,,,,,,,,,,,,,,,,
1929.T,,,,,,,,,,,,,,,,,,,,,,,,,,
LFTO,,,,,,,,,,,,,,,,,,,,,,,,,,
9702.T,,,,,,,,,,,,,,,,,,,,,,,,,,
032080.KQ,,,,,,,,,,,,,,,,,,,,,,,,,,
FMCQF,2025.0,2.0,0.622958140416561,Health Care Services,0.7479497332288955,8.0,2025.0,2.0,0.9348696266825498,United States,0.9662990599832632,14.0,United States,0.0375759004522053,0.9662990599832632,0.259466813306885,,-0.2410298890008222,0.0,0.0,Health Care Products,0.0383724634291975,0.2520502667711045,0.0322249666003186,0.085081790111609,-0.094384856693316
EGSER.IS,,,,,,,,,,,,,,,,,,,,,,,,,,
CGS.AX,,,,,,,,,,,,,,,,,,,,,,,,,,
7115.KL,,,,,,,,,,,,,,,,,,,,,,,,,,
CGNX,2025.0,2.0,0.7964612826521855,Standard Product and Services,0.8850073263278152,12.0,2025.0,4.0,0.288884361261874,Americas,0.4095985453945708,15.0,Americas,0.1631648841227455,0.4095985453945708,0.0267125347769209,0.0955996828067455,0.0873074799210511,0.1593549211099814,0.1593549211099814,Standard Product and Services,0.1064931178558541,0.8850073263278152,0.0153452650166283,0.073599590908866,0.0873074799210511
089980.KQ,,,,,,,,,,,,,,,,,,,,,,,,,,
VOLCAR-B.ST,,,,,,,,,,,,,,,,,,,,,,,,,,
7677.T,,,,,,,,,,,,,,,,,,,,,,,,,,
5011.KL,,,,,,,,,,,,,,,,,,,,,,,,,,
CY4.MI,,,,,,,,,,,,,,,,,,,,,,,,,,
7082.T,,,,,,,,,,,,,,,,,,,,,,,,,,
PARP.PA,,,,,,,,,,,,,,,,,,,,,,,,,,
REFEX.NS,,,,,,,,,,,,,,,,,,,,,,,,,,
HTO.AT,,,,,,,,,,,,,,,,,,,,,,,,,,
005305.KS,,,,,,,,,,,,,,,,,,,,,,,,,,
CFWFF,,,,,,,,,,,,,,,,,,,,,,,,,,
ETER3.SA,,,,,,,,,,,,,,,,,,,,,,,,,,
KXSCF,,,,,,,,,,,,,,,,,,,,,,,,,,
METALCO.BO,,,,,,,,,,,,,,,,,,,,,,,,,,
SCT.L,,,,,,,,,,,,,,,,,,,,,,,,,,
600976.SS,,,,,,,,,,,,,,,,,,,,,,,,,,
CYL.AX,,,,,,,,,,,,,,,,,,,,,,,,,,
1961.T,,,,,,,,,,,,,,,,,,,,,,,,,,
009270.KS,,,,,,,,,,,,,,,,,,,,,,,,,,
6235.TW,,,,,,,,,,,,,,,,,,,,,,,,,,
SGAMF,,,,,,,,,,,,,,,,,,,,,,,,,,
9206.T,,,,,,,,,,,,,,,,,,,,,,,,,,
MISHTANN.BO,,,,,,,,,,,,,,,,,,,,,,,,,,
I5J.F,,,,,,,,,,,,,,,,,,,,,,,,,,
BCO,2023.0,3.0,0.3398937137826496,NorthAmericaSegment,0.3933713331040244,12.0,2025.0,4.0,0.2667027924321703,NorthAmericaSegment,0.3312172128031628,15.0,EuropeSegment,0.1646569985334853,0.2717060746597734,0.0268089298643864,0.0770557216519687,0.0497416149564038,0.0,0.0,EuropeSegment,0.2205282370624866,0.2792983145791362,0.0293318617195779,0.0859444341112223,0.092348568208046
AIT,2026.0,2.0,0.5352399775375005,Service Center Based Distribution Segment,0.6327403057430193,15.0,2026.0,1.0,1.0,Other Countries,1.0,15.0,Other Countries,0.0554157308443281,1.0,0.0,,0.0554157308443281,0.0,0.0,Engineered Solutions Segment,0.1559444695296248,0.3672596942569806,-0.6327403057430194,,2.1474852471035986
7936.T,,,,,,,,,,,,,,,,,,,,,,,,,,
2112.T,,,,,,,,,,,,,,,,,,,,,,,,,,
LH,2025.0,1.0,1.0,LabCorp Diagnostics,1.0,13.0,2021.0,3.0,0.6795513136535171,North America,0.8122189207798572,8.0,Europe,0.3561698188070361,0.127213741168297,0.0190333212376893,0.1331696806590631,0.1532639410523304,0.0,0.0,LabCorp Diagnostics,0.0721784647536054,1.0,0.0,,0.0721784647536054
MPAC.L,,,,,,,,,,,,,,,,,,,,,,,,,,
QGEN,2025.0,7.0,0.2751959699731873,Consumables and Related,0.4489054779452047,16.0,2025.0,4.0,0.3656516476185347,UNITED STATES,0.4777265443667676,15.0,EMEA,0.0990988351472796,0.3410331775278361,-0.344009203589538,0.0620043905070903,1.207788956401957,0.0,0.0,Diagnostic Solutions,0.0723632906389206,0.1921244938394707,-0.1864432445346384,0.0180341192149526,1.1130160842052477
EM.MI,,,,,,,,,,,,,,,,,,,,,,,,,,
5742.T,,,,,,,,,,,,,,,,,,,,,,,,,,
VEEV,2026.0,2.0,0.7312565092511891,Subscription,0.8400415483813626,8.0,2026.0,3.0,0.4699735533821015,North America,0.6094333448388702,13.0,Europe,0.1882363801678601,0.300861250269761,0.0129520062137052,0.0600051451755192,0.1370830828738896,0.0,0.0,,,,,,0.1633615729010831
4619.T,,,,,,,,,,,,,,,,,,,,,,,,,,
688309.SS,,,,,,,,,,,,,,,,,,,,,,,,,,
WMT,2026.0,3.0,0.5188712861268266,Walmart U S,0.6837006113987143,14.0,2026.0,2.0,0.6983566456498345,UNITED STATES,0.8149259005304538,14.0,,,,,,0.0472521421176677,0.0,0.0,Walmart International,0.0700496369528653,0.1846271232267809,0.0039330778208883,0.0162775928724127,0.0472545653469484
600841.SS,,,,,,,,,,,,,,,,,,,,,,,,,,
PRM.BK,,,,,,,,,,,,,,,,,,,,,,,,,,
PGNY,2025.0,2.0,0.5419342540306198,Fertility benefit services revenue,0.6448003004669187,7.0,,,,,,,,,,,,,,,Fertility benefit services revenue,0.1389594421774489,0.6448003004669187,0.0197678515990522,0.0465606267939361,0.10404199376125
GSC1.DE,,,,,,,,,,,,,,,,,,,,,,,,,,
RISHITECH.BO,,,,,,,,,,,,,,,,,,,,,,,,,,
VOW.DE,,,,,,,,,,,,,,,,,,,,,,,,,,
ULTRAMAR.BO,,,,,,,,,,,,,,,,,,,,,,,,,,
1786.T,,,,,,,,,,,,,,,,,,,,,,,,,,
KRBL.NS,,,,,,,,,,,,,,,,,,,,,,,,,,
3322.HK,,,,,,,,,,,,,,,,,,,,,,,,,,
GISSAA.MX,,,,,,,,,,,,,,,,,,,,,,,,,,
K03.SI,,,,,,,,,,,,,,,,,,,,,,,,,,
NFGAB.ST,,,,,,,,,,,,,,,,,,,,,,,,,,
PSD.TO,,,,,,,,,,,,,,,,,,,,,,,,,,
KONTR.IS,,,,,,,,,,,,,,,,,,,,,,,,,,
WY,2025.0,3.0,0.5182698396151845,Wood Products,0.6611978124583167,13.0,2025.0,6.0,0.762359905639849,UNITED STATES,0.8686459087617668,13.0,CANADA,-0.3020565552699229,0.0786386676321506,0.0023716349882921,0.0046153094588495,-0.3231055778845211,0.0046343229543808,0.0015930485155684,Timberlands,0.3796296296296295,0.2782446311858076,0.0660043167557122,0.1756335760956657,0.0523582257158898
KHTRF,,,,,,,,,,,,,,,,,,,,,,,,,,
9911.TW,,,,,,,,,,,,,,,,,,,,,,,,,,
CRSR,2025.0,2.0,0.5549638847201868,Gaming Components And Systems,0.6657767847441052,6.0,2025.0,3.0,0.4043539915885694,Americas,0.4910891828751494,6.0,Asia Pacific,0.2748998173446213,0.1246665489514288,0.0152854360652464,0.0978518979233829,0.1185836297905087,0.3842442681734217,0.0,Gaming Components And Systems,0.1620257215670004,0.6657767847441052,0.0248899276915389,0.0604852434805635,0.1185836297905087
CSW,2026.0,3.0,0.5839101254847974,Contractor Solutions Segment,0.741493456647228,10.0,2026.0,2.0,0.8116774160041267,UNITED STATES,0.8947641169129527,10.0,UNITED STATES,0.3772938878003418,0.8947641169129527,0.0077225952944671,0.0526177784431486,0.3654066394228343,0.0,0.0,Engineered Reliability Solutions,0.0702270872084465,0.1477568220930415,-0.0407528393771163,0.0126673386731175,0.3654066394228343
TOTTF,,,,,,,,,,,,,,,,,,,,,,,,,,
053160.KQ,,,,,,,,,,,,,,,,,,,,,,,,,,
JOPA3.SA,,,,,,,,,,,,,,,,,,,,,,,,,,
BCC,2025.0,2.0,0.6640880865800676,Building Materials Distribution,0.7864333138621166,10.0,2025.0,1.0,1.0,Non-US,1.0,9.0,Non-US,0.1919191919191918,1.0,0.0,,0.1919191919191918,0.0,0.0,Building Materials Distribution,-0.0365199059434039,0.7864333138621166,0.0155068131058172,0.0414666118093921,-0.055517709681319
8284.TWO,,,,,,,,,,,,,,,,,,,,,,,,,,
GRPFF,2025.0,3.0,0.5629257372999265,Residential,0.7164219833673443,1.0,2023.0,2.0,0.9696165681321368,Mexico.,0.9845702055080032,1.0,,,,,,,0.9845702055080032,0.0,,,,,,
CCC.L,,,,,,,,,,,,,,,,,,,,,,,,,,
7089.T,,,,,,,,,,,,,,,,,,,,,,,,,,
039860.KQ,,,,,,,,,,,,,,,,,,,,,,,,,,
3998.T,,,,,,,,,,,,,,,,,,,,,,,,,,
DEM.AX,,,,,,,,,,,,,,,,,,,,,,,,,,
GUI.PA,,,,,,,,,,,,,,,,,,,,,,,,,,
KMI,2025.0,4.0,0.4660872006911022,Natural Gas Pipelines,0.6487712888207908,14.0,2025.0,2.0,0.9987019122775384,UNITED STATES,0.9993505343331168,14.0,UNITED STATES,0.1241283124128311,0.9993505343331168,0.002198216452322,,0.1216556291390729,0.0006494656668831,0.0,Natural Gas Pipelines,0.2311563408633414,0.6487712888207908,0.057486490830974,0.1207815939183584,0.1220657276995305
UFPT,2025.0,3.0,0.9625856101573864,Product,0.981018485493458,3.0,,,,,,,,,,,,,,,,,,,,3.329722818787125
0883.HK,,,,,,,,,,,,,,,,,,,,,,,,,,
ADZ.MC,,,,,,,,,,,,,,,,,,,,,,,,,,
5283.TW,,,,,,,,,,,,,,,,,,,,,,,,,,
603515.SS,,,,,,,,,,,,,,,,,,,,,,,,,,
003010.KS,,,,,,,,,,,,,,,,,,,,,,,,,,
LUMAXTECH.NS,,,,,,,,,,,,,,,,,,,,,,,,,,
TRICOT.SN,,,,,,,,,,,,,,,,,,,,,,,,,,
3310.TWO,,,,,,,,,,,,,,,,,,,,,,,,,,
3399.HK,,,,,,,,,,,,,,,,,,,,,,,,,,
4480.T,,,,,,,,,,,,,,,,,,,,,,,,,,
1841.T,,,,,,,,,,,,,,,,,,,,,,,,,,
3944.T,,,,,,,,,,,,,,,,,,,,,,,,,,
BPOSY,,,,,,,,,,,,,,,,,,,,,,,,,,
2357.HK,,,,,,,,,,,,,,,,,,,,,,,,,,
DHAMPURSUG.NS,,,,,,,,,,,,,,,,,,,,,,,,,,
IMAX,2025.0,3.0,0.4025607578001405,Image Enhancement And Maintenance Services,0.5468890768238545,15.0,2025.0,7.0,0.2339674109568586,UNITED STATES,0.3531198502237867,15.0,Western Europe,0.2681319219837303,0.1261664700203797,0.0102917596219787,0.089178915723153,0.1646867759960024,0.4337732684563103,0.4119065263814808,Technology Rentals,0.3142263427109975,0.2063274970324957,0.0287051829453653,0.0968727566115803,0.1313854313360287
ORON.SW,,,,,,,,,,,,,,,,,,,,,,,,,,
688169.SS,,,,,,,,,,,,,,,,,,,,,,,,,,
TPLAS.BK,,,,,,,,,,,,,,,,,,,,,,,,,,
603013.SS,,,,,,,,,,,,,,,,,,,,,,,,,,
033240.KS,,,,,,,,,,,,,,,,,,,,,,,,,,
RMBS,2025.0,3.0,0.4103222239188194,Product Revenue,0.4914347893673247,15.0,2025.0,4.0,0.3171893343524251,"KOREA, REPUBLIC OF",0.4652940095812783,15.0,SINGAPORE,1.433539320835438,0.2315065782965674,0.1105667697363903,0.6909343103845754,0.2712890568857973,0.4652940095812783,0.0,Product Revenue,0.4089662297672345,0.4914347893673247,0.0480205636063083,0.1837710153730319,0.2712890568857973
300562.SZ,,,,,,,,,,,,,,,,,,,,,,,,,,
TCTZF,,,,,,,,,,,,,,,,,,,,,,,,,,
PTXKY,,,,,,,,,,,,,,,,,,,,,,,,,,
CHALET.BO,,,,,,,,,,,,,,,,,,,,,,,,,,
3BA.F,,,,,,,,,,,,,,,,,,,,,,,,,,
3169.TWO,,,,,,,,,,,,,,,,,,,,,,,,,,
MAPS,2025.0,2.0,0.8402142838069455,Service,0.9124404707390786,4.0,2022.0,2.0,0.9994433905371728,UNITED STATES,0.9997216177719216,2.0,UNITED STATES,0.1155861369119732,0.9997216177719216,-0.0002783822280785,,0.1158967827446595,0.0,0.0,"Product and Service, Other",-0.0016316407779662,0.0875595292609213,0.0045197599209254,0.0281010314716249,-0.0531666973779767
BYDIY,,,,,,,,,,,,,,,,,,,,,,,,,,
CSTPF,,,,,,,,,,,,,,,,,,,,,,,,,,
ARREF,,,,,,,,,,,,,,,,,,,,,,,,,,
2741.TWO,,,,,,,,,,,,,,,,,,,,,,,,,,
EMSHF,,,,,,,,,,,,,,,,,,,,,,,,,,
CUYTF,,,,,,,,,,,,,,,,,,,,,,,,,,
3851.T,,,,,,,,,,,,,,,,,,,,,,,,,,
PM.BK,,,,,,,,,,,,,,,,,,,,,,,,,,
SPM.MI,,,,,,,,,,,,,,,,,,,,,,,,,,
FLS,2025.0,2.0,0.5018813391962905,Aftermarket Equipment,0.530670337431226,8.0,2025.0,5.0,0.2700038835615569,North America,0.422326114444966,15.0,Middle East And Africa,0.0913638506265677,0.176731454815341,0.0087034606444615,0.0594745935325541,0.0376176607780147,0.2437897260882252,0.0,Aftermarket Equipment,0.0726242704898589,0.530670337431226,0.0173191768070134,0.0359670124321537,0.0376176607780147
1252.HK,,,,,,,,,,,,,,,,,,,,,,,,,,
VYX,2025.0,2.0,0.5306251314929469,Recurring revenue,0.6237439523632303,2.0,2025.0,4.0,0.4357684915267641,UNITED STATES,0.6107182731671008,2.0,EMEA,0.0226480836236933,0.2184592482322292,0.0153453062647841,0.0884633329677649,-0.0491861288039632,0.0,0.0,Recurring revenue,0.0257037943696449,0.6237439523632303,0.0455415461353464,0.0887747159767687,-0.0491861288039632
HSQVY,,,,,,,,,,,,,,,,,,,,,,,,,,
LNA.PA,,,,,,,,,,,,,,,,,,,,,,,,,,
101930.KQ,,,,,,,,,,,,,,,,,,,,,,,,,,
GEV,2025.0,2.0,0.5049821531820491,Product,0.5499106861405906,2.0,2025.0,6.0,0.2453532317009015,Non-US,0.3525349932819702,2.0,UNITED STATES,0.1813475032359153,0.2949300134360597,-0.125250321471626,0.0790228827396006,0.6830399313009876,0.0916543361055836,0.0,Product,0.1045799915576193,0.5499106861405906,0.0074174844803643,0.0162829883333989,0.0896808358379848
FUJI.JK,,,,,,,,,,,,,,,,,,,,,,,,,,
058470.KQ,,,,,,,,,,,,,,,,,,,,,,,,,,
MCHHF,,,,,,,,,,,,,,,,,,,,,,,,,,
PETRO.AT,,,,,,,,,,,,,,,,,,,,,,,,,,
004835.KS,,,,,,,,,,,,,,,,,,,,,,,,,,
9672.T,,,,,,,,,,,,,,,,,,,,,,,,,,
RIG,2019.0,1.0,1.0,Oil And Gas Service,1.0,2.0,2025.0,4.0,0.2870444892176023,UNITED STATES,0.4123581336696091,15.0,Other Geographical,0.4194107452339688,0.2065573770491803,0.0428229843136525,0.1701157708649906,0.1251418842224745,0.2199243379571248,0.0,Oil And Gas Service,0.0231941683233929,1.0,0.0,,0.0231941683233929
3969.T,,,,,,,,,,,,,,,,,,,,,,,,,,
IPN.PA,,,,,,,,,,,,,,,,,,,,,,,,,,
3689.TWO,,,,,,,,,,,,,,,,,,,,,,,,,,
AEM.TO,,,,,,,2024.0,3.0,0.798072957550129,Canada,0.8896817050520323,3.0,Canada,0.3125667246301007,0.8896817050520323,0.0380790512003378,0.1926611168030345,0.2563878741184715,0.0400866867305583,0.0,,,,,,
002367.SZ,,,,,,,,,,,,,,,,,,,,,,,,,,
GOLD,2026.0,1.0,1.0,Wholesale Sales,1.0,9.0,2026.0,7.0,0.3665349807545376,UNITED STATES,0.4663456772867945,13.0,UNITED STATES,1.9714178112228944,0.4663456772867945,0.1016209497392188,0.4835927673385842,1.3239189391302033,2.010707389200714e-05,0.0,Wholesale Sales,1.291085551645824,1.0,0.0,,1.291085551645824
PRLB,2025.0,5.0,0.3610922619261528,CNC Machining (Firstcut),0.4564147004372316,14.0,2025.0,2.0,0.6933486821478219,United States Segment,0.8109249766003223,13.0,United States Segment,0.0912032549874808,0.8109249766003223,0.0199489139917654,0.06421229818468,0.0643594401964502,0.0,0.0,CNC Machining (Firstcut),0.1761347982231846,0.4564147004372316,0.0433759094851263,0.0967170170720501,0.0643594401964502
P34.SI,,,,,,,,,,,,,,,,,,,,,,,,,,
6005.T,,,,,,,,,,,,,,,,,,,,,,,,,,
JOPA4.SA,,,,,,,,,,,,,,,,,,,,,,,,,,
014790.KS,,,,,,,,,,,,,,,,,,,,,,,,,,
GSFC.NS,,,,,,,,,,,,,,,,,,,,,,,,,,
BOREO.HE,,,,,,,,,,,,,,,,,,,,,,,,,,
APLAPOLLO.NS,,,,,,,,,,,,,,,,,,,,,,,,,,
UTI,2022.0,2.0,0.9350156163047688,Postsecondary Education,0.9663773237973564,11.0,,,,,,,,,,,,,,,Postsecondary Education,0.2510510826150935,0.9663773237973564,0.0010165027470495,,0.2497351402488339
3317.T,,,,,,,,,,,,,,,,,,,,,,,,,,
GMHS,,,,,,,2025.0,3.0,0.4653759933310339,UNITED STATES,0.6279999924099239,1.0,,,,,,,0.0,0.0,,,,,,
BIREF,,,,,,,,,,,,,,,,,,,,,,,,,,
TRE.MC,,,,,,,,,,,,,,,,,,,,,,,,,,
GEAHF,,,,,,,,,,,,,,,,,,,,,,,,,,
DIN,2025.0,2.0,0.765244652843676,Franchisor,0.8641734839631217,15.0,2013.0,1.0,1.0,"Illinois, Wisconsin, and Missouri",1.0,1.0,,,,,,,0.0,0.0,Franchisor,-0.0298268120590121,0.8641734839631217,0.0197133913379287,,-0.0519582521857526
CALCOM.BO,,,,,,,,,,,,,,,,,,,,,,,,,,
7509.T,,,,,,,,,,,,,,,,,,,,,,,,,,
PETFF,,,,,,,,,,,,,,,,,,,,,,,,,,
5353.TWO,,,,,,,,,,,,,,,,,,,,,,,,,,
ARL.BO,,,,,,,,,,,,,,,,,,,,,,,,,,
IKBI.JK,,,,,,,,,,,,,,,,,,,,,,,,,,
6412.T,,,,,,,,,,,,,,,,,,,,,,,,,,
ADN1.DE,,,,,,,,,,,,,,,,,,,,,,,,,,
006060.KS,,,,,,,,,,,,,,,,,,,,,,,,,,
6888.T,,,,,,,,,,,,,,,,,,,,,,,,,,
002450.KS,,,,,,,,,,,,,,,,,,,,,,,,,,
7244.T,,,,,,,,,,,,,,,,,,,,,,,,,,
EXPGY,,,,,,,,,,,,,,,,,,,,,,,,,,
M12.DE,,,,,,,,,,,,,,,,,,,,,,,,,,
2189.HK,,,,,,,,,,,,,,,,,,,,,,,,,,
4027.T,,,,,,,,,,,,,,,,,,,,,,,,,,
TDPOWERSYS.NS,,,,,,,,,,,,,,,,,,,,,,,,,,
CAML.L,,,,,,,,,,,,,,,,,,,,,,,,,,
1810.SR,,,,,,,,,,,,,,,,,,,,,,,,,,
3566.T,,,,,,,,,,,,,,,,,,,,,,,,,,
CCX.AX,,,,,,,,,,,,,,,,,,,,,,,,,,
SND,2025.0,1.0,1.0,Sand,1.0,8.0,2025.0,2.0,0.8254229455797026,UNITED STATES,0.9033751018467197,1.0,,,,,,,0.0,0.0,Sand,0.0730327085872393,1.0,0.0,,0.0730327085872393
DIGIA.HE,,,,,,,,,,,,,,,,,,,,,,,,,,
UFPI,2025.0,3.0,0.3427719868251366,Retail,0.4028356594136397,14.0,2025.0,2.0,0.9146187516171038,U [S],0.9553123936469904,14.0,U [S],-0.0505756705673681,0.9553123936469904,-0.0006774739313196,,-0.0499023722439833,0.0,0.0,Industrial,-0.0200664441271127,0.2654702880154886,0.0076789166134615,0.0183141628673453,-0.048411718163361
NITTAGELA.BO,,,,,,,,,,,,,,,,,,,,,,,,,,
7914.T,,,,,,,,,,,,,,,,,,,,,,,,,,
601225.SS,,,,,,,,,,,,,,,,,,,,,,,,,,
UAL,2025.0,2.0,0.9376393655681988,Passenger,0.9677816614448448,8.0,2025.0,4.0,0.4126108527902252,International,0.5928051464364313,15.0,Pacific Destination,0.0643763540699473,0.1164381242593533,0.0031948668070637,0.0185272964707105,0.0351716523842069,0.0935838835280176,0.0,Passenger,0.0310443959945203,0.9677816614448448,0.00031731439788,,0.0307063391323825
3550.T,,,,,,,,,,,,,,,,,,,,,,,,,,
UPSALE.ST,,,,,,,,,,,,,,,,,,,,,,,,,,
APEI,2025.0,4.0,0.8374164092847325,"Instructional Services, Net Of Grants And Scholarships",0.9120922476582076,13.0,2025.0,1.0,1.0,American Public Education Inc Segment,1.0,13.0,American Public Education Inc Segment,0.0088093638522752,1.0,0.0,,0.0088093638522752,0.0,0.0,Textbook And Other Course Materials,0.128800795680591,0.073462461971883,0.005849954586672,0.050386706372536,0.038912256488178
PNCINFRA.NS,,,,,,,,,,,,,,,,,,,,,,,,,,
NPTH.V,,,,,,,,,,,,,,,,,,,,,,,,,,
GGBR4.SA,,,,,,,,,,,,,,,,,,,,,,,,,,
BDC,2025.0,2.0,0.5955156312782992,Automation Solutions,0.7185356164087439,15.0,2025.0,5.0,0.415264878714536,UNITED STATES,0.5817068688277891,15.0,CANADA,0.180392720545959,0.0695629851863255,0.0045433324383744,0.0699464171010562,0.1032983215216383,0.0365502428187451,0.0365502428187451,Automation Solutions,0.1355788728876417,0.7185356164087439,-0.2814643835912561,,0.5804072156691258
3540.TWO,,,,,,,,,,,,,,,,,,,,,,,,,,
UNP,2025.0,6.0,0.3025396007358257,Industrial,0.3510403916768665,10.0,2025.0,1.0,1.0,M [X],1.0,6.0,,,,,,-0.8797628425722459,0.0,0.0,Bulk,0.0525877618981545,0.3095063239494084,0.0123104476607486,0.0291286533224848,0.0107216494845361
BFT.WA,,,,,,,,,,,,,,,,,,,,,,,,,,
AZEV4.SA,,,,,,,,,,,,,,,,,,,,,,,,,,
GEL,2025.0,2.0,0.8121385618548977,Product Sales,0.8950560478304931,15.0,,,,,,,,,,,,,,,Product Sales,-0.6971130286261238,0.8950560478304931,-0.0684219457324595,,-0.6739590418242412
DGII,2025.0,2.0,0.571726482239548,Product,0.6893759253964823,14.0,2025.0,2.0,0.737557987864625,North America,0.8446432850532744,14.0,North America,0.1302947856299856,0.8446432850532744,0.0212719076548786,0.0805812038798718,0.101828891532224,0.0,0.0,Service,0.1182451090321825,0.3106240746035177,0.0288008761769318,0.0721848780203928,0.0145620993948769
ULBI,2023.0,2.0,0.7037115732842216,Battery & Energy Products Segment,0.8191485338241598,10.0,2025.0,1.0,1.0,Non-US,1.0,9.0,Non-US,-0.1977868755191646,1.0,0.0,,-0.1977868755191646,0.0,0.0,Communications Systems Segment,1.422203461376108,0.1808514661758402,0.0910077161758402,0.6696083351299058,0.2033070388349513
VKAL.BO,,,,,,,,,,,,,,,,,,,,,,,,,,
PSFE,2025.0,2.0,0.5013681512425936,Merchant Solutions,0.5261548393475612,5.0,2025.0,3.0,0.4371363134833174,UNITED STATES,0.5037116187296046,5.0,GERMANY,0.1463225686018294,0.0745644683918949,0.0092969654434656,0.0905599461134901,0.00339495794224,0.0,0.0,Merchant Solutions,-0.0552983794248884,0.5261548393475612,-0.4738451606524387,,0.7954821469409152
3946.T,,,,,,,,,,,,,,,,,,,,,,,,,,
HZN.AX,,,,,,,,,,,,,,,,,,,,,,,,,,
ACWN.DE,,,,,,,,,,,,,,,,,,,,,,,,,,
BZH,2025.0,2.0,0.9435629211386052,Home Building,0.9709367904181012,14.0,2025.0,3.0,0.4655100963266133,West Segment,0.6225075952276038,14.0,East Segment,0.1678571286058028,0.2468156968739919,0.0317240114928847,0.1270230360911947,0.0177487139499363,0.0,0.0,Home Building,0.0042067454461085,0.9709367904181012,-0.0130933151909953,,0.0177487139499363
RSG.AX,,,,,,,,,,,,,,,,,,,,,,,,,,
002746.SZ,,,,,,,,,,,,,,,,,,,,,,,,,,
MAHLY,,,,,,,,,,,,,,,,,,,,,,,,,,
6798.T,,,,,,,,,,,,,,,,,,,,,,,,,,
SAGT,,,,,,,,,,,,,,,,,,,,,,,,,,
OI,2025.0,3.0,0.4561356064179451,Alcoholic Beverages,0.617693522906793,15.0,2025.0,2.0,0.6098496043297492,Non-US,0.734360410830999,16.0,,,,,,0.0034353529044346,0.0,0.0,Nonalcoholic Beverage,0.0247279920870424,0.1636650868878357,0.0057950056885852,0.0266925581498427,-0.0115552779512804
NGVT,2025.0,2.0,0.5209886979295442,Performance Materials,0.6024419297200715,10.0,2025.0,6.0,0.2545391969571741,North America,0.3490056147347431,10.0,Asia Pacific,-0.1372832369942196,0.1566353570866348,-0.0893828454162093,0.0262542275255482,0.3550199089874857,0.1040037781392664,0.0803379335677179,Performance Materials,-0.0044291338582677,0.6024419297200715,0.1018671226910027,0.1685351864414679,-0.1727705698801116
CBOX.L,,,,,,,,,,,,,,,,,,,,,,,,,,
IAG.MC,,,,,,,,,,,,,,,,,,,,,,,,,,
IDT,2025.0,4.0,0.5197135828188358,Traditional Communications,0.6985144072854539,12.0,2025.0,1.0,1.0,Non-US,1.0,4.0,Non-US,-0.0832272617986903,1.0,0.7654394092444878,,-0.7849612449389523,0.0,0.0,Fintech,0.2807216640021206,0.1255465917441808,0.0254278302474542,0.1328979783909723,0.0213281383471917
DOO.TO,,,,,,,,,,,,,,,,,,,,,,,,,,
7010.SR,,,,,,,,,,,,,,,,,,,,,,,,,,
3420.T,,,,,,,,,,,,,,,,,,,,,,,,,,
000910.KS,,,,,,,,,,,,,,,,,,,,,,,,,,
VBSN.SW,,,,,,,,,,,,,,,,,,,,,,,,,,
200596.SZ,,,,,,,,,,,,,,,,,,,,,,,,,,
2022.TW,,,,,,,,,,,,,,,,,,,,,,,,,,
0065.KL,,,,,,,,,,,,,,,,,,,,,,,,,,
NPG.F,,,,,,,,,,,,,,,,,,,,,,,,,,
ANG.L,,,,,,,,,,,,,,,,,,,,,,,,,,
ET.TO,,,,,,,,,,,,,,,,,,,,,,,,,,
7823.T,,,,,,,,,,,,,,,,,,,,,,,,,,
ORLY,2025.0,1.0,1.0,Automotive Aftermarket Parts Segment,1.0,2.0,,,,,,,,,,,,,,,Automotive Aftermarket Parts Segment,0.0642495944723633,1.0,0.0,,0.0642495944723633
DM7.F,,,,,,,,,,,,,,,,,,,,,,,,,,
600636.SS,,,,,,,,,,,,,,,,,,,,,,,,,,
SPRC.BK,,,,,,,,,,,,,,,,,,,,,,,,,,
TPS.MI,,,,,,,,,,,,,,,,,,,,,,,,,,
603032.SS,,,,,,,,,,,,,,,,,,,,,,,,,,
CVCO,2026.0,2.0,0.9253597532790764,Factory Built Housing,0.9611722852031962,14.0,,,,,,,,,,,,,,,Factory Built Housing,0.1160021333487832,0.9611722852031962,0.0020299959567817,,0.1136451367381508
LNVGY,,,,,,,,,,,,,,,,,,,,,,,,,,
PENIND.NS,,,,,,,,,,,,,,,,,,,,,,,,,,
CFH.F,,,,,,,,,,,,,,,,,,,,,,,,,,
ALDO.JK,,,,,,,,,,,,,,,,,,,,,,,,,,
3553.T,,,,,,,,,,,,,,,,,,,,,,,,,,
PRMB,2025.0,1.0,1.0,"Product and Service, Other",1.0,1.0,,,,,,,,,,,,,,,,,,,,
SHARDACROP.NS,,,,,,,,,,,,,,,,,,,,,,,,,,
7073.T,,,,,,,,,,,,,,,,,,,,,,,,,,
6104.TWO,,,,,,,,,,,,,,,,,,,,,,,,,,
REYN,2025.0,2.0,0.5443835689233713,Cooking Products,0.6489690721649485,6.0,2025.0,2.0,0.9527959334503406,UNITED STATES,0.9758129535071216,6.0,UNITED STATES,0.0083310191613441,0.9758129535071216,0.001252736998326,,0.0070365358592692,0.0,0.0,Cooking Products,0.0096230954290297,0.6489690721649485,0.2039298144918578,,-0.3076374018558172
ALPOU.PA,,,,,,,,,,,,,,,,,,,,,,,,,,
FND,2025.0,6.0,0.2918781971745615,Tile,0.3858911523457671,9.0,,,,,,,,,,,,,,,Wood,0.207231328500838,0.1205829221846355,0.0151284295969117,0.0828186680588256,0.0557711231124979
3964.T,,,,,,,,,,,,,,,,,,,,,,,,,,
1907.HK,,,,,,,,,,,,,,,,,,,,,,,,,,
BAROEXT.BO,,,,,,,,,,,,,,,,,,,,,,,,,,
IMJS.JK,,,,,,,,,,,,,,,,,,,,,,,,,,
3898.HK,,,,,,,,,,,,,,,,,,,,,,,,,,
032680.KQ,,,,,,,,,,,,,,,,,,,,,,,,,,
B3.ST,,,,,,,,,,,,,,,,,,,,,,,,,,
CRHKY,,,,,,,,,,,,,,,,,,,,,,,,,,
MGNI,,,,,,,2025.0,2.0,0.6281972168979781,UNITED STATES,0.753177029860509,11.0,UNITED STATES,0.0788319557017895,0.753177029860509,0.0071992098446448,0.0202973777212771,0.068519987428349,0.0,0.0,,,,,,
HRTA.JK,,,,,,,,,,,,,,,,,,,,,,,,,,
ATIC.ST,,,,,,,,,,,,,,,,,,,,,,,,,,
PETZ,2021.0,4.0,0.407816150448509,RestaurantRevenueMember,0.5538424306627336,3.0,2025.0,2.0,0.8966604476438353,CHINA,0.9453428160663622,3.0,CHINA,1.3212569583155167,0.9453428160663622,0.039860670872963,0.5177673280382507,1.2233804440452745,0.9453428160663622,0.9453428160663622,OverseaSalesMember,-0.4041301322967511,0.1231915690267668,-0.1535579731571077,0.0204524623468437,0.3386201214160149
001070.KS,,,,,,,,,,,,,,,,,,,,,,,,,,
7226.T,,,,,,,,,,,,,,,,,,,,,,,,,,
0709.HK,,,,,,,,,,,,,,,,,,,,,,,,,,
PTON,2026.0,2.0,0.5684772308352649,Subscription and Circulation,0.6850367947669664,7.0,2026.0,2.0,0.8233447536284981,North America,0.9020850367947668,7.0,Non-US,0.1062355658198614,0.097914963205233,0.0109950981016518,0.0680234681757268,-0.0179861891761683,0.0,0.0,Subscription and Circulation,0.0011352094162633,0.6850367947669664,0.0130840085135538,0.0291442783098939,-0.0179861891761683
AVAX.AT,,,,,,,,,,,,,,,,,,,,,,,,,,
688002.SS,,,,,,,,,,,,,,,,,,,,,,,,,,
CDDRF,,,,,,,,,,,,,,,,,,,,,,,,,,
4761.T,,,,,,,,,,,,,,,,,,,,,,,,,,
GARGFUR.BO,,,,,,,,,,,,,,,,,,,,,,,,,,
0505.HK,,,,,,,,,,,,,,,,,,,,,,,,,,
0229.KL,,,,,,,,,,,,,,,,,,,,,,,,,,
BTDPY,,,,,,,,,,,,,,,,,,,,,,,,,,
TCOAT.BK,,,,,,,,,,,,,,,,,,,,,,,,,,
600787.SS,,,,,,,,,,,,,,,,,,,,,,,,,,
ORCL,2025.0,3.0,0.7465439022852768,Cloud And License Business,0.857680447394554,13.0,2025.0,3.0,0.4755336843325243,Americas,0.633094653216955,13.0,Americas,0.0971257774288991,0.633094653216955,0.0076910543423114,0.0266300961868435,0.0837975113762958,0.0,0.0,Cloud And License Business,0.1071878373515653,0.857680447394554,0.018119260861067,0.0691583891043696,0.0837975113762958
005860.KQ,,,,,,,,,,,,,,,,,,,,,,,,,,
GENUSPAPER.NS,,,,,,,,,,,,,,,,,,,,,,,,,,
YUM,2025.0,4.0,0.3474384179586907,KFC Global Division,0.4309002433090024,15.0,2025.0,2.0,0.6125379442158051,US,0.7372108178559792,1.0,,,,,,,0.2627891821440208,0.2627891821440208,KFC Global Division,0.1429493384962892,0.4309002433090024,0.0213588134160461,0.0734909779100349,0.0862957578961278
RTX.CO,,,,,,,,,,,,,,,,,,,,,,,,,,
4290.T,,,,,,,,,,,,,,,,,,,,,,,,,,
ADVAIT.BO,,,,,,,,,,,,,,,,,,,,,,,,,,
2286.T,,,,,,,,,,,,,,,,,,,,,,,,,,
SWRAY,,,,,,,,,,,,,,,,,,,,,,,,,,
AWLCF,,,,,,,,,,,,,,,,,,,,,,,,,,
V3U.F,,,,,,,,,,,,,,,,,,,,,,,,,,
ONEGLOBAL.BO,,,,,,,,,,,,,,,,,,,,,,,,,,
AUB.PA,,,,,,,,,,,,,,,,,,,,,,,,,,
083640.KQ,,,,,,,,,,,,,,,,,,,,,,,,,,
CSPCY,,,,,,,,,,,,,,,,,,,,,,,,,,
EVD.F,,,,,,,,,,,,,,,,,,,,,,,,,,
600095.SS,,,,,,,,,,,,,,,,,,,,,,,,,,
IDPR.JK,,,,,,,,,,,,,,,,,,,,,,,,,,
MIXIF,,,,,,,,,,,,,,,,,,,,,,,,,,
086060.KQ,,,,,,,,,,,,,,,,,,,,,,,,,,
EMR,2025.0,2.0,0.5687638906189937,Intelligent Devices,0.6854236913382344,15.0,2025.0,3.0,0.3860270362327606,Americas,0.5093140235476203,16.0,Americas,0.0472834735167082,0.5093140235476203,0.0082889666000121,0.0212575199894266,0.0302391799544419,0.3011994914598419,0.0,Software and Control,0.0540840896462306,0.3145763086617655,0.0071161719875058,0.0172155502914156,0.0302391799544419
PGMN3.SA,,,,,,,,,,,,,,,,,,,,,,,,,,
002318.SZ,,,,,,,,,,,,,,,,,,,,,,,,,,
1115.HK,,,,,,,,,,,,,,,,,,,,,,,,,,
8008.T,,,,,,,,,,,,,,,,,,,,,,,,,,
AMS,2025.0,2.0,0.5056153882389494,Patient Income,0.5529876789402465,7.0,2022.0,2.0,0.7359322455244401,Domestic Segment,0.8434619669806543,2.0,Domestic Segment,0.1315306746382227,0.8434619669806543,0.0084835235951312,0.0344831097494998,0.1201497617426821,0.0,0.0,Patient Income,0.2367792290538388,0.5529876789402465,0.1099389845154052,0.216796422384108,-0.0091037402964008
7805.T,,,,,,,,,,,,,,,,,,,,,,,,,,
ACCELYA.NS,,,,,,,,,,,,,,,,,,,,,,,,,,
SIEMEL.SN,,,,,,,,,,,,,,,,,,,,,,,,,,
600511.SS,,,,,,,,,,,,,,,,,,,,,,,,,,
MTS.AX,,,,,,,,,,,,,,,,,,,,,,,,,,
FLEXM.ST,,,,,,,,,,,,,,,,,,,,,,,,,,
BHAGERIA.NS,,,,,,,,,,,,,,,,,,,,,,,,,,
3838.HK,,,,,,,,,,,,,,,,,,,,,,,,,,
EBAY,2025.0,2.0,0.7053769823877931,Marketplaces,0.8204504504504504,15.0,2025.0,5.0,0.3310077428780131,UNITED STATES,0.5215315315315315,15.0,UNITED STATES,0.1051928216876669,0.5215315315315315,0.0121471106426859,0.0352210908706773,0.079451521929398,0.1128828828828828,0.1128828828828828,Advertising Revenues,0.2189602446483181,0.1795495495495495,0.0205492578058949,0.0829421944795707,0.079451521929398
171090.KQ,,,,,,,,,,,,,,,,,,,,,,,,,,
NTCT,2026.0,2.0,0.5096159156950604,Service,0.5693394393367167,11.0,2026.0,4.0,0.3802071635231283,UNITED STATES,0.5519126636741666,15.0,Rest Of World,0.1929714327464016,0.1899772188364619,0.0236061312069005,0.0808199029079965,0.0447355529921147,0.0,0.0,Service,0.0573743747096384,0.5693394393367167,0.0068053282192577,0.0144454939673217,0.0447355529921147
ARRY,,,,,,,2025.0,4.0,0.6906870253648996,UNITED STATES,0.8219752879832412,7.0,SPAIN,0.6843041723388503,0.111331155863776,0.0151901370964044,0.567227396527831,0.4544959835046434,0.0479243263552222,0.0,,,,,,
HAI.TO,,,,,,,,,,,,,,,,,,,,,,,,,,
2429.T,,,,,,,,,,,,,,,,,,,,,,,,,,
HPK,2024.0,2.0,0.98342401062312,Crude Oil Sales,0.9916421516830712,2.0,,,,,,,,,,,,,,,Crude Oil Sales,-0.024040169409478,0.9916421516830712,0.0138640139642157,,-0.0376849309767991
EXPGF,,,,,,,,,,,,,,,,,,,,,,,,,,
002255.SZ,,,,,,,,,,,,,,,,,,,,,,,,,,
ISFT.NS,,,,,,,,,,,,,,,,,,,,,,,,,,
4538.TWO,,,,,,,,,,,,,,,,,,,,,,,,,,
5753.T,,,,,,,,,,,,,,,,,,,,,,,,,,
FORA,2022.0,3.0,0.8773981819945499,Information and Software,0.9350167359634808,2.0,2022.0,1.0,1.0,Services Segment,1.0,2.0,Services Segment,0.3769420450982068,1.0,0.0,,0.3769420450982068,0.0,0.0,Information and Software,0.7513050045254068,0.9350167359634808,0.0492051567987851,0.1871814797136,0.6591427639625431
BAL1R.RG,,,,,,,,,,,,,,,,,,,,,,,,,,
MAKERSL.BO,,,,,,,,,,,,,,,,,,,,,,,,,,
CIEN,2024.0,4.0,0.6003112799763273,Networking Platforms Segment,0.7576809702723941,13.0,2024.0,3.0,0.5773231978829996,North America,0.7352299091770642,12.0,EMEA,0.0089062757524776,0.1616132683927964,0.0149964176520432,0.155025611233232,-0.0847121507134651,0.0,0.0,Platform Software and Services Segment,0.1783277882536453,0.0891820705337917,0.0199082518667713,0.1256212061416887,-0.0847121507134651
BBL.AX,,,,,,,,,,,,,,,,,,,,,,,,,,
FLU.VI,,,,,,,,,,,,,,,,,,,,,,,,,,
TILE,2025.0,2.0,0.5235399128580877,AMS,0.608489430033731,2.0,2025.0,2.0,0.5235399128580877,AMS,0.608489430033731,8.0,EAAA,0.0546201104405774,0.391510569966269,0.000187748989997,0.0004154446317727,0.0541143671075614,0.0,0.0,EAAA,0.0546201104405774,0.391510569966269,0.000187748989997,0.0004154446317727,0.0541143671075614
0408.HK,,,,,,,,,,,,,,,,,,,,,,,,,,
IPR.LS,,,,,,,,,,,,,,,,,,,,,,,,,,
TNLIY,,,,,,,,,,,,,,,,,,,,,,,,,,
NEM,2025.0,2.0,0.5349223868245125,Gold Dore,0.6321408090343641,13.0,2025.0,8.0,0.4159402379491699,UNITED KINGDOM,0.6147332768839966,15.0,"KOREA, REPUBLIC OF",0.6339468302658486,0.1503434001317151,0.0456436891799968,0.2672779274693933,0.1378867358955144,0.1842600432778248,0.0,Sales From Concentrate And Other Production,0.3091051805337519,0.3678591909656359,0.0268892733979236,0.0726000236651865,0.213413981372444
HRSHF,,,,,,,,,,,,,,,,,,,,,,,,,,
MFRISCOA-1.MX,,,,,,,,,,,,,,,,,,,,,,,,,,
BN2.SI,,,,,,,,,,,,,,,,,,,,,,,,,,
JJSF,2025.0,3.0,0.4723114524873351,Food Service,0.6324786054863687,10.0,2025.0,2.0,0.9158884195065338,UNITED STATES,0.9560090018335898,1.0,,,,,,,0.0,0.0,Frozen Beverages,0.6287414815470396,0.2324755737153028,-0.7519765476182687,,5.897146143089275
021240.KS,,,,,,,,,,,,,,,,,,,,,,,,,,
RUN,2025.0,6.0,0.2394213043002716,Service,0.3075767408624357,11.0,,,,,,,,,,,,,,,Product,1.137102529239876,0.1924232591375642,0.06176441952327,0.4910747766616405,0.4511308968508416
FOXF,2025.0,3.0,0.3336899624415931,Specialty Sports Group,0.3470031438246982,12.0,2025.0,4.0,0.6075617962034541,North America,0.7627608410157014,13.0,Europe,0.2029955829692868,0.1353119051659453,0.0169099297311824,0.0757067382257685,0.0526572165854448,0.0,0.0,Aftermarket Applications Group,0.115220439764339,0.3203205024667404,0.0179697953606705,0.0485674005760375,0.0526572165854448
5290.T,,,,,,,,,,,,,,,,,,,,,,,,,,
3046.T,,,,,,,,,,,,,,,,,,,,,,,,,,
605266.SS,,,,,,,,,,,,,,,,,,,,,,,,,,
FIVN,2025.0,1.0,1.0,Reportable Segment,1.0,2.0,2025.0,2.0,0.7970830696649289,UNITED STATES,0.8854108649642151,12.0,Non-US,0.153508541392904,0.1145891350357849,0.0050336720427853,0.0284528268321209,0.1028372129627674,0.0,0.0,Reportable Segment,0.1028372129627674,1.0,0.0,,0.1028372129627674
6257.T,,,,,,,,,,,,,,,,,,,,,,,,,,
NZK.NZ,,,,,,,,,,,,,,,,,,,,,,,,,,
ATULAUTO.NS,,,,,,,,,,,,,,,,,,,,,,,,,,
LIND,2025.0,2.0,0.5408066394223261,Lindblad Segment,0.6428401894116746,8.0,,,,,,,,,,,,,,,Land-experience,0.2436805903685739,0.3571598105883253,0.0137260781713487,0.0363985580012562,0.1958844596239959
CFEB.BR,,,,,,,,,,,,,,,,,,,,,,,,,,
066910.KQ,,,,,,,,,,,,,,,,,,,,,,,,,,
LOVFF,,,,,,,,,,,,,,,,,,,,,,,,,,
INVA,2025.0,3.0,0.5056923068215489,Royalty,0.5749158822156527,9.0,,,,,,,,,,,,,,,Product,0.7655807656012801,0.4184738213785592,0.1466895716622137,0.6639405661034702,0.1466835419042069
OLYMP.AT,,,,,,,,,,,,,,,,,,,,,,,,,,
5EV.SI,,,,,,,,,,,,,,,,,,,,,,,,,,
5909.T,,,,,,,,,,,,,,,,,,,,,,,,,,
CTPCY,,,,,,,,,,,,,,,,,,,,,,,,,,
4192.T,,,,,,,,,,,,,,,,,,,,,,,,,,
NVT,2025.0,2.0,0.5551282724501126,Enclosures Segment,0.6660245048932727,8.0,2025.0,3.0,0.682329184814875,North America,0.8112558115640492,4.0,North America,0.3647480770892748,0.8112558115640492,0.04142114205871,0.1323646734950027,0.2950666977146468,0.0,0.0,Enclosures Segment,0.4220918115504855,0.6660245048932727,0.0594911227702561,0.1614179044225203,0.2950666977146468
FVC.BK,,,,,,,,,,,,,,,,,,,,,,,,,,
STX,,,,,,,2026.0,4.0,0.4232503558327916,UNITED STATES,0.5039770397703977,16.0,UNITED STATES,0.3936507936507936,0.5039770397703977,0.0192018391548101,0.0559257827437435,0.3405518302737167,0.0,0.0,,,,,,
009450.KS,,,,,,,,,,,,,,,,,,,,,,,,,,
CYRBY,,,,,,,,,,,,,,,,,,,,,,,,,,
004985.KS,,,,,,,,,,,,,,,,,,,,,,,,,,
SGP.BK,,,,,,,,,,,,,,,,,,,,,,,,,,
TECO2.BA,,,,,,,,,,,,,,,,,,,,,,,,,,
300773.SZ,,,,,,,,,,,,,,,,,,,,,,,,,,
DUROPLY.BO,,,,,,,,,,,,,,,,,,,,,,,,,,
SUMEETINDS.NS,,,,,,,,,,,,,,,,,,,,,,,,,,
5821.T,,,,,,,,,,,,,,,,,,,,,,,,,,
8273.T,,,,,,,,,,,,,,,,,,,,,,,,,,
MARS.L,,,,,,,,,,,,,,,,,,,,,,,,,,
SEOJF,,,,,,,,,,,,,,,,,,,,,,,,,,
9923.HK,,,,,,,,,,,,,,,,,,,,,,,,,,
036420.KS,,,,,,,,,,,,,,,,,,,,,,,,,,
RADICO.NS,,,,,,,,,,,,,,,,,,,,,,,,,,
VSTTILLERS.NS,,,,,,,,,,,,,,,,,,,,,,,,,,
1521.TW,,,,,,,,,,,,,,,,,,,,,,,,,,
ITW.MI,,,,,,,,,,,,,,,,,,,,,,,,,,
KOVAI.BO,,,,,,,,,,,,,,,,,,,,,,,,,,
6269.T,,,,,,,,,,,,,,,,,,,,,,,,,,
CAPL,2025.0,3.0,0.7877327498887466,Fuel Sales To External Customers,0.880281545382929,13.0,2016.0,1.0,1.0,Unallocated,1.0,1.0,,,,,,,0.0,0.0,Food And Merchandise Sales,0.0436864337270341,0.1131081548049604,0.0162286105965168,0.0832744747034968,-0.1060603351688955
MDM.PA,,,,,,,,,,,,,,,,,,,,,,,,,,
MEG,2025.0,3.0,0.3360813361700783,Assessment Permitting And Response,0.3701552487664622,6.0,2025.0,2.0,0.743442613788559,UNITED STATES,0.8488858078143614,3.0,UNITED STATES,0.2326978883310346,0.8488858078143614,0.022873899210718,0.0954548638673755,0.1994818691734672,0.0,0.0,Assessment Permitting And Response,0.4308959739353037,0.3701552487664622,0.0616378125413313,0.1623133619008324,0.1926248752503967
4506.T,,,,,,,,,,,,,,,,,,,,,,,,,,
214150.KQ,,,,,,,,,,,,,,,,,,,,,,,,,,
NAVINFLUOR.NS,,,,,,,,,,,,,,,,,,,,,,,,,,
ALTRI.PA,,,,,,,,,,,,,,,,,,,,,,,,,,
3205.T,,,,,,,,,,,,,,,,,,,,,,,,,,
BAIDF,2025.0,2.0,0.5013052341248783,Online Marketing Services,0.5255463708271678,2.0,,,,,,,,,,,,,,,Online Marketing Services,-0.1645998300555398,0.5255463708271678,-0.077753826798354,,-0.0410035810338935
20MICRONS.NS,,,,,,,,,,,,,,,,,,,,,,,,,,
6838.HK,,,,,,,,,,,,,,,,,,,,,,,,,,
1647.HK,,,,,,,,,,,,,,,,,,,,,,,,,,
UYFINCORP.BO,,,,,,,,,,,,,,,,,,,,,,,,,,
PHQ.F,,,,,,,,,,,,,,,,,,,,,,,,,,
STGN.SW,,,,,,,,,,,,,,,,,,,,,,,,,,
AMOR.JK,,,,,,,,,,,,,,,,,,,,,,,,,,
WPM.TO,,,,,,,,,,,,,,,,,,,,,,,,,,
ABEO.PA,,,,,,,,,,,,,,,,,,,,,,,,,,
COCHINM.BO,,,,,,,,,,,,,,,,,,,,,,,,,,
BWXT,2025.0,2.0,0.6092113924275648,Government Operations Segment,0.7336786173653517,12.0,2025.0,3.0,0.6230311599479749,UNITED STATES,0.7590391987911937,14.0,CANADA,0.5967411694596518,0.2149780217035677,0.0556662048368526,0.2532807835680493,0.1832825270076379,0.0,0.0,Commercial Operations Segment,0.6280831800172528,0.2663213826346483,0.0727603640650963,0.2757807244266856,0.1832825270076379
HALDYNGL.BO,,,,,,,,,,,,,,,,,,,,,,,,,,
DEX.DE,,,,,,,,,,,,,,,,,,,,,,,,,,
9445.T,,,,,,,,,,,,,,,,,,,,,,,,,,
603737.SS,,,,,,,,,,,,,,,,,,,,,,,,,,
JSLG3.SA,,,,,,,,,,,,,,,,,,,,,,,,,,
6568.TWO,,,,,,,,,,,,,,,,,,,,,,,,,,
6817.T,,,,,,,,,,,,,,,,,,,,,,,,,,
0540.HK,,,,,,,,,,,,,,,,,,,,,,,,,,
CIDMEGA.MX,,,,,,,,,,,,,,,,,,,,,,,,,,
DNACF,,,,,,,,,,,,,,,,,,,,,,,,,,
RAVE,2024.0,8.0,0.3404391742451185,Franchise Royalties,0.3986831275720164,6.0,2025.0,1.0,1.0,UNITED STATES,1.0,4.0,,,,,,-0.0295473251028806,0.0,0.0,Supplier and Distributor Incentive Revenues,0.0939339067451334,0.3977777777777778,-0.5972672672672673,,1.7364864864864864
3929.T,,,,,,,,,,,,,,,,,,,,,,,,,,
1831.SR,,,,,,,,,,,,,,,,,,,,,,,,,,
SKLT.JK,,,,,,,,,,,,,,,,,,,,,,,,,,
PPE.AX,,,,,,,,,,,,,,,,,,,,,,,,,,
9326.KL,,,,,,,,,,,,,,,,,,,,,,,,,,
MIDD,2025.0,2.0,0.6099113977178914,Commercial Foodservice Equipment Group,0.7344263186140706,14.0,2025.0,4.0,0.5026956561720219,United States And Canada,0.6746940680406922,6.0,Asia,-0.0525760834395995,0.0777498577096977,0.009957853143179,0.0763221407434589,-0.1739178904004529,0.24755607424961,0.0,Food Processing Group,0.162997963072655,0.2655736813859294,0.0769356321895345,0.0955920671220248,-0.1739178904004529
035720.KS,,,,,,,,,,,,,,,,,,,,,,,,,,
004700.KS,,,,,,,,,,,,,,,,,,,,,,,,,,
RUCHIRA.NS,,,,,,,,,,,,,,,,,,,,,,,,,,
200780.KQ,,,,,,,,,,,,,,,,,,,,,,,,,,
HUHTAMAKI.NS,,,,,,,,,,,,,,,,,,,,,,,,,,
BCLIND.NS,,,,,,,,,,,,,,,,,,,,,,,,,,
3055.S,,,,,,,,,,,,,,,,,,,,,,,,,,
ANZFF,,,,,,,,,,,,,,,,,,,,,,,,,,
BOLT.JK,,,,,,,,,,,,,,,,,,,,,,,,,,
8446.HK,,,,,,,,,,,,,,,,,,,,,,,,,,
MOG-A,2025.0,4.0,0.2521231799081302,Space And Defense,0.2883026163646084,15.0,2025.0,3.0,0.4947014353246244,UNITED STATES,0.6301600466660312,15.0,Non-US,0.0492465250556861,0.3057689637737319,-0.0059528773194864,0.0001511707930702,0.0696738299216437,0.0,0.0,Industrial,1.154247260922494,0.2475198309910522,0.1026345196140375,0.4520878853493201,0.2609849640416071
JEN.BR,,,,,,,,,,,,,,,,,,,,,,,,,,
2704.TW,,,,,,,,,,,,,,,,,,,,,,,,,,
ICE.TO,,,,,,,,,,,,,,,,,,,,,,,,,,
MSA,2025.0,1.0,1.0,Detection,1.0,12.0,2025.0,2.0,0.5598916588293751,Americas Segment,0.6730486330910693,15.0,International,0.0916724695858763,0.3269513669089307,0.0164118069191068,0.039739852594695,0.0368743570741203,0.0,0.0,Detection,0.18762056777309,1.0,0.0,,0.18762056777309
3663.T,,,,,,,,,,,,,,,,,,,,,,,,,,
026960.KS,,,,,,,,,,,,,,,,,,,,,,,,,,
FN,2025.0,1.0,1.0,Optical Communications,1.0,11.0,2026.0,15.0,0.2573460936303026,Asia Pacific,0.3707125251956271,15.0,Asia Pacific,1.0689703255622471,0.3707125251956271,0.1228018909535685,0.7370102036681445,0.383605113874867,0.3369100416065844,0.0095583307699662,Optical Communications,0.1443153496154459,1.0,0.0,,0.1443153496154459
6875.T,,,,,,,,,,,,,,,,,,,,,,,,,,
7613.T,,,,,,,,,,,,,,,,,,,,,,,,,,
5945.T,,,,,,,,,,,,,,,,,,,,,,,,,,
ADI,2025.0,4.0,0.3211620127991743,Industrial,0.4473266848202044,16.0,2025.0,7.0,0.2479420523538647,Non-US,0.4138849351073058,15.0,CHINA,0.3426495180473874,0.1520262275913397,-0.0737937094267878,0.1454280284386193,0.9943731710419164,0.1606676655708718,0.1520262275913397,Communications,0.2752152715049385,0.1250364460688474,0.0104211914379973,0.0510835168976256,0.1689321605654812
INDOBORAX.BO,,,,,,,,,,,,,,,,,,,,,,,,,,
KALYANKJIL.NS,,,,,,,,,,,,,,,,,,,,,,,,,,
ESAU.MI,,,,,,,,,,,,,,,,,,,,,,,,,,
PHOSPHATE.BO,,,,,,,,,,,,,,,,,,,,,,,,,,
001630.KS,,,,,,,,,,,,,,,,,,,,,,,,,,
GILD,2025.0,16.0,0.2612607160055881,Biktarvy,0.486872049183112,15.0,2025.0,3.0,0.5464618866649634,UNITED STATES,0.7090310090683694,16.0,Europe,0.0927924039706518,0.17199334306966,0.0108331566608125,0.0430956785161849,0.0239618835640258,0.0,0.0,Trodelvy,0.0623574144486691,0.047450833871132,-0.0031436026645918,0.2779824871020444,0.132738255549998
4626.T,,,,,,,,,,,,,,,,,,,,,,,,,,
3844.T,,,,,,,,,,,,,,,,,,,,,,,,,,
EMPR.V,,,,,,,,,,,,,,,,,,,,,,,,,,
FLUG-B.CO,,,,,,,,,,,,,,,,,,,,,,,,,,
N08.SI,,,,,,,,,,,,,,,,,,,,,,,,,,
MFCSF,,,,,,,,,,,,,,,,,,,,,,,,,,
101330.KQ,,,,,,,,,,,,,,,,,,,,,,,,,,
2062.TW,,,,,,,,,,,,,,,,,,,,,,,,,,
FLUIDOM.BO,,,,,,,,,,,,,,,,,,,,,,,,,,
2727.TW,,,,,,,,,,,,,,,,,,,,,,,,,,
SIMECB.MX,,,,,,,,,,,,,,,,,,,,,,,,,,
027710.KQ,,,,,,,,,,,,,,,,,,,,,,,,,,
DHABRIYA.BO,,,,,,,,,,,,,,,,,,,,,,,,,,
003830.KS,,,,,,,,,,,,,,,,,,,,,,,,,,
1807.T,,,,,,,,,,,,,,,,,,,,,,,,,,
120110.KS,,,,,,,,,,,,,,,,,,,,,,,,,,
7255.T,,,,,,,,,,,,,,,,,,,,,,,,,,
2678.HK,,,,,,,,,,,,,,,,,,,,,,,,,,
INBP,2018.0,3.0,0.9279205047347012,Contract Manufacturing,0.9627545184168382,1.0,2018.0,1.0,1.0,Europe and Canada,1.0,5.0,Europe and Canada,-0.3025961434880965,1.0,0.0,,-0.3025961434880965,0.0,0.0,,,,,,
089140.KQ,,,,,,,,,,,,,,,,,,,,,,,,,,
6811.HK,,,,,,,,,,,,,,,,,,,,,,,,,,
RYAOF,,,,,,,2021.0,1.0,1.0,Other European Countries,1.0,2.0,Other European Countries,-0.7710748452447946,1.0,0.0,,-0.7710748452447946,0.0,0.0,,,,,,
VHI,2025.0,3.0,0.8080670173292143,Chemicals,0.8952335098700048,14.0,2013.0,7.0,0.1805896138428521,U S,0.226304516675689,2.0,D E,-0.0633118543520507,0.2155482853578741,0.0136234211516741,0.0666847107833893,-0.1225138891757368,0.0,0.0,Component Products,0.0849897189856065,0.0762156957149735,0.0068979458099944,0.0498341631863012,-0.0132079057392626
RMGGF,,,,,,,,,,,,,,,,,,,,,,,,,,
4961.TW,,,,,,,,,,,,,,,,,,,,,,,,,,
004970.KS,,,,,,,,,,,,,,,,,,,,,,,,,,
FTON.SW,,,,,,,,,,,,,,,,,,,,,,,,,,
WK,2025.0,3.0,0.8488196142893274,License and Service,0.918671034900652,8.0,2025.0,2.0,0.6085892276825933,UNITED STATES,0.73301204655832,7.0,,,,,,0.3249057135068585,0.0,0.0,License and Service,0.2171525029731325,0.918671034900652,0.0148344615536005,0.0928255413438573,0.1974982401039693
DFH,2025.0,2.0,0.92124978285753,Home Building,0.9589388754820896,5.0,2025.0,1.0,1.0,Southeast Segment,1.0,1.0,,,,,,,0.0,0.0,Home Building,-0.0574208873963505,0.9589388754820896,-0.0289915478303059,,-0.0289239434037963
1788.T,,,,,,,,,,,,,,,,,,,,,,,,,,
SDGCF,,,,,,,,,,,,,,,,,,,,,,,,,,
RRC,2025.0,1.0,1.0,Natural Gas Natural Gas Liquids And Oil Sales,1.0,8.0,,,,,,,,,,,,,,,Natural Gas Natural Gas Liquids And Oil Sales,0.271807484698602,1.0,0.0,,0.271807484698602
003017.SZ,,,,,,,,,,,,,,,,,,,,,,,,,,
300945.SZ,,,,,,,,,,,,,,,,,,,,,,,,,,
TRT.L,,,,,,,,,,,,,,,,,,,,,,,,,,
037460.KQ,,,,,,,,,,,,,,,,,,,,,,,,,,
AN5.F,,,,,,,,,,,,,,,,,,,,,,,,,,
LXFR,2025.0,1.0,1.0,Transportation,1.0,8.0,2025.0,8.0,0.3558758094615629,Top Five Countries,0.4709677419354838,9.0,UNITED STATES,0.0697062691801841,0.3577712609970674,0.0204450261553046,0.0261862977168461,0.0085773439810707,0.0,0.0,Transportation,-0.048,1.0,0.4886363636363636,,-0.5131818181818182
TEM1V.HE,,,,,,,,,,,,,,,,,,,,,,,,,,
MALT.PA,,,,,,,,,,,,,,,,,,,,,,,,,,
5458.T,,,,,,,,,,,,,,,,,,,,,,,,,,
CVI,2025.0,2.0,0.8424981653834058,Petroleum Segment,0.9138225255972696,10.0,,,,,,,,,,,,,,,Nitrogen Fertilizer Segment,0.1542857142857143,0.0861774744027303,0.0156603488150876,0.1128364987613542,-0.0554734721289456
UAC.BK,,,,,,,,,,,,,,,,,,,,,,,,,,
BIO-B,2025.0,2.0,0.5219304968253309,Clinical Diagnostics,0.6047150820687519,15.0,2025.0,4.0,0.3168507745116478,UNITED STATES,0.395904304738309,15.0,Europe,0.0571873876034048,0.3413595540414989,0.0163644244876318,0.0330911311595591,0.0065069160335087,0.0,0.0,Clinical Diagnostics,0.0157357435463945,0.6047150820687519,0.0053775918115422,0.0112722098726039,0.0067030397505845
TRGP,2025.0,2.0,0.7392335802570746,Sales of Commodities,0.8458566034190143,12.0,2025.0,2.0,0.5528712163346292,Logistics And Transportation,0.6625903077287038,5.0,Gathering And Processing,0.0893014511485812,0.3374096922712962,0.01069222293525,0.0256348742799583,0.0547824250916559,0.0,0.0,,,,,,-0.1828560185807244
SHEN,2025.0,1.0,1.0,Service,1.0,11.0,,,,,,,,,,,,,,,Service,0.0895319967723915,1.0,0.0,,0.0895319967723915
1447.HK,,,,,,,,,,,,,,,,,,,,,,,,,,
TEAM.BK,,,,,,,,,,,,,,,,,,,,,,,,,,
BBSI,2024.0,1.0,1.0,Staffing Services,1.0,7.0,,,,,,,,,,,,,,,Staffing Services,-0.067716770643045,1.0,0.0,,-0.067716770643045
SCHWAGER.SN,,,,,,,,,,,,,,,,,,,,,,,,,,
UNVR.JK,,,,,,,,,,,,,,,,,,,,,,,,,,
6347.T,,,,,,,,,,,,,,,,,,,,,,,,,,
FULO,,,,,,,,,,,,,,,,,,,,,,,,,,
EOHDF,,,,,,,,,,,,,,,,,,,,,,,,,,
CRHHF,,,,,,,,,,,,,,,,,,,,,,,,,,
2100.HK,,,,,,,,,,,,,,,,,,,,,,,,,,
ORIENTBELL.NS,,,,,,,,,,,,,,,,,,,,,,,,,,
BODALCHEM.NS,,,,,,,,,,,,,,,,,,,,,,,,,,
VOW3.DE,,,,,,,,,,,,,,,,,,,,,,,,,,
5AB.SI,,,,,,,,,,,,,,,,,,,,,,,,,,
6491.KL,,,,,,,,,,,,,,,,,,,,,,,,,,
JETMF,2025.0,2.0,0.7920638512768798,Charter,0.8821412378145546,1.0,2025.0,2.0,0.9272342560537256,UNITED STATES,0.9621873300155066,1.0,,,,,,,0.0,0.0,,,,,,
XTERF,,,,,,,,,,,,,,,,,,,,,,,,,,
BOI.PA,,,,,,,,,,,,,,,,,,,,,,,,,,
6036.T,,,,,,,,,,,,,,,,,,,,,,,,,,
6737.TWO,,,,,,,,,,,,,,,,,,,,,,,,,,
HAWPF,,,,,,,,,,,,,,,,,,,,,,,,,,
SYNEX.BK,,,,,,,,,,,,,,,,,,,,,,,,,,
SPB,2025.0,3.0,0.3587778463695686,Home And Personal Care,0.4107155571377714,14.0,2025.0,5.0,0.4174718271294234,UNITED STATES,0.5583837664649342,14.0,Latin America,0.0056657223796034,0.0758276966892132,0.0043677958828432,0.0049227843710037,-0.0522622220722696,0.0758276966892132,0.0,Home And Garden Business,-0.0100241963359833,0.2039159843360626,0.0087002213211161,0.0247845633992643,-0.0522622220722696
CELJF,,,,,,,,,,,,,,,,,,,,,,,,,,
MACPLASQ.BO,,,,,,,,,,,,,,,,,,,,,,,,,,
TKR,2025.0,2.0,0.550380848826805,Engineered Bearings,0.6587149155353791,13.0,2025.0,3.0,0.370324088346064,EMEA,0.4498722860791826,12.0,EMEA,0.0065184391463524,0.4498722860791826,0.2049783433719882,,-0.4520883446315329,0.1839080459770115,0.0,,,,,,0.018924989436698
SNGSF,,,,,,,,,,,,,,,,,,,,,,,,,,
LMT,2025.0,4.0,0.28297078975095,Aeronautics,0.4031686387378744,15.0,2025.0,5.0,0.5387746192719145,UNITED STATES,0.7156086771133141,8.0,Asia Pacific,0.2522031725684985,0.104133354653022,0.0162851500445455,0.0555339346512788,0.0563743085173769,0.0381622428312546,0.0,Missiles And Fire Control,0.1394101876675604,0.1925434388657925,0.0140318332185085,0.0495933960823321,0.0563743085173769
ACU,2025.0,2.0,0.5507849497513031,Product B,0.6593501643414639,9.0,2025.0,3.0,0.7187860516673487,UNITED STATES,0.8402427979770227,14.0,CANADA,0.1407887791267628,0.0769708255741775,0.0087873714120098,0.0602150041451499,0.0105506709856548,0.0,0.0,Product B,0.0864717126664207,0.6593501643414639,0.0460744175164342,0.09815914189175,0.0105506709856548
TVO.BK,,,,,,,,,,,,,,,,,,,,,,,,,,
EHLD,,,,,,,,,,,,,,,,,,,,,,,,,,
AIE.BK,,,,,,,,,,,,,,,,,,,,,,,,,,
HUN,2025.0,3.0,0.7037818391686167,Diversified,0.8213473315835521,15.0,2025.0,4.0,0.3017827417710946,U.S. and Canada,0.3865915889494985,14.0,Asia Pacific,-0.0067319461444308,0.285588597571705,0.0148795187115327,0.0559225037428107,-0.0584824387011265,0.0,0.0,Specialty,-0.0336967294350842,0.1706036745406824,0.0042118539602074,0.0145950371590799,-0.0575527704485487
TNH.BK,,,,,,,,,,,,,,,,,,,,,,,,,,
ITL.BO,,,,,,,,,,,,,,,,,,,,,,,,,,
SNP.BK,,,,,,,,,,,,,,,,,,,,,,,,,,
051370.KQ,,,,,,,,,,,,,,,,,,,,,,,,,,
EVN.AX,,,,,,,,,,,,,,,,,,,,,,,,,,
MANORAMA.BO,,,,,,,,,,,,,,,,,,,,,,,,,,
002478.SZ,,,,,,,,,,,,,,,,,,,,,,,,,,
7480.T,,,,,,,,,,,,,,,,,,,,,,,,,,
STE,2026.0,2.0,0.5004820005379205,Product,0.5155241833588841,8.0,2026.0,3.0,0.5966817203585778,UNITED STATES,0.7300876010781672,8.0,Other foreign locations,0.1109111300845175,0.2516340970350404,0.0053536124132379,0.0147608588049938,0.0872760675627779,0.0,0.0,Service,0.1112437792489773,0.4844758166411159,0.0104573369776293,0.0228012082213425,0.087257750917435
6556.TWO,,,,,,,,,,,,,,,,,,,,,,,,,,
TM.BK,,,,,,,,,,,,,,,,,,,,,,,,,,
1303.HK,,,,,,,,,,,,,,,,,,,,,,,,,,
HINDTIN.BO,,,,,,,,,,,,,,,,,,,,,,,,,,
PBF,2025.0,3.0,0.4936231531095163,Prior to elimination,0.5,13.0,,,,,,,,,,,,,,,Prior to elimination,-0.113059432775432,0.5,0.0,0.0006111541028531,-0.113059432775432
MU,2025.0,2.0,0.6465474402086444,DRAM Products,0.7706911895579946,15.0,2025.0,8.0,0.4486858118677089,UNITED STATES,0.6451120980255766,15.0,UNITED STATES,0.831181652490887,0.6451120980255766,0.1207203971773427,0.3511322755842087,0.4885110111106685,0.2527957622130665,0.2527957622130665,,,,,,0.478921549076696
300772.SZ,,,,,,,,,,,,,,,,,,,,,,,,,,
KRN.DE,,,,,,,,,,,,,,,,,,,,,,,,,,
ITHL.BO,,,,,,,,,,,,,,,,,,,,,,,,,,
0215.HK,,,,,,,,,,,,,,,,,,,,,,,,,,
2057.HK,,,,,,,,,,,,,,,,,,,,,,,,,,
SES.MI,,,,,,,,,,,,,,,,,,,,,,,,,,
PPM.BK,,,,,,,,,,,,,,,,,,,,,,,,,,
603500.SS,,,,,,,,,,,,,,,,,,,,,,,,,,
USAK.IS,,,,,,,,,,,,,,,,,,,,,,,,,,
BSL.F,,,,,,,,,,,,,,,,,,,,,,,,,,
002582.SZ,,,,,,,,,,,,,,,,,,,,,,,,,,
GMALY,,,,,,,,,,,,,,,,,,,,,,,,,,
CEVMF,,,,,,,,,,,,,,,,,,,,,,,,,,
OPCH,2025.0,1.0,1.0,Reportable Segment,1.0,4.0,,,,,,,,,,,,,,,,,,,,4.7410602049682185
1237.HK,,,,,,,,,,,,,,,,,,,,,,,,,,
THDDY,,,,,,,,,,,,,,,,,,,,,,,,,,
OKE,2025.0,5.0,0.5982901555262276,Liquids Commodity,0.760236700466859,15.0,,,,,,,,,,,,,,,,,,,,0.3431184599408898
CWC.DE,,,,,,,,,,,,,,,,,,,,,,,,,,
3435.T,,,,,,,,,,,,,,,,,,,,,,,,,,
200230.KQ,,,,,,,,,,,,,,,,,,,,,,,,,,
VINCIT.HE,,,,,,,,,,,,,,,,,,,,,,,,,,
OGD.TO,,,,,,,,,,,,,,,,,,,,,,,,,,
ASIIL.BO,,,,,,,,,,,,,,,,,,,,,,,,,,
MNST,2025.0,3.0,0.8628572878379548,Monster Energy Drinks,0.927027016895128,15.0,2025.0,4.0,0.4392287032097774,U.s. And Canada,0.6115844256742216,7.0,E M E A,0.215050090637765,0.2290197065638592,0.0203680693522712,0.0661614050087753,0.106988540459799,0.0841502455348181,0.0,Monster Energy Drinks,0.1167255703430223,0.927027016895128,0.0079661554281564,0.0161598529567104,0.1071292918076411
FRAS3.SA,,,,,,,,,,,,,,,,,,,,,,,,,,
6788.T,,,,,,,,,,,,,,,,,,,,,,,,,,
BSBM.BK,,,,,,,,,,,,,,,,,,,,,,,,,,
8125.T,,,,,,,,,,,,,,,,,,,,,,,,,,
CCOLA.IS,,,,,,,,,,,,,,,,,,,,,,,,,,
ULH,2025.0,5.0,0.2976953385942679,Value Added Services,0.4566005966387255,14.0,2025.0,4.0,0.9218670175880584,UNITED STATES,0.9595513851733544,14.0,UNITED STATES,-0.1651637669411189,0.9595513851733544,-0.0107465777580093,,-0.155813947189517,0.0336223696529189,0.0,Dedicated Services,-0.0182766334505098,0.2168375580805147,0.0303784714434791,0.1992298597730961,-0.155813947189517
BEDMUTHA.NS,,,,,,,,,,,,,,,,,,,,,,,,,,
7490.T,,,,,,,,,,,,,,,,,,,,,,,,,,
FCN,2025.0,5.0,0.2642126337331664,Corporate Finance Segment,0.4093501021548187,15.0,2025.0,2.0,0.6045547779055399,UNITED STATES,0.7286424915731324,15.0,All Other Countries,0.0515178129668076,0.2713575084268676,0.0084446268676528,0.0221976213471144,0.0187946514568391,0.0,0.0,Strategic Communications,0.12631791953958,0.0998952982390203,0.0090403056633468,0.1247649299380317,0.0243886150954455
WSTL,2021.0,3.0,0.712949472943211,Product,0.8278959495108024,9.0,2013.0,1.0,1.0,international generation,1.0,1.0,,,,,,,0.0,0.0,Service,0.0857017927415828,0.1658262931178415,0.0131356802189231,0.048966434219397,-0.0003004406462812
DJCO,2025.0,6.0,0.2462856789953311,License and Maintenance,0.3616875712656784,11.0,2025.0,4.0,0.4481849508519386,Non-US,0.5101384661550993,1.0,,,,,,,0.0,0.0,"Service, Other",0.5873487799876973,0.1765450399087799,0.0370646949973672,0.2492873900154653,0.2540933205588365
E19.F,,,,,,,,,,,,,,,,,,,,,,,,,,
6371.T,,,,,,,,,,,,,,,,,,,,,,,,,,
CEVMY,,,,,,,,,,,,,,,,,,,,,,,,,,
PYT.VI,,,,,,,,,,,,,,,,,,,,,,,,,,
038290.KQ,,,,,,,,,,,,,,,,,,,,,,,,,,
9446.T,,,,,,,,,,,,,,,,,,,,,,,,,,
CRYCY,,,,,,,,,,,,,,,,,,,,,,,,,,
ALSN.SW,,,,,,,,,,,,,,,,,,,,,,,,,,
CGRA4.SA,,,,,,,,,,,,,,,,,,,,,,,,,,
MARICO.NS,,,,,,,,,,,,,,,,,,,,,,,,,,
DESPC.IS,,,,,,,,,,,,,,,,,,,,,,,,,,
3159.T,,,,,,,,,,,,,,,,,,,,,,,,,,
HLO.AX,,,,,,,,,,,,,,,,,,,,,,,,,,
1616.TW,,,,,,,,,,,,,,,,,,,,,,,,,,
PTL.BK,,,,,,,,,,,,,,,,,,,,,,,,,,
JMT.LS,,,,,,,,,,,,,,,,,,,,,,,,,,
7963.T,,,,,,,,,,,,,,,,,,,,,,,,,,
603993.SS,,,,,,,,,,,,,,,,,,,,,,,,,,
192250.KQ,,,,,,,,,,,,,,,,,,,,,,,,,,
0222.KL,,,,,,,,,,,,,,,,,,,,,,,,,,
REI,2025.0,1.0,1.0,Reportable Segment,1.0,2.0,,,,,,,,,,,,,,,Reportable Segment,-0.1614657809912091,1.0,0.0,,-0.1614657809912091
RAMCOIND.NS,,,,,,,,,,,,,,,,,,,,,,,,,,
DT,2026.0,2.0,0.9160021671221088,Subscription and Circulation,0.9560713579704982,7.0,2026.0,4.0,0.3728305529465033,North America,0.5040970834631813,7.0,EMEA,0.59362721021611,0.3215067278970782,0.0817916074184486,0.2427308452097846,0.1882069815262765,0.0787396074191916,0.0,Subscription and Circulation,0.1895980860123181,0.9560713579704982,0.0011180205908929,,0.1882069815262765
LBW.WA,,,,,,,,,,,,,,,,,,,,,,,,,,
044820.KS,,,,,,,,,,,,,,,,,,,,,,,,,,
MTNOF,,,,,,,,,,,,,,,,,,,,,,,,,,
MTX,2025.0,1.0,1.0,Engineered Solutions Member,1.0,5.0,2025.0,1.0,1.0,Asia,1.0,5.0,Asia,0.015134529147982,1.0,0.8315789473684211,,-0.8290299740382346,0.0,0.0,,,,,,-0.1449745658656376
195500.KQ,,,,,,,,,,,,,,,,,,,,,,,,,,
AMGRF,,,,,,,,,,,,,,,,,,,,,,,,,,
BAVA.CO,,,,,,,,,,,,,,,,,,,,,,,,,,
UFO.NS,,,,,,,,,,,,,,,,,,,,,,,,,,
PLSDF,,,,,,,,,,,,,,,,,,,,,,,,,,
0320.HK,,,,,,,,,,,,,,,,,,,,,,,,,,
REY.MI,,,,,,,,,,,,,,,,,,,,,,,,,,
PYHOF,,,,,,,,,,,,,,,,,,,,,,,,,,
RAJOOENG.BO,,,,,,,,,,,,,,,,,,,,,,,,,,
6151.T,,,,,,,,,,,,,,,,,,,,,,,,,,
5010.KL,,,,,,,,,,,,,,,,,,,,,,,,,,
FA,2025.0,3.0,0.4440558550038628,Sterling,0.4923332162508757,2.0,2025.0,2.0,0.7565083409055675,UNITED STATES,0.8581259142435573,5.0,Non-US,0.8660556896883016,0.1418740857564426,0.0027223719207872,0.0207975590665878,0.8302486035305539,0.0,0.0,Sterling,5.865640971133491,0.4923332162508757,0.3610865948059876,2.72660232452158,0.8302486035305539
ENDUR.OL,,,,,,,,,,,,,,,,,,,,,,,,,,
PANL,2025.0,2.0,0.8808072808415583,Voyage,0.9363526560258104,8.0,2025.0,3.0,0.3942988033038922,Other,0.4787058080536855,2.0,Other,0.2716476760908342,0.4787058080536855,0.0589050456980573,0.155406485483791,0.1151706431997721,0.0,0.0,Charter,0.2945203223170285,0.0636473439741895,0.0058205331568836,0.0628247281223548,0.1761367734078791
XX.V,,,,,,,,,,,,,,,,,,,,,,,,,,
ZLIOF,,,,,,,,,,,,,,,,,,,,,,,,,,
103840.KQ,,,,,,,,,,,,,,,,,,,,,,,,,,
4718.T,,,,,,,,,,,,,,,,,,,,,,,,,,
JMXXF,,,,,,,,,,,,,,,,,,,,,,,,,,
300800.SZ,,,,,,,,,,,,,,,,,,,,,,,,,,
TMI.BK,,,,,,,,,,,,,,,,,,,,,,,,,,
7018.T,,,,,,,,,,,,,,,,,,,,,,,,,,
OLTH.AT,,,,,,,,,,,,,,,,,,,,,,,,,,
AAF.L,,,,,,,,,,,,,,,,,,,,,,,,,,
BRISA.IS,,,,,,,,,,,,,,,,,,,,,,,,,,
004020.KS,,,,,,,,,,,,,,,,,,,,,,,,,,
INTG,2025.0,5.0,0.4350282057230775,Hotel,0.5,7.0,,,,,,,,,,,,,,,Other Operating Departments,0.4327354260089686,0.0068912710566615,-0.9931087289433383,,206.90582959641256
URLOF,,,,,,,,,,,,,,,,,,,,,,,,,,
HPL.NS,,,,,,,,,,,,,,,,,,,,,,,,,,
000890.KS,,,,,,,,,,,,,,,,,,,,,,,,,,
LZ,2025.0,1.0,1.0,Reportable Segment,1.0,3.0,2010.0,5.0,0.2752899634620042,United States,0.3252058030935066,1.0,,,,,,,0.3569345490789619,0.0,Reportable Segment,0.1087609128278981,1.0,0.0,,0.1087609128278981
054410.KQ,,,,,,,,,,,,,,,,,,,,,,,,,,
ARROW.BK,,,,,,,,,,,,,,,,,,,,,,,,,,
RELL,2026.0,2.0,0.6941645394378286,Power And Microwave Technologies Group,0.8115802781289507,11.0,2026.0,4.0,0.3322157273752828,North America,0.4294595824364292,11.0,Asia Pacific,0.3422508157645043,0.2537582471430321,0.0469169909022765,0.1431084197813985,0.0940840270165479,0.0295278346546262,0.0,Power And Microwave Technologies Group,0.1650647540507579,0.8115802781289507,0.0470983423944482,0.0204566491629563,0.0974526888284588
0825.HK,,,,,,,,,,,,,,,,,,,,,,,,,,
PNRG,2025.0,4.0,0.6283647587387055,Oil Sales,0.7786013587292707,8.0,,,,,,,,,,,,,,,Natural Gas Liquid,-0.0277735036159408,0.1359482327375221,0.0248038681963197,0.1125423763399827,-0.2051570369483611
6578.T,,,,,,,,,,,,,,,,,,,,,,,,,,
1621.HK,,,,,,,,,,,,,,,,,,,,,,,,,,
SYY,2026.0,11.0,0.128912808775004,Fresh And Frozen Meats1,0.2022754958428441,15.0,2026.0,3.0,0.543927841859484,U.S. Foodservice Operations,0.7044975319883069,16.0,International Foodservice Operations,0.0762831264676282,0.1921934154406479,0.0065307348228103,0.0225640507786286,0.0397110114598904,0.0,0.0,Fresh And Frozen Meats1,0.1262346898459108,0.2022754958428441,0.015646517103751,0.0517048541974797,0.0391176109131128
HRB,2026.0,2.0,0.8675475825314236,Service,0.9286884547847212,16.0,2016.0,1.0,1.0,Foreign,1.0,3.0,Foreign,-0.0945187742770824,1.0,0.0,,-0.0945187742770824,0.0,0.0,Service,0.0547241569495315,0.9286884547847212,0.0050147992760058,0.0373093722743846,0.0490287809475948
035420.KS,,,,,,,,,,,,,,,,,,,,,,,,,,
KLC,,,,,,,,,,,,,,,,,,,,,,,,,,
AU.BK,,,,,,,,,,,,,,,,,,,,,,,,,,
688127.SS,,,,,,,,,,,,,,,,,,,,,,,,,,
1997.T,,,,,,,,,,,,,,,,,,,,,,,,,,
043650.KQ,,,,,,,,,,,,,,,,,,,,,,,,,,
JNBYF,,,,,,,,,,,,,,,,,,,,,,,,,,
DMND.JK,,,,,,,,,,,,,,,,,,,,,,,,,,
ZOO.L,,,,,,,,,,,,,,,,,,,,,,,,,,
CMAN.BK,,,,,,,,,,,,,,,,,,,,,,,,,,
VSSAB-B.ST,,,,,,,,,,,,,,,,,,,,,,,,,,
603006.SS,,,,,,,,,,,,,,,,,,,,,,,,,,
INR,,,,,,,,,,,,,,,,,,,,,,,,,,
9067.T,,,,,,,,,,,,,,,,,,,,,,,,,,
CO.PA,,,,,,,,,,,,,,,,,,,,,,,,,,
ATEYY,2014.0,3.0,0.4962389974469533,Semiconductor And Component Test System Business,0.662836022739094,1.0,2014.0,4.0,0.5206744802577447,Asia,0.6945367938333058,1.0,,,,,,,0.0,0.0,,,,,,
4368.T,,,,,,,,,,,,,,,,,,,,,,,,,,
PIDILITIND.NS,,,,,,,,,,,,,,,,,,,,,,,,,,
SOMANYCERA.NS,,,,,,,,,,,,,,,,,,,,,,,,,,
LRH.BK,,,,,,,,,,,,,,,,,,,,,,,,,,
ROOT.TO,,,,,,,,,,,,,,,,,,,,,,,,,,
FGR.PA,,,,,,,,,,,,,,,,,,,,,,,,,,
DKC.F,,,,,,,,,,,,,,,,,,,,,,,,,,
011780.KS,,,,,,,,,,,,,,,,,,,,,,,,,,
9024.T,,,,,,,,,,,,,,,,,,,,,,,,,,
281820.KS,,,,,,,,,,,,,,,,,,,,,,,,,,
001696.SZ,,,,,,,,,,,,,,,,,,,,,,,,,,
GFGY,2021.0,5.0,0.6335872070600271,Ethanol,0.7779797861201828,3.0,,,,,,,,,,,,,,,,,,,,0.90101717112251
SOU.V,,,,,,,,,,,,,,,,,,,,,,,,,,
TAYD,,,,,,,,,,,,,,,,,,,,,,,,,,
GME,2025.0,3.0,0.3827343723733958,New Video Game Hardware,0.5070112124300945,15.0,2025.0,4.0,0.5727505908978201,Video Game Brands - United States,0.7348962781343839,15.0,Video Game Brands - Australia,0.2217831563348975,0.1362847461362571,0.0303731583779521,0.3948665482746242,-0.0505100706251634,0.0,0.0,Collectibles,0.4768073547847888,0.2920741618226397,0.1042896993586062,0.3245233103385617,-0.0505100706251634
7040.SR,,,,,,,,,,,,,,,,,,,,,,,,,,
RNG,2025.0,2.0,0.9322776866200186,License and Service,0.964907349167562,8.0,,,,,,,,,,,,,,,License and Service,0.0564545758473824,0.964907349167562,0.0079015230431115,,0.0478033823599866
KWM.BK,,,,,,,,,,,,,,,,,,,,,,,,,,
KDP,2025.0,4.0,0.5427836654879679,LRB,0.6987893754140818,15.0,2025.0,2.0,0.7789396704832443,UNITED STATES,0.8734566042281515,16.0,UNITED STATES,0.0848294434470378,0.8734566042281515,0.0026338565244188,0.0126618220765194,0.0815582046772196,0.0,0.0,LRB,0.098050350179822,0.6987893754140818,0.010495453194031,0.1127715452290086,0.0815582046772196
LMAT,,,,,,,2025.0,3.0,0.4995490313708485,Americas,0.6396783679617952,14.0,EMEA,0.2193299871600327,0.2929543833783383,0.0201981670072344,0.0557085054805987,0.1352615037546107,0.0,0.0,,,,,,
MBSS.JK,,,,,,,,,,,,,,,,,,,,,,,,,,
9918.HK,,,,,,,,,,,,,,,,,,,,,,,,,,
NPK,2025.0,3.0,0.68601152469882,Defense,0.8061919590724573,8.0,,,,,,,,,,,,,,,Defense,41.44427017984107,0.8061919590724573,-0.1938080409275426,,51.6478460895023
RAPT4.SA,,,,,,,,,,,,,,,,,,,,,,,,,,
6027.T,,,,,,,,,,,,,,,,,,,,,,,,,,
GPH1.MX,,,,,,,,,,,,,,,,,,,,,,,,,,
4800.T,,,,,,,,,,,,,,,,,,,,,,,,,,
AMA.BK,,,,,,,,,,,,,,,,,,,,,,,,,,
PH,2026.0,2.0,0.5588698666206486,Diversified Industrial Segment,0.6715661193543886,15.0,2026.0,4.0,0.5015336775480819,North America,0.6691474022047537,10.0,Asia Pacific,0.1467851099830794,0.126098888320387,0.0070056893279436,0.0368417568414577,0.0830730478589421,0.0104190892599655,0.0,Aerospace Systems Segment,0.1416329830234437,0.3284338806456114,0.0168469788823872,0.042532554446226,0.0830730478589421
RAC.F,,,,,,,,,,,,,,,,,,,,,,,,,,
6812.HK,,,,,,,,,,,,,,,,,,,,,,,,,,
150900.KQ,,,,,,,,,,,,,,,,,,,,,,,,,,
RML.NS,,,,,,,,,,,,,,,,,,,,,,,,,,
TOON,2025.0,3.0,0.6325653600901378,Production Services,0.7622510724127155,2.0,2025.0,3.0,0.5078232271427529,UNITED STATES,0.5758461782933418,2.0,CANADA,1.2894782457964986,0.4197679961862386,0.1789313926962161,0.6359213750746042,0.3135593220338983,0.0,0.0,Production Services,0.5031932773109244,0.7622510724127155,0.1191237079738756,0.3361703869639872,0.2682759863087731
BKG.L,,,,,,,,,,,,,,,,,,,,,,,,,,
1264.TWO,,,,,,,,,,,,,,,,,,,,,,,,,,
6644.T,,,,,,,,,,,,,,,,,,,,,,,,,,
6265.TWO,,,,,,,,,,,,,,,,,,,,,,,,,,
GNGYF,,,,,,,,,,,,,,,,,,,,,,,,,,
IFII.JK,,,,,,,,,,,,,,,,,,,,,,,,,,
DCM.TO,,,,,,,,,,,,,,,,,,,,,,,,,,
MAN,,,,,,,2025.0,4.0,0.3261003494732755,Southern Europe,0.472836971445126,15.0,Americas Segment,-0.0685696702880541,0.2478366565479714,0.0119247026482126,0.059378646219461,-0.1133855981416956,0.0,0.0,,,,,,
SSS.DU,,,,,,,,,,,,,,,,,,,,,,,,,,
FIE.DE,,,,,,,,,,,,,,,,,,,,,,,,,,
DPWIRES.NS,,,,,,,,,,,,,,,,,,,,,,,,,,
9903.T,,,,,,,,,,,,,,,,,,,,,,,,,,
CYGIY,,,,,,,,,,,,,,,,,,,,,,,,,,
IRSA.BA,,,,,,,,,,,,,,,,,,,,,,,,,,
082850.KQ,,,,,,,,,,,,,,,,,,,,,,,,,,
BIS.AX,,,,,,,,,,,,,,,,,,,,,,,,,,
KNTNF,,,,,,,,,,,,,,,,,,,,,,,,,,
CAG.ST,,,,,,,,,,,,,,,,,,,,,,,,,,
SXC,2025.0,5.0,0.7318888534315793,Coke Sales,0.8488542970663474,14.0,2025.0,2.0,0.9288187446710784,UNITED STATES,0.9630435965819408,1.0,,,,,,,0.0,0.0,Coke Sales,-0.1171242570053778,0.8488542970663474,-0.0638769212864478,,-0.0506871964451792
HITI,,,,,,,2022.0,2.0,0.7166040988484714,Canada,0.8290927672013405,2.0,USA,2.001453852709681,0.1709072327986594,0.0607776523478056,0.5356211570601684,0.9340834681404347,0.0,0.0,,,,,,
002756.SZ,,,,,,,,,,,,,,,,,,,,,,,,,,
BSL.SI,,,,,,,,,,,,,,,,,,,,,,,,,,
3232.T,,,,,,,,,,,,,,,,,,,,,,,,,,
MD,2025.0,3.0,0.7459402753948308,"Health Care, Patient Service",0.8519569725720263,8.0,,,,,,,,,,,,,,,"Health Care, Patient Service",-0.0540071849450337,0.8519569725720263,-0.0043139454331194,0.000132557434698,-0.0492170822571599
5698.T,,,,,,,,,,,,,,,,,,,,,,,,,,
TTC,2025.0,2.0,0.8228584301516051,Equipment Products And Services,0.9017825470024832,15.0,2025.0,2.0,0.6863823050438411,UNITED STATES,0.8052722596665485,15.0,UNITED STATES,-0.0078398164335664,0.8052722596665485,0.0066335756052892,0.0202946096597064,-0.0160129150486495,0.0,0.0,Irrigation,-0.0146797153024911,0.0982174529975168,0.0001328943343989,0.0007390935364086,-0.0160129150486495
9854.T,,,,,,,,,,,,,,,,,,,,,,,,,,
3321.T,,,,,,,,,,,,,,,,,,,,,,,,,,
PENG,2024.0,2.0,0.6690910549934468,Product,0.7907671362047701,1.0,2025.0,5.0,0.3709155763162851,UNITED STATES,0.5672920833960406,2.0,UNITED STATES,0.1542249658491774,0.5672920833960406,-0.0073178401089935,0.1285863376653725,0.1691140044892534,0.2441170840900822,0.1365055662137619,,,,,,
3001.T,,,,,,,,,,,,,,,,,,,,,,,,,,
9942.TW,,,,,,,,,,,,,,,,,,,,,,,,,,
UBER,2025.0,3.0,0.4449021780223843,Mobility,0.5703904492761982,7.0,2025.0,4.0,0.3746669066680011,United States And Canada,0.5088528750216276,7.0,EMEA,0.3060898714981244,0.314589461137705,0.0296970149145934,0.0687450875374803,0.1827959434262585,0.0639598592767749,0.0,Delivery,0.2543999999999999,0.3315839052617413,0.0189275770976593,0.1108107260324312,0.1827959434262585
BIJ.F,,,,,,,,,,,,,,,,,,,,,,,,,,
MATV,2023.0,1.0,1.0,Royalty,1.0,13.0,2024.0,4.0,0.4177745686654517,Europe,0.5862381167949299,14.0,Other Foreign Countries,0.0559139784946236,0.0555681303757356,-0.0672203565532318,0.0898034351578072,1.3332453129125956,0.0,0.0,Royalty,-0.5510204081632653,1.0,0.0,,-0.5510204081632653
CLNE,2025.0,6.0,0.614275945264441,Product,0.7698855916225513,11.0,2025.0,2.0,0.9675524416554904,UNITED STATES,0.9835041063194244,14.0,UNITED STATES,0.018712666097769,0.9835041063194244,-0.0027534532251394,,0.0215646904644535,0.0,0.0,Station construction sales,0.3489996824388695,0.0715900257634773,0.0187874568992188,0.1581289121207408,-0.0050199330116663
FO5B.F,,,,,,,,,,,,,,,,,,,,,,,,,,
6268.T,,,,,,,,,,,,,,,,,,,,,,,,,,
CXXIF,,,,,,,2024.0,1.0,1.0,Nevada Segment,1.0,5.0,Nevada Segment,-0.020880692291476,1.0,0.0,,-0.020880692291476,0.0,0.0,,,,,,
UNIQ.BK,,,,,,,,,,,,,,,,,,,,,,,,,,
AFRAF,,,,,,,,,,,,,,,,,,,,,,,,,,
000240.KS,,,,,,,,,,,,,,,,,,,,,,,,,,
CLPBY,,,,,,,,,,,,,,,,,,,,,,,,,,
AO.L,,,,,,,,,,,,,,,,,,,,,,,,,,
3670.T,,,,,,,,,,,,,,,,,,,,,,,,,,
SALZERELEC.NS,,,,,,,,,,,,,,,,,,,,,,,,,,
AWHCL.NS,,,,,,,,,,,,,,,,,,,,,,,,,,
8202.T,,,,,,,,,,,,,,,,,,,,,,,,,,
6381.T,,,,,,,,,,,,,,,,,,,,,,,,,,
LZRFY,,,,,,,,,,,,,,,,,,,,,,,,,,
002906.SZ,,,,,,,,,,,,,,,,,,,,,,,,,,
4220.T,,,,,,,,,,,,,,,,,,,,,,,,,,
TLKM.JK,,,,,,,,,,,,,,,,,,,,,,,,,,
INDCTST.BO,,,,,,,,,,,,,,,,,,,,,,,,,,
8424.TWO,,,,,,,,,,,,,,,,,,,,,,,,,,
CARR,2025.0,2.0,0.7912964186782292,Product,0.881638846737481,6.0,2025.0,4.0,0.3728568201015973,UNITED STATES,0.5120706304317837,6.0,Asia Pacific,0.0062876604663348,0.1766220628132616,0.0068719961050876,0.040974475602251,-0.0328648937116428,0.0,0.0,Service,0.03125,0.1183611532625189,0.0073587517682558,0.0360602176088044,-0.0328648937116428
1433.T,,,,,,,,,,,,,,,,,,,,,,,,,,
HON,2025.0,4.0,0.3279898589265405,Aerospace,0.4680316475997006,15.0,2025.0,3.0,0.4260559831283778,United States,0.5818065274290903,16.0,United States,-0.0016041065126723,0.5818065274290903,0.0150498127945638,0.0298687562097825,-0.0274299963634474,0.0,0.0,Aerospace,0.132746797774615,0.4680316475997006,0.0834181769221857,0.2343250576365512,-0.0691448334204175
W7L.L,,,,,,,,,,,,,,,,,,,,,,,,,,
2883.HK,,,,,,,,,,,,,,,,,,,,,,,,,,
7744.T,,,,,,,,,,,,,,,,,,,,,,,,,,
ITX.MC,,,,,,,,,,,,,,,,,,,,,,,,,,
KLBN3.SA,,,,,,,,,,,,,,,,,,,,,,,,,,
ZEEL.NS,,,,,,,,,,,,,,,,,,,,,,,,,,
0226.KL,,,,,,,,,,,,,,,,,,,,,,,,,,
AMCCF,2026.0,2.0,0.5041908013456798,Flexibles Segment,0.5457755466689356,8.0,2026.0,4.0,0.3741591302047145,North America,0.4988088147706968,8.0,Europe,0.8146262439250174,0.3335744065345018,0.0456804762260202,0.3085720469789202,0.5661269904723831,0.0799795796817833,0.0,Rigid Packaging Segment,1.5808556925308197,0.4542244533310644,0.1785898341026014,0.7004260066774775,0.5661269904723831
7020.SR,,,,,,,,,,,,,,,,,,,,,,,,,,
SHC,2025.0,2.0,0.7531048159513538,Service,0.8557420525825937,5.0,2025.0,4.0,0.3736205499508482,UNITED STATES,0.5410225185778482,5.0,Europe,0.1845202565162158,0.199532148464658,0.0214117403737199,0.0684575431677263,0.0574097111976017,0.0,0.0,Product,0.0582654032619043,0.1442579474174062,0.0001166440672039,0.0004999026519518,0.0574097111976017
MASI,2025.0,1.0,1.0,Health Care Segment,1.0,4.0,2025.0,4.0,0.4658519221223808,UNITED STATES,0.62649813347305,15.0,UNITED STATES,-0.1516495211067754,0.62649813347305,0.0881100509673203,0.1862319263786648,-0.2709606569900687,0.0,0.0,Health Care Segment,0.0923881880733945,1.0,0.0,,0.0923881880733945
6862.T,,,,,,,,,,,,,,,,,,,,,,,,,,
JKLAKSHMI.NS,,,,,,,,,,,,,,,,,,,,,,,,,,
003495.KS,,,,,,,,,,,,,,,,,,,,,,,,,,
SMCI,2026.0,2.0,0.5075763350031162,Server And Storage Systems,0.5615480909659921,14.0,2026.0,4.0,0.5358072060860697,UNITED STATES,0.7088553352895542,14.0,UNITED STATES,1.12142756943598,0.7088553352895542,0.1148020834343102,0.5112316080297227,0.7778535103837869,0.0,0.0,Server And Storage Systems,-0.9747414992100324,0.5615480909659921,-0.4083953034622545,,-0.95637182925465
PSMT,2025.0,5.0,0.3631982522533469,Foods And Sundries,0.4931421141267717,11.0,2025.0,4.0,0.3169695428970686,Central American Operations Segment,0.441684066480156,14.0,Colombia Operations Segment,0.1242198980343407,0.0856719723092441,-0.0276103953752296,0.0215566771250944,0.4865339085182476,0.5273560387894001,0.0,Softlines,0.1372468910989712,0.0593536462110284,0.0031424739660547,0.0389982683019481,0.0770354470446506
XIACF,,,,,,,,,,,,,,,,,,,,,,,,,,
8005.T,,,,,,,,,,,,,,,,,,,,,,,,,,
272550.KS,,,,,,,,,,,,,,,,,,,,,,,,,,
0580.HK,,,,,,,,,,,,,,,,,,,,,,,,,,
8451.HK,,,,,,,,,,,,,,,,,,,,,,,,,,
TNPETRO.NS,,,,,,,,,,,,,,,,,,,,,,,,,,
033560.KQ,,,,,,,,,,,,,,,,,,,,,,,,,,
ETSY,2025.0,2.0,0.5768992546172681,Marketplace Revenue,0.6960857651861401,11.0,2025.0,3.0,0.4202522692817712,UNITED STATES,0.5083826917348043,11.0,Non-US,0.099728946263891,0.3889091767264863,0.0258025354889118,0.0724233184314368,0.0267664222036425,0.0,0.0,Services Revenue,0.1126845508057512,0.30391423481386,0.023467336085362,0.0597024239422254,0.0267664222036425
000715.SZ,,,,,,,,,,,,,,,,,,,,,,,,,,
4110.SR,,,,,,,,,,,,,,,,,,,,,,,,,,
WSC,2025.0,9.0,0.2628747896090975,Leasing and Services,0.3674589538976008,9.0,2025.0,3.0,0.8843683198102682,UNITED STATES,0.9389387257029096,9.0,UNITED STATES,-0.0451994499776023,0.9389387257029096,0.002457470396567,0.0059770684017416,-0.0476984352916328,0.0093392523864251,0.0,Value-Added Product and Services,-0.000233879891359,0.0683294454608143,0.0032563634344302,0.0367139137249784,-0.0478795444295124
9380.T,,,,,,,,,,,,,,,,,,,,,,,,,,
2359.TW,,,,,,,,,,,,,,,,,,,,,,,,,,
CVS,2025.0,4.0,0.4693821660231769,Pharmacy Revenue,0.5885096399690617,16.0,,,,,,,,,,,,,,,Premiums,0.0964636766046087,0.3462602881583714,0.0146967899282065,0.045235322650076,0.0499249978416644
KRN.F,,,,,,,,,,,,,,,,,,,,,,,,,,
3306.HK,,,,,,,,,,,,,,,,,,,,,,,,,,
8159.T,,,,,,,,,,,,,,,,,,,,,,,,,,
SZHIF,,,,,,,,,,,,,,,,,,,,,,,,,,
DOX,2025.0,2.0,0.551772054145092,Managed services arrangements,0.660891351764307,15.0,2025.0,3.0,0.4921097848660357,North America (Mainly United States),0.6581977196562122,15.0,Europe,-0.0290804790795151,0.1555527317643202,0.0104523129622009,0.0376756675054486,-0.0943210864199701,0.0,0.0,Managed services arrangements,0.031270697615497,0.660891351764307,0.0804856805430516,0.1496585814219771,-0.0943210864199701
2300.T,,,,,,,,,,,,,,,,,,,,,,,,,,
BRY.TO,,,,,,,,,,,,,,,,,,,,,,,,,,
TJX,2026.0,4.0,0.4218071674121298,Marmaxx,0.6059928443649374,16.0,2026.0,2.0,0.514984900999079,TJX International,0.586558942343004,1.0,,,,,,,0.0,0.0,TJX International,0.1121013786380726,0.1322798648380043,0.0048668059309781,0.0193983349411282,0.0711852377572745
PMT.MI,,,,,,,,,,,,,,,,,,,,,,,,,,
2186.HK,,,,,,,,,,,,,,,,,,,,,,,,,,
603868.SS,,,,,,,,,,,,,,,,,,,,,,,,,,
VELJAN.BO,,,,,,,,,,,,,,,,,,,,,,,,,,
7987.T,,,,,,,,,,,,,,,,,,,,,,,,,,
JAN.AX,,,,,,,,,,,,,,,,,,,,,,,,,,
NEOBO.ST,,,,,,,,,,,,,,,,,,,,,,,,,,
ARP.ST,,,,,,,,,,,,,,,,,,,,,,,,,,
BXB.AX,,,,,,,,,,,,,,,,,,,,,,,,,,
ALXXF,,,,,,,,,,,,,,,,,,,,,,,,,,
KOO.L,,,,,,,,,,,,,,,,,,,,,,,,,,
AER,2025.0,1.0,1.0,Management Service,1.0,5.0,2018.0,4.0,0.5276308260135059,Other Countries,0.7018092862544365,3.0,CHINA,-0.0139231857211383,0.1409087272401072,0.003367311626978,0.0242134710699057,-0.0374875737249889,0.1409087272401072,0.1409087272401072,Management Service,0.3227596510418056,1.0,0.0,,0.3227596510418056
NUS.F,,,,,,,,,,,,,,,,,,,,,,,,,,
EGHT,2026.0,3.0,0.4906910950308429,Service Revenue,0.5469018334075015,7.0,2026.0,2.0,0.6103293459189927,UNITED STATES,0.7348716095220884,8.0,Non-US,0.4331219806763284,0.2651283904779116,0.0745729082511091,0.2489951686806751,0.0300264321951582,0.0,0.0,,,,,,0.8289649964339156
TPW.AX,,,,,,,,,,,,,,,,,,,,,,,,,,
AFPCAPITAL.SN,,,,,,,,,,,,,,,,,,,,,,,,,,
MTRN,2025.0,7.0,0.3382807425292998,Semiconductor,0.5442427306508228,15.0,2025.0,4.0,0.3123677502550647,UNITED STATES,0.3241801237021074,15.0,Europe,0.3228939406234423,0.3193775712966332,0.0633646221098452,0.2144894228940174,0.0604313190351739,0.0,0.0,Semiconductor,0.2105108955425867,0.5442427306508228,0.0657755910093189,0.1782266987148147,0.0642120750102133
5659.T,,,,,,,,,,,,,,,,,,,,,,,,,,
1867.T,,,,,,,,,,,,,,,,,,,,,,,,,,
0777.HK,,,,,,,,,,,,,,,,,,,,,,,,,,
CPF.BK,,,,,,,,,,,,,,,,,,,,,,,,,,
7461.T,,,,,,,,,,,,,,,,,,,,,,,,,,
ALGIL.PA,,,,,,,,,,,,,,,,,,,,,,,,,,
FQT.VI,,,,,,,,,,,,,,,,,,,,,,,,,,
011785.KS,,,,,,,,,,,,,,,,,,,,,,,,,,
9873.KL,,,,,,,,,,,,,,,,,,,,,,,,,,
BEYAZ.IS,,,,,,,,,,,,,,,,,,,,,,,,,,
6039.T,,,,,,,,,,,,,,,,,,,,,,,,,,
LPIN.JK,,,,,,,,,,,,,,,,,,,,,,,,,,
DTNOF,,,,,,,,,,,,,,,,,,,,,,,,,,
CUCSF,,,,,,,,,,,,,,,,,,,,,,,,,,
9960.T,,,,,,,,,,,,,,,,,,,,,,,,,,
299900.KQ,,,,,,,,,,,,,,,,,,,,,,,,,,
3406.TW,,,,,,,,,,,,,,,,,,,,,,,,,,
SII.DE,,,,,,,,,,,,,,,,,,,,,,,,,,
2664.T,,,,,,,,,,,,,,,,,,,,,,,,,,
SAIC,2025.0,1.0,1.0,Defense And Intelligence,1.0,1.0,,,,,,,,,,,,,,,,,,,,
9027.S,,,,,,,,,,,,,,,,,,,,,,,,,,
7811.T,,,,,,,,,,,,,,,,,,,,,,,,,,
7305.T,,,,,,,,,,,,,,,,,,,,,,,,,,
0716.HK,,,,,,,,,,,,,,,,,,,,,,,,,,
PLOW,2021.0,2.0,0.9442637602884084,Work Truck Attachments,0.9713086888061838,10.0,,,,,,,,,,,,,,,,,,,,0.2867042707493956
GEF-B,2024.0,3.0,0.5076436763890024,Global Industrial Packaging,0.5734659789651438,14.0,2024.0,3.0,0.4701055479780354,UNITED STATES,0.6251170132706815,14.0,Asia Pacific And Other Americas,0.1372957942301007,0.1201152695435105,0.0098558129842801,0.0480735273164951,0.0439773119227377,0.0,0.0,Global Industrial Packaging,0.0638450013620266,0.5734659789651438,0.0107096841734372,0.0224113305859016,0.0439773119227377
PAFRF,,,,,,,,,,,,,,,,,,,,,,,,,,
RDDT,2025.0,2.0,0.8809322288557098,Advertising,0.9364242367557682,2.0,2025.0,2.0,0.6930590410277446,UNITED STATES,0.8106920026551574,2.0,Non-US,0.761900536237212,0.1893079973448426,0.0072990064549445,0.0415238533364976,0.6939682588514888,0.0,0.0,Advertising,0.7398199511411643,0.9364242367557682,0.024678781231447,0.2597695821902477,0.6939682588514888
TMV.F,,,,,,,,,,,,,,,,,,,,,,,,,,
ADH.AX,,,,,,,,,,,,,,,,,,,,,,,,,,
024880.KQ,,,,,,,,,,,,,,,,,,,,,,,,,,
WKRCF,,,,,,,,,,,,,,,,,,,,,,,,,,
BNC,2024.0,2.0,0.938407226847486,Engineering and Other Services,0.9681918553581884,7.0,,,,,,,,,,,,,,,Engineering and Other Services,-0.3675438963502224,0.9681918553581884,0.0094014967294363,,-0.3736852762400333
5440.T,,,,,,,,,,,,,,,,,,,,,,,,,,
ALPAU.PA,,,,,,,,,,,,,,,,,,,,,,,,,,
SMDR.JK,,,,,,,,,,,,,,,,,,,,,,,,,,
1463.TW,,,,,,,,,,,,,,,,,,,,,,,,,,
HINDZINC.NS,,,,,,,,,,,,,,,,,,,,,,,,,,
013890.KS,,,,,,,,,,,,,,,,,,,,,,,,,,
6191.TW,,,,,,,,,,,,,,,,,,,,,,,,,,
024120.KQ,,,,,,,,,,,,,,,,,,,,,,,,,,
SAFE.JK,,,,,,,,,,,,,,,,,,,,,,,,,,
8028.HK,,,,,,,,,,,,,,,,,,,,,,,,,,
8021.HK,,,,,,,,,,,,,,,,,,,,,,,,,,
000521.SZ,,,,,,,,,,,,,,,,,,,,,,,,,,
G24.DE,,,,,,,,,,,,,,,,,,,,,,,,,,
POPR.MI,,,,,,,,,,,,,,,,,,,,,,,,,,
DRVN,2025.0,4.0,0.5180993915211453,Company-Operated Store Sales,0.6953026087311363,5.0,2025.0,2.0,0.9327389995236944,UNITED STATES,0.96515535013783,5.0,UNITED STATES,-0.1090917111036546,0.96515535013783,0.102759492405614,,-0.2039461648803122,0.0,0.0,Franchise And Royalty,0.0076921445762694,0.1020624579180622,0.0214354415374003,0.0692115644487862,-0.2039461648803122
1887.T,,,,,,,,,,,,,,,,,,,,,,,,,,
SDI.V,,,,,,,,,,,,,,,,,,,,,,,,,,
300428.SZ,,,,,,,,,,,,,,,,,,,,,,,,,,
KAKEL.ST,,,,,,,,,,,,,,,,,,,,,,,,,,
BYRN,2025.0,2.0,0.972650094166321,Product,0.9861327463596342,6.0,2025.0,2.0,0.5438165491535143,CANADA,0.648014440433213,7.0,,,,,,-0.9524754901960784,0.351985559566787,0.0,,,,,,1.801707779886148
ASCCF,,,,,,,,,,,,,,,,,,,,,,,,,,
TXT.MI,,,,,,,,,,,,,,,,,,,,,,,,,,
041650.KS,,,,,,,,,,,,,,,,,,,,,,,,,,
BYIT.L,,,,,,,,,,,,,,,,,,,,,,,,,,
NS8U.SI,,,,,,,,,,,,,,,,,,,,,,,,,,
NWSA,2026.0,4.0,0.2514421484756036,Dow Jones Segment,0.2765839610101905,13.0,2026.0,3.0,0.3813066444475719,United States And Canada,0.5080251221214236,13.0,Europe,0.0701754385964912,0.2128401953942777,0.0105212176375337,0.0051192650395704,0.017274017983909,0.0,0.0,Digital Real Estate Services Segment,0.1187569367369589,0.2233052724856003,0.0101012970951602,0.0328608478913918,0.0681495504022715
6087.T,,,,,,,,,,,,,,,,,,,,,,,,,,
7980.T,,,,,,,,,,,,,,,,,,,,,,,,,,
SHEL.L,,,,,,,,,,,,,,,,,,,,,,,,,,
7228.KL,,,,,,,,,,,,,,,,,,,,,,,,,,
6960.T,,,,,,,,,,,,,,,,,,,,,,,,,,
DXPE,2025.0,3.0,0.5169593807534808,Service Centers,0.6809977360249756,9.0,2025.0,2.0,0.9282948851584096,UNITED STATES,0.9627606752730884,9.0,UNITED STATES,0.126670540383498,0.9627606752730884,0.0066495641619772,,0.1188888888888888,0.0,0.0,Innovative Pumping Solutions,0.2082340121228632,0.1935616815407924,0.0143059491486146,0.0913666936347994,0.1189346518390268
CHRT.L,,,,,,,,,,,,,,,,,,,,,,,,,,
7091.KL,,,,,,,,,,,,,,,,,,,,,,,,,,
MEDICAPQ.BO,,,,,,,,,,,,,,,,,,,,,,,,,,
6291.TWO,,,,,,,,,,,,,,,,,,,,,,,,,,
KAI,2025.0,2.0,0.5892495996776714,Parts and Consumables,0.7112458279797158,14.0,2025.0,4.0,0.4523639772869434,North America,0.6233644540070402,14.0,Rest of World,0.0930378596334671,0.0628587557305882,0.0054124683368173,0.0839197933340384,-0.0010784291388515,0.0,0.0,Parts and Consumables,0.0789994982785764,0.7112458279797158,0.0527850957111414,0.1172309233273851,-0.0010784291388515
095500.KQ,,,,,,,,,,,,,,,,,,,,,,,,,,
JAPAY,,,,,,,,,,,,,,,,,,,,,,,,,,
PXED,,,,,,,,,,,,,,,,,,,,,,,,,,
243840.KQ,,,,,,,,,,,,,,,,,,,,,,,,,,
9959.HK,,,,,,,,,,,,,,,,,,,,,,,,,,
RLLWF,,,,,,,,,,,,,,,,,,,,,,,,,,
7524.T,,,,,,,,,,,,,,,,,,,,,,,,,,
GENTF,,,,,,,,,,,,,,,,,,,,,,,,,,
SXE.AX,,,,,,,,,,,,,,,,,,,,,,,,,,
ENR,2025.0,3.0,0.6242498132368857,Alkaline Batteries,0.76113387746808,10.0,2025.0,2.0,0.5135625045024553,UNITED STATES,0.5823483591289328,10.0,Non-US,0.0444651477936817,0.4176516408710671,0.0086803904380917,0.018364555377237,0.0227571873917562,0.0,0.0,Alkaline Batteries,0.0397890256315351,0.76113387746808,0.0124674417216303,0.0258706084332974,0.0227571873917562
GOLF,2025.0,1.0,1.0,Footjoy Golf Wear,1.0,10.0,2025.0,5.0,0.3993868065182073,UNITED STATES,0.5953304959882442,10.0,EMEA,0.1120002742278771,0.1394605917779523,0.0088585912822442,0.0576754968589455,0.0413655823085103,0.1076772461338242,0.0,Footjoy Golf Wear,-0.0080966304650514,1.0,0.0,,-0.0080966304650514
QNS.SI,,,,,,,,,,,,,,,,,,,,,,,,,,
LBTSF,,,,,,,,,,,,,,,,,,,,,,,,,,
8601.HK,,,,,,,,,,,,,,,,,,,,,,,,,,
CHRD,2025.0,3.0,0.6582323116929296,Oil Production,0.7835182585076331,9.0,,,,,,,,,,,,,,,Oil Production,-0.0068450574238884,0.7835182585076331,0.067285716412123,0.1505924038156911,-0.0921336146385682
4097.T,,,,,,,,,,,,,,,,,,,,,,,,,,
605268.SS,,,,,,,,,,,,,,,,,,,,,,,,,,
LIK.DE,,,,,,,,,,,,,,,,,,,,,,,,,,
3284.T,,,,,,,,,,,,,,,,,,,,,,,,,,
ZAG.VI,,,,,,,,,,,,,,,,,,,,,,,,,,
YYAPI.IS,,,,,,,,,,,,,,,,,,,,,,,,,,
6121.TWO,,,,,,,,,,,,,,,,,,,,,,,,,,
MEAL3.SA,,,,,,,,,,,,,,,,,,,,,,,,,,
AKBIF,,,,,,,,,,,,,,,,,,,,,,,,,,
VLTO,2025.0,2.0,0.5243738163535863,"Revenue from Contract with Customer, Measurement, Recurring",0.6103943303652554,2.0,2025.0,4.0,0.4005009211601132,All Other Countries,0.4444848264582954,2.0,All Other Countries,0.0723366944322665,0.4444848264582954,0.0052396887729497,0.0249047450017031,0.0596957442711341,0.0610576049427585,0.0610576049427585,"Revenue from Contract with Customer, Measurement, Recurring",0.0666878374087012,0.6103943303652554,0.0040011087207338,0.0088820791740179,0.0596957442711341
241560.KS,,,,,,,,,,,,,,,,,,,,,,,,,,
KLTR,2025.0,2.0,0.9062819355499512,Subscription,0.950711623740697,5.0,2025.0,3.0,0.4435667635150382,UNITED STATES,0.5319097172304732,5.0,EMEA,0.0414644131235744,0.3938646643148617,0.011159045934965,0.0761708485203903,0.0119574522848973,0.0,0.0,Subscription,0.0253994191351434,0.950711623740697,0.0124628841132412,0.1088396153305293,0.0119574522848973
8117.HK,,,,,,,,,,,,,,,,,,,,,,,,,,
FME.DE,,,,,,,,,,,,,,,,,,,,,,,,,,
5489.TWO,,,,,,,,,,,,,,,,,,,,,,,,,,
DPM.TO,,,,,,,,,,,,,,,,,,,,,,,,,,
6745.T,,,,,,,,,,,,,,,,,,,,,,,,,,
3892.T,,,,,,,,,,,,,,,,,,,,,,,,,,
KLIC,2024.0,4.0,0.3662618169460124,Ball Bonding Equipment Segment,0.5289131231671554,13.0,2024.0,8.0,0.4473957690285789,CHINA,0.6479736391146276,13.0,CHINA,0.2424081599794867,0.6479736391146276,0.1162410329521714,0.290573340385736,0.0195305625797654,0.877269178974737,0.6662343680509553,Ball Bonding Equipment Segment,0.244788061155271,0.5289131231671554,0.1158821700917476,0.2472185011893045,-0.0279386599500853
300812.SZ,,,,,,,,,,,,,,,,,,,,,,,,,,
SISE.IS,,,,,,,,,,,,,,,,,,,,,,,,,,
MTCH,2020.0,2.0,0.5121879050325038,Service,0.5780637721113444,10.0,2025.0,2.0,0.5073704172994292,Non-US,0.5607059193960078,15.0,Non-US,0.0368710367480096,0.5607059193960078,0.0187226367758345,0.0377959520055497,0.0022486810123547,0.0,0.0,,,,,,0.1346095685217903
RAIL3.SA,,,,,,,,,,,,,,,,,,,,,,,,,,
YKLTY,,,,,,,,,,,,,,,,,,,,,,,,,,
HCSG,2025.0,2.0,0.5052245429851436,Dietary Services,0.5511103853690399,15.0,,,,,,,,,,,,,,,Dietary Services,0.0654373186125849,0.5511103853690399,-0.0027779666523343,,0.070807838602471
GRNG.ST,,,,,,,,,,,,,,,,,,,,,,,,,,
ESGFF,,,,,,,,,,,,,,,,,,,,,,,,,,
036090.KQ,,,,,,,,,,,,,,,,,,,,,,,,,,
AHICF,,,,,,,,,,,,,,,,,,,,,,,,,,
ACGYF,,,,,,,,,,,,,,,,,,,,,,,,,,
WAY,2025.0,1.0,1.0,Subscription and Circulation,1.0,2.0,,,,,,,,,,,,,,,Subscription and Circulation,0.2192979966155357,1.0,0.0,,0.2192979966155357
603680.SS,,,,,,,,,,,,,,,,,,,,,,,,,,
ALSEA.MX,,,,,,,,,,,,,,,,,,,,,,,,,,
300171.SZ,,,,,,,,,,,,,,,,,,,,,,,,,,
SPWH,,,,,,,,,,,,,,,,,,,,,,,,,,
TCS.NS,,,,,,,,,,,,,,,,,,,,,,,,,,
6266.T,,,,,,,,,,,,,,,,,,,,,,,,,,
348030.KQ,,,,,,,,,,,,,,,,,,,,,,,,,,
600519.SS,,,,,,,,,,,,,,,,,,,,,,,,,,
004650.KQ,,,,,,,,,,,,,,,,,,,,,,,,,,
CSV,2025.0,5.0,0.2486772236392009,Funeral And Cemetery Services,0.3156699557549142,14.0,,,,,,,,,,,,,,,Other Revenue,0.1006576063130206,0.0621494100930285,0.0042687408662933,0.0518080207344105,0.025058785715494
0322.HK,,,,,,,,,,,,,,,,,,,,,,,,,,
DOCMF,,,,,,,,,,,,,,,,,,,,,,,,,,
ASUR,2025.0,2.0,0.8291851682130038,RecurringMember,0.90570011598039,8.0,,,,,,,,,,,,,,,RecurringMember,0.111967223139485,0.90570011598039,-0.0498812250106611,,0.1732085615066114
AMKR,2025.0,2.0,0.7154314851140728,Advanced Products,0.8282007656253051,15.0,2025.0,5.0,0.3253637402912719,UNITED STATES,0.4875463653748431,15.0,UNITED STATES,0.1040356436240195,0.4875463653748431,-0.1428673996520053,0.0832445784429538,0.4275550311727765,0.0,0.0,Advanced Products,0.0736494385210124,0.8282007656253051,0.00915814689682,0.0328041040403367,0.0617771489968173
900948.SS,,,,,,,,,,,,,,,,,,,,,,,,,,
POWL,2025.0,6.0,0.2474429750276651,Oil and Gas Service,0.368159352650233,9.0,2025.0,6.0,0.6568115138421363,UNITED STATES,0.7970729445685029,14.0,CANADA,0.4756808516630524,0.1423421514455075,0.0371212607706856,0.217937906594078,0.0908395860744639,0.0294752055114559,0.0,Electricity,0.4955373176732942,0.2526337522344107,0.0306697287133419,0.2604482621179985,0.3139791394487159
ASAI3.SA,,,,,,,,,,,,,,,,,,,,,,,,,,
RHI,2025.0,2.0,0.7230333770028581,Contract Talent Solutions,0.8339411452657924,14.0,2025.0,2.0,0.651861070795198,UNITED STATES,0.77555495894213,14.0,Non-US,-0.0541803027584537,0.2244450410578699,0.0042299107841924,0.0114294346109233,-0.0720053031167026,0.0,0.0,Permanent Placement Staffing,-0.097913810231443,0.1660588547342076,0.0819978295535477,0.1223897096450555,-0.5433529272821165
003960.KS,,,,,,,,,,,,,,,,,,,,,,,,,,
045510.KQ,,,,,,,,,,,,,,,,,,,,,,,,,,
LPA,,,,,,,2025.0,3.0,0.4893901801480233,PERU,0.5732918883093736,2.0,PERU,0.3103675472120151,0.5732918883093736,0.0166239895614856,0.0811550565841896,0.2723702601916085,1.0,0.0,,,,,,
SOM.MI,,,,,,,,,,,,,,,,,,,,,,,,,,
OIS,2025.0,2.0,0.5464052674256502,Product,0.6523241074578319,15.0,2025.0,3.0,0.592784669602945,UNITED STATES,0.7480250116604478,15.0,SINGAPORE,0.3938715076606154,0.0986237027751865,0.0326646081140772,0.2381232192975205,-0.0677849225679123,0.0,0.0,Product,0.0840410865326095,0.6523241074578319,0.0710766703090507,0.1410333801792392,-0.0340750922626439
AVT,2026.0,2.0,0.8794156446707477,Electronic Components,0.9355546146413488,14.0,2026.0,7.0,0.1958443457110973,Asia Pacific,0.3203722261989978,14.0,Americas,0.0948776861738072,0.1546361250298258,-0.0945188644259579,0.0873375923424128,0.7641042046377715,0.0,0.0,Electronic Components,0.1666019855595668,0.9355546146413488,0.0027808333296567,0.0257905050207201,0.1631343892983572
SIFG.AS,,,,,,,,,,,,,,,,,,,,,,,,,,
IMG.TO,,,,,,,,,,,,,,,,,,,,,,,,,,
5126.KL,,,,,,,,,,,,,,,,,,,,,,,,,,
AMFG.JK,,,,,,,,,,,,,,,,,,,,,,,,,,
TMT.BK,,,,,,,,,,,,,,,,,,,,,,,,,,
DVA,2025.0,1.0,1.0,U S Dialysis And Related Lab Services,1.0,16.0,,,,,,,,,,,,,,,U S Dialysis And Related Lab Services,0.0364888324644381,1.0,0.0,,0.0364888324644381
CTPCF,,,,,,,,,,,,,,,,,,,,,,,,,,
PRNR3.SA,,,,,,,,,,,,,,,,,,,,,,,,,,
9911.HK,,,,,,,,,,,,,,,,,,,,,,,,,,
LYV,2025.0,3.0,0.5095417320994716,Concerts,0.6330774709217788,15.0,2025.0,1.0,1.0,Europe,1.0,8.0,,,,,,1.092412399561908,0.0,0.0,Sponsorship and Advertising,0.4225715239674013,0.3274032263469465,0.2759115557570647,0.615167678465374,-0.776267982695282
LEGH,2025.0,4.0,0.3410930802829786,Commercial Sales,0.4815721115837819,7.0,,,,,,,,,,,,,,,Direct Sales,0.2482525120139798,0.1434200454265959,0.0445484942144583,0.2140458087203268,-0.1394741104691971
SJM,2026.0,4.0,0.3149161374533217,U.S. Retail Coffee,0.4599397112486117,16.0,2026.0,2.0,0.9264197499817346,UNITED STATES,0.9617465484341678,15.0,UNITED STATES,0.039111294371612,0.9617465484341678,0.0304604775743402,,0.006200517274483,0.0,0.0,U.S. Retail Coffee,0.3427991163685597,0.4599397112486117,0.13830690850741,0.1915280011201384,-0.0609894454567332
FSTA.L,,,,,,,,,,,,,,,,,,,,,,,,,,
DOHL4.SA,,,,,,,,,,,,,,,,,,,,,,,,,,
CAPLIPOINT.NS,,,,,,,,,,,,,,,,,,,,,,,,,,
072870.KQ,,,,,,,,,,,,,,,,,,,,,,,,,,
BDX,2025.0,3.0,0.3881771567108105,Medical,0.5245421245421246,15.0,2025.0,4.0,0.4130895405187081,UNITED STATES,0.5856495260772013,16.0,UNITED STATES,0.0966303695447141,0.5856495260772013,0.007643777241836,0.0292228444813663,0.0823173753593022,0.0,0.0,Medical,0.1371848322414135,0.5245421245421246,0.02693777778984,0.0585595761454639,0.0787848851568289
BMR.V,,,,,,,,,,,,,,,,,,,,,,,,,,
605166.SS,,,,,,,,,,,,,,,,,,,,,,,,,,
300577.SZ,,,,,,,,,,,,,,,,,,,,,,,,,,
PWASML.BO,,,,,,,,,,,,,,,,,,,,,,,,,,
2357.TW,,,,,,,,,,,,,,,,,,,,,,,,,,
1832.S,,,,,,,,,,,,,,,,,,,,,,,,,,
MCRAA,,,,,,,,,,,,,,,,,,,,,,,,,,
KC,2025.0,1.0,1.0,Enterprise Cloud Services,1.0,6.0,,,,,,,,,,,,,,,Enterprise Cloud Services,0.0530460148528841,1.0,5.471702120540822e-05,,0.0529883953117591
FTK,2025.0,3.0,0.8152925895945967,Product,0.8997943202029823,14.0,2025.0,3.0,0.9087265266869644,UNITED STATES,0.952331178191198,14.0,UNITED STATES,0.2706424855897651,0.952331178191198,0.0015224627788199,,0.2686111482422135,0.0419409766418558,0.0,Product,0.1829500748046766,0.8997943202029823,-0.0651568895283369,,0.2686111482422135
BMI,2025.0,1.0,1.0,Software as a Service,1.0,1.0,2025.0,7.0,0.814839083328125,UNITED STATES,0.9010312404885984,14.0,UNITED STATES,0.1083613350653254,0.9010312404885984,-0.0005292065701683,,0.1090123137154319,0.0149160596642386,0.0,,,,,,
OTOEL.AT,,,,,,,,,,,,,,,,,,,,,,,,,,
SMG,2025.0,2.0,0.5219130174154827,Other Segments,0.6046733428707678,14.0,2025.0,2.0,0.8500724803213344,UNITED STATES,0.9183733263016026,13.0,UNITED STATES,-0.0348851530266641,0.9183733263016026,0.0041953771361791,0.0256863182062481,-0.0392940580403636,0.0,0.0,Other Segments,0.0380679492427342,0.6046733428707678,0.5359087413001313,0.2377309546010074,-0.8819489402426324
1282.HK,,,,,,,,,,,,,,,,,,,,,,,,,,
RSDFIN.BO,,,,,,,,,,,,,,,,,,,,,,,,,,
015710.KQ,,,,,,,,,,,,,,,,,,,,,,,,,,
575.SI,,,,,,,,,,,,,,,,,,,,,,,,,,
1526.TW,,,,,,,,,,,,,,,,,,,,,,,,,,
SOCLF,,,,,,,,,,,,,,,,,,,,,,,,,,
002150.KS,,,,,,,,,,,,,,,,,,,,,,,,,,
088290.KQ,,,,,,,,,,,,,,,,,,,,,,,,,,
7510.T,,,,,,,,,,,,,,,,,,,,,,,,,,
SMT.BK,,,,,,,,,,,,,,,,,,,,,,,,,,
7022.T,,,,,,,,,,,,,,,,,,,,,,,,,,
1536.HK,,,,,,,,,,,,,,,,,,,,,,,,,,
EALT3.SA,,,,,,,,,,,,,,,,,,,,,,,,,,
6420.T,,,,,,,,,,,,,,,,,,,,,,,,,,
STEELCAS.BO,,,,,,,,,,,,,,,,,,,,,,,,,,
DXLG,2025.0,1.0,1.0,Retail Segment,1.0,1.0,2022.0,1.0,1.0,Wholesale Segment,1.0,5.0,Wholesale Segment,-0.9256844850065188,1.0,0.0,,-0.9256844850065188,0.0,0.0,,,,,,
GREAVESCOT.NS,,,,,,,,,,,,,,,,,,,,,,,,,,
APPF,2025.0,3.0,0.6256917495420069,Value Added Services,0.7588686420802211,11.0,,,,,,,,,,,,,,,,,,,,0.1972042377128235
BOBS,,,,,,,,,,,,,,,,,,,,,,,,,,
HNL.DE,,,,,,,,,,,,,,,,,,,,,,,,,,
MBUMY,,,,,,,,,,,,,,,,,,,,,,,,,,
ALLCARGO.NS,,,,,,,,,,,,,,,,,,,,,,,,,,
MYOH.JK,,,,,,,,,,,,,,,,,,,,,,,,,,
6328.T,,,,,,,,,,,,,,,,,,,,,,,,,,
JAKK,2021.0,2.0,0.7135507941283444,ToysConsumerProductsMember,0.8267650487187579,10.0,2025.0,7.0,0.5593421143284478,UNITED STATES,0.7300265827420703,14.0,Europe,0.1398896234872255,0.1426023050058615,0.0381720039525185,0.1532990700844743,-0.1652377810901463,0.067159536755854,0.0,HalloweenMember,0.2123830985915493,0.1732349512812421,0.0011961509586815,0.0050553399691654,0.2040118479002544
003100.KQ,,,,,,,,,,,,,,,,,,,,,,,,,,
PEY.TO,,,,,,,,,,,,,,,,,,,,,,,,,,
3356.TW,,,,,,,,,,,,,,,,,,,,,,,,,,
DQ7A.IR,,,,,,,,,,,,,,,,,,,,,,,,,,
ARHS,2025.0,1.0,1.0,Reportable Segment,1.0,5.0,,,,,,,,,,,,,,,Reportable Segment,0.0850557820860085,1.0,0.0,,0.0850557820860085
CCP.L,,,,,,,,,,,,,,,,,,,,,,,,,,
PGHH.NS,,,,,,,,,,,,,,,,,,,,,,,,,,
000688.SZ,,,,,,,,,,,,,,,,,,,,,,,,,,
FPE.F,,,,,,,,,,,,,,,,,,,,,,,,,,
097950.KS,,,,,,,,,,,,,,,,,,,,,,,,,,
ARSAN.IS,,,,,,,,,,,,,,,,,,,,,,,,,,
OR.PA,,,,,,,,,,,,,,,,,,,,,,,,,,
MUJ.F,,,,,,,,,,,,,,,,,,,,,,,,,,
NRC,,,,,,,2024.0,1.0,1.0,UNITED STATES,1.0,13.0,UNITED STATES,-0.0371517027863776,1.0,0.0,,-0.0371517027863776,0.0,0.0,,,,,,
RVP,2025.0,1.0,1.0,Other Products,1.0,4.0,2021.0,1.0,1.0,North and South America (excluding U.S),1.0,10.0,,,,,,1.539846743027701,1.0,0.0,Other Products,-0.0485256913547936,1.0,0.8047621480762353,,-0.8142361998194607
RZSMF,,,,,,,,,,,,,,,,,,,,,,,,,,
LSDAF,,,,,,,,,,,,,,,,,,,,,,,,,,
6574.T,,,,,,,,,,,,,,,,,,,,,,,,,,
BOSCHLTD.NS,,,,,,,,,,,,,,,,,,,,,,,,,,
NXG.V,,,,,,,,,,,,,,,,,,,,,,,,,,
VIAV,2026.0,2.0,0.7773979379602398,Product,0.87242310478825,16.0,2026.0,3.0,0.3560644399235169,Americas,0.449845221629454,16.0,Americas,0.6063029162746942,0.449845221629454,0.0577028256135912,0.1598401075861652,0.4002582311168496,0.0,0.0,Product,0.4524122807017543,0.87242310478825,0.0313274670496167,0.1641051536996873,0.4002582311168496
3878.T,,,,,,,,,,,,,,,,,,,,,,,,,,
027740.KS,,,,,,,,,,,,,,,,,,,,,,,,,,
ZAL.F,,,,,,,,,,,,,,,,,,,,,,,,,,
GT,2019.0,1.0,1.0,Other Products and Services,1.0,2.0,2025.0,2.0,0.7392602539047435,Americas Segment,0.8458758837391988,15.0,Americas Segment,-0.0240188525333091,0.8458758837391988,0.261438973049507,0.0826186729068991,-0.3256700921707808,0.0,0.0,Other Products and Services,0.4583333333333332,1.0,0.0,,0.4583333333333332
000401.SZ,,,,,,,,,,,,,,,,,,,,,,,,,,
B28.SI,,,,,,,,,,,,,,,,,,,,,,,,,,
065450.KQ,,,,,,,,,,,,,,,,,,,,,,,,,,
601899.SS,,,,,,,,,,,,,,,,,,,,,,,,,,
2313.HK,,,,,,,,,,,,,,,,,,,,,,,,,,
072710.KS,,,,,,,,,,,,,,,,,,,,,,,,,,
RE.L,,,,,,,,,,,,,,,,,,,,,,,,,,
NUVR,2025.0,5.0,0.6595428504222887,Data Service,0.8051247143815948,8.0,,,,,,,,,,,,,,,"Product and Service, Other",0.1788592525687999,0.0579218799062962,0.0067450652813251,0.1265344424597099,0.0415798232938122
APCOTEXIND.NS,,,,,,,,,,,,,,,,,,,,,,,,,,
2232.HK,,,,,,,,,,,,,,,,,,,,,,,,,,
CULTIBAB.MX,,,,,,,,,,,,,,,,,,,,,,,,,,
ALITL.PA,,,,,,,,,,,,,,,,,,,,,,,,,,
AEG.TO,,,,,,,,,,,,,,,,,,,,,,,,,,
000933.SZ,,,,,,,,,,,,,,,,,,,,,,,,,,
INDS.JK,,,,,,,,,,,,,,,,,,,,,,,,,,
TGG.NZ,,,,,,,,,,,,,,,,,,,,,,,,,,
9914.TW,,,,,,,,,,,,,,,,,,,,,,,,,,
GEGYF,,,,,,,,,,,,,,,,,,,,,,,,,,
YAR.OL,,,,,,,,,,,,,,,,,,,,,,,,,,
CLVLY,,,,,,,,,,,,,,,,,,,,,,,,,,
BF-B,2026.0,5.0,0.5712587263201996,Whiskey,0.7385437881873728,14.0,2026.0,6.0,0.3089253456307216,UNITED STATES,0.4198065173116089,13.0,MEXICO,0.1947565543071161,0.0812118126272912,0.0140420013065365,0.088791594070493,-0.0118238993710692,0.0812118126272912,0.0,Ready-to-Drink,0.1038696537678207,0.1379837067209776,0.0144616941423612,0.1563664919337267,-0.0118238993710692
VENTANAS.SN,,,,,,,,,,,,,,,,,,,,,,,,,,
300407.SZ,,,,,,,,,,,,,,,,,,,,,,,,,,
ILYDA.AT,,,,,,,,,,,,,,,,,,,,,,,,,,
DTNOY,,,,,,,,,,,,,,,,,,,,,,,,,,
CRC,2025.0,3.0,0.4977755808205635,"Natural Gas, Production",0.6050420168067226,6.0,,,,,,,,,,,,,,,"Natural Gas, Production",0.125,0.6050420168067226,0.0603611657428928,0.1281565656565656,0.0127659574468084
INCI.JK,,,,,,,,,,,,,,,,,,,,,,,,,,
3477.T,,,,,,,,,,,,,,,,,,,,,,,,,,
002448.SZ,,,,,,,,,,,,,,,,,,,,,,,,,,
004980.KS,,,,,,,,,,,,,,,,,,,,,,,,,,
3635.T,,,,,,,,,,,,,,,,,,,,,,,,,,
BAYU.JK,,,,,,,,,,,,,,,,,,,,,,,,,,
ELGIEQUIP.NS,,,,,,,,,,,,,,,,,,,,,,,,,,
002322.SZ,,,,,,,,,,,,,,,,,,,,,,,,,,
000557.SZ,,,,,,,,,,,,,,,,,,,,,,,,,,
002120.SZ,,,,,,,,,,,,,,,,,,,,,,,,,,
200581.SZ,,,,,,,,,,,,,,,,,,,,,,,,,,
ELIOR.PA,,,,,,,,,,,,,,,,,,,,,,,,,,
JAMNAAUTO.NS,,,,,,,,,,,,,,,,,,,,,,,,,,
BI.BO,,,,,,,,,,,,,,,,,,,,,,,,,,
RDBRL.BO,,,,,,,,,,,,,,,,,,,,,,,,,,
GNA.NS,,,,,,,,,,,,,,,,,,,,,,,,,,
8210.TW,,,,,,,,,,,,,,,,,,,,,,,,,,
OVZON.ST,,,,,,,,,,,,,,,,,,,,,,,,,,
ACME.BO,,,,,,,,,,,,,,,,,,,,,,,,,,
BA,2025.0,3.0,0.360968742101862,Commercial Airplanes,0.4628392321334954,15.0,2025.0,8.0,0.2683362719921603,UNITED STATES,0.3719982051123352,15.0,Middle East,0.5152103559870551,0.054334034783685,-0.016542943578575,0.0808750553054448,0.9765425491245509,0.2057389985764684,0.127390604691465,Global Services,0.04856169189135,0.2333827843526564,-0.0656296982271766,,0.3434282888525917
3290.TWO,,,,,,,,,,,,,,,,,,,,,,,,,,
TKG.JO,,,,,,,,,,,,,,,,,,,,,,,,,,
3443.T,,,,,,,,,,,,,,,,,,,,,,,,,,
JECC.JK,,,,,,,,,,,,,,,,,,,,,,,,,,
HLP,,,,,,,2025.0,1.0,1.0,CHINA,1.0,3.0,CHINA,0.3595111502041397,1.0,0.0,,0.3595111502041397,1.0,1.0,,,,,,
JASCH.BO,,,,,,,,,,,,,,,,,,,,,,,,,,
IPOOF,,,,,,,,,,,,,,,,,,,,,,,,,,
NNCSF,,,,,,,,,,,,,,,,,,,,,,,,,,
000990.KS,,,,,,,,,,,,,,,,,,,,,,,,,,
056700.KQ,,,,,,,,,,,,,,,,,,,,,,,,,,
G5EN.ST,,,,,,,,,,,,,,,,,,,,,,,,,,
ADW-A.TO,,,,,,,,,,,,,,,,,,,,,,,,,,
FMC,2025.0,4.0,0.3687630872494587,Insecticides,0.4662200219369756,15.0,2025.0,6.0,0.1951912367075346,Latin America,0.2453967677501362,15.0,EMEA,0.0439626257786296,0.1582531323769747,-0.0383508100643243,0.3560270831097695,0.2969548526883492,0.4481387325222444,0.0,Fungicides,0.0292198581560283,0.107550469866303,0.0238490879030603,0.1619193134262326,-0.1990074559528898
2518.HK,,,,,,,,,,,,,,,,,,,,,,,,,,
OBGRF,,,,,,,,,,,,,,,,,,,,,,,,,,
2109.TW,,,,,,,,,,,,,,,,,,,,,,,,,,
MPHASIS.NS,,,,,,,,,,,,,,,,,,,,,,,,,,
AIMFF,,,,,,,,,,,,,,,,,,,,,,,,,,
131180.KQ,,,,,,,,,,,,,,,,,,,,,,,,,,
FSPKF,,,,,,,,,,,,,,,,,,,,,,,,,,
7122.T,,,,,,,,,,,,,,,,,,,,,,,,,,
4126.TWO,,,,,,,,,,,,,,,,,,,,,,,,,,
2618.TW,,,,,,,,,,,,,,,,,,,,,,,,,,
603387.SS,,,,,,,,,,,,,,,,,,,,,,,,,,
UNI.AX,,,,,,,,,,,,,,,,,,,,,,,,,,
6583.TWO,,,,,,,,,,,,,,,,,,,,,,,,,,
PSG.MC,,,,,,,,,,,,,,,,,,,,,,,,,,
ZODJRDMKJ.BO,,,,,,,,,,,,,,,,,,,,,,,,,,
KNT.TO,,,,,,,,,,,,,,,,,,,,,,,,,,
INGERRAND.NS,,,,,,,,,,,,,,,,,,,,,,,,,,
000729.SZ,,,,,,,,,,,,,,,,,,,,,,,,,,
TTKOM.IS,,,,,,,,,,,,,,,,,,,,,,,,,,
067280.KQ,,,,,,,,,,,,,,,,,,,,,,,,,,
013520.KS,,,,,,,,,,,,,,,,,,,,,,,,,,
GLAND.NS,,,,,,,,,,,,,,,,,,,,,,,,,,
JITFINFRA.NS,,,,,,,,,,,,,,,,,,,,,,,,,,
ILM1.DE,,,,,,,,,,,,,,,,,,,,,,,,,,
6395.T,,,,,,,,,,,,,,,,,,,,,,,,,,
GHC,2025.0,2.0,0.5036223737238718,Service,0.5425580410960829,13.0,2025.0,1.0,1.0,Non-US,1.0,1.0,,,,,,,0.0,0.0,Product,0.0731590234955268,0.4574419589039171,0.0204492744335124,0.0426051357574263,0.0251850172744017
5969.T,,,,,,,,,,,,,,,,,,,,,,,,,,
PASAB.MX,,,,,,,,,,,,,,,,,,,,,,,,,,
BWEN,2025.0,3.0,0.4719188952573624,Heavy Fabrications,0.6371102335921804,13.0,,,,,,,,,,,,,,,Heavy Fabrications,0.2238648874263522,0.6371102335921804,0.0643006203531869,0.2012470882443739,0.1003458049493766
OEST.BA,,,,,,,,,,,,,,,,,,,,,,,,,,
IVDN,2025.0,1.0,1.0,Apparel,1.0,7.0,,,,,,,,,,,,,,,Apparel,-0.8539785279640324,1.0,0.0,,-0.8539785279640324
036580.KS,,,,,,,,,,,,,,,,,,,,,,,,,,
5210.T,,,,,,,,,,,,,,,,,,,,,,,,,,
PCOR,,,,,,,2025.0,2.0,0.7488206399475899,UNITED STATES,0.8527184712682268,5.0,UNITED STATES,0.148551385164416,0.8527184712682268,0.0001855375732277,0.0008473280722898,0.148301479194379,0.0,0.0,,,,,,
049550.KQ,,,,,,,,,,,,,,,,,,,,,,,,,,
URI,2025.0,7.0,0.5038225515309469,Owned Equipment Rentals,0.6862538045841357,14.0,2025.0,2.0,0.8383334689995305,UNITED STATES,0.91129883843717,14.0,UNITED STATES,0.048602673147023,0.91129883843717,-0.000463950744974,,0.0491365265558814,0.0,0.0,Ancillary and Other Rental Revenue,0.1225135623869801,0.1542331821852288,0.0100819928727492,0.0795961300576239,0.0491365265558814
BON,2025.0,3.0,0.3704035224150807,Fragrance Compounds,0.4328656089942929,1.0,2024.0,1.0,1.0,Overseas,1.0,2.0,Overseas,-0.4527118957691596,1.0,0.0,,-0.4527118957691596,0.0,0.0,,,,,,
AENA.MC,,,,,,,,,,,,,,,,,,,,,,,,,,
LYTS,2025.0,2.0,0.5089384268166736,Display Solutions Segment,0.5668521757935878,2.0,,,,,,,,,,,,,,,Display Solutions Segment,9.031481481481482,0.5668521757935878,-0.4331478242064122,,16.69682098765432
4107.TWO,,,,,,,,,,,,,,,,,,,,,,,,,,
NABL,2025.0,2.0,0.9799444135030118,Subscription Revenue,0.9898695813698845,5.0,2025.0,1.0,1.0,UNITED STATES,1.0,5.0,UNITED STATES,0.1307847172113989,1.0,0.0,,0.1307847172113989,0.0,0.0,Subscription Revenue,0.1030327195556921,0.9898695813698845,0.0052853193237917,,0.097143175865124
SHV.AX,,,,,,,,,,,,,,,,,,,,,,,,,,
ENKAI.IS,,,,,,,,,,,,,,,,,,,,,,,,,,
MET.V,,,,,,,,,,,,,,,,,,,,,,,,,,
SAGCEM.NS,,,,,,,,,,,,,,,,,,,,,,,,,,
CSH.F,,,,,,,,,,,,,,,,,,,,,,,,,,
035080.KQ,,,,,,,,,,,,,,,,,,,,,,,,,,
SJJ.DE,,,,,,,,,,,,,,,,,,,,,,,,,,
TDSA.LS,,,,,,,,,,,,,,,,,,,,,,,,,,
USYNF,,,,,,,,,,,,,,,,,,,,,,,,,,
PCO.WA,,,,,,,,,,,,,,,,,,,,,,,,,,
9319.T,,,,,,,,,,,,,,,,,,,,,,,,,,
TC.BK,,,,,,,,,,,,,,,,,,,,,,,,,,
GRSE.NS,,,,,,,,,,,,,,,,,,,,,,,,,,
HTCTF,,,,,,,,,,,,,,,,,,,,,,,,,,
ITR.V,,,,,,,,,,,,,,,,,,,,,,,,,,
4109.T,,,,,,,,,,,,,,,,,,,,,,,,,,
1763.HK,,,,,,,,,,,,,,,,,,,,,,,,,,
600179.SS,,,,,,,,,,,,,,,,,,,,,,,,,,
WAYS.ST,,,,,,,,,,,,,,,,,,,,,,,,,,
MMHTF,,,,,,,,,,,,,,,,,,,,,,,,,,
FRES.MX,,,,,,,,,,,,,,,,,,,,,,,,,,
XVG.SI,,,,,,,,,,,,,,,,,,,,,,,,,,
002641.SZ,,,,,,,,,,,,,,,,,,,,,,,,,,
BIMETAL.BO,,,,,,,,,,,,,,,,,,,,,,,,,,
NTOIF,,,,,,,,,,,,,,,,,,,,,,,,,,
3928.T,,,,,,,,,,,,,,,,,,,,,,,,,,
9872.T,,,,,,,,,,,,,,,,,,,,,,,,,,
CPRO.JK,,,,,,,,,,,,,,,,,,,,,,,,,,
PBMPOLY.BO,,,,,,,,,,,,,,,,,,,,,,,,,,
REC.MI,,,,,,,,,,,,,,,,,,,,,,,,,,
583.SI,,,,,,,,,,,,,,,,,,,,,,,,,,
JBFCF,,,,,,,,,,,,,,,,,,,,,,,,,,
OLED,2025.0,3.0,0.47436398399639,Material Sales,0.5425269477460418,6.0,2025.0,6.0,0.365922461531539,Non-US,0.4904338522894061,14.0,CHINA,0.0382193088358997,0.1865672927661001,-0.1676779873396305,0.0371101672101031,0.971322435014606,0.4869289799294169,0.1865672927661001,Royalty And License Fees,0.0311595832396371,0.422885564492454,0.0109254110843105,0.0326081891579871,0.0045191791058603
SHAK,2025.0,3.0,0.9277593164346368,Shack Sales,0.9625408045078344,8.0,2025.0,2.0,0.948520625104928,UNITED STATES,0.9735613081243696,11.0,UNITED STATES,0.1539648798218076,0.9735613081243696,0.0001075221035233,,0.1538374335785817,0.0,0.0,Shack Sales,0.1520461492214471,0.9625408045078344,-0.0014966277934124,,0.1538374335785817
6310.T,,,,,,,,,,,,,,,,,,,,,,,,,,
N0Z.SI,,,,,,,,,,,,,,,,,,,,,,,,,,
ROCK,2025.0,3.0,0.5705807276853749,Residential,0.7257404440859145,13.0,2025.0,2.0,0.9252946255167868,UNITED STATES,0.9611369783029694,15.0,,,,,,-0.1323867404665776,0.0,0.0,Agtech,0.4351126555025488,0.1931314899766711,0.0763717074643159,0.1816593965078054,-0.1323867404665776
9K0.F,,,,,,,,,,,,,,,,,,,,,,,,,,
TCANF,,,,,,,,,,,,,,,,,,,,,,,,,,
BEC.SI,,,,,,,,,,,,,,,,,,,,,,,,,,
DELTA.BK,,,,,,,,,,,,,,,,,,,,,,,,,,
IBG.MC,,,,,,,,,,,,,,,,,,,,,,,,,,
BKV,2025.0,5.0,0.92117114081781,"Natural Gas, NGL, And Oil",0.9595158098012824,2.0,2025.0,2.0,0.8600443110863318,TEXAS,0.9242901784665372,2.0,PENNSYLVANIA,0.658163640373447,0.0757098215334629,0.0082044868106203,0.0963496707723855,0.478472532380527,0.0,0.0,"Natural Gas, NGL, And Oil",0.5380974586150618,0.9595158098012824,0.3863912081114194,,-0.0812850769894949
WW,2024.0,2.0,0.9775382547847008,Subscription,0.988640079600876,14.0,2024.0,3.0,0.528732164373372,UNITED STATES,0.6896023900621054,12.0,,,,,,-0.1164969743162561,0.0,0.0,Subscription,-0.0556204459407722,0.988640079600876,0.0637296472591665,,-0.1164969743162561
HBH.DE,,,,,,,,,,,,,,,,,,,,,,,,,,
SIMO,2025.0,2.0,0.9811394199849796,Mobile Storage,0.9904790617268896,13.0,2025.0,7.0,0.3565678966985759,CHINA,0.5590468673606382,13.0,CHINA,0.4927969270104684,0.5590468673606382,0.1462994658234633,0.4762829801105507,0.1021402473019792,0.6687770359304763,0.6433137201101592,Mobile Storage,0.1014986846483709,0.9904790617268896,-0.0005768998039137,,0.1021402473019792
HLMN,2025.0,1.0,1.0,Engraving,1.0,5.0,2025.0,1.0,1.0,Canada Segment,1.0,1.0,,,,,,,0.0,0.0,Engraving,-0.1482620987859637,1.0,0.0,,-0.1482620987859637
FIEE,,,,,,,2025.0,3.0,0.361844764646986,Americas,0.428927680798005,3.0,CH,0.2416666666666667,0.371571072319202,0.031627729542998,0.0608475637206242,0.1359773371104815,0.0,0.0,,,,,,
1860.HK,,,,,,,,,,,,,,,,,,,,,,,,,,
SHAWGELTIN.BO,,,,,,,,,,,,,,,,,,,,,,,,,,
VIVA.JK,,,,,,,,,,,,,,,,,,,,,,,,,,
1476.TW,,,,,,,,,,,,,,,,,,,,,,,,,,
1376.T,,,,,,,,,,,,,,,,,,,,,,,,,,
6777.T,,,,,,,,,,,,,,,,,,,,,,,,,,
CTRN,,,,,,,,,,,,,,,,,,,,,,,,,,
2266.T,,,,,,,,,,,,,,,,,,,,,,,,,,
XNGIF,,,,,,,,,,,,,,,,,,,,,,,,,,
1921.T,,,,,,,,,,,,,,,,,,,,,,,,,,
6013.T,,,,,,,,,,,,,,,,,,,,,,,,,,
LRLCF,,,,,,,,,,,,,,,,,,,,,,,,,,
IBP,2025.0,9.0,0.3512415846380927,Product Installation,0.5,8.0,,,,,,,,,,,,,,,Product Installation,0.0006155183026177,0.5,0.0,0.0169395405621817,0.0006155183026177
COASTCORP.BO,,,,,,,,,,,,,,,,,,,,,,,,,,
MEDICO.BO,,,,,,,,,,,,,,,,,,,,,,,,,,
7EI.F,,,,,,,,,,,,,,,,,,,,,,,,,,
TRST.JK,,,,,,,,,,,,,,,,,,,,,,,,,,
071200.KQ,,,,,,,,,,,,,,,,,,,,,,,,,,
CCL.AX,,,,,,,,,,,,,,,,,,,,,,,,,,
YORUF,,,,,,,,,,,,,,,,,,,,,,,,,,
6175.TWO,,,,,,,,,,,,,,,,,,,,,,,,,,
N01.SI,,,,,,,,,,,,,,,,,,,,,,,,,,
044960.KQ,,,,,,,,,,,,,,,,,,,,,,,,,,
RPC,,,,,,,,,,,,,,,,,,,,,,,,,,
MXI.AX,,,,,,,,,,,,,,,,,,,,,,,,,,
4116.T,,,,,,,,,,,,,,,,,,,,,,,,,,
003002.SZ,,,,,,,,,,,,,,,,,,,,,,,,,,
KVHI,2025.0,2.0,0.7987299834263442,Service,0.88647767298147,14.0,2015.0,6.0,0.242339138261671,Americas,0.3706009659795719,4.0,Other Geographic Areas,1.6437312849889336,0.107189421731901,0.0344678296393446,0.619060064857591,0.793613073034027,0.0,0.0,Service,0.0203326213632499,0.88647767298147,0.0391817528212281,0.1476648724121508,-0.0247654355694556
9602.T,,,,,,,,,,,,,,,,,,,,,,,,,,
GDHG,,,,,,,,,,,,,,,,,,,,,,,,,,
PM,2025.0,2.0,0.5145750677249382,Combustible Products,0.5853670537295808,9.0,2025.0,4.0,0.3059795016365658,European Union,0.4209555205668175,16.0,European Union,0.1142150159536368,0.4209555205668175,0.0119263555648199,0.0206714715605674,0.0826474896790518,0.0,0.0,Reduced-Risk Products,0.1496589358799454,0.4146329462704192,0.0276008960037736,0.0624252987608875,0.0731295210940388
ALSN,2025.0,2.0,0.5853616712957372,Service Parts Support Equipment And Other,0.7065934065934066,8.0,2025.0,7.0,0.5442848807720269,UNITED STATES,0.7224669603524229,14.0,Other Countries,-0.025062656641604,0.1318197221280921,0.008098791895534,0.0717601148925822,-0.0849612403100775,0.0647238224330735,0.0467638088783463,Defense,0.259433962264151,0.2934065934065934,0.0511208791208791,0.1447999373915023,0.04
217270.KQ,,,,,,,,,,,,,,,,,,,,,,,,,,
DSGR,2025.0,1.0,1.0,Lawson Segment,1.0,7.0,2025.0,6.0,0.5690794470044942,UNITED STATES,0.7364207937223758,13.0,CANADA,0.5243714004775952,0.1478022160949876,0.0413746943153651,0.2669869834609417,0.0976497830066343,0.0594393882988651,0.0,Lawson Segment,0.2944025312913676,1.0,0.1102737873234817,,0.1516638618447667
GTES,2025.0,2.0,0.5305425029998246,Power Transmission Segment,0.623576905204461,8.0,2018.0,6.0,0.2488185950078158,UNITED STATES,0.3929043563808528,1.0,,,,,,,0.2682386940080548,0.1136594214037568,Power Transmission Segment,0.0185000711541198,0.623576905204461,0.0050392607000304,0.0107883787814288,0.0102693503902353
DANR.MI,,,,,,,,,,,,,,,,,,,,,,,,,,
DBOXF,,,,,,,,,,,,,,,,,,,,,,,,,,
7294.T,,,,,,,,,,,,,,,,,,,,,,,,,,
CMNP.JK,,,,,,,,,,,,,,,,,,,,,,,,,,
AARVI.NS,,,,,,,,,,,,,,,,,,,,,,,,,,
MLKN,2026.0,2.0,0.7486730233841132,Lifestyle,0.8526138279932547,15.0,2026.0,2.0,0.5935691931965237,UNITED STATES,0.7162974724731239,15.0,UNITED STATES,0.0549762306394725,0.7162974724731239,0.0055424110273079,0.0141108190408856,0.0468132646666121,0.0,0.0,,,,,,-0.5615980600898982
BGC.BK,,,,,,,,,,,,,,,,,,,,,,,,,,
RZT.F,,,,,,,,,,,,,,,,,,,,,,,,,,
YUGVF,,,,,,,,,,,,,,,,,,,,,,,,,,
ADES.JK,,,,,,,,,,,,,,,,,,,,,,,,,,
0691.HK,,,,,,,,,,,,,,,,,,,,,,,,,,
003490.KS,,,,,,,,,,,,,,,,,,,,,,,,,,
2032.TW,,,,,,,,,,,,,,,,,,,,,,,,,,
B8O.F,,,,,,,,,,,,,,,,,,,,,,,,,,
WEST,2025.0,2.0,0.9936630935209748,Coffee & tea,0.9968214435393136,4.0,2025.0,2.0,0.6767131429255411,UNITED STATES,0.7972483329856882,4.0,UNITED STATES,0.4080655272094191,0.7972483329856882,0.0059406734102197,0.0251378666800728,0.3975733667479306,0.0,0.0,Coffee & tea,0.383602230126727,0.9968214435393136,0.0050207243186691,,0.3766333939232267
NATL,2025.0,2.0,0.5850757565047711,Recurring Revenue,0.706247129076711,3.0,2025.0,4.0,0.3285582199505457,UNITED STATES,0.4487827285254938,3.0,Americas (Excluding United States),0.0464216634429399,0.1242535599448782,0.0044944679828676,0.0437877607479293,0.0085707667361594,0.0,0.0,All Other Products And Services,0.0829805249788315,0.2937528709232889,0.0201832623988506,,0.0085707667361594
002995.KS,,,,,,,,,,,,,,,,,,,,,,,,,,
BAR.BR,,,,,,,,,,,,,,,,,,,,,,,,,,
7314.T,,,,,,,,,,,,,,,,,,,,,,,,,,
480S.MC,,,,,,,,,,,,,,,,,,,,,,,,,,
MMP.NS,,,,,,,,,,,,,,,,,,,,,,,,,,
5LY.SI,,,,,,,,,,,,,,,,,,,,,,,,,,
DPABHUSHAN.NS,,,,,,,,,,,,,,,,,,,,,,,,,,
INDIANCARD.NS,,,,,,,,,,,,,,,,,,,,,,,,,,
2221.TWO,,,,,,,,,,,,,,,,,,,,,,,,,,
CE,2025.0,2.0,0.5072419649403015,Engineered Materials,0.5601745998752858,15.0,2025.0,13.0,0.1890816803665416,UNITED STATES,0.2690695725062866,15.0,UNITED STATES,-0.0655021834061135,0.2690695725062866,0.0017543974090103,0.2364268147334894,-0.0715953307392995,0.2553436714165968,0.1877619446772841,Engineered Materials,-0.0387016229712858,0.5601745998752858,0.0194802893641962,0.0363913678131183,-0.0721311475409836
8282.HK,,,,,,,,,,,,,,,,,,,,,,,,,,
MIO.IR,,,,,,,,,,,,,,,,,,,,,,,,,,
KOG.OL,,,,,,,,,,,,,,,,,,,,,,,,,,
TEL.OL,,,,,,,,,,,,,,,,,,,,,,,,,,
AIAENG.NS,,,,,,,,,,,,,,,,,,,,,,,,,,
SJ,2025.0,1.0,1.0,Technology Service,1.0,3.0,,,,,,,,,,,,,,,Technology Service,0.8053050652340752,1.0,0.0,,0.8053050652340752
LPX,2025.0,2.0,0.5577811201457146,Siding,0.6699722332407775,15.0,2025.0,3.0,0.5867210334672253,UNITED STATES,0.7361405634656165,15.0,CANADA,-0.0088888888888888,0.2026658588306573,0.0098087159735145,0.0259361860281878,-0.0568571428571428,0.0611935777037261,0.0,OSB,-0.2972972972972972,0.3300277667592225,0.0429974637289194,,-0.3888484848484849
WRKS.L,,,,,,,,,,,,,,,,,,,,,,,,,,
THG.BK,,,,,,,,,,,,,,,,,,,,,,,,,,
SIMH3.SA,,,,,,,,,,,,,,,,,,,,,,,,,,
SINCH.ST,,,,,,,,,,,,,,,,,,,,,,,,,,
300726.SZ,,,,,,,,,,,,,,,,,,,,,,,,,,
000950.KS,,,,,,,,,,,,,,,,,,,,,,,,,,
300866.SZ,,,,,,,,,,,,,,,,,,,,,,,,,,
KELYA,2025.0,2.0,0.5052059790823323,"Science, Engineering & Technology",0.5510195015770067,14.0,2025.0,5.0,0.4510434801487825,Americas,0.4934097626084469,14.0,UNITED STATES,-0.0177977249864582,0.4537968347792926,0.0034082382574928,0.0021894186460652,-0.0251745489608382,0.0,0.0,,,,,,-0.4803315019160625
ZUARI.BO,,,,,,,,,,,,,,,,,,,,,,,,,,
004170.KS,,,,,,,,,,,,,,,,,,,,,,,,,,
002073.SZ,,,,,,,,,,,,,,,,,,,,,,,,,,
CYBERTECH.NS,,,,,,,,,,,,,,,,,,,,,,,,,,
PTCAY,,,,,,,,,,,,,,,,,,,,,,,,,,
REGN,2025.0,3.0,0.457152637316668,Collaboration Revenue,0.511137914926549,14.0,2025.0,2.0,0.8140494273828396,UNITED STATES,0.8962634397612526,1.0,,,,,,,0.0,0.0,Collaboration Revenue,0.2102083264551486,0.511137914926549,0.0845923579627411,0.1916204427850639,0.0099211378679058
000928.SZ,,,,,,,,,,,,,,,,,,,,,,,,,,
3087.T,,,,,,,,,,,,,,,,,,,,,,,,,,
EPG.BK,,,,,,,,,,,,,,,,,,,,,,,,,,
COLOR.BK,,,,,,,,,,,,,,,,,,,,,,,,,,
5357.T,,,,,,,,,,,,,,,,,,,,,,,,,,
FRCOF,,,,,,,,,,,,,,,,,,,,,,,,,,
LUN.TO,,,,,,,,,,,,,,,,,,,,,,,,,,
ELN.MI,,,,,,,,,,,,,,,,,,,,,,,,,,
6186.T,,,,,,,,,,,,,,,,,,,,,,,,,,
5444.T,,,,,,,,,,,,,,,,,,,,,,,,,,
5PO.SI,,,,,,,,,,,,,,,,,,,,,,,,,,
LACTOSE.BO,,,,,,,,,,,,,,,,,,,,,,,,,,
HABITAT.SN,,,,,,,,,,,,,,,,,,,,,,,,,,
SAGARDEEP.NS,,,,,,,,,,,,,,,,,,,,,,,,,,
PRISMX.BO,,,,,,,,,,,,,,,,,,,,,,,,,,
SAPGF,2025.0,2.0,0.7178521770376041,Cloud,0.8300395256916996,2.0,2025.0,3.0,0.3878807483566943,EMEA,0.4613989796545577,3.0,APJ,-0.0025036511579387,0.1469358903435982,0.0066912742387293,0.0304860352797594,-0.0479283707865169,0.0,0.0,Cloud,0.2280701754385965,0.8300395256916996,0.0309741051309518,0.1140350877192982,0.1822429906542055
3393.HK,,,,,,,,,,,,,,,,,,,,,,,,,,
WHGLY,,,,,,,,,,,,,,,,,,,,,,,,,,
3607.TW,,,,,,,,,,,,,,,,,,,,,,,,,,
FPE.DE,,,,,,,,,,,,,,,,,,,,,,,,,,
0241.HK,,,,,,,,,,,,,,,,,,,,,,,,,,
GYLD-A.CO,,,,,,,,,,,,,,,,,,,,,,,,,,
ACAD,2018.0,1.0,1.0,Product,1.0,1.0,,,,,,,,,,,,,,,,,,,,
CONFIPET.NS,,,,,,,,,,,,,,,,,,,,,,,,,,
AMRC,2024.0,4.0,0.5941785133139429,Project Revenue,0.7563511058076938,13.0,2024.0,3.0,0.690003423812341,UNITED STATES,0.8174790160955699,13.0,Europe,0.6768768688416025,0.14163174999209,0.0328819964215006,0.2157365343110553,0.2875640261800787,0.0,0.0,Project Revenue,0.3369529719953221,0.7563511058076938,0.0028673712623213,0.0796219478539113,0.3318845051132899
CIE.MC,,,,,,,,,,,,,,,,,,,,,,,,,,
097780.KQ,,,,,,,,,,,,,,,,,,,,,,,,,,
PKT.V,,,,,,,,,,,,,,,,,,,,,,,,,,
8373.HK,,,,,,,,,,,,,,,,,,,,,,,,,,
VGNT,,,,,,,,,,,,,,,,,,,,,,,,,,
TAP,,,,,,,2025.0,2.0,0.6569374164933528,Americas Segment,0.7801226664278998,15.0,Europe,0.0184977810957653,0.2198773335721001,0.0129390520069528,0.0377872338737847,-0.0414374361659214,0.0,0.0,,,,,,
TATGD.IS,,,,,,,,,,,,,,,,,,,,,,,,,,
101240.KQ,,,,,,,,,,,,,,,,,,,,,,,,,,
5949.T,,,,,,,,,,,,,,,,,,,,,,,,,,
2207.T,,,,,,,,,,,,,,,,,,,,,,,,,,
6509.TWO,,,,,,,,,,,,,,,,,,,,,,,,,,
LSX.DE,,,,,,,,,,,,,,,,,,,,,,,,,,
CALY,,,,,,,,,,,,,,,,,,,,,,,,,,
RRETY,,,,,,,,,,,,,,,,,,,,,,,,,,
002282.SZ,,,,,,,,,,,,,,,,,,,,,,,,,,
EXPN.L,,,,,,,,,,,,,,,,,,,,,,,,,,
DYNAMIND.BO,,,,,,,,,,,,,,,,,,,,,,,,,,
9766.T,,,,,,,,,,,,,,,,,,,,,,,,,,
RICOF,,,,,,,,,,,,,,,,,,,,,,,,,,
6730.TWO,,,,,,,,,,,,,,,,,,,,,,,,,,
075580.KS,,,,,,,,,,,,,,,,,,,,,,,,,,
3569.T,,,,,,,,,,,,,,,,,,,,,,,,,,
2168.T,,,,,,,,,,,,,,,,,,,,,,,,,,
MGY,2025.0,2.0,0.7156085911937515,Oil and Condensate,0.8283356447248391,7.0,,,,,,,,,,,,,,,Natural Gas,1.1074249255070503,0.1716643552751608,0.0922617067904403,0.6151680244130662,-0.0252191825160604
HRL,2025.0,3.0,0.4886828471979281,Retail Segment,0.6158202614057853,15.0,2025.0,2.0,0.8955693199774546,UNITED STATES,0.9447298730563614,15.0,Non-US,0.0507051454180857,0.0552701269436386,0.0018492860384541,0.0185698140046214,0.0155495475680023,0.0,0.0,Foodservice Segment,0.0251427914565951,0.3256024474814844,0.0030469738369391,0.0067022339686753,0.0155495488724075
9948.T,,,,,,,,,,,,,,,,,,,,,,,,,,
CKOCF,,,,,,,,,,,,,,,,,,,,,,,,,,
WTWGF,,,,,,,,,,,,,,,,,,,,,,,,,,
3913.T,,,,,,,,,,,,,,,,,,,,,,,,,,
TTR1.DE,,,,,,,,,,,,,,,,,,,,,,,,,,
002249.SZ,,,,,,,,,,,,,,,,,,,,,,,,,,
6721.TWO,,,,,,,,,,,,,,,,,,,,,,,,,,
AMR,2025.0,3.0,0.4792366296122635,Coal,0.5,8.0,2025.0,2.0,0.6091128169314315,Non-US,0.7335731330134434,8.0,UNITED STATES,-0.1119390328547963,0.2664268669865566,0.0503111612817375,0.1069663427486175,-0.2796375050524693,0.0,0.0,Coal,-0.2796375050524693,0.5,0.0,0.0035274549072056,-0.2796375050524693
BPPPF,,,,,,,,,,,,,,,,,,,,,,,,,,
MCD,2025.0,3.0,0.4274049040110466,High-Growth Markets,0.507085735540264,11.0,2025.0,3.0,0.4274049040110466,International Operated Markets,0.507085735540264,16.0,International Operated Markets,0.0795850490972442,0.507085735540264,0.0198943775155726,0.0692026796333046,0.037229938271605,0.0,0.0,High-Growth Markets,0.0795850490972442,0.507085735540264,0.0198943775155726,0.0692026796333046,0.037229938271605
688208.SS,,,,,,,,,,,,,,,,,,,,,,,,,,
PRKS,2025.0,2.0,0.5019644591331169,Admission,0.5313405418995657,2.0,,,,,,,,,,,,,,,Food Merchandise And Other Revenue,-0.0082706269282856,0.4686594581004343,0.0132768900731741,0.0257935201499751,-0.0363658283395187
ACSYF,,,,,,,,,,,,,,,,,,,,,,,,,,
TCELL.IS,,,,,,,,,,,,,,,,,,,,,,,,,,
SPACK.BK,,,,,,,,,,,,,,,,,,,,,,,,,,
5GI.SI,,,,,,,,,,,,,,,,,,,,,,,,,,
2605.TW,,,,,,,,,,,,,,,,,,,,,,,,,,
KOSCF,,,,,,,,,,,,,,,,,,,,,,,,,,
HOCPF,,,,,,,,,,,,,,,,,,,,,,,,,,
000596.SZ,,,,,,,,,,,,,,,,,,,,,,,,,,
POWW,2022.0,3.0,0.527374798309908,Ammunition Sales,0.6719922813566515,1.0,,,,,,,,,,,,,,,,,,,,
VODAF,,,,,,,,,,,,,,,,,,,,,,,,,,
E4C.DE,,,,,,,,,,,,,,,,,,,,,,,,,,
CGRA3.SA,,,,,,,,,,,,,,,,,,,,,,,,,,
9706.T,,,,,,,,,,,,,,,,,,,,,,,,,,
REPX,2025.0,1.0,1.0,Oil and Gas,1.0,9.0,,,,,,,,,,,,,,,Oil and Gas,-0.0434869607443613,1.0,0.4994711359949971,,-0.5212376150554024
900917.SS,,,,,,,,,,,,,,,,,,,,,,,,,,
CAH,2026.0,3.0,0.8556762619901815,Pharmaceutical Member,0.9232889315258076,15.0,2026.0,2.0,0.9866828350658224,UNITED STATES,0.9932964803573112,13.0,UNITED STATES,0.1431991058540316,0.9932964803573112,0.0007921464341452,,0.1422874132092588,0.0,0.0,Pharmaceutical Member,0.1475195950040069,0.9232889315258076,0.0042097891485721,0.0704755303288473,0.1422874132092588
AUGO,,,,,,,,,,,,,,,,,,,,,,,,,,
BLISSGVS.NS,,,,,,,,,,,,,,,,,,,,,,,,,,
MCON.L,,,,,,,,,,,,,,,,,,,,,,,,,,
ONTO,2025.0,3.0,0.7236390978632249,Systems And Software Revenue,0.8433962057690375,14.0,2025.0,7.0,0.213421444527246,TAIWAN,0.3171010969268739,14.0,JAPAN,0.6742048106107126,0.0949283918735694,0.0371974208925004,0.2936502435735545,0.0181724079605316,0.6653423034569063,0.0702880738672367,Service Revenue,0.2145155405181278,0.072844618771406,0.0117763339886454,0.0888768404192831,0.0181724079605316
6072.T,,,,,,,,,,,,,,,,,,,,,,,,,,
0573.HK,,,,,,,,,,,,,,,,,,,,,,,,,,
GPOVF,,,,,,,,,,,,,,,,,,,,,,,,,,
002780.KS,,,,,,,,,,,,,,,,,,,,,,,,,,
1320.SR,,,,,,,,,,,,,,,,,,,,,,,,,,
9307.T,,,,,,,,,,,,,,,,,,,,,,,,,,
112040.KQ,,,,,,,,,,,,,,,,,,,,,,,,,,
ROCK.JK,,,,,,,,,,,,,,,,,,,,,,,,,,
SAMBANDAM.BO,,,,,,,,,,,,,,,,,,,,,,,,,,
6510.TWO,,,,,,,,,,,,,,,,,,,,,,,,,,
603659.SS,,,,,,,,,,,,,,,,,,,,,,,,,,
4395.T,,,,,,,,,,,,,,,,,,,,,,,,,,
SFLEX.BK,,,,,,,,,,,,,,,,,,,,,,,,,,
MLXEF,,,,,,,,,,,,,,,,,,,,,,,,,,
ZHUZF,,,,,,,,,,,,,,,,,,,,,,,,,,
688069.SS,,,,,,,,,,,,,,,,,,,,,,,,,,
CPSH,,,,,,,,,,,,,,,,,,,,,,,,,,
RBN.L,,,,,,,,,,,,,,,,,,,,,,,,,,
LINC,2024.0,2.0,0.9682613755853742,Campus Operations,0.9838705279232112,10.0,,,,,,,,,,,,,,,Campus Operations,0.1496646326891519,0.9838705279232112,-0.0122465932448264,,0.1639749252783875
DBD,2025.0,2.0,0.509774339545885,Service,0.5699082954515595,14.0,2025.0,7.0,0.1837528169952474,EMEA,0.280343819180628,14.0,EMEA,0.1313003198411824,0.280343819180628,-0.2030877075715246,0.1014564942807659,0.9508410866145932,0.0,0.0,Product,0.0225526332229648,0.4300917045484405,0.0033635448086308,0.0069747913138633,0.0145557303191063
DAKT,2024.0,3.0,0.4340006723086871,Unique Configuration,0.5165991714777107,12.0,2024.0,2.0,0.8361267727875542,UNITED STATES,0.9099553468291116,11.0,UNITED STATES,0.1256698804800156,0.9099553468291116,0.0331116616332207,0.1662973234276397,0.0847087494497451,0.0,0.0,,,,,,0.6226428941204005
688113.SS,,,,,,,,,,,,,,,,,,,,,,,,,,
IPO.TO,,,,,,,,,,,,,,,,,,,,,,,,,,
SAH,2025.0,6.0,0.2623911677821591,New Vehicle,0.3220080176568623,12.0,,,,,,,,,,,,,,,"Parts, Service and Collision Repair",0.0934741402653669,0.0909463537678482,0.0018802813573484,0.0293486595639804,0.0708669773005721
TELLUS.ST,,,,,,,,,,,,,,,,,,,,,,,,,,
9264.T,,,,,,,,,,,,,,,,,,,,,,,,,,
4QU.F,,,,,,,,,,,,,,,,,,,,,,,,,,
002700.KS,,,,,,,,,,,,,,,,,,,,,,,,,,
8AZ.SI,,,,,,,,,,,,,,,,,,,,,,,,,,
HAS,2025.0,3.0,0.8212779229493145,Consumer Products,0.9032162442567068,6.0,2025.0,2.0,0.5187704842897175,U.S. and Canada,0.5968774594261161,15.0,International,0.2340952008855896,0.4031225405738838,0.0317768749953564,0.0773714715097999,0.1368153790351831,0.0,0.0,Consumer Products,-0.0417862337356028,0.9032162442567068,0.3111572222165363,,-0.37189005515861
MOMENT.ST,,,,,,,,,,,,,,,,,,,,,,,,,,
3773.HK,,,,,,,,,,,,,,,,,,,,,,,,,,
BRSL,,,,,,,,,,,,,,,,,,,,,,,,,,
603565.SS,,,,,,,,,,,,,,,,,,,,,,,,,,
0893.HK,,,,,,,,,,,,,,,,,,,,,,,,,,
SXT,2025.0,3.0,0.3898668318401508,Food & Pharmaceutical Colors,0.4306865739629809,15.0,2025.0,4.0,0.403339105625213,North America,0.5801604231966657,15.0,Europe,0.0722672016512768,0.1952768760960008,0.0067425060487116,0.0261505070620312,0.0352440361976538,0.0,0.0,Food & Pharmaceutical Colors,0.1004487250099244,0.4306865739629809,0.0969402841549362,0.0322024654518837,-0.14724372362807
EMAN.L,,,,,,,,,,,,,,,,,,,,,,,,,,
CAMANCHACA.SN,,,,,,,,,,,,,,,,,,,,,,,,,,
LILA,2025.0,11.0,0.1644900838433315,Residential Services,0.2801592332935561,9.0,2025.0,9.0,0.1542839999311533,PUERTO RICO,0.2541983701769393,9.0,Other Caribbean Operations,0.3298787210584344,0.1357660618612399,0.0340137227914829,0.1253508249082376,-0.0032982566357782,0.0850029264778713,0.0,Mobile Residential,0.0269315937518701,0.1599697941527446,0.003252886284541,0.0188708449510148,0.0060495784053498
SFR.AX,,,,,,,,,,,,,,,,,,,,,,,,,,
LKSGF,,,,,,,,,,,,,,,,,,,,,,,,,,
EMPYF,,,,,,,,,,,,,,,,,,,,,,,,,,
PALM.JK,,,,,,,,,,,,,,,,,,,,,,,,,,
AXL.V,,,,,,,,,,,,,,,,,,,,,,,,,,
TOYOF,2026.0,3.0,0.7747879038048943,Automotive,0.874658202607815,8.0,2025.0,5.0,0.2665916911206415,JAPAN,0.3584502298202317,7.0,Europe,0.1111846602569202,0.1035299808408118,0.0051718627538531,0.0318300435165374,0.0556751884076767,0.0,0.0,,,,,,0.1909992544074013
PSMMY,,,,,,,,,,,,,,,,,,,,,,,,,,
BOX,,,,,,,,,,,,,,,,,,,,,,,,,,
RMGGY,,,,,,,,,,,,,,,,,,,,,,,,,,
8077.T,,,,,,,,,,,,,,,,,,,,,,,,,,
600599.SS,,,,,,,,,,,,,,,,,,,,,,,,,,
IPXHF,,,,,,,,,,,,,,,,,,,,,,,,,,
TSEC.ST,,,,,,,,,,,,,,,,,,,,,,,,,,
SXL.AX,,,,,,,,,,,,,,,,,,,,,,,,,,
TRB.L,,,,,,,,,,,,,,,,,,,,,,,,,,
3498.T,,,,,,,,,,,,,,,,,,,,,,,,,,
LGIH,2025.0,2.0,0.7663747069915596,Retail,0.864948425802578,9.0,,,,,,,,,,,,,,,Wholesale,0.4037896610148832,0.135051574197422,0.0605586344962146,0.3400703205688587,-0.2256853043542217
1558.TW,,,,,,,,,,,,,,,,,,,,,,,,,,
108230.KQ,,,,,,,,,,,,,,,,,,,,,,,,,,
TC2A.F,,,,,,,,,,,,,,,,,,,,,,,,,,
PLPC,2025.0,1.0,1.0,Plp Usa,1.0,1.0,2025.0,3.0,0.3347623779608816,EMEA Segment,0.3568096895390498,14.0,Americas Segment,0.2045477606185441,0.3042409673136952,0.0271828647824624,0.0708415107235864,0.0969256373061655,0.0,0.0,,,,,,
BRTHF,,,,,,,,,,,,,,,,,,,,,,,,,,
IHEVA.IS,,,,,,,,,,,,,,,,,,,,,,,,,,
C41.SI,,,,,,,,,,,,,,,,,,,,,,,,,,
BSS.MI,,,,,,,,,,,,,,,,,,,,,,,,,,
PTSN.JK,,,,,,,,,,,,,,,,,,,,,,,,,,
91N0.F,,,,,,,,,,,,,,,,,,,,,,,,,,
7419.T,,,,,,,,,,,,,,,,,,,,,,,,,,
NHNKY,,,,,,,,,,,,,,,,,,,,,,,,,,
7287.T,,,,,,,,,,,,,,,,,,,,,,,,,,
SMN.AX,,,,,,,,,,,,,,,,,,,,,,,,,,
7059.T,,,,,,,,,,,,,,,,,,,,,,,,,,
NRBBEARING.NS,,,,,,,,,,,,,,,,,,,,,,,,,,
AMC.BK,,,,,,,,,,,,,,,,,,,,,,,,,,
INISS-B.ST,,,,,,,,,,,,,,,,,,,,,,,,,,
9049.T,,,,,,,,,,,,,,,,,,,,,,,,,,
PTBA.JK,,,,,,,,,,,,,,,,,,,,,,,,,,
2475.T,,,,,,,,,,,,,,,,,,,,,,,,,,
ALLT,2025.0,2.0,0.5767849024969537,Service,0.6959399174453149,4.0,2025.0,4.0,0.2939582771064737,Europe,0.4315394193719177,10.0,Americas,0.3480194873967379,0.1871893169139058,0.0335692724429475,0.2104426817908428,0.1062747437496609,0.1926700852019256,0.0,Service,0.1425145266953176,0.6959399174453149,0.0220747403749749,0.0555595115849875,0.1062747437496609
SNDK,2026.0,3.0,0.4464426619596966,Edge,0.600553141050968,2.0,2026.0,6.0,0.2071600039791063,HONG KONG,0.2531608060055314,5.0,Rest of Asia,3.1326164874551967,0.2277755827736072,0.0760420681576997,1.0551489871691375,1.7529571719918424,0.475553141050968,0.475553141050968,Consumer,0.2940917107583773,0.144952587909917,-0.163409070825637,,1.7529571719918424
8103.T,,,,,,,,,,,,,,,,,,,,,,,,,,
VEEE,,,,,,,,,,,,,,,,,,,,,,,,,,
ZENIFIB.BO,,,,,,,,,,,,,,,,,,,,,,,,,,
HARLETH.BO,,,,,,,,,,,,,,,,,,,,,,,,,,
VIRC,,,,,,,,,,,,,,,,,,,,,,,,,,
GE,2025.0,2.0,0.917090880676968,Operating Segments,0.9566677570602988,14.0,2025.0,6.0,0.2445268653272012,Non-US,0.3762582295010609,10.0,"Asia, Excluding China Region",2.003609106052193,0.1471652429403123,0.0540975220917992,0.7331347189077153,0.8994909955300623,0.2093965939387344,0.1471652429403123,,,,,,0.1848224897938091
ITD.BK,,,,,,,,,,,,,,,,,,,,,,,,,,
002035.SZ,,,,,,,,,,,,,,,,,,,,,,,,,,
3556.TWO,,,,,,,,,,,,,,,,,,,,,,,,,,
300363.SZ,,,,,,,,,,,,,,,,,,,,,,,,,,
WMMVF,,,,,,,,,,,,,,,,,,,,,,,,,,
YETI,2025.0,3.0,0.4985280402807219,Drinkware,0.5811300437678687,7.0,2025.0,1.0,1.0,UNITED STATES,1.0,8.0,UNITED STATES,-0.0109542774484255,1.0,0.1854800852299586,,-0.1944025623636176,0.0,0.0,Coolers And Equipment,0.0714522921360538,0.4006023032452874,0.01882389567274,0.039531330843632,0.0211058363066727
CPALL.BK,,,,,,,,,,,,,,,,,,,,,,,,,,
CHRW,2025.0,2.0,0.8414730443879059,Transportation Customer’s Freight,0.9132027616001048,10.0,2025.0,2.0,0.7939411601951172,UNITED STATES,0.8833674217999733,13.0,UNITED STATES,-0.0358261066487918,0.8833674217999733,0.0443068904226316,0.1502424655011151,-0.0841859917734069,0.0,0.0,Sourcing,0.0275289506866558,0.0867972383998953,0.009436764275164,0.0605409476437092,-0.0841859917734069
6546.TWO,,,,,,,,,,,,,,,,,,,,,,,,,,
032640.KS,,,,,,,,,,,,,,,,,,,,,,,,,,
3138.T,,,,,,,,,,,,,,,,,,,,,,,,,,
PEYUF,,,,,,,,,,,,,,,,,,,,,,,,,,
BALL,2025.0,3.0,0.3886133558441212,Metal Beverage Packaging Americas and Asia,0.5056713056069504,15.0,2025.0,3.0,0.4070656372432935,UNITED STATES,0.4682774865131829,15.0,UNITED STATES,0.1250456370938297,0.4682774865131829,0.0038434042749463,0.0333218238937876,0.1158117846545145,0.0,0.0,Metal Beverage Packaging Europe,0.1491633006347374,0.320408655779905,0.0063455894515252,0.0173885829224451,0.1264044943820224
CEATLTD.NS,,,,,,,,,,,,,,,,,,,,,,,,,,
SFC.AX,,,,,,,,,,,,,,,,,,,,,,,,,,
5976.T,,,,,,,,,,,,,,,,,,,,,,,,,,
ZBINTXPP.BO,,,,,,,,,,,,,,,,,,,,,,,,,,
CIR.MI,,,,,,,,,,,,,,,,,,,,,,,,,,
VNT.MI,,,,,,,,,,,,,,,,,,,,,,,,,,
EVC,2025.0,5.0,0.5175451610752207,Digital Advertising,0.677672176123898,14.0,2025.0,2.0,0.5142233977310119,UNITED STATES,0.5843308891540101,5.0,Non-US,1.0490198237885462,0.4156691108459899,0.1668665417128531,0.5474993190757954,0.2264596600063571,0.0,0.0,Digital Advertising,0.746039603960396,0.677672176123898,0.2016591550907644,0.4518547440168779,0.2264596600063571
RANEHOLDIN.NS,,,,,,,,,,,,,,,,,,,,,,,,,,
TWIN,2026.0,2.0,0.620345386976562,Manufacturing Segment,0.7453012300994046,2.0,2025.0,6.0,0.2497855519630986,Other Countries,0.3618625838289257,1.0,,,,,,,0.0906807541439959,0.0906807541439959,,,,,,0.1189535654960702
TPG.AX,,,,,,,,,,,,,,,,,,,,,,,,,,
300502.SZ,,,,,,,,,,,,,,,,,,,,,,,,,,
079650.KQ,,,,,,,,,,,,,,,,,,,,,,,,,,
002487.SZ,,,,,,,,,,,,,,,,,,,,,,,,,,
123570.KQ,,,,,,,,,,,,,,,,,,,,,,,,,,
TKA.DE,,,,,,,,,,,,,,,,,,,,,,,,,,
6552.T,,,,,,,,,,,,,,,,,,,,,,,,,,
IGD.MI,,,,,,,,,,,,,,,,,,,,,,,,,,
GULFPETRO.NS,,,,,,,,,,,,,,,,,,,,,,,,,,
ATI,2025.0,2.0,0.5020164659216876,High Performance Materials & Components,0.5317526843092644,15.0,2025.0,7.0,0.3699738873329529,UNITED STATES,0.5754457862841696,16.0,CHINA,0.0824432576769025,0.0706936390983999,0.0020111237961372,0.0725516247579458,0.0516494349052061,0.0706936390983999,0.0706936390983999,High Performance Materials & Components,0.0547066740558941,0.5317526843092644,0.0146080139987155,0.0300031017288416,0.0257323589019222
BOTRF,,,,,,,,,,,,,,,,,,,,,,,,,,
RPYTF,,,,,,,,,,,,,,,,,,,,,,,,,,
ADVENZYMES.NS,,,,,,,,,,,,,,,,,,,,,,,,,,
TXN,2025.0,3.0,0.6537605746104748,Analog,0.7921049655016401,15.0,2025.0,6.0,0.2530612743853472,UNITED STATES,0.3824793575387399,16.0,CHINA,0.2553120849933599,0.2138332767786449,0.0212624692855178,0.093987408077347,0.1304903778530783,0.2138332767786449,0.2138332767786449,Analog,0.1517144971630621,0.7921049655016401,-0.0355117488035184,0.0434845679656605,0.203348305430788
ROK,2025.0,3.0,0.3540709989589728,Intelligent Devices Segment,0.45025173819228,12.0,2025.0,5.0,0.315278625827747,North America,0.3995754037455455,16.0,North America,0.0429860671310955,0.3995754037455455,-0.2118328390365749,0.057980272715509,0.595919750248058,0.0424596254454469,0.0,Software And Control Segment,0.0894212306848312,0.2856629105730041,0.0209790936276252,0.052876946535129,0.00941409936836
092070.KQ,,,,,,,,,,,,,,,,,,,,,,,,,,
XJNGF,,,,,,,,,,,,,,,,,,,,,,,,,,
ASUUY,,,,,,,,,,,,,,,,,,,,,,,,,,
EMFGF,,,,,,,,,,,,,,,,,,,,,,,,,,
BXC,2025.0,2.0,0.5760381539423588,Specialty Products,0.6949848121551506,10.0,,,,,,,,,,,,,,,Specialty Products,0.0034605627813539,0.6949848121551506,0.0020507474269783,0.0048214263220817,0.0004995712154856
SIEL.BO,,,,,,,,,,,,,,,,,,,,,,,,,,
FAZE3Q.BO,,,,,,,,,,,,,,,,,,,,,,,,,,
HSY,2025.0,2.0,0.7914672180884823,North America Confectionery Segment,0.8817507158398543,8.0,2025.0,2.0,0.78390393710764,North America Segment,0.876765137126327,12.0,North America Segment,0.0491539392282105,0.876765137126327,0.0045000421182915,0.0210781716379779,0.0437691027250475,0.0,0.0,North America Salty Snacks Segment,0.1193771352093826,0.1182492841601457,0.0074939042272199,0.0398873154374154,0.0484379738861024
0138.KL,,,,,,,,,,,,,,,,,,,,,,,,,,
CPCAY,,,,,,,,,,,,,,,,,,,,,,,,,,
300389.SZ,,,,,,,,,,,,,,,,,,,,,,,,,,
6339.T,,,,,,,,,,,,,,,,,,,,,,,,,,
600827.SS,,,,,,,,,,,,,,,,,,,,,,,,,,
GUJALKALI.NS,,,,,,,,,,,,,,,,,,,,,,,,,,
300861.SZ,,,,,,,,,,,,,,,,,,,,,,,,,,
JYOTIRES.BO,,,,,,,,,,,,,,,,,,,,,,,,,,
6561.T,,,,,,,,,,,,,,,,,,,,,,,,,,
2453.TW,,,,,,,,,,,,,,,,,,,,,,,,,,
QS9.SI,,,,,,,,,,,,,,,,,,,,,,,,,,
SUNILTX.BO,,,,,,,,,,,,,,,,,,,,,,,,,,
9887.T,,,,,,,,,,,,,,,,,,,,,,,,,,
WTKWY,,,,,,,,,,,,,,,,,,,,,,,,,,
2734.TWO,,,,,,,,,,,,,,,,,,,,,,,,,,
AF.PA,,,,,,,,,,,,,,,,,,,,,,,,,,
HMDCF,2025.0,4.0,0.3241134471400262,Other Collaboration Royalties Revenue,0.4451087416158685,2.0,2025.0,1.0,1.0,CHINA,1.0,1.0,,,,,,,1.0,1.0,Other Collaboration Royalties Revenue,1.10714505697567,0.4451087416158685,0.3714490552650288,0.7890685161611197,-0.6512949994442063
6230.T,,,,,,,,,,,,,,,,,,,,,,,,,,
PLBY,2025.0,2.0,0.7159557320798724,Trademark Licensing,0.8285998570296953,5.0,2025.0,5.0,0.2596669756907975,UNITED STATES,0.3694572217111315,5.0,CHINA,0.1440992663707998,0.1162097516099356,0.0121671583193212,0.1540607049091489,0.0243120995099885,0.1162097516099356,0.1162097516099356,Trademark Licensing,3.752077562326869,0.8285998570296953,0.3877726649523735,1.867125703390916,1.5281744747623378
8271.TW,,,,,,,,,,,,,,,,,,,,,,,,,,
KESARPE.BO,,,,,,,,,,,,,,,,,,,,,,,,,,
PAP.AT,,,,,,,,,,,,,,,,,,,,,,,,,,
NRST.MI,,,,,,,,,,,,,,,,,,,,,,,,,,
ALPA4.SA,,,,,,,,,,,,,,,,,,,,,,,,,,
NPSKY,,,,,,,,,,,,,,,,,,,,,,,,,,
GMEXICOB.MX,,,,,,,,,,,,,,,,,,,,,,,,,,
SETCO.NS,,,,,,,,,,,,,,,,,,,,,,,,,,
YOU.L,,,,,,,,,,,,,,,,,,,,,,,,,,
MLM,2025.0,3.0,0.6327641031902305,Aggregates,0.7773807674382476,15.0,2025.0,2.0,0.5070727688832961,Southeast Group,0.559467507444386,15.0,,,,,,-0.1265299877600979,0.0,0.0,,,,,,-0.0151468788249693
IOSP,2025.0,3.0,0.3519178346519958,Fuel Specialties,0.3945444319460067,14.0,2025.0,3.0,0.3721033661988998,UNITED STATES,0.4480907764019021,12.0,Rest Of World,0.3118726202838353,0.1784453128678374,0.0441981009719266,0.176701091889845,-0.0130576208178438,0.0,0.0,Performance Chemicals,0.0423741777573811,0.3832395950506186,0.0290074502581617,0.1033050291701896,-0.0365232469925219
MOG-B,2025.0,4.0,0.2521231799081302,Space And Defense,0.2883026163646084,15.0,2025.0,3.0,0.4947014353246244,UNITED STATES,0.6301600466660312,15.0,Non-US,0.0492465250556861,0.3057689637737319,-0.0059528773194864,0.0001511707930702,0.0696738299216437,0.0,0.0,Industrial,1.154247260922494,0.2475198309910522,0.1026345196140375,0.4520878853493201,0.2609849640416071
CELH,2025.0,1.0,1.0,Reportable Segment,1.0,2.0,2025.0,4.0,0.928454736888924,North America,0.963113686846218,8.0,North America,0.8912493930020751,0.963113686846218,0.0182437739643844,,0.8554244152165413,0.0,0.0,Reportable Segment,0.8554244152165413,1.0,0.0,,0.8554244152165413
BETS-B.ST,,,,,,,,,,,,,,,,,,,,,,,,,,
6683.TWO,,,,,,,,,,,,,,,,,,,,,,,,,,
7102.T,,,,,,,,,,,,,,,,,,,,,,,,,,
KRKR,2025.0,6.0,0.4749857823466462,Advertising,0.6678796574385203,7.0,,,,,,,,,,,,,,,Consulting,0.2251518056887185,0.0854954057509887,0.0157165542364003,0.119911111640465,-6.690206281356748e-05
7460.T,,,,,,,,,,,,,,,,,,,,,,,,,,
039030.KQ,,,,,,,,,,,,,,,,,,,,,,,,,,
GE.MI,,,,,,,,,,,,,,,,,,,,,,,,,,
KKKUF,,,,,,,,,,,,,,,,,,,,,,,,,,
1529.TW,,,,,,,,,,,,,,,,,,,,,,,,,,
ISMAF,,,,,,,,,,,,,,,,,,,,,,,,,,
177830.KQ,,,,,,,,,,,,,,,,,,,,,,,,,,
PT.BK,,,,,,,,,,,,,,,,,,,,,,,,,,
2031.TW,,,,,,,,,,,,,,,,,,,,,,,,,,
005870.KS,,,,,,,,,,,,,,,,,,,,,,,,,,
PXS,2025.0,1.0,1.0,Time Charters,1.0,7.0,,,,,,,,,,,,,,,Time Charters,0.1630315047367261,1.0,0.3835512785689341,,-0.2830507159209965
ZLIOY,,,,,,,,,,,,,,,,,,,,,,,,,,
MTZ,2025.0,3.0,0.3650598413460584,Clean Energy and Infrastructure,0.4618090699159829,15.0,2025.0,1.0,1.0,Non-US,1.0,13.0,,,,,,-0.9852273011479687,0.0,0.0,Clean Energy and Infrastructure,0.1484567825810707,0.4618090699159829,0.0619634542352262,0.0916994895564313,-0.005637959000215
228340.KQ,,,,,,,,,,,,,,,,,,,,,,,,,,
0520.HK,,,,,,,,,,,,,,,,,,,,,,,,,,
PNDZF,,,,,,,,,,,,,,,,,,,,,,,,,,
603919.SS,,,,,,,,,,,,,,,,,,,,,,,,,,
SARDAEN.NS,,,,,,,,,,,,,,,,,,,,,,,,,,
6482.TWO,,,,,,,,,,,,,,,,,,,,,,,,,,
GVH,,,,,,,,,,,,,,,,,,,,,,,,,,
YIPCF,,,,,,,,,,,,,,,,,,,,,,,,,,
6670.TW,,,,,,,,,,,,,,,,,,,,,,,,,,
PETS.L,,,,,,,,,,,,,,,,,,,,,,,,,,
ASTOR.ST,,,,,,,,,,,,,,,,,,,,,,,,,,
SOQUICOM.SN,,,,,,,,,,,,,,,,,,,,,,,,,,
7602.T,,,,,,,,,,,,,,,,,,,,,,,,,,
DTM,2025.0,2.0,0.5055535455509825,Pipeline Segment,0.5526950925181013,5.0,,,,,,,,,,,,,,,Pipeline Segment,0.5507900677200903,0.5526950925181013,0.1011150721307415,0.2586664093247292,0.2670744138634047
JINDWORLD.NS,,,,,,,,,,,,,,,,,,,,,,,,,,
6744.T,,,,,,,,,,,,,,,,,,,,,,,,,,
603909.SS,,,,,,,,,,,,,,,,,,,,,,,,,,
6902.T,,,,,,,,,,,,,,,,,,,,,,,,,,
1911.T,,,,,,,,,,,,,,,,,,,,,,,,,,
HIMTEK.BO,,,,,,,,,,,,,,,,,,,,,,,,,,
3641.T,,,,,,,,,,,,,,,,,,,,,,,,,,
3002.TW,,,,,,,,,,,,,,,,,,,,,,,,,,
MHUAF,,,,,,,,,,,,,,,,,,,,,,,,,,
WOLTF,,,,,,,,,,,,,,,,,,,,,,,,,,
INS.F,,,,,,,,,,,,,,,,,,,,,,,,,,
NWKHY,,,,,,,,,,,,,,,,,,,,,,,,,,
MTL.L,,,,,,,,,,,,,,,,,,,,,,,,,,
6096.T,,,,,,,,,,,,,,,,,,,,,,,,,,
VIVT3.SA,,,,,,,,,,,,,,,,,,,,,,,,,,
KOTMY,,,,,,,,,,,,,,,,,,,,,,,,,,
JAYUSH.BO,,,,,,,,,,,,,,,,,,,,,,,,,,
TNRSF,,,,,,,,,,,,,,,,,,,,,,,,,,
ELBE.AT,,,,,,,,,,,,,,,,,,,,,,,,,,
SWSSF,,,,,,,,,,,,,,,,,,,,,,,,,,
3662.KL,,,,,,,,,,,,,,,,,,,,,,,,,,
1948.T,,,,,,,,,,,,,,,,,,,,,,,,,,
CENX,2025.0,2.0,0.8007349604663,Aluminum,0.8877724593536137,3.0,2025.0,2.0,0.5693570915950124,UNITED STATES,0.6862217651014676,15.0,UNITED STATES,0.2156271899088997,0.6862217651014676,0.0435158244628152,0.1078766228127632,0.1385398369589694,0.0,0.0,Aluminum,0.1923914776048032,0.8877724593536137,0.0400942176745613,0.1767693638763223,0.1385398369589694
OGC,,,,,,,,,,,,,,,,,,,,,,,,,,
PRAPAT.BK,,,,,,,,,,,,,,,,,,,,,,,,,,
VZ,2025.0,2.0,0.6636632699113933,Verizon Consumer Group,0.7860622920898466,16.0,,,,,,,,,,,,,,,Verizon Consumer Group,0.0379285547694938,0.7860622920898466,0.0240587969327126,0.0267865658274004,0.006160954948017
MARTI.IS,,,,,,,,,,,,,,,,,,,,,,,,,,
600566.SS,,,,,,,,,,,,,,,,,,,,,,,,,,
REZI,2025.0,1.0,1.0,Products And Solutions Segment,1.0,8.0,2025.0,2.0,0.5534279533775704,Europe,0.6634441087613293,8.0,Other International,0.1532091097308487,0.3365558912386707,0.2651167550162184,0.0517479583071069,-0.7552137257802101,0.0,0.0,Products And Solutions Segment,0.0483619344773791,1.0,0.0,,0.0483619344773791
WHD,2025.0,3.0,0.6157993145734798,Product,0.7649972058781281,8.0,,,,,,,,,,,,,,,Product,-0.0314385783764439,0.7649972058781281,0.010656225858408,0.0594240506395517,-0.0449304044736567
300475.SZ,,,,,,,,,,,,,,,,,,,,,,,,,,
TGMA3.SA,,,,,,,,,,,,,,,,,,,,,,,,,,
ALIT,2023.0,1.0,1.0,Other Segments,1.0,2.0,2024.0,2.0,0.9762746072982652,UNITED STATES,0.9879931389365352,3.0,UNITED STATES,-0.230203808887404,0.9879931389365352,0.1102805289658607,,-0.3161290322580645,0.0,0.0,,,,,,-0.3953488372093023
CHEMBOND.NS,,,,,,,,,,,,,,,,,,,,,,,,,,
AMARJOTHI.BO,,,,,,,,,,,,,,,,,,,,,,,,,,
6465.TWO,,,,,,,,,,,,,,,,,,,,,,,,,,
GSPL.NS,,,,,,,,,,,,,,,,,,,,,,,,,,
300471.SZ,,,,,,,,,,,,,,,,,,,,,,,,,,
4207.TWO,,,,,,,,,,,,,,,,,,,,,,,,,,
9268.T,,,,,,,,,,,,,,,,,,,,,,,,,,
HPAI,,,,,,,,,,,,,,,,,,,,,,,,,,
MGNS.L,,,,,,,,,,,,,,,,,,,,,,,,,,
5269.TW,,,,,,,,,,,,,,,,,,,,,,,,,,
AKR.BK,,,,,,,,,,,,,,,,,,,,,,,,,,
ALG,2025.0,3.0,0.6623594044133448,Wholegood Units,0.796301711962537,15.0,2025.0,8.0,0.5841920997387461,UNITED STATES,0.7543478647025426,15.0,UNITED STATES,0.0009060991471494,0.7543478647025426,0.0144689894563888,0.0180497122141429,-0.0182920725095119,0.0217098827038702,0.0,Wholegood Units,-0.0081974470253092,0.796301711962537,0.0056442225841899,0.0271101803146868,-0.0152273884212161
PCCOSMA.BO,,,,,,,,,,,,,,,,,,,,,,,,,,
WBD.MI,,,,,,,,,,,,,,,,,,,,,,,,,,
BELLACASA.BO,,,,,,,,,,,,,,,,,,,,,,,,,,
4433.TWO,,,,,,,,,,,,,,,,,,,,,,,,,,
1909.T,,,,,,,,,,,,,,,,,,,,,,,,,,
GZT.F,,,,,,,,,,,,,,,,,,,,,,,,,,
P8A.SI,,,,,,,,,,,,,,,,,,,,,,,,,,
2378.T,,,,,,,,,,,,,,,,,,,,,,,,,,
4100.T,,,,,,,,,,,,,,,,,,,,,,,,,,
3843.T,,,,,,,,,,,,,,,,,,,,,,,,,,
CHHHF,,,,,,,,,,,,,,,,,,,,,,,,,,
ABEV3.SA,,,,,,,,,,,,,,,,,,,,,,,,,,
3560.T,,,,,,,,,,,,,,,,,,,,,,,,,,
LOGO.IS,,,,,,,,,,,,,,,,,,,,,,,,,,
7261.T,,,,,,,,,,,,,,,,,,,,,,,,,,
PACIFICI.BO,,,,,,,,,,,,,,,,,,,,,,,,,,
HAIVF,,,,,,,,,,,,,,,,,,,,,,,,,,
DE,2025.0,8.0,0.2130055622985417,Production & Precision Ag (PPA),0.3712459504421679,15.0,2025.0,6.0,0.327512410548295,UNITED STATES,0.5247789160318711,16.0,Western Europe,0.0583292939085473,0.1433762367568514,0.0237034082318301,0.0900841600483709,-0.116637017557429,0.2156115926801506,0.0,Financial Products,0.0122186495176848,0.1378163033009368,0.017544047132633,0.0733043665076331,-0.116637017557429
MPCC.OL,,,,,,,,,,,,,,,,,,,,,,,,,,
STORY-B.ST,,,,,,,,,,,,,,,,,,,,,,,,,,
NINSYS.BO,,,,,,,,,,,,,,,,,,,,,,,,,,
053690.KS,,,,,,,,,,,,,,,,,,,,,,,,,,
ICRP,,,,,,,,,,,,,,,,,,,,,,,,,,
INFY.NS,,,,,,,,,,,,,,,,,,,,,,,,,,
FUPEF,,,,,,,,,,,,,,,,,,,,,,,,,,
C8R.SI,,,,,,,,,,,,,,,,,,,,,,,,,,
SHREERAMA.NS,,,,,,,,,,,,,,,,,,,,,,,,,,
SITIY,,,,,,,,,,,,,,,,,,,,,,,,,,
SWARAJENG.NS,,,,,,,,,,,,,,,,,,,,,,,,,,
WAC.DE,,,,,,,,,,,,,,,,,,,,,,,,,,
USLM,2025.0,1.0,1.0,Lime and Limestone Operations Segment Member,1.0,14.0,2022.0,1.0,1.0,Other,1.0,2.0,Other,0.4439153439153438,1.0,0.0,,0.4439153439153438,0.0,0.0,Lime and Limestone Operations Segment Member,0.1731267369799289,1.0,0.0,,0.1731267369799289
ZIL2.DE,,,,,,,,,,,,,,,,,,,,,,,,,,
MAMA,2026.0,1.0,1.0,Reportable Segment,1.0,2.0,,,,,,,,,,,,,,,Reportable Segment,0.3923358847950182,1.0,0.0,,0.3923358847950182
5965.T,,,,,,,,,,,,,,,,,,,,,,,,,,
RDI,2025.0,2.0,0.8683115368674503,Cinema,0.9291337418960728,11.0,2014.0,2.0,0.7193896336442247,U,0.8312020785292754,3.0,N,0.0099581908019763,0.1687979214707246,0.0020911252065789,0.0075073817931045,-0.0025535096501121,0.0,0.0,Cinema,-0.0334494952083226,0.9291337418960728,0.0022692542056577,0.0161387972422373,-0.0358101336170657
MARP.MI,,,,,,,,,,,,,,,,,,,,,,,,,,
RADIOCITY.NS,,,,,,,,,,,,,,,,,,,,,,,,,,
TVAHF,,,,,,,,,,,,,,,,,,,,,,,,,,
0889.HK,,,,,,,,,,,,,,,,,,,,,,,,,,
KTYCF,,,,,,,,,,,,,,,,,,,,,,,,,,
9418.T,,,,,,,,,,,,,,,,,,,,,,,,,,
005290.KQ,,,,,,,,,,,,,,,,,,,,,,,,,,
1527.HK,,,,,,,,,,,,,,,,,,,,,,,,,,
6227.TWO,,,,,,,,,,,,,,,,,,,,,,,,,,
KLEE-B.CO,,,,,,,,,,,,,,,,,,,,,,,,,,
COMFINCAP.BO,,,,,,,,,,,,,,,,,,,,,,,,,,
2371.HK,,,,,,,,,,,,,,,,,,,,,,,,,,
8646.HK,,,,,,,,,,,,,,,,,,,,,,,,,,
RAILTEL.NS,,,,,,,,,,,,,,,,,,,,,,,,,,
KCN.AX,,,,,,,,,,,,,,,,,,,,,,,,,,
KHC,2025.0,9.0,0.255844785947822,Taste Elevation,0.4522893112019886,10.0,2025.0,4.0,0.5022158279150537,United States Segment,0.6729211771309438,10.0,Canada Segment,0.0152112676056337,0.0722476144655601,0.0035716104417266,0.0326663558106012,-0.0349763986690396,0.0,0.0,Taste Elevation,-0.0079148711634861,0.4522893112019886,0.0123372876780391,0.0512617538779453,-0.0349763986690396
600315.SS,,,,,,,,,,,,,,,,,,,,,,,,,,
SOUHY,,,,,,,,,,,,,,,,,,,,,,,,,,
PWE.F,,,,,,,,,,,,,,,,,,,,,,,,,,
CAZ.BK,,,,,,,,,,,,,,,,,,,,,,,,,,
RWI.BK,,,,,,,,,,,,,,,,,,,,,,,,,,
PAY,2025.0,2.0,0.9844061011563456,Payment Transaction Processing Revenue,0.992141291275354,10.0,2025.0,2.0,0.9688358458013152,UNITED STATES,0.9841672468276408,10.0,UNITED STATES,1.4176562615486956,0.9841672468276408,0.0041531221075697,,1.4074539085434434,0.0,0.0,Payment Transaction Processing Revenue,0.3775727136849336,0.992141291275354,0.0036228598533212,,0.3725424292654389
6156.TWO,,,,,,,,,,,,,,,,,,,,,,,,,,
9986.T,,,,,,,,,,,,,,,,,,,,,,,,,,
DVN,2025.0,1.0,1.0,N G L Product Sales,1.0,11.0,2018.0,2.0,0.7543476734397245,U [S],0.856614409018848,8.0,U [S],0.298184730379071,0.856614409018848,0.129235768242149,0.3592063253034956,0.1023300970873786,0.0,0.0,N G L Product Sales,0.0042054402290623,1.0,0.0,,0.0042054402290623
007690.KS,,,,,,,,,,,,,,,,,,,,,,,,,,
6123.HK,,,,,,,,,,,,,,,,,,,,,,,,,,
DUNCANFOX.SN,,,,,,,,,,,,,,,,,,,,,,,,,,
CCLD,2025.0,2.0,0.6814450519043462,Revenue Cycle Management,0.801201802704056,3.0,,,,,,,,,,,,,,,Remote Patient Monitoring,0.0192554557124517,0.1987981972959439,0.0167463160152708,0.0524848707133687,-0.0666043468100023
ASIANENE.BO,,,,,,,,,,,,,,,,,,,,,,,,,,
INF.PA,,,,,,,,,,,,,,,,,,,,,,,,,,
DIB.MI,,,,,,,,,,,,,,,,,,,,,,,,,,
CLH,2025.0,5.0,0.2247531006090805,Technical Services,0.3083659863465054,15.0,2025.0,2.0,0.8369679303562139,UNITED STATES,0.910467983134016,15.0,UNITED STATES,0.0258688448203738,0.910467983134016,0.0017300171879438,0.0106796603415357,0.0239195497688267,0.0,0.0,Safetly-Kleen Environmental Services,0.1080714901725929,0.2175198898594009,0.0165194402801853,0.0927086731640454,0.0239195497688267
7856.T,,,,,,,,,,,,,,,,,,,,,,,,,,
SHPMF,,,,,,,,,,,,,,,,,,,,,,,,,,
KR,2025.0,2.0,0.5590075424598634,Perishable,0.6717666184971098,15.0,,,,,,,,,,,,,,,Pharmacy,0.158052386718501,0.3282333815028901,0.0265297974388999,0.0670207964376986,0.0644516228272573
LST.BK,,,,,,,,,,,,,,,,,,,,,,,,,,
6458.T,,,,,,,,,,,,,,,,,,,,,,,,,,
603939.SS,,,,,,,,,,,,,,,,,,,,,,,,,,
CNQ.TO,,,,,,,,,,,,,,,,,,,,,,,,,,
600035.SS,,,,,,,,,,,,,,,,,,,,,,,,,,
DG,2025.0,4.0,0.6867799940265784,Consumables,0.8204493318555507,15.0,,,,,,,,,,,,,,,Home Products,0.0670764599911588,0.0518093315784254,0.0007317370718536,0.0070148246615042,0.0520054413061183
605338.SS,,,,,,,,,,,,,,,,,,,,,,,,,,
ASTRAL.NS,,,,,,,,,,,,,,,,,,,,,,,,,,
7280.T,,,,,,,,,,,,,,,,,,,,,,,,,,
603888.SS,,,,,,,,,,,,,,,,,,,,,,,,,,
IDR,2025.0,2.0,0.9891757975565304,Gold,0.9945582865328062,1.0,,,,,,,,,,,,,,,,,,,,
3192.T,,,,,,,,,,,,,,,,,,,,,,,,,,
SGIOY,,,,,,,,,,,,,,,,,,,,,,,,,,
5121.T,,,,,,,,,,,,,,,,,,,,,,,,,,
GD8A.F,,,,,,,,,,,,,,,,,,,,,,,,,,
ALMA.HE,,,,,,,,,,,,,,,,,,,,,,,,,,
7278.T,,,,,,,,,,,,,,,,,,,,,,,,,,
CPRI,2026.0,2.0,0.7142354306305017,Michael Kors Segment,0.8272884283246977,14.0,2026.0,3.0,0.4406625880088255,Americas,0.5840529648819804,14.0,Americas,-0.18152480839048,0.5840529648819804,0.025971019812192,0.0655215529257166,-0.2179198559207564,0.0,0.0,Jimmy Choo Segment,-0.0082644628099173,0.1727115716753022,0.0365116617248294,0.0194088826533967,-0.2179198559207564
3231.TW,,,,,,,,,,,,,,,,,,,,,,,,,,
5236.TWO,,,,,,,,,,,,,,,,,,,,,,,,,,
013720.KQ,,,,,,,,,,,,,,,,,,,,,,,,,,
MATD3.SA,,,,,,,,,,,,,,,,,,,,,,,,,,
300371.SZ,,,,,,,,,,,,,,,,,,,,,,,,,,
KIRLPNU.BO,,,,,,,,,,,,,,,,,,,,,,,,,,
AA,2025.0,2.0,0.507440431791247,Aluminum,0.5609935725763256,10.0,2022.0,7.0,0.3044850310042932,UNITED STATES,0.4386796241265762,7.0,AUSTRALIA,0.3107074569789674,0.2202232752389366,0.0480705431783704,0.3038775030066985,0.0246050032916391,0.0423259175969801,0.0,Aluminum,0.1563621308308032,0.5609935725763256,0.0496676252190466,0.1047514625273149,0.0539834874038529
DALQF,,,,,,,,,,,,,,,,,,,,,,,,,,
JAPSY,,,,,,,,,,,,,,,,,,,,,,,,,,
GDL.TO,,,,,,,,,,,,,,,,,,,,,,,,,,
CM9.F,,,,,,,,,,,,,,,,,,,,,,,,,,
1179.HK,,,,,,,,,,,,,,,,,,,,,,,,,,
CVH.BA,,,,,,,,,,,,,,,,,,,,,,,,,,
AEBI,2025.0,1.0,1.0,New Business,1.0,1.0,2025.0,3.0,0.4999617828511309,UNITED STATES,0.6118968312453943,1.0,,,,,,,0.0,0.0,,,,,,
7965.T,,,,,,,,,,,,,,,,,,,,,,,,,,
4442.T,,,,,,,,,,,,,,,,,,,,,,,,,,
347000.KQ,,,,,,,,,,,,,,,,,,,,,,,,,,
4813.T,,,,,,,,,,,,,,,,,,,,,,,,,,
CRRX.TO,,,,,,,,,,,,,,,,,,,,,,,,,,
8341.TW,,,,,,,,,,,,,,,,,,,,,,,,,,
SLBK,,,,,,,,,,,,,,,,,,,,,,,,,,
1655.HK,,,,,,,,,,,,,,,,,,,,,,,,,,
4972.TWO,,,,,,,,,,,,,,,,,,,,,,,,,,
002462.SZ,,,,,,,,,,,,,,,,,,,,,,,,,,
PPG,2025.0,3.0,0.3479387002294005,Industrial Coatings,0.4109606299212598,14.0,2025.0,4.0,0.2822482971045942,North America,0.3383937007874015,8.0,Asia Pacific,0.0085851648351649,0.185007874015748,0.0012275016585375,0.0042994866423881,0.0018933417481854,0.1384566929133858,0.0,,,,,,-0.12994628959772
1822.T,,,,,,,,,,,,,,,,,,,,,,,,,,
USIM5.SA,,,,,,,,,,,,,,,,,,,,,,,,,,
8061.T,,,,,,,,,,,,,,,,,,,,,,,,,,
RRR,2025.0,5.0,0.488124597388845,Casino,0.6664381453882533,10.0,2025.0,3.0,0.4956603809915961,"Corporate, Non-Segment",0.5015045262942429,1.0,,,,,,,0.0,0.0,Casino,0.0495439808525981,0.6664381453882533,0.0077265651032523,0.0359515858459536,0.037375754959616
4951.TWO,,,,,,,,,,,,,,,,,,,,,,,,,,
CAF.MC,,,,,,,,,,,,,,,,,,,,,,,,,,
2268.T,,,,,,,,,,,,,,,,,,,,,,,,,,
SRD.BO,,,,,,,,,,,,,,,,,,,,,,,,,,
H1B.F,,,,,,,,,,,,,,,,,,,,,,,,,,
BLD,2025.0,4.0,0.7061627356410808,Insulation and accessories,0.834813903378796,10.0,,,,,,,,,,,,,,,Gutters,0.0552877496333774,0.0569498601074082,0.0043661154549323,0.0512371717940207,-0.0256168942829594
DBO.TO,,,,,,,,,,,,,,,,,,,,,,,,,,
6946.T,,,,,,,,,,,,,,,,,,,,,,,,,,
CLPBF,,,,,,,,,,,,,,,,,,,,,,,,,,
ELPE.AT,,,,,,,,,,,,,,,,,,,,,,,,,,
DTI,2025.0,2.0,0.6839130434749559,Tool Rental,0.8032433374989102,2.0,2025.0,2.0,0.7643333190050985,Western Hemisphere,0.8635473277340231,2.0,,,,,,0.3730646448523542,0.0,0.0,Tool Rental,0.1718704950562217,0.8032433374989102,0.0397013875617152,0.1224768685576837,0.1139492120223248
0576.HK,,,,,,,,,,,,,,,,,,,,,,,,,,
4022.T,,,,,,,,,,,,,,,,,,,,,,,,,,
220260.KQ,,,,,,,,,,,,,,,,,,,,,,,,,,
TIANF,,,,,,,,,,,,,,,,,,,,,,,,,,
SNYYF,,,,,,,,,,,,,,,,,,,,,,,,,,
FCMC.PA,,,,,,,,,,,,,,,,,,,,,,,,,,
HBRIY,,,,,,,,,,,,,,,,,,,,,,,,,,
600729.SS,,,,,,,,,,,,,,,,,,,,,,,,,,
ANGI,2025.0,2.0,0.8284742959728748,U.S. Segment,0.9052618264609158,4.0,2025.0,2.0,0.7844465138673423,UNITED STATES,0.8771249884768592,9.0,Non-US,-0.0204531565470987,0.1228750115231409,0.0137958696361293,0.0617222284123057,-0.1304323979505735,0.0,0.0,International Segment,-0.965160089929452,0.0947381735390842,-0.4849635041307837,,-0.7868150338634944
OHZ.F,,,,,,,,,,,,,,,,,,,,,,,,,,
603259.SS,,,,,,,,,,,,,,,,,,,,,,,,,,
NOHO.HE,,,,,,,,,,,,,,,,,,,,,,,,,,
GGR,2025.0,2.0,0.5033837615969026,Leasing,0.5411324786324786,5.0,2022.0,2.0,0.8907091022017266,Country of domicile,0.941989311070826,2.0,Country of domicile,0.0180306071461842,0.941989311070826,-0.0258311523604011,,0.0459469575884745,0.0,0.0,Other Products And Services,0.0609976247030878,0.4588675213675213,0.022380978838595,0.045916828247923,0.0092481234189025
2676.T,,,,,,,,,,,,,,,,,,,,,,,,,,
1F0.SI,,,,,,,,,,,,,,,,,,,,,,,,,,
SRI.F,,,,,,,,,,,,,,,,,,,,,,,,,,
3081.TWO,,,,,,,,,,,,,,,,,,,,,,,,,,
OGC.BK,,,,,,,,,,,,,,,,,,,,,,,,,,
HLTOF,,,,,,,,,,,,,,,,,,,,,,,,,,
AIRAN.NS,,,,,,,,,,,,,,,,,,,,,,,,,,
TDOC,2025.0,1.0,1.0,Other,1.0,4.0,2025.0,2.0,0.7033645902863561,UNITED STATES,0.8188766142933315,11.0,Non-US,0.1187041490179803,0.1811233857066684,0.0217136936721133,0.0797737584391017,-0.0154099473297908,0.0,0.0,Other,0.236153676831643,1.0,0.0,,0.236153676831643
TVBCF,,,,,,,,,,,,,,,,,,,,,,,,,,
MCDIF,,,,,,,,,,,,,,,,,,,,,,,,,,
SKIN,2025.0,2.0,0.5858424977087029,Consumables,0.707174440639649,5.0,2025.0,3.0,0.5204238549580225,Americas,0.6781475447986968,5.0,EMEA,-0.0465986347074672,0.2270520961468134,0.0127706552594507,0.1520401938150105,-0.1002231568619239,0.0,0.0,Consumables,0.0182724252491695,0.707174440639649,0.082293347948784,0.1579440276166102,-0.1002231568619239
TRIBO-B.ST,,,,,,,,,,,,,,,,,,,,,,,,,,
NLG1V.HE,,,,,,,,,,,,,,,,,,,,,,,,,,
603883.SS,,,,,,,,,,,,,,,,,,,,,,,,,,
PGUCY,,,,,,,,,,,,,,,,,,,,,,,,,,
MDNDF,,,,,,,,,,,,,,,,,,,,,,,,,,
ASGLY,,,,,,,,,,,,,,,,,,,,,,,,,,
688388.SS,,,,,,,,,,,,,,,,,,,,,,,,,,
002154.SZ,,,,,,,,,,,,,,,,,,,,,,,,,,
SWARNSAR.BO,,,,,,,,,,,,,,,,,,,,,,,,,,
5940.T,,,,,,,,,,,,,,,,,,,,,,,,,,
3561.T,,,,,,,,,,,,,,,,,,,,,,,,,,
080580.KQ,,,,,,,,,,,,,,,,,,,,,,,,,,
6829.HK,,,,,,,,,,,,,,,,,,,,,,,,,,
MEL.MC,,,,,,,,,,,,,,,,,,,,,,,,,,
CHENNPETRO.NS,,,,,,,,,,,,,,,,,,,,,,,,,,
AUMTF,,,,,,,,,,,,,,,,,,,,,,,,,,
1729.HK,,,,,,,,,,,,,,,,,,,,,,,,,,
VSQTF,,,,,,,,,,,,,,,,,,,,,,,,,,
ORIENTHOT.NS,,,,,,,,,,,,,,,,,,,,,,,,,,
6150.TWO,,,,,,,,,,,,,,,,,,,,,,,,,,
CDI.PA,,,,,,,,,,,,,,,,,,,,,,,,,,
GGBR3.SA,,,,,,,,,,,,,,,,,,,,,,,,,,
025560.KS,,,,,,,,,,,,,,,,,,,,,,,,,,
DWGL.JK,,,,,,,,,,,,,,,,,,,,,,,,,,
GLOBE.NS,,,,,,,,,,,,,,,,,,,,,,,,,,
3530.TW,,,,,,,,,,,,,,,,,,,,,,,,,,
BILL,2026.0,2.0,0.8365705295797472,Subscription And Transaction Fees,0.9102258704541604,7.0,,,,,,,,,,,,,,,Subscription And Transaction Fees,0.156783804477846,0.9102258704541604,0.0208298073597444,0.1196706629179285,0.130311711576198
000390.KS,,,,,,,,,,,,,,,,,,,,,,,,,,
BB.PA,,,,,,,,,,,,,,,,,,,,,,,,,,
SHANKARA.NS,,,,,,,,,,,,,,,,,,,,,,,,,,
9994.T,,,,,,,,,,,,,,,,,,,,,,,,,,
300130.SZ,,,,,,,,,,,,,,,,,,,,,,,,,,
SAPIF,,,,,,,,,,,,,,,,,,,,,,,,,,
3483.TWO,,,,,,,,,,,,,,,,,,,,,,,,,,
TSQ,2025.0,2.0,0.5669005576010545,Digital Advertising Segment,0.6828941737741453,12.0,2017.0,1.0,1.0,CANADA,1.0,3.0,CANADA,0.073643410852713,1.0,0.0,,0.073643410852713,0.0,0.0,Digital Advertising Segment,0.0161460139331084,0.6828941737741453,0.2606403609378849,,-0.3716866459552922
PNC.AX,,,,,,,,,,,,,,,,,,,,,,,,,,
4766.TW,,,,,,,,,,,,,,,,,,,,,,,,,,
ZIM,2022.0,2.0,0.9733151758486996,Shipping,0.9864746529104572,3.0,2025.0,5.0,0.3242653876007819,Pacific,0.5141700404858299,6.0,Intra Asia,-0.0207104469786341,0.131508537229361,0.0237710388180972,0.131371900906054,-0.1977235175325867,0.1380038725576483,0.0,Shipping,0.1756585725914639,0.9864746529104572,0.0040423018460503,,0.1708410470683394
JNEO.L,,,,,,,,,,,,,,,,,,,,,,,,,,
600031.SS,,,,,,,,,,,,,,,,,,,,,,,,,,
YLWDF,,,,,,,,,,,,,,,,,,,,,,,,,,
HCA,2025.0,6.0,0.3226769672838998,Managed Care And Other Insurers,0.5054277979820077,15.0,2025.0,3.0,0.3359690065891619,American Group,0.3651010603048376,15.0,National Group,0.0848373610686243,0.2937651866578308,0.0026958250693702,0.0075430231517747,0.0748820229721307,0.0,0.0,Medicaid,0.2631466438648995,0.0807880561100325,0.012055595523206,0.1095205925168121,0.0746536195471709
HAV.OL,,,,,,,,,,,,,,,,,,,,,,,,,,
ALU.L,,,,,,,,,,,,,,,,,,,,,,,,,,
9434.T,,,,,,,,,,,,,,,,,,,,,,,,,,
0406.HK,,,,,,,,,,,,,,,,,,,,,,,,,,
COCO,2025.0,3.0,0.6851415089603761,Vita Coco Coconut Water,0.8138377775591197,5.0,2025.0,3.0,0.6236209899178663,Americas Segment,0.7732247695890321,5.0,Americas Segment,0.1379196331603716,0.7732247695890321,-0.0297588761718304,0.2171110613791785,0.1817144141717359,0.0,0.0,Vita Coco Coconut Water,0.2608090323826364,0.8138377775591197,0.0510546693816125,0.2244406254713299,0.1817144141717359
PORF.AS,,,,,,,,,,,,,,,,,,,,,,,,,,
GBX,2025.0,1.0,1.0,Manufacturing,1.0,14.0,2025.0,2.0,0.6253551682944372,UNITED STATES,0.7503549163631874,12.0,Foreign,0.06827786582144735,0.24964508363681254,0.036030391279208235,0.09803130959233802,-0.08590289728326794,0.0,0.0,Manufacturing,-0.046971379225265286,1.0,0.08027457877120325,,-0.1234753503148579
NONOF,,,,,,,2025.0,1.0,1.0,APAC,1.0,1.0,,,,,,,0.0,0.0,,,,,,
CHEVIOT.BO,,,,,,,,,,,,,,,,,,,,,,,,,,
2317.T,,,,,,,,,,,,,,,,,,,,,,,,,,
6599.TWO,,,,,,,,,,,,,,,,,,,,,,,,,,
BWMN,2025.0,1.0,1.0,Reportable Segment,1.0,2.0,,,,,,,,,,,,,,,Reportable Segment,0.14875376262413154,1.0,0.0,,0.14875376262413154
0694.HK,,,,,,,,,,,,,,,,,,,,,,,,,,
9605.T,,,,,,,,,,,,,,,,,,,,,,,,,,
ZEELEARN.NS,,,,,,,,,,,,,,,,,,,,,,,,,,
300043.SZ,,,,,,,,,,,,,,,,,,,,,,,,,,
TEKNA.OL,,,,,,,,,,,,,,,,,,,,,,,,,,
EMMBI.BO,,,,,,,,,,,,,,,,,,,,,,,,,,
MBLY,2025.0,2.0,0.9596653245005347,Mobileye,0.9794086589229145,4.0,2025.0,10.0,0.15275193869844722,CHINA,0.2296137339055794,4.0,UNITED STATES,0.368421052631579,0.22317596566523606,0.03937910955882737,0.1650033824437565,0.12696493349455862,0.4688841201716738,0.2296137339055794,Mobileye,0.15003099814011156,0.9794086589229145,0.0041970507004235325,,0.14510278113663855
SGY.TO,,,,,,,,,,,,,,,,,,,,,,,,,,
SQM-B.SN,,,,,,,,,,,,,,,,,,,,,,,,,,
090150.KQ,,,,,,,,,,,,,,,,,,,,,,,,,,
300981.SZ,,,,,,,,,,,,,,,,,,,,,,,,,,
TCKRF,,,,,,,2025.0,13.0,0.12794563495572775,CHINA,0.2428381711250237,4.0,CANADA,0.5856697819314642,0.0965661164864352,0.020715454860726318,0.20626505266471865,0.24551039697542532,0.45133750711439957,0.2428381711250237,,,,,,
GAW.L,,,,,,,,,,,,,,,,,,,,,,,,,,
ARX.AX,,,,,,,,,,,,,,,,,,,,,,,,,,
BELFB,2025.0,2.0,0.6861985623720104,Power Solutions and Protection,0.8051217481367153,11.0,2025.0,3.0,0.4960803878402783,North America,0.6623268759576878,14.0,Asia,0.8070704262448603,0.18283527400048855,0.05504540429413543,0.33793115635992665,0.263023755029993,0.0,0.0,Power Solutions and Protection,0.4530789937731876,0.8051217481367153,0.02416176442056317,0.09954119571483788,0.40947198351260417
048470.KQ,,,,,,,,,,,,,,,,,,,,,,,,,,
091700.KQ,,,,,,,,,,,,,,,,,,,,,,,,,,
000568.SZ,,,,,,,,,,,,,,,,,,,,,,,,,,
9687.T,,,,,,,,,,,,,,,,,,,,,,,,,,
PACT.ST,,,,,,,,,,,,,,,,,,,,,,,,,,
ALLOG.PA,,,,,,,,,,,,,,,,,,,,,,,,,,
PRIC-B.ST,,,,,,,,,,,,,,,,,,,,,,,,,,
TOP.BK,,,,,,,,,,,,,,,,,,,,,,,,,,
002759.SZ,,,,,,,,,,,,,,,,,,,,,,,,,,
002780.SZ,,,,,,,,,,,,,,,,,,,,,,,,,,
UNITDSPR.BO,,,,,,,,,,,,,,,,,,,,,,,,,,
BIZIM.IS,,,,,,,,,,,,,,,,,,,,,,,,,,
ANNSF,,,,,,,,,,,,,,,,,,,,,,,,,,
FALABELLA.SN,,,,,,,,,,,,,,,,,,,,,,,,,,
002609.SZ,,,,,,,,,,,,,,,,,,,,,,,,,,
BETXIND.BO,,,,,,,,,,,,,,,,,,,,,,,,,,
033200.KQ,,,,,,,,,,,,,,,,,,,,,,,,,,
EGY,2025.0,1.0,1.0,Gabon Segment,1.0,9.0,2025.0,2.0,0.8557977472928966,Egypt,0.9217805989450538,8.0,Egypt,-0.09957919233619983,0.9217805989450538,0.03483249834137525,0.15048552419705985,-0.13360454102045716,0.9217805989450538,0.0,Gabon Segment,-0.11762678124924142,1.0,0.0,,-0.11762678124924142
000597.SZ,,,,,,,,,,,,,,,,,,,,,,,,,,
PGW.NZ,,,,,,,,,,,,,,,,,,,,,,,,,,
009290.KS,,,,,,,,,,,,,,,,,,,,,,,,,,
SADBHAV.NS,,,,,,,,,,,,,,,,,,,,,,,,,,
ROST,2024.0,6.0,0.18660000000000002,Home Accents and Bed and Bath,0.26,7.0,,,,,,,,,,,,,,,Childrens,0.16653286550714363,0.09,0.009999999999999995,0.06959786468268815,0.03691810267301654
7888.T,,,,,,,,,,,,,,,,,,,,,,,,,,
WWI.OL,,,,,,,,,,,,,,,,,,,,,,,,,,
2222.SR,,,,,,,,,,,,,,,,,,,,,,,,,,
3IZ.F,,,,,,,,,,,,,,,,,,,,,,,,,,
ENKEIWHEL.BO,,,,,,,,,,,,,,,,,,,,,,,,,,
UCB.BR,,,,,,,,,,,,,,,,,,,,,,,,,,
900901.SS,,,,,,,,,,,,,,,,,,,,,,,,,,
TSS.F,,,,,,,,,,,,,,,,,,,,,,,,,,
DPMLF,,,,,,,,,,,,,,,,,,,,,,,,,,
IWTNF,,,,,,,,,,,,,,,,,,,,,,,,,,
6400.T,,,,,,,,,,,,,,,,,,,,,,,,,,
LNTH,2025.0,8.0,0.26914225165276867,Product,0.37493543091362674,11.0,2025.0,2.0,0.8984326983125215,UNITED STATES,0.9463365872928868,7.0,,,,,,3.542025868418727,0.0,0.0,DEFINITY,0.03919544859530766,0.0821331213734681,0.005112017835400828,0.04338416595075001,-0.025484738628194892
ALMGI.PA,,,,,,,,,,,,,,,,,,,,,,,,,,
6537.T,,,,,,,,,,,,,,,,,,,,,,,,,,
SANGHVIMOV.NS,,,,,,,,,,,,,,,,,,,,,,,,,,
9869.T,,,,,,,,,,,,,,,,,,,,,,,,,,
EDRY,2025.0,1.0,1.0,Time Charter Revenue,1.0,3.0,,,,,,,,,,,,,,,Time Charter Revenue,0.163319045574982,1.0,0.05174569331644974,,0.10312229501347403
3173.T,,,,,,,,,,,,,,,,,,,,,,,,,,
HIGHENE.BO,,,,,,,,,,,,,,,,,,,,,,,,,,
VL.BK,,,,,,,,,,,,,,,,,,,,,,,,,,
RBBN,2025.0,2.0,0.5222861614911688,Cloud and Edge,0.6055607917059378,9.0,2025.0,4.0,0.3408915646321037,UNITED STATES,0.4771228906076092,8.0,Asia Pacific,0.19406874711354494,0.2142960324714998,0.032531488130041,0.11785672439356237,0.012801586797156927,0.0,0.0,IP Optical Networks,0.0133911731422105,0.3944392082940622,0.00022948292557439798,0.0004866257925749684,0.012801586797156927
031310.KQ,,,,,,,,,,,,,,,,,,,,,,,,,,
WLDBF,,,,,,,,,,,,,,,,,,,,,,,,,,
SHP.JO,,,,,,,,,,,,,,,,,,,,,,,,,,
5703.TWO,,,,,,,,,,,,,,,,,,,,,,,,,,
0318.HK,,,,,,,,,,,,,,,,,,,,,,,,,,
CTBN.JK,,,,,,,,,,,,,,,,,,,,,,,,,,
THACKER.BO,,,,,,,,,,,,,,,,,,,,,,,,,,
002802.SZ,,,,,,,,,,,,,,,,,,,,,,,,,,
1370.HK,,,,,,,,,,,,,,,,,,,,,,,,,,
MONY.L,,,,,,,,,,,,,,,,,,,,,,,,,,
AGCO,2025.0,3.0,0.6580793294123591,Tractors,0.7811989355245343,15.0,2025.0,9.0,0.2222802278960262,Other Europe,0.39275850770022935,15.0,Other Europe,0.07770856078607657,0.39275850770022935,0.2592382408483441,,-0.633627453502431,0.183120348265693,0.0,Replacement Part Sales,0.024893314366998487,0.21864933003408188,0.030596323737526465,0.46536237300374755,-0.11852339602452777
2288.T,,,,,,,,,,,,,,,,,,,,,,,,,,
RASIELEC.BO,,,,,,,,,,,,,,,,,,,,,,,,,,
GTMAY,2022.0,1.0,1.0,Maritime Administration Services,1.0,3.0,,,,,,,,,,,,,,,Maritime Administration Services,-0.7081993233365356,1.0,0.0,,-0.7081993233365356
2404.T,,,,,,,,,,,,,,,,,,,,,,,,,,
HINDCOMPOS.NS,,,,,,,,,,,,,,,,,,,,,,,,,,
GLNG,2025.0,2.0,0.8819739556017512,Vessel Management Fees And Other Revenues,0.9370205690821378,11.0,2025.0,2.0,0.5280524622730347,CAMEROON,0.6184323905716561,3.0,,,,,,86.6910569105691,0.0,0.0,Vessel Management Fees And Other Revenues,2.2249967486018987,0.9370205690821378,0.8440182225539512,1.601385238129469,-0.6799085579737608
6816.TWO,,,,,,,,,,,,,,,,,,,,,,,,,,
GLFGF,,,,,,,,,,,,,,,,,,,,,,,,,,
WENDT.NS,,,,,,,,,,,,,,,,,,,,,,,,,,
KA8.DE,,,,,,,,,,,,,,,,,,,,,,,,,,
SGI.AX,,,,,,,,,,,,,,,,,,,,,,,,,,
HBBHF,,,,,,,,,,,,,,,,,,,,,,,,,,
0840.HK,,,,,,,,,,,,,,,,,,,,,,,,,,
3768.T,,,,,,,,,,,,,,,,,,,,,,,,,,
PWR.AX,,,,,,,,,,,,,,,,,,,,,,,,,,
GGD.TO,,,,,,,,,,,,,,,,,,,,,,,,,,
TROLB,2024.0,2.0,0.9789681502007015,Product,0.9893711016195692,2.0,2024.0,2.0,0.8420092188461967,United States,0.9135270359034562,5.0,United States,-0.05708911302421127,0.9135270359034562,0.0052660683593160895,0.029624538032310244,-0.0625245659362832,0.08647296409654381,0.0,Rental and Royalty,0.2574840503844267,0.01062889838043077,-0.9893711016195692,,117.30803206281695
049520.KQ,,,,,,,,,,,,,,,,,,,,,,,,,,
ORIENTALTL.NS,,,,,,,,,,,,,,,,,,,,,,,,,,
BOLA.JK,,,,,,,,,,,,,,,,,,,,,,,,,,
BSM.BK,,,,,,,,,,,,,,,,,,,,,,,,,,
MSKY.JK,,,,,,,,,,,,,,,,,,,,,,,,,,
BABWF,,,,,,,,,,,,,,,,,,,,,,,,,,
ALQ.MC,,,,,,,,,,,,,,,,,,,,,,,,,,
KFEIN.IS,,,,,,,,,,,,,,,,,,,,,,,,,,
JBT.F,,,,,,,,,,,,,,,,,,,,,,,,,,
4578.T,,,,,,,,,,,,,,,,,,,,,,,,,,
HAFN,2025.0,1.0,1.0,Non lease component,1.0,2.0,,,,,,,,,,,,,,,Non lease component,0.3714321140731556,1.0,0.0,,0.3714321140731556
9849.T,,,,,,,,,,,,,,,,,,,,,,,,,,
SAP.F,,,,,,,,,,,,,,,,,,,,,,,,,,
BIL.NS,,,,,,,,,,,,,,,,,,,,,,,,,,
TEAM,2026.0,2.0,0.9100829457276369,License and Service,0.9528150537071604,8.0,2026.0,7.0,0.19445337700589968,Americas,0.25471006005503544,9.0,GERMANY,0.28310629228060424,0.05569023391346206,0.000947907883569736,0.01227041225290923,0.2612664384239891,0.0,0.0,License and Service,0.2700663042499458,0.9528150537071604,0.007404393082199645,0.09040020516325886,0.2601965292914852
GATX,2025.0,4.0,0.5200540037053116,Rail North America,0.681682371868536,15.0,2025.0,1.0,1.0,Rail North America,1.0,13.0,,,,,,-0.2517187007253232,0.0,0.0,Portfolio Management,0.286302780638517,0.0717651114686279,0.010522601219495144,0.09167881046963883,0.09769788710186056
4956.T,,,,,,,,,,,,,,,,,,,,,,,,,,
BJCHF,,,,,,,,,,,,,,,,,,,,,,,,,,
075970.KQ,,,,,,,,,,,,,,,,,,,,,,,,,,
1799.TWO,,,,,,,,,,,,,,,,,,,,,,,,,,
014620.KQ,,,,,,,,,,,,,,,,,,,,,,,,,,
KTIL.BO,,,,,,,,,,,,,,,,,,,,,,,,,,
002518.SZ,,,,,,,,,,,,,,,,,,,,,,,,,,
PHI,2025.0,1.0,1.0,Service Revenue,1.0,8.0,,,,,,,,,,,,,,,Service Revenue,0.018254935647032955,1.0,0.0,,0.018254935647032955
032620.KQ,,,,,,,,,,,,,,,,,,,,,,,,,,
3802.T,,,,,,,,,,,,,,,,,,,,,,,,,,
DNO.OL,,,,,,,,,,,,,,,,,,,,,,,,,,
MGROS.IS,,,,,,,,,,,,,,,,,,,,,,,,,,
ALLT.TA,,,,,,,,,,,,,,,,,,,,,,,,,,
VTDRF,2022.0,1.0,1.0,Dayrate Revenue,1.0,5.0,2021.0,5.0,0.21799357541277498,MONTENEGRO,0.2739679333417498,7.0,Other Countries,0.7231611208406306,0.2484345410932963,0.04731269683064032,0.3687891975459536,0.39499660981129425,0.47759752556495394,0.0,,,,,,-0.009582123469258907
SHTLF,,,,,,,,,,,,,,,,,,,,,,,,,,
5563.T,,,,,,,,,,,,,,,,,,,,,,,,,,
BRSAN.IS,,,,,,,,,,,,,,,,,,,,,,,,,,
TSFA.F,,,,,,,,,,,,,,,,,,,,,,,,,,
SKYGOLD.BO,,,,,,,,,,,,,,,,,,,,,,,,,,
TIPCO.BK,,,,,,,,,,,,,,,,,,,,,,,,,,
018880.KS,,,,,,,,,,,,,,,,,,,,,,,,,,
NOS.LS,,,,,,,,,,,,,,,,,,,,,,,,,,
3153.T,,,,,,,,,,,,,,,,,,,,,,,,,,
601717.SS,,,,,,,,,,,,,,,,,,,,,,,,,,
FURCF,,,,,,,,,,,,,,,,,,,,,,,,,,
8403.TWO,,,,,,,,,,,,,,,,,,,,,,,,,,
DG.PA,,,,,,,,,,,,,,,,,,,,,,,,,,
COME.BA,,,,,,,,,,,,,,,,,,,,,,,,,,
BJCHY,,,,,,,,,,,,,,,,,,,,,,,,,,
BCH.BK,,,,,,,,,,,,,,,,,,,,,,,,,,
603456.SS,,,,,,,,,,,,,,,,,,,,,,,,,,
DURYY,,,,,,,,,,,,,,,,,,,,,,,,,,
D9W.F,,,,,,,,,,,,,,,,,,,,,,,,,,
603897.SS,,,,,,,,,,,,,,,,,,,,,,,,,,
MELI.BA,,,,,,,,,,,,,,,,,,,,,,,,,,
MTSI,,,,,,,2024.0,4.0,0.3102185878088831,UNITED STATES,0.44913909136514535,13.0,CHINA,0.3682078922040424,0.24355997576681315,0.04326139786743821,0.147003734811542,0.1251852617260456,0.24355997576681315,0.24355997576681315,,,,,,
MOH.AT,,,,,,,,,,,,,,,,,,,,,,,,,,
EMSN.SW,,,,,,,,,,,,,,,,,,,,,,,,,,
8415.TWO,,,,,,,,,,,,,,,,,,,,,,,,,,
A55.SI,,,,,,,,,,,,,,,,,,,,,,,,,,
MLX.AX,,,,,,,,,,,,,,,,,,,,,,,,,,
5H9.F,,,,,,,,,,,,,,,,,,,,,,,,,,
000426.SZ,,,,,,,,,,,,,,,,,,,,,,,,,,
037070.KQ,,,,,,,,,,,,,,,,,,,,,,,,,,
601678.SS,,,,,,,,,,,,,,,,,,,,,,,,,,
ELSTR.AT,,,,,,,,,,,,,,,,,,,,,,,,,,
USHAMART.NS,,,,,,,,,,,,,,,,,,,,,,,,,,
7276.T,,,,,,,,,,,,,,,,,,,,,,,,,,
LAU.AX,,,,,,,,,,,,,,,,,,,,,,,,,,
Q0X.SI,,,,,,,,,,,,,,,,,,,,,,,,,,
3895.T,,,,,,,,,,,,,,,,,,,,,,,,,,
300595.SZ,,,,,,,,,,,,,,,,,,,,,,,,,,
IVL.BK,,,,,,,,,,,,,,,,,,,,,,,,,,
VIPPYSP.BO,,,,,,,,,,,,,,,,,,,,,,,,,,
NOVT,2025.0,4.0,0.2597917794796869,Robotics and Automation,0.3248796655109117,14.0,2025.0,6.0,0.33264889756233196,UNITED STATES,0.5292749337140527,14.0,CHINA,0.10216172748988916,0.09504487048745666,0.005961441025094466,0.07967700050025879,0.03303151451943376,0.09504487048745666,0.09504487048745666,Advanced Surgery,0.16139169257447805,0.24724046502141547,0.027325690648097728,0.10721376274554724,0.03303151451943376
CTO.SI,,,,,,,,,,,,,,,,,,,,,,,,,,
BSDGF,,,,,,,,,,,,,,,,,,,,,,,,,,
SAMS.PA,,,,,,,,,,,,,,,,,,,,,,,,,,
SEKEF,,,,,,,,,,,,,,,,,,,,,,,,,,
MOD,2018.0,7.0,0.17481786878654876,Automotive,0.2501069849270125,6.0,2016.0,5.0,0.299876318585764,United States,0.4640295748613678,4.0,Other Geographic Segment,0.1927803379416282,0.22964879852125694,0.05563115617963704,0.1286737417938211,-0.09616412723870627,0.1078743068391867,0.0,Off-Highway,0.3372781065088757,0.12895249869240644,-0.005977641028152458,0.18685206903844642,0.39926813040585496
190510.KQ,,,,,,,,,,,,,,,,,,,,,,,,,,
6405.T,,,,,,,,,,,,,,,,,,,,,,,,,,
HCTPF,,,,,,,,,,,,,,,,,,,,,,,,,,
LTTS.NS,,,,,,,,,,,,,,,,,,,,,,,,,,
MRAAF,,,,,,,,,,,,,,,,,,,,,,,,,,
CCOI,2025.0,4.0,0.464261477416411,On-net,0.5447094897752125,1.0,2025.0,5.0,0.7217576565383754,North America,0.8398765687675119,15.0,Europe,0.05069580792945483,0.12504124964386953,0.012963697583458611,0.06390529297667674,-0.05823546670990554,0.009629357858338987,0.0,,,,,,
1378.HK,,,,,,,,,,,,,,,,,,,,,,,,,,
1818.HK,,,,,,,,,,,,,,,,,,,,,,,,,,
PKPK.JK,,,,,,,,,,,,,,,,,,,,,,,,,,
688630.SS,,,,,,,,,,,,,,,,,,,,,,,,,,
JYOTI.BO,,,,,,,,,,,,,,,,,,,,,,,,,,
4641.T,,,,,,,,,,,,,,,,,,,,,,,,,,
KEPL3.SA,,,,,,,,,,,,,,,,,,,,,,,,,,
SCM.BK,,,,,,,,,,,,,,,,,,,,,,,,,,
ABLZF,2023.0,2.0,0.7283651264974296,Products,0.8379091050100822,6.0,2023.0,3.0,0.3354126211098699,Europe,0.3588645881805491,6.0,Americas,0.15846652042202036,0.3440359857297968,0.018932406296257476,0.06868812248285838,0.09471575086599193,0.2970994260896541,0.0,Products,0.3006838100741598,0.8379091050100822,0.13268598472209736,0.12521627689637638,0.09471575086599193
RCS.MI,,,,,,,,,,,,,,,,,,,,,,,,,,
UNIABEXAL.BO,,,,,,,,,,,,,,,,,,,,,,,,,,
OSIAJEE.BO,,,,,,,,,,,,,,,,,,,,,,,,,,
MURUDCERA.NS,,,,,,,,,,,,,,,,,,,,,,,,,,
300801.SZ,,,,,,,,,,,,,,,,,,,,,,,,,,
PAY.L,,,,,,,,,,,,,,,,,,,,,,,,,,
AMPY,2025.0,2.0,0.9463576992098501,Oil and Gas,0.9724180877198978,8.0,,,,,,,,,,,,,,,Oil and Gas,-0.09503802227624814,0.9724180877198978,0.012084710271063281,,-0.10628442281653716
EB5.SI,,,,,,,,,,,,,,,,,,,,,,,,,,
BDH.BO,,,,,,,,,,,,,,,,,,,,,,,,,,
AVTNPL.NS,,,,,,,,,,,,,,,,,,,,,,,,,,
GOAU3.SA,,,,,,,,,,,,,,,,,,,,,,,,,,
PZRIF,,,,,,,,,,,,,,,,,,,,,,,,,,
009190.KS,,,,,,,,,,,,,,,,,,,,,,,,,,
1410.HK,,,,,,,,,,,,,,,,,,,,,,,,,,
3659.T,,,,,,,,,,,,,,,,,,,,,,,,,,
