symbol,name,sector,industry,market_cap_bucket,currency,market_cap,enterprise_value,price,revenue_ttm,ebitda_ttm,cfo_ttm,fcf_ttm,ebitda_margin,fcf_margin,cash_conversion,roce,net_debt_ebitda,ev_sales,ev_ebitda,ev_ebit,pb,fcf_yield,ncav,ncav_pct_mcap,cash_pct_mcap,cash_pct_ev,net_cash,net_cash_pct_mcap,cash_gt_ev_flag,balance_sheet_date,mcap_to_ncav,graham_net_net_flag,p_s,p_e,p_ocf,gross_profit_ttm,gross_margin,gross_profit_to_mcap,debt_to_equity,insider_ownership_pct,analyst_target_mean,analyst_target_upside_pct,momentum_12m,berezin_classic_flag,berezin_score,cheapness_growth_blend,cheapness_ev_ebit_vs_growth,cheapness_under_7x_flag,cheapness_blend_vs_growth,rev_yoy,ebitda_yoy,cfo_yoy,fcf_yoy,ebitda_margin_delta_yoy,fcf_margin_delta_yoy,rev_qoq_ttm,ebitda_qoq_ttm,cfo_qoq_ttm,fcf_qoq_ttm,rev_seq,ebitda_seq,cfo_seq,fcf_seq,rev_accel,ebitda_accel,cfo_accel,fcf_accel,rev_inflection,ebitda_inflection,cfo_inflection,fcf_inflection,ebitda_first_positive,cfo_first_positive,fcf_first_positive,net_income_first_positive,roce_prev,roce_delta_yoy,roce_inflection,roce_first_positive,fcf_run_rate_delta,fcf_eta_quarters,fcf_eta_years,ebitda_eta_years,cfo_eta_years,ni_eta_years,fcf_projected_positive_in_n,price_yoy,price_minus_rev_yoy,price_minus_ebitda_yoy,price_minus_fcf_yoy,ev_sales_change_yoy,not_priced_in_score,yartseva_score,notes
PALM.JK,PT Provident Agro Tbk,Consumer Staples,Household Products,Micro Cap,IDR,5335263739904.0,8316565585920.0,340.0,2247216100000.0,5913443674000.0,,852578651000.0,2.6314530560723557,0.37939326395890455,,0.5263643417460715,0.5018115391962047,3.7008303678137584,1.4063828192844643,1.4067567332428708,0.645596330896072,0.15980065701781798,-2824046209000.0,-0.5293170772192819,0.053748031958615,0.03448057049961663,-2967434272000.0,-0.5561926113990748,0,2026-03-31,,0,2.3741658578825597,0.9561036,,2223764479000.0,0.9895641451661012,0.4168049767376661,0.39377544141611415,0.95945,,,-0.15841584158415842,0,0.4781661695098278,6.593327151631081,0.21336067525405017,1,0.10550831332203717,15.015066283740756,4.436984455376448,,1.1851785087713644,14.893043314249738,33.19102086707625,0.014687031703695355,1.7209267143095297,,0.018111526734030766,3.808321732132924,11.764305502360667,,0.9174962297331241,13.819791221354262,1.8033430868166282,,1.8661767066590542,0,0,0,1,1,0,1,1,-0.22212009836260238,0.7484844401086739,1,1,15166807000.0,0.0,0.0,0.0,,0.0,0,-0.15841584158415842,-15.173482125324915,-4.595400296960607,-1.3435943503555228,-0.9474504729792933,5.514981811405085,0.8931592017073071,growth-flip; first-positive: FCF/EBITDA/NI/ROCE; ROCE improving from <=0; accelerating sales; under-priced vs fundamentals; cheap+grow (EV/EBIT 1.4x)
SKBM.JK,PT Sekar Bumi Tbk,Consumer Staples,Food & Staples Retailing,Nano Cap,IDR,916954677248.0,1274830389248.0,530.0,3353592110201.0,218165686540.0,,-12332934977.0,0.06505432961760042,-0.0036775298163081666,,0.15489393755541053,1.3174129755198853,0.3801387728013208,5.843404659395252,6.120037458177792,0.8756312060262385,-0.013449885019414572,380165321593.0,0.4145955422071317,0.3953218132775391,0.284345422544271,-297626439085.0,-0.3245814067694687,0,2026-03-31,2.411989271945429,0,0.2734246286120472,7.9116287,,982871117963.0,0.29308010207123575,1.0718862582312476,0.630369724791934,0.75308,,,0.6358024691358025,0,0.597035185195489,1.5154436193684386,4.038446155277171,1,1.1849722757731966,0.4777629183568759,5.4258930635008795,,-3.1292457897120114,0.08677534153726318,-0.0023614257453826613,0.1127883781504674,0.39746172125674994,,0.7753597687288907,0.1821914348660562,1.1325172901870213,,-0.4568049044660388,0.5287842995879318,5.834985793424382,,-16.342718553569725,1,1,0,0,1,0,0,1,-0.05132420797333088,0.2062181455287414,1,1,42567894261.0,0.28972386797857724,,0.0,,0.0,1,0.6358024691358025,0.15803955077892662,-4.790090594365077,3.765048258847814,0.10694513227781546,0.19001441311513023,0.7719113658124918,growth-flip; first-positive: EBITDA/NI/ROCE; ROCE improving from <=0; FCF break-even ETA 0.3q; accelerating sales; under-priced vs fundamentals; cheap+grow (EV/EBIT 6.1x)
BOSS.JK,PT. Borneo Olah Sarana Sukses Tbk,Materials,Metals & Mining,Nano Cap,IDR,70000001024.0,216946483728.0,50.0,456751065782.0,78691473264.0,,-40928587248.0,0.17228525373941478,-0.08960808263890195,,0.47386351696106765,1.8673749087275697,0.4749775095906292,2.756924921206797,3.1463718052194265,,-0.5846940949896178,-439853891412.0,-6.283626928250944,0.21877213659967618,0.07058906658842291,-184892632746.0,-2.641323286304071,0,2022-12-31,,0,0.1532563496138833,,,184644250640.0,0.4042557630902776,2.6377749705559776,,,,,0.0,0,0.6610624782832166,2.546835729736953,1.235404297372723,1,,9.494401883434714,1.5340188124933916,,-0.49220008518355424,3.5579912420529185,0.540591071317714,,,,,9.494401883434714,1.5340188124933916,,-0.49220008518355424,,,,,0,0,0,0,1,0,0,1,-1.129131013062225,1.6029945300232926,1,1,,,,0.0,,0.0,0,0.0,-9.494401883434714,-1.5340188124933916,0.49220008518355424,-0.9047111011082501,2.8602329279632,0.7383283963633022,first-positive: EBITDA/NI/ROCE; ROCE improving from <=0; under-priced vs fundamentals; cheap+grow (EV/EBIT 3.1x)
HOTL.JK,PT. Saraswati Griya Lestari Tbk,Consumer Discretionary,"Hotels, Restaurants & Leisure",Nano Cap,IDR,177500012544.0,189268092507.0,50.0,2982198590.0,75519873831.0,,-2211919938.0,25.323556279664125,-0.7417077941814734,,0.18845719246858325,0.1558275903550218,63.465958686205404,2.506202445869391,2.6715011571207703,0.4874178676839944,-0.012461519896803911,-72332723617.0,-0.4075082732688238,0.0038143999783220657,0.003577232881844357,-11768079963.0,-0.06629903735968944,0,2024-09-30,,0,59.51984993192556,,,1730916388.0,0.5804162049449564,0.009751640933382625,0.03417454212328892,,,,0.0,0,0.4465787337602561,44.21256117608655,0.06042403077444238,1,0.023826980178983104,0.4135561016643206,132.16384149868833,,0.5280801290827786,25.596468898614194,1.47995237045506,,,,,,,,,1.379997058860587,131.2007892393408,,0.25376162409704406,1,0,0,0,1,0,0,1,-0.002735271014814903,0.19119246348339816,1,1,2475146817.0,,0.893652014017074,0.0,,0.0,1,0.0,-0.4135561016643206,-132.16384149868833,-0.5280801290827786,-0.29256433556291095,33.34951051624958,0.7299087386713042,growth-flip; first-positive: EBITDA/NI/ROCE; ROCE improving from <=0; FCF break-even ETA 0.9y; accelerating sales; under-priced vs fundamentals; cheap+grow (EV/EBIT 2.7x)
PADI.JK,PT Minna Padi Investama Sekuritas Tbk,Financials,Capital Markets,Micro Cap,IDR,961115979776.0,860984442880.0,85.0,15383842880.0,14160683912.0,,8883464639.0,0.9204906746941502,0.5774541971271095,,0.22401619036219814,-8.174898394695557,55.96679903688668,60.801049457109016,77.98066093881286,5.8232242545426764,0.009242864363851699,123836120274.0,0.1288461776515895,0.1205388594953969,0.13455739532003005,115762152180.0,0.12044555976166353,0,2026-03-31,7.761192595903628,0,62.475675764052006,111.84211,,5496014507.0,0.35725888192378624,0.005718367629555919,0.0005433052724186075,0.06112,,,0.9318181818181818,0,0.37261848628330096,2.300831020559948,33.892389420164754,0,13.059125899891235,4.043720506982443,2.3735455363791194,,0.8416078589849699,4.300573511030153,-1.0040538104996402,0.2677202353091806,1.4034258999578653,,6.18215710213354,-0.15048580632793937,1.3898715269257746,,3.451961613909147,2.598387140684481,1.0815793250594277,,-1.8684852147887892,0,0,0,0,1,0,0,1,-0.20681341868635417,0.4308296090485523,1,1,10597705343.0,0.0,0.0,0.0,,0.0,0,0.9318181818181818,-3.1119023251642615,-1.4417273545609377,0.09021032283321184,-0.6169854814231271,1.2701012095787787,0.7071430693404567,first-positive: EBITDA/NI/ROCE; ROCE improving from <=0; accelerating sales; under-priced vs fundamentals
MKNT.JK,PT Mitra Komunikasi Nusantara Tbk,Information Technology,Communications Equipment,Nano Cap,IDR,5500000256.0,5557103616.0,1.0,3688737835.0,-8243601974.0,,-110317402.0,-2.2348028899700867,-0.029906544442728063,,,,1.5065054402273617,-0.674111102589243,,,-0.020057708520950294,-830950797878.0,-151.08195621836714,0.0007908603268254103,0.0007827336505794604,,,0,2025-12-31,,0,1.4910249798221293,,,-3833379167.0,-1.0392116052888318,-0.6969779979224786,,0.33894002,,,0.0,0,0.24264705882352944,-20.555205427514966,,0,,14.506982295350353,-1.0985595223947273,,0.9338781073660936,14.278928780989645,6.983810648381279,,,,,14.506982295350353,-1.0985595223947273,,0.9338781073660936,15.506833183824568,-0.03873535674532613,,1.9996375160469584,1,0,0,1,0,0,0,0,,,0,0,1558077098.0,,0.07080355788658155,,,0.20048033525652503,1,0.0,-14.506982295350353,1.0985595223947273,-0.9338781073660936,-0.935512920505504,3.8194534502068054,0.6982751628397729,growth-flip; FCF break-even ETA 0.1y; accelerating sales; under-priced vs fundamentals
PEHA.JK,"PT Phapros, Tbk",Health Care,Pharmaceuticals,Micro Cap,IDR,231840006144.0,824115527680.0,276.0,961296967000.0,119081122000.0,,175082491000.0,0.12387547874162803,0.18213153376151242,,0.10313952102913027,4.69222626236256,0.8572954622460595,6.9206227976253025,8.021230697567916,0.557238521092273,0.7551867079025745,-323704466000.0,-1.396240758374296,0.5917068942570429,0.16645885848818376,-580092020000.0,-2.5021221731666725,0,2026-03-31,,0,0.24117417832651916,6.5698647,,507319170000.0,0.5277444821065372,2.18822962627466,1.7240007340434775,0.73135,,,0.03759398496240601,0,0.6268444406490766,0.4026576094301398,19.920722990731363,0,5.0114280390113795,0.29086062049815303,1.4209207623494577,,0.3886236492599125,0.5037711542611127,0.012822574628510691,0.0217000703009028,0.08684864742011049,,0.4998788454719205,-0.14073766353644748,-0.6473419458942036,,-0.4662794433528668,0.521399670747891,5.588339496862006,,-3.0022321186747143,1,1,0,0,1,0,0,1,-0.288046788556832,0.3911863095859623,1,1,58351402000.0,0.0,0.0,0.0,,0.0,0,0.03759398496240601,-0.253266635535747,-1.3833267773870517,-0.3510296642975065,-0.19619983096084337,0.545955727045287,0.6898841465220863,growth-flip; first-positive: EBITDA/NI/ROCE; ROCE improving from <=0; accelerating sales; under-priced vs fundamentals; cash 59% of mcap
STAR.JK,PT Buana Artha Anugerah Tbk,Consumer Discretionary,"Textiles, Apparel & Luxury Goods",Nano Cap,IDR,2073600196608.0,1534815240192.0,432.0,6618150922.0,24910009068.0,,-2693512824.0,3.7638925678159385,-0.406988727779877,,9.961762546543515,-21.500206154200345,231.90997882656023,61.614399095649496,62.95360677542679,3.854148669811522,-0.0012989547495250312,536284006141.0,0.25862459263760423,0.25878082891426446,0.3496238268052852,535570330265.0,0.2582804202763325,0,2025-12-31,3.866608313623301,0,313.32017372329125,90.0,,2222479512.0,0.3358157796933964,0.001071797502544385,0.0019286492862475592,0.32186002,,,13.89655172413793,0,0.42745923134489466,1.7212781786767035,36.57375522172988,0,14.042794220285758,0.6298728804981503,4.1275674406546035,,0.5541638371171078,2.567483843329504,1.0808670033199468,0.18959900906598795,1.3145201270308011,,0.22823660517762281,0.373394618984238,3.6849379337709416,,-0.9775271575919723,0.772892243792943,3.7518693916901564,,62.70278710399088,1,0,0,1,0,0,0,0,2.211760455003486,7.750002091540029,0,0,796563075.0,3.381418130635794,0.8045204919942776,0.0,,0.0,1,13.89655172413793,13.266678843639781,9.768984283483327,13.342387887020823,8.139701569600316,-11.129438145936064,0.6739130434782611,growth-flip; FCF break-even ETA 3.4q; accelerating sales
TRIM.JK,PT Trimegah Sekuritas Indonesia Tbk,,,,IDR,3540431405056.0,1592186634240.0,498.0,969642139000.0,955169638000.0,,-1285202009000.0,0.9850743893876914,-1.3254395176404354,,0.22312238310161017,2.6933156191884735,1.6420353140613664,1.666915038855119,1.6992532365442858,1.6008917194607621,-0.36300717679902955,2114996555000.0,0.5973838532726908,0.4075815342557598,0.9063098715740667,-1987915947000.0,-0.561489750701315,0,2026-03-31,1.6739655658947397,0,3.6512763448041525,1.2884864,,816193725000.0,0.8417473748013338,0.23053510479949266,1.551378195654982,0.81343,,,0.36813186813186816,0,0.4737475662666385,0.33213526265590604,5.116148231164246,1,1.6894354656410215,0.7416234355338548,1.2117775810316853,,-2.511374310468335,0.20939574203403255,-0.6680283953276502,0.11516510024061309,0.07572658292905135,,0.213377988756234,0.10890161549642965,-0.2506697595156309,,1.6115229576452823,0.37404484094935697,0.5821347579175318,,-3.590030015570841,0,0,0,0,0,0,0,0,0.16082645094088827,0.062295932160721906,0,0,348622103000.0,3.686519007086593,,0.0,,0.0,1,0.36813186813186816,-0.37349156740198663,-0.8436457128998172,2.879506178600203,-0.2144502421027088,-0.3619796640489227,0.6731341649848055,FCF break-even ETA 3.7q; accelerating sales; cheap+grow (EV/EBIT 1.7x)
TCID.JK,PT. Mandom Indonesia Tbk,,,,IDR,1117930651648.0,455810154496.0,2780.0,2151122632278.0,91358493600.0,,88897832520.0,0.04247014662444094,0.041326250389480956,,0.06397833869051658,-7.247474918960354,0.21189408156303263,4.989247704670998,6.077958743884222,0.6094604513817524,0.07951998846167341,1157732063541.0,1.0356027557114806,0.599637773812532,1.4706856365940895,662118391000.0,0.592271434747707,1,2026-03-31,0.965621223470943,0,0.5196963831225799,99.002846,,563792090912.0,0.26209202695011136,0.5043175890032934,0.004489492331479317,0.78369004,,,0.112,0,0.43048619250124953,1.3985169361932808,4.3460029596983185,1,3.708969617954477,0.15691058689856474,1.646129039765763,,3.7494196081195477,0.1185140314106167,0.058715657394223825,-0.0005236115458391399,7.771061347463878,,2.3772826386378445,-0.09116669207871753,3.1289425631044696,,1.4470901345470042,0.2476478788682402,4.4451822048586696,,-0.6308638132922753,1,1,0,0,1,0,1,1,-0.13969180644943288,0.20367014513994947,1,1,153443649062.0,0.0,0.0,0.0,,0.0,0,0.112,-0.04491058689856474,-1.534129039765763,-3.6374196081195476,-0.038819410425623695,1.3138196613023747,0.6625752663789362,"growth-flip; first-positive: FCF/EBITDA/NI/ROCE; ROCE improving from <=0; accelerating sales; under-priced vs fundamentals; cheap+grow (EV/EBIT 6.1x); cash 60% of mcap; cash > EV (1.47x, net cash 59% mcap)"
HRTA.JK,PT Hartadinata Abadi Tbk,Consumer Discretionary,"Textiles, Apparel & Luxury Goods",Micro Cap,IDR,10914471346176.0,12307934478336.0,2370.0,57918635412175.0,1969277922286.0,,2104474339837.0,0.034000765181564356,0.03633501246810489,,0.3834011045746097,0.6965041395710116,0.21250387532004536,6.249973322225926,6.373520825896257,2.987161755354058,0.19281505013747868,2961136939673.0,0.2713037439701984,0.2497948272610762,0.2215138932826525,-1382980116302.0,-0.12671068276582553,0,2026-03-31,3.6859056398051253,0,0.1884448980626654,8.650582,,2322869614292.0,0.04010573795051312,0.21282474804479118,1.1246828602324348,0.75851995,3502.5,0.4778481012658229,2.454085223484102,0,0.506102704278922,1.9192460711178423,3.3208460977513297,1,2.7436464740110447,2.177344574004722,1.2344224557196162,,4.420638623288178,-0.014348259634720632,0.07008568520094938,0.30012759184608,0.2233919968026219,,1.5275476216435075,0.041497117814198764,0.055848521913432335,,2.557535351599779,1.0260765102350142,0.5382096648198333,,2.7133652270508337,0,0,0,1,0,0,1,0,0.15427744986149092,0.22912365471311877,0,0,1271859230307.0,0.0,0.0,0.0,,0.0,0,2.454085223484102,0.2767406494793798,1.2196627677644858,-1.9665533998040758,0.08709809182910754,0.09576297268277567,0.6540900734742485,growth-flip; first-positive: FCF; accelerating sales; cheap+grow (EV/EBIT 6.4x)
WIIM.JK,PT Wismilak Inti Makmur Tbk,Consumer Staples,Tobacco,Micro Cap,IDR,3672950702080.0,3518754717696.0,1760.0,6263532123680.0,603054152597.0,,236696288888.0,0.09628020431428534,0.03778958648477951,,0.26407224091062736,-0.25932627942537106,0.5617844130459466,5.834890121463869,6.051258918784586,1.5573882730901185,0.0644430889731132,1610704366911.0,0.4385314417639351,0.09992686434782588,0.10430577747212813,156387789685.0,0.042578243589394556,0,2026-03-31,2.28033820329423,0,0.5864024690148854,7.4130235,,1400450243814.0,0.22358793986534173,0.3812875144283646,0.08931406944707349,0.78477997,2773.3333,0.5757575568181816,1.3887710899106087,0,0.48283527964890716,1.3304121944895881,4.548409089940842,1,9.354723975088802,0.31839136417971603,0.4949567594139015,,5.9172454779863575,0.01137140069164587,0.047921572919155775,0.04870161296330734,0.1360238117283525,,15.712608037947028,-0.09159772478209409,0.06238040434961947,,3.6933010763407688,0.36867759579951487,0.8566373062098946,,2.9966047928001682,1,1,0,0,0,0,1,0,0.20273806477495002,0.06133417613567735,0,0,222533550891.0,0.0,0.0,0.0,,0.0,0,1.3887710899106087,1.0703797257308927,0.8938143304967072,-4.5284743880757485,0.8118831439683071,0.4380992969699604,0.6455112451449994,growth-flip; first-positive: FCF; accelerating sales; under-priced vs fundamentals; cheap+grow (EV/EBIT 6.1x)
LPCK.JK,PT Lippo Cikarang Tbk,Real Estate,Real Estate Management & Development,Micro Cap,IDR,2644363182080.0,2948734124032.0,515.0,3984293000000.0,376423000000.0,,-749758000000.0,0.09447673652515014,-0.18817842964862272,,0.047696789853670894,1.2528219582756632,0.7400896781516821,7.833565228564673,8.740848920062486,0.3916983184881692,-0.283530645518312,4909164000000.0,1.8564636027561674,0.1770543483485226,0.15877864205668177,-321804000000.0,-0.12169432783694856,0,2026-03-31,0.5386585541000464,1,0.6636969675874741,48.768936,,729395000000.0,0.18306761074047517,0.27583011476747055,0.11701935411241561,0.89,,,0.03,0,0.41951793113831193,-0.6736835436253701,,0,3.872349520247879,1.1074147086094572,1.2509848084790876,,-10.615363898685477,0.8877584709099271,-0.22942179751936476,-0.04436607202177265,0.7435627834158588,,-0.037210524859585536,-0.2923096817871494,53.45326897762176,,0.7211291785752607,0.4997373982842115,7.886014329573041,,-16.31027826255193,0,1,0,0,1,0,0,1,-0.26143517120191645,0.3091319610555873,1,1,,,,0.0,,0.0,0,0.03,-1.0774147086094572,-1.2209848084790875,10.645363898685476,-0.5112494964602251,-1.9589287212841766,0.6401586968560717,growth-flip; first-positive: EBITDA/NI/ROCE; ROCE improving from <=0; accelerating sales; Graham net-net (mcap 0.54x NCAV)
BOLA.JK,PT Bali Bintang Sejahtera Tbk,Consumer Discretionary,"Hotels, Restaurants & Leisure",Micro Cap,IDR,936000028672.0,674194456576.0,156.0,374248858540.0,162118982178.0,,-27661782302.0,0.43318497432550646,-0.07391280339481246,,0.31422954404687803,-1.3988652716990413,1.8014602882320925,4.158639830564456,5.205272792210221,1.464857614043746,-0.029553185314798152,450943547174.0,0.48177727923128405,0.25887911817886533,0.3594079715051543,226782614052.0,0.2422891101550071,0,2026-03-31,2.0756479043502916,0,2.5010097086828114,22.413794,,244830312329.0,0.6541912065787433,0.26157083849277873,0.024301999570795547,0.75761,,,0.6421052631578947,0,0.4428166820608706,5.301551483172148,0.9818395254167522,1,0.4151371551039963,0.11714412315240792,15.95014911775981,,-0.807054862022837,0.4655545543540286,-0.028218975457677827,0.04882344521283378,0.05120704945980243,,0.3083929342080456,-0.4856580626485161,-0.9583950646060303,,-1.692930611661604,0.14312071432564188,16.5047535923176,,-2.376821169775104,1,1,0,0,1,0,0,1,-0.14393402015808057,0.45816356420495863,1,1,12334602452.0,2.24261644504925,,0.0,,0.0,1,0.6421052631578947,0.5249611400054868,-15.308043854601916,1.4491601251807318,0.4699135314109047,3.216002264501198,0.6348977554252391,growth-flip; first-positive: EBITDA/NI/ROCE; ROCE improving from <=0; FCF break-even ETA 2.2q; accelerating sales; under-priced vs fundamentals; cheap+grow (EV/EBIT 5.2x)
TUGU.JK,PT Asuransi Tugu Pratama Indonesia Tbk,,,,IDR,4124467527680.0,4467126454680.0,1160.0,7955709690000.0,,,365651927000.0,,0.04596094393182917,,0.30297619941017834,,0.5614994298113962,,4.486768837689001,0.4409663240336022,0.08865433526777651,,,1.6390254566515012,1.513301076560694,6067108494000.0,1.4710040637446185,1,2026-03-31,,0,0.5184286114492446,6.706753,,,,,0.07409177598915359,0.62658,,,0.29227583714995214,0,0.5844098320478902,0.5601988474438252,8.00924325025306,1,,0.5427878658963142,,,0.5950208105388474,,0.0015051060301205649,-0.14584294766141853,,,-0.6006815208412045,5.998886461990474,,,-1.9240805790205662,0.14970151523587338,,,3.864146226512742,0,0,0,1,0,0,0,0,0.29727534265492445,0.005700856755253891,0,0,136406061000.0,,0.0,,,0.0,0,0.29227583714995214,-0.2505120287463621,,-0.3027449733888952,-0.16237619849364193,0.23854440020963308,0.6329424010581687,"growth-flip; accelerating sales; under-priced vs fundamentals; cheap+grow (EV/EBIT 4.5x); cash 164% of mcap; cash > EV (1.51x, net cash 147% mcap)"
TPIA.JK,PT. Chandra Asri Petrochemical Tbk,Materials,Chemicals,Large Cap,IDR,164335313747968.0,164338685968384.0,1900.0,7247558000.0,2111905000.0,,-630041000.0,0.2913953913856226,-0.08693148781975943,,0.2891036561782888,1.1514177957815337,22675.04254100264,77815.37804417529,91111.07499530636,42510.260218628064,-3.8338746896863515e-06,-1860761000.0,-1.1322952794271269e-05,2.014504323201765e-05,2.0144629856885265e-05,-2373221000.0,-1.444133306393097e-05,0,2026-03-31,,0,22674.577250429455,5.1098623,,598282000.0,0.08254946010780459,3.6406173837812612e-06,1.4702758563601654,0.89317,1090.0,-0.4263157894736842,-0.788507969160166,0,0.25485184343709494,5.070339391083533,17969.423339891237,0,8750.968078293628,3.059428777549004,12.209891601458658,,-0.11659308856133685,0.2018489459548869,0.22911218730755353,0.3427378887308556,0.21419068710646263,,-3.826901713821661,0.2534937602763407,12.640465593974666,,-2.4749485536374976,3.105391786780086,8.359443083288605,,17.045515515083718,1,0,0,1,0,0,0,1,0.015403670023793227,0.2736999861544956,0,0,,,,0.0,,0.0,0,-0.788507969160166,-3.84793674670917,-12.998399570618824,-0.6719148805988291,-0.9479010367149419,4.616538058660442,0.6070498065675921,growth-flip; first-positive: NI; accelerating sales; under-priced vs fundamentals
EMTK.JK,PT Elang Mahkota Teknologi Tbk,Communication Services,Media,Mid Cap,IDR,40074540482560.0,31700203601920.0,655.0,19980897000000.0,6088232000000.0,,881870000000.0,0.3047026367234664,0.04413565617199268,,0.43058093667866154,-4.024539307963297,1.5865255499750586,5.206799544090961,5.942305570120255,1.0862727134587629,0.022005742034241917,26111256000000.0,0.6515671966685016,0.6705917441946744,0.8477439557634996,24502329000000.0,0.6114188386180783,0,2026-03-31,1.5347611192108108,0,2.0056427137660537,14.183629,,5146718000000.0,0.25758192937984714,0.12842862171407293,0.06427791270392819,0.92199,,,0.17043990091606398,0,0.4170736576731993,0.5665649319311981,10.48830457943322,1,5.217488429266643,0.6332982519670428,0.7138208416093538,,0.05358420776589301,0.014316225351054757,-0.024284779084903063,0.13019626521559843,-0.2708997490747648,,-0.4634966312817994,0.0855218193966247,-1.1883439848761774,,-0.9071774540422269,0.23913861539928405,-4.478180359565609,,-3.4833707442765114,0,0,0,0,0,0,0,0,0.1084023800446303,0.3221785566340312,0,0,44851000000.0,,0.0,0.0,,0.0,0,0.17043990091606398,-0.46285835105097883,-0.5433809406932898,0.11685569315017097,-0.283388750642169,0.2931930873090667,0.6062246698317784,accelerating sales; under-priced vs fundamentals; cheap+grow (EV/EBIT 5.9x); cash 67% of mcap
JAWA.JK,PT Jaya Agra Wattie Tbk,Consumer Staples,Household Products,Nano Cap,IDR,2110283710464.0,4419187376128.0,130.0,1620840615544.0,116642635087.0,,-25504397853.0,0.07196428443881969,-0.015735290446457627,,0.049911360971397936,8.567893878122637,2.726478676402612,37.88655299866871,38.0702403681447,1.5919346577694584,-0.012085767295901747,-2075545783037.0,-0.9835387406656511,7.949906411546552e-05,3.796299312997058e-05,-1000110269688.0,-0.4739221862581217,0,2026-03-31,,0,1.301968676146315,,,154185596778.0,0.09512693308604618,0.07306391837905925,0.7545797107056021,0.92499,,,0.23809523809523808,0,0.36059788428622186,5.020865380087179,7.582406116509675,0,2.6256831934855507,0.5137103608526876,14.591758236546255,,0.8977938263908339,0.07997892692072361,0.2173100466279078,-0.0695183085274206,-0.29223125499467145,,0.3610675508793326,-0.10726177863369847,2.2989158623230463,,0.5903323743048403,0.4319458795143391,19.363046531080432,,1.034188721363605,0,0,0,1,1,0,0,0,-0.003969058027319005,0.05388041899871694,1,1,14412807617.0,1.7695648572258327,0.11384147518594429,0.0,,0.6306088237395102,1,0.23809523809523808,-0.27561512275744954,-14.353662998451018,-0.6596985882955959,-0.18207916777565883,3.86776396931993,0.603816436319561,growth-flip; first-positive: EBITDA/ROCE; ROCE improving from <=0; FCF break-even ETA 1.8q; accelerating sales; under-priced vs fundamentals
MERK.JK,PT Merck Tbk,Health Care,Pharmaceuticals,Micro Cap,IDR,1796480040960.0,1371962474496.0,4010.0,1268610761000.0,403751389000.0,,420179779000.0,0.3182626235030021,0.33121252941980994,,0.6416321501770264,-1.0514329896212444,1.0814684193712274,3.3980377823443226,3.4690490976619963,1.7259019423676694,0.23389059127841189,815694104000.0,0.4540513033276511,0.24667136004650267,0.32299730002658467,424517530000.0,0.23630517474224041,0,2026-03-31,2.2023942948103006,0,1.4161002698289424,6.0752974,,621850688000.0,0.49018241616507935,0.34614951116723597,0.01789101935156941,0.86651003,,,0.18425648123340055,0,0.4681405560447173,2.0991088035473124,1.6526294834263013,1,4.452494833439561,0.2236446244223145,0.9431059804327518,,9.80710030824609,0.11784105498039446,0.2937106630906315,0.056588541624003744,0.19471599896347241,,0.16507526372693643,-0.2676230834587882,-0.5593203407192302,,-0.5822038048214419,0.07977412217892037,0.664084226422092,,9.064545687139963,0,1,0,1,0,0,0,0,0.2698024747105979,0.3718296754664285,0,0,59533740000.0,0.0,0.0,0.0,,0.0,0,0.18425648123340055,-0.039388143188913954,-0.7588494991993513,-9.622843827012689,-0.032189201343902574,2.613317667686214,0.596383645462715,growth-flip; accelerating sales; under-priced vs fundamentals; cheap+grow (EV/EBIT 3.5x)
TINS.JK,PT TIMAH Tbk,Materials,Metals & Mining,Small Cap,IDR,23981765689344.0,21930505666560.0,3220.0,14629922000000.0,3432837000000.0,,3548335000000.0,0.23464492838717801,0.24253957061425208,,0.42792268547620327,-0.5951459390585687,1.4990172652020974,6.388449456400056,6.47536073292425,2.4084210286217456,0.14795970596846664,3039064000000.0,0.12672394682558216,0.13194653975816395,0.14428810024316924,2043039000000.0,0.08519135023105488,0,2026-03-31,7.891168362806443,0,1.639227173551848,8.896749,,4183221000000.0,0.28593597423144157,0.17443340303582244,0.11260618165428467,0.70454,4275.0,0.3276397515527951,1.8124093742430083,0,0.4651777393319211,0.5093056291245791,12.714096139197276,1,7.713136945882207,0.3475822881608692,0.8041905668885616,,0.6255641178230309,0.05938442359103063,0.04147581314424953,0.24335566059591984,0.8448445887811141,,0.6311716526557593,0.10517001742975167,0.993031108192628,,0.5530884726365726,-0.22953942089637785,-10.274638124391343,,-184.6206112388774,0,0,0,0,0,0,0,0,0.24210851459127228,0.185814170884931,0,0,1373006000000.0,0.0,0.0,0.0,,0.0,0,1.8124093742430083,1.464827086082139,1.0082188073544467,1.1868452564199774,1.0870038133858835,-1.1867237408106117,0.5920796520970867,cheap+grow (EV/EBIT 6.5x)
RALS.JK,PT Ramayana Lestari Sentosa Tbk,Consumer Discretionary,Household Durables,Small Cap,IDR,2392563122176.0,-299593877824.0,390.0,3134882000000.0,944996000000.0,,1065894000000.0,0.30144547705463876,0.340010883982236,,0.5589317508517943,-2.848855444890772,-0.09556783248109499,-0.3170319004778856,-0.49654331471644575,0.6343556699761881,0.44550297967920927,1724576000000.0,0.7208068970115715,1.2957438703562651,,2692157000000.0,1.1252187978018837,0,2026-03-31,1.3873341170096303,0,0.7632067561637089,6.919801,,1641954000000.0,0.5237689967277875,0.6862740567975768,0.10817354664797278,0.68757004,392.5,0.0064102564102563875,0.1402919631827119,0,0.48901714102483473,0.4933018515366153,-1.0065709527943862,0,0.2688945422138755,0.14227195695130532,0.37024255570893316,,1.2139751868876432,0.05015221984648566,0.1645866515286127,0.2068801301554682,0.3988356309367502,,3.1444641017166632,1.756268430388388,3.0284608842518836,,2.006741181179647,0.09001615982206898,0.19236118655724135,,0.2695324416665995,1,1,0,1,0,0,0,0,0.25424020030663985,0.3046915505451544,0,0,808709000000.0,0.0,0.0,0.0,,0.0,0,0.1402919631827119,-0.0019799937685934244,-0.22995059252622127,-1.0736832237049312,0.0017333821044488893,0.3259701069738242,0.5868038651301781,growth-flip; accelerating sales; under-priced vs fundamentals; cash 130% of mcap
LPGI.JK,PT Lippo General Insurance Tbk,Financials,Insurance,Nano Cap,IDR,2100000063488.0,1697254342656.0,700.0,3644617534967.0,,,480418634574.0,,0.13181592580422843,,,,0.46568791550067756,,,2.0426865231677915,0.2287707714522863,,,0.016826329852252367,0.0208190916764452,,,0,2025-12-31,,0,0.5761921637429137,14.577259,,,,,,0.30964002,,,0.6220838065790089,0,0.3821850963280184,1.2273346960266378,,0,,0.23223923396264293,,,3.217525620154628,,0.09330311756878637,0.07581901519264954,,,0.1891078859156788,0.1316523061034971,,,-0.6953072155691898,0.2933737574019667,,,-3.736084203481401,1,0,0,0,0,0,0,0,,,0,0,76402615284.0,0.0,0.0,,,0.0,0,0.6220838065790089,0.38984457261636596,,-2.595441813575619,0.3163708489971556,0.6297421306540324,0.5748470820525908,growth-flip; accelerating sales; under-priced vs fundamentals
POLA.JK,PT Pool Advista Finance Tbk,Financials,Consumer Finance,Nano Cap,IDR,194362376192.0,100332052480.0,58.0,18146455300.0,,61472664902.0,61396630052.0,,3.3833952161445,,,,5.529016594221572,,,0.873287582660908,0.3158874225295003,,,0.39229482562859486,0.7599501115777433,,,0,2026-03-31,,0,10.710762679474927,76.31579,3.1617691619820514,,,,,0.84013003,,,3.142857142857143,0,0.4793705617833763,0.8058628192144518,,0,,0.32219923522446775,,1.7751270163221848,1.77318998719442,,1.7702628350579257,-0.15623867470439787,,0.15581057164079484,0.15509865758670385,0.3868450285923477,,-0.6211312622398042,-0.6257157587844303,0.8529523022624821,,-0.5810939471202003,-0.5682650883987508,1,0,0,0,0,0,0,1,,,0,0,8243914785.0,0.0,0.0,,0.0,0.0,0,3.142857142857143,2.820657907632675,,1.369667155662723,2.1333077742658166,-2.107877612520405,0.5718819030732162,growth-flip; first-positive: NI; accelerating sales
RODA.JK,PT Pikko Land Development Tbk,Real Estate,Real Estate Management & Development,Micro Cap,IDR,829119856640.0,1926862864384.0,61.0,154832438362.0,-18071881881.0,,81246877031.0,-0.1167189645282711,0.5247406673338302,,-0.008076141178825528,-20.589357388961123,12.444826709238878,-106.62214799056544,,0.4444254811221145,0.0979917154080137,91140614130.0,0.10992453431201905,0.05034138111966953,0.021661655050030548,-372088434739.0,-0.4487752063337196,0,2026-03-31,9.097150206354442,0,5.354949294937204,,,31683713779.0,0.20463227288924507,0.03821367143153215,0.22182012951500038,0.82048,,,0.525,0,0.436020730290994,1.4313906809029606,,0,,0.8326643367070218,-0.08403002627055668,,6.981150930232813,0.08060645868371163,0.6855246900511972,-0.005202745554806165,0.29968071363524396,,0.056319176644960396,-0.20088995652176422,-0.6939376115316283,,-1.073619236936502,1.0124611917719955,1.1825806828179037,,7.103456142776048,1,0,0,1,0,0,1,0,-0.006949486592152228,-0.0011266545866732997,0,0,4331794140.0,0.0,0.0,,,,0,0.525,-0.30766433670702176,0.6090300262705567,-6.456150930232813,-0.1678781708928985,1.5806658528905442,0.5710084894260969,growth-flip; first-positive: FCF; accelerating sales; under-priced vs fundamentals
IBST.JK,PT Inti Bangun Sejahtera Tbk,Communication Services,Diversified Telecommunication Services,Small Cap,IDR,11448920047616.0,12490276601856.0,8475.0,878977000000.0,715752000000.0,,855500000000.0,0.8143011705653277,0.9732905411631931,,0.197656844375529,0.791051928600968,14.210015281237165,17.450564723334338,17.450564723334338,4.43786176737984,0.07472320502213134,-965137000000.0,-0.08429939208117448,9.634096451129265e-05,8.830869284640974e-05,-1041357000000.0,-0.09095678855900832,0,2025-12-31,,0,13.025278303773591,27.777777,,627311000000.0,0.7136830656547327,0.054792154840021305,0.40408120231271233,0.99952006,,,0.5339366515837104,0,0.3743701338008075,0.5397309691223459,32.3319685577995,0,14.810333879472848,0.019143943065581717,1.4587718601055797,,0.36685360047292653,2.6232397258243174,0.24759236871349655,0.035911006756657905,0.18427707787461228,,0.08527712969674678,0.16580050131134533,0.3279133496930918,,-0.3199576211482393,0.23376189332394873,6.1383144084374095,,0.4862718459327784,1,1,0,0,1,0,0,1,-0.38001588608009634,0.5776727304556253,1,1,67222078545.0,0.0,0.0,0.0,,0.0,0,0.5339366515837104,0.5147927085181286,-0.9248352085218693,0.16708305111078386,0.5051226689035051,-0.06554080500263708,0.5670232520759502,growth-flip; first-positive: EBITDA/NI/ROCE; ROCE improving from <=0; accelerating sales
LSIP.JK,PT Perusahaan Perkebunan London Sumatra Indonesia Tbk,,,,IDR,8661354151936.0,826856243200.0,1270.0,5203007000000.0,2104141000000.0,,1993625000000.0,0.40440864292513923,0.38316784889968436,,0.3206048237431579,-3.7213908193414795,0.1589189180794875,0.3929661763161309,0.3929661763161309,0.6017601129698145,0.23017474693081125,7579543000000.0,0.8750990742372321,0.9040730655551955,9.470203635030133,7830331000000.0,0.9040538999608683,1,2026-03-31,1.1427277544221333,0,1.664682394610655,4.5683455,,2139325000000.0,0.41117088637397564,0.24699659689147044,1.1533090207454587e-05,0.69462997,2010.0,0.5826771653543308,0.08037292338621746,0,0.4681787723899783,0.36751103470283475,1.069263611727683,1,3.0449494627602745,0.14038434604864916,0.18629637606232374,,0.6766056897578304,0.0156514190942727,0.12254686958197214,-0.05643997439352366,-0.14295483992373462,,-0.1322240484444127,-0.14656078394547986,-0.40692860267684483,,-0.6845227405703825,0.1191144640611265,-0.6601487617348933,,1.0312144779653059,0,0,0,0,0,0,0,0,0.2494996168969341,0.07110520684622382,0,0,804541000000.0,,0.0,0.0,,0.0,0,0.08037292338621746,-0.0600114226624317,-0.10592345267610628,-0.5962327663716129,-0.05262385692189408,0.20369787465801126,0.5589491728849691,"accelerating sales; under-priced vs fundamentals; cheap+grow (EV/EBIT 0.4x); cash 90% of mcap; cash > EV (9.47x, net cash 90% mcap)"
ARTO.JK,PT Bank Jago Tbk,Financials,Banks,Large Cap,IDR,15871224315904.0,16158398873600.0,1145.0,2672245000000.0,,1817756000000.0,1977404000000.0,,0.7399785573553324,,,,6.046750531332269,,,1.7796914537784634,0.12459051429438323,,,0.36501966607546005,0.35853236730436544,4051894000000.0,0.2552981370151601,0,2026-03-31,,0,5.93928487691211,53.75587,8.731218225055509,,,,0.19527046756412114,0.72467005,2084.8572,0.8208359825327509,-0.402088772845953,0,0.3136252318216348,0.40925948195084294,,0,,0.7178481039511384,,-0.4367696853419,-0.207917762049748,,-0.8648683901117491,0.11345814977055782,,,0.8072925853992917,0.04547154435240796,,0.9829612896772473,1.0529841575292223,0.6612218703371052,,0.6251773152493569,-1.123391620718638,1,0,1,0,0,0,0,0,,,0,0,883279000000.0,0.0,,,,0.0,0,-0.402088772845953,-1.1199368767970914,,-0.19417101079620502,-0.651941737002928,0.6553498748654082,0.5588235294117646,growth-flip; accelerating sales; under-priced vs fundamentals
PZZA.JK,PT Sarimelati Kencana Tbk.,Consumer Discretionary,"Hotels, Restaurants & Leisure",Micro Cap,IDR,574048698368.0,876748800000.0,191.0,3057481106205.0,461999416569.0,,380827077725.0,0.15110458593886192,0.12455582373089114,,0.0570297533157589,0.43180502804640547,0.28675526341624274,1.8977270718458945,11.4530330010376,0.552176428314487,0.6634055243181943,-504582034491.0,-0.8789882041811239,0.09109964583087571,0.05964722519266636,-302700062537.0,-0.5273072883843575,0,2026-03-31,,0,0.18775216540275516,18.96723,,2148776198146.0,0.7027929604487726,3.7431949663066812,0.34146973217987936,0.7465,,,0.24283813326295728,0,0.669642922147725,0.0006235260307179414,18368.171394304627,0,28.701485431527026,0.09235416300605716,0.3259241681971431,,0.046172697959030985,0.02661803726688637,-0.005498299115675204,-0.011075436012156223,-0.051669832721341735,,-0.19251942138732184,-0.07647060638642976,-0.08256927466891086,,-0.7137739230926622,0.3008609687704759,0.38349967006571173,,-1.6260795659060836,1,1,0,0,0,0,0,1,-0.028323447780234934,0.08535320109599384,1,1,16807754273.0,,0.0,0.0,,0.0,0,0.24283813326295728,0.15048397025690013,-0.08308603493418582,0.1966654353039263,0.1377611541688845,-0.10045613119888128,0.5520286599633418,growth-flip; first-positive: NI/ROCE; ROCE improving from <=0; accelerating sales
PKPK.JK,PT Perdana Karya Perkasa Tbk,Industrials,Construction & Engineering,Nano Cap,IDR,3420000092160.0,3696475242496.0,2850.0,749374529000.0,72015695000.0,,-46731450000.0,0.09610107124417622,-0.06236060633440612,,0.3181066346822054,-0.7440072334232142,4.9327473772410535,51.32874497005132,52.20766962420777,12.38424005610278,-0.013664166298453344,-184444065000.0,-0.053931011704595896,0.01575066244105817,0.014572603214197854,53580198000.0,0.015666724139226523,0,2026-03-31,,0,4.563806160750895,61.343094,,216299380000.0,0.28863988783904876,0.06324543104424007,0.0010395120797847765,0.75442004,,,2.75,0,0.42398357689551647,1.445984025859968,36.10528794960814,0,16.198849763117643,2.0608951185808566,1.9265429171355226,,0.7549590954316459,-0.004411823386327632,0.716608422762858,,,,,2.3990737882553614,11.647004629231375,,1.5475686409826028,,,,,0,0,0,0,0,0,0,0,0.1372706683309987,0.1808359663512067,0,0,143977322000.0,,0.3245750743995641,0.0,,0.0,1,2.75,0.6891048814191434,0.8234570828644774,1.9950409045683541,0.22513181756408462,-0.9331836716040148,0.5496178930795707,FCF break-even ETA 0.3y
BRPT.JK,PT Barito Pacific Tbk,Materials,Chemicals,Mid Cap,IDR,145721764347904.0,145730589163520.0,1555.0,7865875000.0,2729081000.0,,-841081000.0,0.3469519919907194,-0.10692783701749646,,0.31861000975533443,1.7725347836872558,18526.93936320117,53399.14394754864,64350.1596995209,62538.68465550666,-5.77182827674223e-06,-4681209000.0,-3.212429537171832e-05,2.4733463914114635e-05,2.4731966162271045e-05,-4777800000.0,-3.278714076363516e-05,0,2026-03-31,,0,18525.817451701685,14.555836,,1245271000.0,0.1583130929489726,8.545538860118197e-06,3.5972629571358556,0.75146,2549.2666,0.6393997427652733,0.8402366863905325,0,0.3647718039044036,1.5709449790945031,40962.707514182,0,26008.069815592175,2.295304347097501,2.5835215425098874,,-0.33194978035238637,0.02790482180393644,0.1576164959199416,0.3097687220726845,0.16431251285228046,,-1.4475500666391186,0.24344929681717248,1.786429063036923,,-0.7295948455266326,2.3320241882766326,1.5811549757576937,,39.27765896605325,1,0,0,1,0,0,0,0,0.1256436429212231,0.19296636683411134,0,0,,,,0.0,,0.0,0,0.8402366863905325,-1.4550676607069688,-1.743284856119355,1.172186466742919,-0.4415578979794659,0.6169309870157177,0.5470067657527989,growth-flip; accelerating sales; under-priced vs fundamentals
ADMG.JK,PT. Polychem Indonesia Tbk,,,,IDR,773946736640.0,773926551552.0,199.0,142608242.0,171085.0,,-1519111.0,0.0011996852187547476,-0.010652336630024512,,0.001693539750348061,-117.12573866791361,5426.941253171048,4523637.674559429,4833717.766235713,6754.635911676167,-1.9628107828130966e-06,18471363.0,2.3866452464405083e-05,2.5951931895466724e-05,2.595260875818455e-05,20038457.0,2.589126105369297e-05,0,2026-03-31,41899.81738976165,0,5427.0827953969165,99.004974,,2974218.0,0.020855863295755374,3.842923368231027e-06,0.0004098094466366327,0.93223,,,0.6864406779661016,0,0.39997289286596693,0.09595531117574166,50374676.57608638,0,3677920.6497793426,0.3002683503943725,1.0158210552968008,,-2.056470810780361,0.09979694634445144,-0.023762870339457117,-0.014236369111227014,1.0636213738959182,,-1.6145126853819773,-0.15544340764308734,1.515049555555374,,1.3335025767387163,0.27254675508275145,0.32125181773834716,,-0.8147853823253587,0,0,0,0,1,0,0,0,-0.1043846900768928,0.10607822982724086,1,1,,,,0.0,,0.021270067017997732,0,0.6864406779661016,0.38617232757172915,-0.32938037733069914,2.7429114887464627,0.2969943300201091,-0.7741744422519005,0.5435949349540751,first-positive: EBITDA/ROCE; ROCE improving from <=0; accelerating sales
AKRA.JK,PT AKR Corporindo Tbk,Energy,"Oil, Gas & Consumable Fuels",Small Cap,IDR,25541702844416.0,27152154099712.0,1290.0,47981497439000.0,3670713930000.0,,1132764772000.0,0.07650269637096392,0.023608366400821697,,0.32712202115096733,-0.47767263111129993,0.5658880099403144,7.396968169544064,7.497651255670426,1.991718609074278,0.04434961830462483,2491761606000.0,0.09755659680085724,0.285148885035763,0.2682361061024345,1753399581000.0,0.06864849973710085,0,2026-03-31,10.25046006925913,0,0.5323240042036571,9.9307165,,4388791650000.0,0.09146841770787945,0.1718284672221645,0.4312078462710967,0.69837,1630.0,0.26356589147286824,0.11725141064133843,0,0.34609338176639537,1.1973366560893466,6.2619407979696415,0,19.509750468508365,0.23888781786561034,0.24750332691412208,,6.113681050175757,0.000528343018090377,0.01949683577028223,0.06253279559002042,-0.03774775986853508,,15.535886895453888,-0.050055457262842905,-0.21273076006443348,,3.33434802327517,0.2679765191507105,0.3780501929237794,,18.002503508100013,1,1,0,1,0,0,0,0,0.2516368339755749,0.07548518717539243,0,0,1064261354000.0,0.0,0.0,0.0,,0.0,0,0.11725141064133843,-0.12163640722427191,-0.13025191627278365,-5.996429639534418,-0.0981819382434725,1.5866249753187367,0.5424437868730223,growth-flip; accelerating sales; under-priced vs fundamentals
SIMP.JK,PT Salim Ivomas Pratama Tbk,Consumer Staples,Household Products,Small Cap,IDR,8758239952896.0,15050058235904.0,565.0,20398781000000.0,3933631000000.0,,1540388000000.0,0.19283657195005918,0.07551372800168794,,0.18785757873232337,-0.03719769342879391,0.7377920394313758,3.8259964485494447,3.8646405849127583,0.4195288315851049,0.17587871630425644,1107597000000.0,0.1264634225548664,1.0596880252100358,0.616675487531263,146322000000.0,0.016706781360976204,0,2026-03-31,7.907424769926246,0,0.4293511437225587,4.280952,,5211180000000.0,0.2554652653018825,0.5950031088468718,0.4375607025971754,0.86177003,870.0,0.5398230088495575,0.40684501370300624,0,0.5496019395291953,0.21828698315619713,17.704402383661062,1,11.54219139051983,0.27749445070843803,0.09368024840603532,,0.44090907815336955,-0.03240993032414208,0.008564071054495956,0.006950347124918322,-0.1334862540934169,,3.0877097077227638,-0.20649072009313477,-0.315441859083381,,2.4185989472073666,0.3208871522210537,-0.4613019126121667,,1.4533521299935561,1,0,0,1,0,0,0,0,0.16988065345465544,0.01797692527766792,0,0,1163554000000.0,0.0,0.0,0.0,,0.0,0,0.40684501370300624,0.1293505629945682,0.3131647652969709,-0.03406406445036331,0.10125332671530309,-0.12742614763911972,0.53700702233161,growth-flip; accelerating sales; cheap+grow (EV/EBIT 3.9x); cash 106% of mcap
PANI.JK,PT Pratama Abadi Nusa Industri Tbk,Consumer Staples,Food & Staples Retailing,Nano Cap,IDR,138595247587328.0,140448626638848.0,7650.0,4316006452000.0,2199680985000.0,,-193203414000.0,0.5096565562316726,-0.044764394156656374,,0.08746800927722878,-1.2163414896274152,32.54133843422901,63.84954345497877,64.21736734877038,5.007067478468354,-0.001394011824815737,14192556636000.0,0.10240290978994325,0.02291863721372236,0.022616199780777394,2675563246000.0,0.01930487006283635,0,2026-03-31,9.765347508691669,0,32.11191853596608,79.36508,,2593316397000.0,0.6008601761469285,0.018711438105884312,0.0180943759759586,0.91512,14500.0,0.8954248366013071,-0.33308967813761614,0,0.38281905249652837,0.5725939628304703,112.15166683093972,0,58.31087009924477,0.5236977552759007,0.6634639987747446,,0.9588373590915873,0.04282195610576839,1.612257735316162,,,,,-0.08726217844548943,0.29940153052618684,,-0.3504298211128923,0.1681409741451918,2.2366321678990833,,-3.293624197618771,0,0,0,1,0,0,0,0,0.07884145932092394,0.008626549956304838,0,0,4500455927000.0,,0.04292974248251093,0.0,,0.0,1,-0.33308967813761614,-0.8567874334135168,-0.9965536769123607,-1.2919270372292035,-0.5623079974009515,0.9268940362390081,0.5323230382874065,growth-flip; FCF break-even ETA 0.0y; accelerating sales; under-priced vs fundamentals
FAPA.JK,PT FAP Agri Tbk,Consumer Staples,Household Products,Small Cap,IDR,25091926654976.0,28908367904768.0,7200.0,7617098134914.0,1748482875319.0,,242437376005.0,0.22954711155743054,0.031828049437062585,,0.23058437680033736,2.069136625907729,3.7951943630951246,16.53340064854444,16.555125553490328,6.344497851335043,0.009661967346653392,-3633180263597.0,-0.14479479051388433,0.042056376816713176,0.03650415429661625,-3617971092884.0,-0.14418865249498555,0,2026-03-31,,0,3.294158249053371,24.096386,,2280453575360.0,0.2993861356344134,0.09088395668922304,1.1816311882899049,0.86294,,,0.34579439252336447,0,0.36051372139153665,0.1965982551144309,84.20789667667367,0,21.826582311453492,0.32633108651412374,0.7228310350704726,,-0.7739399219687233,0.052828986749740486,-0.15491227091991724,0.040708401924132345,-0.005017176101590444,,-0.404761215574725,-0.10939525522347567,-0.2517574304524784,,1.6519902404971019,0.18553377001880977,-0.3575541903900251,,-1.8129922690268296,0,0,0,0,0,0,0,0,0.15907405377102815,0.07151032302930921,0,0,,,,0.0,,0.0,0,0.34579439252336447,0.019463306009240733,-0.37703664254710817,1.1197343144920877,0.014674545599616756,-0.19420888088845925,0.5313549065203632,accelerating sales
TOTL.JK,PT Total Bangun Persada Tbk,Industrials,Construction & Engineering,Micro Cap,IDR,3597549961216.0,1883473444864.0,1055.0,3628270693000.0,394425516000.0,,452544354000.0,0.10870895513969304,0.12472728533543294,,,,0.5191105086226817,4.775232251617312,4.866594367366382,2.504765247941288,0.12579237505489332,357805027000.0,0.09945797302535837,0.47749924740985694,0.9120528901983215,,,0,2026-03-31,10.054498091822506,0,0.9915329548472585,8.129767,,717737650000.0,0.19781810970849742,0.1995073474274695,,0.756,,,0.8356309800958875,0,0.3855428990380946,0.16368064369089277,29.73225335401806,1,12.507464218508316,0.17508995447309847,0.41426688769157205,,-0.29608779520934286,0.01838456003600271,-0.08348870956972089,-0.008096903428073305,-0.04698504602917878,,0.17517391576934355,-0.24883331806475503,-0.4886312430509511,,4.661699834621663,0.24359412813890366,-0.25594001304377145,,-7.753342140093607,0,0,0,0,0,0,0,0,,,0,0,67457221000.0,0.0,,0.0,,0.0,0,0.8356309800958875,0.660541025622789,0.4213640924043155,1.1317187753052305,0.562119540813342,-0.6939358585364193,0.5310584582734542,accelerating sales; cheap+grow (EV/EBIT 4.9x)
CARE.JK,PT Metro Healthcare Indonesia Tbk,,,,IDR,13632499875840.0,14234214727680.0,410.0,482749659577.0,83317492472.0,,-166605901195.0,0.17258943806403784,-0.34511863010112775,,0.023002676359233726,7.806216810312361,29.48570640143476,170.8430523453836,170.8430523453836,4.510811004970664,-0.012221228880424557,-633717893393.0,-0.04648581692020385,0.03464283191727519,0.03317839521506037,-599894410328.0,-0.04400472516351562,0,2026-03-31,,0,28.239273928821024,398.05826,,246148635623.0,0.5098887813586093,0.01805601598128259,0.3547642659940896,0.49925,,,0.9339622641509434,0,0.4306690174302593,23.75008356221644,7.193366368494576,0,2.4691278052881356,0.5132155084760383,70.50532916742068,,0.5098978384254113,0.17634691993493995,0.7204528043426524,0.08931626771180926,0.23967266682317465,,0.5851577728972714,-0.41208819465635554,-0.09642076013371247,,1.0683643062414598,0.06385860527633119,70.60939380031492,,3.0710513271962014,0,0,0,1,1,0,0,1,-0.0003455359432269005,0.023348212302460626,1,1,235006785051.0,0.7089408127465087,0.9611771704858517,0.0,,0.0,1,0.9339622641509434,0.42074675567490516,-69.57136690326973,0.42406442572553216,0.27804813876024836,17.11212689577726,0.5277646109897093,growth-flip; first-positive: EBITDA/NI/ROCE; ROCE improving from <=0; FCF break-even ETA 0.7q; accelerating sales; under-priced vs fundamentals
JTPE.JK,PT Jasuindo Tiga Perkasa Tbk,Industrials,Professional Services,Micro Cap,IDR,4178512969728.0,3130392576000.0,615.0,2453056137201.0,433748009011.0,,287809309353.0,0.17681943859055652,0.11732683365387545,,0.7848312827303205,-1.9365580590842502,1.2761194203944546,7.217076530535987,7.28383433173768,3.011373886117023,0.0688784051738231,654813108106.0,0.15670960287784508,0.2029379155702846,0.27088574090076045,839978202462.0,0.20102323686617116,0,2026-03-31,6.381229877657839,0,1.7033906833032326,12.852665,,595367371940.0,0.2427043404800876,0.14248307382392914,0.005765813449871589,0.94073,,,1.8410082712460045,0,0.3980310174184559,0.21040969669587883,34.61738905629221,0,21.7195493110433,0.15913267816740392,0.31487385255835604,,0.15773551584590775,0.020943504935976298,-0.0001415907424778956,-0.22855772199819607,-0.21036220139677095,,-0.7570312715736423,-0.8257960457123716,-0.8599600769699586,,-1.4330110916696828,0.3932526448581575,0.3922098553851395,,2.3779645858766623,1,0,0,1,0,0,0,0,0.5231006734670774,0.2617306092632431,0,0,39212539699.0,,0.0,0.0,,0.0,0,1.8410082712460045,1.6818755930786007,1.5261344186876484,1.6832727554000968,1.4509776359145155,-1.5855651007702154,0.5259091520607102,growth-flip; accelerating sales
SULI.JK,PT SLJ Global Tbk,Materials,Paper & Forest Products,Nano Cap,IDR,537266028544.0,537272778752.0,85.0,15925646.0,-3620383.0,,-2080265.0,-0.22733037014636642,-0.13062358663504137,,-0.18683811159157018,-1.8195693660035417,33736.32559407637,-148402.19356681322,,40806.22868229625,-3.871945906644337e-06,-21925091.0,-4.0808630799563794e-05,8.006666663175609e-07,8.006566068715028e-07,-6741537.0,-1.254785644696293e-05,0,2026-03-31,,0,33735.901736356565,,,1284401.0,0.08064985244554601,2.3906238841877803e-06,0.5447028867314407,0.57852,,,0.011904761904761904,0,0.30392159143273595,4.009703892452279,,0,,11.315275271002395,0.44782405447966356,,0.5320655123803517,4.842858051721891,3.307176936423941,-0.031511600986559266,-0.07176006718810271,,0.08519166750953171,-0.4374381390755548,0.8491796788733599,,-12.377949878311444,12.632602399800536,-0.07637477259800834,,25.804754261529673,1,0,0,1,0,0,0,0,-0.3166564595405223,0.1298183479489521,1,0,193725.0,10.73823719189573,0.8794678037413206,1.2330198433889883,,0.5631702606972551,0,0.011904761904761904,-11.303370509097633,-0.43591929257490164,-0.5201607504755899,-0.9178333622564331,3.294320978601139,0.5217391304347826,growth-flip; ROCE improving from <=0; accelerating sales; under-priced vs fundamentals
ANTM.JK,PT Aneka Tambang Tbk,Materials,Metals & Mining,Mid Cap,IDR,71131067318272.0,70214649643008.0,2960.0,84642439000000.0,9993673000000.0,,5858606000000.0,0.11806929382079834,0.06921594024482211,,0.3371483470803418,-0.6158914745359388,0.8295442625774052,7.02591025772086,7.1461088236242185,2.0151467557055236,0.08236353285387936,7091331000000.0,0.09969386468320846,0.1505941272056288,0.1525596304255959,6155018000000.0,0.08653065716643495,0,2025-12-31,10.030707538298804,0,0.840371191551699,9.871602,,13681349000000.0,0.16163698921766656,0.19233999313947542,0.1290972938087195,0.66372,4884.375,0.6501266891891893,0.1299563084356034,0,0.39819450695510117,0.6697714899518594,10.669472993151519,0,7.229715889150223,0.22329027564283035,1.0438764733407941,,1.3846015770606985,0.04740307652885141,0.03370846283833088,,,,-0.03427857538350818,,,,2.8320896942932197,-0.4623693788473745,0.8698837892339537,,0.8487648881456484,0,0,0,1,0,0,0,0,0.211519082878737,0.1256292642016048,0,0,3401757000000.0,,0.0,0.0,,0.0,0,0.1299563084356034,-0.09333396720722695,-0.9139201649051907,-1.254645268625095,-0.07629748152635357,0.5845492205659666,0.5216435844022699,growth-flip; under-priced vs fundamentals
VIVA.JK,PT Visi Media Asia Tbk,Communication Services,Media,Micro Cap,IDR,625642242048.0,5061537693696.0,38.0,1068913921000.0,5286910848000.0,,51300349000.0,4.9460585591905675,0.04799296556265918,,1.309387532523812,0.7592056748069455,4.735215431529589,0.9573714857724039,0.9693532244254669,,0.08199630004532875,-3569591530000.0,-5.705483565679915,0.013589087226862352,0.001679708324722916,-4014572046000.0,-6.416721532194748,0,2025-09-30,,0,0.5853064776840904,0.11143368,,666931854000.0,0.6239341081609882,1.0659955629224156,,0.69315004,,,2.1666666666666665,0,0.5308838424677307,0.831240007231571,1.1661532361199498,1,,-0.1067612702657332,3.9177923389261773,,3.0708614717484535,6.460220826896234,0.0374622275621451,-0.028915832597175905,-0.12320989659850398,,0.2667793788092019,0.11931542386991412,-1.0100729067435483,,-0.41879788043575444,0.311103593820121,5.193488458768478,,-3.033354331710681,1,1,0,0,1,0,0,1,0.9774649023142039,0.3319226302096081,0,0,10803677000.0,0.0,0.0,0.0,,0.0,0,2.1666666666666665,2.2734279369323995,-1.7511256722595108,-0.904194805081787,2.5451515493609764,0.12729751346963272,0.5185566774805975,growth-flip; first-positive: EBITDA/NI; accelerating sales; under-priced vs fundamentals; cheap+grow (EV/EBIT 1.0x)
MAYA.JK,PT Bank Mayapada Internasional Tbk,Financials,Banks,Small Cap,IDR,4945725095936.0,-17665339904064.0,189.0,3150075000000.0,,2531419000000.0,2450898000000.0,,0.7780443322778029,,,,-5.6079108923006595,,,0.25966919036179975,0.49555888215743155,,,4.6071731764314094,,22611065000000.0,4.5718402380633645,0,2026-03-31,,0,1.5700340772635573,88.31775,1.9537362625215344,,,,0.009174875499133608,0.82192004,,,-0.015625,0,0.4776531037837717,410.60689353494865,,0,,0.2972181304772702,,12.770060108249245,1231.2262443438915,,0.7772252511887751,0.001931933227756607,,-0.2830551466194183,-0.28740349672369325,-0.29381571255835554,,-0.7486216466275503,-0.7513749521793913,0.12773498747127598,,20.590076943429292,2056.643943854135,0,0,0,0,0,0,0,0,,,0,0,2448909000000.0,,0.0,,0.0,0.0,0,-0.015625,-0.3128431304772702,,-1231.2418693438915,0.2411646300088094,410.4378492814533,0.5166354119656973,accelerating sales; under-priced vs fundamentals; cash 461% of mcap
PANS.JK,PT  Panin Sekuritas Tbk,Financials,Capital Markets,Micro Cap,IDR,1230771847168.0,85018320896.0,1730.0,370145626010.0,284450424462.0,,168554019892.0,0.7684824687197983,0.4553721779963605,,0.16580908371211805,0.037063243167733094,0.22968884385439992,0.2988862507651405,0.31390336289434384,0.7673925368739141,0.13694985003097201,725477472930.0,0.5894491936903823,0.01870155285235261,0.2707339371846255,-29622899299.0,-0.024068554514926666,0,2026-03-31,1.6964990548876147,0,3.325101691556255,5.5896606,,209149621767.0,0.5650468547245497,0.16993370643653594,0.032821461194946125,0.80714,,,0.25648750100738626,0,0.5200114496697432,0.32173758424812154,0.975650276071769,1,1.3590501561220856,0.13952348510917478,0.656102706387413,,-0.25027607119482886,0.23970860848553266,-0.23675898036101845,0.08458261073557016,0.13835310069033366,,0.5035165050286337,-0.0033104567885581496,-0.7399253654644617,,0.6636564011171615,0.02995052406100714,0.5313801360098227,,-1.6012664525147302,0,1,0,0,0,0,0,0,0.10654064920301808,0.05926843450909998,0,0,56447488751.0,0.0,,0.0,,0.0,0,0.25648750100738626,0.11696401589821148,-0.3996152053800267,0.5067635722022151,0.1026429182255996,-0.08168882523649987,0.5116797605034241,growth-flip; cheap+grow (EV/EBIT 0.3x)
ASGR.JK,PT Astra Graphia Tbk,Industrials,Professional Services,Micro Cap,IDR,2002939150336.0,173305036800.0,1485.0,3014793000000.0,337422000000.0,,138050000000.0,0.11192211206540549,0.045790871877439014,,1.01641704722085,-5.422405770815181,0.05748488761914997,0.5136151074915092,0.5136151074915092,0.9265955578205329,0.06892371142520312,1737378000000.0,0.8674142695291311,0.9274410556548259,10.718719053409531,1829639000000.0,0.9134770767714394,1,2026-03-31,1.1528516824410118,0,0.6643703731354027,6.835129,,713771000000.0,0.23675622173728014,0.3563617995485596,0.012938960802845656,0.87203,,,1.028430088966583,0,0.4493950184129096,0.15570357828175124,3.298672472138721,1,3.8706064205702546,0.0712552704758832,0.30083388270127104,,-0.6773711061929323,0.019752655206022818,-0.10625289661319903,-0.005298510121906315,0.08305675566369011,,-0.6156961870269277,0.04217221108188105,-0.18187547498563458,,-0.912007862635139,0.11482806326449393,0.10163423459096085,,-4.176423299577568,1,0,0,0,0,0,0,0,0.7583941477791032,0.25802289944174683,0,0,,,,0.0,,0.0,0,1.028430088966583,0.9571748184906997,0.7275962062653119,1.7058011951595153,0.8935076866090885,-1.071019976631154,0.5059432168395201,"growth-flip; accelerating sales; cheap+grow (EV/EBIT 0.5x); cash 93% of mcap; cash > EV (10.72x, net cash 91% mcap)"
DKFT.JK,PT Central Omega Resources Tbk,Materials,Metals & Mining,Micro Cap,IDR,3914574856192.0,3641096536064.0,710.0,1788332742374.0,937492815441.0,,484960784383.0,0.5242272834508886,0.2711803977481382,,0.6914417467472374,-0.28797940240747455,2.0360285587739497,3.8838660692575173,4.388328802616131,2.6630338943508303,0.12388593964831156,-210315737202.0,-0.053726329148956385,0.20197087913477918,0.21714066554210773,269978620752.0,0.06896754581789462,0,2026-03-31,,0,2.188952180674961,5.807296,,974052930778.0,0.5446709707305091,0.24882725878578146,0.3541923846845046,0.66547996,900.0,0.267605633802817,1.2747267843044274,0,0.4897676557321808,0.1890261895256397,23.215453972958038,1,10.10728396685534,0.22389100394630593,0.4737605827797014,,-0.2074197071492201,0.08888041386056583,-0.14757244312398998,0.0032083374430175214,0.13204161944372078,,0.0922461296655565,0.5256656891306349,1.5645096004461718,,1.962907032709969,-0.7215488018452242,-1.8553155589104495,,-6.344442409059845,0,0,0,0,0,0,0,0,0.5946011317163906,0.09684061503084673,0,0,40957577403.0,0.0,,0.0,,0.0,0,1.2747267843044274,1.0508357803581214,0.8009662015247261,1.4821464914536475,0.8586024220864552,-1.0481377238557374,0.5026480386984752,cheap+grow (EV/EBIT 4.4x)
DAYA.JK,PT Duta Intidaya Tbk,Consumer Discretionary,Specialty Retail,Nano Cap,IDR,2614190931968.0,2922388914176.0,1080.0,2905985924000.0,292916062000.0,,133921185000.0,0.10079748135765575,0.04608459521223751,,0.298817392243623,0.385746449779869,1.0056445525219275,9.976881753162447,20.845893785787954,16.2420568425624,0.05122854010482786,-318996617000.0,-0.12202498796055987,0.04284639948455421,0.038327776449145916,-308197928000.0,-0.11789419213078833,0,2026-03-31,,0,0.8995882982012682,30.20979,,983818310000.0,0.3385488903696424,0.3763375880350743,2.6107578259235025,0.92336,,,-0.06493506493506493,0,0.280803294685859,100.14207060495666,0.208163199141562,0,44.739903961894996,0.4099528225074485,0.4190152204266218,,599.3165125318322,0.000643732972109276,0.04619319509830559,0.07891475950366178,0.039586869466533114,,-0.1904139610377834,0.04417628838731146,-0.10207973558255688,,-1.042519062808995,0.010314341217049494,-0.20078045954397544,,216.57859957222738,0,0,0,1,0,0,1,0,0.34000208265768395,-0.04118469041406092,0,0,134145015000.0,,0.0,0.0,,0.0,0,-0.06493506493506493,-0.4748878874425134,-0.4839502853616867,-599.3814475967673,-0.33681118960985995,150.16927423979536,0.5008842216241848,growth-flip; first-positive: FCF; under-priced vs fundamentals
CSRA.JK,PT Cisadane Sawit Raya Tbk,Consumer Staples,Household Products,Nano Cap,IDR,1752749965312.0,2269481271296.0,855.0,2155198695726.0,415791958564.0,,181811706140.0,0.19292511608723684,0.08435960289905192,,0.19466263370115283,1.3123559169242789,1.0530264684164088,5.45821347563814,5.55618512800998,1.1304485563900146,0.10372940221832293,-444361410935.0,-0.25352241890126126,0.08838423624810862,0.06826029761837808,-547807953988.0,-0.31254198535413286,0,2026-03-31,,0,0.8132660662740281,6.242243,,649392149992.0,0.3013142831237868,0.37049902316010275,0.45322646842915704,0.88645,,,0.26726230011537905,0,0.4448831367810568,1.1263703291151521,4.932822699950537,1,5.482244398623104,1.0203233813920394,0.19936570909786647,,4.572366212612361,-0.13205593008757366,0.05377409008832768,0.14075762994684013,-0.017786786400884522,,0.22265595706123942,-0.02397045449749528,0.8589542044251273,,0.7698680376838911,,,,,0,0,0,0,0,0,0,0,0.18341316558895623,0.011249468112196598,0,0,33109444404.0,0.0,0.0,0.0,,0.0,0,0.26726230011537905,-0.7530610812766603,0.06789659101751258,-4.305103912496982,-0.37274284315701356,1.3407528114782856,0.4996363690816855,under-priced vs fundamentals; cheap+grow (EV/EBIT 5.6x)
LPPF.JK,PT Matahari Department Store Tbk,Consumer Discretionary,Household Durables,Small Cap,IDR,1860652236800.0,3465405005824.0,1590.0,13720173000000.0,2717890000000.0,,3678099000000.0,0.198094440937443,0.2680796371882483,,2.1331529984164406,-0.027951462347629963,0.25257735495201117,1.275035047711276,1.7417500234085959,1.8446444125875652,1.9767793934054512,-2380624000000.0,-1.2794567157236547,1.3481922899865562,0.7238741202786275,75969000000.0,0.040829231007000824,0,2026-03-31,,0,0.13561434223897906,4.5433764,,4807199000000.0,0.3503745178723329,2.583609610072837,2.411619961970024,0.74271005,1662.5,0.045597484276729494,-0.04937134326014027,0,0.4926835657009601,0.13540967046823738,12.862818566692788,1,8.085036769928772,0.11475575131965267,0.3288284324079072,,1.204746371077959,0.03191277899082451,0.13253419700177768,0.14919427587853204,0.29861461167797065,,0.7426504345848525,0.8258359561729418,1.7804492128184646,,1.7655642239284912,-0.08308255959887684,-0.11091712785135621,,-0.042322280639196345,0,0,0,0,0,0,0,0,0.4629797157534123,1.6701732826630282,0,0,1567464000000.0,0.0,0.0,0.0,,0.0,0,-0.04937134326014027,-0.16412709457979294,-0.37819977566804747,-1.2541177143380993,-0.1472314400580563,0.48591900616099903,0.49601297323521293,under-priced vs fundamentals; cheap+grow (EV/EBIT 1.7x); cash 135% of mcap
BCIP.JK,PT Bumi Citra Permai Tbk,Real Estate,Real Estate Management & Development,Nano Cap,IDR,88654766080.0,97464410112.0,62.0,127850051487.0,33217004527.0,,9041639563.0,0.25981221079428,0.07072065640833448,,0.06435203873443557,-0.26485100635275594,0.7623337572289546,2.9341721657284707,3.0186736697803913,0.17365422097812142,0.10198706694280864,-67143856250.0,-0.7573631877773039,0.263736790731601,0.23989806599282154,8797557077.0,0.09923388742643897,0,2026-03-31,,0,0.6934276916502811,3.3549783,,59941029864.0,0.4688385273751329,0.6761173991470533,0.02856662352209715,0.41651002,,,0.24,0,0.6162297943675961,0.2952936515399745,10.222616212837028,1,3.536295784938501,0.27847250062259404,0.6242596476199291,,0.723660800532104,0.055311183318054374,0.018265779894276024,0.14088320189933398,0.43660401104484664,,4.6766886851755665,4.166900117180462,4.102662633858964,,1.5983383043209705,0.060163890179589966,0.11735431093500857,,-2.0596095404319064,0,0,0,0,0,0,0,0,0.04078008707699385,0.02357195165744172,0,0,7448873064.0,0.0,0.0,0.0,,0.0,0,0.24,-0.03847250062259405,-0.38425964761992915,-0.48366080053210403,-0.03009255232620072,0.23412137527520696,0.493218551878406,accelerating sales; under-priced vs fundamentals; cheap+grow (EV/EBIT 3.0x)
PNGO.JK,PT PINAGO UTAMA Tbk,Consumer Staples,Household Products,Micro Cap,IDR,2757812551680.0,3014487179264.0,3530.0,2459269890018.0,428714792422.0,,488438018950.0,0.1743260445557938,0.19861098650966894,,0.298726333368099,0.5870008388543907,1.2257650904846138,7.031451287775318,7.243405541600415,2.4193057019109254,0.17711066644194293,-150573849627.0,-0.054599015272185074,0.022752667733989214,0.02081534567226791,-253228595942.0,-0.09182226536308227,0,2026-03-31,,0,1.12139483465144,10.060419,,700772505574.0,0.2849514436859433,0.25410447318005874,0.2771917889378079,0.23152,,,1.1613552777216594,0,0.3937284003345197,15.020429017895927,0.48223692765168946,0,21.456318250201047,0.20383158257956094,0.24651181421549734,,89.27648632905762,0.005968877211565332,0.1959625208024844,-0.04692158986253181,-0.1239609729386321,,0.3536706334303093,-0.15464568087437708,-0.6024998643585949,,-0.27581075433768076,0.12504523130970135,0.21564640857096784,,80.24468255783785,0,0,0,1,0,0,0,0,0.21529706560655038,0.08342926776154863,0,0,127613157357.0,0.0,0.0,0.0,,0.0,0,1.1613552777216594,0.9575236951420985,0.914843463506162,-88.11513105133596,0.7953967224304946,21.361841792564302,0.48871598435046915,growth-flip; accelerating sales; under-priced vs fundamentals
BCAP.JK,PT MNC Kapital Indonesia Tbk,,,,IDR,2130942623744.0,-1254284376256.0,50.0,3816870000000.0,1645416000000.0,,1068132000000.0,0.4310903960575026,0.27984500389062245,,1.2820604777055402,-2.0573684709520266,-0.3286159539769497,-0.7622901298249196,-0.7902268307848941,0.46091675886201755,0.501248596793904,-9343345000000.0,-4.384606556690875,2.913864939775098,,3385227000000.0,1.5886054191605878,0,2026-03-31,,0,0.5582958350019781,7.800312,,2180821000000.0,0.5713637090076424,1.0234067194959784,0.6108343228926713,0.76467,,,-0.375,0,0.4308847585984468,-0.6586187151623446,,0,-0.8643140960496235,0.18033227933729676,0.20067512691466563,,-0.32912054678711694,0.007303895968595819,-0.21250886046086076,0.02337871262241348,0.017250556873422345,,0.08666949491373338,0.18796716783364392,-0.09981328437932187,,2.1677946533431536,0.03960390718613471,-0.02569005576231337,,-2.9757829029340583,0,0,0,0,0,0,0,0,0.3435564598734287,0.9385040178321116,0,0,85191000000.0,0.0,,0.0,,0.0,0,-0.375,-0.5553322793372968,-0.5756751269146656,-0.04587945321288306,0.47048808971749106,0.1765996924368386,0.48750455349286015,under-priced vs fundamentals; cash 291% of mcap
BMSR.JK,PT Bintang Mitra Semestaraya Tbk,Industrials,Industrial Conglomerates,Nano Cap,IDR,350078402560.0,348129591296.0,302.0,3507376192959.0,159297582429.0,,-15934542202.0,0.045417877542987053,-0.0045431517252093835,,0.1690784377758457,2.4295552503723554,0.099256416233555,2.185404109639666,2.2793152669672914,0.385496143291243,-0.045517067278290545,623413791377.0,1.7807833525810064,1.2348539108318994,1.2417665585096358,4790355035.0,0.013683663430733864,1,2026-03-31,0.5615506223992011,1,0.09981204846596628,3.5550325,,297687531908.0,0.08487470848026021,0.8503453218796588,0.4707564206751624,0.59972,,,0.1796875,0,0.6326850044965273,0.7393702466867849,3.082779266789815,1,1.304016787026295,0.16405928720722487,1.8794814377058506,,-1.4316433222864486,0.02705724445577515,-0.01679516093250563,-0.03152650483740512,0.5526728961604173,,-1.3985225735970581,-0.25784150227570013,-0.6557285483924671,,-2.477698463798606,0.4213436986321873,1.621040953929632,,-3.4491270654072785,1,1,0,0,0,0,0,0,0.0649702528774175,0.10410818489842819,0,0,,,,0.0,,0.0,0,0.1796875,0.015628212792775126,-1.6997939377058506,1.6113308222864486,0.013425615829473653,0.014852321699288297,0.4842718740926157,"growth-flip; accelerating sales; cheap+grow (EV/EBIT 2.3x); Graham net-net (mcap 0.56x NCAV); cash 123% of mcap; cash > EV (1.24x, net cash 1% mcap)"
DEWA.JK,PT Darma Henwa Tbk,Materials,Metals & Mining,Micro Cap,IDR,13426854199296.0,17116787900416.0,330.0,6357668840000.0,4469968816000.0,,15317978000.0,0.703082989770823,0.0024093702244484946,,0.4043930082521763,0.6760066365975292,2.692305675426781,3.8292857523183224,3.8521464351787853,1.704529715123428,0.0011408463794001097,-5248324044000.0,-0.39088262716632327,0.03625751190666279,0.028441336589102,-3110768428000.0,-0.23168259532922497,0,2026-03-31,,0,2.111914687160082,2.9480078,,984230040000.0,0.15480989412465215,0.07330310029370882,0.4567118746569285,0.4625,955.9438,1.8967993939393941,1.3076923076923077,0,0.3966430489436328,7.986072387357609,0.48235806643537876,1,0.2350107492949978,0.05399775795671817,23.590351136600365,,1.018619162197808,0.6729472714657283,0.13879954652117482,-0.005488552357603229,-0.0009591357611686744,,1.1173906037630126,-0.11081785285035084,-0.9546478596652949,,-0.22703301946501256,0.2416635200701453,23.694005793070758,,2.72985628808762,1,1,0,1,0,0,1,0,0.038366332126626164,0.3660266761255501,0,0,145805236000.0,0.0,0.0,0.0,,0.0,0,1.3076923076923077,1.2536945497355896,-22.28265882890806,0.2890731454944997,1.189466049876618,4.8876062709503385,0.4807228359757647,growth-flip; first-positive: FCF; accelerating sales; under-priced vs fundamentals; cheap+grow (EV/EBIT 3.9x)
BJTM.JK,PT Bank Pembangunan Daerah Jawa Timur Tbk,Financials,Banks,Small Cap,IDR,7808058654720.0,17838131642368.0,520.0,8846438000000.0,,-6077291000000.0,-6164376000000.0,,-0.6968201212736697,,,,2.016419675621759,,,0.5681012562102867,-0.7894889463046761,,,2.579991376963138,1.129306835708821,12729160000000.0,1.6302592696720044,1,2026-03-31,,0,0.8826217574485912,4.7732697,,,,,0.5395440032153358,0.81314003,,,0.22816917570247033,0,0.5186811144882525,0.016788664499691713,,0,,0.37974308041479454,,-0.7189898695615895,-0.7091201673305139,,-0.13428931799913335,0.10015025273848736,,0.6112415723997675,0.6095470933871675,0.1818939086670766,,1.2719361086206993,1.271028193915606,0.1181181236107908,,-1.3524043548827849,-1.3463012191804484,0,0,0,0,0,0,0,0,,,0,0,9623382000000.0,0.6405623303740826,,,,0.0,1,0.22816917570247033,-0.1515739047123242,,0.9372893430329842,-0.10985661523792964,-0.2252862743609101,0.477478276941116,"FCF break-even ETA 0.6q; accelerating sales; cash 258% of mcap; cash > EV (1.13x, net cash 163% mcap)"
UNIC.JK,PT Unggul Indah Cahaya Tbk,Materials,Chemicals,Micro Cap,IDR,5884136128512.0,5883974123520.0,15350.0,393549272.0,47296317.0,,53545217.0,0.12017889592233828,0.136057212678569,,0.30797400667080443,-3.656886158810209,14951.048171472668,124406.60281264607,126858.65780233225,18185.53899278774,9.099928320920864e-06,268618720.0,4.5651343567391124e-05,3.0433196324654814e-05,3.0434034249775423e-05,172957247.0,2.939382149266115e-05,0,2026-03-31,21905.160327292157,0,14951.459822575915,7.843117,,62096932.0,0.15778693144171285,1.0553279299420845e-05,0.018901591535342956,0.97514,,,1.164488245060984,0,0.3996390180341979,0.34806405500774246,364469.2865498862,0,168068.41455343022,0.1417858545001447,0.7212210179125735,,0.36232493387745035,0.04045725532792814,0.02202553273496284,0.017553730220029783,0.22369882742412397,,-0.03616311420096878,0.007624199220025033,-0.18382568378521663,,-0.6852249241256076,0.1462732007063422,0.7999174584216364,,-1.5187313088524481,0,1,0,0,0,0,0,0,0.14851828707541026,0.15945571959539417,0,0,14240925.0,,0.0,0.0,,0.0,0,1.164488245060984,1.0227023905608392,0.4432672271484104,0.8021633111835336,0.895704204540668,-0.7909592833583627,0.4730757485885602,growth-flip; accelerating sales
BBTN.JK,PT Bank Tabungan Negara (Persero) Tbk,Financials,Banks,Small Cap,IDR,18806156034048.0,54817334493184.0,1340.0,21977768000000.0,,-19249219000000.0,-20697060000000.0,,-0.9417271125985132,,,,2.4942175426177946,,,0.5114668839919999,-1.100547074188291,,,1.53923746817755,0.5280654425763678,-22614669000000.0,-1.2025141639289176,0,2026-03-31,,0,0.8556899879026842,5.076142,,,,,1.4023151639534752,0.63952,1475.0,0.10074626865671643,0.27014218009478674,0,0.4836219605878264,0.0029880246955719114,,0,,0.5004775662649649,,-1.1984996829463512,-0.991991058443214,,-0.23236629493406413,0.05847288847046549,,-2.5558008387440356,-3.0674754007900877,-0.22473783036860667,,-2.0388063316234017,-1.7551079678115404,0.5503005297126851,,6.097947765628454,6.565397059176294,1,0,1,1,0,0,0,0,,,0,0,,,,,,0.0,0,0.27014218009478674,-0.23033538617017812,,1.2621332385380009,-0.15350805060253986,-0.2927632672550942,0.4699802607247738,growth-flip; accelerating sales; cash 154% of mcap
FORU.JK,PT Fortune Indonesia Tbk,,,,IDR,669922557952.0,649655746560.0,1440.0,31908477037.0,-2572966786.0,,2949741657.0,-0.08063583802562792,0.09244382467955392,,3.8244382493744955,7.876827338104628,20.35997348938594,-252.4928615848833,,34.85757269805154,0.004403108421990694,15726069954.0,0.02347445949883475,0.03759117687421473,0.03876387994926197,20266815120.0,0.030252474527738053,0,2026-03-31,42.599489886003084,0,20.995127945943025,,,20484783201.0,0.641985613329227,0.030577837628909543,0.2558093505516722,0.88358,,,-0.21525885558583105,0,0.26926229862898227,0.3556750712133147,,0,,-0.19182823012623176,0.6137510825332341,,1.2667302629670487,0.08808336087810352,0.3725413605726033,-0.29136388346913783,-2.2738986596078665,,10.533709035950224,-0.6340694003550006,-2.3610435210631135,,46.53000692746704,0.2133729187692484,5.674280504482929,,16.890982661770185,1,1,0,1,0,0,1,0,-0.7910913121420337,4.615529561516529,1,1,2693992041.0,0.0,0.0,0.6293250284342282,,13.864578494101263,0,-0.21525885558583105,-0.023430625459599286,-0.8290099381190651,-1.4819891185528797,-0.0289921355001783,0.7781432273771814,0.46552670991560846,growth-flip; first-positive: FCF/ROCE; ROCE improving from <=0; accelerating sales; under-priced vs fundamentals
HELI.JK,PT Jaya Trishindo Tbk,Industrials,Air Freight & Logistics,Nano Cap,IDR,143252340736.0,212973584384.0,172.0,154704880330.0,29997895620.0,,25742758070.0,0.19390400326099397,0.16639913372537626,,0.2412432600279823,1.0734620053991641,1.376644252784446,7.099617489235067,7.183713397576541,1.5795857386237846,0.17970218104457628,-53369880665.0,-0.3725585242851665,0.03332196779804806,0.022413342475343215,-32201601190.0,-0.22478935439766662,0,2026-03-31,,0,0.9259716980513436,5.3935404,,35910213506.0,0.23212075423477366,0.25067802258239535,0.4077089635176796,0.79493,,,-0.410958904109589,0,0.3094865999123859,0.5058262115190412,14.201939784818999,0,5.954481006394685,0.17909239114419426,1.2926226293234455,,0.46408575246413314,0.09417946424041121,0.032390622175856976,0.0026186426602805707,-0.029430361616530922,,-0.2487451296063746,-0.16219306852585536,-0.6925361953435574,,-1.1889118253393538,-0.7232807587814958,0.872599271366644,,-282.1238240235885,0,0,0,0,0,0,0,0,0.12143622814168925,0.11980703188629305,0,0,8159936827.0,,0.0,0.0,,0.0,0,-0.410958904109589,-0.5900512952537833,-1.7035815334330344,-0.8750446565737222,-0.5004283800705355,0.9172764663327688,0.4626611874135603,under-priced vs fundamentals
WIFI.JK,PT Solusi Sinergi Digital Tbk,Information Technology,IT Services,Micro Cap,IDR,10670183546880.0,12425153740800.0,2010.0,2211399651451.0,1243790684139.0,,-4970227940155.0,0.5624450032461985,-2.247548486721433,,0.1613225485695289,0.09607302498066134,5.618683051092683,9.989746586179951,10.155992907091758,1.42950310237596,-0.46580528988260117,2335903497095.0,0.21891877368670257,0.5100133124928522,0.43797732963106323,-119494733468.0,-0.011198938888257522,0,2026-03-31,4.567904264944918,0,4.825081499799825,16.61157,,1391607078057.0,0.6292879159784182,0.13042016305932347,0.7450745303456551,0.53654,4331.25,1.1548507462686568,-0.046476532414511974,0,0.3615927621314201,0.8613689888370339,11.790525359873634,0,2.6806804895275986,2.2914883996585966,2.0303604945784652,,-3.6944026291386227,-0.04846620911380972,-0.671676036881899,0.33265330177637265,0.2420250243006014,,-0.21501740010456344,0.2157996313422136,-0.023272700268323447,,-1.602315483650724,0.940593777063941,-0.6022622822362083,,6.683534507191732,0,0,0,0,0,0,0,0,0.17524582796012064,-0.013923279390591736,0,0,,,,0.0,,0.0,0,-0.046476532414511974,-2.3379649320731084,-2.076837026992977,3.647926096724111,-0.7103062955699949,0.36929553947799243,0.46069332805923674,accelerating sales; under-priced vs fundamentals; cash 51% of mcap
SURE.JK,PT Super Energy Tbk,Energy,"Oil, Gas & Consumable Fuels",Micro Cap,IDR,3878724042752.0,5663680364544.0,2590.0,542578240358.0,29812691371.0,,-357970514385.0,0.054946345344275525,-0.659758331164933,,-0.02566652668992368,40.650798642247814,10.43845835175224,189.97548037723587,,,-0.0922907921366367,-756945786153.0,-0.19515329727245512,0.0024649394993350665,0.0016880931628580297,-1240600952346.0,-0.31984769699310167,0,2026-03-31,,0,7.148690740330406,,,142078100593.0,0.2618573507467883,0.03663011315757177,,0.92311996,,,0.048582995951417005,0,0.3733699530568205,0.5803857326727295,,0,,0.4555897152446737,1.3976325866253128,,-0.028976910431141426,0.25608512989961085,0.2735351486550218,0.13437026316707354,3.1574086830751686,,-0.0054469571005882865,-0.06735159871846241,-0.5516301034491522,,0.33180652397437593,0.15496336831648824,1.1897591418364173,,0.1464778262462808,0,0,0,0,1,0,0,0,-0.20437841611794832,0.17871188942802466,1,0,,,,0.0,,0.5316822670652304,0,0.048582995951417005,-0.40700671929325666,-1.3490495906738957,0.07755990638255843,-0.2796163747452982,0.48952819458247304,0.45867972535499496,first-positive: EBITDA; ROCE improving from <=0; accelerating sales; under-priced vs fundamentals
PBSA.JK,PT Paramita Bangun Sarana Tbk,Industrials,Construction & Engineering,Micro Cap,IDR,2402833399808.0,2131658932224.0,805.0,1722166992724.0,346758505971.0,,112995731908.0,0.20135010567269224,0.06561252909003411,,0.5315074350405877,-0.7843623977539761,1.2377771384715108,6.147387578150063,6.279084078710382,2.6384274860033643,0.04702603681013798,680505319567.0,0.2832095307237598,0.11334267973416792,0.12776132821813985,271984333185.0,0.11319317153104876,0,2026-03-31,3.530954616691172,0,1.3952383305218101,8.1701,,331485314655.0,0.19248151663311136,0.13795601254813902,0.0003944665524925698,0.84291,,,1.520328792043714,0,0.4442865942800063,0.7762286824644298,8.089219350636554,1,10.011454938659043,0.4919709908315232,0.3987598389381784,,2.5927009045234155,-0.013417653810996966,0.12707541252244642,0.08228083290620802,-0.061635559731552034,,-0.6775871796214156,-0.2777958614330619,-0.9236183236219099,,-1420.9904786357442,-0.6367561614304699,0.4345521882760046,,7.403106167797706,0,0,0,1,0,0,1,0,0.3945653638817112,0.13694207115887652,0,0,183941715292.0,,0.0,0.0,,0.0,0,1.520328792043714,1.028357801212191,1.1215689531055357,-1.0723721124797014,0.6892612574451292,-0.4417039748207886,0.4551555035391708,growth-flip; first-positive: FCF; cheap+grow (EV/EBIT 6.3x)
DLTA.JK,PT Delta Djakarta Tbk,Consumer Staples,Beverages,Micro Cap,IDR,1573295095808.0,921726418944.0,1965.0,687292175000.0,238512239000.0,,200549697000.0,0.3470317976485037,0.291796857719208,,1.3898922493085872,-2.7357334983551933,1.3410983748563703,3.864482689896681,4.804187032309809,1.990140678272745,0.12747112575025432,540040943000.0,0.3432547043710514,0.4183414654718542,0.714067170553769,652505922000.0,0.41473841985434484,0,2026-03-31,2.9132885500646197,0,2.2891212107980135,10.395175,,480364057000.0,0.6989226335946572,0.3053235583584519,0.00717056764907774,0.88414,,,-0.029179766159243954,0,0.3137399676735794,0.14397266496880504,33.36874422204205,1,43.81256930906932,0.06266370046788164,0.09241343419301828,,0.21042701611997894,0.009450729230389865,0.035621206912304804,0.018923402022974253,0.002946665890253376,,-0.1109159103219179,-0.11228638884168707,-0.17005857816435357,,-0.8278848651517926,0.16517322793813327,0.18617950796412724,,-0.03788002228167675,1,1,0,0,0,0,0,0,0.9488010406804533,0.4410912086281339,0,0,34864617000.0,,0.0,0.0,,0.0,0,-0.029179766159243954,-0.09184346662712559,-0.12159320035226223,-0.23960678227922289,-0.0864275937784341,0.1348677607592612,0.4541483929514583,growth-flip; accelerating sales; under-priced vs fundamentals; cheap+grow (EV/EBIT 4.8x)
KRAS.JK,PT Krakatau Steel (Persero) Tbk Class B,Materials,Metals & Mining,Small Cap,IDR,4140129058816.0,4141364281344.0,214.0,976947000.0,488384000.0,,-187203000.0,0.4999083880701819,-0.1916204256730406,,0.25349133091114023,2.413660152666754,4239.087976465458,8479.729641724545,8718.881911425131,5981.842724075155,-4.5216706373287935e-05,-1453777000.0,-0.00035114291833592096,1.8257643403420146e-05,1.8252197793976494e-05,-1181668000.0,-0.0002854181556209591,0,2026-03-31,,0,4237.823606414678,0.6013263,,69775000.0,0.07142147936377306,1.685333935458388e-05,1.816540868871692,0.8,,,0.6461538461538462,0,0.330191492418447,5.583778271164948,1561.46635629321,0,784.6166273787558,0.023413021411129515,18.712774974772955,,-3.9693552224601474,0.47395502764688285,-0.25766400217705226,-0.03431386600847517,-0.1400857477396579,,-9.936983816298277,0.03391840981099954,-0.9382510171012666,,-49.63556851311953,0.34894523621994356,24.650987919090433,,-1.0413691033022143,1,1,0,0,0,0,0,1,0.005927944488339219,0.247563386422801,0,0,,,,0.0,,0.0,0,0.6461538461538462,0.6227408247427166,-18.066621128619108,4.615509068613994,0.6084941384506252,3.054969274202943,0.4513354424323742,growth-flip; first-positive: NI; accelerating sales; under-priced vs fundamentals
DIVA.JK,PT Distribusi Voucher Nusantara Tbk,Information Technology,Software,Micro Cap,IDR,187598340096.0,191238701056.0,134.0,3337991224773.0,29202942711.0,,35440064925.0,0.008748657723923749,0.010617183371238521,,0.026812377046241356,0.019318182471641805,0.057291552966561556,6.548610629707714,13.161155053286741,0.3081590890374104,0.1889145975751395,506595774106.0,2.7004278068066006,0.6395737764662572,0.6273990472193474,66836997232.0,0.3562771248284894,0,2026-03-31,0.3703116956059467,1,0.05620096862560135,132.67326,,142613891749.0,0.042724465747718814,0.7602087080089299,0.08730043809604313,0.77682,,,0.2761904761904762,0,0.5869908654810555,1.5137511825165821,8.694397867558772,0,14.278438623088237,-0.20018642714034593,1.1435188528962175,,4.4954144367811475,0.05750389127472143,0.013046585526387905,-0.047611390257094356,-0.6103405181024454,,-0.18407347799258775,-0.20193642883601598,-1.536063502200115,,-18.19155406524311,-0.24325150454120134,0.5313426593026193,,4.455208706384351,0,0,0,0,1,0,1,1,-0.41749441062247367,0.444306787668715,1,1,45579081504.0,,0.0,0.0,,0.0,0,0.2761904761904762,0.47637690333082217,-0.8673283767057413,-4.219223960590671,0.5956099264827224,1.5367251446551968,0.4505750768668846,first-positive: FCF/EBITDA/NI/ROCE; ROCE improving from <=0; under-priced vs fundamentals; Graham net-net (mcap 0.37x NCAV); cash 64% of mcap
BKDP.JK,PT Bukit Darmo Property Tbk,Real Estate,Real Estate Management & Development,Nano Cap,IDR,939249041408.0,1280474742784.0,125.0,37311344804.0,-32877581108.0,,-22115872734.0,-0.8811684832243122,-0.5927385584780381,,,,34.31864355226149,-38.94674424428463,,3.134251490955588,-0.023546335166705904,-375868286915.0,-0.4001795800095225,0.002308229505084203,0.0016931238684851707,,,0,2026-03-31,,0,25.173282987840924,,,-7346236749.0,-0.19689016269958834,-0.007821393927629117,,0.85399,,,3.6296296296296298,0,0.3113014322207755,-0.06671521217183088,,0,,0.22250149990309784,0.017653669942525405,,-0.4804220327127092,0.21542012249281128,-0.10326747470741293,0.0185357240340664,-0.01874822675789474,,0.13675129219926846,-0.010086051355836463,-0.1340255500133443,,1.0011024337321768,0.2223890281737712,0.09388831588672662,,-0.7335290446526701,1,1,0,0,0,0,0,0,,,0,0,3503479527.0,6.312545160764115,,55.64544557905942,,,0,3.6296296296296298,3.407128129726532,3.611975959687104,4.110051662342339,2.78701345560443,-3.479042301840101,0.4474452640384345,growth-flip; accelerating sales
YULE.JK,PT Yulie Sekuritas Indonesia Tbk,,,,IDR,5142809149440.0,5063924252672.0,3240.0,57071238701.0,122987282372.0,,-50845829144.0,2.1549783248325576,-0.8909186185774707,,1.7757993037722017,-5.062599467404386,88.7298815994206,41.17437311408454,41.60416379235075,7.440651002427797,-0.009886781264192275,620131586324.0,0.12058226706536954,0.12153072184334454,0.12342390546308257,622635350234.0,0.1210691145911566,0,2026-03-31,8.29309337381992,0,90.1120996581749,38.46154,,42227620193.0,0.7399107002781786,0.008211002774154697,0.0034346584637201436,0.18573,,,0.21618367094829966,0,0.3370398399141008,0.07579727987926786,548.8872932989032,0,31.557842949212535,-0.0248364966697578,1.578960930133369,,-2.774047454716984,1.3401322415552208,-1.380641325241338,-0.28717431952212735,-0.2533724652085043,,-1.9678367105324666,-0.6765278998678229,-1.0523432428259811,,-4.726228126401252,0.3938637172237536,1.2795613498108158,,-0.10323951288010913,1,0,0,0,0,0,0,0,0.5819792321568604,1.1938200716153413,0,0,,,,0.0,,0.0,0,0.21618367094829966,0.24102016761805745,-1.3627772591850693,2.9902311256652836,0.24715872445488282,-0.6228246780327572,0.4457232623174966,growth-flip; accelerating sales
MAPI.JK,PT. Mitra Adiperkasa Tbk,Consumer Discretionary,Household Durables,Small Cap,IDR,24900001595392.0,30383624159232.0,1500.0,48260723000000.0,7570662000000.0,,2630021000000.0,0.15687004937742022,0.054496096131837896,,0.2544598999061136,0.28451012606295195,0.629572502658777,4.013337824252622,7.105109914779718,1.6994857312410232,0.10562332656583895,3113851000000.0,0.12505424901564063,0.25381038534429484,0.20800280331534177,-2153930000000.0,-0.0865032073089749,0,2026-03-31,7.996529569138665,0,0.5159475459037777,10.493179,,18502384000000.0,0.38338389584424587,0.743067582912286,0.5783580948616018,0.57614,1675.3334,0.11688893333333339,0.11198165664634369,0,0.35701685687850165,0.09804556150725946,72.46743050427268,0,23.04377377073611,0.18144836103913903,0.20063296529300575,,-0.3009435326363734,0.0025065860288584485,-0.03760565310282099,0.04670689277828393,0.027061588189471818,,-0.23512259898030732,-0.05210021268749302,-0.15114782959063305,,-0.7832734451276269,0.014972748058564564,0.14769594711151746,,-49.54059532379745,0,0,0,0,0,0,0,0,0.22886461114090112,0.0255952887652125,0,0,,,,0.0,,0.0,0,0.11198165664634369,-0.06946670439279534,-0.08865130864666207,0.4129251892827171,-0.05879791845637353,-0.04900231444672153,0.4455284069791686,
PTSP.JK,PT Pioneerindo Gourmet International Tbk,,,,IDR,196519116800.0,227131768832.0,890.0,738630907000.0,113023464000.0,,102240941000.0,0.15301751243940298,0.13841952730526616,,0.24223485188748634,0.10206669121378195,0.3075037433168228,2.0095983682821825,4.720025646083417,1.0502423333381325,0.5202595180806349,-64751698000.0,-0.3294931254240198,0.2956035979905238,0.25576236340134384,-11535931000.0,-0.0587013171433101,0,2026-03-31,,0,0.266058615930622,5.4377713,,458710861000.0,0.6210285227070792,2.3341793331324396,0.3721060207833268,0.50663,,,0.14838709677419354,0,0.6092406096504023,0.21615284893754114,21.836518321566516,1,15.28667704468953,0.0685563551131059,0.3089140370821747,,0.8714694346587055,0.028098815925754375,0.05938587447899493,0.05029302710045745,0.19035562190299277,,0.4482852263843466,0.2063278058823312,0.7159968559562772,,0.5352364815919204,-0.09045808912241265,0.03815065624994131,,0.14839283585085133,0,0,0,0,0,0,0,0,0.12587267426049892,0.11636217762698742,0,0,31646462000.0,0.0,0.0,0.0,,0.0,0,0.14838709677419354,0.07983074166108764,-0.16052694030798115,-0.7230823378845119,0.07470896717715723,0.18226739233856204,0.44412697162999976,under-priced vs fundamentals; cheap+grow (EV/EBIT 4.7x)
LINK.JK,PT Link Net Tbk,Communication Services,Diversified Telecommunication Services,Small Cap,IDR,3302286688256.0,10941557112832.0,1200.0,3081592000000.0,794877000000.0,,-99110000000.0,0.2579436213489651,-0.032161947460922796,,-0.09449402067925083,8.348135623498981,3.5506183533809796,13.765094615685195,,0.9303316697344475,-0.030012536571239326,-8423015000000.0,-2.5506613432307277,0.10930637890516717,0.03298991142464298,-6641795000000.0,-2.011271469439759,0,2025-12-31,,0,1.0716171018927878,,,1542609000000.0,0.5005883322646216,0.46713357913049064,1.972840730452617,0.90011,,,-0.29411764705882354,0,0.358038084320571,-0.08839775576238608,,0,,0.2225211708241328,0.35651946863992573,,0.8621935297282942,0.02547991900761834,0.2531560175692317,-0.057904075700490006,0.04702460690985106,,0.8596002623552761,-0.16049242382574494,-0.32733715671189445,,1.5101387026732003,0.23475013183464538,0.6574454939845308,,0.720381852256667,1,1,0,0,0,0,0,0,-0.10596374356708711,0.011469722887836278,1,0,606803000000.0,0.16333142716829022,0.1598324106133494,0.0,,,1,-0.29411764705882354,-0.5166388178829564,-0.6506371156987493,-1.1563111767871177,-0.4226011215287805,0.686547057974401,0.4435438333497775,growth-flip; ROCE improving from <=0; FCF break-even ETA 0.2q; accelerating sales; under-priced vs fundamentals
ELTY.JK,PT Bakrieland Development Tbk,Real Estate,Real Estate Management & Development,Micro Cap,IDR,1392701210624.0,2810268090368.0,32.0,1425943000000.0,128428000000.0,,43142000000.0,0.09006531116601435,0.03025506629647889,,0.009917364574186458,5.2121733578347405,1.9708137635010656,21.882051346809106,43.8227933253493,0.2505879122743348,0.030977211530296738,-1063287000000.0,-0.7634710100694133,0.09377962696067559,0.04647492545200455,-908499000000.0,-0.6523287213866547,0,2025-12-31,,0,0.9766878554219909,,,485860000000.0,0.34072890711620313,0.3488616196307536,0.1869657333428096,0.115229994,,,2.2,0,0.4905246908020619,0.6867867405668402,63.80844407272644,0,24.79970623912285,0.16238404225834324,1.6147894779705187,,1.3298444130127298,0.050027487340264805,0.13687505097130812,0.024816499486493226,-0.2034336680580796,,2.1729744426318653,-0.013335090479289016,-0.6741013641342228,,-1.160953976878417,0.19901853758184979,0.5652340701695475,,77.58619408814563,1,0,0,1,0,0,1,0,-0.00018331700843335523,0.010100681582619814,1,1,79922000000.0,0.0,0.0,0.0,,0.3221431189828481,0,2.2,2.037615957741657,0.5852105220294814,0.8701555869872704,1.7529627762119526,-1.3114862107425904,0.4404483764017482,growth-flip; first-positive: FCF/ROCE; ROCE improving from <=0; accelerating sales
ASSA.JK,PT Adi Sarana Armada Tbk,Industrials,Commercial Services & Supplies,Small Cap,IDR,2399239405568.0,6740445233152.0,650.0,5949015044234.0,1069905883962.0,,423079668913.0,0.17984588642097843,0.07111759942901205,,0.17684632239337325,3.0474856157514174,1.1330354996639456,6.300035670606146,6.888751532910573,1.0479820089144793,0.17633907976467209,-3239250450414.0,-1.350115558662698,0.46532054848344656,0.1656293252930914,-3243500053335.0,-1.3518867878743965,0,2026-03-31,,0,0.40330027537809465,5.787037,,1839807238354.0,0.30926249550120194,0.7668293685425032,1.9044005949704224,0.77239996,1456.6666,1.2410255384615385,0.03628425303528354,0,0.44155833273393036,0.007153174212944869,963.0342177944192,1,15.017557230648496,0.20039250640047157,0.3281044668374538,,0.33604065746451656,0.017294174746692648,0.007220566841855319,0.03914825428838836,0.08723099575759924,,0.38560190656734566,-0.023000211205370408,0.11983723958603462,,-1.2265823300429377,0.09199532211520318,-0.5412498851555692,,1.3223988434663674,0,0,0,0,0,0,0,0,0.1349398228591424,0.04190649953423084,0,0,117739681354.0,0.0,0.0,0.0,,0.0,0,0.03628425303528354,-0.16410825336518803,-0.29182021380217027,-0.299756404429233,-0.13671216080587456,0.22309925810061648,0.4328642499095844,accelerating sales; under-priced vs fundamentals; cheap+grow (EV/EBIT 6.9x)
MOLI.JK,PT Madusari Murni Indah Tbk,Materials,Chemicals,Micro Cap,IDR,615632273408.0,718590705664.0,226.0,1451091313000.0,166878053000.0,,407268903000.0,0.1150017586798137,0.28066386956587064,,0.13498056989489893,-0.6450452175397804,0.4952070894686694,4.306082751720504,4.597080664174026,0.4863980991180872,0.6615457320738761,674961789000.0,1.0963716786054203,0.17488062541621938,0.1498240321665681,107643890000.0,0.1748509534825196,0,2026-03-31,0.9120994453924561,0,0.4242546750109309,6.360822,,449664696000.0,0.30988035830106303,0.7304111811922378,1.4432372148725365e-05,0.91788,,,0.13,0,0.49583400173235836,1.225272795414517,3.7518834021111243,1,3.9202442849981254,0.04204319229900552,1.2546818058714961,,3.6618150975406767,0.061851553882559515,0.21792781751616586,-0.04338266216542212,0.14974275376991944,,-0.0371369593818701,-0.2301497659689348,-0.022998553687876212,,-0.8296525819309433,0.11417815192252724,1.51824015535925,,1.9293469939757293,1,1,0,0,0,0,0,0,0.04098907938150487,0.09399149051339406,0,0,319906171000.0,,0.0,0.0,,0.0,0,0.13,0.08795680770099448,-1.124681805871496,-3.531815097540677,0.08440802487941006,1.121033017707942,0.43281724660234233,growth-flip; accelerating sales; under-priced vs fundamentals; cheap+grow (EV/EBIT 4.6x)
UNVR.JK,PT Unilever Indonesia Tbk,,,,IDR,66846971658240.0,62037623308288.0,1760.0,29722716000000.0,4658678000000.0,,2595282000000.0,0.1567379643233142,0.08731644846991776,,2.559322150081629,-1.0323415784477914,2.0872124643080396,13.316572492944994,13.846651456852994,10.190178792498287,0.03882422697124662,-2880277000000.0,-0.04308762130206325,0.08080427379142421,0.08706847090446769,4809347000000.0,0.07194562267664324,0,2026-03-31,,0,2.2490196272184546,18.148071,,13852689000000.0,0.46606403667820934,0.2072298663105171,0.0902712387199824,0.86055,2265.0,0.2869318181818181,0.03688155960854304,0,0.2830309872214435,0.017394836218276435,796.0208008342482,0,193.39226062059706,-0.02938671401468209,0.15367726303777607,,-0.1011244594344661,0.024870972171697092,-0.006968578928461755,0.024873143022494704,0.2996523698744364,,-0.3994899342773236,0.9497100137961104,9.662766115633021,,-1.4814385282606597,0.2500353410313189,0.6016338571697595,,1.2497758865496087,1,1,0,1,0,0,0,0,1.105443373688351,1.4538787763932781,0,0,,,,0.0,,0.0,0,0.03688155960854304,0.06626827362322513,-0.11679570342923304,0.13800601904300913,0.06827464097192208,-0.029159529745667073,0.4324113756380775,growth-flip; accelerating sales
CSMI.JK,PT Cipta Selera Murni Tbk,Consumer Discretionary,"Hotels, Restaurants & Leisure",Micro Cap,IDR,71813414912.0,72168374272.0,88.0,2044161021.0,900261668.0,,-314077575.0,0.44040643508582,-0.15364620094671103,,-0.4508632053915264,-0.13128961078902673,35.304642604277504,80.16377553020507,,19.38902157131487,-0.004373522347946689,-38301480389.0,-0.533347152978793,0.001645862463786688,0.0016377673072491186,118195004.0,0.001645862463786688,0,2026-03-31,,0,35.13099710553575,,,1246938223.0,0.6100000000929476,0.01736358345481823,0.0,0.56148,,,-0.9605381165919282,0,0.3232771448088095,1.0949702958937937,,0,,0.06506733424997145,3.35060370841161,,0.271826843018392,0.639956238451165,0.07108544164538502,0.11679250501745755,0.21483176345930494,,0.4480389944481359,0.4881586259733628,-0.5003021497017083,,0.5596562017466652,0.48296688197478327,2.352361835940309,,1.5538671154940222,0,0,0,1,1,0,0,0,-0.16646102959299672,-0.28440217579852967,0,0,254943736.0,1.2319485857067694,2.678812544397388,0.0,,0.36814146887525073,1,-0.9605381165919282,-1.0256054508418997,-4.3111418250035385,-1.23236495961032,-0.9629489308900256,1.883015291586446,0.4318911193563901,growth-flip; first-positive: EBITDA; FCF break-even ETA 1.2q; accelerating sales; under-priced vs fundamentals
ELSA.JK,PT Elnusa Tbk,Energy,Energy Equipment & Services,Micro Cap,IDR,4634547585024.0,1721061474304.0,635.0,14602551000000.0,960157000000.0,,2183458000000.0,0.06575268937598643,0.1495257917606314,,0.3705017520056744,-3.036049312768641,0.1178603296303502,1.7924792240269039,1.7955760863097692,0.8423204923455854,0.4711264605536881,2172779000000.0,0.468822244272792,0.7475750192307192,2.013101827987358,2915084000000.0,0.6289899815506812,1,2026-03-31,2.1330045922866523,0,0.31737931167122785,6.426475,,1451228000000.0,0.09938181349272467,0.31313261399871567,0.09988660732346938,0.60567003,1000.0,0.5748031496062993,0.454842417614995,0,0.4758650275305962,0.19821449993180912,9.058752447109033,1,40.78363706230907,0.09031111968606317,-0.02563085160145888,,0.591104219148854,-0.00782403305383575,0.04706258949240394,-0.00843558469672257,0.0540947629937105,,0.16232885463024083,-0.10051378448608618,0.13352661135530647,,-0.1698436161141492,0.01656508149632678,-0.37937674467838745,,-0.6082394523192015,0,0,0,0,0,0,0,0,0.32335004012260415,0.04715171188307027,0,0,304938000000.0,0.0,0.0,,,0.0,0,0.454842417614995,0.3645312979289318,0.4804732692164539,-0.13626180153385903,0.3343369533219953,-0.2607699297333805,0.43127488826850746,"cheap+grow (EV/EBIT 1.8x); cash 75% of mcap; cash > EV (2.01x, net cash 63% mcap)"
SONA.JK,PT Sona Topas Tourism Industry Tbk,Consumer Discretionary,"Hotels, Restaurants & Leisure",Micro Cap,IDR,1437408034816.0,891973992448.0,2170.0,921398057777.0,190631481750.0,,128306418789.0,0.2068937308267447,0.13925188761365195,,0.6420825356038532,-2.864454274237419,0.968065848326195,4.679048729305698,7.42069259443323,1.9602980952523785,0.08926234978603294,507523851017.0,0.3530826590112718,0.4681055716876742,0.754347902049651,546055162703.0,0.379888764690883,0,2026-03-31,2.8321979980559626,0,1.5600293734978619,16.75029,,501408011246.0,0.54418175403551,0.3488278895770778,0.17293123872505647,0.92371005,,,-0.442159383033419,0,0.3055728206300487,0.22404299352046186,33.121734707385514,0,16.33043800809086,0.08272169202609489,0.49172650618131564,,-0.15772109430332182,0.05672657258286162,-0.0397518109892151,0.024017124626745497,-0.006890156928831851,,0.012204418553200177,-0.10347027825196871,-0.5887766591193604,,0.35982157561474415,-0.14498373353132524,0.4238634414737932,,-0.5997641376858769,0,0,0,0,0,0,0,0,0.2663922865842423,0.3756902490196109,0,0,1547024701.0,0.0,,0.0,,0.0,0,-0.442159383033419,-0.5248810750595139,-0.9338858892147346,-0.2844382887300972,-0.4847793102559024,0.556996140815062,0.42673577174035493,under-priced vs fundamentals
MAPA.JK,PT Map Aktif Adiperkasa Tbk,Consumer Discretionary,Specialty Retail,Small Cap,IDR,17244920741888.0,17846373449728.0,605.0,19279923000000.0,3887152000000.0,,2246032000000.0,0.2016165728462712,0.11649590094317286,,0.2519701162434519,0.12233352336106229,0.9256454732587884,4.591117982967479,7.354367713051319,1.8836365725682926,0.13024310367193379,2986208000000.0,0.17316449548802423,0.08254732053028564,0.07976533742331253,-475529000000.0,-0.02757501800776258,0,2026-03-31,5.774855851262872,0,0.8944496688025154,9.310556,,9088886000000.0,0.47141713169705085,0.5270471309226171,0.20743046432701437,0.70722,952.7778,0.5748393388429751,-0.1941353942162057,0,0.34361980067539305,0.2009252755762779,36.60250156162835,0,28.616678480242307,0.12194163482679025,0.20087725178850188,,0.38674938473905895,0.01325258559409298,0.022245560547747373,,,,,-0.07121571720812495,-0.1370902215559462,,-0.6749686221106564,0.027424856328705963,-0.16960489706083726,,3.3398636452163344,0,0,0,0,0,0,0,0,0.23954992443242243,0.012420191811029463,0,0,626394000000.0,,0.0,0.0,,0.0,0,-0.1941353942162057,-0.31607702904299595,-0.3950126460047076,-0.5808847789552647,-0.28172323695946383,0.393424422740608,0.42668439825243704,under-priced vs fundamentals
ULTJ.JK,PT Ultrajaya Milk Industry & Trading Company Tbk,Consumer Staples,Food & Staples Retailing,Small Cap,IDR,16377125535744.0,12802963013632.0,1575.0,9394904000000.0,1960848000000.0,,1902763000000.0,0.20871400069654783,0.20253139361509176,,0.3790459813955627,-1.875196853606195,1.3627561296668917,6.529299065318678,6.695917750081457,1.877816994651754,0.116184186037233,4801569000000.0,0.2931875309571454,0.22700937303593216,0.29038285872118047,3676976000000.0,0.22451900927148616,0,2026-03-31,3.4107862525237063,0,1.743192430251975,11.013216,,3132283000000.0,0.33340234237624994,0.19125963180557026,0.0046764473997416,0.78556997,2500.0,0.5873015873015872,0.1750902078275048,0,0.37929646441780984,0.31005562315173185,21.595859742897414,1,25.514996914149553,0.05867592376193375,0.2773513457525915,,0.8950916689241949,0.03573067216740233,0.08938905135152823,0.055233709417453376,0.16772123065086003,,0.1437086984380391,0.09994142690694546,0.24867173443164875,,-0.49726615246355854,-0.08081194385107378,0.18788061957491123,,0.386250385950737,0,1,0,1,0,0,0,0,0.30490884033118365,0.07413714106437908,0,0,239085000000.0,0.0,0.0,0.0,,0.0,0,0.1750902078275048,0.11641428406557106,-0.1022611379250867,-0.72000146109669,0.10996215315060788,0.14897154045139946,0.4246522899253925,growth-flip; under-priced vs fundamentals; cheap+grow (EV/EBIT 6.7x)
YPAS.JK,PT Yanaprima Hastapersada Tbk,Consumer Discretionary,Distributors,Nano Cap,IDR,424180056064.0,532699807744.0,635.0,361958536052.0,12177703989.0,,37721742844.0,0.033643919886035004,0.1042156465086951,,0.060533659149149134,4.802266973546486,1.471715002371075,43.74386240831461,46.850085668776586,3.2802154096570812,0.08892861016150314,27682287391.0,0.06526070001467328,0.007353986297576765,0.005855857792047674,-58519744426.0,-0.1379596791254386,0,2026-03-31,15.323157731608134,0,1.1719023418833285,47.38806,,34807842045.0,0.09616527468770458,0.0820591198180902,0.4766601245543284,0.8982,,,1.0352564102564104,0,0.314184572185421,3.0474324408211895,15.373625692634526,0,6.689940132357517,0.0522353741846278,7.4411502296664915,,3.232562737210224,0.039140038027678264,0.15333381370385232,-0.001227877342804031,0.3928366261131621,,0.10940200343887961,-0.13064384333564472,-1.0267917419328207,,-3.488061549554237,0.06076587700304493,6.7649525869594695,,4.705721393046714,1,1,0,1,1,0,1,1,-0.012204891712118675,0.0727385508612678,1,1,3719872713.0,0.0,0.0,0.0,,0.0,0,1.0352564102564104,0.9830210360717826,-6.405893819410081,-2.1973063269538136,0.9342216201707924,1.67148937253033,0.4225462253681035,growth-flip; first-positive: FCF/EBITDA/NI/ROCE; ROCE improving from <=0; accelerating sales; under-priced vs fundamentals
IGAR.JK,PT Champion Pacific Indonesia Tbk,,,,IDR,415645696000.0,198033915904.0,448.0,904855356056.0,104005431802.0,,65567854678.0,0.11494149988273183,0.07246224961721077,,0.43620675886258375,-4.415208898821855,0.21885698590233466,1.9040728207446551,1.949008078761052,0.600522522152969,0.15774938922499993,684510744732.0,1.6468611399551218,1.107539697478306,2.324572062843816,459205708018.0,1.1048008254078012,1,2026-03-31,0.6072157364932728,1,0.45935042901406703,7.369633,,133883328537.0,0.14796102784931095,0.32210926234876736,0.00164475436363397,0.88881,,,-0.16339869281045752,0,0.308765309669861,0.3288169686383324,5.927334245650737,1,29.972656902857405,0.041099051379038284,0.04396283049473596,,0.15591690812732348,0.0003153053511829873,0.007197714764538218,-0.0135851332420072,-0.055520792266615215,,0.09380677515997554,-0.0012519541427625127,-0.04390756278818628,,-1.0283063098812468,0.042194129481499094,-0.2090109931453873,,0.7333418740946547,0,0,0,1,0,0,0,0,0.6511331196655492,-0.21492636080296545,0,0,5623213479.0,0.0,0.0,0.0,,0.0,0,-0.16339869281045752,-0.2044977441894958,-0.20736152330519347,-0.319315600937781,-0.19642486842977946,0.23189993421556243,0.41961077579419137,"growth-flip; under-priced vs fundamentals; cheap+grow (EV/EBIT 1.9x); Graham net-net (mcap 0.61x NCAV); cash 111% of mcap; cash > EV (2.32x, net cash 110% mcap)"
SSMS.JK,PT Sawit Sumbermas Sarana Tbk.,Consumer Staples,Household Products,Small Cap,IDR,7000875335680.0,15153476141056.0,735.0,14813170793000.0,2596309347000.0,,391355573000.0,0.17527033092920877,0.026419432980880505,,0.25095332678572607,2.7685575755083547,1.022973160359213,5.836544924265529,6.0053262558506475,2.6846855157016325,0.05590094870072235,-4358367575000.0,-0.6225460911705648,0.12991424891751172,0.06002012030334175,-7447306810000.0,-1.0637679508510542,0,2026-03-31,,0,0.47261153155597724,5.2466273,,5174925277000.0,0.34934622366235213,0.7391826062986674,3.2046613120695318,0.78452003,,,-0.5026347607015444,0,0.3459071416725937,0.13698460709845722,43.83942388165073,1,10.506970528480043,0.42890492729977275,0.3981661821125225,,-0.20968848506328266,-0.0038533259567026246,-0.021347627538121427,,,,2.699816376005882,-0.07290141496729584,-0.12873364164121634,,1.026454392384009,-0.22906303125263905,-0.536861377266362,,-1.30114559584087,1,0,0,0,0,0,0,0,0.2084943502858494,0.04245897649987668,0,0,285578547000.0,0.0,,0.0,,0.0,0,-0.5026347607015444,-0.9315396880013171,-0.900800942814067,-0.2929462756382618,-0.6519255901522185,0.6943031241514661,0.4194052647831434,growth-flip; under-priced vs fundamentals; cheap+grow (EV/EBIT 6.0x)
MRAT.JK,PT Mustika Ratu Tbk,Consumer Staples,Household Products,Nano Cap,IDR,189176004608.0,187154907136.0,442.0,423517455955.0,18792559323.0,,14465600350.0,0.04437257321690364,0.034155853900711505,,0.030420880178052723,-2.6817314391723204,0.44190600530025326,9.958989827795474,11.744189032530338,0.3294337647758862,0.07646635935659395,332181261606.0,1.7559376110851244,0.9252714932145143,0.9352635575662687,50396597159.0,0.2664005789921879,0,2025-12-31,0.5694963156361948,1,0.44667817571160634,455.67007,,169271418119.0,0.3996799086765047,0.8947827102583904,0.21705432577359096,0.76278996,,,0.768,0,0.5246245579515805,1.0168862665065281,11.549166725278951,0,40.23959560169499,0.2696777505484135,0.03036559274993855,,3.745293301357339,-0.010305949964097012,0.025016918750736476,0.14593463311560315,0.11358205167847404,,2.2462121882806874,1.376047787354351,0.2867404104713504,,0.2978018597389028,0.1600058813242145,-4.047562856766033,,2.6334635824616424,0,0,0,0,0,0,0,1,0.02653714928714055,0.0038837308909121723,0,0,10009452843.0,0.0,0.0,0.0,,0.0,0,0.768,0.49832224945158654,0.7376344072500615,-2.9772933013573386,0.39247931157047194,0.3372143332713047,0.4178475158238468,first-positive: NI; accelerating sales; under-priced vs fundamentals; Graham net-net (mcap 0.57x NCAV); cash 93% of mcap
JSPT.JK,PT Jakarta Setiabudi Internasional Tbk,Real Estate,Real Estate Management & Development,Micro Cap,IDR,2944794624000.0,4223108907008.0,1270.0,2573134418000.0,1017952769000.0,,907198347000.0,0.39560808089894356,0.35256547060030036,,0.2571059993653245,0.16934477536648854,1.6412313626003505,4.148629519576462,5.356836664779108,1.1501982399462387,0.30806846073622823,-1032346379000.0,-0.3505665116970819,0.6303033090568424,0.4395135993106616,-506029347000.0,-0.17183858693433965,0,2026-03-31,,0,1.144438706116596,7.7457914,,1776032835000.0,0.6902215533615391,0.6031092357087922,0.9226221969561964,0.81558996,,,-0.7926707463569355,0,0.303177388846809,0.07197161743306221,74.42984965234771,1,26.66706706680854,0.07105468420091585,0.17295546091265757,,0.29437592606830837,0.034368543444673716,0.06082881885263497,0.06451972993783218,0.14951119516799227,,0.2927486214774467,0.09359310322670247,0.5451797771741519,,0.14101656056773146,-0.3474214337455191,-0.1854909895918613,,-1.053096841094847,0,0,0,0,0,0,0,0,0.18791268697376798,0.06919331239155654,0,0,205439063000.0,0.0,0.0,0.0,,0.0,0,-0.7926707463569355,-0.8637254305578513,-0.965626207269593,-1.0870466724252439,-0.8064251464454897,0.9307058641745445,0.4165357936890417,under-priced vs fundamentals; cheap+grow (EV/EBIT 5.4x); cash 63% of mcap
AMRT.JK,PT Sumber Alfaria Trijaya Tbk,Consumer Staples,Food & Staples Retailing,Mid Cap,IDR,48899280601088.0,46813239312384.0,1190.0,131314450000000.0,9948154000000.0,,5053807000000.0,0.0757582581353385,0.038486297585680784,,0.3610326461243046,-0.3527247366697379,0.35649724240084774,4.70572121344161,8.659669729322006,2.6457248029738167,0.10335135686817351,-889694000000.0,-0.018194418998880007,0.12708152192860145,0.13274439221205728,3508960000000.0,0.07175892890174597,0,2026-03-31,,0,0.3723830896073357,14.02475,,29103153000000.0,0.22162947794397342,0.5951652589210579,0.14636835653597785,0.71142995,2307.0588,0.9387048739495796,-0.4780532408738505,0,0.3348919894767722,0.19328628895798797,44.802297027929605,0,37.03830853052706,0.11069734974567702,0.19453782380383564,,0.5674418056477823,0.0053172098441063576,0.011214708569798282,0.04148375291230422,0.0599222927464742,,0.12809677627450897,0.09234145027498866,-0.001637830187507083,,0.4352657779766823,-0.03351502898667311,0.055626755588134534,,-0.5787735153497013,0,0,0,0,0,0,0,0,0.3099762017694623,0.0510564443548423,0,0,573866000000.0,0.0,0.0,0.0,,0.0,0,-0.4780532408738505,-0.5887505906195275,-0.6725910646776861,-1.0454950465216328,-0.5300729228842918,0.7092274061757845,0.4135686949148828,under-priced vs fundamentals
AALI.JK,PT Astra Agro Lestari Tbk,Consumer Staples,Household Products,Small Cap,IDR,12654826487808.0,8567108665344.0,6575.0,28654648000000.0,2531854000000.0,,3647560000000.0,0.08835753278141822,0.12729383379617853,,0.12305471676567852,-1.857869371614635,0.2989779761155677,3.383729340374287,3.6235056095926303,0.5291058839976619,0.28823469081256525,6410876000000.0,0.5065953299459626,0.3717043457317901,0.5490596867328429,4703854000000.0,0.3717043457317901,0,2026-03-31,1.973962136813752,0,0.44163259265331056,8.07105,,4631429000000.0,0.16162924074307247,0.3659812328886566,0.0,0.81865996,8305.0,0.26311787072243353,0.19144136392147154,0,0.49590826323384524,0.33492999408823904,10.818695469352319,1,8.24569021366502,0.3135274823075003,0.1900824503950954,,0.49576476917827994,-0.009165162002248178,0.015508911149939367,,,,3.938518319943027,0.1477798422627408,-0.19398404356007884,,2.0261960769425063,-0.11429151637254015,0.18293867257982765,,-0.4664025027241359,0,0,0,0,0,0,0,0,0.08682542758732369,0.03622928917835483,0,0,2908966000000.0,0.0,0.0,0.0,,0.0,0,0.19144136392147154,-0.12208611838602879,0.0013589135263761543,-0.3043234052568084,-0.09294523337384439,0.12949896087257637,0.4133495923515648,under-priced vs fundamentals; cheap+grow (EV/EBIT 3.6x)
BANK.JK,PT Bank Aladin Syariah Tbk,Financials,Banks,,IDR,4112502751232.0,4348609036288.0,278.0,678974000000.0,,2975634000000.0,2985397000000.0,,4.396923888101753,,,,6.404676815736685,,,1.2412974171468862,0.7259319155727377,,,1.1279287287067206,1.0666882125507302,4126792000000.0,1.003474587041606,1,2026-03-31,,0,6.056937012657333,34.36341,1.3820593363404237,,,,0.15448460460213917,0.51319003,1200.0,3.316546762589928,-0.6567901234567901,0,0.38598393063979963,1.6547490729186367,,0,,0.422578590524719,,3.7799352958751924,4.1190900377064725,,3.175032938478468,-0.03642290591352451,,0.07441956695132418,0.07789100847936484,-0.18061426224486954,,-0.6189604580935559,-0.6217787308750493,-0.31307466398093775,,6.196271373918646,6.675318458094558,0,0,0,0,0,0,0,1,,,0,0,215732000000.0,0.0,0.0,,0.0,0.0,0,-0.6567901234567901,-1.0793687139815091,,-4.775880161163263,-0.7587410081740252,2.2046632944395994,0.41176470588235287,"first-positive: NI; under-priced vs fundamentals; cash 113% of mcap; cash > EV (1.07x, net cash 100% mcap)"
CPIN.JK,PT Charoen Pokphand Indonesia Tbk,,,,IDR,73463041622016.0,72251491745792.0,4480.0,73114249000000.0,9624074000000.0,,5671486000000.0,0.13163062100248066,0.07757018744731961,,0.26032990519242233,-0.08270146301867587,0.9881998753183118,7.507370760635465,7.726469562433344,2.0008255071325958,0.07720189465038871,15776561000000.0,0.21475507481944434,0.10117047750678256,0.10286695569068115,795925000000.0,0.010834359460573584,0,2026-03-31,4.65646737727037,0,1.0047705150061241,11.013324,,13531636000000.0,0.18507522384590178,0.18419651162312792,0.1807468092021961,0.65986997,5371.4287,0.19897962053571439,-0.05542689628014835,0,0.282592495190935,0.3534249077962028,21.861700723392982,0,15.692192249521877,0.08352733732799873,0.5363538695098998,,0.666031958281975,0.03879694569098058,0.027121324060869104,0.03091949897488621,0.12778487129945504,,0.24481211773759037,-0.007379239246731143,0.10411000245674813,,1.217886823136525,-0.04731722224678786,-0.21817959678522386,,-0.8715457666492183,0,0,0,0,0,0,0,0,0.17263883245334632,0.087691072739076,0,0,1115388000000.0,0.0,0.0,0.0,,0.0,0,-0.05542689628014835,-0.13895423360814707,-0.5917807657900482,-0.7214588545621234,-0.12824248066579588,0.39510908365652864,0.4064039783564678,under-priced vs fundamentals
SRSN.JK,PT Indo Acidatama Tbk,Materials,Chemicals,Nano Cap,IDR,397319995392.0,414983127040.0,66.0,1183450344000.0,145408967000.0,,332959489000.0,0.12286866765235399,0.2813463958906923,,0.16403557216878956,0.05894566323409752,0.3506552929271023,2.8539032743420836,2.9540800692891636,0.4737195801961224,0.8380134220818631,425862509000.0,1.0718375967457658,0.04069581744570202,0.038963661282646445,-17663113000.0,-0.044455635771799985,0,2026-03-31,0.9329771628053786,0,0.33573017863096755,4.11728,,323282545000.0,0.2731695052851326,0.8136578796671085,0.04033791067128481,0.65203005,,,0.22448976125374587,0,0.5561249467254056,1.3455576620310767,2.1954317920720494,1,1.7519261111053916,0.02570827824993877,1.9308808882432122,,3.0883300424543925,0.07986882755168667,0.4195330433334995,-0.05803548918177176,0.15679082005778952,,0.5078202672947014,-0.21014318697626128,-0.13750675341311583,,-0.4148798858344625,-0.034874139334498,1.9996878393050874,,12.891607841270622,0,1,0,1,0,0,1,0,0.04388700821802625,0.12014856395076332,0,0,112137753000.0,0.0,0.0,0.0,,0.0,0,0.22448976125374587,0.1987814830038071,-1.7063911269894665,-2.8638402812006465,0.19379923826194279,1.0444126717310909,0.404793505098966,growth-flip; first-positive: FCF; under-priced vs fundamentals; cheap+grow (EV/EBIT 3.0x)
MSIN.JK,PT. MNC Studios International Tbk.,Communication Services,Entertainment,Micro Cap,IDR,25483995512832.0,25332312702976.0,420.0,3793760000000.0,1376476000000.0,,-477905000000.0,0.36282632533423304,-0.12597133187128337,,0.17515760387936383,-0.2918990233029853,6.67736301267766,18.40374456436291,22.77309505391238,3.773995547862103,-0.018753142526624588,1457530000000.0,0.05719393567096209,0.026258715971875294,0.026415945825640552,401792000000.0,0.015766444465024527,0,2026-03-31,17.484371170975553,0,6.7173451965416895,24.691359,,1112923000000.0,0.29335619543671715,0.043671448593671586,0.0395977859538152,0.90528,,,-0.14285714285714285,0,0.2866108558148867,-7.81592594723953,,0,25.20033037505804,0.17135464588517899,0.8820875196210874,,-49.05963395012068,0.13701413679410374,-0.1290416237713198,-0.026241549980659636,0.07365319110268016,,-0.10470935514219604,0.13642072196750069,-0.6647423464424885,,0.9740088105726872,0.08649336182402186,0.5399030915394012,,-48.79849209016342,0,0,0,0,0,0,0,0,0.08884127052991563,0.0863163333494482,0,0,,,,0.0,,0.0,0,-0.14285714285714285,-0.3142117887423218,-1.0249446624782304,48.91677680726353,-0.2682465040336913,-11.827343463002322,0.4034269083090527,accelerating sales
LIFE.JK,PT Asuransi Jiwa Sinarmas MSIG Tbk,Financials,Insurance,Small Cap,IDR,13072500523008.0,7715328884736.0,6225.0,2423277000000.0,,,607419000000.0,,0.25066015977537853,,,,3.183841089869627,,,1.5568106994492659,0.046465402616043046,,,0.6946964724932635,1.177061941969405,9068230000000.0,0.6936874841993419,1,2026-03-31,,0,5.3945547797499005,47.61723,,,,,0.001570803771596319,0.1718,,,0.009366056867731782,0,0.259905059736614,0.7648735608234019,,0,,0.15796065486347613,,,1.9786993727432534,,0.5472319272100601,-0.13863234860252588,,,0.03417048466925116,-0.3279277503947245,,,-0.7138727756668912,0.8416013732112207,,,1.4648884627524077,1,0,0,0,0,0,1,0,,,0,0,20070000000.0,0.0,0.0,,,,0,0.009366056867731782,-0.14859459799574434,,-1.9693333158755215,-0.12832439286399042,0.748750768911752,0.4031782309158124,"growth-flip; first-positive: FCF; accelerating sales; under-priced vs fundamentals; cash 69% of mcap; cash > EV (1.18x, net cash 69% mcap)"
RIGS.JK,PT Rig Tenders Indonesia Tbk,,,,IDR,423345324032.0,423343030272.0,695.0,329175660822.0,92238614951.0,,137885153116.0,0.2802109205785951,0.41888015891478886,,0.21268450765202318,-5.197318497536727,1.2860702678164304,4.5896507715005574,4.631528806042141,0.4656446761988408,0.3257037347259739,544676019997.0,1.2865998254319417,1.1332578587161524,1.1332639989413602,479393459672.0,1.132393420827682,1,2026-03-31,0.7772424496204766,0,1.2860772360108415,4.8995414,,97187119503.0,0.29524394136647125,0.22956937040753467,0.00040252090067076574,0.82152003,,,-0.034722222222222224,0,0.3419026032021363,0.3604809196094106,12.848194048829296,1,48.998122669200804,-0.054064508010656716,0.1580924422368992,,0.6682298237720368,0.05133328926764036,0.18136275959644388,-0.036380609408312344,-0.04053982914398359,,0.19006251674118005,0.030521947165440967,-0.5185384932070426,,-0.07396874915204625,0.03307643407091779,0.018819607208191702,,0.19009381593213287,0,0,0,0,0,0,0,0,,,0,0,22021363461.0,0.0,0.0,0.0,,0.0,0,-0.034722222222222224,0.019342285788434492,-0.19281466445912143,-0.702952045994259,0.0204477852371908,0.2921414748883153,0.40308834589084896,"under-priced vs fundamentals; cheap+grow (EV/EBIT 4.6x); cash 113% of mcap; cash > EV (1.13x, net cash 113% mcap)"
KIJA.JK,PT Kawasan Industri Jababeka Tbk,Industrials,Industrial Conglomerates,Micro Cap,IDR,2537213394944.0,5291365629952.0,122.0,5393340000000.0,1503957000000.0,,2099470000000.0,0.27885447607604935,0.3892708414451898,,0.20969018428795375,0.5084487122969606,0.9810925381956265,3.5182958222555567,3.5598938025744373,0.401373222438562,0.8274708009124074,4898091000000.0,1.9305002132499416,1.5164506886441538,0.727139129872396,-767140000000.0,-0.3023553326372581,0,2026-03-31,0.5180004607803326,1,0.4704345349901916,5.7411766,,2108903000000.0,0.3910198504080959,0.8311886592599936,0.73002003375238,0.43275002,,,-0.3078123249595573,0,0.4133470439924566,0.5207565702041126,6.836003626760048,1,9.660916467783707,0.17179067354270847,0.23823947610434112,,0.37397890868063416,0.014964428433909438,0.05728325516876809,-0.007995356587334395,0.14357243758970467,,-0.004304043883330533,-0.1916228122815333,-0.19993593778097465,,-0.43407200659373596,-0.2761159866082421,-0.11423759015762494,,-2.6159569581684763,0,0,0,0,0,0,0,0,0.14360447319564196,0.06608571109231179,0,0,571448000000.0,,0.0,0.0,,0.0,0,-0.3078123249595573,-0.47960299850226573,-0.5460518010638984,-0.6817912336401915,-0.40929067736327696,0.5291841776424082,0.4025874253338156,under-priced vs fundamentals; cheap+grow (EV/EBIT 3.6x); Graham net-net (mcap 0.52x NCAV); cash 152% of mcap
TBLA.JK,PT Tunas Baru Lampung Tbk,Consumer Staples,Household Products,Small Cap,IDR,3812635967488.0,21244722282496.0,635.0,22878488000000.0,2657976000000.0,,-2086054000000.0,0.1161779572146551,-0.09117971432377873,,0.09467507620607025,6.535385571577772,0.9285894366138182,7.99281945453834,8.423609524213882,0.4126700578353914,-0.5471421918558936,-6175812000000.0,-1.6198273458740426,0.1322502342997652,0.02373398876649189,-17400009000000.0,-4.563774026258321,0,2025-12-31,,0,0.16664720008979614,4.2409673,,3799152000000.0,0.16605782689835097,0.9964633477722542,1.9379086032009065,0.60708,1180.0,0.8582677165354331,-0.1093969144460028,0,0.521455230454271,-0.5884893085846887,,0,17.528883948519344,0.3140581348331128,0.19004010713144018,,-2.919304989563195,-0.012107290359231082,-0.06060912957521235,,,,0.3457704811504607,,,,1.6540837192676272,0.1774218029545967,0.12426003254890909,,-4.935531094377451,0,0,0,0,0,0,0,0,0.09508140659003123,-0.00040633038396097054,0,0,1102512000000.0,1.892091877458023,,0.0,,0.0,1,-0.1093969144460028,-0.4234550492791156,-0.299437021577443,2.809908075117192,-0.32224985946523205,-0.4411915361988503,0.40150889929219813,FCF break-even ETA 1.9q; accelerating sales
BEKS.JK,"PT. Bank Pembangunan Daerah Banten, Tbk",Financials,Banks,Nano Cap,IDR,1193020096512.0,648101101568.0,23.0,304591000000.0,,-189528000000.0,-198241000000.0,,-0.6508432619479892,,,,2.127774955819443,,,0.6293043569029252,-0.16616736011370786,,,1.041689074336142,1.917534157854857,1241709000000.0,1.0408114696729338,1,2026-03-31,,0,3.9167936561224725,22.54902,,,,,0.0005522804381952298,0.75042,,,-0.11538461538461539,0,0.3794312343826176,-0.4911891592179664,,0,,0.2818839115869569,,-1.9443018928089204,-2.037335300827813,,-1.4551208236872952,8.045018559762434,,-1.4107894879436467,-1.4474350033065424,0.02401106500691563,,-1.7409602939367608,-1.7566010444985556,0.31731447103545074,,0.3010161488015548,0.4466975556963442,1,0,0,0,0,0,0,0,,,0,0,,,,,,0.0,0,-0.11538461538461539,-0.39726852697157233,,1.9219506854431976,-0.309909909454873,-0.4049240830055841,0.4011081832864451,"growth-flip; accelerating sales; cash 104% of mcap; cash > EV (1.92x, net cash 104% mcap)"
BJBR.JK,PT Bank Pembangunan Daerah Jawa Barat dan Banten Tbk,Financials,Banks,Small Cap,IDR,8154118619136.0,36726043049984.0,775.0,11010919000000.0,,9749938000000.0,9296042000000.0,,0.8442566873845861,,,,3.335420326857731,,,0.4799961607421007,1.1400425274883965,,,2.7733040266215965,0.615744254539555,-4227731000000.0,-0.5184779860913975,0,2026-03-31,,0,0.740548415544243,7.0028014,0.8363251765432764,,,,1.580042728102142,0.83633006,,,0.002220456296981057,0,0.4065651658012724,0.6950197480826187,,0,,0.17310881556582275,,1.5559462173066185,1.7388416131162108,,0.4826421428164577,-0.026417172037179804,,0.7160220630799642,0.796796667745848,-0.2814436855808179,,-0.6689201955038911,-0.663484692438085,0.158043771520298,,-4.018160759011778,-25.29591922873027,0,0,0,0,0,0,0,0,,,0,0,4122367000000.0,0.0,0.0,,0.0,,0,0.002220456296981057,-0.1708883592688417,,-1.7366211568192298,-0.14567136228229388,0.6843936261234552,0.4006779924036003,accelerating sales; under-priced vs fundamentals; cash 277% of mcap
BKSL.JK,PT Sentul City Tbk,Real Estate,Real Estate Management & Development,Micro Cap,IDR,12578167193600.0,15291317747712.0,75.0,2764596551989.0,1095943539919.0,,250773737537.0,0.396420786653488,0.09070898151724158,,0.06298698530825311,1.6368924553217297,5.531120892381422,13.95265101780897,14.224355430605215,0.8235434968726396,0.019937224054757216,-447717948973.0,-0.03559484796805746,0.14220582916548583,0.11697413687029275,-1793941711952.0,-0.14262345891417233,0,2026-03-31,,0,4.549729755161051,14.563107,,1579717102613.0,0.5714096335237292,0.12559199431033075,0.23456930791686614,0.76441,,,-0.2857142857142857,0,0.3947089606505473,1.5985532200279358,8.898268291847446,0,3.057179850951678,2.7155140088880203,2.206636358809043,,-0.2173865672584561,-0.06291005769971675,-0.3399384843442076,0.015726959812876157,0.025408600321470305,,-0.5881138046207682,-0.812316076064324,-0.8731878987237311,,-1.3717893298204047,3.273370282690632,2.7063692576046154,,-0.172616347382752,1,1,0,0,0,0,0,0,0.01986668384153533,0.04312030146671778,0,0,,,,0.0,,0.0,0,-0.2857142857142857,-3.001228294602306,-2.4923506445233286,-0.0683277184558296,-0.8077558818034208,1.5924156348462213,0.40005177705785466,growth-flip; accelerating sales; under-priced vs fundamentals
INDF.JK,PT Indofood Sukses Makmur Tbk,Consumer Staples,Food & Staples Retailing,Mid Cap,IDR,59926407806976.0,124819551027200.0,6825.0,126246066000000.0,25432839000000.0,,14581802000000.0,0.20145450710519566,0.11550302090205329,,0.2644264488030481,1.0193304805649106,0.9887005194062839,4.907810371748116,5.031840596715069,0.7750849534844324,0.24332848461346518,-3491571000000.0,-0.0582643133098585,1.0025595425896052,0.4813331846299282,-16494448000000.0,-0.2752450647989598,0,2026-03-31,,0,0.47467940749120846,5.4854527,,41915916000000.0,0.33201760124549146,0.6994565089736714,0.9904071246799592,0.58778,8842.308,0.2955762637362638,-0.0882209029089247,0,0.3387818512720038,0.11875572362607117,42.37135224369428,1,21.627660298087015,0.09033470000071252,0.17816061896419325,,0.23380801713647395,0.015017415224253566,0.013431264279251107,0.04165040850676597,0.17834637570366252,,-0.21455136872557695,0.042401782178242184,-0.05740881169993501,,-0.7670025624649465,0.03000814749039607,0.06258119478885844,,0.36395518876391403,0,0,0,1,0,0,0,0,0.23735297038953693,0.02707347841351118,0,0,2763268000000.0,,0.0,0.0,,0.0,0,-0.0882209029089247,-0.17855560290963723,-0.2663815218731179,-0.3220289200453986,-0.16376219422304045,0.23268205976279854,0.3999843812271771,growth-flip; under-priced vs fundamentals; cheap+grow (EV/EBIT 5.0x); cash 100% of mcap
SMMT.JK,PT Golden Eagle Energy Tbk,Materials,Metals & Mining,Nano Cap,IDR,6182124650496.0,6182141952000.0,1805.0,97518323.0,5760909.0,,5891123.0,0.059075144268016175,0.0604104215368839,,0.11578571758904883,2.897166228454572,63394.67047643959,1073119.1817124693,1073119.1817124693,186971.05528957126,9.529285372023916e-07,-39727265.0,-6.426150756570822e-06,1.6599411335351624e-06,1.6599364879805335e-06,-16690311.0,-2.6997694067299202e-06,0,2026-03-31,,0,63394.493058458356,128.19603,,7438637.0,0.07627937777395946,1.2032492744065243e-06,0.8151396804704293,0.88395,,,1.0988372093023255,0,0.3456574214824867,0.7894775161163997,1359277.699245142,0,581032.0707737796,0.8986509300220229,1.270059370812037,,0.3994509211810349,0.009665389154196596,-0.021549082221368664,-0.058866336560995415,-0.1792291984172451,,1.9451597392498146,0.7594662521091362,0.36780412797918266,,2.715448007850451,1.2282300838162057,2.6277685363358634,,-1.9567331822236893,1,1,0,0,0,0,0,0,0.057868856929890584,0.05791686065915825,0,0,12124062.0,0.0,0.0,0.0,,0.0,0,1.0988372093023255,0.20018627928030264,-0.17122216150971137,0.6993862881212907,0.10543606310928381,-0.20844661725029143,0.39967101904852925,growth-flip; accelerating sales
BESS.JK,PT Batulicin Nusantara Maritim Tbk,Industrials,Marine,Micro Cap,IDR,3492062167040.0,3316874477568.0,1015.0,324644193387.0,60622199591.0,,120480166838.0,0.18673427963867456,0.37111449794014545,,0.12187158703782937,-2.890424800356697,10.216953036994687,54.7138589484705,55.16647877685224,5.223184490987537,0.03450115177649412,231403507552.0,0.06626557503360431,0.05383386759473078,0.056677216338569134,175223909150.0,0.05017777484142735,0,2026-03-31,15.090791855241342,0,10.756582862633254,123.47932,,115476051994.0,0.35570034624443125,0.0330681547092507,0.01909644696666637,0.84549004,,,-0.2131782945736434,0,0.2512194885051965,1.2612162119108299,43.74069906163924,0,93.01591905639744,0.01811202214233781,0.6311280636458196,,6.2025515248550604,0.07017910577863773,0.3186558476076463,,-0.2880892475197314,,,-0.40387939912354504,1.9894436774170363,,-0.8222870791510123,0.23258585209246285,1.4178906208841977,,7.509510239696932,1,1,0,1,0,0,0,0,0.06627642426812114,0.05559516276970823,0,0,103752738173.0,,0.0,0.0,,0.0,0,-0.2131782945736434,-0.23129031671598121,-0.844306358219463,-6.415729819428704,-0.22717570531118375,1.929625549918833,0.39826398887784126,growth-flip; accelerating sales; under-priced vs fundamentals
MSKY.JK,PT MNC Sky Vision Tbk,Communication Services,Entertainment,Small Cap,IDR,588339281920.0,980502577152.0,59.0,344997000000.0,312257000000.0,,194402000000.0,0.9051006240633976,0.563488957874996,,0.1430024907708046,0.4377676080920524,2.842061169088427,3.1400499497273078,7.624140407853505,0.7716127399013745,0.33042498771386475,-180849000000.0,-0.30738896000588845,0.007657146375299434,0.0045945825181667255,-136840000000.0,-0.23258688346192555,0,2026-03-31,,0,1.7053460810383858,,,111525000000.0,0.32326368055374394,0.18955898990128067,0.18537535410764872,0.91896003,,,0.07272727272727272,0,0.3490455014017827,1.1683930801749924,6.525321432673689,0,2.624449172284878,-0.5097942538861576,3.7088476920007287,,0.9196405648267009,1.0688918656445736,0.41959455905718357,-0.0954172653570642,-0.031046167404161832,,0.14788965256619194,-0.1787371979213965,-1.008975492135812,,-0.6043956043956044,-0.40779411290521783,1.0348178865548103,,0.6527290718097233,0,0,0,0,1,0,0,0,-0.05619402741331394,0.19919651818411854,1,1,25046000000.0,0.0,0.0,0.0,,0.38160791647925,0,0.07272727272727272,0.5825215266134304,-3.636120419273456,-0.8469132920994281,1.1883204781490853,1.3001707282531512,0.39285197650169806,first-positive: EBITDA/ROCE; ROCE improving from <=0; under-priced vs fundamentals
DSNG.JK,PT Dharma Satya Nusantara Tbk,Consumer Staples,Household Products,Small Cap,IDR,12719810936832.0,16112016162816.0,1200.0,12314712000000.0,2969953000000.0,,789041000000.0,0.2411711292964058,0.06407303719323684,,0.19167960963253683,1.0824918778175951,1.3083550929015635,5.4250071172223935,5.548155705919117,1.0678840056581902,0.0620324471738193,-2393592000000.0,-0.18817826867764348,0.049982897006670905,0.039459555748663167,-3239214000000.0,-0.254658973791851,0,2026-03-31,,0,1.032895526653973,6.6844916,,3849984000000.0,0.31263288983128473,0.30267619692772557,0.32532218127953044,0.81733,1966.6666,0.6388888333333334,0.5962753574991686,0,0.5005943086102732,1.522991015702241,3.6429339692203633,1,11.006013983772544,0.21696257221406393,0.3841669303771658,,8.12386535770863,0.029132948488003574,0.055526825133414046,,,,-0.26310672629993265,-0.14346396248554066,-0.19217093550830347,,-0.7710013090642275,-0.06587634417860982,-0.30868042307931537,,8.773289584291252,0,0,0,0,0,0,0,0,0.14110178853651748,0.050577821096019354,0,0,702560000000.0,,0.0,0.0,,0.0,0,0.5962753574991686,0.3793127852851047,0.21210842712200279,-7.527590000209461,0.3116881274294304,1.6561201650932307,0.39227899181740544,under-priced vs fundamentals; cheap+grow (EV/EBIT 5.5x)
KOTA.JK,PT DMS Propertindo Tbk,Real Estate,Real Estate Management & Development,Micro Cap,IDR,1107334660096.0,1664261554176.0,105.0,62418212188.0,17316759091.0,,-221285636489.0,0.27743119330048954,-3.545209462624476,,0.0032759943591541022,24.41571607794333,26.663076301566306,96.10698777007084,305.21792439977423,0.8918323672960515,-0.19983627756202962,-444070044985.0,-0.40102605019741866,0.010293843033877212,0.0068491212504417165,-422801073356.0,-0.3818186936543153,0,2026-03-31,,0,17.740569959946512,,,45576958697.0,0.7301868653290624,0.041159154806053595,0.34969865184109056,0.67223,,,8.545454545454545,0,0.5257387469961513,-28.274669691005453,,0,56.073066771245074,1.238890287434519,4.220232503474555,,-180.16523767765344,0.47031726703635846,-3.5013967801554817,0.6863313094701782,4.930514490957414,,-0.03670904692041935,1.9399152161252395,7.408652016919043,,-0.757249344131306,-0.27710015132461396,1.37421552765792,,1.742299363428497,0,1,0,1,1,0,0,0,-0.009725891247057389,0.013001885606211492,1,1,,,,0.0,,1.8034925853229293,0,8.545454545454545,7.3065642580200265,4.32522204197999,188.71069222310797,3.263475793801585,-50.90148857922739,0.39130434782608703,growth-flip; first-positive: EBITDA/ROCE; ROCE improving from <=0
RONY.JK,PT Aesler Grup Internasional Tbk,Industrials,Construction & Engineering,Nano Cap,IDR,1543750025216.0,1542721503232.0,1235.0,35311918168.0,2641422339.0,,8394027514.0,0.07480257306989577,0.2377108905289305,,-4.797248567113838,-1.9937986244160404,43.68840842608287,584.049540451774,1354.4454555314978,306.967432210329,0.005437426640900307,-364215906.0,-0.00023592932796813348,0.030177252945781628,0.03019737191606009,5266464226.0,0.003411474746543322,0,2026-03-31,,0,43.71753519226721,,,11248410695.0,0.31854431247502774,0.0072864197643826,8.216222204931386,0.84449995,,,-0.5869565217391305,0,0.19902532905806486,459.4831703230187,2.9477585753125988,0,132.30772698411573,12.578224603343877,-0.021037463840766622,,2731.784883588434,-0.9627102024811802,0.2365297906620341,0.33452174130320794,0.17760617071399887,,0.40080350125845876,-0.6545687835875499,-1.1403376745221576,,1.3930024448401175,9.642124432755885,-1.1478026804780272,,1948.8653056100702,1,0,0,0,0,0,0,0,0.2991420321491007,-5.096390599262939,0,0,2401732730.0,0.0,0.0,,,,0,-0.5869565217391305,-13.165181125083008,-0.5659190578983638,-2732.371840110173,-0.969580450292511,686.7681301858617,0.388583869052438,growth-flip; accelerating sales; under-priced vs fundamentals
PSGO.JK,PT Palma Serasih Tbk,Consumer Staples,Household Products,Small Cap,IDR,3600350183424.0,3303673430016.0,191.0,2552818121689.0,648868616891.0,,476971181170.0,0.2541773780819506,0.18684103544925695,,0.25326266340905607,-0.4577016767462025,1.294128007768222,5.09143660830027,5.196941786384434,1.2826266033429488,0.1324791081061986,493965914747.0,0.13719940827456656,0.12271185833785607,0.1337316387451953,296988253939.0,0.08248871326637418,0,2026-03-31,7.28866117263988,0,1.4103433976886415,8.373521,,790901681749.0,0.30981513137556477,0.21967354325429472,0.05159127593880549,0.92727995,,,0.1342770829629396,0,0.38811414522650534,0.3367278036828473,15.433658074992998,1,17.228328220620934,0.19963557455704353,0.17646408565095364,,1.1309680934065227,-0.00500624572244901,0.08165825321731149,,,,1.4741498976885572,-0.27815804761539686,-0.4745219735341115,,12.086295045386915,-0.324394204855169,-0.6055179406268103,,1.553534940201192,0,1,0,1,0,0,0,0,0.21537207171357386,0.0378905916954822,0,0,284189336539.0,0.0,0.0,0.0,,0.0,0,0.1342770829629396,-0.06535849159410392,-0.042187002688014036,-0.9966910104435831,-0.05448195517062516,0.28967961497408157,0.3883644986492537,growth-flip; under-priced vs fundamentals; cheap+grow (EV/EBIT 5.2x)
MKPI.JK,PT Metropolitan Kentjana Tbk,Real Estate,Real Estate Management & Development,Small Cap,IDR,20765447553024.0,18357155790848.0,21900.0,2667377497626.0,1202313394270.0,,1244800041808.0,0.4507473709064706,0.4666756178740684,,0.24587135845869054,-2.639548947429693,6.882098918201906,15.268195362652333,15.291839693756907,2.5776329821383395,0.059945736234648314,1744995984148.0,0.0840336322967372,0.15293484539949273,0.17299850517999538,3173565054326.0,0.1528291189593862,0,2026-03-31,11.899997330459644,0,7.784967658872999,17.793594,,1441566965358.0,0.540443550506448,0.06942142526314438,0.0002725239591026553,0.94167,,,-0.07167849449777763,0,0.2733727650535864,0.08408991796237465,181.85104783428517,0,79.01575035908694,0.07444545989919972,0.15170530870943158,,-0.031795661739752075,0.030237486503267907,-0.05120834427738852,-0.0021325741190802694,0.013588474707004767,,-0.02080998551783503,-0.11100896908135685,-0.09135225982667074,,-0.13357466813172925,-0.018113691589419105,-0.08316115748113814,,-0.1451553593865117,0,0,0,0,0,0,0,0,0.2016985312165561,0.04417282724213445,0,0,,,,0.0,,0.0,0,-0.07167849449777763,-0.14612395439697734,-0.22338380320720921,-0.03988283275802556,-0.13599941537347657,0.13634750143392216,0.38759708061239323,under-priced vs fundamentals
MIDI.JK,PT Midi Utama Indonesia Tbk,,,,IDR,9562494074880.0,9071951347712.0,286.0,21617638000000.0,1984218000000.0,,1023981000000.0,0.09178699356516193,0.047367848420812673,,0.24671860804397952,-0.24722233141721323,0.41965506813057,4.572053749997228,8.51775231132777,1.9890944668880308,0.10708304674299628,-374252000000.0,-0.03913748830267343,0.11333350813224949,0.11946172972734564,490543000000.0,0.05129864616477222,0,2026-03-31,,0,0.44234685005272084,11.025443,,5548663000000.0,0.2566729538166936,0.5802526994056862,0.12339320069367177,0.80508006,506.66666,0.7715617482517483,-0.3006562675551422,0,0.31729204512632286,0.29959730510947136,28.430670657118984,0,42.48502995007768,0.08696395244772362,0.16034308230220926,,1.3421072494596356,0.005804533006227436,0.025384592209847026,0.03239421519079531,0.09751730584679036,,0.7720349014287297,0.09554459596176025,0.05075402403750617,,4.715713562753036,-0.10829620643649394,0.008948692182544876,,0.13844326686988534,0,0,0,0,0,0,0,0,0.16379147894105997,0.08292712910291955,0,0,446125000000.0,0.0,0.0,0.0,,0.0,0,-0.3006562675551422,-0.3876202200028658,-0.46099934985735147,-1.6427635170147776,-0.3566081645393922,0.7119978128535969,0.38451679833386515,under-priced vs fundamentals
DNAR.JK,PT Bank Oke Indonesia Tbk,,,,IDR,2111548948480.0,1777196859392.0,125.0,736510655471.0,,523550240104.0,512529802641.0,,0.6958891888851713,,,,2.412995448457537,,,0.5477323546124733,0.24272693418257954,,,0.649419688565173,0.7715979539718135,913085030033.0,0.4324242782485743,0,2026-03-31,,0,2.866963203851627,10.91703,4.03313528814456,,,,0.11885540703281035,0.91429,,,0.059322033898305086,0,0.4538327980690561,3.1598018668124763,,0,,0.18807389975018082,,8.431323545329889,9.103257800937069,,0.6140573878243181,0.09464318968720735,,2.902344700557007,2.7828432236579363,0.09992527388147521,,2.9224420419966397,2.8907890849328095,0.11437654369129177,,-1.3310344391608862,-1.7916670551877814,0,0,0,0,0,0,0,0,,,0,0,800008699181.0,0.0,0.0,,0.0,0.0,0,0.059322033898305086,-0.12875186585187573,,-9.043935767038764,-0.108370250267217,3.093685961052619,0.38379437849498377,accelerating sales; under-priced vs fundamentals; cash 65% of mcap
SRTG.JK,PT Saratoga Investama Sedaya Tbk,Financials,Capital Markets,Small Cap,IDR,22289475174400.0,22773580174400.0,1645.0,8021897000000.0,7814870000000.0,,85074000000.0,0.9741922639994006,0.01060522218123718,,0.1315653490549321,0.061946647864903705,2.8389270236703363,2.9141342305630165,2.915338063247386,0.37849005122352636,0.0038167789656038892,-1887021000000.0,-0.08465973223843733,0.04335526038360449,0.04243364427549698,-484105000000.0,-0.02171899500603793,0,2025-12-31,,0,2.7785790785396522,3.057166,,7898729000000.0,0.9846460257467778,0.35437034466705974,0.024629958255758592,0.82398003,3000.0,0.8237082066869301,-0.017570432164058646,0,0.5525391251227919,0.5151733720348406,5.65894555406141,1,3.1450114366958672,0.5058119606779432,0.5415063657480464,,1.081063311595501,0.02255794335982586,0.20760519777858594,0.7258584330415558,0.7557702106779565,,-0.37317457744507154,0.5880244517218571,0.5879764812115493,,-0.9797842533328311,-1.1689528924528196,-1.1152444997159203,,4.0552967550917165,0,0,0,1,0,0,1,0,0.09486535560875377,0.036699993446178344,0,0,1134550000000.0,,0.0,0.0,,0.0,0,-0.017570432164058646,-0.5233823928420018,-0.5590767979121051,-1.0986337437595597,-0.3475748675859673,0.6321669505249085,0.38141359695684346,growth-flip; first-positive: FCF; under-priced vs fundamentals; cheap+grow (EV/EBIT 2.9x)
MGRO.JK,PT Mahkota Group Tbk,Consumer Staples,Food & Staples Retailing,Micro Cap,IDR,2309064753152.0,4334926692352.0,655.0,6232348608453.0,73402896827.0,,-441095640814.0,0.011777726413994698,-0.07077518741742676,,0.029425164155783213,26.132836005464206,0.6955526663692229,59.05661601569751,65.02461318769075,6.657223149157821,-0.19102783506260718,-1371285207773.0,-0.5938703996503868,0.07678288561374484,0.04089957394868982,-1918758612945.0,-0.8309678671097418,0,2025-12-31,,0,0.3704967257480095,,,469983818826.0,0.07541038673423306,0.20353860504970522,6.043099324696233,0.80073,,,-0.10273972602739725,0,0.22811664049181216,-0.2122541653995447,,0,777.517421887018,0.3302019279864129,-0.23800870591959633,,-0.8640410368805144,-0.008782553611381978,-0.020269169098316366,0.02712784519569512,-0.16715391677056,,0.006598072517489396,-0.2810415642346486,-0.3238393867319144,,1.3916702437224917,0.4879176199326898,-4.1576501235297325,,7.418159847072098,1,0,0,1,0,0,0,1,0.036400224976245656,-0.006975060820462443,0,0,2929711474.0,150.55941335129577,,,,0.0,0,-0.10273972602739725,-0.43294165401381013,0.13526897989219908,0.7613013108531171,-0.325470625853906,-0.034539502719400025,0.38109809529731514,growth-flip; first-positive: NI; accelerating sales
INPC.JK,PT Bank Artha Graha Internasional Tbk,Financials,Banks,Micro Cap,IDR,2831277621248.0,11708807168.0,140.0,1322453000000.0,,1343107000000.0,1265483000000.0,,0.9569209642989203,,,,0.00885385504664438,,,0.7401574389372475,0.44696535249771346,,,2.1731411832683225,525.4818797268624,5952766000000.0,2.1025016958160667,1,2026-03-31,,0,2.1409287296017325,,2.1080060049184466,,,,0.052284342120501294,0.86302,,,-0.2222222222222222,0,0.3581911306340624,-0.2273528770246567,,0,,0.049715832420504515,,-0.7696618586481309,-0.7814902959149792,,-3.640106388815017,0.02244906321781761,,2.152647058066299,2.017369884642935,-0.08852165076101812,,1.4666811397835842,1.459823004364251,0.047857144686643344,,-14.763932038454193,-13.569026596569861,1,0,0,0,0,0,0,0,,,0,0,2509360000000.0,0.0,,,,,0,-0.2222222222222222,-0.27193805464272675,,0.559268073692757,-0.25905873403440416,-0.009423761671875364,0.3791842832920627,"growth-flip; cash 217% of mcap; cash > EV (525.48x, net cash 210% mcap)"
ICBP.JK,PT Indofood CBP Sukses Makmur Tbk,Consumer Staples,Food & Staples Retailing,Mid Cap,IDR,80175614132224.0,117761770520576.0,6875.0,77900793000000.0,17188820000000.0,,8340779000000.0,0.22065012868354242,0.10706924382656798,,0.24133147150380704,1.0067016816744838,1.5116889826856577,6.851067759193243,6.99529176424154,1.4685463794024023,0.10403137026483585,-8217497000000.0,-0.10249372067731057,0.4085973815675876,0.2781848969761886,-15161255000000.0,-0.18910057832542904,0,2026-03-31,,0,1.0292015144470223,8.77193,,27127919000000.0,0.3482367502985496,0.3383562357908626,0.8777471749770919,0.82397,10118.333,0.47175752727272746,-0.36427427302866777,0,0.26826642108503546,0.05157605596900484,135.6306067382398,1,28.137600698694854,0.07305524010103531,0.22774646059395437,,-0.18965334489863986,0.02780104753180415,-0.03471108243069697,0.06282409324291426,0.31480174465286814,,-0.3529432436827093,0.16850835343963436,0.126091743937117,,-0.7105311106618646,-0.03797776024934451,0.1468677533680823,,-0.1489457632691474,0,0,0,0,0,0,0,0,0.21608146709683743,0.025250004406969617,0,0,,,,0.0,,0.0,0,-0.36427427302866777,-0.4373295131297031,-0.5920207336226222,-0.1746209281300279,-0.4075554517477829,0.402881656657534,0.37917349885409735,under-priced vs fundamentals; cheap+grow (EV/EBIT 7.0x)
RDTX.JK,PT Roda Vivatex Tbk,Real Estate,Real Estate Management & Development,Micro Cap,IDR,4529279991808.0,3829540323328.0,16850.0,570112528966.0,358861410761.0,,418116163274.0,0.6294571554353642,0.7333923427929705,,,,6.717165697574739,10.67136283950702,10.738524389722869,1.35937617803823,0.09231404638932383,753486168223.0,0.16635892892155318,0.2327111784803258,0.2752325332991992,,,0,2026-03-31,6.011099052408252,0,7.9445368443711475,12.195123,,372850354729.0,0.6539943182887598,0.08232000569701266,,0.78824997,,,0.4771183795529231,0,0.3820248858484002,0.1449597779944117,74.07933799496331,0,38.87283410408939,0.07435318241214306,0.23686417146966227,,0.08096503128130637,0.08270407313810912,0.00448587992397953,0.014826354792362433,0.06897935359285437,,0.0500787469494405,-0.020094776483309706,0.21486526602086964,,-0.4908048501666,0.07947191223201723,0.2649596272851782,,-0.16812102682671418,1,1,0,0,0,0,0,0,0.13431093234771083,,0,0,19940155533.0,0.0,0.0,0.0,,0.0,0,0.4771183795529231,0.40276519714078,0.2402542080832608,0.3961533482716167,0.3748908680444259,-0.3535159053850208,0.37884091931318337,growth-flip; accelerating sales
NOBU.JK,PT Bank Nationalnobu Tbk,Financials,Banks,Small Cap,IDR,3544782471168.0,6593035370496.0,474.0,1724596000000.0,,3105090000000.0,2641308000000.0,,1.531551737334425,,,,3.8229448349039425,,,0.825745090514437,0.7451255532556539,,,0.6900931213401005,0.37103243992091123,2436165000000.0,0.6872537369542137,0,2026-03-31,,0,2.055427747233555,6.747331,1.1416037767562293,,,,0.0023446077167294573,0.53954,,,-0.3029411764705882,0,0.4488004161516928,0.4154755508621544,,0,,0.34387699203381283,,0.7765573319342516,0.5586726685188376,,0.21105822802755259,0.05983216929331043,,1.6951192414652692,1.4469968723596638,0.13199583622813485,,6.050726987878955,4.623293668669302,-0.17368591627308577,,-0.6223783499004296,-0.6962631170228992,0,0,0,0,0,0,0,0,,,0,0,1561900000000.0,0.0,0.0,,0.0,0.0,0,-0.3029411764705882,-0.646818168504401,,-0.8616138449894257,-0.4813075693226294,0.6632465276054854,0.37875117178459566,under-priced vs fundamentals; cash 69% of mcap
ERAA.JK,PT Erajaya Swasembada Tbk,Consumer Discretionary,Specialty Retail,Small Cap,IDR,5881503678464.0,15922326667264.0,376.0,81701642193000.0,4170030484000.0,,-5831716551000.0,0.051039738884921436,-0.07137820482511241,,0.15157594509354816,1.6780739305981534,0.19488380208627173,3.818275844350878,5.776353060701039,0.61597996887891,-0.991534966194733,478718062000.0,0.08139382174543176,0.3665351012010245,0.13539337504186733,-8637179554000.0,-1.4685325430682492,0,2026-03-31,12.285944787401817,0,0.07198758214149964,4.106597,,8856875484000.0,0.10840510969262789,1.5058862440961767,1.130364910407682,0.6379,561.6667,0.4937944148936171,-0.19938611298310088,0,0.5774847998978782,-0.7171293542611696,,0,12.245284944363723,0.2515630645241395,0.2704609682871363,,-5.428218012935001,0.0007592079549174555,-0.09155208165552145,0.07557917736314665,0.09170724049650499,,-1.6781586401622313,-0.07546988765677584,-0.024265549484690167,,-2.85755715883335,0.08804544201292493,-0.026780627921223182,,-9.803846240484154,0,0,0,0,0,0,0,0,0.16608966629141314,-0.014513721197864982,0,0,,,,0.0,,0.0,0,-0.19938611298310088,-0.4509491775072404,-0.46984708127023717,5.2288318999519,-0.3603087932917685,-0.9869317119706634,0.3774062190461213,accelerating sales
SKRN.JK,PT Superkrane Mitra Utama Tbk,Industrials,Commercial Services & Supplies,Micro Cap,IDR,2989559906304.0,3087290859520.0,420.0,810889413222.0,287576446550.0,,412007573505.0,0.3546432372416104,0.5080934179026003,,0.3590081454287243,0.33984374810754125,3.8072896367618276,10.735548396113945,11.008077949841569,4.374103260460352,0.1378154599398431,-382057067230.0,-0.12779709362049146,0.049298807956054104,0.04773821010078537,-97731057463.0,-0.03269078410401387,0,2026-03-31,,0,3.686766478335484,16.779863,,273408918947.0,0.3371716469458307,0.0914545710793319,0.3586309419537575,0.93026,,,-0.024021967902110593,0,0.16333955517110105,-0.15505346884573612,,0,,-0.30928319506683316,-0.176882380058946,,0.16980743079763314,0.05704537542421617,0.20808791872231042,-0.05511752423584425,-0.0355823098857956,,0.04962127445240877,0.23129115051026283,1.2203331591097666,,-0.1638123707204267,-0.6324859794910866,-0.4911094606163975,,0.24051831015059227,0,0,0,1,0,0,0,0,0.4072854746541721,-0.04827732922544781,0,0,19477826316.0,0.0,0.0,,,,0,-0.024021967902110593,0.2852612271647226,0.1528604121568354,-0.19382939869974372,0.4129930314817289,-0.0814307468739381,0.37674082882491805,growth-flip
IPTV.JK,PT MNC Vision Networks Tbk,Financials,Diversified Financial Services,Micro Cap,IDR,1603522134016.0,2145269186560.0,38.0,1543113000000.0,-14885000000.0,,236162000000.0,-0.009646085542666027,0.1530425834012156,,-0.005881340800806699,-31.89042660396372,1.3902217054486612,-144.12288791132013,,0.26728531776526887,0.1472770440708139,1073473000000.0,0.6694469488310093,1.0874424262749847,0.8128294625795345,1251053000000.0,0.7801906649500087,0,2026-03-31,1.4937703454264801,0,1.0391475763706222,,,169283000000.0,0.10970227066974357,0.10556948133670782,0.08212388465968473,0.60747004,,,0.7272727272727273,0,0.43158573786059884,0.4222107700641862,,0,,-0.0802205878408463,0.9417697155576767,,0.1407194161204469,0.1427191480302216,0.029642021083421996,-0.0026035118971056937,0.8082521770495182,,0.07408367557635544,0.2529338636703262,-0.7817497926785926,,0.9312771455275166,0.11539101305565039,1.6587243637193168,,-1.728409882768515,0,1,0,0,0,0,0,0,-0.04774973167128468,0.04186839087047798,1,0,16289000000.0,0.0,0.0,0.06183070391878308,,2.4336175910916906,0,0.7272727272727273,0.8074933151135736,-0.21449698828494945,0.5865533111522804,0.8779206236177958,-0.3931832126603015,0.3762569621981089,growth-flip; ROCE improving from <=0; accelerating sales; cash 109% of mcap
DVLA.JK,PT Darya-Varia Laboratoria Tbk,Health Care,Pharmaceuticals,Micro Cap,IDR,1786399948800.0,1319500251136.0,1595.0,2284454556000.0,279411567000.0,,207629111000.0,0.12230996947001646,0.09088782722977484,,0.22284321252814704,-1.671016701323607,0.577599693401824,4.722425292922823,5.548086936466474,1.1644210003330822,0.11622767406563866,849208295000.0,0.47537411516970146,0.26145586564405526,0.3539709405874603,466901395000.0,0.261364424754735,0,2026-03-31,2.103606334650794,0,0.7819809521306144,12.754898,,1220990039000.0,0.5344777096979818,0.6834919805165637,0.00010647569181368361,0.92119,,,0.025286026869910102,0,0.3712838047823861,0.13963309459400644,39.73332362645079,1,29.42783218520448,0.09429633314783958,0.13380432661378647,,-0.09377686712891505,0.004261953638043936,-0.01886242351720696,0.045710952289092256,0.2771341759805881,,3.254262758596427,-0.014507106042913397,5.190102676670422,,6.385122030234311,-0.03498327483414791,-0.023834427535414406,,-19.920284683032307,0,0,0,0,0,0,0,0,0.19209915682166995,0.03074405570647709,0,0,158824154000.0,0.0,,0.0,,0.0,0,0.025286026869910102,-0.06901030627792948,-0.10851829974387636,0.11906289399882515,-0.0630636365923071,0.030382337153821947,0.3758405807977991,cheap+grow (EV/EBIT 5.5x)
PGUN.JK,PT Pradiksi Gunatama Tbk,Consumer Staples,Household Products,Micro Cap,IDR,44324880384000.0,44636076769280.0,7725.0,806610140453.0,257603703979.0,,256198968194.0,0.3193658138668171,0.31762428383322355,,0.11291545237044663,1.1960004718065544,55.337857201016526,173.27420405771323,174.99007246688328,22.719972084996627,0.005780026160803367,-231304002643.0,-0.005218378496211217,0.0003995754137758081,0.0003967896307631897,-308094151498.0,-0.006950817437720894,0,2026-03-31,,0,54.9520495230902,303.06003,,316678166099.0,0.3926037502096744,0.007144478752238476,0.16700072039976385,0.92376,,,12.48648068923343,0,0.37842879726834844,0.7041414883115517,248.51549776805348,0,236.69293370117384,0.09213088799974074,0.7431709584064131,,2.5594636155532124,0.11927685058235188,0.22016934999506804,-0.1859076109538579,-0.13343534235996496,,0.07737661547312624,-0.34661688894970766,-0.34995570669433285,,-0.05737919346536591,0.22289542852803113,0.8292116332290886,,-36.87332983858199,1,1,0,0,0,0,0,0,0.06423955950215046,0.04867589286829617,0,0,18400073625.0,0.0,0.0,0.0,,0.0,0,12.48648068923343,12.39434980123369,11.743309730827017,9.927017073680217,11.348776907074008,-11.353363378203731,0.3757099392273696,growth-flip; accelerating sales
PTRO.JK,PT Petrosea Tbk,Materials,Metals & Mining,Micro Cap,IDR,37721825345536.0,37722655817728.0,3740.0,917858000.0,87058000.0,,-327460000.0,0.09484909430434774,-0.3567654255887076,,0.08130354907566918,8.798100117163271,41098.57496227957,433304.87511461327,442333.64779643767,144096.88000861788,-8.680916074459043e-06,-702078000.0,-1.8611983740683e-05,2.4953193313891185e-06,2.495264396409861e-06,-787140000.0,-2.0866964755541717e-05,0,2026-03-31,,0,41097.670168518445,72.98985,,124328000.0,0.13545450385571625,3.2959168561208816e-06,3.366432246801716,0.73858,12162.5,2.252005347593583,0.2222222222222222,0,0.34101672377808334,0.26520895681146267,1667868.435193511,0,291071.4219434681,0.32866732000503757,1.6860633735460184,,-2.438189034249596,0.04793177538499063,-0.21889558854210586,0.12672318339949867,0.10734046477314645,,0.13001894266456607,0.005364169049169191,-0.5954333089043605,,0.20072758399315216,0.08724772195504116,1.9141294388343164,,0.22998748639239208,0,1,0,0,0,0,0,0,0.05579510388030446,0.025508445195364722,0,0,48939000.0,6.691186987882874,,0.0,,0.0,0,0.2222222222222222,-0.10644509778281536,-1.463841151323796,2.6604112564718183,-0.0801141837238922,-0.2525027059103287,0.3751610285102533,growth-flip; accelerating sales
ESSA.JK,PT Surya Esa Perkasa Tbk,Energy,"Oil, Gas & Consumable Fuels",Small Cap,IDR,11972747722752.0,11972728848384.0,695.0,327456981.0,97754469.0,,127503746.0,0.29852614136206185,0.3893755619764906,,0.3179587352520977,-1.682011428040185,36562.75340907757,122477.56006310054,125126.96366943649,25728.020820705788,1.0649497421356555e-05,172821299.0,1.4434556127127357e-05,1.3744435430413906e-05,1.374445709778277e-05,164424134.0,1.3733199580205156e-05,0,2026-03-31,69278.19540780097,0,36562.81104830683,13.2811,,125012134.0,0.3817665869215352,1.0441390472333888e-05,0.00028907618810906406,0.68005997,1096.801,0.5781309352517985,0.10317460317460317,0,0.33629580994298464,0.06901386547609638,1813069.9216199594,0,617504.6556121598,0.08644653350271385,0.15785119465059538,,-0.07452669800616736,0.018410101458827932,-0.06772647287275285,0.07883583335290044,0.17733025188404275,,0.16605321723332855,0.005900888318491401,-0.0010473791614958473,,0.015353603083558636,0.10508362703597837,-0.22001780754432307,,-0.22928950408612186,0,0,0,0,0,0,0,0,0.23538778275190322,0.0825709525001945,0,0,18157325.0,0.0,,0.0,,0.0,0,0.10317460317460317,0.01672806967188932,-0.054676591475992214,0.17770130118077054,0.015397048226531568,-0.0387874569007998,0.3747863123713168,accelerating sales
IPCC.JK,PT Indonesia Kendaraan Terminal Tbk,,,,IDR,2209337573376.0,1592081514496.0,1215.0,887477282000.0,331193037000.0,,356736438000.0,0.3731848056477912,0.40196683930440036,,0.41269588242572486,-1.8637351515333942,1.7939405850571395,4.807110466202222,4.844259963746891,1.5629013286465625,0.16146760110311498,553919999000.0,0.2507176837415466,0.4991439847351575,0.692664006182562,617256105000.0,0.27938514803638437,0,2026-03-31,3.9885499302508483,0,2.4894581733935586,8.561765,,363998042000.0,0.4101491377668865,0.16475437994918504,0.3434613778583354,0.7758,1526.6666,0.2565157201646091,0.287775591005801,0,0.3666469832096216,0.0963446704598803,50.280518274896494,1,39.62677985137743,0.0762572926696176,0.08543036694905164,,0.0039750197803966065,0.003153819946815628,-0.02894003954139579,-0.039570727101382895,-0.037903254647377205,,-0.0931082450637772,-0.2503084084640238,-0.18480330499845538,,-0.4616246455941408,0.006190875203154728,0.11644018340966733,,-0.4309952921007415,0,0,0,0,0,0,0,0,0.3368444164883798,0.07585146593734504,0,0,1412420000.0,,0.0,0.0,,0.0,0,0.287775591005801,0.2115182983361834,0.20234522405674937,0.2838005712254044,0.19653134968453492,-0.223548860825718,0.374509168501594,cheap+grow (EV/EBIT 4.8x)
PBRX.JK,PT Pan Brothers Tbk,Consumer Discretionary,"Textiles, Apparel & Luxury Goods",Micro Cap,IDR,644460838912.0,644518576128.0,30.0,278530975.0,-52632785.0,,2149694.0,-0.18896564376726863,0.007717971044333579,,-0.3397455723683604,-1.4243170487748273,2313.992460364597,-12245.572339141849,,8162.072914473781,3.335647211131066e-06,4742572.0,7.358976238194032e-06,2.0550328585300477e-05,2.0548487647266497e-05,-78273364.0,-0.00012145557848347104,0,2026-03-31,135888.46704109077,0,2313.785168461066,,,23863327.0,0.08567566677278891,3.7028358527240935e-05,1.159062567781301,0.49248,,,0.30434782608695654,0,0.2619069659737218,0.480648504070415,,0,,-0.12940201189355277,0.8809467508264738,,1.38079418758041,1.1928791225627737,0.02536332983028345,0.019267476513492546,-2.1967179467543945,,1.3924020155906172,-0.19583180620533217,0.9765757608067464,,0.2847544574194727,0.30406813133996524,20.397276483286998,,-0.7980641738128565,0,1,0,0,0,0,1,0,-2.0714862543146517,1.7317406819462913,1,0,7627989.0,0.0,0.0,0.13514238977762796,,0.1853260058047946,0,0.30434782608695654,0.4337498379805093,-0.5765989247395172,-1.0764463614934534,0.498220583904537,0.4064318160841538,0.36956763452696456,growth-flip; first-positive: FCF; ROCE improving from <=0; accelerating sales; under-priced vs fundamentals
EXCL.JK,PT XL Axiata Tbk,Communication Services,Diversified Telecommunication Services,Small Cap,IDR,50413621477376.0,109173203271680.0,2770.0,45664124000000.0,17992707000000.0,,10164678000000.0,0.3940228219422319,0.22259658369883545,,-0.029138665926736064,1.0235199183758175,2.3907872024804417,6.067636363537738,,1.7298876057833321,0.2016256262121851,-70233833000000.0,-1.3931519089839375,0.05358904837281723,0.02474616406809061,-58584431000000.0,-1.1620754328528213,0,2026-03-31,,0,1.1040093855162096,,,27124109000000.0,0.5939916640030147,0.538031353533537,2.1029629188632564,0.81801003,3272.5,0.18140794223826706,0.3454412037099623,0,0.4017007681088458,-0.0824904465020382,,0,,0.3277698037692172,0.011702836676970163,,0.2192639490793336,-0.12309701404561124,-0.019809519164023764,0.07581791058560108,0.0778026485036821,,0.23991876902478673,-0.006652604946658389,0.3597739839248636,,28.466325459317584,0.17018649898052637,-0.16626417332576293,,-0.4867468407652267,0,0,0,0,0,0,0,0,0.0776311004887399,-0.10676976641547598,0,0,1966820000000.0,0.0,0.0,0.0,,,0,0.3454412037099623,0.01767139994074507,0.33373836703299214,0.12617725463062868,0.013309084067569768,-0.12272402641798391,0.36842100208276013,accelerating sales
BBSS.JK,PT Bumi Benowo Sukses Sejahtera Tbk,Industrials,Construction & Engineering,Nano Cap,IDR,628802060288.0,628230914048.0,131.0,3185194445.0,-370461281.0,,-811522883.0,-0.11630727335391922,-0.25477969932852873,,-0.0016341761825242056,1.5418827399670951,197.23471357743122,-1695.8072172945922,,2.560007045804184,-0.0012905855979993312,81245743940.0,0.12920718469463718,0.0009084064621836305,0.0009092323256100652,571207855.0,0.0009084064621836305,0,2026-03-31,7.739507693502942,0,197.41402641056033,,,952770231.0,0.29912466803890836,0.0015152148683539907,0.0,0.89518,,,-0.3282051282051282,0,0.3332845831134192,2.039674745722568,,0,,5.4564752568887345,0.5497837805983563,,0.09632321466658648,1.5516358176431089,1.565537975497298,-0.004167894780711496,0.04977617414873388,,-0.2934636878023666,-0.9430818916917597,-2.5395481512030766,,-7.693022881090624,,,,,0,0,0,0,0,0,0,0,,,0,0,86500499.0,,9.381713312428406,0.8188968741705177,,1.52581892742079,0,-0.3282051282051282,-5.784680385093862,-0.8779889088034845,-0.4245283428717147,-0.8959502135351483,1.9957869625760525,0.3682264657504113,under-priced vs fundamentals
PTSN.JK,PT Sat Nusapersada Tbk,Information Technology,"Electronic Equipment, Instruments & Components",Micro Cap,IDR,1434872840192.0,1434897612800.0,270.0,247998085.0,20960373.0,,-21065116.0,0.0845182856956335,-0.08494063976340785,,0.1175351283861611,1.1810616156496834,5785.922148552075,68457.63731399245,78974.59405813298,11052.024024007278,-1.4680824258393017e-05,-14306813.0,-9.970788072123248e-06,2.0131428507723908e-06,2.0131080951227576e-06,-24755492.0,-1.7252742756415594e-05,0,2026-03-31,,0,5785.822258232357,5.2053213,,31091817.0,0.12537119792679044,2.1668691558646835e-05,0.21292703057441767,0.90002996,,,0.29233165224094,0,0.4272078771781643,-0.2643504886892615,,0,60387.69365948195,1.0185994620879268,0.4722112085395721,,-4.567714302602495,-0.03136764497259076,-0.13299973732364295,0.20796908522162036,0.11175294488619984,,-0.47363069052491813,0.12068453473602941,-0.21343984775548516,,-3.203191542572956,1.0056639069677245,0.7858774351881617,,-4.580181618507392,1,1,0,0,0,0,0,0,0.10552980580335102,0.01200532258281009,0,0,,,,0.0,,0.0,0,0.29233165224094,-0.7262678098469868,-0.17987955629863212,4.860045954843435,-0.359787973536749,-0.8985276537902668,0.36816354442956506,growth-flip; accelerating sales
ADES.JK,PT Akasha Wira International Tbk,Consumer Staples,Beverages,Micro Cap,IDR,12446823612416.0,11416333451264.0,21100.0,3006965000000.0,1055768000000.0,,162021000000.0,0.35110751205950186,0.05388190417913079,,,,3.796629974497209,10.813297477536732,10.908592990520235,3.8224633364205425,0.013017056001209837,1685992000000.0,0.1354556031723775,0.08279132348047923,0.09026444474481478,,,0,2026-03-31,7.382492688231023,0,4.139331057200866,14.641289,,1585460000000.0,0.5272625388057394,0.1273786830576169,,0.91353995,,,0.9447004608294931,0,0.42631601189719787,0.32577012869300187,33.485553246658284,0,13.402153726681451,0.5369645032204049,0.56219139570155,,-0.379146628858276,0.005669824760537567,-0.07950639318479362,0.11992624117912809,0.10403647467269,,-0.37920609985056897,0.0722131041186259,0.01040068781236083,,8.586069290767277,0.11132002791522655,0.07722825275985368,,-0.004765565783229564,0,0,0,0,0,0,0,0,0.4893321413392347,,0,0,,,,0.0,,0.0,0,0.9447004608294931,0.4077359576090882,0.38250906512794314,1.323847089687769,0.265286515566728,-0.5948446569978821,0.36351703490690085,accelerating sales
ALDO.JK,PT Alkindo Naratama Tbk,Materials,Paper & Forest Products,Micro Cap,IDR,1846360014848.0,2428519579648.0,685.0,2171444996220.0,127385168821.0,,-30899973100.0,0.058663778747676816,-0.014230143132241406,,0.07344228327651864,4.618104205079327,1.1183887152912044,19.064382471875707,20.204158070133186,1.7385583957609836,-0.016735616484060294,20061853143.0,0.010865623703756157,0.03649518195862104,0.027746634314872114,-574639401997.0,-0.31122825309034147,0,2026-03-31,92.03337307312678,0,0.8502909436168541,44.6545,,344738374815.0,0.15875989279724442,0.1867124353011838,0.6045374974072228,0.74564004,,,0.3880445795339412,0,0.34748178286512355,-1.3196844945058035,,0,9.75518547058731,0.16938342606882273,2.0799553007091838,,-12.427650044294591,0.03639058193787055,-0.015686303713369647,0.024632645886490424,0.2625670676387747,,0.574380972928103,-0.05061869576885014,-0.06641260845190845,,-1.1766980693285096,0.01756828876748799,1.6617305314573532,,-29.04314905232652,0,1,0,0,0,0,0,1,0.023671280505757692,0.04977100277076095,0,0,41700101461.0,0.7410047462090514,,0.0,,0.0,1,0.3880445795339412,0.2186611534651185,-1.6919107211752427,12.815694623828533,0.18698841508315453,-2.8823583678003906,0.3610998047807821,growth-flip; first-positive: NI; FCF break-even ETA 0.7q
SSTM.JK,PT Sunson Textile Manufacturer Tbk,Consumer Discretionary,"Textiles, Apparel & Luxury Goods",Nano Cap,IDR,620581879808.0,617606873088.0,530.0,274483465010.0,1362004331.0,,-273284709.0,0.004962063310263077,-0.0009956326840673032,,,,2.2500695007821303,453.4544120241861,1711.5865889072193,2.998920364780662,-0.00044036849590992045,19465313899.0,0.031366229876100014,0.004793829971188355,0.004816921806788428,,,0,2026-03-31,31.881421642005034,0,2.2609080652103795,,,12357069209.0,0.04501935739025229,0.019912068996959947,,0.84602,,,2.212121212121212,0,0.35640091999255,0.23897879844412842,7162.085507377661,0,1304.108544457642,0.16373917804127883,1.1510175702055234,,-1.2270069357049338,0.04319965030239666,-0.006099691543720611,,,,,-0.02182573322868785,-0.5313673688409233,,-1.4438244407521983,,,,,0,0,0,0,1,0,0,0,,,0,0,,,,0.0,,,0,2.212121212121212,2.0483820340799332,1.0611036419156885,3.4391281478261457,1.7601727884830871,-2.077196653076214,0.3610230459066345,first-positive: EBITDA
BHAT.JK,PT Bhakti Multi Artha Tbk,Industrials,Professional Services,Micro Cap,IDR,4050000019456.0,3610352549888.0,810.0,159064718193.0,17413729685.0,,-3999951353.0,0.10947575227758037,-0.025146691223799162,,0.11155670874247067,-24.73555844323421,22.69738123514861,207.32793118971628,218.9776604763185,7.000484227583089,-0.0009876423046381313,134757980447.0,0.033273575259167736,0.16845744579765232,0.18897120138008816,430738328338.0,0.10635514228858133,0,2025-06-30,30.053878857652187,0,25.461334640796725,,,9195406026.0,0.05780921206450586,0.002270470612796475,0.4347461962118296,0.6,,,0.35,0,0.28951442290210944,-0.11553770145217312,,0,,0.13436261304940703,-0.2623050838285255,,-0.4706148424139695,-0.05886646846544459,-0.0057497250410345965,,,,,-0.9795385741865374,-0.1329130716481579,,0.7223960147455666,0.9709216013087185,-0.4551365278900351,,16.375586133943646,0,0,0,1,0,0,0,0,-0.17574384871766996,0.2873005574601406,1,1,,,,,,,0,0.35,0.21563738695059295,0.6123050838285256,0.8206148424139694,0.19009564002723428,-0.45966323830508055,0.35943377224483175,growth-flip; first-positive: ROCE; ROCE improving from <=0; accelerating sales
BAJA.JK,PT Saranacentral Bajatama Tbk,Materials,Metals & Mining,Micro Cap,IDR,262799998976.0,663304732672.0,146.0,824216596902.0,-10137070884.0,,-41384221520.0,-0.012299037561367266,-0.05021037149161001,,-0.02606306210834082,-5.405452575604186,0.8047699296097376,-65.43356954511752,,12.351017094159738,-0.1574742073107062,-124563984471.0,-0.473987766196208,0.04319931895447528,0.01711548315246814,-400504702143.0,-1.523990501155123,0,2025-12-31,,0,0.31884822504641597,,,24508825555.0,0.02973590394457213,0.0932603715772398,19.35638825796677,0.77782,,,0.7590361445783133,0,0.36681934501747654,-0.2972953289054092,,0,,0.04561248719001814,0.7201170067197594,,-2.841243195055802,0.03364883195319172,-0.07872403636708888,0.02497678579473133,0.7139394887594858,,-2.857056717424747,0.0911108957603983,1.3937826244258842,,2.844459175060855,0.21625952973454565,3.775636799009319,,-2.2240872576538333,1,1,0,0,0,0,0,0,-0.6315140992411388,0.6054510371327979,1,0,,,,0.38866321815554583,,1.7973399765173044,0,0.7590361445783133,0.7134236573882952,0.03891913785855383,3.6002793396341155,0.6823021589054966,-1.2587310734466153,0.3581586994103105,growth-flip; ROCE improving from <=0; accelerating sales
BBHI.JK,PT Bank Harda Internasional Tbk,Financials,Banks,Small Cap,IDR,20212179009536.0,16656582574080.0,935.0,1928552615068.0,,-3309200808931.0,-3334431354151.0,,-1.7289812723276048,,,,8.636830773472413,,,2.683315463254935,-0.1649713943547518,,,0.06542648890152283,0.07939275056942713,1310760897698.0,0.06485005387492312,0,2026-03-31,,0,10.480491354820167,37.459938,,,,,0.001546757020436774,0.90633005,,,0.24666666666666667,0,0.4214321488903537,-1.5635381344315664,,0,,0.339368674621628,,-4.796143286401204,-5.3693517525379555,,-2.2589782801944884,0.013749190166209907,,-2.638042777844363,-2.6657647765814203,-0.19255576347600772,,-4.096430107294807,-4.121592717209874,0.11676532522314365,,3.1691945530066272,3.6844175840024436,0,0,1,1,0,0,0,0,,,0,0,,,,,,0.0,0,0.24666666666666667,-0.09270200795496134,,5.6160184192046225,-0.0692132119493908,-1.8180343997667567,0.356549411673395,growth-flip; accelerating sales
SCMA.JK,PT Surya Citra Media Tbk,Communication Services,Media,Small Cap,IDR,14479071903744.0,13515040489472.0,228.0,6887998483000.0,1259454985000.0,,421894936000.0,0.18284774424797154,0.061250730098338785,,0.20700863692470783,-1.6109375350163864,1.962114324332089,10.73086426306217,13.558955614567218,2.115594302198265,0.02913825822571586,4257377937000.0,0.29403665962174874,0.14140426055005517,0.15149066387147664,2028903309000.0,0.14012661325864167,0,2026-03-31,3.4009364726371483,0,2.1020724582735073,15.648593,,2870819659000.0,0.4167857565714275,0.19827373453803093,0.002702983329933471,0.8021,,,0.22991683731230284,0,0.320073804675471,0.02207943922530548,614.0987312316862,0,105.7272764915722,-0.024062083347572434,0.17231663446158832,,-0.4580691264979477,0.03062944303115278,-0.049052839689675,,,,-0.3940764310047806,0.012157543726940105,0.2502066613951548,,-0.0038758449831221456,0.11054857515686933,0.43657477847516823,,-0.31755832345291757,1,0,0,0,0,0,0,0,0.1771369061635313,0.029871730761176524,0,0,,,,0.0,,0.0,0,0.22991683731230284,0.25397892065987526,0.057600202850714516,0.6879859638102506,0.2602408578724458,-0.3331883624402801,0.3540608126490442,growth-flip; accelerating sales
BISI.JK,PT BISI International Tbk,Materials,Construction Materials,Micro Cap,IDR,2189999996928.0,1969295065088.0,730.0,1635440000000.0,253995000000.0,,66592000000.0,0.15530682874333512,0.0407180942131781,,0.07178022237851153,-0.8826157995236127,1.2041377642029056,7.753282801189,8.274070892944774,0.6186496592421175,0.030407305978726595,2472114000000.0,1.1288191796656313,0.10236529694724483,0.11383768942211932,224180000000.0,0.10236529694724483,0,2026-03-31,0.8858814750970222,0,1.3390891729002592,10.549133,,633326000000.0,0.3872511373086142,0.2891899547435578,0.0,0.62723,,,-0.20897830575226034,0,0.35092971256209116,0.4661030669796004,17.751590751293854,0,45.16405115055197,0.19556174822322261,0.0013364556722490302,,1.2740028144210276,-0.03012425451701667,0.21838413755177974,0.02094592190335523,-0.08134256831292837,,1.4364942547571136,-0.3771132574014296,-0.5149696535605233,,1.6614181097926624,0.6449192144178002,0.6866611013177957,,-0.44012230096488547,1,1,0,0,0,0,1,0,0.08340487185296999,-0.01162464947445846,0,0,219153000000.0,0.0,0.0,0.0,,,0,-0.20897830575226034,-0.404540053975483,-0.21031476142450936,-1.4829811201732879,-0.33836818096320637,0.6090510291341216,0.3532707944181883,growth-flip; first-positive: FCF; accelerating sales; under-priced vs fundamentals
TAPG.JK,PT Triputra Agro Persada Tbk,Consumer Staples,Household Products,Small Cap,IDR,29679547318272.0,28058740326400.0,1495.0,11194949000000.0,4432001000000.0,,2636065000000.0,0.3958929156354352,0.2354691388053666,,0.44918560145780184,-0.47985120039458473,2.506375002369372,6.330941785978839,6.359842326492154,2.483932637386836,0.08881756085198528,2064179000000.0,0.06954887073797122,0.10834130876451703,0.11459962074543203,2126701000000.0,0.07165543925566249,0,2026-03-31,14.378378676593455,0,2.6511552056442595,8.216994,,4262980000000.0,0.38079494600645347,0.1436335923282606,0.09112522860395834,0.86477995,2306.6667,0.5429208695652175,0.7478450284339648,0,0.42310508948267106,0.09703812324081215,65.53962622205106,1,34.11176389299173,0.15752384101557335,0.10173495872347925,,-0.005837730771203495,-0.020046947857812913,-0.0386924849324278,-0.07722518742429008,-0.183573886086109,,-0.17416096070656994,-0.21981409126013543,-0.3106928218977866,,-0.4957589656013662,0.01733922891399811,-0.7587512138440698,,-2.3980787993888883,0,0,0,0,0,0,0,0,0.3802234269714638,0.06896217448633807,0,0,,,,0.0,,0.0,0,0.7478450284339648,0.5903211874183915,0.6461100697104856,0.7536827592051684,0.5099862020124467,-0.625025054586623,0.3521254860982949,cheap+grow (EV/EBIT 6.4x)
IPCM.JK,PT Jasa Armada Indonesia Tbk,,,,IDR,1712278863872.0,1158834946048.0,324.0,1442663919000.0,258002937000.0,,272183531000.0,0.17883786625705442,0.1886673170482196,,0.30284730768920703,-2.145106987677431,0.803260503562923,4.49155718738194,4.49155718738194,1.2183846451515232,0.15895981474916276,709783602000.0,0.41452570429734586,0.35666480086017877,0.5270030922718686,553443903000.0,0.32322065913287606,0,2026-03-31,2.412395635863112,0,1.1868868704076878,8.651535,,416101941000.0,0.28842610917200046,0.24301061572357607,0.04074782875081694,0.91823995,,,0.2489417882983702,0,0.3714703016312768,0.10855129966663322,41.37727692967058,1,33.64707779525977,0.07258845032807318,0.09711252243628038,,-0.10261985182625372,0.003997614317651388,-0.036836206327165694,-0.034265316962585515,-0.04469921458618391,,-0.06071535126098415,-0.08970436023000752,-0.2546147130616718,,-0.20761841478569687,-0.0848801566859023,0.05687003483658605,,-10.784096633956064,0,0,0,0,0,0,0,0,0.24823645992539659,0.05461084776381045,0,0,,,,0.0,,0.0,0,0.2489417882983702,0.176353337970297,0.1518292658620898,0.3515616401246239,0.16441845697327415,-0.21104067523257122,0.3506844070582529,cheap+grow (EV/EBIT 4.5x)
SGRO.JK,PT Sampoerna Agro Tbk,Consumer Staples,Household Products,Micro Cap,IDR,5310376312832.0,5324721356800.0,2920.0,6025879000000.0,841624000000.0,,1427989000000.0,0.13966825420822424,0.23697604946929735,,0.15937428671188567,0.017314145033886865,0.8836422631121534,6.3267223330133175,6.473636461428481,1.0318651404756658,0.26890542512955357,-471330000000.0,-0.08875642181159132,0.30915003067353003,0.3083171662876675,-14572000000.0,-0.0027440616524271925,0,2026-03-31,,0,0.8812616902583009,19.083721,,1802273000000.0,0.2990888134328618,0.33938705918919254,0.3218326413914541,0.98695,,,0.3902707596103673,0,0.33958485441570735,0.003570836797205459,1812.9186039795368,1,,0.08829803277060128,-0.4266128268557737,,0.7868110307651689,-0.12542432793274624,0.09264037881880677,-0.05885110056969858,-0.25894462494827025,,-0.10432442773228628,-0.3148114319242554,1.4936614525936909,,-0.9159161998981596,0.1791560671765199,-0.8039336221230644,,1.072774852710329,1,0,0,1,0,0,0,0,0.18485804939069347,-0.02548376267880781,0,0,628806000000.0,,0.0,,,,0,0.3902707596103673,0.301972726839766,0.816883586466141,-0.3965402711548016,0.27747245492211403,-0.24994712426830487,0.35047072886482716,growth-flip; accelerating sales; cheap+grow (EV/EBIT 6.5x)
BEEF.JK,PT Estika Tata Tiara Tbk,Consumer Staples,Food & Staples Retailing,Nano Cap,IDR,1347961356288.0,2743731224576.0,166.0,6180658387325.0,269451993125.0,,-645717666993.0,0.04359600162946707,-0.10447392923660156,,0.12877620054990177,5.158695661680124,0.44392216049389066,10.182634734875279,11.796500707429558,3.277311458884431,-0.47903277344030815,-627998817580.0,-0.4658878495666787,0.012685318899710822,0.006232140931239512,-1394844649395.0,-1.0347808881080292,0,2026-03-31,,0,0.21809348969234976,13.333334,,432985229007.0,0.07005487148342408,0.32121486790938103,3.4328730030206773,0.72436,,,-0.2729457497640694,0,0.3477083229932413,0.17760069039750104,66.42148001241972,0,24.434240489907417,0.25347995341151613,0.3634335198163602,,0.2976650454959323,0.003515782610946032,0.0819840778900463,-0.1411488553122558,-0.1709263354262264,,0.40459747272726804,-0.12774794591536123,-0.03418160980321548,,1.180294659985218,-6.746843793876217,-1.1552587291457999,,26.304802013135564,0,0,0,1,0,0,0,0,0.171496608240387,-0.04272040769048524,0,0,438788423283.0,1.4715923044682047,2.359480782615657,0.0,,0.0,1,-0.2729457497640694,-0.5264257031755855,-0.6363792695804296,-0.5706107952600017,-0.4199713778771223,0.5383467864732847,0.3495564622765261,growth-flip; FCF break-even ETA 1.5q; under-priced vs fundamentals
RISE.JK,PT Jaya Sukses Makmur Sentosa Tbk,Real Estate,Real Estate Management & Development,Micro Cap,IDR,19357327425536.0,20189701734400.0,1195.0,456761055324.0,217573986130.0,,-65212560701.0,0.4763409305455465,-0.14277171825593135,,0.06925974878591436,1.991770631614341,44.20188958552648,92.7946492754731,97.59297140744312,6.984337624152499,-0.0033688824530070313,842555587311.0,0.04352644188884819,0.02133729731120479,0.020457610313542086,-215433427930.0,-0.011129296064176829,0,2026-03-31,22.974540454137323,0,42.379548781375476,114.90385,,248837979357.0,0.5447880822074217,0.012854975993676448,0.2267576496397381,0.80294997,,,0.7254634187439583,0,0.44390294922902246,-0.7281578792814019,,0,53.431895143492014,0.24938857571436643,1.7078189826316732,,-8.326888834269338,0.25655706737521117,-0.16711729763605843,0.1120998098448738,0.5682931041105159,,0.5075048055455846,0.48498178534067865,1.1618699930240821,,1.259479308930419,-0.18656185748604426,-0.15844044965317883,,-16.97004786517288,0,0,0,0,0,0,0,0,0.028444471591181478,0.04081527719473288,0,0,67200022072.0,0.9704246916932471,,0.0,,0.0,1,0.7254634187439583,0.4760748430295918,-0.9823555638877149,9.052352253013296,0.38104625917312024,-2.231779447832073,0.34934084047951286,FCF break-even ETA 1.0q
ASDM.JK,PT Asuransi Dayin Mitra Tbk,Financials,Insurance,Nano Cap,IDR,193920008192.0,67064348672.0,505.0,292599534000.0,,,18994416000.0,,0.06491608424776234,,,,0.22920183007536848,,,0.5343217497028449,0.09794974833743637,,,0.05436342076451556,0.15719462290702077,4621237000.0,0.02383063533817778,0,2025-12-31,,0,0.6627488620402245,10.74011,,,,,0.016314331332302322,0.78637004,,,0.10379568509634626,0,0.43336759512259326,2.026164770087673,,0,,0.11238172476026748,,,5.853730860742484,,0.054380002918127834,0.01016133469108071,,,-0.24735181141777246,-0.26472773870062144,,,-0.1666310103761477,0.013402882554464382,,,4.308813789660055,0,0,0,1,0,0,0,0,,,0,0,16223018000.0,,0.0,,,0.0,0,0.10379568509634626,-0.008586039663921213,,-5.749935175646137,-0.0077186090645022356,1.922079941458187,0.3482259897805258,growth-flip; under-priced vs fundamentals
AUTO.JK,PT Astra Otoparts Tbk,Consumer Discretionary,Auto Components,Small Cap,IDR,12049332568064.0,9103981150208.0,2500.0,19939656000000.0,2756064000000.0,,1463838000000.0,0.13822023810240258,0.07341340291928808,,0.21553553844374956,-1.5342510188442648,0.45657664055026825,3.3032546233353073,3.5263472019081976,0.7434840238685783,0.12148706094143429,4674031000000.0,0.3879078756933165,0.39909322552399634,0.5282092439185392,4228494000000.0,0.35093180274626645,0,2026-03-31,2.577931675691496,0,0.6042898918649349,5.3418803,,3331031000000.0,0.16705559012652976,0.27644942001424117,0.035807248402022415,0.87078005,3290.0,0.31600000000000006,0.3140067408289163,0,0.4166614310162153,0.1765557954363131,19.972990369382778,1,58.6691981039979,0.045400360905273614,0.027377712832976717,,0.5258707494480614,-0.002424711648571304,0.023116614718276453,0.01787452188041728,0.011257500321973096,,0.30829950504340925,0.030860829960109613,-0.11190200297963913,,-0.11402500444391776,0.020906481572705624,-0.016042110080677886,,0.7007804633703503,0,0,0,1,0,0,0,0,0.22166581889092007,-0.006130280447170511,0,0,344952000000.0,0.0,0.0,0.0,,0.0,0,0.3140067408289163,0.26860637992364267,0.28662902799593953,-0.21186400861914517,0.2569411585921404,-0.15007813947314436,0.34805733114395676,growth-flip; cheap+grow (EV/EBIT 3.5x)
JPFA.JK,PT Japfa Comfeed Indonesia Tbk,,,,IDR,29883111571456.0,37762694643712.0,2570.0,59613930000000.0,6246407000000.0,,4245082000000.0,0.10478099665631842,0.07120956461015068,,0.21817223746826844,1.3119157941517419,0.6334542051448714,6.045506583818826,6.417092215108829,1.6011306390555042,0.14205622429408765,1334702000000.0,0.04466409051174215,0.11889953265087255,0.09408989568999514,-8308993000000.0,-0.2780497934471005,0,2025-12-31,22.38935100978046,0,0.5012773284944643,7.468325,,13028685000000.0,0.21855101651577072,0.4359882326459219,0.6355677281678993,0.67076,3106.0,0.20856031128404662,0.5149274040200251,0,0.3504310114103908,0.14929584541914412,42.982389744959164,1,32.67291201340747,0.0683337452446288,0.17707513814091155,,0.36029321523204166,0.009679952584390403,0.015283695095154592,0.0715391732652334,0.267217083716084,,0.20466851823526425,0.3393411218222691,1.093072631692822,,4.595656104042097,-0.0022932903730952664,-0.9991955946262223,,-10.10975858195493,0,0,0,0,0,0,0,0,0.20370995471347864,0.014462282754789807,0,0,721223000000.0,0.0,0.0,0.0,,0.0,0,0.5149274040200251,0.4465936587753963,0.33785226587911354,0.15463418878798346,0.41802822457240135,-0.3392770845037237,0.3478884559084983,cheap+grow (EV/EBIT 6.4x)
DGIK.JK,PT Nusa Konstruksi Enjiniring Tbk,Industrials,Construction & Engineering,Nano Cap,IDR,668323545088.0,919759224832.0,130.0,885800270413.0,111186271395.0,,-161051974719.0,0.1255207015721049,-0.1818152241519528,,0.07681381172071193,2.2615703764332533,1.0383370332492299,8.272237330132839,12.03897168411028,0.8993139336443661,-0.24097905259015504,92316828129.0,0.13813194044636626,0.01717220725852004,0.012477820414463658,-251444886155.0,-0.37623227253184915,0,2026-03-31,7.239455239451146,0,0.7544855961450514,12.536162,,130132022168.0,0.1469089889838559,0.19471410684904894,0.35379413023359246,0.62175,,,0.8309859154929577,0,0.4426768303171991,-8.124085063936816,,0,11.472987748285808,0.37427820439589027,0.7534389954841297,,-51.1380767238273,0.027142391967215074,-0.18679875595265782,-0.02975433851537294,-0.15093680216704392,,-1.7209571384675986,-0.013036695652519158,-0.7073133772031581,,-1.8249869144701323,-0.05688597875474205,0.05298532291246105,,-31.35895386437337,0,0,0,0,0,0,0,0,0.07489400675990565,0.001919804960806279,0,0,,,,0.0,,0.0,0,0.8309859154929577,0.4567077110970675,0.07754692000882801,51.969062639320256,0.3323255143217734,-13.208910696186981,0.34780828957742255,
MREI.JK,PT Maskapai Reasuransi Indonesia Tbk,,,,IDR,510024810496.0,67875164160.0,985.0,2473516749627.0,,,-31636891581.0,,-0.012790247563826185,,,,0.0274407538053807,,,0.311735350165888,-0.062030103104656946,,,4.942476573352445,37.13855736338009,,,0,2025-09-30,,0,0.2061942012613864,5.5340185,,,,,,0.68083,,,0.3943643048737656,0,0.7108389346862417,-0.402454305571188,,0,,0.21107767970064792,,,-1.62951827611486,,-0.03739633753788314,0.034783361823433605,,,-2.1282487504204544,0.11063112471220521,,,1.386622011915353,0.03365631836221063,,,-1.7060038619572477,0,0,0,0,0,0,0,0,,,0,0,,,,,,0.0,0,0.3943643048737656,0.1832866251731177,,2.0238825809886256,0.15134175804348274,-0.7861703214017419,0.3477826320792252,cash 494% of mcap
SMSM.JK,PT Selamat Sempurna Tbk,Consumer Discretionary,Auto Components,Small Cap,IDR,9904922296320.0,9151522537472.0,1720.0,5207631000000.0,1540203000000.0,,863368000000.0,0.2957588584905497,0.16578901231673288,,0.5368160955557101,-0.827117594239201,1.757329299536008,5.941763869744443,6.111975834978728,2.437732080761553,0.08716555003372103,3130068000000.0,0.3160113634776238,0.14560386814299617,0.15759071718337148,1273929000000.0,0.12861574900726944,0,2026-03-31,3.164443167471122,0,1.9020015620000725,8.960667,,1946811000000.0,0.3738381233232539,0.1965498508477248,0.04141248300896024,0.68154997,2500.0,0.4534883720930232,-0.012212255636235587,0,0.2908700124470649,0.058006499274231495,105.36708664461467,1,153.9730369808933,0.0082567519557172,0.04727055388550762,,-0.07902697951468449,0.011017857306615975,-0.015712386041636023,-0.021680848101995873,-0.050916545890147595,,-0.12989565213885904,-0.13249210023528518,-0.1886813027042745,,0.009434200055452932,0.02257338481149316,0.007043691152407064,,-0.02188970442277132,0,0,0,0,0,0,0,0,0.5630554551719251,-0.02623935961621504,0,0,,,,0.0,,0.0,0,-0.012212255636235587,-0.020469007591952786,-0.0594828095217432,0.0668147238784489,-0.020301384099088833,0.00835961933358398,0.3469091900807629,cheap+grow (EV/EBIT 6.1x)
DCII.JK,PT DCI Indonesia Tbk,,,,IDR,460062938103808.0,461963729567744.0,193000.0,2809388000000.0,1464146000000.0,,-377121000000.0,0.5211619043008655,-0.13423599730617486,,0.24092667974921722,1.2231935886175285,164.4357168065586,315.51753006035193,316.0656247320545,107.62637657617337,-0.0008197161057014049,-1743712000000.0,-0.0037901596837747256,0.0005560673960271839,0.0005537794065334404,-1791975000000.0,-0.0038950648956549093,0,2026-03-31,,0,163.75913120715543,476.1905,,1574565000000.0,0.5604654821619512,0.0034224991182504627,0.47905924021494256,0.77637,,,0.20625,0,0.4030208905532698,-0.8823948012946344,,0,408.8864979406752,0.5500533533136988,0.4861559699144328,,-7.3629972945402935,-0.022407393763738903,-0.10935580777225219,0.05571242291808367,0.029738469696777885,,0.06730788255312413,0.39038253703604686,0.6846232183024773,,0.6962810190510187,0.013488775200543868,-0.13533989593253282,,-2.2169690568073643,0,0,0,0,0,0,0,0,0.2629256079253874,-0.021998928176170163,0,0,27215000000.0,13.857100863494397,,0.0,,0.0,0,0.20625,-0.34380335331369877,-0.2799059699144328,7.569247294540293,-0.22180098032026896,-1.6809342477479734,0.3453473717864919,
DFAM.JK,PT Dafam Property Indonesia Tbk,,,,IDR,224182632448.0,358145785856.0,118.0,58198886864.0,3643008408.0,,28513447481.0,0.0625958433966793,0.4899311484707712,,0.0267069073154723,27.30866651625911,6.153825359115893,98.31044723078773,122.65633624981945,22.76881698297849,0.1271884765097216,-177237407374.0,-0.7905938360997294,0.01624578324034437,0.010169105980949198,-99485701730.0,-0.44377078029483874,0,2026-03-31,,0,3.852008939137843,,,28133110752.0,0.48339602813610266,0.12549192791964195,10.474032944271281,0.69892,,,1.36,0,0.3222945239850743,0.7570061982802662,162.02817959544424,0,63.17900292020459,-0.08006162050057619,2.381857256884244,,0.72903975301399,0.10426752724887373,0.22926249351079114,-0.04573049276154505,0.3887154829149664,,-0.3015598051064658,-0.14872353038763378,-2.958676334741295,,-1.7315713208049437,0.04237160121388081,4.0543820476227665,,-2.0403451910329515,0,1,0,0,1,0,0,0,-0.021942586535686353,0.04864949385115865,1,1,12022532549.0,,0.0,0.0,,1.0299023226725672,0,1.36,1.4400616205005763,-1.0218572568842441,0.63096024698601,1.5653892180084643,-0.3497215368674474,0.3445093918321221,growth-flip; first-positive: EBITDA/ROCE; ROCE improving from <=0
LPLI.JK,PT Star Pacific Tbk,Communication Services,Diversified Telecommunication Services,Nano Cap,IDR,292608180224.0,292608180224.0,250.0,18401000000.0,-30351000000.0,,-5062000000.0,-1.6494212271072224,-0.2750937449051682,,,,15.90175426465953,-9.640808547461369,,0.08959430171185857,-0.017299584707867337,2633055000000.0,8.998569342744691,8.997926845327648,8.997926845327648,,,0,2025-09-30,0.11112877635446278,1,15.90175426465953,0.8743399,,2283000000.0,0.12406934405738819,0.007802242569747359,,0.73057,,,-0.17763157894736842,0,0.32252357033455975,1.789439126555718,,0,,-0.1254277566539924,0.5610972929199445,,0.8667263440577115,1.637270788101903,1.530134391976961,-0.0332054852098986,0.14344979398318,,0.8341415465268677,0.07392441169479438,-2.6079470198675496,,-7.2923875432525955,0.13871661682513686,10.576842922859365,,0.6335889760163731,0,1,0,0,0,0,0,0,,,0,0,25458000000.0,0.19883730065205438,0.1537667071688943,0.7822221076776372,,0.0,1,-0.17763157894736842,-0.05220382229337603,-0.7387288718673128,-1.04435792300508,-0.0596906918674327,0.6117635390552563,0.3443583084125684,growth-flip; FCF break-even ETA 0.2q; accelerating sales; under-priced vs fundamentals; Graham net-net (mcap 0.11x NCAV); cash 900% of mcap
DMMX.JK,PT Digital Mediatama Maxima Tbk,Communication Services,Diversified Telecommunication Services,Small Cap,IDR,1299438895104.0,1222366593024.0,179.0,578214105817.0,81122581815.0,,-36774286923.0,0.14029851745034153,-0.06359977481185622,,0.11969304238028032,-1.0145013087562074,2.1140380020595155,15.068142133488877,16.925882981927966,1.8951498354488083,-0.028300127894860947,349739517229.0,0.26914656668100484,0.06543219238731118,0.06955780390697458,82298965421.0,0.06333423274544452,0,2026-03-31,3.715447729211459,0,2.247331709882674,21.644497,,115835354148.0,0.20033297870574768,0.0891425942262019,0.003975947870061847,0.67455,,,-0.5456852791878173,0,0.21214404074059934,0.7191769823054222,23.53507328289302,0,6.228220793705874,-0.5083505305236432,3.5302460992223264,,-1.997875810245839,0.16755977543389505,-0.09493513260288375,-0.16660847807099713,-0.10446119973737493,,-0.796214198956274,-0.627551036789215,-0.8780421017287531,,0.46313074971107,-0.014707654126781877,2.9559988221228464,,-1.2106110070761538,0,0,0,0,1,0,0,1,-0.09179635752786157,0.2114893999081419,1,1,,,,0.0,,0.0,0,-0.5456852791878173,-0.03733474866417408,-4.075931378410144,1.4521905310580216,-0.07593773812862727,0.8870251986720987,0.34340517801897336,first-positive: EBITDA/NI/ROCE; ROCE improving from <=0; under-priced vs fundamentals
ARNA.JK,PT Arwana Citramulia Tbk,Industrials,Building Products,Small Cap,IDR,3163489566720.0,2782121951232.0,450.0,2795713411968.0,513568907925.0,,452000744762.0,0.1836986959129981,0.1616763516700451,,0.32676393548119637,-0.814091986460475,0.9951384642367787,5.417232056498039,5.457483500641648,1.599190197063212,0.14288042847274118,520133383297.0,0.16441760667359803,0.1465388184025678,0.16662606142434436,418092332437.0,0.13216175480246345,0,2026-03-31,6.082073691689241,0,1.1315500198187731,8.503402,,852010826188.0,0.30475613935987805,0.2693262639937802,0.022991659171841212,0.61386,785.0,0.7444444444444445,-0.20887092957987685,0,0.2644620147760274,0.03015723729036153,180.96762140694827,1,,0.06207601122038791,-0.08757542817827037,,0.06752465098433605,-0.03012936642439279,0.0008251951819447101,-0.02734758885987383,-0.059255654490124425,,0.034101397434519794,-0.14680686090134779,-0.17289910004819098,,0.649338366184222,0.03160146443210081,-0.008071351392578599,,-2.0822912480146307,0,0,0,0,0,0,0,0,0.35869265074856094,-0.03192871526736457,0,0,14905556724.0,0.0,0.0,,,,0,-0.20887092957987685,-0.27094694080026477,-0.12129550140160648,-0.2763955805642129,-0.25511068693560907,0.2309371774254233,0.3430564240495655,under-priced vs fundamentals; cheap+grow (EV/EBIT 5.5x)
NRCA.JK,PT Nusa Raya Cipta Tbk,Industrials,Construction & Engineering,Micro Cap,IDR,1193211461632.0,1211044724736.0,478.0,3560466042973.0,207537258905.0,,49490524097.0,0.058289352124169046,0.013900012947652005,,0.18120620606950016,-1.568293489156026,0.34013657485264875,5.8353123247635965,6.182446786583819,0.8483660241325713,0.04147674212692355,1019615120276.0,0.8545133474341876,0.5636486186028798,0.5553485996948726,325479331898.0,0.27277590130824736,0,2026-03-31,1.1702567350207687,0,0.33512788697618495,6.734291,,404718955393.0,0.11367021915340567,0.3391846025678053,0.24676653069988483,0.72963995,,,0.48627465827913446,0,0.48846256772337304,0.4597086563445116,13.448619470742821,1,7.056810599387638,0.055745857896959274,0.9405700714729598,,-0.08889326810695657,0.026577669578287687,-0.002206641279023626,-0.01432529261196434,0.008099202709894907,,4.714883478515095,-0.12457020838571196,0.7739938268468053,,1.1659099610664758,-0.09363387277573089,1.0510258163880621,,-0.20685071836202795,0,1,0,0,0,0,0,0,0.11347115895995012,0.06773504710955004,0,0,40830588285.0,0.0,,0.0,,0.0,0,0.48627465827913446,0.43052880038217517,-0.4542954131938253,0.575167926386091,0.40779586977474536,-0.23979929583729656,0.3408394947896423,growth-flip; cheap+grow (EV/EBIT 6.2x); cash 56% of mcap
MBSS.JK,PT Mitrabahtera Segara Sejati Tbk,Industrials,Marine,Micro Cap,IDR,4287565135872.0,2894147354624.0,2450.0,836931221040.0,374377923708.0,,-517555628348.0,0.4473222103517478,-0.6183968471206837,,0.1453361724490699,-3.772221778190342,3.458046828540619,7.730550257769261,7.845140013793148,1.085306848326049,-0.12071084915255524,1565863505831.0,0.36521042974488516,0.3797738089044418,0.5626199163544474,1412236557085.0,0.32937961577994335,0,2026-03-31,2.7381474310537683,0,5.122959961445962,16.91989,,265961968348.0,0.3177823477746551,0.06203100359288395,0.05469316291388366,0.84916,,,0.9678714859437751,0,0.3413839514247061,-0.3863628450162215,,0,85.44309435204855,0.007690178326837834,0.09682905672477853,,-2.8924259699454464,0.03635370513643116,-0.9476844594491911,-0.052499578707579556,-0.1353806669138623,,-1.0917122589883135,0.0032289667241500062,-0.4733121957280588,,0.10144464502952545,0.15193389047512434,0.4131754411896104,,-3.6418820067507394,1,1,0,0,0,0,0,0,0.19724665446613565,-0.051910482017065745,0,0,,,,0.0,,0.0,0,0.9678714859437751,0.9601813076169373,0.8710424292189967,3.8602974558892216,0.9528536927999199,-1.6610937213812689,0.3394567644757191,growth-flip; accelerating sales
DWGL.JK,PT Dwi Guna Laksana Tbk,Materials,Metals & Mining,Micro Cap,IDR,2350216642560.0,2073052053504.0,254.0,3496796326000.0,335945504000.0,,-122403958000.0,0.09607236815656618,-0.03500460037946174,,1.2817571693692247,-0.8290924738793349,0.5928432371339662,6.170798623052863,6.228675482624148,4.366873187647582,-0.05208198928702594,148751500000.0,0.06329267579263279,0.2461457205791322,0.2790551100837969,278529889000.0,0.11851243155890862,0,2026-03-31,15.799616424439417,0,0.672105671435666,10.548173,,406995459000.0,0.11639095362055697,0.17317359243813182,0.557358387673689,0.66517997,,,-0.03787878787878788,0,0.2384833499623628,-0.005491530213325599,,0,13.740229016764024,0.047800853403768315,0.7233324848647883,,-1.6385085336096998,0.037659548676250314,-0.09244760735590082,,,,-1.654021652407185,-0.23431882322341324,-0.507517179754301,,-1.870249245720932,-0.2779711628642876,-1.8358543842913906,,-0.11080254065334325,0,0,0,0,0,0,0,0,1.6971574293810359,-0.4154002600118112,0,0,,,,0.0,,0.0,0,-0.03787878787878788,-0.0856796412825562,-0.7612112727435761,1.600629745730912,-0.08177092145346787,-0.16799197756282794,0.3389067205688059,
SOHO.JK,PT Soho Global Health Tbk,Health Care,Biotechnology,Small Cap,IDR,19608650121216.0,18794921590784.0,1545.0,10779187000000.0,820751000000.0,,837413000000.0,0.07614219885043279,0.07768795550165332,,0.5196915405811876,-1.3364674548066344,1.743630720089001,22.89966334586738,24.335949624936067,7.591418868903702,0.042706305371522896,1940258000000.0,0.09894908563342135,0.05630810857323458,0.0587459753246006,1096907000000.0,0.05593995472504137,0,2025-12-31,10.106207587452802,0,1.8191214347813058,32.893333,,1804436000000.0,0.16740000892460627,0.09202244870735145,0.0027948100698334728,0.90988,,,1.444288830188067,0,0.3438988977762389,0.9398626183095694,25.89309240610776,0,89.42215252647068,0.07170942990501632,0.28533150001879254,,4.826144764376377,0.012654831956741455,0.09944847937841614,0.025441719980022356,0.0786468272116997,,0.1328470490834146,0.03598894289375518,0.07187858654437508,,-0.31874504985306856,-0.15520428000702668,0.04748937649279028,,7.233335475089147,0,0,0,1,0,0,1,0,0.2670940567798879,0.2525974838012997,0,0,98202000000.0,0.0,0.0,0.0,,0.0,0,1.444288830188067,1.3725794002830507,1.1589573301692744,-3.3818559341883097,1.2807383811157655,-0.1076047943449453,0.3386154770715956,growth-flip; first-positive: FCF
KOIN.JK,PT Kokoh Inti Arebama Tbk,Industrials,Building Products,Nano Cap,IDR,76505808896.0,68488810496.0,78.0,3255765000000.0,15251000000.0,,-11606000000.0,0.004684306146174555,-0.0035647535986166076,,0.047064488865302595,-0.525867156252049,0.021036165231827237,4.490775063667956,,,-0.15170089915364326,-175436000000.0,-2.2931069226192107,0.1865087135984263,0.20834060186858352,8020000000.0,0.1048286413245062,0,2026-03-31,,0,0.02349856605006811,,,274421000000.0,0.08428771732603552,3.5869302469965483,,0.90620005,,,0.2,0,0.6928202068900374,-0.07966279621684676,,0,,0.038639806829677256,2.04954923955681,,-2.361247947454844,0.009319921748972067,-0.006284680556806105,0.01911989389870607,0.011004308916141863,,0.6445220374284052,-0.2569476391389878,-0.912015758371635,,-2.343130966305701,0.038288841066318205,1.3378325069780321,,-3.878279723264733,1,0,0,0,1,0,0,0,0.22721111134282915,-0.18014662247752655,0,0,21043000000.0,0.55153732832771,,0.0,,0.1764510999204877,1,0.2,0.16136019317032274,-1.8495492395568098,2.561247947454844,0.1553572201924893,-0.2571040303152116,0.33612353395700834,growth-flip; first-positive: EBITDA; FCF break-even ETA 0.6q
FPNI.JK,PT Lotte Chemical Titan Tbk,Materials,Chemicals,Micro Cap,IDR,2003908952064.0,2003873038336.0,360.0,315366000.0,7083000.0,,21206000.0,0.02245961834820494,0.06724250553325342,,0.09868217624972392,-5.104899054073133,6354.118828079121,282913.0366138642,298996.2754903014,19254.839891845146,1.058231711483603e-05,19591000.0,9.776392275617875e-06,1.8123078876709427e-05,1.8123403681381602e-05,36158000.0,1.8043733954458228e-05,0,2026-03-31,102287.2212783421,0,6354.232707596888,14.900662,,5189000.0,0.0164538980105655,2.589439003531272e-06,0.0015277737741777406,0.92499,,,0.8461538461538461,0,0.3114509056061106,0.9471604009453173,315676.4949124636,0,208717.59238056748,-0.1429736097636537,1.6677665692467238,,2.633366710313487,0.05128478948661848,0.10252460196862846,-0.016540368603236974,1.2464319695528068,,-0.313388376234418,-0.07738321634798244,2.471014492753623,,-1.888998715034101,-0.10666781159701723,19.68848139159594,,3.49377917226831,0,1,0,1,1,0,1,1,-0.13174085709205144,0.23042303334177536,1,1,34189000.0,,0.0,0.0,,0.0,0,0.8461538461538461,0.9891274559174998,-0.8216127230928777,-1.7872128641596405,1.1541388540494344,0.5398993771116728,0.3361047398129467,growth-flip; first-positive: FCF/EBITDA/NI/ROCE; ROCE improving from <=0; under-priced vs fundamentals
TOTO.JK,PT Surya Toto Indonesia Tbk,,,,IDR,2600639922176.0,2485239939072.0,252.0,2345009760118.0,522043739313.0,,255804592460.0,0.22261900491481576,0.10908466003447594,,0.20303746203625692,-0.3881403471951458,1.0597994009828529,4.760597152917742,5.173720757354123,1.0125182729351858,0.0983621724325311,756204988293.0,0.2907765053688287,0.15659733341217197,0.16386879615739244,202626238228.0,0.07791399205256341,0,2025-12-31,3.439067398968748,0,1.1090102763773302,7.4139447,,654435407749.0,0.2790757714015097,0.2516439904534814,0.07966832090220051,0.92238,,,0.19702538856949023,0,0.3670966989602645,0.12160008727889152,42.54701516363324,1,36.06851328820441,0.014700932800845416,0.15681262476828267,,0.09579690316626416,0.027348217658748952,0.008072961633598802,-0.030379325276374353,-0.016914263975487003,,0.45360567854388006,-0.1444999476277611,0.01100436084474677,,0.022511103097572246,-0.06852209036343383,-0.13584255989022703,,0.3245197380935066,0,0,0,1,0,0,0,0,0.17554684734611117,0.027490614690145743,0,0,79825235585.0,0.0,0.0,0.0,,0.0,0,0.19702538856949023,0.1823244557686448,0.04021276380120756,0.10122848540322607,0.17968294881269156,-0.1258621634464425,0.3334725628442703,growth-flip; cheap+grow (EV/EBIT 5.2x)
URBN.JK,PT Urban Jakarta Propertindo Tbk,Real Estate,Real Estate Management & Development,Micro Cap,IDR,636398010368.0,2421493071872.0,204.0,-1431169886.0,-172234586517.0,,-77507825985.0,120.34531204284995,54.156970981011824,,-0.12667910905686383,-2.8989247395250564,-1691.9675962717959,-14.059272999926716,,0.7281446410770663,-0.12179143354043605,14249449863.0,0.02239078317476227,0.015249727349694415,0.004007814953811687,-499548542177.0,-0.7849624512310053,0,2025-12-31,44.66123369579802,0,-444.66978839715466,,,-1348356079.0,0.9421355858517554,-0.002118730821016092,0.5826702095581409,0.85295,,,0.7894736842105263,0,0.5434485849460798,-6.620270436059815,,0,,-1.0703867233655529,-18.892032530389233,,0.18082510797592322,119.87187716770573,58.81035058513758,,,,,-1.1764792986325388,-74.60782165160352,,0.3532412805276431,0.2695954751044697,-18.136063965592367,,0.39624346307131564,0,0,0,0,0,0,0,0,0.004769826954771913,-0.13144893601163574,0,0,17109119358.0,,4.530205463132639,,,,0,0.7894736842105263,1.8598604075760792,19.68150621459976,0.6086485762346031,-26.42345485975969,-7.383338399470148,0.33333333333333326,accelerating sales
CLPI.JK,PT Colorpak Indonesia Tbk,,,,IDR,485074010112.0,312695783424.0,1585.0,1005455422772.0,92561812939.0,,15863598605.0,0.09205958896100119,0.015777525532921888,,0.20170938684050393,-1.8686397770642957,0.3109991515704499,3.378237455548461,3.5052025010534384,0.7884434639073026,0.03270346024380323,508030473112.0,1.0473256915881755,0.5044477184285793,0.7825320667602557,172964685495.0,0.356573805005681,0,2026-03-31,0.9548128228226597,0,0.48244208457762405,7.0522804,,141168416094.0,0.14040246130932824,0.2910244893586553,0.11659022052067854,0.71656,,,0.5046724932274603,0,0.4322530844991335,0.23828968966140932,14.70983703085959,1,14.602734452611363,0.1001792324881539,0.193851038273424,,-0.20564809514287555,0.0072231691068410375,-0.006074383961138376,0.026672348346197666,0.008695246390502898,,-0.7733243407252212,-0.054358495927757974,-0.18674436395748711,,-2.996079152508562,-0.06184406971170131,0.11568411765114776,,3.3318693650446303,0,0,0,1,0,0,0,0,0.18806979451872216,0.013639592321781774,0,0,,,,0.0,,0.0,0,0.5046724932274603,0.4044932607393064,0.31082145495403635,0.7103205883703358,0.367661239909527,-0.4483241359933014,0.3332868055742362,growth-flip; cheap+grow (EV/EBIT 3.5x); cash 50% of mcap
MYOR.JK,PT Mayora Indah Tbk,Consumer Staples,Food & Staples Retailing,Mid Cap,IDR,40936151187456.0,41213201743872.0,1850.0,38713126961824.0,4616283358033.0,,5138839986195.0,0.11924336059407535,0.13274153728947138,,0.23650044126393777,-0.0014023311594889584,1.06457951031735,8.927788557900172,9.222069443951913,2.1656199305473915,0.12553305176793675,9150567016466.0,0.2235326661405822,0.1249567715774525,0.12411676542338979,6473557994.0,0.0001581379247002508,0,2026-03-31,4.473619078882586,0,1.0574230086818919,13.262599,,9000599225367.0,0.23249476164099894,0.21986921008160237,0.27026640834348264,0.87133,2681.5386,0.44948032432432417,-0.1587347493195861,0,0.2330264718564456,0.6184114087240266,14.912515056893737,0,100.79777665178881,0.07318995890706897,0.03978564187268506,,3.2609845846440684,-0.003830830953152911,0.19574810792974623,-0.02619055254748522,-0.032540753681718694,,0.44919934948048823,-0.18498699775591362,-0.07850605306218363,,0.1997914748633742,-0.07340334082188271,-0.0019746608394922947,,3.877018132868044,0,0,0,1,0,0,1,0,0.2114288772593244,0.025071564004613356,0,0,1592854412825.0,0.0,0.0,0.0,,0.0,0,-0.1587347493195861,-0.23192470822665506,-0.19852039119227116,-3.4197193339636547,-0.21610778809638326,1.016568055369741,0.33260464928828065,growth-flip; first-positive: FCF; under-priced vs fundamentals
JKON.JK,PT Jaya Konstruksi Manggala Pratama Tbk,Industrials,Industrial Conglomerates,Micro Cap,IDR,1157904859136.0,852867350528.0,71.0,4142087532000.0,207445290000.0,,130979533000.0,0.05008230473097593,0.03162162363496861,,0.06268163064161801,-2.080828039045861,0.20590278306267334,4.111288092045859,4.873732107702505,0.359215427861078,0.11311769871812585,1163020918000.0,1.0044183758480965,0.40438305902730814,0.5490151647968702,431657976000.0,0.3727922657843344,0,2026-03-31,0.9956010603207397,0,0.27954620712153505,8.09578,,548224631000.0,0.13235467062553616,0.4734625877717377,0.011347900311245662,0.81121004,,,0.029566889014002982,0,0.42365366409998834,0.04707746896732271,103.52578876076467,1,,0.06883720576077372,-0.2531033396738361,,-0.3534212942180355,-0.021587356535603883,-0.020651003881805782,0.07475564266742521,0.1831080905591169,,-0.3938541515795873,-0.42158745218359384,-0.6188937339664501,,-1.5019077650775503,0.14254109689799901,-0.1641593355727212,,-0.9371332916894308,0,0,0,0,0,0,0,0,0.0916575092616272,-0.028975878620009193,0,0,,,,,,,0,0.029566889014002982,-0.03927031674677074,0.2826702286878391,0.3829881832320385,-0.036741158087605,-0.14741173427137547,0.3309458205013108,accelerating sales; cheap+grow (EV/EBIT 4.9x)
MARK.JK,PT Mark Dynamics Indonesia Tbk,,,,IDR,3116000083968.0,2982269943808.0,820.0,874277983529.0,387872533575.0,,278239155361.0,0.44364897765052114,0.3182502140084724,,0.4448376019380183,-0.352172904368819,3.411123235392645,7.688788675806921,7.926964605380021,3.17201324031079,0.08929369315249909,458298515149.0,0.1470791087288387,0.045822026316243936,0.04787676519540189,136598196674.0,0.043837674259639976,0,2026-03-31,6.799062141746062,0,3.564083898567762,10.481912,,434043591080.0,0.49645947771439297,0.1392951153349383,0.006294390996985695,0.80143,,,0.20308659166598758,0,0.3113200053435581,-0.008159039668107932,,0,,-0.039240371760621444,0.0212872090668285,,-0.1601270213499004,0.026293288621810518,-0.045807167369987745,0.04664310041272052,0.08534466362196129,,0.2359502039648112,0.03381111693480765,0.07004506250751158,,4.571045154161459,-0.7063808008377445,-0.7847506075791153,,-0.8411681815515901,0,0,0,0,0,0,0,0,0.46554272389739465,-0.02070512195937635,0,0,53117500404.0,0.0,,0.0,,0.0,0,0.20308659166598758,0.24232696342660903,0.1817993825991591,0.36321361301588795,0.252224340307347,-0.26244665301388537,0.33093326282621477,
BBSI.JK,PT Bank Bisnis Internasional Tbk,Financials,Banks,Small Cap,IDR,16242277613568.0,14298265944064.0,4420.0,1839412319681.0,,1140057539585.0,1080586124286.0,,0.5874626981259974,,,,7.773279427933633,,,4.603301120700754,0.06652922391766851,,,0.08553479909741624,0.09716422662691952,1381493014674.0,0.08505537508606359,0,2026-03-31,,0,8.830145063062758,91.73931,14.246892853741803,,,,0.0022069330887504713,0.94936997,,,0.09950248756218906,0,0.33749081879084086,1.0523426735340213,,0,,0.9013038587215774,,1.2679106691263502,1.35442030315891,,0.11305925652156068,0.2540183464264441,,0.32125606406261376,0.34843396698687285,0.14200330897989613,,2.075072658318534,2.5139953800351176,-0.32324832508100465,,-5.717754558536795,-4.998638524722406,0,0,0,0,0,0,0,0,,,0,0,279222356581.0,0.0,0.0,,0.0,0.0,0,0.09950248756218906,-0.8018013711593883,,-1.2549178155967209,-0.42171132587850196,0.8261435042115371,0.32993061168398863,under-priced vs fundamentals
BRMS.JK,PT Bumi Resources Minerals Tbk Class A,Materials,Metals & Mining,Small Cap,IDR,85779346882560.0,85779296550912.0,605.0,256096242.0,92165073.0,,-18689971.0,0.35988451950809963,-0.07298026263110882,,0.06390779259684966,1.5500882964634553,334949.4544746658,930713.7048642277,943662.0505604808,67620.67890456658,-2.178842772676776e-07,-34874509.0,-4.065606730224524e-07,1.2286377412536285e-06,1.2286384621660724e-06,-153831452.0,-1.793339044777407e-06,0,2026-03-31,,0,334949.65100877977,92.64931,,152700441.0,0.5962619357764727,1.780153924569527e-06,0.20434812190525878,0.61537,1179.254,0.949180165289256,0.5277777777777778,0,0.4757880777981316,-0.7550307537022749,,0,598489.663546408,0.5774837056970197,1.1122409312709682,,-7.909633389588952,0.09111216638689235,-0.08964180871422336,0.0648975911920824,0.1795236972797222,,-0.08177990982838221,0.056215724024541856,0.2206487323922477,,0.8690782167546043,-1.9450169540772286,-0.47650192778779543,,-3.7367684269538035,0,0,0,0,0,0,0,0,0.033356729726033325,0.030551062870816333,0,0,,,,0.0,,0.0,0,0.5277777777777778,-0.04970592791924189,-0.5844631534931904,8.43741116736673,-0.03150963001375616,-1.9429331139851351,0.32917803542769053,
PMJS.JK,PT Putra Mandiri Jembar Tbk,Consumer Discretionary,Automobiles,Micro Cap,IDR,1609405169664.0,1152140574720.0,117.0,10328867086736.0,288618820620.0,,503681315845.0,0.027942931029738494,0.048764429982046276,,0.11829426713014847,-3.5195074380177473,0.11154568696111329,3.991910757049784,5.615169542261354,0.5851713340682064,0.3129611643723966,1044391266648.0,0.6489299812961583,0.9402456087381169,1.3134127698130549,1015796085924.0,0.6311624350852996,1,2026-03-31,1.540998303087526,0,0.15581623387629284,12.111801,,661780198232.0,0.06407093756505366,0.41119552161632594,0.18086661306445423,0.91046,,,-0.03037770786489574,0,0.42452467838911373,0.5764285153405468,9.741311182261656,1,40.11177607430492,0.07079022917898271,0.08378634366695065,,2.500487965055256,0.00033507483547280323,0.033847516775223255,,,,-0.7219822634177445,-0.4022711957122357,-0.2645965083972625,,-1.5142906203036588,-0.22381799983337725,0.124146737700784,,9.771329356585436,1,1,0,1,0,0,0,0,0.09290996859816518,0.02538429853198329,0,0,359792429246.0,,0.0,0.0,,0.0,0,-0.03037770786489574,-0.10116793704387846,-0.11416405153184639,-2.5308656729201515,-0.09447969759814473,0.7101693397735053,0.32802603223715526,"growth-flip; under-priced vs fundamentals; cheap+grow (EV/EBIT 5.6x); cash 94% of mcap; cash > EV (1.31x, net cash 63% mcap)"
ABDA.JK,PT Asuransi Bina Dana Arta Tbk,Financials,Insurance,Small Cap,IDR,2172823273472.0,2172823273472.0,3500.0,1062206521000.0,,,59672251000.0,,0.0561776357236278,,,,2.045575159363948,,,1.2252131275933293,0.027463002503948907,,,0.9491313288929458,0.9491313288929458,,,0,2026-03-31,,0,2.045575159363948,20.703934,,,,,,0.86751,,,0.029411764705882353,0,0.2868917732724879,0.7868269534228982,,0,,0.20200312534510204,,,1.9564746095784906,,0.12677615766877093,0.10543795079479241,,,1.9440611326056527,0.8611895422106176,,,4.827675634154656,0.10905324008809605,,,1.851795526992003,0,0,0,1,0,0,1,0,,,0,0,122880288000.0,0.0,0.0,,,0.0,0,0.029411764705882353,-0.17259136063921968,,-1.9270628448726084,-0.1435864491530901,0.7477468848883061,0.3275459036900664,growth-flip; first-positive: FCF; accelerating sales; under-priced vs fundamentals; cash 95% of mcap
SMAR.JK,PT Sinar Mas Agro Resources and Technology Tbk,Consumer Staples,Household Products,Small Cap,IDR,14504576417792.0,28498078990336.0,5050.0,85292085000000.0,4601377000000.0,,2361768000000.0,0.05394846426840193,0.027690353682876905,,0.1167777341450471,3.0337987954475367,0.3341233713577995,6.193380588101345,6.5517178015587705,0.6233396266957707,0.16282916039540068,-399782000000.0,-0.027562473283232764,0.13204825462194109,0.06720817921269359,-13978638000000.0,-0.9637398292343885,0,2026-03-31,,0,0.17005770720450789,4.422802,,10285294000000.0,0.12058907927974793,0.7091068159276662,0.6830481351286783,0.99151003,,,0.3957337031754143,0,0.5733113351231235,0.5148443925456899,12.725627192253702,1,11.834855601624582,0.0819002437774086,0.5243646461186383,,1.9040990487652782,0.01565916335079308,0.06082632527879982,-0.02075651523995236,0.1825172936373138,,1.8164467070452668,-0.02618267492145888,-0.15407934394056214,,-0.4456532008365506,-0.08207059735779769,0.35159058903990725,,5.122774768519555,0,0,0,1,0,0,1,0,0.07365799543124461,0.04311973871380248,0,0,1523205000000.0,0.0,0.0,0.0,,0.0,0,0.3957337031754143,0.31383345939800567,-0.12863094294322402,-1.508365345589864,0.29007615184766894,0.25827166932185336,0.32677540166431557,growth-flip; first-positive: FCF; under-priced vs fundamentals; cheap+grow (EV/EBIT 6.6x)
CITA.JK,PT Cita Mineral Investindo Tbk,Materials,Metals & Mining,Small Cap,IDR,13029588598784.0,11511788470272.0,3290.0,2852391399139.0,1375388031757.0,,450011100488.0,0.4821876942176181,0.1577662520732031,,,,4.035837604105403,8.369847784385748,8.563415451029483,1.437550236401677,0.034537629264058095,2478413178303.0,0.19021423121020878,0.1164172448350797,0.13176656345989646,,,0,2026-03-31,5.257230195856819,0,4.567952561740653,7.8678017,,1122677745184.0,0.39359175796241797,0.08616371397089045,,0.95888,,,-0.027470952061384085,0,0.25350084783925547,0.11440762657991231,74.85004022042223,0,,0.1949846975008704,-0.48515913791456,,1.0765804090966442,-0.6370065235437116,0.06697840866310543,0.1271195759847565,-0.38673247378626674,,0.33998603673783473,0.38374880136519385,-0.6652070260137473,,0.6620424059750043,0.4008406190861966,-2.317000218702501,,-4.0676870468356245,1,0,0,0,0,0,0,0,0.43193692254054344,,0,0,114178421527.0,0.0,0.0,,,,0,-0.027470952061384085,-0.2224556495622545,0.45768818585317594,-1.1040513611580283,-0.1861577391137199,0.2637441409952067,0.3262737064704836,growth-flip; accelerating sales; under-priced vs fundamentals
BPII.JK,PT Batavia Prosperindo Internasional Tbk,Financials,Capital Markets,Micro Cap,IDR,4546710470656.0,6183026950144.0,460.0,1311424096037.0,367922093866.0,,-474864471021.0,0.2805515736502218,-0.36209832689211346,,0.16151583274773923,3.5097732489810998,4.714742522139501,16.805261367086874,18.351627096179655,3.1059541981254952,-0.10444132611604065,-595652511097.0,-0.1310073546449196,0.20903422207481656,0.15371404554703827,-622117222355.0,-0.1368279828614732,0,2026-03-31,,0,3.467002386486363,40.492958,,628565817313.0,0.4793001891702819,0.13824628187118992,1.0742321673948096,0.89877,,,-0.15489912801428476,0,0.2255046402325958,-0.1238445356531082,,0,72.52788059066988,0.23077634642338515,0.06507651897890944,,-1.2037655900783186,-0.043646955420334865,-2.5492294104425945,-0.03936798521671192,-0.0658372480199905,,0.14041430776831113,-0.19544945979851622,-0.3209292520544504,,0.18726850305626092,0.3266089684438801,-0.17805391816165922,,-14.539161314519099,0,0,0,0,0,0,0,0,0.18327318312715193,-0.021757350379412704,0,0,77569655457.0,6.121781361839832,,0.0,,,0,-0.15489912801428476,-0.3856754744376699,-0.21997564699319422,1.0488664620640338,-0.31335951130230616,-0.032463957332715856,0.3252391719760844,accelerating sales
DMAS.JK,PT Puradelta Lestari Tbk,Real Estate,Real Estate Management & Development,Small Cap,IDR,7567103229952.0,6291997065216.0,157.0,2196096224205.0,1635015451249.0,,1008374105425.0,0.7445099323190565,0.4591666313665456,,,,2.8650825933156643,3.848279880419172,3.9384870935869256,1.0187141556939547,0.13325761190010835,5449639546236.0,0.720175129191487,0.16850580388951406,0.20265438773440156,,,0,2026-03-31,1.3885511446676333,0,3.445706589059565,5.9923663,,1616427855029.0,0.7360460061872547,0.21361250215681984,,0.82373,125.0,-0.20382165605095537,0.06802721088435375,0,0.3443519223611886,0.27334529359511583,14.408468650719431,1,23.227308954759113,0.08039559138950145,0.1330256559420877,,0.4930541377160294,0.034583158459384755,0.12690700881832678,0.47806531662202234,0.5909894650954391,,10.940276176008965,0.989073271429543,1.8361599247728788,,11.571942542452108,-0.413880251142289,-0.4842635940381827,,-0.5646828099045236,0,0,0,0,0,0,0,0,0.23728437485847817,,0,0,1109817373959.0,0.0,0.0,0.0,,0.0,0,0.06802721088435375,-0.0123683805051477,-0.06499844505773396,-0.42502692683167564,-0.011448010898712236,0.1284604408233174,0.32394727107290494,under-priced vs fundamentals; cheap+grow (EV/EBIT 3.9x)
KLBF.JK,PT Kalbe Farma Tbk.,Health Care,Pharmaceuticals,Mid Cap,IDR,35972842520576.0,33169376018432.0,795.0,35324544000000.0,5179678000000.0,,1919495198293.0,0.14663113556398633,0.05433885284670625,,0.24002588480126563,-0.8190173211539404,0.9389895031180586,6.403752514815014,6.890588201485669,1.4805309521171484,0.053359564154405466,13664421000000.0,0.37985380199477226,0.1263870653924404,0.13706926526062893,4242246000000.0,0.11792912938624436,0,2026-03-31,2.63259178860019,0,1.0183526366419904,9.979914,,13905145782702.0,0.39363978152703116,0.3865456496730398,0.012522236048199348,0.64862996,1438.75,0.8097484276729561,-0.42070922879087513,0,0.3129175871196268,0.05653887920855467,121.87344881861546,1,40.21113308902736,0.08265252280756126,0.12552661840363458,,-0.4569788091658359,0.005585542998927634,-0.053999637646792296,,,,-0.3196904865987377,0.036643584512651615,0.040234764328760705,,-0.8931011282001772,-0.011621908243459558,-0.182246523843893,,-1.3481477912512827,0,0,0,0,0,0,0,0,0.2313207626799959,0.008705122121269726,0,0,,,,0.0,,0.0,0,-0.42070922879087513,-0.5033617515984364,-0.5462358471945097,0.03626958037496075,-0.4649338000830648,0.3695654546252625,0.31912640857061897,under-priced vs fundamentals; cheap+grow (EV/EBIT 6.9x)
BNII.JK,PT Bank Maybank Indonesia Tbk,,,,IDR,14861963624448.0,35202978021376.0,195.0,8883651000000.0,,2113703000000.0,1773240000000.0,,0.19960712099113304,,,,3.9626700802829826,,,0.4579491274786881,0.11931397793781515,,,1.0408239039526337,0.43941415952386426,-3105000000000.0,-0.2089225945145136,0,2025-12-31,,0,1.6729567184086813,8.969642,7.031244987800084,,,,0.5723203185425757,0.99887,,,0.0023814119817628754,0,0.3297362116591359,0.41079100938822205,,0,,0.0036752406842025997,,1.2890074371761455,1.225022546796261,,1.0899211275446532,-0.01528289116497586,,,,0.141901894506459,,,,0.0895936582544214,,3.6786311023757934,3.9400396049576702,1,0,1,1,0,1,1,0,,,0,0,9653517000000.0,,0.0,,0.0,0.0,0,0.0023814119817628754,-0.0012938287024397243,,-1.222641134814498,-0.0012890909828140525,0.40840801816658395,0.3188973699029309,growth-flip; first-positive: FCF/CFO; accelerating sales; under-priced vs fundamentals; cash 104% of mcap
PEGE.JK,PT Panca Global Kapital Tbk,Financials,Capital Markets,Nano Cap,IDR,331509792768.0,218615169024.0,117.0,16371744277.0,-20531379229.0,,-8473073681.0,-1.2540740242225565,-0.5175425133474311,,,,13.353199593468094,-10.647855976242072,,2.3123193273415557,-0.025559044908606058,122445710747.0,0.3693577487549244,0.34057567836016706,0.5164516856678192,,,0,2026-03-31,2.707402249907902,0,20.24889878311407,,,7742117591.0,0.4728950965766419,0.023354114297366033,,0.66302,,,0.0,0,0.2425902375107956,0.24749835017286884,,0,,-0.14711804801932077,0.4069026365612439,,0.5960631751984423,0.5493012184287209,0.5752092287934146,0.0013400079271061196,-5.401056734288456,,0.5444637409525513,-0.1253793076601898,-0.17658934965826298,,0.4357967183850006,0.08692148769194485,0.607086103112841,,-0.33245223262016665,0,0,0,0,0,0,0,0,,,0,0,10127144222.0,0.8366695975942822,0.6776745177507038,1.4575903671970616,,,1,0.0,0.14711804801932077,-0.4069026365612439,-0.5960631751984423,0.17249520602196253,0.2852825879134551,0.31846074384597245,FCF break-even ETA 0.8q; accelerating sales; under-priced vs fundamentals
BABP.JK,PT Bank MNC Internasional Tbk,Financials,Banks,Small Cap,IDR,2222949662720.0,1667658809344.0,50.0,752300000000.0,,-209308000000.0,-238050000000.0,,-0.3164296158447428,,,,2.2167470548238732,,,0.5879738150578134,-0.10708744511502889,,,1.0668599652851072,1.4220990449076913,,,0,2026-03-31,,0,2.9548712783729894,28.409092,,,,,,0.98287004,,,-0.09090909090909091,0,0.2807537262377036,-0.31295268766231316,,0,,0.14122313999438718,,-1.187848388002933,-1.2213043429757138,,-1.9481951516037253,-0.0049770984693074515,,-2.3005030196950345,-1.8443918700935584,-0.15142673577732585,,1.4451273428327076,1.4214367817731166,0.26356527731994944,,-1.9660550530730787,-4.66483142577595,1,0,0,0,0,0,0,0,,,0,0,,,,,,0.0,0,-0.09090909090909091,-0.2321322309034781,,1.130395252066623,-0.20340652302635567,-0.23161883271226305,0.3183665529378747,growth-flip; accelerating sales; cash 107% of mcap
INPP.JK,PT Indonesian Paradise Property Tbk,,,,IDR,8889666895872.0,11446639394816.0,795.0,1781132373776.0,-73050389511.0,,184452529515.0,-0.041013453343803526,0.10355913587936236,,-0.02308371499905918,-19.558417272845034,6.426607905929601,-156.6951178691847,,1.5636946962329201,0.020749093489729323,-1695312000000.0,-0.19070590831555612,0.0874649195642027,0.06792683626882949,-1462975000000.0,-0.1645702833566628,0,2026-03-31,,0,4.991019773014349,133.38927,,1022006181821.0,0.5737957475077202,0.11496563299751739,0.39410611007134516,0.82435,,,-0.10429588339111447,0,0.26512001634810134,-0.3326136235734948,,0,,0.3599939326146746,-1.1143266571580157,,-0.29631038403873006,-0.5288965865491649,-0.09658563429798112,0.023269169537301106,0.4467488600736513,,0.23224224402923516,-0.23181979467006925,1.2621424078435042,,-0.5922744107553432,0.14354271173676542,-1.0596563307105549,,-0.9666091226220881,0,0,0,0,0,0,0,0,0.07506239908528915,-0.09814611408434834,0,0,34764000000.0,0.0,,,,,0,-0.10429588339111447,-0.46428981600578906,1.0100307737669012,0.1920145006476156,-0.3413910936449272,-0.09909109119095012,0.31657588444332513,accelerating sales
GWSA.JK,PT Greenwood Sejahtera Tbk,Real Estate,Real Estate Management & Development,Micro Cap,IDR,1014098755584.0,1110694952960.0,130.0,71270943440.0,134395777589.0,,-120262321211.0,1.8857022385587212,-1.6873962291834088,,0.018453144643469428,-0.7586055609781647,15.584120250843139,8.264358991669006,8.41646956522752,0.13980994842274294,-0.11859034492330409,1347493032767.0,1.3287591818323499,0.13386200285575203,0.12222013808042288,101953384251.0,0.10053595243028082,0,2026-03-31,0.7525818174373831,0,14.22878253937703,7.7658305,,31441262393.0,0.4411512023756087,0.031004142564886178,0.004659313391118862,0.92966,,,0.04,0,0.44631864237997665,0.3901035727740209,21.57496150414139,0,20.41012702034557,0.05117483023238799,0.3680425271667622,,0.17342754001347474,0.4367686775597288,0.4585117590594572,-0.07668242957726762,0.7348021337224009,,0.13911527771566548,-0.5515856114133743,0.22512193770827627,,0.4363207853240332,0.17950963436882714,0.3058351575965161,,0.28630342856762425,1,0,0,1,0,0,0,0,0.013594916305559071,0.004858228337910357,0,0,19433875153.0,6.1882831017587945,4.766096895120021,0.0,,0.0,0,0.04,-0.011174830232387988,-0.32804252716676224,-0.13342754001347473,-0.010630800805911198,0.12081892455463404,0.3150650450546388,growth-flip; accelerating sales; under-priced vs fundamentals
HERO.JK,PT Hero Supermarket Tbk,Consumer Discretionary,Household Durables,Micro Cap,IDR,1639984529408.0,2869643444224.0,392.0,5045334000000.0,516874000000.0,,344040000000.0,0.10244594312289335,0.06818973728993957,,0.058382358624838475,1.7308338202347187,0.5687717491496103,5.55192066968739,16.51907092699045,0.9393637980715367,0.20978246674326326,-1219160000000.0,-0.7433972565827137,0.023273390276295988,0.013300607110902335,-1229659000000.0,-0.749799146241874,0,2026-03-31,,0,0.32504974485494914,21.789883,,2255574000000.0,0.4470613838449546,1.3753629741947717,0.7261963540885049,0.9483,,,0.005128205128205128,0,0.42646393797212273,0.096831302464794,170.59639296906565,0,57.34634458820489,0.11033147307354838,0.1941070199189565,,0.715508085386468,0.007187349847249419,0.024055167421922728,0.04077827320632347,0.0026128602381640534,,-0.23310462892375183,0.053467609060992745,0.9797332635983264,,-1.3548067132474282,0.031148783440827284,-0.4903961314652074,,-0.6638088828010034,0,0,0,0,0,0,0,1,0.03033787058943779,0.028044488035400685,0,0,143493000000.0,,0.0,0.0,,0.0,0,0.005128205128205128,-0.10520326794534325,-0.18897881479075138,-0.7103798802582629,-0.0947494243805647,0.27482784684373057,0.3133295265884229,first-positive: NI; under-priced vs fundamentals
JRPT.JK,"PT Jaya Real Property, Tbk.",Real Estate,Real Estate Management & Development,Small Cap,IDR,13984001425408.0,12823688118272.0,1090.0,3367386293000.0,1412098320000.0,,1127927282000.0,0.4193455092857682,0.3349563085009564,,0.14792931944388005,-1.062074594777508,3.808202268011073,9.081299748499099,9.14686701908606,1.273926013111288,0.08065840725320803,947733734000.0,0.06777271434469614,0.1074964995547504,0.11722300083531362,1499753751000.0,0.10724782595309575,0,2026-03-31,14.755200668427404,0,4.152776132182231,10.438614,,1862266030000.0,0.5530301153363992,0.13317118422316424,0.0003167917699219359,0.76467,,,0.5954593104522804,0,0.4443416600816678,0.18122009288722368,50.473801626281634,0,32.03998780358139,0.1422309805153458,0.18301237151341257,,0.36906113892112896,0.014455887012904733,0.05549656648362833,0.028120657366903456,0.03151850809891573,,-0.01357654896267625,-0.27368686218388344,-0.2966283071107265,,-0.6314828110476916,-0.06652507044547458,0.013049587090377068,,0.26100410350961145,0,0,0,0,0,0,0,0,0.13179823125061074,0.016131088193269305,0,0,304058099000.0,,0.0,0.0,,0.0,0,0.5954593104522804,0.4532283299369346,0.41244693893886786,0.22639817153115144,0.3967921879797457,-0.3722164070966749,0.31316998283214825,
MAIN.JK,PT Malindo Feedmill Tbk,Consumer Staples,Household Products,Micro Cap,IDR,1862465486848.0,3022913536000.0,835.0,13219726403000.0,695750958000.0,,294065264000.0,0.052629754715809454,0.02224442889629446,,0.1839418804209601,0.9299189725298229,0.22866687583746056,4.344821234152005,4.481598424889696,0.6198924549795743,0.15789031586172922,212155731000.0,0.11391122815330565,0.33078550037597526,0.20380224927478707,-662512842000.0,-0.3557181846742426,0,2026-03-31,8.778765853127013,0,0.14088532773456977,4.113503,,1365224343000.0,0.1032717547535768,0.733019941921436,0.42555845467830405,0.75709,1700.0,1.035928143712575,0.23391019844911598,0,0.5322928701866513,-0.10263492001259521,,0,,0.05733902158062577,-0.12002245879192901,,-0.6043538738062704,-0.010607647094294723,-0.037202387659445495,0.041507935500915825,0.1210706614030166,,-0.11254645486113654,0.07257226270806166,-0.47489121193204675,,-0.311477767734859,-0.021688431648852223,-1.878811828209937,,-1.6268539089616147,0,0,0,0,0,0,0,0,0.22145577117883258,-0.03751389075787248,0,0,,,,,,,0,0.23391019844911598,0.17657117686849022,0.353932657241045,0.8382640722553863,0.16699580102939224,-0.3839409268485784,0.31187158340483523,
ATIC.JK,PT Anabatic Technologies Tbk,Information Technology,IT Services,Micro Cap,IDR,1157680594944.0,2075286175744.0,500.0,8472399835440.0,600415171042.0,,85148492232.0,0.07086719025351787,0.010050103145017347,,0.44973161799989037,1.1702015837868487,0.24494667580053173,3.456418618041266,3.6308866615816453,2.0166349551909657,0.07355093676431439,-68862019160.0,-0.05948274460221995,0.546772589873651,0.3050123999968683,-696835941208.0,-0.6019241786131068,0,2025-12-31,,0,0.136641402368834,5.899705,,1152350751123.0,0.1360123192371922,0.9953961016153529,2.3165020562453,0.87741,,,0.2315270935960591,0,0.39539263939101776,-0.170665096617819,,0,,-0.05387583468697169,0.02017243820106938,,-0.8971010421328893,0.0051438294607866475,-0.08235749404046011,-0.06789342950080902,-0.0017168310514608701,,-0.7688165909253887,-0.3257595189693033,0.07199480050149476,,8.348530238725093,0.06880193860512793,0.21942890558217612,,-3.2280920471697634,0,1,0,0,0,0,0,0,0.514249045156797,-0.06451742715690667,0,0,,,,0.0,,0.0,0,0.2315270935960591,0.2854029282830308,0.21135465539498974,1.1286281357289485,0.3016548342664986,-0.541795239802323,0.3107378202240635,growth-flip; accelerating sales; cash 55% of mcap
ARGO.JK,PT Argo Pantes Tbk,Consumer Discretionary,"Textiles, Apparel & Luxury Goods",Nano Cap,IDR,2555343011840.0,3280518512640.0,805.0,112321565520.0,73317997468.0,,51329931453.0,0.6527508509035603,0.456990883410187,,0.07749405807272412,8.242284148428263,29.206488508708244,44.743700400052504,53.08873160503017,13.234360241637841,0.02008729599711914,-725455793349.0,-0.28389761765354093,0.014299472422173559,0.011138500449306825,-604307768325.0,-0.23648792570116142,0,2025-12-31,,0,22.750243909171612,35.8415,,107091744811.0,0.9534388549092224,0.04190895089809784,3.319010770827265,0.9243,,,0.29838709677419356,0,0.3546310587967211,2.504961411568783,21.19343290473376,0,10.413561955446488,0.0905339919197336,6.278381095004946,,2.5758359132168778,0.5549479216706581,0.3176209278386237,0.03506756196436217,372.96225303913434,,-0.052864568465147,-0.08180176499264621,7.934267797087532,,-0.6057621684219348,0.09189422239731514,4.548567575918052,,1.0300677802824851,1,0,0,0,0,0,0,1,1.5901541818497104e-05,0.07747815653090563,0,0,36975265104.0,,0.0,0.0,,0.0,0,0.29838709677419356,0.20785310485445996,-5.979993998230752,-2.2774488164426843,0.190597547985243,1.9647480404584332,0.3074557078643479,growth-flip; first-positive: NI; accelerating sales; under-priced vs fundamentals
IMPC.JK,PT Impack Pratama Industri Tbk,Materials,Construction Materials,Small Cap,IDR,96319012077568.0,97199866249216.0,1760.0,4323854393981.0,1005224622318.0,,472870835948.0,0.23248345821203367,0.10936326547125581,,0.25194239326622136,0.22906480817693042,22.47991199345718,96.69467310209508,107.25399554104463,32.26673057211587,0.004909423651139464,742505894504.0,0.007708819665903989,0.0048007859405120624,0.004757279786789107,-611999520714.0,-0.006353880791687753,0,2026-03-31,129.72154536484842,0,22.27619232776395,142.85715,,1725370788610.0,0.3990353585938957,0.017913086434280676,0.3599246260696356,0.75548,,,4.398773006134969,0,0.3372995014301351,0.2734378221603652,392.24272155789237,0,568.4529516685668,0.11498934330729187,0.13045001223414482,,1.1420394022134135,0.003179574275276875,0.052436733016374464,-0.06226242477427476,0.010164730583025784,,-0.3699765941861602,-0.05774194122886984,0.10824150105140269,,-0.051700765493490904,0.03338331127019198,-0.08588107135564622,,1.817401805748514,0,0,0,1,0,0,0,0,0.25343092537045847,-0.0014885321042371058,0,0,252113535471.0,,0.0,0.0,,0.0,0,4.398773006134969,4.283783662827678,4.268322993900824,3.256733603921556,3.841995162143055,-3.9127088556982783,0.30648080555505264,growth-flip
MLBI.JK,PT Multi Bintang Indonesia Tbk,,,,IDR,12800024903680.0,11655460159488.0,6075.0,3404405000000.0,1486933000000.0,,1102599000000.0,0.4367673646349362,0.3238742159055694,,3.334739047334018,-0.7702182949736135,3.4236408886392775,7.838591355150501,7.924517891153854,8.069005562358162,0.08614037928027807,-20223000000.0,-0.0015799188011099805,0.09765215375796965,0.1072415831632775,1145263000000.0,0.08947349779536269,0,2026-03-31,,0,3.759841999903067,10.493134,,2126063000000.0,0.624503547609641,0.16609834871405274,0.06599362045488931,0.89319,8650.0,0.4238683127572016,0.08579846541600632,0,0.33043284301702125,-0.05436707894885301,,0,9728.370942165659,0.006039062414578857,-0.004395054024212972,,-0.3279105716727398,-0.0045773994571698395,-0.16092750656883859,-0.08081345351896677,-0.11261415835090381,,-0.2259133227135603,-0.35389095728596776,-0.5113208414458369,,-0.4792838687567626,0.028288266472257326,0.022364412585511917,,-1.4050372387912495,0,0,0,0,0,0,0,0,3.0054097636358823,0.32932928369813563,0,0,,,,,,,0,0.08579846541600632,0.07975940300142746,0.09019351944021929,0.4137090370887461,0.07928062237464019,-0.16573564547625827,0.3063850818776613,
IFSH.JK,PT Ifishdeco Tbk,Materials,Metals & Mining,Micro Cap,IDR,2903952588800.0,2822045958144.0,1510.0,965279250586.0,160436207000.0,,105182191844.0,0.16620703998620365,0.10896555766649514,,0.18629861377537354,-0.8986106816835928,2.9235539419611447,17.589832188840017,21.618424765223097,3.4371715280612247,0.036220354371372304,348935457636.0,0.12015879976201352,0.060388184924005876,0.06214088237540025,144169689339.0,0.04964602035688717,0,2026-03-31,8.322320146178221,0,3.0084067248281507,49.025974,,159105085261.0,0.16482803827432402,0.05478914699731616,0.03692266219984855,0.80438006,,,0.8083832335329342,0,0.25977492210723324,-0.0675492796648212,,0,,-0.0076390230922807195,-0.10588870393027623,,-0.29839902370582677,-0.01826370911927172,-0.04515789841301658,0.0357962242152226,-0.13310880958638843,,2.0475641292234514,-0.1064577442173158,-0.6284095597018914,,0.41517117484659194,0.35033739068388275,0.503916297647714,,-0.31053569629112865,1,1,0,0,0,0,0,0,0.20285347979807475,-0.016554866022701203,0,0,70668663208.0,0.0,,,,,0,0.8083832335329342,0.8160222566252149,0.9142719374632104,1.106782257238761,0.8223038547606026,-0.9456921504423953,0.3063658356080391,growth-flip; accelerating sales
SCCO.JK,PT Supreme Cable Manufacturing & Commerce Tbk,Industrials,Electrical Equipment,Micro Cap,IDR,1965377191936.0,505871597568.0,2390.0,7411239801136.0,376761023766.0,,412670533973.0,0.05083643680079679,0.055681713862469485,,,,0.06825735115067517,1.3426855902222743,1.3592988728744504,0.34445650736885836,0.2099701450012747,2249003492919.0,1.1443113831516551,0.7462953778725661,2.8994549628195663,,,0,2026-03-31,0.8738880122347524,0,0.26518871938737504,6.27346,,644734441474.0,0.08699414116585118,0.32804616036014067,,0.75838,,,0.16238717876530798,0,0.4514714936996298,0.8105580011536498,1.6769914934400616,1,11.950915046515243,0.06803316596623281,0.07452958957273366,,3.4339111126923108,0.0003073484725854836,0.042269194839992176,0.07947296746009101,0.021400831314549288,,7.367882695850632,0.2220349769234092,0.18563049702155213,,8.71467481234148,-0.12237246035140423,-0.301087346793642,,4.602211531661764,0,0,0,1,0,0,0,0,,,0,0,363354530275.0,0.0,0.0,0.0,,0.0,0,0.16238717876530798,0.09435401279907517,0.08785758919257432,-3.2715239339270026,0.08834371048179435,0.7502421553633897,0.30530046856786985,growth-flip; under-priced vs fundamentals; cheap+grow (EV/EBIT 1.4x); cash 75% of mcap
LTLS.JK,PT Lautan Luas Tbk,Materials,Chemicals,Micro Cap,IDR,1149780623360.0,2321375821824.0,785.0,8851238000000.0,426301000000.0,,88410000000.0,0.04816286716050342,0.009988433256455199,,0.09175996210073051,2.0029580038517385,0.2622656651898864,5.445391453043741,6.229138907498443,0.3638757001940302,0.07689292914124762,-155773000000.0,-0.13548062720415752,0.26320412246610503,0.13036536227994897,-901475000000.0,-0.7840408697840312,0,2026-03-31,,0,0.12990054310594745,8.012657,,1432415000000.0,0.1618321640430412,1.24581591557358,0.38106700482971007,0.82295996,,,-0.08322435664310641,0,0.48848414541902446,-0.0751388769877703,,0,125.09605198841533,0.14617976681288233,-0.09347614825021956,,-0.4207598718477898,-0.01273272179119568,-0.009776323265560934,0.030658560419117777,0.10033038226260228,,-0.11769989221987147,-0.055123898491265554,-0.027074901107776463,,-0.10527681424630596,0.08402155667168931,-0.33712189227825284,,-0.8839967773978451,0,0,0,0,0,0,0,0,0.11141323596947811,-0.0196532738687476,0,0,,,,,,,0,-0.08322435664310641,-0.22940412345598876,0.010251791607113148,0.3375355152046834,-0.20014672226668254,0.02044088472771869,0.30493915893404483,accelerating sales
NISP.JK,PT Bank OCBC NISP Tbk,Financials,Banks,Small Cap,IDR,29714158714880.0,45274370146304.0,1295.0,13319472000000.0,,34763204000000.0,34473561000000.0,,2.5882077758037254,,,,3.3991114772645643,,,0.6662418363978971,1.1601728768695252,,,0.5206381290631292,0.34170158414148427,13638434000000.0,0.45898772133737925,0,2026-03-31,,0,2.2308811276362905,5.7970366,0.8547589202330141,,,,0.04107408085788279,0.06062,,,0.022250136686872105,0,0.390009021373929,0.06024151422493564,,0,,0.11889193721557745,,-0.06037227451986097,-0.05705933175634797,,-0.4829555642815877,0.025307706501270486,,0.943652577173815,0.9672328919776004,0.013435560035453391,,-0.6690751933987558,-0.6704610212427244,0.0484948519876088,,-46.0186333881818,-92.18249567403039,0,0,0,0,0,0,0,0,,,0,0,16949677000000.0,0.0,,,,0.0,0,0.022250136686872105,-0.09664180052870534,,0.07930946844322007,-0.08637277409398764,0.034568368726490974,0.3043451701195212,cash 52% of mcap
MDRN.JK,PT Modern Internasional Tbk,Industrials,Commercial Services & Supplies,Nano Cap,IDR,251861549056.0,545662140416.0,33.0,36735582822.0,45141143398.0,,317143130.0,1.2288125008585988,0.008633131847579429,,1.0488908197960836,7.335699792147299,14.853776597474232,12.087911367353088,12.087911367353088,,0.0012591962972858751,-440683589517.0,-1.749705706046525,0.0028069887708139546,0.001295623221103485,-334378832608.0,-1.327629540361688,0,2025-06-30,,0,6.856065147417957,3.583062,,29336943977.0,0.7985974829676815,0.11648043969775274,,0.70435995,,,3.125,0,0.4479618567363346,0.17449430049362433,69.27396100134948,0,,-0.2535816699192934,1.0337937350013766,,1.2362473788441048,0.7778286281638827,0.0359093195816623,,,,,-0.21969628639497293,79.52801718059725,,0.9990054154165792,-0.002712718401318176,1.5198849595306796,,3.186022067306884,0,1,0,1,0,0,1,0,0.13040167580771445,0.9184891439883691,0,0,1659562807.0,,0.0,0.0,,0.0,0,3.125,3.3785816699192934,2.0912062649986236,1.8887526211558952,4.5263916141421445,-2.4528468520246043,0.30408084438876454,growth-flip; first-positive: FCF
BHIT.JK,PT MNC Investama Tbk,Communication Services,Entertainment,Small Cap,IDR,2506282237952.0,26502529810432.0,30.0,14150812000000.0,3199295000000.0,,1200068000000.0,0.22608561261360832,0.08480559278153084,,0.16664665449943136,2.082453478031879,1.8728628300928596,8.283865604901079,9.683429510606727,0.1490938682296639,0.4788239655644815,-4412197000000.0,-1.760454961211955,4.390845465589882,0.41523198270937517,386754000000.0,0.15431382553149112,0,2026-03-31,,0,0.177112256028276,5.0933785,,5481143000000.0,0.387337701893008,2.186961594747963,0.6316408900936675,0.34514,,,0.034482758620689655,0,0.5580906699166317,-0.33609612945713213,,0,320.2039542931939,-0.06531538181326997,0.09602244600471736,,-0.31753594391373235,0.033280487797438335,-0.03134189132726549,-0.023436793175298357,-0.015553679225020786,,-0.019168449090779808,0.15833369010634318,-0.36756952692884026,,2.228865374239684,-0.009625580431948597,0.11102392493766607,,-2.301179268043283,0,0,0,0,0,0,0,0,0.14779080119705448,0.01885585330237688,0,0,,,,0.0,,0.0,0,0.034482758620689655,0.09979814043395963,-0.06153968738402771,0.352018702534422,0.1067719939882675,-0.13009238519478464,0.303463474413492,cash 439% of mcap
SKLT.JK,PT Sekar Laut Tbk,Consumer Staples,Food & Staples Retailing,Micro Cap,IDR,1203940884480.0,1712612179968.0,193.0,2721464726498.0,187900346665.0,,-59110153163.0,0.06904382953615992,-0.021719977697107012,,0.15410134400486733,1.4781079701527435,0.6292979524198359,9.114470571048747,10.29173907576568,1.5273204415745874,-0.0490972222349028,54154000000.0,0.044980613830877515,0.0790520541555552,0.05557241803674333,-291581000000.0,-0.24218880159214642,0,2026-03-31,22.231799765114303,0,0.44238709866698867,10.978385,,706221588219.0,0.2595005481212946,0.5865915821307353,0.490637725652378,0.88824,,,0.07031096560241573,0,0.3216659729643657,0.18621651868612135,55.267594670873414,0,50.23570615673195,0.1867158046684367,0.04855628408185605,,0.6017743207852649,-0.009097329855335429,0.043005734770832485,0.026652183305672195,-0.060302559013459725,,0.4893518642771406,0.007629577097104347,-0.20270252701548241,,1.2098239325775664,-0.12214778738471957,-0.3562878595294623,,7.959812037113014,0,0,0,1,0,0,0,0,0.19934273073188072,-0.04524138672701339,0,0,56645000000.0,1.0435193426251215,0.6617525299103556,0.0,,,1,0.07031096560241573,-0.11640483906602098,0.021754681520559684,-0.5314633551828492,-0.0980899037563118,0.18105085412115554,0.30335479417818956,growth-flip; FCF break-even ETA 1.0q; under-priced vs fundamentals
DEAL.JK,PT Dewata Freightinternational Tbk,Industrials,Air Freight & Logistics,Nano Cap,IDR,6877026304.0,104991140040.0,6.0,90825390976.0,-6890474201.0,,-27541264257.0,-0.07586506512061987,-0.30323309331283355,,-0.1488570661396447,-14.239094563587642,1.1559668382571917,-15.237142898635751,,,-4.0048217121084315,-127043430216.0,-18.47359957633223,0.33367933225226765,0.021856335154811602,-114825858807.0,-16.697021900325133,0,2022-12-31,,0,0.07571700193195104,,,17264896575.0,0.19008887701416152,2.5105177458690147,,,,,0.0,0,0.5714492497867513,-3.1231357193985327,,0,,0.0556854695654573,0.6727873185252073,,-1.7221603162402956,0.16889820791177146,-0.18563576864685793,,,,,0.0556854695654573,0.6727873185252073,,-1.7221603162402956,,,,,0,0,0,0,0,0,0,0,-0.28931197338772174,0.14045490724807705,1,0,,,,0.48635381860654525,,0.8526566911460781,0,0.0,-0.0556854695654573,-0.6727873185252073,1.7221603162402956,-0.05274816332214813,-0.23523484120687072,0.30284273478272866,ROCE improving from <=0
CITY.JK,PT Natura City Developments Tbk,Real Estate,Real Estate Management & Development,Micro Cap,IDR,897261371392.0,944984817664.0,166.0,154165508115.0,22706709146.0,,-46916521944.0,0.14728786888609283,-0.304325672568747,,0.019278508823666038,2.0693660231375914,6.129677313806711,41.61698692610717,52.186504013764186,1.006477003559677,-0.05228857882426644,336032876325.0,0.37450946517811506,0.0899395369153184,0.08539742726712625,-47788713604.0,-0.05326063856940725,0,2026-03-31,2.670159483217345,0,5.820117498154558,42.783504,,87228534575.0,0.5658109627863824,0.09721641581390576,0.1441276835310866,0.45841,,,0.6938775510204082,0,0.4939512828663363,0.3076647527099778,169.6213282610184,0,30.447134031731657,0.32209791232296575,1.4249624501363298,,-2.0226416738368402,0.06698601350938195,-0.17121418275768535,0.047008540168910505,0.2163487539703758,,-0.23598130530862374,0.05509086144227628,0.25111041732796974,,-43.9994987295913,-0.06350514613004321,-3.4407457954543865,,-0.8557330264601255,0,0,0,0,0,0,0,0,0.00808573816537277,0.011192770658293268,0,0,,,,0.0,,0.0,0,0.6938775510204082,0.3717796386974424,-0.7310848991159217,2.7165192248572483,0.281204315680534,-0.6596045700298258,0.302332070323707,
POLL.JK,PT Pollux Properties Indonesia Tbk,,,,IDR,931708207104.0,1734059229184.0,112.0,214876966376.0,70843894890.0,,9285769951.0,0.32969515572010927,0.04321435706957721,,0.03164231381127673,6.676581902031558,8.070009822037772,24.47718652223301,26.250952222019034,0.5770445211967653,0.00996639278284633,-159552749348.0,-0.17124755168137126,0.012805010642852778,0.006880118802870521,-472995066492.0,-0.5076643769857905,0,2025-12-31,,0,4.336007822605151,85.496185,,72162604277.0,0.3358321996724725,0.0774519358386901,0.3003340085817441,0.85,,,,0,0.36144123204955314,0.06741352333538321,389.40187255041076,0,68.7253299849098,0.3270825680169281,0.0632829165737823,,-0.20500227748775027,-0.08179710762372933,-0.028922981605894717,1.410607781058092,1.0018508411189617,,-0.7468582774743497,5.822281679700042,2.60241030770042,,14.394492225434737,0.7952871410941872,0.07821374323297392,,-1.6975003826815618,1,1,0,0,0,0,0,0,0.029514009691761177,0.0021283041195155547,0,0,,,,0.0,,0.0,0,,,,,,,0.3016057489804371,growth-flip; accelerating sales
MIKA.JK,PT Mitra Keluarga Karyasehat Tbk,Health Care,Health Care Equipment & Supplies,Mid Cap,IDR,22945973927936.0,20945746001920.0,1650.0,5307818738815.0,1972235664719.0,,793251322261.0,0.3715717815110078,0.1494495877299114,,0.380695306348591,-1.4901233850016218,3.9462059713433724,10.620305867404698,11.858258004409851,3.0277106723082117,0.034570392381351116,2737723693689.0,0.11931172336755372,0.1284886863731916,0.1407587988168931,2938874484732.0,0.12807800156845872,0,2026-03-31,8.381406049423854,0,4.323051531533426,16.638096,,2872147039698.0,0.5411162628246086,0.12516997747483935,0.0012434347662445347,0.86833,2881.3333,0.7462626060606059,-0.32890104567274037,0,0.2960508233104943,0.046020674826767416,257.67240591423547,0,77.67342522521172,0.08892419503430914,0.10272396047778078,,-0.22648398543112902,0.004649942881483349,-0.06093942678546091,0.019428402497423933,0.015597030289697491,,-0.0940324859250206,-0.022534672075924772,-0.03912487483932736,,-0.07808788830200608,-0.04173317881542435,-0.10345603203013196,,-0.41420880483363265,0,0,0,0,0,0,0,0,0.39767498655262656,-0.016979680204035563,0,0,,,,0.0,,0.0,0,-0.32890104567274037,-0.4178252407070495,-0.43162500615052113,-0.10241706024161135,-0.3837046165494421,0.333892980912156,0.301177388757987,under-priced vs fundamentals
ROCK.JK,PT Rockfields Properti Indonesia Tbk.,,,,IDR,2439814840320.0,2384705880064.0,1700.0,136119436347.0,41527060674.0,,60497259089.0,0.3050781121965411,0.4444424742898469,,0.04942005213856481,0.18125543779968614,17.519216535578593,57.42534726415296,58.973894080563305,2.936010644897199,0.024795840278217723,-40603847211.0,-0.01664218388214841,0.023427796796868038,0.023969197534526133,12773338431.0,0.0052353720536123475,0,2026-03-31,,0,17.924073929459613,76.92307,,71329470989.0,0.5240212044895972,0.029235608297080693,0.053413152702689905,0.8,,,4.51948051948052,0,0.42102332057705394,0.281164896082237,209.7484248649384,0,88.17271137894986,0.14047938750516095,0.5616642095016645,,0.29934436636191925,0.08228034528724501,0.05433997799890039,,,,,0.15416100378078496,0.7593638296972393,,1.52610318144545,,,,,0,0,0,0,0,0,0,0,0.029790700484105974,0.019629351654458838,0,0,13937424256.0,,0.0,0.0,,0.0,0,4.51948051948052,4.379001131975358,3.9578163099788553,4.220136153118601,3.8396144463027775,-4.099142010343898,0.3011372010119325,
ANJT.JK,PT Austindo Nusantara Jaya Tbk,Consumer Staples,Household Products,Micro Cap,IDR,5668555718656.0,5668682072064.0,1690.0,256187661.0,55762220.0,,20399819.0,0.21766161485818009,0.07962842129231197,,0.1030628740483629,2.246170615158435,22127.069078725068,101658.11318243785,102632.59257071078,13822.283611481389,3.5987683657869636e-06,-82490562.0,-1.4552306812211824e-05,3.2072469430203535e-06,3.2071754543433745e-06,-125810628.0,-2.2194476731690197e-05,0,2025-09-30,,0,22126.575872270445,9.84275,,70916756.0,0.27681565819050125,1.2510551103273653e-05,0.3511098288523305,0.99133,,,-0.03428571428571429,0,0.27459201859669696,1.6330880560452317,62845.718692751354,0,74641.12318661038,0.07837170657490104,1.4818255574861336,,6.678148360456131,0.12308602054920098,0.06844486081266601,0.032253113304660165,0.07369810286292242,,0.16333904077853165,0.209690923504475,0.05783276287525111,,2.2061792472201325,0.11421500022402156,0.8155412081780169,,7.925078340563384,0,1,0,1,0,0,0,0,0.04073515874955874,0.062327715298804154,0,0,2864244.0,0.0,0.0,0.0,,0.0,0,-0.03428571428571429,-0.11265742086061534,-1.516111271771848,-6.712434074741846,-0.104469933858368,2.1114181753081693,0.30044902193034023,growth-flip; accelerating sales; under-priced vs fundamentals
GSMF.JK,PT Equity Development Investment Tbk,Financials,Insurance,Micro Cap,IDR,1437270409216.0,633145393152.0,101.0,894005000000.0,,,-85865000000.0,,-0.09604532413129681,,0.049016541987520666,,0.7082123625169882,,5.745890255574412,0.5862705560796688,-0.05974171558074274,,,0.4426682661247106,1.004878195247736,203511000000.0,0.14159548453447313,1,2025-12-31,,0,1.6076760300177293,26.649076,,,,,0.1765101070833612,0.68283,,,0.8703703703703703,0,0.4679648944516693,-0.7499197005692765,,0,,0.1295928939654301,,,-2.50894488963869,,-0.16794464688475885,-0.27978155107117797,,,-32.42351109381082,-1.1144105373365405,,,0.6637695790021609,0.4597024968507055,,,-5.492768624124814,1,0,0,0,0,0,0,0,0.03018540566241331,0.018831136325107356,0,0,,,,,,0.0,0,0.8703703703703703,0.7407774764049402,,3.37931526000906,0.6557915514185333,-1.5919614292775115,0.2990725805498081,"growth-flip; accelerating sales; cash > EV (1.00x, net cash 14% mcap)"
MEGA.JK,PT Bank Mega Tbk,Financials,Banks,Mid Cap,IDR,42193356062720.0,49473615036416.0,1815.0,6869874000000.0,,-1878655000000.0,-2008477000000.0,,-0.29236009277608294,,,,7.201531649112633,,,1.7332178301074728,-0.047601736088838706,,,0.1818794880547667,0.15511512539262245,4897564000000.0,0.11607429360963419,0,2026-03-31,,0,6.141794749469932,12.224691,,,,,0.11405473632599288,1.02302,,,0.061569090973348464,0,0.30276799673468363,-0.3074190008478179,,0,,0.10462004955927746,,-1.1214932981457584,-1.1314971016620088,,-2.7482835777024057,0.04420122537057283,,-1.8182548327931745,-1.9238084987675512,-0.2118901890318614,,-1.280848279721814,-1.2887653119247486,0.2684410125436418,,-3.430825189205708,-3.3998824668281986,1,0,0,0,0,0,0,0,,,0,0,,,,,,0.0,0,0.061569090973348464,-0.043050958585929,,1.1930661926353572,-0.038973544435578086,-0.3703472298712833,0.29683532327016315,growth-flip; accelerating sales
SIDO.JK,PT Industri Jamu dan Farmasi Sido Muncul Tbk,Health Care,Pharmaceuticals,Small Cap,IDR,11891820724224.0,11123420037120.0,404.0,3819880000000.0,1506320000000.0,,1223289000000.0,0.3943369948794203,0.3202427824957852,,0.5944577836035333,-0.5101226830952255,2.9119815379331286,7.384499998088056,7.516835058984283,3.650331725435172,0.10286809971059546,1585329000000.0,0.13331255463434935,0.06475030341077112,0.0692232242808807,768408000000.0,0.0646165139737374,0,2026-03-31,7.5011689839925975,0,3.113139869373907,10.460901,,2182842000000.0,0.571442558404976,0.18355826669615735,0.0004883758265323444,0.79917,574.44446,0.42189222772277235,-0.15794626563393488,0,0.2723052673842502,0.02800509549419092,268.40954927447024,0,,-0.025313057847190824,-0.010757207591777763,,0.10685854920873333,0.0058023270845988795,0.038240661592022995,-0.14577896448162583,-0.17565807475510314,,-0.07606222077877937,-0.5257937506848422,-0.6384741288180685,,-0.19178307905400882,-0.05806301079234307,-0.18636631461992914,,-0.01854489312284295,0,0,0,0,0,0,0,0,0.5734771404114787,0.020980643192054615,0,0,118099000000.0,,0.0,,,,0,-0.15794626563393488,-0.13263320778674406,-0.14718905804215712,-0.2648048148426682,-0.13607775178950762,0.18154236022385647,0.2950873063429459,under-priced vs fundamentals
INCO.JK,PT Vale Indonesia Tbk,,,,IDR,51539544637440.0,51539330727936.0,4890.0,964208000.0,103269000.0,,-396431000.0,0.10710240943862735,-0.4111467650133581,,0.03973570326180684,-2.124858379571798,53452.502704744205,499078.43329494813,499078.43329494813,18287.270449063966,-7.691783130579304e-06,171070000.0,3.3191989025787627e-06,4.314104859950196e-06,4.3141227652667334e-06,219432000.0,4.25754634705479e-06,0,2026-03-31,301277.51585573156,0,53452.72455470189,30.029478,,124264000.0,0.12887675688233244,2.4110418684167145e-06,0.0010343008215151603,0.84344,8064.4307,0.6491678323108385,0.741623495862159,0,0.3561464467993507,-0.24721148473294668,,0,1483563.47915936,0.014541429395152296,0.334190330999199,,-2.180735748385285,0.025659882807398837,-0.2800055889884083,0.011373398436065935,0.6232159698208111,,-0.22434602674573026,-0.11285927965000737,1.6622777402655864,,-0.4468350454511862,0.27063081011578427,1.047281074301059,,0.9087456436131187,1,1,0,0,0,0,0,0,0.037575026748455774,0.0021606765133510633,0,0,,,,0.0,,0.0,0,0.741623495862159,0.7270820664670067,0.40743316486296005,2.922359244247444,0.7166607941289076,-1.1933838174265796,0.295000315756324,growth-flip; accelerating sales
JECC.JK,PT Jembo Cable Company Tbk,Industrials,Electrical Equipment,Micro Cap,IDR,434699993088.0,1359946973184.0,575.0,3883614089000.0,135019929000.0,,50370247000.0,0.03476656688995754,0.012969941360206039,,0.06696861999197766,6.833979389812892,0.3501756204448665,10.072194403124001,11.12065585761643,0.48254808121646,0.11587358592343737,293878306000.0,0.6760485637746668,0.20956593845990285,0.06698666477172596,-925238924000.0,-2.128453965290715,0,2026-03-31,1.4791836764160469,0,0.11193181998161197,6.522972,,263730012000.0,0.06790839819718246,0.6066943091637246,1.128207018400753,0.7257,,,-0.35389204123629325,0,0.4194855851830593,0.3636936543516799,30.57698622056001,0,62.21099915397113,0.10690169666405792,0.07961200825354299,,1.1330859525002104,-0.0008788053210570176,0.1208434608980604,-0.04212598915554307,-0.31018832405097113,,2.0593123474564923,-0.1935847721969102,-1.192086124030482,,1.7373667442113607,0.019234028068527476,0.6977722346325951,,4.429554286838375,0,1,0,1,0,0,1,0,0.06191819196840434,0.0050504280235733195,0,0,33905682000.0,0.0,0.0,0.0,,,0,-0.35389204123629325,-0.46079373790035116,-0.43350404948983623,-1.4869779937365037,-0.4162914731173287,0.6993918135610049,0.29349766080655015,growth-flip; first-positive: FCF; under-priced vs fundamentals
AMAR.JK,PT Bank Amar Indonesia Tbk,,,,IDR,3530679910400.0,2020804001792.0,196.0,1789875000000.0,,445904000000.0,431913000000.0,,0.24130902996019274,,,,1.1290196252766254,,,1.014314568986395,0.12233139535752122,,,0.1861785878872063,0.32528488632103336,649575000000.0,0.18398014447206232,0,2026-03-31,,0,1.972584627641595,14.010007,7.918026997739424,,,,0.0022299131850727393,0.96002,,,0.21285108557488702,0,0.42347749823276404,0.01620287668220216,,0,,0.16954564879031783,,-0.27298695496929093,-0.2904826675340292,,-0.15645704718816436,0.026350375762218724,,-0.3846756777269497,-0.3946134977924171,0.05624242740075824,,-1.1119674283355758,-1.1222479252122484,-0.12032053725191047,,-3.5936604092262594,-3.5662769000545627,0,0,0,0,0,0,0,0,,,0,0,,,,,,0.0,0,0.21285108557488702,0.04330543678456919,,0.5033337531089161,0.0370275729120625,-0.1945555876018493,0.29301650115553585,
RAJA.JK,PT Rukun Raharja Tbk,Utilities,Gas Utilities,Micro Cap,IDR,13611205394432.0,13611303960576.0,3220.0,255838714.0,65639624.0,,8341567.0,0.25656642411046515,0.032604787874285515,,0.23530737541953403,0.8144117339855572,53202.67502820546,207364.13664673033,214993.080769822,63299.93478280695,6.128455752649448e-07,-74641164.0,-5.483802634448071e-06,1.0002773454266985e-05,1.0002701019266521e-05,-54026996.0,-3.969302823253338e-06,0,2026-03-31,,0,53202.289761478394,26.384792,,73335757.0,0.2866483959890449,5.387895845727212e-06,0.8844315171474406,0.77262,8430.09,1.6180403726708077,0.4712720815694646,0,0.2911628255048684,-0.06853355297800734,,0,1541434.3305190995,0.00535130235439691,0.17519029454834623,,-0.7722790278708958,0.03707908676906976,-0.1113400831050018,-0.04060602893791861,0.0589094854022103,,0.21560966382611363,-0.2174721014556733,0.19483369242416543,,-0.3920472732205489,-0.20108883782266834,0.024410873025992263,,-3.8747267823258915,0,0,0,0,0,0,0,0,0.24935668923807136,-0.014049313818537329,0,0,1479523.0,0.0,,0.0,,0.0,0,0.4712720815694646,0.4659207792150677,0.29608178702111837,1.2435511094403604,0.463440767544583,-0.6172486108052824,0.2914902670251173,
APIC.JK,PT Pacific Strategic Financial Tbk,Financials,Capital Markets,Small Cap,IDR,13531260911616.0,15054868054016.0,1150.0,2045061129873.0,451906186125.0,,-1135467575781.0,0.2209744146636163,-0.5552242713896349,,0.6024709439169809,3.12229637311208,7.36157361464834,33.31414465269509,33.820735827745814,4.174195875946053,-0.08391439520660268,231406326280.0,0.01710160847473924,0.3127732339054837,0.28111945046346815,2502792352066.0,0.18496371981989213,0,2026-03-31,58.4740319296339,0,6.616555717557598,129.79684,,329337722467.0,0.16104052717849668,0.02433902683705388,0.5335019466027453,0.37225,,,-0.02127659574468085,0,0.1780744587794498,-1.7579855079724946,,0,219.03856695161514,0.026182114072350063,0.14728017721484968,,-10.911939238884106,0.023324358034994858,-0.5073931663803829,-0.1025092279876291,0.37728860240450135,,-0.715301654547354,0.3287884894028337,19.620836215543694,,-1.516866820728224,0.042535056563732195,-0.21848775222990036,,-5.493901627096048,0,0,0,0,0,0,0,0,0.09874905284261241,0.5037218910743685,0,0,,,,0.0,,0.0,0,-0.02127659574468085,-0.04745870981703092,-0.16855677295953053,10.890662643139425,-0.046247843502839364,-2.6570998292150056,0.2907231821069789,
CEKA.JK,PT Wilmar Cahaya Indonesia Tbk.,,,,IDR,1410150039552.0,1131496472576.0,2370.0,9654906192011.0,282094384523.0,,30786647713.0,0.029217724016461225,0.0031887050066291235,,,,0.1171939374731846,4.011056350835462,4.088438857886209,0.6765055326770508,0.021832178739491306,1807177549498.0,1.281549834280141,0.19760561014452568,0.2462699316477838,,,0,2026-03-31,0.7803052001966897,0,0.14605528127438833,8.403361,,477842874946.0,0.0494922338387289,0.33885959759133794,,0.8602,,,0.013418859479938419,0,0.43836458573643816,0.46439585032115444,8.80377991116595,1,,0.20642522545749054,-0.326118829905629,,1.7442124765430624,-0.023089716595030656,0.008357839195845278,-0.0040795261583379695,-0.14371625844543234,,1.6048132106978583,-0.1223733631434893,1.0971305998081509,,-3.057799487596653,-0.046578566357973056,-1.4073931684891456,,-0.321274018963817,0,0,0,0,0,0,1,0,,,0,0,81689384572.0,0.0,0.0,,,,0,0.013418859479938419,-0.1930063659775521,0.33953768938556744,-1.730793617063124,-0.1599820377631459,0.4360610828545636,0.2904996505813327,first-positive: FCF; under-priced vs fundamentals; cheap+grow (EV/EBIT 4.1x)
BRIS.JK,PT Bank Syariah Indonesia Tbk,,,,IDR,89029471109120.0,35485934157824.0,1930.0,24043834000000.0,,22715658000000.0,18403258000000.0,,0.7654044691874017,,,,1.4758850089309383,,,1.7136582493803905,0.20670973072999427,,,0.7293834411350111,1.829925674527654,55690119000000.0,0.6255245404270993,1,2025-12-31,,0,3.7027984434229584,11.764706,3.9192996790636663,,,,0.177978661969692,0.92121005,2930.3125,0.5182966321243523,-0.31707679482361684,0,0.3232823719402941,1.9941691770730199,,0,,0.13560359585098478,,2.3293493688563083,5.7113003395170905,,0.63589215063243,0.03191561409317021,,173.6376196990424,5.395017791894539,0.1298343507173986,,25.723855112057787,17.15288463936678,0.004539797616103153,,-1.2666459375048906,-8.200586475890994,0,0,0,0,0,0,0,0,,,0,0,22590558000000.0,0.0,0.0,,0.0,0.0,0,-0.31707679482361684,-0.45268039067460164,,-6.028377134340707,-0.398625358644957,2.2932276278867554,0.288319643215934,"under-priced vs fundamentals; cash 73% of mcap; cash > EV (1.83x, net cash 63% mcap)"
PYFA.JK,PT Pyridam Farma Tbk,Health Care,Pharmaceuticals,Nano Cap,IDR,2629391351808.0,7586096087040.0,234.0,2760422051315.0,-105498840295.0,,-532791496711.0,-0.03821837325373591,-0.1930108826862873,,-0.03864030527399304,-33.47728933892733,2.748165297196551,-71.90691448197403,,3.428196058698907,-0.20262921164042255,-4364244973894.0,-1.6597928531609014,0.03912988424307898,0.013562678094965381,-4738518365112.0,-1.8021350689594913,0,2025-12-31,,0,0.9525323674890294,,,583144512097.0,0.2112519394703443,0.2217792766740573,6.312217255589479,0.69237,,,0.13592233009708737,0,0.259805323357961,-1.0971862627143818,,0,,0.43711216501472233,-2.434483218806087,,-0.928582615542658,-0.022226421734138684,-0.04918593826686185,-0.020857242625185724,-1.2845332322719156,,0.2633171581856552,0.037553553446791184,0.5503796371751112,,0.5534105852590065,-1.2988235054146264,0.1688574121304396,,0.23573355644631522,0,0,0,0,0,0,0,0,-0.022171321217318407,-0.016468984056674636,0,0,190438998788.0,2.7977016267771537,,,,,1,0.13592233009708737,-0.30118983491763496,2.5704055489031745,1.0645049456397453,-0.2095799077134313,-0.7810351879779633,0.28780071749041974,FCF break-even ETA 2.8q
KPIG.JK,PT MNC Land Tbk,Real Estate,Real Estate Management & Development,Small Cap,IDR,9586325061632.0,15514614104064.0,96.0,2082922742875.0,787756638998.0,,-120539070301.0,0.37819772321976836,-0.057870158993330346,,0.023368547486001517,6.904694244622938,7.448482742403404,19.69467896049479,20.05918588357062,0.332955468723409,-0.012574064568647032,-3447999114316.0,-0.35967892723731654,0.13237848643690353,0.08179534428887816,-4305945136989.0,-0.4491757904416341,0,2026-03-31,,0,4.602343075096614,12.598425,,596741281866.0,0.28649227817366607,0.062249222515349305,0.19363167684619664,0.74829,,,-0.2440944881889764,0,0.3083946705703284,0.12046531374279594,166.51420446551734,0,231.58802968567264,0.1766965143376436,-0.08864299369596079,,0.9063637684107265,-0.11011140214473147,0.6693655831530649,0.036978386789706795,0.019139740221437482,,0.8230298862211158,0.11160558576323354,-0.26685673872850213,,1.5834837090701954,0.23174193835418883,-0.469861055625417,,2.782902388188524,0,0,0,1,0,0,0,0,0.026012095482538,-0.002643547996536485,0,0,560587633678.0,0.21502270663758044,0.10330976904941928,,,,1,-0.2440944881889764,-0.42079100252662,-0.1554514944930156,-1.1504582565997028,-0.357603678943063,0.5210761081406003,0.2862775881268837,growth-flip; FCF break-even ETA 0.2q; accelerating sales; under-priced vs fundamentals
MICE.JK,PT Multi Indocitra Tbk,Consumer Staples,Household Products,Nano Cap,IDR,302999994368.0,559569371136.0,505.0,1296693883737.0,113272108263.0,,24048892302.0,0.08735454811937267,0.018546314287141097,,0.0753993650436053,2.25081687025755,0.43153544422015166,4.940045521504447,6.053886606494939,0.31258466029962945,0.07936928300002574,288631338456.0,0.9525786924782944,0.24251097345485742,0.13131673637144253,-256553927322.0,-0.846712647163979,0,2026-03-31,1.0497820367977486,0,0.23367118343673435,7.401436,,632821532592.0,0.4880269279656378,2.0885199483648327,0.34047459544147146,0.66936,,,0.048261546445251685,0,0.6115322877118485,0.3691663291258562,16.39880489867495,1,27.79226947737312,0.16026033477393545,0.06881312293623051,,0.8042723668565105,-0.007474019260648501,0.006619870575590162,0.07120076247322812,-0.03636904703267115,,3.669709872687749,0.01284030637763283,0.09437098366935796,,-0.1280222418817462,0.054615434761396214,-0.05035193226424378,,-32.70213053354701,0,0,0,0,0,0,0,0,0.07353018006952676,0.001869184974078536,0,0,33056946903.0,0.0,0.0,0.0,,,0,0.048261546445251685,-0.11199878832868376,-0.02055157649097883,-0.7560108204112588,-0.09652901592167736,0.2462725502881497,0.28292588664162166,accelerating sales; under-priced vs fundamentals; cheap+grow (EV/EBIT 6.1x)
MAPB.JK,PT. Map Boga Adiperkasa Tbk,Consumer Discretionary,"Hotels, Restaurants & Leisure",Micro Cap,IDR,3522186444800.0,3714848391168.0,1475.0,3322157000000.0,418965000000.0,,279371000000.0,0.1261123420717323,0.08409325627897779,,-0.08492997177005283,0.4564366951893356,1.1182037426792293,8.866727271175396,,2.6178793065439803,0.07931749337473346,-783545000000.0,-0.22245983064206926,0.08508947629460822,0.08067650909052841,-191231000000.0,-0.054293264424523854,0,2026-03-31,,0,1.0602107139427788,,,2279830000000.0,0.6862499273815175,0.647276921801184,0.36488719261800084,0.92114997,,,0.37209302325581395,0,0.37805610269894513,-0.08924975298170892,,0,,0.029126433142624544,-0.010025802914878736,,-0.35123994770367584,-0.004987584728061878,-0.049303663860310154,0.026610894849048668,0.01723865829822879,,0.031140425343441577,-0.08612617108635982,-0.3670649272904143,,-0.7232410771634823,0.1953067058555359,0.3984280165429377,,-0.566602258442038,1,0,0,0,0,0,0,0,-0.09094890758988887,0.006018935819836035,1,0,8437000000.0,0.0,,,,,0,0.37209302325581395,0.3429665901131894,0.3821188261706927,0.7233329709594898,0.333259917409641,-0.44541957616325323,0.28273588501794705,growth-flip; ROCE improving from <=0; accelerating sales
CARS.JK,PT Industri dan Perdagangan Bintraco Dharma Tbk,Consumer Discretionary,Automobiles,Micro Cap,IDR,1365000060928.0,2328286724096.0,91.0,4731990735351.0,348856782130.0,,221439890047.0,0.07372304842522547,0.04679634902763065,,0.20924998355170607,1.8263937895424627,0.4920311248080449,6.674047469796284,7.86454368110459,1.283138679434717,0.1622270184343093,-163336021719.0,-0.11966008383029335,0.4940041744485814,0.28961885202640386,-351010212614.0,-0.2571503274332197,0,2026-03-31,,0,0.28846211610909883,9.164148,,636736907985.0,0.13456004958508638,0.4664739044422549,0.9638353955960569,0.72463995,,,0.02247191011235955,0,0.2462272235894961,1.7101085595216161,4.598856392663521,0,,-0.23494755358399802,-0.22275721076333316,,11.295720969654651,0.0011562786384555629,0.05027368309801259,,,,25.806706934408943,-0.10543870483273762,0.0005722064838990246,,4.001300484028231,0.013840628369567981,0.2519157520575218,,5.408653316995464,0,0,0,1,0,0,1,0,0.2447267676389401,-0.03547678408723404,0,0,230366503750.0,0.0,0.0,,,,0,0.02247191011235955,0.2574194636963576,0.2452291208756927,-11.273249059542291,0.33647296326189935,3.5902001583234138,0.28217105686491256,growth-flip; first-positive: FCF; under-priced vs fundamentals
BACA.JK,PT Bank Capital Indonesia Tbk,,,,IDR,2434269184000.0,2224909975552.0,122.0,1234280000000.0,,-1040661000000.0,-1114509000000.0,,-0.902962860939171,,,,1.8025974459215088,,,0.3589253694723643,-0.4578413132473027,,,1.262880054599582,1.3817143317168568,3044165000000.0,1.2505457572271514,1,2026-03-31,,0,1.9722179602683345,18.541033,,,,,0.004427092241581668,0.57691,,,-0.06870229007633588,0,0.4171035940905837,0.37331947874387483,,0,,0.3352329582764041,,0.4709343617801715,0.4494925196788164,,1.2871359390301058,0.05043944194659974,,-7.304323594089816,-12.644401955867602,-0.19903301676767782,,-1.6081129192537984,-1.6215451145540136,-0.094049909691859,,2.0914177773271287,2.0837416439420298,0,0,1,1,0,0,0,0,,,0,0,910003000000.0,,1.22473112726002,,1.1234381713407275,0.0,0,-0.06870229007633588,-0.40393524835274,,-0.5181948097551523,-0.30252042974895027,0.40821682928561415,0.2819166432311218,"growth-flip; under-priced vs fundamentals; cash 126% of mcap; cash > EV (1.38x, net cash 125% mcap)"
PNBS.JK,PT Bank Panin Dubai Syariah Tbk,Financials,Banks,Small Cap,IDR,1940682178560.0,1463674863616.0,50.0,469811900000.0,,428250551000.0,405838106000.0,,0.8638310481279848,,,,3.115448679814198,,,0.6458948827427179,0.20912136489094507,,,0.6040791129796812,0.8009467116923609,1164189925000.0,0.5998869561752956,0,2026-03-31,,0,4.130764202779878,34.013603,4.531651328943649,,,,0.002707692627607666,0.68838,,,-0.0196078431372549,0,0.33760016647873237,0.5061104620767676,,0,,0.0085242288642434,,1.539166383770972,1.5012829285018159,,2.601760852133092,0.0897034115833754,,-0.47691068472317927,-0.490154995124911,0.0832359861520411,,-1.9071807253512318,-1.9571234142750267,0.020021145753773673,,3.0309595917669823,3.022713509533305,0,0,1,1,0,1,1,0,,,0,0,1215437003000.0,,0.0,,0.0,,0,-0.0196078431372549,-0.028132072001498303,,-1.5208907716390707,-0.027894294649895995,0.5256390460968217,0.2814972791870688,growth-flip; first-positive: FCF/CFO; under-priced vs fundamentals; cash 60% of mcap
IDPR.JK,PT Indonesia Pondasi Raya Tbk,,,,IDR,600900042752.0,1040999841792.0,300.0,1333262957339.0,86357554652.0,,3078114807.0,0.06477158476251166,0.0023087079634639155,,0.06269539429286622,4.290714474641722,0.7807910930561553,12.054531256552792,14.834719007312591,0.868189401142775,0.0051225072191755225,89931976348.0,0.14966212339764504,0.014119682070819357,0.00815035432223944,-427142028888.0,-0.7108370752176625,0,2026-03-31,6.681717306275605,0,0.4506988208472465,20.080322,,217368373153.0,0.16303488517136622,0.3617379891628848,0.6293997729646951,0.90739995,,,0.7598783925176524,0,0.3664397953492655,-0.07954561122444465,,0,89.90374653037047,0.19547114418592546,-0.020807584384769102,,-0.9762629103466256,-0.014306397574723101,-0.1139647607294859,0.09179668640264974,0.02282952806376425,,-0.9277948954057064,0.19437819975597112,-0.509003786289649,,-1.1217569800510656,0.23013424074215202,0.08517795546954723,,-8.945965794004351,1,0,0,0,0,0,0,0,0.06285462710848569,-0.00015923281561947,0,0,,,,,,0.0,0,0.7598783925176524,0.564407248331727,0.7806859769024216,1.736141302864278,0.47212118090568284,-0.8883389272510274,0.2813738261073592,growth-flip; accelerating sales
DMND.JK,PT Diamond Food Indonesia Tbk,,,,IDR,5917724114944.0,5464583569408.0,625.0,11349903000000.0,550185000000.0,,114214000000.0,0.04847486361777718,0.01006299348990031,,0.0781830966512825,-0.8874705780782828,0.48146522216163434,9.932265636845788,11.408316428826723,0.89460292773802,0.019300325223268848,3147768000000.0,0.5319220597072034,0.09543280305579846,0.10334639279039905,488273000000.0,0.0825102675481215,0,2026-03-31,1.8799746725120785,0,0.5213898405073594,13.020833,,2273995000000.0,0.20035369465272082,0.3842685052277938,0.011560538098966322,0.72010005,,,-0.16816353904822312,0,0.29027031734974085,0.21711173137561343,52.545831386189825,0,64.5084800341851,0.15679012559586666,0.033927735839483136,,0.3893126056757776,-0.005760303530651677,0.0016841941790065873,0.04805759102596481,-0.10765809819921078,,0.4147126949326793,0.032064815185707356,-0.5297488391273159,,1.3622426374771957,0.06931931479806928,0.08215099547282864,,-2.8509556571429364,0,0,0,0,0,0,0,0,0.08294252995863646,-0.004759433307353969,0,0,33481000000.0,0.0,0.0,0.0,,0.0,0,-0.16816353904822312,-0.3249536646440898,-0.20209127488770626,-0.5574761447240006,-0.2809097842849453,0.3413577171351855,0.280681269023453,accelerating sales; under-priced vs fundamentals
GMFI.JK,PT Garuda Maintenance Facility Aero Asia Tbk,Industrials,Aerospace & Defense,Micro Cap,IDR,6616268668928.0,6616605261824.0,53.0,511460490.0,63646149.0,,63730287.0,0.12444001099674386,0.12460451637232037,,0.1334572289758287,4.900745778035997,12936.688935295862,103959.23973065519,103959.23973065519,47128.09530047902,9.632360804708054e-06,-372110792.0,-5.6241789839573003e-05,8.490207518900755e-06,8.489775614106176e-06,-336513918.0,-5.0861586014541885e-05,0,2026-03-31,,0,12936.0308338343,3.2043529,,107335609.0,0.20986099825618984,1.6222982223209964e-05,2.797136981898439,0.27713,150.0,1.8301886792452828,0.15217391304347827,0,0.3701915210648066,1.0325571869649943,100681.3385670421,0,239288.72910579233,0.21422682083792036,0.4171749823131873,,4.93259575727759,0.017820573860631406,0.09910165860703107,0.03980154670748658,0.04436096854497997,,0.04672095893332897,-0.3778726734351973,-0.2918574343721148,,1.4332438929384077,0.03909025023898502,0.32095666382564253,,5.307062529834469,0,0,0,1,0,0,0,0,0.27108573125721963,-0.13762850228139092,0,0,2844636.0,0.0,0.0,0.0,,0.0,0,0.15217391304347827,-0.062052907794442086,-0.265001069269709,-4.7804218442341115,-0.05110487326545808,1.28964517364093,0.28062713549526586,growth-flip; under-priced vs fundamentals
BALI.JK,PT Bali Towerindo Sentra Tbk,Communication Services,Diversified Telecommunication Services,Micro Cap,IDR,4859221770240.0,8059337310208.0,1235.0,1234153623765.0,516594547310.0,,316080558774.0,0.41858204470043087,0.2561111944959829,,0.08705309737983541,6.181639341928036,6.530254544504428,15.600895038816045,16.206390021787094,1.9341184569430385,0.06504756805087918,-3091769717181.0,-0.6362684938803062,0.03028438730626854,0.01825938640272671,-3200163967438.0,-0.6585754095516291,0,2026-03-31,,0,3.9372908499155073,26.248672,,640489387446.0,0.5189705520549993,0.13180904633096543,1.332336447348892,0.87763,,,-0.004032258064516129,0,0.2618592730626988,1.208754922561759,13.40750694726462,0,50.338369613636445,0.18005007229893083,0.1803213226819656,,7.1680552392890675,9.619460207532793e-05,0.3051094641055762,0.013994040811837452,-0.00044350989848103195,,-0.16590693303741877,-0.02863170781951626,-0.06293945627139928,,-0.7346978621202036,0.09005586513173024,0.11386951164353926,,9.41363418584972,0,0,0,1,0,0,1,0,0.07761408169606428,0.009439015683771132,0,0,367325326616.0,,0.0,0.0,,0.0,0,-0.004032258064516129,-0.18408233036344696,-0.18435358074648173,-7.1720874973535835,-0.15599535535371345,1.9241296909543064,0.2802936367526078,growth-flip; first-positive: FCF; accelerating sales; under-priced vs fundamentals
EPMT.JK,PT Enseval Putera Megatrading Tbk,Health Care,Health Care Providers & Services,Small Cap,IDR,6284044664832.0,6121856172032.0,2320.0,33639894795548.0,1310801666174.0,,69195167553.0,0.03896568863073482,0.002056937691795561,,0.14487475047622023,-0.3343608800965784,0.18198202489153398,4.670314609761387,5.522053115321978,0.776714823852949,0.01101124693467625,6186396505880.0,0.9844609381122834,0.07258126696768054,0.07450418804981619,438280798734.0,0.06974501648385677,0,2026-03-31,1.015784335656337,0,0.18680333880424765,8.110187,,3359024187164.0,0.09985239869443774,0.5345321948398025,0.0022029577949460285,0.92147005,,,0.04776669055625999,0,0.471525628877313,0.09855968631735265,56.027502944170315,1,27.876501267705265,0.08665322077190221,0.13929937918625704,,-0.8450080201244861,0.0018005748566661192,-0.012364311520660545,0.03987472642397436,0.1263643982440633,,-0.899442185437832,0.062296406233439315,0.35383799434346186,,-2.3000787438787387,-0.021208286599684503,0.0009422341369892534,,-0.6839238753555885,0,0,0,0,0,0,0,0,0.1400508360537556,0.004823914422464631,0,0,,,,0.0,,0.0,0,0.04776669055625999,-0.03888653021564222,-0.09153268862999706,0.8927747106807461,-0.03578559329904648,-0.18164247463401506,0.27647016617792625,cheap+grow (EV/EBIT 5.5x)
TGKA.JK,PT Tigaraksa Satria Tbk,Consumer Staples,Food & Staples Retailing,Small Cap,IDR,4335285829632.0,3785011757056.0,4720.0,13333562000000.0,631112000000.0,,-145740000000.0,0.04733258824611158,-0.010930312545139851,,0.31291120798950156,-1.014651915983217,0.2838710133913203,5.997369337068539,6.726195396801646,1.7776897746858085,-0.03361716060423428,1734870000000.0,0.4001743064187452,0.19294575556763324,0.22099667152701638,640359000000.0,0.14770859988587115,0,2026-03-31,2.49891105940618,0,0.32514086105663287,10.416667,,1256910000000.0,0.09426663332723843,0.28992552034491637,0.08041762909133852,0.92262,,,-0.27546541679574144,0,0.26650805598472826,-0.25283717576574166,,0,83.22345862011684,-0.002252227308985712,0.10443357512227987,,-2.121560056639783,0.004572221699821112,-0.020653996027060223,0.022271201803071468,-0.02015240058873577,,-1.1420076138842794,0.007968943287644687,-0.20401137852527537,,-1.8350299014757132,0.037527431777788806,0.11291860354407464,,6.603496423874586,0,1,0,1,0,0,0,0,0.38143029456197863,-0.06851908657247707,0,0,,,,0.0,,0.0,0,-0.27546541679574144,-0.2732131894867557,-0.3798989919180213,1.8460946398440417,-0.27382991670317197,-0.39766081947975485,0.2754179097421085,growth-flip
MDIA.JK,PT Intermedia Capital Tbk,Communication Services,Media,Micro Cap,IDR,3686260539392.0,5572082008064.0,94.0,605263232000.0,7384903000.0,,85104940000.0,0.012201142593112281,0.14060814452380282,,-0.009636862979002467,113.99619805432786,9.206047407921847,754.5233848114186,,3.9789339721226185,0.02308706590067476,-1818424870000.0,-0.4932979778743271,0.0016421099201518736,0.0010863524605775102,-844579053000.0,-0.22911539864713473,0,2025-12-31,,0,6.090342754195253,,,320894834000.0,0.5301740086534779,0.0870515880716688,0.9181688901607529,0.96726996,,,2.2413793103448274,0,0.33327656406476425,1.2839550342884056,,0,,-0.09554858215138749,1.007915087328327,,6.3722951732508815,1.406417057080827,0.16428019372706004,-0.0703076250177853,1.0065521428613535,,1.1919739364443787,-0.10923386212341933,-2.1171265236283916,,0.11904761399352562,0.04434596006237414,3.7049353859836467,,8.4386249132336,0,1,0,1,1,0,1,0,-0.3378696280394202,0.32823276506041776,1,0,46279232000.0,0.0,0.0,0.0,,0.05292599953619195,0,2.2413793103448274,2.336927892496215,1.2334642230165005,-4.130915862906054,2.5838069866206683,0.18684124913111289,0.27514104488268065,growth-flip; first-positive: FCF/EBITDA; ROCE improving from <=0; under-priced vs fundamentals
TDPM.JK,PT Tridomain Performance Materials Tbk,Materials,Chemicals,Micro Cap,IDR,1247726796800.0,1247822627128.0,119.0,63482303.0,-44546107.0,,11371826.0,-0.7017090574045495,0.17913379733561335,,-0.387354978859859,-2.1512615681545415,19656.22808498299,-28011.93440154041,,64403.855001785945,9.11403524326392e-06,-106010570.0,-8.496296646980852e-05,1.2729653671568883e-06,1.272867605915815e-06,-96791308.0,-7.757411978987482e-05,0,2022-12-31,,0,19654.718525255772,16.368639,,7468590.0,0.11764837832049035,5.98575747443625e-06,5.078056239766939,,,,0.0,0,0.10119083248556397,0.2881299467031599,,0,,-0.20210846124984497,0.44516873862045014,,1.2427440884442185,0.30740444888079277,0.7679404789496769,,,,,-0.20210846124984497,0.44516873862045014,,1.2427440884442185,,,,,0,0,0,0,0,0,1,0,-0.4452411324277178,0.05788615356785881,1,0,58218800.0,,0.0,1.2463392265569613,,1.6877140280663672,0,0.0,0.20210846124984497,-0.44516873862045014,-1.2427440884442185,0.25330317647738765,0.4952681219382746,0.2750075950293694,first-positive: FCF; ROCE improving from <=0; under-priced vs fundamentals
NIRO.JK,PT City Retail Developments Tbk,Real Estate,Real Estate Management & Development,Micro Cap,IDR,3818206003200.0,13186044526592.0,172.0,1575531835856.0,469025179819.0,,-570742385056.0,0.2976932418278775,-0.3622537939678704,,0.0498638529481725,13.660920118522478,8.369265683183043,28.113724153744975,34.50630593532234,2.2830240209043384,-0.14947920164015943,-7245859582009.0,-1.8977131081812553,0.4105606636117082,0.11888365668101952,-5991120688573.0,-1.569093098578731,0,2026-03-31,,0,2.423439448385082,,,797965163267.0,0.5064735253879898,0.20898955231808694,4.5195970921544175,0.75245005,,,0.3870967741935484,0,0.4126060007821937,-0.155924247344125,,0,24.772900900761993,0.2072865987102742,1.2777768625129962,,-2.0079592983300354,0.1399073465980445,-0.21685815944842451,0.03845759932463312,0.3585671674128729,,-12.89312293596688,0.00741956638697978,4.915361138113105,,-15.567519667767897,0.02328472861860048,0.6067927767710061,,43.781132338243104,0,1,0,1,0,0,0,0,0.02486301039152028,0.02500084255665222,0,0,,,,0.0,,456.05212831181916,0,0.3870967741935484,0.1798101754832742,-0.8906800883194478,2.395056072523584,0.14893744010358656,-0.45828089994774923,0.27416144666472814,growth-flip
ASRM.JK,PT Asuransi Ramayana Tbk,Financials,Insurance,Nano Cap,IDR,350169825280.0,206762983424.0,274.0,1424826187197.0,,,69229564626.0,,0.0485880770918398,,0.08069827983855493,,0.1451145306577752,,4.360996932852501,0.48846074072989487,0.1977028276798071,,,0.7679547187281848,1.3005933906870961,129364174525.0,0.3694326729082349,1,2026-03-31,,0,0.24576318741647654,18.35231,,,,,0.1946623736984058,0.72893995,,,-0.02142857142857143,0,0.4069924196554226,0.33697209969791536,12.941715165029967,1,,-0.14736102019992997,,,1.305638339493606,,0.18413418871734194,-0.029900352204107267,,,17.28186846706506,-0.37131034874027574,,,-0.6432881062154803,0.04815508293086937,,,4.150835106286019,0,0,0,1,0,0,1,0,0.11134276858120162,-0.03064448874264669,0,0,65442776380.0,0.0,0.0,,,,0,-0.02142857142857143,0.12593244877135853,,-1.3270669109221773,0.14769726901400596,0.6005672310754094,0.2737297411250925,"growth-flip; first-positive: FCF; under-priced vs fundamentals; cheap+grow (EV/EBIT 4.4x); cash 77% of mcap; cash > EV (1.30x, net cash 37% mcap)"
MTDL.JK,PT Metrodata Electronics Tbk,Information Technology,"Electronic Equipment, Instruments & Components",Micro Cap,IDR,6629517426688.0,9186521907200.0,540.0,26759429000000.0,1476731000000.0,,-1122099000000.0,0.0551854451004915,-0.04193284542805454,,0.2567025565243965,0.5969110149377239,0.34330037114020634,6.220849909157456,6.220849909157456,1.360957392710157,-0.16925802102621254,5444516000000.0,0.8212537428565132,0.19640358659566698,0.14173601425578713,-881477000000.0,-0.13296246819587465,0,2026-03-31,1.217650462720286,0,0.24774510049104562,8.183059,,2221493000000.0,0.08301720488878891,0.335091207552617,0.44825316717632724,0.77577,800.0,0.4814814814814814,-0.00299225381181898,0,0.3565588650785718,-1.2357105980954106,,0,73.41619559925819,0.06403813155052511,0.03923345913844027,,-8.442060512806908,-0.0013171793840891233,-0.04792824769911664,-0.042578988024468425,-0.14060354936610148,,-3.645336885284549,-0.19834015489275783,-0.48499758222471145,,-2.8330531660630967,-0.05798999236769156,-0.0669320911069183,,-4.060573293326706,0,0,0,0,0,0,0,0,0.41034907860816744,-0.15364652208377094,0,0,,,,0.0,,0.0,0,-0.00299225381181898,-0.06703038536234408,-0.04222571295025925,8.43906825899509,-0.0629962248295244,-2.0667039839632406,0.2721154865543977,
ARTI.JK,PT. Ratu Prabu Energi Tbk,Energy,Energy Equipment & Services,Nano Cap,IDR,15680000000.0,29314258944.0,2.0,23322777560.0,3621169382.0,,950704984.0,0.15526321308361352,0.04076294007239162,,-0.01685268730696368,2.0362946932704404,1.2568939899455098,8.095246549281688,8.204336204150673,,0.060631695408163266,-747029506725.0,-47.64218792889031,0.004710484948979592,0.002519606725897386,-7373767996.0,-0.4702658160714286,0,2025-09-30,,0,0.6723041438637294,1.0695187,,3485839270.0,0.14946072615203557,0.22231117793367347,,0.44259998,,,0.0,0,0.20518578931984277,-8.189583969859484,,0,,-0.7972484537151502,-0.4646029919766858,,1.0283870011170788,0.09646599146655518,0.33190849280996537,0.044165865551496805,4.420740900164224,,,12.413527483227195,-0.09449707300865194,,-2.233334734838545,-1.2468058352202656,-2.852107081282031,,1.0342798652634677,0,0,0,1,0,0,1,1,-0.039569345539801265,0.022716658232837587,1,0,34441561594.0,,0.0,,,0.0,0,0.0,0.7972484537151502,0.4646029919766858,-1.0283870011170788,3.9321448754579644,-0.07782148152491904,0.27180237319500483,growth-flip; first-positive: FCF/NI; ROCE improving from <=0
TBIG.JK,PT Tower Bersama Infrastructure Tbk,Communication Services,Diversified Telecommunication Services,Mid Cap,IDR,33210947862528.0,62433875984384.0,1470.0,6915376000000.0,4117773000000.0,,3429138000000.0,0.5954517874371545,0.49587151877208124,,0.09791291175724229,6.926213999654668,9.028269176453168,15.162048996966078,15.506540627913568,2.6397652927371644,0.10325324089497323,-30425861000000.0,-0.916139494902209,0.02390184716455052,0.012714299528649263,-28540142000000.0,-0.8593594533386358,0,2026-03-31,,0,4.802478977647492,23.474928,,4982116000000.0,0.7204403636186955,0.15001426700083242,2.3316025254862027,0.91332,1952.7778,0.3284202721088436,-0.32432579528164146,0,0.22102695367081462,-0.04410840987380902,,0,105.60736026857634,0.006986196666306997,0.16484184519083045,,0.3078329519450801,0.08069372546929743,0.11406757815351515,-0.003267490587407463,0.05888501849679411,,0.20193142501830513,-0.016596531741611145,0.02611408340824578,,5.656887554579616,-0.02799703769555541,0.07357395057251614,,-0.48236813340536,0,1,0,0,0,0,0,0,0.08552821328144089,0.012384698475801398,0,0,576115000000.0,0.0,0.0,0.0,,0.0,0,-0.32432579528164146,-0.33131199194794847,-0.4891676404724719,-0.6321587472267216,-0.3290134393547579,0.445412954750475,0.2708466354050306,growth-flip; under-priced vs fundamentals
BPFI.JK,PT Batavia Prosperindo Finance Tbk,Financials,Consumer Finance,Micro Cap,IDR,705934721024.0,2332065267712.0,264.0,423711253314.0,,-681988902718.0,-693408308703.0,,-1.6365114291385965,,,,5.503902125497183,,,0.5886255534848452,-0.9822555656380951,,,0.06066205349537427,0.01836288649546,-1624667733963.0,-2.301441883473763,0,2026-03-31,,0,1.6660749873944283,8.388942,,,,,1.3903947372871903,0.89815,,,-0.3265946234850767,0,0.3282727747909393,-2.1294548473860533,,0,,0.23508609408810655,,-7.545357913813258,-6.858536730334374,,-1.3793092834588203,0.07533442428564521,,-0.12783656409217475,-0.1239825374526141,0.11944313232689172,,0.6321459930048904,0.6307888932614661,0.07174056602092586,,-7.3863887365008125,-6.782003422771134,0,0,0,0,0,0,0,0,,,0,0,,,,,,,0,-0.3265946234850767,-0.5616807175731833,,6.531942106849297,-0.45477049758857946,-1.838496963895845,0.26872156477001896,accelerating sales
KIAS.JK,PT Keramika Indonesia Assosiasi Tbk,,,,IDR,313511084032.0,369544101888.0,21.0,608732000000.0,-10038000000.0,,-8022000000.0,-0.016490015310514316,-0.01317821307241939,,-0.015021245471285173,0.4281729428172943,0.6070719165215562,-36.81451503167962,,0.44341601280840015,-0.025587612076838715,91708000000.0,0.2925191633436456,0.08740041866335796,0.07414811888488641,4298000000.0,0.013709244166822836,0,2026-03-31,3.418579448161556,0,0.5150231695261626,,,32941000000.0,0.05411412575649054,0.10507124525344604,0.03267584677442167,0.93974996,,,0.16666666666666666,0,0.4063088741398251,0.36483681132027385,,0,,0.028378163781772967,0.5576414595452142,,0.7244624579240229,0.021845339644598925,0.03600632439290614,-0.005245595170784159,0.09141926140477914,,-1.2356846960660457,-0.14591329630958827,-3.902766308835673,,-3.876190476190476,-0.018299726881279656,0.16651562360977723,,3.9117790422948238,0,0,0,1,0,0,0,0,-0.03117688658998715,0.016155641118701977,1,0,21092000000.0,,0.3803337758391807,0.793266951161688,,0.6592815941269009,1,0.16666666666666666,0.1382885028848937,-0.39097479287854753,-0.5577957912573562,0.134472422456297,0.16900241469867827,0.267585283129415,growth-flip; ROCE improving from <=0; FCF break-even ETA 0.4y; under-priced vs fundamentals
KAEF.JK,PT Kimia Farma (Persero) Tbk,Health Care,Pharmaceuticals,Small Cap,IDR,2738762022912.0,9341356736512.0,492.0,9223328056000.0,561076416000.0,,101028032000.0,0.06083231698941968,0.010953533408613695,,0.018070185438772143,11.172723233834873,1.0127967562029,16.648991955691113,63.016383036955936,1.4991711561285368,0.03688821122639255,-7183121505000.0,-2.6227621987260203,0.1557719872814623,0.04567028270449052,-6376548968000.0,-2.3282595985539873,0,2026-03-31,,0,0.29693858944227497,,,3063410378000.0,0.33213720247185363,1.1185383587080766,3.723988504396734,0.95557,,,0.0603448275862069,0,0.36349165809298284,1.3733837288573407,45.88403205372598,0,15.599878598810996,-0.07200254612113999,4.20764717850961,,2.591775307093124,0.07843158278708853,0.017339391430706924,,,,,-0.08327653952458071,0.5881781724556583,,-0.34867836915081984,-0.13112673723272453,0.7329246505822993,,-2.495425320443684,0,0,0,0,1,0,1,0,-0.06466279604580762,0.08273298148457976,1,1,164496809000.0,,0.0,0.0,,0.6602618629049033,0,0.0603448275862069,0.1323473737073469,-4.147302350923403,-2.531430479506917,0.14261609571681358,2.1821284855743244,0.2658610226278207,first-positive: FCF/EBITDA/ROCE; ROCE improving from <=0; under-priced vs fundamentals
HITS.JK,PT Humpuss Intermoda Transportasi Tbk.,Industrials,Marine,Micro Cap,IDR,823725850624.0,823837655040.0,116.0,137515941.0,10178076.0,,11721231.0,0.07401379015397204,0.08523543463226566,,0.07581312156636737,3.6538978486700238,5990.852035401481,80942.3760482826,92965.19404102063,12567.15425233172,1.4229529146281829e-05,-99524744.0,-0.00012082265467886757,6.90321384923442e-05,6.90227700228622e-05,-51343938.0,-6.233134235268354e-05,0,2025-09-30,,0,5990.039006634147,24.21712,,31185711.0,0.22677887940278865,3.78593326607096e-05,1.6508651269026866,0.93807,,,0.0,0,0.1866118182052458,0.7790697127349246,119328.4664021481,0,,0.22266834811643635,-0.3323022516163898,,4.893806906064134,-0.06151807102792632,0.11199964523051514,-0.01652594140651626,-0.3875391811331223,,0.5752797104585169,0.013339699639766637,-1.0346514556596962,,0.011200881890513135,0.19968143025414867,0.01695291340556826,,-0.1469476776127625,0,0,0,0,0,0,1,0,0.16608867108390427,-0.0902755495175369,0,0,4280501.0,0.0,0.0,,,,0,0.0,-0.22266834811643635,0.3323022516163898,-4.893806906064134,-0.18211671910822325,1.2415724304181008,0.26569268547915076,first-positive: FCF; accelerating sales; under-priced vs fundamentals
BMRI.JK,PT Bank Mandiri (Persero) Tbk,Financials,Banks,Large Cap,IDR,385466671038464.0,488374355886080.0,4130.0,141091254000000.0,,180347245000000.0,171047773000000.0,,1.2123201697533994,,,,3.461407720467776,,,1.3122239767170165,0.4437420556729064,,,0.9985451529779392,0.7881369514204889,166108682000000.0,0.4309287792703218,0,2025-12-31,,0,2.732038025818836,6.8446608,2.1373582448595987,,,,0.7448398151563018,0.54688,5698.8696,0.379871573849879,-0.07335748290804994,0,0.30793743211563096,1.01160891828177,,0,,0.04667812065135219,,3.266857070486116,2.9414705135426056,,1.8659015597637145,0.0325752380515223,,3.1221819450335495,3.8589706387372638,0.20038588504855576,,0.2521083897661449,0.23503115314130765,-0.04552645191762759,,3.735824860189892,3.4365906699977193,0,0,1,1,0,1,1,0,,,0,0,135845302000000.0,0.0,0.0,,0.0,0.0,0,-0.07335748290804994,-0.12003560355940213,,-3.0148279964506557,-0.11468244266413391,1.0831820142247306,0.2653833345492497,growth-flip; first-positive: FCF/CFO; under-priced vs fundamentals; cash 100% of mcap
KBLI.JK,PT KMI Wire and Cable Tbk,Industrials,Electrical Equipment,Micro Cap,IDR,1290329653248.0,1299418841088.0,322.0,3785546863593.0,238429246126.0,,79856185399.0,0.06298409575088397,0.02109501963032247,,0.09034354505829048,-1.2868214071266262,0.34325789322144973,5.449913809656182,5.564553243445363,0.4462361423930773,0.06188820445843984,2149198153000.0,1.665619438869802,0.32677453233647413,0.3244888065859936,306815858000.0,0.2377809866088773,0,2026-03-31,0.6003772390399965,1,0.3408568694942271,6.570088,,408941981250.0,0.10802718761269232,0.31692829830006375,0.039712136543364716,0.55079,,,-0.14230054860823044,0,0.3694187747636565,0.4761828543394931,11.68574885201165,1,,0.11543813860967737,-0.1535484618521902,,1.2676983336521819,-0.020015177521287217,0.10899317390480547,0.013497416671775574,-0.026132223089952906,,-0.05052999483888025,-0.1640718556199046,-0.28094409141763044,,-0.7298285806202882,-0.1271720016237781,-1.021722214492871,,4.302296939922449,0,0,0,1,0,0,1,0,0.11767800650744047,-0.027334461449149985,0,0,378162806548.0,,0.0,,,,0,-0.14230054860823044,-0.2577386872179078,0.011247913243959767,-1.4099988822604124,-0.23106497643980758,0.47188865816854203,0.26519090644242843,growth-flip; first-positive: FCF; under-priced vs fundamentals; cheap+grow (EV/EBIT 5.6x); Graham net-net (mcap 0.60x NCAV)
BMTR.JK,PT. Global Mediacom Tbk,Communication Services,Entertainment,Small Cap,IDR,2109474078720.0,17244164718592.0,129.0,9627543000000.0,2666003000000.0,,192674000000.0,0.2769141617960055,0.02001279038691388,,0.11884911232370046,1.7090370866049287,1.7911282991508841,6.468171535662938,7.709146015299227,0.13005453039965673,0.09133745796815476,6391003000000.0,3.029666524216298,1.4510526727388597,0.1775068871094575,-2600961000000.0,-1.2329902634206473,0,2026-03-31,0.3300693300754201,1,0.21910824794238778,2.5195312,,4016329000000.0,0.4171707153112689,1.90394802217103,0.3490719436347405,0.64225,,,-0.07857142857142857,0,0.561410890032085,0.4439452160230491,17.365084107357468,0,50.9608083659047,-0.04292279485774233,0.19675082068913197,,-0.6736512797407829,0.05545767523732559,-0.03867837124960677,-0.006438333403853279,0.04900038166887667,,2.2799537639837375,0.06888352497384266,-0.41818820764334214,,1.720853767557439,-0.036019042265654846,0.08790540413193026,,-5.699775964399213,0,1,0,0,0,0,0,0,0.09402495796206525,0.02482415436163521,0,0,343206000000.0,0.0,,0.0,,0.0,0,-0.07857142857142857,-0.03564863371368624,-0.27532224926056054,0.5950798511693542,-0.037247396053474616,-0.09470298939836914,0.2647108699176615,growth-flip; Graham net-net (mcap 0.33x NCAV); cash 145% of mcap
POLI.JK,"PT Pollux Investasi Internasional, Tbk",Real Estate,Real Estate Management & Development,Micro Cap,IDR,1759210635264.0,3635323076608.0,875.0,596448285466.0,198114403947.0,,26876564313.0,0.3321568839655812,0.045061013616631604,,0.0535193333184726,6.925905439586679,6.094951004457583,18.34961519294947,19.546469391014927,0.8365434597728401,0.015277627234766408,-915573119034.0,-0.520445420622757,0.014609302673493186,0.007069754213147021,-1372121627957.0,-0.7799643774613092,0,2026-03-31,,0,2.94947722733337,27.31814,,260206679090.0,0.4362602516104187,0.1479110425289985,0.6646954154244056,0.8,,,0.16666666666666666,0,0.41124142697488186,0.13357291243178562,146.33557833813887,0,29.21745613220724,0.22576870317453085,0.47186262922332933,,-0.0733797695822495,0.05553629123823772,-0.01454741971067331,-0.03105316673729325,-0.04864442596430963,,1.5239716615862986,-0.16869060205473557,0.21640487660646165,,-37.78820986616691,-0.08310754207325183,0.7386049350665735,,-2.7116182114950282,0,1,0,0,0,0,0,0,0.037421703128619574,0.016097630189853024,0,0,78170491606.0,0.0,,0.0,,0.0,0,0.16666666666666666,-0.05910203650786419,-0.3051959625566627,0.24004643624891614,-0.048216304066827614,0.043116966720609586,0.26370018052616684,growth-flip
KIOS.JK,PT Kioson Komersial Indonesia Tbk,,,,IDR,93600071680.0,119074611200.0,87.0,8475127193.0,-782999451.0,,-322986131.0,-0.09238792919199083,-0.038109885981035097,,,,14.049890755427155,-152.07496128882983,,0.6789652027353306,-0.003450703885187452,36619205475.0,0.39123052811533915,0.005745835578402839,0.004516585161018775,,,0,2026-03-31,2.556037753028283,0,11.044090495456945,75.652176,,1687709384.0,0.19913676167526517,0.018031069353984495,,0.42605,,,0.74,0,0.3359390176691023,-0.5582438850273858,,0,,-0.9302944766185515,0.949921949177865,,-3.77994878339828,0.036210306017463625,-0.039065468171678205,-0.16290303869606423,0.5144954160776644,,0.6354053747657552,-0.06987797261528904,-1.319826828407355,,1.032131265920675,-0.3648993040197389,0.8495349421817909,,-18.54658601749262,0,0,0,0,0,0,0,1,,,0,0,562891248.0,0.5737984595560811,,0.052718068958693264,,0.0,1,0.74,1.6702944766185515,-0.209921949177865,4.51994878339828,23.962153866605693,-1.9934404369463221,0.26363091805239086,first-positive: NI; FCF break-even ETA 0.6q
CMNP.JK,PT Citra Marga Nusaphala Persada Tbk,Industrials,Transportation Infrastructure,Small Cap,IDR,9408377520128.0,17583323480064.0,1405.0,5803208273000.0,1768201929000.0,,-963460735000.0,0.3046938599854729,-0.16602208462560206,,0.08713838685312933,3.6502116037449475,3.0299314883927484,9.944182953136005,10.015104371221693,0.6215992931014614,-0.10240455731488252,-6942951683000.0,-0.7379541975379345,0.19336980771741488,0.10346713771504693,-5012427199000.0,-0.532762124848473,0,2026-03-31,,0,1.621237266961692,8.0774975,,1888573615000.0,0.32543612535617156,0.20073318815700608,0.451363095981354,0.9789,,,-0.03767123287671233,0,0.3468469213591219,-0.11357775502841365,,0,27.33068394524891,0.4126279297508717,-0.02344251142649026,,-0.7218831692813102,-0.1360575158171008,-0.029818050646062827,,,,0.36471743246588834,-0.5757819484488067,0.35904039739885457,,0.1355584102793782,-0.7908891764538232,0.12063452076921659,,-1.9314532779643954,1,1,0,0,0,0,0,0,0.101497297752865,-0.014358910899735677,0,0,553125402000.0,1.7418486504440092,,,,,1,-0.03767123287671233,-0.450299162627584,-0.014228721450222068,0.6842119364045979,-0.31876699670450237,0.024770736094427648,0.26335112186073656,growth-flip; FCF break-even ETA 1.7q
KARW.JK,PT ICTSI Jasa Prima Tbk,Industrials,Marine,Nano Cap,IDR,163228450816.0,163225862144.0,278.0,5068643.0,-141395.0,,1494162.0,-0.027896026609094387,0.2947854090335421,,0.004905042024442428,18.318420028996783,32203.069370638255,-1154396.2809434563,,,9.153808619333775e-06,-39731242.0,-0.00024340880404965197,1.600880843343677e-05,1.600906232429451e-05,2590133.0,1.5868146680628236e-05,0,2026-03-31,,0,32203.58009352799,,,644995.0,0.12725200808184756,3.951486378603651e-06,,0.77028,,,-0.7992779783393502,0,0.1487316967698589,-0.4358593751522463,,0,,0.1042650858594441,-1.5797966129495222,,0.3361502120707278,-0.0810260510532193,0.05115918192539973,-0.08553658643514746,-2.48109212664336,,2.472421181796632,-0.166041872564723,-0.906261179386927,,2.3358562627940005,0.5309252896449649,-0.3018818561397244,,-0.013269153956492974,1,0,0,0,0,0,0,0,-0.006740621143757417,0.011645663168199845,1,1,1063868.0,0.0,0.0,,,,0,-0.7992779783393502,-0.9035430641987943,0.780518634610172,-1.135428190410078,-0.8182302200522542,0.5191707100127386,0.2627305835683231,growth-flip; first-positive: ROCE; ROCE improving from <=0; accelerating sales; under-priced vs fundamentals
INDO.JK,PT Royalindo Investa Wijaya Tbk,Consumer Discretionary,"Hotels, Restaurants & Leisure",Nano Cap,IDR,703476465664.0,425094905856.0,157.0,28853529153.0,32094568249.0,,-57691533120.0,1.11232730245281,-1.9994619311239996,,0.0510621065097867,-15.550954578008724,14.732856545966108,13.245073202355513,13.681324756440999,0.6351364299681339,-0.08200918713825898,511116709008.0,0.7265583625822724,0.7109434853061268,1.1765184749106794,499101173041.0,0.7094781380780187,1,2026-03-31,1.3763519236718775,0,24.38095048732911,21.50685,,18569240293.0,0.6435691174737733,0.026396391634043927,0.0009306954071242566,0.87648004,,,0.012903225806451613,0,0.3994751838661304,-0.26188729475548916,,0,31.154725808436755,0.07142616188189481,0.3881015924125182,,-3.2169376397040335,0.25376148930353604,-1.491444975283148,,,,,0.03999740761434295,0.7596954117699753,,0.9417335064126325,,,,,0,0,0,0,0,0,0,0,0.04435860667945858,0.00670349983032812,0,0,,,,0.0,,0.0,0,0.012903225806451613,-0.0585229360754432,-0.3751983666060666,3.229840865510485,-0.0546215298426643,-0.6853745082465776,0.2615096608232874,"cash 71% of mcap; cash > EV (1.18x, net cash 71% mcap)"
MPMX.JK,PT Mitra Pinasthika Mustika Tbk,Consumer Discretionary,Automobiles,Micro Cap,IDR,4780895764480.0,2628420370432.0,1090.0,16293051000000.0,773800000000.0,,-56271000000.0,0.04749263965355537,-0.003453680958833309,,0.17130362815842026,-2.7817808219178084,0.16132155791030175,3.396769669723443,3.8387744327569764,0.7774375523175983,-0.011769970058345413,1742376000000.0,0.36444551101596995,0.456450236002448,0.8302480929415917,2152542000000.0,0.450238220208117,0,2026-03-31,2.743894408830241,0,0.2934315840833003,10.183109,,1361977000000.0,0.08359250824170378,0.284879040894157,0.004829454354102963,0.1233,,,0.1834254593233945,0,0.34730591770823743,-0.15331515508212265,,0,,-0.005628164809002232,-0.09445179108494926,,-1.0841765297208028,-0.004658469238760711,-0.04425178803915607,0.004038572757443145,0.06690271441118359,,0.596779741175459,-0.14525508338510376,0.47999705568436934,,4.384524673439768,-0.19650348371705492,-0.29961604277458176,,-2.74231087045581,0,0,0,0,0,0,0,0,0.23531228094371565,-0.06400865278529538,0,0,83283000000.0,0.6756600986996145,,,,,1,0.1834254593233945,0.18905362413239674,0.27787725040834377,1.2676019890441972,0.19012367148963308,-0.5781776211949793,0.26122989422718673,FCF break-even ETA 0.7q
PNLF.JK,PT Panin Financial Tbk,Financials,Insurance,Small Cap,IDR,7685297668096.0,26953188900864.0,240.0,11128608000000.0,,-1795658000000.0,-22989498000000.0,,-2.0658017606514667,,,,2.4219730716423835,,,0.24388132804204865,-2.991360776490984,,,,,,,0,2026-03-31,,0,0.6905893053377385,3.6297638,,,,,0.36117562177333856,0.71252,,,-0.36507936507936506,0,0.3710594259158461,-0.7166883517818341,,0,,0.04288283999492082,,-1.0942980262279314,-2.235830735335344,,-3.809073832963306,,,,-1.0256799084467851,0.5821126649207863,,,-1.8769404888340073,0.5197902591153151,,,-5.477363030169787,1,0,0,0,0,0,0,0,,,0,0,,,,,,0.0,0,-0.36507936507936506,-0.4079622050742859,,1.870751370255979,-0.39118699572837234,-0.3572007231511069,0.260519317644071,growth-flip; accelerating sales
MNCN.JK,PT. Media Nusantara Citra Tbk,Communication Services,Entertainment,Small Cap,IDR,2751249514496.0,4022853697536.0,208.0,7672262000000.0,2425475000000.0,,-154641000000.0,0.3161355803542684,-0.020155854948644872,,0.09038800624279264,0.10513198445665282,0.5243373724119432,1.6585838640002473,1.9988262480999777,0.12387252968510866,-0.05620755194511269,9088310000000.0,3.3033390654372847,0.4639877238592988,0.31732349619919936,-55989000000.0,-0.020350389779262387,0,2026-03-31,0.3027239953848405,1,0.35859691893942097,2.1686997,,3493294000000.0,0.45531474290111573,1.2697118097047388,0.0599961873593222,0.50606,550.0,1.6442307692307692,-0.24087591240875914,0,0.5154326950408196,0.7027973568043856,2.8441004063939936,1,16.853315663678323,-0.035398121051893106,0.16134952552002707,,0.6615422664527609,0.05355746057975025,0.03728817314756862,-0.013584732067931246,0.044557028750485034,,0.6745181156522435,0.07896585358021618,-0.4115160371407168,,1.4528807998403865,-0.059768141322140075,0.007525197862442559,,11.599461716294531,0,0,0,0,0,0,0,0,0.07711683228638287,0.013271173956409768,0,0,320473000000.0,0.48253987075354243,0.5116192127255523,0.0,,0.0,1,-0.24087591240875914,-0.20547779135686603,-0.4022254379287862,-0.9024181788615201,-0.21301823668531347,0.5033738027157241,0.2598067776960346,FCF break-even ETA 0.5q; under-priced vs fundamentals; cheap+grow (EV/EBIT 2.0x); Graham net-net (mcap 0.30x NCAV)
SAFE.JK,PT Steady Safe Tbk,Industrials,Road & Rail,Nano Cap,IDR,267713642496.0,253787291648.0,326.0,203486177140.0,36694719627.0,,52107254654.0,0.18033028160804143,0.2560726993173095,,0.876046678172772,-0.7465441137978694,1.2471967148578964,6.916180154194805,6.91801063986126,3.8647925338673237,0.19463802504864336,-68530395364.0,-0.2559839488382589,0.10232660050340657,0.10794168126824677,27394226945.0,0.10232660050340657,0,2026-03-31,,0,1.3156355201061694,5.8961835,,58544338457.0,0.2877067095162983,0.21868268613869662,0.0,0.91897005,,,0.9289940828402367,0,0.3174558832323422,-0.14090911056316296,,0,,-0.12891683749382235,-0.2914749586462826,,0.2513128777394912,-0.041373487250484814,0.0778114341125778,-0.029135356722956137,-0.14944913482419503,,-0.122591530543971,0.021007817429546095,-0.47174293755645275,,-0.2322663245509358,-0.06491931662523964,-0.21936683681267638,,0.6970693066822731,0,0,0,1,0,0,0,0,3.4383952318684154,-2.562348553695643,0,0,10465187685.0,,0.0,,,0.0,0,0.9289940828402367,1.057910920334059,1.2204690414865191,0.6776812051007455,1.214477521629924,-0.9853537223071078,0.25811460993258556,growth-flip
BATA.JK,PT Sepatu Bata Tbk.,Consumer Discretionary,"Textiles, Apparel & Luxury Goods",Micro Cap,IDR,81900003328.0,187182153728.0,63.0,333640322000.0,-12934902000.0,,10464293000.0,-0.03876900106816226,0.03136399382806015,,-2.212574637709273,-5.75425890354639,0.5610297718391484,-14.471091758406828,,,0.12776914010725643,-191569405000.0,-2.3390646790670666,0.507560724186055,0.2220789972339216,-106093282000.0,-1.2954002159817837,0,2025-09-30,,0,0.24547393683428947,,,148376556000.0,0.4447200959121482,1.8116794868221082,,0.87288004,,,0.26,0,0.6196004813859106,-0.3205894554781946,,0,,-0.45270010586725734,0.7242801232002907,,-0.12763208846816768,0.038186894990252636,0.01168707738630844,-0.07095556647125092,-2.326850948015771,,0.3177077765122395,0.20121855136926795,-1.389077913888719,,1.500207301416516,-0.19285730714692684,1.7181405664079372,,0.2296224430163441,0,0,0,0,0,0,0,0,-0.5126912064477025,-1.6998834312615705,0,0,2523008000.0,0.0,,0.3806812695361825,,0.5880070408443379,0,0.26,0.7127001058672573,-0.46428012320029066,0.38763208846816766,1.302211298609165,-0.21201735704504476,0.2561397260615286,cash 51% of mcap
ACES.JK,PT Aspirasi Hidup Indonesia Tbk,,,,IDR,5923654860800.0,4391210582016.0,346.0,8926510258275.0,1433946195011.0,,1584649962536.0,0.16063905754006297,0.17752177689674498,,0.17042944765699683,-1.176721328153499,0.491929147557444,3.06232590685337,5.155206886572992,0.8860685128766826,0.26751220315391405,4282568011873.0,0.7229604209747345,0.458716796943505,0.6187997439871125,1687355071094.0,0.28485033492753487,0,2026-03-31,1.3832015847447718,0,0.6636025377676219,8.59841,,4192204574046.0,0.46963532811265946,0.7077057446050858,0.15405759743762087,0.6001,508.375,0.4692919075144508,-0.3204453401499012,0,0.33969865761723556,0.3581525899042223,14.393884148517829,1,,0.04008151457360728,-0.14088445138067704,,1.6275609920647385,-0.03383736013676136,0.10725238290658812,-0.00018155878264141341,-0.09591503836924811,,0.21303992788457807,0.020806967506890872,-0.051066507856127104,,-0.07316367289753925,-0.11974940165207612,-0.22981713777168278,,1.9068080446952131,0,0,0,1,0,0,0,0,0.21102547884236925,-0.040596031185372417,0,0,278303876056.0,0.0,0.0,,,,0,-0.3204453401499012,-0.3605268547235085,-0.1795608887692242,-1.9480063322146397,-0.34663326832734875,0.7086818360086802,0.2559541627143352,growth-flip; under-priced vs fundamentals; cheap+grow (EV/EBIT 5.2x)
BBMD.JK,PT Bank Mestika Dharma Tbk,Financials,Banks,Small Cap,IDR,7715773480960.0,7365756190720.0,1915.0,977433436156.0,,1232761599712.0,1191370620679.0,,1.2188764744578016,,,,7.535813609658851,,,1.4382669271915693,0.15440715355614212,,,0.10034459703133602,0.10511292536500841,,,0,2026-03-31,,0,7.893911948934546,24.510431,6.258933992397697,,,,,0.95444,,,-0.09508524588537459,0,0.14566605806594007,0.5155057954510609,,0,,-0.031237389758964958,,1.642668827047307,1.6089921658711128,,3.157820883156542,-0.014959255462538614,,1.2382116656066013,1.359726560441681,-0.046259019980929655,,-4.2777483226901545,-2.9688663437672913,0.016002933028588916,,5.776911840559234,4.978961616443715,0,0,1,1,0,1,1,0,,,0,0,686494063941.0,0.0,0.0,,0.0,,0,-0.09508524588537459,-0.06384785612640964,,-1.7040774117564874,-0.0659066064807391,0.8839626339414486,0.2557444372174258,growth-flip; first-positive: FCF/CFO; under-priced vs fundamentals
HOMI.JK,PT Grand House Mulia Tbk,Real Estate,Real Estate Management & Development,Micro Cap,IDR,313425002496.0,323997925376.0,199.0,26777976401.0,2883173456.0,,1259278294.0,0.10766957938958861,0.04702664141391107,,0.01899715628029238,3.6290925557133735,12.099417839650519,112.3754537562585,119.17056506094512,2.362769681450667,0.004017797827140708,39767020754.0,0.12687890384401454,0.004284853736316519,0.004145027445596973,-10463303326.0,-0.03338375446334577,0,2026-03-31,7.881530890504888,0,11.704581324684991,343.10345,,8939987722.0,0.3338559862822997,0.02852353083131616,0.08900224539660606,0.8,,,-0.12719298245614036,0,0.19500357031169982,0.45375197821340374,262.6337091248958,0,,-0.22169190253272567,0.18268693305635844,,2.6736429043891423,0.03681388364494048,0.03706344772260074,-0.10367873072855176,0.0038539279202818664,,1.5802673508354015,0.44266600319054383,2.364025889571464,,0.07584959758407898,0.32463263636795703,0.8044516017528718,,1.4068001679584228,0,1,0,1,0,0,0,0,0.01626889081507309,0.0027282654652192907,0,0,771236505.0,0.0,0.0,0.0,,0.0,0,-0.12719298245614036,0.09449892007658531,-0.3098799155124988,-2.8008358868452827,0.12141582540911265,1.0054056274270653,0.25546940503545396,growth-flip; accelerating sales; under-priced vs fundamentals
DILD.JK,PT Intiland Development Tbk,Real Estate,Real Estate Management & Development,Micro Cap,IDR,1243902377984.0,4738297888768.0,120.0,2598478310916.0,510894131129.0,,634265429207.0,0.1966128133464784,0.24409109998821293,,0.06315963758687648,4.650931115660105,1.823489489545781,9.274520101252811,9.34887060944167,0.2202382085830461,0.5098996837958922,-2532745782059.0,-2.036129061963718,0.7056236955061839,0.18524099020507487,-2376617218021.0,-1.9106139356954985,0,2026-03-31,,0,0.47870416033817387,22.14022,,968154210621.0,0.37258506509516026,0.7783200898691851,0.5761954891234106,0.62708,,,-0.21568627450980393,0,0.293564139109395,0.28587927150102305,32.70216326057839,0,,0.01769994970049316,-0.3520125383801428,,4.420029868329155,-0.11217842430028996,0.19825897245107804,0.01828902635753095,0.18549530464331476,,-0.09299692966777812,-0.18739412417127368,-0.43085228785522783,,-0.7588364311784788,0.3108561239889781,0.08125054935819181,,3.7356378825176995,0,0,0,0,0,0,0,0,0.08715331233080899,-0.023993674743932505,0,0,517242932170.0,,0.0,,,,0,-0.21568627450980393,-0.2333862242102971,0.13632626387033886,-4.635716142838959,-0.2293271452739898,1.2405258121132268,0.2554084374264382,accelerating sales; under-priced vs fundamentals; cash 71% of mcap
CASS.JK,PT Cardig Aero Services Tbk,Industrials,Air Freight & Logistics,Micro Cap,IDR,3735640604672.0,2797222494208.0,1790.0,3202393000000.0,986139000000.0,,669581000000.0,0.3079381574965971,0.20908770410127675,,-9.101841340163366,-1.7622160770439055,0.8734788310516541,2.836539771987519,2.836539771987519,2.2925846559239496,0.1792412790359396,1498420000000.0,0.4011146035103036,0.5096071066416602,0.6805711751360031,1737790000000.0,0.465191966761102,0,2026-03-31,2.4930530856982687,0,1.1665153541966897,8.2576,,910534000000.0,0.2843292500327099,0.24374239825459534,0.10182546818088367,0.88339996,,,-0.08673469387755102,0,0.27915928427727604,0.12736162142224874,22.271542559774645,1,21.152577914785667,0.1694023013437712,0.07307993645128294,,-0.1219093505669196,-0.027641306638160557,-0.0693660552191071,0.019207572654980423,-0.03318189304930273,,-0.12055998907235885,-0.11622055098073664,-0.15844376645690678,,-0.40564052029956643,-0.05640756978588188,-0.41254476088649694,,-1.3766514087504316,0,0,0,0,0,0,0,0,-4.175530585632045,-4.926310754531321,0,0,,,,0.0,,0.0,0,-0.08673469387755102,-0.2561369952213222,-0.15981463032883397,0.035174656689368575,-0.2190324022169213,0.14995234276942723,0.25508542919715266,under-priced vs fundamentals; cheap+grow (EV/EBIT 2.8x); cash 51% of mcap
BRNA.JK,PT Berlina Tbk,Consumer Discretionary,Distributors,Micro Cap,IDR,616839315456.0,1558921347072.0,630.0,1036093809000.0,81915406000.0,,-16859804000.0,0.07906176572858954,-0.01627246862547366,,0.04428601292240616,10.467450542819748,1.5046140933672927,19.030868834026165,19.867386812367506,0.6811170921646692,-0.0273325703753762,-847713187000.0,-1.374285272937452,0.07717920827534523,0.030538532357271792,-866179992000.0,-1.4042230614948308,0,2025-12-31,,0,0.595350836090171,48.536213,,188154722000.0,0.18160008327971777,0.3050303657459093,1.009008406312003,0.59648997,,,-0.07352941176470588,0,0.2396763105036731,1.701589235524558,11.675783084184168,0,3.812078646129675,0.006377409303258766,5.383989844896664,,0.8030861776849524,0.06659840395922773,0.06689205799710114,-0.011398643657169267,0.3315182469111051,,0.6289879690798588,-0.09838324851910651,-0.8046731192052625,,1.6995151675794853,-0.022939733558751667,3.9450432280257486,,2.6451066085776422,0,0,0,1,0,0,0,1,0.005440701627875411,0.03884531129453075,0,0,28582938000.0,0.5898555284974554,0.24519637840448077,0.0,,0.0,1,-0.07352941176470588,-0.07990682106796465,-5.45751925666137,-0.8766155894496582,-0.07940045188741486,1.623360529766602,0.2536685546715249,growth-flip; first-positive: NI; FCF break-even ETA 0.6q; under-priced vs fundamentals
SMDR.JK,PT Samudera Indonesia Tbk,,,,IDR,4978182193152.0,4978592710656.0,304.0,804881111.0,109523963.0,,77463097.0,0.1360747090510365,0.09624166344736099,,0.17736382696433955,0.45762963306943155,6185.500743669459,45456.65235521107,46463.403466141746,8985.746269108215,1.556051867819511e-05,-21660116.0,-4.351009095206622e-06,9.369164865874142e-05,9.36839231700364e-05,-50121411.0,-1.0068215476112374e-05,0,2026-03-31,,0,6184.990708711016,5.723969,,141559463.0,0.17587623944128067,2.84359747207986e-05,0.9323598120329378,0.77802,,,0.19432078876348574,0,0.24284987516806722,0.1140479863188295,407402.2257284745,0,938574.3134443598,0.09150450660430715,-0.03242644646460029,,0.5661361486426584,-0.01742902988579073,0.029166901481785454,0.0039745552475135325,-0.06486016288945431,,0.1062231360503378,-0.19900553282587558,0.004193922136756078,,-0.44237503138787665,0.1324952256895923,0.24289632407798895,,0.9059105222858486,1,1,0,1,0,0,0,0,0.23283629701519373,-0.05547247005085418,0,0,7438258.0,0.0,0.0,,,,0,0.19432078876348574,0.1028162821591786,0.22674723522808604,-0.37181535987917264,0.09419684622195675,-0.012986250932512187,0.25157855048324784,growth-flip; accelerating sales
PSAB.JK,PT J Resources Asia Pasifik Tbk,Materials,Metals & Mining,Small Cap,IDR,12383279906816.0,12383603916800.0,468.0,269599100.0,73030422.0,,36070275.0,0.2708852588899592,0.1337922678525262,,0.1005389788354558,2.860467696599097,45933.40228806402,169567.74420391547,224675.14392759264,36490.71917216414,2.9128207770015934e-06,-35033900.0,-2.8291292988311324e-06,2.1720751854438127e-06,2.1720183543265697e-06,-208869152.0,-1.686702986379516e-05,0,2025-12-31,,0,45932.20046660393,18.870968,,138759848.0,0.5146895816788706,1.1205419650057644e-05,0.6947506356411116,0.925,,,0.5194805194805194,0,0.37580575074094136,0.13383099908866655,1678797.4793398909,0,491239.45494257216,0.14231640991430738,0.3893303470227715,,-0.2603046902128598,0.04816164452640265,-0.072824025458258,0.0951962327041238,0.1020130431234542,,-0.39586988178233473,-0.08695678064883783,-0.2606737466437032,,-2.799464143101645,-0.16364684456048237,0.605280064532038,,-2.1487645053485074,0,0,0,0,0,0,0,0,0.055655644063172784,0.04488333477228302,0,0,,,,0.0,,0.0,0,0.5194805194805194,0.37716410956621205,0.13015017245774796,0.7797852096933793,0.330174815219984,-0.4043185767343308,0.24852958280600376,
PWON.JK,PT Pakuwon Jati Tbk,Real Estate,Real Estate Management & Development,Small Cap,IDR,14062603730944.0,18458060259328.0,292.0,7012727626000.0,2977527301000.0,,2987277780000.0,0.42458904149659044,0.425979439002384,,0.1258684968806727,0.18092343362194413,2.632080018464416,6.19912376727121,6.339653781051589,0.6155600061712796,0.21242707518143716,1063325737000.0,0.07561371687237473,0.3817059751309418,0.29080953223605005,-286262817000.0,-0.02035631682986943,0,2026-03-31,13.225113661425464,0,2.0052972938527187,5.774174,,3926014764000.0,0.5598413304181564,0.27918121274803587,0.24749346692063579,0.70591,484.54544,0.6594021917808219,-0.23991146095149607,0,0.3731769684182694,0.06071274097864051,104.42048372156277,1,72.69132878013144,0.051255957049274985,0.04442552111244933,,0.09729977267601972,-0.0027767688444951255,0.017874530951899614,-0.032945343244524625,-0.0018859780664257433,,-0.039089517997836984,-0.17434441120426866,-0.22075062735484877,,-0.13781208291099695,-0.009857429184508326,0.10779157657576338,,-0.4390843400277851,0,0,0,0,0,0,0,0,0.15617986038094045,-0.03031136350026775,0,0,264887915000.0,,0.0,0.0,,0.0,0,-0.23991146095149607,-0.29116741800077106,-0.2843369820639454,-0.3372112336275158,-0.2769710041102039,0.29742165945060905,0.24739894533837234,under-priced vs fundamentals; cheap+grow (EV/EBIT 6.3x)
SIPD.JK,PT Sreeya Sewu Indonesia Tbk,,,,IDR,1581627736064.0,2099631751168.0,860.0,5516388000000.0,136227000000.0,,-12853000000.0,0.024694963443470618,-0.002329966637589669,,0.06759345908503762,3.7154675651669637,0.380617126853296,15.412743077128615,17.43778809511075,1.2519444424282673,-0.008126438166787375,-16739000000.0,-0.010583400643729392,0.18431201815254714,0.13884006080486963,-518004000000.0,-0.3275132246283769,0,2026-03-31,,0,0.2867143747075079,45.454544,,477892000000.0,0.08663132470014799,0.3021520103012801,0.6407767681940765,0.90778,,,0.10256410256410256,0,0.32916765521488023,-0.3947921093905487,,0,70.19171101895556,0.029031918078703468,0.23723502806386573,,-2.890703147984701,0.004155692389300077,-0.003598071596685916,0.013753811876257226,0.04231958131847952,,0.8267743065850831,-0.049396818653984646,-0.33621455463275,,3.780740166634373,0.13500941972390149,-0.8747561280930526,,-11.31259696734802,1,0,0,0,0,0,0,0,0.049295976750628585,0.01829748233440904,0,0,61345000000.0,0.209519928274513,,0.0,,0.0,1,0.10256410256410256,0.0735321844853991,-0.13467092549976317,2.993267250548804,0.07145763235672078,-0.7508965354727901,0.24557938979830168,growth-flip; FCF break-even ETA 0.2q; accelerating sales
CLEO.JK,PT Sariguna Primatirta Tbk,Consumer Staples,Beverages,Small Cap,IDR,,,390.0,2931124043628.0,677332459658.0,,141160113283.0,0.23108283701962729,0.048159037687220844,,0.19374052562255234,0.487830239551546,,,,,,-184971953428.0,,,,-365727704489.0,,0,2026-03-31,,0,,24.148607,,1623941601778.0,0.5540337350472434,,0.1809567773753295,,,,-0.43079118453952975,0,0.33218140637924276,1.1910716703271838,,0,,0.08688412243313483,-0.10266095126618723,,5.986912009302023,-0.048811665373682755,0.058655171029109374,0.03733425879632884,0.011395746602339331,,0.2932082520974358,0.057329047570165055,0.3234655307759391,,1.2509299612620959,-0.24250342920159149,-0.5016053815245541,,6.084782740289685,0,0,0,1,0,0,1,0,0.27867435157059317,-0.08493382594804083,0,0,32005139168.0,0.0,0.0,,,,0,-0.43079118453952975,-0.5176753069726646,-0.3281302332733425,-6.417703193841553,,2.4211695780291866,0.24489429204114457,growth-flip; first-positive: FCF; under-priced vs fundamentals
TLKM.JK,Perusahaan Perseroan (Persero) PT Telekomunikasi Indonesia Tbk,,,,IDR,305015289806848.0,365367599824896.0,3090.0,146742000000000.0,73370000000000.0,,38074000000000.0,0.49999318531845005,0.25946218533207943,,0.21016552219221288,0.22551451546953796,2.4898638414693544,4.979795554380482,10.229515351930342,2.343549337360819,0.12482652926714098,-75797000000000.0,-0.24850229655044084,0.11628925232719153,0.09708031039697869,-39796000000000.0,-0.13047214788872044,0,2025-12-31,,0,2.0785820678936364,17.513035,,98490000000000.0,0.6711779858527211,0.3229018455513136,0.5782975159622284,0.55111,3785.4546,0.225066213592233,0.2722817736456177,0,0.3032957833617581,-0.032169828236186464,,0,,-0.02150473104082898,-0.04683338746346216,,0.19215956414190438,-0.013286402857615398,0.046502000758139844,-0.004227598140671123,-0.018737210950769682,,-0.009675909067263174,0.013984104006773551,-0.03711295716905815,,-0.3341801837013875,-0.026537703376235372,-0.03222690479665895,,-0.12968141926110044,0,0,0,0,0,0,0,0,0.2442349024280396,-0.03406938023582673,0,0,6137000000000.0,,0.0,,,,0,0.2722817736456177,0.2937865046864467,0.31911516110907984,0.0801222095037133,0.30024315293721215,-0.23100795843307995,0.24415999390631152,
HMSP.JK,PT Hanjaya Mandala Sampoerna Tbk,Consumer Staples,Tobacco,Mid Cap,IDR,85493790277632.0,76871400161280.0,735.0,110806537000000.0,8973713000000.0,,3672095000000.0,0.08098541153758826,0.033139696442277586,,0.41247210472805873,-0.9662662489874593,0.6937442703518476,8.56628690501691,8.56628690501691,2.8098072972292334,0.042951599035149356,15426932000000.0,0.18044505863996294,0.10564348557561885,0.1174931376435281,8670996000000.0,0.101422524043464,0,2026-03-31,5.541853057862186,0,0.7715590848004933,12.453405,,19854265000000.0,0.17917954605873118,0.2322304922442365,0.011860088514372617,0.92439,851.1111,0.15797428571428562,0.32702460059746874,0,0.2848420180989387,0.025631293904226762,334.21203537462753,0,,-0.06000575992451715,-0.003485580006265338,,0.1003253846469626,0.004593320416664853,0.004828867474548474,-0.01953565257989459,0.07556744169768181,,13.384239637112886,-0.04308772523731078,0.03545569854140372,,-0.8795516107161868,-0.06477494766336,0.21110758307835154,,1.2652259110862085,0,1,0,1,0,0,0,0,0.3304758598837581,0.08199624484430063,0,0,3416809000000.0,0.0,0.0,,,,0,0.32702460059746874,0.3870303605219859,0.3305101806037341,0.22669921595050613,0.41173694903801433,-0.3147465856920754,0.24274025092025708,growth-flip
BBRI.JK,PT Bank Rakyat Indonesia (Persero) Tbk,,,,IDR,462265014812672.0,593201824006144.0,3070.0,189715857000000.0,,40528599000000.0,33944184000000.0,,0.17892117473343305,,,,3.12679094613659,,,1.3668249339275726,0.0734301383671778,,,0.3917333222229301,0.30526644165902705,-25785023000000.0,-0.055779741433491584,0,2026-03-31,,0,2.436617698291145,7.8926396,11.405896730174955,,,,0.6116720136639142,0.56543,4066.9048,0.32472469055374575,-0.13260738370006406,0,0.25020008619754364,0.5422750649416936,,0,,0.09664608741721484,,0.6690037782642979,1.4335330199906513,,0.0982922271844637,0.03568287097561312,,0.6736048443966512,1.3972927632011058,-0.018542408619473694,,1.5838073809512994,1.5643142074880876,0.04092274492678405,,-6.282566217763953,-2.467733411493305,0,0,0,0,0,0,0,0,,,0,0,19784802000000.0,0.0,0.0,,0.0,,0,-0.13260738370006406,-0.2292534711172789,,-1.5661404036907154,-0.20904964121762312,0.6681478386752059,0.24114846840546772,under-priced vs fundamentals
ASRI.JK,PT Alam Sutera Realty Tbk,Real Estate,Real Estate Management & Development,Micro Cap,IDR,2338279915520.0,7601417879552.0,119.0,3042965362000.0,1072421213000.0,,1004524779000.0,0.3524263622557791,0.33011377373673834,,0.06129886753637542,5.121722162353385,2.4980297095974633,7.088089817141653,7.277524093852512,0.20250245087184995,0.4295998833726492,-7769027183000.0,-3.322539415163338,0.1914772230767897,0.058900504102582955,-5492643494000.0,-2.349010252170136,0,2026-03-31,,0,0.76842146963617,7.798165,,1591372465000.0,0.5229676567708496,0.6805739785204893,0.5144549401467408,0.64518,195.5,0.6428571428571428,-0.16783216783216784,0,0.3838214208527975,-0.5512900585481048,,0,139.56182667836583,-0.11370039593047179,0.1672969038205758,,-0.09239395190549837,0.08483776135345633,0.007749563433123163,-0.07853505413651223,-0.03962410703319818,,-0.42464675191477,-0.49002453391248285,-0.6911722886505801,,-1.1537049810492728,-0.013330943715901405,0.5624114088648704,,-0.02726231001856627,0,1,0,0,0,0,0,0,0.05247389256405723,0.00882497497231819,0,0,,,,0.0,,0.0,0,-0.16783216783216784,-0.054131771901696046,-0.33512907165274364,-0.07543821592666947,-0.06107615489518999,0.15489968649370303,0.2407031989515921,growth-flip; under-priced vs fundamentals
TARA.JK,PT Sitara Propertindo Tbk,Real Estate,Real Estate Management & Development,Nano Cap,IDR,322228649984.0,326456934400.0,32.0,4898585000.0,-4673512421.0,,19802737695.0,-0.9540535524033982,4.0425424270478105,,,,66.64310906108601,-69.85258730309471,,0.3097915913398918,0.061455546227758735,103411475572.0,0.3209257636685466,0.01682131655353781,0.016603446129769207,,,0,2026-03-31,3.115985418462084,0,65.77994461339345,,,2373391510.0,0.4845055276166485,0.007365550859980479,,0.31410998,,,3.0,0,0.4670721048750761,51.707422313927694,,0,,0.2779425914665362,-1.3561783488496957,,312.08007963466395,-0.43659456219092607,4.026041418260016,0.3112870855119144,0.051813804230006255,,-0.14416803065993009,1.2151588061575107,0.8528636564373254,,-1.1944571687409968,-0.10658267437444961,-1.726856573207536,,363.70300732118477,0,0,0,0,0,0,0,0,,,0,0,19739486345.0,,0.0,,,,0,3.0,2.722057408533464,4.356178348849696,-309.08007963466395,2.1300310567235234,74.96795320513932,0.24018425092306703,under-priced vs fundamentals
IATA.JK,PT MNC Energy Investments Tbk,,,,IDR,2095480569856.0,2095532998656.0,67.0,78875425.0,16336199.0,,-17655693.0,0.20711392680293006,-0.22384276217846052,,0.08594694718081432,2.4033885728252944,26567.628620143725,128275.43289941558,130322.19072761176,15547.178235594589,-8.425605683956921e-06,-51627937.0,-2.4637755053747808e-05,1.454688267622293e-06,1.4546518723184278e-06,-52305839.0,-2.4961261751806374e-05,0,2026-03-31,,0,26566.963916276836,18.010752,,47461344.0,0.6017253662975508,2.2649383956474246e-05,0.41069348321461585,0.57775,,,0.3958333333333333,0,0.28373280386257876,-3.6968728327476357,,0,,-0.3309384011898383,-0.11479005455765943,,-21.289755447235763,0.05057255973392974,-0.21712377431429458,0.06384909331681933,1.1087431354702513,,0.41842390401007906,0.25617199388391865,0.9576418051886517,,3.5479800537459734,-0.017653678025829178,0.2882441936093761,,-27.79960717404807,0,0,0,0,0,0,0,0,0.12322822805001801,-0.037281280869203695,0,0,12702661.0,1.3899208205272895,,,,,1,0.3958333333333333,0.7267717345231717,0.5106233878909927,21.685588780569095,1.0862553400399004,-7.640994634327753,0.23964436018467827,FCF break-even ETA 1.4q
INPS.JK,PT. Indah Prakasa Sentosa Tbk,Industrials,Transportation Infrastructure,Micro Cap,IDR,468000014336.0,521229893632.0,720.0,258099723163.0,-14208589851.0,,-12119137085.0,-0.055050775246383056,-0.0469552502284022,,7.027146945941767,-3.6784770862621192,2.019490324299275,-36.68413960132123,,,-0.025895591268719667,-168558874649.0,-0.3601685245419317,0.013064161576308075,0.011730002211493727,-52265972195.0,-0.11167942434607643,0,2026-03-31,,0,1.8132526784635092,,,39718375798.0,0.15388771173890917,0.0848683217549738,,0.91987,,,5.923076923076923,0,0.24229673184255385,-0.9738633128253336,,0,,-0.09091472755666317,-0.3810210290221427,,-4.539139839252457,-0.01881247911521485,-0.05901646520869197,-0.06552556685159676,-2.217608240586331,,-3.174258641279309,0.25966089031059475,-1.1642473860433182,,-7.73303227821486,-0.09264294304342138,3.2872569687707553,,-34.966713093893595,0,1,0,0,0,0,0,0,-0.1832323817440735,7.21037932768584,1,1,,,,,,3.8850075618784166,0,5.923076923076923,6.013991650633587,6.304097952099066,10.46221676232938,6.615431833440508,-7.5934354550206775,0.2391304347826087,growth-flip; first-positive: ROCE; ROCE improving from <=0
TRIN.JK,PT Perintis Triniti Properti Tbk,Real Estate,Real Estate Management & Development,Micro Cap,IDR,1940289486848.0,2896877322240.0,432.0,53175054000.0,18799933000.0,,-92136259000.0,0.3535479813523085,-1.7326970462502962,,0.010493719921705853,38.75913855650443,54.47812657115497,154.0897684177917,207.78079297156188,3.23417257298986,-0.04748583117340668,-388982898000.0,-0.20047673331050342,0.008297374236745118,0.005557469719688119,-728669208000.0,-0.3755466454563556,0,2026-03-31,,0,36.48871681160869,151.57895,,12436635000.0,0.23388100367514436,0.0064096801453082716,1.241417800797606,0.74437,2000.0,3.6296296296296298,3.3636363636363638,0,0.2888346998198064,-1.1697239446560577,,0,600.6774172180826,-0.7545474113661563,1.1058423984855745,,-7.520456908864677,1.1734393336918092,-1.6827824724346745,-0.7171393450919944,-0.39408795328143637,,-0.02158789123268476,-0.15190529273659778,1.3704357524398192,,0.5453237738875949,-1.7640197503576813,1.4470574566903118,,-8.290916477629658,0,1,0,0,1,0,0,1,-0.15078073153568403,0.1612744514573899,1,1,,,,0.0,,0.0,0,3.3636363636363638,4.11818377500252,2.257793965150789,10.88409327250104,16.777919507485255,-5.753357004218117,0.2391304347826087,growth-flip; first-positive: EBITDA/NI/ROCE; ROCE improving from <=0
DSSA.JK,PT Dian Swastatika Sentosa Tbk,Materials,Metals & Mining,Small Cap,IDR,66844274720768.0,66845633675264.0,432.0,2791216594.0,560619284.0,,-137300202.0,0.20085122924717036,-0.04919009234007155,,0.19632446856045035,1.8973775561384363,23948.565589268634,119235.34488204298,124838.44000993118,36792.89475558565,-2.0540308436818432e-06,-332724956.0,-4.9776133766116686e-06,8.609954680549304e-06,8.609779642390786e-06,-910637788.0,-1.3623272775477836e-05,0,2025-12-31,,0,23948.07872110551,17.419355,,941656015.0,0.3373640071588081,1.4087309929438651e-05,0.8180247978666039,0.70695996,,,-0.7782340862422998,0,0.1065567601274163,-0.3678245333088378,,0,,-0.07508109684934539,-0.2913075842808874,,-1.4741648599791848,-0.06128096594960042,-0.14514162754041443,-0.001324062461800859,-0.05221895450565713,,-1.075002604328461,0.10850073736346856,0.07394922840431681,,-0.431852490472752,0.32312415597931043,0.10145082870985567,,-0.8735850572541557,0,0,0,0,0,0,0,0,0.40239413023779724,-0.2060696616773469,0,0,,,,,,,0,-0.7782340862422998,-0.7031529893929545,-0.48692650196141246,0.6959307737368849,-0.7602320452071266,0.16471623920582731,0.23784881040748462,accelerating sales; under-priced vs fundamentals
SILO.JK,PT Siloam International Hospitals Tbk,Health Care,Health Care Equipment & Supplies,Small Cap,IDR,31040133398528.0,32217872990208.0,2390.0,12804625000000.0,2664724000000.0,,396590000000.0,0.20810636781631636,0.030972402549859914,,0.14862429735617655,0.1621811489670225,2.5161121852618096,12.090510308087442,19.898409498386158,3.1110006473066507,0.012776684781219634,-1684793000000.0,-0.054277891733541875,0.039182563566485085,0.03775022641530837,-916493000000.0,-0.02952606511811777,0,2026-03-31,,0,2.4241345137813877,27.100578,,4900347000000.0,0.3827013286214942,0.15787132539296325,0.21375258831335178,0.93337,3038.125,0.27118200836820083,-0.012396694214876033,0,0.2705612948867176,-0.007698927409523254,,0,105.63196846113068,0.048909188508795734,0.1689170101401442,,-0.42756807002147756,0.021365410591684397,-0.025780611954345386,0.0153344171813729,0.03274469185946241,,-0.39088204531177767,-0.04211840143826487,-0.08767149468643531,,-0.8056946777646298,-0.03846926613036853,0.2811354402587723,,-0.0672840190548173,0,1,0,0,0,0,0,0,0.15462190977343246,-0.00599761241725591,0,0,,,,0.0,,0.0,0,-0.012396694214876033,-0.06130588272367177,-0.18131370435502026,0.4151713758066015,-0.05844727398263014,-0.02852612868631984,0.23426468603216907,growth-flip
SMMA.JK,PT Sinar Mas Multiartha Tbk,Financials,Capital Markets,Mid Cap,IDR,114936344739840.0,41163830591488.0,18050.0,27127728000000.0,,474750000000.0,-17775000000.0,,-0.0006552336413871445,,-0.29286073843536004,,1.5174079669144427,,10.03746155626844,4.601293845385205,-0.00015465082033219306,,,0.4381260437156138,1.223321670418421,38982447000000.0,0.3391655362647673,1,2025-06-30,,0,4.236858491792605,38.31377,242.0986724377883,,,,0.4553463738697768,0.66933,,,0.14603174603174604,0,0.2568014371293647,-0.2779500281382887,,0,,0.08442216024992488,,-0.9319978411194552,-1.0026944049147157,,-0.2643683366648838,,,,,0.12363970255415455,,1.5179376738170014,1.5007406615785146,0.23124775618743482,,-2.3474771752175028,-2.2520910470178346,1,0,0,0,0,0,0,0,-0.25748047966894344,-0.035380258766416595,0,0,,,,,,0.0,0,0.14603174603174604,0.06160958578182116,,1.1487261509464617,0.05681328548987051,-0.42238300740605106,0.2328349582186798,"growth-flip; accelerating sales; cash > EV (1.22x, net cash 34% mcap)"
IFII.JK,PT Indonesia Fibreboard Industry Tbk,,,,IDR,2108287877120.0,2174261395456.0,224.0,1294149234798.0,258832221529.0,,244404337982.0,0.20000183484975007,0.18885328786687292,,0.17123887494132545,0.25072534645663874,1.6800700699679154,8.400273283642903,8.488325721404989,1.474456942450944,0.11592550554142798,226367242937.0,0.1073701771914688,0.07284711646153356,0.07063671959589277,-65973456422.0,-0.03129243265968128,0,2026-03-31,9.31357315557691,0,1.6290917773861502,14.008756,,417164961927.0,0.3223468752366214,0.19786907018450578,0.1535492811854863,0.81978,,,-0.02439020500011132,0,0.21732554649800717,-0.015146600294766293,,0,833.9126506682097,0.04060481298379731,-0.028657779135740434,,-0.22214384665618028,-0.014261343955616262,-0.06379193382004497,-0.0028339435090383074,-0.07844084112223436,,0.10921438222193496,0.23945953342043833,0.4823826871071715,,0.21102601023369272,-0.22848098195682642,-0.6771768534967447,,-6.991769781317019,0,0,0,0,0,0,0,0,0.15981395101102505,0.011424923930300396,0,0,24064301016.0,0.0,,,,0.0,0,-0.02439020500011132,-0.06499501798390864,0.004267574135629115,0.19775364165606896,-0.06245888657534081,-0.018641827808112157,0.23234963810293457,
ARII.JK,PT Atlas Resources Tbk,Materials,Metals & Mining,Micro Cap,IDR,1012500004864.0,1012579958784.0,270.0,371911000.0,16165000.0,,-20015000.0,0.0434646998878764,-0.05381663892705513,,0.09208447824990376,4.384225177853387,2722.640520941838,62640.269643303436,72983.9958760271,12709.15190560709,-1.976790113960388e-05,-209940000.0,-0.0002073481471520579,6.843456757247829e-06,6.842916393803593e-06,-70999000.0,-7.01224687989376e-05,0,2026-03-31,,0,2722.425539615661,,,40230000.0,0.10817104092108058,3.9733333142456364e-05,0.9781716394492074,0.76804,,,-0.007352941176470588,0,0.2450411394685068,-0.24287087334099736,,0,79899.02284219208,0.18010414055484514,0.8924139545773824,,-3.6020540821632867,0.01636023250557395,-0.07822398651598869,0.02264096987161685,0.09481882831019302,,-0.4663003663003663,0.10350487792288236,0.9523153942428035,,0.2989319842608207,0.0308804317458978,0.866821149668234,,-2.5205704009364913,0,1,0,0,0,0,0,0,0.03817865126545234,0.05390582698445142,0,0,,,,0.0,,,0,-0.007352941176470588,-0.18745708173131573,-0.8997668957538529,3.594701140986816,-0.15884791459436767,-0.58715731222682,0.23142290639523574,growth-flip
AMAG.JK,P.T. Asuransi Multi Artha Guna Tbk,Financials,Insurance,Micro Cap,IDR,1948624093184.0,1195079499776.0,394.0,2364043781000.0,,,38701437000.0,,0.01637086305721002,,,,0.5055234210892984,,,0.8886395977233825,0.019860904489158233,,,1.412156005678702,2.3025758675600887,,,0,2026-03-31,,0,0.8242758060765373,10.061287,,,,,,0.87758005,,,0.08922172981233595,0,0.3549898256785731,-0.07110592285694245,,0,,0.14603517743446326,,,-0.5053881234397539,,-0.021561070722871258,-0.047218223391541275,,,-0.5788938395859891,-0.2858198157649432,,,4.640278378368512,-0.7884120094197141,,,0.6122907283245745,0,0,0,1,0,0,0,0,,,0,0,,,,,,,0,0.08922172981233595,-0.05681344762212731,,0.5946098532520898,-0.049573912512276455,-0.16274083103922868,0.23128161260672286,growth-flip; cash 141% of mcap
TSPC.JK,PT Tempo Scan Pacific Tbk,Health Care,Pharmaceuticals,Small Cap,IDR,10778575896576.0,7402795040768.0,2390.0,13883119971592.0,1905118286690.0,156828991184.0,481435893708.0,0.13722551491223173,0.03467778818400522,0.08231981829142934,0.2994390846061789,-2.0180548477064706,0.5332227234163351,3.8857403723890553,4.338373447531608,1.129459197485461,0.044666002107099916,5922883685910.0,0.5495052168989696,0.4608246642221876,0.6709673293639773,3844633193909.0,0.35669212990654114,0,2026-03-31,1.8198189375586167,0,0.7763799433147162,7.9935784,68.72821035958849,5242882472947.0,0.3776443972014304,0.4864169926764158,0.11761344864027727,0.90660006,,,0.03233959778212508,0,0.2825278273218684,-0.06748674421929458,,0,,0.01673792202586822,-0.17609276496530638,0.13343274954406023,-0.6357159963358607,-0.032116832075311325,-0.062109943212418854,-0.006507458879879605,-0.04137092183460913,,-0.47556387547947043,-0.1182821532248295,0.11939075124433317,0.13343274954406023,-0.4155973186999171,-0.015095884978829972,-0.33443830879236525,,-0.8586535189762301,0,0,0,0,0,0,0,0,0.40433609502405704,-0.10489701041787813,0,0,,,,,0.0,,0,0.03233959778212508,0.015601675756256858,0.20843236274743146,0.6680555941179858,0.01534483510280618,-0.22685861693112006,0.23043414955688193,
KMTR.JK,PT Kirana Megatara Tbk,Consumer Discretionary,Auto Components,Micro Cap,IDR,1873103421440.0,4209688969216.0,228.0,12527351523474.0,428045335682.0,,131749016550.0,0.034168861221777015,0.010516909045230038,,0.09419603175383291,5.364006509889303,0.3360398214521083,9.83468015720519,10.089375065930493,0.8779708569511046,0.07033728893021524,889118975746.0,0.4746769268417999,0.2264466190302065,0.10075754764323928,-2296037967126.0,-1.2257934830746597,0,2026-03-31,2.1066960356665483,0,0.14952110331781954,31.932774,,982132584735.0,0.07839906008023008,0.5243344139428022,1.275024486943769,0.925,,,-0.19148936170212766,0,0.3146840741695669,0.2578852955599147,39.12349885643798,0,,0.11266408592717221,-0.2144154362702632,,1.2761375472038698,-0.01422626578784731,0.05289356918464515,-0.015689602521003116,-0.25749102335001545,,-0.8460257077211992,0.05447402685186366,-0.07658979848109114,,-3.1812845215474157,-0.09259059177313264,-3.2957533057405732,,9.409930222495207,0,0,0,1,0,0,1,0,0.11056054055544898,-0.016364508801616065,0,0,608862751658.0,,0.0,,,,0,-0.19148936170212766,-0.30415344762929986,0.02292607456813553,-1.4676269089059975,-0.27335603932596747,0.5055525803232823,0.22927184208114743,growth-flip; first-positive: FCF; under-priced vs fundamentals
CPRO.JK,PT Central Proteina Prima Tbk,Consumer Staples,Household Products,Micro Cap,IDR,3097764036608.0,4772872060928.0,52.0,9835453000000.0,784897000000.0,,64879000000.0,0.07980283165401736,0.006596442482110382,,0.12979257841861327,2.004037472432689,0.48527221480576443,6.080889672056333,6.615720777950887,0.7967172226986544,0.020943816001893233,-261907000000.0,-0.08454711104683874,0.03384376561966871,0.02196580982303048,-1670278000000.0,-0.5391882597452214,0,2026-03-31,,0,0.31495895884083835,8.5245905,,1941096000000.0,0.1973570510682121,0.6266119617443386,0.4565444837661002,0.45367,,,0.0,0,0.38230981132647485,-0.09704196775733157,,0,38.322801524256185,0.05982721140246127,0.1335938775009135,,-0.8845468733039001,0.005193031607854767,-0.053957043084322046,0.007840298229110948,0.18670085619985152,,-0.8504782097670024,-0.05407085526933161,0.5425898784377964,,-2.098542385361131,0.043837788265838326,0.31713000701915334,,-2.471465356305551,0,1,0,0,0,0,0,0,0.12203326066405572,0.007759317754557557,0,0,,,,0.0,,0.0,0,0.0,-0.05982721140246127,-0.1335938775009135,0.8845468733039001,-0.056449967276545394,-0.158668954280995,0.22914519132437708,growth-flip
PRDA.JK,PT Prodia Widyahusada Tbk,Health Care,Biotechnology,Micro Cap,IDR,2251131977728.0,1498387054592.0,2530.0,2229881000000.0,428185000000.0,,289685000000.0,0.1920214576472915,0.12991051988872948,,0.1400347163042125,-1.7629879608113315,0.6719583038700272,3.4993917456052874,6.46706685337189,0.934297144575148,0.12868414773813944,749539000000.0,0.3329609313961624,0.3430149843010671,0.5153354719887492,754885000000.0,0.3353357366287706,0,2026-03-31,3.00335536606901,0,1.00953009498175,10.570736,,1295143000000.0,0.5808126083858287,0.5753296620605732,0.0071746991727119885,0.72213,3125.0,0.2351778656126482,0.080812841577786,0,0.36236240928084845,0.020949767637774955,308.6939657369273,1,,-0.009907228240551213,-0.16956289006892752,,0.1516779110494448,-0.03691707961903634,0.01822697930563584,-0.06396130049998888,-0.14887632632453557,,0.3431738936904188,-0.2849123367501059,-0.5885337185326701,,-0.08857111669031766,-0.00027335374797636536,-0.17539992726714662,,-0.40841006932363944,0,0,0,0,0,0,0,0,0.19859273636257016,-0.05855802005835767,0,0,74013000000.0,0.0,0.0,,,,0,0.080812841577786,0.0907200698183372,0.2503757316467135,-0.07086506947165881,0.09162784781987944,-0.09007691066446395,0.22820499672512665,cheap+grow (EV/EBIT 6.5x)
ZBRA.JK,PT Zebra Nusantara Tbk,Consumer Discretionary,Specialty Retail,Nano Cap,IDR,26710364160.0,1187278225408.0,50.0,1724458039618.0,98157384077.0,,292826200927.0,0.05692071469523475,0.16980766953997126,,0.011969428978493292,8.510425107811525,0.6884935429748146,12.095658788916321,50.61067445492087,0.0243547024533591,10.963017919670325,324994499577.0,12.16735562384036,0.32688173780405694,0.007353904137338665,-863190612594.0,-32.31669203097829,0,2024-09-30,0.08218712684296244,1,0.015489135453778191,,,356102355723.0,0.20650102672366757,13.331991791271781,0.795024526152972,0.64579004,,,0.0,0,0.6169664624823942,8.975523863517576,5.638743233766654,0,362.53700663417555,-0.4170913478856872,0.5567599285568693,,41.406450395922725,0.03560748812012601,0.17225733682824673,,,,,-0.4170913478856872,0.5567599285568693,,41.406450395922725,-0.2629760057557855,1.1896757460622114,,40.42586756676867,0,1,0,0,0,0,1,0,0.006646037474369985,0.005323391504123308,0,0,300073217135.0,,0.0,0.0,,,0,0.0,0.4170913478856872,-0.5567599285568693,-41.406450395922725,0.715534666320054,13.848706325531303,0.22767170813945917,growth-flip; first-positive: FCF; under-priced vs fundamentals; Graham net-net (mcap 0.08x NCAV)
BYAN.JK,PT Bayan Resources Tbk,Materials,Metals & Mining,Mid Cap,IDR,330833344856064.0,330832740876288.0,9925.0,3431161511.0,1040823241.0,,798122497.0,0.30334428666887664,0.2326100052245544,,0.5105643249334306,-0.6990277689235419,96420.04312990441,317856.79627832986,318452.4092293576,119766.23387104347,2.4124608640862365e-06,947366146.0,2.8635751526563066e-06,2.199186869499331e-06,2.1991908844114865e-06,727564348.0,2.199186869499331e-06,0,2026-03-31,349213.81374341826,0,96420.21915769385,25.510204,,1126319055.0,0.32826174209203524,3.404490727771195e-06,0.0,0.98727995,,,-0.5043812363199136,0,0.17326322970647046,-0.06649052741666384,,0,,-0.004368109128691338,-0.14846130864801788,,-0.09328719252171719,-0.05133043191804759,-0.02281148813827663,-0.04321919667588,-0.1261472151346687,,-0.10142263316197256,-0.16807985890301985,-0.2286516871935231,,0.2457507861509293,0.032331427668195536,0.08725357051217594,,-0.7907263835021222,0,0,0,0,0,0,0,0,0.7490172017645834,-0.2384528768311528,0,0,,,,,,,0,-0.5043812363199136,-0.5000131271912223,-0.35591992767189573,-0.4110940437981964,-0.5022068213922367,0.42234236622043814,0.2262795797959563,under-priced vs fundamentals
GZCO.JK,PT Gozco Plantations Tbk,Consumer Staples,Household Products,Nano Cap,IDR,855389765632.0,928238993408.0,148.0,796724000000.0,145473000000.0,,44247000000.0,0.18258895175744674,0.05553617061868351,,0.09773001425594911,1.3125184742185836,1.16506970219047,6.3808335114282375,6.943738729862358,0.72672091988303,0.05172729646503118,-669738000000.0,-0.7829623721358974,0.13821769297490533,0.12737021482573396,-190796000000.0,-0.22305153471064904,0,2026-03-31,,0,1.0736337371938087,9.33754,,188213000000.0,0.236233626701342,0.22003185864743174,0.2625419054690779,0.64806,,,0.5102040816326531,0,0.38112108604727335,-0.19222496317580037,,0,51.42038778043242,-0.009846553830437447,0.15901811750083655,,-0.668730534259703,0.02660253783929381,-0.11045960144036845,-0.08735868919010249,-0.13800929108103624,,0.9363266377839045,-0.4832112026627822,-0.9552441064081747,,1.8060903648188826,0.0038034007257625735,-0.9210534894388172,,-0.4318527431038846,0,0,0,0,0,0,0,0,0.08245675770395595,0.015273256551993158,0,0,21396000000.0,0.0,,0.0,,0.0,0,0.5102040816326531,0.5200506354630905,0.3511859641318165,1.1789346158923562,0.5252222647660537,-0.6833904051624211,0.22328969314547784,
HRME.JK,PT Menteng Heritage Realty Tbk,Consumer Discretionary,"Hotels, Restaurants & Leisure",Nano Cap,IDR,274102517760.0,427152179200.0,46.0,113072473721.0,32428814122.0,,-70429387969.0,0.2867967159011333,-0.6228694363119761,,0.02859397300532646,3.823949645567616,3.7776849231579925,13.171995053319453,21.82629827764823,0.49800980269279754,-0.25694542518090585,-150383934717.0,-0.5486412016422041,0.35608701696589623,0.2285001754522244,-134032596277.0,-0.4889871037024071,0,2025-06-30,,0,2.4241312561740944,,,69448353909.0,0.6141932835073541,0.25336634802387303,0.4208551960948111,0.85394996,,,0.7037037037037037,0,0.4735063947993031,0.46713224983722995,46.72402362554395,0,13.22854887369836,-0.036766176842139425,1.7243517384548193,,-0.02373642255977575,0.6681753783115617,-0.03681144790243096,,,,,-0.11635606938581193,-0.3393219468299429,,0.5621743700171344,-0.17453316907680866,6.321643592738774,,20.242723168462447,0,1,0,1,1,0,0,0,-0.08560693447345054,0.114200907478777,1,1,,,,0.0,,0.37029309344077843,0,0.7037037037037037,0.7404698805458432,-1.0206480347511155,0.7274401262634794,0.7687332636620781,-0.14908732401940236,0.22314514050341766,growth-flip; first-positive: EBITDA/ROCE; ROCE improving from <=0
BOGA.JK,PT Bintang Oto Global Tbk,Consumer Discretionary,Automobiles,Small Cap,IDR,4868513202176.0,4780437012480.0,1280.0,323949408651.0,39989597112.0,,41560055618.0,0.12344395774181499,0.12829180886937144,,0.09636369592834641,1.8380477836057876,14.756739431588535,119.54201486679884,135.87835874846994,10.739458016842294,0.008536498493918961,68296001732.0,0.014028102399203693,0.07339950141108433,0.07475183559998742,88236209661.0,0.01812385136833202,0,2026-03-31,71.28547907212062,0,15.0286219766525,1254.902,,48978332787.0,0.15119130172503498,0.010060223882130782,0.5936305229878054,0.29503,,,1.2654867256637168,0,0.2722711333831588,0.478436701413647,284.0048816217219,0,211.08774393866872,-0.5228347602081209,1.217417089004585,,1.46742744848975,0.0968800938711826,0.259256286758457,-0.10412318184983792,0.05675802019707248,,1.8809088628597737,0.4551952281029411,-1.0099673112013636,,-0.3043739440499007,-0.22017549091379007,1.746877872368458,,4.996464507149566,0,1,0,1,0,0,1,1,0.03407053294501005,0.06229316298333636,0,0,27134033277.0,0.0,0.0,0.0,,0.0,0,1.2654867256637168,1.7883214858718377,0.048069636659131776,-0.20194072282603326,3.7478033535129964,-0.5448167999016454,0.22296602034445212,growth-flip; first-positive: FCF/NI
DNET.JK,PT Indoritel Makmur Internasional Tbk.,Communication Services,Diversified Telecommunication Services,Mid Cap,IDR,140421598543872.0,146524419915776.0,9900.0,1701648000000.0,2486565000000.0,,-530241000000.0,1.4612687230261487,-0.31160439761924913,,0.08253319325677114,2.6422269275084305,86.10736175506098,58.926438647602616,83.52929703185556,9.094438113245644,-0.003776064405322494,-5971751000000.0,-0.04252729681135372,0.007910236114090113,0.007580770499814862,-5813709000000.0,-0.04140181468012287,0,2026-03-31,,0,82.52094354641618,109.890114,,,,,0.44846539418519565,0.95291,,,-0.04298749217051128,0,0.25950359378814225,0.03637280826447096,2296.4764343875854,0,335.0181572745405,0.1918547681601086,0.08461900836179484,,-0.2921834066456275,-0.14447493596843786,-0.02419381397289,0.03363846756607361,-0.024864616001214132,,-6.083953454195669,-0.10568376931623068,-0.22852495583841095,,-2.991616841953609,0.1616597078168582,-0.10866368436172287,,5.195190189556201,0,0,0,0,0,0,0,0,0.09376456929322123,-0.011231376036450094,0,0,,,,0.0,,0.0,0,-0.04298749217051128,-0.2348422603306199,-0.12760650053230613,0.2491959144751162,-0.19703932610275218,0.07757304312264049,0.22228634464104904,accelerating sales
ENRG.JK,PT Energi Mega Persada Tbk,Energy,"Oil, Gas & Consumable Fuels",Micro Cap,IDR,36226065235968.0,36226358837248.0,1375.0,523620861.0,145209344.0,,17934482.0,0.2773177213044612,0.03425089284210164,,0.11519037322770519,1.7748396756065505,69184.33075424777,249476.7749742606,249476.7749742606,40443.99950936312,4.950712113827167e-07,-793212543.0,-2.1896182702515482e-05,1.718347510129101e-06,1.7183335835561676e-06,-364893852.0,-1.007268798372575e-05,0,2025-12-31,,0,69183.77004075855,25.576637,,199091253.0,0.38022024680181715,5.495801205655839e-06,0.47687663372834876,0.39136,1985.0,0.4436363636363636,5.740196078431373,0,0.3650953259643986,0.3149720135861943,792060.1330060378,0,940355.9714563696,0.12022391339865718,0.1880856877352741,,1.273234775432006,0.01583999606844977,0.17467470659828704,0.03761620883133872,0.04982223178119127,,-0.32089885371912996,0.12027298933581183,0.41724416064545705,,-0.41121505806817527,-0.04518416967901455,0.15269600629860147,,4.697203463499699,0,0,0,1,0,0,1,0,0.11352706257112598,0.0016633106565792088,0,0,83572108.0,,0.0,0.0,,0.0,0,5.740196078431373,5.619972165032715,5.5521103906960985,4.4669613029993664,5.016829312259754,-5.163968292746983,0.22108483182626998,growth-flip; first-positive: FCF
NFCX.JK,PT NFC Indonesia Tbk,,,,IDR,1126100893696.0,1786133872640.0,1700.0,3664950449865.0,30951004564.0,,-100117825208.0,0.008445135885845358,-0.027317647694715185,,0.030651133381743082,5.127507392880885,0.4873555310156493,57.7084297521478,140.4334554160981,4.118408123835411,-0.0889066208618316,225741075346.0,0.20046256655128863,0.1297542380855665,0.08180594170863145,-141519960642.0,-0.12567254091905947,0,2026-03-31,4.988462520478349,0,0.30726224245063954,,,135073993654.0,0.03685561251148034,0.11994839397620113,1.0519517216977636,0.63097,,,-0.022988505747126436,0,0.24634092342598068,0.286786991695052,489.678609849308,0,164.7462383363444,-0.39664782799962317,1.2740691579168366,,-0.23458327621540404,0.027036761146755836,-0.013967262679721862,-0.0995150742802214,-0.32724109324743167,,-4.776617972785916,-0.31020530339526803,-1.2178593437098957,,-0.5270743109579102,0.03238081187319136,0.6632608225563601,,4.474327096374742,0,0,0,1,1,0,0,0,-0.4338505699632863,0.4645017033450294,1,1,,,,0.0,,0.009117324998393074,0,-0.022988505747126436,0.37365932225249676,-1.297057663663963,0.2115947704682776,0.6193055061253072,0.2372678569810629,0.219391903805968,growth-flip; first-positive: EBITDA/ROCE; ROCE improving from <=0; under-priced vs fundamentals
KINO.JK,PT Kino Indonesia Tbk,,,,IDR,1585641816064.0,2917017845760.0,1150.0,4644583920438.0,360452046554.0,,444716195203.0,0.07760696172758746,0.09574941540965025,,0.09806758599204911,3.5798528569782664,0.6280471826386798,8.092665511674369,9.504933819372521,0.8788612495947841,0.28046447230239435,-1068897664934.0,-0.6741104164289125,0.08980211623799196,0.048814919279624995,-1325224286022.0,-0.835765223013336,0,2026-03-31,,0,0.3413958802825267,11.494252,,2031841697572.0,0.43746474008814773,1.2814001730955804,0.8134452683585416,0.85274005,,,0.07498195393214861,0,0.425806491678488,0.053749232764980066,176.8385022523595,0,49.49748493680784,0.06344478238550352,0.14633951437672651,,0.5770372194943327,0.005611957201492129,0.03118263475592288,0.022951777170168018,-0.06568847106396816,,0.06798811259567013,0.022338979872454732,-0.12429105190523224,,-0.3269796059667252,-0.04354507800883188,0.1748012330711704,,0.9752873962867856,0,1,0,1,0,0,0,0,0.0758604309422879,0.022207155049761215,0,0,28310628551.0,0.0,0.0,0.0,,0.0,0,0.07498195393214861,0.01153717154664509,-0.0713575604445779,-0.5020552655621842,0.010848867508442632,0.1377566967379186,0.21788458136001645,growth-flip; under-priced vs fundamentals
BUDI.JK,PT Budi Starch & Sweetener Tbk,Consumer Staples,Food & Staples Retailing,Micro Cap,IDR,943168159744.0,2924892127232.0,210.0,3412550000000.0,351403000000.0,,-3244000000.0,0.10297372932264728,-0.0009506087822889041,,0.09247325667449637,5.237018465977809,0.8570986878527788,8.32346942750062,9.252181467219183,0.5975825725455013,-0.0034394714945429295,171122000000.0,0.1814331815934572,0.09006029213608678,0.029041071022467307,-1840304000000.0,-1.9511939424455398,0,2026-03-31,5.511670970091513,0,0.27638222436125476,7.7149158,,486843000000.0,0.14266252509120744,0.5161783664666348,1.2198179567206866,0.59758997,,,0.04029422756194344,0,0.37867403966792024,0.2604489911709514,35.52396738271991,0,50.52905202659788,-0.14883380091707604,0.3437664910174145,,0.991395385231574,0.037748291436790926,0.09308335854937097,0.07389551661091408,0.08009343927215724,,0.9876027056980166,0.0216196923393304,0.2864882827173693,,2.922165452766605,-0.22370524965548552,0.344305713981835,,5.414548320504036,0,1,0,1,0,0,0,0,0.07155133668074173,0.02092191999375463,0,0,258426000000.0,0.01255291650220953,0.008679296773623927,0.0,,0.0,1,0.04029422756194344,0.1891280284790195,-0.30347226345547107,-0.9511011576696305,0.22219870653086612,0.35514846421536067,0.21747810157934352,growth-flip; FCF break-even ETA 0.0q; under-priced vs fundamentals
WSBP.JK,PT Waskita Beton Precast Tbk,Materials,Construction Materials,Small Cap,IDR,878963130368.0,4437784395776.0,16.0,1529159316842.0,-412596673098.0,,-187478175301.0,-0.2698192847231179,-0.12260212080986924,,-0.3327823215647671,-8.622189637166622,2.9021072865977464,-10.755744496083071,,,-0.21329469783619656,-4196302158437.0,-4.774150374976608,0.01848712753536856,0.003661625270814577,-3558821037025.0,-4.048885458409399,0,2026-03-31,,0,0.5748015400927767,,,253868983607.0,0.16601866189540468,0.2888277958834421,,0.5682,,,0.06666666666666667,0,0.2621233500689599,-1.3096024242417321,,0,,-0.22452351445820953,0.417625834780135,,-3.469668811117635,0.08946607363320425,-0.16109921051582932,-0.13682922876201983,0.36250541467076386,,-143.38871766333793,-0.015727544747247708,0.23984223019760056,,-3.663052343710404,-0.5295942139495757,3.690318419121824,,-4.607574484321612,0,1,0,0,0,0,0,0,-0.5116637405634026,0.17888141899863547,1,0,,,,1.3944878805844567,,1.4774047215483543,0,0.06666666666666667,0.2911901811248762,-0.35095916811346833,3.5363354777843017,0.3754984020198043,-1.1588554969319032,0.2173913043478261,growth-flip; ROCE improving from <=0
MIRA.JK,PT Mitra International Resources Tbk,Energy,Energy Equipment & Services,Nano Cap,IDR,83190489088.0,134290112512.0,21.0,60618559555.0,-4710195708.0,,11223597554.0,-0.0777022044498827,0.18515117542205345,,-0.02643205197211995,-8.280346309763145,2.2153299830583544,-28.510516512915984,,0.5763552501875057,0.13491443165008357,-53673184798.0,-0.6451841476881305,0.0025352090402654274,0.0015705197952020017,-39002051649.0,-0.468828252803552,0,2026-03-31,,0,1.3723600444929773,,,8958525116.0,0.14778518628229387,0.10768689082382427,0.2716728059802422,0.62779,,,1.1,0,0.3396800470539544,0.20075334157349947,,0,,-0.0818517294911612,0.047806311258524914,,1.9177950335943996,-0.0027782205231695334,0.126889292891182,-0.04204166921541077,-0.007001091784557646,,-0.18769739970370533,-0.21702254896102502,0.31289983171232627,,-1.0096009141859508,0.10339599153869661,-0.2319221967473417,,0.2133677360020334,0,0,0,0,0,0,0,0,-0.025544510651955232,-0.0008875413201647163,0,0,7376995094.0,,0.0,19.917740224554098,,,0,1.1,1.1818517294911612,1.0521936887414751,-0.8177950335943995,1.2872122809055422,-0.4720834615460789,0.21596811669551283,accelerating sales
AMOR.JK,PT Ashmore Asset Management Indonesia Tbk,,,,IDR,772076142592.0,541218406400.0,350.0,260268000000.0,91942000000.0,,43527000000.0,0.3532589484685017,0.1672391534879432,,0.5634671664858111,-1.3270975180004785,2.079465806015338,5.886519832068043,6.316888890963841,2.817066171145433,0.0563765639148905,107377000000.0,0.1390756611640866,0.1701347739602608,0.24270608398879465,122016000000.0,0.15803622631100878,0,2025-12-31,7.190330728107509,0,2.966465883596908,10.940919,,114836000000.0,0.4412221248866553,0.14873662539872642,0.034082409302698936,0.3039,,,-0.31798392795063474,0,0.20050869707036495,-0.24705248560271734,,0,,-0.1934226266107189,-0.3209801778381732,,-0.5925849658826062,-0.0663616067530477,-0.16385151782313087,0.04326285198917727,-0.04621513117628142,,-0.37185944151814704,0.3771582825418923,0.1106106580694102,,-1.0335195530726258,-0.1710037912991937,-0.41054630991680735,,-0.6615585068844538,0,0,0,0,0,0,0,0,10.387936458005662,-9.82446929151985,0,0,,,,,,,0,-0.31798392795063474,-0.12456130133991583,0.002996249887538438,0.2746010379319715,-0.15443193108244857,-0.051011995493198035,0.21476562602528299,
BTPN.JK,PT Bank BTPN Tbk,Financials,Banks,Small Cap,IDR,25017970589696.0,73074682626048.0,2350.0,18194304000000.0,,4882236000000.0,4221093000000.0,,0.23200079541377344,,,,4.0163494369473,,,0.5269377848029304,0.16872243833152942,,,1.021905110502037,0.3498611431654281,-23748910000000.0,-0.9492740394291341,0,2025-12-31,,0,1.3750441121405907,50.0,5.124285386797361,,,,1.0386887747144549,0.93264,,,0.08809074416359072,0,0.3177214113238572,-0.15727657760037808,,0,,0.05815664097352041,,-0.5491837360519878,-0.5881430147481751,,-0.3640633510474543,-0.015657620775910038,,2.371167719520165,2.014947605476124,0.02544496014941294,,9.67406373148643,8.761495346648541,-0.2257468834267366,,-6.066863759846444,-4.945454644151339,0,0,0,0,0,0,0,0,,,0,0,8380020000000.0,0.0,,,,,0,0.08809074416359072,0.02993410319007031,,0.6762337589117658,0.028288914921452864,-0.24481892567442967,0.21068037704324724,cash 102% of mcap
MLPL.JK,PT Multipolar Tbk Class A,Consumer Discretionary,Household Durables,Small Cap,IDR,1311522291712.0,2039935401984.0,84.0,11544649000000.0,595963000000.0,,126303000000.0,0.051622444302984,0.01094039325058735,,0.047888923419620893,1.2158724618810228,0.17669964690862408,3.422922902905046,7.759801441634175,0.2616698043988111,0.09630259492969041,-2488662000000.0,-1.8975369429302011,1.561890341433727,1.0041759155744416,-477347000000.0,-0.3639640767194994,0,2026-03-31,,0,0.1136043453302045,,,1932659000000.0,0.16740734170436883,1.4735998100933512,0.503937948898741,0.63523,,,-0.23636363636363636,0,0.4628736184021013,-0.5238817175202672,,0,,0.013176966720095934,-0.409299550306321,,-0.4535081950189515,-0.03692103244685961,-0.00934271867775986,,,,-0.767849265516785,0.047382245092413566,0.6377281492204067,,-1.559247609636609,0.05873034593504401,0.8133603308924415,,0.48290711263685826,1,1,0,1,0,0,0,0,0.12767933225018313,-0.07979040883056224,0,0,,,,,,,0,-0.23636363636363636,-0.2495406030837323,0.17293591394268462,0.21714455865531515,-0.24629517969753772,0.026438827545817563,0.21034123128640222,growth-flip; accelerating sales; cash 156% of mcap
TOWR.JK,PT Sarana Menara Nusantara Tbk.,Communication Services,Diversified Telecommunication Services,Mid Cap,IDR,22702517649408.0,67378415140864.0,390.0,13322210000000.0,6984952000000.0,,6121764000000.0,0.5243088046202544,0.45951565093178987,,0.09764053008115026,6.285728663561325,5.0576004387308116,9.646224503885495,9.646224503885495,0.8416939176342941,0.2696513265417342,-46753154000000.0,-2.05938190301194,0.02882627425320227,0.009712739586287754,-44565009000000.0,-1.9629985399950607,0,2025-12-31,,0,1.7041104778717646,5.652993,,9088600000000.0,0.6822141371439123,0.4003344536651863,1.6765068311458207,0.75548,753.3333,0.9316238461538462,-0.3306982033128227,0,0.3228203548223777,-0.2628090977461194,,0,98.60590780492275,0.04604298978903196,0.06031897832213425,,0.26980338031289147,0.007059221456554243,0.08097426979520772,0.026667344832874414,-8.2456186561703e-05,,-0.10078777376757861,0.1429522975462915,-0.16165029015095897,,-0.6437211593149182,-0.03830021263228968,-0.04662605930583659,,0.3555953724897348,0,0,0,0,0,0,0,0,0.09349679720429092,0.004143732876859332,0,0,1300731000000.0,,0.0,0.0,,0.0,0,-0.3306982033128227,-0.3767411931018546,-0.3910171816349569,-0.6005015836257142,-0.3601584225308337,0.4321045952233398,0.20937343522512747,under-priced vs fundamentals
KEJU.JK,PT Mulia Boga Raya Tbk,Consumer Staples,Food & Staples Retailing,Micro Cap,IDR,3231049056256.0,2940469248000.0,575.0,1574428872080.0,228607828313.0,,70215403046.0,0.14520048022936916,0.04459738022540037,,,,1.8676418478754806,12.862504620681825,12.958053663146112,3.599199408030752,0.02173145681896968,359398151549.0,0.11123265084853123,0.08993365550621246,0.09882098000060431,,,0,2026-03-31,8.99016603822316,0,2.052203890282713,18.01943,,454749460718.0,0.2888345537751884,0.14074359528448138,,0.97283,803.3333,0.39710139130434774,-0.03728674442113146,0,0.2941914117784405,0.059237100960649734,218.74895045512002,0,36.25444941573384,0.24526148120221422,0.21143427167801807,,-0.6692015508450975,-0.004054472605376502,-0.12328551009375867,0.10560542362409434,0.13978517345523903,,-0.17303686563689588,0.13893079240775894,0.7996858026260073,,1.6673208770958035,-0.04856981979371797,-0.4856116654679887,,-5.8510904685095735,0,0,0,0,0,0,0,0,,,0,0,,,,0.0,,0.0,0,-0.03728674442113146,-0.2825482256233457,-0.24872101609914954,0.631914806423966,-0.22689871154656197,0.031563286711272794,0.20929196023726,
GGRM.JK,PT Gudang Garam Tbk,Consumer Staples,Tobacco,Mid Cap,IDR,30304387465216.0,25239022993408.0,15750.0,89369758000000.0,3643189000000.0,,7031466000000.0,0.040765344804894736,0.07867836007791361,,0.04796544362357175,-1.391223183864466,0.2824112267754826,6.9277281506416495,8.91284915810502,0.4727236300594911,0.23202798631290145,28738022000000.0,0.9483122545534403,0.17277564200925782,0.20745097785154032,5068489000000.0,0.1672526463640856,0,2026-03-31,1.0545049852497155,0,0.33908995775971557,10.131744,,8984474000000.0,0.10053147956381397,0.2964743639947372,0.0026108505501885792,0.78675,14155.556,-0.1012345396825397,0.706907801260813,0,0.45554361863478693,0.41420987431327366,21.517712905521144,0,43.349782228735656,-0.09412274632520931,0.3106307033581056,,1.1039310772604092,0.012589292998427985,0.04480228042808816,,,,30.09784853237547,-0.08750267262188596,0.9405250816388981,,3.3707017789145577,-0.018176450100486366,0.5014062345433996,,-1.861695386551184,0,1,0,0,0,0,0,0,0.02816553991041735,0.019799903713154404,0,0,7273115000000.0,0.0,0.0,0.0,,0.0,0,0.706907801260813,0.8010305475860223,0.3962770979027074,-0.3970232759995962,0.8842594781318922,-0.26676145649637784,0.20829789422018544,growth-flip
BNBA.JK,P.T. Bank Bumi Arta Tbk,Financials,Banks,Micro Cap,IDR,2337719975936.0,926892032000.0,690.0,333649345899.0,,487043579781.0,466868569881.0,,1.399279140269399,,,,2.778042407074229,,,0.7213818614012297,0.19971107518729672,,,0.5423386365966998,1.367835541490554,1239270421566.0,0.5301192761848255,1,2026-03-31,,0,7.0065174851074286,1000.0,4.799816839772654,,,,0.008814824959050348,0.92617995,,,-0.09803921568627451,0,0.280905538227851,0.7059006662525289,,0,,-0.07743802649472323,,2.4004378597066247,2.272578051747033,,2.4136937165380115,-0.008048046963691526,,2.414892031121818,2.7863761545073573,0.0427149563415952,,0.09245364132797021,0.14409260383418918,-0.0470791811243379,,1.8725124802380682,1.774789670254958,0,0,1,1,0,1,1,0,,,0,0,343566354034.0,0.0,0.0,,0.0,,0,-0.09803921568627451,-0.02060118919155128,,-2.3706172674333077,-0.022330412246753445,1.1956092283124296,0.2076004816915659,"growth-flip; first-positive: FCF/CFO; under-priced vs fundamentals; cash 54% of mcap; cash > EV (1.37x, net cash 53% mcap)"
PTBA.JK,PT Bukit Asam Tbk,Materials,Metals & Mining,Small Cap,IDR,32700773695488.0,30917076713472.0,2840.0,41703541000000.0,4535127000000.0,,2838053000000.0,0.10874680881414842,0.06805304614301218,,0.19593089398335717,-0.42360445473743075,0.741353754911891,6.817246069067526,7.301282595202425,1.3895609934848978,0.08678855816771057,-6512492000000.0,-0.1991540646910927,0.14191489911568422,0.1501023865551241,1921100000000.0,0.05874784547575002,0,2026-03-31,,0,0.7841246309393248,9.794455,,6481836000000.0,0.15542651402191482,0.19821659451728366,0.11556569368111877,0.69583,2849.1667,0.003227711267605793,0.15966925723641856,0,0.23812760932222507,-0.19301633452399106,,0,,-0.02482001155712311,-0.326387220995098,,-0.25652947734841136,-0.04868445595378032,-0.021209361349026637,-0.049662061633457114,-0.1902193738740838,,0.11959788329731594,-0.12292671913825712,-0.45386311850760147,,0.14350760386924363,-0.11374774030371655,-0.1463991406463386,,-1.1001373862491421,0,0,0,0,0,0,0,0,0.32239664558976966,-0.1264657516064125,0,0,303167000000.0,0.0,,,,,0,0.15966925723641856,0.18448926879354166,0.48605647823151654,0.4161987345848299,0.1891848386759101,-0.3622481605366294,0.20622349466631856,
SDRA.JK,PT Bank Woori Saudara Indonesia 1906 Tbk,,,,IDR,3467356930048.0,7589604622336.0,236.0,1734719000000.0,,3032637000000.0,2991193000000.0,,1.7243098161719563,,,,4.375120479072403,,,0.2675662198774369,0.862672364093359,,,1.8727968106560364,0.8555985882175403,-968251000000.0,-0.27924757085409035,0,2026-03-31,,0,1.998800341754486,,1.1433471694924253,,,,0.5758143801691412,1.00684,,,-0.3407821229050279,0,0.32631860786847106,0.8580807906058325,,0,,-0.144935894307801,,2.9856925285023217,2.8641141604330995,,2.5152460486175054,-0.05303171738544195,,0.42121372026716203,0.45953646239191415,-0.10601826926927373,,-0.9375622756801162,-0.9385389831159705,-0.17007781161371643,,9.209672186156833,8.444209368842674,0,0,1,1,0,1,1,0,,,0,0,941780000000.0,0.0,0.0,,0.0,,0,-0.3407821229050279,-0.19584622859722692,,-3.2048962833381274,-0.22904274345451997,1.7003712559676771,0.20588235294117643,growth-flip; first-positive: FCF/CFO; under-priced vs fundamentals; cash 187% of mcap
BBCA.JK,PT Bank Central Asia Tbk,Financials,Banks,Large Cap,IDR,734185534783488.0,624658634244096.0,5975.0,112248254000000.0,,100420751000000.0,98029731000000.0,,0.8733296733506429,,,,5.564974170948761,,,2.8332447619470766,0.13352174124338892,,,0.16300633059365957,0.19158766634967253,117366735000000.0,0.15985977581894414,0,2026-03-31,,0,6.540730110452213,12.690355,7.311093847361169,,,,0.008914959833642112,0.60814,8888.542,0.487622092050209,-0.30823249014369236,0,0.2742842101818441,0.34599462604485093,,0,,0.03172551538248544,,0.8658551415676808,0.9745328473695819,,0.4170007201317356,0.0026625683197880373,,2.124745361762184,2.4539221978547925,0.07280415408996323,,3.1393742055774454,3.642161513990073,-0.031939922659795776,,0.513226462285745,0.5744575199556483,0,0,1,1,0,0,0,0,,,0,0,69647583000000.0,0.0,0.0,,0.0,0.0,0,-0.30823249014369236,-0.33995800552617783,,-1.2827653375132742,-0.3295043114254544,0.6507425514883022,0.2057562310133468,growth-flip; under-priced vs fundamentals
SPTO.JK,PT Surya Pertiwi Tbk,Consumer Discretionary,Household Durables,Micro Cap,IDR,1498500038656.0,2284328845312.0,555.0,2730166647703.0,373125458629.0,,169505706220.0,0.136667649552794,0.06208621234260994,,0.1914478112524986,0.11641911490470419,0.8366994180497731,6.12214683421888,6.663849332267635,0.8577085373849492,0.113116918149718,502706279904.0,0.33547298427491246,0.10932109785190768,0.07171369818018707,-43438935642.0,-0.02898827795891166,0,2026-03-31,2.9808659620129734,0,0.5488676084724531,6.176962,,788138248140.0,0.28867770720263275,0.5259514366425234,0.11862913243332314,0.65027,,,-0.10258538452322184,0,0.26197974187497913,-0.08647430467264575,,0,,-0.06348630556717229,-0.14440805698804313,,-0.4385300872003561,-0.012926004802538582,-0.041471586158815896,-0.061197300663801246,-0.1617584312190836,,2.1164053460912187,-0.18948444691805746,-0.615013559306985,,33.907395490612274,-0.1655001358912405,-0.15145698633361904,,-1.5686917675426817,0,0,0,0,0,0,0,0,0.2383373064288377,-0.046889495176339085,0,0,115114288097.0,0.0,,,,,0,-0.10258538452322184,-0.039099078956049554,0.041822672464821284,0.3359447026771342,-0.041749607281214136,-0.11288943206196865,0.20556062431405522,
IPOL.JK,PT Indopoly Swakarsa Industry Tbk,Consumer Discretionary,Distributors,Micro Cap,IDR,766762156032.0,766922850304.0,119.0,250038246.0,10939366.0,,5073198.0,0.04375077083207503,0.020289688002370646,,0.031807240286352075,13.93040108540111,3067.222165300264,70106.6999955939,73949.43396996349,4415.173928417135,6.616390702240494e-06,-70313377.0,-9.170167886724127e-05,2.08720225354107e-05,2.0867649195295505e-05,-152389756.0,-0.00019874449306238345,0,2026-03-31,,0,3066.5794865318326,39.534885,,41837396.0,0.16732398610730936,5.456372053689875e-05,0.9696451139171959,0.81394994,,,0.00847457627118644,0,0.23615804752308636,0.3586656127960145,206179.32506404252,0,143549.91662784806,0.17983642201629277,0.36606851293076265,,1.0602755085608435,0.005964413537134283,0.4174412586503354,0.03499112473569232,0.02384700330972577,,3.6012131342548916,-0.01189240830711293,-0.1771695646293263,,-5.4910620374725525,0.046772281710471764,0.0818612873912854,,12.571020012012045,0,0,0,1,0,0,1,0,0.02423449650162115,0.007572743784730926,0,0,7023518.0,0.0,0.0,0.0,,0.0,0,0.00847457627118644,-0.17136184574510632,-0.35759393665957623,-1.051800932289657,-0.1452420374107927,0.43149968802628313,0.20539400533365537,growth-flip; first-positive: FCF; under-priced vs fundamentals
BLTA.JK,PT Berlian Laju Tanker Tbk,Industrials,Marine,Micro Cap,IDR,1036366381056.0,1036415795200.0,40.0,48092293.0,6939563.0,,16508654.0,0.14429677952764697,0.34327026161967367,,0.06180938227273982,5.298797633222726,21550.55894714773,149348.85600145138,159773.7849808148,15201.194066654176,1.5929360795338222e-05,-42495510.0,-4.100433087833226e-05,2.3180393960214635e-05,2.317928876736594e-05,-36771340.0,-3.548102357636499e-05,0,2026-03-31,,0,21549.531461433955,16.260162,,9478146.0,0.19708243065058262,9.145555252711202e-06,0.8917235921985774,0.26031,,,0.9047619047619048,0,0.2822595082769021,0.4616111567695027,346122.01771499857,0,598899.0739484963,0.18280258510097402,0.10935845948684304,,2.1853858557722603,-0.009553044564373975,0.21580659749361994,-0.021060385928897443,0.1751757116865206,,-0.12053794437031536,-0.017466103365718542,5.2020802252878955,,-0.3709892542823755,0.16268634472750854,0.6169533710356806,,3.3606784284179563,0,0,0,1,0,0,0,0,0.047378295302992396,0.014431086969747424,0,0,11326031.0,,0.0,0.0,,0.0,0,0.9047619047619048,0.7219593196609307,0.7954034452750617,-1.2806239510103556,0.6103802348380042,-0.21177976219091024,0.2025701238200032,growth-flip; accelerating sales
PRIM.JK,PT Royal Prima Tbk,Health Care,Health Care Equipment & Supplies,Micro Cap,IDR,283778875392.0,266834640896.0,84.0,329890624869.0,-19242263820.0,,3740317959.0,-0.05832922298910776,0.01133805472794289,,,,0.8088579085930689,-13.867112694851306,,0.3027884677936541,0.013180396017262683,78643073473.0,0.27712800455765363,0.06514344973516357,0.06928011611582745,,,0,2026-03-31,3.6084408055266035,0,0.8602210975370669,,,72473748896.0,0.21969023498251708,0.25538810383925814,,0.78037,,,0.423728813559322,0,0.38770236395150953,0.31282327444410996,,0,,0.10199614454545938,-0.12581965311258822,,1.6474586592412634,-0.0012343067024572565,0.030635800489008762,-0.02660168039245864,0.0019590814043179794,,1.5489899317441365,-0.18782248722283007,0.7876739355508976,,5.557121423496824,0.003896342699921479,28.050156606904448,,-1.0348562597386899,0,0,0,0,0,0,1,0,,,0,0,10553408223.0,0.0,0.0,,,,0,0.423728813559322,0.32173266901386266,0.5495484666719103,-1.2237298456819414,0.2919544415888748,0.015123567101823429,0.20153417703202314,first-positive: FCF
CENT.JK,PT Centratama Telekomunikasi Indonesia Tbk,,,,IDR,2557044064256.0,24923600846848.0,82.0,2516118000000.0,-431000000000.0,,1117469000000.0,-0.1712956228602951,0.44412424218577984,,-0.01854166555791044,-47.59509976798144,9.905577102046884,-57.82738015509977,,0.6909721635854487,0.43701593399218164,-23517527000000.0,-9.197153591814493,0.22191287507792837,0.022767215840393394,-20726123000000.0,-8.105500914013577,0,2025-12-31,,0,1.01626555839432,,,1001901000000.0,0.3981931690008179,0.39181999794419425,5.754011122919857,0.92265,,,-0.2336448598130841,0,0.22087114551659023,-2.9206618330172094,,0,,0.020924315158676092,-4.136781124001106,,-0.09510378860390278,-0.2270469996842089,-0.056946744838620944,0.012069041109555359,-2.9640725111874664,,-0.08219641623690913,0.036139405071443906,0.3282653133150067,,-0.7645974011964052,0.041598737093040905,-0.39779333316768173,,-1.2851235124035432,1,0,0,0,0,0,0,0,0.004778709503643873,-0.02332037506155431,0,0,,,,,,,0,-0.2336448598130841,-0.2545691749717602,3.903136264188022,-0.13854107120918133,-0.24935166220641344,-0.8151685889501668,0.20109697923987696,growth-flip
ANDI.JK,"PT. Andira Agro, Tbk",Consumer Staples,Household Products,Nano Cap,IDR,177649991680.0,316309274624.0,19.0,199175514441.0,-24202957619.0,,-15478882761.0,-0.12151572790926281,-0.07771478740467956,,-0.09954705311167152,-5.727420491584012,1.588093172555593,-13.069033942185989,,1.594086237183138,-0.08713134526277957,-141692072331.0,-0.7975912128733965,0.011552205190623964,0.006488109330463133,-138659285426.0,-0.7805195154512939,0,2026-03-31,,0,0.891926862489032,,,-6905220518.0,-0.03466902313459556,-0.038869804905132435,1.2626306287372484,0.65059,,,0.7272727272727273,0,0.21027652051291557,-0.9856338458404207,,0,,0.012371039615684063,-1.662583944590964,,-1.8157860522185678,-0.07531286394207412,-0.17415698558203718,-0.1917566920698788,-1.0178469527842449,,-0.2768462383199311,-0.5129610281783181,-1.9857793348548973,,-1.5072506169423434,0.35804293411027244,-1.145299179497119,,-10.183475000108434,1,0,0,0,0,0,0,0,-0.03420364730524849,-0.06534340580642303,0,0,,,,,,,0,0.7272727272727273,0.7149016876570432,2.3898566718636913,2.543058779491295,0.7061656840049809,-1.5884957057542526,0.20103088678942785,growth-flip; accelerating sales
DART.JK,PT Duta Anggada Realty Tbk.,Real Estate,Real Estate Management & Development,Nano Cap,IDR,411522203648.0,3756460343296.0,131.0,513334959000.0,101443312000.0,,31365019000.0,0.19761621573098434,0.061100492865517074,,0.020318211033145146,32.969500424039786,7.317756715057468,37.030142936342614,41.43206869901059,0.3681722380525208,0.07621707582716099,-4833158817000.0,-11.744588199994416,0.054703242742293295,0.005992768974701283,-3344535318000.0,-8.127229316794738,0,2026-03-31,,0,0.8016640917066394,,,238608720000.0,0.46482070978532364,0.5798197955901708,3.0123604220395386,0.91593003,,,-0.050724637681159424,0,0.32791428209072204,-1.9016118232786121,,0,176.77776522595823,0.0034721878297880133,0.23298425160779532,,-0.13799561855242276,0.0367849836275487,-0.010027504361452354,0.012183579007124561,0.028990537247794986,,-0.13172834344526163,-0.12826953069461436,-0.6234613493350244,,-0.9419539978444378,-0.18948870249648928,-2.232847816883104,,-0.3579567622900328,0,0,0,0,0,0,0,0,0.013398412521695664,0.006919798511449481,0,0,,,,0.0,,5.844448984877015,0,-0.050724637681159424,-0.054196825510947434,-0.28370888928895477,0.08727098087126334,-0.054009295093827285,0.07616100725561654,0.2005263257856588,
BIRD.JK,PT Blue Bird Tbk,Industrials,Road & Rail,Micro Cap,IDR,3878255067136.0,4914794725376.0,1550.0,5705306000000.0,963958000000.0,,-870888000000.0,0.1689581592994311,-0.1526452744164818,,0.12869118215170486,0.8774666531114426,0.8614427912150548,5.098556913658064,5.295635659461859,0.6094163669758909,-0.22455665883861792,-1155494000000.0,-0.29794172379005107,0.3545842076383927,0.2798017164175243,-847830000000.0,-0.21861120151287586,0,2026-03-31,,0,0.6797628500795575,6.199504,,1814489000000.0,0.31803535165335567,0.4678622134412519,0.34931466381222537,0.83730006,2173.3333,0.4021505161290322,-0.055564290964385664,0,0.3883683354153342,-0.26554638614522336,,0,23.121514989636026,0.13201706287784376,0.1233750266580118,,-1.806120772153,-0.0012997819051093484,-0.09106665067301782,,,,0.16955151922005995,-0.08444086547677904,0.002204325625804309,,0.8900473828138045,-0.03704343156003491,-0.0782641674063115,,-1.6908292904671238,0,0,0,0,0,0,0,0,0.1359629407177844,-0.007271758566079534,0,0,177808000000.0,4.897912354899667,,0.0,,0.0,0,-0.055564290964385664,-0.18758135384222943,-0.17893931762239745,1.7505564811886143,-0.16570541204154218,-0.3045825994206113,0.20022453565223267,
ALMI.JK,PT Alumindo Light Metal Industry Tbk,Materials,Metals & Mining,Nano Cap,IDR,282384007168.0,282405371904.0,74.0,36.0,1119747.0,,-2636737.0,31104.083333333332,-73242.69444444444,,,,7844593664.0,252204.62470897444,,61356.335838931365,-9.337416188840022e-06,-12796822.0,-4.531709188610929e-05,1.720352384230389e-08,1.720222234884191e-08,,,0,2026-03-31,,0,7844000199.111111,,,64841.0,1801.138888888889,2.2961994431017422e-07,,0.96481,,,0.0,0,0.26282052753974,-0.15921059654757913,,0,,-0.9999980383733407,1.1313025233486942,,-1.2178272321442956,31104.54802051164,-73243.35402598805,-0.9995309812913649,-0.15174923072028218,,-0.22547105401487536,-1.0,-0.8941408768116772,,0.4029115838792207,-0.3192720744801655,1.1818557603128441,,-4.3725935623171,0,1,0,0,1,0,0,0,-0.9746040370170663,,0,0,,,,0.0,,0.2636569571875258,0,0.0,0.9999980383733407,-1.1313025233486942,1.2178272321442956,509780.0,-0.362174249056314,0.19999999999999996,growth-flip; first-positive: EBITDA
TIRT.JK,PT Tirta Mahakam Resources Tbk,Materials,Paper & Forest Products,Nano Cap,IDR,424945385472.0,1368161648640.0,420.0,40283867942.0,21376031817.0,,-174267117949.0,0.5306350385165802,-4.325977788426541,,0.06290855557981563,44.12494547500046,33.96301593009527,64.0044728765759,64.01695682942272,,-0.41009297643139747,-880356630689.0,-2.071693588838859,0.07990875236186662,0.024819330090676266,-943216238397.0,-2.2196175570875787,0,2026-03-31,,0,10.548773173515235,,,25198570836.0,0.625525107774667,0.05929837503238485,,0.71353996,,,8.545454545454545,0,0.41289799768818375,-10.86566362269762,,0,,,,,-19.65963365655638,,,1.9478900135545223,1.1021622781374452,,0.04038737860815219,0.952613707855005,-0.5839012437724123,,1.0299824755568072,,,,-20.83641918627678,0,0,0,0,1,0,0,0,0.0,0.06290855557981563,1,1,7334409651.0,23.760210601986184,,0.0,,2.02557938325011,0,8.545454545454545,,,28.205088202010927,,-28.205088202010927,0.19942075760883954,first-positive: EBITDA/ROCE; ROCE improving from <=0
INDS.JK,PT Indospring Tbk,Consumer Discretionary,Auto Components,Micro Cap,IDR,1903124152320.0,2338181873664.0,290.0,3378064338466.0,148097333561.0,,-67306163592.0,0.04384088599930335,-0.019924476519166637,,0.03542274015323514,1.6464322753560423,0.6921661754748528,15.788142956003481,18.123891791060274,0.561310418160042,-0.035366144405214205,975331302141.0,0.5124895824331924,0.024075585068974423,0.019595921062462326,-251537598613.0,-0.13217088244419764,0,2026-03-31,1.9512591753615967,0,0.5633771182653734,34.482758,,464439445500.0,0.13748685607062913,0.24404053983226787,0.08770277001584803,0.91209,,,0.31468372610027073,0,0.36439400665221927,-0.10785192419763845,,0,287.4838653415585,0.0673093552763022,-0.002313700000064368,,-1.2895924381714987,-0.0030594149977749355,-0.09335726475825712,0.022678589726677773,-0.16788161719303302,,-1.9177627617455206,0.008112648755486444,-0.7729145085379066,,-5.622157233895714,0.2113002983509229,0.6859443438934256,,-2.015477910808949,1,1,0,0,0,0,0,0,0.037427187057936344,-0.002004446904701203,0,0,,,,,,,0,0.31468372610027073,0.24737437082396851,0.3169974261003351,1.6042761642717696,0.23177382415047676,-0.6001054463366374,0.19887567210918614,growth-flip; accelerating sales
UNSP.JK,PT Bakrie Sumatera Plantations Tbk,Consumer Staples,Household Products,Nano Cap,IDR,740048044032.0,5633813250048.0,296.0,2620858000000.0,392531000000.0,,-38780000000.0,0.14977194491269652,-0.014796681086880708,,-0.565782584224734,11.716577798950912,2.1496064456937383,14.352530755654968,15.025264964550507,,-0.05240200323848587,-7974429000000.0,-10.7755558092593,0.16294212378836562,0.021403797862659474,-4606468000000.0,-6.224552631613758,0,2026-03-31,,0,0.28236861517564094,3.043076,,785426000000.0,0.299682775640649,1.0613175811137443,,0.53318,,,1.4873949579831933,0,0.537012950010003,-2.0638287430538447,,0,,0.12586098020937594,-0.23977456496266958,,-1.3795894795571781,-0.07203382602812061,-0.05868358198770421,0.024869586979814333,1.1052092439543701,,-2.1224962371193703,-0.18467809318985998,-0.5485108632254302,,-2.1859084817154892,0.1306729854329357,-1.4126455909513473,,-2.051316229569367,1,0,0,0,0,0,0,0,-0.6632133551956376,0.09743077097090358,1,0,,,,,,0.0,0,1.4873949579831933,1.3615339777738173,1.727169522945863,2.8669844375403715,1.2093269077685003,-1.791253711507138,0.19849302854013554,growth-flip; ROCE improving from <=0; accelerating sales
GOOD.JK,PT Garudafood Putra Putri Jaya Tbk,Consumer Staples,Food & Staples Retailing,Small Cap,IDR,12169608429568.0,13746631081984.0,330.0,13241626370190.0,1147685771695.0,,327526184497.0,0.08667256873209392,0.024734588889650147,,0.19628288370167468,0.9364981685907247,1.0381376650930798,11.977695830176414,13.352915441976755,2.974992058047298,0.02691345299995216,-814970939676.0,-0.06696772080980834,0.08622647670507258,0.0763345179996314,-1154270879785.0,-0.094848645826641,0,2026-03-31,,0,0.9190418223070118,17.637629,,3648292674498.0,0.2755169623809324,0.29978718671291776,0.5386970514417893,0.99732,,,-0.08829764281455929,0,0.18070460517901282,-0.06890058457502363,,0,247.96280628580664,0.08224164822583606,-0.01639343596934063,,-0.4781322111533242,-0.008691438657414091,-0.02655963317238265,0.01474497569286319,-0.007630912465699819,,0.030466467461581395,-0.042394507034308644,-0.1494227160520521,,-1.5269720331693541,-0.08818658130123691,-0.0651677235615997,,-0.04206298900552599,0,0,0,0,0,0,0,0,0.22009163357015976,-0.02380874986848508,0,0,9683542510.0,0.0,,,,,0,-0.08829764281455929,-0.17053929104039534,-0.07190420684521866,0.38983456833876495,-0.15757967854958035,0.002547152024107345,0.1982437576604416,
FILM.JK,PT MD Pictures Tbk,Communication Services,Entertainment,Micro Cap,IDR,27436666322944.0,27713878360064.0,2520.0,545093411010.0,-179875558770.0,,-173335626150.0,-0.3299903376867274,-0.3179925177022917,-0.0,-0.06835909732611149,-1.1087902316290883,50.842438745889694,-154.07250740219064,,8.804070450708254,-0.0063176635276949635,261048752282.0,0.009514594419355428,0.006916865747946186,0.0068476788077582425,-199444262473.0,-0.007269260052421679,0,2026-03-31,105.101694925189,0,50.33387997133699,,,185529563316.0,0.34036288013871513,0.006762102987739815,0.1248956509690487,0.79773,,,-0.11888111888111888,0,0.24249520334594715,-0.9498421363866262,,0,,0.1955120776282108,-2.7347975361939425,1.0,-0.6299964956076484,-0.5573986812970276,-0.08476263252590019,0.08517743437492642,0.24650564467833658,,0.5352193658050121,0.6742686614732463,1.1485426068486957,1.0,0.609358719419052,-0.145078786250933,-2.8787854469609986,,1.1883006423792744,0,0,0,0,0,0,0,0,0.023278913766850307,-0.0916380110929618,0,0,199605097704.0,0.8683927822677368,,,0.0,,1,-0.11888111888111888,-0.3143931965093297,2.6159164173128238,0.5111153767265295,-0.2629778505735029,-0.6374151867391301,0.1982048310512843,FCF break-even ETA 0.9q
BFIN.JK,PT BFI Finance Indonesia Tbk,,,,IDR,10398315053056.0,22185601138688.0,705.0,6600481000000.0,2317521000000.0,,820153000000.0,0.3511139566949742,0.12425655039382735,,0.09249162719819559,5.132080788048954,3.361209757090127,9.57298817947626,10.499122441337358,0.9493932533817115,0.07887364402937207,9853333000000.0,0.9475893882542217,0.11884713953120733,0.055703246095277215,-11893705000000.0,-1.1438107942790707,0,2026-03-31,1.0553094118564754,0,1.5753874684369216,7.0521154,,4307635000000.0,0.6526244072212313,0.41426278950203693,1.1987589236883696,0.66455,860.0,0.21985815602836878,-0.11025378987075914,0,0.28545488977428607,0.40521754249717507,25.909841850962195,0,228.9055509421437,0.07538169602380526,-0.025367549806736448,,1.3836875742946908,-0.036295186283384684,0.06819919566934368,0.015100363041105186,-0.048618734179709466,,1.121895689474515,0.001100849921757048,-0.15750830062209828,,-0.6138636190097364,0.0844634310702388,0.05542668588576695,,-2.402722891142168,1,1,0,0,0,0,0,0,0.096861582702233,-0.004369955504037404,0,0,433634000000.0,0.0,0.0,,,,0,-0.11025378987075914,-0.1856354858945644,-0.08488624006402269,-1.49394136416545,-0.17262288039767343,0.4842714926304276,0.19784288751027143,growth-flip; accelerating sales; under-priced vs fundamentals
SRIL.JK,PT Sri Rejeki Isman Tbk,Consumer Discretionary,"Textiles, Apparel & Luxury Goods",Micro Cap,IDR,2986021224448.0,2987270304627.0,146.0,325081656.0,-130518239.0,,14493536.0,-0.4014937065535313,0.04458429361514019,,-0.49919256453120275,-9.57015807576135,9189.292134733681,-22887.76133906465,,,4.853795372026967e-06,-1447643701.0,-0.0004848069026259562,1.1261617876214665e-06,1.1256909007502362e-06,-1283388361.0,-0.000429798807353504,0,2024-09-30,,0,9185.44977649554,2.3981602,,-76591701.0,-0.23560757608543745,-2.5650085931374734e-05,,,,,0.0,0,0.1991284694117647,0.16122214707818266,,0,,-0.3802837100024599,0.5230753592975166,,0.6822343907816083,0.1202075624692413,0.028159939682809585,,,,,,,,,0.0007770872632609782,-0.2190117295521654,,-0.3369655584086392,0,0,0,0,0,0,0,0,-0.4876463950685765,-0.011546169462626266,0,0,5877890.0,,0.0,0.911770421269675,,0.7921266943528608,0,0.0,0.3802837100024599,-0.5230753592975166,-0.6822343907816083,0.6136416230142498,0.27500868002555495,0.19599355518357148,under-priced vs fundamentals
BUKK.JK,PT Bukaka Teknik Utama Tbk,Industrials,Construction & Engineering,Micro Cap,IDR,2138766180352.0,18814217486336.0,810.0,4115329626000.0,819490585000.0,,-313995333000.0,0.1991312141371589,-0.07629895088262852,,0.03855225046419345,16.64604028245181,4.571740102535349,22.958430311113336,23.333143691829658,0.2960463519345706,-0.1468114354362581,-11926920502000.0,-5.576542499861793,0.5025941867208162,0.057133997190192944,-13690825163000.0,-6.40127251345762,0,2026-03-31,,0,0.5197071376347631,8.104053,,1143975542000.0,0.27797907967627766,0.5348763939271396,2.0438645508303876,0.95682,,,-0.04142011834319527,0,0.25485955108674835,-0.9033845841001937,,0,,-0.3447655911454592,-0.02950957306900213,,0.9047853236895532,0.06468617505288848,0.4487639902000745,-0.050914188340181334,0.7416590083265625,,0.5351574430041408,-0.5849239146857775,1.6393938898480034,,1.3589633571625188,-0.5972922096294115,0.020906757660821146,,5.0200255686275,0,0,0,1,0,0,0,0,0.04258443216051338,-0.004032181696319928,0,0,361492159000.0,0.8686089730648902,0.10523454991751886,,,,1,-0.04142011834319527,0.3033454728022639,-0.011910545274193138,-0.9462054420327485,0.462957177924405,0.21825683816822591,0.1956521739130435,growth-flip; FCF break-even ETA 0.9q; under-priced vs fundamentals; cash 50% of mcap
INTP.JK,PT Indocement Tunggal Prakarsa Tbk,Materials,Construction Materials,Mid Cap,IDR,16385784676352.0,14128021241856.0,4990.0,16692141000000.0,2729509000000.0,,1514074000000.0,0.16352060529562984,0.09070579981321748,,0.11641285918966221,-0.8271678166292912,0.846387604912755,5.1760302830494425,5.775471225440487,0.7041289751399156,0.0924016780340776,2873949000000.0,0.17539282108031662,0.309901728864322,0.3594263423780714,2257762000000.0,0.13778784749066103,0,2026-03-31,5.701487631253025,0,0.9816466729074479,7.3692293,,5167829000000.0,0.30959653408151777,0.31538489624230337,0.1211903708989889,0.68402,6972.3076,0.3972560320641283,0.030931828599836012,0,0.32533731054903087,-0.09957738217746502,,0,,-0.10009270713569994,-0.061162022710207695,,-0.45034765445329145,0.0067806897844149006,-0.057800454036775736,-0.07655183428660166,-0.24224108230769936,,-0.6133489722710194,-0.20159659165604535,-0.7554778338051369,,-1.2644320149874442,-0.0774452702310833,0.021861379405859152,,0.07498458138017475,0,0,0,1,0,0,0,0,0.13185619638315607,-0.015443337193493861,0,0,,,,,,,0,0.030931828599836012,0.13102453573553596,0.0920938513100437,0.48127948305312745,0.14559781521327608,-0.23479929003290237,0.1956458346218164,growth-flip
MPPA.JK,PT Matahari Putra Prima Tbk,Consumer Discretionary,Household Durables,Small Cap,IDR,622398668800.0,1860090724352.0,48.0,7262652000000.0,374688000000.0,,89319000000.0,0.05159107169116736,0.012298400088562691,,0.045007376663802466,1.4582666111538134,0.25611728668150424,4.964372289350073,33.50186816670869,,0.1435076976822737,-1436948000000.0,-2.3087260176350815,0.3994304815582536,0.13365208306525292,-1235954000000.0,-1.9857915223098883,0,2026-03-31,,0,0.08569853943160156,,,1297461000000.0,0.17864837803050457,2.084614034444413,,0.50135,,,-0.07692307692307693,0,0.4719182469653304,-0.5416197052725458,,0,,0.020270972679646816,-0.09734180691602384,,-0.7868505455274386,-0.006722111858517427,-0.04656968686859427,0.013185434374370914,0.044135432632018946,,-0.44251234263530087,0.23800745577035373,0.18097780220211576,,2.437808129131213,-0.010493730101580133,-0.4174703794750123,,-2.597910591685034,0,0,0,0,0,0,0,0,0.029188523445397793,0.015818853218404674,0,0,,,,,,,0,-0.07692307692307693,-0.09719404960272374,0.020418729992946916,0.7099274686043617,-0.09526297641052403,-0.13447229314601522,0.1941293857036233,
CFIN.JK,PT. Clipan Finance Indonesia Tbk,,,,IDR,1362706038784.0,4807031521280.0,342.0,1425315123000.0,795132423000.0,,642095642000.0,0.5578642997391392,0.4504938112552392,,0.07994673654557424,4.3199795614421825,3.3726096381845516,6.045573519871419,6.472558858831829,0.23312679038772469,0.471191602389147,108204152000.0,0.07940388383143522,0.03531394785844037,0.010010862168672882,-3444325656000.0,-2.5275632146413005,0,2026-03-31,12.593842413588714,0,0.9560735144069611,5.760485,,901356263000.0,0.632390864627064,0.6614458565137923,0.5974753270515638,0.64802,,,0.2866379005998945,0,0.4392216914741346,1.499420577905336,4.316706702714377,1,,-0.11007496796778399,-0.08538103043822594,,9.3080315804126,0.015061863602423897,0.4987490105201081,-0.023406523865169858,-0.056494188215682375,,-0.18385643444836308,0.02060157132858736,-0.06378515092766385,,-1.0055459540988967,-0.13970418441390342,-0.05430137945250476,,10.669563346400686,0,0,0,0,0,0,1,0,0.0833657661042383,-0.0034190295586640634,0,0,719381776000.0,,0.0,,,0.0,0,0.2866379005998945,0.3967128685676785,0.37201893103812045,-9.021393679812705,0.4457823460272292,2.750887293402302,0.1936049071447412,first-positive: FCF; under-priced vs fundamentals; cheap+grow (EV/EBIT 6.5x)
MLPT.JK,PT Multipolar Technology Tbk,Information Technology,IT Services,Small Cap,IDR,35437502529536.0,35029929426944.0,18900.0,3646996000000.0,344329000000.0,,346703000000.0,0.09441441668704874,0.09506536338400151,,0.8856494413407822,-1.1955978148805357,9.60514610571111,101.7338923731199,106.23339073206266,45.20095373786956,0.009783505474490884,-119447000000.0,-0.0033706382073749367,0.01837017152823957,0.018583908407742187,411679000000.0,0.011617043262483834,0,2026-03-31,,0,9.716901946022425,117.647064,,576161000000.0,0.15798235040564892,0.016258510303309007,0.3052478383263244,0.8496,,,-0.4400254710636426,0,0.12330722912759233,-0.04287811524131961,,0,,-0.022196983955647856,-0.31187048346869606,,0.41423688160814515,-0.039744486799639225,0.02933719560172124,-0.10276092599503972,-0.14104358281633153,,-0.46213240085139656,-0.24964084923177046,-0.5637048074660811,,-1.2505662554707337,-0.10194004171551828,-0.6030917206938136,,-9.15662165371449,0,0,0,0,0,0,0,0,1.1143702453344033,-0.22872080399362116,0,0,101551000000.0,,0.0,,,,0,-0.4400254710636426,-0.41782848710799475,-0.12815498759494653,-0.8542623526717877,-0.4273135593284389,0.46674860912490973,0.19309080804427697,under-priced vs fundamentals
CSAP.JK,PT Catur Sentosa Adiprana Tbk,Industrials,Building Products,Micro Cap,IDR,1511724548096.0,6047372673024.0,266.0,17535608256000.0,954888943000.0,,443129990000.0,0.054454281200840254,0.025270294792789878,,0.0609209667395367,3.143029537624461,0.34486244131023086,6.333063878637875,12.58000518280915,0.42421862111188924,0.2931287915897888,-2219321757000.0,-1.4680728442196767,0.07867845643560117,0.01966807081868228,-4327214648000.0,-2.8624359202541747,0,2026-03-31,,0,0.08620884579688001,11.806479,,2836598403000.0,0.1617621904862882,1.8763989819260816,1.2476754854116903,0.6942,,,-0.12968155145612764,0,0.43635912959688344,0.08303281814270135,151.50642196906986,0,,0.01498974896896452,-0.029344241243625106,,1.9949787376252057,-0.002487159374487978,0.051048825728359656,,,,-0.2519544536692875,-0.10305856470142277,-0.14063991137704612,,-1.3208261108529753,-0.010611473906451934,0.16556805099031613,,2.479708388780353,0,1,0,0,0,0,1,0,0.06988839304668219,-0.00896742630714549,0,0,888496281000.0,,0.0,,,,0,-0.12968155145612764,-0.14467130042509216,-0.10033731021250253,-2.1246602890813335,-0.14253474044644346,0.628050910041343,0.1908505823612341,growth-flip; first-positive: FCF; under-priced vs fundamentals
BDMN.JK,PT Bank Danamon Indonesia Tbk,,,,IDR,46326641328128.0,61992660369408.0,4740.0,22389490000000.0,,3119926000000.0,2336358000000.0,,0.10435065738433524,,,,2.768828605270062,,,0.8536406243752798,0.05043227682861268,,,0.3459241926582285,0.25850650552026044,-3833216000000.0,-0.08274323132664915,0,2025-12-31,,0,2.0691244565252713,11.668554,14.848634656119408,,,,0.3659279274597937,0.94697,2590.0,-0.45358649789029537,1.0970739640729792,0,0.3568493375648514,1.0353860768068386,,0,,0.03955656214946378,,13.061740565910084,3.0270451061215886,,0.15786619599810164,0.12628016049782415,,-0.5500096130034152,-0.6244221311356821,0.5229965996444642,,-0.83314515782649,-0.8524789842173449,-0.07457264559092255,,47.7587061726152,10.319005417865155,0,0,0,0,0,1,1,0,,,0,0,3488951000000.0,,0.0,,0.0,0.0,0,1.0970739640729792,1.0575174019235154,,-1.9299711420486094,1.0172774050282696,-0.04827455496772518,0.1903590334493048,first-positive: FCF/CFO
TAMU.JK,PT Pelayaran Tamarin Samudra Tbk,Industrials,Marine,Micro Cap,IDR,824999936000.0,825012322304.0,22.0,-9182250.0,-12595029.0,,-11580089.0,1.3716713223883035,1.261138500912086,,-0.40192012257205606,-0.9804015536605751,-89848.60162857687,-65503.01093423445,,43364.659229705874,-1.4036472604041511e-05,-3973054.0,-4.815823403894179e-06,1.5485358777046015e-06,1.5485126287959274e-06,-12348186.0,-1.4967499342933282e-05,0,2025-09-30,,0,-89847.25268861117,,,-8696864.0,0.9471386642707398,-1.0541654151110141e-05,0.716212239168782,0.8,,,0.6923076923076923,0,0.4726515067260394,-1.7439992337136587,,0,,-1.8183278706845454,-1.9284022980755593,,-2.970530248938338,1.7549782448240379,0.737409020156482,-0.056364277682559555,0.10976158487659818,,-0.08610576581732536,0.33742864945599954,-0.08246841831438073,,1.700655649281186,-0.5459945081601558,-0.22102754378860218,,-4.031897585852217,0,0,0,0,0,0,0,0,-0.09347303881644815,-0.3084470837556079,0,0,,,,,,,0,0.6923076923076923,2.5106355629922374,2.6207099903832516,3.66283794124603,-3.0680069113276662,-2.931394498207173,0.19024287563881637,
SMBR.JK,PT Semen Baturaja (Persero) Tbk,Materials,Construction Materials,Small Cap,IDR,1698463481856.0,2147401990144.0,171.0,2113048585000.0,239226520000.0,,174999752000.0,0.11321392309585726,0.08281861252139643,,0.05698328761735877,1.4018165001104392,1.0162577450361843,8.97643785540165,9.715168832905869,0.49517915941120794,0.10303415638278464,-290584298000.0,-0.17108657389705154,0.04275270370879625,0.033814770747758634,-448963839000.0,-0.26433529115939175,0,2026-03-31,,0,0.8037976475850885,12.214286,,629528424000.0,0.2979242543067224,0.3706458400342416,0.15206357516410265,0.89332,,,-0.2914317898861002,0,0.2704027076896689,-0.02806027781884626,,0,,0.01037430055757589,-0.11173941567146159,,0.20545513721174538,-0.01556409585431992,0.013402675655422205,-0.10346903602322377,-0.30389656686557887,,0.099408341568437,-0.2419036668566662,-0.34114393550591143,,-0.4588256834543351,0.1045363643606996,0.22604082944010973,,1.1624126553309806,0,1,0,1,0,0,0,0,0.06317505913092665,-0.006191771513567881,0,0,15823452000.0,0.0,0.0,,,,0,-0.2914317898861002,-0.30180609044367607,-0.1796923742146386,-0.49688692709784554,-0.29870721204718303,0.3192731509508358,0.19002772948385235,growth-flip; accelerating sales; under-priced vs fundamentals
BBRM.JK,PT Pelayaran Nasional Bina Buana Raya Tbk,Industrials,Marine,Nano Cap,IDR,1034497818624.0,1034487005184.0,122.0,13657298.0,6780019.0,,4195075.0,0.49643926639076047,0.30716727422949985,,0.19522076671184949,-1.5950557070710274,75746.095983554,152578.77672378204,152740.9339747795,22732.395752221506,4.055180131341338e-06,13817834.0,1.3357045081428295e-05,1.3325277977227234e-05,1.3325417265679547e-05,10814508.0,1.0453872212494878e-05,0,2026-03-31,74866.85819383849,0,75746.88775363912,9.320091,,6654805.0,0.4872709814196044,6.432884516713287e-06,0.06527393220910614,0.91056997,,,0.6266666666666667,0,0.3351190676318742,0.5416695617315654,281981.75560485554,0,,0.01687815612897519,-0.20874571609362355,,3.633739133273607,-0.14155822203381935,0.425763564763946,-0.011692414302351985,-0.0036462330952818666,,0.2684753380449017,-0.16362742185353404,-0.4034666867835858,,2.4241992304138122,-0.2446719934000325,-1.1816840373574282,,4.534199776986022,0,0,0,1,0,0,1,0,0.2607754136234545,-0.06555464691160504,0,0,887896.0,0.0,0.0,,,,0,0.6266666666666667,0.6097885105376916,0.8354123827602903,-3.0070724666069406,0.5996672333478164,0.2405510849902856,0.18900698470882682,growth-flip; first-positive: FCF; under-priced vs fundamentals
BOLT.JK,PT Garuda Metalindo Tbk,Industrials,Building Products,Micro Cap,IDR,1863281147904.0,2226695700480.0,795.0,1643421841644.0,203325289458.0,,55307281424.0,0.12372069319378351,0.033653733948596706,,0.1738264500104408,0.8464416217076162,1.3549142673268362,10.951395699057684,11.340135171976328,2.008017184236169,0.02968273547242992,227654212739.0,0.1221792068229143,0.07280539913667892,0.06092297553175181,-201684530902.0,-0.10824159903559073,0,2026-03-31,8.184698738872918,0,1.1337814191638487,12.360075,,377578610237.0,0.22975148599661335,0.2026417809581432,0.3635454834842917,0.9428,,,-0.2570913031986765,0,0.16787091553926617,-0.08099563046797244,,0,441.50286252672896,-0.0325467218595836,0.0627801665077582,,-0.6686198789270981,0.011097223189220892,-0.06459722668483435,0.03465967796434369,0.04498198732256917,,1.476090930041843,0.03373239670395327,0.03155032455114321,,-0.07558023454160243,-0.1780216543556659,0.10247206125264051,,0.3713624930596981,0,0,0,1,0,0,0,0,0.1636977601607307,0.010128689849710104,0,0,32970750583.0,0.0,,0.0,,0.0,0,-0.2570913031986765,-0.2245445813390929,-0.3198714697064347,0.41152857572842155,-0.23209863092375868,0.044295825105702014,0.1882984684939547,growth-flip
SINI.JK,PT Singaraja Putra Tbk,Materials,Paper & Forest Products,Nano Cap,IDR,5399224778752.0,6839576035328.0,11225.0,534021405626.0,7941673489.0,,-143105167920.0,0.01487145160349981,-0.2679764638877101,,0.053520505824680174,115.54871023230001,12.80768142114152,861.2260432012832,939.6830636349112,,-0.026504762032351973,-1568850275701.0,-0.2905695428490071,0.010061681232237376,0.007942784515355529,-899523322977.0,-0.16660231048667687,0,2025-12-31,,0,10.110502541415592,,,98107502782.0,0.18371455104312662,0.018170664642096452,,0.74233,,,2.857388316151203,0,0.3519589148804249,-19.28072018497033,,0,,0.227230957803127,-0.741881028878099,,-114.364451424823,-0.05583511334195987,-0.2708774527630781,0.31784225509428604,-0.39292068851870854,,0.47749590684375326,1.4504627565862531,4.549168398225055,,0.9624737958293328,-0.2358711318386121,-1.7938252996276924,,-115.45555770048114,0,0,0,0,0,0,0,0,0.11574977536728404,-0.06222926954260386,0,0,130778175377.0,1.0942587897977964,,,,,1,2.857388316151203,2.6301573583480757,3.5992693450293016,117.2218397409742,2.143164122143997,-31.398607641623894,0.1880485724087597,FCF break-even ETA 1.1q
PGAS.JK,PT Perusahaan Gas Negara Tbk,Utilities,Gas Utilities,Small Cap,IDR,45937657380864.0,45938278137856.0,1895.0,3975918206.0,552222685.0,,462286604.0,0.13889186255558497,0.11627165853220271,,0.2132590940090741,-0.505488759484772,11554.130582598811,83187.95910721415,84461.48223844048,16235.007925266333,1.0063347378975669e-05,-386154086.0,-8.406046542566146e-06,2.9655960091850405e-05,2.9655559355355098e-05,279142360.0,6.0765475628341645e-06,0,2026-03-31,,0,11553.974453382907,10.70682,,698323432.0,0.17563827921464037,1.5201546439564347e-05,0.3828119492817029,0.61702,2148.9614,0.13401656992084443,0.28294735150954475,0,0.26944500270431937,-0.084641873549846,,0,,0.049437277463316276,-0.16097977036980934,,-0.28475784943954713,-0.034832551891951224,-0.0543276450471044,,,,-0.20258438728797676,-0.11723968634217347,1.36091544345082,,-0.6618797248490499,-0.12156717826229275,0.7031048833510842,,-0.3794940083797022,0,1,0,0,0,0,0,0,0.23816578036887415,-0.024906686359800034,0,0,,,,,,,0,0.28294735150954475,0.23351007404622848,0.4439271218793541,0.5677052009490919,0.22250979554553793,-0.3669130481050531,0.18781735204768626,growth-flip
BULL.JK,PT Buana Lintas Lautan Tbk,Industrials,Marine,Micro Cap,IDR,5918874927104.0,5918986076160.0,382.0,145379945.0,34677801.0,,16051306.0,0.23853221983265988,0.11040935529312519,,0.11111514174860682,3.1218328405541054,40713.910547703126,170685.16184633508,172041.5034073541,29492.33087576654,2.7118846398488804e-06,-109102519.0,-1.843298267723017e-05,9.000374337368383e-07,9.000205324787787e-07,-108936438.0,-1.8404923121648165e-05,0,2025-12-31,,0,40713.14600582632,12.69103,,40308301.0,0.2772617708721791,6.810128866791604e-06,0.5693482842430363,0.23655,686.6667,0.7975568062827225,2.183333333333333,0,0.3017583414620795,0.05274190802148463,3261950.692744606,0,1788248.5602435316,0.036849405012751545,0.07584960046312864,,0.09107187015982461,0.008646936514807857,0.0054869597347563664,0.003257842649223343,0.2443974253119525,,-0.27432573052838666,0.0200820188329921,0.6280642666641668,,-1.164787771353499,0.09083030310562398,0.4355905860207373,,-2.273398196432043,1,1,0,0,0,0,0,0,0.11151542510276463,-0.00040028335415781546,0,0,1339804.0,,0.0,0.0,,0.0,0,2.183333333333333,2.1464839283205817,2.1074837328702043,2.0922614631735086,2.0701983508339707,-2.1041068687995663,0.18749502592950695,growth-flip; accelerating sales
FMII.JK,PT Fortune Mate Indonesia Tbk,,,,IDR,1446399967232.0,1494494609408.0,226.0,32025615338.0,15990426046.0,,-3105901392.0,0.49930113370925794,-0.09698178658614849,,0.020977096346791728,2.8693326604938916,46.6656016952376,93.46183804663838,96.39695975542294,2.088583287381132,-0.002147332316346644,107634102988.0,0.0744151724463747,0.0011148178439783954,0.0010789416588385912,-46543285578.0,-0.032178710337688037,0,2026-03-31,13.438119769468022,0,45.16384625140282,,,24356041613.0,0.7605175218632048,0.016839077824103224,0.06953630653818124,0.87872005,,,-0.4840182648401826,0,0.28174973273680265,-0.11385383161597397,,0,346.6800601252294,-0.09321549830143981,0.3772974354259132,,-1.3257020363911654,0.17057146495178632,-0.36698802295410193,-0.3340840938971762,-0.39483043715468313,,-2.3853149520383408,,-1.7145914204300294,,0.26528780144210157,0.07734218409037073,0.7712886394079762,,-0.8899908017481929,0,1,0,0,0,0,0,0,0.015030961149556314,0.005946135197235414,0,0,,,,0.0,,0.0,0,-0.4840182648401826,-0.3908027665387428,-0.8613157002660958,0.8416837715509827,-0.4309764511928726,0.13681156508461864,0.18722124677305368,growth-flip; accelerating sales; under-priced vs fundamentals
PPRO.JK,PT Pembangunan Perumahan Properti Tbk,Real Estate,Real Estate Management & Development,Small Cap,IDR,925135077376.0,2476606750720.0,15.0,313216059587.0,-4665759229951.0,,5978423446.0,-14.896296301355589,0.019087218752074912,,-0.72439774338775,-0.20293416732692052,7.9070235223110865,-0.5308046619340898,,0.1683840651939721,0.00646221680725463,3383850010738.0,3.6576820979869855,0.07512202203717125,0.028061789644155462,-946841964278.0,-1.0234634783966554,0,2026-03-31,0.27339718794871554,1,2.9536642488762017,,,22219894138.0,0.07094110744927536,0.02401799983741102,0.18498429252620194,0.79333997,,,-0.2857142857142857,0,0.23675742630242097,-6.927171871500652,,0,,-0.3168793303146829,-22.796881894135456,,1.006809121909386,-14.468678601251748,1.9339998653261115,-0.22697893369862016,0.026592222230993973,,1.012355469404762,-0.14659393578143967,0.9906004259973411,,0.2914458714251347,0.238748915401145,-23.159160403698184,,8.658759366713591,0,0,0,1,0,0,1,0,-0.054582299293258245,-0.6698154440944918,0,0,489847004246.0,0.0,0.0,,,,0,-0.2857142857142857,0.031165044600397207,22.51116760842117,-1.2925234076236718,0.045621580466527915,-7.083269748465965,0.18677940475206192,growth-flip; first-positive: FCF; accelerating sales; Graham net-net (mcap 0.27x NCAV)
VICO.JK,PT Victoria Investama Tbk,Financials,Capital Markets,Micro Cap,IDR,2160824680448.0,7269769543680.0,142.0,2584225042000.0,2424641845000.0,,-1724401416000.0,0.9382471749145754,-0.6672798955099669,,-2.060933788926303,0.5092872485668084,2.8131333090301354,2.998285935991507,3.0469303817880324,0.5797694316115019,-0.7980293040907339,181348234000.0,0.08392547328846753,3.8171010682319393,1.1345732689931696,4884736185000.0,2.2605888525797733,0,2026-03-31,11.915333459756768,0,0.8361596398646771,4.492249,,2348043830000.0,0.908606561672658,1.086642452414596,0.9024182025650157,0.90939003,,,-0.0273972602739726,0,0.41414136854551115,0.17987509412588348,16.93914544753858,1,11.253963656537733,0.01575006784857377,0.3065097087140319,,0.3508055383416219,0.2088039681616357,0.3767672108174859,-0.0038308020337996015,0.00014138643311172115,,-8.94916127006559,-0.08594153882863959,-0.1439627369657572,,-5.986053152705491,-0.13074495247287868,0.062038723392628004,,6.315921463649172,0,0,0,1,0,0,0,0,0.5357873894337964,-2.596721178360099,0,0,931815662000.0,,1.8505821337010324,0.0,,0.0,0,-0.0273972602739726,-0.043147328122546375,-0.3339069689880045,-0.3782027986155945,-0.042478292139261346,0.19943384696635166,0.1860947333193059,growth-flip; under-priced vs fundamentals; cheap+grow (EV/EBIT 3.0x); cash 382% of mcap
ASII.JK,PT Astra International Tbk,Consumer Discretionary,Auto Components,Large Cap,IDR,205327052046336.0,331824073015296.0,5125.0,321309000000000.0,48259000000000.0,,22817000000000.0,0.15019498364502706,0.07101263892390192,,0.1614531756015309,1.3656105596883483,1.0327257344652532,6.875900309067656,6.875900309067656,0.8821216765679376,0.11112515264111865,-36188000000000.0,-0.17624565121518174,0.24690365684770788,0.15277975325697085,-66139000000000.0,-0.32211537320992883,0,2026-03-31,,0,0.6390329933065554,6.527415,,69524000000000.0,0.21637738127472309,0.33860126713508054,0.5019440207935042,0.57728,6957.0454,0.3574722731707316,0.2105273902005178,0,0.33152852563819857,-0.11530667173868875,,0,,-0.021830857282026304,-0.15050432149835413,,-0.1709240216561898,-0.0227500967251629,-0.01277023979017504,-0.018100308038333658,-0.08106100997791149,,0.03342542687621722,-0.013987766970821217,-0.3280526079808698,,-0.13821138211382114,-0.05312792721744615,-0.048819957395224156,,-1.3724248966373729,0,0,0,0,0,0,0,0,0.21429110304712903,-0.05283792744559812,0,0,738000000000.0,0.0,,,,,0,0.2105273902005178,0.2323582474825441,0.36103171169887194,0.3814514118567076,0.23754403746258623,-0.32494712367937456,0.18322488254924307,
STTP.JK,PT Siantar Top Tbk,Consumer Staples,Food & Staples Retailing,Small Cap,IDR,12838000132096.0,7607243767808.0,9800.0,5095409478607.0,1314318390976.0,,1317590851583.0,0.25794166229311816,0.2585838993146449,,,,1.4929602419092909,5.787976353400134,5.868982875354447,1.704892144123822,0.10263209518816878,5612295033047.0,0.4371627181258415,0.40967090184266336,0.6913614513351481,,,0,2026-03-31,2.2874777709478424,0,2.519522755922983,11.46789,,1598386723998.0,0.3136915160025514,0.12450433927025041,,0.85993,,,-0.1288888888888889,0,0.14618564875150655,0.09918450988766608,59.17237360956374,1,,0.027312821952797835,-0.1392581737157889,,0.38183504472613716,-0.04991694164329835,0.0663420276597442,-0.008615142891260648,-0.03550824508898319,,0.24447344263895404,-0.11601219075672768,-0.1791020174812889,,-0.3160269675182801,0.015220445724370306,-0.41915459534837535,,0.3005547796589663,0,0,0,0,0,0,0,0,,,0,0,258837159910.0,0.0,0.0,,,,0,-0.1288888888888889,-0.15620171084168671,0.010369284826900027,-0.510723933615026,-0.15204882826709593,0.20215129697422718,0.18179337982872473,under-priced vs fundamentals; cheap+grow (EV/EBIT 5.9x)
BLTZ.JK,PT Graha Layar Prima Tbk,Communication Services,Entertainment,Micro Cap,IDR,2543156985856.0,3530503225344.0,2910.0,1164471493000.0,143072773000.0,,184151615000.0,0.12286498541188419,0.15814179746519566,,0.10124771208453955,1.89109641427024,3.0318502827823197,24.676275935072567,24.676275935072567,5.972712055157943,0.0724106360811291,-1122921916000.0,-0.44154644099645945,0.0524684841486838,0.0377950630499703,-987300342000.0,-0.3882184023601221,0,2026-03-31,,0,2.183958131344311,36.900837,,504324709000.0,0.43309322042802467,0.19830655826787255,2.632095879601165,0.91042,,,0.6166666666666667,0,0.2552910856648691,-0.07256388910375548,,0,2149.1510670804255,-0.007470797202990202,0.021731771435884163,,-0.022358842091861276,0.003511658607583984,-0.002408268269419367,-0.05303218158582773,-0.13109414474113168,,0.10370337752687121,-0.36231127135971397,-1.1015331038576606,,-0.9209290748165303,-0.03310742251597082,0.1977909841797037,,-0.2861521240451722,0,0,0,0,0,0,0,1,0.09206914373121833,0.009178568353321218,0,0,17302787000.0,0.0,,0.0,,0.0,0,0.6166666666666667,0.6241374638696568,0.5949348952307826,0.6390255087585279,0.6288353653583172,-0.619365955952989,0.18076968833267162,first-positive: NI
BSSR.JK,PT Baramulti Suksessarana Tbk,Materials,Metals & Mining,Small Cap,IDR,10361340166144.0,10361279348736.0,3960.0,682864935.0,120087081.0,,160024920.0,0.1758577353221395,0.23434344304119234,,0.5046549678109359,-0.5076154778048106,15173.248497136554,86281.38233067718,86322.91667462098,34676.234090851256,1.544442296401834e-05,132592674.0,1.2796865258149778e-05,5.883221670415026e-06,5.8832562030514536e-06,60958061.0,5.883221670415026e-06,0,2026-03-31,78144.13763270208,0,15173.337559270049,6.5189476,,218407175.0,0.3198394935888749,2.1079046870177298e-05,0.0,0.90740997,,,0.06998637990698862,0,0.24340791593437852,-0.09605972327575839,,0,,-0.27950312410361905,-0.3017063556343453,,0.5860478229561202,-0.0055916447834401806,0.1278878140531049,-0.0829265928318904,0.01562637816233666,,0.43183152079015485,-0.1116685620272088,0.05313891229165981,,0.2611529105941179,-0.0929695843449736,-0.16804955439933103,,-0.009164678831579232,0,0,0,0,0,0,0,0,0.7439136076583294,-0.23925863984739348,0,0,48262525.0,0.0,0.0,,,,0,0.06998637990698862,0.3494895040106077,0.3716927355413339,-0.5160614430491316,0.48506734130637646,-0.06837359883427001,0.18007228649974752,
INKP.JK,PT Indah Kiat Pulp & Paper Tbk,Materials,Paper & Forest Products,Mid Cap,IDR,42536894726144.0,42538270457856.0,7775.0,3204850000.0,866711000.0,,23527000.0,0.2704373059581572,0.007341061204112517,,0.10353145532723768,4.691470397860417,13273.092487278967,49080.10912271334,49493.60705767042,6077.359074148621,5.5309632147501e-07,642146000.0,1.509621245589713e-05,8.209195858045999e-05,8.208930364151903e-05,-1302295000.0,-3.0615657498843806e-05,0,2026-03-31,66241.78103755844,0,13272.663221724573,5.1203194,,1069910000.0,0.3338408973898934,2.5152517758716708e-05,0.6849646533052159,0.74199,13633.307,0.7534800000000001,0.388020460819097,0,0.3291945678933017,0.1825682093494336,271096.5246032522,0,1560271.498200494,0.0028534942396590953,0.032762721397113496,,1.0241617286106004,0.00783197403253516,0.3120381711924063,0.01058690571240094,0.009733723536621169,,-0.32893123021192844,0.00999362793316135,0.08622806670099417,,-4.302818198563271,0.07377489154021935,0.03591203868612822,,5.416588037285251,0,1,0,1,0,0,1,0,0.10435233048272718,-0.0008208751554895088,0,0,997257000.0,,0.0,0.0,,0.0,0,0.388020460819097,0.38516696657943794,0.3552577394219835,-0.6361412677915034,0.3840710221301697,-0.12208861508502196,0.1799644933883254,growth-flip; first-positive: FCF; accelerating sales
BLUE.JK,PT Berkah Prima Perkasa Tbk,Information Technology,"Electronic Equipment, Instruments & Components",Nano Cap,IDR,1400299978752.0,1398081191936.0,3350.0,148672475692.0,22789039921.0,,18044188769.0,0.15328351677018767,0.1213687246749127,,0.198392694864704,-0.09736380012899798,9.403766133768835,61.34884123168674,67.96349544760774,13.221924232813103,0.012885945185175008,62398724549.0,0.04456096943214417,0.0020825696802474047,0.002085874765943848,2218827528.0,0.001584537286058879,0,2026-03-31,22.441163483275737,0,9.418690125621884,89.28571,,51354921087.0,0.345423191804449,0.03667422828412055,0.006584946581447194,0.88025004,,,9.869929661654467,0,0.27690848024642833,0.12658940392715076,536.881392432491,0,,-0.07206243831541735,-0.038516053143068545,,0.936132437047732,0.005348095421618154,0.06319987409187305,0.053469597682874105,0.0443071064527174,,0.1358714902918569,0.13448600293728358,0.2711696512417581,,-1.1373077746109097,-0.2389155084251608,-0.0824061897737852,,1.0870050198798407,0,0,0,1,0,0,0,0,0.22954659861838886,-0.031153903753684847,0,0,2158422709.0,0.0,0.0,,,,0,9.869929661654467,9.941992099969884,9.908445714797535,8.933797224606735,10.714074427509047,-9.594745013124717,0.17982099353852826,growth-flip
WEHA.JK,PT WEHA Transportasi Indonesia Tbk,,,,IDR,185490472960.0,281402212352.0,127.0,330017014369.0,58866015346.0,,15689741659.0,0.17837266802305074,0.04754222047914451,,0.11707373718009248,1.620813201202742,0.8526900132408246,4.780384924951805,6.672930227928999,0.7009780767287714,0.08458516175320448,-105835223174.0,-0.5705695903682492,0.11993044825432743,0.07905394695750655,-95589760200.0,-0.5153351472698731,0,2026-03-31,,0,0.5620633630501203,7.844348,,120050944051.0,0.36377198394010113,0.6472081403172029,0.44530725536251164,0.68373,,,0.36273695728504146,0,0.4131811006099756,0.10210779599219993,65.3518192522611,1,214.268316672173,0.08427311304591051,-0.049858746894242224,,1.114387634018112,-0.025180948249761026,0.023162229520686473,0.038723592518859234,0.06072754341183964,,0.3343057285699315,-0.05897834160363565,-0.004535129517276485,,387.6523302066825,-0.09538102523300238,-0.13732933323820254,,1.2999031547238595,0,0,0,1,0,0,0,0,0.14940177871153537,-0.03232804153144289,0,0,3931011015.0,0.0,0.0,,,,0,0.36273695728504146,0.27846384423913095,0.4125957041792837,-0.7516506767330706,0.25682075935358933,-0.04905740775973334,0.17840811233680645,growth-flip; cheap+grow (EV/EBIT 6.7x)
IKBI.JK,PT Sumi Indo Kabel Tbk,Industrials,Electrical Equipment,Nano Cap,IDR,630359982080.0,630362341376.0,515.0,239921325.0,11826161.0,,13161719.0,0.04929182931112939,0.05485847912852265,,0.1664423164750739,-1.0998842312395376,2627.3710408026463,53302.364256329674,53302.364256329674,7498.927517241312,2.087968680462591e-05,40618723.0,6.443734398552764e-05,2.063488858712038e-05,2.0634811355650623e-05,13007408.0,2.063488858712038e-05,0,2025-12-31,15518.951250141468,0,2627.3612071790617,3.9839096,,20376100.0,0.08492825721098364,3.2324545623541876e-05,0.0,0.91960996,,,0.45198062984161463,0,0.3292521957661409,-0.036422024595754554,,0,602770.7790590717,-0.03173816588240999,0.13260783953925534,,-0.42033593223220356,0.007152444972044453,-0.036776270326333654,-0.0396990818109784,0.05922240913659591,,28.529908719733605,0.14318659054346305,-0.08689162754504683,,18.156211354759915,-0.03651731212530522,-1.2566056453012222,,-6.9435686550095514,0,0,0,0,0,0,0,0,0.14159605543062773,0.024846261044446177,0,0,13639807.0,0.0,,0.0,,0.0,0,0.45198062984161463,0.48371879572402465,0.3193727903023593,0.8723165620738182,0.4995743699480359,-0.5584693827000674,0.17798150696311743,
ADHI.JK,PT Adhi Karya (Persero) Tbk,Industrials,Construction & Engineering,Micro Cap,IDR,1504962019328.0,9570315403264.0,179.0,9490194319897.0,-4614794428747.0,,535278293047.0,-0.4862697509862038,0.05640330166103591,,-0.46721714890277105,-1.595511728309028,1.0084425124150533,-2.073833526288302,,0.49838681100264265,0.35567561584445434,-6977030667568.0,-4.636017771852743,0.8516019430100147,0.13391706812284312,-7030602417472.0,-4.671614517296141,0,2026-03-31,,0,0.15858073803322648,,,1341784934383.0,0.14138645523515084,0.8915739514689798,2.752698238129289,0.68431,,,-0.34191176470588236,0,0.33405604047933374,-3.2035828239939783,,0,,-0.28921544881795375,-6.691542377451584,,-0.6239635195720499,-0.5469972311289227,-0.05021027851793948,-0.21008595526631055,-0.009391802853310907,,-0.728722909913041,-0.5846881726452534,1.0677695451526341,,-1.5460587587925527,0.05879729236389375,-6.6452565700535935,,-8.492456615709747,0,0,0,0,0,0,0,0,0.050882880437679134,-0.5181000293404502,0,0,,,,,,,0,-0.34191176470588236,-0.05269631588792861,6.349630612745702,0.2820517548661675,-0.07413824034342602,-2.192995350574647,0.17773795320169292,accelerating sales; cash 85% of mcap
PCAR.JK,PT Prima Cakrawala Abadi Tbk,Consumer Staples,Food & Staples Retailing,Nano Cap,IDR,45500002304.0,57373061120.0,39.0,234349539169.0,-11341765779.0,,3416592326.0,-0.04839679147318887,0.01457904435449366,,-0.14759975869034353,-1.2739342230777344,0.24481832276455087,-5.058565150959992,,0.6922387513621584,0.07508993742841284,29877215540.0,0.6566420665295973,0.1441891176436983,0.11434992410947029,-14310633576.0,-0.3145194033263142,0,2026-03-31,1.5228996906717767,0,0.19415443471893454,,,22010142686.0,0.09392014494266829,0.48373937519702154,0.3175358137954639,0.31191,,,-0.22,0,0.3295906556324448,-1.5274107859673764,,0,,-0.05115364084243131,-6.558916883874115,,3.3990342670992377,-0.05665759485333224,0.020345228416751487,0.0065030784268008375,-0.2114870115589223,,1.4962354295475,-0.056678464045241884,0.7069958286008788,,1.4296265416033977,0.04112452543192598,-4.797163352624787,,-2.7049856863794313,0,0,0,0,0,0,1,0,0.018592244501236803,-0.16619200319158034,0,0,10301615286.0,0.0,0.0,,,,0,-0.22,-0.16884635915756868,6.3389168838741154,-3.619034267099238,-0.1779491036962807,-0.8503454192057696,0.17524443737807835,first-positive: FCF
CTBN.JK,PT Citra Tubindo Tbk,Energy,Energy Equipment & Services,Micro Cap,IDR,4642155003904.0,4642094710784.0,5800.0,192882480.0,21594867.0,,52750907.0,0.11195867556244611,0.2734872913288962,,0.33489643832846433,-2.788818426156549,24066.958859010938,214962.87570486078,218566.4972073544,37544.75561439941,1.1363452309463403e-05,85133676.0,1.8339257506137458e-05,1.3513279058377877e-05,1.3513454573486169e-05,60224163.0,1.29733201388907e-05,0,2026-03-31,54527.8346010103,0,24067.27144893616,54.64481,,46385754.0,0.24048712977974981,9.992288917752661e-06,0.02027262567396126,0.88691,,,0.39822455709568005,0,0.2564989919014536,0.02833502174840492,7713652.000978552,0,,-0.2403724112226208,-0.4096067995343424,,1.4699502127468498,-0.03209260872255455,0.1893768948515569,-0.25503204359980913,-0.37165098752369635,,-0.1252780883839309,-0.6009760694003393,-1.881927294386176,,-1.0823004459017398,-0.16581256327038724,-0.8609127228084781,,-5.301510247934866,0,0,0,0,0,0,0,0,0.36023762679461546,-0.025341188466151132,0,0,31393834.0,,0.0,,,,0,0.39822455709568005,0.6385969683183008,0.8078313566300225,-1.0717256556511696,0.8406711100976769,-0.12490088976571793,0.17392127786399236,
ITMG.JK,PT Indo Tambangraya Megah Tbk,Materials,Metals & Mining,Small Cap,IDR,25336081285120.0,25676694421504.0,22725.0,1881107000.0,328761000.0,,207366000.0,0.17476996258054434,0.11023615349897693,,0.27963296309336483,-2.609406225190944,13649.778785313116,78101.40017065285,86674.14165857874,13214.637701820397,8.184612200537382e-06,742837000.0,2.9319332837642564e-05,3.707862275259315e-05,3.6586757803731867e-05,857871000.0,3.3859656130162154e-05,0,2026-03-31,34107.1880979542,0,13468.708204860222,8.019239,,482837000.0,0.256677052395212,1.9057288085177262e-05,0.04253747768967816,0.66313004,28231.908,0.24232818481848173,0.09293559615488665,0,0.24687454543576773,-0.2465956186159109,,0,,-0.18372338952925518,-0.3419976582905521,,-0.4281609353886882,-0.04203873797319907,-0.04712139567552838,,,,0.25109956741298484,-0.18372338952925518,-0.3419976582905521,,9.673529411764706,-0.15431785572266254,-0.09328668431466808,,-2.1271276099020984,0,0,0,0,0,0,0,0,0.4933540970363213,-0.2137211339429565,0,0,41619000.0,0.0,,,,,0,0.09293559615488665,0.2766589856841418,0.4349332544454388,0.5210965315435748,0.33892798364587845,-0.4108962572243852,0.17391897435666706,
INAF.JK,PT Indofarma (Persero) Tbk,Health Care,Pharmaceuticals,Small Cap,IDR,390507724800.0,1085341302784.0,126.0,206244490610.0,-237170497751.0,,-145351378679.0,-1.1499482824948757,-0.7047527827245266,,3.0094293899679667,-3.4162730272365156,5.262401432270676,-4.576207045462609,,,-0.3722112763670482,-1308041969914.0,-3.3495930729255576,0.08875429046058143,0.03193395104848206,-811074485979.0,-2.0769742426846864,0,2025-09-30,,0,1.8934213643477844,,,-37280830462.0,-0.18076037014000312,-0.09546758769264684,,0.88005996,,,0.0,0,0.21323529411764705,-0.514979921066195,,0,,-0.6061022725980262,0.6014042130596166,,0.2691096656052075,-0.01355389513452332,-0.3249413302645993,0.2299167185695209,-0.10930848350466561,,-14.123798503721568,1.2039740763773223,-3.2985086373551704,,-105.50457488002267,-0.13228749767428982,0.7932053985981737,,2.112909385974964,0,1,0,1,0,0,0,0,5.109709691126752,-2.100280301158785,0,0,53517551226.0,,2.7159572018755807,0.662775182289704,,0.6928862889222595,0,0.0,0.6061022725980262,-0.6014042130596166,-0.2691096656052075,1.5387300571538889,0.08813720202226595,0.1739130434782609,growth-flip
BIPI.JK,PT Astrindo Nusantara Infrastruktur Tbk,Industrials,Transportation Infrastructure,Micro Cap,IDR,11276705071104.0,11277353091072.0,177.0,330002331.0,108216246.0,,-187470918.0,0.3279257018339061,-0.5680896781301826,,0.11538764954077042,6.623060459886957,34173.55585610091,104211.27610610332,104425.99273602314,24182.17723302659,-1.662461834533431e-05,-439743458.0,-3.899573991048333e-05,2.4698220911503645e-05,2.4696801700790324e-05,-469598116.0,-4.164320278299394e-05,0,2025-12-31,,0,34171.59217309892,590.0,,66965464.0,0.20292421510198363,5.938389234954428e-06,1.6042800656716503,0.31474,,,1.1325301204819278,0,0.18561873214784397,-0.5549127800130381,,0,,-0.41381763295512464,-0.141798171573344,,-2.21820607528138,0.10394078622465316,-0.464614591566313,-0.23685010087544747,0.07434715385966251,,-0.2598703930556623,-0.44353644147455906,1.5571524297664727,,-5.690511376279858,-0.4471067971700846,-0.38322537101988274,,-0.699278210719277,0,0,0,0,0,0,0,0,0.10523415853074497,0.010153491010025453,0,0,,,,,,,0,1.1325301204819278,1.5463477534370524,1.2743282920552719,3.350736195763308,2.637997729670144,-2.0571374137518776,0.1730789018744155,
PBID.JK,PT Panca Budi Idaman Tbk,Consumer Discretionary,Distributors,Micro Cap,IDR,3660000002048.0,3465087025152.0,488.0,5147311748000.0,579677294000.0,,147613195000.0,0.11261748314063841,0.028677725816268162,,0.1928127694889694,-0.3500937747615141,0.6731838277521014,5.977613856912601,6.282620737255966,1.1947461904772654,0.04033147402114785,1534770815000.0,0.4193362880167211,0.11836478162775654,0.1250228631648859,202941412000.0,0.05544847319301681,0,2026-03-31,2.3847208757667184,0,0.7110507739248748,8.612778,,997525425000.0,0.19379541668281328,0.27254793017536116,0.07516901982129792,0.87821,,,0.14521158161076603,0,0.27831173282125754,-0.08726171244605667,,0,,-0.018792957658527384,-0.11714104164446931,,-0.6710385640870676,-0.012545280970848643,-0.05686052717429756,-0.01180222434746387,0.0978092060924279,,-0.45702240518882453,-0.0017870878137670255,0.37086952399948225,,-0.3935264697704007,-0.1256478787271624,-0.44497187191473775,,-0.3283313053823578,0,0,0,0,0,0,0,0,0.24885174926804488,-0.05603897977907549,0,0,,,,,,,0,0.14521158161076603,0.16400453926929343,0.26235262325523534,0.8162501456978337,0.16714570135771364,-0.41420243607412083,0.17234681057067144,
TAXI.JK,PT Express Transindo Utama Tbk,Industrials,Road & Rail,Nano Cap,IDR,163578347520.0,162091679744.0,16.0,3503062000.0,-19509592000.0,,-4924620000.0,-5.569296803767675,-1.4058044076867608,,,,46.2714276093315,-8.308306998116619,,4.439115497166283,-0.03010557371841581,32595231000.0,0.19926372587921348,0.004066626238039649,0.004103924402847849,,,0,2025-12-31,5.018474865847707,0,46.69581854960032,,,141110000.0,0.04028190194749622,0.0008626447334831225,,0.0,,,1.2857142857142858,0,0.12826042594445405,-3.29810213826337,,0,,-0.10154860220569377,-10.094507734188005,,0.4042361173279652,-5.118286031774856,0.7142417579967477,0.10114305616327433,-5.012508498123479,,0.4978951261073796,1.0466252584150133,-10.619024399876656,,-0.7453372690923398,0.09465038173539682,-10.66402963054372,,2.1669871770823006,0,0,0,1,0,0,0,0,,,0,0,4883331000.0,1.0084550893642066,1.4738017142309903,,,,1,1.2857142857142858,1.3872628879199795,11.380222019902291,0.8814781683863206,1.5440600252008103,-4.5496543587361975,0.17232519086769843,growth-flip; FCF break-even ETA 1.0q; accelerating sales
BBKP.JK,PT Bank KB Bukopin Tbk,Financials,Banks,Small Cap,IDR,10521702039552.0,25171628916736.0,56.0,1307608000000.0,,-4278199000000.0,-5362747000000.0,,-4.101188582510966,,,,19.250133768481074,,,1.3038710327654894,-0.5096843628379671,,,0.7708714777809228,0.322223088018244,-13904971000000.0,-1.3215514892676106,0,2026-03-31,,0,8.046526206288123,,,,,,2.7282496950278006,0.87495005,,,-0.13846153846153847,0,0.1178633298101624,0.06048080613964313,,0,,-0.051640870286065316,,0.42539709955882005,0.28472415899106,,1.3364333975863785,0.2900555048016685,,0.6340570307307656,0.5816289871846672,0.8564164854100167,,-268.5054111459492,-1.9464213300892133,-0.008475278622946846,,1.2034218835839934,1.0437711646316692,0,0,0,0,0,0,0,1,,,0,0,7455414000000.0,0.7193090819637917,2.512171231073506,,1.3507447536363117,0.0,1,-0.13846153846153847,-0.08682066817547315,,-0.4231856974525985,-0.09154830217289296,0.25500318281403583,0.17148513022179596,first-positive: NI; FCF break-even ETA 0.7q; under-priced vs fundamentals; cash 77% of mcap
PPRE.JK,PT PP Presisi Tbk,Industrials,Construction & Engineering,Micro Cap,IDR,1022427136000.0,3636845871104.0,100.0,4002511494236.0,-1166932624202.0,,699389638558.0,-0.29155009945193033,0.17473769646013212,,-0.44832305853232546,-0.5225103881939742,0.9086409561450121,-3.1165859927783197,,0.9792057275158307,0.6840483922347694,15842999442.0,0.01549548020016558,0.2168193367688551,0.06095445927014396,-1586561822866.0,-1.551760283938708,0,2026-03-31,64.534947422237,0,0.25544639596223345,,,-242477543282.0,-0.060581348393675044,-0.23715875170394538,1.7318032941646213,0.81411004,,,0.639344262295082,0,0.3585743146651907,-0.9466023277663346,,0,,0.055846198228988626,-3.1514752948875384,,0.49614874651892643,-0.4346296248506615,0.05142366573692582,0.027747896520774435,-0.12870488018217385,,-0.22282606046342593,0.004296257093706169,1.049154994190065,,-0.4276642862841458,-0.07373203417070158,-3.054941108602395,,-216.77142171980395,0,0,0,0,0,0,0,0,0.13306081379814505,-0.5813838723304705,0,0,231929674978.0,,0.0,,,,0,0.639344262295082,0.5834980640660934,3.7908195571826204,0.14319551577615558,0.5526354738453546,-1.267537152717556,0.17126476431906001,
FUJI.JK,PT Fuji Finance Indonesia Tbk,,,,IDR,366599995392.0,265733160960.0,282.0,14052905600.0,9111667863.0,,23932045484.0,0.6483831972086969,1.7029962461286299,,0.10445787222163352,-11.070073716316276,18.909481677582747,29.16405261423871,31.233217537863318,2.010791905063836,0.06528108506496247,179552661337.0,0.489778133098466,0.28073564530177264,0.3872971137745653,100866834922.0,0.27514139713543795,0,2026-03-31,2.041740805522973,0,26.087131432235623,62.527714,,10966543278.0,0.7803755031272679,0.029914193714797067,0.011248868927783992,0.70904,,,-0.15568862275449102,0,0.2166376342117093,0.29926114485173494,104.36776733356885,0,,0.0030740996517458507,-0.13867892518850883,,1.5769983870854694,-0.10670849947569627,4.6635442554989615,-0.07915296464556826,-0.12446700322321042,,-0.034750534876071236,-0.22376848324425894,-0.37653587005676314,,-1.4487552111929525,-0.3777896392226235,-0.7295625185858283,,8.922702049262593,0,0,0,1,0,0,1,0,0.10975925230655417,-0.005301380084920648,0,0,65408843374.0,,0.0,,,,0,-0.15568862275449102,-0.15876272240623687,-0.017009697565982196,-1.7326870098399603,-0.1582761657003777,0.5166838988781393,0.17111422453295666,growth-flip; first-positive: FCF; under-priced vs fundamentals
VICI.JK,PT Victoria Care Indonesia Tbk,,,,IDR,3588779933696.0,3616422756352.0,535.0,1449234286495.0,191821776139.0,,149555037591.0,0.13236077694720053,0.10319590074887176,,0.14753624901404908,0.13272779069958585,2.4954024273731377,18.853035505892866,21.39652593974207,3.210091336114723,0.04167294745124613,501484020120.0,0.1397366317760068,0.014258506237048801,0.01414951860318937,-27642873344.0,-0.007702582452731019,0,2026-03-31,7.156319622781283,0,2.4763283391366144,28.732544,,799682806542.0,0.5517967757139169,0.22282859950078507,0.07049710053470923,0.95698,,,-0.12318032789509022,0,0.2248704226570283,0.2982041681645344,71.75126381176712,0,,0.03212077382442435,-0.2559691041257922,,2.0971850378139347,-0.05125029120102792,0.06880640459800191,0.027339195546300387,-0.07545996533431654,,-0.06950371412140591,-0.05043336774141689,0.29991130067292543,,0.6252956362580832,-0.026189334176862505,-0.13961438374360702,,3.0704195527030063,0,0,0,1,0,0,0,0,0.20398584019547863,-0.05644959118142956,0,0,101267629585.0,,0.0,,,,0,-0.12318032789509022,-0.15530110171951456,0.132788776230702,-2.220365365709025,-0.1504679545825449,0.5983364114450956,0.1710315351390823,growth-flip; under-priced vs fundamentals
CTRA.JK,PT Ciputra Development Tbk,Real Estate,Real Estate Management & Development,Small Cap,IDR,12140879544320.0,14637425754112.0,655.0,12664265000000.0,3536947000000.0,,-170715000000.0,0.2792856119166805,-0.01348005588954432,,0.1378293171789033,-0.10775027163256899,1.1558053905309151,4.138435140281152,4.387321693729673,0.493789824449692,-0.014061172370322006,6737932000000.0,0.5549789020971121,0.6797485280925114,0.563811228738879,381107000000.0,0.03139039462575818,0,2026-03-31,1.8018702985307657,0,0.9586722596471252,4.816885,,5955328000000.0,0.47024663492117386,0.490518662858009,0.320152648905078,0.62804,1152.2222,0.7591178625954198,-0.3173124010545362,0,0.39872271239015433,-0.03722107790476115,,0,32.20132248306849,0.13199476382930514,0.019586324827717022,,-1.0814675468397235,-0.030790977582464296,-0.20078596204517335,-0.10670031283174448,-0.19730174054460842,,-1.6621813992637904,-0.39465837233235784,-0.2389225631523298,,0.941832057295281,-0.08237369562522479,0.1760641058354693,,-0.9823636184904715,0,1,0,0,0,0,0,0,0.16967328368266432,-0.031843966503761034,0,0,,,,0.0,,0.0,0,-0.3173124010545362,-0.4493071648838413,-0.3368987258822532,0.7641551457851873,-0.3969162925841881,0.10474175939127382,0.17018804190803233,growth-flip; under-priced vs fundamentals; cash 68% of mcap
UNTR.JK,PT United Tractors Tbk,Industrials,Machinery,Mid Cap,IDR,83940379459584.0,95747336830976.0,23800.0,127914977000000.0,18330187000000.0,,6372956000000.0,0.1432997716913165,0.04982181249972003,,0.178477590390553,0.27048611124370964,0.7485232697260775,5.22347845283717,5.22347845283717,0.874145628666615,0.0759224111331124,-15009043000000.0,-0.17880599416668855,0.2310198634417289,0.20253195171613766,-6677393000000.0,-0.07954923533810164,0,2026-03-31,,0,0.6562201036051001,7.0323486,,27322214000000.0,0.2135966767988396,0.3254954787660357,0.27148262009731905,0.62404996,32683.334,0.37324932773109243,0.15891769169799283,0,0.3239672461662412,-0.2574121262179992,,0,,-0.04844280610952868,-0.32918556126358045,,-0.610410028395088,-0.05997243111425385,-0.07186587853984333,-0.04704588865804787,-0.17323253759092433,,-0.5541519839429243,-0.07398988448646397,-0.6743096140782529,,-1.6230916839385325,-0.06870273672103222,-0.14671515764503928,,-1.474240750368443,0,0,0,0,0,0,0,0,0.3031237599227809,-0.1246461695322279,0,0,,,,,,,0,0.15891769169799283,0.20736049780752153,0.4881032529615733,0.7693277200930808,0.21791700923380297,-0.48826382362072523,0.1691516428624908,
BAPA.JK,PT Bekasi Asri Pemula Tbk,Real Estate,Real Estate Management & Development,Nano Cap,IDR,157504716800.0,160222085120.0,238.0,3861872911.0,-5457891023.0,,-2380345069.0,-1.413275669288331,-0.6163706377338112,,-0.047040138063853265,-0.49544969963758106,41.488181722301114,-29.356043285732714,,1.387310904589428,-0.015112849426741739,8482356787.0,0.053854620733491586,0.001878607434821914,0.0018467462321339187,-2704110468.0,-0.017168441192994165,0,2026-03-31,18.568508818373523,0,40.784541705494775,,,-258686377.0,-0.06698469446344761,-0.0016424040006908541,0.02642417826161435,0.52075,,,3.76,0,0.2689608996011999,-0.2440683100398319,,0,,-0.050228713300683285,-0.2538908847915983,,-0.9100252847879197,-0.3427768984930477,-0.3098767193828184,-0.037138314417514105,-0.016119882918698532,,-0.019183419321611436,-0.9696120124271764,-0.1467321314439551,,0.45445125764082434,0.4856463518483337,0.554900672296047,,-0.2771664002486056,0,0,0,0,0,0,0,0,-0.03552837459392509,-0.011511763469928174,0,0,,,,,,,0,3.76,3.810228713300683,4.013890884791598,4.670025284787919,4.011732894707885,-4.164714960960066,0.1684288010830172,accelerating sales
SUPR.JK,PT Solusi Tunas Pratama Tbk,Information Technology,Communications Equipment,Small Cap,IDR,49882865860608.0,51366298910720.0,43850.0,1908054000000.0,977655000000.0,,923118000000.0,0.5123832973280631,0.48380077293409934,,0.10239756939695711,1.5173184814684118,26.920778400779014,52.54031218652797,52.77345018649264,6.218222366290096,0.018505713015357785,-1861754000000.0,-0.03732251481305144,0.0010270059491601067,0.0009973465304370691,-1483414000000.0,-0.029737946575588335,0,2025-12-31,,0,26.143319770094557,46.2963,,1417621000000.0,0.7429669181270551,0.02841899669440366,0.19130331588724372,0.99914,,,0.0,0,0.2526958306009212,-0.04080225339262132,,0,1517.8429509487814,0.04988865882720631,-0.011023193519410208,,-0.28522193615826863,-0.03155808664794202,-0.22682112542877003,0.053804940040306344,-0.04619117444763469,,-0.1378562542728098,0.22707528469994545,-0.19602279050099042,,-0.8924168987432162,0.09081388983335395,0.3698012024695755,,-0.28076810318705014,1,1,0,0,0,0,0,0,0.11533179049276113,-0.012934221095804013,0,0,,,,,,0.0,0,0.0,-0.04988865882720631,0.011023193519410208,0.28522193615826863,-0.04751804718315104,-0.04970960591683037,0.16835165032386176,growth-flip; accelerating sales
GEMS.JK,Golden Energy and Resources Limited,Energy,,,IDR,45294121123840.0,45294146289664.0,7700.0,2414053508.0,375567116.0,,227673438.0,0.15557530715677906,0.0943116783640075,,0.4971399413786086,0.05778980660276977,18762.693593809105,120602.00257166284,125694.90839960825,64472.40483452466,5.02655603753766e-06,94024460.0,2.0758645419551236e-06,2.4756743528241224e-06,2.47567297731779e-06,-22310979.0,-4.925800180336625e-07,0,2025-12-31,481727.0008659449,0,18762.683169092372,9.881423,,771244761.0,0.3194812204634861,1.702748042933247e-05,0.1913704974497904,0.98149,,,-0.10658977289581825,0,0.16843380620981355,-0.2628487569892006,,0,,-0.10773059551071645,-0.42522099299193206,,-0.5111914407944484,-0.08593505591754272,-0.0778445237021082,-0.006884346446395458,-0.02501074710840531,,0.035087363245801646,0.13961397702877226,0.43443666026065214,,-0.18238702083561117,-0.04007846355874917,-0.35759704082588084,,-1.0596711468963367,0,0,0,0,0,0,0,0,1.055403289022588,-0.5582633476439793,0,0,7717668.0,0.0,,,,,0,-0.10658977289581825,0.0011408226148982015,0.3186312200961138,0.40460166789863017,0.0012785629644569872,-0.2414579035365474,0.1667326821172076,
FAST.JK,PT Fast Food Indonesia Tbk,,,,IDR,1112019042304.0,3360163364864.0,246.0,,70933416000.0,,,,,,,,,47.37066892230314,,,,,,,,,,0,2025-12-31,,0,,,,,,,,0.78547996,,,0.41379310344827586,0,0.7857142857142857,1.2097557525347058,,0,,,1.2097557525347058,,,,,,2.4358120886357617,,,,34.24978828634286,,,,4.234671373888282,,,0,1,0,0,1,0,0,0,-0.600263213535075,,0,0,,,,0.0,,,0,0.41379310344827586,,-0.79596264908643,,,0.79596264908643,0.16666666666666669,growth-flip; first-positive: EBITDA; under-priced vs fundamentals
MTFN.JK,PT Capitalinc Investment Tbk,Financials,Capital Markets,Micro Cap,IDR,509473325056.0,698463158272.0,16.0,509094127888.0,-27758973557.0,,-6165565251.0,-0.054526210451806535,-0.012110855170492981,,0.056310154694651934,0.4934555191629487,1.371972529264099,-25.161706964336513,,,-0.012101841151982387,-528164545994.0,-1.0366873396874028,0.02837634772421289,0.02069828888866042,13697818708.0,0.026886233359704106,0,2025-09-30,,0,1.0007448468706035,,,17930930464.0,0.03522124786311576,0.035195032952959955,,0.45551997,,,3.0,0,0.279383794406954,-3.8428767788140576,,0,,0.04706585471259143,-0.034419995828513586,,-22.045865050965098,0.0006665868463851601,-0.01156061056512237,-0.028421649781983298,-0.14787667831500437,,0.43900195326033464,0.015822499945727802,0.8928963443779431,,2.909766542033213,-0.06321269468940384,-1.5441686721325159,,0.24989706605180795,0,0,0,0,0,0,0,0,0.0670265978938699,-0.010716443199217968,0,0,4824785405.0,1.2778941928920877,,,,,1,3.0,2.9529341452874087,3.0344199958285136,25.045865050965098,2.820199065796065,-8.463354564469272,0.16660618254513332,FCF break-even ETA 1.3q
BBLD.JK,PT Buana Finance Tbk,Financials,Consumer Finance,Micro Cap,IDR,1102683439104.0,6541985447936.0,670.0,848385000000.0,-30382000000.0,,-270448000000.0,-0.035811571397419806,-0.3187797992656636,,-0.007420898533162571,-180.335823843065,7.71110456683699,-215.32438443604767,,0.7810965969716203,-0.24526350030227723,1255481000000.0,1.1385688362384019,0.15405509321699196,0.025966734617790282,-5478963000000.0,-4.968754227824446,0,2026-03-31,0.8782956007331055,0,1.2997441481214307,119.005325,,291789000000.0,0.3439346523099772,0.2646171962436445,4.001408927599964,0.73037004,,,0.049148440443397036,0,0.24341176201467055,-0.49652547277066356,,0,,0.08037913267606137,-2.5030920694602483,,0.7277042007059908,-0.061551893784992935,0.9460323790280611,0.01099915986915409,-0.25379663255199736,,0.42824404403261646,-0.05019981141394639,0.8701298701298701,,-0.7353221307571943,-0.1253144244640173,-1.430046902491418,,0.32661318172141407,0,0,0,0,0,0,0,0,0.0006008303494234364,-0.008021728882586007,0,0,202565000000.0,1.3351171228988226,0.374184729220799,,,,1,0.049148440443397036,-0.03123069223266433,2.5522405099036454,-0.6785557602625938,-0.02890715979982589,-0.45338672440214034,0.16538223159828758,FCF break-even ETA 1.3q
AGRS.JK,PT Bank IBK Indonesia Tbk,,,,IDR,3063320674304.0,6101658501120.0,64.0,721581000000.0,,-611278000000.0,-655814000000.0,,-0.908857079108236,,,,8.455957821949303,,,0.5237353405024392,-0.2140859771884652,,,0.7565861515711488,0.3798419724038271,-2995104000000.0,-0.9777311350795819,0,2026-03-31,,0,4.245290098137285,17.021276,,,,,0.9083232546632869,0.0,,,-0.058823529411764705,0,0.14958430642452547,0.06795556039269728,,0,,0.02814360763091864,,0.15704861245180401,0.14757946591625454,,0.1873572409041886,-0.0074361714858725125,,0.5149565087672803,0.4994886620346061,0.015338331615913962,,1.4911275570994647,1.4483041321467116,-0.1579076743515512,,0.014958076069102266,0.00619386059079674,0,0,0,0,0,0,0,0,,,0,0,654474000000.0,1.0020474457350483,5.776010427951136,,5.367455174472719,,1,-0.058823529411764705,-0.08696713704268334,,-0.20640299532801926,-0.08458656592056797,0.1259855660970902,0.1636138868417168,FCF break-even ETA 1.0q; under-priced vs fundamentals; cash 76% of mcap
HDFA.JK,PT Radana Bhaskara Finance Tbk,Financials,Consumer Finance,Micro Cap,IDR,608447430656.0,3149890060288.0,93.0,140909819000.0,,-95913944000.0,-95935243000.0,,-0.6808272388739638,,,,22.35394298737975,,,1.2345814454698463,-0.15767219675258887,,,0.12441343193508893,0.024032277810063854,-2487785754000.0,-4.088743954950691,0,2026-03-31,,0,4.317991712529274,,,,,,5.201485936693407,0.94977,,,-0.1308411214953271,0,0.15815717031669604,0.30347742672921585,,0,,0.026360782353779928,,0.8567738323485614,0.8577107154800878,,4.230114438119693,0.008249756099627283,,0.7035464524256037,0.6987167085279323,0.028229232280684115,,-0.22607592376100988,-0.22616300125091854,-0.07672847380577291,,0.42919840142019067,0.43543736783736453,0,0,0,0,0,0,0,0,,,0,0,222486806000.0,0.4311952008515957,0.16589426009475516,,0.1671691667552819,,1,-0.1308411214953271,-0.157201903849107,,-0.9885518369754149,-0.1531643711956646,0.4329727040067288,0.16256516609045873,FCF break-even ETA 0.4q; under-priced vs fundamentals
SDPC.JK,PT Millennium Pharmacon International Tbk,Health Care,Health Care Providers & Services,Nano Cap,IDR,242060001280.0,1051726970880.0,190.0,4147595967442.0,133690264317.0,,-93141364203.0,0.03223319372630515,-0.022456711052413397,,0.09759608716116222,6.05365330449188,0.2535750779815337,7.866892748346992,9.492735019063613,0.7435893880043225,-0.3847862666713773,87943614066.0,0.3633132843136371,0.16460120096798506,0.03788375502404611,-809688820319.0,-3.344992216960299,0,2026-03-31,2.7524454600914923,0,0.058361519101699955,6.329114,,361427248908.0,0.08714138304336998,1.4931308229232114,2.6096964217812912,0.85016996,,,0.49606299212598426,0,0.5718407361699502,0.1734905585808839,54.716147649256406,0,59.37765569850569,0.0589073544722197,0.11348618795801038,,0.3328429823112061,0.0015799478539823483,0.013186437202305994,0.009194007827389647,-0.025777028515774583,,-3.388463917127033,-0.08094936230413319,-0.16828565426688127,,-2.178784104579763,-0.11525364408290366,0.17863471226790847,,1.5129194270715405,0,1,0,1,0,0,0,0,0.08971352563563728,0.00788256152552494,0,0,46467995713.0,,2.00441966075465,0.0,,0.0,0,0.49606299212598426,0.43715563765376453,0.3825768041679739,0.16322000981477813,0.4128365298507644,-0.34894724537182026,0.1618127434922084,growth-flip
GJTL.JK,PT Gajah Tunggal Tbk,Consumer Discretionary,Auto Components,Micro Cap,IDR,4163927801856.0,8099603152896.0,1195.0,17260917000000.0,2172067000000.0,,-304224000000.0,0.12583728894588855,-0.017625019574568374,,0.13962529819789474,1.9933491922670894,0.4692452407306055,3.7289840289898977,3.9254168914098946,0.38393616091814337,-0.07306178552481081,-2460842000000.0,-0.590990554375876,0.3203922026230503,0.1647105388765866,-3932573000000.0,-0.9444383253348251,0,2026-03-31,,0,0.2412344490073152,3.274421,,3614509000000.0,0.2094042280604211,0.8680527549946697,0.4856141771162151,0.69233,,,0.14232063985750865,0,0.4542761825084651,-0.42009477092743214,,0,,-0.042610605602593575,-0.05452547087270875,,-1.735305918238112,-0.0015858008836375226,-0.04057330055287295,-0.022055388723945833,0.039560469013007984,,0.5262282521350751,-0.0758079721296454,-0.1398782537463102,,-1.144554291298733,-0.08261401688642869,-0.08730480659836294,,-1.6511568892821968,0,0,0,0,0,0,0,0,0.1676964987635474,-0.028071200565652654,0,0,337908000000.0,0.900316062360169,,,,0.0,1,0.14232063985750865,0.18493124546010223,0.1968461107302174,1.8776265580956206,0.19316199504852485,-0.7531346380953133,0.1597733941677157,FCF break-even ETA 0.9q
META.JK,PT Nusantara Infrastructure Tbk,Industrials,Transportation Infrastructure,Micro Cap,IDR,4123410563072.0,4282966776857.0,238.0,293530329349.0,162541105132.0,,41225792400.0,0.5537455209227896,0.14044815229632912,,0.03719568579212545,0.9816360831029421,14.591223967744277,26.350053258089964,27.884073523345492,1.0374794949835646,0.009997983894498779,-85063420098.0,-0.020629384049165974,0.06052394272159754,0.058269203974573,-155035041874.0,-0.037598740048455585,0,2025-12-31,,0,14.047647383549831,,,156786158237.0,0.5341395507057988,0.03802341674174498,0.10180027136670725,,,,0.011173851842137114,0,0.21235887770618112,-0.11927854343982987,,0,,-0.06815514307197876,-0.5913809401111305,,0.6240302897764054,-0.7090563558647621,0.059861054133032804,-0.06768192351472647,-0.5505891269338328,,0.5586393210646592,0.042724730347537695,-0.20646825253610934,,-1.4107165321577058,0.7451225109648513,-0.7463204377207235,,-0.40518740620102434,0,0,0,0,0,0,0,0,0.09296192416365748,-0.05576623837153203,0,0,14775932036.0,0.0,0.0,,,,0,0.011173851842137114,0.07932899491411587,0.6025547919532677,-0.6128564379342682,0.08513111847355888,-0.023009116311038413,0.15961843670141643,accelerating sales
BNBR.JK,PT Bakrie & Brothers Tbk,Industrials,Industrial Conglomerates,Micro Cap,IDR,21851600322560.0,38552146542592.0,126.0,3924356000000.0,989673000000.0,,-527695000000.0,0.2521873652645173,-0.13446664879536924,,0.05015929596565974,16.886053272141403,9.82381479727935,38.954428930153696,39.89571452049884,5.648989078876345,-0.024149032208647794,-14246124000000.0,-0.6519487721588993,0.06992270485665729,0.03963263104719648,-15396851000000.0,-0.7046097664574252,0,2026-03-31,,0,5.568200316831603,70.0,,901442000000.0,0.22970444067765514,0.04125290535674563,4.375325471688358,0.78314,,,2.8181818181818183,0,0.27752815150510246,0.20315942069498985,196.37639438042913,0,39.20646564086478,0.014070371236503221,1.1475927079241974,,-0.45242086199256304,0.13310718112563016,-0.04058294880790185,0.04845960684194089,0.19193336456668542,,-0.3606979670562025,0.042575174935963196,-0.6293651356450911,,0.8899582668521473,-0.062171089549363845,0.6303002533671842,,0.021344212639719917,0,0,0,0,0,0,0,0,0.128393911636656,-0.07823461567099627,0,0,,,,0.0,,0.0,0,2.8181818181818183,2.8041114469453152,1.670589110257621,3.2706026801743815,2.7652040001189775,-2.627626809374074,0.15839535442825778,
MYOH.JK,PT Samindo Resources Tbk,Materials,Metals & Mining,Micro Cap,IDR,2636543426560.0,2636470026240.0,1195.0,162303494.0,23125828.0,,29855367.0,0.1424850903086535,0.18394777748900465,,0.21109275937156438,-3.363761115926314,16244.074365028766,114005.43263748221,122037.30538566264,14636.692013975982,1.132367731903944e-05,110288690.0,4.183078833027147e-05,3.555212216712823e-05,3.555311195161953e-05,77789761.0,2.950444897526126e-05,0,2026-03-31,23905.83682297795,0,16244.52660618631,9.920305,,26781924.0,0.1650113829342454,1.0157968091935968e-05,0.08851792991053595,0.73210996,,,-0.3074820971405651,0,0.1522330331425983,-0.09577204681127605,,0,,-0.09609523273233908,-0.13491505226085643,,-0.11265354166959547,-0.006393875544525474,-0.0034325534286975268,-0.01798550773848274,0.39370525801306633,,-0.0926892193810384,-0.019568747770628763,0.20687443533991925,,-0.9108796379631963,-0.42491655922257293,-0.3230425761568243,,-0.43345087291447176,0,0,0,0,0,0,0,0,0.2239317276379626,-0.012838968266398215,0,0,,,,,,0.0,0,-0.3074820971405651,-0.21138686440822604,-0.1725670448797087,-0.19482855547096967,-0.23385966316696163,0.19292748825296813,0.15795424286335888,under-priced vs fundamentals
IRRA.JK,PT Itama Ranoraya Tbk,Health Care,Health Care Providers & Services,Micro Cap,IDR,569954926592.0,1445573689344.0,378.0,1102987158235.0,131372817270.0,,-371119491482.0,0.11910638876360335,-0.33646764489612496,,0.07957119625481945,6.65210546837807,1.3105988392985526,11.003598152066942,12.407962637688856,0.9684455268485685,-0.6511383166754595,-223644977109.0,-0.39239063770580473,0.19375347077235006,0.07639233200288348,-875618725440.0,-1.5362946868021516,0,2026-03-31,,0,0.5167375905845013,8.8732395,,268703728737.0,0.2436145577315512,0.4714473306576934,1.6754573994356337,0.81174004,,,,0,0.3143127767138643,0.09816563123251833,126.3982361433499,0,33.64296584747752,0.12838911342206374,0.26920984456458363,,0.18618650912761997,0.013215032030570076,0.13005992165055258,0.0025234434647774975,0.015727840653397482,,-1.2489967965366269,1.8084432833036808,0.12069430364615782,,-2.1647101668249618,-0.27827561451653404,-2.0598119714851637,,5.88919610348134,0,0,0,1,0,0,0,0,0.08658406211300827,-0.007012865858188819,0,0,84905747279.0,,4.370958425965001,0.0,,0.0,0,,,,,,,0.157406999994658,growth-flip
HEAL.JK,PT Medikaloka Hermina Tbk,Health Care,Health Care Equipment & Supplies,Small Cap,IDR,15165843046400.0,19376642195456.0,990.0,7017337000000.0,1220426000000.0,,-420321000000.0,0.1739158316039261,-0.059897508128795865,,0.11223262845979917,2.1651046437883164,2.7612529076850665,15.876949684336452,20.629316160681036,2.6527369504753757,-0.027714977579157654,-2358531000000.0,-0.15551598369995379,0.05569317824375714,0.04359031825431934,-2651964000000.0,-0.17486426517050838,0,2026-03-31,,0,2.1611963407771353,37.176117,,2420572000000.0,0.34494167801831377,0.1596068212360001,0.6116082493521577,0.75372005,1574.091,0.589990909090909,-0.1885111116847844,0,0.1941759969867902,0.06342096525696245,325.275972655057,0,,0.04468512749176403,-0.09301658457120604,,0.6327046894006124,-0.026404570755457213,0.11046686655885203,0.010512744708527082,0.02543364063198438,,0.3607887925397149,-0.033791186462718836,0.009589658902479137,,0.6855045530570526,-0.0993369307469548,-0.2766236064060894,,3.676847285739118,0,0,0,1,0,0,0,0,0.1541309658016634,-0.04189833734186424,0,0,237241000000.0,1.7717047222023175,0.5805161819605633,,,,1,-0.1885111116847844,-0.23319623917654844,-0.09549452711357836,-0.8212158010853968,-0.22322155550968814,0.3432820307213029,0.15604628438554558,growth-flip; FCF break-even ETA 1.8q; under-priced vs fundamentals
CLAY.JK,PT Citra Putra Realty Tbk,Consumer Discretionary,"Hotels, Restaurants & Leisure",Micro Cap,IDR,7478699884544.0,7742643240960.0,2910.0,151165907328.0,33898505368.0,,36998746536.0,0.22424702743619945,0.24475589231717484,,0.08357348990781498,11.416797344945406,51.219506949804504,228.40662610066025,228.4973324394998,405.57480571953477,0.004947216375464428,-470747503635.0,-0.06294509886776971,0.003787378244116697,0.0036582681592711563,-387012366083.0,-0.0517486156762122,0,2026-03-31,,0,49.47345613000361,587.8788,,71730713151.0,0.47451647278746917,0.009591334624784672,22.523999944678657,0.81403,,,2.383720930232558,0,0.2508719969137335,-0.14094354095113712,,0,,-0.34456132032484327,0.09690911635194448,,-0.2874117388932552,0.09025217463318705,0.01962942355676278,0.06434052500681207,0.3912819925843268,,0.31778928321885763,-0.11451419968895443,-0.5958788179041633,,0.3697739510349839,-0.41120893627304733,-0.2515804338788423,,-0.559300436741703,0,0,0,0,0,0,0,0,0.0904246650413028,-0.006851175133487819,0,0,8922371195.0,0.0,,0.0,,0.0,0,2.383720930232558,2.728282250557401,2.2868118138806133,2.671132669125813,4.162528601317168,-2.562075577854609,0.15591547629891153,
PJAA.JK,PT Pembangunan Jaya Ancol Tbk,Consumer Discretionary,"Hotels, Restaurants & Leisure",Micro Cap,IDR,761600016384.0,1155435986944.0,476.0,1025719000000.0,215188000000.0,,226760000000.0,0.20979235053655046,0.22107419283448976,,0.09327352322934121,1.353286428611261,1.1264644478107553,5.369425743740357,5.692840502672901,0.42266544298511904,0.29774159023345825,-930653000000.0,-1.2219708245525605,0.5233074992464941,0.3449355953107564,-374100000000.0,-0.4912027205253868,0,2026-03-31,,0,0.7425035671407081,4.9578166,,421639000000.0,0.4110667736485334,0.553622624644757,0.42879841145281256,0.90008,,,0.023447290086118146,0,0.3329055440230317,2.0805186449891715,2.736260266825213,1,,-0.18972949615964016,-0.38974187364229845,,14.864025434091465,-0.06875953796622661,0.23399467530660242,-0.1470786091743272,-0.3993457192622036,,2.7526892397312417,-0.35671563158547165,-1.1093686655813026,,2.589557926829268,-0.10806602261412172,0.10969366417930371,,7.724275577896685,0,0,0,1,0,0,1,0,0.1472933480089572,-0.05401982477961598,0,0,166334000000.0,0.0,0.0,,,,0,0.023447290086118146,0.2131767862457583,0.4131891637284166,-14.840578144005347,0.26309335615129187,4.738070731343724,0.1548165757081436,growth-flip; first-positive: FCF; under-priced vs fundamentals; cheap+grow (EV/EBIT 5.7x); cash 52% of mcap
SMRA.JK,PT Summarecon Agung Tbk,Real Estate,Real Estate Management & Development,Small Cap,IDR,4721450418176.0,19467459362816.0,286.0,8896223405000.0,2937483017000.0,,1111646478000.0,0.3301943851082953,0.12495712252181239,,0.12808430252905123,3.5026496621273915,2.188283553206924,6.627258523760855,6.857025156119458,0.3987097992858905,0.2354459709500568,-6800919010000.0,-1.4404300390021556,0.835729855556626,0.2026898837933018,-10323682933000.0,-2.1865490513799073,0,2026-03-31,,0,0.5307252530913706,6.5747128,,4438021313000.0,0.49886576707433755,0.9399699075341567,1.2050122163706458,0.60637003,563.75,0.9711538461538463,-0.34902664992725246,0,0.31982385797967383,-0.08127702727930149,,0,,-0.16257870073362982,-0.17282629797105392,,1.6235778727357144,-0.004090675344669392,0.08507198818589545,0.014748146992483332,0.01865856170090529,,0.36409137600293473,-0.051899229687734263,0.010959911753492903,,-0.4748577884101246,-0.7701395124918912,-1.1331855349022022,,1.5956763554225237,0,0,0,1,0,0,0,0,0.18955545209838603,-0.061471149569334804,0,0,296710985000.0,0.0,0.0,,,,0,-0.34902664992725246,-0.18644794919362265,-0.17620035195619854,-1.972604522662967,-0.2226453391583925,0.7784176079375961,0.1532966964024176,growth-flip; under-priced vs fundamentals; cash 84% of mcap
MCOR.JK,PT Bank China Construction Bank Indonesia Tbk,,,,IDR,2616461361152.0,3732470497280.0,69.0,1079766000000.0,,739478000000.0,726166000000.0,,0.6725216389476979,,,,3.4567401615535216,,,0.36268443412103485,0.27753744457371876,,,1.0546396904501028,0.7393022937517931,2734404000000.0,1.045077156727463,0,2026-03-31,,0,2.4231744296004876,8.679246,3.538254500001352,,,,0.003468182131958924,0.22306,,,0.0,0,0.3745627786365389,-0.26120465733319603,,0,,-0.04010987789862964,,-0.7006882957344284,-0.7033942162023288,,-1.5039257312279197,-0.002400301562136213,,2.396073388596753,2.655743894641985,-0.02537194759424941,,-1.0595212965955791,-1.0630656358355501,-0.1438100306025196,,-0.02505635430431538,-0.020955445678620982,0,0,0,0,0,0,0,0,,,0,0,527529000000.0,0.0,,,,0.0,0,0.0,0.04010987789862964,,0.7033942162023288,0.04178590546470255,-0.3717520470504792,0.1528765424125708,cash 105% of mcap
MPRO.JK,PT Maha Properti Indonesia Tbk,,,,IDR,89482506272768.0,90214429097984.0,9000.0,4196110000.0,-16181050000.0,,-26458543000.0,-3.8562025304389067,-6.305493182971848,,-0.01610993767181567,-14.932955463335198,21499.538643644708,-5575.313659990174,,112.38542096013619,-0.00029568397334945977,-485213252000.0,-0.005422436990320015,9.13038910096597e-05,9.05631292210059e-05,-241630899000.0,-0.002700314386182263,0,2026-03-31,,0,21325.109749927433,,,1127466000.0,0.2686931467478212,1.2599848249256281e-05,0.3137371952422244,0.80967003,,,3.4554455445544554,0,0.31019946249276154,-0.06692324378800052,,0,,-0.44601464458071033,0.2404359821088748,,0.015040299205987932,-1.043694724546273,-2.7590020125751193,-0.1549515600159983,0.13839364825398123,,0.5736609642963291,0.05733956218888225,-0.8127692695121038,,-0.3152555540051816,-0.9186150669079094,-0.6218098991032199,,-0.5289444866299058,0,0,0,0,0,0,0,0,-0.019862838169992753,0.003752900498177083,1,0,35601322000.0,0.7431899017682546,65.4880389880724,3.159111257928015,,14.417812221799178,1,3.4554455445544554,3.901460189135166,3.2150095624455806,3.4404052453484675,7.042533075955237,-3.518958332309738,0.1521739130434783,ROCE improving from <=0; FCF break-even ETA 0.7q
INAI.JK,PT Indal Aluminium Industry Tbk,Materials,Metals & Mining,Nano Cap,IDR,107078402048.0,752089432064.0,169.0,784200302513.0,-34265883828.0,,99373306158.0,-0.04369532084875976,0.1267192907724652,,-0.05194465697470746,-18.769754622510185,0.9590527186152575,-21.94863660424361,,1.5204353806841657,0.9280424834268068,-346116615734.0,-3.2323662766170758,0.22260534407596916,0.03169333793932585,-645011000949.0,-6.023726434205295,0,2026-03-31,,0,0.13654470892814394,,,70978827529.0,0.09051109429765025,0.6628678255506871,9.497143835190675,0.77351,,,0.049689440993788817,0,0.29389457698687554,-0.2854412875698216,,0,,-0.25940284317454587,-1.5403698374566162,,5.11926391246047,-0.030956769985013677,0.149501988957241,-0.035738552842875235,0.0234693267368643,,0.12603036470374349,-0.22407106061407936,1.021337062617025,,-1.5199589511306202,-0.0701072501702795,-0.17660855630299532,,3.850843915525494,0,0,0,0,0,0,1,0,-0.018178241386495528,-0.03376641558821193,0,0,11122305765.0,0.0,0.0,,,,0,0.049689440993788817,0.3090922841683347,1.590059278450405,-5.069574471466681,0.41735548309859705,1.056807636282647,0.1521739130434783,first-positive: FCF; under-priced vs fundamentals
EMDE.JK,PT Megapolitan Developments Tbk,Real Estate,Real Estate Management & Development,Nano Cap,IDR,217750011904.0,890839695360.0,65.0,202104153468.0,-71183359293.0,,514751550149.0,-0.352211263705032,2.546961758658279,,-0.03361009107854986,-4.6290348461596595,4.407824777836891,-12.514718386542949,,0.12175647336888658,2.3639564730583795,347914704241.0,1.5977712294885478,0.4774565196434333,0.11670580394824673,-329510250634.0,-1.5132502072113412,0,2026-03-31,0.6258718279212623,1,1.0774148287777632,,,111859371527.0,0.5534738876344328,0.5137054668741682,0.2423814305735567,0.74627,,,-0.3229166666666667,0,0.32954977099519084,2.3822202492656785,,0,,-0.8507280284149467,-1.1167439939048103,,16.630494310745036,-0.8025579409874768,2.571285365814151,-0.02335781453673484,-0.08382705684926277,,0.018584726310809402,-0.45916450396909375,0.9715723118482956,,-1.0178605748655554,-8.605508795444452,-5.060687978579777,,16.869964152290304,0,0,0,1,0,0,1,0,0.2838481961414697,-0.31745828722001956,0,0,9391969495.0,0.0,0.0,,,,0,-0.3229166666666667,0.52781136174828,0.7938273272381435,-16.953410977411703,3.5359040022295094,5.210590762808427,0.1521739130434783,growth-flip; first-positive: FCF; under-priced vs fundamentals; Graham net-net (mcap 0.63x NCAV)
TCPI.JK,PT Transcoal Pacific Tbk,Industrials,Marine,Mid Cap,IDR,55124999274496.0,56474088767488.0,11025.0,1921845000000.0,264753000000.0,,64121000000.0,0.13775980893360287,0.03336429316620227,,0.07624778848499257,4.154170113275392,29.385350414569334,213.30858863728835,228.69003250705822,25.909694326468262,0.001163192759073034,-932399000000.0,-0.01691426779630601,0.002308117944209502,0.0022529801326028457,-1111148000000.0,-0.02015688008388022,0,2026-03-31,,0,28.683374192245473,416.6667,,483673000000.0,0.25167118055826565,0.008774113494161531,0.582061231952517,0.8,,,0.870344423123677,0,0.27988982163300036,0.37011912195075386,617.8822409977687,0,1183.9363103617256,-0.002232438367827967,0.2172775591275242,,1.8075387579814364,0.024842037945437392,0.07458808472914275,0.005857156764123698,0.0014676678077657783,,-0.6343068649089488,0.05334521716884125,7.2811080431103585,,6.925611052072264,-0.06124218652836298,0.379653769457954,,1.4038983418511584,0,1,0,0,0,0,1,0,0.0650948778755429,0.011152910609449673,0,0,143524000000.0,,0.0,0.0,,0.0,0,0.870344423123677,0.8725768614915049,0.6530668639961528,-0.9371943348577594,0.8745291940180164,-0.19614979687663273,0.15136092462206102,growth-flip; first-positive: FCF
JSMR.JK,PT Jasa Marga (Persero) Tbk Class B,Industrials,Construction & Engineering,Small Cap,IDR,21555878821888.0,117440730103808.0,2970.0,29890247000000.0,10001954000000.0,,-7425973000000.0,0.33462266136509344,-0.24844133941081184,,0.09279614420269948,6.933920611912432,3.9290652266543,11.741778666829301,11.875053664798157,0.5814171397397936,-0.3444987356516224,-88397314000000.0,-4.100844819661943,0.2707962430217789,0.04970380373862073,-69499760000000.0,-3.224167317614971,0,2026-03-31,,0,0.721167637787938,6.150087,,11786710000000.0,0.39433297423069136,0.5467979337512181,2.032031716920224,0.75829005,4508.75,0.5180976430976432,-0.26357942512665217,0,0.2903182831351606,-0.6984043215852171,,0,61245.25414376242,-0.058750281364895914,0.05895366807589394,,-0.08998788327135528,0.037193703560821634,-0.033901944609540796,,,,,-0.2678307532555421,-0.0015694559009652863,,0.4721133542543618,-0.13776726208755063,0.1677005475295557,,0.5735688818701297,0,1,0,0,0,0,0,0,0.0995537176556388,-0.006757573452939314,0,0,,,,0.0,,,0,-0.26357942512665217,-0.20482914376175626,-0.3225330932025461,-0.1735915418552969,-0.21761402920659204,0.23365125960653307,0.1510245381169474,growth-flip; under-priced vs fundamentals
KONI.JK,PT Perdana Bangun Pusaka Tbk,Consumer Discretionary,Specialty Retail,Nano Cap,IDR,795600027648.0,746796417024.0,2550.0,304685660200.0,27047975318.0,,17790264749.0,0.08877337811121574,0.058388913798313374,,,,2.451038938077336,27.610067232167978,28.74242396258127,4.4705719011196035,0.022360814644002257,142498666196.0,0.17910842288085763,0.06134225321393839,0.06535100763804491,,,0,2026-03-31,5.583210347763472,0,2.611215858093738,38.907536,,68358554000.0,0.22435763453760335,0.08592075367579563,,0.78613,,,0.8214285714285714,0,0.26468278368952075,0.5896488207675811,48.744986762062105,0,299.10562507653657,0.09114567362932252,0.019895353617163315,,3.1367024472316567,-0.006201745675722334,0.08820626658952198,0.04848474242172175,0.08168305424874421,,-0.5118062445636232,-0.23932285956881813,-0.7521992363973131,,-2.102617568782822,-0.07182946465879206,-0.07367238967544117,,6.988178242733755,0,0,0,1,0,0,1,0,,,0,0,26116302271.0,,0.0,0.0,,0.0,0,0.8214285714285714,0.7302828977992488,0.8015332178114081,-2.3152738758030855,0.6692808443901105,0.028544228950579537,0.15060161199082947,growth-flip; first-positive: FCF
BEST.JK,PT Bekasi Fajar Industrial Estate Tbk,Real Estate,Real Estate Management & Development,Micro Cap,IDR,984025726976.0,1730555281408.0,102.0,364871370348.0,101671213840.0,,239206700740.0,0.27864946965564874,0.6555918610765598,,0.018259837505808413,7.33827348975221,4.742918798363007,17.021093936493912,18.1879102618024,0.22040006748955912,0.24308988493126477,889910835979.0,0.9043572861796779,0.37707278953292017,0.21441055933278821,-746091173193.0,-0.7582029135415043,0,2026-03-31,1.1057576637927589,0,2.6969113143557273,13.563829,,214017911289.0,0.5865571504962916,0.21749219092746325,0.2502148415768598,0.62668,,,0.0967741935483871,0,0.34923803741377035,0.6627523682213171,27.442995504663056,0,,-0.20262341150584448,-0.4536519259235539,,4.384707598007021,-0.1280300338372799,0.5585107118934096,-0.12839285009289028,-0.24601349477182236,,-0.14768812275161425,-0.505543884229488,-0.6222114822711324,,-0.7069405789753763,0.09275342539403875,-0.053630598262060236,,2.8163078242611688,0,0,0,1,0,0,0,0,0.032857652780727546,-0.014597815274919133,0,0,194783359939.0,,0.0,,,,0,0.0967741935483871,0.2993976050542316,0.550426119471941,-4.287933404458634,0.3754782989297986,1.1460365599774873,0.1490232284321908,growth-flip; accelerating sales; under-priced vs fundamentals
HOKI.JK,PT Buyung Poetra Sembada Tbk,Consumer Staples,Food & Staples Retailing,Micro Cap,IDR,590342914048.0,695625908224.0,61.0,1381557703014.0,-12987361943.0,,8370217828.0,-0.009400520814054188,0.006058536541571569,,-0.027408032314082814,-24.048539510931224,0.5035083997624027,-53.56175574970653,,1.0547901349541533,0.014178569148234798,208434996832.0,0.353074445160618,0.5077862904129417,0.4309328258939301,-36380564319.0,-0.061626155668638966,0,2026-03-31,2.8322638857227047,0,0.42730239407308906,,,87256333186.0,0.06315793614384833,0.1478061836766712,0.600610630846965,0.7419,,,-0.34416026936424643,0,0.20791643981436894,-0.23345307515648606,,0,,0.0638209245426987,-1.4911642513461214,,1.1008937575073112,-0.02976126717574882,0.0699395744200879,0.14079982048476958,-1.0030660373628186,,-0.9179214363987318,0.38684362672729744,-0.0020361443992379,,-1.0018677651696015,-0.0785052112745466,-1.7635530625657851,,2.3652900474554226,0,0,0,1,0,0,1,0,0.032114946854224155,-0.05952297916830697,0,0,91330928528.0,,0.0,,,,0,-0.34416026936424643,-0.40798119390694515,1.147003981981875,-1.4450540268715577,-0.38350551723009474,0.27238418900668065,0.147824158675826,growth-flip; first-positive: FCF; under-priced vs fundamentals; cash 51% of mcap
BBYB.JK,PT Bank Neo Commerce Tbk,Financials,Banks,Micro Cap,IDR,3551228067840.0,1414627328000.0,266.0,2493276000000.0,,2575162000000.0,2529090000000.0,,1.0143642340438845,,,,0.5673769482399863,,,0.8249394152946629,0.7121733529038856,,,1.0125252254460397,2.541805837360439,3557159000000.0,1.001670107367564,1,2026-03-31,,0,1.4243220838126225,6.661658,1.3790309377973113,,,,0.008954814760612195,0.59046,575.0,1.1616541353383458,-0.036231884057971016,0,0.39341922101440996,8.511841295654786,,0,,-0.16912042821052084,,20.358763177320494,25.8737647433854,,0.983002252257228,-0.09363927346489195,,-0.1532381424627481,-0.15190204934620982,-0.1208325339307707,,-1.2310239638204725,-1.236527181118045,-0.09274805232381793,,34.37393609867345,44.07653251811915,0,0,0,0,0,0,0,0,,,0,0,2434980000000.0,,0.0,,0.0,0.0,0,-0.036231884057971016,0.13288854415254983,,-25.909996627443373,0.15993719025531647,12.888554041645412,0.14705882352941174,"under-priced vs fundamentals; cash 101% of mcap; cash > EV (2.54x, net cash 100% mcap)"
BINA.JK,PT Bank Ina Perdana Tbk,Financials,Banks,Small Cap,IDR,24293477974016.0,23450125074432.0,3960.0,705927000000.0,,3433935000000.0,3337017000000.0,,4.727141758283788,,,,33.218909426090796,,,7.845537056221744,0.1373626700783326,,,0.1487475364320027,0.15409704590189813,3574836000000.0,0.14715208764358895,0,2026-03-31,,0,34.41358380401373,,7.0745305237332685,,,,0.012517152590804177,0.72733,,,-0.0896551724137931,0,0.2153860663565252,0.7281380903294173,,0,,-0.0717703538025191,,2.02560002114612,2.3279549785932905,,3.4086524307413133,0.008006339958875942,,-0.059981128093272225,-0.06081851627531021,0.08127984998095461,,-0.1442063595887372,-0.08070749752657698,-0.08774009030384906,,-11.865958203210887,-53.85548470920551,0,0,0,0,0,0,0,0,,,0,0,2334294000000.0,,0.0,,0.0,,0,-0.0896551724137931,-0.017884818611274,,-2.4176101510070835,-0.01926766580289651,1.2177474848091787,0.14705882352941174,under-priced vs fundamentals
AISA.JK,PT FKS Food Sejahtera Tbk,Consumer Staples,Food & Staples Retailing,Micro Cap,IDR,407212032000.0,1092569595904.0,107.0,1981735000000.0,125751000000.0,,-54658000000.0,0.06345500281319147,-0.02758088240859651,,0.07970119915383832,0.5464051975729816,0.5513197253437013,8.688357117669044,10.918162426965393,0.35165995694192687,-0.1342249140614784,-358771000000.0,-0.8810422379660923,0.3581352920338071,0.13348074168157079,-97581000000.0,-0.23963191735945563,0,2026-03-31,,0,0.2054825857140334,15.220483,,761284000000.0,0.38415025217801574,1.8695027164619733,0.21021079111653054,0.77404,,,-0.27702702702702703,0,0.4718920945611487,-0.40405134347987526,,0,,0.03182045381178994,-0.1766019303047367,,-1.2537028699272654,-0.01606202814556143,-0.13975351416292583,0.012133952543875642,-0.19273434591138444,,0.7308163958808378,0.018245394816397274,-0.2253964991607577,,1.0624952430887364,-0.10766532431133065,-0.5732796793228416,,-4.111488288130108,0,0,0,0,0,0,0,0,0.12303540186069957,-0.04333420270686125,0,0,148393000000.0,0.3683327380671595,,,,,1,-0.27702702702702703,-0.30884748083881697,-0.10042509672229033,0.9766758429002385,-0.2993228906229383,-0.06702009367904822,0.14683135765357516,FCF break-even ETA 0.4q
HRUM.JK,PT Harum Energy Tbk,Materials,Metals & Mining,Small Cap,IDR,10453102100480.0,10454482026496.0,795.0,1338626499.0,82506234.0,,-645989220.0,0.06163499233104603,-0.4825761483749023,,0.05902348215672099,5.602647492067084,7809.857368209771,126711.4194849325,126711.4194849325,11172.606197168541,-6.179880515759399e-05,-1008345420.0,-9.646374925905464e-05,1.480696203980373e-05,1.4805007613741792e-05,-462253345.0,-4.422164258577113e-05,0,2026-03-31,,0,7808.826516051211,14.491432,,216789302.0,0.16194905910046534,2.073923127470889e-05,0.6595033538499092,0.82563,1445.7142,0.8185084276729557,-0.06470588235294118,0,0.16499959094934954,-0.9047891174519821,,0,,0.033316639262472365,-0.3585262831187293,,-4.778218953250119,-0.037649610389898704,-0.3962772441863546,,,,-0.1646125329118053,0.09865631900197275,3.4505700614511974,,-0.10042051355714192,0.18922160200883195,0.8168091151771935,,-3.66797982331025,1,0,0,0,0,0,0,0,0.11827551523112367,-0.05925203307440268,0,0,,,,,,,0,-0.06470588235294118,-0.09802252161541355,0.29382040076578814,4.713513070897178,-0.09486203733772924,-1.2036122281774557,0.1461188976114721,growth-flip; accelerating sales
JAYA.JK,PT Armada Berjaya Trans Tbk,Industrials,Transportation Infrastructure,Nano Cap,IDR,101845417984.0,211388678144.0,129.0,84360315968.0,23488973036.0,,-10813599121.0,0.2784362856690812,-0.12818348291988227,,0.06513239295960555,2.5020327594964167,2.5057833854508686,8.999485751038094,13.746679483666334,0.8047724847923146,-0.10617658933560295,-217698631318.0,-2.137539769851999,0.02177536408509223,0.010491200742024922,-109543235836.0,-1.0755833497900644,0,2026-03-31,,0,1.2072669099844593,15.789474,,40299054006.0,0.47770155366993233,0.39568843452860114,0.8831240988738085,1.20092,,,0.4946249048638127,0,0.34951226686315673,-0.650861192719907,,0,371.7830821521097,-0.1623405233575107,0.20148015253112955,,-1.8459066448146804,0.0843134007920476,-0.25511724077019843,0.14146225328048545,0.2588879208337478,,-0.2646399288029649,0.3094413787741287,0.13668163024002336,,-1.3535526353367895,-0.4536832670022458,0.01537883283989671,,-1.4035718346576203,0,0,0,0,0,0,0,0,0.07010600012063876,-0.004973607161033219,0,0,,,,0.0,,0.0,0,0.4946249048638127,0.6569654282213234,0.29314475233268317,2.3405315496784933,0.7842869883769185,-1.0968805767441667,0.14571642193565124,
JIHD.JK,PT Jakarta International Hotels & Development Tbk,Consumer Discretionary,"Hotels, Restaurants & Leisure",Micro Cap,IDR,1043410059264.0,2186969088000.0,448.0,1598481849000.0,-67983081000.0,,340624689000.0,-0.04252977976730219,0.2130926223610813,,-0.0189700087644026,-1.0511681281405885,1.3681538450800388,-32.16931412684871,,0.29742141758839613,0.3264533305729002,-1655524308000.0,-1.5866478315991823,0.5639712515471461,0.26907251694999723,-75526372000.0,-0.07238417085347515,0,2026-03-31,,0,0.6527506458185626,,,1236750999000.0,0.7737034985875526,1.1852971782468522,0.18926573182045536,0.66371,,,-0.4026666666666667,0,0.3776432102532296,-0.6776454173509169,,0,,-0.015726964566909977,-1.187715713145815,,-0.07233931708086855,-0.26553143863933487,-0.013004404387677415,-0.03767201351297941,-42.30104967484284,,0.42713707661517764,-0.09039679120822815,1.207547087757327,,25.09852472153423,-0.11472788614312265,-1.46992743265465,,-0.06847944664609601,0,0,0,0,0,0,0,0,0.10407718417449165,-0.12304719293889424,0,0,101947764000.0,0.0,,,,,0,-0.4026666666666667,-0.3869397020997567,0.7850490464791482,-0.3303273495857981,-0.3931223229431449,-0.022593998264531123,0.14533610236221306,cash 56% of mcap
AGII.JK,PT Aneka Gas Industri Tbk,Materials,Chemicals,Micro Cap,IDR,8279982342144.0,11710191632384.0,2700.0,3064692000000.0,609962000000.0,,64465000000.0,0.19902880942032675,0.021034740195752133,,0.06327799913234806,5.126580016460042,3.82100114216502,19.19823141832442,25.956545403004792,2.1840211455225886,0.007785644622921693,-2524451000000.0,-0.30488603667074055,0.07772214642590212,0.05495537735013021,-3338423000000.0,-0.403192043418725,0,2026-03-31,,0,2.7017339237169673,100.0,,1432519000000.0,0.4674267430462833,0.17300991002223162,1.0503267598025303,0.82453,2500.0,-0.07407407407407407,1.2231113970944083,0,0.27524294326105275,0.19613168757283989,132.34243647327506,0,204.69965758614876,0.054000876989347156,0.08347158818409507,,1.2067312317608954,0.0054136357850339545,0.12827850024458842,0.018575160952711094,0.07623956114921315,,11.382827506723013,-0.04442552615279683,0.22358685148057866,,-1.2381442120900468,0.004691944172831274,0.12979004210918677,,3.177688184406423,0,1,0,1,0,0,1,0,0.06185584392227933,0.0014221552100687346,0,0,59259000000.0,0.0,0.0,0.0,,,0,1.2231113970944083,1.1691105201050611,1.1396398089103132,0.01638016533351294,1.109212094248454,-0.8585856471493354,0.1452468299749741,growth-flip; first-positive: FCF
MTLA.JK,PT Metropolitan Land Tbk,Real Estate,Real Estate Management & Development,Micro Cap,IDR,3904114524160.0,5142669688832.0,510.0,1848603000000.0,554321000000.0,,-33782000000.0,0.2998594073470615,-0.018274340136849285,,0.08667244190461604,1.3916142451756293,2.781922180604489,9.277421726458135,9.46605253109751,0.7037624633703645,-0.008652922395320475,2202951000000.0,0.5642639288287737,0.1286663075305353,0.09767844920914771,-720651000000.0,-0.18458756666597878,0,2026-03-31,1.772220319090166,0,2.111926965476092,9.766373,,976815000000.0,0.5284071268952826,0.250201420566721,0.220456318164849,0.85921997,,,0.2069899577119302,0,0.3668436365049516,-0.12877920019317,,0,,-0.08520323835350706,0.014385316400102478,,-1.1953032860809842,0.029439074604259208,-0.10387099093505592,-0.1605405663140543,-0.1375858608645596,,-1.2472155140870838,-0.44236673780553526,-0.7218638022804149,,-4.38916602262348,-0.30412744969870703,-0.13256600052853418,,-0.8395118172030849,0,0,0,0,0,0,0,0,0.10073005969978625,-0.014057617795170216,0,0,,,,0.0,,,0,0.2069899577119302,0.29219319606543726,0.19260464131182772,1.4022932437929145,0.31940777265054443,-0.6290303603900599,0.14428380624047327,
TOBA.JK,PT TBS Energi Utama Tbk,Materials,Metals & Mining,Micro Cap,IDR,3547224866816.0,4702471192576.0,430.0,336186724.0,-121270465.0,,-33727458.0,-0.3607235394577925,-0.10032358684098423,,-0.2854084607733371,-2.0152659429482687,13987.676659641087,-38776.722696462,,19288.840608001614,-9.508125158773447e-06,-396734554.0,-0.00011184364366392993,2.4818069140065748e-05,1.8721065668405412e-05,-310496851.0,-8.753232813196389e-05,0,2026-03-31,,0,10551.35320220438,,,31952225.0,0.09504308980386744,9.00766830400589e-06,2.167108905225839,0.769,,,0.09834066080629927,0,0.13045906617260716,-1.3643047576836067,,0,,-0.12856474705712184,-3.2921928290987124,,-1.344201550146307,-0.49786174391393884,-0.35431869592096565,-0.06329327105390022,-0.04416876344140414,,0.07288943921691764,0.11065869020984756,1.0461882161986633,,4.504770390541312,0.17872654282098321,-3.22736395143749,,-35.528578081801804,0,0,0,0,0,0,0,0,0.07593904670119142,-0.3613475074745285,0,0,2651653.0,12.719408610402644,,,,,0,0.09834066080629927,0.22690540786342112,3.3905334899050117,1.4425422109526063,0.26038125850101995,-1.6866603695736797,0.14292458383521012,accelerating sales
SPMA.JK,PT Suparma Tbk,Materials,Paper & Forest Products,Micro Cap,IDR,861066690560.0,1541759959040.0,210.0,2692084996741.0,172618360182.0,,429401303282.0,0.06412069469982164,0.15950510619160507,,0.051529519035170966,3.2874572945177025,0.5727010703252062,8.931610504319742,9.407585027133349,0.3444663014777145,0.49868530276410555,323712993728.0,0.37594416004812736,0.0950655318065588,0.05309371434835418,-680693271247.0,-0.7905232878121287,0,2026-03-31,2.6599695015131575,0,0.31985122743241584,8.306962,,417386864581.0,0.15504223123946034,0.48473233160320006,0.3050555053240641,0.92259,,,0.07480316251983837,0,0.383028856780574,-0.010959756700693742,,0,,-0.013756858842201411,-0.028003867012974314,,-0.3581812485419383,-0.0009398474235660231,-0.08559651572851415,-0.040855909788577414,0.1513730076558214,,-0.3340068178335538,-0.13009865526854253,-0.6566305739204789,,-0.7052658573498175,-0.022681484362522233,0.4001824881568811,,-0.21672253601321886,0,1,0,0,0,0,0,0,0.06241971446618584,-0.010890195431014875,0,0,,,,,,,0,0.07480316251983837,0.08856002136203979,0.10280702953281269,0.43298441106177665,0.08979532294447691,-0.20811715398554306,0.13922471774201595,growth-flip
ROTI.JK,PT Nippon Indosari Corpindo Tbk,Consumer Staples,Food & Staples Retailing,Small Cap,IDR,3036028862464.0,3320731402240.0,540.0,3657145076157.0,357164544528.0,,252744573717.0,0.09766212088674249,0.06910980244256237,,0.13321321788509163,0.7665555842834687,0.9080119418531489,9.297483339586273,10.70700850303466,1.48568425934058,0.08324840940803044,-497086617562.0,-0.16372921341682214,0.1137126126013875,0.10396347432710812,-284666999422.0,-0.09376294242175554,0,2026-03-31,,0,0.8301636383685164,12.820513,,1920990906079.0,0.5252706321668855,0.6327314373816426,0.308243166295834,0.83281,887.5,0.6435185185185186,-0.30276823712512313,0,0.24771318818178534,-0.25913544978970937,,0,,-0.06994216890435045,-0.38877036611250126,,-0.47365841528773045,-0.05094229109902036,-0.05300882704462821,-0.02308050741230122,-0.2950998807078812,,-0.11303860726020029,-0.14202704747585987,-0.8602385330359203,,-0.38102566903218954,-0.07361161762377172,-0.306070830955157,,-0.2722959460638723,0,0,0,0,0,0,0,0,0.21320036735265452,-0.07998714946756288,0,0,,,,,,,0,-0.30276823712512313,-0.23282606822077268,0.08600212898737813,0.17089017816260732,-0.2503350441622467,-0.008022079643070926,0.13887099401475428,
MMLP.JK,PT Mega Manunggal Property Tbk,Real Estate,Real Estate Management & Development,Micro Cap,IDR,2190744748032.0,3769191890944.0,318.0,362248475000.0,252899483000.0,,149719640000.0,0.6981381577934869,0.4133064742370551,,0.040900223611999055,5.493652270534693,10.40499036177861,14.9039129943338,15.009236984108982,0.46620974898245254,0.0683418915574244,-1479352575000.0,-0.6752738201604449,0.08534864783675329,0.04960668159380214,-1440883588000.0,-0.6577140441826376,0,2026-03-31,,0,6.047630008744688,26.522102,,355657358000.0,0.9818049834440297,0.1623454116776935,0.34642307112458565,0.91436994,,,-0.38017558617652336,0,0.29364765187100217,0.4967019775051548,30.217791882967116,0,,0.05511868862370959,-0.3565748038147025,,4.25839791557336,-0.4467014007075769,0.33037486805237154,0.01853221043159186,0.10908193044853619,,0.3010515584196756,0.029228740040835796,0.679347039470151,,30.88509243831537,0.05034341020522508,-1.0151396965113944,,3.903659775819723,1,0,0,1,0,0,0,0,0.06390225008426624,-0.023002026472267185,0,0,34643770000.0,0.0,0.0,,,,0,-0.38017558617652336,-0.43529427480023297,-0.023600782361820838,-4.6385735017498835,-0.41255479548753726,1.3775058385998686,0.13885445714114872,growth-flip; accelerating sales; under-priced vs fundamentals
WTON.JK,PT Wijaya Karya Beton Tbk,Materials,Construction Materials,Micro Cap,IDR,714668244992.0,936400781312.0,82.0,3391300194997.0,52831887306.0,,160330904034.0,0.015578652513257305,0.047277119339222,,0.009158660962049345,-1.2707505931626164,0.27611851722634906,17.724159197425738,28.70254683932641,0.19691829818785148,0.22434312026245792,591533129427.0,0.8277031106001101,0.3525050313867241,0.26903453858616677,67136152132.0,0.09394030391367329,0,2026-03-31,1.208162669915508,0,0.21073576619560574,17.90393,,246730670208.0,0.0727540046652279,0.34523804847487227,0.05091612610539878,0.71920997,,,0.014317117735731036,0,0.3802476472921132,-0.16468256543283338,,0,,-0.3073359200773764,-0.6238996389598381,,0.04667261487731863,-0.013112553684168667,0.015990199338613592,-0.054258096461843916,-0.12173831192071843,,0.46967659216435625,-0.3650332380069946,-0.041867729117911784,,-1.735958349685366,-0.43243786008614604,-0.8531839961886543,,-24.758231318216787,0,0,0,0,0,0,0,0,0.03583321267669457,-0.026674551714645226,0,0,51238260871.0,0.0,0.0,,,,0,0.014317117735731036,0.32165303781310745,0.6382167566955692,-0.03235549714158759,0.4643708936791394,-0.3091714324556964,0.1373569515285945,
INDY.JK,PT Indika Energy Tbk,Materials,Metals & Mining,Small Cap,IDR,12278353100800.0,12279085006848.0,2360.0,2037973486.0,166232468.0,,15205402.0,0.08156753222843449,0.007461040148193567,,0.08782344120166127,3.5437532696681133,6025.144630781521,73866.9476220975,79706.56222750277,10252.698914725497,1.2383910020480912e-06,-504288230.0,-4.1071324945618556e-05,4.4050296856567824e-05,4.404767119849415e-05,-556556018.0,-4.5328230376738184e-05,0,2026-03-31,,0,6024.785496546936,66.666664,,283313636.0,0.1390173316513893,2.307423753610251e-05,0.9163711291646797,0.75663,4100.0,0.7372881355932204,0.5324685042540738,0,0.22262228997924488,0.11960134940693752,666435.308821686,0,,-0.16704526368847414,-0.021692889210038948,,1.095125473563597,0.012118929075529014,0.07279273834040692,-0.07669903332461026,0.29917046895489,,1.5696645126262116,-0.16110921825649946,-0.09648423038708973,,-1.3691560149483086,0.021736622343954876,0.42530241273027897,,0.5609975710943145,0,0,0,0,0,0,1,0,0.09539462475330078,-0.007571183551639507,0,0,41897256.0,0.0,0.0,,,0.0,0,0.5324685042540738,0.6995137679425479,0.5541613934641128,-0.5626569693095231,0.8397980555823733,-0.23033939736571254,0.13529887938461926,first-positive: FCF
APEX.JK,PT Apexindo Pratama Duta Tbk,Energy,"Oil, Gas & Consumable Fuels",Micro Cap,IDR,492958842880.0,716492767232.0,139.0,81226399.0,8450243.0,,25967920.0,0.10403320969577882,0.31969803314806555,,0.049637464808304846,9.007461560572873,8820.934770627959,84789.60513111872,87685.09111166482,7009.094040477357,5.267766340956241e-05,-116146098.0,-0.00023561013191576567,6.104408803013458e-05,4.199933952753518e-05,-94286353.0,-0.00019126617639954162,0,2026-03-31,,0,6068.948629373561,5.8403363,,23119841.0,0.28463456812852184,4.690014457378953e-05,1.7684663707653094,0.71686995,,,0.4329896907216495,0,0.3081609859783118,0.828637147609351,105818.440996327,0,151508.26184037462,-0.039677705664566104,0.6646877480338043,,3.722038411049546,0.04401870502958548,0.25468095324272916,-0.035764685145881096,-0.0629075888218847,,-0.05500700085925922,-0.031753087825313005,-0.509241603034063,,-0.11396179012394755,-0.3622681690762841,0.4138728570985386,,2.453695874477742,0,0,0,0,0,0,0,0,0.027363136866557426,0.02227432794174742,0,0,20468617.0,,0.0,0.0,,0.0,0,0.4329896907216495,0.4726673963862156,-0.23169805731215476,-3.289048720327896,0.49219662937567527,1.016026460417945,0.13496090888744197,under-priced vs fundamentals
TFAS.JK,PT Telefast Indonesia Tbk,,,,IDR,356501815296.0,401006034944.0,214.0,345606659073.0,-12724406956.0,,-7201637133.0,-0.03681759775731727,-0.0208376689046343,,-0.06571710068012784,-3.2923004455029785,1.1602960313889623,-31.514713128136137,,2.122827661396138,-0.020200842812036036,149824037263.0,0.420261639168941,0.006481158695030983,0.005761870492354722,-42682820371.0,-0.11972679672208925,0,2026-03-31,2.379470089103255,0,1.0315247288701654,,,10557056344.0,0.03054644945880545,0.02961291048471823,0.26791773884771336,0.71066004,,,0.9107142857142857,0,0.24453045380163463,-1.4790159838792825,,0,,-0.1401647471643219,-4.677551162955236,,0.34107427779448146,-0.03124176628211709,0.006353502584546221,0.08350628873465069,0.09840286405314576,,-0.13899739665058658,0.2896497444556432,1.0757075670570035,,-2.5147138629064396,0.15900098843785843,-4.133263940999846,,0.05342183560354158,0,0,0,0,0,0,0,0,-0.019873924234230296,-0.04584317644589755,0,0,3727723932.0,,1.931912680329891,,,,0,0.9107142857142857,1.0508790328786075,5.588265448669522,0.5696400079198043,1.2221864937648,-2.402928163155978,0.13434825584254714,accelerating sales
KEEN.JK,PT Kencana Energi Lestari Tbk,Utilities,Independent Power and Renewable Electricity Producers,Micro Cap,IDR,3153028710400.0,3153155850240.0,860.0,33413351.0,16206107.0,,11630309.0,0.4850189075618306,0.34807370862024584,,0.05746228680566257,6.326598732193981,94368.1419514014,194565.90347330176,195614.8367506439,17714.79212012769,3.688615001074492e-06,-123388773.0,-3.913341245292582e-05,5.395231557482997e-07,5.395014013882376e-07,-102529536.0,-3.251779334003999e-05,0,2026-03-31,,0,94364.33689036458,24.273214,,20909446.0,0.6257811735195311,6.631543167060912e-06,0.5856034897721576,0.90071,1600.65,0.8612209302325582,-0.023739087664034503,0,0.2169461173136386,0.13709140731534344,1426893.4908566691,0,,-0.11758921239649879,-0.09609441294547566,,1.2499548279884622,0.011533709158683403,0.21156252557473548,-0.026800099448084105,-0.08191407019430424,,-0.12440075180582842,0.05548136394424551,5.945842887133326,,-0.8581443561706945,0.11816106481044157,0.26708085849612284,,1.9820457991877565,0,0,0,1,0,0,0,0,0.06487639560637215,-0.007414108800709578,0,0,6461179.0,,0.0,,,0.0,0,-0.023739087664034503,0.09385012473246429,0.07235532528144116,-1.2736939156524967,0.10635650204067364,0.3691628218795304,0.13415778159248015,growth-flip; accelerating sales; under-priced vs fundamentals
SAPX.JK,PT Satria Antaran Prima Tbk,Industrials,Air Freight & Logistics,Micro Cap,IDR,166666665984.0,352212844544.0,200.0,497669749936.0,19472828165.0,,9043058707.0,0.03912801243697089,0.018170802441102623,,0.04498951647839527,6.783738230917625,0.7077240370532755,18.087400636393383,22.55054452410222,0.8267978511909166,0.05425835246424221,57901747117.0,0.34741048412499337,0.16141619646116073,0.07638193699275835,-145584803230.0,-0.8735088229578921,0,2026-03-31,2.878439326661812,0,0.33489410599184144,149.25372,,91078871840.0,0.18301066490722548,0.5464732332783544,0.8556737821993906,0.92260003,,,-0.46524064171123,0,0.28426143427137573,0.29240680657341583,77.12045006189129,0,364.7972081418523,-0.2708275810263222,0.3349106985873612,,1.2788641201934234,0.017754996617642627,0.06568372006378387,-0.04867751156187703,0.06403355857191677,,2.0189569490938446,-0.06731999742495848,-0.04466188811351189,,-0.7269060628110543,-0.3304848522182369,0.0183057100825694,,4.40401577662629,0,0,0,1,0,0,1,0,0.02631190363777678,0.018677612840618488,0,0,17917877918.0,0.0,0.0,0.0,,0.0,0,-0.46524064171123,-0.19441306068490777,-0.8001513402985911,-1.7441047619046535,-0.26662152273744455,0.9128897209627175,0.1334611161505476,growth-flip; first-positive: FCF; under-priced vs fundamentals
DPUM.JK,PT Dua Putra Utama Makmur Tbk,Consumer Staples,Food & Staples Retailing,Nano Cap,IDR,841237069824.0,1464597741568.0,202.0,1150887783648.0,25538044912.0,,19443296124.0,0.02218986531514947,0.01689417196033662,,0.02588600641814184,22.009255681976224,1.2725808392245028,57.34964233224464,61.98984089857429,2.399170822203956,0.023112742913323877,-331492008214.0,-0.39405302037314327,0.007142861856119992,0.004102723913507424,-562073360086.0,-0.6681509651061793,0,2026-03-31,,0,0.7309462154142502,,,55022348645.0,0.04780861299143708,0.06540647175297629,1.6201452460623957,0.68858004,,,3.04,0,0.2968945961513072,0.667062932320872,92.92952417982028,0,76.66606457387901,0.04795426442293469,0.7919090059648386,,2.7167040735228283,0.009212663958063512,0.02720714309076465,-0.08581254799360628,0.15621690977669722,,1.5019318136212518,-0.43244011385369757,-0.7274910991037866,,1.640983303843528,-0.047388730666472284,-0.6169199020021133,,3.72251562077565,0,0,0,1,0,0,1,0,0.011654611912453318,0.014231394505688522,0,0,11671982766.0,0.0,0.0,0.0,,,0,3.04,2.9920457355770655,2.248090994035161,0.32329592647717176,2.855130073090224,-2.1046406822949058,0.1323316329103116,growth-flip; first-positive: FCF
SMGR.JK,PT Semen Indonesia (Persero) Tbk,,,,IDR,11955590922240.0,21541918081024.0,1775.0,33836599000000.0,1956722000000.0,,2662221000000.0,0.05782856604471389,0.07867874073277872,,0.026768101985191993,2.372474475168164,0.6366454879529707,11.009186834422058,16.461037717960572,0.27454282777536165,0.22267581898002964,-10741759000000.0,-0.898471607958582,0.39817404517785976,0.2209833860705923,-5341552000000.0,-0.44678276755551677,0,2026-03-31,,0,0.35333311489845654,52.083332,,6884934000000.0,0.2034759462675312,0.5758756756382928,0.23197683271587788,0.55915,2766.6667,0.5586854647887325,-0.2560852612403988,0,0.3304636681228042,-0.2973573158399823,,0,,-0.06492897126017383,-0.35703791912247684,,-0.04173850631600999,-0.026272531594168543,0.001904069599833219,-0.045225396013099335,-0.054346780721785254,,-0.2600874202790923,-0.16607253153883095,-0.16991922028067558,,-0.7121678319695202,0.03773880795381737,0.09601021754339834,,0.24466650842620508,0,0,0,0,0,0,0,0,0.04733796772609067,-0.020569865740898675,0,0,,,,,,,0,-0.2560852612403988,-0.191156289980225,0.10095265788207802,-0.21434675492438882,-0.20442970010293432,0.1015167956741786,0.13192475916287535,under-priced vs fundamentals
ADMF.JK,PT Adira Dinamika Multi Finance Tbk,Financials,Consumer Finance,Small Cap,IDR,10328940216320.0,29898125082624.0,8425.0,11303558000000.0,1423833000000.0,,151684000000.0,0.12596325864829463,0.013419137584820637,,0.031421308789286104,13.755330154589759,2.645018947363653,20.99833694163852,27.304348497138342,0.6628641580953966,0.014685340104915628,-3476379000000.0,-0.3365668623492688,0.14201408559634512,0.049061772132744784,-19266515000000.0,-1.865294463565429,0,2026-03-31,,0,0.9137777871640063,6.321089,,6559918000000.0,0.5803409864398449,0.635100781165831,1.3305728914778112,0.74842,,,0.017039706186433544,0,0.3815217150712092,1.0893269345502554,25.065338633540115,0,127.65656661888708,0.1779042613165658,0.04117739970545264,,6.434365147606764,-0.01654142803922029,0.016327749522926142,0.06734619165637663,0.2741725184951188,,-0.8468150942938916,-0.38090979940797454,-0.15239723624788779,,0.6689529951601227,-0.217754797996754,-0.0013126357715476655,,7.2728736287851925,0,0,0,0,0,0,1,0,0.0341286168275585,-0.0027073080382723977,0,0,179596000000.0,,0.0,0.0,,,0,0.017039706186433544,-0.16086455513013226,-0.024137693519019093,-6.4173254414203305,-0.1365684465309013,1.6847240341500958,0.13146949050351822,first-positive: FCF; under-priced vs fundamentals
RICY.JK,PT Ricky Putra Globalindo Tbk,Consumer Discretionary,"Textiles, Apparel & Luxury Goods",Nano Cap,IDR,49412247552.0,1363819757568.0,77.0,469540776768.0,-234491489919.0,,12393921475.0,-0.49940601864886,0.0263958362898987,,-0.15681839931628166,-5.537294688466182,2.904582147168579,-5.81607357281538,,0.2056541977024728,0.2508269121326044,-632553716442.0,-12.801557261209764,0.4530109097434484,0.016412936600886514,-1301571435974.0,-26.341069278507607,0,2026-03-31,,0,0.10523526389362894,,,70483762646.0,0.15011212259595935,1.4264431621294893,5.510315064290493,0.48450002,,,0.925,0,0.5285137422537415,-4.270363551161455,,0,,-0.46975999868063445,-5.540070538617889,,-0.8009629711619181,-0.45891638685916497,-0.04392338195248973,-0.1698143678031177,0.14034209471663678,,-0.14868319189751625,0.1472055917152606,0.9294037268700567,,1.6302123572655025,-0.3809220279990666,-3.6501132616736,,-0.48316453130255843,0,0,0,0,0,0,0,0,-0.036509076039982505,-0.12030932327629916,0,0,,,,,,,0,0.925,1.3947599986806345,6.465070538617889,1.725962971161918,2.6304314936823583,-3.1952645028201467,0.13043478260869565,
WSKT.JK,PT Waskita Karya (Persero) Tbk,Industrials,Construction & Engineering,Small Cap,IDR,5818974994432.0,58788266422765.0,202.0,9335470405432.0,388593007343.0,,-5232980457727.0,0.04162543401314739,-0.5605481277817669,,0.004270769036748139,136.3104596001608,6.297300925356484,151.28493130828335,256.5663477469048,8.706723338701668,-0.8992959177061732,-48444091613099.0,-8.325193295976298,0.566470750980389,0.05607035783854239,-52983540349595.0,-9.105304697183497,0,2025-06-30,,0,0.6233188839681963,,,1481347080813.0,0.15867942551144004,0.2545718244588533,84.20947302121029,,,,0.0,0,0.049853651227950435,-14.036066882440617,,0,,-0.14781086286854736,-0.576399795358543,,-74.44278668221321,-0.042115655593764095,-0.5670524156351401,,,,,0.28995418669096423,0.9733508853856484,,0.4444923419011147,0.2613622747381693,0.46261284079405096,,-68.44323967251405,0,0,0,0,0,0,0,0,0.009329598207653533,-0.005058829170905394,0,0,,,,,,2.1433439297834473,0,0.0,0.14781086286854736,0.576399795358543,74.44278668221321,0.17344842409760397,-25.055665780146768,0.13043478260869565,accelerating sales; cash 57% of mcap
LAND.JK,PT Trimitra Propertindo Tbk,Real Estate,Real Estate Management & Development,Nano Cap,IDR,167557201920.0,334121041920.0,60.0,42384813950.0,11336165132.0,,-57112981248.0,0.2674581784261908,-1.347486892719981,,0.013056503891689846,14.693137167420014,7.883036653508774,29.473903919839266,40.89370280287108,0.36487789122672803,-0.3408566184774829,-173490760114.0,-1.035412134638253,0.14205045942676958,0.07123639198604831,-166563829237.0,-0.9940714414443714,0,2026-03-31,,0,3.9532366974091673,81.08108,,21771274388.0,0.5136574248900295,0.12993338476966612,0.4145457633663637,0.72309,,,2.0,0,0.38415580221266793,-0.5094577036453742,,0,,-0.11753453744007408,0.08302556434229451,,-1.952316141038433,0.049529245895741536,-0.9447147683026673,-0.034367739188200165,0.005874152756051251,,-0.24828523702498176,0.20782378717847508,-0.20813525930898646,,0.5673687331915815,-0.47303841649953887,-4.773985457633945,,-1.779061137429715,0,0,0,0,0,0,0,0,0.012517986793090874,0.0005385170985989715,0,0,,,,0.0,,0.0,0,2.0,2.1175345374400742,1.9169744356577054,3.952316141038433,2.399566472887632,-2.6622750380454043,0.13043478260869565,
TGRA.JK,PT. Terregra Asia Energy Tbk,Utilities,Independent Power and Renewable Electricity Producers,Nano Cap,IDR,74250002432.0,219047624704.0,27.0,,-27467709089.0,,-987713362.0,,,,-0.10513717298962194,-0.31912112876243953,,-7.974732220814223,,0.29330543362187983,-0.013302536426238807,-139672669528.0,-1.8811133327021194,0.0005204085755470215,0.00017640153848833036,-8765526329.0,-0.118054222786426,0,2025-09-30,,0,,,,0.0,,,0.03477858366817805,0.2243,,,-0.2894736842105263,0,0.3557530565483025,-1.9161268932483142,,0,,-1.0,-3.141746389763394,,-1.3321552472609777,,,,0.07827432145858552,,0.7817214180522316,,0.9362773819489649,,0.6523129471697671,-0.07100715751678477,-1.002680530083183,,-2.7987010178208536,0,0,0,0,0,0,0,0,-0.024900230345411774,-0.08023694264421016,0,0,3537299368.0,0.279228094442698,,,,,1,-0.2894736842105263,0.7105263157894737,2.852272705552868,1.0426815630504513,,-1.5351601947975977,0.12943223789947833,FCF break-even ETA 0.3q
IKAI.JK,PT Intikeramik Alamasri Industri Tbk,Consumer Discretionary,"Hotels, Restaurants & Leisure",Nano Cap,IDR,266115989504.0,454999703552.0,20.0,143094433305.0,-28880188812.0,,24466134322.0,-0.20182608187449924,0.17097893857164537,,-0.06282582108374697,-6.923323013037924,3.179716310712007,-15.754734379123699,,0.43173448814075194,0.0919378590050195,-361561561889.0,-1.35866154665451,0.010368967603724256,0.0060645052127702,-200134001456.0,-0.7520555297297977,0,2026-03-31,,0,1.8597228652269409,,,49030597439.0,0.34264503731248064,0.18424521401508276,0.32916495010225816,0.19452,,,1.5,0,0.3415655652799173,-0.3070015112567105,,0,,-0.19064822364203068,-0.04290529750068002,,-0.01624047860033134,-0.04519796015341995,0.0303123380025605,-0.039457443958084516,0.2565697123903781,,-0.254475258789872,-0.42584826938797665,1.1253862277117905,,-1.2090194803227707,-0.005803411954188681,1.2647615631078701,,0.1320645792085449,0,0,0,0,0,0,0,0,-0.05987653825143933,-0.002949282832307644,0,0,,,,,,6.616131723936931,0,1.5,1.6906482236420306,1.54290529750068,1.5162404786003314,2.088891719308801,-1.5832646665810142,0.1293158056757292,
RANC.JK,PT Supra Boga Lestari Tbk,Consumer Staples,Food & Staples Retailing,Micro Cap,IDR,837000822784.0,1176979243008.0,535.0,2914546197000.0,136461717000.0,,64209824000.0,0.046820914055321114,0.02203081360181988,,-0.04265448353605217,0.3381818873054338,0.4038293317222036,8.62497753130279,,3.0940271516326066,0.07671417070586352,-364032242000.0,-0.43492459277300344,0.10018044990815854,0.07124264892361408,-338042183000.0,-0.4038731788525811,0,2026-03-31,,0,0.2871804961079504,,,724388544000.0,0.2485424814146461,0.8654573858010876,1.5595556132646706,0.88225,,,0.22146118721461186,0,0.33567662275160665,0.08359292178393225,,0,,0.014083593438375716,-0.43114671176172203,,1.7706083601232896,-0.03664581059056175,0.013967210335023128,,,,,0.09328468075724014,0.31781801036072477,,-0.8257148182596544,,,,,0,0,0,0,0,0,0,0,0.09934930195571251,-0.14200378549176468,0,0,41034472000.0,,0.0,,,,0,0.22146118721461186,0.20737759377623616,0.6526078989763339,-1.5491471729086776,0.20449753365311502,0.12116603662574814,0.12924299871608955,under-priced vs fundamentals
APLN.JK,PT Agung Podomoro Land Tbk,Real Estate,Real Estate Management & Development,Micro Cap,IDR,3200605224960.0,9160983838720.0,141.0,5594475270000.0,1285258524000.0,,1520472980000.0,0.22973709990141755,0.2717811602731421,,0.07921215563932517,3.120773551858583,1.6375054668388944,7.12773630180569,7.3342295386843945,0.27221365330177827,0.4750579572083909,-114910503000.0,-0.03590274180141542,0.3379792170443386,0.11808099075864582,-4011000809000.0,-1.2532007314491989,0,2026-03-31,,0,0.5721010587218129,8.164447,,2032143598000.0,0.3632411441511297,0.6349247892718156,0.43314090683996126,0.89619005,,,0.46875,0,0.41951682837533566,-0.01916013532266426,,0,,0.0031771480671630697,-0.08690683728449303,,0.08840130830008978,-0.02266541289248425,0.021281048612101394,0.5687068239560783,0.7597877513291933,,6.938938348154448,2.153761117030487,0.4639459978259014,,10.330426347138994,-0.5529747877071634,-0.21804847582993397,,-1.6345937870447689,0,0,0,0,0,0,0,0,0.08659073741012334,-0.0073785817707981705,0,0,1776490620000.0,0.0,0.0,,,,0,0.46875,0.46557285193283693,0.555656837284493,0.3803486916999102,0.46409834278009965,-0.4664191809243349,0.12912842675050037,
FISH.JK,PT FKS Multi Agro Tbk,Consumer Staples,Household Products,Micro Cap,IDR,3456000065536.0,3456075038720.0,720.0,1146803895.0,32462189.0,,-17844064.0,0.028306660922179726,-0.01555982158571235,,0.1303843815375184,1.8935609979967771,3013.658266934993,106464.6330141199,110204.5978783397,19686.6626488027,-5.163212865053148e-06,37925056.0,1.0973684977091603e-05,2.6162607432120185e-05,2.616203988252738e-05,-64973374.0,-1.8800165731456116e-05,0,2026-03-31,91127.09195567173,0,3013.5928911681976,13.549116,,66119938.0,0.05765583661537878,1.913192614183162e-05,0.885166947025966,0.89463997,,,-0.93033381712627,0,0.13301683378760334,-0.1885372752017478,,0,862240.8955715628,-0.11282734624758516,0.26347116422729255,,-1.4325222608548784,0.008430548035536695,-0.047475515776403236,-0.016621184136038303,0.3034672742357995,,-50.80466193834211,-0.05150500262916509,4.115899806391741,,-8.437311754031503,-0.014144354681786292,0.5065333672737979,,-1.5279305846212488,0,1,0,0,0,0,0,0,0.11106489485625663,0.01931948668126178,0,0,,,,0.0,,0.0,0,-0.93033381712627,-0.8175064708786848,-1.1938049813535625,0.5021884437286085,-0.9214739289144366,0.5030410028345463,0.12812020908164873,growth-flip; under-priced vs fundamentals
TMAS.JK,PT Temas Tbk.,Industrials,Marine,Micro Cap,IDR,6710525165568.0,8335370747904.0,118.0,4367422000000.0,765489000000.0,,-762149000000.0,0.17527250629776558,-0.17450775308637453,,0.16046679085035154,1.7959709414504976,1.9085333974834582,10.888949087320654,11.115443108270401,2.117673860693211,-0.1135751645654531,-1275608000000.0,-0.19009063650415928,0.047726219945245,0.038422766027598004,-1504366000000.0,-0.22418006979825783,0,2026-03-31,,0,1.5364957097271572,11.811812,,872228000000.0,0.19971232457042162,0.12997909678894287,0.5758088423478905,0.9437,,,-0.1510791366906475,0,0.14008619875483805,-1.2299408094703252,,0,,0.005297847392716058,-0.1611575862907839,,-6.877834742521655,-0.034780145319049244,-0.15223865576904277,0.005221259652770697,-0.19293164544150068,,-0.16358270661768973,-0.01253292264705449,0.34419649288230597,,-124.06423432682425,-0.008075726760673441,-0.1834170549225713,,-3.786933785008107,0,0,0,0,0,0,0,0,0.27541144727163275,-0.11494465642128121,0,0,,,,,,,0,-0.1510791366906475,-0.15637698408336353,0.010078449600136402,6.726755605831007,-0.1555528886179693,-1.6062260456824526,0.12740131885709022,
BTPS.JK,PT Bank BTPN Syariah Tbk,Financials,Banks,Small Cap,IDR,7472588783616.0,5930969202688.0,970.0,4735830000000.0,,755074000000.0,626119000000.0,,0.13220892641838916,,,,1.2523610861639882,,,0.7270278029851519,0.083788766936138,,,0.24555372349983345,0.3093797889168582,1807717000000.0,0.2419130842531445,0,2026-03-31,,0,1.5778836621280747,6.1767707,9.896498599628647,,,,0.002646845952981781,0.7542,1494.375,0.5405927835051547,-0.15790009135013808,0,0.3349577053213003,-0.23384956346271812,,0,,-0.03468531160645055,,-0.5908655461274207,-0.6321780671752533,,-0.21476118933384547,,,-0.32675250102537584,-0.3773943636061704,-0.05190258815471293,,-0.9432445494576308,-1.070199330678848,-0.044161499157594486,,-0.06853247436493363,-0.10934437539751865,0,0,0,0,0,0,0,0,,,0,0,,,,,,0.0,0,-0.15790009135013808,-0.12321477974368752,,0.4742779758251152,-0.12764208524448972,-0.17553159804071383,0.12400066713501073,
GPRA.JK,PT Perdana Gapuraprima Tbk,Real Estate,Real Estate Management & Development,Nano Cap,IDR,440495505408.0,762746765312.0,103.0,402382219410.0,102554386984.0,,56968434505.0,0.2548680881932909,0.14157791213670168,,0.05342201450796433,2.0727111637570745,1.8955777082555756,7.4374854917810564,9.04772430104218,0.3225928600503146,0.12932807214964462,1006837240853.0,2.2856924270326835,0.15680260887571268,0.090555407885272,-212565622794.0,-0.48256025358786675,0,2026-03-31,0.4375041839282871,1,1.0947191107347742,8.547718,,224329950210.0,0.5575046296502061,0.5092672852637145,0.206253894412082,0.55605,170.0,0.6504854368932038,0.01152177713055699,0,0.38255900301181545,0.9225979196982752,9.806790268940919,0,,-0.22179377174914044,-0.40470219156933857,,4.502887017793925,-0.07830957650746939,0.1730310570562664,-0.11425102475796943,-0.2350237331464693,,0.41306211759470346,-0.21578085767885088,0.13083097613378325,,-1.121443607979098,-0.24661547890848495,-0.47573222918012503,,4.823215917852847,0,0,0,1,0,0,1,0,0.10896165112522946,-0.05553963661726513,0,0,16652843424.0,0.0,0.0,,,,0,0.01152177713055699,0.23331554887969744,0.41622396869989553,-4.4913652406633675,0.2998119783802174,1.2806085743612583,0.12100662724696507,growth-flip; first-positive: FCF; under-priced vs fundamentals; Graham net-net (mcap 0.44x NCAV)
SRAJ.JK,PT Sejahteraraya Anugrahjaya Tbk,Health Care,Health Care Equipment & Supplies,Micro Cap,IDR,170427506753536.0,174553477152768.0,13925.0,2338099000000.0,178766000000.0,,-527972000000.0,0.07645784032241577,-0.2258125083668399,,0.017619992774178517,17.593888099526755,74.65615320513288,976.435547882528,2253.8733718044573,137.07232675980504,-0.0030979271483653607,-4045442000000.0,-0.02373702506749877,0.009327831112960976,0.00910734650452531,-3152008000000.0,-0.018494714028518187,0,2026-03-31,,0,72.89148438690407,,,1016313000000.0,0.434674921806134,0.005963315543128508,3.8137009989222577,0.74644,,,3.657190635451505,0,0.25157434441122245,-0.2712529238723288,,0,,-0.0009963976720527117,-0.2830144788031926,,-1.0357587652159832,-0.030073819871796317,-0.11500001271967063,-0.06853061548077999,-0.11236568750124133,,-0.5705179116953272,-0.09724905231448042,-0.6705922383319786,,-3.5133764531448093,0.17140916336017611,-0.13848255259550052,,-1.3567875170152321,1,0,0,0,0,0,0,0,0.05176454742215378,-0.034144554647975264,0,0,,,,,,,0,3.657190635451505,3.658187033123558,3.940205114254698,4.692949400667488,3.661835677668225,-4.097113849348581,0.11757076769048845,growth-flip; accelerating sales
SQMI.JK,PT Wilton Makmur Indonesia Tbk.,,,,IDR,730266796032.0,1027434545152.0,47.0,1903351352.0,-62032650031.0,,-19029852778.0,-32.591276416630826,-9.998076686158784,,-18.86987441096425,-0.3399945703506165,539.8028819389516,-16.562802727894958,,,-0.026058767674226994,-529610201905.0,-0.7252283751400258,0.003996122815464999,0.0028403131068249926,-23804819949.0,-0.03259742888263111,0,2025-09-30,,0,383.67419408121975,,,915195430.0,0.4808336774176416,0.0012532343452733082,,0.73207,,,0.021739130434782608,0,0.19795382546320325,-0.29499606309978516,,0,,-0.52291899517121,-0.3223899565784919,,0.645869900040719,-20.83326296216599,3.4712456683555253,,,,,0.04426056194299252,0.5365699082665946,,-7.9129999476628425,,,,0.035859509787888696,0,0,0,0,0,0,0,0,-0.28928344744596796,-18.580590963518283,0,0,34707044425.0,,0.5482994329615839,,,,1,0.021739130434782608,0.5446581256059926,0.3441290870132745,-0.6241307696059364,1.1416470580325324,-0.0882188143377769,0.11674993212938269,FCF break-even ETA 0.5y
TKIM.JK,PT Pabrik Kertas Tjiwi Kimia Tbk,Materials,Paper & Forest Products,Mid Cap,IDR,17434052395008.0,17434507476992.0,5600.0,997705000.0,293550000.0,,-79286000.0,0.2942252469417313,-0.0794683799319438,,0.08389980212784262,2.2101822517458696,17474.611710868445,59391.95188891841,59591.50374783212,5750.377627558455,-4.54776653204865e-06,-339281000.0,-1.946082255076556e-05,1.7387581104597277e-05,1.7387127247502863e-05,-455290000.0,-2.6114984037237723e-05,0,2026-03-31,,0,17474.155582068848,3.8066235,,157837000.0,0.15820006915871926,9.053374191142987e-06,0.2501561773330123,0.85907996,8750.0,0.5625,0.004484304932735426,0,0.24862997667602324,-0.4828765258871217,,0,,0.012749392221449635,-0.16367521367521368,,-2.5953880515926513,-0.0620674815398628,-0.12991476092154433,0.03716282241599408,-0.27563768806153194,,-3.783180501930502,0.06406913021721176,0.2692130757157547,,0.3047135196161445,0.08216667472750593,-0.5824993974775627,,-2.576735091937829,0,0,0,0,0,0,0,0,0.11105899512264165,-0.027159192994799033,0,0,,,,,,,0,0.004484304932735426,-0.00826508728871421,0.16815951860794912,2.5998723565253865,-0.008161039001548768,-0.6879014372107681,0.11543965819437946,accelerating sales
BNLI.JK,PT Bank Permata Tbk,Financials,Banks,Mid Cap,IDR,111438437810176.0,107722301243392.0,3080.0,12126403000000.0,,-8120328000000.0,-8474763000000.0,,-0.6988686587440645,,,,8.883285607726545,,,2.4183593768908156,-0.07604883168261828,,,0.16505014213614946,0.1707439386988428,6799551000000.0,0.06101620889178598,0,2026-03-31,,0,9.189735638026875,30.210888,,,,,0.25159143797633954,0.01002,,,0.3649697845627912,0,0.23878730581545504,-0.7164353071687339,,0,,0.015515703374086602,,-2.030837816408092,-2.180337328254375,,-1.3001477003890414,0.00959289515327427,,-0.41537357816912784,-0.34217844424894106,-0.0011452385433968332,,0.3822128823909816,0.383244906264247,0.03023555768488575,,-1.6873629751466293,-1.6763430721230579,0,0,0,0,0,0,0,0,,,0,0,,,,,,,0,0.3649697845627912,0.34945408118870463,,2.545307112817166,0.34411489652757826,-1.0796253635111497,0.11514780062292487,
AMFG.JK,PT Asahimas Flat Glass Tbk,Industrials,Building Products,Micro Cap,IDR,1358419984384.0,2427305066496.0,3130.0,5127489000000.0,179710000000.0,,267911000000.0,0.03504834432604341,0.052249941443072816,,0.026410121638448837,5.670580379500306,0.4733905945963024,13.506789085170553,15.990678655397081,0.29033996556837527,0.19722251076973743,-188383000000.0,-0.1386780245915078,0.02258432616766305,0.012639119995035267,-1068885000000.0,-0.7868590069990063,0,2026-03-31,,0,0.264928892950136,53.195107,,744121000000.0,0.14512386082154444,0.5477841967537271,0.23501374948116174,0.86156,,,-0.11079545454545454,0,0.32128349046690535,-0.32717876698927734,,0,,-0.05766513638385227,-0.6018230482217082,,-0.5054182081330351,-0.04789788503994903,-0.04730273569420789,0.008159275154045692,-0.292658542729391,,-0.04794885644838026,-0.11917632252368629,-0.7920891995668012,,-1.0401231463788037,0.014576387282565204,0.0793523219487271,,-0.35314194451871905,0,0,0,0,0,0,0,0,0.07336375948033366,-0.046953637841884825,0,0,,,,,,,0,-0.11079545454545454,-0.053130318161602276,0.49102759367625365,0.39462275358758053,-0.0563815690292071,-0.2775066763674106,0.11503321186198488,
ADRO.JK,PT Adaro Energy Tbk,Materials,Metals & Mining,Mid Cap,IDR,66241133805568.0,66240735346688.0,2300.0,1853945000.0,634880000.0,,-23887000.0,0.34244813087766895,-0.012884416743754535,,0.15895529685493254,-1.4617833291330644,35729.61190687318,104335.83566451613,105025.16254887405,13529.861655359227,-3.606067503330105e-07,784926000.0,1.1849525436927559e-05,3.0005857173793233e-05,3.000603766847193e-05,928057000.0,1.4010282534173513e-05,0,2026-03-31,84391.56532662697,0,35729.82683173881,7.570023,,635941000.0,0.34302042401473615,9.600394248483485e-06,0.21641791197202734,0.65878,2955.5112,0.2850048695652174,0.4899769207623384,0,0.30954452850341563,-0.2925291281419375,,0,,-0.10811814561966701,-0.25934221824019116,,-1.0202658906573454,-0.06991947197201176,-0.579914886429215,2.872770084893348,2.682996140306231,,-1.1489883239359313,-0.10363567145712382,-0.05770292513531782,,2.1371367265154144,-0.07213428002211153,-0.2371185177671235,,-2.2622098593157824,0,0,0,0,0,0,0,0,0.24577336032178837,-0.08681806346685583,0,0,,,,,,,0,0.4899769207623384,0.5980950663820054,0.7493191390025296,1.5102428114196838,0.6705989851061083,-0.9525523389347396,0.11453606316626035,
KKGI.JK,PT Resource Alam Indonesia Tbk,,,,IDR,1393772199936.0,1393741004800.0,286.0,146241768.0,7902617.0,,-3271964.0,0.054038029682463906,-0.022373662769175493,,0.05816118470517845,-4.010983323625578,9530.389463015792,176364.4884726161,200986.19856540713,9234.777234390238,-2.347560096370299e-06,49638983.0,3.561484653107542e-05,2.47762360316741e-05,2.4776790580941083e-05,31697265.0,2.27420700466371e-05,0,2026-03-31,28078.17799039114,0,9530.602775097741,32.24352,,26710384.0,0.1826453848670648,1.916409582658235e-05,0.01878506972959068,0.87231004,,,-0.1970767423669305,0,0.13691841333699023,-0.6523788021391141,,0,,-0.5525104452618708,-0.871657696778197,,-1.0659721436010803,-0.1343757141455619,-0.1741343884927437,-0.20666083072510774,-0.23260841108935074,,0.5063779327990731,-0.27427158716796923,-0.259928127464182,,-0.14713722159324127,-0.6405171424338134,-1.424248316876815,,-4.407232457492666,0,0,0,0,0,0,0,0,0.6388041816732529,-0.5806429969680744,0,0,3356516.0,0.9748095942340212,,,,,1,-0.1970767423669305,0.35543370289494025,0.6745809544112665,0.8688954012341498,0.7942837975356539,-0.6329700195134521,0.11401816393815986,FCF break-even ETA 1.0q
ARTA.JK,PT Arthavest Tbk,Consumer Discretionary,"Hotels, Restaurants & Leisure",Nano Cap,IDR,1116685467648.0,1168399532032.0,2500.0,107253290080.0,34066087074.0,,28202205327.0,0.31762276988044075,0.262949558992214,,,,10.893833943560084,34.298025760749866,63.22512487776283,7.3048015822382215,0.0252552810474022,48280636322.0,0.04323566279024861,0.04880066769094718,0.04664072085618355,,,0,2025-12-31,23.12905447642497,0,10.411666316390543,,,66614368561.0,0.6210939404405449,0.05965365404217662,,0.82426,,,0.2974991274508431,0,0.31953413949814896,0.06826858847113705,926.1232185061725,0,2845.1945300804473,0.01994965595616293,0.0048394843695099285,,0.3167975873852279,-0.004776220110153051,0.05927716864367888,,,,,0.26826893733435864,1.0842000103499767,,381.67411317237094,,,,,0,0,0,0,0,0,0,0,,,0,0,6784938469.0,,0.0,0.0,,0.0,0,0.2974991274508431,0.2775494714946802,0.2926596430813332,-0.019298459934384782,0.27212075603328534,-0.20575785266872845,0.11375557080838132,
INDR.JK,PT. Indo-Rama Synthetics Tbk,Consumer Discretionary,"Textiles, Apparel & Luxury Goods",Micro Cap,IDR,1472291274752.0,1472412516352.0,2250.0,781359877.0,-13500668.0,,-34640477.0,-0.01727842495808113,-0.04433357537246566,,-0.02970560151689506,-8.36545132433447,1884.422990857003,-109062.19724475856,,3987.838023455089,-2.3528277042757732e-05,-111280211.0,-7.558301329928386e-05,2.0963460511710863e-05,2.0961734335475773e-05,-114061279.0,-7.74719520220026e-05,0,2026-03-31,,0,1884.2678234321468,,,10355874.0,0.01325365469207475,7.033848653177949e-06,0.39254448095643024,0.92280996,,,-0.038461538461538464,0,0.15496808815071492,-0.5778379727889337,,0,,-0.10972376084157971,0.07227263884625562,,-3.3920500097296538,-0.0006975070781435229,-0.06083370228891999,-0.03243328687387715,0.096601328077553,,-0.41815095231168725,-0.1280200595266457,-33.98733549116004,,0.9292429353403061,-0.229864503889956,-0.3461802887406638,,-1.3412171268611612,0,0,0,0,0,0,0,0,-0.03205763507633954,0.0023520335594444802,1,0,,,,12.836494916524126,,,0,-0.038461538461538464,0.07126222238004125,-0.11073417730779408,3.3535884712681154,0.08004506831206183,-1.1047055054467876,0.11122389457875603,ROCE improving from <=0
PNBN.JK,PT Bank Pan Indonesia Tbk,,,,IDR,23108998135808.0,26391863099392.0,960.0,10374972000000.0,,-8423951000000.0,-8830454000000.0,,-0.851130393412146,,,,2.543800898873944,,,0.42562117251593923,-0.3821218881106308,,,0.6861693833204152,0.6008172647866341,3528258000000.0,0.1526789685673509,0,2026-03-31,,0,2.2273793255353365,8.5031,,,,,0.22706481585321397,0.89322996,1130.0,0.17708333333333326,-0.3551932300011856,0,0.3300625936642069,-0.4851898843251476,,0,,0.009804129589316661,,-1.4428602355668465,-1.4751779121540762,,-2.6598739484111427,0.02027315269090272,,-3.425903117090535,-3.879604480734219,-0.04666102280195605,,-1.9564477919840406,-2.007561289934046,0.02873260679510116,,-5.012207784518492,-5.33074658166259,1,0,0,0,0,0,0,0,,,0,0,,,,,,,0,-0.3551932300011856,-0.3649973595905022,,1.1199846821528907,-0.3614536214453245,-0.13117790037235463,0.11090396257906929,growth-flip; cash 69% of mcap
IMJS.JK,PT Indomobil Multi Jasa Tbk,Industrials,Industrial Conglomerates,Micro Cap,IDR,1649087873024.0,26598633897984.0,152.0,6034408000000.0,1403056146000.0,,-3130952000000.0,0.23250932750984024,-0.5188499020947871,,0.04345269409752122,17.676016794270186,4.407828224075004,18.95764041504295,20.308080996005497,0.31632316511630537,-1.8985962186833896,-17359494000000.0,-10.5267246724501,0.9164326684597514,0.056817880414322515,-24928815000000.0,-15.116729319152054,0,2026-03-31,,0,0.2732808045170297,9.706258,,2280524000000.0,0.3779200876042853,1.3829002306700064,5.0716605467438,0.73363996,,,-0.1783783783783784,0,0.4399878316399905,-2.5083919232943646,,0,105.22881351926895,0.11644363663678275,0.07955215074653853,,-4.915618442082725,-0.007945530532497025,-0.6667873684571197,0.04308258636568549,0.028830293619803445,,-0.29304980238460043,0.05547077586062818,-0.5104850860237474,,-0.021687317112208292,0.021700807618901453,-0.1481876190137234,,-5.699039618274884,0,0,0,0,0,0,0,0,0.04660057320107872,-0.003147879103557502,0,0,,,,0.0,,,0,-0.1783783783783784,-0.29482201501516114,-0.25793052912491693,4.737240063704347,-0.2640724577044428,-0.9801037654649565,0.10890054828726178,cash 92% of mcap
DOID.JK,PT Delta Dunia Makmur Tbk,Materials,Metals & Mining,Micro Cap,IDR,1559719968768.0,1943211081728.0,212.0,1509201003.0,-121325741.0,,-50762876.0,-0.08039071055401359,-0.033635596517026696,,-0.13724982603428065,-6.828152625913078,1287.5760603559577,-16016.47816622855,,30252.63661276289,-3.254614739599497e-05,-901284599.0,-0.0005778502661038003,0.00015331812875928486,0.0001230609218157354,-872671567.0,-0.000559505285868277,0,2025-12-31,,0,1033.47398104532,,,53346756.0,0.03534768125250179,3.4202778106468576e-05,21.56478773179644,0.44625,,,-0.5883495145631068,0,0.07143060730822062,-3.4112149805982717,,0,,-0.1406982692383301,-9.288152628686062,,-1.6090102374747421,-0.08872548427392947,-0.08109477622167156,-0.08728033038548037,-1.9854200186562698,,0.5121795925360134,-0.12617708957838547,-2.924727907872529,,1.5846777232574931,-0.1151425039071029,-5.150621293080524,,-1.1935576339026808,0,0,0,0,0,0,0,0,0.009955304836468892,-0.14720513087074955,0,0,53297707.0,0.9524401490668257,,,,,1,-0.5883495145631068,-0.44765124532477674,8.699803114122954,1.0206607229116353,-0.5209476826352795,-3.090937530569938,0.10869565217391305,FCF break-even ETA 1.0q
ABBA.JK,PT Mahaka Media Tbk,Communication Services,Diversified Telecommunication Services,Nano Cap,IDR,133820350464.0,192008306688.0,34.0,164870368654.0,-15743039533.0,,-5414523977.0,-0.0954873799429577,-0.03284109825922098,,-0.20683526993769755,-5.128845046075639,1.1646016701215254,-12.196393605283085,,5.413906120195441,-0.04046114031405561,-249818768224.0,-1.8668219546413876,0.1365666898915827,0.09518026911562864,-82746848360.0,-0.6183427862286188,0,2026-03-31,,0,0.8116701112304653,,,53489086052.0,0.32443116667163635,0.3997081599811644,4.087009032960693,0.61429,,,-0.2608695652173913,0,0.12290821058167824,-0.8013446663404346,,0,,-0.20981176759627534,-1.6821106186971893,,0.8425987291857095,-0.20610434133567368,0.1320282782674062,-0.10612430755460513,-0.2003847509779437,,-3.93085421276104,-0.5101079884797763,0.0725011004268102,,-2.402590235118198,-0.15520166944909236,-3.266160467925379,,0.614086414612478,0,0,0,0,0,0,0,0,0.16470777394135527,-0.3715430438790528,0,0,28984969426.0,,0.18680454332800095,,,,1,-0.2608695652173913,-0.05105779762111595,1.421241053479798,-1.103468294403101,-0.06461472789312506,-0.08890498715186035,0.10869565217391305,FCF break-even ETA 0.2y
ACST.JK,PT Acset Indonusa Tbk,Industrials,Construction & Engineering,Micro Cap,IDR,1484713361408.0,2929416470528.0,84.0,2233717000000.0,-548194000000.0,,-137852000000.0,-0.24541783941296055,-0.06171417417694363,,-0.525243989138579,-2.5773959583651043,1.3114537206494825,-5.343758725064484,,,-0.09284755130732483,-627149000000.0,-0.4224040924675555,0.2472443567503696,0.12531062199354534,-1412913000000.0,-0.9516402537524755,0,2026-03-31,,0,0.6646828409364302,,,164608000000.0,0.07369241492991278,0.11086853818295074,,0.91173,,,-0.08695652173913043,0,0.10118278893288961,-0.178210955324641,,0,,-0.2958709609899657,-0.060982997377512414,,0.0668462772546657,-0.08254451547760994,-0.015146560398727617,-0.21041891275684962,0.3213220128308932,,0.5995887020878597,-0.15336997627775012,1.0399260162558333,,-1.1271144622308193,-0.6029268821864723,0.6525261707743018,,-9.006269705189554,0,0,0,0,0,0,0,0,1.6613131410565576,-2.1865571301951365,0,0,206424000000.0,0.6678099445800876,13.959696202531646,,,,1,-0.08695652173913043,0.20891443925083525,-0.025973524361618018,-0.15380279899379612,0.29669908166911724,-0.009712705298473706,0.10869565217391305,FCF break-even ETA 0.7q
BTEK.JK,PT Bumi Teknokultura Unggul Tbk,Consumer Staples,Household Products,Micro Cap,IDR,555329978368.0,3137015906304.0,12.0,43003662089.0,-487946480935.0,,-32991006600.0,-11.346626246042726,-0.7671673759253829,,-0.15506856469014504,-5.912019811091294,72.94764571007138,-6.429016355016783,,2.1110163833065583,-0.05940793381433098,-3223572515774.0,-5.804787498141939,0.023829531992653804,0.00421842090740027,-2884946771679.0,-5.195013566811686,0,2026-03-31,,0,12.913550878962214,,,-122955009765.0,-2.8591753304761207,-0.22140891821892877,11.01706328348233,0.56241,,,1.4,0,0.19366903953699563,-1.5674035032804943,,0,,-0.9323445026732923,-0.032120045259491165,,-1.6707044256754582,-10.602854583839138,-0.8445533128062767,-0.4028810613859993,0.0319954944565627,,0.22359175751393195,-0.509506882042687,0.9688687814657324,,-1.0338135303820575,-3.1186739402844585,20.565803627125483,,-1.5533206107934845,0,0,0,0,0,0,0,0,-0.14978687567727558,-0.005281689012869462,0,0,9500822820.0,3.472436779954602,,,,1.2929078955716615,1,1.4,2.3323445026732923,1.432120045259491,3.070704425675458,34.47383575366276,-2.278389657869414,0.10869565217391305,FCF break-even ETA 3.5q
BNGA.JK,PT Bank CIMB Niaga Tbk Class A,Financials,Banks,Small Cap,IDR,40709444861952.0,25569760641024.0,1610.0,19230266000000.0,,-9438716000000.0,-10199782000000.0,,-0.5304025435737603,,,,1.3296623479375689,,,0.6918607138429654,-0.2505507514186949,,,0.4352615728386125,0.6929770383368904,6264952000000.0,0.15389431178059051,0,2026-03-31,,0,2.1169465290782767,5.9206414,,,,,0.19466695408764312,0.94597,2146.0,0.332919254658385,0.01928635457008865,0,0.38749993179441067,-0.7910538842986259,,0,,0.015149002069017141,,-2.1479917688496033,-2.403459657033912,,-0.9140527682918056,0.026756542305548588,,-1.8184854492318434,-1.428578503573182,0.0815277984818857,,-11.812587176614713,-15.098309485515438,0.0163986189641738,,-6.070658056792163,-4.452433996960471,0,0,0,0,0,0,0,0,,,0,0,,,,,,0.0,0,0.01928635457008865,0.004137352501071508,,2.4227460116040005,0.004075611060680626,-0.8103196583885842,0.10679271825481818,
CASA.JK,PT Capital Financial Indonesia Tbk,,,,IDR,73542968279040.0,63341091356672.0,1350.0,5660035000000.0,,,-3648762000000.0,,-0.6446536107992266,,-0.5415066895328436,,11.190936338144905,,49.131176084739344,9.07003218769991,-0.0496140159335928,,,0.15682369463576606,0.18208211688454193,10489156000000.0,0.14262622580314652,0,2026-03-31,,0,12.993376945379312,586.95654,,,,,0.12877149929572576,0.52669,,,0.5882352941176471,0,0.31216722065037716,-0.13545210565539892,,0,,-0.14757289449171335,,,-0.11121052798277009,,-0.15012966806209405,-0.044474700682706786,,,0.05775786490377477,-0.1437543352359622,,,-1.7625090840846835,0.11022897902843976,,,0.9092338229548295,0,0,0,1,0,0,0,0,-0.3552585190630634,-0.18624817046978026,0,0,223663000000.0,16.313659389349155,,,,,0,0.5882352941176471,0.7358081886093604,,0.6994458221004172,0.8631919185284608,-0.7176270053548888,0.10511448951421987,growth-flip; accelerating sales
LPPS.JK,PT Lenox Pasifik Investama Tbk,Financials,Capital Markets,Nano Cap,IDR,178589253632.0,46870577152.0,69.0,253000000.0,-1519923709.0,,1781589755.0,-6.007603592885376,7.041856739130435,,,,185.25919822924902,-30.837453797491886,,0.25548613027690414,0.009975906829596442,131629822209.0,0.7370534314468644,0.7375509473566576,2.8102635215444423,,,0,2026-03-31,1.356753740413312,0,705.8863779920948,13.068181,,-691854149.0,-2.7346013794466404,-0.0038739965307522405,,0.67522,,,0.21052631578947367,0,0.29700562523603774,0.16762784170755232,,0,,0.01606425702811245,-0.02639237514310983,,0.28936985502844403,-0.0604517736082677,1.4926507391304353,0.003968253968253968,-0.015411145390944537,,1.1322535257414532,0.3492063492063492,-0.24262176161589522,,9.84210099587978,-0.02545180722891566,-0.030603764109952337,,-5.022568252990342,0,0,0,0,0,0,0,1,,,0,0,946046639.0,0.0,0.0,,,0.0,0,0.21052631578947367,0.19446205876136122,0.2369186909325835,-0.07884353923897036,0.19138755980861263,-0.13598119256589675,0.10361948059092875,first-positive: NI; cash 74% of mcap
GEMA.JK,PT Gema Grahasarana Tbk,Consumer Discretionary,Household Durables,Nano Cap,IDR,138938990592.0,579975053312.0,87.0,1528009814483.0,97946692031.0,,-39297612452.0,0.06410082651474339,-0.02571816756641468,,0.07103838532560211,4.29194758018933,0.37956238750222543,5.921333750898281,9.192528288435616,0.31633783230517937,-0.2828407798599821,-25488233471.0,-0.1834491049805251,0.24893665830325598,0.05963533746578885,-448928851319.0,-3.2311221594901163,0,2026-03-31,,0,0.09092807472510235,12.201963,,373745566738.0,0.2445963129264692,2.6899977115532607,1.1008742627152805,0.78929,,,-0.0836076366030283,0,0.47612280270457996,-0.9094171775343484,,0,,0.06547605472647929,-0.12265540370281655,,-5.15869526227289,-0.01374531971774641,-0.032307275444081504,-0.06032373546342256,-0.2167059736090833,,-1.8494516448229148,-0.2627715835345817,-0.7442997614381306,,0.5231429998783172,-0.08750300338837605,-0.23012519240149326,,-4.26752393947508,0,0,0,0,0,0,0,0,0.09068704421450974,-0.019648658888907627,0,0,,,,,,0.0,0,-0.0836076366030283,-0.1490836913295076,0.039047767099788244,5.075087625669862,-0.13992214153304372,-1.2062823899767747,0.10324743626026262,
TPMA.JK,PT Trans Power Marine Tbk,Industrials,Marine,Micro Cap,IDR,1734254264320.0,1734375899136.0,496.0,110088634.0,25241334.0,,-2100841.0,0.22928192568907704,-0.01908317801454417,,0.10774488253296942,3.944447151644204,15754.35933863981,68711.73683356038,69656.64664275319,13144.10943566476,-1.2113800399526413e-06,-87910606.0,-5.0690725004196365e-05,1.06405579502701e-05,1.0639811709325988e-05,-99149966.0,-5.7171527866403514e-05,0,2026-03-31,,0,15753.25445785802,7.7645583,,29293587.0,0.26609092996830175,1.6891171959427757e-05,0.8913294770350482,0.77454,,,-0.2064,0,0.12326848155437259,0.009946582556316141,7003073.291592074,0,,-0.07547588871413309,-0.35099383587290717,,0.9126696352369814,-0.09733541679288957,0.18294114928882235,-0.029182343661562752,-0.1907538056926884,,0.891792791772869,-0.10645797732725677,-0.48714979341668974,,1.1839832866165236,-0.11811457626726146,-0.34862533378251725,,15.128666151542705,0,0,0,1,0,0,0,0,0.1947267578473889,-0.08698187531441949,0,0,17314141.0,0.12133671546281158,0.09568672101197118,,,,1,-0.2064,-0.1309241112858669,0.14459383587290717,-1.1190696352369813,-0.1416124357251994,0.36846663688331366,0.1028770973041105,growth-flip; FCF break-even ETA 0.1q; under-priced vs fundamentals
MCAS.JK,PT M Cash Integrasi Tbk,Industrials,Commercial Services & Supplies,Small Cap,IDR,225418756096.0,1457243815936.0,260.0,4285811012938.0,-8874122011.0,,-98708197499.0,-0.0020705817368546616,-0.02303139293847065,,-0.09421122982112222,-24.927194968336117,0.34001588300017765,-164.21273159526768,,1.4365492214055995,-0.43788812966815743,423809667594.0,1.8800993978225595,0.5365997258608172,0.08300576842544814,-220656542710.0,-0.9788739257172908,0,2026-03-31,0.5318867721345754,1,0.05259652266875655,,,174643056175.0,0.04074912674585692,0.7747494449868406,2.1770524942352316,0.72261,,,-0.8200692041522492,0,0.2930198058352777,-0.35112898831667166,,0,,-0.40005219214193755,-1.487869873708032,,-0.21102919602265047,-0.004616836467804329,-0.011621565866807971,-0.09538382626483874,-9.807204885891407,,-3.1373942343216408,-0.2631003541926295,-0.7332659555919999,,-1.0932002425907599,0.0524905159002666,-0.24093276121450424,,4.2804941464576025,0,0,0,1,0,0,0,0,-0.044414506977456567,-0.04979672284366565,0,0,,,,,,,0,-0.8200692041522492,-0.4200170120103116,0.6678006695557829,-0.6090400081295987,-0.7000892519465304,0.12041878352804247,0.10208239004062636,growth-flip; accelerating sales; under-priced vs fundamentals; Graham net-net (mcap 0.53x NCAV); cash 54% of mcap
HEXA.JK,PT Hexindo Adiperkasa Tbk,Industrials,Trading Companies & Distributors,Micro Cap,IDR,3704400117760.0,3704541413376.0,4410.0,554551743.0,52370713.0,,86456848.0,0.09443791974520942,0.15590402354934083,,0.18001988439294642,1.5323671457365875,6680.244828616471,70736.8909294017,82754.83772796558,22063.470975303542,2.3338960493360332e-05,112495625.0,3.0368108580026868e-05,5.889047971737855e-06,5.888823356443283e-06,-80770959.0,-2.180405907362974e-05,0,2025-12-31,32929.281629930054,0,6679.990036132661,7.325947,,107785350.0,0.19436482052496226,2.9096573419065845e-05,0.6110060635114419,0.8164,,,-0.06567342329131508,0,0.1428158406649822,0.04901081585802404,1688501.5333695365,0,,-0.09435243037261533,-0.38103180840967404,,1.244803004604143,-0.04373957250712694,0.0930058094374572,-0.007441093456228522,-0.10179464372295752,,0.2957884500723021,-0.038528087775106856,-0.03271661185410277,,1.231435359077736,-0.11752878931871102,-0.48030718239304654,,-2.608850031196016,0,0,0,0,0,0,0,0,0.28991235648053276,-0.10989247208758635,0,0,19735426.0,0.0,0.0,,,,0,-0.06567342329131508,0.02867900708130025,0.31535838511835895,-1.310476427895458,0.031666851480758526,0.3221463452319329,0.10076502009282343,under-priced vs fundamentals
DUTI.JK,PT Duta Pertiwi Tbk,Real Estate,Real Estate Management & Development,Small Cap,IDR,8010499883008.0,7329831976960.0,4330.0,3442790371578.0,957002332625.0,,59137666337.0,0.2779728735520887,0.01717724867166231,,0.12831968332087007,-3.6882654796517613,2.1290381306603856,7.659157900749009,7.820276783947682,0.7393866979307012,0.007382518844104069,5730423764760.0,0.7153640657202263,0.4410797542317961,0.4820396061979582,3529678667367.0,0.44063151100647424,0,2025-12-31,1.3978896172163793,0,2.326746336093764,18.975414,,2119795004795.0,0.6157200340441854,0.26462705645768037,0.00033142507824054766,1.06697,,,0.26608187134502925,0,0.3727105429174817,-0.2304898608181769,,0,,-0.22156061466437046,-0.3710471679053925,,-0.9130876654897616,-0.0660672861960398,-0.13667256991940188,0.0425472200605383,0.09541476848711906,,-0.401589917241517,0.6093831279249734,2.7446097184253957,,1.5537378038494984,-0.5270981218901315,-0.5183575634869486,,-4.457134148067958,0,0,0,0,0,0,0,0,0.19049535593701442,-0.062175672616144345,0,0,,,,,,,0,0.26608187134502925,0.48764248600939974,0.6371290392504217,1.1791695368347908,0.626436040102402,-0.7679803540315374,0.0999059665455704,
MDKA.JK,PT Merdeka Copper Gold Tbk,Materials,Metals & Mining,Mid Cap,IDR,66413972684800.0,66417810472960.0,2720.0,1894763538.0,172331523.0,,-291509607.0,0.09095146678930867,-0.1538501249119984,,0.06835403620495865,9.495825345894493,35053.35053210212,385407.20418840606,392501.80579510966,83912.05256304482,-4.389281279460595e-06,-1382757921.0,-2.082028623046771e-05,5.672854788977672e-06,5.672526997158166e-06,-1684118869.0,-2.53578998653312e-05,0,2025-12-31,,0,35051.32506133333,,,216425226.0,0.11422281549097447,3.2587303130796253e-06,2.603854315623314,0.46016,3810.0806,0.40076492647058815,0.46630727762803237,0,0.260272386899186,-0.015276835329477953,,0,,-0.1537573034555142,0.14359691689845375,,-0.07131941857651633,0.02364889420175495,-0.03232283593386376,0.019482543187377067,-0.176159403528808,,-0.14398101881342132,0.40520310755909456,-0.13391543448641205,,0.32221216941684006,-0.4656006391665557,-0.2916956067717109,,-0.5798479340805952,0,0,0,0,0,0,0,0,0.06797634830182077,0.00037768790313788547,0,0,,,,0.0,,,0,0.46630727762803237,0.6200645810835466,0.3227103607295786,0.5376266962045487,0.7327266558582943,-0.49346721267255794,0.09974974761650768,
WEGE.JK,PT Wijaya Karya Bangunan Gedung Tbk.,Industrials,Construction & Engineering,Micro Cap,IDR,478599970816.0,643548774400.0,50.0,1293914476903.0,-643396070677.0,,-264120746178.0,-0.4972477564490787,-0.20412535054880615,,-0.32421605990143143,-0.12167990968241801,0.49736577330855886,-1.000237340154781,,0.24748437288764927,-0.551861183208351,928923520710.0,1.9409184650099551,0.25446023569403997,0.1892392095541531,-78288375770.0,-0.16357789499343353,0,2026-03-31,0.5152199940531098,1,0.3698853203664085,,,102366278129.0,0.07911363537257496,0.2138869293169163,0.10345790461631454,0.80483,100.0,1.0,-0.1706750830862438,0,0.32911887668080253,-2.456095357495662,,0,,-0.6477732666472313,-7.687287125151179,,-0.0073698263871052275,-0.5234383401107744,-0.13275294735091037,-0.20303631835564195,-0.06566498905256678,,0.4078061811389254,-0.5240976201408822,0.9454755906339058,,-2.4654044078144413,-0.48110214235170434,-7.218247232703407,,0.7738483596933451,0,0,0,0,0,0,0,0,0.04738796958923399,-0.3716040294906654,0,0,181883142694.0,1.4521452745203356,,,,,1,-0.1706750830862438,0.47709818356098754,7.516612042064935,-0.16330525669913856,1.3545200814815932,-2.6101349896422614,0.09914869467046107,FCF break-even ETA 1.5q; Graham net-net (mcap 0.52x NCAV)
ASMI.JK,PT Asuransi Kresna Mitra Tbk,Financials,Insurance,Small Cap,IDR,161250836480.0,75149214994.0,18.0,400956092236.0,,,-26357327218.0,,-0.06573619338470173,,0.09877652200613823,,0.18742504840097976,,2.476430501447276,0.40997558231575226,-0.1634554449041206,,,0.5355179061394225,1.1490833313680588,86101621486.0,0.533960774192196,1,2025-09-30,,0,0.4021658221496454,6.1643834,,,,,0.0006383860768066345,0.30969998,,,0.38461538461538464,0,0.5283520509702768,0.16006511924684202,15.47139384957622,1,,-0.055048902897116454,,,0.590293163534759,,0.08587828440669142,0.12259390988078506,,,0.19827960360707855,1.369525466313969,,,-4.277710042636434,-0.49852994792313515,,,2.013802444498909,0,0,0,1,0,0,0,0,0.03987122186100597,0.05890530014513226,0,0,6518632202.0,4.043383090384089,0.6940734905548599,,,0.0,0,0.38461538461538464,0.4396642875125011,,-0.2056777789193744,0.46527729197887996,-0.11699325429656335,0.09910737537094375,"growth-flip; cheap+grow (EV/EBIT 2.5x); cash 54% of mcap; cash > EV (1.15x, net cash 53% mcap)"
CAMP.JK,"PT Campina Ice Cream Industry, Tbk.",Consumer Staples,Food & Staples Retailing,Micro Cap,IDR,1106380062720.0,958914428928.0,188.0,1174355933846.0,176988688372.0,,25808809530.0,0.15071128204918624,0.021976990779513067,,,,0.8165449684301147,5.417941890797708,9.512349474492517,1.092786430509186,0.023327254710781634,350866521913.0,0.31713019217863153,0.13328653153823167,0.15378385878274486,,,0,2026-03-31,3.1532790780031594,0,0.9421164664248087,14.539829,,645187506553.0,0.5493968974466025,0.5831517832731251,,0.92036,,,-0.010526315789473684,0,0.25089601023160285,0.07984172249440828,119.14008337130646,0,,0.013695487822464691,-0.06133785642590664,,0.25720487999470204,-0.01204732883447468,0.004256747449561796,0.00035706878096973185,0.053712844972906085,,10.210054380792538,-0.12028943494707173,-0.5434452016672966,,0.33543148699193664,-0.006651859447198826,0.023480195277098506,,-0.32216089132411163,0,0,0,0,0,0,0,0,,,0,0,23506518332.0,0.0,0.0,,,,0,-0.010526315789473684,-0.024221803611938375,0.05081154063643296,-0.2677311957841757,-0.023894556011065764,0.06625900369268672,0.09796119311328429,
AMAN.JK,PT Makmur Berkah Amanda Tbk,Real Estate,Real Estate Management & Development,Micro Cap,IDR,991615975424.0,1313825357824.0,256.0,226886023000.0,69857995000.0,,-136316520000.0,0.3078990678945437,-0.6008149739572102,,0.05908059754339481,4.41811215738442,5.790684417012325,18.807086544983147,19.448917575292896,1.1868048483371019,-0.13746906401110887,118911874000.0,0.1199172632824467,0.027944320872958513,0.02109110989141986,-307863582000.0,-0.3104665411106978,0,2026-03-31,8.339082902889917,0,4.370546771953423,22.164501,,143241632000.0,0.6313374006295663,0.14445272721504113,0.40162765173214116,0.89025,,,1.5098039215686274,0,0.3627972818991596,-0.005943036925841684,,0,893.7694929473766,0.10942337378085062,-0.08633495715165942,,-0.2017523180958792,-0.06596926094360417,-0.04615977139284766,-0.03356733888492017,-0.12394030855040741,,-0.3958834375215776,0.4161210824551102,0.8404487107509491,,1.1568415868508313,0.0007644559058115619,-0.003840764544067468,,10.760125011150985,0,0,0,1,0,0,0,0,0.07536453882917113,-0.016283941285776322,0,0,,,,,,,0,1.5098039215686274,1.4003805477877769,1.5961388787202868,1.7115562396645065,1.2622598197254136,-1.492583871474496,0.09730814173989323,growth-flip
GDST.JK,PT Gunawan Dianjaya Steel Tbk,Materials,Metals & Mining,Micro Cap,IDR,831824986112.0,1232181264384.0,90.0,2172256347417.0,144729487638.0,,-232708536911.0,0.06662633892638677,-0.1071275667753074,,0.07793540180232482,7.5399231444351695,0.5672356606756701,8.513684975282674,8.667499124923031,0.5842729850493558,-0.27975660841674604,-193961537727.0,-0.23317589753295087,1.3665251691092497,0.9225183117715,-400396601524.0,-0.48134716822522705,0,2026-03-31,,0,0.38293131798238805,18.442623,,249594010813.0,0.11490080860382283,0.30005591918994573,1.0796618865245449,0.97016,,,0.11858701922912805,0,0.25351110741754607,-0.45548866713461733,,0,,-0.16275142246328203,-0.22022115005075923,,-1.7338109602466707,-0.004910363429964301,-0.07431900605115879,-0.07270282294227509,-0.1643305971551334,,0.24015136345087246,-0.15339888324749387,-0.04813790206414729,,1.2710680042317453,-0.12464693289720691,0.3370686332831108,,-2.8923009521846663,0,0,0,0,0,0,0,0,0.11781935096424644,-0.03988394916192162,0,0,73547901171.0,3.164040485260743,,,,,1,0.11858701922912805,0.28133844169241007,0.3388081692798873,1.8523979794757988,0.3360273749525382,-0.8241815301493652,0.09671344440160932,FCF break-even ETA 3.2q; cash 137% of mcap
UCID.JK,PT Uni-Charm Indonesia Tbk,,,,IDR,1637689589760.0,-229201410240.0,394.0,7932674000000.0,-592826000000.0,,542461000000.0,-0.07473217732129166,0.06838312024419509,,-0.24251841788719417,3.149138195693171,-0.028893335367115806,0.3866250978195963,,0.35035649642132216,0.3312355426766171,3040836000000.0,1.8567841054943923,1.2251332685665004,,1866891000000.0,1.1399541229749095,0,2026-03-31,0.5385655753088954,1,0.20644861868267875,1.3356385,,1384160000000.0,0.1744884511830437,0.8451906934346732,0.029843067017631536,0.81628996,,,-0.28080417892103066,0,0.4321898508168922,0.038053378148589175,,0,,-0.1801250337451377,-2.055274897022646,,2.84233602493271,-0.132793864879971,0.053791578005618096,-0.06113879206571091,-0.15613359700136126,,1.3090324777593325,0.24538833374402202,1.1326190596206753,,-0.7770135421038656,-0.11917472859678058,-2.144151382786509,,2.2606356924968916,0,0,0,1,0,0,0,0,0.11165232465018994,-0.3541707425373841,0,0,307531000000.0,0.0,0.0,,,,0,-0.28080417892103066,-0.10067914517589296,1.7744707181016155,-3.123140203853741,0.12279816962309385,0.48311621030933943,0.09523809523809523,growth-flip; under-priced vs fundamentals; Graham net-net (mcap 0.54x NCAV); cash 123% of mcap
SGER.JK,PT Sumber Global Energy Tbk,Materials,Metals & Mining,Nano Cap,IDR,4644899127296.0,6807425646592.0,298.0,8079364843364.0,417092209541.0,,-473962344574.0,0.051624381077873885,-0.05866331744670372,,0.09159600714301258,4.866269844271649,0.8425694071958256,16.32115271125157,17.044246586867832,1.992886780422174,-0.10203931917245193,1516105419899.0,0.3264022271203964,0.018087809222222966,0.01234182400700343,-2029683241570.0,-0.4369703595159811,0,2026-03-31,3.0637045856649165,0,0.574908946104977,22.02513,,559427298470.0,0.06924149476050541,0.1204390629674809,0.9068794088014899,0.91526,,,-0.1644282615946713,0,0.07956576513364962,-0.2226946466194126,,0,,-0.4527093336283982,-0.5517460451304887,,0.34634065068090203,-0.011405831180612142,-0.009546164711996784,-0.145143949339487,-0.055549095576889924,,0.3172786762980252,0.6436872223701392,1.9177867895882512,,-0.8709670888209369,-0.7424170170196457,-0.6089810633698243,,1.241667417951732,0,0,0,1,0,0,0,0,0.2843235151698349,-0.19272750802682231,0,0,220262851153.0,2.1518033662643097,1.8873307191460509,,,,1,-0.1644282615946713,0.2882810720337269,0.3873177835358175,-0.5107689122755733,0.5267421678227355,-0.054943314431323685,0.0923452220497908,growth-flip; FCF break-even ETA 2.2q
UNIQ.JK,PT Ulima Nitra Tbk,Materials,Metals & Mining,Nano Cap,IDR,326454214656.0,492901040128.0,104.0,494701782606.0,37448478463.0,,43765904502.0,0.07569909747591398,0.08846926783131666,,0.05688495038842046,4.444688413775034,0.996359943421845,13.162111262143751,13.903249297834286,0.7146860842713316,0.13406444927696268,85855749520.0,0.26299476516322573,0.020743704654374993,0.0137388020326381,-166446818338.0,-0.5098626725141006,0,2026-03-31,3.8023570521616943,0,0.659901027516614,44.827587,,61417241488.0,0.12415003068002912,0.18813431939519668,0.37921699398793507,0.85657,,,-0.7657657657657657,0,0.1766755081989574,-0.38743755867042906,,0,,-0.26180297859154045,-0.6485915228038556,,-0.7668311143950077,-0.08332053894804607,-0.1916184884309063,-0.13615820458273825,-0.49506516713242843,,-0.5368531610501388,-0.5762080051493677,-17.18413617070948,,-1.0302686681610909,-0.3179788190842123,-0.7030238892260212,,-2.299649618543078,0,0,0,0,0,0,0,0,0.16644955631055736,-0.1095646059221369,0,0,,,,,,,0,-0.7657657657657657,-0.5039627871742253,-0.11717424296191015,0.0010653486292420133,-0.6826941487960465,0.2066905605022978,0.09144670677505683,under-priced vs fundamentals
UANG.JK,"PT Pakuan, Tbk",Real Estate,Real Estate Management & Development,Nano Cap,IDR,3049200025600.0,3719591100416.0,2520.0,343766000000.0,78848000000.0,,-164496000000.0,0.2293653240867334,-0.4785115456444209,,0.0840825518184768,5.873719054383117,10.820125028117964,47.174197194805195,50.72331074737833,7.573902242711622,-0.0539472644034337,-130519000000.0,-0.04280434176315389,0.045998950158214244,0.037708445959103755,-469538000000.0,-0.15398727405808926,0,2025-12-31,,0,8.869987216885905,36.627907,,186812000000.0,0.5434277968152755,0.06126590529699358,1.5146761121032903,0.8626,,,7.63013698630137,0,0.2783487459743031,-0.22018118804772577,,0,,0.08122576201244885,-0.12152947992334774,,-1.1976753507014029,-0.05293862538816915,-0.2430905084079525,,,,,0.1863623721375815,0.2981311183625037,,1.388255394053921,,,,,0,0,0,0,0,0,0,0,0.13818763992378758,-0.05410508810531077,0,0,,,,,,,0,7.63013698630137,7.548911224288921,7.751666466224718,8.827812337002772,6.9818085080014995,-7.777549633879477,0.09117479487008202,
MEDC.JK,PT Medco Energi Internasional Tbk,Energy,"Oil, Gas & Consumable Fuels",Small Cap,IDR,30974180065280.0,30977604714496.0,1255.0,2444718151.0,780324499.0,,489474404.0,0.31918791893487275,0.2002171104263217,,0.14361642016676457,3.8270104499179642,12671.237664687344,39698.36235334705,40112.76670883378,14102.444367052289,1.5802658955568878e-05,-4277912437.0,-0.00013811220920082582,1.8340143526083837e-05,1.8338115978804864e-05,-3180891429.0,-0.00010269493566241543,0,2026-03-31,,0,12669.83682867907,11.613918,,945383364.0,0.38670444018804195,3.052165907241277e-05,1.7068904707175792,0.77632004,2270.611,0.8092517928286851,0.23798183009852475,0,0.2638250696110908,-0.13220631743651343,,0,,0.018976231756630935,-0.20868643696646644,,-0.41367938199020865,-0.09183107284337721,-0.14774349414516472,0.021809419492339326,-0.028987956923086994,,-0.00853220577328161,0.04747767317396066,0.21368556213405746,,1.1298281415491571,-0.06835259850168016,-0.22625251227611232,,-1.5055123745173549,0,0,0,0,0,0,0,0,0.19833475623166744,-0.05471833606490287,0,0,,,,,,,0,0.23798183009852475,0.21900559834189381,0.4466682670649912,0.6516612120887334,0.21492709203270266,-0.38306554238208024,0.09105530424856684,
GAMA.JK,PT Aksara Global Development Tbk,Real Estate,Real Estate Management & Development,Nano Cap,IDR,180198490112.0,301154365638.0,18.0,24919411410.0,-5026904058.0,,-38563871521.0,-0.20172643628262968,-1.5475434345742438,,-0.006103190009276294,-24.061703611292597,12.085131574060721,-59.908516686076766,,0.16840060351146388,-0.21400773944904386,220706217732.0,1.2247950445912335,0.02834990928517109,0.016963429492968935,-120955875526.0,-0.6712368979941035,0,2021-12-31,0.8164631334981787,0,7.231249853665785,,,11918167161.0,0.47826840549762406,0.06613910667948672,0.117810840554488,,,,0.0,0,0.33403237302024597,1.2247950445912335,,0,,,,,,,,,,,,,,,,,,,,0,0,0,0,0,0,0,0,,,0,0,,,,,,,0,0.0,,,,,,0.09090909090909093,
PGLI.JK,PT Pembangunan Graha Lestari Indah Tbk,Consumer Discretionary,"Hotels, Restaurants & Leisure",Nano Cap,IDR,88328003584.0,101200338944.0,181.0,19957994565.0,-695130986.0,,-394182390.0,-0.03482970113735974,-0.019750601129598012,,-0.22769667260683898,1.7155941470288594,5.070666725276764,-145.58456029465503,,6.865157548387549,-0.004462711416602236,-19377939103.0,-0.21938613255955192,0.014103425204389595,0.012309517981845229,1192562651.0,0.013501523895146934,0,2026-03-31,,0,4.425695342101122,,,7843283914.0,0.39298958061420836,0.08879725110667798,0.004132147316531598,0.8513,,,0.40310077519379844,0,0.3138240223161768,-0.5871126080609617,,0,,-0.02366887144742965,-2.019653404614339,,0.7833550363173197,-0.06817958381778773,0.06925736084959705,0.041410939760640295,0.3913644707511769,,0.7199872877926141,-0.0295427548881851,1.5543435618622474,,1.8936906550244734,-0.11516453872766841,-7.762219796354514,,0.9094742168921532,0,0,0,1,0,0,0,0,-0.09133964774636144,-0.13635702486047754,0,0,1013547948.0,0.3889134113268413,0.2765603763794814,,,,1,0.40310077519379844,0.4267696466412281,2.422754179808137,-0.3802542611235213,0.43711568151465413,-0.8230898551086147,0.09062664125080386,growth-flip; FCF break-even ETA 0.4q
ARKA.JK,PT Arkha Jayanti Persada Tbk,Industrials,Professional Services,Nano Cap,IDR,62000001024.0,264797454336.0,31.0,145007651185.0,11794316830.0,,-3541145670.0,0.08133582423835603,-0.024420405689367555,,0.03589264411690029,17.194506039058137,1.826092983177645,22.451275317826102,22.949051831252245,0.5242537614251034,-0.05711525179861261,-32624399296.0,-0.5261999799543745,0.05687192359295404,0.013316062006116581,-203208995568.0,-3.277564390512485,0,2025-09-30,,0,0.42756365279581504,17.514124,,24795918169.0,0.17099730922036313,0.3999341574107649,1.7480907799022338,0.54679,,,0.7222222222222222,0,0.3011396993817618,-1.2085003514105903,,0,,-0.20799449189705532,-0.22047755556487875,,-5.867858033585299,-0.0013024901074888823,-0.028393630808638833,-0.05992516000517497,-0.01915330471825371,,0.23541904172399986,-0.06983441278544772,2.3999592436233574,,-0.8938786683512189,-0.20902796791563244,-1.1189412877257907,,-7.47809209186177,0,0,0,0,0,0,0,0,0.045053549258755876,-0.009160905141855587,0,0,1090339893.0,3.2477447562307984,,,,,1,0.7222222222222222,0.9302167141192775,0.9426997777871009,6.590080255807521,1.174507884859771,-2.8209989159046334,0.08790654754568118,FCF break-even ETA 3.2q
BKSW.JK,PT Bank QNB Indonesia Tbk,,,,IDR,1898534666240.0,1124665655296.0,54.0,432155000000.0,,-1812457000000.0,-1832286000000.0,,-4.239881523990235,,,,2.602458967953628,,,0.40392412327407234,-0.9651053691997082,,,0.6495225090844428,1.0964511934664267,1164874000000.0,0.6135647774644029,1,2026-03-31,,0,4.393179915169326,,,,,,0.014524195219549018,0.92499,,,-0.11475409836065574,0,0.3100004409707885,-0.8854558634052292,,0,,-0.20580911337970578,,-2.1906332874148555,-2.2447493634562763,,-6.945064885042895,-0.07231820094280489,,-0.04241657737617666,-0.02896719499703488,0.1245443379031619,,-0.4408720616121275,-0.47836543041562846,0.04829645725537446,,-2.927943371066045,-2.867688822213185,0,0,0,0,0,0,0,0,,,0,0,,,,,,,0,-0.11475409836065574,0.09105501501905004,,2.1299952650956206,0.11465129675126047,-1.1105251400573353,0.08723321015022024,"cash 65% of mcap; cash > EV (1.10x, net cash 61% mcap)"
IMAS.JK,PT Indomobil Sukses Internasional Tbk,Consumer Discretionary,Automobiles,Micro Cap,IDR,3754633461760.0,54995361726464.0,940.0,31473531000000.0,3546521000000.0,,-4472498000000.0,0.11268265387826996,-0.14210347100870252,,0.05015750246210285,13.66513154722614,1.7473527748273303,15.506847901496705,17.572536514485463,0.2735008585895302,-1.191194305796097,-31049065000000.0,-8.269532916122689,1.2535663062550249,0.08558325379165793,-48667800000000.0,-12.962064205645992,0,2026-03-31,,0,0.1192949549181501,29.156326,,6285901000000.0,0.1997202347585341,1.6741716772143873,3.887987150396451,0.75813,,,0.043893528954920304,0,0.4698230491603559,-1.7171423017235943,,0,827.386137055574,0.07351446121316105,-0.05194528501619957,,-2.076459246612798,-0.014911731292070199,-0.09251720352136751,0.03173357392833282,-0.019133490536554176,,-4.261793304666498,0.09253329061707058,0.012097975648701579,,-5.140830847016026,0.025754727445144725,-0.05678405131948354,,-0.03194445346966396,0,0,0,0,0,0,0,0,0.06054465990003133,-0.01038715743792848,0,0,,,,,,,0,0.043893528954920304,-0.029620932258240744,0.09583881397111987,2.1203527755677185,-0.027592485549534723,-0.5397445429327657,0.08674149667454786,cash 125% of mcap
INTA.JK,PT Intraco Penta Tbk,Industrials,Trading Companies & Distributors,Nano Cap,IDR,250795130880.0,2698003087360.0,75.0,920989000000.0,36136000000.0,,-25910000000.0,0.03923608208132779,-0.028132800717489567,,0.03892464377433518,73.75600509187514,2.929462878883461,74.66247197697587,89.72109631738219,,-0.10331141561275912,-3836348000000.0,-15.296740357513595,0.1648197867915481,0.01532096097059968,-2686126000000.0,-10.71043919622687,0,2026-03-31,,0,0.2723106691610866,,,156489000000.0,0.16991408149283,0.623971444146085,,0.60762,,,5.818181818181818,0,0.397995896064363,-2.9480868080363503,,0,,-0.03528934856637676,-0.471556842443918,,-1.3780881086839147,-0.032392182497656345,-0.09991504375415425,-0.07711354544944406,-0.4660756501182033,,-2.6274103385465737,-0.04734933305232839,-1.5431715446783252,,0.6484867591424969,0.1303212239868024,0.9604443359375929,,-1.6001526508532393,1,1,0,0,0,0,0,0,0.03587683267218142,0.003047811102153762,0,0,,,,,,,0,5.818181818181818,5.853471166748195,6.289738660625736,7.1962699268657335,6.067592555394255,-6.44649325141322,0.0847964675740981,growth-flip; accelerating sales
TEBE.JK,PT Dana Brata Luhur,Industrials,Transportation Infrastructure,Nano Cap,IDR,1297849909248.0,710395166720.0,1010.0,415771909000.0,123266127000.0,,83196615000.0,0.2964753614463165,0.20010157781005836,,,,1.7086175168221862,5.7631012185529285,5.785168243389547,1.0558666312192888,0.06410341781986623,641590783000.0,0.4943489832131286,0.45843874146028635,0.8375404378764746,,,0,2026-03-31,2.0228624594315594,0,3.121543041158175,9.00098,,136995714000.0,0.3294972821263882,0.10555589904797083,,0.905,,,0.6619615131870007,0,0.2890663537555132,-0.1795208240795166,,0,,-0.2662949609571519,-0.29021740056742934,,-0.45844920464106564,-0.009992375039631352,-0.07100048171578269,-0.17687874880173374,-0.24011606647059766,,-0.5279605343971963,-0.46796397967370185,-0.8121437113997968,,-1.4008089604789808,-0.043626455346025134,0.45547102498854575,,0.4977853573635128,0,1,0,1,0,0,0,0,,,0,0,,,,,,,0,0.6619615131870007,0.9282564741441526,0.9521789137544301,1.1204107178280664,1.2651630079508596,-1.0002820352422164,0.0816291620579819,growth-flip
BIPP.JK,PT Bhuwanatala Indah Permai Tbk,Real Estate,Real Estate Management & Development,Nano Cap,IDR,316806168576.0,1162539827200.0,63.0,255337831129.0,27561162038.0,,-96363972068.0,0.10793998647257147,-0.3773979423335654,,0.01625657514630645,23.82041920579488,4.552947841922687,42.180363280660885,49.03156810060793,0.39440703786522757,-0.304173282045431,-498808117225.0,-1.574489914344388,0.0972558845413029,0.02650340524436873,-655241731346.0,-2.0682732735010214,0,2025-12-31,,0,1.2407333734104815,,,98103147693.0,0.3842092151375603,0.30966299720097024,0.8540999406342534,0.79668,,,0.75,0,0.34981206682491456,-0.47770383792777554,,0,,-0.03248416293646722,-0.6419393516844002,,0.057113916019469704,-0.1837246989820197,0.009858262086622216,0.05722811868603398,-0.6589769865821897,,0.3125113635507226,0.39420803590477627,-2.3612753934523787,,0.47949420479383115,-0.03190006662443819,-0.7262264023290002,,6.189994708596578,0,0,0,1,0,0,0,0,0.05059344670959252,-0.03433687156328607,0,0,43804122296.0,2.1998836414717875,16.508867710263598,,,,1,0.75,0.7824841629364672,1.3919393516844,0.6928860839805303,0.8087559220853195,-0.9557698662004658,0.08070250888656287,growth-flip; FCF break-even ETA 2.2q
DYAN.JK,PT Dyandra Media International Tbk,Communication Services,Entertainment,Nano Cap,IDR,333291225088.0,361621684224.0,78.0,1350505503580.0,132698975337.0,,-104617164301.0,0.09825874458507107,-0.07746518916337225,,0.10784446785296199,0.0032022062636192666,0.26776764942119213,2.7251279318896917,4.602626689546448,0.45774796388404027,-0.3138911451190399,134420877994.0,0.40331358246383,0.8086096493774847,0.7452608967222816,-424929490.0,-0.0012749495276624953,0,2026-03-31,2.4794602599075177,0,0.24678997916298148,7.276119,,411845975253.0,0.3049569025533434,1.2356940244804193,0.37072302612987373,0.73065,,,-0.09302325581395349,0,0.40372513976158797,-0.35271102468934395,,0,,-0.07386731658791043,-0.2875223071229114,,-1.7968004831782498,-0.029465443415540124,-0.1675040947934654,0.0566557139376364,0.45591418465829336,,-5.753378846482269,0.5119262274997813,2.679065390294512,,0.18760722044367428,-0.2609371554777892,-0.579834479259608,,-2.1473483976615433,0,0,0,0,0,0,0,0,0.22681849897751788,-0.11897403112455589,0,0,,,,,,,0,-0.09302325581395349,-0.019155939226043056,0.1944990513089579,1.7037772273642964,-0.020683795712152297,-0.6263734464824037,0.0796412523226338,cash 81% of mcap
APLI.JK,PT Asiaplast Industries Tbk.,Consumer Discretionary,Distributors,Nano Cap,IDR,357019910144.0,309559164928.0,262.0,298035919375.0,14711908798.0,,17639183277.0,0.049362871525189964,0.05918475636758976,,0.033553768671590586,-6.035690599990083,1.038663948886312,21.041400485712828,35.56538722582257,1.0253317057538955,0.04940672151837535,91520486684.0,0.25634561010080986,0.31235999314161544,0.360250153504381,88796529640.0,0.24871590383904615,0,2026-03-31,3.9009835183319206,0,1.1979090000047414,61.358315,,34167628318.0,0.11464265243481946,0.09570230496170051,0.06525630264575663,0.87302,,,-0.5056603773584906,0,0.1694603222656444,-0.26379166002330834,,0,,-0.2543382387892975,-0.5081592976892949,,-0.3141004972834748,-0.025474378720598906,-0.005156753569504492,-0.008107741000307124,0.02622458397853218,,5.800303250125078,-0.09096036331760574,-0.9293176989678562,,-4.745538122207558,-0.10021534565762008,0.07638038743530673,,-0.4486639954249467,0,0,0,0,0,0,0,0,0.09710208029087387,-0.06354831161928329,0,0,15045301412.0,0.0,,,,,0,-0.5056603773584906,-0.25132213856919305,0.002498920330804344,-0.1915598800750158,-0.3370457647729325,0.14679436610446817,0.07928023298432998,under-priced vs fundamentals
MTPS.JK,PT Meta Epsi Tbk.,Industrials,Construction & Engineering,Nano Cap,IDR,168872919040.0,199016316928.0,81.0,,-51330721.0,,3946902208.0,,,,-0.007652559211099573,-586.6383306986862,,-3877.1385449271206,,4.259114627434674,0.02337202572465227,27854785540.0,0.1649452481685485,0.0031452462953766446,0.002668861182835365,-30143406726.0,-0.17849757614991008,0,2026-03-31,6.062617814719675,0,,,,0.0,,,0.7736376020452401,0.69924,,,5.230769230769231,0,0.3338110459178569,-0.9775716341263891,,0,,-1.0,-2.172180346992936,,0.3139856410589886,,,,-1.0557569709670742,,-0.6401656903354603,,-1.381029598244961,,-2.15375647972484,-1.5555260331029488,19.01879409958383,,3.0017309747017356,0,0,0,1,0,0,0,0,-0.005632995137127608,-0.0020195640739719654,0,0,943138632.0,,0.0,,,1.5524655596161951,0,5.230769230769231,6.230769230769231,7.4029495777621666,4.916783589710242,,-6.18350079941388,0.07719632011541878,growth-flip
SMCB.JK,PT Solusi Bangun Indonesia Tbk,,,,IDR,6990021001216.0,8482374811648.0,775.0,10959494000000.0,1097040000000.0,,298185000000.0,0.10009951189352355,0.027207916715862975,,0.07354999463134286,1.1852320790490776,0.7739750404213918,7.732056088791658,7.793034180203885,0.5253085615806705,0.04265867011674601,-2546359000000.0,-0.3642848854899048,0.03464696314329661,0.028551320282078813,-1492354000000.0,-0.2134977848765242,0,2026-03-31,,0,0.6378050849077521,9.337349,,2468344000000.0,0.225224266740782,0.3531239748164707,0.13035256064609002,0.98682,,,0.05629713681051106,0,0.2961880719608283,-0.25117249997619767,,0,,-0.07272067009516389,-0.13190248858734743,,-0.7335037970022584,-0.006824200122862306,-0.0674626207874643,-0.0652993593764099,-0.1741239973350096,,-0.7191671030375179,-0.10502623688024794,-0.45580500558025394,,1.3791831156999697,-0.04687668711514668,0.020899877678946965,,-2.0320681063298753,0,0,0,0,0,0,0,0,0.08408726408085208,-0.010537269449509223,0,0,,,,,,,0,0.05629713681051106,0.12901780690567494,0.1881996253978585,0.7898009338127695,0.13913585986966373,-0.36900612203876765,0.07563916767233778,
ABMM.JK,PT ABM Investama Tbk,Materials,Metals & Mining,Micro Cap,IDR,6690191179776.0,6690941960192.0,2430.0,986068266.0,153303457.0,,190483740.0,0.1554694155424732,0.1931750027538154,,0.09005912489711186,4.477673937907349,6785.475398507551,43645.08205572951,45588.86629550516,7534.690375681282,2.847209218412466e-05,-673045649.0,-0.00010060185589831452,2.8191817831776068e-05,2.8188654470795587e-05,-741755514.0,-0.00011087209529112969,0,2026-03-31,,0,6784.714010638286,5.9417562,,85492126.0,0.08670000744147262,1.2778726900725495e-05,1.047803527811736,0.90740997,,,-0.2144396345056898,0,0.10692623792927226,0.04865213540592425,937037.3142954361,0,,-0.17836713546619914,-0.4307998914244645,,1.510347468072771,-0.06894863939998566,0.1299491215212094,-0.07846223362587067,-0.20127990211924163,,-0.2109455543238904,-0.13202113732044474,-0.4614136659787915,,-0.522002723116991,0.06120622609913351,0.03372751034687471,,-1.496579329066561,0,0,0,0,0,0,0,0,0.16063053232740274,-0.07057140743029088,0,0,114604308.0,,0.0,,,,0,-0.2144396345056898,-0.03607249903949067,0.2163602569187747,-1.724787102578461,-0.04390342767016556,0.5148331148997256,0.0744966812746847,accelerating sales; under-priced vs fundamentals
EDGE.JK,PT Indointernet Tbk.,Information Technology,IT Services,Small Cap,IDR,9676997525504.0,13367467048960.0,4790.0,865091000000.0,281995000000.0,,-2514622000000.0,0.3259714873926558,-2.9067716575481652,,0.05050526187048361,13.04711431053742,15.452093535778317,47.40320590421816,47.74453458637969,5.206731856471291,-0.25985560018721127,-4632289000000.0,-0.4786907289984803,0.03819449152755157,0.027649815679086025,-3685006000000.0,-0.3808005520604984,0,2026-03-31,,0,11.186103572345568,81.29668,,413273000000.0,0.47772199687662914,0.04270673821201332,2.1815948411534767,0.921,,,0.20959595959595959,0,0.20358954784423086,-0.807070974108734,,0,,-0.14922415437842856,-0.10135150207616977,,-3.862583802744727,0.017365098492293285,-2.398192018553883,-0.004632287712701512,0.037577911708648847,,-1.4882195028552034,-0.01611309938300594,-0.08468533336430255,,-1.9528428985363941,-0.24170053579616146,-0.12569836729550332,,-0.9416361586241304,0,0,0,0,0,0,0,0,0.12238161179400085,-0.07187634992351724,0,0,,,,,,,0,0.20959595959595959,0.3588201139743882,0.3109474616721294,4.072179762340687,0.421756348421289,-1.5806491126624014,0.07171673206934136,
ECII.JK,PT Electronic City Indonesia Tbk,,,,IDR,191951323136.0,-90261472961.0,158.0,2203555118352.0,-56656827434.0,,-15291241082.0,-0.025711554461307344,-0.00693935039548094,,-0.19960063591646574,4.981090697776044,-0.040961749587868246,1.5931261429374302,,0.19381001793835295,-0.07966207699003959,211403316290.0,1.1013381561335631,1.779892020353174,,282212796097.0,1.470231053823206,0,2026-03-31,0.9079863386470436,0,0.08710983516471192,,,272069837049.0,0.12346858709505584,1.4173897455045672,0.06001539747798085,0.53582,,,-0.17277486910994763,0,0.4838961289420057,-0.5407380648357337,,0,,-0.09286003903004153,-1.734813167890156,,-0.6904201313075701,-0.05745292700295171,-0.0032154465384887847,0.006951719503770575,0.16573534211832908,,0.5255927003078148,0.14420807369005012,1.2739619643404347,,2.1066144756650678,-0.08286129683108875,-1.9308915749430877,,-3.460777768900368,0,0,0,0,0,0,0,0,0.013794172622947446,-0.21339480853941317,0,0,16941064559.0,0.902613943105274,,,,,1,-0.17277486910994763,-0.0799148300799061,1.5620382987802084,0.5176452621976224,0.08809536953311732,-0.6665895769659749,0.07142857142857142,FCF break-even ETA 0.9q; cash 178% of mcap
TIFA.JK,PT KDB Tifa Finance Tbk,Financials,Consumer Finance,Micro Cap,IDR,1143812521984.0,1588613742592.0,322.0,171085049000.0,79110670000.0,,-30765705000.0,0.46240551387982476,-0.1798269643070915,,0.04419624886906302,5.620836342303763,9.285520575161422,20.08090365802742,21.55521501964593,0.9354386092677799,-0.026897506723073242,1020309903000.0,0.8920254704243152,0.04008555958145155,0.028861871058215843,-444801148000.0,-0.38887592105432645,0,2026-03-31,1.1210442225649946,0,6.685636931278548,18.4845,,95266165000.0,0.5568351270717993,0.08328826898551178,0.40126713087537985,0.14996,,,-0.5538642533814204,0,0.1823136002679524,0.208773823690022,103.24673198326887,0,,-0.03754495630243831,-0.1262090969555189,,0.6881255782317311,-0.046920593220359685,0.3751251468948373,-0.006380760335797616,-0.040233796145152496,,-1.5172781573193712,-0.046188097158485715,-0.33461491236311847,,2.313946875457557,-0.1062231139578966,-0.10492979160950139,,1.0772036520491537,0,0,0,0,0,0,0,0,0.043810270579033424,0.00038597829002959966,0,0,67882029000.0,,0.45322312036371215,,,,1,-0.5538642533814204,-0.5163192970789822,-0.4276551564259015,-1.2419898316131515,-0.5364606902524877,0.7286547617060117,0.07063262769459204,FCF break-even ETA 0.5y; under-priced vs fundamentals
TFCO.JK,PT Tifico Fiber Indonesia Tbk,,,,IDR,3134999756800.0,3134938152960.0,650.0,190094386.0,-3000071.0,,12222797.0,-0.015782007365541032,0.06429856902770395,,-0.012044652402413702,18.491172708912554,16491.48204176845,-1044954.6537265285,,10104.07031046307,3.898819122230562e-06,97091644.0,3.0970223774149415e-05,1.8074667430864154e-05,1.8075022611370478e-05,55474831.0,1.7695322265869974e-05,0,2026-03-31,32289.078932477445,0,16491.806111517675,,,-2483483.0,-0.013064473140200995,-7.9217964678089e-07,0.0038329302190353762,0.91515,,,0.3,0,0.2817605280432623,-0.6385571880317743,,0,,0.013408072635559182,-1.994130461292127,,0.13007067889871612,-0.031870050423637594,0.006637849102565513,0.008322925181438774,-2.7278608667205746,,0.18753342209620277,0.05326545657181152,0.28125133231984556,,0.24685531520788087,0.048360992369455236,-0.3208668869274775,,-0.03167036591130261,1,0,0,0,0,0,0,0,0.010985244101557974,-0.023029896503971678,0,0,1930205.0,0.0,0.0,,,,0,0.3,0.28659192736444083,2.2941304612921267,0.16992932110128386,0.2828001227769029,-0.7583629581336886,0.0703372013203847,growth-flip
SAME.JK,PT Sarana Meditama Metropolitan Tbk,Health Care,Health Care Equipment & Supplies,Micro Cap,IDR,5321036136448.0,6598468042752.0,310.0,1848798120963.0,182674590934.0,,-63536787316.0,0.09880721365015703,-0.03436653607312464,,0.02297066164855281,4.267631847899764,3.56905817240608,36.1214332492252,62.45599898133022,1.393314161250627,-0.01194067953810464,-1033563491776.0,-0.1942410209726454,0.032737164332674956,0.02639940563330346,-780361340114.0,-0.1466558993592781,0,2026-03-31,,0,2.8781055519876797,269.56522,,536227859646.0,0.2900413266142277,0.10077508325360728,0.24995089607213392,0.88988996,,,0.03333333333333333,0,0.22848609717769208,-0.2940231857893977,,0,1621.2508840244886,0.08346121916445785,-0.0440784723164898,,-1.6486635874596767,-0.013182924727693099,-0.02030857520239031,0.03010019754963471,-0.0748339161554477,,-0.8480877255913878,-0.031511865396720413,-0.05705808965524086,,-1.1054664067899393,-0.022891400725443448,-0.03506601968492605,,-0.28257013519462737,0,0,0,0,0,0,0,0,0.02551282109820829,-0.0025421594496554817,0,0,,,,,,,0,0.03333333333333333,-0.05012788583112452,0.07741180564982314,1.68199692079301,-0.04626643293221151,-0.4157536019198743,0.06981296453870194,
LPKR.JK,PT Lippo Karawaci Tbk,Real Estate,Real Estate Management & Development,Small Cap,IDR,4890534871040.0,13837426229248.0,69.0,8266385000000.0,1788466000000.0,,-2011162000000.0,0.2163540652897246,-0.2432940154614139,,0.035081708677193804,2.5971905532450714,1.6739392405807376,7.737036225037546,10.431130223600903,0.16416830960381623,-0.41123559140931243,11074915000000.0,2.2645610944483168,0.3810620001987013,0.13467800797094315,-8023419000000.0,-1.6406015316467366,0,2026-03-31,0.44158667321961387,1,0.5916171181284201,12.020906,,2948740000000.0,0.35671457354091296,0.602948364086183,0.33189308461074646,0.66657996,175.0,1.5362318840579712,-0.2247191011235955,0,0.31783787052432444,-0.46467314014772637,,0,,-0.27155443273203095,-0.916102334486954,,-2.6772864008967048,-1.662150644667881,-0.3489566184676408,-0.04850269315525915,0.013511667931337176,,-1.3024732134373007,-0.2863404591753747,-0.00943210336338066,,-0.14408038276694,0.09989916558055578,-4.92810360490768,,-2.7539605382678736,0,0,0,0,0,0,0,0,0.5973497433673877,-0.5622680346901938,0,0,,,,,,,0,-0.2247191011235955,0.04683533160843545,0.6913832333633585,2.452567299773109,0.06429489547735358,-1.063595288248301,0.06955191380409956,accelerating sales; Graham net-net (mcap 0.44x NCAV)
SDMU.JK,PT Sidomulyo Selaras Tbk,Industrials,Transportation Infrastructure,Nano Cap,IDR,85141872640.0,209506680832.0,75.0,76129112062.0,-5570993222.0,,2565103966.0,-0.07317822408677183,0.03369412694464326,,-0.07755890609083389,-5.988352336932712,2.7519916515166565,-37.60670180043525,,1.1020386966198708,0.030127408365163248,-27303335577.0,-0.320680468145738,0.0022717121083044105,0.0009232059914838639,-33361070280.0,-0.3918291816420166,0,2026-03-31,,0,1.1183878326422612,,,25458199194.0,0.3344081981839837,0.2990091526603284,0.43431443528532987,0.63676,,,2.0,0,0.3095358390862338,-0.6856991295981979,,0,,-0.19823283824653107,-1.5896661276813218,,-0.21771637758774323,-0.17267842305346393,-0.000839185212480123,-0.013404040426074319,0.3641550873378654,,2.6119946927543274,-0.01953672645853041,1.8751312769030246,,-0.7723974492509584,-0.22136171593675041,-1.1706999342913307,,-1.2108106719739529,0,0,0,0,0,0,0,0,0.08732560622551568,-0.16488451231634957,0,0,4156364767.0,0.0,,,,,0,2.0,2.1982328382465313,3.5896661276813218,2.217716377587743,2.741734686961966,-2.6685384478385323,0.06530971620664004,
BMAS.JK,PT Bank Maspion Indonesia Tbk,,,,IDR,9051331100672.0,11637700427776.0,500.0,751371140000.0,,-3597702601000.0,-3601319012000.0,,-4.792996190937012,,,,15.488617819119323,,,1.3916869512362964,-0.3978772814677641,,,0.3954951312889468,0.30760006276292357,-941662653000.0,-0.10403581998343735,0,2026-03-31,,0,12.046418366124628,2500.0,,,,,0.6951907066244313,0.92438006,,,0.03305785123966942,0,0.17898637667849313,-3.4198287038667443,,0,,-0.03898682820746152,,-10.909125756500128,-10.18151245518531,,-4.381054381606389,-0.0055434637298883375,,-0.8644630008247712,-0.8631321230777289,0.17877913899539044,,0.5391907358632742,0.5390310971016058,-0.28638390858545765,,-10.148584837744572,-9.52159660526685,0,0,0,0,0,0,0,1,,,0,0,,,,,,0.0,0,0.03305785123966942,0.07204467944713094,,10.21457030642498,0.07496742142748032,-5.143307492936056,0.06530186576031674,first-positive: NI
SHID.JK,PT Hotel Sahid Jaya International Tbk,Consumer Discretionary,"Hotels, Restaurants & Leisure",Micro Cap,IDR,800318226432.0,1208096915456.0,715.0,119039566419.0,22546726897.0,,-5440281586.0,0.18940531770452837,-0.04570145666400607,,-0.0036496288078567774,17.310697768860283,10.148700569050247,53.581919937866715,,1.1348736105613804,-0.006797647993416329,-325610109662.0,-0.4068507987299548,0.0035627080189236,0.0023601584661970335,-391041741141.0,-0.48860781652362545,0,2026-03-31,,0,6.723127868384613,,,74439069159.0,0.625330479590177,0.09301183791710735,0.558551340199491,0.91336995,,,-0.04666666666666667,0,0.22477690965848474,-0.2332545352343607,,0,,-0.2368101308341163,-0.5049123706057541,,0.49076859020353164,-0.10256768072224606,0.022791743207607552,-0.03997914864955683,-0.1300943021792866,,0.3996613595492224,-0.65179489398703,-1.0939692180882297,,-1.1593648536302668,-0.37685872940083476,-0.781419937930143,,0.2898010234437475,0,0,0,1,0,0,0,0,0.009835477650861176,-0.013485106458717953,0,0,3621739779.0,1.5021182961692843,1.0376202144177153,,,,1,-0.04666666666666667,0.19014346416744965,0.4582457039390874,-0.5374352568701983,0.24914306629261707,-0.03698463707877956,0.06521739130434782,growth-flip; FCF break-even ETA 1.5q
SHIP.JK,PT Sillo Maritime Perdana Tbk,Energy,Energy Equipment & Services,Micro Cap,IDR,4977215930368.0,4977556717568.0,1830.0,187880355.0,43406806.0,,-47247275.0,0.23103429839697717,-0.2514753338634047,,0.10221824061263085,5.727704798183032,26493.22606170294,114672.26401242238,118954.31512270066,32383.947479615053,-9.492711520053879e-06,-204894700.0,-4.1166528209044516e-05,7.19592047061376e-06,7.195427803683427e-06,-255668161.0,-5.136770527476325e-05,0,2026-03-31,,0,26491.412209477676,14.347315,,50197355.0,0.2671772416014436,1.008542842068107e-05,1.896521380354121,0.94357,,,0.07685767675277347,0,0.1553889973934825,-0.7011293879580659,,0,,0.015253007428727528,-0.050308682235107316,,-4.136623811607426,-0.015949391860139384,-0.3328721172628541,0.08096425995311726,0.022932024688387523,,-0.2057459955823002,0.33503997749380626,0.19929611827857624,,1.0824800533690688,-0.19173073703512708,-0.10253905892235166,,-5.186568394101376,0,0,0,0,0,0,0,0,0.12353450792634879,-0.02131626731371794,0,0,,,,,,0.0,0,0.07685767675277347,0.061604669324045944,0.12716635898788078,4.213481488360199,0.06067913010183393,-1.11573291169349,0.062426247107684255,
TRST.JK,PT Trias Sentosa Tbk,Consumer Discretionary,Distributors,Micro Cap,IDR,1291679956992.0,3537175052288.0,460.0,3734121000000.0,110421000000.0,,-119761000000.0,0.029570814657586084,-0.032072072651100486,,0.02239542852935202,18.75220293241322,0.9472577488217441,32.033535761204845,33.80780161994151,0.49658606945930983,-0.09271723955436566,-686599000000.0,-0.5315550468081254,0.0146197205412834,0.0053387236200778355,-2070637000000.0,-1.6030573121394531,0,2026-03-31,,0,0.3459127213585205,91.81636,,425959000000.0,0.11407209353955054,0.3297713165666456,0.8033158793135264,0.62753,,,-0.03600317058442589,0,0.2866473241462644,-0.5814759328824439,,0,,0.09059342540089108,-0.4586436307122091,,-2.221200139863902,-0.030001285864182,-0.021213513712335586,0.03142883344041358,-0.25852135374697827,,-0.2130521539193939,-0.022606278514669002,2.8343344417033145,,-3.2187086221668353,-0.049671541763454646,-4.781240047242144,,2.0299430805954017,0,0,0,1,0,0,0,0,0.04520734777114089,-0.02281191924178887,0,0,,,,,,,0,-0.03600317058442589,-0.12659659598531697,0.4226404601277832,2.185196969279476,-0.11608046870334045,-0.5912900911796505,0.06127038419018976,growth-flip
GGRP.JK,PT Gunung Raja Paksi Tbk,Materials,Metals & Mining,Small Cap,IDR,3560744681472.0,3560760147968.0,294.0,190081422.0,-36338220.0,,2958865.0,-0.1911718652862351,0.015566302949901122,,-0.05421409051130093,-0.4249064483620827,18732.81518258002,-97989.39375588567,,5437.643898925341,8.309680318828181e-07,71348334.0,2.0037475411043748e-05,1.5312153180682563e-05,1.531208667090766e-05,-15440344.0,-4.336268219494191e-06,0,2026-03-31,49906.48669486803,0,18732.733814838568,,,-17774882.0,-0.09351193721604208,-4.99190017540149e-06,0.10684111875018523,0.90304,,,0.6578565537642665,0,0.2542732534226058,-0.8262321986210035,,0,,-0.4596879301582289,-2.5518025299890708,,1.065567691093168,-0.2577347585875145,0.1438407812244843,0.014570149571116736,0.18327979927926868,,1.842102887089694,-0.15778839704758635,1.2015611417564374,,-2.979628398663659,-0.22584277762522867,-3.1095473634472195,,2.6562057985379997,0,0,0,1,0,0,1,0,0.035909820248268685,-0.09012391075956962,0,0,1917782.0,0.0,0.0,,,,0,0.6578565537642665,1.1175444839224955,3.2096590837533374,-0.4077111373289014,2.0683315185791895,-1.3064974767823103,0.05896697658946604,growth-flip; first-positive: FCF
FIRE.JK,PT Alfa Energi Investama Tbk,Materials,Metals & Mining,Micro Cap,IDR,159339233280.0,194699034624.0,108.0,260602859651.0,16713352946.0,,4563843186.0,0.06413342113122843,0.01751263663074116,,0.05557160283276437,0.058179939186452694,0.7471101233683369,11.649310300157172,14.519908823433811,0.6630242589792793,0.028642306681494784,-34922436455.0,-0.21917035582587685,0.06964681775202779,0.05699807686479431,-972381858.0,-0.006102589035879663,0,2026-03-31,,0,0.6114254981445234,,,50349819616.0,0.19320516928873538,0.31599135115406524,0.05022369430367232,0.51682997,,,0.42105263157894735,0,0.350410973657971,-0.5263196955539284,,0,,-0.4496268483654737,-0.580587506171403,,-0.8783191084239399,-0.020025524137396805,-0.06169852702075506,-0.16347328684797113,-0.22608000679935733,,2.803426450249811,-0.40351852953133766,-0.8667594694455719,,-1.4681658732808882,-1.1331692962326505,-3.2429187244157234,,-7.4198021094516555,0,0,0,0,0,0,0,0,0.16035705735488184,-0.10478545452211747,0,0,7094494317.0,0.0,,,,,0,0.42105263157894735,0.8706794799444211,1.0016401377503503,1.2993717400028872,1.5819802934765852,-1.0572304525658862,0.05636525372694633,
SAMF.JK,"PT Saraswanti Anugerah Makmur, Tbk",Materials,Construction Materials,Small Cap,IDR,2972500099072.0,3871711428608.0,290.0,3457242247558.0,344036362227.0,,-290607999994.0,0.09951178933729847,-0.08405774868662126,,0.12417806016804236,2.4445320506821635,1.1198843330526687,11.25378551135066,11.505189602177612,1.5904558208462902,-0.0977655139808831,1069396526095.0,0.3597633273179235,0.02428208730776284,0.01864253270392892,-841007914064.0,-0.28292948226530207,0,2026-03-31,2.779605157243551,0,0.8597893599071935,11.948908,,723915341939.0,0.20939097989165578,0.24353753332590394,0.4886064290588061,0.98172,,,-0.06570803631762694,0,0.14617405240249726,-0.7293011019318508,,0,,-0.2793747426432728,-0.4229711368312884,,-3.3308781799599054,-0.024763985027652785,-0.11004543749031735,-0.13366215726911404,-0.12095127679858494,,-1.939877126923847,-0.47732655906033405,-0.2920601822159372,,-2.2469632023283186,-0.22545617179613697,-0.2818776606437559,,-1.4899903590975585,0,0,0,0,0,0,0,0,0.266160402573315,-0.14198234240527266,0,0,,,,,,,0,-0.06570803631762694,0.21366670632564583,0.35726310051366145,3.2651701436422784,0.29650182830030275,-1.278699983493862,0.054414690863047586,
RUIS.JK,PT Radiant Utama Interinsco Tbk,Energy,Energy Equipment & Services,Nano Cap,IDR,137059999744.0,489177939968.0,178.0,2103116747592.0,64475419817.0,,-21484745532.0,0.030657080683144315,-0.010215669461336055,,0.06649287442711498,5.472493062851956,0.23259666422612665,7.587045440827362,8.013318477344951,0.24260437319271774,-0.15675430885837666,378190622566.0,2.7593070426994206,1.235053029550369,0.3460425217152543,-353124801951.0,-2.5764249424380914,0,2026-03-31,0.36240983135450683,1,0.06516994356158745,10.614192,,200469588452.0,0.09532023777640074,1.4626410975225166,0.9246812243321114,0.46617,,,0.07878787878787878,0,0.47948553097967245,0.19321733821130146,41.47308182344189,0,,-0.017473994045904478,-0.18511629569328972,,-1.1948224339532236,-0.006306941150436236,-0.005642561059161023,0.02554245003532138,-0.033173584493979634,,-1.655062181952339,-0.1451635109026922,0.798408814902153,,0.8759167205952014,-0.24454712929561673,0.0020149118867405502,,5.641689897242359,0,0,0,1,0,0,0,0,0.09197224780541176,-0.025479373378296782,0,0,,,,,,,0,0.07878787878787878,0.09626187283378326,0.2639041744811685,1.2736103127411025,0.09797386761310892,-0.5445921200186847,0.054069229510753394,growth-flip; Graham net-net (mcap 0.36x NCAV); cash 124% of mcap
NIKL.JK,PT Pelat Timah Nusantara Tbk,Industrials,Building Products,Micro Cap,IDR,635884208128.0,635923660800.0,252.0,140959087.0,2961744.0,,8293748.0,0.02101137332139502,0.05883798041342308,,0.028311742736767835,13.183102928544804,4511.405928728809,214712.56827058652,233526.90758568823,11214.401888115513,1.3042858894729014e-05,27704012.0,4.3567699348217396e-05,5.341261752668528e-06,5.340930381057462e-06,-39481231.0,-6.20887112706102e-05,0,2026-03-31,22952.78417176545,0,4511.126041331411,22.222221,,7614993.0,0.05402271795361444,1.1975439714752507e-05,0.7561868167878352,0.85406,,,0.03942961336219178,0,0.12165199233918177,0.35173476727862274,663928.9865840942,0,,-0.09483913307014318,-0.2400784721434667,,2.7802002463996076,-0.004015780396207445,0.04474935179906844,-0.05095694672236002,-0.3428329763940822,,-0.6519754205103067,-0.27125098627207783,-0.7245459278641185,,1.498278590920415,-0.012338876305887383,-5.721581532337836,,1.4165172718113723,0,0,0,1,0,0,0,1,0.03260642664627416,-0.004294683909506325,0,0,6099751.0,,0.0,,,0.0,0,0.03942961336219178,0.13426874643233494,0.2795080855056585,-2.7407706330374157,0.14833688832323322,0.7756646003664741,0.05373399105001125,growth-flip; first-positive: NI; under-priced vs fundamentals
PTIS.JK,PT Indo Straits Tbk,Industrials,Marine,Nano Cap,IDR,172751912960.0,172751749120.0,314.0,12940853.0,-599954.0,,2352120.0,-0.04636124063846487,0.18175927042830947,,,,13349.332468269286,-287941.6573937335,,8486.579511565544,1.3615594523370771e-05,1442920.0,8.352555843095656e-06,2.063085692617039e-06,2.0630876492742745e-06,,,0,2026-03-31,119723.83289440857,0,13349.345128949382,,,1119390.0,0.0865004803006417,6.479754584594326e-06,,0.81824,,,0.026143790849673203,0,0.11735419448736861,-0.2131745447342014,,0,,-0.14534893089802453,-1.6108708733781407,,2.2333839875912798,-0.11122385826081588,0.3077060610090112,0.0038076241843049276,-0.05019438838115877,,-0.3313882423571228,0.024661219904351408,1.036295484424039,,-1.2792734743547802,-0.23138324519261094,-1.2596815148638203,,2.291774331848013,0,0,0,0,0,0,1,0,,,0,0,4259166.0,,0.0,,,,0,0.026143790849673203,0.17149272174769772,1.6370146642278138,-2.2072401967416067,0.20065817261293958,0.13291093692203168,0.050011346328769475,first-positive: FCF; under-priced vs fundamentals
SOTS.JK,PT Satria Mega Kencana Tbk,Consumer Discretionary,"Hotels, Restaurants & Leisure",Nano Cap,IDR,780003115008.0,961579778048.0,780.0,20728192009.0,-3485971762.0,,-5604548233.0,-0.16817538936760243,-0.27038287905508374,,-0.030316059389156227,-46.25810297742739,46.38994938055815,-275.8426756435671,,4.598603869548093,-0.007185289552263541,-222280189860.0,-0.2849734643145883,0.006739882455400298,0.005467179562232407,-161276420743.0,-0.20676381624622855,0,2025-12-31,,0,37.63006029032004,,,12932505079.0,0.623908977366903,0.016580068502505096,0.9818189350121406,0.74996,,,1.7857142857142858,0,0.26419031824332956,-0.1251218872372866,,0,,-0.08089452133182738,-0.1250157739074598,,-0.053937268630556826,-0.030780940925290157,-0.03459049095545269,,,,,-0.08089452133182738,-0.1250157739074598,,-0.053937268630556826,,,,,0,0,0,0,0,0,0,0,-0.02799559388074371,-0.0023204655084125177,0,0,,,,,,15.072313582696195,0,1.7857142857142858,1.866608807046113,1.9107300596217456,1.8396515543448426,2.0308972695396372,-1.8723301403375672,0.049999999999999996,
BRAM.JK,PT Indo Kordsa Tbk,Consumer Discretionary,Auto Components,Micro Cap,IDR,2034257625088.0,2034234687488.0,4520.0,129215607.0,10442686.0,,30712091.0,0.08081598068877237,0.23768097146345488,,0.05370519490030129,-3.214861578716434,15742.948818001529,194799.94778048483,206819.7804555285,9386.75332625746,1.5097444208263161e-05,61067719.0,3.001965839865453e-05,1.7727040348903704e-05,1.7727240235260577e-05,33571790.0,1.6503214531909504e-05,0,2026-03-31,33311.50497184937,0,15743.126332162028,135.12704,,17973616.0,0.13909787228720755,8.835466942994735e-06,0.011487751058430048,0.99351,,,-0.23389830508474577,0,0.13256797412204596,-0.18606579239163928,,0,,-0.4404196877232164,-0.5066787678795941,,0.7777721371973869,-0.01085457546466738,0.1628673384612845,-0.09470166400079634,1.0664076274362595,,0.07167694158432339,0.2270533285585661,105.02489588030878,,-0.07976970324245525,-0.37826348962585715,-0.7553721909387299,,0.3493697249564825,0,0,0,0,0,0,0,0,0.10915931190556305,-0.05545411700526176,0,0,2054116.0,0.0,0.0,,,,0,-0.23389830508474577,0.2065213826384706,0.27278046279484836,-1.0116704422821328,0.36906477606081245,0.1774561989496046,0.04590563250324596,under-priced vs fundamentals
MYTX.JK,PT Asia Pacific Investama Tbk,Consumer Discretionary,"Textiles, Apparel & Luxury Goods",Micro Cap,IDR,356374970368.0,2243524034560.0,46.0,972594000000.0,32489000000.0,,11669000000.0,0.033404483268455284,0.011997812036677175,,0.02442107054098231,58.55027855581889,2.306742622882724,69.05488117701375,69.77867736252799,,0.03274360145986222,-3439725000000.0,-9.651982563332297,0.046717646816800594,0.007420914482543175,-1901692000000.0,-5.336210896170049,0,2026-03-31,,0,0.3664169945198099,,,4270000000.0,0.004390321141195606,0.011981761781953182,,0.94139,,,0.2777777777777778,0,0.2908677857164749,-1.682000637129484,,0,,-0.23002128023408258,-0.5479351032448377,,1.1158915075132338,-0.02349164258892915,0.09171081387969744,-0.06753911642890013,-0.7318460192475941,,-0.8383167987585213,-0.1720671492656734,-0.9737653631284916,,-2.1089215335005376,-0.23391872843844091,-1.3371661996913442,,2.63986573917608,0,0,0,1,0,0,1,0,0.056356300688768596,-0.031935230147786285,0,0,112358000000.0,,0.0,,,0.41080484688939645,0,0.2777777777777778,0.5077990580118603,0.8257128810226155,-0.8381137297354561,0.6594975224331356,-0.1651327364330066,0.045466377869465384,growth-flip; first-positive: FCF
BSDE.JK,PT Bumi Serpong Damai Tbk,Real Estate,Real Estate Management & Development,Small Cap,IDR,13907408191488.0,28327406469120.0,665.0,12788452336734.0,4489679431327.0,,-1360109051392.0,0.35107292994561096,-0.10635446851415906,,0.09095075192915403,1.3530085304187425,2.2150769868963236,6.309449683971615,6.430541022162686,0.3173739154376531,-0.09779744957974641,6165038141893.0,0.44329166563661365,0.8476366420699497,0.4161492437431464,-4614035548628.0,-0.3317681831940484,0,2025-12-31,2.2558511190682875,0,1.0874973628779045,5.4642563,,8125955872700.0,0.6354135479989802,0.5842897368665337,0.3743123272800961,0.92136,1161.8182,0.7470950375939849,-0.21764705882352942,0,0.3656813414652596,-0.6886655348793959,,0,,-0.0730703105979829,-0.3005870801393504,,-3.8279700934383216,-0.11420289306431808,-0.14121449574538275,,,,-0.7927651975492984,,,,0.873039723734121,-0.2687027974307164,-0.9403135626144208,,-4.754817213829277,0,0,0,0,0,0,0,0,0.14325566456149166,-0.052304912632337636,0,0,,,,,,,0,-0.21764705882352942,-0.1445767482255465,0.08294002131582101,3.610323034614792,-0.155973802413014,-1.182895435901689,0.04460909331880978,cash 85% of mcap
BEBS.JK,PT Berkah Beton Sadaya Tbk,Materials,Construction Materials,Small Cap,IDR,224999997440.0,235861524480.0,5.0,401910300386.0,58685881416.0,,-36540940349.0,0.14601736098735787,-0.09091814843736425,,0.06875482601549103,0.0333758804628942,0.5868511562243502,4.019050558482286,4.236712855300637,0.2785540482869541,-0.16240418117668756,-25749854174.0,-0.11444379763100498,0.00820345359111485,0.007825680941685398,-1958692963.0,-0.008705302156824772,0,2024-09-30,,0,0.5598264021198437,,,73846067568.0,0.1837376835007146,0.32820474848090736,0.004710002365083886,0.42712003,,,0.0,0,0.29411395856718886,-0.6470398458814371,,0,,-0.37973390172726496,-0.6290792076138477,,-1.7501690589753924,-0.09815773148203696,-0.16609246350502307,,,,,,,,,-0.7901882407967102,-0.7406297550317016,,-3.0617542976663836,0,0,0,0,0,0,0,0,0.2092291755286535,-0.14047434951316246,0,0,,,,,,,0,0.0,0.37973390172726496,0.6290792076138477,1.7501690589753924,0.6122112796180803,-0.9196607227721684,0.044477322613767044,
PTPP.JK,PT PP (Persero) Tbk,Industrials,Construction & Engineering,Small Cap,IDR,1298921684992.0,20464684498944.0,210.0,15077646298428.0,-5808436802672.0,,-744620866608.0,-0.3852349821521937,-0.0493857497297595,,-0.27701805670967317,-2.9066555858007126,1.3572864155247928,-3.5232688577294713,,0.4045031006931168,-0.5732607863980546,-18031367087574.0,-13.881796951973325,1.5666418116897733,0.09943691152062498,-17858134505662.0,-13.748430495847783,0,2026-03-31,,0,0.08614883644852618,,,1238060933084.0,0.08211234754943685,0.9531451721753534,6.194994235738228,0.62514997,610.0,1.9047619047619047,-0.4696969696969697,0,0.4012758608701115,-10.784121999528198,,0,,-0.23896943497162815,-24.462353463267075,,-1.4202892487184584,-0.39773055709930966,-0.13881003344815004,-0.16473432918314931,-0.10100672295384301,,-1.9781334437960822,-0.4878729832535939,1.0606359813765547,,-2.034801198284998,-0.2517491337806094,-22.65134122325737,,-3.8715134001149774,0,0,0,0,0,0,0,0,0.008328431610947061,-0.2853464883206202,0,0,,,,,,,0,-0.4696969696969697,-0.23072753472534158,23.992656493570106,0.9505922790214887,-0.3031777504452003,-8.23750707928875,0.04347826086956522,cash 157% of mcap
WIKA.JK,PT Wijaya Karya (Persero) Tbk.,Industrials,Construction & Engineering,Small Cap,IDR,8133880578048.0,42358091546624.0,204.0,12816886669000.0,-8294092256000.0,,-920388054000.0,-0.6471222279011634,-0.07181057910312401,,-0.2803810505433668,-3.8195482344777045,3.304865888303034,-5.107019579626918,,,-0.11315485212359465,-29083792120000.0,-3.5756354966032267,0.1791288652469569,0.03439750812182486,-31686388717000.0,-3.895605352568899,0,2026-03-31,,0,0.6346221815100611,,,1134290497000.0,0.08849969000221328,0.139452563400213,,0.92705,,,,0,0.11547004856898387,-8.616537890801448,,0,,-0.33393604512649355,-23.93684967311965,,0.417979588286823,-0.6659140322049398,0.010369422416744795,-0.03816781262743383,-0.05462474215353996,,-1.189562131919248,-0.38490249308152136,0.9085020756504725,,-2.369690367946943,-0.16158504729184175,-23.845481708258497,,0.10355536327642834,0,0,0,0,0,0,0,0,0.008360547833899144,-0.288741598377266,0,0,660979258000.0,,1.3924613259195495,,,,0,,,,,,,0.04347826086956522,
SMDM.JK,PT Suryamas Dutamakmur Tbk,Real Estate,Real Estate Management & Development,Nano Cap,IDR,2433790246912.0,3271788855296.0,510.0,386084674964.0,47453763850.0,,-146268872174.0,0.1229102498161181,-0.37885179510851774,,0.019082421337532025,-2.5505167851927935,8.474277969207336,68.94687775743209,78.56895339146712,1.0566705240852396,-0.060099210422749606,851641225869.0,0.34992383873243177,0.062370046269434556,0.04639529536396902,121031621220.0,0.04972968454186439,0,2025-12-31,2.857764717095045,0,6.303773251655056,109.913795,,242884749926.0,0.6290971014289741,0.0997969115186376,0.013356697651298578,0.98973,,,-0.6518771331058021,0,0.23749304679019037,-0.4214976460042742,,0,,-0.44371826214989574,-0.7306270912220718,,-0.5302190080141415,-0.13091159024006704,-0.24112749952281667,0.1425245868375027,0.23657127211617035,,0.018652197344897963,2.3167742418531625,4.615472136455732,,0.0562162184079923,-0.8415997115512701,-1.32137766230327,,74.9294314338683,0,0,0,0,0,0,0,0,0.08183804832746899,-0.06275562698993697,0,0,2780090669.0,52.61298626156426,,,,,0,-0.6518771331058021,-0.20815887095590635,0.07874995811626972,-0.12165812509166063,-0.3741968444989593,0.08368901264376576,0.04347826086956522,
SLIS.JK,PT Gaya Abadi Sempurna Tbk,Information Technology,"Electronic Equipment, Instruments & Components",Small Cap,IDR,184750555136.0,234570252288.0,75.0,196252086162.0,-20104871166.0,,-3388325227.0,-0.1024441143999053,-0.017265167944268592,,-0.05950277726922447,-1.269899808120959,1.195249726386957,-11.667334266965579,,0.5755729296169768,-0.018340000247933003,213346806758.0,1.1547830348923689,0.01638349481966019,0.012903851760724078,-25526172036.0,-0.138165603979969,0,2026-03-31,0.8659635358197002,0,0.9413940954670624,,,8147661223.0,0.0415163037618584,0.04410087545881679,0.08895427756576615,0.52977,,,0.5,0,0.3315431648545989,-1.3763048585302773,,0,,-0.6085033516364279,-3.5518436177441055,,-1.0919182473129645,-0.11816080140739225,-0.09080068000207939,0.00452418282916157,-0.3794648146790505,,-1.3397417164470673,-0.26356662270944914,0.5552676965957031,,0.6190365299190087,-0.7184084139233081,-2.124431773732233,,-4.232259512187642,0,0,0,0,0,0,0,0,0.020831874957841248,-0.08033465222706572,0,0,,,,,,,0,0.5,1.1085033516364278,4.0518436177441055,1.5919182473129645,2.831450425616394,-2.250755072231166,0.04347826086956522,
TOPS.JK,PT Totalindo Eka Persada Tbk,Industrials,Construction & Engineering,Micro Cap,IDR,33329999872.0,449402798080.0,1.0,343374489792.0,-298248116536.0,,-15472875705.0,-0.8685797151578284,-0.04506122663443267,,-0.36181065696219705,-1.3950559641196527,1.3087833005655922,-1.5068085032676306,,0.08020007232060872,-0.46423269620227375,-42475998312.0,-1.2744073949932238,0.10332368827559052,0.0076630108484259125,-416072813761.0,-12.483432804046787,0,2024-09-30,,0,0.09706603391588506,,,12985439917.0,0.03781713640074417,0.3896021592219945,1.009458780966146,0.47437,,,0.0,0,0.39056226859520937,-1.6391582188732359,,0,,-0.5493400680394834,-3.9763759844903577,,0.49089018681349084,-0.7899212543511538,-0.005173389466203895,,,,,,,,,-0.805760996683309,-0.664358497330646,,1.6703169833766927,0,0,0,1,0,0,0,0,-0.03981933253272949,-0.32199132442946754,0,0,14919144453.0,,1.03711548297856,,,,0,0.0,0.5493400680394834,3.9763759844903577,-0.49089018681349084,1.2189680712231867,-1.3449419552387833,0.04347826086956522,growth-flip
MBAP.JK,PT Mitrabara Adiperdana Tbk,Materials,Metals & Mining,Micro Cap,IDR,1889998733312.0,1889933459456.0,1540.0,160989759.0,5646645.0,,-29156195.0,0.035074560239574,-0.18110589879198466,,0.020303977224514234,-3.0068486685456586,11739.46387146278,334700.2440309246,555642.8130087324,10243.908010554984,-1.542656854002606e-05,93808034.0,4.963391368819199e-05,2.796409863586676e-05,2.7965064450053703e-05,16978607.0,8.983395967809457e-06,0,2026-03-31,20147.514586138754,0,11739.869324930165,86.95653,,20741478.0,0.1288372510701131,1.0974334339183924e-05,0.19443657210727452,0.90293,,,-0.17592473864700733,0,0.12037150487808945,-0.8967574356977558,,0,,-0.2612027183430203,-0.7834889496502515,,-3.291210912113679,-0.08460981484637115,-0.23950320521722737,-0.023534296187741537,0.12902484070791329,,0.1145933989607687,-0.028873345197324294,1.9695594781930215,,-1.696965945985878,-0.21259195742126702,-0.6237785857902748,,-7.0186479733479485,0,0,0,0,0,0,0,0,0.18911680078533988,-0.16881282356082564,0,0,3773529.0,7.726506143188511,,,,,0,-0.17592473864700733,0.08527797969601295,0.6075642110032442,3.115286173466672,0.11542811785223528,-1.269376121388643,0.04347826086956522,
CTTH.JK,PT Citatah Tbk,Materials,Construction Materials,Nano Cap,IDR,203088560128.0,516595253248.0,165.0,104753209843.0,-11625195783.0,,-18074775417.0,-0.11097698868057014,-0.1725462679767977,,-0.026491315407656695,-26.777108825144335,4.931545811553199,-44.43755295746833,,1.2773068046798497,-0.08899947592128314,-132420212773.0,-0.6520318657512758,0.01220417948917391,0.004797816519638328,-313377302517.0,-1.5430573850121772,0,2026-03-31,,0,1.9387335283795233,,,25257719047.0,0.24111642101330621,0.12436800492888864,1.9865461793946046,0.28073,,,5.111111111111111,0,0.23001603500344675,-1.6724649775040998,,0,,-0.2801919258560796,-0.4332177431026354,,-7.9559386613558924,-0.055240773523532176,-0.19040154285768485,-0.10344438224837517,-0.3782311144295201,,-0.30873539011614065,-0.4130390101494973,0.36768602553397595,,0.671283300116674,-0.6635842984421563,9.88824015166568,,-14.777973194608446,0,0,0,0,0,0,0,0,-0.01837374458698359,-0.008117570820673103,0,0,,,,,,,0,5.111111111111111,5.39130303696719,5.544328854213746,13.067049772467003,7.4899174246956814,-8.000893887882647,0.04347826086956522,
ZINC.JK,PT Kapuas Prima Coal Tbk,Materials,Metals & Mining,Micro Cap,IDR,757500018688.0,2231568957440.0,30.0,53498424398.0,-77009257762.0,,-59231303586.0,-1.4394677717813114,-1.1071597762459398,,-0.06574034837643848,-19.272546519638794,41.7127977608893,-28.977930995475212,,2.141197373826197,-0.07819313811845101,-1771724123953.0,-2.3389096768890507,0.0026263707035226193,0.0008915143985881022,-1484991295897.0,-1.960384500675029,0,2026-03-31,,0,14.159295852389974,,,44192001112.0,0.8260430397582342,0.05833927395611307,4.20319372258803,0.65412,,,1.3076923076923077,0,0.2653773377354829,-3.260531525155823,,0,,-0.7731131462848989,-6.093389470831558,,-3.4912742398129697,-1.3934254227594887,-1.207991709630847,-0.12916799097061263,0.24613480586008366,,0.08339331451046014,,1.3654230512673744,,0.31094362408104126,-0.5002580329115816,-8.535859281796636,,-5.121231612547213,0,0,0,0,0,0,0,0,-0.008919725352825864,-0.05682062302361262,0,0,5388892321.0,10.991368922919698,,,,,0,1.3076923076923077,2.0808054539772067,7.401081778523865,4.798966547505278,9.171115117097296,-4.76028459333545,0.04347826086956522,
AKPI.JK,PT Argha Karya Prima Industry Tbk,Consumer Discretionary,Distributors,Nano Cap,IDR,318368972800.0,1517316341760.0,520.0,2930139168000.0,118635169000.0,,-111962184000.0,0.0404878956930144,-0.03821053457895007,,0.03755327572411618,10.258365063735864,0.5178308110176424,12.789768451882932,13.344281704083974,0.17409965369899338,-0.3516742948136936,-455589125000.0,-1.4310098154137714,0.2133631377536046,0.04476864918043865,-1199181869000.0,-3.7666417630254703,0,2026-03-31,,0,0.10865319172444167,10.0,,323270460000.0,0.11032597479683941,1.0153956183509099,0.6929174749459335,0.82241994,,,-0.10632789767279884,0,0.4232516763681829,-0.5385468921462663,,0,2171.0928998612085,-0.03137033164426271,0.037596864538662185,,-1.812724603252625,0.002691157559092522,-0.08375100091745857,-0.0029168011330851598,0.1522475925042931,,0.1057687667608179,0.016810933529730284,0.0909958778527769,,-0.14473082409475677,-0.13919933006786875,-2.60564425541335,,-6.603352744023073,0,0,0,0,0,0,0,0,0.0404233281976712,-0.0028700524735550195,0,0,13242774000.0,8.454586931710834,,0.0,,0.0,0,-0.10632789767279884,-0.07495756602853612,-0.14392476221146103,1.7063967055798261,-0.07738516429687486,-0.49583812577994296,0.04120722335230106,
OMRE.JK,PT Indonesia Prima Property Tbk,,,,IDR,2459250982912.0,2651683028992.0,835.0,43351527325.0,-177792445482.0,,-120667615712.0,-4.1011806608130845,-2.783468614781959,,-0.05603342847058276,-0.0020379843362730715,61.16700362394902,-14.91448650589859,,0.7603140710836738,-0.04906681609581688,-656333692803.0,-0.26688357445559907,0.004756430829255692,0.004411257704676168,-362338219.0,-0.0001473368198356701,0,2026-03-31,,0,56.72812781140001,,,13771452362.0,0.31766936972617954,0.0055998564024942335,0.0037284035449290697,0.78418,,,0.8392070484581498,0,0.3472911902762,-0.2004565753515691,,0,,-0.31676494607481326,-0.26740788282117334,,0.2324897801381577,-1.8903135611779445,-0.3056340792861989,0.012241408977300968,0.0031963590843144397,,0.09987936487809496,-0.22188827682268877,0.6113750301744388,,-0.3653053326488326,-0.21401054882967463,-0.37911461749169895,,0.5194133662688765,0,0,0,1,0,0,0,0,-0.0410596909087226,-0.014973737561860163,0,0,13389543966.0,9.012078082600173,3.301264336891485,,,,0,0.8392070484581498,1.155971994532963,1.106614931279323,0.6067172683199921,1.691909669874081,-0.9564347313774261,0.032630847655829055,growth-flip
GMTD.JK,PT Gowa Makassar Tourism Development Tbk,Real Estate,Real Estate Management & Development,Micro Cap,IDR,1787068678144.0,1700386177024.0,1760.0,288527837528.0,51981882595.0,,13747041999.0,0.1801624517078199,0.047645461584502835,,,,5.893317579309786,32.71113111219938,36.60087348149199,2.0798145798354963,0.0076925090608589795,245853548047.0,0.13757364283410567,0.048625856895578065,0.05110471196495353,,,0,2025-12-31,7.268834199628328,0,6.193747866600827,55.555553,,150081713952.0,0.5201637222870581,0.08398206279787228,,0.65,,,-0.39695644092407295,0,0.13518365013273972,-0.4317189247317211,,0,,-0.2780071635543337,-0.6871842137943857,,-0.7975044365269932,-0.23566055104829767,-0.12223323285782653,-0.03402244785797449,-0.3194683713551218,,-0.6078071845419691,-0.16913423935021618,-0.8533262365084848,,0.3583314917115165,-0.33215250213006736,-0.7125057638507484,,-1.5873841571311251,0,0,0,0,0,0,0,0,0.21293272854537432,,0,0,,,,,,,0,-0.39695644092407295,-0.11894927736973926,0.2902277728703127,0.40054799560292026,-0.1647513262809093,-0.19060883036783124,0.031410424217382486,
AGRO.JK,PT Bank Raya Indonesia Tbk,,,,IDR,4045807550464.0,4734376214528.0,164.0,907560142000.0,,-336437930000.0,-398418525000.0,,-0.4389995842281051,,,,5.216597771795932,,,1.3721912221693011,-0.09847688502986424,,,0.211980310062361,0.1811498495553131,821224614000.0,0.20298163067737035,0,2026-03-31,,0,4.457894703868562,,,,,,0.012347908863200044,0.9118,,,-0.26126126126126126,0,0.20609630751116328,-0.7618216983747714,,0,,-0.1918836419406515,,-1.6766018019265319,-1.9016978112430116,,-0.8324382072041725,-0.07380607170541326,,-1.5405410247093982,-1.722043685508234,-0.0297540909385544,,-8.726765444546501,-16.72275974022931,-0.4345367408587833,,-1.7754651809390845,-1.7520898417984716,0,0,0,0,0,0,0,0,,,0,0,,,,,,,0,-0.26126126126126126,-0.06937761932060976,,1.6404365499817504,-0.08585102705656969,-0.7855294653305703,0.029411764705882346,
BSIM.JK,PT Bank Sinarmas Tbk,Financials,Banks,Small Cap,IDR,15674348929024.0,7849746890752.0,795.0,2924246000000.0,,-6998643000000.0,-7158622000000.0,,-2.4480231827281287,,,,2.684366120617759,,,1.8646305200440345,-0.4567093684347212,,,0.8361841413221694,1.6696897597349656,12355567000000.0,0.7882666805459044,1,2026-03-31,,0,5.360133493907147,54.340397,,,,,0.08934835980643677,0.92856,,,-0.11173184357541899,0,0.16858690942884383,-2.7922266597485788,,0,,-0.15227157032249236,,-7.006831091206526,-8.072136838600752,,-2.741464740190816,-0.0709444529343009,,-8.0506627900651,-10.318865483099145,-0.2772088984521579,,-87.3744177526561,-1048.1591772151899,-0.0728439977135808,,-0.7345523129281307,-0.9553471098576649,0,0,0,0,0,0,0,0,,,0,0,,,,,,,0,-0.11173184357541899,0.040539726747073374,,7.960404995025333,0.047821596312978866,-4.000472360886203,0.029411764705882346,"cash 84% of mcap; cash > EV (1.67x, net cash 79% mcap)"
KREN.JK,PT Kresna Graha Investama Tbk,Financials,Capital Markets,Micro Cap,IDR,273063723008.0,2268230057984.0,15.0,4763109510314.0,,,-67611308830.0,,-0.014194783614274457,,,,0.47620783294450664,,,,-0.2476026770792222,,,,,,,0,2025-12-31,,0,0.0573288777880731,,,,,,,0.28332,,,0.5,0,0.6557712154517752,-1.5341113737345942,,0,,-0.5915530154774231,,,-3.4192280902489363,,-0.016591340014462542,-0.10908721999730847,,,0.151925260399932,-0.13448626542782613,,,-0.46097015430488425,-0.34173595274809715,,,-6.4012802856686,0,0,0,0,0,0,0,0,,,0,0,12111981669.0,5.582183880202503,,,,,0,0.5,1.0915530154774231,,3.9192280902489363,2.6724472375608586,-2.5053905528631795,0.029411764705882346,
BGTG.JK,PT Bank Ganesha Tbk,Financials,Banks,Micro Cap,IDR,2828577538048.0,2086772670464.0,118.0,498850000000.0,,-788065000000.0,-795635000000.0,,-1.594938358223915,,,,4.183166624163576,,,0.7584092471772585,-0.2812844934592344,,,0.34805621792478975,0.47178306191881103,979843000000.0,0.3464083932011244,0,2026-03-31,,0,5.6701965281106546,12.3173275,,,,,0.0012497255081551225,0.83609,,,0.40476190476190477,0,0.4119045441044512,-0.632876265752251,,0,,-0.07627212799051922,,-1.7331464646276704,-1.7460845412757147,,-3.5696328253004275,-0.041925942997618496,,-4.692883351062085,-4.929391603245705,-0.09555349073610814,,-0.7193495414485089,-0.718374947055329,-0.12990212604739843,,-3.416106194246055,-3.411272602931068,0,0,0,0,0,0,0,0,,,0,0,,,,,,0.0,0,0.40476190476190477,0.48103403275242396,,2.1508464460376193,0.5207529699260678,-1.3159402393950217,0.029411764705882346,
PNIN.JK,PT Paninvest Tbk,Financials,Insurance,Micro Cap,IDR,3173292703744.0,30772067041280.0,780.0,9451473000000.0,,,-5606563000000.0,,-0.5931946269115935,,,,3.255795899885658,,,0.14304165431161614,-1.7667966757006415,,,20.736833359986395,2.13843424660831,62142787000000.0,19.58306176000752,0,2026-03-31,,0,0.33574583599233687,2.6370952,,,,,0.1650373983587383,0.81766,,,-0.2641509433962264,0,0.44496264337277475,-0.5398261186265865,,0,,-0.1419918373927589,,,-1.3354946810942419,,-2.1102554346861693,0.08034786580535783,,,-2.412520334748315,1.0722851251756884,,,-1.7119282348754754,-0.057955076452592055,,,-4.785653779566639,0,0,0,0,0,0,0,0,,,0,0,,,,,,,0,-0.2641509433962264,-0.12215910600346752,,1.0713437376980155,-0.14237522593288732,-0.474592315847274,0.029411764705882346,cash 2074% of mcap
SOCI.JK,PT Soechi Lines Tbk,Industrials,Marine,Micro Cap,IDR,2654183882752.0,2654330421248.0,376.0,148935721.0,23964224.0,,1924165.0,0.16090313216397562,0.01291943253828274,,0.03817763290807402,5.1358128266535985,17821.98658203696,110762.21042033324,124753.36412618843,6450.075851554308,7.249554232108903e-07,-124704236.0,-4.698402277640989e-05,3.314809519104473e-06,3.314626517320834e-06,-145809465.0,-5.493570582940054e-05,0,2026-03-31,,0,17821.002677739078,14.161959,,40778643.0,0.2738002859636339,1.5363910264468383e-05,0.3757202423899858,0.70102,,,1.3199767866144176,0,0.24146269160807257,0.05874232196160692,2123739.0685326555,0,,-0.10084142988697456,-0.3006233336187548,,1.1554304428038766,-0.045963120597738216,0.087657806039875,-0.061689329666630266,-0.009804881239469411,,1.0975047758801166,-0.050825272129977034,38.204608298751744,,-0.716656283260209,-0.036826739169851824,-0.4835956817540416,,1.3209015433985052,0,0,0,0,0,0,1,0,0.05543171058095463,-0.017254077672880605,0,0,21658224.0,0.0,0.0,,,,0,1.3199767866144176,1.4208182165013923,1.6206001202331723,0.164546343810541,1.5801642376858998,-1.0686548935150353,0.027467160473559515,first-positive: FCF
MLIA.JK,PT Mulia Industrindo Tbk,Industrials,Building Products,Micro Cap,IDR,1640519958528.0,2145413496832.0,248.0,3922627574000.0,25150059000.0,,-334808869000.0,0.006411533729763151,-0.08535321354981124,,0.002425388734776347,20.075242646548066,0.5469327526916528,85.30451148571858,151.0562355882281,0.3065836218917753,-0.20408704402500297,336230325000.0,0.20495351077696827,0.22189922293090275,0.1696782949009787,-504893537000.0,-0.30776433677346365,0,2026-03-31,4.879155259205129,0,0.4182196569977,,,551136042000.0,0.14050175082973604,0.3359520493091236,0.1623861725182552,0.88661003,,,-0.09140750450524787,0,0.27968256859841256,-0.7116284091752926,,0,,-0.1119320635910429,-0.9473353070129342,,-2.3561892246207687,-0.10170411654100898,-0.14124471515368936,-0.04809864314986718,-0.8253749635110906,,-2.90612401136876,-0.14499476504923095,-1.7074522944423671,,-13.411430426782097,0.010521695749598298,-0.44439480314565033,,-2.5546280111819915,0,0,0,0,0,0,0,0,0.08666001815516519,-0.08423462942038884,0,0,,,,,,,0,-0.09140750450524787,0.02052455908579502,0.8559278025076864,2.2647817201155207,0.023111474071217348,-1.047078027236334,0.026313780760694915,
KBLV.JK,PT First Media Tbk,Communication Services,Entertainment,Micro Cap,IDR,155052949504.0,155052949504.0,89.0,1345000000.0,-372000000.0,,-64865000000.0,-0.2765799256505576,-48.226765799256505,,,,115.28100334869889,-416.80900404301076,,0.11467115740896186,-0.41834096163599027,-1125439000000.0,-7.258417228438253,1.6389239986269613,1.6389239986269613,,,0,2026-03-31,,0,115.28100334869889,89.0,,735000000.0,0.5464684014869888,0.004740316145879177,,0.65462,,,-0.25210084033613445,0,0.24458895894241472,-1.9262539145204092,,0,,-0.9529259414811704,-1.0061920535313016,,-0.3808702686592583,-2.3792328725916185,-46.58270868039888,-0.20602125147579692,0.932972972972973,,-1.7298935229998738,-0.30451127819548873,-1.879451395572666,,-2.5557422969187673,-0.19240251770017447,-2.9240236315516976,,-0.1834662183229923,0,0,0,0,0,0,0,0,,,0,0,,,,,,,0,-0.25210084033613445,0.7008251011450359,0.7540912131951671,0.12876942832312388,14.887713598450533,-0.5278952475544423,0.024999999999999998,cash 164% of mcap
SFAN.JK,PT Surya Fajar Capital Tbk,Financials,Capital Markets,Micro Cap,IDR,2651871510528.0,2641368711168.0,1950.0,2155899344.0,-42598145396.0,,-19275322517.0,-19.758874881869254,-8.940733977513563,,-1.3157829313644518,1.4942322590404822,1225.1818335207026,-62.00665983491447,,26.76887598957887,-0.007268573322831238,90263948125.0,0.0340378286680368,0.024218627244203306,0.02431492708361801,63651523026.0,0.024002491362534635,0,2026-03-31,29.37907731285602,0,1230.0534892356272,,,1198221869.0,0.5557874825347133,0.00045184009264514797,0.005785714613286951,0.7379,,,0.02631578947368421,0,0.2444754692470847,-2.313640026272165,,0,,-0.8521214395748269,-2.4240677838677884,,-7.363499539415794,-18.905529049488745,-9.14850375286276,-0.6958900622619196,-0.31969505504296725,,-5.975270083870231,-5.01007327033727,-0.18888554186114742,,-0.008334716283465786,-0.4134368168743321,-3.0471682722006017,,-5.374503504153026,0,0,0,0,0,0,0,0,-0.19270675036005297,-1.1230761810043988,0,0,,,,,,,0,0.02631578947368421,0.8784372290485111,2.4503835733414725,7.389815328889478,5.9402608905771865,-3.572878710426487,0.016367040662603458,
PICO.JK,PT Pelangi Indah Canindo Tbk,Consumer Discretionary,Distributors,Nano Cap,IDR,79572500480.0,181049016320.0,140.0,585679796106.0,13387404445.0,,-32313055220.0,0.022857890154327713,-0.05517187964283436,,0.03961586328740802,7.5698132881052285,0.3091262794512253,13.52383257440311,14.614488830058537,0.3767018850622878,-0.40608319488617384,-271302269394.0,-3.4094978511098812,0.07241847903784762,0.03182850465099948,-101476509641.0,-1.2752710927628248,0,2026-03-31,,0,0.1358634889047777,52.830185,,72854740906.0,0.124393467881918,0.915576869729154,0.5076772021761007,0.81724,,,0.308411214953271,0,0.48174580391220845,-1.010134817383274,,0,,-0.024339546429585173,-0.5669972775668776,,-1.4686374051968372,-0.02864649612370217,-0.1700347150028305,0.005828270124250426,-0.24899282174047627,,-0.023370805285550116,0.012972304323809374,1.5495017703907534,,1.0866095941273233,-0.12577728136878288,-1.3537275358572018,,-0.7078307123975236,0,0,0,0,0,0,0,0,0.08915734524107291,-0.04954148195366489,0,0,,,,,,0.0,0,0.308411214953271,0.3327507613828562,0.8754084925201486,1.7770486201501081,0.34105180769104637,-0.9950692913510376,0.011156718943658621,
SSIA.JK,PT Surya Semesta Internusa Tbk,Industrials,Construction & Engineering,Micro Cap,IDR,7740135047168.0,11724606406656.0,1645.0,4804921606211.0,473698235088.0,,-2397736839097.0,0.09858604862058146,-0.499016848890439,,0.0449381553292682,2.553565330696844,2.440124390687329,24.751214039203447,37.29946982987321,1.3737765036045548,-0.3097797163079598,-817788394272.0,-0.10565557180700827,0.1535814590935261,0.10138858336857752,-1360679151001.0,-0.17579527265468736,0,2026-03-31,,0,1.6108764474248334,370.49548,,1168182265183.0,0.24312202381678175,0.15092530790020525,0.4524900149097561,0.44873002,2360.0,0.43465045592705165,1.0254490260827755,0,0.2779021639386796,-1.5754708773188595,,0,,-0.23864447820325044,-0.405071433154798,,-8.059737869390052,-0.027578732619335994,-0.5528331860408119,0.08470126257920643,0.6931065130468798,,0.07952195799703135,0.3002795925979122,60.83527065008263,,0.47917554207877927,-0.6893075106452637,-0.9670792250829127,,-9.656121084561612,0,0,0,0,0,0,0,0,0.1760518383334405,-0.1311136830041723,0,0,207145330476.0,11.575143082333701,,,,,0,1.0254490260827755,1.264093504286026,1.4305204592375735,9.085186895472827,1.6603196116616414,-3.926600286332142,0.004852550753295174,
PSKT.JK,PT Red Planet Indonesia Tbk,,,,IDR,2090948886528.0,2071605936128.0,202.0,52265637317.0,-5527102643.0,,-9064004776.0,-0.10575021996722589,-0.17342187412783788,,-0.024107810959847917,3.496674254182111,39.636098256362146,-374.80866014885044,,6.534287557753037,-0.004334876301567893,-18271332341.0,-0.008738296980247742,0.01062500028438763,0.01072420778805265,19326477512.0,0.009242922022877098,0,2026-03-31,,0,40.0061875041538,,,27953517316.0,0.5348354817995837,0.013368819054403831,0.009030896788029215,0.80136,,,5.9655172413793105,0,0.32314045799847174,-2.3391945952452615,,0,,-0.051491838643495644,-4.347015358227452,,-5.229414880749424,-0.08699116655440557,-0.2123142664813749,-0.0015473784575346398,0.12704586876574714,,-0.6644418011014475,-0.2240041102362977,-19.064657560626085,,0.31147921767021175,-0.06414596958863412,-5.858141613619983,,-11.29938022413909,0,0,0,0,0,0,0,0,-0.008560693148015669,-0.015547117811832248,0,0,,,,,,,0,5.9655172413793105,6.017009080022806,10.312532599606762,11.194932122128733,6.343655568991215,-9.174824600586101,0.0,
