symbol,name,src,sector,market_cap,ncav_pct_mcap,net_cash_pct_mcap,netnet_score,pb,p_e,fcf_yield,roce,net_cash,governance_score,arch_xr_value_unlock,value_unlock_confirmed,verdict
CRMT,"America's Car-Mart, Inc.",US,Consumer Discretionary,15843108.0,20.0407016098104,-49.349833536729776,20.0407016098104,,,,0.0097009058592801,117801000.0,0.337,0,0,UNRESEARCHED
JFU,9F Inc.,US,Information Technology,32258936.0,,14.8385007760949,14.8385007760949,0.058588013,1.2975419237376966,0.932501708784344,0.0034396524500055,200655.25739806672,0.1,0,0,UNRESEARCHED
AMTD,Amtd Idea Group,US,,70233408.0,14.582624195140893,-3.31660418089921,14.582624195140893,0.050852116,1.5416667,0.2348438390850949,0.0232691832496383,-511260000.0,0.0,0,0,UNRESEARCHED
ABZPY,Aboitiz Power Corporation,US,Utilities,4239924480.0,,13.112867254925986,13.112867254925986,1.285146,,,0.0874820516128311,-6035623425.126746,0.0,0,0,UNRESEARCHED
AYALY,Ayala Corporation,PH,Industrials,5078798336.0,,13.042366507943072,13.042366507943072,0.5978021,,,0.0478385129431147,-15051201652.73921,0.0,0,0,UNRESEARCHED
AYYLF,Ayala Corporation,US,Industrials,5110343680.0,,12.720332637949308,12.720332637949308,0.5991782,,,0.0478385129431147,-15051201652.73921,0.1,0,0,UNRESEARCHED
ABZPF,Aboitiz Power Corporation,PH,Utilities,4611746816.0,,12.055641624614088,12.055641624614088,1.3992491,,,0.0793780110500531,-5932534452.087832,0.1,0,0,UNRESEARCHED
HOLO,MicroCloud Hologram Inc. Ordinary Shares,US,Communication Services,36430652.0,9.897011349239996,10.099500109613082,10.099500109613082,0.0981524,,0.2263381807925584,0.0030243532577588,38764649.51835007,0.002,0,0,RED
HCLTECH.NS,HCL Technologies Limited,IN,Information Technology,3263425150976.0,9.500695351812928,0.0855613634239639,9.500695351812928,4.4215255,15.43392482902978,,0.4749116169447373,29587626230693.84,0.22,0,0,UNRESEARCHED
900250.KQ,"China Crystal New Material Holdings Co.,Ltd.",KR,Materials,42440773632.0,,9.003407958529316,9.003407958529316,0.0690254212915445,6.881762413973159,0.7888037490288137,0.0427159608128431,331163408000.0,0.069,0,0,UNRESEARCHED
BAL1R.RG,AS Latvijas balzams,LV,Consumer Staples,9745970.0,8.420652758695816,-0.08958773666853,8.420652758695816,0.077339515,32.5,-0.0926497824228886,0.0213502555127439,-22427.0,0.1,0,0,RED
LTCH,Latch Inc. Common Stock,US,Information Technology,32302960.0,8.192934765341539,0.7191134473301453,8.192934765341539,0.70143884,,-0.6711426454534248,,23624000.0,0.042,0,0,UNRESEARCHED
SNSE,"Sensei Biotherapeutics, Inc.",US,Health Care,18585884.0,0.9252721043561878,8.165229052328101,8.165229052328101,1.4737247203098107,,,,151758000.0,0.269,0,1,UNRESEARCHED
FENG,Phoenix New Media Limited,CN,Communication Services,17896056.0,0.0365090795675306,7.880749325049499,7.880749325049499,0.071387480104831,4.0129850146453485,-0.0032072677140719,-0.0802638700256313,177075.35026510758,0.0,0,0,UNRESEARCHED
0385.HK,Chinney Alliance Group Limited,HK,Industrials,148724816.0,7.689634175166877,4.846023790631727,7.689634175166877,0.07376807,,0.0827418692633467,0.0561267280594148,26573000.0,0.1,0,0,UNRESEARCHED
SHGXY,Shenguan Holdings (Group) Limited,US,Consumer Staples,64706512.0,,7.66111481576518,7.66111481576518,0.20904088,,-0.2807420804840925,-0.0244059733871274,0.0003043974728607,0.0,0,0,UNRESEARCHED
MLGO,MicroAlgo Inc. Ordinary Shares,US,Information Technology,39936544.0,1.2315309257823144,7.604713733068016,7.604713733068016,0.13132147,,-0.0027939859044945,0.0203236053457204,25670441.83720469,0.1,0,0,RED
DLNDY,"D&L Industries, Inc.",US,Materials,364285728.0,,7.467524086484652,7.467524086484652,1.010187,,,0.0984504309045135,-467420020.4250806,0.0,0,0,UNRESEARCHED
0256.HK,Citychamp Watch & Jewellery Group Limited,HK,Consumer Discretionary,565987584.0,-6.589920770357289,7.14788424075726,7.14788424075726,0.12084257,,0.0886438309679353,,3844245000.0,0.1,0,0,UNRESEARCHED
HEPS,D-Market Electronic Services & Trading American Depositary Shares,TR,Consumer Discretionary,935930048.0,,7.140442400091739,7.140442400091739,0.98200893,,0.1399046324752946,0.1131009599495379,164269174.93499014,0.1,0,0,UNRESEARCHED
NOD.OL,Nordic Semiconductor ASA,NO,Information Technology,34653712384.0,7.0624787918792,0.0314415632128871,7.0624787918792,5.2855773,113.29330599249356,-0.0034827439030361,0.0431517417102351,1089566888.4827468,0.037,0,0,UNRESEARCHED
900310.KQ,"Coloray International Investment Co., Ltd.",KR,Consumer Staples,27345795072.0,,6.969769096579675,6.969769096579675,0.0846910652234504,,0.1563101745166182,0.0074357006128987,177024659000.0,0.1,0,0,UNRESEARCHED
WIHN.SW,WISeKey International Holding AG,CH,Information Technology,62367104.0,6.366273818699712,6.795570741811884,6.795570741811884,1.1674864,,-0.5238243643884624,0.099040542302177,343207752.9201204,0.0,0,0,RED
WSKEF,WISeKey International Holding AG,US,Information Technology,74246552.0,6.780919976041,5.784322482746404,6.780919976041,1.6617922,,-0.5579419292310914,0.1243488463042628,534158795.2433826,0.12,0,0,UNRESEARCHED
109960.KQ,Aprogen Healthcare & Games Inc.,KR,Health Care,28778156032.0,0.742571515515456,6.731833872520257,6.731833872520257,,,0.1173849673277609,-0.0289719671639627,15583940790.0,0.0,0,0,UNRESEARCHED
8ZZ.F,Stalexport Autostrady S.A.,PL,Industrials,103439632.0,,6.296404533481234,6.296404533481234,0.12898356,5.557069839869985,0.182408643125245,0.4565375483926165,203677865.84232,0.1,0,0,UNRESEARCHED
BCOMF,B Communications Ltd,IL,Communication Services,451979904.0,,6.292315155675594,6.292315155675594,0.36752138,3.27426186779658,0.6446281572046245,,113335950.1001911,0.148,0,0,UNRESEARCHED
CEBTF,Citychamp Watch & Jewellery Group Limited,US,Consumer Discretionary,51925468.0,,6.070104730367783,6.070104730367783,0.086943194,,0.1063269028939854,,0.0001488720107918,0.1,0,0,UNRESEARCHED
PEXIP.OL,Pexip Holding ASA,NO,Information Technology,7548430336.0,5.630297937636773,0.0515568381563181,5.630297937636773,6.3285046,27.10964071907032,0.0510276055618168,0.3720577369496041,389173201.1673941,0.187,0,0,UNRESEARCHED
1957.HK,MBV International Limited,HK,Consumer Discretionary,178980000.0,,5.030737171963248,5.030737171963248,0.41544715,116.04573057905674,0.0816323988563428,0.2982041698986907,926888279.5540624,0.1,0,0,UNRESEARCHED
000950.KS,"Chonbang Co., Ltd.",KR,Consumer Discretionary,35437518848.0,4.818825039823062,2.829060136484086,4.818825039823062,0.1354134268458154,72.49600432828178,0.1655970989249265,-0.0155806201274802,87037989640.0,0.041,0,0,UNRESEARCHED
CAPACITE.NS,Capacit'e Infraprojects Limited,IN,Industrials,16242283520.0,4.780154889605978,-0.1107295929188739,4.780154889605978,0.85089594,8.806422,0.0248594225023308,-0.0700942371701838,69749797000.0,0.1,0,0,UNRESEARCHED
052790.KQ,"Actoz Soft Co.,Ltd.",KR,Information Technology,45173002240.0,3.302354416696083,4.693945187918401,4.693945187918401,0.183928423362757,0.8414827525064288,0.7634353947311842,0.4586679348626435,205629687936.0,0.1,0,0,UNRESEARCHED
UXX.F,Lubelski Wegiel Bogdanka S.A.,PL,Materials,200680192.0,,4.666762136077454,4.666762136077454,0.07117438,,-0.484334626472701,-0.0415367996133837,9860926.60698451,0.1,0,0,UNRESEARCHED
SKIL,Skillsoft Corp. Class A Common Stock,IN,Industrials,39313920.0,4.631888396957216,-12.037625167646365,4.631888396957216,,,0.5801337814043533,-0.1881043009917398,-459005000.0,0.118,0,0,UNRESEARCHED
VTGN,"VistaGen Therapeutics, Inc.",US,Health Care,10517328.0,4.557800791742593,2.4372409348555544,4.557800791742593,0.42934784,,,,60343000.0,0.001,0,0,UNRESEARCHED
1163.HK,Adtiger Corporations Limited,HK,Communication Services,134596112.0,,4.525623793012147,4.525623793012147,0.5820269,17.557435377351364,0.1621691438320292,0.0090643301652475,828138933.1198893,0.1,0,0,UNRESEARCHED
0380.HK,Softpower International Limited,HK,Consumer Discretionary,171862304.0,4.2457969353497536,1.990616611457856,4.2457969353497536,0.19054653,3.225,,0.131080636189222,344764000.0,0.1,0,0,UNRESEARCHED
3623.T,Billing System Corporation,JP,Information Technology,7574361088.0,0.358859955013986,4.240617465089797,4.240617465089797,2.3744056,14.663287,,,27758000128.0,0.073,0,0,UNRESEARCHED
TNHDF,Times Neighborhood Holdings Limited,US,Consumer Discretionary,35854780.0,3.5855142859937863,4.231894492160226,4.231894492160226,0.17943968,13.574222066030602,0.423480486000701,0.1239833830671113,168207813.5126829,0.1,0,0,UNRESEARCHED
TANH,Tantech Holdings Ltd,US,Consumer Staples,13653832.0,4.134084608861765,1.7897663803111858,4.134084608861765,0.1237327522359528,,-0.3983132494475727,-0.1578294875059432,33019289.0,0.001,0,0,UNRESEARCHED
8480.HK,Furniweb Holdings Limited,HK,Consumer Discretionary,133881632.0,,4.124356614346125,4.124356614346125,0.33743027,3.674561157952039,0.6253267331068061,0.1237320809786623,269470612.286256,0.1,0,0,UNRESEARCHED
CDGXY,"China Dongxiang (Group) Co., Ltd.",CN,Consumer Discretionary,170288672.0,,4.054069504348608,4.054069504348608,0.13087247,,0.0420801171060737,-0.0079987309232041,690362108.5438132,0.0,0,0,UNRESEARCHED
054800.KQ,"IDIS Holdings Co., Ltd.",KR,Information Technology,132095647744.0,3.988718259358616,1.5065472284264676,3.988718259358616,0.3329555299332747,2.868302609429396,0.5459384882780622,0.6208091599502816,194282534870.0,0.22,0,0,GREEN
CRST.L,Crest Nicholson Holdings plc,UK,Industrials,148147136.0,3.9834015491128367,-0.7976202663654223,3.9834015491128367,0.21513796,7.2125006,-0.2747268769340232,0.0331895988501241,-47200000.0,0.023,0,0,RED
8659.HK,Yik Wo International Holdings Limited,HK,Consumer Discretionary,93036400.0,3.967744861776788,3.6265037679854233,3.967744861776788,0.2811146,,0.0801027416845414,-0.0733694790576746,342527692.2277247,0.08,0,0,UNRESEARCHED
SBCWW,Sbc Medical Group Holdings Incorporated,US,Health Care,31542409.9725,3.840695213384745,3.936607161857851,3.936607161857851,0.12441679,0.6531188602795405,,0.551617774029386,124170077.0,0.18,0,0,UNRESEARCHED
2222.HK,NVC International Holdings Limited,HK,Consumer Discretionary,314509664.0,,3.864607397091628,3.864607397091628,0.08237669,,0.3592810799166515,0.0536513707909373,1215456373.9512024,0.1,0,0,YELLOW
0620.HK,DTXS Silk Road Investment Holdings Company Limited,HK,Consumer Discretionary,200256304.0,3.860528842308921,-6.946458956941255,3.860528842308921,0.22914758,,-0.392540889440929,-0.0337189034334578,-1446715000.0,0.1,0,0,UNRESEARCHED
QNCX,Quince Therapeutics Inc. Common Stock,US,Health Care,30054210.0,-3.338344465438571,3.8590600118918448,3.8590600118918448,0.8305457,,,1.4410344334904983,115981000.0,0.008,0,1,UNRESEARCHED
8021.HK,WLS Holdings Limited,HK,Industrials,117810232.0,3.840040822608689,0.6505782013094874,3.840040822608689,0.24961948,1.2449623461636856,0.0412018541819016,0.0125670394082506,-17849000.0,0.0,0,0,RED
200521.SZ,"Changhong Meiling Co., Ltd.",CN,Information Technology,3017676544.0,0.1296091211517444,3.7642438447300623,3.7642438447300623,0.42982808,37.88551735209544,-0.1748409470338235,-0.1810144254258505,13202720268.167557,0.071,0,0,UNRESEARCHED
1122.HK,"Qingling Motors Co., Ltd. Class H",HK,Industrials,1191488640.0,,3.7046202311924814,3.7046202311924814,0.14061408,,-0.4945872020700714,-0.0563471211428289,5047905841.625925,0.1,0,0,UNRESEARCHED
3991.HK,Changhong Jiahua Holdings Limited,HK,Information Technology,880064512.0,3.685672910151325,-0.9295671017923332,3.685672910151325,0.41609356,2.069735041440992,-0.7138671622219046,0.1222145176884238,-2012987000.0,0.1,0,0,UNRESEARCHED
2929.TW,TOPBI International Holdings Limited,TW,Consumer Discretionary,626305664.0,3.600842915322629,3.679992985458879,3.679992985458879,0.22545424,,-0.766772564266639,,2570739000.0,0.055,0,0,UNRESEARCHED
234100.KQ,"Sewon Co.,Ltd.",KR,Industrials,41030598656.0,3.669591573666354,2.904746990587024,3.669591573666354,0.3302270019713793,,0.1861989283669105,0.0522754664630106,114408774656.0,0.083,0,0,UNRESEARCHED
036000.KQ,"YeaRimDang Publishing Co., Ltd.",KR,Consumer Discretionary,66799398912.0,2.379999398607443,3.665929293497501,3.665929293497501,0.3603834936665664,27.292632138594243,-0.5921583472374965,-0.0190545545670806,268525645200.0,0.1,0,0,UNRESEARCHED
017390.KS,"Seoul City Gas Co., Ltd.",KR,Utilities,225824309248.0,1.5519576395066597,3.466436834600761,3.466436834600761,0.1994230495087623,8.190252404916668,0.1119321988592504,0.1123151980824896,783884564470.0,0.22,0,0,UNRESEARCHED
BCG.NS,Brightcom Group Limited,IN,Communication Services,20165031936.0,3.4641942015596383,0.7119374987574966,3.4641942015596383,0.1907617,1.9860834,-0.0982899829651224,,14155055104.0,0.059,0,0,UNRESEARCHED
1292.HK,"Changan Minsheng APLL Logistics Co., Ltd.",HK,Industrials,375839040.0,3.3890298169158144,2.2717974874148794,3.3890298169158144,0.14874703,11.352622795988369,,0.0379592228686428,-294411506.17420864,0.1,0,0,UNRESEARCHED
001940.KS,KISCO Holdings Corp.,KR,Materials,310251487232.0,3.384778859147835,2.995508821734752,3.384778859147835,0.2470810832653075,,-0.0536679090234641,-0.1014688532519118,831955820760.0,0.22,0,0,UNRESEARCHED
2355.HK,Baoye Group Company Limited,HK,Industrials,1535852800.0,,3.378478798241371,3.378478798241371,0.101864375,16.29242701096532,0.3963325301600989,0.0872191002384378,6927251870.8075285,0.043,0,0,UNRESEARCHED
007680.KQ,"Daewon Co., Ltd.",KR,Materials,43767263232.0,3.347939167013068,-1.935971627306616,3.347939167013068,0.1898209135335298,,,-0.0403333429942976,-94331748352.0,0.22,0,0,UNRESEARCHED
G9D.F,Goldpac Group Limited,HK,Information Technology,49690432.0,,3.31989805837471,3.31989805837471,0.20078808,194.8420788538971,0.0313406590204874,0.0333111003475227,2631572.9037790564,0.22,0,0,UNRESEARCHED
MNCN.JK,PT. Media Nusantara Citra Tbk,ID,Communication Services,2671886729216.0,3.3033390654372847,-0.0203503897792623,3.3033390654372847,0.1201805,2.234266,-0.1815653316045876,0.0903880062427926,-55989000000.0,0.1,0,0,UNRESEARCHED
ECL.AX,Excelsior Capital Limited,AU,Industrials,27544744.0,3.2978323067006654,3.0357515756908104,3.2978323067006654,0.24940929,,-0.081467448018395,-0.02575,83619000.0,0.1,0,0,UNRESEARCHED
097780.KQ,Smac Co. Ltd.,KR,Industrials,158793433088.0,0.6890766582140643,3.2865159009560143,3.2865159009560143,0.1590992761778389,,0.2061668184440824,-0.1054565557218677,110711309920.0,0.12,0,0,UNRESEARCHED
MISHTANN.BO,Mishtann Foods Limited,IN,Consumer Staples,3448361472.0,3.2851790657848574,-0.1755169406585801,3.2851790657848574,0.26380873,1.9161677,-0.137725927535157,0.2815094042586266,-447214000.0,0.1,0,0,UNRESEARCHED
HUDI,"Huadi International Group Co., Ltd.",US,Materials,11240558.0,3.223137267411776,-2.2409771384299124,3.223137267411776,0.14615528,,,-0.0374063521794245,-1585060.0,0.1,0,0,UNRESEARCHED
PHI,PLDT Inc.,PH,Communication Services,4033761280.0,,3.1442117982747853,3.1442117982747853,1.8779097,,,0.1138612486891817,-342298000000.0,0.0,0,0,UNRESEARCHED
TRIGYN.NS,Trigyn Technologies Limited,IN,Information Technology,1727079680.0,3.131243240678003,2.1992024364030085,3.131243240678003,0.21194524,17.103659,0.2782202625017514,0.0429508562858098,4060213000.0,0.1,0,0,UNRESEARCHED
8BP.F,Biocorp Production,FR,Health Care,326279136.0,,3.1251585811951927,3.1251585811951927,1.1886885,,0.2217309504299655,0.0671513519984467,-172223589.23240143,0.12,0,0,UNRESEARCHED
APWC,Asia Pacific Wire & Cable Corporation Limited,TW,Industrials,56076140.0,3.105678355849789,0.2176904650832778,3.105678355849789,0.27402782,8.270934219717565,-0.1788639517627283,-0.0058379545786886,72816000.0,0.1,0,0,UNRESEARCHED
0840.HK,Xinjiang Tianye Water Saving Irrigation System Company Limited,HK,Industrials,89357712.0,,3.0447484883685254,3.0447484883685254,0.22960936,,0.7124111174904538,0.8819034521560388,560176522.3417497,0.018,0,0,UNRESEARCHED
BMTR.JK,PT. Global Mediacom Tbk,ID,Communication Services,1913243959296.0,3.029666524216298,-1.232990263420647,3.029666524216298,0.11909791,2.9545455,-0.1349226787027126,0.1188491123237004,-2600961000000.0,0.1,0,0,UNRESEARCHED
3601.HK,360 Ludashi Holdings Limited,HK,Communication Services,158710000.0,,3.0080609615118483,3.0080609615118483,0.20423147,,0.215702650924657,0.1616887693638122,742147995.6844661,0.1,0,0,UNRESEARCHED
038950.KQ,FINEDIGITAL Inc.,KR,Consumer Discretionary,24643864576.0,3.005466248659268,2.676998731689795,3.005466248659268,0.2691721251374097,,-0.5245005522489418,-0.1405113248633405,62349190208.0,0.074,0,0,UNRESEARCHED
VYLD,Jpmorgan Chase & Co,US,,79118101660.0,,3.000337407236017,3.000337407236017,0.2112080194234886,,,,237381000000.0,0.12,0,0,UNRESEARCHED
087600.KQ,"Pixelplus. Co., Ltd.",KR,Information Technology,26262042624.0,0.4991019239311398,2.999131723038783,2.999131723038783,0.4036416941572655,,0.0749192145751243,-0.0857304039411244,77687054336.0,0.081,0,0,UNRESEARCHED
083640.KQ,"Incon Co., Ltd.",KR,Information Technology,16763969536.0,2.9556604122666905,2.166500896232125,2.9556604122666905,0.2794457992996606,,-0.0447563906859154,0.035052638824425,46643551610.0,0.0,0,0,UNRESEARCHED
037400.KQ,"Wooree Lighting Co.,Ltd",KR,Consumer Discretionary,18479136768.0,2.849275613201864,1.5042288788498326,2.849275613201864,0.1761176729451085,140.55086011080493,-0.3507843819515641,,22945169408.0,0.07,0,0,UNRESEARCHED
COFFEEDAY.NS,Coffee Day Enterprises Limited,IN,Consumer Discretionary,6690341888.0,2.8454533734227163,-1.4214437634614046,2.8454533734227163,0.23951417,3.8064904,0.2652008705663625,0.0632590121216001,-492500000.0,0.048,0,0,UNRESEARCHED
STG,Sunlands Technology Group,US,Consumer Staples,37805736.0,-0.0022690934630479,2.832191504671741,2.832191504671741,0.26673484,0.7891431849916651,0.0017906747735493,1.01821035513029,265863.2914621375,0.204,0,0,UNRESEARCHED
KEH.F,Chinese People Holdings Co. Ltd.,CN,Energy,33972752.0,,2.8293686095368726,2.8293686095368726,0.07334487,,0.3778850936419238,0.0390084531040593,1750075.695841585,0.1,0,0,UNRESEARCHED
002731.SZ,"Shenyang Cuihua Gold and Silver Jewelry Co., Ltd.",CN,Consumer Discretionary,197240112.0,2.791426317178324,-6.701256304295751,2.791426317178324,0.105450556,0.7196261,-0.4196205682543923,0.1300301106583466,-1316799505.81,0.22,0,0,UNRESEARCHED
MGP1.SG,Marfrig Global Foods S.A.,BR,Consumer Staples,3790098688.0,,2.770924513295037,2.770924513295037,1.9623438,62.37244614116696,0.2113548885797807,0.0914471891792456,-2082162886.5967548,0.12,0,0,UNRESEARCHED
042420.KQ,Z Holdings Corporation,KR,Consumer Discretionary,147964559360.0,,2.767376355637796,2.767376355637796,0.3895122570757942,6.710431597223695,0.4166640904663798,,374497743520.0,0.22,0,0,UNRESEARCHED
CCL.AX,Coca-Cola Amatil Limited,AU,Consumer Staples,1078988160.0,0.2559457113859947,2.766504419111957,2.766504419111957,2.487333,24.545456,0.4163159677303595,-0.0700973965162015,2512000000.0,0.052,0,0,UNRESEARCHED
053350.KQ,"INITECH Co., Ltd",KR,Information Technology,85605466112.0,1.5728278229747523,2.757858067208683,2.757858067208683,0.326964088724651,,0.0007931273910846,0.0466973728731423,123031366280.0,0.0,0,0,UNRESEARCHED
2033.HK,Time Watch Investments Limited,HK,Consumer Discretionary,456891104.0,2.7543184727061507,2.4955862483723257,2.7543184727061507,0.20479706,,0.0588765515847855,0.0396075657669579,1135075000.0,0.1,0,0,UNRESEARCHED
CITY.BK,City Steel Public Company Limited,TH,Industrials,423000000.0,2.7539802259887005,2.752949152542373,2.7539802259887005,0.34541893,,-0.0458156565656565,-0.0857347090267113,974544000.0,0.1,0,0,RED
7034.T,"Prored Partners CO.,LTD.",JP,Industrials,3563699712.0,2.733729426919971,1.5209879024714767,2.733729426919971,0.5892007,4.628159892081299,,,11286823000.0,0.1,0,0,RED
1303.HK,Huili Resources (Group) Limited,HK,Industrials,361740320.0,2.5314960533685307,2.731110900470191,2.731110900470191,0.2824944,16.49904245030878,0.5027976424908345,0.0951747749874949,1170991447.8805351,0.1,0,0,UNRESEARCHED
0WB.F,Stalprodukt S.A.,PL,Materials,246304224.0,,2.71059906747438,2.71059906747438,0.07228877,,-0.1905749530666888,-0.0211771752969771,8171493.45705636,0.22,0,0,UNRESEARCHED
033830.KQ,Taegu Broadcasting Corporation,KR,Communication Services,33106384896.0,2.701065112449979,2.509703115231704,2.701065112449979,0.3376468194724756,10.288256223114823,0.257342660696005,0.0852726900914011,82470326700.0,0.1,0,0,UNRESEARCHED
DIVA.JK,PT Distribusi Voucher Nusantara Tbk,ID,Information Technology,188998320128.0,2.700427806806601,0.3562771248284894,2.700427806806601,0.3150018,109.0,0.0223313835443946,0.0268123770462413,66836997232.0,0.1,0,0,UNRESEARCHED
093240.KS,"hyungji Elite Co., Ltd.",KR,Consumer Discretionary,20891383808.0,2.6819087494469915,-2.3117574329844266,2.6819087494469915,0.2483169703175209,2.674216599296869,-0.8277405888473066,0.0831763537098487,-52673499000.0,0.164,0,0,UNRESEARCHED
200512.SZ,"TsannKuen (China) Enterprise Co., Ltd.",CN,Consumer Discretionary,385614688.0,2.666382938603055,1.7854144867236987,2.666382938603055,0.31805685,,-0.3182178447247532,0.0208381438580003,-12179456.810051791,0.22,0,0,UNRESEARCHED
KTTA,Pasithea Therapeutics Corp. Common Stock,US,Health Care,17709656.0,2.6310606161067627,2.59052597255276,2.6310606161067627,0.35522786,,-0.7568926236044288,,50400377.0,0.592,0,0,UNRESEARCHED
3700.HK,Inke Limited,HK,Communication Services,1894818176.0,,2.625754400767971,2.625754400767971,0.28567517,12.465918758562614,-0.3271958452610624,0.0615173021905086,4244320824.475339,0.22,0,0,UNRESEARCHED
IH,Ihuman Inc.,US,Consumer Staples,61335440.0,0.0069654410461102,2.62424578378403,2.62424578378403,0.42920363,5.653473202447502,0.0003494303267047,-0.2698551928966037,531558.6624681103,0.12,1,1,UNRESEARCHED
XLO,Xilio Therapeutics Inc. Common Stock,US,Health Care,58760768.0,0.5121306691155636,2.6106768058209235,2.6106768058209235,0.8131402634783571,,,0.4405061697305464,130577000.0,0.13,0,0,UNRESEARCHED
PHTCF,PLDT Inc.,US,Communication Services,4861255168.0,,2.6089969297410884,2.6089969297410884,2.2851794,,,0.1138612486891817,-342298000000.0,0.1,0,0,UNRESEARCHED
ENW.L,Enwell Energy plc,UK,Energy,39278132.0,0.0147193822145799,2.6078727649032576,2.6078727649032576,0.3210329,,-0.0333441365802889,-0.02497771131115,579623.9825051156,0.1,0,0,UNRESEARCHED
9998.HK,Kwan Yong Holdings Limited,HK,Industrials,344000000.0,,2.604464722695324,2.604464722695324,0.9903585,3.1928547609712346,,0.0207940974453282,891608113.1007527,0.1,0,0,UNRESEARCHED
DQ,Daqo New Energy Corp.,US,Information Technology,780867200.0,2.596932113929611,2.0819004977196207,2.596932113929611,0.17852724,,-0.3348712815700288,-0.076108106829325,856054000.0,0.173,0,0,UNRESEARCHED
3838.HK,China Starch Holdings Limited,HK,Consumer Staples,1022012544.0,2.592847940135162,1.0102117509675814,2.592847940135162,0.2167003,34.911732029041374,-0.0841331520333799,0.0901829600524355,1189162859.626545,0.1,0,0,UNRESEARCHED
075180.KS,Saeron Automotive Corporation,KR,Consumer Discretionary,56832000000.0,2.59182336404454,2.060104876795977,2.59182336404454,0.2174479467668831,5.5377880121055,0.0842985562207364,0.0501402783146427,114706639540.0,0.1,0,0,UNRESEARCHED
TOUR,Tuniu Corp,US,Consumer Discretionary,55513800.0,0.0054481470594559,2.590320523540163,2.590320523540163,0.3666611,16.56574745657865,-0.0009665532574543,0.0134852769642602,90948.30245037824,0.363,0,0,UNRESEARCHED
ZH,Zhihu Inc.,US,Communication Services,241481968.0,0.0066023337485686,2.584282546501229,2.584282546501229,0.39252138,,-0.0007052584403626,0.7867982736637184,1539630.37017776,0.156,1,1,UNRESEARCHED
1527.HK,"Zhejiang Tengy Environmental Technology Co., Ltd",HK,Industrials,308475008.0,,2.5762604503892432,2.5762604503892432,0.22701308,1.033437211489272,0.5358238567990895,0.3512366048239148,1092914368.5199225,0.082,0,0,UNRESEARCHED
3878.HK,Vicon Holdings Limited,HK,Industrials,93042400.0,2.57229331734779,1.835254737370748,2.57229331734779,0.33739132,19.400002,0.0900616104818531,0.051200216988382,166281000.0,0.083,0,0,UNRESEARCHED
1063.HK,SUNCORP TECHNOLOGIES LIMITED,HK,Industrials,89235120.0,2.5539720235709886,1.748482077460085,2.5539720235709886,0.36523926,2.8999999,-0.0638537831293329,0.3904588893011117,150648000.0,0.0,0,0,RED
1265.HK,Tianjin Jinran Public Utilities Company Limited,HK,Utilities,270378240.0,,2.5504852858614933,2.5504852858614933,0.17231123,,-0.5666389594897803,-0.0631551444204314,805834547.7865129,0.022,0,0,UNRESEARCHED
AMJB,Jpmorgan Chase & Co,US,,93126748000.0,,2.5490098720079866,2.5490098720079866,0.2486044986892615,,,,237381000000.0,0.12,0,0,UNRESEARCHED
QGLHF,"Qingling Motors Co., Ltd. Class H",US,Industrials,273049504.0,,2.538757698295487,2.538757698295487,0.25270998,,-0.3389381335667007,-0.0563471211428289,14072725.603132384,0.1,0,0,UNRESEARCHED
1490.HK,Cheshi Holdings Limited,HK,Communication Services,306180768.0,,2.524428717509313,2.524428717509313,0.4340165,14.170693687965162,0.1761498626012344,0.0090642537360489,731298301.4149748,0.1,0,0,UNRESEARCHED
100030.KQ,"Mobileleader Co.,Ltd.",KR,Information Technology,53133721600.0,1.4679623763183345,2.5229989828397126,2.5229989828397126,0.589139055574379,0.7036991389626511,0.0863923820496051,,71521168950.0,0.207,0,0,UNRESEARCHED
HOCL.BO,Hindustan Organic Chemicals Limited,IN,Materials,2476672256.0,2.48962288417826,-0.1378542045695624,2.48962288417826,0.23987819,,-0.2383259710184845,0.0062487566813054,-189912000.0,0.1,0,0,UNRESEARCHED
HGS.NS,Hinduja Global Solutions Limited,IN,Industrials,17745162240.0,2.4878105423796817,1.594857380591023,2.4878105423796817,0.21361493,,0.111128588832898,0.0449342137481839,30641800000.0,0.1,0,0,UNRESEARCHED
DOYU,Douyu International Holdings Ltd,US,Communication Services,137012016.0,0.0050532094035704,2.4684407335044987,2.4684407335044987,0.48591852,,-0.0001770960934256,0.0208385693350388,812320.9999519684,0.13,0,0,UNRESEARCHED
MSAI,"Multisensor Ai Holdings, Inc.",US,Industrials,10587111.0,2.464118889479885,2.1699149365614328,2.464118889479885,0.37157455,,-0.9108592407805758,,21910000.0,0.024,0,0,UNRESEARCHED
205470.KQ,Humasis Co. Ltd.,KR,Health Care,64158228480.0,1.7737250410281584,2.453259658650889,2.453259658650889,0.3890911718323001,,0.1325034874554152,-0.3412101584429106,179604454400.0,0.157,0,0,UNRESEARCHED
032750.KQ,"SAMJIN Co., Ltd.",KR,Industrials,26849548288.0,2.444640325763789,1.740579724928642,2.444640325763789,0.2469085511848568,7.719068741250428,0.5651359740291659,,41235685376.0,0.1,0,0,UNRESEARCHED
IMA,ImageneBio Inc. Common Stock,US,Health Care,57780580.0,1.8801239782012944,2.4334657952661174,2.4334657952661174,0.40330264,,-0.8672964626834113,,132374000.0,0.507,0,0,UNRESEARCHED
DDD.BK,Do Day Dream Public Company Limited,TH,Consumer Staples,1569208192.0,2.4287777257866447,1.8834618751735388,2.4287777257866447,0.354615,53.333332,0.1000778556820641,0.0153355608247174,2824451000.0,0.22,0,0,UNRESEARCHED
BAZ.SI,Lion Asiapac Limited,SG,Materials,19870612.0,2.4216667307479027,2.0983752287045814,2.4216667307479027,0.3951613,,0.1423207297289082,-0.6757190004714757,40600000.00000004,0.1,0,0,UNRESEARCHED
032680.KQ,"Softcen Co., Ltd.",KR,Information Technology,18561732608.0,2.407020421980681,1.9287943727139696,2.407020421980681,0.4450930777147737,,0.2232769761221004,0.4183053555081829,45536629710.0,0.0,0,0,UNRESEARCHED
CTTOF,CTT - Correios de Portugal SA,US,Industrials,948332096.0,,2.4052348029220534,2.4052348029220534,2.6334395,15.871752502783815,0.3789025073764877,-0.0773362159168986,2632518158.4172773,0.218,0,0,UNRESEARCHED
DPNEF,Daphne International Holdings Limited,US,Consumer Discretionary,34228024.0,,2.395663121397368,2.395663121397368,0.27193066,2.287198546504168,0.4629707519157041,0.2660366114540676,1850418.8421430096,0.1,0,0,UNRESEARCHED
TAKUNI.BK,Takuni Group Public Company Limited,TH,Industrials,376000128.0,-0.7073002911318158,2.392733369088877,2.392733369088877,0.9270216,,,,460312000.0,0.1,0,0,UNRESEARCHED
TCRX,TScan Therapeutics Inc. Common Stock,US,Health Care,21242018.0,2.39207025600656,1.4005347839040854,2.39207025600656,0.30785856,,,,58268000.0,0.162,0,0,UNRESEARCHED
ORXGF,Orca Energy Group Inc.,US,Energy,33007396.0,,2.390343061294505,2.390343061294505,1.718107,,0.92767087715735,,78899000.0,0.164,0,0,UNRESEARCHED
200028.SZ,China National Accord Medicines Corporation Ltd.,CN,Health Care,7389514240.0,2.3840338804488,0.4159650063070086,2.3840338804488,0.3373919,4.311776230252644,-0.0090228195890495,0.0956290661425331,1684128786.6936562,0.006,0,0,UNRESEARCHED
032080.KQ,"AztechWB Co., Ltd.",KR,Consumer Discretionary,22286196736.0,2.3794453939881266,1.7162073542565883,2.3794453939881266,0.2442954605462061,,0.0507823378106139,0.0189707203280644,45389283780.0,0.0,0,0,UNRESEARCHED
BANL,Cbl International Limited,US,Energy,12457237.0,1.5109848593379054,2.370793958264737,2.370793958264737,0.58659774,,0.5135543081206073,-0.1953360636030006,7432180.0,0.22,0,0,UNRESEARCHED
081000.KS,Iljin Diamond Co. Ltd.,KR,Industrials,140845449216.0,2.3705296478985862,2.0650412116114247,2.3705296478985862,0.3975017324830632,9.463424836149652,-0.1156907985022138,0.1306778728000628,339229187910.0,0.1,0,0,UNRESEARCHED
HOOK,HOOKIPA Pharma Inc.,US,Health Care,14232977.0,1.942882363963632,2.366616625601236,2.366616625601236,0.4961991702691395,,,,33684000.0,0.0,0,0,UNRESEARCHED
0JXZ.IL,Galapagos NV,BE,Health Care,1547263872.0,1.800018653716453,2.3559500755677267,2.3559500755677267,0.59879625,,-0.1894339056056228,1.4342385900188783,2975805000.0,0.066,0,0,UNRESEARCHED
064800.KQ,"Gemvaxlink Co., Ltd.",KR,Information Technology,61133844480.0,2.3435810817740754,1.893343672821496,2.3435810817740754,0.3911831958599378,,-0.165174382038385,-0.1215825818271035,106917163008.0,0.061,0,0,UNRESEARCHED
2307.HK,Kam Hing International Holdings Limited,HK,Consumer Discretionary,134837440.0,2.32496997866468,-1.956430380167408,2.32496997866468,0.07904131,,0.4769298497509297,-0.0359035463429121,-263800000.0,0.1,0,0,UNRESEARCHED
237820.KQ,"PlayD Co., Ltd.",KR,Communication Services,29374150656.0,2.317461905538929,1.7278929986065656,2.317461905538929,0.5300116849211597,5.971206120545337,0.4357115087427842,0.2003715529006845,51309486336.0,0.1,0,0,UNRESEARCHED
0420.HK,Fountain Set (Holdings) Limited,HK,Consumer Discretionary,802392640.0,2.2763747995772405,1.5222533046674993,2.2763747995772405,0.24605559,8.1875,0.2946091108514986,0.0594567257918887,1361305000.0,0.1,0,0,UNRESEARCHED
1472.HK,Sang Hing Holdings (International) Limited,HK,Industrials,98000000.0,2.2566306306306307,0.2844807692307692,2.2566306306306307,0.34751773,,-0.1192115384615384,-0.0255695461200585,24104000.0,0.1,0,0,UNRESEARCHED
267290.KS,"Kyungdong City Gas Co., Ltd",KR,Utilities,130767478784.0,0.6719801164931033,2.243424543215698,2.243424543215698,0.2659740137474609,3.781884215710745,0.7460961615781916,0.2257671917522727,292706240690.0,0.1,0,0,UNRESEARCHED
AIJTY,Jianpu Technology Inc.,US,,19044896.0,0.0042984982233445,2.2391223484443104,2.2391223484443104,0.43893155,8.502028911528503,0.8176285010403078,0.078853046594982,9387.399347509214,0.298,0,0,UNRESEARCHED
VMC.AX,Venus Metals Corporation Limited,AU,Materials,30039820.0,0.0218565224425445,2.2322787553320893,2.2322787553320893,0.5215827,3.4166667,-0.0929779539291513,0.24159001,651496.0,0.1,0,0,UNRESEARCHED
5OC.SI,Koyo International Limited,SG,Industrials,14616410.0,0.7402638541201294,2.2177128309892784,2.2177128309892784,0.60629916,3.8500001,,0.2973062413131246,7834000.0,0.1,0,0,YELLOW
0538.HK,Ajisen (China) Holdings Limited,HK,Consumer Discretionary,867773376.0,1.476278529021024,2.2133377711432347,2.2133377711432347,0.27059576,26.40310543968851,0.6645259291149884,0.0473195271343895,1595693024.2381575,0.1,0,0,YELLOW
DRTGF,Jet2 plc,US,Consumer Discretionary,3720844544.0,,2.212440389344795,2.212440389344795,1.41379,5.071035782702748,0.1780042293313482,,6427590232.659513,0.172,0,0,UNRESEARCHED
216050.KQ,"Incross Co., Ltd.",KR,Information Technology,61437267968.0,1.566105294977882,2.188886790643372,2.188886790643372,0.5569330036263325,5.3125296153728,0.2763476993444674,,126817342208.0,0.092,0,0,UNRESEARCHED
002170.KS,"Samyang Tongsang Co., Ltd",KR,Consumer Discretionary,141239992320.0,2.186040860540216,1.681035590342621,2.186040860540216,0.3129317990925645,5.939237531779979,0.1977089345517098,0.1453203576534571,236985668220.0,0.22,0,0,UNRESEARCHED
FLNA,Filana Therapeutics Inc. Common Stock,US,Health Care,37984500.0,1.375694744143349,2.185231988527033,2.185231988527033,0.5970387,,-0.7391467122548269,,86573000.0,0.028,0,0,UNRESEARCHED
900340.KQ,Wing Yip Food (China) Holdings Group Limited,KR,Consumer Staples,50027122688.0,,2.1844099386154165,2.1844099386154165,13.066343503611574,5.206274352761191,-0.0027136791890004,0.0683949886958807,420496085.0,0.1,0,0,UNRESEARCHED
SAKUMA.NS,Sakuma Exports Limited,IN,Consumer Staples,2461318400.0,2.159647164989908,0.54308878334904,2.159647164989908,0.32865816,22.428572,-0.67805367944203,0.0159271883198076,426230000.0,0.1,0,0,UNRESEARCHED
048470.KQ,"Daedong Steel Co., Ltd.",KR,Materials,27840249856.0,2.148875013391194,1.271749220670266,2.148875013391194,0.3920420940585646,,0.0401165709997857,0.010529680004947,35902866930.0,0.12,0,0,UNRESEARCHED
DMYD-B.ST,Diamyd Medical AB (publ),SE,Health Care,155604432.0,0.7403663292636222,2.139040867167638,2.139040867167638,0.599761,,,,346104992.0,0.057,0,0,UNRESEARCHED
CTRM,Castor Maritime Inc.,US,Industrials,22706530.0,,2.138582208802563,2.138582208802563,,,0.8580990400508277,-0.0442350607528702,108911374.0,0.0,0,0,UNRESEARCHED
039310.KQ,"Sejoong Co., Ltd.",KR,Consumer Discretionary,23449438208.0,2.085059388534164,2.136348867480838,2.136348867480838,0.2324185847113101,9.087658511239429,-0.2155778163740577,-0.0661552228982749,49515467950.0,0.2,0,0,UNRESEARCHED
NIOBW,Niocorp Developments Ltd.,US,Materials,196192115.55,1.9823885323306,2.135962491791378,2.135962491791378,0.4506082204853535,,-0.1580287766054419,,419059000.0,0.0,0,0,UNRESEARCHED
INAB,IN8bio Inc. Common Stock,US,Health Care,10751553.0,2.1353306857790257,1.5104111431687923,2.1353306857790257,0.58508587,,,,22161000.0,0.052,0,0,UNRESEARCHED
E27.SI,The Place Holdings Limited,SG,Communication Services,23522618.0,2.126702089481742,0.5165241385971578,2.126702089481742,0.30769232,,-0.1197995903347153,-0.033746125303486,11905000.0,0.09,0,0,UNRESEARCHED
CTT.LS,CTT - Correios de Portugal SA,PT,Industrials,827659136.0,-3.8517968962598648,2.1178881513522274,2.1178881513522274,2.673729,20.354837,0.3375258674992358,-0.0679861591535129,1693524361.0,0.218,0,0,UNRESEARCHED
AVX.SI,HL Global Enterprises Limited,SG,Consumer Discretionary,30992062.0,2.117316363138406,1.97856555031074,2.117316363138406,0.37288138,16.500002,0.0705266013374875,0.0839412255106294,63172000.0,0.1,0,0,UNRESEARCHED
BRNS,Barinthus Biotherapeutics plc American Depositary Shares,UK,Health Care,30232266.0,1.5158860171376174,2.1052896621411192,2.1052896621411192,0.5297781,,,,65858000.0,0.05,0,1,UNRESEARCHED
BONAV-B.ST,Bonava AB (publ),SE,Industrials,2991072256.0,2.101381953906153,-1.321915053542411,2.101381953906153,0.4397371,,-0.2544238102150348,0.0263479815564129,-3826000000.0,0.042,0,0,UNRESEARCHED
PETZ,"Tdh Holdings, Inc.",US,Consumer Staples,14400959.0,1.7223194963397026,2.0980053502324494,2.0980053502324494,0.47001347,8.205882,-0.1380903524378131,-0.1581819810931853,19069532.0,0.084,0,0,UNRESEARCHED
MGX,Metagenomi Inc. Common Stock,US,Health Care,43821440.0,2.089141799503542,1.876594542002242,2.089141799503542,0.38926172,,,,120142000.0,0.048,0,0,UNRESEARCHED
002920.KS,"Yoosung Enterprise Co., Ltd.",KR,Consumer Discretionary,47217045504.0,1.209096651090335,2.088379863579986,2.088379863579986,0.1760509904151672,,-0.1214287962148609,-0.1155212576514889,95286300200.0,0.1,0,0,UNRESEARCHED
1900.HK,"China ITS (Holdings) Co., Ltd.",HK,Information Technology,301032512.0,,2.08630840965565,2.08630840965565,0.14073937,,,0.1050588238891964,807061214.5003731,0.1,0,0,UNRESEARCHED
2100.HK,BAIOO Family Interactive Limited,HK,Communication Services,785560064.0,,2.0807234495791307,2.0807234495791307,0.4697409,,-0.131060853033141,-0.0628879795258862,1618363772.026307,0.1,0,0,UNRESEARCHED
BONAV-A.ST,Bonava AB (publ),SE,Industrials,2991072256.0,2.0782896707978225,-1.3073884052075748,2.0782896707978225,0.4397371,,-0.2544238102150348,0.0263479815564129,-3826000000.0,0.001,0,0,UNRESEARCHED
SOGP,Sound Group Inc.,US,Communication Services,50852788.0,0.0031133890980137,2.076343567876868,2.076343567876868,0.85055774,1.2310386931107835,0.0025686856401089,-0.9558965194080596,299308.5253947666,0.12,0,0,UNRESEARCHED
067770.KQ,"Sejin T.S Co.,Ltd",KR,Materials,20780701696.0,1.756456655784106,2.069812082650643,2.069812082650643,0.3399000865287676,,0.1330540931740277,0.1202205845899072,34426887510.0,0.0,0,0,UNRESEARCHED
0909.HK,Ming Yuan Cloud Group Holdings Limited,HK,Information Technology,2008300032.0,,2.0696782242496865,2.0696782242496865,0.401683,96.6543240632439,0.0522212466905032,-0.0536122130915273,4567604724.345975,0.22,0,0,UNRESEARCHED
0887.HK,Emperor Watch & Jewellery Limited,HK,Consumer Discretionary,2104445312.0,2.063606384545756,0.5183487789221436,2.063606384545756,0.3580247,3.625,0.269886120728438,0.1194876294268965,996799000.0,0.1,0,0,UNRESEARCHED
017480.KQ,"Samhyun Steel Co., Ltd.",KR,Materials,75129659392.0,2.0585796393423066,1.634398418480547,2.0585796393423066,0.3998757770966553,6.919558288095236,0.0705588243127495,,112064864256.0,0.1,0,0,UNRESEARCHED
SKBSY,Skanska AB (publ),US,Industrials,11364436992.0,,2.055016453730435,2.055016453730435,0.187462,153.80641344346415,0.0783024601580358,0.1801736999147485,266786762.4776324,0.12,0,0,UNRESEARCHED
KATMR.IS,Katmerciler Arac Ustu Ekipman Sanayi ve Ticaret A.S.,TR,Industrials,4069642496.0,2.053200794263038,-0.5068635586001976,2.053200794263038,0.3876128,9.967132182964091,-0.1274863139722826,0.0854055180498445,-2019097465.0,0.023,0,0,UNRESEARCHED
BFU.SI,Tye Soon Limited,SG,Industrials,22252582.0,2.0491980178391422,-2.99276036870056,2.0491980178391422,0.34646738,6.375,-0.1440282300723574,0.0607775039211292,-78349000.0,0.1,0,0,UNRESEARCHED
3600.T,FUJIX Ltd.,JP,Consumer Discretionary,2367548928.0,2.047765884400159,1.0606748869698286,2.047765884400159,0.23075527,,0.0065612160392066,,2481999872.0,0.22,0,0,UNRESEARCHED
038060.KQ,"Lumens Co., Ltd.",KR,Information Technology,37424185344.0,2.039910279653831,0.9796144223753264,2.039910279653831,0.5298418092448461,,0.1878586852162464,-0.0911888263522266,56923930650.0,0.0,0,0,UNRESEARCHED
005990.KQ,"Maeil Holdings Co., Ltd.",KR,Consumer Staples,135918444544.0,2.017967988300054,1.351222416372749,2.017967988300054,0.3407681346875961,3.744266302380323,0.7653523134332552,0.2024423556713144,88533073920.0,0.22,0,0,UNRESEARCHED
SOHU,Sohu.Com Limited,US,Communication Services,407085504.0,1.475416269729982,2.0143045053897337,2.0143045053897337,0.2684324,1.7538861,-0.0149828078875518,-0.0816107964110563,128308000.0,0.22,0,0,UNRESEARCHED
BTX.SI,Anchun International Holdings Ltd.,SG,Materials,15460799.0,,2.0035323689602555,2.0035323689602555,0.2621619,8.907681428663329,0.0788242706817834,,30976211.24648835,0.22,0,0,UNRESEARCHED
024940.KQ,"PN Poong Nyun Co., Ltd.",KR,Consumer Staples,18506000384.0,1.9766915780967325,1.371461773612345,1.9766915780967325,0.4643675391484937,6.074713143649132,0.1111940776665357,,25779859456.0,0.087,0,0,UNRESEARCHED
3983.HK,China Bluechemical Ltd.,HK,Materials,9104749568.0,,1.9754085210707,1.9754085210707,0.4139531,6.829276616362931,0.1648902767594668,0.1237941728426934,18480498259.094456,0.027,0,0,UNRESEARCHED
2055.T,"Nichiwa Sangyo Co., Ltd.",JP,Consumer Staples,6230456320.0,1.9738520901804024,0.7503004198937494,1.9738520901804024,0.32260424,16.435738,0.1255275782835837,0.039091612177459,4566000000.0,0.088,0,0,UNRESEARCHED
1047.HK,Ngai Hing Hong Company Limited,HK,Materials,125528000.0,1.9698559526531176,-1.9221436401129188,1.9698559526531176,0.24584237,11.333334,-0.0050426996367344,,-230638000.0,0.1,0,0,UNRESEARCHED
TEK.AX,Thorney Technologies Ltd,AU,Energy,35926020.0,,1.9687649190232923,1.9687649190232923,0.38759694,,0.1741630154242899,-0.12151,64950732.0,0.181,0,0,UNRESEARCHED
026940.KS,"Bookook Steel Co., Ltd.",KR,Materials,43192270848.0,1.9598357258408283,0.3280364115223939,1.9598357258408283,0.3183627553110218,21.408856552312034,-0.074622299701319,,15865104384.0,0.22,0,0,UNRESEARCHED
GDHG,Golden Heaven Group Holdings Ltd.,US,Consumer Discretionary,69901808.0,1.2649729538481005,1.959829763633839,1.959829763633839,0.3869456205617164,,0.0541869452105689,-0.0717092158112417,85862994.0,0.1,0,0,UNRESEARCHED
009140.KS,"Kyungin Electronics Co., Ltd",KR,Information Technology,29326149632.0,1.957539194050129,1.7288446687677792,1.957539194050129,0.3964776286514657,5.237609343085714,0.0945719548867641,0.242239955707076,56860074880.0,0.1,0,0,RED
061250.KQ,"Hwail Pharmaceutical Co.,Ltd.",KR,Health Care,62374297600.0,1.9569345592390364,1.4363678228899206,1.9569345592390364,0.3280972391088712,37.08720079996661,0.0446139287667104,0.0109655127144671,84233792450.0,0.1,0,0,UNRESEARCHED
0858.HK,Extrawell Pharmaceutical Holdings Limited,HK,Health Care,211700000.0,1.9559068517689209,0.1032562127800113,1.9559068517689209,0.49659863,,-0.0324792644274629,0.2595616520179108,-58291000.0,0.086,0,0,UNRESEARCHED
003650.KS,"Michang Oil Ind .Co.,Ltd.",KR,Energy,198048956416.0,1.954228046268257,0.8688917215306873,1.954228046268257,0.3814184820374598,3.2578324817021347,0.0322106752958146,0.4819489607961939,268220639490.0,0.1,0,0,GREEN
INVE,"Identiv, Inc.",US,Information Technology,62819068.0,1.8858789015328432,1.9409417461181164,1.9409417461181164,0.46863133,,-0.1422856007089552,,122078000.0,0.134,1,1,UNRESEARCHED
078070.KQ,Ubiquoss Holdings Inc.,KR,Information Technology,139368988672.0,1.937129801188192,1.1797295456154495,1.937129801188192,0.7522603367746821,,0.2212186861667175,,240782348150.0,0.12,0,0,UNRESEARCHED
GTEC,Greenland Technologies Holding Corporation,US,Industrials,29331366.0,1.933443178827869,1.2338958390649664,1.933443178827869,0.33054143,1.8114754,0.5083062938736197,0.1612212607977416,1938677.0,0.002,0,0,UNRESEARCHED
IXHL,Incannex Healthcare Limited American Depositary Shares,AU,Health Care,39004444.0,1.9329310081221944,1.832748847135492,1.9329310081221944,0.5929429,,-0.4990859492096016,,70668000.0,0.031,0,0,UNRESEARCHED
001420.KS,"Tae Won Mulsan Co., Ltd.",KR,Consumer Discretionary,21119348736.0,1.6705441234442426,1.93263490505872,1.93263490505872,0.518852202971755,,0.0872662099119759,,35784851456.0,0.1,0,0,UNRESEARCHED
214330.KS,"Kumho HT, Inc",KR,Consumer Discretionary,65165185024.0,1.932588229098884,0.4962551593389955,1.932588229098884,0.2152156193236757,,-0.0697783561433495,-0.0645100594396733,30896811030.0,0.22,0,0,UNRESEARCHED
0296.HK,Emperor Entertainment Hotel Limited,HK,Consumer Discretionary,222247824.0,0.959834414317046,1.932312822536581,1.932312822536581,0.05823731,,0.3545321550594799,-0.0933276395714662,505238000.0,0.1,0,0,UNRESEARCHED
PLRX,"Pliant Therapeutics, Inc.",US,Health Care,71860360.0,1.9309552203760567,1.800905924315113,1.9309552203760567,0.48904344,,,,22190000.0,0.006,0,0,UNRESEARCHED
7070.KL,Vizione Holdings Berhad,MY,,49697172.0,1.927703250398232,-1.1647141612001584,1.927703250398232,0.087209314,,-0.0952971730463858,,-1775000.0,0.1,0,0,UNRESEARCHED
005710.KQ,"Daewon Sanup Co., Ltd",KR,Consumer Discretionary,211797426176.0,1.8986768616959733,1.926510307414184,1.926510307414184,0.3695059829823844,3.0140055535978423,0.3046226708553826,0.4987574970066979,427331245340.0,0.1,0,0,UNRESEARCHED
GRR.AX,Grange Resources Ltd.,AU,Materials,150454032.0,1.9201080633053424,1.8064387400398807,1.9201080633053424,0.13569936,3.625,0.2515386227734993,0.0842781049038505,274973000.0,0.1,0,0,UNRESEARCHED
079000.KQ,"Watos Corea Co., Ltd.",KR,Materials,25225310208.0,1.91410535592392,,1.91410535592392,0.5140423556405264,,-0.0731195658166789,,,0.12,0,0,UNRESEARCHED
0882.HK,Tianjin Development Holdings Limited,HK,Industrials,2225998080.0,1.744718762630643,1.9065862887811904,1.9065862887811904,0.16383736,5.4605265,-0.0136426494994613,0.109460153761803,4561083000.0,0.22,0,0,GREEN
7247.KL,SCGM Bhd,MY,Materials,60656728.0,,1.9052626775384256,1.9052626775384256,0.52587646,,-0.0642164872460644,,115567000.0,0.1,0,0,UNRESEARCHED
226320.KS,"It'S Hanbul Co., Ltd.",KR,Consumer Staples,183389683712.0,1.9043741955776767,1.839919864254025,1.9043741955776767,0.4867003249801732,7.665366615443537,0.0827382221405789,1.0547317536726033,352980706000.0,0.1,0,0,UNRESEARCHED
0018.HK,Oriental Press Group Limited,HK,Communication Services,513154432.0,1.9016655903247752,1.0744727773534486,1.9016655903247752,0.30615166,38.43982694925069,0.0374515274578495,0.0581680586428412,532455000.0,0.1,0,0,UNRESEARCHED
033200.KQ,"Moatech Co., Ltd.",KR,Industrials,22643140608.0,1.8952497565089303,1.6648363272747913,1.8952497565089303,0.5156870861014279,,-0.1526647716341381,-0.0444111504941919,40420522230.0,0.1,0,0,UNRESEARCHED
0869.HK,Playmates Toys Limited,HK,Consumer Discretionary,536227168.0,1.8901755452385207,1.8666901590579168,1.8901755452385207,0.5274725,,-0.0288310643745674,0.1553532663224912,1048143000.0,0.1,0,0,UNRESEARCHED
003120.KS,"Ilsung Pharmaceuticals Co., Ltd.",KR,Health Care,157565026304.0,1.8888049435382943,1.726997198929656,1.8888049435382943,0.3453475825746583,26.55681860336664,-0.0384531481517366,0.0168251557441697,225996450800.0,0.095,0,0,UNRESEARCHED
LENZ,LENZ Therapeutics Inc. Common Stock,US,Health Care,142019952.0,1.887170742564382,1.4796228309825403,1.887170742564382,0.6476573,,-0.7715165312853025,,291532000.0,0.353,0,0,UNRESEARCHED
228850.KQ,"Rayence Co., Ltd.",KR,Health Care,113302364160.0,1.885930412698145,1.3107350467913867,1.885930412698145,0.4368582694727501,26.54985789742196,0.0399204789364156,0.0145630164365692,145827968512.0,0.1,0,0,UNRESEARCHED
1075.HK,Capinfo Company Limited,HK,Information Technology,497021760.0,,1.8842294156946464,1.8842294156946464,0.36235,4.248383821023884,0.7456133863205553,0.0472020977314214,1340594648.477347,0.0,0,0,UNRESEARCHED
8326.HK,Tonking New Energy Group Holdings Limited,HK,Utilities,177655984.0,1.875742853424717,-0.1627337006029584,1.875742853424717,0.5263158,30.334324265209062,0.2597644257225364,0.2198774074101393,-30012000.0,0.1,0,0,RED
032560.KS,"Hwang Kum Steel & Technology Co., Ltd",KR,Materials,94117855232.0,1.8733588277202269,0.8600693832956662,1.8733588277202269,0.2536026535539133,4.654006470783544,0.0561202266922335,0.0888050153895318,85331339600.0,0.1,0,0,UNRESEARCHED
2322.HK,Hong Kong ChaoShang Group Limited,HK,Industrials,269656576.0,1.8680102901232376,0.1895670381668836,1.8680102901232376,0.622449,,-0.152534755911163,-0.1482796324959884,52553000.0,0.078,0,0,UNRESEARCHED
MLHYD.PA,Hydraulique P.B Societe anonyme,FR,Industrials,50223600.0,1.7549003655651925,1.8657744587258407,1.8657744587258407,0.82629263,7.08248941304015,,0.4340331844608441,98911794.0,0.1,0,0,UNRESEARCHED
ANIKINDS.NS,Anik Industries Limited,IN,Consumer Staples,1239470720.0,1.8621954958714664,0.3032548063207568,1.8621954958714664,0.38920406,4.982421883700809,-0.9557768085059052,0.0072416087709444,-153193000.0,0.22,0,0,UNRESEARCHED
AWC.SI,Brook Crompton Holdings Ltd.,SG,Industrials,20211524.0,1.8621855231847573,0.9087835873445672,1.8621855231847573,0.4305136,8.142857,0.0409667276945568,0.1392004707439961,19818000.0,0.1,0,0,GREEN
0294.HK,Yangtzekiang Garment Limited,HK,Consumer Discretionary,210882624.0,1.7133366812580488,1.8584408728274693,1.8584408728274693,0.23842917,,-0.0407840126670345,-0.0417707444992237,318910000.0,0.1,0,0,UNRESEARCHED
9918.HK,Wise Ally International Holdings Limited,HK,Information Technology,97500000.0,1.290221052631579,1.8522841263157888,1.8522841263157888,0.7184967,,0.5293948717948718,1.031529227714432,135087000.0,0.1,0,0,UNRESEARCHED
ALTRI.PA,Trilogiq S.A.,FR,Industrials,17535500.0,1.840250374428216,1.5115744877486823,1.840250374428216,0.5497497,26.578949,0.1316854488714216,0.1186426951733074,25299000.0,0.1,0,0,UNRESEARCHED
7399.T,"Nansin Co., Ltd.",JP,Industrials,3954260736.0,1.834188205614421,0.805785824517021,1.834188205614421,0.33078977,17.758621,0.0943741510524408,0.0359535912740551,3058251000.0,0.092,0,0,YELLOW
9726.T,"KNT-CT Holdings Co., Ltd.",JP,Consumer Discretionary,51168628736.0,0.7508444774072254,1.832987068258349,1.832987068258349,1.4868548,5.920657,0.1380142515922356,,92440002560.0,0.1,0,0,UNRESEARCHED
CSP.MI,CSP International Fashion Group S.p.A.,IT,Consumer Discretionary,11295358.0,1.828993759283542,-0.2972184446841115,1.828993759283542,0.21953066,,-0.1483808036172755,0.0142648500490166,1475000.0,0.1,0,0,UNRESEARCHED
067010.KQ,"ECSTELECOM Co., Ltd.",KR,Information Technology,28310099968.0,1.7836367206882942,1.826065094961136,1.826065094961136,0.4557132062525573,,-0.0850062466300083,-0.0517390346221412,42748684770.0,0.0,0,0,UNRESEARCHED
0057.HK,Chen Hsong Holdings Limited,HK,Industrials,945797376.0,1.8249537219709444,1.1081654851197218,1.8249537219709444,0.2918288,8.333333,0.4526381769111611,0.0745928694607227,582315000.0,0.1,0,0,GREEN
AUTME.MI,Autostrade Meridionali S.p.A.,IT,Industrials,11637500.0,1.3803083247687564,1.8241031149301823,1.8241031149301823,0.65372336,133.0,-0.1372275132275132,,21228000.0,0.0,0,0,UNRESEARCHED
1323.HK,Huasheng International Holding Limited,HK,Consumer Staples,165032992.0,1.8213051487121608,-0.8313014206475242,1.8213051487121608,0.18328299,,0.2471784047109932,-0.0638217358793677,-145484000.0,0.087,0,0,UNRESEARCHED
1281.HK,LongiTech Smart Energy Holding Limited,HK,Utilities,136583568.0,,1.819727797636792,1.819727797636792,0.14083,7.585980566515093,0.9915826792971392,0.0215667527759927,210359113.17432013,0.1,0,0,UNRESEARCHED
8917.T,"First Juken Co., Ltd.",JP,Industrials,14581435392.0,1.818725585361166,0.2159313203289367,1.818725585361166,0.351908,5.851407901315401,-0.0038562337523836,0.075601410187067,8048092000.0,0.22,0,0,YELLOW
1742.HK,HPC Holdings Limited,HK,Industrials,212800000.0,,1.817245571120961,1.817245571120961,0.282137,2.428494197604816,,0.1821668049606422,386709857.5345405,0.1,0,0,UNRESEARCHED
BTJ.SI,A-Sonic Aerospace Limited,SG,Industrials,57062712.0,1.7514847193871803,1.815244256973717,1.815244256973717,0.9015063,8.485284948329829,-0.0719953810469703,0.6258542969318016,93280813.48874553,0.22,0,0,UNRESEARCHED
5956.T,"Toso Company, Limited",JP,Consumer Discretionary,5081404928.0,1.8128545725588527,0.3190967987117787,1.8128545725588527,0.32008854,7.586753,-0.0450832010528565,0.0644566953410758,2283931000.0,0.162,0,0,UNRESEARCHED
080520.KQ,"ODTech Co., Ltd.",KR,Information Technology,31476320256.0,1.812561392443424,1.483175612480673,1.812561392443424,0.2632064599179802,,-0.0813392130647246,-0.0501014312153265,49035948100.0,0.12,0,0,UNRESEARCHED
123570.KQ,eMnet Inc.,KR,Information Technology,35275366400.0,1.8117284517616403,1.6496078064746678,1.8117284517616403,0.4001055663121514,,0.2139596981468496,0.0210579667137783,57239467310.0,0.0,0,0,UNRESEARCHED
PWE.F,PW Medtech Group Limited,CN,Health Care,127942672.0,,1.8090784747237203,1.8090784747237203,0.26003277,23.19273887211504,0.1358083088004778,0.0471451307033287,3753175.042194986,0.22,0,0,UNRESEARCHED
7427.T,"Echo Trading Co., Ltd.",JP,Consumer Staples,5040607232.0,1.80668628369576,0.9590580932352604,1.80668628369576,0.4197293,6.4511113,0.7454780724112243,0.1460996206645615,4904128000.0,0.1,0,0,UNRESEARCHED
003240.KS,"Taekwang Industrial Co., Ltd.",KR,Energy,764200943616.0,1.805333430329179,1.6698803328339311,1.805333430329179,0.2072827046246781,6.466358891041645,-0.5384157050148208,0.0325531178634089,1385747118630.0,0.1,0,0,UNRESEARCHED
009770.KS,"Samjung Pulp Co., Ltd.",KR,Materials,69749194752.0,1.8019832845859072,1.792807843546333,1.8019832845859072,0.2652871967981592,61.74155348973181,0.0793954757009284,0.0632049019026052,127736078940.0,0.1,0,0,UNRESEARCHED
0829.HK,Shenguan Holdings (Group) Limited,HK,Consumer Staples,730088448.0,1.7987149566890284,0.2362597101058811,1.7987149566890284,0.3007576,,-0.2268675936733909,-0.0143290846396615,198917278.3065368,0.1,0,0,UNRESEARCHED
069510.KQ,ESTec Corporation,KR,Consumer Discretionary,108236701696.0,1.7985320020950066,1.1922603096880244,1.7985320020950066,0.4373275658174919,,0.7040495753118375,0.405405238230283,125737440890.0,0.0,0,0,UNRESEARCHED
092230.KS,"KPX Holdings Co.,Ltd.",KR,Industrials,385798635520.0,1.5531577128681786,1.7971525302300826,1.7971525302300826,0.2935025148444605,1.287786214848024,-0.2309652103056119,0.297215034167225,367896842660.0,0.1,0,0,UNRESEARCHED
092440.KS,Kishin Corporation,KR,Industrials,57815998464.0,1.7971271051765016,0.7363763336406743,1.7971271051765016,0.2476314343598497,,0.1605411895653347,-0.0001625228558984,44724553000.0,0.1,0,0,UNRESEARCHED
SPOT.V,GoldSpot Discoveries Corp.,CA,Information Technology,44440964.0,,1.7956725873108828,1.7956725873108828,0.61403507,1.5,-0.0137992986758874,,71493392.0,0.053,0,0,UNRESEARCHED
SNEX,Stonex Group Inc.,US,,8487799808.0,-1.138742237347956,1.7913618697778133,1.7913618697778133,2.969073,19.226776,0.4517405957249845,-0.0575987712262138,1527400000.0,0.2,0,0,UNRESEARCHED
088790.KS,"Jindo.Co., Ltd.",KR,Consumer Discretionary,28318617600.0,1.7869104941760998,-0.0015606538348862,1.7869104941760998,0.3134210219709813,9.402110321004145,0.0041181865459421,0.1040900522459133,25522734850.0,0.1,0,0,RED
NPWR,Net Power Inc.,US,Energy,168998096.0,1.675463099253798,1.7864383168640217,1.7864383168640217,2.023305,,-0.9693422344829258,,133146000.0,0.1,0,0,UNRESEARCHED
0243.HK,QPL International Holdings Limited,HK,Information Technology,154188288.0,1.7834467367077638,0.9385659485398102,1.7834467367077638,0.3594507,1.5344828,0.0337276648853242,0.0030563798219584,141054000.0,0.004,0,0,UNRESEARCHED
BMSR.JK,PT Bintang Mitra Semestaraya Tbk,ID,Industrials,373262385152.0,1.7807833525810064,0.0136836634307338,1.7807833525810064,0.43369865,3.2512116,0.1421616265013991,0.1690784377758457,4790355035.0,0.1,0,0,RED
ACX.DE,bet-at-home.com AG,DE,Consumer Discretionary,22387420.0,0.7259855290614163,1.7755876069397771,1.7755876069397771,0.88611114,27.5379898503706,0.0378700216700679,0.2518842693897398,37134000.0,0.1,0,0,UNRESEARCHED
BCYC,Bicycle Therapeutics plc,UK,Health Care,270172480.0,1.7312691640760154,1.7674389833589703,1.7674389833589703,0.528116,,,,528565000.0,0.011,0,0,UNRESEARCHED
009680.KS,Motonic Corporation,KR,Consumer Discretionary,225416839168.0,1.715254960242424,1.75985654633846,1.75985654633846,0.4671964590343672,8.825872416265865,0.1828184430168729,0.381835827824269,387846852560.0,0.1,0,0,UNRESEARCHED
000906.SZ,"Zheshang Development Group Co.,Ltd",CN,Industrials,4421201408.0,1.7545179712530876,-2.812424232640774,1.7545179712530876,0.9270834,21.48276,,0.0895293281660417,-6998138751.380001,0.1,0,0,UNRESEARCHED
053620.KQ,TAEYANG Corporation,KR,Consumer Staples,54373842944.0,1.7536946623858922,1.6954160791594144,1.7536946623858922,0.2814788052098287,3.068600372457581,0.2011455849232963,0.2120412523294596,95290653590.0,0.1,0,0,UNRESEARCHED
5GI.SI,Interra Resources Limited,SG,Energy,22789228.0,1.7522210206006694,1.7519470276630158,1.7522210206006694,0.71183336,,0.0214716451277712,-0.140520010896653,40118428.41021646,0.22,0,0,UNRESEARCHED
047820.KQ,"Chorokbaem Media Co., Ltd.",KR,Communication Services,77776445440.0,1.329498555201461,1.7496763814631997,1.7496763814631997,0.4029878150146366,22.6593833284909,0.1509050592553209,0.064246369850017,132451875410.0,0.1,0,0,UNRESEARCHED
214180.KQ,"Minwise Co., Ltd",KR,Information Technology,181580873728.0,0.5526628137487479,1.7495513550158408,1.7495513550158408,0.9486322725013556,6.115438775143901,0.3704623266917117,-0.3859225311566111,367092485310.0,0.1,0,0,UNRESEARCHED
6838.HK,Winox Holdings Limited,HK,Consumer Discretionary,133800000.0,1.7443055555555556,1.2145833333333331,1.7443055555555556,0.14651775,,0.4553888888888889,-0.078367224011631,174900000.0,0.1,0,0,UNRESEARCHED
SSSC.BK,Siam Steel Service Center Public Company Limited,TH,Materials,1484795008.0,1.7384322831138803,0.4792174095008641,1.7384322831138803,0.43864623,7.0303025,0.4262238465711886,0.0819823895557892,662468000.0,0.1,0,0,UNRESEARCHED
5753.T,"Nippon Shindo Co., Ltd.",JP,Materials,5220696064.0,1.737098612985375,-0.4977118685221435,1.737098612985375,1.19659,7.036898,-0.2027890451282486,0.1074023614895549,-980000000.0,0.1,0,0,UNRESEARCHED
0403.HK,Starlite Holdings Limited,HK,Consumer Discretionary,110139320.0,1.7355291461759523,0.6976029064160465,1.7355291461759523,0.21847071,,-0.413921204525323,-0.0423150863849155,84014000.0,0.1,0,0,UNRESEARCHED
1568.HK,Sundart Holdings Limited,HK,Industrials,1406235392.0,1.734924031034927,1.2782780643740066,1.734924031034927,0.37391302,4.964436079841658,-0.0696017281229307,0.18463464477704,1922971000.0,0.1,0,0,UNRESEARCHED
6222.T,"Shima Seiki Mfg.,Ltd.",JP,Industrials,31850518528.0,1.7295902283419498,0.1397579029677824,1.7295902283419498,0.38505164,36.765858,-0.0278802368388242,-0.0220272779663187,4257000000.0,0.171,0,0,UNRESEARCHED
0889.HK,Datronix Holdings Limited,HK,Information Technology,123200000.0,1.7270583333333334,1.1738916666666668,1.7270583333333334,0.17050487,,-0.1282166666666666,-0.0460347658945469,140867000.0,0.1,0,0,UNRESEARCHED
MOMO,Hello Group Inc.,US,Communication Services,723205632.0,0.0044921351122809,1.7199722892976617,1.7199722892976617,0.46039647,4.389361548794659,0.2094380126436537,0.2348463080095877,2455206.9696965925,0.18,0,0,UNRESEARCHED
3348.HK,China PengFei Group Limited,HK,Industrials,680000000.0,,1.7192787465221075,1.7192787465221075,0.56547403,4.099453074018308,0.2238999653955031,0.4665833771699105,1222802973.143683,0.1,0,0,UNRESEARCHED
8319.HK,Expert Systems Holdings Limited,HK,Information Technology,84344400.0,0.7050725645542929,1.7172023549600484,1.7172023549600484,0.47727272,24.09138743724813,-0.0057265212628224,0.3110242247947899,92200000.0,0.1,0,0,UNRESEARCHED
1786.HK,CRCC High-Tech Equipment Corporation Limited,HK,Industrials,1079117568.0,,1.712481111491004,1.712481111491004,0.14562407,6.475523308915008,0.0261472718142236,0.0305686544865976,2019967274.7426207,0.021,0,0,UNRESEARCHED
052330.KQ,Kortek Corporation,KR,Information Technology,151051141120.0,1.7089291314848678,0.5518783938959001,1.7089291314848678,0.3869141557375681,3.167993213205451,0.1796768954819155,0.1604331242358976,82853114400.0,0.216,0,0,GREEN
6771.T,"Ikegami Tsushinki Co., Ltd.",JP,Information Technology,4423513600.0,1.704388453589775,-1.1743652149734425,1.704388453589775,0.3187842,11.249361,0.0852263684687213,0.0224430358060647,-4859000000.0,0.053,0,0,UNRESEARCHED
6943.T,"NKK Switches Co., Ltd.",JP,Industrials,4565673984.0,1.7030637822060062,0.8588832409367064,1.7030637822060062,0.32330617,7.2937382169595475,-0.2368736803788397,0.0277450534560935,3494000128.0,0.22,0,0,UNRESEARCHED
5921.T,"Kawagishi Bridge Works Co., Ltd.",JP,Materials,12069892096.0,1.699789572822347,0.533690357404227,1.699789572822347,0.40349883,10.627727,-0.0040041872357002,0.0813709659708529,3274839000.0,0.22,0,0,UNRESEARCHED
252500.KQ,Sewha P&C INC.,KR,Consumer Staples,18336985088.0,1.698494308992363,1.2179954335346066,1.698494308992363,0.7414700628243558,16.136877402674493,0.0704383452844143,0.0020343528454956,25113528320.0,0.079,0,0,UNRESEARCHED
352700.KQ,"Cntus-Sungjin Co.,Ltd",KR,Industrials,36433068032.0,1.4971864893752969,1.6972634372328776,1.6972634372328776,0.3011425864323368,,-0.3341381011148328,-0.0665066614831192,53421389824.0,0.22,0,0,UNRESEARCHED
093920.KQ,"SEOWONINTECH.Co.,Ltd",KR,Industrials,90116997120.0,1.6948029804163105,1.504835592613863,1.6948029804163105,0.4313482319031814,,-0.0222779296019386,0.0403701477344272,134211772480.0,0.0,0,0,UNRESEARCHED
LKFT,Lakefront Biotherapeutics American Depositary Shares,BE,,1758263424.0,,1.6937576562738472,1.6937576562738472,9.299113,2.5637673902275826,-0.1663386108701237,,4572444654.509056,0.063,0,0,UNRESEARCHED
108230.KQ,"TOPTEC Co., Ltd",KR,Industrials,120601796608.0,1.604240879513002,1.691673975578749,1.691673975578749,0.3673607497009257,,0.3132295203925193,-0.0509331275431391,171351237470.0,0.12,0,0,UNRESEARCHED
311390.KQ,"Neo Cremar Co., Ltd.",KR,Consumer Staples,30658508800.0,1.689275859588578,1.0831201095798326,1.689275859588578,0.5791575603148091,15.641824784955348,0.3814599378080161,0.164832731540907,32866614270.0,0.1,0,0,YELLOW
2878.HK,Solomon Systech (International) Ltd.,HK,Information Technology,606953792.0,1.6872136486888212,1.3167561471913682,1.6872136486888212,0.5533197,,-0.0493994981433589,0.1084177278652361,799210136.677111,0.071,0,0,UNRESEARCHED
0929.HK,IPE Group Limited,HK,Industrials,568217280.0,1.686999206977197,0.5612694037649869,1.686999206977197,0.29284167,54.000004,0.0149952804616375,0.0298627512541504,275499000.0,0.1,0,0,UNRESEARCHED
MCAS.JK,PT M Cash Integrasi Tbk,ID,Industrials,234088710144.0,1.685606428487111,-1.2305406743549323,1.685606428487111,1.5733625,,-0.6563118399408971,-0.0942112298211222,-220656542710.0,0.1,0,0,UNRESEARCHED
089140.KQ,"NexturnBioscience Co., Ltd",KR,Industrials,32073926656.0,1.6846926509982825,-1.4538719170497494,1.6846926509982825,0.2682085752952704,,-0.0578004483168947,0.0316498747869678,-53541861400.0,0.0,0,0,UNRESEARCHED
6986.T,Futaba Corporation,JP,Information Technology,30962950144.0,1.6843649480362537,1.211150982979056,1.6843649480362537,0.37184244,19.281828849104585,0.0267179029631159,-0.0476150714956685,33083000000.0,0.058,0,0,UNRESEARCHED
2386.HK,"SINOPEC Engineering (Group) Co., Ltd.",HK,Industrials,24227840000.0,,1.6839765226004475,1.6839765226004475,0.64989513,10.6441537105247,0.1970145509137191,0.2570262672701663,43047581752.88567,0.153,0,0,UNRESEARCHED
GLH.F,Goldlion Holdings Limited,HK,Consumer Discretionary,74012144.0,,1.6784081909645812,1.6784081909645812,0.15102227,,0.1202818072676728,,1519048.0658665174,0.1,0,0,UNRESEARCHED
SPOFF,EarthLabs Inc.,US,Information Technology,33577620.0,,1.6758748822840694,1.6758748822840694,0.6270688,1.5653703374902632,-0.0128786830112987,,26299954.28583235,0.053,0,0,UNRESEARCHED
RAJESHEXPO.NS,Rajesh Exports Limited,IN,Consumer Discretionary,23118856192.0,1.67408252051296,0.6917837828644079,1.67408252051296,0.13401453,13.688812,,0.0242765221329857,19847900000.0,0.1,0,0,RED
DSWL,"Deswell Industries, Inc.",US,Information Technology,49244240.0,1.5920643713863794,1.6719518871648744,1.6719518871648744,0.45018876,4.6268654,0.0957269317183085,0.0447916525876167,28133000.0,0.22,0,0,UNRESEARCHED
KBLI.JK,PT KMI Wire and Cable Tbk,ID,Industrials,1362459885568.0,1.665619438869802,0.0497400406490529,1.665619438869802,0.46944535,6.2951307,-0.0171112969894451,0.0903435450582904,306815858000.0,0.1,0,0,UNRESEARCHED
002795.KS,AMOREPACIFIC Group,KR,Consumer Staples,987300888576.0,,1.662951854056654,1.662951854056654,,7.132698818974598,0.4205481977660431,0.2224097545683943,1640341209088.0,0.0,0,0,UNRESEARCHED
NEON,Neonode Inc.,SE,Information Technology,14686737.0,1.6218378295595353,1.662760837238258,1.662760837238258,0.7074374,1.8231251,-0.729957088253384,,22266000.0,0.184,0,0,UNRESEARCHED
1556.HK,Chinney Kin Wing Holdings Limited,HK,Industrials,375000000.0,0.8364551724137931,1.6592252873563218,1.6592252873563218,0.4180602,2.7777777,0.4773494252873563,1.024372059219718,721763000.0,0.1,0,0,UNRESEARCHED
ALFREDHE.BO,Alfred Herbert (India) Limited,IN,Industrials,2198534144.0,0.0897334888195568,1.6520590222693217,1.6520590222693217,0.3832527,5.976089704590173,-0.0165984663074278,1.0275780908603682,630138000.0,0.1,0,0,UNRESEARCHED
J2T.SI,Hock Lian Seng Holdings Limited,SG,Industrials,140688624.0,1.6520072613475811,0.4482465601290848,1.6520072613475811,0.6043956,12.000001,-0.7211725892217108,0.088100762346702,65907000.0,0.22,0,0,UNRESEARCHED
066620.KQ,"Kukbo Design Co., Ltd.",KR,Industrials,173903183872.0,1.1309450532404546,1.6472214549082222,1.6472214549082222,0.4726214978968569,1.590323245015118,0.3922722041839523,0.8087673773816146,257487379730.0,0.1,0,0,UNRESEARCHED
IGAR.JK,PT Champion Pacific Indonesia Tbk,ID,,432345776128.0,1.6468611399551218,1.1048008254078012,1.6468611399551218,0.6041536,6.3366876,0.149728231439858,0.4362067588625837,459205708018.0,0.22,0,0,UNRESEARCHED
024070.KS,"Wiscom Co.,Ltd.",KR,Materials,30070470656.0,1.6433220229401426,1.1651556774539369,1.6433220229401426,0.3272602159329922,9.255159030593674,-0.0889261069651517,,33036720128.0,0.1,0,0,UNRESEARCHED
MYPS,PLAYSTUDIOS Inc.  Class A Common Stock,US,Information Technology,58871488.0,1.1213730812266631,1.643073531506498,1.643073531506498,0.2966707,,0.2088112286937462,-0.2369151484232462,103677000.0,0.346,0,0,UNRESEARCHED
6100.HK,Tongdao Liepin Group,HK,Industrials,1051752896.0,,1.6425589822441835,1.6425589822441835,0.3498656,6.295008777904625,0.3164514479457069,0.0810608307748017,2873204504.469703,0.214,0,0,UNRESEARCHED
ESON.LS,"Estoril Sol, SGPS, S.A.",PT,Consumer Discretionary,33407136.0,-3.22104902976418,1.6418285961418542,1.6418285961418542,0.3819397,,0.2672673287527551,0.1369587621777603,68560989.0,0.1,0,0,RED
600104.SS,SAIC Motor Corporation Limited,CN,Consumer Discretionary,134724657152.0,0.1951638346285081,1.640305271903241,1.640305271903241,0.44818357,14.469136,0.2815266433787464,0.1465231601709225,104930109550.81,0.1,0,0,UNRESEARCHED
0716.HK,Singamas Container Holdings Limited,HK,Consumer Discretionary,1024348608.0,1.6399292610129226,0.2252437385250023,1.6399292610129226,0.23532626,13.279298256163276,-0.5375033822868561,0.0666486002058625,1052288513.9934348,0.1,0,0,UNRESEARCHED
SFG1T.TL,AS Silvano Fashion Group,EE,Consumer Discretionary,40140000.0,1.6381057268722468,0.9555066079295156,1.6381057268722468,0.4927088,5.309524,0.2672566371681416,0.2765996925197476,39042000.0,0.063,0,0,UNRESEARCHED
TENX,"Tenax Therapeutics, Inc.",US,Health Care,69608488.0,1.3370219166308552,1.6363095434861656,1.6363095434861656,0.6128047187252399,,-0.6340914900884819,,118800000.0,0.357,0,0,UNRESEARCHED
020000.KS,HANDSOME Corp.,KR,Consumer Discretionary,328812789760.0,1.6354015157247024,0.1582074982896545,1.6354015157247024,0.3374358036612335,6.016137167975295,0.2414937858622466,0.0514965032315897,17989443000.0,0.1,0,0,UNRESEARCHED
290520.KQ,"Shindo Eng. Lab., Ltd.",KR,Industrials,25083445248.0,1.6273921813938068,1.3429111400270133,1.6273921813938068,0.5518445903460126,,-0.335344029384349,0.0554878902107349,30853114688.0,0.1,0,0,UNRESEARCHED
LKSGF,Luks Group (Vietnam Holdings) Company Limited,US,Materials,49757144.0,,1.625266239847003,1.625266239847003,0.1700069,34.45405217365124,,,80868606.33440587,0.1,0,0,UNRESEARCHED
0927.HK,Fujikon Industrial Holdings Limited,HK,Information Technology,219732144.0,1.624321803996252,0.9292774022014658,1.624321803996252,0.40451553,,-0.2986524619113636,0.1278875025164587,246930000.0,0.1,0,0,YELLOW
ADIL,"Adial Pharmaceuticals, Inc.",US,Health Care,17704904.0,0.2720090272917965,1.621697581641787,1.621697581641787,0.5606406797893587,,-0.5027947662894224,,28712000.0,0.14,0,0,UNRESEARCHED
EDELPA.SN,Envases del Pacifico S.A.,CL,Consumer Discretionary,24656834560.0,0.1338580178233551,1.6166957208637167,1.6166957208637167,0.8560838,,0.0313588509554407,-0.0419855764210472,-4107397000.0,0.1,0,0,UNRESEARCHED
2348.HK,Dawnrays Pharmaceutical (Holdings) Limited,HK,Health Care,1495840256.0,1.497293385001112,1.6148754443581474,1.6148754443581474,0.37324485,5.548496116115056,0.2116964636477932,0.132643076741945,2330398076.811809,0.1,0,0,UNRESEARCHED
128540.KQ,"Ecocab Co., Ltd.",KR,Industrials,29084391424.0,1.612032237648792,0.401377404043142,1.612032237648792,0.355401412110521,3.0757604361326174,0.9480073073094512,-0.0729316491075694,13040457728.0,0.1,0,0,UNRESEARCHED
1335.HK,Sheen Tai Holdings Group Company Limited,HK,Consumer Discretionary,226374656.0,1.6118588822946682,1.215948803032085,1.6118588822946682,0.3647059,,0.0645139442848363,-0.2172518432909155,287192000.0,0.1,0,0,UNRESEARCHED
TTT.BK,Toray Textiles (Thailand) Public Company Limited,TH,Consumer Discretionary,2718479872.0,1.607420968574157,0.7897452630916145,1.607420968574157,0.37471995,12.303665,0.2702410140560656,0.0163074312287452,1815735000.0,0.1,0,0,UNRESEARCHED
037460.KQ,"Samji Electronics Co., Ltd.",KR,Information Technology,438484336640.0,1.6002045926896988,-1.6305854912322235,1.6002045926896988,1.0666135323674906,2.2053885773818456,,0.3458533114700554,-762343931904.0,0.22,0,0,UNRESEARCHED
2877.HK,China Shineway Pharmaceutical Group Limited,HK,Health Care,6005429760.0,,1.5996898531615902,1.5996898531615902,0.63750666,4.067700679167128,0.2153375486044041,0.863750843833368,11237903821.57632,0.1,0,0,UNRESEARCHED
BJCHI.BK,BJC Heavy Industries Public Company Limited,TH,Industrials,1338010624.0,1.596793885038916,0.4102819653473083,1.596793885038916,0.43433827,265.8538095046321,0.1105642935128986,-0.0320273023652447,535888891.17,0.1,0,0,YELLOW
YQ,17 Education & Technology Group Inc.,US,Consumer Staples,41263544.0,0.00276500217891,1.5951071875392335,1.5951071875392335,1.1588418,,0.0003412963868328,,113804.85992601298,0.026,0,0,UNRESEARCHED
120030.KS,"CHOSUN WELDING POHANG Co., Ltd",KR,Industrials,77639778304.0,1.594783472149066,1.423102338116911,1.594783472149066,0.5145270064046606,7.344049389691096,0.1999107056150671,0.3043400596566351,122373652250.0,0.22,0,0,UNRESEARCHED
INS.F,Instone Real Estate Group SE,DE,,292860608.0,1.5943377226704651,-0.5710660920130146,1.5943377226704651,0.4806257,6.1454544,0.0953736297761498,0.2347102635888225,249442000.0,0.026,0,0,UNRESEARCHED
UTSI,Utstarcom Holdings Corp.,US,Information Technology,22026334.0,1.4594802748382911,1.593348819058671,1.593348819058671,0.6939874,,-0.4196794618659646,,33814000.0,0.22,0,0,UNRESEARCHED
MJS.V,Majestic Gold Corp.,CA,Materials,156352704.0,,1.5929256873666031,1.5929256873666031,0.5320235,17.334718409518818,0.1627984485454658,0.2132456570703934,-38414989.88452331,0.023,0,0,UNRESEARCHED
9885.T,"Charle Co.,Ltd.",JP,Consumer Discretionary,4913205760.0,1.5912944106058486,1.0474665561004126,1.5912944106058486,0.38755605,,-0.2601153019897135,-0.0884671800513384,5343000000.0,0.22,0,0,UNRESEARCHED
CCS,"Century Communities, Inc.",US,Industrials,1709954560.0,1.5899015910459686,-0.8815556240456036,1.5899015910459686,0.666445,13.217582,0.0258286081364502,0.0258578602001868,-226304000.0,0.155,0,0,UNRESEARCHED
BCAP.JK,PT MNC Kapital Indonesia Tbk,ID,,2130942623744.0,-4.384606556690875,1.5886054191605878,1.5886054191605878,0.46965998,7.374631,-0.0628839080446767,1.2820604777055402,3385227000000.0,0.1,0,0,UNRESEARCHED
002870.KS,"Shinpoong Paper Mfg. Co., Ltd",KR,Consumer Discretionary,30144540672.0,1.587044902531586,1.2508949117488233,1.587044902531586,0.3950929612495005,3.5250895025660154,0.0969108673368503,0.0006957155863385,36806550920.0,0.205,0,0,UNRESEARCHED
MJGCF,Majestic Gold Corp.,US,Materials,112858232.0,,1.5812384514405649,1.5812384514405649,0.5328859,17.462842629859466,0.1616040024444118,0.2132456570703934,-27525196.0,0.023,0,0,UNRESEARCHED
004970.KS,"Silla Co.,Ltd",KR,Consumer Staples,146011242496.0,1.580890423763387,0.9998075226238018,1.580890423763387,0.2379054451581299,3.1031907889873294,-0.0636145553785978,0.0421503343276037,144247129290.0,0.1,0,0,UNRESEARCHED
1316.TW,"Sun Yad Construction Co.,Ltd",TW,Consumer Discretionary,3884773376.0,1.5775482461341666,-0.9360736389341772,1.5775482461341666,0.8907018,,-0.3052309324722884,0.168594621259234,-3395709000.0,0.035,0,0,UNRESEARCHED
BON,Bon Natural Life Limited,US,Health Care,11292471.0,1.5742201210667648,-0.5216282858560294,1.5742201210667648,0.1962178552885908,,-0.872689688554436,-0.0305063247604311,4341550.0,0.003,0,0,UNRESEARCHED
VTY.L,Vistry Group PLC,UK,Industrials,841102720.0,1.568262023582453,-0.2722804961167744,1.568262023582453,0.25477442,6.305667,0.1962037747502633,0.0804059547506237,-242300000.0,0.122,0,0,UNRESEARCHED
198080.KQ,"NPD Co., Ltd",KR,Information Technology,46946701312.0,1.5550186982487462,0.4022659174096175,1.5550186982487462,0.4520751625653389,2.295434258164563,0.6439578402077674,0.2154868992882972,18668481770.0,0.1,0,0,UNRESEARCHED
CN6.F,BII Railway Transportation Technology Holdings Company Limited,CN,Information Technology,39845788.0,,1.5539602378881523,1.5539602378881523,0.123023376,6.323330744123834,0.5438391658930081,0.0735415120356334,49582543.00031827,0.1,0,0,UNRESEARCHED
023000.KS,"Samwonsteel Co., Ltd.",KR,Materials,88620105728.0,1.5530812129995468,0.8988195171147848,1.5530812129995468,0.3465545655474225,7.749506595873783,0.1654744550722191,,75724382208.0,0.1,0,0,UNRESEARCHED
S19.SI,Singapore Shipping Corporation Limited,SG,Industrials,121977088.0,0.7884078218985723,1.5530514912386093,1.5530514912386093,0.67009014,5.771608831177315,0.2355565129475746,0.2663882246995621,170177888.95664638,0.1,0,0,UNRESEARCHED
005870.KS,Huneed Technologies,KR,Information Technology,59954442240.0,1.5505460655330032,0.6569545109041575,1.5505460655330032,0.5237767854148451,2.161132616114592,-0.3939001072594434,-0.0565885104682492,9783066180.0,0.086,0,0,UNRESEARCHED
S71.SI,Sunright Limited,SG,Information Technology,50350460.0,1.545864724969742,1.4121793983292836,1.545864724969742,0.6972789,,0.0323730905338302,,71971000.0,0.1,0,0,GREEN
ACET,"Adicet Bio, Inc.",US,Health Care,89121392.0,1.5426541060668089,1.1733112720754413,1.5426541060668089,0.8529702,,,,36245000.0,0.496,0,0,UNRESEARCHED
0771.HK,Automated Systems Holdings Limited,HK,Information Technology,621177856.0,1.0964440469046168,1.5419464920526722,1.5419464920526722,0.31786942,7.4,-0.121481312689599,0.0584531568391864,607646000.0,0.1,0,0,UNRESEARCHED
CKDXF,Opthea Limited,AU,Health Care,13679781.0,,1.5404694201462472,1.5404694201462472,0.6295207,,-0.6413106429828386,1.062340452243782,8320850.290623486,0.065,0,0,UNRESEARCHED
XBIT,XBiotech Inc.,US,Health Care,66768136.0,1.4964035115602403,1.539456945925633,1.539456945925633,0.51969624,,-0.6120196301904557,,115459000.0,0.061,0,0,UNRESEARCHED
014570.KQ,"Korean Drug Co., Ltd.",KR,Health Care,36700110848.0,1.53849275908906,0.91460965287107,1.53849275908906,0.4577384913211642,25.13370454679728,0.285107551365251,0.1744103613951987,34457416500.0,0.1,0,0,UNRESEARCHED
HMVL.NS,Hindustan Media Ventures Limited,IN,Communication Services,5886356992.0,0.8036889380697623,1.5353204432072445,1.5353204432072445,0.3708259,3.4499137,0.0540649792705699,0.1333079479368596,9759900000.0,0.1,0,0,UNRESEARCHED
00806K.KS,"Daeduck Co.,Ltd.",KR,Information Technology,332581863424.0,1.5322368689507042,1.0120209548169536,1.5322368689507042,0.8024502801984631,9.173474542722492,0.1982019773674833,0.4630920899766248,349238118540.0,0.12,0,0,UNRESEARCHED
8904.T,"Avantia Co.,Ltd.",JP,Industrials,11834810368.0,1.529313070460661,-2.022900777894886,1.529313070460661,0.42534536,8.873424,0.1662045219852905,0.0285150594146171,-24263377000.0,0.089,0,0,UNRESEARCHED
000700.KS,"Eusu Holdings Co., Ltd.",KR,Industrials,171094704128.0,1.5259475854698177,1.36907077804547,1.5259475854698177,0.4231442442328305,11.095565249795644,0.1837489221292608,0.2584909716396525,193952767200.0,0.1,0,0,YELLOW
0623.HK,SinoMedia Holding Limited,HK,Communication Services,967134080.0,,1.5218564684338522,1.5218564684338522,0.42375004,1.9944738629540808,0.0518977421651165,0.0550539829435916,1129881970.2810056,0.1,0,0,UNRESEARCHED
6335.T,"Tokyo Kikai Seisakusho, Ltd.",JP,Industrials,4577596928.0,1.1013969175881158,1.5210330259944216,1.5210330259944216,0.5142001,4.4128876,0.147814492058502,0.6496338864575353,8250999744.0,0.22,0,0,UNRESEARCHED
CAZ.BK,CAZ (Thailand) Public Company Limited,TH,Industrials,723236736.0,-0.2429917663188572,1.5161992213846835,1.5161992213846835,1.2325221,,,,639718000.0,0.1,0,0,UNRESEARCHED
7129.KL,Asia File Corporation Bhd.,MY,Consumer Staples,248058400.0,,1.512774984852426,1.512774984852426,0.3405251,43.666664,0.0918393088079258,0.0169498415943363,372392000.0,0.1,0,0,UNRESEARCHED
BDA.SI,PNE Industries Ltd,SG,Information Technology,31888368.0,1.5126365970085698,0.7037675932490494,1.5126365970085698,0.48469388,,0.0871791243753835,0.0161374703207372,16625000.0,0.1,0,0,UNRESEARCHED
3396.T,Felissimo Corporation,JP,Consumer Discretionary,6146791936.0,1.1336625306404484,1.510085797148186,1.510085797148186,0.31528476,17.133215,0.0484301255757608,0.0225187656380316,8938000000.0,0.084,0,0,UNRESEARCHED
MANO.L,Manolete Partners Plc,UK,Industrials,18034246.0,1.1832444471803596,1.5079528160878697,1.5079528160878697,0.42355373,20.5,0.0517064649053591,0.0693196996914006,19329000.0,0.096,0,0,UNRESEARCHED
2326.HK,New Provenance Everlasting Holdings Limited,HK,Materials,210840720.0,1.5073369129075256,-0.1424677358339508,1.5073369129075256,0.5263158,,0.0023382579987395,-0.1205294089641929,6365000.0,0.098,0,0,UNRESEARCHED
088910.KQ,"Dongwoo Farm To Table Co.,Ltd",KR,Consumer Staples,53501267968.0,1.5061576926072588,0.7513014841923521,1.5061576926072588,0.2358961702739243,5.03101201892857,0.4457480041025641,0.1969791468093828,43480798920.0,0.1,0,0,GREEN
1999.F,Saita Corporation,JP,Industrials,2112014208.0,,1.505687787494278,1.505687787494278,0.33716702,4.2933307,0.1979939331923282,0.0697887652085724,3180034000.0,0.1,0,0,UNRESEARCHED
000521.SZ,"Changhong Meiling Co., Ltd.",CN,Information Technology,4614058496.0,0.0518245771196869,1.505143657349595,1.505143657349595,0.7680439,89.6,-0.1227244927369035,-0.1810144254258505,8495003444.59,0.084,0,0,UNRESEARCHED
200625.SZ,Chongqing Changan Automobile Company Limited,CN,Consumer Discretionary,32415201280.0,,1.5045240329522225,1.5045240329522225,0.364986,10.754480495556011,-0.2012284630158316,0.1667417942546629,57009513949.08231,0.043,0,0,UNRESEARCHED
HKIT,Hitek Global Inc.,US,Information Technology,21940138.0,1.5042900900357574,0.8356571156187551,1.5042900900357574,0.5554291,121.79357395832184,-0.0700017930607364,-0.0552935888976688,3611999.0,0.142,0,0,UNRESEARCHED
RNA,"Atrium Therapeutics, Inc.",US,Health Care,177214464.0,1.2839166508664,1.5033938792327015,1.5033938792327015,0.82589287,,-0.4120796940755054,,267849000.0,0.011,0,1,UNRESEARCHED
065690.KQ,"PAKERS.Co.,Ltd.",KR,Information Technology,21905453056.0,1.500558043799628,1.1899148201667449,1.500558043799628,0.3281872594745741,19.29357877007367,-0.3176099113656752,-0.0892836333565368,23000472110.0,0.1,0,0,UNRESEARCHED
011370.KQ,"SEOHAN Const. & Eng.co.,Ltd",KR,Industrials,76643516416.0,1.4994654759978596,-3.2335543332590704,1.4994654759978596,0.1692860559906133,3.91492415152541,0.6264975125798904,0.055011088328621,-290681751060.0,0.219,0,0,UNRESEARCHED
031510.KQ,Austem Company Ltd.,KR,Industrials,28050620416.0,1.4994294361487726,0.6393837452553641,1.4994294361487726,0.3574623360623071,2.3997769158618065,0.7518871824617769,0.3951526155139258,17630309530.0,0.204,0,0,YELLOW
AMRN,Amarin Corp Plc\Uk,US,Health Care,295191616.0,1.4923886632521235,1.0602900775780213,1.4923886632521235,0.6616324,,0.053215613814683,-0.1683575549907395,121676000.0,0.215,0,1,UNRESEARCHED
600742.SS,"Changchun FAWAY Group Automobile Components Co., Ltd.",CN,,5610086912.0,0.6126142786459698,1.4923104916278134,1.4923104916278134,0.65464324,14.803923,0.2031337854120659,,8660298495.09,0.1,0,0,UNRESEARCHED
8165.T,"Senshukai Co., Ltd.",JP,Consumer Discretionary,4771125248.0,1.4922609080703393,1.1955251290858588,1.4922609080703393,0.27769762,0.79812205,,0.3922359950033631,6631000000.0,0.053,0,0,YELLOW
BDU.SI,Federal International (2000) Ltd,SG,Energy,33056860.0,1.3356487924463667,1.4919936369092817,1.4919936369092817,0.51310045,44.6878601017796,0.2597818320082902,0.1294974761916602,32354000.0,0.1,0,0,YELLOW
010400.KS,"Woojin I&S Co., Ltd.",KR,Industrials,29372325888.0,1.491799032773925,0.1436000012640343,1.491799032773925,0.3375250132852561,6.907412410589747,-0.3606144143574413,0.1241985871496827,8000306490.0,0.1,0,0,UNRESEARCHED
BSBM.BK,Bangsaphan Barmill Public Company Limited,TH,Materials,728763776.0,1.4916701439708588,0.9106190353054358,1.4916701439708588,0.45806903,,-0.3289908480500368,-0.0542550760300587,612578000.0,0.1,0,0,UNRESEARCHED
2484.T,"Demae-Can Co.,Ltd",JP,Consumer Discretionary,17262815232.0,1.4888813435690362,1.4826378199382726,1.4888813435690362,0.77368087,,-0.2955285865065741,,24934000640.0,0.22,0,0,UNRESEARCHED
2132.HK,Landrich Holding Limited,HK,Industrials,254399984.0,1.4881954887218043,1.1900751879699247,1.4881954887218043,0.74647886,15.9,0.3547829341317365,0.2496753538963961,253248000.0,0.1,0,0,UNRESEARCHED
CRHHF,The Cross-Harbour (Holdings) Limited,HK,Industrials,380141760.0,,1.4873637777999442,1.4873637777999442,0.3566335,4.893076898313288,0.0157324963583555,0.0818302971909006,9045985.900206735,0.1,0,0,UNRESEARCHED
ATOS,"Atossa Therapeutics, Inc.",US,Health Care,25048038.0,1.4857345544327285,1.261261906096868,1.4857345544327285,0.9334325,,,,31718000.0,0.002,0,0,UNRESEARCHED
1118.HK,Golik Holdings Limited,HK,Materials,689253760.0,1.4851366487913875,0.6883632524543646,1.4851366487913875,0.43636367,4.615385,,0.1764657990370041,195187000.0,0.1,0,0,GREEN
049830.KQ,Seung Il Corporation,KR,Materials,37512790016.0,1.4849596947241774,0.8071104081967848,1.4849596947241774,0.276345455590419,11.818380951875948,0.2185098990031222,0.0243052588812773,33614581390.0,0.1,0,0,UNRESEARCHED
1447.HK,SFK Construction Holdings Limited,HK,Industrials,211999984.0,1.4832267419832044,-0.8217962354225011,1.4832267419832044,0.55966204,8.833333,-0.5151758877647491,0.0586925472311106,-281631000.0,0.1,0,0,UNRESEARCHED
900925.SS,"Shanghai Mechanical & Electrical Industry Co., Ltd.",CN,Industrials,1348767616.0,2.646476879309363e-12,1.4799931854825117,1.4799931854825117,0.6394457,13.086099634404878,0.0407104772199773,1.499909997046743,0.0046644808025354,0.004,0,0,UNRESEARCHED
ARA.MX,"Consorcio ARA, S. A. B. de C. V.",MX,Industrials,5772118528.0,1.4729304355844508,-0.0992356141719153,1.4729304355844508,0.35436282,5.1956525,0.1114388065455886,0.0660302248550619,-569182000.0,0.22,0,0,UNRESEARCHED
IDWM,"IDW Media Holdings, Inc.",US,Communication Services,11937185.0,1.4714524404204177,0.6869291210616238,1.4714524404204177,0.59398246,36.49220490309384,0.2363203720140049,-0.0558245083207261,8825000.0,0.0,0,0,UNRESEARCHED
TUGU.JK,PT Asuransi Tugu Pratama Indonesia Tbk,ID,,5013361393664.0,,1.4710040637446185,1.4710040637446185,0.5460196,5.4435954,0.0764602451032499,0.3029761994101783,6067108494000.0,0.1,0,0,GREEN
002290.KQ,"Samil Enterprise Co., Ltd.",KR,Industrials,41849999360.0,1.3551356471717928,1.470637602107338,1.470637602107338,0.6228983746058772,,0.7247773517561719,1.0910189605274916,66105159650.0,0.0,0,0,UNRESEARCHED
ECII.JK,PT Electronic City Indonesia Tbk,ID,,201670377472.0,1.1013381561335631,1.470231053823206,1.470231053823206,0.2056828,,0.0546789981812327,-0.1996006359164657,282212796097.0,0.1,0,0,UNRESEARCHED
ACWN.DE,A.S. Creation Tapeten AG,DE,Consumer Discretionary,18467552.0,1.4695021011078568,0.2458657437966203,1.4695021011078568,0.269824,,-0.0476511451003359,,4405000.0,0.1,0,0,UNRESEARCHED
0116.HK,Chow Sang Sang Holdings International Limited,HK,Consumer Discretionary,8691952640.0,1.469053352087314,-0.7475209762274023,1.469053352087314,0.5339826,2.928234100989373,0.0503801450224959,0.1056389637173384,-7277667000.0,0.22,0,0,UNRESEARCHED
8616.HK,Sunray Engineering Group Limited,HK,Industrials,87000000.0,1.467448275862069,0.6192758620689656,1.467448275862069,0.48876402,20.106208227443027,0.3460689655172413,-0.0731907789940489,18186000.0,0.1,0,0,UNRESEARCHED
8436.HK,Takbo Group Holdings Limited,HK,Consumer Staples,126000000.0,1.4665642857142858,1.4008357142857142,1.4665642857142858,0.48387095,15.75,0.04127272477135,0.1374406727663183,196117000.0,0.1,0,0,UNRESEARCHED
016090.KS,"Daehyun Co.,Ltd.",KR,Consumer Discretionary,62880882688.0,1.466245723785773,0.8684048357038525,1.466245723785773,0.2576898378573164,5.00272409981242,0.370113239060227,0.0669735459391449,46322284780.0,0.1,0,0,UNRESEARCHED
VIOT,"Viomi Technology Co., Ltd",US,Information Technology,102220264.0,0.0056726793296225,1.4650773485311968,1.4650773485311968,0.46148625,,0.0005843160346573,0.1613466618688619,337035.7309595929,0.125,0,0,UNRESEARCHED
045060.KQ,Okong Corporation,KR,Materials,35493437440.0,1.4635919064925802,1.0606146662314768,1.4635919064925802,0.3042839502667364,4.150628060787805,0.0161904343858333,0.0918061361069038,39531593130.0,0.078,0,0,UNRESEARCHED
BWY.L,Bellway p.l.c.,UK,Industrials,2221657856.0,1.4612635261237414,-0.0336975908109635,1.4612635261237414,0.6569392000000001,15.007575,0.0324982534124282,,-72000000.0,0.134,0,0,UNRESEARCHED
VARXF,BOE Varitronix Ltd,US,Information Technology,395517696.0,,1.4557658854607296,1.4557658854607296,0.6464021,10.41408083176118,0.1017759534353305,,0.5978519149926458,0.001,0,0,UNRESEARCHED
318010.KQ,"Pharmsville Co., Ltd.",KR,Consumer Staples,28130349056.0,1.4551165326791249,1.434086477954439,1.4551165326791249,0.4073382230189664,9.43549849932444,0.0499884470762797,0.1704152547530775,39510144380.0,0.1,0,0,UNRESEARCHED
METROGLOBL.BO,MetroGlobal Limited,IN,Information Technology,1660206976.0,1.4545564357587335,0.4357679494575393,1.4545564357587335,0.40666005,7.1901717,0.0814777885838032,0.0944617986313539,720240000.0,0.22,0,0,UNRESEARCHED
0833.HK,Alltronics Holdings Limited,HK,Information Technology,283834912.0,1.4543454048387112,0.749864432860277,1.4543454048387112,0.3992016,15.000001,0.3147119067981181,0.1515733955826612,196499000.0,0.1,0,0,YELLOW
0113.HK,Dickson Concepts (International) Limited,HK,Consumer Discretionary,2297052672.0,1.438564302411683,1.4540552187085591,1.4540552187085591,0.6222547,9.296875,0.1560904020523187,0.5884870987822092,3267066000.0,0.22,0,0,UNRESEARCHED
0852.HK,Strong Petrochemical Holdings Limited,HK,Energy,352478432.0,1.4531555791759765,-0.6971773637485995,1.4531555791759765,0.59074736,,,-0.0884184234368474,295272000.0,0.1,0,0,UNRESEARCHED
082850.KQ,"Wooree Bio Co.,Ltd",KR,Industrials,45979987968.0,1.45095572248465,0.3341513964635651,1.45095572248465,0.3965690214045791,,-0.0975813225309628,0.0042796735117616,27968030740.0,0.0,0,0,UNRESEARCHED
KPRX,Kiora Pharmaceuticals Inc.  Common Stock,US,Health Care,11481284.0,1.0280211374702726,1.450762765006284,1.450762765006284,0.6814601,,-0.7546158456854443,,10677169.0,0.008,0,0,UNRESEARCHED
7088.KL,Poh Huat Resources Holdings Bhd,MY,Consumer Discretionary,165607696.0,,1.4486864464228904,1.4486864464228904,0.3633721,,0.0444897138113678,-0.0828448364703277,245671539.0,0.1,0,0,UNRESEARCHED
7F7.F,Polimex-Mostostal S.A.,PL,Industrials,404568384.0,,1.4484178603105635,1.4484178603105635,0.5579171,261.6337764492869,0.0120068459317186,0.8868490071187711,7193940.687289163,0.22,0,0,UNRESEARCHED
UEIC,Universal Electronics Inc.,US,Information Technology,61655020.0,1.448069331489233,-0.0075137615531498,1.448069331489233,0.43189815,,0.1383695713671175,-0.101902335223796,29826000.0,0.168,0,0,YELLOW
PEW,Grabagun Digital Holdings Inc.,US,Consumer Discretionary,65814968.0,1.3286267188276422,1.4464543308068325,1.4464543308068325,0.64098877,,-0.2912052636508468,,98660000.0,0.513,0,0,UNRESEARCHED
7229.T,"Yutaka Giken Co.,Ltd.",JP,Consumer Discretionary,44528238592.0,1.4453768611449265,1.1600952686523012,1.4453768611449265,0.4088911,7.980772,-0.0099428287025673,,51656998912.0,0.1,0,0,UNRESEARCHED
6155.T,"Takamatsu Machinery Co., Ltd.",JP,Industrials,5816617984.0,1.4436212771989092,0.7324008740729273,1.4436212771989092,0.3569352,417.9271870742344,0.0758484549572254,-0.0080120652276369,5132000000.0,0.092,0,0,GREEN
0710.HK,BOE Varitronix Ltd,HK,Information Technology,2951854592.0,0.8315873890630974,1.4424361117457205,1.4424361117457205,0.61516225,8.704545,0.1050849759768003,0.7691819420633874,4093161000.0,0.001,0,0,UNRESEARCHED
7219.T,"HKS Co., Ltd.",JP,Consumer Discretionary,3499047680.0,1.4416312800758122,0.5726553168547742,1.4416312800758122,0.31448245,8.444884,0.0379449848438774,0.0568322361020753,1899226000.0,0.1,0,0,UNRESEARCHED
131090.KQ,"Secuve Co., Ltd.",KR,Information Technology,31430275072.0,1.4400189633450708,1.4125117131353433,1.4400189633450708,0.6199516180391726,7.313422792465233,0.1879949452254888,1.1030851278724367,37752469680.0,0.201,0,0,UNRESEARCHED
200570.SZ,"Changchai Company, Limited",CN,Industrials,1453726464.0,1.4382505285494778,1.391939526805084,1.4382505285494778,0.35128185,15.220099688159229,0.2007137064026483,0.086143813045774,2274974416.516718,0.003,0,0,UNRESEARCHED
RBKB,"Rhinebeck Bancorp, Inc.",US,Consumer Discretionary,204205728.0,,1.4377730065419003,1.4377730065419003,1.4263871,20.70431722833124,0.0622326852208734,,112904000.0,0.397,0,0,UNRESEARCHED
6390.T,"Kato Works Co.,Ltd.",JP,Industrials,14801644544.0,1.4368428032967058,-2.02649911457336,1.4368428032967058,0.35284856,3.31561,-0.0804640319837152,-0.0324143902575275,-27927000000.0,0.145,0,0,UNRESEARCHED
3389.HK,Hengdeli Holdings Limited,HK,Consumer Discretionary,1299185664.0,1.436291908731266,1.022313727813513,1.436291908731266,0.38542873,,0.0985155290821797,-0.0102620268817721,1460241594.8970797,0.1,0,0,RED
ARB.NZ,ArborGen Holdings Limited,NZ,Materials,36590280.0,1.434690929760753,-1.3346679924690883,1.434690929760753,0.13107051,,-0.032975622581557,-0.1333767078723433,-87794604.39366065,0.22,0,0,UNRESEARCHED
6049.T,ItoKuro Inc.,JP,Communication Services,5010911744.0,1.377132227665692,1.4332927332734238,1.4332927332734238,0.63220996,11.625865549450264,0.0829038485627938,0.1917423549494019,7327490000.0,0.22,0,0,UNRESEARCHED
TW.L,Taylor Wimpey plc,UK,Industrials,2692435200.0,1.4320519269394398,0.1066413540114414,1.4320519269394398,0.6659265584970111,11.117143,0.0677082219100389,0.0483286657588448,294700000.0,0.121,0,0,UNRESEARCHED
008470.KQ,"Booster Co., Ltd.",KR,Industrials,27921502208.0,1.431700193464518,0.9452847278833544,1.431700193464518,0.3544702711607668,,0.1079942661341293,0.0404429442280235,26815040520.0,0.1,0,0,UNRESEARCHED
CLRB,"Cellectar Biosciences, Inc.",US,Health Care,22685060.0,0.339142916093007,1.4310040176221708,1.4310040176221708,0.6629835,,-0.8722915534115716,,32462412.0,0.443,0,0,UNRESEARCHED
004780.KQ,"Daeryuk Can Co., Ltd.",KR,Materials,67270533120.0,1.426524829305157,-0.0469455054799691,1.426524829305157,0.4076467828133319,10.730987121080062,0.1969878245251147,0.1103090322496705,-2762359808.0,0.1,0,0,UNRESEARCHED
5PF.SI,Jason Marine Group Limited,SG,Information Technology,15696241.0,1.424569490233624,0.2213268769255008,1.424569490233624,0.68807346,15.000001,0.1356375708043728,0.0658852981338188,4024000.0,0.22,0,0,UNRESEARCHED
698.MU,Achilles Therapeutics plc,UK,Health Care,57915732.0,,1.4233093004850563,1.4233093004850563,0.63058144,,-0.8555361089107878,,109992334.82301693,0.016,0,0,UNRESEARCHED
015860.KS,"ILJIN Holdings Co., Ltd.",KR,Industrials,314541080576.0,1.335560245149289,1.4218260557521805,1.4218260557521805,0.7924089261512811,,-0.005506910035049,0.7500207963413947,342615472130.0,0.1,0,0,UNRESEARCHED
UCID.JK,PT Uni-Charm Indonesia Tbk,ID,,2140634742784.0,1.420530060184506,0.4802001272505037,1.420530060184506,0.4502579,1.574779,0.2509746323001611,-0.2425184178871941,1866891000000.0,0.1,0,0,UNRESEARCHED
046440.KQ,"KG Mobilians Co., Ltd",KR,Information Technology,151231365120.0,1.4170713154107049,-0.0449743182983427,1.4170713154107049,0.4319396739801563,,0.4296270372635438,0.0865655192530823,-6809633740.0,0.12,0,0,UNRESEARCHED
040300.KQ,"YTN Co.,Ltd.",KR,Communication Services,93971324928.0,0.5229717406699436,1.4163839119639836,1.4163839119639836,0.5790057077888011,1.9846087209010208,-0.0172639384540231,-0.1274693011774551,132964413696.0,0.1,0,0,UNRESEARCHED
4432.TWO,"Hakers Enterprise Co., Ltd.",TW,Consumer Discretionary,779070592.0,1.4157001470561112,1.1032006710044764,1.4157001470561112,0.4940014,3.2352939,0.2440138312909133,0.1281753111489457,926443000.0,0.1,0,0,UNRESEARCHED
ASEJF,APT Satellite Holdings Limited,HK,Communication Services,241428832.0,,1.4143867085224648,1.4143867085224648,0.3053443,14.15610000828163,0.1558499916584216,0.0496302355384492,5021557.222718106,0.1,0,0,UNRESEARCHED
SJ,Scienjoy Holding Corporation,US,Communication Services,29723938.0,0.0036653389098132,1.4132973513477,1.4132973513477,0.32101047,,0.0009592017955522,-0.2539564620337228,140736.7177031808,0.22,0,0,UNRESEARCHED
030960.KQ,"Yangjisa Co., Ltd.",KR,Consumer Discretionary,68279590912.0,,1.4128456603851924,1.4128456603851924,0.346927225837322,,-0.1180236549522711,-0.0283219401692223,93500259130.0,0.0,0,0,UNRESEARCHED
2101.HK,Fulu Holdings Limited,HK,Consumer Discretionary,381659648.0,,1.4120296374043593,1.4120296374043593,0.2626032,16.28802936107025,0.7996849146792644,0.0827556220606108,552942755.6947968,0.22,0,0,UNRESEARCHED
UCL,Ucloudlink Group Inc.,US,Communication Services,16253962.0,1.4103189999410914,1.2072142943607975,1.4103189999410914,0.5642169536239934,9.0,-0.5479279451988383,,31141000.0,0.166,0,0,UNRESEARCHED
0321.HK,Texwinca Holdings Limited,HK,Consumer Discretionary,1284977408.0,1.410302621396486,0.4596975232515646,1.410302621396486,0.25999442,7.75,0.2350796411466338,0.0463413580148005,724085000.0,0.1,0,0,UNRESEARCHED
BTON.JK,PT Betonjaya Manunggal Tbk,ID,Materials,257760002048.0,,1.4042966386586844,1.4042966386586844,0.7745079,5.2364546642280185,0.0286587955597498,,366015873024.0,0.1,0,0,UNRESEARCHED
3134.T,Hamee Corp.,JP,Consumer Discretionary,4496281088.0,1.400595652093918,-0.4612485660251859,1.400595652093918,0.61441445,8.509994,-0.1177762220901434,0.1850339402342934,166695000.0,0.1,0,0,UNRESEARCHED
036670.KQ,KCI Limited,KR,Materials,54446612480.0,1.3975776829447908,0.7274700636891868,1.3975776829447908,0.4736530320684936,,0.0643876963243375,0.1208027235326532,43130756530.0,0.0,0,0,UNRESEARCHED
8273.KL,Public Packages Holdings Bhd,MY,Materials,186688096.0,,1.3966768837884098,1.3966768837884098,0.3812636,4.117647,0.2557322722210306,0.1915562354883218,240256000.0,0.1,0,0,UNRESEARCHED
2984.KL,FACB Industries Inc. Bhd,MY,Materials,103175848.0,,1.3966618890970033,1.3966618890970033,0.4712644,61.500004,-0.0424822968259005,-0.0655041676724933,148788000.0,0.1,0,0,UNRESEARCHED
053290.KQ,"Neungyule Education, Inc.",KR,Consumer Discretionary,26541248512.0,1.395784778324925,1.1430554280538416,1.395784778324925,0.3986112029898937,,0.6513200480982183,-0.338163460103932,34607368240.0,0.0,0,0,UNRESEARCHED
ZOMD.V,Zoomd Technologies Ltd.,CA,Communication Services,42990052.0,,1.395681112138386,1.395681112138386,1.0622456,4.638770928166175,0.2806190117102201,1.0826132495417649,57129571.78337728,0.157,0,0,UNRESEARCHED
1897.T,"The Kaneshita Construction Co.,Ltd.",JP,Industrials,6967202304.0,1.3532014464094584,1.3937550329782586,1.3937550329782586,0.34037971,17.211794,-0.1673555537967625,0.010067451927917,9520000000.0,0.178,0,0,UNRESEARCHED
1745.HK,Lvji Technology Holdings Inc.,HK,Consumer Discretionary,148811104.0,,1.389338909600907,1.389338909600907,0.09890098,1.632389176912738,,0.1118201637921159,239687945.7999572,0.1,0,0,UNRESEARCHED
8040.T,"Tokyo Soir Co., Ltd.",JP,Consumer Discretionary,3638439936.0,1.389042279608769,0.3858649263005791,1.389042279608769,0.3352474,109.87395,-0.000305505704713,0.0381938002410812,1383507000.0,0.211,0,0,UNRESEARCHED
CZR.AX,CZR Resources Ltd,AU,Materials,46065100.0,-0.0853618193912178,1.386897391150841,1.386897391150841,0.6761566,0.8636364,-0.07142101457674,1.3844701,67250072.0,0.1,0,0,UNRESEARCHED
056360.KQ,"Comunication Weaver Co.,Ltd.",KR,Information Technology,49382641664.0,1.3865782988811768,0.7938447559904184,1.3865782988811768,0.536409855098221,12.463520969321506,-0.034556202956245,0.0075784134164755,36806466560.0,0.072,0,0,UNRESEARCHED
192440.KQ,"Spigen Korea Co., Ltd.",KR,Consumer Discretionary,171710480384.0,1.3834971938344354,1.0706323568583067,1.3834971938344354,0.3376276823155091,3.28872176003689,0.3640787510884479,0.0955616491992925,172933091328.0,0.22,0,0,UNRESEARCHED
0366.HK,Luks Group (Vietnam Holdings) Company Limited,HK,Materials,415472128.0,0.8111068990338753,1.383425366046449,1.383425366046449,0.1810887,41.75,0.170180685132255,0.0190839423575451,596802000.0,0.22,0,0,UNRESEARCHED
MSV.TO,Minco Silver Corporation,CA,Materials,39440052.0,,1.381328015990137,1.381328015990137,0.70953435,12.799999,-0.0653552732192839,,52777162.0,0.097,0,0,UNRESEARCHED
AKW.PA,AKWEL,FR,Consumer Discretionary,164043120.0,1.380721387730458,0.6976067160141938,1.380721387730458,0.27375415,10.131147,0.0997737035529939,0.0654621100828892,132955000.0,0.1,0,0,UNRESEARCHED
DCOHF,Dickson Concepts (International) Limited,US,Consumer Discretionary,312708032.0,,1.379831314452161,1.379831314452161,0.66425395,9.844253735872808,0.1447119714480448,0.786363299393072,0.0001309484053767,0.1,0,0,UNRESEARCHED
AVAL,Grupo Aval Acciones y Valores S.A.,US,,6351379456.0,,1.3785769638903775,1.3785769638903775,0.6983912402273952,10.490196,,,-40696900000000.0,0.12,0,0,UNRESEARCHED
H02.SI,Haw Par Corporation Limited,SG,Health Care,2990684160.0,1.3731997073214195,0.2055182571418549,1.3731997073214195,0.6305129,13.116506,0.0183391517919895,,4137638000.0,0.097,0,0,UNRESEARCHED
0206.HK,"CMIC Ocean En-Tech Holding Co., Ltd.",HK,Energy,634587008.0,,1.3714628589903657,1.3714628589903657,0.4723148,,0.8243615074039568,,870312512.2698219,0.1,0,0,UNRESEARCHED
2660.HK,Zengame Technology Holding Limited,HK,Communication Services,2416667136.0,,1.3713522587874696,1.3713522587874696,0.8040437,4.948364541927718,0.1260271971358383,1.2244691385880466,3516140197.706489,0.22,0,0,UNRESEARCHED
ANASAC.SN,Agricola Nacional S.A.C. e I.,CL,Consumer Staples,54999998464.0,1.3705360564571525,-1.569398825647211,1.3705360564571525,0.3956318221962061,5.4436584,0.519451141779581,0.1073653963733448,-86316933000.0,0.0,0,0,UNRESEARCHED
7624.T,"Naito & Co., Ltd.",JP,Industrials,8433229824.0,1.3698546145660622,0.0187234000123321,1.3698546145660622,0.64121246,18.10058008263511,0.0224856756270792,0.0347370021283064,-19000000.0,0.1,0,0,UNRESEARCHED
KOTHARIPRO.NS,Kothari Products Limited,IN,Industrials,3926258688.0,1.369726325247453,0.0778175557352047,1.369726325247453,0.33574244,12.723404,-0.1817294645429912,0.0605476177541152,167900000.0,0.1,0,0,UNRESEARCHED
2193.T,Cookpad Inc.,JP,Communication Services,9129344000.0,1.3691070348215575,0.588541746701625,1.3691070348215575,0.6874489,7.772338,0.142083045616421,0.701133728375818,11167723000.0,0.22,0,0,YELLOW
G92.SI,China Aviation Oil (Singapore) Corporation Ltd,SG,Energy,1212858880.0,1.363338178391637,1.1951732304746694,1.363338178391637,0.87381494,9.26868131163856,0.0057248041378731,0.3169790448576934,1454776485.659399,0.1,0,0,UNRESEARCHED
WJG.L,Watkin Jones Plc,UK,,41211012.0,1.362171246744952,0.7644224142219733,1.362171246744952,0.33004116,,-0.3417290504780615,-0.0817460317460317,36794000.00000041,0.029,0,0,UNRESEARCHED
MANAKSIA.NS,Manaksia Limited,IN,Industrials,4649640448.0,1.3605307441050625,0.7978339259710175,1.3605307441050625,0.64276195,7.398331,-0.6825188988694624,0.2623068681818488,3361944000.0,0.1,0,0,UNRESEARCHED
471A.F,"aTyr Pharma, Inc.",US,Health Care,26777866.0,,1.360156065209673,1.360156065209673,0.6390122,,,,35672995.91131157,0.006,0,0,UNRESEARCHED
104700.KS,KISCO Corp.,KR,Materials,299008327680.0,1.360151787107013,1.2226662650076967,1.360151787107013,0.4006026302955686,,-0.0165021605528013,-0.1115391720841832,364744201360.0,0.22,0,0,UNRESEARCHED
LGIH,"LGI Homes, Inc.",US,Industrials,1148929536.0,1.359906333325058,-1.248142016380813,1.359906333325058,0.5387315,17.340351,0.1024568804399663,0.0164070153314025,-1595943000.0,0.152,0,0,UNRESEARCHED
2499.T,"Nihonwasou Holdings, Inc.",JP,Industrials,2766882560.0,1.3592514094450217,-0.6121099945063959,1.3592514094450217,0.76315695,16.748768,0.2714936336148651,0.0740109894146495,-1575957000.0,0.1,0,0,UNRESEARCHED
5408.T,"Nakayama Steel Works, Ltd.",JP,Materials,34480943104.0,1.358142086223692,0.4141683669391479,1.358142086223692,0.31110725,14.005726,0.2960490426906103,0.0871893565392017,12011000000.0,0.081,0,0,UNRESEARCHED
8512.HK,Hyfusin Group Holdings Limited,HK,Consumer Staples,344437504.0,1.356532090098427,1.0843519304651177,1.356532090098427,0.4485646,3.409091,0.4088288829314011,0.3816452469673029,393411000.0,0.1,0,0,UNRESEARCHED
DOXA.ST,Doxa AB (publ),SE,Health Care,446383648.0,1.3562946334515729,-1.5273739724825015,1.3562946334515729,0.22818792,,,-0.0578277561137813,-1357400000.0,0.22,0,0,UNRESEARCHED
1203.HK,GDH Guangnan (Holdings) Limited,HK,Materials,594473600.0,1.355706005652532,0.0953276649353846,1.355706005652532,0.21928355,5.5000005,0.3162192112921063,0.0714883002982461,55372000.0,0.1,0,0,UNRESEARCHED
KROS,"Keros Therapeutics, Inc.",US,Health Care,222956720.0,1.2704324753980325,1.3545604798500075,1.3545604798500075,0.84996223,,-0.2189328873237808,,281497000.0,0.186,0,1,UNRESEARCHED
084010.KS,"Daehan Steel Co., Ltd.",KR,Materials,253450174464.0,1.3531536331029184,0.944300052162019,1.3531536331029184,0.3418029510676709,54.55299976862826,-0.1773760263338318,0.0272386451152623,257031132530.0,0.22,0,0,UNRESEARCHED
6964.T,"Sanko Co., Ltd.",JP,Information Technology,6104819200.0,1.3501664446862192,0.920049339028531,1.3501664446862192,0.37288174,10.092417,0.0653498019756217,0.069287875496884,5330999872.0,0.1,0,0,UNRESEARCHED
043650.KQ,"Kook Soon Dang.Co.,Ltd.",KR,Consumer Staples,57767510016.0,1.3494132183658614,1.187335753978693,1.3494132183658614,0.2557214859230313,,-0.0170360770830878,-0.0052586315889351,66253277320.0,0.0,0,0,UNRESEARCHED
HKGEF,Hong Kong Economic Times Holdings Limited,HK,Communication Services,40138800.0,,1.349223578257125,1.349223578257125,0.4312141,,-0.0433468514495806,-0.1209128726405409,51983873.32615254,0.1,0,0,UNRESEARCHED
BCV.SI,Qian Hu Corporation Limited,SG,Consumer Staples,13623175.0,1.34713485902666,0.29980353270868,1.34713485902666,0.35608307,,-0.1038043619038135,-0.0004342543758944,3373003.0,0.1,0,0,UNRESEARCHED
035610.KQ,"Solborn, Inc.",KR,Health Care,137823813632.0,1.1492474966838684,1.3468698826191652,1.3468698826191652,0.4404573070670534,4.444690970325136,0.078330492148766,,185262435570.0,0.22,0,0,UNRESEARCHED
1202.HK,Chengdu PUTIAN Telecommunications Cable Company Limited,HK,Information Technology,592000000.0,,1.3462365775905334,1.3462365775905334,0.6157307,8.749186199171454,-0.1437127256435016,-0.0061124793602502,576388091.6448692,0.001,0,0,UNRESEARCHED
GRRLF,Grange Resources Ltd.,US,Materials,138001616.0,,1.3455590358816667,1.3455590358816667,0.14572074,,0.1925002994444613,0.0661056047778276,3935273.438601103,0.1,0,0,UNRESEARCHED
7266.T,"Imasen Electric Industrial Co., Ltd.",JP,Consumer Discretionary,20434145280.0,1.3454272116696837,0.726536603505399,1.3454272116696837,0.36027613,8.321079,-0.0594208056549854,0.0464317401096526,14754000000.0,0.22,0,0,UNRESEARCHED
054050.KQ,"Nongwoobio Co., Ltd.",KR,Consumer Staples,112374235136.0,1.34516299280658,0.0469360053890784,1.34516299280658,0.4085468818192626,9.198646588588469,0.0440323586285225,0.0523659323791022,5424879760.0,0.1,0,0,UNRESEARCHED
067160.KQ,"AfreecaTV Co., Ltd.",KR,Communication Services,395851137024.0,0.899458157401486,1.3439962296196306,1.3439962296196306,1.1696727272825147,,0.1493336770124642,,539909571510.0,0.0,0,0,UNRESEARCHED
7615.T,"Kyoto Kimono Yuzen Co.,Ltd.",JP,Consumer Discretionary,2007852800.0,0.2426187306065129,1.3439050692764047,1.3439050692764047,0.64832205,13.383182084255871,0.4034912320265709,0.7510307156152691,1887446000.0,0.018,0,0,YELLOW
038540.KQ,"Sangsangin Co., Ltd.",KR,Information Technology,106956521472.0,-5.726589854676705,1.33997534525858,1.33997534525858,0.2858666356827318,,,-0.1479060870833838,141445643880.0,0.12,0,0,UNRESEARCHED
002462.SZ,"Cachet Pharmaceutical Co., Ltd.",CN,Health Care,3485900288.0,1.33912479565188,0.1297507745186072,1.33912479565188,0.7685382,39.833332,0.3892240178643916,0.0632043086067608,486362569.73,0.1,0,0,UNRESEARCHED
3828.HK,Ming Fai International Holdings Limited,HK,Consumer Staples,532340480.0,1.3385064321837934,0.6613663584065264,1.3385064321837934,0.37027583,5.1785717,0.3045196593922309,0.126990371944249,378781000.0,0.1,0,0,UNRESEARCHED
MISVF,Minco Silver Corporation,US,Materials,27731288.0,,1.3381615724036064,1.3381615724036064,0.6887625,,-0.0633129236239343,,37816012.258251786,0.097,0,0,UNRESEARCHED
009970.KS,"Youngone Holdings Co., Ltd.",KR,,1984437551104.0,1.3370598332799752,0.726313381351017,1.3370598332799752,0.7361748986615597,4.996985613758227,0.2131145455809825,0.6404603548969282,1669743815070.0,0.22,0,0,UNRESEARCHED
7677.T,"Yashima & Co.,Ltd.",JP,Industrials,7878136320.0,0.7618982889928617,1.3349821903840362,1.3349821903840362,0.74653053,15.723379,0.0903376091872449,,9957176000.0,0.1,0,0,UNRESEARCHED
900920.SS,"Shanghai Diesel Engine Co., Ltd.",CN,Industrials,374711904.0,2.319780624645089e-12,1.33483901034164,1.33483901034164,0.3940543,0.8129612097552799,0.2517636116805456,1.023677201268534,0.0011883041260237,0.003,0,0,YELLOW
1936.HK,Ritamix Global Limited,HK,Consumer Staples,406082944.0,,1.3306436235988237,1.3306436235988237,1.4021171,17.62197646917311,0.0600224873731319,0.1204896907216494,482788626.94489145,0.1,0,0,UNRESEARCHED
MATI.BK,Matichon Public Company Limited,TH,Communication Services,570875520.0,1.0140336723494467,1.330584320477754,1.330584320477754,0.44937262,,-0.2393112719806525,-0.1308334385312899,733121000.0,0.1,0,0,UNRESEARCHED
0915.HK,Daohe Global Group Limited,HK,Consumer Discretionary,90575560.0,,1.329656693917152,1.329656693917152,0.6955309,21.05258759916045,0.0203324650618512,,120434399.65929462,0.1,0,0,UNRESEARCHED
3641.T,"Papyless Co., Ltd.",JP,Communication Services,7649411072.0,1.0384388515260987,1.328222227298424,1.328222227298424,0.96362436,78.75735,0.0546447296485414,,10776999808.0,0.22,0,0,UNRESEARCHED
BPF.SI,YHI International Limited,SG,Consumer Discretionary,112362176.0,1.3277680180234883,0.0161319538259401,1.3277680180234883,0.40783897,57.43154413630289,0.1491789002193279,0.0318528946235931,837000.0,0.1,0,0,UNRESEARCHED
ELEAV.HE,Elecster Oyj,FI,Industrials,9370290.0,1.3262702033872091,-0.228832928463235,1.3262702033872091,0.39481997,,0.2167488946446694,,-2230000.0,0.1,0,0,UNRESEARCHED
GOCLCORP.BO,GOCL Corporation Limited,IN,Industrials,21970528256.0,1.3252875983603898,0.0434824674407218,1.3252875983603898,0.69904375,8.1470585,0.0004971781416966,0.1114988925750897,597241000.0,0.1,0,0,UNRESEARCHED
6054.T,Livesense Inc.,JP,Communication Services,3060023552.0,1.321204251425557,1.1775919789341818,1.321204251425557,0.765961,264.28574,-0.0460287306965145,,3472999936.0,0.1,0,0,UNRESEARCHED
2230.HK,Medialink Group Limited,HK,Communication Services,396408000.0,1.3192903191714225,0.8148471077291622,1.3192903191714225,0.5975976,6.6333337,-0.1425577933625047,0.1914834673502523,370084000.0,0.1,0,0,GREEN
ADVN.SW,Adval Tech Holding AG,CH,Industrials,32120000.0,1.3179299847792998,0.2568493150684932,1.3179299847792998,0.33657414,,-0.2205479452054794,-0.0654662039484268,12195000.0,0.1,0,0,YELLOW
NATIONSTD.BO,National Standard (India) Limited,IN,Materials,2184000000.0,1.3145025851416872,0.0559188527070135,1.3145025851416872,0.77654994,19.46524,-0.0287556077134325,,117150000.0,0.1,0,0,UNRESEARCHED
4839.T,Wowow Inc.,JP,Communication Services,28394235904.0,1.3122238082311266,1.07547674936716,1.3122238082311266,0.40824476,21.887287,0.0456842880538298,,29684000768.0,0.1,0,0,UNRESEARCHED
ASTAR.BO,Asian Star Company Limited,IN,Consumer Discretionary,9149486080.0,1.3121095919809591,-0.0869417214332732,1.3121095919809591,0.55081284,27.626871,0.2131276995539749,0.0387768923827411,-1429280000.0,0.1,0,0,UNRESEARCHED
1023.HK,Sitoy Group Holdings Limited,HK,Consumer Discretionary,453752096.0,1.310800061718929,0.6836796995930569,1.310800061718929,0.29102167,,-0.0812362939231536,0.1054357997947044,323422000.0,0.1,0,0,UNRESEARCHED
8646.HK,China Hongguang Holdings Limited,HK,Industrials,193719520.0,,1.308102411386118,1.308102411386118,0.34477043,4.23141711047728,-0.0533821397104032,0.1408932289618459,-20686662.295821685,0.1,0,0,UNRESEARCHED
8046.T,"Marufuji Sheet Piling Co.,Ltd.",JP,Materials,16776709120.0,1.3080883479125809,0.2240743213091512,1.3080883479125809,0.51624006,8.880979,0.034137136280833,0.0823062381852552,5094000000.0,0.179,0,0,UNRESEARCHED
P8A.SI,Cordlife Group Limited,SG,Health Care,33832624.0,-0.6186390868724566,1.3079254290007014,1.3079254290007014,0.33846155,,-0.0180003773872224,-0.1769858391863615,40563000.0,0.1,0,0,UNRESEARCHED
013000.KS,"Sewoo Global Co., Ltd",KR,Materials,34242654208.0,1.3072947248708269,1.0756878063962805,1.3072947248708269,0.6992348920486577,12.904250621568355,0.1244203236314007,0.3750891099535057,42021481930.0,0.1,0,0,UNRESEARCHED
7887.T,"Nankai Plywood Co.,Ltd.",JP,Consumer Discretionary,7617841152.0,1.3048173327135524,-0.9755446978243232,1.3048173327135524,0.2852056,4.1551027,0.1334341291342274,0.0618817359417191,-467813000.0,0.22,0,0,UNRESEARCHED
039240.KQ,"Gyeongnam Steel Co., Ltd",KR,Materials,51989696512.0,1.3032878038979825,-0.0354396456446349,1.3032878038979825,0.5818197841984929,,0.242928176701772,0.0593096343416798,-2309096470.0,0.0,0,0,UNRESEARCHED
018310.KQ,"Sammok S-Form Co.,Ltd",KR,Industrials,208253321216.0,1.3030477672397724,1.1995653955110424,1.3030477672397724,0.4682686803923291,38.22037914345631,-0.0328934650357629,0.01737748191893,238081895230.0,0.22,0,0,UNRESEARCHED
3439.T,Mitsuchi Corporation,JP,Consumer Discretionary,3137859072.0,1.3005429510220288,0.4882138746525627,1.3005429510220288,0.3032627,14.72747998179764,0.1856208282893847,,1552494000.0,0.22,0,0,UNRESEARCHED
1289.HK,Wuxi Sunlit Science and Technology Company Limited,HK,Industrials,238080000.0,,1.298473282442748,1.298473282442748,0.2765103,6.146001801328251,0.1778124258033403,,378302167.6755135,0.0,0,0,UNRESEARCHED
VYNE,VYNE Therapeutics Inc.,US,Health Care,19069540.0,1.2357686351135682,1.2981052532092845,1.2981052532092845,0.77327126,,,,29008000.0,0.011,0,1,UNRESEARCHED
7902.T,"Sonocom Co.,Ltd.",JP,Information Technology,3969391872.0,1.2967755635287683,1.1582231209802647,1.2967755635287683,0.41373932,13.029977,0.0666782826275771,,4509000192.0,0.1,0,0,UNRESEARCHED
033320.KQ,"JCH Systems, Inc.",KR,Consumer Discretionary,57525993472.0,1.2940465412771656,0.522649307739147,1.2940465412771656,0.6122278008557421,7.479511341264364,0.2134367987393084,0.0809806950662008,26807544320.0,0.1,0,0,UNRESEARCHED
2223.HK,Casablanca Group Limited,HK,Consumer Discretionary,134084072.0,1.293251219682456,0.7651257277589053,1.293251219682456,0.37010676,,0.0892480304388139,-0.0536423493929753,114948000.0,0.1,0,0,UNRESEARCHED
9872.T,"Kitakei Co., Ltd.",JP,Industrials,8811386880.0,1.287554387848467,1.2908219291974214,1.2908219291974214,0.7245093,12.153671931453236,-0.032004042478271,,10627999744.0,0.1,0,0,UNRESEARCHED
UEC.BK,Unimit Engineering Public Company Limited,TH,Industrials,433588032.0,1.2899078542155205,1.003681580159534,1.2899078542155205,0.42986426,,0.0737410377173626,-0.1694649794624551,469541000.0,0.1,0,0,UNRESEARCHED
WORK.BK,Workpoint Entertainment Public Company Limited,TH,Communication Services,1518968064.0,1.2881180297764798,1.2859659329962845,1.2881180297764798,0.36989248,,0.0515438187503916,-0.0141647774158523,2021481000.0,0.1,0,0,UNRESEARCHED
SICAGEN.NS,Sicagen India Limited,IN,Materials,2118272256.0,1.2872209144408713,-0.3041496569090787,1.2872209144408713,0.42681614,10.353965,0.1706216398773333,0.0675130243061112,-674000000.0,0.1,0,0,UNRESEARCHED
6198.TWO,"AverLogic Technologies, Corp.",TW,Information Technology,3325166848.0,1.286988033186771,-0.2893357831096258,1.286988033186771,0.7042765,,-0.3789519196490803,-0.0055665012733944,-505029000.0,0.1,0,0,UNRESEARCHED
4243.T,"Nix, Inc.",JP,Materials,2397085184.0,1.28162863853427,1.0826279522477966,1.28162863853427,0.49090427,5.977834778629702,0.2020373551306349,0.1019820982204932,2228008000.0,0.1,0,0,UNRESEARCHED
CEKA.JK,PT Wilmar Cahaya Indonesia Tbk.,ID,,1320899969024.0,1.281549834280141,0.4000754189723173,1.281549834280141,0.6379237,5.995139,0.0460338111658288,,278653566976.0,0.1,0,0,UNRESEARCHED
AWLCF,Awilco Drilling PLC,US,Energy,44806464.0,,1.2810428423898836,1.2810428423898836,0.45753282,,-0.300112947988933,,1850000.0,0.1,0,0,UNRESEARCHED
1731.HK,Prosperous Industrial (Holdings) Limited,HK,Consumer Discretionary,840000000.0,1.2802181758978957,0.7356701762113667,1.2802181758978957,0.55927193,4.831137647727447,0.2138019583822952,0.2683719005290244,617962948.017548,0.1,0,0,UNRESEARCHED
DHPIND.BO,DHP India Limited,IN,Industrials,1542749952.0,1.2774009489916964,1.148138196915777,1.2774009489916964,0.65142107,13.79426,-0.0462111506524317,,1935761000.0,0.1,0,0,UNRESEARCHED
7877.T,"Eidai Kako Co.,Ltd.",JP,Materials,2682769664.0,1.2740292980467722,0.6652527952087975,1.2740292980467722,0.36005497,8.223672,0.2991389677168938,0.0443461696931713,743932000.0,0.209,0,0,UNRESEARCHED
NWX.F,NORDWEST Handel AG,DE,Industrials,49998000.0,1.2738997007655406,-1.3567107845604147,1.2738997007655406,0.41636643,8.16754,-0.8630545221808872,,5168000.0,0.1,0,0,UNRESEARCHED
8176.KL,Denko Industrial Corp. Bhd,MY,Industrials,168400912.0,,1.273237012846561,1.273237012846561,0.4620462,,0.0802739595838931,-0.024480088324365,176126000.0,0.1,0,0,UNRESEARCHED
543.SI,Noel Gifts International Ltd,SG,Consumer Discretionary,20495206.0,1.273206857104558,-1.009873386677878,1.273206857104558,0.62695926,54.496872288714,0.1233459180649367,0.0055785394709747,-21215000.0,0.1,0,0,UNRESEARCHED
2YU.F,China Yuhua Education Corp. Ltd.,CN,Consumer Staples,168033472.0,,1.272540562148952,1.272540562148952,0.14396967,1.672463347857131,0.5944717857143559,0.1215409452716005,3456485.8237422104,0.1,0,0,UNRESEARCHED
6346.T,"Kikukawa Enterprise, Inc.",JP,Industrials,6854644736.0,1.1798938512514023,1.2709834091094545,1.2709834091094545,0.5280673,32.79877445369865,0.1232698458553636,,8589000192.0,0.216,0,0,UNRESEARCHED
5301.TWO,"CJW International Co., Ltd.",TW,Consumer Discretionary,353830912.0,1.2703726657526282,-0.1519647860328794,1.2703726657526282,0.7131474,,0.0021648758602527,-0.2012680805720923,-69290000.0,0.099,0,0,UNRESEARCHED
SAGCV.HE,Saga Furs Oyj,FI,Consumer Discretionary,57828512.0,1.269372114627658,1.0181468565296763,1.269372114627658,0.6485522,7.2345133,0.2352876656047543,0.1275589705013164,52576000.0,0.1,0,0,RED
EZZ.AX,EZZ Life Science Holdings Limited,AU,Consumer Staples,21169440.0,1.2692136234284728,0.7402110343158826,1.2692136234284728,0.76142126,7.5,-0.1268537088379276,1.404644423278453,20544917.0,0.1,0,0,UNRESEARCHED
6262.T,"Pegasus Sewing Machine Mfg. Co., Ltd.",JP,Industrials,12425651200.0,1.2681930441105902,0.3729981281322836,1.2681930441105902,0.3787268,39.229027,0.1729102811811682,0.0645775035484285,5170553000.0,0.206,0,0,UNRESEARCHED
5VC.SI,Kori Holdings Limited,SG,Industrials,16368001.0,1.268064160341556,-0.1811381048387096,1.268064160341556,0.28998244,16.500002,0.0134656638889501,0.0206662732230643,-3054713.0,0.1,0,0,UNRESEARCHED
PMVP,"Pmv Pharmaceuticals, Inc.",US,Health Care,74841280.0,1.2642673626824528,1.1486801040033012,1.2642673626824528,1.0471203,,-0.905941314322236,,39130000.0,0.008,0,0,UNRESEARCHED
EDUC,Educational Development Corporation,US,Communication Services,11083305.0,1.2640380268026492,-0.4886389446872462,1.2640380268026492,0.26734525,5.4170833,0.0892889571734501,0.1584647153562646,1118400.0,0.65,0,0,UNRESEARCHED
FABC,Fabric.AI Inc. Common Stock,US,Communication Services,17018780.0,0.4275300601829403,1.2638581613958226,1.2638581613958226,1.4498807,,-0.6265293472896287,,21509324.0,0.123,0,0,UNRESEARCHED
2728.HK,Jintai Energy Holdings Limited,HK,Energy,111375528.0,,1.263528351421742,1.263528351421742,3.125,,0.0077126458156948,0.0743246290533531,123839000.0,0.1,0,0,UNRESEARCHED
3798.HK,Homeland Interactive Technology Ltd.,HK,Communication Services,1551730560.0,,1.263512358188845,1.263512358188845,0.64855975,21.91506883475788,0.1729941120876121,0.3375755216989689,1988809106.16248,0.22,0,0,UNRESEARCHED
034590.KS,"Incheon City Gas Co., Ltd.",KR,Utilities,110057373696.0,0.2423934393220919,1.2615391206539743,1.2615391206539743,0.4544105791173811,7.610389854049041,0.0889974228992163,0.4816871015750866,180317909140.0,0.1,0,0,UNRESEARCHED
7908.T,"Kimoto Co., Ltd.",JP,Information Technology,10261487616.0,1.2614803701672974,1.10921288843306,1.2614803701672974,0.53587633,18.650793,0.0303416250843906,,11139999744.0,0.2,0,0,UNRESEARCHED
137940.KQ,"NextEye Co., Ltd.",KR,Information Technology,16387516416.0,0.4817889214762012,1.26118342997064,1.26118342997064,0.3259802129180275,,-0.0300914194367205,,20783657200.0,0.0,0,0,UNRESEARCHED
2236.HK,Wison Engineering Services Co. Ltd.,HK,Industrials,1998215552.0,,1.2611113868035364,1.2611113868035364,0.5922185,12.117806945758405,-0.6727614765804543,0.3427989941765231,2908818780.290888,0.22,0,0,UNRESEARCHED
077500.KS,Uniquest Corporation,KR,Information Technology,151416717312.0,1.257997256219682,-0.9571566521709556,1.257997256219682,0.6458857381119781,6.730623077747012,-0.812607021322911,0.1447632825170817,-844132970.0,0.22,0,0,UNRESEARCHED
1420.T,Sanyo Homes Corporation,JP,Industrials,7813064192.0,1.2576477974811946,-1.1763929525910126,1.2576477974811946,0.4834217,11.096493363999675,-0.2071937411774435,0.0422152585639057,-15643474000.0,0.1,0,0,UNRESEARCHED
005680.KS,"Samyoung Electronics Co., Ltd",KR,Information Technology,234119446528.0,1.2561543105637991,1.1007479917292788,1.2561543105637991,0.5188125673484,57.60934085090638,0.084966969254048,0.0245490709139794,311674260130.0,0.22,0,0,UNRESEARCHED
1451.TW,"Nien Hsing Textile Co., Ltd.",TW,Consumer Discretionary,3366000128.0,1.2536240453313623,0.3449014535599901,1.2536240453313623,0.45516616,11.258278,0.070384429884371,0.0699604900634454,1119964000.0,0.22,0,0,UNRESEARCHED
4341.T,Seiryo Electric Corporation,JP,Communication Services,3098249216.0,1.25335341982182,0.0746499692800446,1.25335341982182,0.58253527,12.460889,0.1426612157980773,0.0716035424910495,220000000.0,0.22,0,0,UNRESEARCHED
KIJA.JK,PT Kawasan Industri Jababeka Tbk,ID,Industrials,4096975962112.0,1.2527713791799258,-0.1826106458182518,1.2527713791799258,0.6768271,5.4588237,0.3265674909893705,0.2096901842879537,-767140000000.0,0.1,0,0,UNRESEARCHED
9854.T,"Aigan Co.,Ltd.",JP,Consumer Discretionary,5336846848.0,1.2497304687078206,0.8830994025222768,1.2497304687078206,0.43227303,15.076422437258191,0.0179881496947914,,4592999936.0,0.08,0,0,UNRESEARCHED
8348.HK,Tianjin Binhai Teda Logistics (Group) Corporation Limited,HK,Industrials,106137008.0,,1.2495016378841222,1.2495016378841222,0.105004,,0.9103218800367854,-0.0731611699372111,123045572.9852317,0.216,0,0,UNRESEARCHED
BO.MI,Borgosesia S.p.A.,IT,Consumer Discretionary,34165872.0,1.2494032700799618,-3.903807870028899,1.2494032700799618,0.6145923,11.933334,-0.0408887558906735,0.0913947163947164,-89178000.0,0.1,0,0,UNRESEARCHED
PXMBF,Paxman AB (publ),US,Health Care,81456960.0,,1.246228683221176,1.246228683221176,0.19042438,,-0.0450452362493901,-0.0042952696673852,1131411.2631555488,0.1,0,0,UNRESEARCHED
073570.KQ,"PMG Pharmascience Co., Ltd.",KR,Health Care,21400815616.0,1.245118621239763,0.4718256483964732,1.245118621239763,0.737798635171048,,-0.2851632813066659,-0.1104217436006119,8950273280.0,0.1,0,0,UNRESEARCHED
2917.T,"Ohmoriya Co.,Ltd.",JP,Consumer Staples,4602584576.0,1.2437426433025582,-1.603989579028047,1.2437426433025582,0.39534304,51.01816,-0.1723931384416997,-0.0012330092417689,-7349919000.0,0.206,0,0,UNRESEARCHED
GSJ.MC,"Grupo Empresarial San Jose, S.A.",ES,Industrials,500050592.0,0.0957107916951274,1.2423980825643044,1.2423980825643044,1.8922243,10.985715,0.3061531878874247,-0.2342309695222449,620454000.0,0.1,0,0,UNRESEARCHED
3888.HK,Kingsoft Corporation Limited,HK,Communication Services,33068615680.0,1.0697859686517444,1.2413681561742047,1.2413681561742047,1.0552276,7.628579530620273,0.092155036493676,,39043070099.844574,0.192,0,0,UNRESEARCHED
200541.SZ,"Foshan Electrical and Lighting Co.,Ltd",CN,Industrials,2871905280.0,1.2407017986194817,0.6786055845006767,1.2407017986194817,0.36309922,13.99433278884544,-0.1358674105818698,0.0596250864216919,2293679974.464968,0.028,0,0,UNRESEARCHED
051390.KQ,Yw Company Limited,KR,Communication Services,32243308544.0,1.2404134989930875,0.9738271163118496,1.2404134989930875,0.4202397762949053,6.466951877414461,0.1576319679807112,,30695561216.0,0.205,0,0,UNRESEARCHED
220180.KQ,"HANDYSOFT, Inc.",KR,Information Technology,35896262656.0,1.087029259751896,1.238238381075865,1.238238381075865,0.5049400404954538,12.847275716722844,0.0194631924242991,-0.0075886310779659,42907264256.0,0.1,0,0,UNRESEARCHED
010470.KQ,Oricom Inc.,KR,Communication Services,56858583040.0,,1.2362741918429598,1.2362741918429598,0.427137243029171,7.042730741907412,0.2018278019108421,0.1831388443728197,67700032500.0,0.1,0,0,UNRESEARCHED
153490.KQ,"Wooree E&L Co., Ltd.",KR,Information Technology,30964930560.0,1.2359535461516122,0.4699608439015837,1.2359535461516122,0.4726497291356438,,-0.1984319964159146,-0.0827535218672871,12170585088.0,0.22,0,0,UNRESEARCHED
5984.T,Kanefusa Corporation,JP,Industrials,10661236736.0,1.235369370065917,0.4805477143511785,1.235369370065917,0.335787,10.329967,0.0018342622577227,0.0703652555817849,4789268000.0,0.22,0,0,UNRESEARCHED
ALGS,"Aligos Therapeutics, Inc.",US,Health Care,32596592.0,1.2345435783516645,0.7731047432632097,1.2345435783516645,1.0211267,,,,72594000.0,0.026,0,0,UNRESEARCHED
029530.KS,"sindoh Co.,Ltd.",KR,Industrials,329048915968.0,1.2325294539268008,1.141096133621446,1.2325294539268008,0.3435103921881144,8.723743407660669,0.0251941313424669,0.0548695766422406,424570955320.0,0.22,0,0,UNRESEARCHED
9959.HK,Linklogis Inc.,HK,Information Technology,4408644608.0,,1.2320339821384012,1.2320339821384012,0.5206147,,0.0332218004455735,-0.0566529979690425,7674434338.726037,0.206,0,0,UNRESEARCHED
GRVO.PA,Graines Voltz S.A.,FR,Materials,25904638.0,1.2310304416267328,-2.1359639976641325,1.2310304416267328,0.3687238,23.333334,0.528370838289609,0.0361212075556978,-37674000.0,0.1,0,0,UNRESEARCHED
010240.KQ,"Heungkuk Metaltech Co.,Ltd.",KR,Industrials,60065587200.0,1.2306430267216029,0.7286379445808054,1.2306430267216029,0.4945990275563788,,0.196419071933801,0.1940898852255829,44251456290.0,0.0,0,0,UNRESEARCHED
IMM.AX,Immutep Ltd.,AU,Health Care,82528400.0,1.1495719352540543,1.230443850432953,1.230443850432953,1.3333334,,-0.753964317707151,,97919893.0,0.008,0,0,UNRESEARCHED
1850.T,"Nankai Tatsumura Construction Co., Ltd.",JP,Industrials,11967760384.0,1.2284448016364389,0.5604034304190805,1.2284448016364389,0.61594206,5.8791137,0.7021363839498477,0.2061810795124782,6534000000.0,0.1,0,0,UNRESEARCHED
4999.TW,Sinher Technology Inc.,TW,Industrials,1328790400.0,1.227461625752861,0.757297577555944,1.227461625752861,0.42472583,,-0.065503935007357,-0.0571979993188884,1123365000.0,0.067,0,0,UNRESEARCHED
GDL.TO,Goodfellow Inc.,CA,Materials,92098616.0,1.2255134483202386,-0.624125553953321,1.2255134483202386,0.44924247,15.842857,-0.0084366088628302,0.0105737260536761,-60525000.0,0.22,0,0,UNRESEARCHED
CLF.MI,Caleffi S.p.A.,IT,Consumer Discretionary,12236133.0,1.2247529477882932,-0.9023919071290224,1.2247529477882932,0.45306352,6.7166667,0.193652872712901,0.0689155738136619,-10713000.0,0.22,0,0,UNRESEARCHED
079170.KQ,"Hanchang Ind.Co.,Ltd",KR,Materials,31794558976.0,1.2245109666411604,,1.2245109666411604,0.4149778665555327,,-0.0531176655500969,,,0.0,0,0,UNRESEARCHED
CTO.SI,Hong Lai Huat Group Limited,SG,Consumer Staples,34034592.0,1.2236212443734342,0.4714506447553691,1.2236212443734342,0.30084747,2.3666668,-0.0733906187724452,0.1594382574866938,21240000.0,0.22,0,0,YELLOW
0320.HK,Computime Group Limited,HK,Information Technology,379143008.0,1.2233195838933084,0.0871619098243669,1.2233195838933084,0.26223776,22.5,0.4001349013419683,0.1234242018404112,10017000.0,0.1,0,0,UNRESEARCHED
600373.SS,"Chinese Universe Publishing and Media Group Co., Ltd.",CN,Communication Services,10010874880.0,0.8029532424543855,1.2230264893028946,1.2230264893028946,0.5713187,37.149998,0.0165029306549479,0.0918666191484574,12886229769.25,0.1,0,0,UNRESEARCHED
051360.KQ,"TOVIS Co.,Ltd",KR,Information Technology,73034129408.0,1.2229157176629348,-0.7996341102326977,1.2229157176629348,0.96120795071152,1.458524867644248,0.587140882994267,0.2044494356401629,-58450407160.0,0.172,0,0,UNRESEARCHED
7937.T,"Tsutsumi Jewelry Co.,Ltd.",JP,Consumer Discretionary,39769800704.0,1.2218382013606444,0.7962097656294277,1.2218382013606444,0.57490754,10.773855,-0.0047514756473924,,32224999424.0,0.1,0,0,UNRESEARCHED
100700.KQ,"Sewoon Medical Co., Ltd",KR,Health Care,101857452032.0,1.2218198929002084,1.00124895573314,1.2218198929002084,0.6470559229400281,,0.1582617729377211,0.2984333154531601,99028591470.0,0.12,0,0,UNRESEARCHED
024950.KQ,"Samchuly Bicycle Co., Ltd",KR,Consumer Discretionary,56257478656.0,0.8572726702684598,1.2215349097354329,1.2215349097354329,0.4508707612254694,7.854653221974827,0.4536442561895392,0.6115885148004594,68720474090.0,0.22,0,0,RED
600057.SS,"Xiamen Xiangyu Co., Ltd.",CN,Industrials,17261213696.0,1.2189113696053504,-0.1754366953509949,1.2189113696053504,1.4390533,13.026463287028612,-0.1169906766740257,0.0722939064943837,-2908714135.5200005,0.1,0,0,UNRESEARCHED
7442.T,"Nakayamafuku Co.,Ltd.",JP,Consumer Discretionary,8949080064.0,1.2183846546581094,0.2877966688959615,1.2183846546581094,0.3853445,13.738019,0.0301887238241268,0.0444996597803402,2502690000.0,0.206,0,0,UNRESEARCHED
ATYR,aTyr Pharma Inc. Common Stock,US,Health Care,42157976.0,,1.2183706356412984,1.2183706356412984,0.8647887,,,,4205000.0,0.144,0,0,UNRESEARCHED
143240.KQ,"SaraminHR Co.,Ltd.",KR,Information Technology,178688409600.0,1.078588971256093,1.2154602348894143,1.2154602348894143,0.5962692292067043,1.8553594122278048,0.004921365804738,,191794673300.0,0.22,0,0,UNRESEARCHED
PACIFICI.BO,Pacific Industries Limited,IN,Industrials,1012874880.0,1.2128842673186782,0.4601160609294605,1.2128842673186782,0.23010589,36.7375,-0.0557295514718474,0.0181201341565731,607684000.0,0.1,0,0,UNRESEARCHED
ALGTR.PA,Groupe Tera SA,FR,Information Technology,11770213.0,-0.4388240690679346,1.2126864610858137,1.2126864610858137,1.2003312,0.7059889594729916,-0.3409618062261493,-0.1245093763628434,-6786000.0,0.1,0,0,UNRESEARCHED
EOLU-B.ST,Eolus Vind AB (publ),SE,Industrials,1295643648.0,1.2118587651320765,0.4002806224224131,1.2118587651320765,,,0.7280333339013156,-0.3001119820828667,436000000.0,0.158,0,0,GREEN
6228.T,"J.E.T. CO., LTD.",JP,Information Technology,6943364096.0,1.210989241272868,-0.3971891525475953,1.210989241272868,0.79498065,,0.0710030459563559,0.049671464330413,-2904000000.0,0.1,0,0,UNRESEARCHED
1581.HK,Progressive Path Group Holdings Limited,HK,Industrials,124500008.0,1.2087308460253272,-0.2797108254001076,1.2087308460253272,0.4,6.0,0.2777349219126154,0.1114214076936929,-67221000.0,0.1,0,0,UNRESEARCHED
002932.SZ,"Wuhan Easy Diagnosis Biomedicine Co.,Ltd.",CN,Health Care,3531993344.0,1.207992247300383,0.7850170521547741,1.207992247300383,0.60306495,,-0.0248668533102841,-0.0234578124542576,2827434778.23,0.1,0,0,UNRESEARCHED
4429.T,"Ricksoft Co., Ltd.",JP,Information Technology,3231096320.0,0.7761704766375939,1.207330128740947,1.207330128740947,0.94476545,12.237942,0.2099362650770849,,3900999936.0,0.1,0,0,UNRESEARCHED
JCTC,Jewett-Cameron Trading Company Common Shares,US,Consumer Discretionary,10302315.0,1.2071170536238802,-0.0256419206217299,1.2071170536238802,0.6973314,,0.0873597079522831,-0.4224624491584371,546614.0,0.186,0,0,UNRESEARCHED
3659.TWO,Bison Electronics Inc.,TW,Information Technology,410804448.0,1.206940247061265,0.298719213294411,1.206940247061265,0.36295006,4.063855461658851,0.5202511936936237,0.159701875164117,129260000.0,0.0,0,0,UNRESEARCHED
200550.SZ,"Jiangling Motors Corporation, Ltd.",CN,Consumer Discretionary,8166004736.0,0.3008809909874909,1.2060820553051348,1.2060820553051348,0.57824683,9.290212149206653,0.2756625747476087,0.7320093478544378,11625340360.57306,0.1,0,0,UNRESEARCHED
MAJESAUT.BO,Majestic Auto Limited,IN,Industrials,3757128704.0,1.20377979881581,1.136869373285773,1.20377979881581,0.56201446,3.8875742,-0.0480928860699977,0.9203983634054536,5568103000.0,0.1,0,0,UNRESEARCHED
8138.T,Sankyo Kasei Corporation,JP,Materials,3821017856.0,1.2031463042675377,0.6459072637064952,1.2031463042675377,0.40637362,7.784205582363688,0.2729408862516448,0.1289292538159701,1554446000.0,0.212,0,0,UNRESEARCHED
224110.KQ,"Atec T& Co., Ltd",KR,Information Technology,44148555776.0,0.6012554780726138,1.2024672210562972,1.2024672210562972,0.960754991168076,20.318156603856885,-0.154069247264015,0.1805690756244642,46306202624.0,0.081,0,0,UNRESEARCHED
6467.T,Nichidai Corporation,JP,Industrials,3070680832.0,1.201510202437914,0.5290176541939537,1.201510202437914,0.2923622,,-0.0894814586838831,0.0171781595714695,979078000.0,0.197,0,0,UNRESEARCHED
1666.HK,Tong Ren Tang Technologies Co. Ltd.,HK,Health Care,4021661952.0,,1.201379891811049,1.201379891811049,0.47113505,11.318322463999175,0.5613419553039111,0.1778207941305438,4397253178.838929,0.017,0,0,UNRESEARCHED
6537.T,"Washhouse Co.,Ltd.",JP,Consumer Discretionary,2022207104.0,0.0166079252960462,1.2004177538388878,1.2004177538388878,1.2375818,36.35019809151891,-0.0959347831467216,0.0272511848341232,55000000.0,0.1,0,0,UNRESEARCHED
5697.T,"Sanyu Co., Ltd.",JP,Materials,4853677056.0,1.200100927147122,0.7175827567614521,1.200100927147122,0.4660722,7.9339986,0.5159612519028351,0.0878498868287195,1666676000.0,0.1,0,0,UNRESEARCHED
019770.KQ,"Seoyon Topmetal Co., Ltd.",KR,Industrials,38619750400.0,1.1996826408552872,-0.295067970164708,1.1996826408552872,0.4186265273652184,3.705058014607895,0.3798786635247186,0.1412810695004221,-10192312192.0,0.1,0,0,UNRESEARCHED
0054.KL,KARYON,MY,Materials,76114120.0,1.199522113080845,0.5340852388629789,1.199522113080845,0.5479452,8.0,0.0352260920838341,0.1130758634763532,35570000.0,0.1,0,0,UNRESEARCHED
015230.KS,"Daechang Forging Co., Ltd.",KR,Consumer Discretionary,166916276224.0,1.1989072273324044,0.6568612638189407,1.1989072273324044,0.4781089056242487,5.415414783849033,0.1388635759973145,0.1897719031778238,104837845740.0,0.22,0,0,GREEN
JOCIL.NS,Jocil Limited,IN,Materials,1331195520.0,1.1988316547805364,0.3570387582438131,1.1988316547805364,0.6247395,16.099892,0.0123620349552781,0.0413639490678882,85015000.0,0.0,0,0,UNRESEARCHED
267980.KQ,"Maeil Dairies Co., Ltd.",KR,Consumer Staples,250275971072.0,1.198213592230304,0.6777524580184267,1.198213592230304,0.3885626042145549,4.788126187895735,0.3365365950348604,0.1174039714549876,80616783872.0,0.22,0,0,UNRESEARCHED
0725.HK,Perennial International Limited,HK,Industrials,195973632.0,1.1958530811889598,0.505420998322809,1.1958530811889598,0.41230643,6.5666666,0.2422527118078666,0.1190882409257052,106591000.0,0.1,0,0,GREEN
ALU10.PA,U10 Corp,FR,Consumer Discretionary,21684848.0,1.194885370225354,-0.6664480193792551,1.194885370225354,0.5209188,15.875,0.2077536691524383,0.1219572601188791,-14907000.0,0.1,0,0,UNRESEARCHED
0210.HK,Daphne International Holdings Limited,HK,Consumer Discretionary,623227008.0,,1.1943395045679102,1.1943395045679102,0.631315,5.314165845269288,0.2308105232049102,0.2660366114540676,890573243.1319231,0.1,0,0,UNRESEARCHED
035000.KS,GIIR Inc.,KR,Communication Services,99839090688.0,1.1920449993019284,0.3530652561547437,1.1920449993019284,0.5914915363128839,7.016005722578642,0.2707193832938135,0.1511465095482557,41086515460.0,0.1,0,0,UNRESEARCHED
6820.HK,FriendTimes Inc.,HK,Communication Services,742238272.0,,1.1907939449044855,1.1907939449044855,0.49736303,3.798693210791965,0.2077303497364105,0.1148953160906113,1195396654.7439964,0.1,0,0,UNRESEARCHED
0926.HK,Besunyen Holdings Company Limited,HK,Consumer Staples,288546752.0,,1.1901604625842788,1.1901604625842788,0.5111037,8.781468301433417,0.253683899967759,0.1082727697590777,268852035.89693546,0.1,0,0,UNRESEARCHED
XBRANE.ST,Xbrane Biopharma AB,SE,Health Care,216356160.0,1.189346617755609,-0.070693285676336,1.189346617755609,0.38590172,,,-0.028183012826445,9870000.0,0.1,0,0,UNRESEARCHED
HATHWAY.NS,Hathway Cable and Datacom Limited,IN,Communication Services,18108168192.0,1.049580629459728,1.189267022205146,1.189267022205146,0.43263128,24.357143,0.0115602178376731,0.059331080293672,23198500000.0,0.1,0,0,UNRESEARCHED
SPG.BK,Siam Pan Group Public Company Limited,TH,Materials,4140000000.0,1.1889038792833198,1.0650123744396744,1.1889038792833198,0.7234581,11.881188,0.075868198339629,0.229097548779152,4004979000.0,0.1,0,0,UNRESEARCHED
ICRP,"Inpoint Commercial Real Estate Income, Inc.",US,,67297128.0,,1.1883122263404762,1.1883122263404762,0.3094633042710518,,0.1049286686034186,,79970000.0,0.0,0,0,UNRESEARCHED
1213.HK,Mobicon Group Limited,HK,Information Technology,98000000.0,1.1882444444444444,-0.4547777777777778,1.1882444444444444,0.86725664,,0.4722755102040816,-0.0391032192130812,-40930000.0,0.1,0,0,UNRESEARCHED
CTJHY,CITIC Resources Holdings Limited,HK,Materials,344954208.0,,1.1871896415308243,1.1871896415308243,0.28882208,8.877053389257838,0.2319474043439363,0.0272481591437053,85602.62332758737,0.0,0,0,UNRESEARCHED
8144.T,"Denkyosha Co.,Ltd.",JP,Information Technology,7981676544.0,1.1866201326357095,0.3613279311313592,1.1866201326357095,0.29333615,36.9220592048789,-0.032699896890234,0.0073684646272302,3010000000.0,0.22,0,0,UNRESEARCHED
9193.T,"Tokyo Kisen Co., Ltd.",JP,Industrials,8758794240.0,0.4482054996239645,1.183888130690136,1.183888130690136,0.31232333,1.7354949,-0.0010085463897419,0.1387608908437038,4988501000.0,0.1,0,0,UNRESEARCHED
069410.KQ,"nTels Co., Ltd.",KR,Information Technology,26364360704.0,1.1834136466179266,0.7840745394101143,1.1834136466179266,0.7817754005270251,8.585917506188693,0.1001242055894694,0.1301885645748136,27110857160.0,0.184,0,0,YELLOW
ENJU3.SA,Enjoei.com.br Atividades de Internet S.A.,BR,Consumer Discretionary,159914016.0,1.1450944054065832,1.1822767183845362,1.1822767183845362,0.7684729,,-0.2091169199989054,-0.0529985931882522,181791000.0,0.067,0,0,YELLOW
1994.T,Takahashi Curtain Wall Corporation,JP,Industrials,4912722944.0,1.1805085848618333,0.3534454039579462,1.1805085848618333,0.4407215,7.100321,0.1920281653982211,0.0207628757204842,1624355000.0,0.219,0,0,UNRESEARCHED
3765.T,Gungho Online Entertainment Inc.,JP,Communication Services,131388514304.0,1.1796438063879915,1.124675639714878,1.1796438063879915,1.1355572,54.949627,0.0225209944390848,,128981999616.0,0.177,0,0,UNRESEARCHED
CAAS,"China Automotive Systems, Inc.",US,Consumer Discretionary,159301312.0,1.179530386236229,0.452828768914895,1.179530386236229,0.35896394,2.7789476,0.4569247556520861,0.1574238506042344,60660000.0,0.28,0,0,UNRESEARCHED
ANMOL.BO,Anmol India Limited,IN,Energy,966971456.0,1.1768703129123184,-0.7263916588660917,1.1768703129123184,0.8147118,8.369458,0.1567781541630118,0.1491014799154334,-702400000.0,0.1,0,0,RED
115570.KQ,"StarFlex Co., Ltd.",KR,Materials,21303048192.0,1.1765423078317188,-0.4195917811235125,1.1765423078317188,0.2990470237240994,1.324732959214443,0.583940605489102,0.0837271556938434,-8243360768.0,0.1,0,0,UNRESEARCHED
4224.T,Lonseal Corporation,JP,Industrials,9750612992.0,1.1764509799126173,0.7866204454735256,1.1764509799126173,0.4936769,9.564707,0.0799273857465057,0.1117118615870903,7460000000.0,0.1,0,0,UNRESEARCHED
0698.HK,Tongda Group Holdings Limited,HK,Information Technology,400902400.0,1.17618018865218,0.3596512676464087,1.17618018865218,0.1604881,4.84,0.4600321674302773,0.0769296914667576,141206000.0,0.1,0,0,RED
000910.SZ,"Dare Power Dekor Home Co.,Ltd.",CN,Materials,2851941120.0,1.1755230659104074,0.7791633573912705,1.1755230659104074,0.4674742,,-0.2354678780948661,-0.0317598968953033,2601723640.05,0.1,0,0,UNRESEARCHED
014190.KQ,Wonik Cube Corp.,KR,Materials,46190567424.0,1.1753934116907463,-0.0630394011888448,1.1753934116907463,0.4666455280252779,6.916553821593416,-0.1407080352648581,0.0443647278621443,-3291144080.0,0.082,0,0,UNRESEARCHED
3161.T,AZEARTH Corporation,JP,Consumer Discretionary,3768503552.0,1.1743756225896738,0.6330840514768368,1.1743756225896738,0.5521617,27.261463,-0.0244951578613545,0.0658113538567313,2436387000.0,0.058,0,0,UNRESEARCHED
PCO.WA,Pepco Group NV,PL,Consumer Discretionary,21934215168.0,-5.012947051592452,1.174197606718142,1.174197606718142,19.61408387089073,23.10437478907588,0.1589435552673836,0.2538583424056568,-93741792400.4484,0.22,0,0,GREEN
CTTMF,Catena Media plc,US,Consumer Discretionary,14751776.0,,1.1734421986024035,1.1734421986024035,0.16795817,,0.5353931621521368,0.0766389116922716,20979922.84866336,0.078,0,0,UNRESEARCHED
9972.T,"Altech Co., Ltd.",JP,Industrials,3786576384.0,1.17334798684721,0.0041060053646109,1.17334798684721,0.41597024,,0.0296961705488783,-0.2071018501315179,-165659000.0,0.178,0,0,UNRESEARCHED
010960.KS,"Samho Development Co., LTD",KR,Industrials,66373201920.0,0.9342833996381776,1.173097299574185,1.173097299574185,0.2980217037994881,4.299484705103958,-0.090267718437739,0.1247216346098199,83783784260.0,0.085,0,0,UNRESEARCHED
TOPP.BK,Thai O.P.P. Public Company Limited,TH,Consumer Discretionary,804000000.0,1.172498907673861,0.6421544112709832,1.172498907673861,0.44142985,5.281829,0.0579591330845771,0.1121713598110978,535556779.0,0.1,0,0,UNRESEARCHED
BIX.SI,Ellipsiz Ltd,SG,Information Technology,43912588.0,,1.1681616214466797,1.1681616214466797,0.44388607,26.5,-0.0771988205295483,,51297000.0,0.1,0,0,UNRESEARCHED
3710.T,"Jorudan Co.,Ltd.",JP,Information Technology,3259357440.0,1.0040350902450264,1.168030597058825,1.168030597058825,0.66328007,9.169177,0.1369453784202043,,3670000128.0,0.1,0,0,UNRESEARCHED
000928.SZ,"Sinosteel Engineering & Technology Co., Ltd.",CN,Industrials,8120088064.0,0.3997038533270081,1.1671586967457723,1.1671586967457723,0.97334474,17.6875,0.4288036165428956,-0.6641818432502147,9778834280.99,0.1,0,0,UNRESEARCHED
2107.TW,Formosan Rubber Group Inc.,TW,Materials,8121123840.0,1.1664502949246194,0.790046354600755,1.1664502949246194,0.5371162,14.228724,0.0806414937975277,0.0807735785703133,5912373000.0,0.093,0,0,UNRESEARCHED
131220.KQ,"DAIHAN Scientific Co., Ltd.",KR,Industrials,27313035264.0,1.1637513830551975,0.4746767713047484,1.1637513830551975,0.7116412723741109,8.427618238803934,0.1839546306172653,0.1942975909731207,15087350820.0,0.214,0,0,UNRESEARCHED
089470.KS,"HDC Hyundai Engineering Plastics Co., Ltd.",KR,Consumer Discretionary,102045999104.0,1.1630688748382674,-0.6464216428063398,1.1630688748382674,0.302356711609798,3.284831761187076,-0.2727171642347112,0.1185696444661028,-70401459500.0,0.22,0,0,UNRESEARCHED
6150.T,"Takeda Machinery Co., Ltd.",JP,Industrials,2564827392.0,1.1614039196308186,0.1671934331876037,1.1614039196308186,0.46957666,8.680501,0.1623660918855314,0.0995414742483906,430513000.0,0.093,0,0,UNRESEARCHED
ALPA.NS,Alpa Laboratories Limited,IN,Health Care,1297994624.0,1.16124977242823,0.9361247516697496,1.16124977242823,1.9077809,30.240196,-0.028868324795233,0.36124912270949,1401415000.0,0.1,0,0,UNRESEARCHED
CMO.NZ,The Colonial Motor Company Limited,NZ,Consumer Discretionary,233439664.0,1.1610856324918186,-0.607062743054372,1.1610856324918186,0.7284971,10.656716,0.2401091530015225,0.0614718472471569,-92608000.0,0.1,0,0,UNRESEARCHED
021650.KQ,Cubic Korea Inc.,KR,Industrials,32177907712.0,1.1607630658069563,-0.1901428072660821,1.1607630658069563,0.3368496795339318,7.759004396449323,0.0400617697563741,0.0662903593863297,-6334166870.0,0.1,0,0,UNRESEARCHED
048430.KQ,"Yura Tech. Co., Ltd.",KR,Industrials,71466418176.0,1.159960181764419,0.8890096855936976,1.159960181764419,0.4933902193113042,8.239830812624975,0.130746772579128,0.0947793090039429,68217958460.0,0.1,0,0,YELLOW
SANDESH.NS,The Sandesh Limited,IN,Communication Services,7679934464.0,1.1589294102317989,0.2342447751227932,1.1589294102317989,1.2974938,10.65449885730922,0.0828308328090748,,1720790992.0,0.1,0,0,UNRESEARCHED
139670.KQ,KineMaster Corporation,KR,Information Technology,29014155264.0,1.1325991804512132,1.1586002776296218,1.1586002776296218,0.8700276376457815,3.809117284777159,0.1181874752840193,,28250364790.0,0.08,0,0,UNRESEARCHED
042370.KQ,Vitzro Tech Co. Ltd,KR,Industrials,228988207104.0,1.1564315519184645,0.8224365833097811,1.1564315519184645,1.3676155598461133,23.43445972495391,0.3468128893739737,0.8752009254295297,176261489370.0,0.1,0,0,UNRESEARCHED
4627.T,"Natoco Co., Ltd.",JP,Materials,14504133632.0,1.1558850703975183,0.9477418074460776,1.1558850703975183,0.56445277,10.077194,0.1918902398387608,,12728999936.0,0.1,0,0,UNRESEARCHED
1RQ.F,Cheerwin Group Limited,CN,Consumer Staples,301333376.0,,1.1554130899733643,1.1554130899733643,0.76542336,8.969261396826022,0.1109750022976202,1.2310104898809735,6057490.518169519,0.1,0,0,UNRESEARCHED
5962.T,"Asaka Industrial Co., Ltd.",JP,Industrials,1993216000.0,1.154900866643396,0.1233155301522457,1.154900866643396,0.42799672,4.8567553,0.0042298476432057,0.0835433453515218,206112000.0,0.192,0,0,UNRESEARCHED
SLIS.JK,PT Gaya Abadi Sempurna Tbk,ID,Information Technology,211849641984.0,1.1547830348923689,-0.2192384615092877,1.1547830348923689,0.67085296,,-0.0723782923086462,-0.0595027772692244,-25526172036.0,0.1,0,0,UNRESEARCHED
CPH.BK,Castle Peak Holdings Public Company Limited,TH,Consumer Discretionary,436000000.0,1.153620453431818,-0.2349080363636363,1.153620453431818,0.36886632,4.067164,0.6291206510810811,0.0654016859643967,-189721925.65,0.1,0,0,YELLOW
6JF.F,Passat Societe Anonyme,FR,Consumer Discretionary,18722328.0,,1.1531508311561052,1.1531508311561052,0.43494087,7.7096777,0.3746206682516527,0.1710330522613518,20867000.0,0.1,0,0,UNRESEARCHED
DQ7A.IR,Donegal Investment Group plc,IE,,15160775.0,0.8124254861641308,1.1519200040895008,1.1519200040895008,0.7843875,,0.0054746541651069,-0.2027680882187464,3960000.0,0.194,0,0,UNRESEARCHED
3477.T,"FORLIFE Co., Ltd.",JP,Industrials,3607303680.0,1.1503488463133846,-0.4334537301366071,1.1503488463133846,0.8200283,6.5528517,-0.0746973429195736,0.1372908378088159,-2527429000.0,0.1,0,0,UNRESEARCHED
BIVI,BioVie Inc.,US,Health Care,16564250.0,1.1493946855137616,0.7586866305027435,1.1493946855137616,1.4390602,,,,13036476.0,0.178,0,0,UNRESEARCHED
ICG,Intchains Group Ltd,US,Information Technology,59348948.0,0.1995349744436955,1.1492555826222228,1.1492555826222228,0.48044658,,-0.0348046988304292,-0.1386699028226815,4685093.333899975,0.0,0,0,UNRESEARCHED
5187.T,"Create Medic Co., Ltd.",JP,Health Care,9018227712.0,1.1481461043338552,0.560327811284831,1.1481461043338552,0.5509371,18.607325,0.052287194501447,0.0949835380496675,5081222000.0,0.082,0,0,UNRESEARCHED
ACRV,Acrivon Therapeutics Inc. Common Stock,US,Health Care,85706720.0,1.1470971866386508,0.962382209956644,1.1470971866386508,0.9886308,,-0.7157720425448224,,34064000.0,0.332,0,0,UNRESEARCHED
5971.T,"Kyowakogyosyo Co.,Ltd.",JP,Industrials,10867872768.0,1.1467228594606431,1.0486499334316854,1.1467228594606431,0.6355698,12.685914,0.1409780450650098,,11027999744.0,0.22,0,0,UNRESEARCHED
A55.SI,Asia Enterprises Holding Limited,SG,Materials,45821584.0,,1.1458355520839263,1.1458355520839263,0.45925924,30.83762707694674,0.1841954001415577,,52504000.0,0.1,0,0,UNRESEARCHED
PYS.NZ,PaySauce Limited,NZ,Information Technology,32934020.0,-0.0718193561877438,1.1455516252987217,1.1455516252987217,3.448276,119.24965184516546,0.1973219351717508,-0.060598409291756,12092000.0,0.1,0,0,UNRESEARCHED
SPR.L,Springfield Properties Plc,UK,Industrials,128477856.0,1.144928819484659,-0.4074963343483022,1.144928819484659,0.74445984,9.772728,0.2728349010325125,0.1133538006971214,-44671000.0,0.096,0,0,UNRESEARCHED
ALCOF.PA,Cofidur S.A.,FR,Information Technology,10659632.0,1.1448813076116315,-0.0364940762325371,1.1448813076116315,0.35833746,6.8355055,0.3041079252481297,0.0630360205831904,-417000.0,0.22,0,0,UNRESEARCHED
SCCO.JK,PT Supreme Cable Manufacturing & Commerce Tbk,ID,Industrials,2072280563712.0,1.1443113831516551,0.8181861851305223,1.1443113831516551,0.36125726,6.1630263,0.0919186779572925,,1466751909888.0,0.1,0,0,UNRESEARCHED
9625.T,"Cerespo Co., Ltd.",JP,Communication Services,5043230208.0,0.8308659168491218,1.1439908725681769,1.1439908725681769,0.53215456,6.5737767,-0.0211431721575546,0.2826586868101155,5230029000.0,0.097,0,0,UNRESEARCHED
IRC.BK,Inoue Rubber (Thailand) Public Company Limited,TH,Consumer Discretionary,2575582976.0,1.1438433545168198,0.9869429987547934,1.1438433545168198,0.605814,10.307693,0.1282839116862447,0.1552672725982775,2238437000.0,0.1,0,0,GREEN
008110.KS,Daidong Electronics Co. Ltd.,KR,Industrials,101711003648.0,1.143628247662929,,1.143628247662929,0.3987078208290963,,0.0589892465397767,,,0.1,0,0,UNRESEARCHED
VGI.BK,VGI Public Company Limited,TH,Communication Services,20890271744.0,1.1434352520981277,1.0801751271868445,1.1434352520981277,0.5953097,,-0.029234266692841,-0.0801573543140021,20285844019.0,0.1,0,0,UNRESEARCHED
6249.T,"Gamecard-Joyco Holdings,Inc.",JP,Consumer Discretionary,40369065984.0,1.102074401141169,1.1430237219332955,1.1430237219332955,0.6673897,12.375301,0.0665543618573124,0.2034096007178106,37965999424.0,0.22,0,0,UNRESEARCHED
NIU,Niu Technologies,US,Consumer Discretionary,160401808.0,0.0008947019029318,1.1408548240995744,1.1408548240995744,1.2395480998590949,,0.0004990297079128,-0.3632043941746634,427021.0548032208,0.152,0,0,UNRESEARCHED
2428.T,Wellnet Corporation,JP,Information Technology,11810859008.0,0.2017456339856738,1.140542800872369,1.140542800872369,1.2762183,10.989593,0.0127950049947798,,21307201000.0,0.02,0,0,UNRESEARCHED
LPCN,Lipocine Inc.,US,Health Care,18714454.0,0.7701460260974499,1.1391386553997789,1.1391386553997789,0.85984844,,-0.5585030908358178,,4182608.0,0.449,0,0,UNRESEARCHED
2795.T,Nippon Primex Inc.,JP,Industrials,4919323136.0,1.0717238071817563,1.133630966334825,1.133630966334825,0.56956375,11.073591,0.0790812411772445,,5347999744.0,0.22,0,0,UNRESEARCHED
6292.T,"Kawata Mfg. Co., Ltd.",JP,Industrials,5833004544.0,1.1330300032893776,0.3317890657222337,1.1330300032893776,0.44059256,157.54716,0.2604615774296328,0.0940094121300643,1268253000.0,0.041,0,0,UNRESEARCHED
F13.SI,Fu Yu Corporation Limited,SG,Industrials,53339632.0,1.1327177779111994,0.7456416202342602,1.1327177779111994,0.4166667,24.420793417063663,0.1364463856818509,-0.0775436861591153,45270000.0,0.1,0,0,UNRESEARCHED
088130.KQ,"Dong A Eltek Co., Ltd.",KR,Industrials,99141730304.0,1.1320264681207115,1.112032992781592,1.1320264681207115,0.7820751288732902,,0.7027648564370601,1.3831257252908058,101887851350.0,0.0,0,0,UNRESEARCHED
2317.HK,Vedan International (Holdings) Limited,HK,Consumer Staples,1248648448.0,1.1302271498010257,0.2500793023826329,1.1302271498010257,0.5228074,8.685086520330302,0.1151107886613429,0.0896455377608653,312261132.79699725,0.1,0,0,UNRESEARCHED
BISI.JK,PT BISI International Tbk,ID,Materials,2159999975424.0,1.1288191796656313,0.1023652969472448,1.1288191796656313,0.6101752,8.845209,-0.0808476861050521,0.0717802223785115,224180000000.0,0.1,0,0,GREEN
STARPAPER.NS,Star Paper Mills Limited,IN,Materials,2629070592.0,1.1286778463093747,0.9025746145836028,1.1286778463093747,0.37003678,8.4984865,0.050894723410067,0.1049997669121784,2488856000.0,0.1,0,0,UNRESEARCHED
KBH,KB Home,US,Industrials,3013986304.0,1.1278955207654386,-0.5609216433872427,1.1278955207654386,0.7938251,11.96107,0.1116586436743746,0.0773291814052937,201798000.0,0.131,0,0,UNRESEARCHED
SYNTEC.BK,Syntec Construction Public Company Limited,TH,Industrials,3066354432.0,0.7236430291100249,1.1273791379538,1.1273791379538,0.48719236,4.85,0.1289968251048677,0.247755488448915,2922365000.0,0.22,0,0,UNRESEARCHED
CM.BK,Chiangmai Frozen Foods Public Company Limited,TH,Consumer Staples,583152960.0,1.1262469595430715,0.1833699188961178,1.1262469595430715,0.4586331,,-0.2406726582041441,-0.0096329665357359,112523962.0,0.1,0,0,UNRESEARCHED
3531.TWO,"Shian Yih Electronic Industry Co.,Ltd",TW,Information Technology,1303027456.0,1.125771733253836,0.9541436556568308,1.125771733253836,0.6984981,16.259542,0.0860981812128734,0.0877218535586874,1342504000.0,0.1,0,0,UNRESEARCHED
RALS.JK,PT Ramayana Lestari Sentosa Tbk,ID,Consumer Discretionary,2392563122176.0,0.7208068970115715,1.1252187978018835,1.1252187978018835,0.6900005,9.794073,0.1013005666406702,0.5589317508517943,2692157000000.0,0.1,0,0,UNRESEARCHED
MGX.AX,Mount Gibson Iron Limited,AU,Materials,401345760.0,1.0260180648227104,1.1241703413037178,1.1241703413037178,0.97765356,,-0.1374724875628435,0.5883969176351693,451181000.0,0.05,0,0,UNRESEARCHED
MNTS,Momentus Inc. Class A Common Stock,US,Industrials,88732136.0,-0.0097704959516815,1.1241135905936042,1.1241135905936042,0.71924514,,-0.3722809483127911,,99745000.0,0.115,0,0,UNRESEARCHED
FLX,Bingex Limited,US,Information Technology,116298496.0,0.0024455054450135,1.1238854115984576,1.1238854115984576,0.9760257,,0.0004163176281223,0.1687997144605343,259114.1808201373,0.137,0,0,UNRESEARCHED
SUC.BK,Saha-Union Public Company Limited,TH,Industrials,8249999872.0,1.1091226824484586,1.123255037077881,1.123255037077881,0.31823915,6.997455,0.0583530359957682,0.1199491312978795,9182610000.0,0.1,0,0,UNRESEARCHED
A52.SI,AnnAik Limited,SG,Materials,16157137.0,1.12292105144189,-0.4868381437763245,1.12292105144189,0.24888891,,0.3722813020648398,,-9411000.0,0.1,0,0,UNRESEARCHED
504.SI,HS Optimus Holdings Limited,SG,Consumer Discretionary,27828708.0,1.122330221007745,0.5142543446590676,1.122330221007745,0.5555556,11.400930587519834,0.0136754102993211,-0.0474355043581095,-917000.0,0.098,0,0,UNRESEARCHED
009190.KS,"Daiyang Metal Co., Ltd.",KR,Materials,54977015808.0,1.120367087205736,-0.0922203345160005,1.120367087205736,0.8487029512179738,8.975099827011741,-0.0231114690625879,0.1330419034222588,-5248464310.0,0.064,0,0,UNRESEARCHED
FKWL,Franklin Wireless Corp.,US,Information Technology,28046588.0,1.1202482230785396,1.1001434550880675,1.1202482230785396,0.83743846,155.0,-0.1134167847431717,-0.1173557235837584,9305157.0,0.175,0,0,YELLOW
6608.HK,"Bairong, Inc. Class B",HK,Information Technology,2089346560.0,,1.120187529352728,1.120187529352728,0.4269395,,0.0030831632663413,0.0088016600758535,3217411332.4434247,0.172,0,0,UNRESEARCHED
5658.T,"Nichia Steel Works, Ltd.",JP,Industrials,17796024320.0,1.1201558534471054,0.578441616752135,1.1201558534471054,0.33015844,17.85875,-0.0424819041829675,0.034086870990983,9357689000.0,0.22,0,0,UNRESEARCHED
089600.KQ,"Nasmedia Co., Ltd.",KR,Communication Services,141870317568.0,1.1173851102875552,0.5556991973958286,1.1173851102875552,0.7749339869861255,,0.04049083409242,0.2525900446672413,80075835392.0,0.1,0,0,UNRESEARCHED
067280.KQ,Multicampus Corporation,KR,Communication Services,138982965248.0,1.01764869935214,1.1171788628516437,1.1171788628516437,0.6710584358936258,,0.2745232674836632,0.3200771050566683,155599892960.0,0.0,0,0,UNRESEARCHED
BALAXI.NS,Balaxi Pharmaceuticals Limited,IN,Health Care,1291303424.0,1.1157527108378404,-0.3123296245584456,1.1157527108378404,0.5184413,91.21248352326808,-0.411465215344538,0.0672727635350141,-176743000.0,0.0,0,0,UNRESEARCHED
348030.KQ,"MOBIRIX Co., Ltd",KR,Communication Services,27899039744.0,1.1155789977813682,1.092578484234823,1.1155789977813682,0.4295389392362802,,0.032087965385906,-0.2945630230853849,27229088128.0,0.1,0,0,UNRESEARCHED
CLIQ.DE,CLIQ DIGITAL AG,DE,Communication Services,32686764.0,1.1134101612830736,0.5990293288053107,1.1134101612830736,0.67091495,,0.7228787094814199,-0.4542607123252284,29993000.0,0.145,0,0,UNRESEARCHED
BOLD,Boundless Bio Inc. Common Stock,US,Health Care,64376792.0,0.7843249940355397,1.11241626014188,1.11241626014188,0.9638964,,-0.7230721007974793,,17483000.0,0.205,0,0,UNRESEARCHED
000850.KS,Hwacheon Machine Tool Co. Ltd,KR,Industrials,79640002560.0,1.1122981764928128,0.6846687035854983,1.1122981764928128,0.2255780314690396,3.965044143101386,-0.0068778739383095,0.0662218772124627,52870119920.0,0.1,0,0,UNRESEARCHED
5MD.SI,Soon Lian Holdings Limited,SG,Materials,34560000.0,1.111565951916829,0.0691682910981156,1.111565951916829,0.63872254,4.0,0.1578993055555555,0.1407253659602359,2129000.0,0.1,0,0,UNRESEARCHED
8147.T,"Tomita Co., Ltd.",JP,Industrials,7355333120.0,1.1106077084686443,0.9829976088148368,1.1106077084686443,0.5377492,11.0212965,0.2554200967287654,0.1617020335082953,6144204000.0,0.22,0,0,UNRESEARCHED
005800.KS,"Shinyoungwacoal,Inc.",KR,Consumer Discretionary,122220003328.0,1.1100527577601325,0.672351998352529,1.1100527577601325,0.3251689457047288,74.99728741616703,0.0767307140782211,0.010213586326264,84837374980.0,0.1,0,0,UNRESEARCHED
ALFFF,"Alfa, S.A.B. de C.V.",MX,Industrials,5776638976.0,,1.1091972735142752,1.1091972735142752,6.3318396,16.116808335583432,0.0419020149525191,0.2454909051902478,-2397037097.088991,0.22,0,0,UNRESEARCHED
IBIO,"iBio, Inc.",US,Health Care,77490248.0,0.6235323334687344,1.1077651990480144,1.1077651990480144,0.782976,,-0.3835712195829316,,85841000.0,0.299,0,0,UNRESEARCHED
7521.T,"Musashi Co., Ltd.",JP,Industrials,19073099776.0,1.0830128668510015,1.1077259853621595,1.1077259853621595,0.5155837,9.603668048683987,0.092171698394412,0.2769422074846044,20305000000.0,0.1,0,0,UNRESEARCHED
7467.T,"Hagiwara Electric Holdings Co., Ltd.",JP,Information Technology,36734742528.0,1.1077251996249515,-0.9434665282758667,1.1077251996249515,0.7256962174634531,13.774157,-0.205309728093271,0.0743919885550786,-34658000000.0,0.037,0,0,UNRESEARCHED
FULC,"Fulcrum Therapeutics, Inc.",US,Health Care,289929568.0,1.1070916834041196,1.067465398218838,1.1070916834041196,0.93297327,,-0.2174679637144149,,50261000.0,0.01,0,1,UNRESEARCHED
5951.T,"Dainichi Co., Ltd.",JP,Consumer Discretionary,17835769856.0,1.1068953140213738,0.6915153801601104,1.1068953140213738,0.6120722,11.841823,0.0682526429671318,0.0996940540611532,14082278000.0,0.2,0,0,YELLOW
4569.T,"KYORIN Holdings, Inc.",JP,Health Care,62673907712.0,1.1061951867136863,-0.1367467891214177,1.1061951867136863,0.44670054,28.85824577626128,0.0383732256021355,0.0900370081807557,-7304000000.0,0.082,0,0,UNRESEARCHED
ALEMG.PA,Euromedis Groupe,FR,Health Care,14565549.0,1.1053649999366,0.7253458829461217,1.1053649999366,0.88741946,12.7894745,-0.1498546985788011,0.0940782112379142,7142644.0,0.1,0,0,UNRESEARCHED
3583.T,AuBEX CORPORATION,JP,Consumer Discretionary,3691325440.0,1.1047051918980102,0.2994480020752551,1.1047051918980102,0.50565845,6.4494524,-0.0308539579755937,0.1482017919088432,1340378000.0,0.22,0,0,UNRESEARCHED
7GS.F,OPTeam Spolka Akcyjna,PL,Information Technology,11885461.0,,1.1045489274669278,1.1045489274669278,31.34201750464818,172.72135734954358,0.1763066828201224,0.2446446796817563,172056.95712938433,0.1,0,0,UNRESEARCHED
131180.KQ,Dilli Illustrate Inc.,KR,Information Technology,23118667776.0,1.1034120346039975,0.6301350355374097,1.1034120346039975,0.3876760754860038,,0.067585987875221,0.0586293193359796,15268261360.0,0.0,0,0,UNRESEARCHED
051160.KQ,GaeaSoft Corp.,KR,Information Technology,135328227328.0,0.8930144981370101,1.1028689798216689,1.1028689798216689,0.6916597246694085,9.869668178859918,0.242698012636978,,147019484670.0,0.19,0,0,UNRESEARCHED
2415.T,"Human Holdings Co., Ltd.",JP,Consumer Staples,17113259008.0,0.5417288495554528,1.101738990233456,1.101738990233456,0.8843606,7.604686,0.1331159657511799,,18008243000.0,0.1,0,0,UNRESEARCHED
0150.HK,Hypebeast Limited,HK,Communication Services,306026208.0,1.098542524668355,0.6171639064489802,1.098542524668355,0.72380954,15.2,0.0767744702440648,-0.0763650440336785,192596000.0,0.22,0,0,UNRESEARCHED
016580.KS,"Whan In Pharm Co.,Ltd.",KR,Health Care,190384685056.0,1.0982093004981652,0.39663883688932,1.0982093004981652,0.3747094819664437,12.034949242086434,0.0780196759370611,0.0532811188395553,63037892340.0,0.058,0,0,UNRESEARCHED
CVB.F,Computer And Technologies Holdings Limited,HK,Information Technology,34342060.0,,1.097780290193383,1.097780290193383,0.57433903,14.505893685470948,0.107101222950995,0.2334517014644183,449183.0447428573,0.1,0,0,UNRESEARCHED
000225.KS,"Yuyu Pharma, Inc.",KR,Health Care,27394004000.0,1.0974510790755525,0.134061870984614,1.0974510790755525,,3.026364593727052,0.1582572930923132,0.0960458063954414,3672491430.0,0.141,0,0,UNRESEARCHED
FVC.BK,Filter Vision Public Company Limited,TH,Industrials,701079616.0,1.0973404196079208,-0.6154008619757103,1.0973404196079208,0.5324459,108.02474394802704,-0.1929086357588335,0.0479481650103797,-431445000.0,0.1,0,0,UNRESEARCHED
JMA.NS,Jullundur Motor Agency (Delhi) Limited,IN,Consumer Discretionary,2129243136.0,1.0971958761452028,0.1064588979307497,1.0971958761452028,0.7751796,6.644334,-0.0113807847121468,,141904992.0,0.0,0,0,UNRESEARCHED
KBLV.JK,PT First Media Tbk,ID,Communication Services,222997495808.0,-4.857136599383932,1.0967236430370786,1.0967236430370786,0.14759995,94.0,-0.2799424629136175,,254120001536.0,0.1,0,0,UNRESEARCHED
1421.HK,Kingbo Strike Limited,HK,Information Technology,112109312.0,1.0963452955573187,0.0220026218266393,1.0963452955573187,0.9395973,,-0.0135135964441562,-0.1957348644076485,1828000.0,0.023,0,0,UNRESEARCHED
003925.KS,"Namyang Dairy Products Co., Ltd",KR,Consumer Staples,172516933632.0,1.09422624037983,0.375035952227236,1.09422624037983,0.2872177142448488,14.138124711509333,-0.1156236887594438,0.0057799534422812,64700048510.0,0.12,0,0,UNRESEARCHED
2491.T,"ValueCommerce Co., Ltd.",JP,Communication Services,10042995712.0,1.0608739340877762,1.0939043125372971,1.0939043125372971,0.82220596,20.657486,-0.0864283949621584,,11025999872.0,0.122,0,0,UNRESEARCHED
NATHBIOGEN.NS,Nath Bio-Genes (India) Limited,IN,Materials,2812316160.0,1.0929244978697292,-0.2141300486211837,1.0929244978697292,0.4855514,6.1549354,-0.0470459627873492,0.1074854009239395,1009187000.0,0.1,0,0,UNRESEARCHED
036800.KQ,"Nice Information & Telecommunication, Inc.",KR,Information Technology,339828473856.0,0.6549890835493695,1.0923627402028588,1.0923627402028588,0.5888705812081229,6.572187503182626,0.1129480107049915,,366178663370.0,0.1,0,0,UNRESEARCHED
ZEEL.NS,Zee Entertainment Enterprises Limited,IN,Communication Services,76226822144.0,1.0920927027638627,0.3355965381348469,1.0920927027638627,0.64147955,37.611378,0.0627710620642222,0.0522739925241714,29282000000.0,0.012,0,0,UNRESEARCHED
075130.KQ,"Plantynet Co., Ltd.",KR,Information Technology,32576063488.0,0.7528525381091596,1.0905226396978682,1.0905226396978682,0.4539360689488392,199.81867691190664,-0.0531216370690485,0.0330604406057436,30595636736.0,0.075,0,0,UNRESEARCHED
JUSTDIAL.NS,Just Dial Limited,IN,Communication Services,56604381184.0,1.090332139299334,0.9752896207101802,1.090332139299334,1.1084242,11.246198,0.0447218762263479,-0.9784445005270112,57800900000.0,0.1,0,0,UNRESEARCHED
201490.KQ,"Me2on Co., Ltd.",KR,Communication Services,89307037696.0,1.0889635137887743,1.081518870620854,1.0889635137887743,0.5139994689369441,71.9874051955414,0.2270173154531071,0.1846330433295445,87480951808.0,0.171,0,0,UNRESEARCHED
RPPINFRA.NS,R.P.P. Infra Projects Limited,IN,Industrials,2992014336.0,1.087724055138504,-0.2794716591128586,1.087724055138504,0.55940294,43.466663,-0.1859152654623301,0.2224546457231963,2925500000.0,0.1,0,0,UNRESEARCHED
IKBI.JK,PT Sumi Indo Kabel Tbk,ID,Industrials,679320027136.0,1.087656408553348,0.2376967334539146,1.087656408553348,,5.147828639180302,0.1796383154101423,0.1664423164750739,236608661423.54623,0.1,0,0,UNRESEARCHED
126560.KS,"Hyundai Futurenet Co., Ltd",KR,Communication Services,361160835072.0,1.0874856282964631,0.9537958731987412,1.0874856282964631,0.444541572928447,37.20247722702876,0.0571864914308401,0.0451227132232382,301800088000.0,0.22,0,0,UNRESEARCHED
4301.T,Amuse Inc.,JP,Communication Services,29674012672.0,0.8914948456657699,1.0863358091495758,1.0863358091495758,0.82867485,62.11313355796926,0.193820394699907,0.5573164289487585,31496000000.0,0.22,0,0,GREEN
3758.T,Aeria Inc.,JP,Communication Services,4962128384.0,1.0841802014887576,-0.0351242527274024,1.0841802014887576,0.58475643,18.594105,-0.1581598971704401,0.0893543189986367,487000000.0,0.217,0,0,UNRESEARCHED
038070.KQ,"Seoulin Bioscience Co.,Ltd.",KR,Health Care,35759845376.0,1.083669478617525,0.6344246654362435,1.083669478617525,0.6426337627693287,40.84690561423174,-0.0059190729644974,0.0126971383053157,22938693632.0,0.19,0,0,UNRESEARCHED
043610.KQ,Genie Music Corporation,KR,Communication Services,69041143808.0,1.059077999103592,1.0828644776239016,1.0828644776239016,0.6170253471017332,,0.2551427097325904,-0.2240391132876232,74384616390.0,0.1,0,0,UNRESEARCHED
7879.T,Noda Corporation,JP,Industrials,9855892480.0,1.0803727904834377,0.4897753458319017,1.0803727904834377,0.29244238,,-0.3804030270638581,-0.0152673248537404,6751240000.0,0.083,0,0,UNRESEARCHED
7422.T,"Toho Lamac Co., Ltd.",JP,Consumer Discretionary,2030191744.0,1.0798709966245008,-0.2496769125676529,1.0798709966245008,0.38474074,3.6543789181202606,-0.4736637250124672,0.0141716794266032,405033000.0,0.1,0,0,UNRESEARCHED
049070.KQ,"Intops Co., Ltd.",KR,Consumer Discretionary,296725708800.0,1.0778917959012269,0.9694800341352064,1.0778917959012269,0.4491876158728488,9.568831930298662,0.0486313691822509,0.0659560960421543,297033467610.0,0.217,0,0,UNRESEARCHED
9867.T,Solekia Limited,JP,Information Technology,9061860352.0,1.0777397419037575,0.708178114215304,1.0777397419037575,0.69771016,5.3292828,0.1596522635134936,0.3177446906317072,6178823000.0,0.1,0,0,UNRESEARCHED
A48.F,Arcus ASA,NO,Consumer Staples,565632896.0,,1.0775543141005106,1.0775543141005106,0.5784914267553688,,0.1234534332328724,,310064065.2492412,0.1,0,0,UNRESEARCHED
5282.T,GEOSTR Corporation,JP,Materials,12315230208.0,1.0773392488646056,0.6022817054358016,1.0773392488646056,0.4976652,6.7688165,0.2835100576219496,0.0544216032236174,410081000.0,0.22,0,0,UNRESEARCHED
JUBILE.BK,Jubilee Enterprise Public Company Limited,TH,Consumer Discretionary,1359330432.0,1.0767358219736418,0.7342697039120102,1.0767358219736418,0.7690033,11.818182,0.1921017984188012,0.1707546394934909,921337000.0,0.1,0,0,UNRESEARCHED
356890.KQ,"CyberOne Co., Ltd",KR,,30897006592.0,1.07504990770087,0.9246403076276368,1.07504990770087,0.9147860331134428,,0.009050018783127,0.0680405702790863,28568617680.0,0.1,0,0,UNRESEARCHED
6257.T,"Fujishoji Co.,Ltd.",JP,Consumer Discretionary,21050099712.0,1.0529273346259949,1.0748110137258011,1.0748110137258011,0.4998939,419.0908248220002,-0.2979447017792338,,22354999296.0,0.1,0,0,UNRESEARCHED
3322.HK,Win Hanverky Holdings Limited,HK,Consumer Discretionary,254311200.0,1.0744241267280012,-1.642417786799397,1.0744241267280012,0.20518135,15.60287134180011,0.3861129051831157,0.014382059386303,-440890000.0,0.1,0,0,UNRESEARCHED
8135.T,Zett Corporation,JP,Consumer Discretionary,8397566976.0,0.9974094253802528,1.0728107288995186,1.0728107288995186,0.54807264,8.605818,0.0215224373121313,0.7162459766220566,8736000000.0,0.1,0,0,UNRESEARCHED
ATHM,Autohome Inc.,US,Communication Services,2506119168.0,0.0031775863709065,1.0725007797278436,1.0725007797278436,0.75332355,18.07820367174003,0.0001427280987706,0.0368683965781602,1004587.3582442343,0.121,0,0,UNRESEARCHED
200869.SZ,Yantai Changyu Pioneer Wine Company Limited,CN,,5179052032.0,1.0724142660550893,0.4277742190565913,1.0724142660550893,0.43124068,147.27100199806637,0.1017765194026918,0.0442124553610905,2559732018.4067373,0.123,0,0,UNRESEARCHED
1455.HK,Fourace Industries Group Holdings Limited,HK,Consumer Staples,345211904.0,1.071660840439554,0.8977552699810066,1.071660840439554,0.7627119,9.000001,0.1905471248088419,0.3501045408245322,266298000.0,0.1,0,0,RED
012790.KQ,"Sinil Pharmaceutical Co., Ltd.",KR,Health Care,69819752448.0,1.0713038376019584,0.6106140661298763,1.0713038376019584,0.4051480915223543,10.01007940636358,0.0958156771040073,0.0619766380731948,38044940560.0,0.082,0,0,UNRESEARCHED
GSF.OL,Grieg Seafood ASA,NO,Consumer Staples,3010342144.0,0.9285339354362122,1.0711245807631522,1.0711245807631522,12.168784,42.40037950364799,-0.1981728227102148,-0.0044853039653023,2172315000.0,0.22,0,0,YELLOW
HTMEDIA.NS,HT Media Limited,IN,Communication Services,5764495360.0,0.2093401154446497,1.0707878692494135,1.0707878692494135,0.3536457,12.39801,0.0642391917534864,0.0582935490054678,5565700000.0,0.1,0,0,YELLOW
MED,"Medifast, Inc.",US,Consumer Discretionary,135733744.0,1.0684491789317747,1.0070157067350969,1.0684491789317747,0.63914925,240.49661005199303,0.0297860558090186,-0.0769230769230769,71529000.0,0.369,0,0,UNRESEARCHED
2329.T,Tohokushinsha Film Corporation,JP,Communication Services,58687582208.0,1.067907988346514,0.7075113691106251,1.067907988346514,0.80189997,9.784542,0.016715631537233,0.0832392139146148,50621998784.0,0.1,0,0,UNRESEARCHED
WINE.L,Naked Wines plc,UK,Consumer Staples,44135628.0,1.0672961139425772,0.5087876536518917,1.0672961139425772,0.7536889897843361,,0.2448520265667295,-0.0860468693913132,25700000.0,0.181,0,0,UNRESEARCHED
084730.KQ,THINKWARE Corporation,KR,Information Technology,78111391744.0,1.0669123403654528,-0.5676242142284278,1.0669123403654528,0.4988751831455444,,-0.0990156642624933,0.0485376134662163,-40515682304.0,0.22,0,0,UNRESEARCHED
WIMPLAST.BO,Wim Plast Limited,IN,Industrials,4010922752.0,1.065427150162448,0.7905901369999758,1.065427150162448,0.7251755,6.6896896,0.115161479281587,,3170995968.0,0.1,0,0,UNRESEARCHED
4231.T,Tigers Polymer Corporation,JP,Materials,19595964416.0,1.064651954322973,0.8114894855880153,1.064651954322973,0.4125791,8.512064,-0.0594487112325419,0.0979708789031924,16154830000.0,0.22,0,0,UNRESEARCHED
239610.KQ,"HLscience Co., Ltd.",KR,Health Care,26992640000.0,1.0634374569571847,0.9306991277416324,1.0634374569571847,0.4358193712577423,,-0.2778385808925884,,24932425728.0,0.1,0,0,UNRESEARCHED
MARINSA.SN,Marítima de Inversiones S.A.,CL,,264610463744.0,0.9273230632513276,1.0629384225323006,1.0629384225323006,0.79840994,6.8563094,0.147313691906699,,266303750144.0,0.1,0,0,UNRESEARCHED
036030.KQ,"KT Hitel Corporation., Limited",KR,Communication Services,229409570816.0,1.0615938564975271,,1.0615938564975271,0.7595988387147542,15.700920191673749,0.195455356272729,,142825003776.0,0.1,0,0,UNRESEARCHED
080530.KQ,"KODI CO., LTD",KR,Consumer Staples,27570954240.0,1.061113645842902,0.6869483599412204,1.061113645842902,0.5928664087576427,5.956369593500688,0.2921780831634422,0.0847272948685475,19053915720.0,0.1,0,0,UNRESEARCHED
7435.T,"Nadex Co., Ltd.",JP,Industrials,9741159424.0,1.060486455682841,0.4393539729399513,1.060486455682841,0.4841436,15.268022,0.1643350007284064,0.048837415045261,3840224000.0,0.198,0,0,UNRESEARCHED
TARMAT.NS,Tarmat Limited,IN,Industrials,1493829632.0,1.0604321272369828,0.0407708494883918,1.0604321272369828,0.80005366,21.06007,-0.1159412339720265,0.0307786090075017,14033000.0,0.1,0,0,UNRESEARCHED
5AB.SI,Trek 2000 International Ltd,SG,Information Technology,66391876.0,0.8981189142604243,1.0597344164671352,1.0597344164671352,1.4786879,5.843728058295661,-0.0911182811319912,,71716092.32559371,0.22,0,0,UNRESEARCHED
FLEXM.ST,Flexion Mobile Plc,SE,Communication Services,168337760.0,,1.0587249528917428,1.0587249528917428,24.46281,,0.1738452082787304,0.3565353339604024,176969899.99541274,0.083,0,0,UNRESEARCHED
000028.SZ,China National Accord Medicines Corporation Ltd.,CN,Health Care,12121987072.0,1.0581086351063846,0.0875436660239899,1.0581086351063846,0.64680517,11.511627,-0.0047484411522724,0.0956290661425331,1083616069.5299995,0.1,0,0,UNRESEARCHED
KIRIINDUS.BO,Kiri Industries Limited,IN,Materials,35037577216.0,-0.37493487178376,1.0569615682445066,1.0569615682445066,0.5110542,0.5695264,-0.1945275240918509,1.475245314071591,-9504636000.0,0.1,0,0,UNRESEARCHED
001130.KS,"Daehan Flour Mills Co.,Ltd",KR,Consumer Staples,191053086720.0,1.0543928130492428,0.3855503397599343,1.0543928130492428,0.1894337245285655,,0.466062808590633,0.0033726722904935,73851414740.0,0.1,0,0,UNRESEARCHED
AMRC,"Ameresco, Inc.",US,Industrials,1261914496.0,1.053055243550106,-2.006626274209113,1.053055243550106,1.0203382,44.867928,-0.0167230666415768,0.0677210150196763,-324390000.0,0.021,0,0,UNRESEARCHED
6888.HK,Freetech Road Recycling Technology (Holdings) Limited,HK,Industrials,90874560.0,,1.0529493359030195,1.0529493359030195,0.15422887,,-0.4482913406722464,-0.0984527837641509,89513000.0,0.1,0,0,UNRESEARCHED
0114.HK,Herald Holdings Limited,HK,Consumer Discretionary,395941440.0,1.0528604866585014,0.8959607465377444,1.0528604866585014,0.65109336,7.277777,-0.0709262159215285,0.1143562016190982,341208000.0,0.1,0,0,YELLOW
ALLD3.SA,Allied Tecnologia S.A.,BR,Information Technology,487484608.0,1.0524465670258356,-0.3491336551402795,1.0524465670258356,0.30968058,1.372973,,0.3023135147101808,-197000000.0,0.146,0,0,UNRESEARCHED
8281.T,"Xebio Holdings Co., Ltd.",JP,Consumer Discretionary,45644263424.0,1.0518714421282442,0.2244249946340782,1.0518714421282442,0.38124892,127.71677144696828,-0.0027673334092272,0.028182985695939,7612000000.0,0.22,0,0,UNRESEARCHED
ORFDF,Orecap Invest Corp.,US,Materials,33028528.0,,1.051551525263128,1.051551525263128,0.94772786,,-0.0164279869203756,,34731198.99559593,0.016,0,0,UNRESEARCHED
008060.KS,"Daeduck Co.,Ltd.",KR,Information Technology,454914408448.0,1.0513431514200668,0.6943974012771469,1.0513431514200668,1.292132163864046,12.583688482081744,0.1434033562325757,0.4630920899766248,349238118540.0,0.22,0,0,UNRESEARCHED
3895.T,Havix Corporation,JP,Materials,3690597632.0,1.0509388182104396,0.2453257735858662,1.0509388182104396,0.50623333,5.491703877649271,0.0787029714324598,0.1301406218305537,1157267000.0,0.072,0,0,UNRESEARCHED
ALWEC.PA,We.Connect SA,FR,Information Technology,73407064.0,1.0507110748467972,0.3483022024525964,1.0507110748467972,0.74572575,1.9339622,0.0164469048918779,0.5956206388168936,27657672.0,0.1,0,0,GREEN
068330.KQ,ilShinbiobase Co. Ltd.,KR,Industrials,46969708544.0,1.0497482113036347,,1.0497482113036347,0.7748055212546723,,0.1707107942612941,,,0.0,0,0,UNRESEARCHED
HURC,"Hurco Companies, Inc.",US,Industrials,141119056.0,1.0492264658141035,0.3361863445546342,1.0492264658141035,0.73389244,,0.0563970978968187,-0.0610196397965777,50055000.0,0.383,0,0,UNRESEARCHED
2442.TW,"Jean Co.,Ltd",TW,Consumer Discretionary,5245346816.0,1.049062794030094,-1.0891140805597344,1.049062794030094,0.75940454,3.4712646,0.8648472940173266,0.1591537121056422,-12341536000.0,0.1,0,0,YELLOW
1967.HK,Confidence Intelligence Holdings Limited,HK,Information Technology,88500000.0,,1.0490065245598807,1.0490065245598807,0.30597588,,-0.093224013714934,0.0470627756526262,103438103.72525416,0.1,0,0,UNRESEARCHED
PYHOF,Playmates Holdings Limited,US,Consumer Discretionary,124080000.0,,1.0486614126866567,1.0486614126866567,0.22055352,,0.0424176742304128,0.0158587803878112,3.872416109778874e-05,0.1,0,0,UNRESEARCHED
264450.KQ,Ubiquoss Inc.,KR,Communication Services,149441380352.0,1.0485394248614983,0.8893183873982062,1.0485394248614983,0.9925171574056828,5.318503887350375,0.1540187415445948,0.5341036731748802,132118426660.0,0.22,0,0,GREEN
3687.TWO,"MacroWell OMG Digital Entertainment Co., Ltd.",TW,Communication Services,1864679296.0,1.047813090603038,0.8282135242321966,1.047813090603038,1.1903389,17.94203,0.1130091593873676,-0.1832920219181222,5723655000.0,0.098,0,0,UNRESEARCHED
2654.T,Asmo Corporation,JP,Consumer Staples,5897442816.0,1.047483191992268,1.036172850968438,1.047483191992268,0.854826,12.65896,0.0789308204459578,0.3455386384076293,5524806000.0,0.1,0,0,UNRESEARCHED
CLPI.JK,PT Colorpak Indonesia Tbk,ID,,492725010432.0,1.0473256915881757,0.2675546962400312,1.0473256915881757,0.8465811,6.62988,0.1066724640265326,0.2017093868405039,172964685495.0,0.22,0,0,UNRESEARCHED
FHGDF,Founder Holdings Limited,HK,Information Technology,92117840.0,,1.046406223096858,1.046406223096858,0.6393878,24.33299603251812,,,96420306.15853044,0.1,0,0,UNRESEARCHED
7368.T,"HYOJITO Co., Ltd.",JP,Communication Services,7920438784.0,0.1397037918027704,1.046369659825909,1.046369659825909,0.9329136,9.850307,0.0825421278185156,0.4808197680721753,6008991000.0,0.1,0,0,UNRESEARCHED
7531.T,Seiwa Chuo Holdings Corporation,JP,Materials,5089807872.0,1.0433603654521884,0.3847700601152118,1.0433603654521884,0.31863075,13.863296,0.1456562678792677,0.0396147966442115,2854885000.0,0.1,0,0,UNRESEARCHED
9085.S,"Hokkaido Chuo Bus Co., Ltd.",JP,Consumer Discretionary,10463435776.0,,1.0429275324247067,1.0429275324247067,0.3224082,3.7629352,0.1601529251018316,0.1207525493743039,10913277000.0,0.22,0,0,UNRESEARCHED
9767.T,"Nikken Kogaku Co., Ltd.",JP,Industrials,2962854912.0,1.042729935918309,0.9214118073253228,1.042729935918309,0.5899127,10.539279,0.0285815547892748,0.1792207064382141,2345611000.0,0.22,0,0,UNRESEARCHED
1788.T,"Santo Co.,Ltd.",JP,Industrials,2545019136.0,0.7516769453319613,1.0424282860873546,1.0424282860873546,0.67062426,8.613192,0.5382022400636284,,1545579000.0,0.097,0,0,UNRESEARCHED
7871.T,"Fukuvi Chemical Industry Co.,Ltd.",JP,Industrials,19268423680.0,1.0403666954316522,0.6856641286184273,1.0403666954316522,0.4946823,11.816683,0.0078650292887729,0.0631632690273877,12621000000.0,0.22,0,0,UNRESEARCHED
000320.KS,"NOROO Holdings Co., Ltd.",KR,Materials,170845716480.0,1.0402108361769289,0.4715308117761991,1.0402108361769289,0.3760759404822604,5.473866910268602,0.2903176333679553,0.2195923589089547,90189997070.0,0.1,0,0,UNRESEARCHED
EXE.PA,EXEL Industries SA,FR,Industrials,134948480.0,1.0394040747995086,-1.242189493886489,1.0394040747995086,0.30269384,11.666666,0.1501906505356711,0.0513535539649918,-98535000.0,0.22,0,0,UNRESEARCHED
NIRAJ.NS,Niraj Cement Structurals Limited,IN,Industrials,1624879872.0,1.0380407241602214,-0.2594509814602284,1.0380407241602214,0.6089077,6.8391957,-0.4420208740123154,0.1393426080954723,223160000.0,0.1,0,0,UNRESEARCHED
SUPERHOUSE.BO,Superhouse Group,IN,Consumer Discretionary,1915593728.0,1.037907975537553,-0.5885113654724619,1.037907975537553,0.40147603,23.290884,-0.0275508739841082,0.047121435601873,-665361000.0,0.1,0,0,UNRESEARCHED
4170.T,"Kaizen Platform, Inc.",JP,Communication Services,2085811072.0,1.0372232888378805,1.0174706725307137,1.0372232888378805,0.7192421,60.465115,-0.0063202688996257,0.0702105771565944,2250244000.0,0.22,0,0,UNRESEARCHED
CHYCF,Chiyoda Corporation,US,Industrials,1005631872.0,,1.037002864040187,1.037002864040187,2.4113598,1.924892890978285,0.1474622011608111,,6.792054820630086e-14,0.094,0,0,UNRESEARCHED
RLYB,Rallybio Corporation Common Stock,US,Health Care,89614672.0,0.7516562095450888,1.036091500731041,1.036091500731041,0.94771427,2.112015,0.2971956268184206,,92849000.0,0.373,0,0,UNRESEARCHED
TCID.JK,PT. Mandom Indonesia Tbk,ID,,1045546663936.0,1.0356027557114806,0.592271434747707,1.0356027557114806,0.57788193,98.032196,0.0856843258100065,0.0639783386905165,662118391000.0,0.1,0,0,GREEN
ELK.OL,Elkem ASA,NO,Materials,13240239104.0,1.0346234488520731,-0.5573057624628762,1.0346234488520731,1.0581213,47.62675936690648,0.0427484727091526,0.0327684985904392,-9276000000.0,0.032,0,0,UNRESEARCHED
215480.KQ,TOEBOX KOREA.Ltd.,KR,Consumer Discretionary,17454053376.0,1.0343879003105447,0.4707300521549636,1.0343879003105447,0.6590046355914504,55.61698535371606,0.1240080652541256,0.0185728356362103,2077455760.0,0.085,0,0,UNRESEARCHED
MMHTF,"Miramar Hotel and Investment Company, Limited",US,Industrials,877518784.0,,1.0343536762219918,1.0343536762219918,0.3219346,10.01017673652598,0.0270335938471703,0.0366102281841953,0.0002654449590565,0.1,0,0,UNRESEARCHED
VIKASECO.NS,Vikas EcoTech Limited,IN,Materials,1457773696.0,1.0338140989477698,-0.2337922641450745,1.0338140989477698,0.22175288,403.3674008020511,-0.4408750775151952,0.0403477146909456,148140000.0,0.183,0,0,UNRESEARCHED
RSP.BK,Rich Sport Public Company Limited,TH,Consumer Discretionary,780149952.0,1.0332291110845804,0.4997727781930788,1.0332291110845804,0.4827586,20.999998,0.3533763605059092,0.0279752862516001,345338000.0,0.1,0,0,UNRESEARCHED
DC-A.TO,Dundee Corporation,CA,Consumer Staples,471831072.0,1.0331117524432158,0.3788532382792708,1.0331117524432158,0.8268775,2.161157,0.0248789669559979,,476734000.0,0.062,0,0,UNRESEARCHED
CORALFINAC.BO,Coral India Finance and Housing Limited,IN,,1282013696.0,0.9868853310981294,1.0313710302516537,1.0313710302516537,0.6167597,8.885475,0.1307181907629716,0.2197929991859518,1352991000.0,0.1,0,0,UNRESEARCHED
004430.KS,"Songwon Industrial Co., Ltd.",KR,Materials,281039994880.0,1.0312939401169607,-0.1791781275488543,1.0312939401169607,0.3352195556010754,6.084027120419225,0.0591751182580753,0.0585133620606365,-46916000000.0,0.1,0,0,UNRESEARCHED
PXGYF,PAX Global Technology Limited,US,Industrials,507576608.0,,1.0308894183743715,1.0308894183743715,0.45600432,4.515308993620633,0.312011230739193,0.2311288546769786,8469625.238780824,0.208,0,0,UNRESEARCHED
6718.T,"Aiphone Co.,Ltd.",JP,,45745299456.0,1.0300309864952757,0.5616785336828027,1.0300309864952757,0.6483604,18.556633,-0.0272889232050811,0.0603327665253234,25115000000.0,0.066,0,0,UNRESEARCHED
EMMS,Emmis Communications Corporation,US,Communication Services,26798264.0,,1.0288726165247122,1.0288726165247122,0.22274195,,-0.5408839169582029,,27572000.0,0.0,0,0,UNRESEARCHED
0213.KL,MTAG,MY,Materials,135459872.0,1.0282305752806953,0.92748797379578,1.0282305752806953,0.6006006,20.0,0.065806546700595,0.1191918422289103,144487000.0,0.22,0,0,UNRESEARCHED
ZWM.SW,Zwahlen & Mayr SA,CH,Materials,10108800.0,1.0264379495148723,-0.9501324885940272,1.0264379495148723,0.31291762,,0.0370569601338832,-0.0945677891164591,-9538000.0,0.1,0,0,UNRESEARCHED
9478.T,"SE Holdings and Incubations Co., Ltd.",JP,Communication Services,7663680000.0,1.0264314456715455,-0.0792517413111317,1.0264314456715455,0.64881474,12.887768,0.0439736523445655,0.7309058614564832,8917000000.0,0.22,0,0,UNRESEARCHED
UPB,Upstream Bio Inc. Common Stock,US,Health Care,313838048.0,1.0261929838239447,0.790928341741937,1.0261929838239447,1.0257788,,-0.414701707624788,,340240000.0,0.037,0,0,UNRESEARCHED
7928.T,"Asahi Kagaku Kogyo Co.,Ltd.",JP,Industrials,1856994560.0,1.0201757946752026,1.023970819834752,1.023970819834752,0.32946017,37.89998840498688,0.1657937620952641,0.0318981388218894,1870387000.0,0.088,0,0,UNRESEARCHED
1361.HK,361 Degrees International Limited,HK,Consumer Discretionary,9494448128.0,,1.0236772955494575,1.0236772955494575,0.68845433,4.617109433495665,0.0862645281739212,0.2663665370878872,5881578699.529036,0.1,0,0,UNRESEARCHED
FMT.BK,Fine Metal Technologies Public Company Limited,TH,Industrials,907200000.0,1.0213885416666666,-0.7185702770278185,1.0213885416666666,0.63730776,,0.1822839737654321,-0.0037386362747781,-1149283000.0,0.1,0,0,UNRESEARCHED
5134.KL,Southern Acids M Bhd,MY,Materials,429973184.0,,1.021110813487518,1.021110813487518,0.54722905,8.263158,0.2005032511887108,0.2159801128365671,426466000.0,0.1,0,0,UNRESEARCHED
086060.KQ,"GeneBioTech Co. ,Ltd",KR,Consumer Staples,41546080256.0,1.0207410949267022,0.2949274953429429,1.0207410949267022,0.6196707731429208,,0.0891185506042776,0.0901123167713078,10069112880.0,0.0,0,0,UNRESEARCHED
3055.S,"Hokuyaku Takeyama Holdings,Inc.",JP,Health Care,16732740608.0,,1.02069352535319,1.02069352535319,0.26071894,10.09675,-0.045898040135327,0.0355933985073057,17079000000.0,0.1,0,0,UNRESEARCHED
7628.T,Ohashi Technica Inc.,JP,Industrials,29106470912.0,1.0197290531353602,0.8033880306723221,1.0197290531353602,0.7085165,13.98378,0.0270345201622709,,22602999808.0,0.182,0,0,UNRESEARCHED
TSTH.BK,Tata Steel (Thailand) Public Company Limited,TH,Materials,8337325568.0,1.019658031390246,0.5406842048866961,1.019658031390246,0.54068816,4.125,0.2811257542821674,0.140610351351997,4280190567.0,0.1,0,0,YELLOW
3FU1.F,Fuxing China Group Limited,CN,Consumer Discretionary,9421590.0,,1.019402821393408,1.019402821393408,0.12060276,2.1076811185606954,0.6387700490816006,-0.0306746171284069,131576.75372189088,0.1,0,0,UNRESEARCHED
3C8.F,"COLOPL, Inc.",JP,Communication Services,293134272.0,,1.018131985198251,1.018131985198251,0.779614,30.158604788058977,0.0073261033337766,,298449378.28100413,0.1,0,0,UNRESEARCHED
600051.SS,"Ningbo United Group Co.,Ltd.",CN,Industrials,1918129664.0,1.0179841804610754,0.4403170188992658,1.0179841804610754,0.63588583,28.045456,0.0975610114285223,0.0258669960732544,881544261.1400001,0.088,0,0,UNRESEARCHED
071200.KQ,"INFINITT Healthcare Co., Ltd.",KR,Health Care,212075134976.0,0.9141397677835728,1.017958604136718,1.017958604136718,0.9258093563344892,,0.086841886138993,,190325065640.0,0.0,0,0,UNRESEARCHED
VASCONEQ.NS,Vascon Engineers Limited,IN,Industrials,6987070976.0,1.0178364481254871,-0.0701454308908617,1.0178364481254871,0.60665953,14.28948882453047,-0.1811542448687189,0.1502402957486136,6078200000.0,0.1,0,0,UNRESEARCHED
ALGEV.PA,Gevelot SA,FR,Industrials,145303664.0,1.017623161810819,0.7219277641758038,1.017623161810819,0.6870092,49.744896,0.0660362730699187,0.0671011465070019,111892000.0,0.1,0,0,GREEN
1758.T,"Taiyo Kisokogyo Co.,Ltd.",JP,Industrials,4741723136.0,1.0172068154423728,0.7745014604718921,1.0172068154423728,0.49718443,10.209356,0.1043148572823971,0.11108952215822,3903414000.0,0.1,0,0,YELLOW
CIBY,"CIBL, Inc.",US,Industrials,18510100.0,,1.0170123338069486,1.0170123338069486,0.8452487,81.90357571999978,,,18825000.0,0.0,0,0,UNRESEARCHED
SUNTF,SUNCORP TECHNOLOGIES LIMITED,US,Industrials,20000976.0,,1.0165646288870145,1.0165646288870145,3.420698,5.167874398289759,-0.036352815803987,,6.170514534460656e-06,0.0,0,0,UNRESEARCHED
0085.HK,China Electronics Huada Technology Company Limited,HK,Information Technology,1644196352.0,1.0156391634546416,0.8540532605011547,1.0156391634546416,0.60538113,7.3636365,0.1569464724869351,0.2319493183706405,1386895000.0,0.1,0,0,UNRESEARCHED
TULP,"Bloomia Holdings, Inc.",US,Consumer Staples,16242443.0,1.014022715002494,-4.963959109879714,1.014022715002494,2.6798289061211022,23.227974140841404,-0.1219028442950361,-0.0828139854230484,-41274000.0,0.159,0,0,UNRESEARCHED
6158.T,"Waida Mfg. Co.,Ltd.",JP,Industrials,6711499264.0,1.01345207318637,0.6237466823424908,1.01345207318637,0.6379144,24.331993,0.0784918387915161,0.1157770125596908,4096773000.0,0.064,0,0,UNRESEARCHED
7537.T,Marubun Corporation,JP,Information Technology,47184809984.0,1.0124386876028932,-0.5716738093411247,1.0124386876028932,0.82109904,14.144115,0.105012608966322,0.1225026751431988,-24979000000.0,0.091,0,0,UNRESEARCHED
005320.KS,Kukdong Corporation,KR,Consumer Discretionary,40458588160.0,1.011587281216152,-0.067169326913882,1.011587281216152,0.3562302263865724,,-0.4670465920677347,-0.1175862293323776,-14220197080.0,0.082,0,0,UNRESEARCHED
4625.T,"Atomix Co.,Ltd.",JP,Materials,4584958464.0,1.011053257806769,0.9055104429674524,1.011053257806769,0.40600014,4.849338,-0.026312779264471,0.0413131194606824,2432992000.0,0.08,0,0,UNRESEARCHED
1531.TW,"Kaulin Mfg. Co., Ltd.",TW,Industrials,2121559040.0,1.0106222275315804,0.7890037278636403,1.0106222275315804,0.61004347,43.148144,0.1512058285182725,-0.0073541102442836,1745760000.0,0.095,0,0,UNRESEARCHED
053950.KQ,"Kyung Nam Pharm Co.,Ltd.",KR,Health Care,38470926336.0,1.0101359761713034,0.5753330889209848,1.0101359761713034,0.3301592136475146,,-0.0765424956051674,-0.0159797564149122,16542479510.0,0.0,0,0,UNRESEARCHED
000800.SZ,"FAW Jiefang Group Co., Ltd",CN,Consumer Discretionary,29576900608.0,0.2027688800606205,1.0101172543010328,1.0101172543010328,1.1208504,28.61905,0.0235235201443592,0.0962408897522855,20674944551.61,0.1,0,0,UNRESEARCHED
263700.KQ,"Carelabs Co.,Ltd",KR,Health Care,38276161536.0,0.3647665943805806,1.007928926234625,1.007928926234625,0.6266977032518376,,-0.6177029445750928,-0.0924884669750339,35196842496.0,0.08,0,0,UNRESEARCHED
3321.T,"Mitachi Co., Ltd.",JP,Information Technology,13120486400.0,1.0069060476003389,-0.716032598343171,1.0069060476003389,0.73380786,6.2073383,0.1760792191362661,0.1010598214999086,-7407260000.0,0.079,0,0,UNRESEARCHED
JKON.JK,PT Jaya Konstruksi Manggala Pratama Tbk,ID,Industrials,1386224156672.0,1.0044183758480965,0.2394450964853906,1.0044183758480965,0.41335377,4.9882627,0.0892372909414035,0.062681630641618,431657976000.0,0.1,0,0,UNRESEARCHED
035460.KQ,"Kisan Telecom Co., Ltd",KR,Communication Services,34110976000.0,1.0034860300137125,0.0583566000343533,1.0034860300137125,0.8463354477265002,2.9503321716078954,0.3885813041526575,0.2286774299452193,1956572550.0,0.086,0,0,UNRESEARCHED
1832.S,"Hokkai Electrical Construction Company,Incorporated",JP,Industrials,16843955200.0,,1.0024961130269452,1.0024961130269452,0.45034915,4.5320253,0.1119689513303858,,16885999616.0,0.1,0,0,UNRESEARCHED
1170.HK,Kingmaker Footwear Holdings Limited,HK,Consumer Discretionary,278781920.0,0.8729853665166647,1.0021114914682798,1.0021114914682798,0.28755075,,-0.0325059198962664,-0.0605482759942396,318042000.0,0.22,0,0,UNRESEARCHED
038010.KQ,"Jeil Technos Co.,Ltd",KR,Materials,45596663808.0,1.0011827372697537,0.7755053161402223,1.0011827372697537,0.3842289348820007,3.859037425265301,-0.0004005168026524,0.123279621755668,42889676430.0,0.1,0,0,UNRESEARCHED
AGOL.BO,Ashapuri Gold Ornament Limited,IN,Consumer Discretionary,1509915520.0,1.0004128121963831,0.0553048402796212,1.0004128121963831,0.9054568,6.5652175,-0.2477156830537947,0.1666551267488433,-1572000.0,0.1,0,0,UNRESEARCHED
