symbol,name,sector,industry,market_cap_bucket,currency,market_cap,enterprise_value,price,revenue_ttm,ebitda_ttm,cfo_ttm,fcf_ttm,ebitda_margin,fcf_margin,cash_conversion,roce,net_debt_ebitda,ev_sales,ev_ebitda,ev_ebit,pb,fcf_yield,ncav,ncav_pct_mcap,cash_pct_mcap,cash_pct_ev,net_cash,net_cash_pct_mcap,cash_gt_ev_flag,balance_sheet_date,mcap_to_ncav,graham_net_net_flag,p_s,p_e,p_ocf,gross_profit_ttm,gross_margin,gross_profit_to_mcap,debt_to_equity,insider_ownership_pct,analyst_target_mean,analyst_target_upside_pct,momentum_12m,berezin_classic_flag,berezin_score,cheapness_growth_blend,cheapness_ev_ebit_vs_growth,cheapness_under_7x_flag,cheapness_blend_vs_growth,rev_yoy,ebitda_yoy,cfo_yoy,fcf_yoy,ebitda_margin_delta_yoy,fcf_margin_delta_yoy,rev_qoq_ttm,ebitda_qoq_ttm,cfo_qoq_ttm,fcf_qoq_ttm,rev_seq,ebitda_seq,cfo_seq,fcf_seq,rev_accel,ebitda_accel,cfo_accel,fcf_accel,rev_inflection,ebitda_inflection,cfo_inflection,fcf_inflection,ebitda_first_positive,cfo_first_positive,fcf_first_positive,net_income_first_positive,inflection_flag,roce_prev,roce_delta_yoy,roce_inflection,roce_first_positive,fcf_run_rate_delta,fcf_eta_quarters,fcf_eta_years,ebitda_eta_years,cfo_eta_years,ni_eta_years,fcf_projected_positive_in_n,price_yoy,price_minus_rev_yoy,price_minus_ebitda_yoy,price_minus_fcf_yoy,ev_sales_change_yoy,not_priced_in_score,yartseva_score,inflection_score,notes
AACAF,AAC Technologies Holdings Inc.,Information Technology,Communications Equipment,Mid Cap,USD,5975542784.0,8838849536.0,5.17,31816988000.0,6324143000.0,7183014000.0,4501093000.0,0.19876623770923885,0.1414682307451604,1.135808282640035,0.10559722925947451,0.1588420755191652,0.27780283715102133,1.3976359383397876,3.1497238415953075,0.24533333333333332,0.7532525768290106,,,1.4412578591287348,0.9743686624512305,-2218013000.0,-0.3711818457628501,0,2025-12-31,,0,0.1878098198358688,17.233334,0.831899086372378,7015740000.0,0.22050295898530684,1.1740757707877538,0.4446518742667355,0.38039002,,,0.03815262178569387,0,0.542501268672922,0.22809648585396405,13.80873462299581,1,11.203254041682836,0.16425036840925072,0.13879169082612752,0.38061818053214913,0.5343983107990637,-0.0044435919238038635,0.03412684578398609,,,,,0.16425036840925072,0.13879169082612752,0.38061818053214913,0.5343983107990637,-0.1741211305501535,-0.1889733646358902,0.25752855465776286,0.5858762931973989,0,0,0,1,0,0,0,0,1,0.08904125250931025,0.016555976750164264,0,0,1567635000.0,,0.0,0.0,0.0,0.0,0,0.03815262178569387,-0.12609774662355686,-0.10063906904043365,-0.49624568901336985,-0.10830810111389362,0.2078226514478135,0.6991664509959713,0.27541335594197214,growth-flip; under-priced vs fundamentals; cheap+grow (EV/EBIT 3.1x); cash 144% of mcap
AACAY,AAC Technologies Holdings Inc.,Information Technology,Communications Equipment,Mid Cap,USD,6148914176.0,9013969920.0,5.32,31816988000.0,6324143000.0,7183014000.0,4501093000.0,0.19876623770923885,0.1414682307451604,1.135808282640035,0.10559722925947451,0.1588420755191652,0.28330682715786926,1.4253267075080371,3.2121279866582566,0.252451311237849,0.7320142827116278,,,1.4006209476162317,0.9554389549149949,-2218013000.0,-0.36071620720568665,0,2025-12-31,,0,0.19325883946022798,16.625,0.8560353879304704,7015740000.0,0.22050295898530684,1.140972178044594,0.4446518742667355,0.0,,,-0.09110431871819291,0,0.44218010782811357,0.22809648585396405,14.082321236263068,1,11.432668147245872,0.16425036840925072,0.13879169082612752,0.38061818053214913,0.5343983107990637,-0.0044435919238038635,0.03412684578398609,,,,,0.16425036840925072,0.13879169082612752,0.38061818053214913,0.5343983107990637,-0.1741211305501535,-0.1889733646358902,0.25752855465776286,0.5858762931973989,0,0,0,1,0,0,0,0,1,0.08904125250931025,0.016555976750164264,0,0,1567635000.0,,0.0,0.0,0.0,0.0,0,-0.09110431871819291,-0.25535468712744364,-0.22989600954432043,-0.6255026295172567,-0.21932970266210194,0.3325207572127807,0.7314806861219431,0.24267096208067646,growth-flip; under-priced vs fundamentals; cheap+grow (EV/EBIT 3.2x); cash 140% of mcap
AACTF,Aurora Solar Technologies Inc.,Information Technology,"Technology Hardware, Storage & Peripherals",Nano Cap,USD,1333164.0,1486531.0,0.006,2766140.0,-2481588.0,-656794.0,-948921.0,-0.8971302970926995,-0.3430487972409206,0.26466681818255083,-2.48553245805665,-0.08866298515305522,0.537402662193526,-0.5990240926374564,,1.4274132415104521,-0.7117811462055681,,,0.24166794182861223,0.21673480068696852,-220025.0,-0.1650397100431755,0,2025-12-31,,0,0.4819582522938102,,,1475941.0,0.5335742225628494,1.107096351236607,0.580539887705413,0.00963,,,-0.5714285809318627,0,0.24080729818234453,-11.77722438591397,,0,,-0.7465656620998876,-14.856962576639157,-2.603994392806381,-27.679065452091766,-0.9135381946818235,-0.3463075450014935,-0.26314039741520817,0.08490753892923045,-0.8006640146291579,-0.44043918077878236,-0.5676772749780401,-3.452315626494228,-1.2781051131330705,-1.365103863958739,-1.4046800080924702,-16.40970113964794,-6.307732005863327,-60.18723960593376,0,0,0,0,0,0,0,0,0,-0.13505515452170488,-2.3504773035349453,0,0,,,,,,,0,-0.5714285809318627,0.17513708116802496,14.285533995707294,27.107636871159905,0.6910550583601378,-13.856102649345075,0.3438564947748364,0.07721657462882639,
AAGFF,Aftermath Silver Ltd.,Materials,Metals & Mining,Micro Cap,USD,181064480.0,155917600.0,0.53,,-16444544.0,-14305698.0,-14312812.0,0.0,,0.8699358279560686,,,,-9.481418274656932,,3.501575766802139,-0.07904814903508407,,,0.13907231280259938,0.16150233200100567,,,0,2026-02-28,,0,,,,-14814.0,,-8.181615742634888e-05,,0.25463,,,-0.10472978959560665,0,0.1280946,-1.454124604509253,,0,,,-1.3606240718556857,-1.6462292656642008,-1.6411256698163883,,,,-0.06402474946844197,-0.16094544471860517,-0.16079882304661586,,-0.43938888651360325,-0.45065098432187495,-0.45102609733882965,,-1.0464146081479766,-1.1394740618874348,-1.3020353300219367,0,0,0,0,0,0,0,0,0,,,0,0,,,,,,,0,-0.10472978959560665,,1.255894282260079,1.5363958802207816,,-1.3961450812404301,0.2996820799348223,0.0,
AAGRY,PT Astra Agro Lestari Tbk,Consumer Staples,Household Products,Small Cap,USD,769875328.0,-5148466124672.0,2.0,28654648000000.0,2531854000000.0,,2500469000000.0,0.08835753278141822,0.08726224799550844,,0.16582912679996353,-2.033780778828479,-0.17967298445515714,-2.033476703108473,-1.6471459971455893,3.208069175505217e-05,3247.88820872566,,,6688.402411045961,,5149236000000.0,6688.402411045961,0,2026-06-30,,0,2.686738039846101e-05,7.4074073,,4631429000000.0,0.16162924074307247,6015.816888211802,0.0,,,,0.4826201981049182,0,0.7951459137109083,0.20651878674400448,-7.975768321684701,0,-3.270614436881111,0.3135274823075003,0.1900824503950954,,0.025374068314830852,-0.009165162002248178,-0.024522674650730727,,,,-0.3144817357356699,0.034048445102122675,0.7622118956219014,,-0.4555214818499282,-0.022980121064524774,0.1798360927464162,,-0.4664025027241359,0,0,0,0,0,0,0,0,0,0.0855461430873473,0.08028298371261623,0,0,61877000000.0,,0.0,0.0,,0.0,0,0.4826201981049182,0.16909271579741786,0.29253774770982277,0.45724612979008733,-0.1287317685202666,-0.19753620619426535,0.6659393310456634,0.43628239744318986,cash 668840% of mcap
AAIGF,AIA Group Limited,Financials,Insurance,Large Cap,USD,98311274496.0,111967559680.0,9.54,39604000000.0,,6970000000.0,6714000000.0,0.2378,0.16952833047166954,,,,2.827178054741945,,,2.273355867637877,0.0682932861405756,,,1.170293036987138,1.027556555924038,100382000000.0,1.0210629504562496,1,2025-12-31,,0,2.482357198666801,16.169493,14.1049174312769,,,,0.33925309284310323,0.00042,,,-0.014070521340205281,0,0.19071241093832766,0.5843403914153202,,0,,0.26712525995840664,,1.1360711002145265,1.2187706543291474,,0.0727118211131669,,,,,0.26712525995840664,,1.1360711002145265,1.2187706543291474,0.228304506809206,,1.837234210389451,1.9331103125940392,0,0,1,1,0,0,0,0,1,,,0,0,3688000000.0,,0.0,,0.0,,0,-0.014070521340205281,-0.2811957812986119,,-1.2328411756693527,-0.22191632523199967,0.5786510940666547,0.5226212164712137,0.2914656388571914,"growth-flip; accelerating sales; under-priced vs fundamentals; cash 117% of mcap; cash > EV (1.03x, net cash 102% mcap)"
AAIRF,American Aires Inc.,Information Technology,"Electronic Equipment, Instruments & Components",Nano Cap,USD,3613126.0,4597715.0,0.03454,27369889.0,-8978424.0,-2224578.0,-2230281.0,-0.32804020505892445,-0.08148666587577319,0.24776931898070306,2.2624515631858366,-0.1707125883117126,0.16798442258936455,-0.5120848603273804,,,-0.6172718582191709,,,0.06330640005358242,0.049749495129645924,-1532730.0,-0.4242116106662209,0,2025-09-30,,0,0.1320109847723533,,,17939192.0,0.6554353216412386,4.965005925616765,,0.23913,,,-0.609717501767303,0,0.6881583601071279,0.7473367310132997,,0,,3.976624860060269,-1.2492439410063552,-1.71112784813829,-1.718078183041329,0.3977739273401985,0.06771013416146529,,,,,0.2341712915146167,0.22565756725214692,1.9204070404539646,1.9204070404539646,2.3359605437387616,-0.7882744249311521,7.689941333562059,18.827112743481287,1,0,0,0,0,0,0,0,1,2.0572829554769068,0.20516860770892986,0,0,,,,,,,0,-0.609717501767303,-4.586342361827572,0.6395264392390522,1.1083606812740259,-0.9215768700259295,0.9400080278351057,0.3823529411764705,0.5285725077264398,growth-flip; accelerating sales; under-priced vs fundamentals
AALBF,Aalberts N.V.,Industrials,Machinery,Mid Cap,USD,5010147840.0,6113851904.0,46.98,3090800000.0,484900000.0,374900000.0,150900000.0,0.1568849488805487,0.048822311375695614,0.773149102907816,0.08588728191000919,1.8209940193854404,1.9780807247314611,12.608479901010517,20.427169742733042,2.0728787091435663,0.030118871701797924,,,0.03407085089129825,0.02792020524545568,-1067800000.0,-0.21312744336103265,0,2026-06-30,,0,1.62098739484923,29.180124,13.363957962123234,1658700000.0,0.5366571761356284,0.33106807482950446,0.5124120810922631,0.1197,,,0.4270960557511315,0,0.23680104685400352,-0.050109223752678886,,0,,-0.018357365178174427,-0.05126198395617296,-0.13357984746937832,-0.11130742049469965,-0.005441164312616514,-0.005106418853612647,,,,,-0.018357365178174427,-0.05126198395617296,-0.13357984746937832,-0.11130742049469965,0.03441038452098322,0.17293352302621928,-0.012872674130626025,0.229275103777145,0,0,0,0,0,0,0,0,0,0.10013691215334161,-0.014249630243332423,0,0,,,,,,,0,0.4270960557511315,0.44545342092930595,0.4783580397073045,0.5384034762458312,0.45378369391031864,-0.4874049789608139,0.2965162737493176,0.21036961772642615,
AAMMF,Almadex Minerals Ltd.,Materials,Metals & Mining,Nano Cap,USD,21152260.0,1436627.0,0.345,771743.0,-2443136.0,-2484136.0,-2749137.0,-3.165737816863904,-3.562244166775727,1.0167817100644418,,,1.8615355111740566,-0.588025799628019,,0.7156582005396332,-0.12996894894446268,,,0.9320815837172954,13.723556636482538,,,0,2026-03-31,,0,27.408424825362847,34.5,,133290.0,0.17271293681964073,0.006301454312683373,,0.06249,,,0.12524459823194276,0,0.3092162704130116,5.423284334246244,,0,,16.170831015685838,-0.17980069576840685,-5.891208641834892,-4.865638968603647,42.908441735922835,6.865723349076982,-0.001587383727699652,-0.08037297546367664,-0.17565301015057377,-0.2796248172471238,-0.921806128476868,-0.04968015717092338,-0.5768781455169414,-1.0957982720896646,17.12871931524149,-0.3935049472579109,-5.448919719343608,-4.051634282181696,1,0,0,0,0,0,0,0,1,,,0,0,,,,,,,0,0.12524459823194276,-16.045586417453894,0.30504529400034963,4.990883566835589,-0.9344676680351688,2.9210313061632807,0.2936888504420143,0.5604427211578132,growth-flip; accelerating sales; under-priced vs fundamentals; cash 93% of mcap
AASZF,ATLANTIC SAPPHIRE ASA,Consumer Staples,Household Products,Small Cap,USD,4596488.0,114954488.0,0.1282,43290000.0,-170188000.0,-61055000.0,-65018000.0,-3.931346731346731,-1.501917301917302,0.35875032317202155,-0.5316190663133444,-0.6297741321362258,2.655451328251328,-0.6754558958328437,,0.38593518052057096,-14.145147338576757,,,0.609378290555746,0.024366164807762877,-110358000.0,-24.009200067529818,0,2025-12-31,,0,0.10617897897897897,,,-34656000.0,-0.8005544005544005,-7.539669417172415,9.501175482787573,0.71799004,,,-0.8661096635845307,0,0.4765401365381214,0.3622604912200769,,0,,0.8971032911170516,-0.1544979072402027,0.3011503462484977,0.32609168834668684,2.528752308926725,2.726094442681497,,,,,0.8971032911170516,-0.1544979072402027,0.3011503462484977,0.32609168834668684,0.2665923943682127,0.13398716373385502,0.42464254037930704,0.31703261952036005,0,0,1,0,0,0,0,0,1,-0.3785836515523186,-0.15303541476102583,0,0,31461000.0,,2.0666221671275546,,2.3206005321170657,,0,-0.8661096635845307,-1.7632129547015822,-0.7116117563443279,-1.1922013519312176,-0.9294238025718503,1.1491124663872445,0.4,0.49401500228898454,accelerating sales; under-priced vs fundamentals; cash 61% of mcap
AAUKF,Anglo American plc,Materials,Metals & Mining,Large Cap,USD,60517638144.0,75180204032.0,56.48,18546000000.0,4046000000.0,5511000000.0,2131000000.0,0.21816025018871993,0.11490348323088537,1.3620860108749382,0.15504779668920493,1.8255066732575382,4.053715304216543,18.581365306969847,18.842156398997492,3.526874418322746,0.0352128745495544,,,0.143528403724744,0.1155357332670028,-8575000000.0,-0.14169422771582776,0,2026-06-30,,0,3.2631100045292785,,10.981244446379968,9581000000.0,0.5166073546856464,0.1583174805533931,1.0059444023544495,0.07,,,0.9192345872267702,0,0.2854012881439013,0.5285597429326526,35.648111024222096,0,14.355843617376543,0.04513947590870668,1.5130434782608695,-0.3198815253609774,-0.47356719367588934,0.12743046715124456,-0.11321711412048122,,,,,0.04513947590870668,1.5130434782608695,-0.3198815253609774,-0.47356719367588934,0.46622129764953923,2.2915854314933317,-0.5672645302870858,-7.837203557312253,1,1,0,0,0,0,0,0,1,0.12418300653594772,0.030864790153257216,0,0,,,,0.0,,,0,0.9192345872267702,0.8740951113180635,-0.5938088910340993,1.3928017809026596,0.8363430254685128,-0.6273577566637841,0.4036954061998894,0.4150396366343265,growth-flip; accelerating sales
AAVMY,ABN AMRO Bank N.V. Depositary receipts,Financials,Banks,Large Cap,USD,39108767744.0,118175752192.0,47.99,8902000000.0,,2235000000.0,1843000000.0,0.27695,0.20703212761177264,,,,13.275191214558527,,,1.4187835205514239,0.04712498261423105,,,1.580310594405825,0.5229837665817191,-24508000000.0,-0.6266625468852819,0,2026-03-31,,0,4.393256318130757,15.091195,17.498330086800895,,,,3.131217123163432,0.0,36.8,-0.2331735778287144,0.6529298193138542,0,0.1524713095021534,0.3884049468880484,,0,,0.0006744604316546763,,1.207040296433534,1.1638659198008359,,1.4713082067484633,0.016790405482581382,,,,0.010535557506584723,,1.207040296433534,1.1638659198008359,-0.054540539476175875,,1.4027647093710618,1.3708845933359293,0,0,1,1,0,1,1,0,1,,,0,0,13090000000.0,,0.0,,0.0,,0,0.6529298193138542,0.6522553588821995,,-0.5109361004869817,0.6518157349602387,-0.2643783311184855,0.42643285227111133,0.2862536533273381,growth-flip; first-positive: FCF/CFO; cash 158% of mcap
AAVVF,Advantage Energy Ltd.,Energy,"Oil, Gas & Consumable Fuels",Small Cap,USD,1327765120.0,2248175104.0,7.93,758378000.0,493859000.0,376151000.0,-109786000.0,0.6512042807148941,-0.14476422048107937,0.7616566671863831,0.05114587871887015,1.7091902749570222,2.964451901294605,4.55226107856696,16.829295545225207,0.7510905580605765,-0.08268480497514501,,,0.037674585095291556,0.022250491036484674,-844099000.0,-0.6357291566749396,0,2026-06-30,,0,1.7507959355361047,22.657143,3.529872630938107,461297000.0,0.6082679086154925,0.34742364673655535,0.5057871922062832,0.01329,13.861903,0.7480331651954604,0.007623881023128966,0,0.40620785403483733,0.3955508378517856,42.54647932646071,0,15.548055940714274,0.3786134207837819,0.752099394395229,0.7291675286048553,-0.2836714410990938,0.13881385130362134,0.010706946684282681,-0.022450518500377034,0.2227501411268359,-0.04643469178742002,-0.31718436933856436,-0.012318651472535545,0.11926183638587876,-0.10630519824390577,0.6635647256035468,0.28645679680362723,0.3843707695966541,0.9706246436164798,3.318863142465955,1,1,1,1,0,0,0,0,1,0.014817100870828855,0.036328777848041297,0,0,,,,0.0,0.0,0.0,0,0.007623881023128966,-0.37098953976065296,-0.7444755133721,0.29129532212222276,-0.2691033861760424,0.27331827929664315,0.5316001248089159,0.40917621338185667,growth-flip; accelerating sales; under-priced vs fundamentals
AAVXF,ABIVAX Societe Anonyme,Health Care,Biotechnology,Small Cap,USD,12128278528.0,10564133888.0,139.0,,-299410000.0,-178370000.0,-178522000.0,0.0,,0.5957382852944123,4.215584200958519,1.6368992351624863,,-35.2831698607261,,28.23195512041602,-0.014719483856497396,,,0.0405293297696931,0.04653017513895409,490104000.0,0.04041002182366767,0,2026-03-31,,0,,,,,,,0.0033682965776989436,0.04848,,,1.0291970802919708,0,0.37325705046667745,-0.6113813168841022,,0,,,-0.8401337340437954,-0.15770548834311232,-0.15387648256471576,,,,0.007389627999031955,-0.10700122262286739,-0.10696901488798358,,0.25146131237409597,-1.174918202169795,-1.169118593180356,,-0.6265720395182757,0.5404419775272422,0.5461565498257697,0,0,0,0,0,0,0,0,0,27.562778840025494,-23.347194639066977,0,0,,,,,,,0,1.0291970802919708,,1.869330814335766,1.1830735628566864,,-1.5262021885962263,0.11029411764705882,0.3346863984017052,
ABANF,Automatic Bank Services Limited,Information Technology,Software,Micro Cap,USD,318656000.0,175490000.0,7.9331,157234000.0,70487000.0,53247000.0,14333000.0,0.44829362606052126,0.09115712886525815,0.7554158922921957,0.5404342966228352,-2.0310979329521754,1.116107203276645,2.4896789478911003,4.078222676674955,1.4303040096234554,0.04497953906406909,,,0.5085609560152641,0.9234486295515414,143166000.0,0.4492807290620607,0,2026-03-31,,0,2.0266354605238055,22.666,5.98448738896088,,,,0.08478874630255533,0.2724,,,0.7022946354480556,0,0.33914445867551546,-0.14087145547077548,,0,,0.038135984893501826,-0.06530790855566754,-0.11207644076840982,-0.650013430029546,-0.04961338446384855,-0.1792346629186027,0.001637182517184046,-0.04833461595582378,-0.016548769000609496,0.1490299823633157,-0.034458509142053444,-0.11898565231898565,1.7635087719298246,2.012785614121917,-0.08614551706282036,-0.3155352537408184,-0.9941133083875663,-2.355740100310124,0,0,0,0,0,0,0,0,0,0.6389524126914812,-0.09851811606864602,0,0,1859000.0,0.0,,,,,0,0.7022946354480556,0.6641586505545538,0.7676025440037231,1.3523080654776016,0.6397607444680644,-0.8559575011259858,0.4560398595978108,0.2830509943350632,cash 51% of mcap
ABBRF,AbraSilver Resource Corp.,Materials,Metals & Mining,Micro Cap,USD,1885217536.0,1871405440.0,11.46,,-62444746.0,-52428270.0,-61470849.0,0.0,,0.8395945753386522,,,,-29.96898153769414,,27.489720410038057,-0.03260676703147323,,,0.020983254847041694,0.021138123869085257,,,0,2026-03-31,,0,,,,-2210071.0,,-0.0011723161692465819,,0.1074,,,1.5104052342826797,0,0.24703333333333333,-1.5224471535369768,,0,,,-1.6128326526704686,-1.2669144399864214,-1.3416761552699938,,,,-0.09192528763067528,-0.18693146020026138,-0.21118026300356066,,0.2723503636916255,-0.1791731890491373,-0.1658434180990615,,-1.0497667001891982,-1.0735029305414237,-1.049484800188589,0,0,0,0,0,0,0,0,0,,,0,0,,,,,,,0,1.5104052342826797,,3.1232378869531483,2.8520813895526738,,-2.987659638252911,0.12160605721362229,0.33333333333333337,
ABCFF,Abacus Mining & Exploration Corporation,Materials,Metals & Mining,Nano Cap,USD,1874562.0,38228336.0,0.01,,-1193953.0,-497944.0,-543100.0,0.0,,0.41705494269874943,-0.05905080097258123,-29.97723193459039,,-32.01829217733027,,,-0.2897210121617743,,,0.13394062186260045,0.006567902929387248,-35791406.0,-19.093210040532135,0,2026-03-31,,0,,,,,,,,0.19237,,,0.0,0,0.4628907253076736,-0.04134519456795049,,0,,,-0.012395979425675848,-0.5332629225799896,-0.09924362485249977,,,,0.13524966846311015,-0.2487843046774489,-0.22347651154879827,,-0.03998218157978786,-0.34214483964444226,-0.34214483964444226,,2.1904343776705892,-0.46294464884571085,-0.04040448222070023,0,0,0,0,0,0,0,0,1,-0.061872366277603306,0.002821565305022075,1,0,,,,,,,0,0.0,,0.012395979425675848,0.09924362485249977,,-0.055819802139087805,0.27678571428571425,0.40909090909090917,ROCE improving from <=0
ABEPF,Vision Lithium Inc.,Materials,Metals & Mining,Nano Cap,USD,2584428.0,1909961.0,0.00882,,-3503558.0,-456499.0,-1121941.0,0.0,,0.13029583069553866,-0.07040241294756129,0.1925091578332655,,-0.5451489600000914,,0.19780371676229042,-0.4341157888708836,,,0.27870461084619114,0.37712393080277556,674467.0,0.26097341462017903,0,2026-05-31,,0,,,,-15856.0,,-0.00613520670724818,0.00350729651614669,0.07344,,,-0.41199997988343195,0,0.4099144543550968,0.0355620027073549,,0,,,-0.021162949376397025,0.44804742570689987,0.14901190687485874,,,,0.003936142659797584,0.23348719593386316,0.00276343273632283,,-3.6186193451068007,0.8419809084599719,0.5497166701211142,,0.6561340614122626,0.23422037983683977,-0.03019351103203327,0,0,0,0,0,0,0,0,0,-0.06488793670475149,-0.005514476242809804,0,0,3109.0,360.8687680926343,5.710873117272482,,1.2319065853849414,42.60343045823461,0,-0.41199997988343195,,-0.39083703050703494,-0.5610118867582907,,0.47592445863266286,0.4926470588235294,0.12761322009848797,under-priced vs fundamentals
ABGSF,ABG Sundal Collier Holding ASA,Financials,Capital Markets,Small Cap,USD,338882624.0,354172064.0,0.65,2430400000.0,637700000.0,13400000.0,13400000.0,0.2623847926267281,0.005513495720868993,0.02101301552454132,0.9616939026533122,-0.700015681354869,0.14572583278472678,0.5553897820291673,0.6471260076740362,0.3337101171836534,0.03954171459673306,,,1.6616372753298794,1.5899051823579173,446400000.0,1.3172702534314653,1,2026-06-30,,0,0.13943491770901908,9.285714,25.28974805970149,1088100000.0,0.4477040816326531,3.210846242739197,0.11491875923190546,0.23559,,,1.9416579318751677,0,0.6647197720673366,-0.11622722488163316,,0,4.96755257976507,0.2574509817109798,-0.0600024174314496,-0.9766144330832474,-0.9760332529672263,-0.08861187076144628,-0.2837602466599994,0.1516300227445034,0.23513461165988767,1.1777188328912467,1.1777188328912467,0.7559207346544224,2.4922547332185885,-1.2049306625577811,-1.2049306625577811,-0.008663055299538883,-0.12804251304728897,-3.5788474769174954,-3.7248642476867255,0,0,0,0,0,0,0,0,0,0.4316952746718213,0.529998627981491,0,0,88800000.0,0.0,,,,0.0,0,1.9416579318751677,1.6842069501641879,2.001660349306617,2.917691184842394,1.3393817927379816,-1.985735069262795,0.49666119040762213,0.46367381334079893,"cash 166% of mcap; cash > EV (1.59x, net cash 132% mcap)"
ABLZF,ABB Ltd,Industrials,Electrical Equipment,Large Cap,USD,182617391104.0,186580025344.0,100.71,35556000000.0,7445000000.0,5187000000.0,4159000000.0,0.20938800764990437,0.11697041286983913,0.69670920080591,,0.5789120214909335,5.247497619079762,25.061118246339824,30.99335969169435,11.486092905465753,0.02277439172061911,,,0.03207252039135998,0.03139135601038414,,,0,2026-06-30,,0,5.136049924175948,37.16236,35.206745923269715,14253000000.0,0.40086061424232194,0.07804842635104213,,0.00028,,,0.5145921180807743,0,0.2727701869919979,0.19683882389818402,157.45552161867133,0,93.24045697940925,0.16260667691200995,0.2929836748871136,0.1095187165775401,0.07301341589267286,0.021113476047380092,-0.009766663283579433,0.06254669336281864,0.018467852257181942,0.09870790086846007,0.11025093432995195,0.08484085184337073,-0.09431210500729217,0.11758989310009718,0.07783018867924528,0.13747301579727697,0.24905100020502335,0.08009598244892362,0.05159841448541139,1,1,0,0,0,0,0,0,1,0.2886378818242546,,0,0,413000000.0,0.0,0.0,0.0,0.0,0.0,0,0.5145921180807743,0.3519854411687644,0.22160844319366074,0.44157870218810147,0.30275539282439884,-0.32948199484373136,0.35693597930154775,0.4149726606652496,growth-flip; accelerating sales
ABMBF,Abcourt Mines Inc.,Materials,Metals & Mining,Nano Cap,USD,59667436.0,86691776.0,0.05,12766703.0,-19325005.0,-28434934.0,-38111339.0,-1.5137036555170118,-2.9852138802007064,1.4714062945908681,-1.0437048929704051,-1.081678374727458,6.790459212531223,-4.485989835448943,,,-0.6387292894569828,,,0.24862244792955407,0.17111962269639047,-21222718.0,-0.35568342504276534,0,2026-03-31,,0,4.673676202853627,,,-7213078.0,-0.5649914468911825,-0.12088801670646615,,0.31397,,,0.0,0,0.32519562588235296,-12.180569280481672,,0,,0.8200461786694806,-3.086736708275592,-356.0299210225632,-56.36946534319614,-0.8395690707558017,-2.890507975541012,1.611232138762799,-0.25386166584157294,-0.11066485642392115,-0.12668775872665283,0.611232138762799,-24.627735971814733,0.11889909284096334,0.09276935143219049,-0.30613798887149357,-1.9408809532022677,-127.49038863489402,-15.481182741958333,0,0,0,0,0,0,0,0,0,5.025230420520646,-6.0689353134910515,0,0,,,,,,,0,0.0,-0.8200461786694806,3.086736708275592,56.36946534319614,-0.45056339134700635,-14.546398120363811,0.20588235294117643,0.275,
ABMRF,ABN AMRO Bank N.V. Depositary receipts,Financials,Banks,Large Cap,USD,38383472640.0,116966146048.0,47.1,8902000000.0,,2235000000.0,1843000000.0,0.27695,0.20703212761177264,,,,13.139310946753538,,,1.3924713455468891,0.048015457519583096,,,1.610172184774994,0.528392206533309,-24508000000.0,-0.6385039787791332,0,2026-03-31,,0,4.311780795326893,14.672896,17.173813261744968,,,,3.131217123163432,0.02523,,,0.7503575642506348,0,0.1648515978540297,0.3884049468880484,,0,,0.0006744604316546763,,1.207040296433534,1.1638659198008359,,1.4713082067484633,0.016790405482581382,,,,0.010535557506584723,,1.207040296433534,1.1638659198008359,-0.054540539476175875,,1.4027647093710618,1.3708845933359293,0,0,1,1,0,1,1,0,1,,,0,0,13090000000.0,,0.0,,0.0,,0,0.7503575642506348,0.7496831038189802,,-0.41350835555020105,0.749177813027819,-0.36178418709886606,0.4319897939710507,0.2862536533273381,growth-flip; first-positive: FCF/CFO; cash 161% of mcap
ABNAF,Aben Resources Ltd.,Materials,Metals & Mining,Nano Cap,USD,5880676.0,3454150.0,0.168,,-5142317.0,-416094.0,-453150.0,0.0,,0.08091566505915523,-0.0763898455880793,-0.013883430368061712,,-0.6717108260731495,,0.67181260136721,-0.07705746754284712,,,0.2781433631099554,0.47353791815642055,1305965.0,0.2220773598137357,0,2026-03-31,,0,,,,,,,0.03766584752269592,0.05827,,,3.2380953690294794,0,0.6357666872518734,-7.290946969869401,,0,,,-11.06097429402383,0.16102807299826397,0.24910767843945636,,,,0.11841001967597137,-0.03416445465119747,-0.12123101589987975,,32.064707305273345,-0.9705954800172425,-1.329649507343753,,-13.401917997565075,0.11654095877958134,0.316398084875369,0,0,0,0,0,0,0,0,0,-0.03486843060409601,-0.0415214149839833,0,0,150332.0,,3.014328286725381,,5.210097291611885,,0,3.2380953690294794,,14.29906966305331,2.9889876905900232,,-8.644028676821666,0.3161764705882353,0.4097219741076392,
ABSCF,AB Science S.A.,Health Care,Pharmaceuticals,Small Cap,USD,82042232.0,91172280.0,1.12,1174000.0,1673000.0,-4289000.0,-4571000.0,1.4250425894378194,-3.893526405451448,-2.5636580992229527,-0.07615302109402931,4.766885833831441,77.65952299829642,54.49628212791393,142.67962441314555,,-0.0557152077481266,,,0.12407024713808372,0.11164577654523941,-8807000.0,-0.10734715262256639,0,2025-12-31,,0,69.88265076660988,,,978000.0,0.8330494037478705,0.011920689822285674,,0.36870998,,,-0.111111100598828,0,0.3918906019894204,-2.09665186180963,,0,,0.09514925373134328,1.3402481187716087,-9.16952380952381,-13.354054054054053,6.011796320781103,-4.238675659182792,,,,,0.09514925373134328,1.3402481187716087,-9.16952380952381,-13.354054054054053,-0.010005385443914452,1.0247810437333238,-10.200642296868958,-14.375545689741786,0,0,0,0,1,0,0,0,1,0.45847151040096473,-0.534624531494994,0,0,,,,0.0,,0.24816703857188396,0,-0.111111100598828,-0.20626035433017129,-1.4513592193704365,13.242942953455225,-0.18833994875804397,-2.8492458577491435,0.503267970764361,0.1977625083346156,first-positive: EBITDA
ABSSF,AirBoss of America Corp.,Materials,Chemicals,Small Cap,USD,146699744.0,224071920.0,5.4,420130000.0,24255000.0,32766000.0,19138000.0,0.05773213053102611,0.04555256706257587,1.3508967223252937,0.06135689074282047,3.3009276437847865,0.5333394901578083,9.238174397031539,18.309521163588823,1.2287233985526669,0.13045694203801747,,,0.05471038858799917,0.03581885673135661,-80064000.0,-0.5457678235621188,0,2026-06-30,,0,0.34917702615857,,4.477194164682903,74375000.0,0.17702853878561398,0.5069879331214102,0.7378216295899223,0.34925997,,,0.42742390520327606,0,0.4734560792344908,2.610320715896674,7.01428029593647,0,22.74652506253384,0.08553991483732275,0.773415222636543,2.731890660592255,11.333693304535638,0.022393236819008254,0.05033780001970514,0.02255994119665775,-0.02878994153920077,-0.2526515065118719,-0.41097534701917454,0.020223699263475375,0.06867916058803726,0.5608108108108109,-10.573684210526316,0.15143661347652257,-2.565095090012731,5.378585550402802,22.07063825119833,1,0,1,1,0,0,1,0,1,-0.01602890097785581,0.07738579172067628,1,1,20990000.0,,0.0,0.0,0.0,0.4035933090108075,0,0.42742390520327606,0.3418839903659533,-0.345991317433267,-10.906269399332361,0.3149437304819763,2.6488582489794243,0.7361753976261705,0.5090333613338955,growth-flip; first-positive: FCF/ROCE; ROCE improving from <=0; accelerating sales; under-priced vs fundamentals
ABTZY,"Aboitiz Equity Ventures, Inc.",Utilities,Electric Utilities,Mid Cap,USD,2548737536.0,524101058560.0,4.59,331255167000.0,91418154000.0,55109318000.0,24512451000.0,0.2759750280363174,0.07399869780748206,0.6028268520932943,0.07864432735839415,4.448783083062474,1.5821671954780407,5.733008550577384,9.508942380406966,0.008799108404209614,9.617487345703688,,,40.672346028492754,0.19779226411948272,-411175800000.0,-161.32528131762876,0,2026-03-31,,0,0.007694181977846703,7.2857146,0.04624875844045103,116498709000.0,0.35168873003571893,45.708397728089956,1.7773990204116596,,,,-0.14375634393143666,0,0.5876487180691344,0.039915829750011934,238.2248456304262,0,63.09053542536732,0.09388079813700592,0.05697766937544921,6.280639097945614e-05,-0.1021377862748506,-0.00963534262801996,-0.016155173667864856,0.05890957912831981,0.07983349439225898,-0.058725270394802936,-0.140088245276615,0.0038163647137914765,0.8076010402588863,-0.013319095237204358,0.5809340999460385,0.05942164224131993,-0.013710485498858296,0.10950687480977454,0.21789672458188436,1,0,1,1,0,0,0,0,1,0.08375900309768496,-0.005114675739290808,0,0,,,,0.0,0.0,0.0,0,-0.14375634393143666,-0.23763714206844258,-0.20073401330688587,-0.041618557656586064,-0.21724226485478465,0.17430799447167478,0.7225839030908887,0.09115849479244396,growth-flip; accelerating sales; under-priced vs fundamentals; cash 4067% of mcap
ABXXF,Abaxx Technologies Inc.,Information Technology,Software,Micro Cap,USD,753867072.0,707733888.0,19.57,2471871.0,-48922321.0,-44390872.0,-44390872.0,-19.791615743701836,-17.95840964192711,0.9073746112740645,-1.2711833357765085,0.3940868218415067,286.31505770325396,-14.46648224232861,,11.555715258969924,-0.05888421665935291,,,0.05994303860508713,0.06385038750610172,19279642.0,0.02557432565512027,0,2026-03-31,,0,304.9783228979182,,,,,,0.3971550606670893,0.11322,,,0.731858350840571,0,0.38788577167249955,0.5808609391026233,,0,,1.551350676267072,0.13412552251550017,-0.4666477020520275,-0.4666477020520275,38.52555784802772,13.281676522259637,1.365829777703762,-0.24824989226318248,-0.04091371810804669,-0.04091371810804669,1.165594565840085,-1.429860932661443,-0.10560038730642472,-0.10560038730642472,-3.4171889309092665,1.1277079305409123,-0.0621724541429326,-0.0621724541429326,0,1,0,0,0,0,0,0,1,-1.1593344055454278,-0.11184893023108078,0,0,,,,6.455702548218854,,,0,0.731858350840571,-0.8194923254265009,0.5977328283250709,1.1985060528925986,-0.3211994074548446,-0.163886787084081,0.09036349709473684,0.4651478294539624,growth-flip
ABZPY,Aboitiz Power Corporation,Utilities,Electric Utilities,Mid Cap,USD,4239924480.0,296095186944.0,11.768,205285742000.0,65202400000.0,50342353000.0,21594689000.0,0.317617772012632,0.10519332121955162,0.772093557905844,0.08748205161283115,4.192825877575059,1.4423563178781311,4.541170063433248,7.1452593038652354,0.02170523021870513,5.093177744524355,,,17.42172940778417,0.24946983354366484,-278349051000.0,-65.64953038974883,0,2026-03-31,,0,0.020653769904779847,11.315385,0.08422181776048489,66167144000.0,0.32231728981937774,15.605736449343551,1.8030808184633178,,,,-0.03552829180852133,0,0.5435680996975804,-0.03380355846542437,,0,,0.03946223066355457,-0.10241460580890929,0.09134593799931648,-0.04311304203641239,-0.05020425353645064,-0.009077735999668879,0.03635801991628725,0.08413270073969215,-0.02668331062238315,-0.06997602058304708,-0.05804552894586103,1.8643843706988052,-0.25956110283797695,0.42683373769506483,0.05138911236749632,-0.20411721610510075,0.20362780300589461,0.3027771561381361,1,0,1,1,0,0,0,0,1,0.10672113961139994,-0.019239087998568785,0,0,,,,,0.0,,0,-0.03552829180852133,-0.07499052247207591,0.06688631400038797,0.007584750227891061,-0.07214357603373867,0.018165758569383884,0.6526230987585458,0.08346263433586808,growth-flip; accelerating sales; cash 1742% of mcap
ACAN,"AmeriCann, Inc.",Industrials,Industrial Conglomerates,Small Cap,USD,4878.0,6662439.0,0.0002,1274810.0,-171975.0,-1170066.0,-1171022.0,-0.13490245605227447,-0.918585514704152,6.803698211949412,-0.07599032234492041,-28.786102631196396,5.226221162369295,-38.740741386829484,,0.0015464505820588907,-240.0619106191062,,,26.887248872488726,0.01968588380321381,-6657561.0,-1364.8136531365315,0,2024-12-31,,0,0.0038264525694024993,,,1272456.0,0.9981534503180867,260.8560885608856,2.1521966699637325,0.43018,,,1.0,0,0.7603243315146673,-1.6394109494854852,,0,,-0.5005054462816394,-1.1508231140204326,-3.0178422377815335,-4.894397626823282,-0.5816711262191893,-1.0364030838601743,,,,,,,,,-0.37221233799864784,-1.2769389903518549,-2.7010448279801578,-4.392927869992187,0,0,0,0,0,0,0,0,0,0.04409834044550376,-0.12008866279042417,0,0,,,,,,,0,1.0,1.5005054462816394,2.1508231140204326,5.894397626823282,3.004047662004534,-3.1819087290417847,0.25,0.25,cash 2689% of mcap
ACAZF,Acadian Timber Corp.,Materials,Paper & Forest Products,Micro Cap,USD,232359136.0,344591136.0,12.59,77078000.0,74680000.0,8146000.0,4528000.0,0.9688886582423,0.058745686188017336,0.10907873594001072,0.023376420691211486,1.502838778789502,4.470680816834895,4.614235886448848,31.08905954529051,0.642016174800578,0.01948707538661187,,,0.019345053856629938,0.013044444648744534,-112232000.0,-0.4830109197858267,0,2026-06-30,,0,3.0145973688990373,6.7326202,28.524323103363614,23125000.0,0.3000207581929993,0.09952266305552109,0.32252066058615003,0.50799,,,0.0004272528189364997,0,0.31354470350142627,0.16652657660411338,186.69127882931917,0,38.688492650427094,-0.3365925033351982,1.1567608155721134,-0.7607354755331023,-0.8077037414532637,0.670863956258395,-0.14392247235224173,-0.11760598046959966,-0.0066110645543184755,0.8425695543994571,3.7265135699373695,-0.37805398940714163,-0.10959329400807202,7.519713261648746,6.96415770609319,-0.4944989898691602,1.3259198420908966,-3.069161553584479,-2.1076578338936245,0,1,0,0,0,0,0,0,1,0.053927334062727934,-0.03055091337151645,0,0,3570000.0,0.0,,0.0,,0.0,0,0.0004272528189364997,0.3370197561541347,-1.156333562753177,0.8081309942722003,0.5080131862369046,0.0037276041089473466,0.6083076932705592,0.16253584373499658,growth-flip
ACCFF,Accord Financial Corp.,Financials,Consumer Finance,Micro Cap,USD,5194404.0,114532408.0,0.6069,24910000.0,,86662000.0,86634000.0,-0.20628001,3.4778803693295863,,,,4.597848574869531,,,0.11121253773524312,16.678333067662816,,,4.068994248425806,0.18454165392209337,-109338000.0,-21.049190628992278,0,2026-03-31,,0,0.20852685668406262,,0.05993865823544345,,,,2.7934570835206713,0.86563003,,,-0.7486956578398151,0,0.5375846226287843,-0.16710198421746483,,0,,-0.47056323060573857,,0.4308924296210683,0.4398205085590826,,2.1990280845261854,-0.06679653841831192,,13.656181295450702,13.721155480033985,-0.16797027766914352,,-0.047727486590759385,-0.04747651587884264,-0.449403352497147,,-3.087223412676158,-3.0739105625922587,0,0,0,0,0,0,0,0,0,,,0,0,80749000.0,0.0,0.0,,0.0,,0,-0.7486956578398151,-0.2781324272340765,,-1.1885161663988977,-0.5253364392357808,0.733324296816487,0.8235294117647058,0.0,under-priced vs fundamentals; cash 407% of mcap
ACCMF,AAC Clyde Space AB (publ),Information Technology,"Electronic Equipment, Instruments & Components",Micro Cap,USD,96910936.0,105382936.0,12.5,288965000.0,15400000.0,-69629000.0,-120833000.0,0.05329365148028308,-0.41815790839721073,-4.5213636363636365,-0.07223637069970217,0.5501298701298701,0.36469100410084265,6.843047792207792,,0.13667676841754905,-1.2468458668070237,,,0.28287829146547505,0.2601369921976742,-32292000.0,-0.33321316801645584,0,2026-03-31,,0,0.335372574533248,,,223325000.0,0.7728444621320921,2.304435487033166,0.08420538973164168,0.24929,,,0.32638661550908554,0,0.6575974926241573,-1.989834934715938,,0,,-0.18107051865203183,-0.6835443037974683,-2.2261001250242125,-8.219945028680689,-0.08462057439592172,-0.4655878871138013,-0.021396423092423202,-0.42408376963350786,0.0409228650137741,0.011089468687596164,-0.05148656415144591,-0.9097472924187726,-0.014958333333333334,-0.12231264423660877,-0.4388363315587904,-58.43356104014942,-12.908357205043636,-9.42694593234723,0,0,0,0,0,0,0,0,0,-0.033169082068381435,-0.03906728863132073,0,0,1355000.0,89.17564575645757,,,,,0,0.32638661550908554,0.5074571341611174,1.0099309193065538,8.546331644189774,0.6196591351502411,-3.354573232552482,0.28873511930510615,0.16784340712402462,
ACCYY,Accor SA,Consumer Discretionary,"Hotels, Restaurants & Leisure",Large Cap,USD,12461931520.0,16556445696.0,10.81,5639000000.0,1139000000.0,810000000.0,613000000.0,0.20198616776024117,0.10870721759177158,0.7111501316944688,0.1177187753996207,2.5645302897278315,2.9360605951409826,14.535948811237928,19.052296543153048,3.0899904587155964,0.04918980649317514,,,0.11354580128522485,0.08546520346102188,-3349000000.0,-0.2687384371054544,0,2026-06-30,,0,2.2099541620854763,41.576927,15.385100641975308,2940000000.0,0.5213690370633091,0.23591848464915974,1.1812546491445575,0.0,,,0.06972401947058646,0,0.12358945910608696,0.02303302572835216,827.1729805650722,0,,0.0058865501248662145,-0.1448948948948949,0.10504774897680765,0.3931818181818182,-0.03561640091617696,0.03021988259355539,,,,,0.0058865501248662145,-0.1448948948948949,0.10504774897680765,0.3931818181818182,-0.10289509544475403,-0.37254466448014834,0.009382577078451887,0.33294085432639653,0,0,0,0,0,0,0,0,0,0.10544125609095831,0.012277519308662388,0,0,173000000.0,,0.0,,0.0,,0,0.06972401947058646,0.06383746934572024,0.21461891436548136,-0.3234577987112317,0.06346388599966446,-0.004615617749908596,0.33758269808232483,0.07427520392127565,
ACDSF,Ascendas Real Estate Investment Trust,Real Estate,Equity Real Estate Investment Trusts (REITs),Mid Cap,USD,9690716160.0,12183358464.0,1.94,1538574000.0,1104347000.0,1068870000.0,1068870000.0,0.7177730807877944,0.6947147163542345,0.967875133449903,0.051892818739658966,6.438903714140573,7.918604151636515,11.032183239507148,12.64428041808028,0.892950941454575,0.1102983497145375,,,0.0216128505408624,0.01719099053178774,-7715560000.0,-0.7961805786704622,0,2025-12-31,,0,6.298505083278412,14.923078,9.066318785259199,1067560000.0,0.6938632785943347,0.110163168786898,0.7302494125296177,0.00031,,,-0.08056864754850886,0,0.18627207529203926,0.06501020202437464,194.49686394359284,0,137.1892726183837,0.010195358511824331,0.08848022377798827,0.127699845542248,0.127699845542248,0.05162314178398231,0.07238814184499454,,,,,0.010195358511824331,0.08848022377798827,0.127699845542248,0.127699845542248,-0.0190441625514703,-1.3507644731607455,0.13653615115084464,0.13653615115084464,0,0,1,1,0,0,0,0,1,0.05500753522335299,-0.003114716483694026,0,0,121038000.0,,0.0,0.0,0.0,0.0,0,-0.08056864754850886,-0.09076400606033319,-0.16904887132649712,-0.20826849309075685,-0.08984797375632653,0.13948233605847843,0.7555480944929233,0.13774971003765016,growth-flip; under-priced vs fundamentals
ACDVF,Air Canada,Industrials,Airlines,Mid Cap,USD,6113688064.0,11930295296.0,21.83,22383000000.0,3018000000.0,4642000000.0,1857000000.0,0.13483447259080553,0.08296475003350758,1.538104705102717,0.09013442150744119,1.6954937044400265,0.533006982799446,3.953046817760106,15.885879222370173,2.247679435294118,0.30374464325957473,,,1.0941022718165294,0.5606734648255265,-5612000000.0,-0.9179401927693771,0,2026-03-31,,0,0.27313979645266495,23.473118,1.3170374976303318,5101000000.0,0.22789617120135816,0.8343572564712389,4.522426470588235,0.002,,,0.5297827066171763,0,0.3116157483748191,0.08577081012129566,185.21311854119864,0,,0.005751516513143114,-0.008866995073891626,0.1811704834605598,0.43508500772797526,-0.0019887132101380767,0.02482051278345141,0.01731660758112899,0.40046403712296985,0.3183754615166146,44.292682926829265,0.0025996533795493936,-0.22044088176352705,3.2505910165484635,3.7635983263598325,-0.01407129380421836,0.4904004432989167,0.020812128922815948,0.10775870771204832,0,1,0,0,0,0,0,0,1,0.1563893016344725,-0.06625488012703132,0,0,1816000000.0,0.0,0.0,,0.0,,0,0.5297827066171763,0.5240311901040332,0.538649701691068,0.09469769888920104,0.5210344518502997,-0.4196032606336505,0.5243356231931189,0.23151828505974573,growth-flip; cash 109% of mcap
ACEJF,Acea S.p.A.,Utilities,Multi-Utilities,Mid Cap,USD,1840664832.0,10614431744.0,8.66,2426525000.0,1423690000.0,1902191000.0,331969000.0,0.5867196917402459,0.13680839884196536,1.3360991507982778,0.08687214545450944,3.6466337475152595,4.374334385180454,7.455577930588822,15.126177089063253,0.6377885711454322,0.18035276940630982,,,0.2487764160205349,0.04314069853610809,-5191676000.0,-2.8205439196439213,0,2026-03-31,,0,0.7585600115391352,4.5340314,0.9676551050867132,2633477000.0,1.0852873965856524,1.4307205495628224,1.9575774312710519,0.75782996,,,0.0,0,0.40849604816117363,-0.002840955547449319,,0,,-0.11550641793449457,0.09075878638920833,0.08108579674331451,0.03529048535332587,0.11095015562346255,0.01992704770400036,0.004406261900425518,-0.013318936481050767,0.07664464728712225,0.40960489161588925,-0.14147910766631888,-0.015753741894593144,-0.6768949440378081,-1.164362404949204,0.3916271048623868,0.05641262126729756,-0.5797159551219327,-11.358177266178254,1,0,0,0,0,0,0,0,1,0.09813554177802442,-0.011263396323514974,0,0,96464000.0,0.0,0.0,0.0,0.0,0.0,0,0.0,0.11550641793449457,-0.09075878638920833,-0.03529048535332587,0.130590453426196,0.0035142846026798777,0.7934360727272547,0.225,growth-flip; accelerating sales
ACGBY,Agricultural Bank of China Limited,Financials,Banks,Large Cap,USD,260947329024.0,1433576407040.0,18.64,743810000000.0,,4066574000000.0,4037424000000.0,0.48976,5.428031352092605,,,,1.9273422070690096,,,0.07915676750240931,15.47217982686716,,,16.491626935197335,3.0018951057415975,1139728000000.0,4.367655358891128,0,2026-03-31,,0,0.3508252497600194,6.276094,0.06416883819746057,,,,0.9596943992714894,0.0,,,0.08048887705633602,0,0.41948127617616443,0.7107233877977852,,0,,0.046907526288454474,,2.005504633263417,2.038355110816447,,3.5577276291323088,0.02712070370216938,,0.9246346384388902,0.935895364264449,0.18597362867378567,,14.04001066274007,15.586641506245511,-0.003544610241384062,,0.8203191626259662,0.8297935722359254,0,0,1,1,0,0,0,0,1,,,0,0,1951865000000.0,0.0,0.0,,0.0,0.0,0,0.08048887705633602,0.033581350767881546,,-1.9578662337601107,0.03207671157636609,0.630736057138621,0.770444447924607,0.12118458942724135,growth-flip; under-priced vs fundamentals; cash 1649% of mcap
ACGYF,Subsea 7 S.A.,Energy,Energy Equipment & Services,Mid Cap,USD,9669225472.0,9514924032.0,32.65,7517700000.0,1640600000.0,1906400000.0,1650100000.0,0.21823163999627546,0.21949532436782526,1.1620138973546263,0.24097575071640137,-0.11587224186273315,1.2656695574444312,5.799661119102767,9.50826824422904,2.2264956875748365,0.17065482698467785,,,0.10815757715324895,0.10991154490386161,190100000.0,0.019660313077866347,0,2026-06-30,,0,1.2861946435744975,15.849516,5.071981468736887,1350800000.0,0.1796826156936297,0.1397009516337815,0.19703877682601087,0.23709999,,,0.7553763901212879,0,0.35765362805860035,0.6082982501203666,15.630931442508007,0,19.401533633130217,0.09956121105748135,0.5052757133681989,1.046811251878892,1.831817401750472,0.05881961717925044,0.13426788543261975,0.023359333523910647,0.08886971527178603,0.13753803926248584,0.1634350983571882,0.07718102051081428,0.6035628019323671,1.222395630120952,1.3482318271119842,-0.10805343751071274,-0.3187140731893968,0.16780870764765982,-5.409704229846332,0,0,0,0,0,0,0,0,0,0.08398598516075845,0.15698976555564292,0,0,231800000.0,0.0,0.0,0.0,0.0,0.0,0,0.7553763901212879,0.6558151790638065,0.250100676753089,-1.0764410116291843,0.5964335340941039,-0.10647709457045379,0.6467130532955266,0.38398226019312387,
ACHFF,Arch Biopartners Inc.,Health Care,Biotechnology,Micro Cap,USD,52648296.0,54969604.0,0.775,,-2333932.0,,-1102239.0,0.0,,,1.559942278803896,-1.0681360896547114,,-23.552358851928847,,,-0.020935891258474917,,,0.008295900023051079,0.007945572975202805,-2122867.0,-0.04032166587119933,0,2026-03-31,,0,,,,,,,,0.18374,,,-0.37246966220141814,0,0.5506713570613724,0.40172315259136104,,0,,,0.3389979891812286,,0.527173479411626,,,,0.0068023679134199206,,0.29738200872026316,,0.6820193661076158,,0.8727904218670582,,0.8230892352743436,,9.279549359836718,0,1,0,1,0,0,0,0,1,2.250858530388306,-0.6909162515844103,0,0,466521.0,2.362678207411885,0.8969087768149717,1.9498700048789943,,1.9524531803191276,1,-0.37246966220141814,,-0.7114676513826468,-0.8996431416130442,,0.8055553964978455,0.49107142857142855,0.2727272727272728,growth-flip; FCF break-even ETA 2.4q; under-priced vs fundamentals
ACITF,Asian Citrus Holdings Limited,Consumer Staples,Household Products,Micro Cap,USD,2980105.0,4752106.0,0.2,75420000.0,-24051000.0,2160000.0,,-0.3188941925218775,,-0.089809155544468,-0.32052225429708875,-0.18061619059498565,0.06300856536727659,-0.19758454949898133,,0.028991886449202753,,,,3.3414930010855324,2.0954919776621144,-3211000.0,-1.0774788136659614,0,2025-12-31,,0,0.03951345796870857,,1.3796782407407406,4263000.0,0.05652346857597454,1.430486509703517,0.12811432907550271,0.45146,,,0.0,0,0.6304021950633426,-0.7483741515610437,,0,,-0.552761882171554,-0.9439864209505334,1.0892598867721808,,-0.24552863970069566,,,,,,-0.552761882171554,-0.9439864209505334,1.0892598867721808,,-1.085403276712993,-1.6919441286939279,0.643101463226075,,0,0,0,0,0,1,0,0,1,-0.23530553040521812,-0.08521672389187063,0,0,,,,,0.0,14.985018726591761,0,0.0,0.552761882171554,0.9439864209505334,,1.2359453725802174,-0.7483741515610437,0.46428571428571425,0.21351254964244912,first-positive: CFO; cash 334% of mcap
ACKAY,Arcelik Anonim Sirketi,Information Technology,"Electronic Equipment, Instruments & Components",Mid Cap,USD,1301813376.0,182663491376.0,9.92,523933321000.0,53196107000.0,33863654000.0,18153523000.0,0.10153220814142493,0.03464853688891453,0.6365814325473103,0.02232452506509596,3.4093035793013953,0.348638813479855,3.433775546319583,30.14824137673787,0.01674482974607533,13.944796800121372,,,49.38343558700691,0.35194781680630216,-193654363000.0,-148.75739224237316,0,2026-06-30,,0,0.0024846928489207503,,0.038442791082143705,150793267000.0,0.2878100341321868,115.83324444194373,3.317834427749394,0.0,,,-0.41647058374741497,0,0.5132821063731619,0.5169881653001889,58.31514800582004,0,545.9541176881507,-0.0659672106278135,0.12121908112238534,0.7979095848875087,2.4744370855118007,0.016950690418305644,0.056597842068514155,,-0.010484571590774549,0.7081046165247292,5.9968822701421,0.08483698836155333,-0.17101677414332658,1.2726474886023746,1.043961533778583,-0.030841739439620985,-0.016159504961623092,-39.918029084619086,1.0808362947139898,0,0,0,0,0,0,1,0,1,0.035146935179851846,-0.012822410114755885,0,0,15559007000.0,0.0,0.0,0.0,0.0,,0,-0.41647058374741497,-0.35050337311960145,-0.5376896648698003,-2.8909076692592155,-0.37525810347107164,1.259700235749539,0.8179868405855824,0.09028746769007097,first-positive: FCF; under-priced vs fundamentals; cash 4938% of mcap
ACKDF,Auckland International Airport Limited,Industrials,Air Freight & Logistics,Mid Cap,USD,8221378560.0,10513378304.0,4.85,929300000.0,827200000.0,,-463500000.0,0.8901323576885828,-0.4987625094156892,,0.034577923387910235,2.320478723404255,11.313223183040998,12.709596595744681,24.535305260210034,0.785022015124895,-0.05637740637015503,,,0.06906384322971743,0.0540073783689464,-1919500000.0,-0.23347665917478444,0,2025-06-30,,0,8.846850920047347,34.642857,,929300000.0,1.0,0.11303457117537231,0.23750095485448017,0.04239,,,0.012526084187343049,0,0.3255756589499373,0.14656966693177936,167.39688213680637,0,48.058131804658565,0.11067288155850365,0.416195856873823,,-0.32088914220575665,0.19203268038488974,-0.07937682757034442,,,,,0.11067288155850365,0.416195856873823,,-0.32088914220575665,-0.30410561015607196,-0.8998231756400549,,1.1855394292228147,0,0,0,0,0,0,0,0,0,0.03613511390416339,-0.0015571905162531582,0,0,,,,0.0,,0.0,0,0.012526084187343049,-0.0981467973711606,-0.40366977268647997,0.3334152263930997,-0.08836697015005925,0.06419207845365003,0.46415744064711933,0.20537188354616825,
ACLLF,ATCO Ltd.,Utilities,Multi-Utilities,Mid Cap,USD,6155253760.0,22082252800.0,54.7,5319000000.0,2441000000.0,2622000000.0,785000000.0,0.45892084978379394,0.14758413235570597,1.0741499385497746,0.05906216441952034,4.987709954936501,4.151579770633577,9.04639606718558,22.305305858585857,1.2944802860147213,0.12753332853656385,,,0.16002589631658012,0.044605956145923664,-12007000000.0,-1.9506913066732767,0,2026-06-30,,0,1.1572201090430532,47.56522,2.3475414797864227,3211000000.0,0.603684903177289,0.5216681757081613,2.7322818086225027,0.00685,,,0.5254090754501752,0,0.31408700229812736,0.2628064745460202,84.87350205932603,0,149.0935440715317,0.07628490489680291,0.08200354609929078,0.19344560764679108,0.9974554707379135,0.0024255037700343096,0.0680616718134154,0.03121364870104692,0.03257191201353638,0.06758957654723127,0.1875945537065053,-0.07503506311360449,-0.18888888888888888,-0.06858710562414266,-0.3625,-0.001724326165805562,0.08154978783380565,0.012566523167724664,0.656176844783715,0,1,0,1,0,0,0,0,1,0.09265778224792558,-0.033595617828405235,0,0,124000000.0,0.0,0.0,0.0,0.0,,0,0.5254090754501752,0.44912417055337234,0.44340552935088445,-0.4720463952877383,0.41729115451678245,-0.20944361478332524,0.5911658379184798,0.2382997381544345,growth-flip
ACMTA,ACMAT Corporation,Financials,Insurance,Nano Cap,USD,14072301.0,12627063.0,18.25,3283473.0,,-3421588.0,-3472829.0,0.12163,-1.0576694250264886,,,,3.8456424036378554,,,0.4725418652492684,-0.24678472980360497,,,0.1738263699731835,0.1937217704544596,,,0,2025-12-31,,0,4.28579769043327,25.0,,,,,,0.0,,,-0.5216251829604729,0,0.24023620358971332,-6.569445026093544,,0,,0.02668463965840059,,-16.742078554241257,-19.761704357597434,,-1.1155475864031923,,,,,0.02668463965840059,,-16.742078554241257,-19.761704357597434,,,,,0,0,0,0,0,0,0,0,0,,,0,0,,,,,,0.0,0,-0.5216251829604729,-0.5483098226188735,,19.24007917463696,-0.5340586597275943,-6.052570230763497,0.6220264705882352,0.04108105695985745,
ACNDF,Ascendas India Trust,Real Estate,Real Estate Management & Development,Small Cap,USD,1234140.0,1708199808.0,0.83,294351000.0,555967000.0,139825000.0,135370000.0,1.8887892346212516,0.4598931207979589,0.25149874003313144,0.055114722298133974,2.6843319837328474,5.803275028792156,3.072484172621756,8.944016419879784,0.0006259728995640497,109.68771776297665,,,115.16440598311375,0.0832039667340836,-1493726000.0,-1210.3375629993357,0,2025-12-31,,0,0.004192749472568464,5.1875,0.008826318612551403,198849000.0,0.6755506181395681,161.12353541737565,0.8297283109018009,0.00415,,,-0.03489593021853559,1,0.6690755012947789,0.003588246815530147,2492.58673655601,0,130.90305972881816,0.059269975277187,0.00906030219156949,-0.18257763539425687,-0.11871932085986224,-0.093983966857079,-0.09288306757044335,,,,,0.059269975277187,0.00906030219156949,-0.18257763539425687,-0.11871932085986224,-0.12798675717230093,-0.6730441639831636,0.11934003418217443,0.20315340280082245,0,0,0,0,0,0,0,0,0,0.05015703914752389,0.004957683150610084,0,0,,,,0.0,,,0,-0.03489593021853559,-0.0941659054957226,-0.04395623241010508,0.08382339064132666,-0.08889698348249842,0.03579893268674986,0.7429251455631719,0.06514395858099004,"cash 11516% of mcap; Berezin classic (P/S 0.00, P/B 0.00, GP/mcap 161.1x)"
ACOPF,The a2 Milk Company Limited,Consumer Staples,Household Products,Mid Cap,USD,3590859520.0,2713129728.0,4.95,1899273000.0,318065000.0,,197506000.0,0.1674667096304744,0.10399031629470855,,0.4851063924028206,-3.142235077735683,1.4285096076235486,8.530110914435728,12.386288208251347,2.4747975803789326,0.055002430170256286,,,0.30638096363067974,0.4054988556743277,999435000.0,0.27832751307408427,0,2025-06-30,,0,1.8906494853557125,27.499998,,875155000.0,0.46078420532487957,0.24371741504385,0.06942661155874238,0.05056,,,0.06220871099177934,0,0.2625866252330827,0.0873912272874649,141.73377114281578,0,49.762209355609215,0.1350307143330965,0.1636112869179017,,-0.16032786606467192,0.004113310436176576,-0.03657907765971628,,,,,0.1350307143330965,0.1636112869179017,,-0.16032786606467192,0.08334595522486363,0.05024773090615477,,-1.4920817024578674,0,0,0,0,0,0,0,0,0,0.4616154368486308,0.023490955554189785,0,0,,,,0.0,,0.0,0,0.06220871099177934,-0.07282200334131715,-0.10140257592612235,0.22253657705645125,-0.06415861916486101,0.003961655343962318,0.529797736572694,0.2826139682368304,accelerating sales
ACOPY,The a2 Milk Company Limited,Consumer Staples,Household Products,Mid Cap,USD,3460282880.0,2582552832.0,4.77,1899273000.0,318065000.0,,197506000.0,0.1674667096304744,0.10399031629470855,,0.4851063924028206,-3.142235077735683,1.359758619219038,8.119575659063399,11.79016372127847,2.3848049892106733,0.057077992421243895,,,0.31794250301293286,0.42600135275761125,999435000.0,0.2888304322680116,0,2025-06-30,,0,1.8218986317396182,26.499998,,875155000.0,0.46078420532487957,0.2529142935273546,0.06942661155874238,0.0,,,0.03124034830829168,0,0.24901257329230858,0.0873912272874649,134.91244015255535,0,47.46475261721668,0.1350307143330965,0.1636112869179017,,-0.16032786606467192,0.004113310436176576,-0.03657907765971628,,,,,0.1350307143330965,0.1636112869179017,,-0.16032786606467192,0.08334595522486363,0.05024773090615477,,-1.4920817024578674,0,0,0,0,0,0,0,0,0,0.4616154368486308,0.023490955554189785,0,0,,,,0.0,,0.0,0,0.03124034830829168,-0.1037903660248048,-0.13237093860961002,0.1915682143729636,-0.09144278186849626,0.034008968032486875,0.5483367288387263,0.2748718775659585,accelerating sales
ACRFF,Accor SA,Consumer Discretionary,"Hotels, Restaurants & Leisure",Large Cap,USD,12346649600.0,16440151040.0,53.55,5639000000.0,1139000000.0,810000000.0,613000000.0,0.20198616776024117,0.10870721759177158,0.7111501316944688,0.1177187753996207,2.5645302897278315,2.915437318673524,14.433846391571555,18.91847070195627,3.0614058021324078,0.04964909670717471,,,0.11460598995212434,0.08606976885779269,-3349000000.0,-0.27124767515877346,0,2026-06-30,,0,2.189510480581663,40.56818,15.242777283950618,2940000000.0,0.5213690370633091,0.23812127947649864,1.1812546491445575,0.01319,,,0.061657428529443996,0,0.12160351327908832,0.02303302572835216,821.3628085635688,0,,0.0058865501248662145,-0.1448948948948949,0.10504774897680765,0.3931818181818182,-0.03561640091617696,0.03021988259355539,,,,,0.0058865501248662145,-0.1448948948948949,0.10504774897680765,0.3931818181818182,-0.10289509544475403,-0.37254466448014834,0.009382577078451887,0.33294085432639653,0,0,0,0,0,0,0,0,0,0.10544125609095831,0.012277519308662388,0,0,173000000.0,,0.0,,0.0,,0,0.061657428529443996,0.055770878404577784,0.2065523234243389,-0.3315243896523742,0.05544450156695583,0.003439171564125423,0.3413141447925748,0.07225855618599004,
ACSAF,"ACS, Actividades de Construccion y Servicios, S.A.",Industrials,Construction & Engineering,Mid Cap,USD,35991867392.0,37074149376.0,136.5,64551815000.0,3387885000.0,747463000.0,-2981000.0,0.05248318734337679,-4.617995636528578e-05,0.22062820904487607,0.22284041175823474,0.2197739887865143,0.5743316338355474,10.943154615932949,25.597701488394637,5.957045523601106,-8.282426603579324e-05,,,0.43990098728578914,0.42705923848516997,-457546000.0,-0.012712482934455906,0,2026-06-30,,0,0.5575655369566294,31.022726,48.15203881931279,15606509000.0,0.24176716022624617,0.4336120943663206,2.696239046697073,0.20138,,,0.8234036720155319,0,0.32250609895564414,0.1454062600773413,176.04263719305666,0,36.512622537791344,0.5504918920321129,0.31372285943735234,-0.7323678046342227,-1.001398202552224,-0.009458915482450335,-0.05125596197606499,0.02387862073866126,,,,0.11987896953985742,,2.4611156186612577,2.080928191489362,0.03234663427374537,0.17175660949491908,-0.768114364873937,-1.037416512975802,0,0,0,0,0,0,0,0,0,0.12541238516553954,0.0974280265926952,0,0,,,,0.0,,0.0,0,0.8234036720155319,0.272911779983419,0.5096808125781795,1.8248018745677559,0.17601625741217783,-0.6958526811353831,0.11343119525376628,0.48209610932502733,
ACSAY,"ACS, Actividades de Construccion y Servicios, S.A.",Industrials,Construction & Engineering,Mid Cap,USD,33289179136.0,34348224512.0,25.25,64551815000.0,3387885000.0,747463000.0,-2981000.0,0.05248318734337679,-4.617995636528578e-05,0.22062820904487607,0.22284041175823474,0.2197739887865143,0.5321031563868498,10.13854499547653,23.715597323554775,5.509721221092905,-8.954861842106073e-05,,,0.4756157529543236,0.46095127841232625,-457546000.0,-0.01374458643545208,0,2026-06-30,,0,0.5156970278217584,28.693182,44.53622337961879,15606509000.0,0.24176716022624617,0.4688162761911607,2.696239046697073,0.0,,,0.6799734164072722,0,0.2814946500923546,0.1454062600773413,163.09887422275006,0,33.817194736556495,0.5504918920321129,0.31372285943735234,-0.7323678046342227,-1.001398202552224,-0.009458915482450335,-0.05125596197606499,0.02387862073866126,,,,0.11987896953985742,,2.4611156186612577,2.080928191489362,0.03234663427374537,0.17175660949491908,-0.768114364873937,-1.037416512975802,0,0,0,0,0,0,0,0,0,0.12541238516553954,0.0974280265926952,0,0,,,,0.0,,0.0,0,0.6799734164072722,0.12948152437515925,0.3662505569699198,1.681371618959496,0.08350996547647692,-0.565153416445263,0.11343119525376628,0.48326816171543774,
ACSYF,Accsys Technologies PLC,Materials,Paper & Forest Products,Micro Cap,USD,241393152.0,280069824.0,0.98,153276000.0,13609000.0,15805000.0,10226000.0,0.08878754664787704,0.06671625042407162,1.1613638033654199,0.08378555261650895,2.835329561319715,1.8272255539027635,20.579750459254903,22.788431570382425,2.2957683243459157,0.04236242791179097,,,0.07368891723987266,0.06351273316756896,-41537000.0,-0.17207198984667138,0,2026-03-31,,0,1.5748920378924294,32.666668,15.273214299272382,47367000.0,0.30903076802630547,0.19622346204750662,0.5642101058518074,0.37814,,,0.20987656319619236,0,0.31296820914337614,1.309631152773729,17.40064866517396,0,7.850846946196631,0.12181626558932022,3.073278488726386,0.4743470149253731,0.15796625523723248,0.136829001065583,0.002082782422432178,,,,,0.12181626558932022,3.073278488726386,0.4743470149253731,0.15796625523723248,0.11842344778804241,3.8535876831934326,-0.015162502929288557,-1.2146828581426707,0,1,0,0,1,0,0,1,1,0.0546818032341545,0.029103749382354452,0,0,1395000.0,,0.0,0.0,0.0,0.0,0,0.20987656319619236,0.08806029760687213,-2.863401925530194,0.05191030795895987,0.07849796825740574,0.661233337926739,0.5159139904559187,0.3621581506247311,growth-flip; first-positive: EBITDA/NI; accelerating sales; under-priced vs fundamentals
ACWRF,Acceleware Ltd.,Information Technology,Software,Nano Cap,USD,10019019.0,13656031.0,0.07,404261.0,-1321247.0,-1262862.0,-1262862.0,-3.268301913862579,-3.1238778907685876,0.9558106849060016,0.5956999733455602,-2.750661307083384,33.780233561981,-10.335713912690057,,,-0.12604647221449525,,,0.004203505353168808,0.003083985383454387,-3634303.0,-0.3627404040255837,0,2026-03-31,,0,24.783540831294633,,,,,,,0.09522,,,-0.19447643640372406,0,0.14548615384615382,-1.1548588739810444,,0,,-0.9227482417940036,-1.4936327304368748,-0.9415324254434649,-0.9415324254434649,-3.779779483371504,-2.9995817130070486,-0.4378885485335443,-0.25983267667733334,-0.09466839105168995,-0.09466839105168995,2.5606171932402644,-4.777305351365422,0.6056660571778746,0.6056660571778746,-18.618219820713296,-4.292422807927135,-0.8984975845677795,-0.8984975845677795,0,0,0,0,0,0,0,0,1,-0.9096601048070225,1.5053600781525827,1,1,,,,,,,0,-0.19447643640372406,0.7282718053902796,1.2991562940331507,0.7470559890397409,9.427252172672882,-0.9248280294877237,0.3513165989422718,0.23,first-positive: ROCE; ROCE improving from <=0
ACXIF,"Acciona, S.A.",Industrials,Construction & Engineering,Mid Cap,USD,13487334400.0,23959334912.0,253.5,20236000000.0,3446000000.0,2148000000.0,379000000.0,0.17029057125914213,0.018728997825657245,0.6233313987231572,0.13471117389041706,2.4448636099825887,1.1839955975489227,6.952795969820081,13.222591011037528,2.8538583157003807,0.028100437696569606,,,0.44323065052795013,0.2495060911313497,-8725000000.0,-0.6469032161017673,0,2026-06-30,,0,0.6665019964419846,33.18063,6.279019739292365,13710000000.0,0.6775054358568887,1.0165092369920035,3.111087600507829,0.57045,,,0.2657911549006678,0,0.3937534101711858,0.5138852371406583,25.730630217381204,0,40.236339786301016,0.05450755601875977,0.3450429352068696,-0.04064314426083073,1.7703252032520325,0.03678353634512441,0.044367351134672356,,,,,0.05450755601875977,0.3450429352068696,-0.04064314426083073,1.7703252032520325,-0.07292326473207743,0.2889835782406701,-0.3615870970631906,1.1806671548783878,0,0,0,0,0,0,1,0,1,0.08060433475715868,0.05410683913325838,0,0,871000000.0,,0.0,0.0,,0.0,0,0.2657911549006678,0.211283598881908,-0.07925178030620184,-1.5045340483513647,0.20036233754416938,0.2930349730578723,0.3993594210996523,0.26808360467288594,first-positive: FCF; under-priced vs fundamentals
ADBKF,Addiko Bank AG,Financials,Banks,Small Cap,USD,622010304.0,-413389696.0,32.25,323100000.0,,-92100000.0,-107000000.0,0.0,-0.3311668214175178,,,,-1.2794481460848035,,,0.692353410507569,-0.1720228737561235,,,1.6994895312859641,,1035400000.0,1.6646026494120587,0,2025-12-31,,0,1.925132479108635,12.262357,,,,,0.02415405164737311,0.4441,,,0.2524271844660194,0,0.4207524658980557,-0.43165894527897675,,0,,0.004976671850699844,,-1.2533700137551582,-1.30493017953833,,-1.4226131666741275,,,,,0.004976671850699844,,-1.2533700137551582,-1.30493017953833,-0.07135409480480735,,-2.335271502873142,-2.435470555980346,0,0,0,0,0,0,0,0,0,,,0,0,,,,,,,0,0.2524271844660194,0.24745051261531958,,1.5573573640043494,-0.24622513093724926,-0.51952758189414,0.3430134211880128,0.15531864008645324,cash 170% of mcap
ADBRF,Aldebaran Resources Inc.,Materials,Metals & Mining,Nano Cap,USD,417055136.0,390842976.0,2.25,,-10844581.0,-2166879.0,-2166879.0,0.0,,0.19981214580812298,,,,-36.040394368394686,,2.321361098247597,-0.0051956655438479,,,0.11840540911118284,0.12634635143091327,,,0,2026-03-31,,0,,,,,,,,0.3147,,,0.2931034411885084,0,0.416515421834545,-2.870928852717079,,0,,,-4.052156858177752,-0.5084728417957329,-0.5084728417957329,,,,-0.25550277622128265,0.634708414616795,0.634708414616795,,-0.10991955803877279,2.1051879907000535,2.1051879907000535,,3.5482330711926537,-3.0228763035202046,-3.0228763035202046,0,1,0,0,0,0,0,0,1,,,0,0,3765037.0,0.5755266150106891,,,,,1,0.2931034411885084,,4.34526029936626,0.8015762829842413,,-2.573418291175251,0.2112124739337965,0.3295019117713936,growth-flip; FCF break-even ETA 0.6q
ADCOF,Adcore Inc.,Information Technology,Software,Micro Cap,USD,5371688.0,2187688.0,0.0882,25161000.0,41000.0,-1975000.0,-3633000.0,0.0016295059814792736,-0.14439012757839514,-48.170731707317074,-0.26765799256505574,-77.65853658536585,0.08694757760025436,53.35824390243902,,0.7729047482014388,-0.6763237179821315,,,0.6798607811920573,1.6693422462435228,3184000.0,0.5927373294949372,1,2026-03-31,,0,0.21349262747903502,,,9435000.0,0.37498509598187674,1.7564311255605314,0.06733812949640287,0.68607,,,-0.5328884608415613,0,0.5519892590429932,-1.051077164818641,,0,,0.06151120111378307,-0.9373088685015291,-1.8114215283483976,-3.503790489317712,-0.02596193813951807,-0.2056060074248281,0.0558982752108775,-0.90744920993228,-2.242138364779874,-40.064516129032256,-0.2832276657060519,-3.0833333333333335,-2.1363484087102176,-2.609006734006734,-0.019280050160810927,-1.139296636085627,-2.213656551813579,-11.874262435920432,0,0,0,0,0,0,0,0,1,-0.328551912568306,0.06089392000325028,1,0,,,,,,,0,-0.5328884608415613,-0.5943996619553443,0.4044204076599678,2.970902028476151,-0.559956090271751,-0.5552416709772559,0.4193610647430547,0.33906134081826533,"ROCE improving from <=0; cash 68% of mcap; cash > EV (1.67x, net cash 59% mcap)"
ADDDF,adidas AG,Consumer Discretionary,"Textiles, Apparel & Luxury Goods",Large Cap,USD,32911820800.0,37722820608.0,188.0,26041000000.0,3364000000.0,2311000000.0,1834000000.0,0.12918090703122,0.0704274029415153,0.6869797859690844,0.21541501976284586,0.5618311533888228,1.4485933953381207,11.213680323424494,17.304046150458717,5.525826192075218,0.05572465926892747,,,0.05511697487122925,0.048087602431704145,-4164000000.0,-0.12651989160077098,0,2026-06-30,,0,1.2638462731845934,20.88889,14.241376373864128,13432000000.0,0.515802004531316,0.4081208414941297,1.003693754197448,0.06849,,,-0.002706527858328399,0,0.2092921832670287,0.13004959876263444,133.0572821069747,0,52.098711355134505,0.09956508888232066,0.3386390768006367,-0.20584192439862542,-0.22616033755274262,0.023071039193530526,-0.02964437850509198,0.03132673267326733,0.012947907256850346,0.7310861423220973,1.1551116333725029,0.022906553398058253,-0.12048192771084337,3.84,3.1208530805687205,-0.05765862005660511,-0.6413041284487959,-0.8831008692136648,-1.0427459569150055,0,0,0,0,0,0,0,0,0,0.1504136082954678,0.06500141146737806,0,0,983000000.0,0.0,,0.0,,0.0,0,-0.002706527858328399,-0.10227161674064905,-0.34134560465896513,0.22345380969441422,-0.09301097113278248,0.07829359570949561,0.5071811202736083,0.20750657591862864,
ADDYY,adidas AG,Consumer Discretionary,"Textiles, Apparel & Luxury Goods",Large Cap,USD,32208068608.0,37019070464.0,91.99,26041000000.0,3364000000.0,2311000000.0,1834000000.0,0.12918090703122,0.0704274029415153,0.6869797859690844,0.21541501976284586,0.5618311533888228,1.4215686979762683,11.004479923900119,16.98122498348624,5.407667664204164,0.05694225326955687,,,0.056321290856584605,0.04900177063505859,-4164000000.0,-0.12928437438082596,0,2026-06-30,,0,1.2368214971775278,20.262114,13.936853573344873,13432000000.0,0.515802004531316,0.4170383565521744,1.003693754197448,0.0,114.9,0.2490488096532233,-0.04184426165674233,0,0.2072492192049686,0.13004959876263444,130.5749894275356,0,51.092377482985555,0.09956508888232066,0.3386390768006367,-0.20584192439862542,-0.22616033755274262,0.023071039193530526,-0.02964437850509198,0.03132673267326733,0.012947907256850346,0.7310861423220973,1.1551116333725029,0.022906553398058253,-0.12048192771084337,3.84,3.1208530805687205,-0.05765862005660511,-0.6413041284487959,-0.8831008692136648,-1.0427459569150055,0,0,0,0,0,0,0,0,0,0.1504136082954678,0.06500141146737806,0,0,983000000.0,0.0,,0.0,,0.0,0,-0.04184426165674233,-0.14140935053906298,-0.38048333845737903,0.1843160758960003,-0.12860480199748958,0.11654535377448283,0.5200095387247853,0.19772214246902517,under-priced vs fundamentals
ADERY,"Aida Engineering, Ltd.",Industrials,Machinery,Small Cap,USD,362727712.0,-33909272288.0,66.75,78647000000.0,8439000000.0,8201000000.0,6435000000.0,0.10730224929113634,0.08182130278332295,0.9717976063514634,0.10863796888422259,-4.061144685389264,-0.43115786092285785,-4.018162375636924,-5.958403143208575,0.004185786630047198,17.740580019427906,,,106.20363078297144,,34272000000.0,94.48409610347058,0,2026-03-31,,0,0.004612098516154462,13.706366,0.04422969296427265,17547000000.0,0.22311086246137807,48.375129386309474,0.049055471571829164,,,,0.2525582325255179,0,0.6778029471314432,0.04793625434412112,-124.29847147494768,0,-127.72422584073296,0.03474725679551614,0.011870503597122302,0.25936732186732187,0.1464457509353287,-0.0024259300631251646,0.007971869843818175,,,,,0.03474725679551614,0.011870503597122302,0.25936732186732187,0.1464457509353287,-0.010123656844471758,-0.3121491820672688,-0.7955395888300592,-2.565855836366259,0,0,0,0,0,0,0,0,0,0.10864440078585462,-6.431901632034109e-06,0,0,822000000.0,,0.0,0.0,0.0,,0,0.2525582325255179,0.21781097573000174,0.2406877289283956,0.10611248159018921,-0.21049678972286964,-0.08852859913142921,0.7306369899066388,0.2759555929873597,cash 10620% of mcap
ADFJF,ADF Group Inc.,Industrials,Building Products,Nano Cap,USD,326648096.0,304612896.0,11.44,302474000.0,56846000.0,33907000.0,15354000.0,0.18793681440388266,0.050761387755641804,0.596471167716286,0.2544456729551056,-0.38562080005629246,1.0070713383629668,5.3585634169510605,6.894034083965146,1.6702105914415588,0.047004712986295806,,,0.19018938350095266,0.20394737325894435,21921000.0,0.06710891711427579,0,2026-04-30,,0,1.079921236205426,15.253333,9.633647801338956,71608000.0,0.23674100914458762,0.2192206257341846,0.2055702985585945,0.00182,,,0.7829322455934301,0,0.2068455025595952,-0.45742962451726876,,0,,,-0.35317008784306586,-0.3841361522813136,-0.6659486978656746,,,0.16904489518273452,0.1075478315083973,-0.30986546172477664,-0.5966161364054331,0.25975328070665277,0.0007960515841426524,-0.720119936700075,-0.969025628842099,,-1.0586979456801673,0.19046167727931107,0.19035297494679815,0,0,0,0,0,0,0,0,0,0.5493682159036642,-0.29492254294855863,0,0,,,,,,,0,0.7829322455934301,,1.136102333436496,1.4488809434591046,,-1.2924916384478002,0.5189686234600152,0.42661912727528606,
ADOOY,PT Adaro Energy Tbk,Materials,Metals & Mining,Mid Cap,USD,4055109376.0,3654692608.0,7.04,1853945000.0,634880000.0,,-23887000.0,0.34244813087766895,-0.012884416743754535,,0.13195789976672587,-1.4617833291330644,1.9713058413275475,5.756509274193548,6.980052384399274,0.8282628285873077,-0.005890593270153017,,,0.49015250038967134,0.5438547678809326,928057000.0,0.22886115119179465,0,2026-03-31,,0,2.1872867728007033,8.186047,,635941000.0,0.34302042401473615,0.15682462321825175,0.21641791197202734,0.0,,,0.24718149880569548,0,0.2660287530816583,-0.35103732367541235,,0,,-0.10811814561966701,-0.25934221824019116,,-1.0202658906573454,-0.06991947197201176,-0.579914886429215,2.872770084893348,2.682996140306231,,-1.1489883239359313,-0.10363567145712382,-0.05770292513531782,,2.1371367265154144,-0.07213428002211153,-0.2371185177671235,,-2.2622098593157824,0,0,0,0,0,0,0,0,0,0.21123610387292008,-0.07927820410619421,0,0,,,,,,,0,0.24718149880569548,0.3552996444253625,0.5065237170458866,1.267447389463041,0.3983707513280665,-0.7097569169780966,0.3325058360661496,0.18679537470142388,
ADRNY,Koninklijke Ahold Delhaize N.V.,Consumer Staples,Food & Staples Retailing,Large Cap,USD,33080629248.0,48265605120.0,37.86,91425000000.0,7310000000.0,6598000000.0,5417000000.0,0.07995624829094887,0.059250751982499315,0.9025991792065663,0.19725818735719725,0.23365253077975376,0.5279256780968007,6.6026819589603285,15.529473976833977,2.2901093283489096,0.1637514195812192,,,0.10731355722970799,0.07355134139878365,-1311000000.0,-0.0396304432473654,0,2026-06-30,,0,0.3618335165217391,12.704699,5.01373586662625,24316000000.0,0.2659666393218485,0.7350525232669238,0.3365178262374524,0.0,48.4,0.27839408346539884,-0.047227863786838326,0,0.2675476024740711,0.13637806766354793,113.87075827431453,0,118.10318873151485,0.023143122530971273,0.12773835236038258,0.06008997429305912,0.38012738853503186,0.007415764613117257,0.015325821646879276,0.0007991067519047202,-0.0005468963631391851,0.0231043572646922,0.028283978739559606,0.039908421619680376,-0.008356545961002786,1.3025099075297226,10.318181818181818,0.02649625577098237,0.13004199092028965,0.16033784987241947,0.15392623344454553,0,1,1,1,0,0,0,0,1,0.08022101708789522,0.11703717026930202,0,0,149000000.0,0.0,0.0,0.0,0.0,0.0,0,-0.047227863786838326,-0.0703709863178096,-0.1749662161472209,-0.4273552523218702,-0.06877922039267713,0.18536791879489445,0.7049143795232343,0.17011067288280612,growth-flip; under-priced vs fundamentals
ADRZF,Andritz AG,Industrials,Trading Companies & Distributors,Mid Cap,USD,9788995584.0,8854619136.0,94.95,8076200000.0,890900000.0,725500000.0,518900000.0,0.11031178029271192,0.06425051385552612,0.8143450443371871,0.31142203001780716,-0.5317095072398698,1.0963843312448924,9.938959631832978,14.465968201274302,4.013199239094785,0.05300850281801496,,,0.11174793068534701,0.12354003974632388,473700000.0,0.048391073010009035,0,2026-06-30,,0,1.21207939179317,17.358318,13.492757524465885,4152600000.0,0.5141774596963918,0.4242110402815358,0.254263693014103,0.31546,,,0.35662237242892175,0,0.29428169352479683,0.0017516344450067322,8258.554313379413,0,,-0.028567304569565896,-0.034777898158179846,0.13982717989002358,0.13544857768052515,-0.0007097865186957569,0.009281005694298267,0.03716545949555658,0.037740244612696566,0.21544647344613838,0.27965474722564737,0.14525857254551547,0.12582781456953643,1.2674157303370785,2.052060737527115,-0.011805574071079593,0.0033704936035664976,-0.6718816444095314,-1.2432536000017145,0,0,0,0,0,0,0,0,0,0.4023679642945698,-0.09094593427676262,0,0,113400000.0,0.0,0.0,,0.0,,0,0.35662237242892175,0.38518967699848766,0.3914002705871016,0.2211737947483966,0.39651710181302185,-0.33258791411132865,0.3472010596113862,0.24179749384688862,
ADRZY,Andritz AG,Industrials,Trading Companies & Distributors,Mid Cap,USD,8898290688.0,8447096320.0,18.16,8076200000.0,890900000.0,725500000.0,518900000.0,0.11031178029271192,0.06425051385552612,0.8143450443371871,0.31142203001780716,-0.5317095072398698,1.0459246081077735,9.481531395218319,13.80019003430812,3.6480365234503114,0.05831457053878616,,,0.12293372270645245,0.12950012152815135,473700000.0,0.05323494327273656,0,2026-06-30,,0,1.1017917693964983,16.50909,12.265045745003446,4152600000.0,0.5141774596963918,0.46667389789817576,0.254263693014103,0.0,,,0.33060357333121654,0,0.23399330069233018,0.0017516344450067322,7878.464638353855,0,,-0.028567304569565896,-0.034777898158179846,0.13982717989002358,0.13544857768052515,-0.0007097865186957569,0.009281005694298267,0.03716545949555658,0.037740244612696566,0.21544647344613838,0.27965474722564737,0.14525857254551547,0.12582781456953643,1.2674157303370785,2.052060737527115,-0.011805574071079593,0.0033704936035664976,-0.6718816444095314,-1.2432536000017145,0,0,0,0,0,0,0,0,0,0.4023679642945698,-0.09094593427676262,0,0,113400000.0,0.0,0.0,,0.0,,0,0.33060357333121654,0.35917087790078245,0.36538147148939637,0.1951549956506914,0.3697331576240975,-0.30656911501362344,0.36514291049376263,0.2352927940724623,
ADTTF,Advantest Corporation,Information Technology,Semiconductors & Semiconductor Equipment,Large Cap,USD,160995082240.0,-158778917760.0,222.34,1128610000000.0,545086000000.0,335182000000.0,299152000000.0,0.4829710883298925,0.26506233331265894,0.6149158114499363,1.0486771775305073,-0.5866487123132863,-0.14068537205943593,-0.2912914985158305,-0.3181177227119731,0.20232477289921405,1.8581437136945929,,,2.1116545627971597,,319774000000.0,1.9862345827638617,0,2026-03-31,,0,0.14264899499384198,68.62346,0.4803213843225472,726107000000.0,0.6433639609785489,4.510119128468604,0.025375568977261016,0.00279,,,2.2735571603644407,0,0.7468123566129597,0.6514131311161401,-0.48835018441661726,0,-0.07387787455125691,0.4474796301687685,1.1198766387561203,0.17208388263145563,0.12235311773092218,0.15319208160044157,-0.07678402692266023,,,,,0.4474796301687685,1.1198766387561203,0.17208388263145563,0.12235311773092218,-0.15518384641019128,-0.23964288847923432,-7.581773102797711,-20.860327294640214,0,0,0,0,0,0,0,0,0,0.6760365987353999,0.37264057879510737,0,0,32612000000.0,,0.0,0.0,0.0,0.0,0,2.2735571603644407,1.8260775301956722,1.1536805216083204,2.1512040426335184,-1.2615566341218638,-0.9673513650789116,0.75,0.5440735753420357,cash 211% of mcap
ADVOF,Adtran Networks SE,Financials,Diversified Financial Services,Micro Cap,USD,1259198336.0,1266361336.0,24.19,481747000.0,64366000.0,82278000.0,16055000.0,0.13360955024110166,0.03332662164995319,1.278283565857751,-0.07103663214930127,0.1112854612683715,2.6286854635316876,19.674382997234567,,3.6411010528324694,0.012750175680028853,,,0.02902481599213295,0.028860641083249244,-32145000.0,-0.025528146822455775,0,2025-06-30,,0,2.6138166631032473,,15.304192323585891,164550000.0,0.34156932995950157,0.13067838107435364,0.19863285033932956,0.65235,,,-0.017066235915381617,0,0.2897808782059982,5.892139548724242,,0,,0.0996655900110709,0.5352287363449888,0.30506780870806566,28.19090909090909,0.03790666153228944,0.03207115752769381,,,,,,,0.30506780870806566,28.19090909090909,0.38578958804910757,1.0005674427314406,-0.0841393659426769,27.16683063893466,1,1,0,0,0,0,0,0,1,-0.07708662728702223,0.006049995137720962,1,0,15505000.0,,0.0,0.0,0.0,0.5361115194277034,0,-0.017066235915381617,-0.11673182592645252,-0.5522949722603704,-28.207975326824474,-0.10615211295761043,7.245788559492227,0.4225939110774827,0.44488922380817586,growth-flip; ROCE improving from <=0; accelerating sales; under-priced vs fundamentals
ADWPF,Andrew Peller Limited,Consumer Staples,Beverages,Small Cap,USD,248835424.0,387604424.0,5.65,363013000.0,63373000.0,55940000.0,40928000.0,0.17457501521984062,0.1127452735852435,0.8827103024947532,0.08759124087591241,2.1897180187145944,1.0677425436554613,6.116239155476307,10.480327276660176,0.9415776142276038,0.16447818940763032,,,0.03425959159255396,0.021994073008826134,-157959000.0,-0.6347930590461268,0,2026-03-31,,0,0.6854724872112018,13.452381,4.448255702538434,158045000.0,0.4353700831650657,0.6351386690023684,0.6299649985810235,0.16133,,,0.42912414304208457,0,0.3409663091609645,0.0053637141847377905,1953.930973145713,0,350.79968297703897,-0.06825852718251982,0.10081814865639493,-0.07051708095174797,-0.03830067202406128,0.026813296359553207,0.003512123256835642,-0.0666198707713352,-0.03282766619864477,0.32839400631663934,0.5019449541284403,-0.269766159783158,-0.24141859428401605,8.396775122372588,25.8446519524618,-0.0010227341477076074,-0.30001441626664976,-0.3489995894177616,-0.5634734715313755,0,0,0,0,0,0,0,0,0,0.08767266723047804,-8.142635456562242e-05,0,0,13678000.0,0.0,,0.0,,0.0,0,0.42912414304208457,0.49738267022460436,0.32830599438568964,0.46742481506614586,0.533820469234428,-0.4310378265588133,0.815898685195851,0.24249043329586017,
ADXRF,ADX Energy Ltd,Energy,"Oil, Gas & Consumable Fuels",Nano Cap,USD,33176156.0,32913078.0,0.0309,10789618.0,-12503671.0,,-6592919.0,-1.1588613239134138,-0.611042856197504,,-2.378199300097943,0.15963295899260305,3.0504395985103456,-2.6322731940083837,,4.411941122619363,-0.19872462017600834,,,0.14342345749760763,0.144569857611008,1995998.0,0.06016363077144923,0,2025-12-31,,0,3.074822111403759,,,-2464213.0,-0.22838741834975065,-0.07427662806987043,0.36733745339530094,0.0848,,,0.23107567385454744,0,0.25471343231511945,-0.8942255246517333,,0,,0.0252947945679308,-2.4812178012290382,,0.44071839006354835,-0.8175513137741341,0.5091424826131309,,,,,0.0252947945679308,-2.4812178012290382,,0.44071839006354835,0.23333818024693304,-1.650883935879977,,3.4826429018037284,1,0,0,1,0,0,0,0,1,-0.8784374430067817,-1.499761857091161,0,0,5195273.0,,1.2690226288397164,,,,0,0.23107567385454744,0.20578087928661665,2.7122934750835856,-0.2096427162090009,0.20070411005386468,-0.7272839370537665,0.12222938212308573,0.27645970253410684,growth-flip; accelerating sales
ADYEY,Adyen N.V.,Information Technology,Software,Large Cap,USD,38679752704.0,28477004704.0,12.265,2646897000.0,1549531000.0,1030422000.0,904629000.0,0.5854141660971318,0.34176962684985474,0.6649896000789917,-0.2229398894235296,-6.584410379656812,10.758637266202651,18.377821872553696,25.97634034774375,7.318188805559134,0.02338766245282766,,,0.2702994013433494,0.3671423349707644,10202748000.0,0.2637749025459747,0,2025-12-31,,0,14.613244377850744,27.255556,37.53777840923428,2351618000.0,0.8884433357248128,0.06079713120184482,0.047747514060831796,0.0,16.37667,0.3352360375050958,-0.29470955872352633,0,0.24617501133010186,0.0449861905091028,577.4292078029486,0,100.77319945966006,0.18929538583061384,0.14109532649990833,-0.3955675115088434,-0.43585047211553035,-0.024727993256678737,-0.3787220515776801,,,,,0.18929538583061384,0.14109532649990833,-0.3955675115088434,-0.43585047211553035,-0.005077177099847896,-0.1736547085973231,-0.3071929312859605,-0.32655183972320845,0,0,0,0,0,0,0,0,0,-0.16474908917193243,-0.058190800251597175,0,0,,,,0.0,,0.0,0,-0.29470955872352633,-0.48400494455414017,-0.43580488522343463,0.14114091339200402,-0.4069678149941759,0.29640918284493667,0.32099650131492163,0.20471004398653087,under-priced vs fundamentals
ADYYF,Adyen N.V.,Information Technology,Software,Large Cap,USD,37844029440.0,27641281440.0,1200.0,2646897000.0,1549531000.0,1030422000.0,904629000.0,0.5854141660971318,0.34176962684985474,0.6649896000789917,-0.2229398894235296,-6.584410379656812,10.442900286637522,17.838482379507088,25.21400483641303,7.160070404907683,0.023904140584031848,,,0.2762685198883515,0.37824273895168586,10202748000.0,0.26959993824589945,0,2025-12-31,,0,14.297507398285616,30.895983,36.72672889359893,2351618000.0,0.8884433357248128,0.06213973603757983,0.047747514060831796,0.13139,,,-0.29245283018867924,0,0.24692931023060316,0.0449861905091028,560.4832183180984,0,97.98724368781212,0.18929538583061384,0.14109532649990833,-0.3955675115088434,-0.43585047211553035,-0.024727993256678737,-0.3787220515776801,,,,,0.18929538583061384,0.14109532649990833,-0.3955675115088434,-0.43585047211553035,-0.005077177099847896,-0.1736547085973231,-0.3071929312859605,-0.32655183972320845,0,0,0,0,0,0,0,0,0,-0.16474908917193243,-0.058190800251597175,0,0,,,,0.0,,0.0,0,-0.29245283018867924,-0.4817482160192931,-0.4335481566885876,0.14339764192685112,-0.4050702809065691,0.29424225292189965,0.3217235145092203,0.20471004398653087,under-priced vs fundamentals
AEBZY,Anadolu Efes Biracilik ve Malt Sanayii Anonim Sirketi,Consumer Staples,Beverages,Small Cap,USD,2131579008.0,62615926008.0,0.36,240075400000.0,53317149000.0,15476231000.0,-2588281000.0,0.22208501579087236,-0.010781117099044717,0.29026741471116546,0.09620383162933348,1.1344257548354657,0.26081775145641745,1.1744049931852132,3.5409131868465575,0.01786416087691802,-1.2142552494118013,,,15.065460336903449,0.512860242550707,-64491866000.0,-30.255442448042725,0,2026-03-31,,0,0.008878789780210717,12.000001,0.13773243679291167,87005874000.0,0.3624106176642838,40.81756935748543,0.8096198984374404,0.0,,,-0.04255312065993758,0,0.5014428319221325,-0.4257451636548532,,0,,-0.2072127978146023,-0.2836005832813506,-0.6352221680919526,-1.1470990560823602,-0.02368034108586531,-0.06888571606125225,0.046220796396106455,0.0847787514904298,-0.37076789687513023,-1.601651293061166,0.13037696897711146,0.5432030869315074,-1.0218940883164973,-2.0594280652575203,-0.5066567622478622,-0.14571295672148035,-0.4279905919566789,-0.06616271750858814,0,0,0,0,0,0,0,0,0,0.25005548961684,-0.1538516579875065,0,0,,,,,,,0,-0.04255312065993758,0.16465967715466473,0.24104746262141305,1.1045459354224225,0.20769719377503043,-0.5034176917328335,0.3764493568795899,0.07406182547865649,cash 1507% of mcap
AEDFF,Aedifica SA,Real Estate,Equity Real Estate Investment Trusts (REITs),Mid Cap,USD,6849522176.0,12668618752.0,82.06,394403000.0,708696000.0,317846000.0,220386000.0,1.7968828837508843,0.5587837820706232,0.44849413570839963,0.028611263581265742,6.835294682063959,32.12099997210974,17.875956336708548,38.49240019445795,1.0284598716512663,0.032175383090547426,,,0.0067103950931131345,0.003628098761180559,-4843182000.0,-0.7070831914334107,0,2026-03-31,,0,17.36681053643101,6.183873,21.54981398538915,366580000.0,0.9294554047509781,0.0535190617068819,0.7341080603845658,0.00059,,,0.15928531471998603,0,0.3325794783765607,0.8469006496636159,45.450904081543584,0,25.27344061018152,0.13421869203493506,1.4295122093362085,0.2790737916353115,1.1070414455757924,0.9580074311740362,0.25799092782409355,0.08150136694809984,1.084884429029098,,,0.3092651049454505,3.996686016288338,0.2790737916353115,1.1070414455757924,-0.01775000395957553,-2.7723563294389955,0.19643027973262422,-3.2431074926388708,0,0,0,0,0,0,0,0,0,0.04667179496414908,-0.01806053138288334,0,0,115791000.0,,0.0,0.0,0.0,0.0,0,0.15928531471998603,0.02506662268505097,-1.2702268946162225,-0.9477561308558065,0.022100343488501352,0.5427040148246193,0.49973420065911023,0.24465333687323865,under-priced vs fundamentals
AEGOF,Aegon N.V.,Financials,Insurance,Mid Cap,USD,13381474304.0,18576355328.0,9.05,26864000000.0,,434000000.0,380000000.0,0.080129996,0.014145324597974985,,,,0.6914962525312686,,,1.4220482788522848,0.028397468871304423,,,3.922587213302024,2.825635011453631,48761000000.0,3.6439183674570392,0,2025-12-31,,0,0.49811920428826684,13.115942,30.83289010138249,,,,0.39628055260361317,0.1689,,,0.2465564608017537,0,0.3372069595700324,0.09952568074451085,,0,,0.37630001536963986,,-0.4304461942257218,-0.4540229885057471,,-0.02151223982643201,,,,,0.37630001536963986,,-0.4304461942257218,-0.4540229885057471,0.4030750452858744,,-0.31239063867016625,-0.384504271928207,1,0,0,0,0,0,0,0,1,,,0,0,,,,,,0.0,0,0.2465564608017537,-0.12974355456788617,,0.7005794493075008,-0.09426981989318686,-0.1588553582821426,0.3250636676513323,0.5120053884684327,growth-flip; accelerating sales; cash 392% of mcap
AEGXF,Aecon Group Inc.,Industrials,Construction & Engineering,Small Cap,USD,2299165696.0,2485505792.0,33.55,5730808000.0,53675000.0,352125000.0,264603000.0,0.009366044020319647,0.04617202321208458,6.560316721006055,0.0833935888165823,-2.711131811830461,0.43370948599220216,46.30658205868654,36.83868077664147,2.4085752256239688,0.11508652919637159,,,0.27382280498325595,0.25329411905872556,145520000.0,0.06329252400258498,0,2026-06-30,,0,0.4011939845131786,,6.529402047568335,476176000.0,0.08309055197801078,0.2071081700759683,0.5070780190136972,0.00712,,,1.2551223666688505,0,0.3765573800899087,1.7107960732885659,21.533063672415715,0,44.59788428621362,0.35073564645036415,0.5292894182004673,45.33833399131465,6.793930237141168,0.001093542181291908,0.05693608060813443,0.11030948467785512,-0.4588449982860484,8.04182929334429,6.887786208584589,0.29754557300989504,-5.0345186244555675,5.628186946519177,3.052185302633393,0.3673134382149433,4.721735842403464,16.513928835177662,4.9745034245879465,1,1,1,1,0,0,1,0,1,-0.14413181100313552,0.2275253998197178,1,1,309544000.0,0.0,0.0,0.0,0.0,,0,1.2551223666688505,0.9043867202184863,0.7258329484683832,-5.538807870472317,0.669551234984543,0.809759241700226,0.5949589564406158,0.7641490298564977,growth-flip; first-positive: FCF/ROCE; ROCE improving from <=0; accelerating sales; under-priced vs fundamentals
AEOXF,Aeroports de Paris SA,Industrials,Air Freight & Logistics,Large Cap,USD,12852705280.0,22753658880.0,129.905,6704000000.0,2112000000.0,1638000000.0,373000000.0,0.315035799522673,0.05563842482100239,0.7755681818181818,0.10585874799357946,3.797348484848485,3.394042195704057,10.773512727272728,17.25068906747536,2.957364307409112,0.02902112760497376,,,0.14580587970970732,0.08236038036270323,-8114000000.0,-0.6313067811977402,0,2025-12-31,,0,1.9171696420047732,18.66451,7.84658442002442,3257000000.0,0.48582935560859186,0.2534096852798915,2.2982052462034055,0.60418,,,-0.041387489743573286,0,0.22550596582584834,0.05800142380067274,297.4183724654579,0,93.43989941324827,0.08866515102305944,0.12760277629471437,0.07480314960629922,-0.1425287356321839,0.01087860562855153,-0.015001393301764747,,,,,0.08866515102305944,0.12760277629471437,0.07480314960629922,-0.1425287356321839,-0.0319899900142472,0.23014230672116381,0.1145006921393805,0.10487610865847352,0,1,1,0,0,0,0,0,1,0.10371267150928168,0.002146076484297779,0,0,,,,0.0,0.0,0.0,0,-0.041387489743573286,-0.13005264076663273,-0.16899026603828765,0.10114124588861062,-0.11946064466600904,0.0793405763955797,0.41593333361361196,0.11441310711677463,growth-flip
AETUF,ARC Resources Ltd.,Energy,"Oil, Gas & Consumable Fuels",Mid Cap,USD,13365944320.0,16762311680.0,23.62,7825500000.0,3851700000.0,3093500000.0,1398900000.0,0.4921985815602837,0.1787617404638681,0.8031518550250538,0.16628694153866255,0.6284757379858245,2.142011587757971,4.351925560142275,8.231749585031675,1.5105834316584164,0.10466151635143128,,,0.005050148226264644,0.004026890878096356,-3397500000.0,-0.2541907940553204,0,2026-06-30,,0,1.7079987630183375,13.344633,4.3206543785356395,3843900000.0,0.4912018401380103,0.2875891076583506,0.3916050722180783,0.0026800002,25.938509,0.09815872142252324,0.2236520486370663,0,0.3655061630849181,0.6214665088936392,13.245684952011626,0,13.970417532257837,0.391472110101531,0.3058823529411765,0.3171676743591927,1.7126236183827808,-0.03225953469356152,0.08706380842382473,0.08545787444170111,0.004642791935105245,,0.1706276150627615,0.1393810536262698,-0.24724871606749815,-0.17015607156452228,-0.2505430847212165,0.29178856778029755,0.30330401376143845,0.21000307404118368,1.4052336141557957,1,1,1,1,0,0,0,0,1,0.117975408488038,0.04831153305062455,0,0,203900000.0,0.0,0.0,0.0,0.0,0.0,0,0.2236520486370663,-0.16782006146446468,-0.08223030430411019,-1.4889715697457144,-0.12060612659510599,0.4649070155273488,0.5281726873369202,0.40933487073511343,growth-flip; accelerating sales; under-priced vs fundamentals
AEXAF,Atos SE,Information Technology,IT Services,Mid Cap,USD,770256704.0,2648256768.0,39.0,8001000000.0,-339000000.0,239000000.0,69000000.0,-0.04236970378702662,0.00862392200974878,-0.7050147492625368,0.16905444126074498,-4.563421828908554,0.33099072215973,-7.811966867256637,22.442853966101694,,0.08958052509206074,,,2.1265637695767463,0.6185200845298094,-1976000000.0,-2.5653785156798845,0,2026-06-30,,0,0.09627005424321959,,3.2228313974895397,3105000000.0,0.3880764904386952,4.0311236291427335,,0.0166,,,-0.037037037037037035,0,0.43319418709993984,-0.35465556610182475,,0,,-0.1645609272214681,-1.2407670454545454,1.1704707560627674,1.0373781148429035,-0.18938860323361742,0.20137739386941256,,,,,-0.1645609272214681,-1.2407670454545454,1.1704707560627674,1.0373781148429035,-0.060193584099799705,-2.8471408611306868,3.56514387954945,3.024433131024133,0,0,1,1,0,1,1,0,1,-0.06009615384615385,0.22915059510689884,1,1,1915000000.0,,0.0,,0.0,,0,-0.037037037037037035,0.12752389018443105,1.2037300084175084,-1.0744151518799405,0.15264295666745376,-0.08561291557399968,0.5124497845892412,0.30574074074074076,growth-flip; first-positive: FCF/CFO/ROCE; ROCE improving from <=0; cash 213% of mcap
AEXAY,Atos SE,Information Technology,IT Services,Mid Cap,USD,896657856.0,2774657792.0,9.08,8001000000.0,-339000000.0,239000000.0,69000000.0,-0.04236970378702662,0.00862392200974878,-0.7050147492625368,0.16905444126074498,-4.563421828908554,0.3467888753905762,-8.184831244837758,23.514049084745764,,0.07695242899873729,,,1.8267837492743721,0.5903430703140202,-1976000000.0,-2.203739126108766,0,2026-06-30,,0,0.11206822347206599,,3.751706510460251,3105000000.0,0.3880764904386952,3.4628593049431777,,0.0,,,0.03181815078435918,0,0.446050953636784,-0.35465556610182475,,0,,-0.1645609272214681,-1.2407670454545454,1.1704707560627674,1.0373781148429035,-0.18938860323361742,0.20137739386941256,,,,,-0.1645609272214681,-1.2407670454545454,1.1704707560627674,1.0373781148429035,-0.060193584099799705,-2.8471408611306868,3.56514387954945,3.024433131024133,0,0,1,1,0,1,1,0,1,-0.06009615384615385,0.22915059510689884,1,1,1915000000.0,,0.0,,0.0,,0,0.03181815078435918,0.19637907800582727,1.2725851962389045,-1.0055599640585444,0.235060921142583,-0.15446810339539577,0.45192612414438077,0.32295453769608984,growth-flip; first-positive: FCF/CFO/ROCE; ROCE improving from <=0; cash 183% of mcap
AEXFF,Aminex PLC,Energy,"Oil, Gas & Consumable Fuels",Micro Cap,USD,134250016.0,130641032.0,0.03,49000.0,-4492000.0,-2128000.0,-2476000.0,-91.6734693877551,-50.53061224489796,0.47373107747105964,-0.0754007825222932,0.7600178094390027,2666.143510204082,-29.083043633125556,,4.780612501615348,-0.018443200781443483,,,0.025430164566982248,0.02613267782514149,3414000.0,0.025430164566982248,0,2025-12-31,,0,2739.7962448979592,,,-10000.0,-0.20408163265306123,-7.448788683943248e-05,0.0,0.27556,,,0.1999999552965171,0,0.38904491976074096,0.14885612599620088,,0,,0.2564102564102564,0.12708900116595415,0.01572617946345976,-0.02271788517141677,40.27524856096285,11.54631083202512,,,,,0.2564102564102564,0.12708900116595415,0.01572617946345976,-0.02271788517141677,0.9081959706959707,4.504309481834711,-0.1696543781853722,-0.1930400236224106,1,1,0,0,0,0,0,0,1,-0.0662957578457549,-0.0091050246765383,0,0,,,,6.868501529051988,62.588235294117645,15.669811320754716,0,0.1999999552965171,-0.05641030111373929,0.07291095413056295,0.22271784046793386,-0.04489799476399659,-0.04858012468019023,0.1267209268925586,0.4459033897420004,growth-flip; accelerating sales
AFGVY,Agfa-Gevaert NV,Industrials,Machinery,Small Cap,USD,177269504.0,285750016.0,2.29,1080000000.0,-5000000.0,43000000.0,13000000.0,-0.004629629629629629,0.012037037037037037,-8.6,-0.08426966292134831,-11.4,0.26458334814814816,-57.1500032,,0.7265143606557377,0.07333466674561237,,,0.47385476974088,0.293963238133292,-112000000.0,-0.6318063596545066,0,2026-03-31,,0,0.16413842962962963,,4.122546604651163,329000000.0,0.30462962962962964,1.8559311814851132,0.8032786885245902,,,,-0.16117218100598665,0,0.3961166653550926,-0.8339920854106141,,0,,-0.050966608084358524,-2.6666666666666665,11.75,1.2653061224489797,-0.007265833496061967,0.05509503352209855,-0.0055248618784530384,0.375,-0.31746031746031744,-0.5666666666666667,-0.22875816993464052,1.0,-1.7450980392156863,-2.0476190476190474,-0.0352594177427982,4.266666666666667,15.883333333333333,1.3574617346938775,0,1,0,0,0,1,1,0,1,0.0267639902676399,-0.11103365318898821,0,0,62000000.0,,0.0,,0.0,2.066666666666667,0,-0.16117218100598665,-0.11020557292162814,2.50549448566068,-1.4264783034549664,-0.11612402035630809,-0.32293686976136177,0.564890969088627,0.18218741104422728,growth-flip; first-positive: FCF/CFO
AFGYF,H-Power plc,Industrials,Electrical Equipment,Small Cap,USD,127326896.0,160766064.0,0.112,125000.0,-21177000.0,-11623000.0,-17507000.0,-169.416,-140.056,0.5488501676346981,-1.4698439206114715,0.7575199508901166,1286.128512,-7.591541011474713,,4.027930024358609,-0.13749647992675484,,,0.13696242151383317,0.1084743854897138,16042000.0,0.12599066264836928,0,2026-04-30,,0,1018.615168,,,-107000.0,-0.856,-0.0008403566203325965,0.04419347695422479,0.041750003,,,-0.026086944127578816,0,0.1282332115129188,-0.42863343031978496,,0,,-0.9687656171914043,-0.2700611730838431,0.3853841679445825,0.33448642895157,-165.2495832083958,-133.48278660669666,,,,,-0.9687656171914043,-0.2700611730838431,0.3853841679445825,0.33448642895157,-17.59872156432797,-0.3347908118543165,0.8246870068212093,1.1108386471972316,0,0,1,1,0,0,0,0,1,-1.2578737626944336,-0.21197015791703788,0,0,8799000.0,,1.9896579156722354,,1.5948133918770582,,0,-0.026086944127578816,0.9426786730638255,0.24397422895626428,-0.36057337307914883,30.18080039681144,-0.27535984298031363,0.34057170062068043,0.07454026519585238,growth-flip
AFLYY,AIR FRANCE - KLM,Industrials,Airlines,Mid Cap,USD,3595428096.0,15131785216.0,1.37,33385000000.0,5066000000.0,4754000000.0,634000000.0,0.15174479556687134,0.01899056462483151,0.9384129490722464,0.19262343842950624,1.5305961310698777,0.4532510174030253,2.986929572838531,9.346377526868437,5.522931023041474,0.17633505192478754,,,1.6579388714884205,0.3939389777814832,-7754000000.0,-2.1566277486195626,0,2026-06-30,,0,0.1076959142129699,3.1136365,0.7562953504417332,6755000000.0,0.20233637861314963,1.878774882889495,21.067588325652842,0.0,1.365,-0.0036496350364964014,-0.14375000977888688,0,0.39571597583841356,0.8466098568203831,11.039769324173326,0,59.44267857606194,0.0612225436282145,0.188922788077916,0.3598398169336384,3.7327586206896552,0.016298659326049958,0.026365242777347482,0.06753429475905734,0.14022057168579788,-0.16051562775913827,-0.5123076923076924,0.24040647145340285,0.7737430167597765,-0.38594327990135635,-0.9618768328445748,0.0012372849833989577,0.4778464397215864,0.4764429294679221,8.830250783699059,0,1,1,1,0,0,1,0,1,0.2308259587020649,-0.03820252027255866,0,0,866000000.0,,0.0,0.0,0.0,0.0,0,-0.14375000977888688,-0.20497255340710138,-0.33267279785680287,-3.876508630468542,-0.1931475679986221,1.151825387432767,0.7109375024447218,0.21020042762426658,growth-flip; first-positive: FCF; under-priced vs fundamentals; cash 166% of mcap
AFMJF,Alphamin Resources Corp.,Materials,Metals & Mining,Small Cap,USD,1390796416.0,1366777600.0,1.08,823907261.0,494956464.0,341903182.0,317739703.0,0.600742932401466,0.3856498395394042,0.6907742536321336,1.4474506363269481,-0.18319073816560966,1.658897384083134,2.7614097388573553,3.1143138312623853,3.5310765483182824,0.2284588163620922,,,0.09392674621330056,0.09557735069699708,90671440.0,0.06519389822758934,0,2026-06-30,,0,1.6880497136436816,6.3529415,4.067807757343423,476009938.0,0.5777469874731448,0.3422570927879066,0.10145788568873913,0.57022,,,0.5207596935516373,0,0.5232369878900415,0.8606710559538937,3.618471667797342,1,4.495872895657431,0.5604727375172889,0.9176363046665902,0.8535706980469272,1.3471371954017106,0.11188956328898059,0.12925406429109776,0.1911593516132221,0.25652094373845646,0.19742655360674338,0.19511562699960325,0.05263727485104633,0.11898933783018655,-0.21722289308053136,-0.2560773499525212,-0.654119904515296,-0.5930155096509631,-78.07885773967462,-1.8215851026191539,0,0,0,0,0,0,0,0,0,0.5353530909802398,0.9120975453467084,0,0,51874463.0,0.0,0.0,0.0,0.0,0.0,0,0.5207596935516373,-0.03971304396565156,-0.39687661111495287,-0.8263775018500733,-0.025449367368528864,0.3221041310748016,0.6920888459841334,0.5342898021123823,under-priced vs fundamentals; cheap+grow (EV/EBIT 3.1x)
AFRAF,AIR FRANCE - KLM,Industrials,Airlines,Mid Cap,USD,3954970880.0,15505443840.0,15.07,33385000000.0,5066000000.0,4754000000.0,634000000.0,0.15174479556687134,0.01899056462483151,0.9384129490722464,0.19262343842950624,1.5305961310698777,0.4644434278867755,3.06068769048559,9.577173465101914,6.075224086021505,0.16030459369652805,,,1.50721716565458,0.3844456219061705,-7754000000.0,-1.9605706932537517,0,2026-06-30,,0,0.11846550486745544,3.4018059,0.8319248801009677,6755000000.0,0.20233637861314963,1.707977177318686,21.067588325652842,0.54361,,,0.015498621285136537,0,0.4907017204410684,0.8466098568203831,11.312381243789144,0,62.57321471628252,0.0612225436282145,0.188922788077916,0.3598398169336384,3.7327586206896552,0.016298659326049958,0.026365242777347482,0.06753429475905734,0.14022057168579788,-0.16051562775913827,-0.5123076923076924,0.24040647145340285,0.7737430167597765,-0.38594327990135635,-0.9618768328445748,0.0012372849833989577,0.4778464397215864,0.4764429294679221,8.830250783699059,0,1,1,1,0,0,1,0,1,0.2308259587020649,-0.03820252027255866,0,0,866000000.0,,0.0,0.0,0.0,0.0,0,0.015498621285136537,-0.04572392234307796,-0.17342416679277944,-3.7172599994045186,-0.04308608276144649,0.9948735428254556,0.6711253446787159,0.2373979034040297,growth-flip; first-positive: FCF; under-priced vs fundamentals; cash 151% of mcap
AGCCF,Gensource Potash Corporation,Materials,Metals & Mining,Micro Cap,USD,18734718.0,25197322.0,0.04,846000.0,-574196.0,16183.0,-341662.0,-0.6787186761229315,-0.4038557919621749,-0.02818375606935611,-0.04792326862011389,-12.471992142056022,29.78406855791962,-43.882789152136205,,2.099917447959429,-0.018236837085031116,,,0.0065199807117459685,0.004847737390505229,-7152196.0,-0.38176160431131123,0,2026-03-31,,0,22.145056737588654,,1157.6789223258975,844115.0,0.9977718676122932,0.045056189263163716,0.8153592751112603,0.07271,,,-0.20000002980232195,0,0.2482703084835153,0.65914914876931,,0,,,0.6794997884527579,1.0304866791504497,0.6184478694024143,,,,0.5831048089943114,1.0484302007176396,0.5112369355424772,,6.271801900584795,4.519791729733003,0.8948694526908731,,-0.4423670204094755,-0.34651897787971525,-0.43201004498480255,0,0,0,0,0,1,0,0,1,-0.11191622281008816,0.06399295418997428,1,0,357372.0,0.9560402046047256,0.6169511602752663,0.4716708040145692,0.0,1.121326473861882,1,-0.20000002980232195,,-0.87949981825508,-0.8184478992047362,,0.848973858729908,0.3256343902822886,0.5090909090909091,first-positive: CFO; ROCE improving from <=0; FCF break-even ETA 1.0q; under-priced vs fundamentals
AGDXF,Antioquia Gold Inc.,Materials,Metals & Mining,Nano Cap,USD,16279922.0,184869888.0,0.015,105274113.0,18245405.0,3228919.0,-12485456.0,0.17331331017721327,-0.11859948893608821,0.17697162655474077,0.07965558599805336,0.37059314386279724,1.756081174485887,10.1324080227323,24.295501393506274,,-0.7669235761694682,,,0.07718390788358814,0.0067969316885181435,-154122156.0,-9.467008257164869,0,2022-12-31,,0,0.15464316474459394,,5.04191093056221,11925991.0,0.11328512452059321,0.7325582395296488,,0.91150004,,,0.0,0,0.5574936697685249,-1.2535229917191837,,0,,0.26481062468619004,-0.01258152651128633,-0.7776166240323601,-6.772073154945725,-0.04868832539799772,-0.14458770662875312,,,,,0.26481062468619004,-0.01258152651128633,-0.7776166240323601,-6.772073154945725,,,,,0,0,0,0,0,0,0,0,0,0.0731827034406454,0.006472882557407966,0,0,,,,,,,0,0.0,-0.26481062468619004,0.01258152651128633,6.772073154945725,-0.20936780535970886,-1.5776190628527782,0.34097387411650193,0.23979879432046078,
AGESF,ageas SA/NV,Financials,Insurance,Large Cap,USD,14520398848.0,17696398848.0,69.4,9044000000.0,,2898000000.0,2576000000.0,0.18157,0.2848297213622291,,,,1.9567004475895622,,,1.538014918758606,0.17740559518823487,,,4.287554402031809,3.5180603994487907,55130000000.0,3.796727664102247,0,2025-12-31,,0,1.6055283998230871,6.609524,5.010489595583161,,,,0.7548988454612858,0.30515,,,0.11402402135671394,0,0.3008391291732946,1.0355689154499748,,0,,0.04712284357994674,,1.7732057416267943,3.012461059190031,,0.21049835630491753,,,,,0.04712284357994674,,1.7732057416267943,3.012461059190031,-0.048943146267768994,,-5.863157894736842,-3.4282169069116635,0,0,0,0,0,0,0,0,0,,,0,0,1934000000.0,,0.0,,0.0,0.0,0,0.11402402135671394,0.0669011777767672,,-2.8984370378333173,0.06389047683082019,0.9225484610752432,0.6834169242229401,0.11284919532383607,under-priced vs fundamentals; cash 429% of mcap
AGESY,ageas SA/NV,Financials,Insurance,Large Cap,USD,17526999040.0,20702999040.0,83.77,9044000000.0,,2898000000.0,2576000000.0,0.18157,0.2848297213622291,,,,2.289141866430783,,,1.8564769664230485,0.14697324933498712,,,3.5520627266491824,3.007148861849148,55130000000.0,3.1454329331668633,0,2025-12-31,,0,1.9379698186643077,8.000955,6.047963781918565,,,,0.7548988454612858,0.0,80.42221,-0.039964068282201115,0.19800546657660087,0,0.22161951533529833,1.0355689154499748,,0,,0.04712284357994674,,1.7732057416267943,3.012461059190031,,0.21049835630491753,,,,,0.04712284357994674,,1.7732057416267943,3.012461059190031,-0.048943146267768994,,-5.863157894736842,-3.4282169069116635,0,0,0,0,0,0,0,0,0,,,0,0,1934000000.0,,0.0,,0.0,0.0,0,0.19800546657660087,0.15088262299665411,,-2.8144555926134305,0.1440925712983307,0.839826799439482,0.6341133943788119,0.1390933969550507,under-priced vs fundamentals; cash 355% of mcap
AGFAF,Digicann Ventures Inc.,Health Care,Pharmaceuticals,Nano Cap,USD,86599.0,761502.0,0.0036,,-128578.0,-52839.0,-52839.0,0.0,,0.4109489959402075,0.9030943538585555,-6.259235639067336,,-5.922490628256778,,,-0.6101571611681428,,,1.6526172357648472,0.18793778611218356,-804800.0,-9.29340985461726,0,2026-03-31,,0,,,,,,,,0.00767,,,-0.7677419356776946,0,0.4285714285714285,0.6918172648127607,,0,,,0.6082089097446524,0.8590339749489776,0.8590339749489776,,,,0.22067799281155484,0.7156671240616677,0.7156671240616677,,0.9690945458093473,-1.6157841203304155,-1.6157841203304155,,1.5167064032887114,-0.3593639361041776,-0.3593639361041776,0,1,0,0,0,0,0,0,1,2.7760289297049794,-1.8729345758464238,0,0,132996.0,0.39729766308761166,0.16409831178027057,0.6441719020851494,0.16409831178027057,2.131478130451085,1,-0.7677419356776946,,-1.3759508454223468,-1.6267759106266722,,1.5013633780245095,0.49107142857142855,0.2727272727272728,growth-flip; FCF break-even ETA 0.4q; under-priced vs fundamentals; cash 165% of mcap
AGFMF,AGF Management Limited,Financials,Capital Markets,Small Cap,USD,1057493888.0,1203034496.0,16.63,575661000.0,190023000.0,126901000.0,120578000.0,0.33009531651440693,0.20946008154104587,0.6678191587334165,0.0981783430997059,0.2667045568168064,2.0898315084746057,6.330994121764207,9.07758734757938,0.8557624405919402,0.1140224084207662,,,0.06765901988834946,0.05947377256254504,-114137000.0,-0.10793159307602541,0,2026-05-31,,0,1.8370080446651762,11.312924,8.333219501816377,302600000.0,0.5256565930295781,0.2861482259460586,0.15026385149542823,0.27083,,,0.9683640701064596,0,0.4755395065788365,0.20401547417397714,44.49460210963378,0,20.97529549530973,0.13233277929128515,0.34124099183353684,0.10748352751232709,0.07292982862024168,0.05141478896146967,-0.011596794645308967,0.028269043557476756,0.16424960941089972,0.1266368955139075,0.1386669688556481,0.025329844680732617,1.227377205700343,2.9575097689593686,2.756805492943094,-0.0438303063469974,0.16613211367988437,-0.31101712202149656,-0.36292084960094123,0,0,0,0,0,0,0,0,0,0.075673337201989,0.022505005897716895,0,0,14684000.0,0.0,0.0,0.0,0.0,0.0,0,0.9683640701064596,0.8360312908151745,0.6271230782729228,0.895434241486218,0.7383264938584903,-0.7742287761082014,0.7890813084754528,0.38876374286481263,
AGGZF,Ag Growth International Inc.,Industrials,Machinery,Small Cap,USD,191253552.0,1187351168.0,10.14,1390555000.0,44865000.0,-13936000.0,-37465000.0,0.032264095990449854,-0.026942479801230445,-0.31062075114231585,0.08795893374979791,20.703978602474088,0.8538685402591052,26.46497644043241,11.60894384966611,1.0275653841814285,-0.19589178662679163,,,0.16228718199178857,0.026140539409483278,-976681000.0,-5.106733913104003,0,2026-06-30,,0,0.13753756737417794,,,358893000.0,0.25809335121588145,1.876529853939654,5.414263685842158,0.05783,,,-0.6758311981862627,0,0.329222720468402,-0.5643906022555336,,0,,-0.010074698851789021,-0.6642369088691149,-1.1257500699313319,-1.4733297958358602,-0.06285965579550978,-0.08329017366194304,-0.017921777261745098,-0.6015470967512745,0.8512398458598862,0.6944775170029195,0.14536427009536906,1.183982904243411,1.996414306463326,1.907257600184247,0.09113768375175023,0.44253953398915147,-1.7677612180281566,-3.0246410194119733,1,1,0,0,0,0,0,0,1,0.14618914771558975,-0.05823021396579184,0,0,85161000.0,0.43993142400864244,,,,,1,-0.6758311981862627,-0.6657564993344737,-0.011594289317147788,0.7974985976495975,-0.6725320572797411,-0.04004926966599202,0.45006493454745367,0.11201788251449588,growth-flip; FCF break-even ETA 0.4q; accelerating sales
AGLDF,Austral Gold Limited,Materials,Metals & Mining,Micro Cap,USD,73491408.0,82438920.0,0.11,51170000.0,25237000.0,,872000.0,0.4931991401211647,0.017041235098690637,,0.16126108262753874,0.6219439711534651,1.6110791479382451,3.2665895312438087,14.480751800456702,2.4747914870689653,0.011865332611398601,,,0.28525783585477094,0.2542973634297975,-5607000.0,-0.07629463297260546,0,2025-12-31,,0,1.4362205980066445,5.5,,18778000.0,0.3669728356458863,0.255512862129407,0.8947669719827587,0.72423,,,2.66666672875484,0,0.4851364144521737,1.168994469995568,12.38735697399116,0,7.162155309400762,0.39086708344658877,1.9765129236960224,,1.1102123356926188,1.1956726383543803,0.23209967489211275,,,,,0.39086708344658877,1.9765129236960224,,1.1102123356926188,0.6200568841966568,28.23811629922345,,1.1013184361561037,1,1,0,0,1,0,1,1,1,-0.5414717391928047,0.7027328218203435,1,1,8784000.0,,0.0,0.0,,0.0,0,2.66666672875484,2.275799645308251,0.6901538050588174,1.556454393062221,1.636245240392624,-1.5396632709554783,0.46792729022146373,0.8185456988883407,growth-flip; first-positive: FCF/EBITDA/NI/ROCE; ROCE improving from <=0; accelerating sales
AGLNF,AGL Energy Limited,Utilities,Independent Power and Renewable Electricity Producers,Mid Cap,USD,4002846208.0,7710068736.0,5.95,13840000000.0,1004000000.0,,-284000000.0,0.07254335260115607,-0.020520231213872833,,0.0037022852036256862,2.7091633466135456,0.5570858913294797,7.6793513306772905,265.86443917241377,0.8239699892960066,-0.07094951573018315,,,0.08294098317753805,0.043060575899903364,-2975000000.0,-0.7432211594975172,0,2025-06-30,,0,0.28922299190751444,7.5316453,,2929000000.0,0.21163294797687862,0.7317293365271355,0.6807328118567312,0.10899,,,-0.06716132768728404,0,0.29049202927665285,-0.4233908643223401,,0,,0.05471726870903826,-0.5119105493437044,,-1.2025677603423681,-0.08421628769757888,-0.1273637001972595,,,,,0.05471726870903826,-0.5119105493437044,,-1.2025677603423681,0.10857839784596234,-3.912143921572409,,-5.070623315897923,1,0,0,0,0,0,0,0,1,0.13800779076238176,-0.13430550555875606,0,0,,,,,,,0,-0.06716132768728404,-0.1218785963963223,0.44474922165642033,1.1354064326550841,-0.11555570389541492,-0.33568033850494183,0.28959523174906737,0.11894394757869214,growth-flip; accelerating sales
AGLXY,AGL Energy Limited,Utilities,Independent Power and Renewable Electricity Producers,Mid Cap,USD,4197942784.0,7903733760.0,6.24,13840000000.0,1004000000.0,,-284000000.0,0.07254335260115607,-0.020520231213872833,,0.0037022852036256862,2.7091633466135456,0.5710790289017341,7.872244780876494,272.54254344827586,0.8641298443804034,-0.06765218456107476,,,0.07908635659956627,0.042005463503871875,-2975000000.0,-0.708680454469005,0,2025-06-30,,0,0.3033195653179191,7.8987336,,2929000000.0,0.21163294797687862,0.6977227062654506,0.6807328118567312,0.0,,,0.07548205798280853,0,0.297543512099782,-0.4233908643223401,,0,,0.05471726870903826,-0.5119105493437044,,-1.2025677603423681,-0.08421628769757888,-0.1273637001972595,,,,,0.05471726870903826,-0.5119105493437044,,-1.2025677603423681,0.10857839784596234,-3.912143921572409,,-5.070623315897923,1,0,0,0,0,0,0,0,1,0.13800779076238176,-0.13430550555875606,0,0,,,,,,,0,0.07548205798280853,0.020764789273770276,0.5873926073265129,1.2780498183251767,0.01968754081289119,-0.47647368893458775,0.2539343853315442,0.15237766410242878,growth-flip; accelerating sales
AGMJF,Algoma Central Corporation,Industrials,Marine,Small Cap,USD,696143744.0,1436886784.0,17.16,811874000.0,187972000.0,127506000.0,8493000.0,0.23152853767949214,0.010460982861872655,0.6783244312982785,0.044874921336364865,3.9407092545698297,1.7698396352143313,7.6441532994275745,17.847973269405145,0.6609244043414527,0.012200066542578884,,,0.043160626320302035,0.020910485317679698,-740743000.0,-1.0640661593017202,0,2026-06-30,,0,0.8574529348150083,5.6633663,5.459694006556554,722508000.0,0.889926269347214,1.0378718565342735,0.7317932037581364,0.54632,,,0.43839056231769874,0,0.539006300207509,0.5386874971534454,33.13233250023091,0,42.939371018794795,0.15414162321378816,0.2769056239767949,-0.17943998609940215,1.831342991386061,0.022259569573999743,0.02498381623595787,0.22861916277493108,0.761389831143762,0.23517616173749625,1.057926434178847,1.0212159867272912,3.523513188600523,8.41996757007181,1.1598869096358553,0.10654703529135451,0.15247997832560217,-0.17444734882783192,-4.935674189424525,1,1,0,0,0,0,1,0,1,0.057411241586382354,-0.01253632025001749,0,0,155110000.0,0.0,0.0,0.0,,0.0,0,0.43839056231769874,0.2842489391039106,0.16148493834090383,-1.3929524290683624,0.24628601324714325,0.17523313459410117,0.5029505368351559,0.35785223352971285,growth-flip; first-positive: FCF; accelerating sales; under-priced vs fundamentals
AGNMF,Agronomics Limited,Financials,Capital Markets,Micro Cap,USD,81253584.0,81253584.0,0.075,-11915163.0,-26472755.0,-8630619.0,-8630619.0,2.221770277083075,0.7243391466822569,0.32601892020683154,,,-6.819343050531495,-3.0693285984023952,,0.5804927918513466,-0.1062183177052227,,,0.0264990157234172,0.0264990157234172,,,0,2025-12-31,,0,-6.819343050531495,,,,,,,0.19208999,,,-0.2857142350300624,0,0.569816008413414,-0.942534300845502,,0,,,-1.641723653569658,0.45584440460281006,0.45584440460281006,,,,,,,,-1.641723653569658,0.45584440460281006,0.45584440460281006,,-0.2337822550457025,0.12584144759766486,0.12584144759766486,0,0,0,0,0,0,0,0,0,,,0,0,7229953.0,,1.1937309965915408,,1.1937309965915408,,0,-0.2857142350300624,,1.3560094185395957,-0.7415586396328724,,-0.30722538945336164,0.6428571279500184,0.0,
AGNPF,Grey Matters Health Inc.,Health Care,Biotechnology,Nano Cap,USD,1788018.0,4313891.0,0.33,,-2009118.0,-1456957.0,-1490991.0,0.0,,0.725172438851277,-0.8191568501905185,-0.3668968174094304,,-2.147156613001327,,1.0203351664561913,-0.8338791891356798,,,0.02329730461326452,0.009656247689151163,-737139.0,-0.41226598389949093,0,2026-05-31,,0,,,,,,,0.44442054048686847,0.06823,,,-0.3251533372171834,0,0.3764850596572351,0.2606092379760341,,0,,,0.1577720207253886,0.4622935609506576,0.466283672477325,,,,-0.0314345750035808,0.01985639833350488,0.0128881438610011,,-0.3692049592863865,0.6888120141979733,0.6771125734038566,,-0.23768806416016602,0.634308214406321,0.6462058967983557,0,0,1,1,0,0,0,0,1,,,0,0,19467.0,76.5906919402065,1.144617234155093,5.338259441707717,1.163127684373553,,0,-0.3251533372171834,,-0.482925357942572,-0.7914370096945085,,0.6371811838185403,0.48825075981272203,0.1530407644277014,growth-flip; under-priced vs fundamentals
AGPYF,Agile Group Holdings Limited,Real Estate,Real Estate Management & Development,Mid Cap,USD,797275584.0,59293196288.0,0.158,27859229000.0,-13627159000.0,-637840000.0,-1126667000.0,-0.4891434360943729,-0.04044142786578911,0.046806528051811826,-0.15517194184370922,-3.181491167748171,2.1283143294453697,-4.35110475250197,,0.2153108394625301,-1.4131462478098413,,,5.367397529635123,0.07217177126384838,-42583472000.0,-53.41123302228204,0,2025-12-31,,0,0.028618006047475327,,,-4906222000.0,-0.176107601542024,-6.153734164772817,12.655676286591204,0.56416,,,-0.75,0,0.35296212154837997,-1.0083088735171821,,0,,-0.3572808814493002,-0.2094672122563121,-1.4669358687917822,-3.908048180174686,-0.2292092808683347,-0.03514553876351331,,,,,-0.3572808814493002,-0.2094672122563121,-1.4669358687917822,-3.908048180174686,-0.3580989518394189,-0.1084564331334933,-0.5951180382643876,-2.883155283447431,0,0,0,0,0,0,0,0,0,-0.06243097511951568,-0.09274096672419355,0,0,,,,,,,0,-0.75,-0.3927191185506998,-0.5405327877436878,3.158048180174686,-0.6110275969948774,-0.7415987579600994,0.44999999999999996,0.1,cash 537% of mcap
AGPYY,Agile Group Holdings Limited,Real Estate,Real Estate Management & Development,Mid Cap,USD,101122792.0,59168243712.0,1.002,27859229000.0,-13627159000.0,-637840000.0,-1126667000.0,-0.4891434360943729,-0.04044142786578911,0.046806528051811826,-0.15517194184370922,-3.181491167748171,2.123829188237765,-4.341935374203824,,0.027309043035130525,-11.141573306243364,,,42.31780902568434,0.07232418492645083,-42583472000.0,-421.1065691303302,0,2025-12-31,,0,0.0036297771198190733,,,-4906222000.0,-0.176107601542024,-48.51746973125505,12.655676286591204,0.0,,,-0.7061583727184269,0,0.35305803768172517,-1.0083088735171821,,0,,-0.3572808814493002,-0.2094672122563121,-1.4669358687917822,-3.908048180174686,-0.2292092808683347,-0.03514553876351331,,,,,-0.3572808814493002,-0.2094672122563121,-1.4669358687917822,-3.908048180174686,-0.3580989518394189,-0.1084564331334933,-0.5951180382643876,-2.883155283447431,0,0,0,0,0,0,0,0,0,-0.06243097511951568,-0.09274096672419355,0,0,,,,,,,0,-0.7061583727184269,-0.34887749126912665,-0.49669116046211476,3.2018898074562587,-0.5428148645334036,-0.7854403852416724,0.44999999999999996,0.1,cash 4232% of mcap
AGRDF,Minnova Corp.,Materials,Metals & Mining,Nano Cap,USD,16165342.0,15372528.0,0.13,,-5221585.0,-4396714.0,-4396714.0,0.0,,0.8420267026199899,,,,-2.9440348093538646,,,-0.2719839765839782,,,0.049044121677104015,0.05157349526375883,,,0,2026-03-31,,0,,,,-11599.0,,-0.0007175227100051456,,0.13663,,,1.3636362897463077,0,0.48839789473684214,-25.982759603302917,,0,,,-6.075625230362292,-65.79702834918416,-65.79702834918416,,,,-0.468773839233274,-0.7730286929141987,-0.7730286929141987,,0.3471983577203422,0.0022970624465693487,0.0022970624465693487,,-5.044267189359012,-66.36974594370015,-66.36974594370015,0,0,0,0,0,0,0,0,0,0.1546312922138407,,0,0,,,,,,,0,1.3636362897463077,,7.4392615201086,67.16066463893047,,-37.299963079519536,0.19642857142857142,0.33333333333333337,
AGRPY,Absa Group Limited,Financials,Banks,Mid Cap,USD,11656777728.0,122107777728.0,28.13,115229000000.0,,50086000000.0,42852000000.0,0.21736999,0.3718855496446207,,,,1.0596965844362096,,,0.06386960494003036,3.676144557261991,,,12.13156871476721,1.158116236584107,-113707000000.0,-9.754582497260087,0,2025-12-31,,0,0.10116184057832664,8.602447,0.23273524993012018,,,,1.39785983156995,0.0,,,0.4258413140127705,0,0.5871158759932071,-0.0325586818510704,,0,,0.05000865674633911,,-0.19943097357863274,-0.19769335904588942,,-0.11481495426913985,,,,,0.05000865674633911,,-0.19943097357863274,-0.19769335904588942,0.001019974326823929,,-0.5921338808401082,-0.6128541878307975,0,0,0,0,0,0,0,0,0,,,0,0,,,,,,0.0,0,0.4258413140127705,0.3758326572664314,,0.62353467305866,0.35793291307809194,-0.4524334144677278,0.7058823529411765,0.23246279111501386,cash 1213% of mcap
AGTEF,AGTech Holdings Limited,Consumer Discretionary,"Hotels, Restaurants & Leisure",Small Cap,USD,1848829696.0,-4584434304.0,0.1606,760521000.0,145148000.0,5456723000.0,5432016000.0,0.19085337551494305,7.142493106699224,37.59420040234795,-0.016211880129995502,-44.32209882327004,-6.02801803500495,-31.5845502797145,-73.24547537945358,0.7186856815217793,2.93808348694979,,,3.514543288685904,,6433264000.0,3.4796412097439613,0,2026-03-31,,0,2.431004135323022,,0.3388168496000255,695645000.0,0.9146953207077779,0.37626234666451397,0.02508362439091706,0.79423,,,7.0300005085021375,0,0.6046118513109324,9.60525126597219,-7.625565781806759,0,-3.275479277196523,0.23668385997320185,21.90566037735849,3.665700189818219,3.741567855197553,0.20214339385736088,5.279605932082008,,,,,0.23668385997320185,21.90566037735849,3.665700189818219,3.741567855197553,0.20563510308032418,23.27471369155612,2.210883930080545,2.2960552739984195,0,1,0,0,1,0,0,0,1,-1.5810528899251441,1.5648410097951486,1,0,4286400000.0,,0.0,0.0,0.0,1.2207777577505408,0,7.0300005085021375,6.793316648528935,-14.875659868856353,3.2884326533045845,-5.493171592516897,2.571770539884932,0.7413404274526315,0.7474646094630282,growth-flip; first-positive: EBITDA; ROCE improving from <=0; accelerating sales; under-priced vs fundamentals; cash 351% of mcap
AGXKF,Anglo Asian Mining PLC,Materials,Metals & Mining,Micro Cap,USD,584572288.0,628221632.0,5.1,122789000.0,53470000.0,46736000.0,19471000.0,0.43546245999234456,0.15857283632898714,0.874060220684496,0.33975152432035943,0.12047877314381897,5.116269633273339,11.74904866280157,14.128134574731256,6.858922983057211,0.033308113298726884,,,0.036344521346862065,0.033819274787404964,-45650000.0,-0.07809128304077254,0,2025-12-31,,0,4.7607871063368865,33.999996,12.507965765148922,54615000.0,0.44478739952275853,0.09342728199938209,0.7849063687989862,0.47309,,,1.0399999618530273,0,0.3717520505990254,6.220073692219832,2.2713773620404134,0,1.8849430535327671,2.1019072881141847,9.032146612588253,4.448356260200513,8.832260659694288,0.603632221265554,0.22137440257882923,,,,,2.1019072881141847,9.032146612588253,4.448356260200513,8.832260659694288,2.2386426495796736,8.377534181333713,-3.686894006040169,7.934426442787207,1,0,0,0,1,0,1,1,1,-0.19554901722211776,0.5353005415424772,1,1,21957000.0,,0.0,0.0,0.0,0.0,0,1.0399999618530273,-1.0619073262611574,-7.992146650735226,-7.792260697841261,-0.342340124197183,4.297163699758706,0.47530772257313303,0.8523621782819725,growth-flip; first-positive: FCF/EBITDA/NI/ROCE; ROCE improving from <=0; accelerating sales; under-priced vs fundamentals
AGYTF,Allergy Therapeutics plc,Health Care,Pharmaceuticals,Large Cap,USD,949879488.0,937883008.0,0.15,55044000.0,-28335000.0,-28109000.0,-31531000.0,-0.5147700021800741,-0.5728326429765279,0.9920239985883184,-1.3464333524574488,-0.5882124580907006,17.03878729743478,-33.099806176107286,,223.55365686043774,-0.03319473722544475,,,0.010616083542589352,0.010751874075961508,-16667000.0,-0.017546436374884643,0,2025-12-31,,0,17.25673076084587,,,29302000.0,0.5323377661507158,0.03084812375693705,6.295834313956225,0.88775,,,0.7647059339140521,0,0.29088193601545387,0.052727023645519754,,0,,-0.0028080218844544285,0.07823682498373455,0.1253656108034103,0.11277751202903852,0.042124144453017154,0.07100148445331678,,,,,-0.0028080218844544285,0.07823682498373455,0.1253656108034103,0.11277751202903852,0.07083220165423688,-0.04600464961812864,0.23813871422780697,0.17206216180549158,0,0,1,1,0,0,0,0,1,-1.3273245151976276,-0.019108837259821154,0,0,4008000.0,,7.867015968063872,11.781704781704782,6.976669148672127,,0,0.7647059339140521,0.7675139557985065,0.6864691089303175,0.6519284218850135,0.7696752206620481,-0.7019704955379459,0.22130188761429964,0.3976797037970094,growth-flip; accelerating sales
AGZNF,Aegean Airlines SA,Industrials,Airlines,Small Cap,USD,1274256384.0,2181856512.0,14.2,1671999530.0,463036260.0,285679470.0,71312750.0,0.2769356400476979,0.042651178257209196,0.6169699755263227,0.17422913495193734,1.4763814177317345,1.3049384720819868,4.712064044401188,9.999328653535306,2.2404217531282278,0.055964208534033916,,,0.7468483124350586,0.43617727598761546,-683618130.0,-0.5364839749549177,0,2025-12-31,,0,0.7621152764319258,7.4736843,4.460440871022338,-9046220.0,-0.005410420181158783,-0.007099214972424262,2.8752055731603092,0.5507,,,-0.09066492312767785,0,0.19286896076228127,-0.07220489546505071,,0,63.21770353469793,0.04407545150749613,0.14953725066770346,-0.2554061864788727,-0.7482498816756528,0.0254068590070044,-0.13423472945406323,,,,,0.04407545150749613,0.14953725066770346,-0.2554061864788727,-0.7482498816756528,0.0017664233454130485,0.22271198657751495,-0.1399305247124852,-0.7661712389578399,0,1,0,0,0,0,0,0,1,0.19058139198469726,-0.016352257032759915,0,0,,,,0.0,,0.0,0,-0.09066492312767785,-0.13474037463517397,-0.2402021737953813,0.6575849585479749,-0.12905233471453442,-0.038397518850721304,0.6430956885499896,0.16377172055257805,growth-flip; cash 75% of mcap
AHCHF,Anhui Conch Cement Company Limited,Materials,Construction Materials,Large Cap,USD,14838046720.0,-20278323952.0,2.8,82532050796.0,10603890947.0,16643907685.0,5116698969.0,0.12848209689118653,0.06199650826134549,1.5696038150702418,0.05715018307102577,-3.3116495489738083,-0.24570241204987492,-1.9123474631486137,-2.2356404837903048,0.0765521120806831,0.3448364239279063,,,4.131803029866724,,35116370672.0,2.3666437594287344,0,2026-03-31,,0,0.17978526617103208,12.727273,0.8915001813770274,19943001066.0,0.24163947064994729,1.3440449031016395,0.13512667031082579,0.09038,,,-0.21107270289688462,0,0.42479488416954636,-0.27484007484006684,,0,,-0.09334944983250909,-0.45096258145238455,-0.09917297004460301,-0.2855763116305469,-0.08368625429554527,-0.01668112972669472,,-0.0424579504505356,,-0.5676744950371434,-0.1962861317530045,-0.06642691003792985,-0.09917297004460301,-1.6238862534261136,-0.032626853166724853,0.13259563941376,-0.01957294196479717,-0.23395741694783515,0,1,0,0,0,0,0,0,1,0.05929215417696624,-0.002141971105940471,0,0,,,,,,0.0,0,-0.21107270289688462,-0.11772325306437553,0.23988987855549992,0.0745036087336623,0.1298441312836879,-0.06555674474159556,0.673274053593929,0.11754560993825006,growth-flip; cash 413% of mcap
AHCHY,Anhui Conch Cement Company Limited,Materials,Construction Materials,Large Cap,USD,11732656128.0,-23383714544.0,11.07,82532050796.0,10603890947.0,16643907685.0,5116698969.0,0.12848209689118653,0.06199650826134549,1.5696038150702418,0.05715018307102577,-3.3116495489738083,-0.283328892454146,-2.2052013417410334,-2.578002946382881,0.06053085179359575,0.4361074690315853,,,5.225405545525931,,35116370672.0,2.9930452481424674,0,2026-03-31,,0,0.142158785766761,10.063636,0.7049219660461005,19943001066.0,0.24163947064994729,1.6997856963016245,0.13512667031082579,0.0,,,-0.29875867555167523,0,0.4539530471749211,-0.27484007484006684,,0,,-0.09334944983250909,-0.45096258145238455,-0.09917297004460301,-0.2855763116305469,-0.08368625429554527,-0.01668112972669472,,-0.0424579504505356,,-0.5676744950371434,-0.1962861317530045,-0.06642691003792985,-0.09917297004460301,-1.6238862534261136,-0.032626853166724853,0.13259563941376,-0.01957294196479717,-0.23395741694783515,0,1,0,0,0,0,0,0,1,0.05929215417696624,-0.002141971105940471,0,0,,,,,,0.0,0,-0.29875867555167523,-0.20540922571916614,0.1522039059007093,-0.013182363921128315,0.22655832027148687,0.02212922791319505,0.6951955467576266,0.11754560993825006,growth-flip; cash 523% of mcap
AHELF,Auscan Resources Inc.,Materials,Metals & Mining,Nano Cap,USD,735975.0,764680.0,0.1806,,-188867.0,-264586.0,-264586.0,0.0,,1.4009117527148733,2.582377979954578,-0.1519852594683031,,-4.0487750639338795,,,-0.3595040592411427,,,0.033514725364312645,0.0322566302244076,-28705.0,-0.03900268351506505,0,2026-03-31,,0,,,,,,,,0.30747,,,0.023809503696738066,0,0.539115628300659,-1.3963120960887838,,0,,,-0.14073541669183287,-3.907465454882686,-3.907465454882686,,,,0.05433634256129862,0.017573955049588034,0.017573955049588034,,0.2292937100976266,0.9826989619377162,0.9826989619377162,,0.158280070847876,-0.8048579602268588,-0.8048579602268588,0,0,0,0,0,0,0,0,0,1.0402594972241284,1.5421184827304497,0,0,4733.0,55.902387492076905,,,,,0,0.023809503696738066,,0.16454492038857094,3.931274958579424,,-2.0479099394839975,0.3754251772511649,0.19954910438344023,
AHEXF,Adecco Group AG,Industrials,Professional Services,Large Cap,USD,4853014528.0,6166042112.0,28.0,23389000000.0,730000000.0,521000000.0,382000000.0,0.031211253153191672,0.01633246397879345,0.7136986301369863,0.08315693982461446,3.626027397260274,0.26363000179571594,8.446633030136987,11.210985658181817,1.3881620503432495,0.0787139617645917,,,0.10179240081599031,0.08011622220980381,-3118000000.0,-0.6424872585916149,0,2026-06-30,,0,0.2074913219034589,13.658537,9.31480715547025,4424000000.0,0.18914874513660268,0.9115983425302452,1.0331807780320366,0.0029300002,,,-0.38318171194143014,0,0.19630757837029697,-0.07574869280765044,,0,,0.010847955743798082,-0.039473684210526314,-0.26308345120226306,-0.32149200710479575,-0.0016351467085076975,-0.00799980328717595,0.009582595933871455,-0.01084010840108401,-0.1001727115716753,-0.14732142857142858,0.059915164369035,-0.17777777777777778,1.1292134831460674,0.93,0.03176598932279671,0.03841917516740723,-0.38872879929454507,-0.7645743009095982,0,0,0,0,0,0,0,0,0,0.07715720590473292,0.005999733919881539,0,0,,,,,,,0,-0.38318171194143014,-0.39402966768522824,-0.3437080277309038,-0.061689704836634385,-0.38980112236097353,0.297307130653435,0.553647049988631,0.09459297902024502,under-priced vs fundamentals
AHEXY,Adecco Group AG,Industrials,Professional Services,Large Cap,USD,4943142400.0,8093403136.0,14.26,23389000000.0,730000000.0,521000000.0,382000000.0,0.031211253153191672,0.01633246397879345,0.7136986301369863,0.08315693982461446,3.626027397260274,0.34603459472401554,11.086853610958904,14.715278429090908,1.41394233409611,0.07727877716005106,,,0.09993642910226498,0.0610373648388593,-3118000000.0,-0.6307728460341341,0,2026-06-30,,0,0.21134475180640472,14.26,9.487797312859884,4424000000.0,0.18914874513660268,0.89497725171745,1.0331807780320366,0.0,12.528297,-0.1214377980364656,-0.07361937002225949,0,0.18799679224986557,-0.07574869280765044,,0,,0.010847955743798082,-0.039473684210526314,-0.26308345120226306,-0.32149200710479575,-0.0016351467085076975,-0.00799980328717595,0.009582595933871455,-0.01084010840108401,-0.1001727115716753,-0.14732142857142858,0.059915164369035,-0.17777777777777778,1.1292134831460674,0.93,0.03176598932279671,0.03841917516740723,-0.38872879929454507,-0.7645743009095982,0,0,0,0,0,0,0,0,0,0.07715720590473292,0.005999733919881539,0,0,,,,,,,0,-0.07361937002225949,-0.08446732576605757,-0.034145685811733176,0.24787263708253626,-0.0835608612413973,-0.011424691065837052,0.4910011992857857,0.07861696110952593,
AHFCF,Flow Capital Corp.,Financials,Capital Markets,Nano Cap,USD,16677837.0,65804604.0,0.57,11471624.0,5113134.0,-11492154.0,-11492154.0,0.4457201526130912,-1.0017896332724991,-2.2475753618035434,0.07297508166661171,9.592377786304837,5.736293658160344,12.86972021464722,10.53207488645601,0.44103926028229434,-0.6890674132382995,,,0.14722400752567613,0.03731316428862637,-47803669.0,-2.866299089024554,0,2026-03-31,,0,1.453833999440707,,,9174556.0,0.7997608708235208,0.5501046688488441,1.3290819973461225,0.27687,,,0.09615387260561256,0,0.5497523901134884,1.1671899331352038,9.023445617086217,0,3.47646446312149,0.2327579629511422,2.92364253046441,-0.4768513211550848,-0.4768513211550848,0.30568061967517324,-0.16557536449107602,0.05646274879767246,0.15210885825241405,-0.24822226834746472,-0.24822226834746472,-0.018542598782150484,0.4546803848559437,-2.158965102089556,-2.158965102089556,-0.32163845764131305,2.7030456636573197,0.048592314874089965,0.048592314874089965,0,1,0,0,0,0,0,1,1,-0.009543624678966337,0.08251870634557805,1,1,,,,0.0,,0.0,0,0.09615387260561256,-0.13660409034552964,-2.8274886578587974,0.5730051937606974,-0.11081176877455197,0.6254748308045454,0.5624490726819027,0.4150727042580814,growth-flip; first-positive: NI/ROCE; ROCE improving from <=0; under-priced vs fundamentals
AHICF,"Asahi Intecc Co., Ltd.",Health Care,Health Care Equipment & Supplies,Mid Cap,USD,5679267328.0,-39993732672.0,21.405,120025000000.0,29014000000.0,40543000000.0,31965000000.0,0.24173297229743804,0.2663195167673401,1.3973598952229958,0.2683562144851518,-1.5741710898187082,-0.33321168649864613,-1.3784287816915972,-1.3294462876707775,0.03599621818550585,5.62836685683129,,,9.420229214468138,,45673000000.0,8.042058484343986,0,2025-12-31,,0,0.04731736994792751,50.96429,0.14008009589818218,81235000000.0,0.6768173297229744,14.303781686678864,0.04960893429842687,0.17462999,,,2.1473911498301157,0,0.7268395201300295,0.0766916074223994,-17.33496444204773,0,-42.67233806432235,0.11602369196723293,-0.08571248503182706,0.16811686066612885,0.32283562324118525,-0.05333801991991807,0.041636354986909235,,,,,0.11602369196723293,-0.08571248503182706,0.16811686066612885,0.32283562324118525,-0.07760345978468992,-0.27149830074066794,-0.6454477751369854,-2.4380982288988924,0,0,0,0,0,0,0,0,0,0.1833305730374296,0.08502564144772218,0,0,7801000000.0,,0.0,,0.0,,0,2.1473911498301157,2.0313674578628826,2.233103634861943,1.8245555265889304,-1.8201830951116809,-1.067210881050519,0.6,0.34695431609745814,cash 942% of mcap
AHKSF,Asahi Kasei Corporation,Materials,Chemicals,Large Cap,USD,13206589440.0,954656620544.0,9.81,3074505000000.0,423402000000.0,303104000000.0,92054000000.0,0.13771387589221679,0.029941079946202723,0.7158775820614924,0.08491704977894755,1.3947052682793184,0.310507421696826,2.2547286515982448,4.1291376321107265,0.006323604839740689,6.970308300884078,,,28.54809727468896,0.3949304827375081,-634198000000.0,-48.021330781976665,0,2026-03-31,,0,0.00429551730766416,13.438356,0.043571148648648646,1008592000000.0,0.3280502064559986,76.37036076439126,0.4841948058353073,0.03131,,,0.3289005775690811,0,0.641940510423953,0.05973163342209388,69.12815530980302,1,42.01107664338461,0.012245366956045346,0.08619203497142154,0.005356746017267628,0.10178336325553561,0.00937539765883147,0.002433204561652174,,,,,0.012245366956045346,0.08619203497142154,0.005356746017267628,0.10178336325553561,-0.07839917833462806,-0.6979141132204617,-0.015601601426010393,0.42442049782009383,0,0,0,1,0,0,0,0,1,0.07963926329923461,0.005277786479712943,0,0,8504000000.0,,0.0,0.0,0.0,0.0,0,0.3289005775690811,0.31665521061303575,0.24270854259765956,0.22711721431354548,0.31282455909406565,-0.2748263816545766,0.6933112293605871,0.22630961555945076,growth-flip; cheap+grow (EV/EBIT 4.1x); cash 2855% of mcap
AHKSY,Asahi Kasei Corporation,Materials,Chemicals,Large Cap,USD,14573020160.0,956023046144.0,21.65,3074505000000.0,423402000000.0,303104000000.0,92054000000.0,0.13771387589221679,0.029941079946202723,0.7158775820614924,0.08491704977894755,1.3947052682793184,0.3109518592892189,2.257955905130349,4.135047777439446,0.006977881854515698,6.316741415939961,,,25.871301614942663,0.39436601609205485,-634198000000.0,-43.51863876101301,0,2026-03-31,,0,0.004739956565365807,14.828767,0.04807927364864865,1008592000000.0,0.3280502064559986,69.20953851202248,0.4841948058353073,0.0,,,0.43093188729498444,0,0.6356025691165403,0.05973163342209388,69.22710029071382,1,42.077762905059124,0.012245366956045346,0.08619203497142154,0.005356746017267628,0.10178336325553561,0.00937539765883147,0.002433204561652174,,,,,0.012245366956045346,0.08619203497142154,0.005356746017267628,0.10178336325553561,-0.07839917833462806,-0.6979141132204617,-0.015601601426010393,0.42442049782009383,0,0,0,1,0,0,0,0,1,0.07963926329923461,0.005277786479712943,0,0,8504000000.0,,0.0,0.0,0.0,0.0,0,0.43093188729498444,0.4186865203389391,0.3447398523235629,0.32914852403944883,0.4136215724039165,-0.37654911727646684,0.6933112293605871,0.2516984414721183,growth-flip; cheap+grow (EV/EBIT 4.1x); cash 2587% of mcap
AHODF,Koninklijke Ahold Delhaize N.V.,Consumer Staples,Food & Staples Retailing,Large Cap,USD,32005902336.0,48055902208.0,36.63,91425000000.0,7310000000.0,6598000000.0,5417000000.0,0.07995624829094887,0.059250751982499315,0.9025991792065663,0.19725818735719725,0.23365253077975376,0.5256319628985507,6.573994830095759,15.462001997425997,2.2157080191069576,0.1692500321700663,,,0.11091704157351585,0.07387229948643065,-1311000000.0,-0.04096119478954346,0,2026-06-30,,0,0.350078231730927,12.631035,4.850849096089724,24316000000.0,0.2659666393218485,0.7597348684229891,0.3365178262374524,0.00077,,,-0.07404471642909635,0,0.24907174917761718,0.13637806766354793,113.37601611698732,0,117.16289245755485,0.023143122530971273,0.12773835236038258,0.06008997429305912,0.38012738853503186,0.007415764613117257,0.015325821646879276,0.0007991067519047202,-0.0005468963631391851,0.0231043572646922,0.028283978739559606,0.039908421619680376,-0.008356545961002786,1.3025099075297226,10.318181818181818,0.02649625577098237,0.13004199092028965,0.16033784987241947,0.15392623344454553,0,1,1,1,0,0,0,0,1,0.08022101708789522,0.11703717026930202,0,0,149000000.0,0.0,0.0,0.0,0.0,0.0,0,-0.07404471642909635,-0.09718783896006762,-0.20178306878947894,-0.4541721049641282,-0.09498948565441363,0.2120331245920221,0.7143678355365966,0.16340645972224163,growth-flip; under-priced vs fundamentals
AIAGF,Aurubis AG,Utilities,Gas Utilities,Mid Cap,USD,8886796288.0,9576144896.0,203.55,22190000000.0,1633000000.0,292000000.0,-253000000.0,0.07359170797656601,-0.011401532221721496,0.17881200244947948,,,0.431552271113114,5.86414261849357,7.4872125848319,1.503179345060893,-0.02846920215124436,,,0.005963904007968186,0.005534586263637087,,,0,2026-06-30,,0,0.40048653844073906,7.7277904,30.4342338630137,2511000000.0,0.1131590806669671,0.28255401818883236,,0.38532,,,1.3342891075165462,0,0.4167342744537835,0.6018990160959257,12.43931686978975,0,6.36347339291508,0.2947835219978994,1.1180285343709468,-0.45623836126629425,0.18387096774193548,0.02860396144838303,0.006686926174824191,0.09181263530801023,0.07788778877887789,-0.5493827160493827,-49.6,0.06594310146357507,-0.603905160390516,-2.1183431952662723,-7.565217391304348,0.05597995958501671,-0.6164999687216629,0.32305212300924113,5.668092639050508,0,0,1,1,0,0,0,0,1,0.10690861390467862,,0,0,57000000.0,,4.43859649122807,0.0,,0.0,0,1.3342891075165462,1.0395055855186468,0.21626057314559932,1.1504181397746107,0.8028412223802868,-0.802256380204786,0.3299293959415327,0.5232970792435668,growth-flip; accelerating sales
AIAGY,Aurubis AG,Utilities,Gas Utilities,Mid Cap,USD,8701245440.0,9390629888.0,99.65,22190000000.0,1633000000.0,292000000.0,-253000000.0,0.07359170797656601,-0.011401532221721496,0.17881200244947948,,,0.4231919733213159,5.7505388169014084,7.342165666927287,1.4717938836265223,-0.029076297381171217,,,0.006091082060087251,0.005643923850915164,,,0,2026-06-30,,0,0.3921246255069851,7.572189,29.798785753424657,2511000000.0,0.1131590806669671,0.2885793783562092,,,,,0.7987364400943125,0,0.38159611965929424,0.6018990160959257,12.198334721579199,0,6.2385931028979895,0.2947835219978994,1.1180285343709468,-0.45623836126629425,0.18387096774193548,0.02860396144838303,0.006686926174824191,0.09181263530801023,0.07788778877887789,-0.5493827160493827,-49.6,0.06594310146357507,-0.603905160390516,-2.1183431952662723,-7.565217391304348,0.05597995958501671,-0.6164999687216629,0.32305212300924113,5.668092639050508,0,0,1,1,0,0,0,0,1,0.10690861390467862,,0,0,57000000.0,,4.43859649122807,0.0,,0.0,0,0.7987364400943125,0.5039529180964131,-0.3192920942766343,0.6148654723523771,0.3892178959142105,-0.2971860480215916,0.3325893368995324,0.5237461155797021,growth-flip; accelerating sales
AIBGY,AIB Group plc,Financials,Banks,Mid Cap,USD,26490363904.0,-3429636096.0,25.3,4508000000.0,,8603000000.0,8268000000.0,0.49098998,1.834072759538598,,,,-0.7607888411712511,,,1.801820426064481,0.3121134926633283,,,1.546600120272927,,29920000000.0,1.1294673077511832,0,2025-12-31,,0,5.876300777284827,11.19469,3.079200732767639,,,,0.7515984219834037,0.0,24.6,-0.02766798418972327,0.5927527123474399,0,0.22401196284250974,0.4814110073265718,,0,,-0.08280773143438454,,1.5118248175182483,1.6098484848484849,,1.1895152824277129,,,,,-0.08280773143438454,,1.5118248175182483,1.6098484848484849,-0.12412129075641844,,-3.5752873543194603,-2.328927025355597,0,0,0,0,0,0,0,0,0,,,0,0,5100000000.0,,0.0,,0.0,,0,0.5927527123474399,0.6755604437818244,,-1.017095772501045,-0.7365527021268117,0.17076766435961027,0.6077193227913497,0.21428571428571425,under-priced vs fundamentals; cash 155% of mcap
AIBRF,AIB Group plc,Financials,Banks,Mid Cap,USD,24626616320.0,-5293383680.0,11.76,4508000000.0,,8603000000.0,8268000000.0,0.49098998,1.834072759538598,,,,-1.174219982253771,,,1.6750521235206095,0.33573430846385965,,,1.6636471477702381,,29920000000.0,1.2149456348861492,0,2025-12-31,,0,5.462869636202307,10.594595,2.8625614692549113,,,,0.7515984219834037,0.00017000001,,,0.4657516140052172,0,0.24082825315502868,0.4814110073265718,,0,,-0.08280773143438454,,1.5118248175182483,1.6098484848484849,,1.1895152824277129,,,,,-0.08280773143438454,,1.5118248175182483,1.6098484848484849,-0.12412129075641844,,-3.5752873543194603,-2.328927025355597,0,0,0,0,0,0,0,0,0,,,0,0,5100000000.0,,0.0,,0.0,,0,0.4657516140052172,0.5485593454396017,,-1.1440968708432677,-0.5980854442847476,0.297768762701833,0.6169844884699603,0.20205414785900613,under-priced vs fundamentals; cash 166% of mcap
AICAF,Air China Limited,Industrials,Airlines,Large Cap,USD,10656131072.0,206701363200.0,0.52,171484646000.0,8048197000.0,42045213000.0,12870504000.0,0.046932464146090376,0.0750533899110711,5.224177912146037,-0.0011454629805703114,11.544227607748667,1.2053636755327937,25.682940315700524,,0.2422517907224889,1.207802711231516,,,1.5123910255145931,0.07796870204676037,-200975126000.0,-18.860046356606976,0,2026-03-31,,0,0.062140438345716385,26.0,0.25344457339293297,8837366000.0,0.05153444466392636,0.8293221939828632,4.935259437200724,0.65592,,,-0.18750001164153243,0,0.42203427751126693,-0.3153156216744732,,0,,0.028709047115373542,-0.7626097154728221,0.21708937669158138,-0.10877677165746903,-0.1564450690442946,-0.011578217931765028,,1.0342510661358062,,1.1486399991986738,0.0690850996851492,2.8886763975555,0.21708937669158138,0.8117866506996636,0.03209849478884276,-0.023360596313773713,0.24173084200614747,0.5537091731947867,0,0,1,0,0,0,0,0,1,-0.0016530687563600058,0.0005076057757896944,1,0,6880434000.0,0.0,,,0.0,,0,-0.18750001164153243,-0.21620905875690596,0.5751097038312897,-0.0787232399840634,-0.21017513101802954,-0.01750056851807269,0.6082246769651669,0.15688205759787935,ROCE improving from <=0; cash 151% of mcap
AIIXY,AIXTRON SE,Information Technology,Semiconductors & Semiconductor Equipment,Mid Cap,USD,5818654208.0,5241006592.0,101.3,498945000.0,94812000.0,302513000.0,274708000.0,0.1900249526500917,0.5505777189870626,3.1906615196388644,0.15283708185865966,1.0824684639075222,10.50417699746465,55.277882462135594,65.24995134583303,5.862547098123652,0.047211604295424044,,,0.14026748640224404,0.15572733704357836,466973000.0,0.08025446835420538,0,2026-06-30,,0,11.661915056769784,83.71901,19.23439392026128,199400000.0,0.3996432472517011,0.03426909262383169,0.3518291448071713,0.0,46.175793,-0.5441678874629812,2.1770224242597176,0,0.17388947224298812,0.7315540829445331,89.19361243012887,0,,-0.21197519106575125,-0.3543571968484634,10.535290753098188,4.7904351905510945,-0.04190573142768339,0.6650418583264703,0.005177537144296147,0.17335775456660563,0.38384018590693675,0.4383069625223829,0.9385125804169895,2.2455964061945854,1.2184465114545082,1.3365487674169345,-0.12619907496515345,-0.06309338495545941,5.390521846671424,3.1512196294136654,0,0,0,0,0,0,1,0,1,0.1670326491933796,-0.014195567334719938,0,0,83714000.0,0.0,0.0,,0.0,,0,2.1770224242597176,2.3889976153254686,2.531379621108181,-2.613412766291377,3.03162741609167,-0.7689881567140909,0.2680290107385601,0.22793828840231195,first-positive: FCF
AILIH,Ameren Illinois Company,Utilities,Electric Utilities,Mid Cap,USD,1686221500.0,8417219584.0,66.25,3925000000.0,1902000000.0,1349000000.0,-90000000.0,0.4845859872611465,-0.022929936305732482,0.7092534174553102,0.07515515242446975,3.5131440588853837,2.1445145436942674,4.425457194532071,7.63813029401089,0.21127947625610827,-0.05337377088359981,,,0.004151293290946652,0.0008316285360199057,-6682000000.0,-3.9627059671579326,0,2026-06-30,,0,0.4296105732484076,3.796344,1.2499788732394366,1946000000.0,0.49579617834394907,1.1540595348831693,0.8381155243703796,,,,0.05905632548243908,0,0.4847162775696775,0.1227244259282914,62.23806089322344,0,29.5096430129598,0.13047235023041476,0.1355223880597015,-0.014609203798392988,0.08163265306122448,0.002155111685109623,0.00529587014588042,-0.04198193800341713,-0.04565980933266432,-0.061238691718858734,-0.9148936170212766,-0.22602168473728107,-0.24444444444444444,-0.3385416666666667,-15.0,0.11001476983671124,0.015022922121501428,-0.15258302165701365,0.3282877131895413,1,0,0,0,0,0,0,0,1,0.06810008990110877,0.00705506252336098,0,0,8000000.0,,11.25,0.0,,0.0,0,0.05905632548243908,-0.07141602474797568,-0.0764660625772624,-0.022576327578785402,-0.06317361475795466,0.05840800741549453,0.4016010232135901,0.18508969268947165,growth-flip; accelerating sales
AILIM,Ameren Illinois Company,Utilities,Electric Utilities,Mid Cap,USD,1959834800.0,8690832384.0,77.0,3925000000.0,1902000000.0,1349000000.0,-90000000.0,0.4845859872611465,-0.022929936305732482,0.7092534174553102,0.07515515242446975,3.5131440588853837,2.214224811210191,4.569312504731861,7.886417771324864,0.2455625610825711,-0.045922237935564776,,,0.0035717296172105934,0.0008054464395018299,-6682000000.0,-3.4094710431715978,0,2026-06-30,,0,0.49932096815286625,4.4123545,1.4528056338028168,1946000000.0,0.49579617834394907,0.992940833584545,0.8381155243703796,0.0,,,0.07406589930930174,0,0.42069798650397877,0.1227244259282914,64.26119097051588,0,30.5719593728881,0.13047235023041476,0.1355223880597015,-0.014609203798392988,0.08163265306122448,0.002155111685109623,0.00529587014588042,-0.04198193800341713,-0.04565980933266432,-0.061238691718858734,-0.9148936170212766,-0.22602168473728107,-0.24444444444444444,-0.3385416666666667,-15.0,0.11001476983671124,0.015022922121501428,-0.15258302165701365,0.3282877131895413,1,0,0,0,0,0,0,0,1,0.06810008990110877,0.00705506252336098,0,0,8000000.0,,11.25,0.0,,0.0,0,0.07406589930930174,-0.056406450921113016,-0.061456488750399746,-0.007566753751922742,-0.04989635607595011,0.04383151237484641,0.39784862975687446,0.1888420861461873,growth-flip; accelerating sales
AILIN,Ameren Illinois Company,Utilities,Electric Utilities,Mid Cap,USD,1807120400.0,8538118656.0,71.0,3925000000.0,1902000000.0,1349000000.0,-90000000.0,0.4845859872611465,-0.022929936305732482,0.7092534174553102,0.07515515242446975,3.5131440588853837,2.175316855031847,4.489021375394322,7.747839070780399,0.22642781606315,-0.0498029904371618,,,0.003873565922890362,0.0008198527429787924,-6682000000.0,-3.6975953566790567,0,2026-06-30,,0,0.4604128407643312,4.068535,1.3396,1946000000.0,0.49579617834394907,1.0768513265635207,0.8381155243703796,0.0,,,0.06342889641840407,0,0.4386186433034903,0.1227244259282914,63.132004995545934,0,29.979039954339786,0.13047235023041476,0.1355223880597015,-0.014609203798392988,0.08163265306122448,0.002155111685109623,0.00529587014588042,-0.04198193800341713,-0.04565980933266432,-0.061238691718858734,-0.9148936170212766,-0.22602168473728107,-0.24444444444444444,-0.3385416666666667,-15.0,0.11001476983671124,0.015022922121501428,-0.15258302165701365,0.3282877131895413,1,0,0,0,0,0,0,0,1,0.06810008990110877,0.00705506252336098,0,0,8000000.0,,11.25,0.0,,0.0,0,0.06342889641840407,-0.06704345381201068,-0.07209349164129741,-0.01820375664282041,-0.0593056997796947,0.054161600468955795,0.40050788047959884,0.1861828354234629,growth-flip; accelerating sales
AILIO,Ameren Illinois Company,Utilities,Electric Utilities,Mid Cap,USD,,,70.89,3925000000.0,1902000000.0,1349000000.0,-90000000.0,0.4845859872611465,-0.022929936305732482,0.7092534174553102,0.07515515242446975,3.5131440588853837,,,,,,,,,,-6682000000.0,,0,2026-06-30,,0,,,,1946000000.0,0.49579617834394907,,0.8381155243703796,,,,0.12529211841461563,0,0.5224904820121024,0.1227244259282914,,0,,0.13047235023041476,0.1355223880597015,-0.014609203798392988,0.08163265306122448,0.002155111685109623,0.00529587014588042,-0.04198193800341713,-0.04565980933266432,-0.061238691718858734,-0.9148936170212766,-0.22602168473728107,-0.24444444444444444,-0.3385416666666667,-15.0,0.11001476983671124,0.015022922121501428,-0.15258302165701365,0.3282877131895413,1,0,0,0,0,0,0,0,1,0.06810008990110877,0.00705506252336098,0,0,8000000.0,,11.25,0.0,,0.0,0,0.12529211841461563,-0.00518023181579913,-0.01023026964508586,0.043659465353391144,,-0.00941632129750205,0.5223157221789912,0.22405404546946198,growth-flip; accelerating sales
AILIP,Ameren Illinois Company,Utilities,Electric Utilities,Mid Cap,USD,,,67.3,3925000000.0,1902000000.0,1349000000.0,-90000000.0,0.4845859872611465,-0.022929936305732482,0.7092534174553102,0.07515515242446975,3.5131440588853837,,,,,,,,,,-6682000000.0,,0,2026-06-30,,0,,,,1946000000.0,0.49579617834394907,,0.8381155243703796,,,,0.0002999375971040883,0,0.435690356444386,0.1227244259282914,,0,,0.13047235023041476,0.1355223880597015,-0.014609203798392988,0.08163265306122448,0.002155111685109623,0.00529587014588042,-0.04198193800341713,-0.04565980933266432,-0.061238691718858734,-0.9148936170212766,-0.22602168473728107,-0.24444444444444444,-0.3385416666666667,-15.0,0.11001476983671124,0.015022922121501428,-0.15258302165701365,0.3282877131895413,1,0,0,0,0,0,0,0,1,0.06810008990110877,0.00705506252336098,0,0,8000000.0,,11.25,0.0,,0.0,0,0.0002999375971040883,-0.13017241263331067,-0.1352224504625974,-0.0813327154641204,,0.1155758595200095,0.5917558226331644,0.18933399524237543,growth-flip; accelerating sales; under-priced vs fundamentals
AILLI,Ameren Illinois Company,Utilities,Electric Utilities,Mid Cap,USD,2138001600.0,8868999168.0,84.0,3925000000.0,1902000000.0,1349000000.0,-90000000.0,0.4845859872611465,-0.022929936305732482,0.7092534174553102,0.07515515242446975,3.5131440588853837,2.2596176224203823,4.662985892744479,8.048093618874773,0.26788643027189574,-0.04209538477426771,,,0.003274085482443044,0.0007892660566771179,-6682000000.0,-3.1253484562406313,0,2026-06-30,,0,0.5447137834394904,4.8134775,1.5848788732394365,1946000000.0,0.49579617834394907,0.9101957641191663,0.8381155243703796,,,,0.05843344265945,0,0.43539365897096316,0.1227244259282914,65.57858028667677,0,31.263701314559697,0.13047235023041476,0.1355223880597015,-0.014609203798392988,0.08163265306122448,0.002155111685109623,0.00529587014588042,-0.04198193800341713,-0.04565980933266432,-0.061238691718858734,-0.9148936170212766,-0.22602168473728107,-0.24444444444444444,-0.3385416666666667,-15.0,0.11001476983671124,0.015022922121501428,-0.15258302165701365,0.3282877131895413,1,0,0,0,0,0,0,0,1,0.06810008990110877,0.00705506252336098,0,0,8000000.0,,11.25,0.0,,0.0,0,0.05843344265945,-0.07203890757096476,-0.07708894540025149,-0.023199210401774487,-0.06372460817487632,0.05901291788696677,0.40175674391933736,0.18493397198372438,growth-flip; accelerating sales
AILLP,Ameren Illinois Company,Utilities,Electric Utilities,Mid Cap,USD,,,62.9,3925000000.0,1902000000.0,1349000000.0,-90000000.0,0.4845859872611465,-0.022929936305732482,0.7092534174553102,0.07515515242446975,3.5131440588853837,,,,,,,,,,-6682000000.0,,0,2026-06-30,,0,,5.6478405,,1946000000.0,0.49579617834394907,,0.8381155243703796,,,,0.04082967129281955,0,0.4866419041521614,0.1227244259282914,,0,,0.13047235023041476,0.1355223880597015,-0.014609203798392988,0.08163265306122448,0.002155111685109623,0.00529587014588042,-0.04198193800341713,-0.04565980933266432,-0.061238691718858734,-0.9148936170212766,-0.22602168473728107,-0.24444444444444444,-0.3385416666666667,-15.0,0.11001476983671124,0.015022922121501428,-0.15258302165701365,0.3282877131895413,1,0,0,0,0,0,0,0,1,0.06810008990110877,0.00705506252336098,0,0,8000000.0,,11.25,0.0,,0.0,0,0.04082967129281955,-0.0896426789375952,-0.09469271676688193,-0.04080298176840493,,0.07504612582429403,0.5692393039133223,0.2005922546022964,growth-flip; accelerating sales
AIMFF,Aimia Inc.,Industrials,Professional Services,Small Cap,USD,174686960.0,13371312.0,1.98,391500000.0,,47700000.0,32600000.0,0.06396,0.08326947637292464,,,,0.03415405363984674,,,0.56332460496614,0.1866195393176457,,,0.2438647967770462,3.1859252106300415,-103200000.0,-0.5907710569810134,0,2026-03-31,,0,0.44619913154533847,,3.662200419287212,,,,0.47017091260883587,0.01481,,,-0.15744676620186202,0,0.24009597557075907,1.1636454278987072,,0,,-0.20988900100908173,,21.714285714285715,3.9107142857142856,,0.10587290725082575,-0.017072558373085613,,-0.1497326203208556,-0.17258883248730963,-0.751818916734034,,-0.8041237113402062,-0.8888888888888888,-1.9879365244135014,,24.54355400696864,3.994452887537994,0,0,0,0,0,0,1,0,1,,,0,0,43800000.0,,0.0,,0.0,0.296551724137931,0,-0.15744676620186202,0.05244223480721971,,-4.068161051916148,0.06637324992842236,2.007859408554464,0.8821549312358418,0.14826914431673052,first-positive: FCF; under-priced vs fundamentals
AINSF,Ainsworth Game Technology Limited,Consumer Discretionary,"Hotels, Restaurants & Leisure",Micro Cap,USD,269098400.0,289982400.0,0.799,231171000.0,-40656000.0,,-17076000.0,-0.17586981065964155,-0.07386739686206314,,-0.19625641363166796,-0.28969893742621017,1.2544064783212427,-7.1325855962219595,,0.8187544878114085,-0.06345634162076029,,,0.043400481013636645,0.04027485806035125,-20783000.0,-0.07723197165051891,0,2025-12-31,,0,1.1640664270172296,,,107006000.0,0.4628867807813264,0.3976463628174675,0.09876836199447467,0.90694,,,0.21244317094911128,0,0.434000441696687,-0.14502001574559337,,0,,0.14734172440491553,0.03489531405782652,,-1.0895741556534508,0.03320882585740198,-0.033308345026681674,,,,,0.14734172440491553,0.03489531405782652,,-1.0895741556534508,0.21092548570438338,0.2611280671579022,,0.6365676605896626,1,1,0,0,0,0,0,0,1,-0.19150660597313202,-0.004749807658535943,0,0,,,,27.65714285714286,,,0,0.21244317094911128,0.06510144654419575,0.17754785689128477,1.302017326602562,0.05674111309597963,-0.40035193578350553,0.2710474725258801,0.40774922644104156,growth-flip; accelerating sales
AIOSF,"Atresmedia Corporacion de Medios de Comunicacion, S.A.",Communication Services,Entertainment,Small Cap,USD,1351070592.0,1282418560.0,6.0,893745000.0,107377000.0,128436000.0,91563000.0,0.12014277002948268,0.10244868502760855,1.1961220745597287,0.09439345409522784,-0.6291570820566788,1.4348819405982691,11.943140151056557,18.283697747362417,1.666718798150051,0.06777070017078722,,,0.2083769727999527,0.219532069155331,67557000.0,0.05000256862966343,0,2026-06-30,,0,1.5116958327039591,21.428572,10.519407268990003,438964000.0,0.49115127916799534,0.3249008620269044,0.263965596576435,0.5694,,,0.0679892862517337,0,0.23053363480273845,-0.25865834775134927,,0,,-0.027432276261923884,-0.39549507960456687,-0.3121317937402258,-0.447437027023765,-0.07315090952357439,-0.0778715486293536,,,,,-0.027432276261923884,-0.39549507960456687,-0.3121317937402258,-0.447437027023765,-0.06450233334313088,-0.40515812357710107,-0.42991055596768957,-0.6547139402370307,0,0,0,0,0,0,0,0,0,0.22838813014432613,-0.1339946760490983,0,0,,,,,,,0,0.0679892862517337,0.09542156251365758,0.4634843658563006,0.5154263132754987,0.09811302615195132,-0.35811074721515235,0.4916910483286918,0.14118914501612895,
AIPUY,Airports of Thailand Public Company Limited,Industrials,Air Freight & Logistics,Large Cap,USD,24499974144.0,274614616064.0,17.15,66404657355.0,37142889985.0,34119205384.0,26580585693.0,0.5593416405483989,0.40028194936538725,0.9185931788770044,0.1567626637007243,0.7271961858893571,4.13547222442407,7.393463895106223,11.181456758792642,0.1889574674950389,1.0849230099905856,,,0.740237326186788,0.06604089619094922,-27010167930.0,-1.1024569973521683,0,2026-03-31,,0,0.3689496357615834,45.13158,0.7180698925505785,35964605037.0,0.5415976298881092,1.4679446119255464,0.34819085274340505,0.0,,,0.49650956033533716,0,0.48166193912149863,-0.03031893943618449,,0,,-0.010676900672517706,-0.04038731738654685,-0.1689656067918972,-0.049466261062793344,-0.01731768819576529,-0.01633469718709457,0.008155522550394494,0.007694325895531539,0.024757964062205505,0.09246324824774854,0.09441405616555935,0.12551589971796262,0.05326734905132609,0.12188338719133351,-0.40085119490364546,-0.6988132423245108,-1.7187020293814317,-4.598003965705045,0,0,0,0,0,0,0,0,0,0.17195789904389264,-0.015195235343168328,0,0,2249711647.0,0.0,,,,,0,0.49650956033533716,0.5071864610078549,0.536896877721884,0.5459758213981305,0.5126600817797823,-0.5300197200426232,0.6527171874644782,0.22069364768440625,cash 74% of mcap
AIQUF,L'Air Liquide S.A.,Materials,Chemicals,Large Cap,USD,126612979712.0,142556299264.0,198.93,26940200000.0,7528700000.0,6518400000.0,2675000000.0,0.2794596922071848,0.09929399187830826,0.8658068458033924,0.14468265068633251,1.1561757009842337,5.291582811708896,18.93504844979877,27.235026510517166,4.829993999824521,0.02112737577209449,,,0.02868584254364381,0.025477653521812457,-9963900000.0,-0.0786957231609616,0,2025-12-31,,0,4.699778758583826,30.98598,19.42393527736868,17289000000.0,0.6417547011529239,0.13654998120513706,0.5186523180450067,0.0014599999,,,-0.009829644906337281,0,0.15284563777654797,0.013015110060896925,2092.5698194703004,0,589.8213646145649,-0.004346251358203549,0.05871020362245472,0.031033500996488564,-0.04365235422401773,0.016644533546835483,-0.0040810053498477605,,,,,-0.004346251358203549,0.05871020362245472,0.031033500996488564,-0.04365235422401773,0.015568554709690798,-0.0010179794962863337,0.021581161861888534,-0.018387508949415002,0,0,0,0,0,0,0,0,0,0.13812626713053353,0.006556383555798989,0,0,,,,0.0,0.0,0.0,0,-0.009829644906337281,-0.0054833935481337324,-0.068539848528792,0.03382270931768045,-0.005507329787703708,0.013400177586415095,0.4012294412367965,0.16090360398638476,
AIQUY,L'Air Liquide S.A.,Materials,Chemicals,Large Cap,USD,123920695296.0,139864014848.0,38.94,26940200000.0,7528700000.0,6518400000.0,2675000000.0,0.2794596922071848,0.09929399187830826,0.8658068458033924,0.14468265068633251,1.1561757009842337,5.191647235284074,18.577445621156375,26.720672267160843,4.727289540892428,0.021586386306261675,,,0.029309067313772863,0.025968080524123006,-9963900000.0,-0.08040545589419092,0,2025-12-31,,0,4.599843182159004,30.661417,19.010906863033874,17289000000.0,0.6417547011529239,0.13951664779400302,0.5186523180450067,0.0,44.93333,0.1539119157678479,-0.0349969673158325,0,0.15597950656934034,0.013015110060896925,2053.050042768475,0,578.4708524352989,-0.004346251358203549,0.05871020362245472,0.031033500996488564,-0.04365235422401773,0.016644533546835483,-0.0040810053498477605,,,,,-0.004346251358203549,0.05871020362245472,0.031033500996488564,-0.04365235422401773,0.015568554709690798,-0.0010179794962863337,0.021581161861888534,-0.018387508949415002,0,0,0,0,0,0,0,0,0,0.13812626713053353,0.006556383555798989,0,0,,,,0.0,0.0,0.0,0,-0.0349969673158325,-0.030650715957628954,-0.09370717093828723,0.00865538690818523,-0.03078451318989216,0.038567499995910325,0.40951219464012134,0.15461177338401094,
AIRYY,Air China Limited,Industrials,Airlines,Large Cap,USD,10656131072.0,206762557440.0,10.4,171484646000.0,8048197000.0,42045213000.0,12870504000.0,0.046932464146090376,0.0750533899110711,5.224177912146037,-0.0011454629805703114,11.544227607748667,1.2057205252066707,25.69054378763343,,0.2422517907224889,1.207802711231516,,,1.5123910255145931,0.07794562613047934,-200975126000.0,-18.860046356606976,0,2026-03-31,,0,0.062140438345716385,31.515148,0.25344457339293297,8837366000.0,0.05153444466392636,0.8293221939828632,4.935259437200724,0.0,,,-0.22388060338833377,0,0.35953427751126693,-0.3153156216744732,,0,,0.028709047115373542,-0.7626097154728221,0.21708937669158138,-0.10877677165746903,-0.1564450690442946,-0.011578217931765028,,1.0342510661358062,,1.1486399991986738,0.0690850996851492,2.8886763975555,0.21708937669158138,0.8117866506996636,0.03209849478884276,-0.023360596313773713,0.24173084200614747,0.5537091731947867,0,0,1,0,0,0,0,0,1,-0.0016530687563600058,0.0005076057757896944,1,0,6880434000.0,0.0,,,0.0,,0,-0.22388060338833377,-0.2525896505037073,0.5387291120844884,-0.11510383173086473,-0.24554041904462662,0.018626197298677573,0.6173198249018673,0.15688205759787935,ROCE improving from <=0; cash 151% of mcap
AISSF,A.I.S. Resources Limited,Materials,Metals & Mining,Nano Cap,USD,3538983.0,2872235.0,0.1016,,-438973.0,-1043639.0,-1050955.0,0.0,,2.377456016657061,1.3239777696976316,4.854086697815127,,-6.54307895929818,,2.466179932348715,-0.2969652580981598,,,0.6651037882917211,0.8194980563916253,2130813.0,0.6020975517542752,0,2026-03-31,,0,,,,0.0,,,0.1553847161614655,0.1297,,,4.839080307195141,0,0.6315807002132995,-2.245036780842682,,0,,,0.23860394042359814,-7.3829792361139,-7.212318223375243,,,,0.17408654750705552,-2.059107510303144,-2.117173364971081,,0.5739728208939378,-2.094592980881281,-2.115544246257226,,-0.5893709995356019,-6.958746865272368,-7.8487709579411105,0,0,0,0,0,0,0,0,0,1.2568985810153606,0.06707918868227103,0,0,,,,3.1910456224012096,,3.549240317022245,0,4.839080307195141,,4.600476366771543,12.051398530570385,,-8.325937448670963,0.27326884214044145,0.27272727272727276,cash 67% of mcap
AITLF,"Airtificial Intelligence Structures, S.A.",Industrials,Construction & Engineering,Micro Cap,USD,108286544.0,118040544.0,0.0696,93994000.0,-10750000.0,-7451000.0,-12425000.0,-0.11436900227674107,-0.13218928867800073,0.6931162790697675,-0.2436424069486689,-0.9073488372093024,1.255830627486861,-10.980515720930233,,1.9074607010745113,-0.11474186488027543,,,0.1517455391318057,0.1392064069104934,-7012000.0,-0.06475412125074377,0,2025-12-31,,0,1.152058046258272,,,50507000.0,0.5373428091154755,0.46641990901473407,0.4129645939756914,,,,-0.5028571379914576,0,0.1883002693516136,-2.0292329582723623,,0,,-0.14612233032640196,-1.9309777431367454,-2.505556678116791,-5.991964644435516,-0.21926639414985039,-0.15480032257184062,,,,,-0.14612233032640196,-1.9309777431367454,-2.505556678116791,-5.991964644435516,-0.24523069452917173,-2.405690386814906,-3.3494463949573277,-10.815313338751952,0,0,0,0,0,0,0,0,0,0.025532129611719887,-0.2691745365603888,0,0,,,,,,,0,-0.5028571379914576,-0.3567348076650556,1.428120605145288,5.489107506444058,-0.41778210197418625,-2.1868311013080968,0.3107982243851092,0.09768372093023257,
AITUF,Anritsu Corporation,Information Technology,"Electronic Equipment, Instruments & Components",Mid Cap,USD,2975811840.0,-42784188160.0,23.25,117462000000.0,22425000000.0,17881000000.0,12607000000.0,0.19091280584359197,0.10732832745909315,0.7973690078037904,0.17054406200765895,-2.0405797101449274,-0.364238546593792,-1.9078790706800446,-2.8849756008091707,0.02242223558398698,4.236490973837916,,,16.57497269719849,,45760000000.0,15.377316329247483,0,2026-03-31,,0,0.025334251417479695,40.789474,0.16642312174934287,60075000000.0,0.5114419982632681,20.187768323416577,0.02685413323085965,0.01593,,,0.8864202750512685,0,0.7068073316248799,0.04388518272432767,-65.73917257976666,0,-11.62843804715666,0.03967994051991963,0.20648840587507397,-0.1513929096862987,-0.2729107791683488,0.026395506168431088,-0.04614267157612578,,,,,0.03967994051991963,0.20648840587507397,-0.1513929096862987,-0.2729107791683488,0.012149745525740354,0.0540921010824644,-0.4227982074597857,-0.6288973280070131,0,0,0,0,0,0,0,0,0,0.15876445247541607,0.011779609532242885,0,0,,,,0.0,,0.0,0,0.8864202750512685,0.8467403345313489,0.6799318691761945,1.1593310542196174,-0.814424037178128,-0.46789480518725823,0.7926144875789474,0.41904174652638393,cash 1657% of mcap
AITUY,Anritsu Corporation,Information Technology,"Electronic Equipment, Instruments & Components",Mid Cap,USD,3063204608.0,-42696795392.0,23.9328,117462000000.0,22425000000.0,17881000000.0,12607000000.0,0.19091280584359197,0.10732832745909315,0.7973690078037904,0.17054406200765895,-2.0405797101449274,-0.3634945377398648,-1.9039819572798216,-2.8790826292650036,0.023080725212293828,4.115624521807979,,,16.102091212315127,,45760000000.0,14.938603800898957,0,2026-03-31,,0,0.026078260271406924,41.98737,0.17131058710362956,60075000000.0,0.5114419982632681,19.611814321219512,0.02685413323085965,0.0,,,1.0632227496334226,0,0.7064881446784402,0.04388518272432767,-65.60489100274361,0,-11.60182430388537,0.03967994051991963,0.20648840587507397,-0.1513929096862987,-0.2729107791683488,0.026395506168431088,-0.04614267157612578,,,,,0.03967994051991963,0.20648840587507397,-0.1513929096862987,-0.2729107791683488,0.012149745525740354,0.0540921010824644,-0.4227982074597857,-0.6288973280070131,0,0,0,0,0,0,0,0,0,0.15876445247541607,0.011779609532242885,0,0,,,,0.0,,0.0,0,1.0632227496334226,1.0235428091135028,0.8567343437583486,1.3361335288017715,-0.9844787508371596,-0.5579829827091158,0.7907746398315789,0.41904174652638393,cash 1610% of mcap
AITVF,Asian Television Network International Limited,Financials,Diversified Financial Services,Micro Cap,USD,2757529.0,1340041.0,0.113,5821509.0,-772314.0,490354.0,359971.0,-0.13266560268136662,0.061834654897896746,-0.6349153323648153,0.5399393557061006,-0.44485921529326156,0.23018791175964856,-1.735098677480921,,,0.13054114752736962,,,0.022318532280168224,0.045926952981289376,-1205363.0,-0.43711707111693116,0,2025-12-31,,0,0.47367941885858117,,5.623547477944506,,,,,0.77853996,,,0.0,0,0.4229393940957439,0.4806203360092586,,0,,-0.11706248515547957,0.48251726697953157,1.1254128559663648,1.6721921163981888,0.09369062152177648,0.04140343807340925,0.02829080368710969,0.5836418360399088,2.591185356087082,11.356791437696003,0.16790813690768877,-0.23547028047154306,-0.7470764481779956,-0.8005619395326143,-0.02390789824525784,3.5434899234314825,-0.25419918482360293,0.47912376513081134,0,1,0,0,0,0,0,0,1,2.6004395979407597,-2.060500242234659,0,0,394728.0,0.0,0.0,1.072464693874717,0.0,1.893226801187528,0,0.0,0.11706248515547957,-0.48251726697953157,-1.6721921163981888,0.13258297805603317,0.6792156327407469,0.8235294117647057,0.24308954371402944,growth-flip; under-priced vs fundamentals
AIVAF,Aviva plc,Financials,Insurance,Large Cap,USD,26201569280.0,21330589696.0,8.76,57436000000.0,,-2563000000.0,-2754000000.0,0.03222,-0.04794902151960443,,,,0.3713801395640365,,,2.4519529552685757,-0.10510820823629691,,,0.707858365344444,0.8695024499710858,11241000000.0,0.42902010485991776,0,2025-12-31,,0,0.4561872219513894,24.333332,,,,,0.683698296836983,0.0062,,,0.0046851632632011735,0,0.20466100291343636,-0.15140715538052124,,0,,0.4393544506816359,,-1.3034931912374186,-1.3329303675048356,,-0.25524653555328525,,,,,0.4393544506816359,,-1.3034931912374186,-1.3329303675048356,0.4529989039147781,,-5.394635211735222,-5.0169018146171,1,0,0,0,0,0,0,0,1,,,0,0,,,,,,0.0,0,0.0046851632632011735,-0.43466928741843475,,1.3376155307680369,-0.30198905294841605,-0.200319063467062,0.20525101833514303,0.4544033116967768,growth-flip; accelerating sales; cash 71% of mcap
AIXXF,AIXTRON SE,Information Technology,Semiconductors & Semiconductor Equipment,Mid Cap,USD,5409209344.0,5134560768.0,47.96,498945000.0,94812000.0,302513000.0,274708000.0,0.1900249526500917,0.5505777189870626,3.1906615196388644,0.15283708185865966,1.0824684639075222,10.290835198268347,54.155178331856725,63.92471263165758,5.450013595791693,0.0507852409714391,,,0.15088489797595084,0.1589557582192004,466973000.0,0.08632925263245275,0,2026-06-30,,0,10.841293817955886,79.93333,17.880915345786793,199400000.0,0.3996432472517011,0.03686305841003886,0.3518291448071713,0.01598,,,2.1769778493407466,0,0.18126996930447759,0.7315540829445331,87.38207348164633,0,,-0.21197519106575125,-0.3543571968484634,10.535290753098188,4.7904351905510945,-0.04190573142768339,0.6650418583264703,0.005177537144296147,0.17335775456660563,0.38384018590693675,0.4383069625223829,0.9385125804169895,2.2455964061945854,1.2184465114545082,1.3365487674169345,-0.12619907496515345,-0.06309338495545941,5.390521846671424,3.1512196294136654,0,0,0,0,0,0,1,0,1,0.1670326491933796,-0.014195567334719938,0,0,83714000.0,0.0,0.0,,0.0,,0,2.1769778493407466,2.3889530404064976,2.53133504618921,-2.613457341210348,3.031570850716488,-0.7689435817951199,0.27696310242859773,0.22793828840231195,first-positive: FCF
AJINF,"Ajinomoto Co., Inc.",Consumer Staples,Food & Staples Retailing,Large Cap,USD,33891092480.0,472719654912.0,35.55,1583719000000.0,208433000000.0,209898000000.0,114808000000.0,0.13160983735119677,0.07249265810412074,1.00702863749982,0.1841538066115973,1.5096553808657938,0.2984870768816943,2.267969347041975,2.471077803628836,0.043967640237202246,3.3875567766884807,,,4.525171329029993,0.32442695878289546,-267992000000.0,-7.907446481937663,0,2026-03-31,,0,0.02139968800020711,40.86207,0.16146458031996494,597148000000.0,0.3770542627827285,17.619614957894683,0.5466328671192588,0.00331,,,0.32412322766455953,0,0.6212705345929215,0.051439174808851816,48.03883057633353,1,81.22660121092144,0.03473443637475532,-0.0037711139363929224,0.24884277163630306,0.19526922916753425,-0.005086892464634868,0.009736378686706418,,,,,0.03473443637475532,-0.0037711139363929224,0.24884277163630306,0.19526922916753425,-0.028719588726149256,0.09733519956922457,-0.17987195124706992,-0.9586528231264964,0,0,0,0,0,0,0,0,0,0.10560815231839402,0.07854565429320329,0,0,18756000000.0,,0.0,,0.0,0.0,0,0.32412322766455953,0.2893887912898042,0.32789434160095243,0.12885399849702528,0.27967445666899104,-0.25645289701419327,0.6392245262733376,0.2332742163990248,cheap+grow (EV/EBIT 2.5x); cash 453% of mcap
AJMPF,Ashmore Group plc,Financials,Capital Markets,Mid Cap,USD,1917942400.0,1234342400.0,2.95,144400000.0,112000000.0,48600000.0,48400000.0,0.775623268698061,0.33518005540166207,0.43392857142857144,0.5517676767676768,-6.183928571428571,8.54807756232687,11.020914285714285,28.245821510297482,2.4850251360456075,0.025235377245948574,,,0.36992768917356433,0.5747999906670953,692600000.0,0.36111616282115666,0,2025-12-31,,0,13.282149584487534,13.409091,39.4638353909465,120600000.0,0.8351800554016621,0.06287988627812806,0.02189686447266131,0.3769,,,0.28260874297533334,0,0.2956729210306042,-0.24408084967946142,,0,,-0.23597883597883598,-0.1482889733840304,-0.45454545454545453,-0.45186862967157415,0.07985607293086516,-0.13201571179410515,,,,,-0.23597883597883598,-0.1482889733840304,-0.45454545454545453,-0.45186862967157415,-0.21423970554405336,-0.28879200894344065,-0.307177033492823,-0.3000914923036587,0,0,0,0,0,0,0,0,0,0.5010452961672474,0.05072238060042944,0,0,,,,,,,0,0.28260874297533334,0.5185875789541693,0.43089771635936375,0.7344773726469075,0.6787607508472164,-0.5613208893201468,0.4754326095154702,0.29565218574383334,
AKAAF,Aker ASA,Energy,Energy Equipment & Services,Mid Cap,USD,10368859136.0,57987104768.0,140.087,12954000000.0,7069000000.0,4491000000.0,1446000000.0,0.5457001698317122,0.11162575266327003,0.63530909605319,0.04809339508914409,5.891922478426935,4.476386040450826,8.203013830527656,10.928591173765549,0.1532517349650453,0.13945603668002227,,,0.2987792542425373,0.05342567131769651,-42668000000.0,-4.115013950942732,0,2026-06-30,,0,0.8004368639802377,3.4917002,2.308808536183478,8584000000.0,0.6626524625598271,0.8278634985209621,0.6764214664715706,0.72844005,,,3.067287555027522,0,0.5384182425833871,-0.09843233408306369,,0,69.46437942828807,0.060325775558647786,0.09920696625719173,-0.5390536795648158,-0.8112271540469974,0.01930252720258885,-0.515369418000559,,,,,0.060325775558647786,0.09920696625719173,-0.5390536795648158,-0.8112271540469974,-1.0446018605543779,-1.598360147836768,-5.878025702987067,-6.464933107874457,0,0,0,0,0,0,0,0,0,0.009939697465249387,0.03815369762389471,0,0,,,,0.0,,,0,3.067287555027522,3.0069617794688743,2.9680805887703303,3.8785147090745196,2.8358848278347417,-3.1723604762871163,0.65320759056848,0.24997722023967062,
AKBIF,"Akebono Brake Industry Co., Ltd.",Consumer Discretionary,Auto Components,Micro Cap,USD,215922624.0,23097460736.0,0.7955,160109000000.0,11386000000.0,4808000000.0,257000000.0,0.07111405355101837,0.0016051564871431337,0.42227296680133497,0.08201479124311264,1.4527489899877042,0.14426085189464677,2.028584290883541,4.14899600071852,0.004264380139826994,1.1902411856573214,,,83.79390572800746,0.7833328609928111,-17244000000.0,-79.86194165554416,0,2026-03-31,,0,0.001348597667838785,,0.044909031613976705,18253000000.0,0.11400358505767945,84.5349119136307,0.697890745348975,0.64383006,,,0.0197183084402782,0,0.5976344644676064,0.17379658003775822,23.872713719781647,1,,-0.009667722301944678,-0.08487381449927664,2.3250345781466115,1.0580659737912337,-0.005844232361198964,0.02898157293526031,,,,,-0.009667722301944678,-0.08487381449927664,2.3250345781466115,1.0580659737912337,0.01816734784195103,-0.1448499603503586,3.1353205923161207,3.350706160707121,0,0,1,1,0,0,1,0,1,0.046970175517754814,0.03504461572535783,0,0,4683000000.0,,0.0,,0.0,0.0,0,0.0197183084402782,0.029386030742222877,0.10459212293955483,-1.0383476653509556,0.02967290010028561,0.30145650388972595,0.6250910194451197,0.1966824904238512,growth-flip; first-positive: FCF; under-priced vs fundamentals; cheap+grow (EV/EBIT 4.1x); cash 8379% of mcap
AKBLF,ALK-Abello A/S,Health Care,Biotechnology,Mid Cap,USD,8401378816.0,7265547264.0,37.915,6561000000.0,2108000000.0,2189000000.0,1796000000.0,0.3212924859015394,0.27373875933546715,1.03842504743833,0.3229665071770335,-0.5384250474383302,1.1073841280292638,3.4466542998102465,4.139912970940171,1.2789433423656569,0.2137744338559772,,,0.18389838547187348,0.21264743643679915,1135000000.0,0.13509687217513036,0,2026-03-31,,0,1.2805027916476146,42.601124,3.8379985454545453,4446000000.0,0.6776406035665294,0.529198849066634,0.0624143705282387,0.0,,,0.378207392605287,0,0.4384502595564913,4.469964236647965,0.9261624370499885,1,7.773061611374558,0.18493769189091566,0.5121951219512195,0.8046166529266282,20.955555555555556,0.06953160455785151,0.2899930486618172,0.03944866920152091,0.05717151454363089,0.20473307649972483,0.23266986959505834,0.02192729371032891,0.32388663967611336,0.054016620498614956,0.1,-0.007835161978321042,-0.09474804491898692,-0.3206517104184923,18.50138888888889,0,0,0,1,0,0,1,0,1,0.18271646290403618,0.14025004427299734,0,0,339000000.0,0.0,0.0,0.0,0.0,0.0,0,0.378207392605287,0.19326970071437136,-0.1339877293459325,-20.57734816295027,0.16310537004351075,5.08874020538458,0.7091053997772739,0.46161034425667485,growth-flip; first-positive: FCF; under-priced vs fundamentals; cheap+grow (EV/EBIT 4.1x)
AKBTY,Akbank T.A.S.,Financials,Banks,Mid Cap,USD,6760000000.0,-56457000000.0,2.6,262214765000.0,,-55098446000.0,-72967098000.0,0.29490998,-0.27827227044213165,,,,-0.2153082417002719,,,0.020815948218789165,-10.793949408284023,,,94.42056213017752,,63217000000.0,9.351627218934912,0,2026-06-30,,0,0.02578039417421822,5.4166665,,,,,1.7707905441399718,0.0,,,-0.1957723658777433,0,0.5421998205632318,-0.8582450535406767,,0,,0.636166351633982,,-2.544793706327331,-3.8470678638899947,,-0.43819108771546633,0.0698943207127703,,0.47565797691646183,0.39780657030302774,-0.06022188656017737,,-1.1591687580041286,-1.3420980283865418,0.3703854763566806,,-0.7340650319400922,-1.4024067977044132,0,0,0,0,0,0,0,0,0,,,0,0,48201773000.0,1.5137845240671957,,,,0.0,1,-0.1957723658777433,-0.8319387175117253,,3.651295498012251,0.5084682964424108,-1.1092750256476456,0.4987565781993363,0.4285714285714285,FCF break-even ETA 1.5q; accelerating sales; cash 9442% of mcap
AKKVF,Akastor ASA,Energy,Energy Equipment & Services,Micro Cap,USD,381581408.0,212581376.0,1.4,497000000.0,161000000.0,61000000.0,31000000.0,0.323943661971831,0.06237424547283702,0.37888198757763975,0.02105470287288469,0.6956521739130435,0.4277291267605634,1.3203812173913043,1.9867418317757009,0.0726683313654542,0.08124085542448652,,,0.8595806638461798,1.5429385498003363,169000000.0,0.4428936957012329,1,2026-03-31,,0,0.7677694325955734,28.0,6.255432918032787,443000000.0,0.8913480885311871,1.1609580307434686,0.030279946676823464,0.59386003,,,0.16666660043928622,0,0.4445583696165188,-0.7439038380791769,,0,,-0.4609544468546638,-0.9083143507972665,-0.9657110736368747,-0.9809815950920245,-1.5806116525617915,-1.7055216330521086,0.2710997442455243,2.926829268292683,0.4523809523809524,-0.06060606060606061,0.7169811320754716,60.5,0.96,0.35294117647058826,-3.0173050150548772,-12.237776129681624,-7.986526366163803,-7.254835507375861,0,0,0,0,0,0,0,0,0,0.10689121842240935,-0.08583651554952466,0,0,,,,,,,0,0.16666660043928622,0.6276210472939501,1.0749809512365527,1.1476481955313107,1.164319125965839,-0.9500833980206046,0.571962839887837,0.12427534576199548,"cash 86% of mcap; cash > EV (1.54x, net cash 44% mcap)"
AKRRF,Philly Shipyard ASA,Industrials,Aerospace & Defense,Micro Cap,USD,13318691.0,11419902.0,1.1,,-500000.0,,,0.0,,-0.0,,,,-22.839804,,,0.0,,,0.14265666197976964,0.1663762088326152,,,0,2025-06-30,,0,,,,,,,,0.73087996,,,0.04761911790117163,0,0.5603742124117603,-1.070432455275391,,0,,,-1.070432455275391,,,,,,,,,,,,,,-2.5266957112687067,,,0,0,0,0,0,0,0,1,1,0.010337017162488788,,0,0,,,,,,0.0,0,0.04761911790117163,,1.1180515731765626,,,-1.1180515731765626,0.28656460074958157,0.14867728772287317,first-positive: NI
AKRTF,Aker Solutions ASA,Energy,Energy Equipment & Services,Small Cap,USD,2162934272.0,492934432.0,4.45,62202000000.0,4916000000.0,2614000000.0,2116000000.0,0.07903282852641394,0.034018198771743675,0.53173311635476,0.29094194714253446,-0.5152563059397884,0.007924736053503103,0.10027144670463792,0.19135653416149068,0.18994768349872662,0.9783006480559387,,,2.620514212278384,11.498486679055928,2533000000.0,1.1710943012881345,1,2025-12-31,,0,0.0347727447992026,6.357143,0.827442338179036,20814000000.0,0.3346194656120382,9.623038605215646,0.2753139545095284,0.39751,,,0.48680246037137537,0,0.7613535391884614,0.14286901448707817,1.3393844343960108,1,1.7345954572445714,0.1915863680772399,0.02823677055009412,-0.15867396202124234,0.2746987951807229,-0.012555455222939521,0.0022180416866303607,,,,,0.06796678895539679,-0.07737226277372262,-0.20016891891891891,-0.21862348178137653,-0.26325045363898875,-15.401316494054717,0.3414869131396328,0.8591793959316616,0,0,0,1,0,0,0,0,1,0.2521184224291244,0.03882352471341005,0,0,456000000.0,,0.0,0.0,,,0,0.48680246037137537,0.2952160922941355,0.45856568982128126,0.2121036651906525,0.24775047802074154,-0.3034089813317027,0.6682729016026684,0.4246301955923063,"growth-flip; cheap+grow (EV/EBIT 0.2x); cash 262% of mcap; cash > EV (11.50x, net cash 117% mcap)"
AKTAF,AKITA Drilling Ltd.,Energy,"Oil, Gas & Consumable Fuels",Nano Cap,USD,168462928.0,191751920.0,2.93,193074000.0,28269000.0,43091000.0,14414000.0,0.14641536405730446,0.07465531350673835,1.524319926421168,-0.0298120618391907,0.7627082670062613,0.993152470037395,6.783116488025753,,0.7035205819834042,0.08556185132909479,,,0.07872948759385211,0.06916749516771462,-23289000.0,-0.13824406518685226,0,2026-06-30,,0,0.8725303665951915,,3.909468984242649,14727000.0,0.07627645358774356,0.08741982687134585,0.152645360127288,0.10689,,,0.30222225189208984,0,0.3253545477732413,0.9317652514297968,,0,,-0.001298331824647614,-0.41422325369361157,0.42383690192968543,5.489869428185502,-0.1032109129373936,0.06316688728147002,-0.0883705557391756,-0.35701125895598773,0.07509792669843567,0.06462811138193367,-0.16436899677425168,-0.6944444444444444,5.923387096774194,2.417447018235584,0.1818013218564606,0.10311571719807835,0.6032358121605104,5.380251420741545,1,0,1,1,0,0,0,0,1,0.021478410542096205,-0.05129047238128691,0,0,875000.0,0.0,0.0,,0.0,,0,0.30222225189208984,0.30352058371673746,0.7164455055857014,-5.187647176293412,0.30391516644933186,1.3892270289969908,0.537560389844226,0.25201808914910995,growth-flip; accelerating sales; under-priced vs fundamentals
AKZOF,Akzo Nobel N.V.,Materials,Chemicals,Large Cap,USD,11569500160.0,14876499968.0,67.5,9973000000.0,1833000000.0,780000000.0,488000000.0,0.1837962498746616,0.048932116715130855,0.425531914893617,0.17907268170426066,1.8543371522094927,1.4916775261205255,8.115930151663939,10.410426849545136,2.3839893179476612,0.04217986890109521,,,0.2994943560292928,0.23291768947355668,-3127000000.0,-0.2702796107658293,0,2026-06-30,,0,1.1600822380427154,15.734266,14.832692512820513,4038000000.0,0.4048932116715131,0.349021128325046,1.3583350504842366,0.00067000004,,,-0.006235402886236836,0,0.13428250549797613,0.16246823736310476,64.07668981032019,0,53.01836536214904,-0.06890112967976847,0.31022158684774837,0.1589895988112927,0.329700272479564,0.05318286176897585,0.014668275803918086,-0.0024007202160648195,0.04029511918274688,0.5662650602409639,1.4771573604060915,0.08507963118189438,0.30935251798561153,2.9767441860465116,1.75,-0.05565991243438889,0.0856560640337444,0.7618930110662736,1.2143213961333852,0,0,1,1,0,0,0,0,1,0.10820058997050147,0.07087209173375919,0,0,291000000.0,0.0,0.0,0.0,0.0,0.0,0,-0.006235402886236836,0.06266572679353163,-0.31645698973398523,-0.3359356753658009,0.06730297800917667,0.1965756461020848,0.5231582042410807,0.15208272047320348,growth-flip; under-priced vs fundamentals
AKZOY,Akzo Nobel N.V.,Materials,Chemicals,Large Cap,USD,12352319488.0,15742507008.0,24.02,9973000000.0,1833000000.0,780000000.0,488000000.0,0.1837962498746616,0.048932116715130855,0.425531914893617,0.17907268170426066,1.8543371522094927,1.578512685049634,8.588383528641572,11.016449970608818,2.5452955878837833,0.03950675016737391,,,0.28051411747940697,0.22010471383237512,-3127000000.0,-0.25315083560118484,0,2026-06-30,,0,1.2385761042815602,16.915493,15.836307035897436,4038000000.0,0.4048932116715131,0.3269021663439669,1.3583350504842366,0.0,27.0,0.12406328059950034,0.13357641191422898,0,0.1751645389390696,0.16246823736310476,67.80679195766646,0,56.19807668875936,-0.06890112967976847,0.31022158684774837,0.1589895988112927,0.329700272479564,0.05318286176897585,0.014668275803918086,-0.0024007202160648195,0.04029511918274688,0.5662650602409639,1.4771573604060915,0.08507963118189438,0.30935251798561153,2.9767441860465116,1.75,-0.05565991243438889,0.0856560640337444,0.7618930110662736,1.2143213961333852,0,0,1,1,0,0,0,0,1,0.10820058997050147,0.07087209173375919,0,0,291000000.0,0.0,0.0,0.0,0.0,0.0,0,0.13357641191422898,0.20247754159399745,-0.1766451749335194,-0.19612386056533504,0.2174608390668113,0.056763831301618994,0.4765380869489447,0.18703567417331993,growth-flip
ALBBY,Alibaba Health Information Technology Limited,Health Care,Pharmaceuticals,Large Cap,USD,7157571072.0,-2948097928.0,8.85,34255122000.0,2328863000.0,1236633000.0,1227646000.0,0.06798583289237738,0.035838319303022774,0.5310028971219003,0.24401156942785784,-4.339314506692751,-0.08606298141340732,-1.2658958161128413,-1.5589946870083684,0.40086301446889694,0.17151712328816118,,,1.4202337493743575,,10105669000.0,1.4118852468727536,0,2026-03-31,,0,0.20894892950607502,25.285715,5.78795088922906,8210117000.0,0.23967560238144825,1.147053507036416,0.0033466058790940826,0.0,,,-0.29199994158093573,0,0.4497749217627502,0.2011877362920536,-7.748954860475482,0,-2.079532726679431,0.1195109191062037,0.43740826647870423,-0.11354570106943707,-0.10789968970954779,0.015035753195118455,-0.00913575964229875,,,,,0.1195109191062037,0.43740826647870423,-0.11354570106943707,-0.10789968970954779,-0.012645658008415606,-0.18431437002597517,-0.40544388523141783,-0.4097561735911354,0,0,0,0,0,0,0,0,0,0.191087714848389,0.052923854579468854,0,0,,,,0.0,,0.0,0,-0.29199994158093573,-0.41151086068713943,-0.72940820805964,-0.18410025187138795,0.36758092633494094,0.23935959857080658,0.8672446727298755,0.2512106093173238,under-priced vs fundamentals; cash 142% of mcap
ALBHF,Alibaba Health Information Technology Limited,Health Care,Pharmaceuticals,Large Cap,USD,7117132288.0,-2988536712.0,0.44,34255122000.0,2328863000.0,1236633000.0,1227646000.0,0.06798583289237738,0.035838319303022774,0.5310028971219003,0.24401156942785784,-4.339314506692751,-0.08724349929333196,-1.2832599908195543,-1.5803792715590752,0.39859822202846823,0.17249166522728543,,,1.4283033655478963,,10105669000.0,1.4199074277485173,0,2026-03-31,,0,0.2077684116261504,22.0,5.755250173657019,8210117000.0,0.23967560238144825,1.1535709423081613,0.0033466058790940826,0.63522,,,-0.28330673798801714,0,0.513335470956207,0.2011877362920536,-7.85524655073867,0,-2.1219973743397507,0.1195109191062037,0.43740826647870423,-0.11354570106943707,-0.10789968970954779,0.015035753195118455,-0.00913575964229875,,,,,0.1195109191062037,0.43740826647870423,-0.11354570106943707,-0.10789968970954779,-0.012645658008415606,-0.18431437002597517,-0.40544388523141783,-0.4097561735911354,0,0,0,0,0,0,0,0,0,0.191087714848389,0.052923854579468854,0,0,,,,0.0,,0.0,0,-0.28330673798801714,-0.40281765709422085,-0.7207150044667214,-0.17540704827846937,0.35981574651886633,0.23478099083013632,0.8650713718316458,0.2512106093173238,under-priced vs fundamentals; cash 143% of mcap
ALBKY,Alpha Services and Holdings S.A.,Financials,Banks,Mid Cap,USD,11635241984.0,16997466112.0,1.26,2255000000.0,,1491000000.0,1214000000.0,0.45266,0.5383592017738359,,,,7.5376789853658535,,,1.288652340680031,0.10433818236607463,,,0.35340906580667125,0.2419184114211576,-657000000.0,-0.05646638040734023,0,2026-06-30,,0,5.159752542793791,11.454545,7.803649888665325,,,,0.528186953150958,0.0,,,0.2317130229289252,0,0.24457882159272465,0.6781159851023989,,0,,0.02686703096539162,,2.3741935483870966,1.9806138933764135,,1.1021114786408668,0.009852216748768473,,2.411899313501144,6.5875,-0.02218430034129693,,-0.6040201005025125,-0.6040201005025125,-0.04174573055028463,,0.811755324228001,0.5349824998760573,0,0,0,0,0,1,1,0,1,,,0,0,1054000000.0,0.0,0.0,,0.0,0.0,0,0.2317130229289252,0.2048459919635336,,-1.7489008704474882,0.19948638507845676,0.4481894978018326,0.6304918137721428,0.21813101936769788,first-positive: FCF/CFO; under-priced vs fundamentals
ALDVF,Kiplin Metals Inc.,Materials,Metals & Mining,Nano Cap,USD,2061212.0,1668110.0,0.14,,-276143.0,-269768.0,-798168.0,0.0,,0.9769141350677004,,,,-6.040747004269527,,1.3664518532710261,-0.38723236620008034,,,0.19285692107362076,0.23830502784588548,,,0,2026-03-31,,0,,,,,,,,0.0056,,,-0.363636357478859,0,0.18132423626824104,-0.7206897722926155,,0,,,-0.1568282455059969,0.03728208696893457,-1.848412825865853,,,,-0.4828380569845242,-0.5860029513266272,-3.6005775449153568,,-0.2589450537517646,-3.914897629310345,-18.058216594827588,,-0.6197936366156982,0.7416050920046242,0.6407212178431477,0,0,1,1,0,0,0,0,1,,,0,0,,,,,25.822532784531443,,0,-0.363636357478859,,-0.20680811197286209,1.484776468386994,,-0.638984178207066,0.455549046757299,0.0,growth-flip
ALFVF,Alfa Laval AB (publ),Industrials,Machinery,Large Cap,USD,24592914432.0,37471914432.0,59.5,70001000000.0,13999000000.0,9205000000.0,6183000000.0,0.1999828573877516,0.08832730960986272,0.6575469676405458,0.18759910682502184,0.9199942853060933,0.5353054160940558,2.6767565134652473,3.2320091799206487,0.5412292178965206,0.25141387846064944,,,0.1881842842496985,0.12350583283910932,-16363000000.0,-0.6653542444204443,0,2026-06-30,,0,0.3513223301381409,28.4689,2.6716908671374253,25538000000.0,0.3648233596662905,1.038429181324287,0.46195999031668833,0.29624,,,0.5337669653946905,0,0.4965077156373672,-0.01698009460715847,,0,28.995976034956893,0.04552447239108031,0.08460525296350817,-0.2796212239787134,-0.3451599237449693,0.0072058347001946466,-0.05269699101893659,0.024170068325798474,0.02167566778572471,0.12297181895815543,0.11345218800648298,0.13807399962309191,0.062185371631625706,0.9506871463217461,0.9788135593220338,-0.012097846112780884,0.0007051963413715195,-0.6762822443642358,-0.7141313342153008,0,0,0,0,0,0,0,0,0,0.21939593351894035,-0.031796826693918506,0,0,630000000.0,0.0,,0.0,,0.0,0,0.5337669653946905,0.48824249300361017,0.4491617124311823,0.8789268891396598,0.4669833235821019,-0.5708286045391385,0.7043105854293209,0.29146993576576774,
ALFVY,Alfa Laval AB (publ),Industrials,Machinery,Large Cap,USD,24324251648.0,37203251648.0,58.85,70001000000.0,13999000000.0,9205000000.0,6183000000.0,0.1999828573877516,0.08832730960986272,0.6575469676405458,0.18759910682502184,0.9199942853060933,0.5314674311509836,2.657564943781699,3.2088366092806626,0.535316614538172,0.25419075947228087,,,0.19026279069023386,0.12439772855846044,-16363000000.0,-0.6727031210164859,0,2026-06-30,,0,0.34748434519506866,28.29327,2.642504252906029,25538000000.0,0.3648233596662905,1.049898692447535,0.46195999031668833,0.0,45.62456,-0.2247313508920985,0.3649414232886268,0,0.41898914437819823,-0.01698009460715847,,0,28.77246696415019,0.04552447239108031,0.08460525296350817,-0.2796212239787134,-0.3451599237449693,0.0072058347001946466,-0.05269699101893659,0.024170068325798474,0.02167566778572471,0.12297181895815543,0.11345218800648298,0.13807399962309191,0.062185371631625706,0.9506871463217461,0.9788135593220338,-0.012097846112780884,0.0007051963413715195,-0.6762822443642358,-0.7141313342153008,0,0,0,0,0,0,0,0,0,0.21939593351894035,-0.031796826693918506,0,0,630000000.0,0.0,,0.0,,0.0,0,0.3649414232886268,0.31941695089754646,0.2803361703251186,0.7101013470335961,0.3055088229231502,-0.4038408227948528,0.7043105854293209,0.25837492539083085,
ALGGY,"Alliance Global Group, Inc.",Industrials,Industrial Conglomerates,Mid Cap,USD,1268568320.0,333530169344.0,7.3,170920634341.0,54926606194.0,50296607793.0,18309173473.0,0.3213573738815943,0.107120907569719,0.9157057258435572,0.07609436760999579,4.000548251659563,1.951374511509133,6.072287957606122,8.04412901831947,0.0037281639634950976,14.432942384214671,,,56.49423299566554,0.21487349819645105,-204617172600.0,-161.29771599530406,0,2026-03-31,,0,0.007421972922643776,4.345238,0.025221747065346866,85105479081.0,0.4979239599076606,67.08781682408717,0.8119640957674953,0.0,,,0.10606065094197376,0,0.5927672312246451,0.15335207103881854,52.45530082396626,0,,-0.21782620413898704,-0.09253155868371657,1.087063227081482,1.3874758808395,0.04436998179961793,0.07202645172105004,-0.051879071358729885,-0.07298905411867669,0.09230736387737902,0.635617778861876,-0.12596682263386233,0.20470431028176433,0.4342145975039236,12.80474189101051,-0.24222846155361635,-0.041816628683978466,0.6392798652908533,0.14335839817461637,0,0,0,0,0,0,0,0,0,0.09440548466841915,-0.018311117058423365,0,0,7115131864.0,0.0,0.0,,0.0,0.0,0,0.10606065094197376,0.3238868550809608,0.19859220962569032,-1.2814152298975263,0.41408553545881427,0.25297872173029173,0.7615320210695045,0.15151516273549345,under-priced vs fundamentals; cash 5649% of mcap
ALIZF,Allianz SE,Financials,Insurance,Large Cap,USD,193341177856.0,92994912256.0,509.75,159640000000.0,,33209000000.0,30944000000.0,0.098780006,0.1938361312954147,,,,0.5825288916061138,,,3.0754979377396006,0.1600486784199019,,,3.1958841197306005,6.644406505799284,584190000000.0,3.0215498140551476,0,2026-06-30,,0,1.2111073531445753,14.48565,5.821951213707128,,,,0.5361647975821204,8.0000005e-05,,,0.24645491208134204,0,0.26790472890964806,0.10443817771868072,,0,,0.14071755736100094,,0.0409365890355139,0.03187941843404028,,-0.020444989414568376,0.12585069995415918,,,,0.6396265894093031,,0.0409365890355139,0.03187941843404028,-0.18731274896174324,,-0.2632494955037715,-0.3115485898089487,0,0,0,0,0,0,0,0,0,,,0,0,956000000.0,,0.0,,0.0,0.0,0,0.24645491208134204,0.1057373547203411,,0.21457549364730177,0.0926937207532421,-0.13766885637362833,0.527572957640722,0.2590325523249603,cash 320% of mcap
ALIZY,Allianz SE,Financials,Insurance,Large Cap,USD,191767150592.0,92012232704.0,50.56,159640000000.0,,33209000000.0,30944000000.0,0.098780006,0.1938361312954147,,,,0.5763732943122024,,,3.0504597246798695,0.16136236005214388,,,3.2221159781146422,6.715367966211068,584190000000.0,3.0463507341927976,0,2026-06-30,,0,1.201247498070659,14.363637,5.774553602698064,,,,0.5361647975821204,0.0,64.1465,0.268720332278481,0.24549581423601421,0,0.28923948489064233,0.10443817771868072,,0,,0.14071755736100094,,0.0409365890355139,0.03187941843404028,,-0.020444989414568376,0.12585069995415918,,,,0.6396265894093031,,0.0409365890355139,0.03187941843404028,-0.18731274896174324,,-0.2632494955037715,-0.3115485898089487,0,0,0,0,0,0,0,0,0,,,0,0,956000000.0,,0.0,,0.0,0.0,0,0.24549581423601421,0.10477825687501327,,0.21361639580197395,0.0918529360742135,-0.13674919625040025,0.5284437600255233,0.2594052506323154,cash 322% of mcap
ALKEF,Alkane Resources Ltd,Materials,Metals & Mining,Small Cap,USD,1502825344.0,1190358272.0,1.1,172991000.0,62932000.0,,-82594000.0,0.36378771149944217,-0.4774468035909383,,0.0755674027480799,0.055599694908790444,6.881041626442994,18.91499192779508,50.347175569936134,4.857632974975273,-0.05495914766792754,,,0.030288948866702105,0.03823974770513461,-3499000.0,-0.0023282812031149777,0,2024-06-30,,0,8.687303640073761,18.333334,,70085000.0,0.40513668341127573,0.04663549246079257,0.15844253233949848,0.21917,,,1.115384738826192,0,0.25804916348611834,-4.7890158291413805,,0,,-0.09203944847711873,-0.3562075456256649,,-23.048585157501336,-0.14927342944121186,-0.49710805895107096,,,,,-0.09203944847711873,-0.3562075456256649,,-23.048585157501336,-0.24667856125816232,-0.06807861767064116,,-23.314125698041877,0,0,0,0,0,0,0,0,0,0.25215646596813746,-0.17658906322005757,0,0,,,,,,,0,1.115384738826192,1.2074241873033107,1.471592284451857,24.16396989632753,1.3298200954635668,-8.947662122694233,0.1940857313988712,0.22361000762728023,
ALLIF,Lithium Corporation,Materials,Metals & Mining,Nano Cap,USD,156293136.0,140604544.0,0.195,10645.0,,,-15580548.0,0.0,-1463.6494128698919,,,,13208.505777360264,,,,-0.09968798629774758,,,0.03446587059331895,0.03831155698638018,5210526.0,0.0333381627200826,0,2025-06-30,,0,14682.304931892908,,,,,,,0.35459,,,0.6249999767169351,0,0.4670598568421052,0.5454735925653064,,0,,,,,0.5454735925653064,,,,,,0.19619731124559858,,,,-0.11460957178841309,,,,0.5531097013688366,0,0,0,1,0,0,0,0,1,-0.5490448241644083,,0,0,3803000.0,4.096909808046279,0.8332693161131824,,,1.0896571850961192,0,0.6249999767169351,,,0.07952638415162872,,-0.07952638415162872,0.19642857142857142,0.33333333333333337,growth-flip
ALMMF,Aluminum Corporation of China Limited,Materials,Metals & Mining,Large Cap,USD,19728216064.0,93299515392.0,1.15,241125217000.0,33489653000.0,34092341000.0,25272845000.0,0.1388890528193905,0.10481211925669309,1.01799624498946,0.30136159033015314,0.22030643315414467,0.38693387839232096,2.7859206362036657,3.0205368888787594,0.2446297890719857,1.2810507000740845,,,1.868517907570297,0.3950987831514588,-21850910000.0,-1.107596851591335,0,2026-03-31,,0,0.08181730766052561,8.846154,0.5786700321928612,43470378000.0,0.1802813431993718,2.203462181221983,0.7280463257877335,0.07166,,,0.4024390075477653,0,0.5702447308829398,-0.0031845039894850507,,0,,0.01693737244538076,-0.08800850009938332,0.03910683912115824,0.1262197353605799,-0.015982421806162828,0.010170409641111308,,0.18845820879500125,,0.19120243085405256,-0.09465177345768327,1.222975090648946,0.03910683912115824,0.4996169606909192,0.027603420788337427,-0.1974292307985812,-0.17470165717139052,0.0029794186748641482,0,0,0,0,0,0,0,0,0,0.2421578503291048,0.05920374000104833,0,0,4056598000.0,0.0,0.0,,0.0,0.0,0,0.4024390075477653,0.38550163510238455,0.4904475076471486,0.2762192721871854,0.3790809990347657,-0.38281235349287107,0.5958333948072714,0.24972914916837263,cash 187% of mcap
ALNPY,ANA Holdings Inc.,Industrials,Airlines,Large Cap,USD,8632440832.0,3036920832.0,3.99,2539233000000.0,417101000000.0,443459000000.0,181159000000.0,0.16426259425582448,0.07134398458117078,1.063193327275648,0.1545653713060613,1.466939662096231,0.0011959992769470151,0.007281020261279642,0.01396689998482319,0.005785822129907594,20.98583743875234,,,145.60957027825708,413.8948854890663,85235000000.0,9.873800661805683,0,2026-03-31,,0,0.0033996253325315165,9.068182,0.019466153200183106,464475000000.0,0.18291940912866209,53.80575541024455,0.7853430196669032,0.0,,,-0.007462679485599458,0,0.5780445198185317,0.2086596578673128,0.06693627377509061,1,0.07959898609142645,0.12263247527694071,0.12552046089291255,0.1887897617911504,0.5469924169968575,0.000421483239031184,0.019570573718587128,,,,,0.12263247527694071,0.12552046089291255,0.1887897617911504,0.5469924169968575,0.02246943454788794,0.13090971941360402,0.30192697287378517,0.8969671606869432,0,1,1,1,0,0,0,0,1,0.15569730402539436,-0.0011319327193330675,0,0,64055000000.0,,0.0,0.0,0.0,0.0,0,-0.007462679485599458,-0.13009515476254016,-0.132983140378512,-0.5544550964824569,-0.1158840115777401,0.2333543508003123,0.7953596415675892,0.2710819946553923,growth-flip; under-priced vs fundamentals; cheap+grow (EV/EBIT 0.0x); cash 14561% of mcap
ALPMF,Astellas Pharma Inc.,Health Care,Pharmaceuticals,Large Cap,USD,24116035584.0,371051036672.0,13.45,2139245000000.0,585253000000.0,560188000000.0,475543000000.0,0.2735792300554635,0.22229478157013338,0.9571723681894838,0.1806519477198371,0.48585312676739806,0.17344952853553472,0.6340010844404044,0.9762985133150379,0.013185049448783081,19.718954151631095,,,12.07399943435081,0.7847357134792035,-274775000000.0,-11.393871063214965,0,2026-03-31,,0,0.011273152716963228,13.186275,0.043049896791791324,1730820000000.0,0.8090798389151312,71.7705028246155,0.3094250329680423,0.00113,,,0.2598454098823119,0,0.7488811365134257,1.0845489269956878,0.900188538307336,1,0.6694219061462895,0.1186630082888717,1.3594534884658491,1.8799662745743193,2.4665116414689976,0.14386997068871424,0.15055899216635588,,,,,0.1186630082888717,1.3594534884658491,1.8799662745743193,2.4665116414689976,-0.07380215915185183,1.086208239151118,1.7521970326552005,1.9418945128375542,0,0,0,0,0,0,0,0,0,0.0189280500835227,0.16172389763631442,0,0,338361000000.0,,0.0,0.0,0.0,0.0,0,0.2598454098823119,0.1411824015934402,-1.0996080785835372,-2.2066662315866856,0.12620637363292758,0.7597213837359638,0.7600386475294221,0.3989239991750221,under-priced vs fundamentals; cheap+grow (EV/EBIT 1.0x); cash 1207% of mcap
ALPMY,Astellas Pharma Inc.,Health Care,Pharmaceuticals,Large Cap,USD,26070419456.0,373005418496.0,14.54,2139245000000.0,585253000000.0,560188000000.0,475543000000.0,0.2735792300554635,0.22229478157013338,0.9571723681894838,0.1806519477198371,0.48585312676739806,0.17436311338626478,0.6373404638609286,0.9814408249666499,0.014253576981198921,18.240711500733287,,,11.168865176543479,0.7806240487713518,-274775000000.0,-10.53972301687542,0,2026-03-31,,0,0.012186738525040377,14.54,0.04653869675180475,1730820000000.0,0.8090798389151312,66.39018612344033,0.3094250329680423,0.0,17.4,0.19669876203576342,0.2959001440116182,0,0.741813524161579,1.0845489269956878,0.9049299672310238,1,0.6736237665528704,0.1186630082888717,1.3594534884658491,1.8799662745743193,2.4665116414689976,0.14386997068871424,0.15055899216635588,,,,,0.1186630082888717,1.3594534884658491,1.8799662745743193,2.4665116414689976,-0.07380215915185183,1.086208239151118,1.7521970326552005,1.9418945128375542,0,0,0,0,0,0,0,0,0,0.0189280500835227,0.16172389763631442,0,0,338361000000.0,,0.0,0.0,0.0,0.0,0,0.2959001440116182,0.17723713572274646,-1.0635533444542309,-2.1706114974573794,0.15843657509856518,0.7246227827725746,0.7510249639970954,0.4078474055663601,under-priced vs fundamentals; cheap+grow (EV/EBIT 1.0x); cash 1117% of mcap
ALRGF,Antler Gold Inc.,Materials,Metals & Mining,Nano Cap,USD,3179082.0,3245846.0,0.035,,-465276.0,28213.0,9177.0,0.0,,-0.06063712721051591,,,,-6.976173282094929,,4.405583125347317,0.0028866823818951507,,,0.018318495716688026,0.017941701485529503,,,0,2026-03-31,,0,,,112.68145890192464,-2473.0,,-0.00077789751884349,,0.35557,,,0.11821083714292856,0,0.42123287277408406,0.5443889294909414,,0,,,0.302753613415155,1.1318937669173987,1.0276595616425144,,,,0.11345435283402468,4.124977293369664,2.3919308357348705,,-0.06040332499257814,5.071193098127236,2.9093910073989755,,0.024990540794553096,0.37996414611132534,0.3615009547828387,0,0,0,0,0,1,1,0,1,,,0,0,15770.0,0.0,0.0,2.303015903657396,0.0,,0,0.11821083714292856,,-0.18454277627222643,-0.9094487244995858,,0.5469957503859061,0.22967485817622307,0.2545615761905159,first-positive: FCF/CFO; under-priced vs fundamentals
ALSMY,Alstom SA,Industrials,Machinery,Large Cap,USD,8280826368.0,9649336320.0,1.79,19171000000.0,1312000000.0,891000000.0,324000000.0,0.06843670126753951,0.01690052683741067,0.6791158536585366,0.058636020468081536,0.35365853658536583,0.5033298377758072,7.354677073170731,13.80448686695279,0.7765944263340523,0.03912652984152028,,,0.27738777483324717,0.23804745982778638,-1258000000.0,-0.15191720537232256,0,2026-03-31,,0,0.43194545761827763,25.571428,9.293856754208754,2352000000.0,0.12268530593083303,0.2840296240347398,0.33339585482509615,0.0,,,-0.27530366756303687,0,0.18212660662714447,-0.035830271730936725,,0,182.69267089917167,0.03688679755530316,0.04292527821939587,-0.08333333333333333,-0.33877551020408164,0.0003962447798982055,-0.009601717740446433,,,,,0.03688679755530316,0.04292527821939587,-0.08333333333333333,-0.33877551020408164,-0.01249171427851261,-0.5434555540630758,-12.9369918699187,-2.202973041068279,0,0,0,0,0,0,0,0,0,0.05610252928195553,0.0025334911861260093,0,0,,,,0.0,,0.0,0,-0.27530366756303687,-0.31219046511834003,-0.3182289457824327,0.06347184264104477,-0.3010844248903547,0.21700799828752068,0.5449028752019975,0.1354873692183453,under-priced vs fundamentals
ALSSF,"Alsea, S.A.B. de C.V.",Consumer Discretionary,"Hotels, Restaurants & Leisure",Small Cap,USD,1913662208.0,46865936384.0,2.41,83436884000.0,16737235000.0,21438041000.0,15549797000.0,0.20059755587229264,0.18636598413718325,1.280859174170644,0.14664051759785082,1.7750176179040325,0.5616932720545987,2.8001002784510107,5.77679643920279,0.21357305593845152,8.125674915350578,,,2.742485574549215,0.11198306072449944,-46364118000.0,-24.227952982598694,0,2026-03-31,,0,0.022935446726414184,21.909092,0.08926478907284485,56344516000.0,0.6752950649499327,29.44329242875449,5.76015898265032,0.39633,,,-0.16531715605108901,0,0.5981095817043589,0.27680134697165504,20.869827775059,1,30.61006313385506,0.05160714044219841,0.14409221074652317,0.5051230462767232,0.992608032480832,0.016215720099710562,0.0880105642756081,-0.022003011227341805,-0.0019525367324550616,,,-0.08724146752123658,-0.25579101664073534,-0.770459826307819,-0.8267569594714417,0.020609323922203715,0.37986119017860576,0.1411477871133382,0.5044621032584956,0,1,1,1,0,0,0,0,1,0.15517728974824035,-0.008536772150389532,0,0,7746056000.0,,0.0,0.0,0.0,0.0,0,-0.16531715605108901,-0.21692429649328743,-0.3094093667976122,-1.157925188531921,-0.206278835651564,0.47263442186859617,0.8590133505399412,0.15256030916834112,growth-flip; under-priced vs fundamentals; cheap+grow (EV/EBIT 5.8x); cash 274% of mcap
ALTPF,Altiplano Metals Inc.,Materials,Metals & Mining,Nano Cap,USD,1775618.0,2381676.0,0.01,,-791716.0,-221857.0,-4613993.0,,,0.2802229587377292,-0.7839858316972067,-0.2217196570487397,,-3.0082453809194205,,3.003550568107813,-2.598527949142214,,,0.05537733904477202,0.04128563247057954,-552789.0,-0.31132202985101526,0,2025-12-31,,0,,,,-28605.0,,-0.016109883995318812,1.1014000977717182,0.14345999,,,-0.7142857218883475,0,0.27264888444444446,0.4147005792347269,,0,,,0.5125801883888444,0.6428751945733552,0.21894136092649202,,,,,,,-0.5521390965801,0.45345449054062753,-13.542733996179654,-13.542733996179654,,0.2345631769174802,0.27991497373298047,0.22729979927586133,0,0,0,1,0,0,0,0,1,-0.38427458419690397,-0.39971124750030274,0,0,1293365.0,,3.567433013882392,0.9509142621044844,0.5555118760860747,1.160178066075233,0,-0.7142857218883475,,-1.226865910277192,-0.9332270828148395,,1.0800464965460157,0.3234424909093788,0.14644180259312456,growth-flip; under-priced vs fundamentals
ALTUF,Altus Strategies plc,Materials,Metals & Mining,Micro Cap,USD,10740352.0,8621687.0,0.145,110000.0,-3481000.0,-1953000.0,-1953000.0,-31.645454545454545,-17.754545454545454,0.5610456765297328,3.869565217391304,0.5923585176673369,78.37897272727272,-2.4767845446710717,,10.228906666666667,-0.18183761575039625,,,0.20949034072626296,0.2609698078809866,2062000.0,0.19198625892335744,0,2026-03-31,,0,97.63956363636363,,,,,,0.17904761904761904,0.11164,,,-0.03333339956071379,0,0.3022314602455359,-48.439220064223186,,0,,-0.3373493975903614,0.8017992370323976,-243.125,-243.125,74.15575027382256,-17.706352683461116,-0.19708029197080293,0.05791610284167794,-0.3841247342310418,-0.3841247342310418,-0.5652173913043478,-1.2470892626131953,0.025878003696857672,0.025878003696857672,0.12016694227891961,2.3867604275057666,-244.11977124183005,-244.12446570493555,0,1,0,0,0,0,0,0,1,0.4821814254859611,3.387383791905343,0,0,,,,0.2471950007101264,,0.24970038773352132,0,-0.03333339956071379,0.3040159980296476,-0.8351326365931114,243.09166660043928,0.45878777884474115,-80.85351665395861,0.4083333498901784,0.23358000126111134,growth-flip; accelerating sales
ALVOF,Alvopetro Energy Ltd.,Energy,"Oil, Gas & Consumable Fuels",Micro Cap,USD,269159680.0,262241296.0,7.26,66503000.0,50342000.0,46151000.0,18550000.0,0.7569884065380509,0.2789347848969219,0.9167494338723133,0.34331659915756724,-0.17106988200707163,3.9433002420943417,5.20919502602201,7.715702483229375,2.501228313090669,0.06891819755470062,,,0.13024238994488327,0.13367841196147842,8612000.0,0.031995876945610874,0,2026-06-30,,0,4.047331398583522,9.552632,5.832152716084159,41999000.0,0.6315354194547614,0.15603748674392837,0.24573695997621062,0.09166,9.0,0.2396694214876034,0.7976452941717507,0,0.4444517073069634,0.4556668477408347,16.93277121538094,0,8.16038918408315,0.4610585056132873,0.7909566331068341,0.3223403340878485,-0.22569603873606878,0.13943891953319554,-0.247396036554404,0.08429393638008902,0.10090097970608818,0.08069312726846974,0.2856053780580775,0.10280588776448941,0.06393065149668156,0.2987776429971074,0.2273706896551724,0.5106437002998696,0.8031833600834559,0.4375177354832587,-0.4629245467392161,1,1,1,0,0,0,0,0,1,0.38342387986814797,-0.04010728071058073,0,0,4121000.0,0.0,,0.0,0.0,0.0,0,0.7976452941717507,0.33658678855846336,0.006688661064916612,1.0233413329078194,0.2303718757772668,-0.39924716457711656,0.6095009510954401,0.5792767470501767,growth-flip; accelerating sales
ALXXF,Avante Logixx Inc.,Industrials,Professional Services,Nano Cap,USD,11991933.0,18195730.0,0.45,37226462.0,-517998.0,3799488.0,2680856.0,-0.013914779223445946,0.07201479420741085,-7.33494723917853,-0.012515901991042192,9.525558013737506,0.48878483268165535,-35.12702751748076,,1.1701707256621279,0.22355495148280097,,,0.5186866037360283,0.3418414650030529,4934220.0,0.41146160506400425,0,2026-03-31,,0,0.32213464175026896,,3.1561970981353276,15574874.0,0.4183817951864456,1.2987792710316177,0.12547155450516295,0.59971,,,863.9999684514493,0,0.5966876910921245,0.09404618353923935,,0,,0.10262299339382233,-2.8563309012198794,10.306956798628699,5.977646733348311,-0.022179876523548914,0.08796714523016051,0.032048068790226286,-1.3101199474350647,1.3029935677207716,11.819456399074234,0.15441782233917048,-4.750215324192103,1.2891586752094248,4.943060059459284,-0.25056429860087825,-4.190863486629126,8.866958055651988,5.633906015225453,0,0,0,0,0,0,1,0,1,-0.053351332360701116,0.04083543036965892,1,0,2471732.0,0.0,0.0,,0.0,,0,863.9999684514493,863.8973454580555,866.8562993526691,858.0223217181009,783.492953288612,-843.0672299543594,0.5362649869450564,0.3838575636676005,first-positive: FCF; ROCE improving from <=0; cash 52% of mcap
AMADF,"Amadeus IT Group, S.A.",Information Technology,IT Services,Large Cap,USD,26912747520.0,29555306496.0,64.08,6591800000.0,2545800000.0,2195400000.0,1446500000.0,0.3862071057981128,0.21943930337692286,0.8623615366485977,0.2467238288469823,0.9819310236467907,4.483647333960375,11.609437699740749,16.647125434268332,5.883339349422875,0.053747763914667006,,,0.0362653422611234,0.03302283466869448,-2621500000.0,-0.09740737165731045,0,2026-06-30,,0,4.0827615400952695,18.573914,12.258698879475267,2945900000.0,0.4469037288752693,0.10946113910557728,0.7864419377404687,0.02646,,,-0.2141957380115436,0,0.11513212870792311,0.07510231981604198,221.6592706462907,0,145.23425235258148,0.07328589804125893,0.08184599694033656,0.023019571295433364,0.06524780911701893,0.003055861028749274,-0.0016558331487947775,0.00373060466249448,-0.0037957346898845625,-0.0030878212696394515,0.019236189402480272,-0.018007845001782954,-0.0038011251330393797,-0.18963389551624846,-0.21896162528216703,-0.06763312416283464,-0.025485547025587654,-0.17002730424407936,-0.11597416684987019,0,0,0,0,0,0,0,0,0,0.22274226437300707,0.02398156447397523,0,0,27300000.0,0.0,0.0,0.0,0.0,0.0,0,-0.2141957380115436,-0.2874816360528025,-0.29604173495188013,-0.2794435471285625,-0.26785187113466685,0.282704697316978,0.49433841846386156,0.12279565823180089,under-priced vs fundamentals
AMADY,"Amadeus IT Group, S.A.",Information Technology,IT Services,Large Cap,USD,27706521600.0,30349920256.0,65.97,6591800000.0,2545800000.0,2195400000.0,1446500000.0,0.3862071057981128,0.21943930337692286,0.8623615366485977,0.2467238288469823,0.9819310236467907,4.604193127218665,11.921565031031502,17.09469429762307,6.05686463798531,0.05220792493850979,,,0.035226363456609434,0.03215823935507872,-2621500000.0,-0.09461671291137463,0,2026-06-30,,0,4.203179950848023,18.848572,12.620261273572014,2945900000.0,0.4469037288752693,0.1063251476504362,0.7864419377404687,0.0,78.107,0.18397756556010303,-0.18528634384477474,0,0.12876780054285944,0.07510231981604198,227.61872522041077,0,149.23790454796566,0.07328589804125893,0.08184599694033656,0.023019571295433364,0.06524780911701893,0.003055861028749274,-0.0016558331487947775,0.00373060466249448,-0.0037957346898845625,-0.0030878212696394515,0.019236189402480272,-0.018007845001782954,-0.0038011251330393797,-0.18963389551624846,-0.21896162528216703,-0.06763312416283464,-0.025485547025587654,-0.17002730424407936,-0.11597416684987019,0,0,0,0,0,0,0,0,0,0.22274226437300707,0.02398156447397523,0,0,27300000.0,0.0,0.0,0.0,0.0,0.0,0,-0.18528634384477474,-0.25857224188603367,-0.2671323407851113,-0.25053415296179365,-0.2409164625734174,0.254288799551589,0.4832614724817763,0.12279565823180089,under-priced vs fundamentals
AMBBY,Ambu A/S,Health Care,Health Care Equipment & Supplies,Large Cap,USD,2844224256.0,2716652288.0,10.86,6192000000.0,1127000000.0,759000000.0,325000000.0,0.18200904392764858,0.052487080103359174,0.673469387755102,0.12263043113571548,-0.12422360248447205,0.438735834625323,2.4105166708074535,3.7163505991792065,0.46618984691034254,0.11426665788198664,,,0.2429484941429316,0.2543571744725249,140000000.0,0.04922256031839425,0,2026-03-31,,0,0.45933854263565893,38.785713,3.7473310355731226,3724000000.0,0.601421188630491,1.309320104469287,0.09031306343222423,,,,-0.20903131691522397,0,0.49249212163210926,0.5855146428400252,6.347152278127724,1,3.7429917861229716,0.2967539267015707,0.8206785137318255,0.46525096525096526,0.6927083333333334,0.05237553607424544,0.012277656019589543,0.010279001468428781,-0.05134680134680135,0.1712962962962963,0.1206896551724138,0.009627727856225931,0.033962264150943396,1.4056603773584906,7.0,0.054522787357269745,0.3945355083599302,-3.883133509449299,0.30995269286754,0,0,0,0,0,0,0,0,0,0.05189003436426117,0.0707403967714543,0,0,35000000.0,0.0,0.0,0.0,0.0,0.0,0,-0.20903131691522397,-0.5057852436167947,-1.0297098306470496,-0.9017396502485573,-0.3900394926146955,0.7068185542817742,0.8973101676489988,0.42189148075679095,accelerating sales; under-priced vs fundamentals; cheap+grow (EV/EBIT 3.7x)
AMBFF,Ambu A/S,Health Care,Health Care Equipment & Supplies,Large Cap,USD,2841605632.0,2714021632.0,10.85,6192000000.0,1127000000.0,759000000.0,325000000.0,0.18200904392764858,0.052487080103359174,0.673469387755102,0.12263043113571548,-0.12422360248447205,0.43831098708010335,2.408182459627329,3.7127518905608756,0.46576063465005735,0.11437195800152468,,,0.24317237839708786,0.2546037186486213,140000000.0,0.04926792036988756,0,2026-03-31,,0,0.45891563824289405,38.75,3.7438809380764164,3724000000.0,0.601421188630491,1.310526681839009,0.09031306343222423,0.0,,,-0.26246741908877885,0,0.46196295039712326,0.5855146428400252,6.341006046496564,1,3.739387164731227,0.2967539267015707,0.8206785137318255,0.46525096525096526,0.6927083333333334,0.05237553607424544,0.012277656019589543,0.010279001468428781,-0.05134680134680135,0.1712962962962963,0.1206896551724138,0.009627727856225931,0.033962264150943396,1.4056603773584906,7.0,0.054522787357269745,0.3945355083599302,-3.883133509449299,0.30995269286754,0,0,0,0,0,0,0,0,0,0.05189003436426117,0.0707403967714543,0,0,35000000.0,0.0,0.0,0.0,0.0,0.0,0,-0.26246741908877885,-0.5592213457903495,-1.0831459328206043,-0.9551757524221123,-0.43124708109640153,0.757197528032367,0.9109878257228117,0.4219119009795341,accelerating sales; under-priced vs fundamentals; cheap+grow (EV/EBIT 3.7x)
AMDLY,"Amada Co., Ltd.",Industrials,Machinery,Mid Cap,USD,5753703424.0,-77754296576.0,74.66,437372000000.0,71893000000.0,58065000000.0,48466000000.0,0.16437494855637763,0.11081184895237921,0.8076586037583631,0.0991196104071387,-1.1615595398717538,-0.17777611867243445,-1.0815280566397285,-1.7356644621634894,0.010745206378731088,8.423444245985523,,,28.556911590999654,,83508000000.0,14.513782488626234,0,2026-03-31,,0,0.01315517093915477,33.182224,0.09909073321277878,177540000000.0,0.4059244761896052,30.856647782616054,0.15089632040816708,,,,0.623043557871943,0,0.7242700557101482,0.12872810408884386,-13.483182048308514,0,-13.343461604990463,0.10260922177124562,0.02666152571901865,0.25703585036369936,0.3850990254636907,-0.012159702412941953,0.022599985186528504,,,,,0.10260922177124562,0.02666152571901865,0.25703585036369936,0.3850990254636907,0.11953611148623942,0.16151283716809883,0.2865137366962973,0.27603404923548147,1,1,1,0,0,0,0,0,1,0.12342499585028847,-0.02430538544314978,0,0,13475000000.0,,0.0,0.0,0.0,,0,0.623043557871943,0.5204343361006973,0.5963820321529243,0.2379445324082523,-0.4720025243981408,-0.2206895940659333,0.5925990331643991,0.4041561059181077,growth-flip; accelerating sales; cash 2856% of mcap
AMGDF,Aston Martin Lagonda Global Holdings plc,Consumer Discretionary,Automobiles,Mid Cap,USD,499340704.0,2058550912.0,0.492,1367200000.0,183200000.0,-83300000.0,-374100000.0,0.1339964891749561,-0.2736249268578116,-0.4546943231441048,-0.09724031742271705,7.736899563318778,1.5056691866588647,11.236631615720524,,2.7511884517906338,-0.7491878731360142,,,0.23010341251892014,0.055815962252965645,-1507100000.0,-3.0181797476698393,0,2026-06-30,,0,0.36522871854885897,,,434300000.0,0.31765652428320656,0.869746841226867,8.9366391184573,0.55672,,,-0.5030302940905186,0,0.20115280400413016,-0.20693317317035084,,0,,-0.136814192815203,-0.2045158488927486,-1.6723163841807909,-0.3520057824358511,-0.011404104296853984,-0.0989295546752243,0.10000804569957358,-0.21102497846683893,,,0.32470414201183434,-1.788218793828892,1.9567669172932332,-0.3026315789473684,-0.17599879053059603,-0.10730204171393115,-0.25114883490134704,0.1356162267450591,0,0,0,1,0,0,0,0,1,-0.044355054974524,-0.05288526244819305,0,0,,,,,,,0,-0.5030302940905186,-0.36621610127531556,-0.29851444519777,-0.15102451165466746,-0.42426103189728825,0.27191835270925097,0.33580005050382966,0.0,growth-flip; under-priced vs fundamentals
AMGRF,AMA Group Limited,Consumer Discretionary,Auto Components,Small Cap,USD,149770304.0,510654208.0,0.3112,1009926000.0,89673000.0,,45170000.0,0.0887916540419793,0.044726049235290506,,0.0634614255519023,0.18627680572747649,0.5056352722872764,5.69462611934473,14.763912570833815,0.6755661085450346,0.3015951680247641,,,0.3829130239329687,0.11230495921028423,-323328000.0,-2.1588258243770406,0,2025-06-30,,0,0.14829829512261294,,,573809000.0,0.568169351021758,3.8312601675696674,1.717112622690531,0.14708,,,-0.22200002935528712,0,0.538174887403567,0.2663707867124778,55.42617023829294,0,52.47558173619503,0.13411244706619546,0.1601097067156552,,0.7434096259986878,0.0019897598231199964,0.01563112605177205,,,,,0.13411244706619546,0.1601097067156552,,0.7434096259986878,0.10407773468390352,-1.9266059788696897,,-1.8610700623708172,0,0,0,0,0,0,0,0,0,0.050789365780350905,0.012672059771551399,0,0,19261000.0,,0.0,0.0,,46.391304347826086,0,-0.22200002935528712,-0.3561124764214826,-0.38210973607094234,-0.9654096553539748,-0.314001029917889,0.5044082244410721,0.8532880781070837,0.2689516882725118,accelerating sales; under-priced vs fundamentals
AMIGF,Admiral Group plc,Financials,Insurance,Large Cap,USD,14945100800.0,15445693440.0,50.0,5058800000.0,,436500000.0,362200000.0,0.1336,0.0715980074325927,,,,3.0532326717798686,,,9.97470519922579,0.024235366816662756,,,0.27431732009462256,0.26542673632139624,2018800000.0,0.13508105612777133,0,2026-06-30,,0,2.9542778524551276,17.006802,34.23848980526919,,,,1.3888406861109257,0.18010001,,,0.1304830220549068,0,0.17424934324439278,0.25865271168874704,,0,,0.08237408532671488,,0.18292682926829268,0.6112099644128114,,0.023500099948318663,,,,,0.08237408532671488,,0.18292682926829268,0.6112099644128114,-0.23304062295619304,,-0.13965381589299763,0.5043660451612112,0,0,0,0,0,0,0,0,0,,,0,0,137400000.0,,0.0,,0.0,0.0,0,0.1304830220549068,0.04810893672819193,,-0.4807269423579046,0.044447605851234,0.1293901332594929,0.2831384253269767,0.13407629688905595,under-priced vs fundamentals
AMIGY,Admiral Group plc,Financials,Insurance,Large Cap,USD,,16158087168.0,52.36,5058800000.0,,436500000.0,362200000.0,0.1336,0.0715980074325927,,,,3.1940553427690364,,,,,,,,0.25372433985374077,2018800000.0,,0,2026-06-30,,0,,17.62963,,,,,1.3888406861109257,0.0,,,0.18998371319972943,0,0.29943245663071205,0.25865271168874704,,0,,0.08237408532671488,,0.18292682926829268,0.6112099644128114,,0.023500099948318663,,,,,0.08237408532671488,,0.18292682926829268,0.6112099644128114,-0.23304062295619304,,-0.13965381589299763,0.5043660451612112,0,0,0,0,0,0,0,0,0,,,0,0,137400000.0,,0.0,,0.0,0.0,0,0.18998371319972943,0.10760962787301455,,-0.421226251213082,0.09941999659067285,0.07139887558313153,0.41301017925016903,0.152670262871813,
AMIH,American International Holdings Corp.,Consumer Discretionary,"Hotels, Restaurants & Leisure",Nano Cap,USD,546000.0,6051227.0,0.0028,61899.0,50510.0,-1737750.0,-1807207.0,0.8160067206255351,-29.19606132570801,-34.40407840031677,1.3889720761519975,47.50760245495941,97.759689171069,119.80255394971293,,,-3.3099029304029304,,,0.36072344322344324,0.032547944408629854,-2425631.0,-4.442547619047619,0,2022-12-31,,0,8.820821014879078,0.00018518518,,55579.0,0.8978981889852825,0.10179304029304029,,0.0,,,26.99999970896169,0,0.5744444746945028,1.2666886304943354,,0,,2.0690168079726314,1.0062492190022778,0.21431455359367166,0.1829110985218579,401.56021813418096,80.4654489127768,,,,,2.0690168079726314,1.0062492190022778,0.21431455359367166,0.1829110985218579,,,,,0,0,0,0,1,0,0,0,1,1.5600314181872679,-0.1710593420352704,0,0,404556.0,,4.467136811714571,0.0,3.6660386951412725,0.34766011927458756,0,26.99999970896169,24.930982900989058,25.99375048995941,26.817088610439832,8.12344293332765,-21.466316233678988,0.2941176470588235,0.4777777777777778,first-positive: EBITDA
AMIVF,Atrium Mortgage Investment Corporation,Financials,Thrifts & Mortgage Finance,Small Cap,USD,398469984.0,525415984.0,8.242,53323000.0,,112593000.0,112593000.0,0.80667996,2.1115278585225887,,,,9.853458807643982,,,0.7506744031830239,0.2825633159861798,,,,,,,0,2026-06-30,,0,7.472760047259157,11.608451,3.5390298153526416,,,,0.23915255003617072,0.05164,,,0.09710173940827799,0,0.2783053629201817,0.11763694594165554,,0,,-0.14987883425801926,,0.6526685063410052,0.6526685063410052,,1.025372638829967,-0.02344193542479351,,3.180019305019305,3.180019305019305,-0.04284847565599879,,0.4285756579921248,0.4285756579921248,-0.0871325295278046,,-1.698856619803657,-1.698856619803657,0,0,0,0,0,0,0,0,0,,,0,0,85657000.0,0.0,0.0,,0.0,,0,0.09710173940827799,0.24698057366629725,,-0.5555667669327271,0.2905239671932344,0.15429309663321494,0.8763839222421475,0.06159429356508687,under-priced vs fundamentals
AMKAF,A.P. Moller - Maersk A/S,Industrials,Marine,Large Cap,USD,40794857472.0,50775857472.0,2826.0,53637000000.0,11180000000.0,8034000000.0,3627000000.0,0.20843820497044951,0.06762123161250629,0.7186046511627907,0.04545596404718807,0.8927549194991056,0.9466572976117232,4.541668825760286,17.43077839752832,0.7540220962238693,0.08890826503044977,,,0.18453306290301236,0.1482594361730132,-9981000000.0,-0.24466319086543126,0,2026-03-31,,0,0.7605730647127915,26.166666,5.0777766333084395,3809000000.0,0.07101441169342058,0.09336961166280208,0.3236234589579136,0.73887,,,0.2576769025367156,0,0.29529048771816707,-0.19071440171428486,,0,,-0.03325402833351357,-0.1951623353250306,-0.29575736325385693,-0.4967392812543361,-0.041931284233256205,-0.06227675331954376,-0.006501444765503445,,-0.17692859338182562,-0.26904474002418377,-0.027079738954317006,-0.1951623353250306,-0.5873709293089754,-0.9793621013133208,-0.1134252533081696,-0.4167787279026403,-0.3274066956838809,-0.5132702561446765,0,0,0,0,0,0,0,0,0,0.09140238201076044,-0.04594641796357237,0,0,,,,,,,0,0.2576769025367156,0.29093093087022914,0.4528392378617462,0.7544161837910517,0.3009383430568833,-0.499395450841009,0.4805794189655395,0.14838009202163366,
AMKBF,A.P. Moller - Maersk A/S,Industrials,Marine,Large Cap,USD,41141313536.0,51122313536.0,2850.0,53637000000.0,11180000000.0,8034000000.0,3627000000.0,0.20843820497044951,0.06762123161250629,0.7186046511627907,0.04545596404718807,0.8927549194991056,0.9531165713220352,4.572657740250447,17.54971285135599,0.7604257349130362,0.08815955758987266,,,0.18297908727228052,0.14725468155307234,-9981000000.0,-0.24260285202771412,0,2026-03-31,,0,0.7670323384231035,26.376677,5.120900365446851,3809000000.0,0.07101441169342058,0.09258333467323546,0.3236234589579136,0.3114,,,0.2897363783085291,0,0.3029290577044572,-0.19071440171428486,,0,,-0.03325402833351357,-0.1951623353250306,-0.29575736325385693,-0.4967392812543361,-0.041931284233256205,-0.06227675331954376,-0.006501444765503445,,-0.17692859338182562,-0.26904474002418377,-0.027079738954317006,-0.1951623353250306,-0.5873709293089754,-0.9793621013133208,-0.1134252533081696,-0.4167787279026403,-0.3274066956838809,-0.5132702561446765,0,0,0,0,0,0,0,0,0,0.09140238201076044,-0.04594641796357237,0,0,,,,,,,0,0.2897363783085291,0.3229904066420427,0.48489871363355974,0.7864756595628652,0.33410059737333947,-0.5314549266128226,0.47069278142114346,0.15639496096458708,
AMKBY,A.P. Moller - Maersk A/S,Industrials,Marine,Large Cap,USD,42353897472.0,52334897472.0,14.67,53637000000.0,11180000000.0,8034000000.0,3627000000.0,0.20843820497044951,0.06762123161250629,0.7186046511627907,0.04545596404718807,0.8927549194991056,0.9757238002125399,4.681117841860465,17.965979221421215,0.7828382432027798,0.08563556641741875,,,0.1777404312077001,0.14384283458332175,-9981000000.0,-0.2356571790494228,0,2026-03-31,,0,0.7896395673136082,24.864408,5.271831898431666,3809000000.0,0.07101441169342058,0.08993269161399173,0.3236234589579136,0.0,13.2,-0.10020449897750516,0.38948093897799246,0,0.23099644378194417,-0.19071440171428486,,0,,-0.03325402833351357,-0.1951623353250306,-0.29575736325385693,-0.4967392812543361,-0.041931284233256205,-0.06227675331954376,-0.006501444765503445,,-0.17692859338182562,-0.26904474002418377,-0.027079738954317006,-0.1951623353250306,-0.5873709293089754,-0.9793621013133208,-0.1134252533081696,-0.4167787279026403,-0.3274066956838809,-0.5132702561446765,0,0,0,0,0,0,0,0,0,0.09140238201076044,-0.04594641796357237,0,0,,,,,,,0,0.38948093897799246,0.42273496731150606,0.5846432743030231,0.8862202202323286,0.4372761611644384,-0.6311994872822859,0.4618168980671409,0.1813311011319529,
AMLTF,AMP Limited,Financials,Capital Markets,Mid Cap,USD,3162629632.0,30173865984.0,1.3,869000000.0,1751000000.0,,-1449000000.0,2.0149597238204833,-1.667433831990794,,-0.00956772334293948,15.954311821816106,34.722515516685846,17.232362069674473,,0.844719452991453,-0.4581630379159111,,,2.3259125651548946,0.24378712372821548,-22281000000.0,-7.045086713460604,0,2025-12-31,,0,3.63938968009206,25.999998,,869000000.0,1.0,0.27477134572044637,7.915865384615385,0.05998,,,-0.03703708936484497,0,0.17527004701719376,-1.9433555874089081,,0,,0.015186915887850467,-0.08659363588941053,,-9.57396449704142,-0.22452625748792787,-1.8648637385328501,,,,,0.015186915887850467,-0.08659363588941053,,-9.57396449704142,0.39128021034849186,-0.6988728621299488,,-11.807541139377186,1,0,0,0,0,0,0,0,1,-0.005598126017389923,-0.003969597325549558,0,0,,,,,,,0,-0.03703708936484497,-0.05222400525269544,0.049556546524565565,9.536927407676576,-0.051442748557315586,-2.3707043000977825,0.3092592723412112,0.1401858211167327,growth-flip; accelerating sales; cash 233% of mcap
AMMPF,AmmPower Corp.,Materials,Metals & Mining,Nano Cap,USD,17211.0,1060458.0,0.0001,,-2871985.0,-163441.0,-172707.0,0.0,,0.05690872340907073,0.8025285224850552,-0.0013851047272182828,,-0.3692421791896545,,,-10.034687118703156,,,41.946603916100166,0.6807841517532991,-1056386.0,-61.37853698216257,0,2025-02-28,,0,,,,-367923.0,,-21.377200627505665,,0.0,,,-0.9950000000145519,0,0.3157894736842105,0.9257219916916174,,0,,,0.9303038061309674,0.9187810675175454,0.9165583628129176,,,,,,,,-0.011512120102795984,3.7790092932048767,3.7790092932048767,,1.980018204460364,0.12604333348567187,0.11693450723673193,0,1,0,0,0,0,0,0,1,-26.255470643867334,27.05799916635239,1,1,1897087.0,,0.09103799667595634,0.07491767034565999,0.08839856996825156,0.1639425211695844,1,-0.9950000000145519,,-1.9253038061455192,-1.9115583628274695,,1.9184310844864942,0.49107142857142855,0.46369932294214633,growth-flip; first-positive: ROCE; ROCE improving from <=0; FCF break-even ETA 0.1y; under-priced vs fundamentals; cash 4195% of mcap
AMOSF,Atomos Limited,Information Technology,"Electronic Equipment, Instruments & Components",Micro Cap,USD,148841.0,25276124.0,0.0001,35738000.0,-19134000.0,,-9160000.0,-0.5353964967261738,-0.2563098102859701,,-4.737478828937817,-0.09318490644925263,0.7072618501315127,-1.3210057489286087,,0.06333659574468085,-61.54218259753697,,,22.728952371994275,0.13384172351741905,-1783000.0,-11.979226154083888,0,2024-06-30,,0,0.004164782584363982,,,11221000.0,0.3139795176003134,75.38917368198278,2.1982978723404254,0.55275,,,0.0,0,0.6920342446865871,0.07620285853644414,,0,,-0.16427752964010944,0.6604135238264265,,-0.6112576956904133,0.7822145221452804,-0.12336778096155415,,,,,-0.16427752964010944,0.6604135238264265,,-0.6112576956904133,0.24984769299312798,46.692967780921585,,-1.4356809329738378,0,1,0,0,0,0,0,0,1,-1.7768271816181862,-2.960651647319631,0,0,,,,0.5142027894977291,,0.5778443887438952,0,0.0,0.16427752964010944,-0.6604135238264265,0.6112576956904133,0.19656947786669646,-0.03837390050136543,0.47500000000000003,0.3022788536589407,growth-flip; accelerating sales; cash 2273% of mcap
AMSLF,Australian Mines Ltd.,Materials,Metals & Mining,Micro Cap,USD,71234016.0,35191708.0,0.033,,-3487000.0,,-3898000.0,0.0,,,,,,-10.092259248637797,,1.5247006849315068,-0.054721047876901956,,,0.0630597606626587,0.12764370515918125,,,0,2024-06-30,,0,,,,,,,,0.30694,,,4.454545454545454,0,0.556595772631579,0.04662829522643801,,0,,,-0.10138976626658244,,0.3426644182124789,,,,,,,,-0.10138976626658244,,0.3426644182124789,,-0.5360326234094396,,-0.04340039180926247,0,0,0,0,0,0,0,0,0,,,0,0,2032000.0,,1.9183070866141732,,,12.415032679738562,0,4.454545454545454,,4.555935220812037,4.111881036332975,,-4.3339081285725065,0.26232347792281446,0.33333333333333337,
AMSSY,ams AG,Information Technology,Semiconductors & Semiconductor Equipment,Mid Cap,USD,2385964544.0,3798967296.0,11.985,3328000000.0,609000000.0,125000000.0,-100000000.0,0.18299278846153846,-0.030048076923076924,0.20525451559934318,0.005109862033725089,2.1133004926108376,1.1415166153846155,6.238041536945813,379.8967296,3.360513442253521,-0.0419117711750875,,,0.4333677139504048,0.27217923173192804,-1247000000.0,-0.5226397865533412,0,2026-06-30,,0,0.7169364615384616,,19.087716352,835000000.0,0.2509014423076923,0.3499632893119807,3.212676056338028,,,,0.8874015490825015,0,0.22825383556794202,0.017096653150920904,22220.532068262557,0,1326.102415180519,-0.029171528588098017,0.3181818181818182,-0.7126436781609196,-0.4925373134328358,0.04822032638452564,-0.010503152769051251,0.009096422073984234,-0.08283132530120482,-0.44933920704845814,-4.846153846153846,0.011306532663316583,0.6504854368932039,,-1.6111111111111112,0.014495243171912125,0.3286320897785866,-0.33752535496957403,0.6876677762267799,0,1,0,0,0,0,0,0,1,0.009289031797070382,-0.004179169763345292,0,0,,,,0.0,,0.7012987012987013,0,0.8874015490825015,0.9165730776705995,0.5692197309006832,1.3799388625153373,0.944114336014067,-0.9552438903622068,0.2711348754252767,0.3014765788548297,growth-flip
AMSYF,ArcelorMittal,Materials,Metals & Mining,Large Cap,USD,50106068992.0,61682069504.0,66.45,62846000000.0,6288000000.0,4698000000.0,-159000000.0,0.10005410049963402,-0.0025299939534735704,0.7471374045801527,0.007951174817138508,1.3482824427480915,0.9814796407726825,9.809489424936388,120.472792,0.9140107441079898,-0.003173268292617131,,,0.09675474643149591,0.0785965846960698,-9573000000.0,-0.19105470041021252,0,2026-06-30,,0,0.7972833432835821,27.920166,10.665404212856535,4376000000.0,0.06963052541132292,0.0873347298647331,0.26306092666909886,0.43960997,,,1.0274958718481049,0,0.2943808647055048,-0.2532914136666299,,0,2720.224687545985,0.006486122900017616,0.03813769192669639,-0.031739488870568835,-1.3557046979865772,0.003050529128259441,-0.009688751820900421,0.013465352921255907,-0.10529311326124074,-0.08829807878905492,-1.310546875,0.08436307174742835,0.34083802376485306,107.77777777777777,0.88984375,0.06800808984552895,-0.12642083007131175,0.3562683960603383,0.9062638345345398,0,0,0,1,0,0,0,0,1,0.057147059905122644,-0.049195885087984136,0,0,,,,0.0,,0.0,0,1.0274958718481049,1.0210097489480872,0.9893581799214085,2.383200569834682,1.0144300310929497,-1.3519996324492818,0.3089845518659411,0.27791232322383286,growth-flip; accelerating sales
AMVMF,AMG Advanced Metallurgical Group N.V.,Materials,Metals & Mining,Small Cap,USD,1339460736.0,1854062336.0,37.64,1719774000.0,172063000.0,51773000.0,-30159000.0,0.10004977398193018,-0.017536606554116995,0.3008956021922203,0.08318811993761385,3.4778249827098215,1.0780848739427389,10.775485351295746,18.362870770937327,2.401259081847778,-0.022515777573341278,,,0.14290004541051363,0.10323762922283967,-655915000.0,-0.4896858731064738,0,2026-03-31,,0,0.7788585802553126,,25.87180066830201,305124000.0,0.1774209867110446,0.22779615094294187,1.5190026818879343,0.08575,,,0.3253521089869769,0,0.28177902588189435,0.4450578294134816,41.25951630855881,0,25.089223431134872,0.1944069406940694,0.6332045599081184,0.38006130880980943,0.5700661458630324,0.026880651514127843,0.031182154210848387,0.05183924805628813,0.0043076025098497004,-0.6467429499382501,-1.5064908892434294,-0.0009315720053654964,0.6818284242716884,-1.3875863266090536,-2.0093861460484326,0.3008594499664973,1.1971440200043855,1.8609596251185625,2.9293772997245715,1,1,1,1,0,0,0,0,1,0.04308733986068489,0.040100780076928966,0,0,39989000.0,,0.754182400160044,0.0,0.0,1.3991799151140205,1,0.3253521089869769,0.1309451682929075,-0.3078524509211415,-0.24471403687605547,0.10963195526711779,0.07799734105929293,0.3546770275758828,0.4482348668613243,growth-flip; FCF break-even ETA 0.8y; accelerating sales
AMXEF,Amex Exploration Inc.,Materials,Metals & Mining,Micro Cap,USD,498164128.0,472571552.0,3.202,,-10534925.0,-4985489.0,-19233864.0,0.0,,0.4732344084082231,,,,-44.857609522611696,,3.4208857103475965,-0.03860949217122273,,,0.05137382152092653,0.05415602122406217,,,0,2026-03-31,,0,,,,,,,,0.32691002,,,1.1461125586588412,0,0.42105263157894735,-1.3688227418458554,,0,,,-2.1257213539765925,-2.541537053914879,0.14497448241561842,,,,-0.022301865619573685,-0.3765596948616976,-0.25897380276531096,,0.842489731617662,-0.04253455840220307,-0.38606951437975123,,-1.979987591827152,-1.9853973448062436,0.15444739054151457,0,0,0,0,0,0,0,0,0,,,0,0,3261212.0,,5.897765615973448,,,,0,1.1461125586588412,,3.271833912635434,1.0011380762432227,,-2.136485994439328,0.1766172350007279,0.33333333333333337,
AMYZF,RecycLiCo Battery Materials Inc.,Materials,Metals & Mining,Micro Cap,USD,12431718.0,3842446.0,0.048,,-490715.0,-2050981.0,-8430895.0,0.0,,4.179576740062969,-0.3459087938235529,16.711902020521077,,-7.830300683696239,,0.8485932500357002,-0.6781761780632412,,,1.0094252459716349,3.265859819500391,8200781.0,0.6596659448034455,1,2026-04-30,,0,,,,,,,0.296803382108529,0.00606,,,-0.15789472996252946,0,0.46731571304039754,-0.6214939692930868,,0,,,0.9102482336891164,-0.1397131186029466,-3.6849783752574936,,,,0.006579413521200895,-0.4721082781197895,-0.08461881754106866,,-1.5561868965775048,-1.9619886069394097,0.9003701768818108,,0.47551844775511587,-0.45315824344055533,-0.45315824344055533,0,0,0,0,0,0,0,0,0,,,0,0,,,,0.09860141771122302,,0.1329112718215024,0,-0.15789472996252946,,-1.068142963651646,3.5270836452949643,,-1.2294703408216592,0.4508513911654498,0.0,"cash 101% of mcap; cash > EV (3.27x, net cash 66% mcap)"
ANFGF,Antofagasta plc,Materials,Metals & Mining,Large Cap,USD,51708186624.0,55902986624.0,52.45,8620300000.0,5225700000.0,3071600000.0,-612900000.0,0.6062086006287484,-0.07109961370253935,0.5877872820866104,0.2714782664198634,0.8027249937807375,6.485039572172663,10.697703010888494,16.429491160876978,4.986276566667631,-0.01185305538669822,,,0.094952082456536,0.08782715014893584,-2163500000.0,-0.0418405699610403,0,2025-12-31,,0,5.998420777003121,40.346157,16.83428396405782,4303700000.0,0.4992517661798313,0.08323053429227137,0.682085997242071,0.65474,,,0.8397053785290883,0,0.37993013989790597,-0.5001648778375689,,0,34.56065778970422,0.303459642543926,0.31619776843059716,0.344068612436004,-3.7401392111368907,0.005866870202643759,-0.05154839950106961,,,,,0.303459642543926,0.31619776843059716,0.344068612436004,-3.7401392111368907,0.25778014218816664,0.11241995022672838,0.3645143904042852,-2.105693676298814,0,0,1,0,0,0,0,0,1,0.15842933234237583,0.11304893407748756,0,0,,,,0.0,0.0,0.0,0,0.8397053785290883,0.5362457359851623,0.5235076100984912,4.579844589665979,0.41140187120683436,-1.5127499517391167,0.2346568034414348,0.46921298151474133,accelerating sales
ANGCF,Eon Lithium Corp.,Materials,Metals & Mining,Nano Cap,USD,41706.0,19492.0,0.0024,,-136140.0,-51033.0,-51033.0,0.0,,0.3748567650947554,,,,-0.1431761422065521,,,-1.2236368867788807,,,0.5326331942646142,1.1396470346808947,,,0,2026-03-31,,0,,,,,,,,0.15172,,,-0.3142857028817647,0,0.38695675815687686,0.26881536095979885,,0,,,0.07756728189283682,0.6513115190937229,0.6513115190937229,,,,-0.0008748649105652803,0.33514421949503637,0.33514421949503637,,0.06660606272507955,-1.0181347150259068,-1.0181347150259068,,0.0033248536727318173,0.6540732710954448,0.6540732710954448,0,0,1,1,0,0,0,0,1,,,0,0,25725.0,1.9837900874635568,0.5353636020309681,11.89203354297694,0.5353636020309681,,1,-0.3142857028817647,,-0.3918529847746015,-0.9655972219754876,,0.6787251033750445,0.41071428571428564,0.11111111111111113,growth-flip; FCF break-even ETA 2.0q; under-priced vs fundamentals; cash 53% of mcap
ANGGF,"Angang Steel Co., Ltd. Class H",Materials,Metals & Mining,Mid Cap,USD,1405383168.0,14031329280.0,0.15,93580000000.0,-4091000000.0,1788000000.0,-4030000000.0,-0.043716606112417185,-0.0430647574268006,-0.43705695428990465,-0.0751607940538637,-2.786604742116842,0.14993940243641804,-3.429804272793938,,0.03310834828496042,-2.867545372508688,,,3.0041629187919803,0.3008980771349983,-11503000000.0,-8.184956431753706,0,2026-03-31,,0,0.015017986407351998,,0.7860084832214765,-1684000000.0,-0.01799529814062834,-1.1982497288597098,0.37045326045985677,0.0,,,-0.11764703304297398,0,0.385366425652168,-0.26189404380617326,,0,,-0.10961836709450909,-0.5461073318216175,3.271918678526048,0.001981178801386825,-0.018540822818252523,-0.004644571129810086,-0.03920984815039169,0.13837405223251895,,0.23616376042456405,-0.04089721254355401,0.3286384976525822,3.271918678526048,0.8097046413502109,0.004495526863836488,38.64979131749318,4.752676161727026,2.1268926961050942,0,1,1,1,0,1,0,0,1,-0.11983603635715559,0.044675242303291895,1,0,1246000000.0,3.234349919743178,503.75,,0.0,1.8567990373044525,1,-0.11764703304297398,-0.008028665948464894,0.42846029877864356,-0.11962821184436082,-0.009017106431391432,-0.1002678069952726,0.256768030968587,0.3481853748091395,growth-flip; first-positive: CFO; ROCE improving from <=0; FCF break-even ETA 3.2q; cash 300% of mcap
ANGPY,Anglo American Platinum Limited,Materials,Metals & Mining,Large Cap,USD,22847670272.0,-900329728.0,14.42,116330000000.0,31663000000.0,28853000000.0,11534000000.0,0.2721825840281957,0.09914897274993553,0.9112528819126425,0.3098232915630268,-0.7500236869532262,-0.007739445783546807,-0.028434757540346776,-0.03425651502929762,0.21042827000193412,0.504821711040491,,,1.1848472810453556,,23748000000.0,1.0394057563542205,0,2026-06-30,,0,0.1964039394137368,10.681481,0.7918646335563027,28558000000.0,0.24549127482162814,1.2499305031987464,0.03060500842719913,0.0,,,0.847731682923129,0,0.6053430600602198,0.40319611611716233,-0.08496241322756995,0,0.22753116375545165,0.06737500802848045,0.706900269541779,0.07532051282051282,0.4674300254452926,0.1019787982555806,0.027030279694800513,,,,,0.06737500802848045,0.706900269541779,0.07532051282051282,0.4674300254452926,0.19256062725421752,0.9659080190025124,-0.5455566165741954,-2.3444648569890085,1,1,0,0,0,0,0,0,1,0.19154706614985276,0.11827622541317404,0,0,3674000000.0,,0.0,0.0,0.0,0.0,0,0.847731682923129,0.7803566748946484,0.14083141338134997,0.38030165747783634,-0.7310988818597357,-0.14259771597352477,0.75,0.5206886251139816,growth-flip; accelerating sales; cash 118% of mcap
ANIOY,"Acerinox, S.A.",Materials,Metals & Mining,Mid Cap,USD,5082838528.0,6484342272.0,10.2,7103535000.0,378700000.0,351286000.0,-106677000.0,0.053311485056383896,-0.015017452578188184,0.9276102455769739,0.04579969914922401,3.59419329284394,0.9128331558864706,17.122636049643518,40.83853301423353,2.402940221949285,-0.020987682259104808,,,0.1822568226192528,0.14286445118731697,-1351577000.0,-0.2659098833367464,0,2026-06-30,,0,0.715536493872417,78.46154,14.469231702942901,2061647000.0,0.29022831590187137,0.4056093831513508,1.0769178038801885,0.0,,,0.771043768256092,0,0.2281016436921706,-0.4666337753069537,,0,,0.31227914802679707,-0.3787994606529249,0.1961807861124448,-2.200128251282513,-0.05930842712747727,-0.03143827248120914,0.01067395052125535,,-0.10186664757663073,-1.4498105408198416,0.1427630057803468,,-0.7412647058823529,-5.098911764705882,0.24868856814522583,-0.3502855829854758,0.9410642382693024,1.3490431579414386,1,0,1,1,0,0,0,0,1,0.05827960090520741,-0.012479901755983402,0,0,,,,,0.0,,0,0.771043768256092,0.45876462022929493,1.1498432289090168,2.9711720195386047,0.34959377425078675,-1.2323434107319258,0.1021710632314029,0.44342261078283485,growth-flip; accelerating sales
ANKOF,Angkor Resources Corp.,Materials,Metals & Mining,Nano Cap,USD,48687856.0,49121232.0,0.2362,,-2717187.0,-2542987.0,-2908657.0,0.0,,0.9358895799221769,-2.0577974135260777,-0.17495225761053618,,-18.07797255028822,,43.99992770282971,-0.059740913627414606,,,0.011574385201927972,0.01147226926230189,-475378.0,-0.009763789968488241,0,2026-04-30,,0,,,,,,,0.9388781648086294,0.28305,,,0.698058981816834,0,0.5083347957079142,-6.075447454635409,,0,,,-8.498627915025118,-1.2888780479901785,-1.2290865338559929,,,,0.013254239319312121,0.10825421372201445,0.0849660022738555,,-9.104328426762319,0.562513912428289,0.4945459866146024,,-7.837739260111599,0.32318513388512154,0.16701842007369305,0,0,0,0,0,0,0,0,0,-0.15279589961277915,-1.9050015139132985,0,0,270085.0,10.769413332839662,,,,,0,0.698058981816834,,9.196686896841952,1.927145515672827,,-5.561916206257389,0.13970588235294118,0.4170432844368426,
ANLBF,Aton Resources Inc.,Materials,Metals & Mining,Nano Cap,USD,26765426.0,50083736.0,0.21,,-9864734.0,-7824063.0,-7961302.0,0.0,,0.7931347160501236,-49.054798744939866,-2.4687210014988747,,-5.077048808411864,,,-0.2974472365954497,,,0.01160250541127199,0.006200535838620346,-24353276.0,-0.9098781390589487,0,2026-03-31,,0,,,,-82415.0,,-0.003079158911948571,,0.87918,,,0.23529406608594797,0,0.5363776750565448,-0.11281691094227872,,0,,,-0.14877644149420194,-0.06321932173567527,-0.04089784983843227,,,,0.06810102680748403,0.12583300215288704,0.12393268765847237,,0.11730067741550543,-0.015750069278326874,0.0843190052281229,,0.19663744298834032,0.04994962727504915,0.11989765473772013,0,0,0,0,0,0,0,0,0,7.570995645985535,-56.6257943909254,0,0,1126244.0,7.068896260490622,,,,,0,0.23529406608594797,,0.38407050758014993,0.27619191592438025,,-0.3301312117522651,0.1927521192550186,0.33422457549361273,
ANNSF,"Aena S.M.E., S.A.",Industrials,Air Freight & Logistics,Large Cap,USD,46261604352.0,51782184960.0,30.306,8263980000.0,4922656000.0,2519425000.0,1316943000.0,0.595676175402167,0.15935941277689442,0.5118019621927675,0.26238767208176966,1.282184861180631,6.266010440489933,10.519155707813018,13.188410825348798,5.34684325878448,0.028467300657787614,,,0.03894503930930164,0.03479304709509114,-6311755000.0,-0.1364361458797338,0,2026-06-30,,0,5.597981160651405,17.932543,18.3619692398067,6169293000.0,0.7465280651695672,0.1333566590786272,0.9377357077456266,0.51519,,,0.0266955795169183,0,0.3124040884937965,0.24258882904222911,54.36528498619778,0,24.25381526892742,0.4286845420937402,0.3355355972374755,-0.08282455489546728,-0.31549613345128585,-0.04154633341821801,-0.17325277657336374,0.06547875296910736,0.11835742865685042,-0.049203620643783225,-0.13230800248261576,0.23802235830995674,0.683907892198214,-0.2403539402158956,-0.3165665328997667,-0.05771762614359757,-0.08202583539402972,-0.22271497954266567,-1.400700227062036,0,0,0,0,0,0,0,0,0,0.19178939612781393,0.07059827595395574,0,0,,,,0.0,,0.0,0,0.0266955795169183,-0.4019889625768219,-0.3088400177205572,0.34219171296820416,-0.28136999507792404,0.16250181560177474,0.2946326481230409,0.2246192733497138,under-priced vs fundamentals
ANPDF,Anta Sports Products Ltd.,Consumer Discretionary,"Hotels, Restaurants & Leisure",Large Cap,USD,27427944448.0,26703867904.0,9.9,80219000000.0,28614000000.0,20996000000.0,18280000000.0,0.35669853775290145,0.22787618893279646,0.7337666876354232,0.318810710364051,0.3886559027049696,0.33288707044465776,0.9332448418256797,1.414999359050445,0.4169521213705877,0.6664735680304671,,,1.3982455036945538,1.436158991568984,6587000000.0,0.24015653132476406,1,2025-12-31,,0,0.3419133178922699,13.943662,1.3063414196989902,49734000000.0,0.6199778107430908,1.8132601987104622,0.48286765376546775,0.56112,,,-0.010989071711924434,0,0.5250213635434363,0.13737778899214192,10.300059197570748,1,11.80052010786505,0.13262078897579985,0.02262249383510239,0.25416641777671584,0.3764023793389052,-0.0383682456317313,0.04036030493539439,,,,,0.13262078897579985,0.02262249383510239,0.25416641777671584,0.3764023793389052,-0.0032121701620537735,-0.3004813457714798,0.40151285762595695,0.6482773793389052,0,0,1,1,0,0,0,0,1,0.29525745745025367,0.02355325291379734,0,0,4999000000.0,,0.0,0.0,0.0,,0,-0.010989071711924434,-0.14360986068772427,-0.03361156554702682,-0.3873914510508296,-0.1267943005156977,0.17285179445031962,0.6777472679279811,0.2412345355309463,"growth-flip; under-priced vs fundamentals; cheap+grow (EV/EBIT 1.4x); cash 140% of mcap; cash > EV (1.44x, net cash 24% mcap)"
ANPDY,Anta Sports Products Ltd.,Consumer Discretionary,"Hotels, Restaurants & Leisure",Large Cap,USD,25385535488.0,24642174976.0,229.07,80219000000.0,28614000000.0,20996000000.0,18280000000.0,0.35669853775290145,0.22787618893279646,0.7337666876354232,0.318810710364051,0.3886559027049696,0.3071862648001097,0.8611929466694626,1.3057532310300974,0.38590397810951327,0.7200951111959463,,,1.5107422105840118,1.5563155459025664,6587000000.0,0.2594784736021717,1,2025-12-31,,0,0.31645290377591345,13.037564,1.2090653213945513,49734000000.0,0.6199778107430908,1.959147169596236,0.48286765376546775,0.0,,,-0.19740733873815036,0,0.4618646944793019,0.13737778899214192,9.50483510187216,1,10.896814203550267,0.13262078897579985,0.02262249383510239,0.25416641777671584,0.3764023793389052,-0.0383682456317313,0.04036030493539439,,,,,0.13262078897579985,0.02262249383510239,0.25416641777671584,0.3764023793389052,-0.0032121701620537735,-0.3004813457714798,0.40151285762595695,0.6482773793389052,0,0,1,1,0,0,0,0,1,0.29525745745025367,0.02355325291379734,0,0,4999000000.0,,0.0,0.0,0.0,,0,-0.19740733873815036,-0.3300281277139502,-0.22002983257325276,-0.5738097180770556,-0.2913844871348213,0.35381304137476993,0.7243518346845376,0.2213273565755511,"growth-flip; under-priced vs fundamentals; cheap+grow (EV/EBIT 1.3x); cash 151% of mcap; cash > EV (1.56x, net cash 26% mcap)"
ANSLF,Ansell Limited,Health Care,Health Care Equipment & Supplies,Mid Cap,USD,3378213888.0,3705908736.0,24.0,2003300000.0,260200000.0,,170000000.0,0.12988568861378724,0.08485998103129835,,0.04310719506894781,1.7701767870868563,1.8499020296510758,14.242539338970023,33.967999413382216,1.720418561825219,0.05032245015742473,,,0.07054023454420184,0.06430271681682341,-567300000.0,-0.16792897631945322,0,2025-06-30,,0,1.6863245085608745,25.806452,,825000000.0,0.41182049618130084,0.24421189046985528,0.41026685679364433,0.01561,,,0.2022221883138021,0,0.3167348382682509,0.1716304117757769,197.91363932494102,0,68.19250433676771,0.23713950472426357,0.2862086010874938,,-0.18854415274463007,0.0049551630780619305,-0.04451691021800691,,,,,0.23713950472426357,0.2862086010874938,,-0.18854415274463007,0.2587696177083733,0.5511068569014472,,-1.0376174095848771,1,1,0,0,0,0,0,0,1,0.030818567235569083,0.012288627833378724,0,0,,,,0.0,,0.0,0,0.2022221883138021,-0.034917316410461474,-0.0839864127736917,0.39076634105843217,-0.028224235243578227,-0.06090959415767518,0.44979226435511527,0.34388876782900185,growth-flip; accelerating sales
ANSLY,Ansell Limited,Health Care,Health Care Equipment & Supplies,Mid Cap,USD,2959104000.0,3618355200.0,84.09,2003300000.0,260200000.0,,170000000.0,0.12988568861378724,0.08485998103129835,,0.04310719506894781,1.7701767870868563,1.8061973743323516,13.906053804765564,33.165492208982585,1.5069790181299654,0.05744982264901808,,,0.08053113374859416,0.06585865312504421,-567300000.0,-0.19171343758110562,0,2025-06-30,,0,1.477114760644936,22.604837,,825000000.0,0.41182049618130084,0.27880060991435246,0.41026685679364433,0.0,,,0.07686146423771795,0,0.2838340104384774,0.1716304117757769,193.2378525800601,0,66.25125961492228,0.23713950472426357,0.2862086010874938,,-0.18854415274463007,0.0049551630780619305,-0.04451691021800691,,,,,0.23713950472426357,0.2862086010874938,,-0.18854415274463007,0.2587696177083733,0.5511068569014472,,-1.0376174095848771,1,1,0,0,0,0,0,0,1,0.030818567235569083,0.012288627833378724,0,0,,,,0.0,,0.0,0,0.07686146423771795,-0.16027804048654562,-0.20934713684977585,0.265405616982348,-0.12955534915382796,0.05844372737695037,0.5162301110993287,0.3125485868099808,growth-flip; accelerating sales
ANTCF,Aion Therapeutic Inc.,Health Care,Pharmaceuticals,Nano Cap,USD,1256125.0,3789829.0,0.002,367479.0,-6073698.0,-845045.0,-845045.0,-16.52801384568914,-2.2995735810753812,0.13913187649435318,0.6344436128076797,-0.4602683571030367,10.313049181041638,-0.623973895310567,,,-0.6727395760772216,,,0.011002089760175141,0.003646602524810486,-2795531.0,-2.2255197532092748,0,2025-01-31,,0,3.4182225378865185,,,163117.0,0.4438811469498937,0.1298572992337546,,0.0,,,0.17647062851741185,0,0.29132445836282195,-51.03851525133558,,0,,,-66.85117578059543,-19.413194192815904,-19.413194192815904,,,,,,,,,,,,-67.82683372846648,-20.382458943463693,-20.382458943463693,0,0,0,0,0,0,0,0,0,0.555680913420303,0.07876269938737668,0,0,,,,,,,0,0.17647062851741185,,67.02764640911283,19.589664821333315,,-43.308655615223074,0.29411763267235286,0.28295339283077986,
ANYYY,"Aena S.M.E., S.A.",Industrials,Air Freight & Logistics,Large Cap,USD,46410002432.0,52729085952.0,15.47,8263980000.0,4922656000.0,2519425000.0,1316943000.0,0.595676175402167,0.15935941277689442,0.5118019621927675,0.26238767208176966,1.282184861180631,6.380592154385659,10.711511418226259,13.429577151240085,5.363994874790428,0.028376275177524213,,,0.03882051078622103,0.03416823879025848,-6311755000.0,-0.13599988513786423,0,2026-06-30,,0,5.615938377392007,17.781609,18.420870806632465,6169293000.0,0.7465280651695672,0.13293024513496324,0.9377357077456266,0.0,17.44142,0.12743503555268254,0.10017933602940997,0,0.2710010469402526,0.24258882904222911,55.35942114178022,0,24.591830362488412,0.4286845420937402,0.3355355972374755,-0.08282455489546728,-0.31549613345128585,-0.04154633341821801,-0.17325277657336374,0.06547875296910736,0.11835742865685042,-0.049203620643783225,-0.13230800248261576,0.23802235830995674,0.683907892198214,-0.2403539402158956,-0.3165665328997667,-0.05771762614359757,-0.08202583539402972,-0.22271497954266567,-1.400700227062036,0,0,0,0,0,0,0,0,0,0.19178939612781393,0.07059827595395574,0,0,,,,0.0,,0.0,0,0.10017933602940997,-0.3285052060643302,-0.23535626120806552,0.41567546948069584,-0.22993543807991731,0.0945303589679043,0.2760341452942595,0.2429902124778367,
ANZFF,Air New Zealand Limited,Industrials,Airlines,Mid Cap,USD,832642240.0,3031333376.0,0.2575,6755000000.0,1065000000.0,,160000000.0,0.15766099185788304,0.023686158401184307,,0.05197132616487455,1.316431924882629,0.44875401569207996,2.8463224187793426,17.421456183908045,0.42787371017471737,0.19215936006321274,,,1.7246302565673344,0.47371892889421346,-1402000000.0,-1.6837963925539017,0,2025-06-30,,0,0.12326309992598075,,,5271000000.0,0.7803108808290156,6.330449918082465,1.4583761562178827,0.53929,,,-0.23974019625009876,0,0.5065270366163022,1.4633918101531345,11.904847398377202,0,,0.0004443127962085308,-0.05249110320284697,,7.421052631578948,-0.008808202454913178,0.020872177358530277,,,,,0.0004443127962085308,-0.05249110320284697,,7.421052631578948,-0.06622235387045813,0.16314043901627376,,8.405864781858725,0,0,0,1,0,0,0,0,1,0.06427967296306739,-0.012308346798192836,0,0,141000000.0,,0.0,,,,0,-0.23974019625009876,-0.24018450904630728,-0.1872490930472518,-7.660792827829047,-0.2400778393901801,2.0820760673281966,0.7626647632825123,0.06338941426668612,growth-flip; under-priced vs fundamentals; cash 172% of mcap
ANZLY,Air New Zealand Limited,Industrials,Airlines,Mid Cap,USD,776054912.0,2972999936.0,1.2,6755000000.0,1065000000.0,,160000000.0,0.15766099185788304,0.023686158401184307,,0.05197132616487455,1.316431924882629,0.4401184213175426,2.791549235680751,17.086206528735634,0.39879491880781087,0.2061709777567905,,,1.8503845253671947,0.4830138011815954,-1402000000.0,-1.8065731925938766,0,2025-06-30,,0,0.11488599733530717,,,5271000000.0,0.7803108808290156,6.792045148475267,1.4583761562178827,,,,-0.2590894002324378,0,0.4744897047151751,1.4633918101531345,11.675756561018114,0,,0.0004443127962085308,-0.05249110320284697,,7.421052631578948,-0.008808202454913178,0.020872177358530277,,,,,0.0004443127962085308,-0.05249110320284697,,7.421052631578948,-0.06622235387045813,0.16314043901627376,,8.405864781858725,0,0,0,1,0,0,0,0,1,0.06427967296306739,-0.012308346798192836,0,0,141000000.0,,0.0,,,,0,-0.2590894002324378,-0.25953371302864636,-0.20659829702959084,-7.6801420318113856,-0.259418450091698,2.10142312299033,0.7687301366991499,0.06338941426668612,growth-flip; under-priced vs fundamentals; cash 185% of mcap
AOCIF,AutoCanada Inc.,Consumer Discretionary,Automobiles,Small Cap,USD,421242560.0,1876425560.0,18.29,4845175000.0,137551000.0,11116000.0,-28147000.0,0.028389273865237066,-0.005809284494368109,0.08081366184178959,0.05202187985116762,10.579225160122427,0.3872771489161898,13.641671525470553,15.463686379219409,0.9369315699802935,-0.0668189842925653,,,0.3168696914195944,0.07113471636999019,-1882959000.0,-4.470011292306267,0,2026-03-31,,0,0.08694062856346778,67.74074,37.895156531126304,755830000.0,0.15599642943753322,1.7942868830727836,4.484979915391083,0.11707,,,-0.045407042735560045,0,0.30705812665530313,-2.221712360839627,,0,,-0.08088210884504725,-0.21971931655737334,-0.6485170429393537,-10.507358953393295,-0.00505137137964257,-0.005345284254590388,-0.010445599960786877,-0.09667568561521488,-0.517576599253537,-6.341418883672405,0.06483372202578624,-0.11706097853254357,-0.2723075271126382,-1.853105488005258,-0.011320318175677219,0.050864878863704915,0.4640003100808098,0.49325964626414365,0,0,0,0,0,0,0,1,1,0.06432633524280876,-0.012304455391641135,0,0,,,,,,0.0,0,-0.045407042735560045,0.035475066109487204,0.1743122738218133,10.461951910657735,0.038596861676699235,-3.5572464168630122,0.35751814020367456,0.06643872383159911,first-positive: NI
AOMFF,Alstom SA,Industrials,Machinery,Large Cap,USD,8465872896.0,9834148864.0,18.3,19171000000.0,1312000000.0,891000000.0,324000000.0,0.06843670126753951,0.01690052683741067,0.6791158536585366,0.058636020468081536,0.35365853658536583,0.5129700518491471,7.495540292682927,14.068882494992847,0.7939485037981806,0.03827130456365406,,,0.27132464994664623,0.23357384881661275,-1258000000.0,-0.1485966084601136,0,2026-03-31,,0,0.4415978767930729,26.521738,9.501540848484849,2352000000.0,0.12268530593083303,0.2778213220176369,0.33339585482509615,0.01977,,,-0.2638777639675306,0,0.17629895224612505,-0.035830271730936725,,0,186.2228347593316,0.03688679755530316,0.04292527821939587,-0.08333333333333333,-0.33877551020408164,0.0003962447798982055,-0.009601717740446433,,,,,0.03688679755530316,0.04292527821939587,-0.08333333333333333,-0.33877551020408164,-0.01249171427851261,-0.5434555540630758,-12.9369918699187,-2.202973041068279,0,0,0,0,0,0,0,0,0,0.05610252928195553,0.0025334911861260093,0,0,,,,0.0,,0.0,0,-0.2638777639675306,-0.30076456152283376,-0.30680304218692644,0.07489774623655104,-0.29006499285356396,0.20568371258169327,0.5399083361084553,0.13363817878808001,under-priced vs fundamentals
AONNF,"Aeon Co., Ltd.",Consumer Discretionary,Household Durables,Large Cap,USD,23211982848.0,2565148508160.0,8.39,10715341000000.0,641332000000.0,1126589000000.0,1126589000000.0,0.059851758334149144,0.10513795127938533,1.756639306942426,0.08763545155594928,4.168736317539122,0.23939028241471735,3.9997201264867495,9.484216102490155,0.019023549033701015,48.53480236381743,,,113.6972665059243,1.0288445256111405,-1866080000000.0,-80.39295962864223,0,2026-02-28,,0,0.0021662383724419037,49.352943,0.02060377195942797,3910376000000.0,0.36493248324994976,168.46367781703438,3.6922849338330446,0.11135,,,4.193020793281904,0,0.6472179712369546,0.27179268680722624,34.895037883109055,0,51.46764672480444,0.05727401104858116,0.12737091166057862,0.9896735886178115,0.9896735886178115,0.003721421860372852,0.04926968017276301,,,,,0.05727401104858116,0.12737091166057862,0.9896735886178115,0.9896735886178115,-0.003574535817109481,0.12134936140760277,0.4530712118718204,0.4530712118718204,0,0,0,0,0,0,0,0,0,0.08425854128067115,0.0033769102752781305,0,0,560371000000.0,,0.0,0.0,0.0,0.0,0,4.193020793281904,4.135746782233323,4.065649881621325,3.2033472046640923,3.9117075980441243,-3.8291128666407164,0.6625848106122786,0.2959527922347893,cash 11370% of mcap
AONNY,"Aeon Co., Ltd.",Consumer Discretionary,Household Durables,Large Cap,USD,24152633344.0,2566089605120.0,8.73,10715341000000.0,641332000000.0,1126589000000.0,1126589000000.0,0.059851758334149144,0.10513795127938533,1.756639306942426,0.08763545155594928,4.168736317539122,0.23947810948060355,4.001187536439785,9.487695654225131,0.019794465975670625,46.644561856020864,,,109.26920317181957,1.0284672034578402,-1866080000000.0,-77.26196864010159,0,2026-02-28,,0,0.0022540237724585715,51.35294,0.02143872640687953,3910376000000.0,0.36493248324994976,161.90267720730404,3.6922849338330446,0.0,,,-0.3008542818996612,0,0.5226266581504541,0.27179268680722624,34.90784011033544,0,51.490666413700204,0.05727401104858116,0.12737091166057862,0.9896735886178115,0.9896735886178115,0.003721421860372852,0.04926968017276301,,,,,0.05727401104858116,0.12737091166057862,0.9896735886178115,0.9896735886178115,-0.003574535817109481,0.12134936140760277,0.4530712118718204,0.4530712118718204,0,0,0,0,0,0,0,0,0,0.08425854128067115,0.0033769102752781305,0,0,560371000000.0,,0.0,0.0,0.0,0.0,0,-0.3008542818996612,-0.35812829294824233,-0.4282251935602398,-1.2905278705174728,-0.33872798272328525,0.60390233493731,0.8125848106122786,0.14593914694999827,under-priced vs fundamentals; cash 10927% of mcap
AOZOY,"Aozora Bank, Ltd.",Financials,Banks,Mid Cap,USD,2629240320.0,-612507759680.0,4.75,123658000000.0,,132619000000.0,125362000000.0,0.2193,1.0137799414514224,,,,-4.953240062753724,,,0.005478257369134956,47.679932125793655,,,573.7368275259068,,615137000000.0,233.95997517640382,0,2026-03-31,,0,0.021262193469084086,16.37931,0.019825517610598784,,,,1.8613850452451448,0.0,,,0.17283945093793276,0,0.5834739483654533,1.0906270847776878,,0,,0.14060914642020403,,3.330738137082601,2.9906629614926556,,1.5946551051756646,,,,,0.14060914642020403,,3.330738137082601,2.9906629614926556,0.11551459271369874,,4.755526676004131,4.488595326503369,0,0,1,1,0,1,1,0,1,,,0,0,188337000000.0,,0.0,,0.0,0.0,0,0.17283945093793276,0.032230304517728736,,-2.8178235105547227,-0.02825709807683333,0.9379501013712758,0.8020010204362117,0.36408546220946564,growth-flip; first-positive: FCF/CFO; accelerating sales; under-priced vs fundamentals; cash 57374% of mcap
APAJF,APA Group,Utilities,Gas Utilities,Large Cap,USD,9133885440.0,22128748544.0,6.9,3182000000.0,1939000000.0,,320000000.0,0.609365179132621,0.1005656819610308,,0.06856463438800449,6.795771015987622,6.954352150848523,11.412454122743682,21.318640215799615,4.757232,0.035034378534968796,,,0.08758594633742199,0.0361520670005043,-13219000000.0,-1.4472482807929765,0,2025-06-30,,0,2.8704856819610307,76.666664,,3182000000.0,1.0,0.34837310155709594,7.3015625,0.062800005,,,0.3243762082238942,0,0.2355570303832906,0.7832158536954612,27.219367579462926,0,,0.050165016501650166,-0.2587920489296636,,4.333333333333333,-0.25400115750104235,0.080763701763011,,,,,0.050165016501650166,-0.2587920489296636,,4.333333333333333,-0.01636085467047233,-0.7940033165352973,,3.0256410256410255,0,0,0,0,0,0,0,0,0,0.05878951426368543,0.00977512012431906,0,0,260000000.0,,0.0,,,,0,0.3243762082238942,0.274211191722244,0.5831682571535578,-4.008957125109439,0.26111247986121927,0.7226162990931044,0.19878193938326413,0.15486898168726826,under-priced vs fundamentals
APELY,"Alps Alpine Co., Ltd.",Information Technology,"Electronic Equipment, Instruments & Components",Mid Cap,USD,2704708096.0,-58633291904.0,27.72,1019459000000.0,78904000000.0,95926000000.0,35974000000.0,0.07739791399163674,0.035287343581252406,1.2157305079590388,0.10886756397043973,-0.7773750380208861,-0.05751412455429792,-0.7430965718341276,-1.3945697817524498,0.006043608269352806,13.30051108036466,,,56.79503833599646,,61338000000.0,22.67823285282169,0,2026-03-31,,0,0.00265308177768797,16.305882,0.02819577691136918,181858000000.0,0.1783867718073998,67.2375700242663,0.20618860774201622,0.0,28.3871,0.024065656565656512,0.23090580594540544,0,0.5763093033842052,0.2206719670375217,-6.319650839543773,0,,0.029333395260736243,-0.16108659826697144,0.4574653964781136,1.366866241200079,-0.017568094931967385,0.019941127328742075,,,,,0.029333395260736243,-0.16108659826697144,0.4574653964781136,1.366866241200079,0.0020361512275028325,-2.5080014086007556,0.7193832415657522,1.908125446801914,0,0,1,1,0,0,0,0,1,,,0,0,20775000000.0,,0.0,,0.0,,0,0.23090580594540544,0.2015724106846692,0.3919924042123769,-1.1359604352546735,-0.1958281074069397,0.18455593194114178,0.6178034830667848,0.2491735937801673,growth-flip; under-priced vs fundamentals; cash 5680% of mcap
APEMY,Aperam S.A.,Materials,Metals & Mining,Mid Cap,USD,3873189376.0,4881189376.0,53.45,6032000000.0,1697000000.0,459000000.0,309000000.0,0.28133289124668437,0.05122679045092838,0.2704773129051267,0.34044548651817114,0.516205067766647,0.8092157453580902,2.8763638043606363,3.3617006721763087,1.1837375843520783,0.07977921294391158,,,0.08623384182286882,0.06842594586520709,-993000000.0,-0.25637785907218186,0,2026-06-30,,0,0.6421069920424404,26.460396,8.438321080610022,341000000.0,0.05653183023872679,0.08804113790897686,0.40556234718826406,0.0,,,0.8158285788821175,0,0.2529032750206027,1.840644837114833,1.826371174053162,1,1.2094934506920323,-0.03565147881694644,3.7937853107344632,0.6392857142857142,1.6869565217391305,0.22473816702606086,0.03284149868434165,0.005836251459062865,0.02786190187764991,-0.11046511627906977,-0.1487603305785124,0.07238095238095238,0.7555555555555555,13.636363636363637,3.340909090909091,0.02314495490985852,-0.2747873595331222,0.9126630269942372,1.4800511508951406,0,0,1,1,0,0,0,0,1,0.03309389430477168,0.30735159221339947,0,0,194000000.0,,0.0,0.0,0.0,,0,0.8158285788821175,0.8514800576990639,-2.9779567318523457,-0.871127942857013,0.8829588463043175,0.9992015390034316,0.6228459013441267,0.34185722038609845,growth-flip; under-priced vs fundamentals; cheap+grow (EV/EBIT 3.4x)
APEUF,Atlas Engineered Products Ltd.,Industrials,Construction & Engineering,Nano Cap,USD,35250372.0,59033252.0,0.5,60926786.0,5454410.0,10777234.0,-2260558.0,0.08952400673162048,-0.03710285981604216,1.9758753009033059,-0.0036673888312332174,3.502362675339771,0.968921157272271,10.823031638619026,,0.7525260592220872,-0.06412862820284564,,,0.0,0.0,-24177559.0,-0.6858809603484468,0,2026-03-31,,0,0.5785693668462998,,3.27081809673985,10690574.0,0.17546591083928176,0.30327549451109337,0.5161432961864773,0.13395001,,,-0.15110354612225732,0,0.29300049042461396,-0.1017107132604831,,0,,0.09131613130395262,-0.2353105206437321,3.345551984406835,-0.2205647876228565,-0.038238954996879015,-0.0039289145692558425,-0.02737220835670711,-0.15871407374502963,0.46585437310753564,0.09564404054515203,-0.4731896321721467,-1.3414535500344562,-0.6570649809267766,-21.867794565769426,-0.007794803308611695,0.1597451346703989,2.411428355066402,1.1304421294079492,0,0,1,0,0,0,0,0,1,0.049360679656167236,-0.05302806848740045,0,0,239075.0,9.455434487085643,,,0.0,,0,-0.15110354612225732,-0.24241967742620996,0.08420697452147477,0.06946124150059918,-0.22213515449144536,0.07772165397389534,0.415097389054922,0.06706194813611166,
APGOF,Apollo Gold & Silver Corp.,Materials,Metals & Mining,Nano Cap,USD,144560192.0,88337208.0,2.288,,-15612478.0,-12283413.0,-12373007.0,0.0,,0.7867689549346363,-31.3765173546852,3.59337550387581,,-5.658115771244001,,2.5526672688806187,-0.08559069290666133,,,0.3900842494730499,0.6383567612868182,56101496.0,0.3880839892631022,0,2026-05-31,,0,,,,-162618.0,,-0.0011249154954083072,0.0051059987671777714,0.16533001,,,0.5779310562551085,0,0.3969421586554987,-4.11037058722018,,0,,,-4.5152663139952836,-3.2829851643470125,-3.3005791336699737,,,,-0.08229577214641963,-0.02336054538292709,-0.02318746738710667,,0.6414139206095287,0.6992785880877539,0.7038468244909645,,-2.539337178318204,-2.5661258410914294,-2.5606127176641005,0,0,0,0,0,0,0,0,0,-21.850906381922027,-9.525610972763172,0,0,,,,,,,0,0.5779310562551085,,5.093197370250392,3.8785101899250822,,-4.485853780087737,0.18200303677776292,0.27272727272727276,
APLIF,Appili Therapeutics Inc.,Health Care,Biotechnology,Nano Cap,USD,1191295.0,14074320.0,0.009,244179.0,-2298849.0,-1337412.0,-1337412.0,-9.414605678621012,-5.477178627154669,0.5817746185156136,0.8577626674434775,-5.609877812766301,57.63935473566523,-6.122333393798375,,,-1.122653918634763,,,0.03357942407212319,0.002842268756145945,-12896262.0,-10.82541436000319,0,2026-03-31,,0,4.878777454244632,,,,,,,0.00057,,,-0.1818182126057051,0,0.2692307692307693,-2.8865674269493447,,0,,1.4310205788357575,-7.375667700226866,-2.539350104049649,-2.5435428919645084,-13.004363053450517,-14.103523917518359,0.1835538752362949,-0.6026364718209558,-117.020825979527,-117.020825979527,-0.7802854384637462,1.1140053892226234,-0.04291814819447174,-0.04291814819447174,2.309625666779176,-8.86006784459328,-3.891893192193942,-3.890939311254188,1,0,0,0,0,0,0,0,1,0.08186414787100195,0.7758985195724756,0,0,,,,,,,0,-0.1818182126057051,-1.6128387914414626,7.1938494876211605,2.361724679358803,-0.6634410278064651,-1.8198235869330088,0.3475935919428544,0.35,growth-flip; accelerating sales
APMCF,Morien Resources Corp.,Materials,Metals & Mining,Nano Cap,USD,7823515.0,5949625.0,0.13,,-873493.0,-1321926.0,-1321926.0,0.0,,1.513379042533827,,,,-6.811302437455137,,6.89036038360831,-0.16896829621979378,,,0.16850431040267705,0.2215763178351577,,,0,2026-03-31,,0,,,,,,,,0.10776,,,-0.4937694808894926,0,0.189091678238108,-0.7399901913176766,,0,,-1.0,0.0054651465968646,-1.7108812497821124,-1.7108812497821124,10.663166073791688,,-1.0,-0.057239028712106725,-1.3147176656814266,-1.3147176656814266,,-0.3225127803807181,-8.286024854797365,-150.8879189944134,0.18967260605016256,1.3962951267847836,2.0757963086242524,2.0757963086242524,0,1,0,0,0,0,0,0,1,,,0,0,,,,181.97770833333334,,5.90338414428208,0,-0.4937694808894926,0.5062305191105074,-0.49923462748635716,1.2171117688926198,,-0.4080358868389234,0.4375,0.22486358585423438,growth-flip; accelerating sales
APNHF,Aspen Pharmacare Holdings Limited,Health Care,Pharmaceuticals,Mid Cap,USD,3861397760.0,31189420032.0,8.6964,43363000000.0,3615000000.0,5159000000.0,104000000.0,0.08336600327468117,0.0023983580471830823,1.4271092669432919,0.0795590812655659,7.558229598893499,0.7192634280838502,8.627778708713693,3.6161646413913044,0.04762042941531935,0.026933252273912335,,,1.4554315171094936,0.18018930759962648,-27323000000.0,-7.075935114231796,0,2025-12-31,,0,0.089048215298757,,0.7484779530916844,19129000000.0,0.44113645273620367,4.953905603342972,0.40626734248399865,0.19767,,,0.6919064412160942,0,0.6717699071280627,-0.4360170092439085,,0,,-0.030040710419183107,-0.635364131531168,-0.1712449799196787,-0.8492753623188406,-0.1383939394623116,-0.013035811862896101,,,,,-0.030040710419183107,-0.635364131531168,-0.1712449799196787,-0.8492753623188406,-0.12822538702632158,-0.6609149746055447,-0.2989623712240266,-0.1442732246531715,0,0,0,0,0,0,0,0,0,0.09585332954055369,-0.01629424827498778,0,0,,,,,,,0,0.6919064412160942,0.7219471516352773,1.3272705727472622,1.541181803534935,0.744306652238238,-1.1967998426391582,0.3071249225455692,0.15748473359280632,cash 146% of mcap
APNHY,Aspen Pharmacare Holdings Limited,Health Care,Pharmaceuticals,Mid Cap,USD,4178252288.0,31507353600.0,9.41,43363000000.0,3615000000.0,5159000000.0,104000000.0,0.08336600327468117,0.0023983580471830823,1.4271092669432919,0.0795590812655659,7.558229598893499,0.726595337038489,8.71572713692946,3.6530265043478263,0.05152801667344951,0.024890789935947497,,,1.3450599946156243,0.17837105811387471,-27323000000.0,-6.53933705211436,0,2025-12-31,,0,0.09635524036621082,,0.8098957720488467,19129000000.0,0.44113645273620367,4.578230006584035,0.40626734248399865,0.0,,,0.4772370512509378,0,0.6238291927574187,-0.4360170092439085,,0,,-0.030040710419183107,-0.635364131531168,-0.1712449799196787,-0.8492753623188406,-0.1383939394623116,-0.013035811862896101,,,,,-0.030040710419183107,-0.635364131531168,-0.1712449799196787,-0.8492753623188406,-0.12822538702632158,-0.6609149746055447,-0.2989623712240266,-0.1442732246531715,0,0,0,0,0,0,0,0,0,0.09585332954055369,-0.01629424827498778,0,0,,,,,,,0,0.4772370512509378,0.507277761670121,1.1126011827821058,1.3265124135697783,0.5229887141854673,-0.9821304526740017,0.30201876670065714,0.15179399640554078,cash 135% of mcap
APPEF,Appen Limited,Information Technology,IT Services,Small Cap,USD,268523648.0,215189632.0,1.0,230774000.0,9559000.0,,6329000.0,0.04142147728946935,0.02742509988126912,,-0.4778534730552475,-5.274714928339784,0.9324691343045577,22.511730515744325,,2.8383963468775106,0.023569618717529116,,,0.2227885716791692,0.27800595894880287,50421000.0,0.18777117164742227,0,2025-12-31,,0,1.1635784273791674,,,230774000.0,1.0,0.8594177895274236,0.09939326032725888,0.09009,,,0.33850890894379226,0,0.40567375576632164,1.0317975433448492,,0,,-0.014986021298845423,1.8602633153800119,,1.4684331285619125,0.027156799653257045,0.08509417814065406,,,,,-0.014986021298845423,1.8602633153800119,,1.4684331285619125,0.12686488635356546,0.8228669610210204,,0.7841697148397215,0,0,0,0,0,0,1,0,1,-0.2979290402143252,-0.1799244328409223,0,0,19840000.0,,0.0,0.0,,,0,0.33850890894379226,0.3534949302426377,-1.5217544064362196,-1.1299242196181203,0.3588730087960358,0.7660612319372341,0.3717655285252346,0.3860260306732503,first-positive: FCF; accelerating sales; under-priced vs fundamentals
APRAF,Trailbreaker Resources Ltd.,Materials,Metals & Mining,Nano Cap,USD,13805806.0,12654400.0,0.263,,-485326.0,-443229.0,-1100541.0,0.0,,0.9132603651978258,,,,-26.074020349208574,,2.3940279210074134,-0.07971580942105082,,,0.09479026432792116,0.10341509672524972,,,0,2025-06-30,,0,,,,-598.0,,-4.3315109599540944e-05,,0.00929,,,0.2955665961173739,0,0.45602426881113217,0.4705687335698664,,0,,,0.4333176870605324,-0.43464877357208054,0.5450708265885345,,,,,,,,0.1830853355942223,0.6525260359585673,0.6453237935314302,,0.9747949914902139,-0.816865503427626,0.9357046558401847,0,1,0,1,0,0,0,0,1,,,0,0,1318607.0,,0.8346239630155157,1.3077756340472315,,,1,0.2955665961173739,,-0.13775109094315852,-0.24950423047116055,,0.19362766070715953,0.21109204651509286,0.33087033117631887,growth-flip; FCF break-even ETA 0.8y; under-priced vs fundamentals
APTPF,Airports of Thailand Public Company Limited,Industrials,Air Freight & Logistics,Large Cap,USD,18314999808.0,54257700864.0,1.13,66404657355.0,37142889985.0,34119205384.0,26580585693.0,0.5593416405483989,0.40028194936538725,0.9185931788770044,0.1567626637007243,0.7271961858893571,0.8170767386681593,1.4607829623896187,2.209205557729429,0.1412554952324036,1.4513014453535287,,,0.9902154268152532,0.33425292747767543,-27010167930.0,-1.4747566591948282,0,2026-03-31,,0,0.2758089648755782,28.25,0.5367944417776128,35964605037.0,0.5415976298881092,1.9636694192751585,0.34819085274340505,0.0,,,0.38000001907348635,0,0.5427846097350849,-0.03031893943618449,,0,,-0.010676900672517706,-0.04038731738654685,-0.1689656067918972,-0.049466261062793344,-0.01731768819576529,-0.01633469718709457,0.008155522550394494,0.007694325895531539,0.024757964062205505,0.09246324824774854,0.09441405616555935,0.12551589971796262,0.05326734905132609,0.12188338719133351,-0.40085119490364546,-0.6988132423245108,-1.7187020293814317,-4.598003965705045,0,0,0,0,0,0,0,0,0,0.17195789904389264,-0.015195235343168328,0,0,2249711647.0,0.0,,,,,0,0.38000001907348635,0.39067691974600405,0.4203873364600332,0.4294662801362797,0.39489315473537073,-0.4135101787807723,0.6527171874644782,0.19156626236894353,cash 99% of mcap
APTTF,Asian Pay Television Trust,Communication Services,Entertainment,Micro Cap,USD,69364032.0,1083527808.0,0.0384,243185000.0,112072000.0,118444000.0,88512000.0,0.4608507926064519,0.36396981721734484,1.0568563066600043,0.05319874177127929,8.963014847597973,4.45557007216728,9.66814019558855,11.959600083886135,0.099300572920693,1.2760503887663277,,,0.5659849761905421,0.03623257263001412,-1004503000.0,-14.48161202624438,0,2026-03-31,,0,0.2852315397742459,3.8400002,0.5856272331228259,189920000.0,0.780969220963464,2.7380184589038885,1.4942350034214904,0.29645002,,,-0.31302782478291535,0,0.5625614898955769,-0.1303264585237603,,0,,-0.0350490837956019,-0.2689414941846433,-0.07613587613587613,-0.043651136658311,-0.1474430594199907,-0.0032737923660975943,-0.010223975058710526,0.003878572900151381,0.003924360702146956,0.04574669187145557,-0.09130295763389289,-0.011945442331843803,-0.2202269225381706,-0.08648453773433745,0.02888718884971021,-1.8074753860818147,-0.24158221862192064,-0.2909365552497617,0,0,0,0,0,0,0,0,0,0.05576632557638573,-0.002567583805106438,0,0,3872000.0,0.0,,,,,0,-0.31302782478291535,-0.27797874098731346,-0.04408633059827205,-0.26937668812460436,-0.28807552417353355,0.19714725323672996,0.7840514170330081,0.03190232319321937,under-priced vs fundamentals; cash 57% of mcap
APXYY,Appen Limited,Information Technology,IT Services,Small Cap,USD,213691104.0,190912832.0,0.3979,230774000.0,9559000.0,,6329000.0,0.04142147728946935,0.02742509988126912,,-0.4778534730552475,-5.274714928339784,0.8272718417152712,19.972050632911394,,2.2587956534607416,0.02961751744237327,,,0.2799555006276724,0.3133576689072424,50421000.0,0.23595273296917404,0,2025-12-31,,0,0.9259756471699585,,,230774000.0,1.0,1.079942008255056,0.09939326032725888,,,,0.5169651670747869,0,0.43252636638473313,1.0317975433448492,,0,,-0.014986021298845423,1.8602633153800119,,1.4684331285619125,0.027156799653257045,0.08509417814065406,,,,,-0.014986021298845423,1.8602633153800119,,1.4684331285619125,0.12686488635356546,0.8228669610210204,,0.7841697148397215,0,0,0,0,0,0,1,0,1,-0.2979290402143252,-0.1799244328409223,0,0,19840000.0,,0.0,0.0,,,0,0.5169651670747869,0.5319511883736323,-1.3432981483052249,-0.9514679614871256,0.5400443038128926,0.5876049738062394,0.40383568449455254,0.4263988034373022,first-positive: FCF; accelerating sales; under-priced vs fundamentals
AQQRF,Aquarius Surgical Technologies Inc.,Health Care,Health Care Technology,Nano Cap,USD,115916.0,7015952.0,0.0042,91436.0,-229786.0,-116355.0,-116355.0,-2.513080187234787,-1.2725294194846668,0.5063624415760751,-0.5414614553147462,-30.028095706439906,76.73074062732402,-30.53254767479307,,,-1.0037872252320645,,,0.38399358155906,0.006344256631174216,-6900036.0,-59.526174126091306,0,2026-03-31,,0,1.2677282470799247,,,49077.0,0.5367360776936874,0.4233841747472308,,0.51402,,,0.0,0,0.42904639404688416,0.42994532726824636,,0,,0.0025657332076050965,0.7240825305262804,0.696430108873461,0.696430108873461,6.6183752633035775,2.930108680556999,0.21878915518114686,0.6965968717733396,0.32919200945490185,0.32919200945490185,0.42453328636843957,1.2594788546237254,0.20860317676733248,0.20860317676733248,0.5582176486858779,1.6516782536622827,1.2140104629096466,1.1882687507121752,1,1,1,1,0,0,0,0,1,-0.7908964521446165,0.24943499682987025,1,0,57100.0,2.0377408056042032,0.4358942659983367,0.38105803943809585,0.4358942659983367,1.2641225431149026,1,0.0,-0.0025657332076050965,-0.7240825305262804,-0.696430108873461,-0.0025591670676758985,0.3564093849187556,0.38235294117647056,0.4947121499528519,growth-flip; ROCE improving from <=0; FCF break-even ETA 2.0q; accelerating sales; under-priced vs fundamentals
AQSZF,Aequus Pharmaceuticals Inc.,Health Care,Pharmaceuticals,Nano Cap,USD,159161.0,6174203.0,0.0012,918468.0,-318972.0,-115840.0,-115840.0,-0.3472870040110271,-0.12612306580087712,0.3631666729368095,0.6534167613332392,-18.85758624581468,6.722284282087128,-19.35656734760418,,,-0.7278164877074158,,,0.08708163431996532,0.0022448241497728533,-6015042.0,-37.79218527151752,0,2025-09-30,,0,0.17328965189859635,,,523043.0,0.5694732968377777,3.28625102883244,,0.1468,,,-0.6521738925039128,0,0.7183957122119896,1.583639182558797,,0,,2.6033048772832843,0.8810417184901638,0.9495027212470875,0.9495027212470875,10.172207221084697,8.873567003874598,,,,,0.15367060764366236,5.587538994060083,0.5472797098357158,0.5472797098357158,2.107322522987081,0.2672140781660826,0.4529782944494044,0.4529782944494044,1,0,1,1,0,0,0,0,1,-4.702553627852302,5.355970389185541,1,1,2178145.0,,0.05318286890909467,0.1350200325515735,0.05318286890909467,0.28432791078087527,1,-0.6521738925039128,-3.255478769787197,-1.5332156109940764,-1.6016766137510001,-0.9034702531864772,1.823460311929688,0.3823529411764705,0.6877741433608511,growth-flip; first-positive: ROCE; ROCE improving from <=0; FCF break-even ETA 0.1y; accelerating sales; under-priced vs fundamentals
ARAFF,Arafura Resources Limited,Materials,Metals & Mining,Micro Cap,USD,971598848.0,190580800.0,0.16,,-18551476.0,,-37925756.0,0.0,,,-0.2709365208041809,1.4522115652684455,,-10.27308015815022,,6.509267017142473,-0.039034377282423455,,,0.027972749304865378,0.14260770759698774,26940668.0,0.02772818026231336,0,2025-06-30,,0,,,,,,,0.00159196520209794,0.22861,,,0.14285711244660995,0,0.5188299095443787,0.7534836876405546,,0,,,0.7994466053179221,,0.6615578522858199,,,,,,,,0.7994466053179221,,0.6615578522858199,,0.7651640817432179,,1.2245464091685,0,0,0,1,0,0,0,0,1,-0.9987138620109818,0.7277773412068009,1,0,74134034.0,,0.5115836000506866,0.2508652777408722,,0.23543183372456072,1,0.14285711244660995,,-0.6565894928713122,-0.51870073983921,,0.5876451163552611,0.18592437869217357,0.4534708890544389,growth-flip; ROCE improving from <=0; FCF break-even ETA 0.5y; under-priced vs fundamentals
ARBFF,ARB Corporation Limited,Consumer Discretionary,Auto Components,Mid Cap,USD,2084809216.0,1387546496.0,24.92,729949000.0,169804000.0,,75026000.0,0.23262447102468803,0.1027825231625771,,0.17726207666948207,-0.13283550446397022,1.9008814259626357,8.17145942380627,10.663509318249936,2.755438975649471,0.03598698596696917,,,0.03319152633676769,0.049870761231773524,22556000.0,0.010819215411603399,0,2025-06-30,,0,2.856102571549519,31.15,,414228000.0,0.5674752619703568,0.1986886842311426,0.061645537498546156,0.09536,,,0.049328471098657026,0,0.23153699911352357,0.02180273834279319,489.09036794337885,0,312.5866512879143,0.053083441774843684,-0.010154710689844124,,0.023156229543966834,-0.0148616575989656,-0.0030063780051287764,,,,,0.053083441774843684,-0.010154710689844124,,0.023156229543966834,0.020436400478139077,-0.15651540674180747,,-0.6235168745857406,0,0,0,0,0,0,0,0,0,0.21873236261301532,-0.04147028594353325,0,0,1698000.0,,0.0,,,,0,0.049328471098657026,-0.0037549706761866586,0.05948318178850115,0.026172241554690192,-0.0035656914991067886,-0.019583690291974473,0.43680561923830075,0.1777880962112096,
ARBTF,Argo Gold Inc.,Materials,Metals & Mining,Nano Cap,USD,6487900.0,6984577.0,0.09,1519855.0,-464586.0,122520.0,-21075.0,-0.30567784426803873,-0.013866454365712518,-0.2637186656507084,-0.12396641554077734,-2.108686012923334,4.595554839112942,-15.03398079150039,,14.991462036679737,-0.0032483546293870127,,,0.020039920467331496,0.018614871022253746,-979666.0,-0.15099893648175836,0,2025-12-31,,0,4.268762480631376,,52.953803460659486,605892.0,0.39865118711982395,0.09338799919850799,2.5641225307493767,0.26568002,,,1.5000002069605811,0,0.28265121819544664,-0.9421335624316662,,0,,-0.321988191654752,-1.489101735384408,-0.8713607599920624,-1.0884879580800106,-0.7294203357976589,-0.12011390321443231,-0.17273206263015745,-2.2149469654176865,-0.8393150825064329,-1.0524935363830645,-0.47167223383221896,-7.517376432805034,-3.047327084799763,-3.736943994237349,-1.6749364687474535,-34.07477694781066,-7.684111544859761,-2.268292376140386,0,0,0,0,0,0,0,0,0,0.26173600652815704,-0.38570242206893435,0,0,,,,,,,0,1.5000002069605811,1.8219883986153331,2.9891019423449894,2.5884881650405918,2.6872517206773554,-2.4665261686669715,0.1,0.25,
ARCAY,Arcadis NV,Industrials,Construction & Engineering,Mid Cap,USD,4132500736.0,5180500992.0,48.5,4875000000.0,499000000.0,386000000.0,361000000.0,0.10235897435897436,0.07405128205128206,0.7735470941883767,0.1782071926999463,1.1523046092184368,1.0626668701538462,10.381765515030061,15.60391865060241,3.9889003243243244,0.08735630628088532,,,0.07356320528916659,0.058681583203912646,-827000000.0,-0.2001209564938841,0,2025-12-31,,0,0.8476924586666666,18.02974,10.705960455958548,3760000000.0,0.7712820512820513,0.9098606969975866,1.0916988416988418,0.0,,,0.022392547927827067,0,0.15571697549892738,-0.006649766024108031,,0,,-0.024024024024024024,-0.08440366972477065,0.10285714285714286,0.18360655737704917,-0.006750134750134751,0.012990220990221,,,,,-0.024024024024024024,-0.08440366972477065,0.10285714285714286,0.18360655737704917,-0.022424983448369417,-0.25897263524201203,-0.029828941285251973,0.04554685588451185,0,0,0,0,0,0,0,0,0,0.2003012048192771,-0.02209401211933079,0,0,56000000.0,,0.0,,0.0,,0,0.022392547927827067,0.04641657195185109,0.10679621765259771,-0.1612140094492221,0.04755913372297344,0.0026670732815911036,0.4591479461037219,0.1022229154260942,
ARCUF,Arcus Development Group Inc.,Materials,Metals & Mining,Nano Cap,USD,4554056.0,1431949.0,0.2146,,-627396.0,-339765.0,-339765.0,0.0,,0.5415479218866553,,,,-2.282368711308328,,1.5208398245411905,-0.07460711945571157,,,0.6855662293129465,2.18031996949612,,,0,2026-04-30,,0,,,,,,,,0.01008,,,3.291999872148039,0,0.42105263157894735,-2.0272463800976226,,0,,,-2.41689177413733,-1.2479555920182077,-1.2479555920182077,,,,-3.0915885168712256,-1.6465158667102864,-1.6465158667102864,,-4.02892821666768,-0.655782653996506,-0.655782653996506,,3.8411459367756455,2.7646124743845504,2.7646124743845504,0,1,1,1,0,0,0,0,1,4.658412827278263,,0,0,,,,,,,0,3.291999872148039,,5.708891646285369,4.539955464166247,,-5.124423555225808,0.26269075884674853,0.33333333333333337,growth-flip; cash 69% of mcap
ARCVF,Arcadis NV,Industrials,Construction & Engineering,Mid Cap,USD,4095010048.0,5143009792.0,48.06,4875000000.0,499000000.0,386000000.0,361000000.0,0.10235897435897436,0.07405128205128206,0.7735470941883767,0.1782071926999463,1.1523046092184368,1.0549763675897437,10.3066328496994,15.49099334939759,3.9527124015444017,0.08815607184561419,,,0.07423669208051721,0.05910935664032273,-827000000.0,-0.201953106416407,0,2025-12-31,,0,0.8400020611282051,17.86617,10.608834321243524,3760000000.0,0.7712820512820513,0.918190665206397,1.0916988416988418,0.23115,,,-0.035133506359194364,0,0.19196344999086518,-0.006649766024108031,,0,,-0.024024024024024024,-0.08440366972477065,0.10285714285714286,0.18360655737704917,-0.006750134750134751,0.012990220990221,,,,,-0.024024024024024024,-0.08440366972477065,0.10285714285714286,0.18360655737704917,-0.022424983448369417,-0.25897263524201203,-0.029828941285251973,0.04554685588451185,0,0,0,0,0,0,0,0,0,0.2003012048192771,-0.02209401211933079,0,0,56000000.0,,0.0,,0.0,,0,-0.035133506359194364,-0.01110948233517034,0.04927016336557628,-0.21874006373624355,-0.011382946515728274,0.06019312756861254,0.47595921835446997,0.08784140185433885,
ARDNF,Argent Minerals Limited,Materials,Metals & Mining,Nano Cap,USD,34221720.0,29031316.0,0.0201,,-1894210.0,,-2053380.0,0.0,,,-5.210569571135962,1.7732474224082864,,-15.326345019823568,,9.121126847654986,-0.06000224418877836,,,0.09909084055389385,0.1168069335885428,3358903.0,0.09815120338778997,0,2024-06-30,,0,,2.01,,,,,0.008570549782804422,0.12845,,,32.49999738065539,0,0.7101475340260636,0.398818093147154,,0,,,0.4951741709208319,,0.20610593759979834,,,,,,,,0.4951741709208319,,0.20610593759979834,,2.839138030991789,,0.5534959309942968,0,1,0,1,0,0,0,0,1,-8.749069989321288,3.5385004181853263,1,0,533086.0,,3.8518738064777542,1.0194914410426292,,1.0556397122958414,0,32.49999738065539,,32.00482320973455,32.293891443055585,,-32.14935732639507,0.13970588235294118,0.510306935345078,growth-flip; ROCE improving from <=0
AREB,"American Rebel Holdings, Inc.",Consumer Discretionary,"Textiles, Apparel & Luxury Goods",Nano Cap,USD,4376105.0,21460850.0,0.165,8995975.0,-32620744.0,-7703434.0,-8030597.0,-3.6261488054379876,-0.8926877853706797,0.23615138882178777,-0.650206028067431,-0.4663808097080802,2.3856057848093175,-0.6578896545094128,,0.6089286049733078,-1.8351015343553227,,,0.10872522482892892,0.022170277505317824,-17327328.0,-3.9595320496194675,0,2026-03-31,,0,0.48645144078323915,,,-880851.0,-0.09791612359972099,-0.20128653220158108,2.4772782268023734,0.0,,,-0.9999968269229509,0,0.1473098793069162,-0.6877674211864178,,0,,-0.212279869439141,-1.4352740277752272,-0.09761732288221518,-0.14372931150335247,-2.453225192787216,-0.2778673625925102,-0.05525383665045597,-0.03703807318015573,-0.06630513350694824,-0.0631126922909408,-0.1333579258470229,-0.13911586973238907,0.5451797276553998,-4.1049930306650735,0.11994309158681857,-0.9093207416212838,-0.031159627118368158,-0.07807977204107416,0,0,0,0,0,0,0,0,1,-4.224132358588821,3.57392633052139,1,0,,,,,,,0,-0.9999968269229509,-0.7877169574838099,0.4352772008522763,-0.8562675154195984,-0.9999959718218108,0.402902424017044,0.4,0.24330721743830822,ROCE improving from <=0; accelerating sales; under-priced vs fundamentals
AREVF,AREV NanoTec Brands Inc.,Health Care,Pharmaceuticals,Nano Cap,USD,15881.0,159524.0,0.0005,49113.0,-1312426.0,-284386.0,-366197.0,-26.72257854335919,-7.456213222568363,0.2166872646533976,1.509670743362966,-0.021898377508522384,3.2481013173701463,-0.12154894828356037,,,-23.05881241735407,,,0.0059190227315660225,0.0005892530277575788,-28740.0,-1.8097097160128455,0,2022-12-31,,0,0.32335634149817766,,,,,,,0.47405,,,-0.9499999965075403,0,0.339473020616506,-0.42881750433063465,,0,,-0.8073969787761377,-0.6454070182916891,0.8065306600051159,0.7615204724824802,-23.59456869222427,-1.4343579777802091,,,,,-0.8073969787761377,-0.6454070182916891,0.8065306600051159,0.7615204724824802,,,,,0,0,0,0,0,0,0,0,0,9.465542896736599,-7.955872153373633,0,0,1169352.0,,0.3131623326423523,,0.23987846908840008,,1,-0.9499999965075403,-0.1426030177314026,-0.3045929782158512,-1.7115204689900205,-0.7403986543163062,0.7195721549790915,0.5588235294117646,0.13949717715301452,FCF break-even ETA 0.3y; under-priced vs fundamentals
ARGGY,Aston Martin Lagonda Global Holdings plc,Consumer Discretionary,Automobiles,Mid Cap,USD,488176576.0,2047463552.0,0.481,1367200000.0,183200000.0,-83300000.0,-374100000.0,0.1339964891749561,-0.2736249268578116,-0.4546943231441048,-0.09724031742271705,7.736899563318778,1.4975596489174956,11.176111091703056,,2.6896781046831957,-0.7663210780518892,,,0.235365655889233,0.056118215089965125,-1507100000.0,-3.087202610884796,0,2026-06-30,,0,0.35706303101228787,,,434300000.0,0.31765652428320656,0.889637113600469,8.9366391184573,0.0,,,-0.5156092444225687,0,0.13401891546887165,-0.20693317317035084,,0,,-0.136814192815203,-0.2045158488927486,-1.6723163841807909,-0.3520057824358511,-0.011404104296853984,-0.0989295546752243,0.10000804569957358,-0.21102497846683893,,,0.32470414201183434,-1.788218793828892,1.9567669172932332,-0.3026315789473684,-0.17599879053059603,-0.10730204171393115,-0.25114883490134704,0.1356162267450591,0,0,0,1,0,0,0,0,1,-0.044355054974524,-0.05288526244819305,0,0,,,,,,,0,-0.5156092444225687,-0.3787950516073657,-0.3110933955298201,-0.1636034619867176,-0.4388337348163448,0.2844973030413011,0.3375920475446539,0.0,growth-flip; under-priced vs fundamentals
ARGNF,argenx SE,Health Care,Biotechnology,Large Cap,USD,53978984448.0,49145917440.0,868.0,5227838000.0,1751168000.0,685192000.0,573512000.0,0.3349698288279017,0.10970347589194615,0.39127713617425625,0.48705091463414635,-2.9334706892770996,9.400811088637406,28.064650244865142,30.763747617411163,6.413090703100868,0.010624727490982826,,,0.09603737552702467,0.10548180337316743,5137000000.0,0.09516666629674492,0,2026-06-30,,0,10.325297847408432,33.11713,78.77935592943292,4702725000.0,0.8995544620931253,0.08712140563760166,0.005583937269811097,0.00017000001,,,0.5850986827952854,0,0.3791885771309286,7.774402166166977,3.9570563703650863,0,2.182051466648021,1.3868888715391208,15.650673664793526,9.280566062817988,4.796885758169588,0.2869516060924916,0.17866789106093972,0.12166132888373861,0.16264515902012558,,,0.16718027734976887,0.24824355971896955,9.280566062817988,4.796885758169588,0.11034212316931258,9.916466800073312,8.477429457270402,4.122322750105194,0,0,0,0,0,1,1,0,1,-0.008266813681660034,0.4953177283158064,1,1,724560000.0,,0.0,0.0,0.0,0.0,0,0.5850986827952854,-0.8017901887438353,-15.06557498199824,-4.2117870753743025,-0.33591433531081094,5.103766645356798,0.32656181872745704,0.7434473743897708,first-positive: FCF/CFO/ROCE; ROCE improving from <=0; accelerating sales; under-priced vs fundamentals
ARGTF,Artemis Gold Inc.,Materials,Metals & Mining,Small Cap,USD,6513018880.0,6926808576.0,27.93,1313734000.0,947126000.0,718370000.0,244197000.0,0.7209419867339963,0.1858800944483434,0.7584735293931325,0.5348985707977382,0.2768575669974217,5.272611180041013,7.313502718751254,7.436147498939888,4.87622588846929,0.037493672980109645,,,0.027474356100745712,0.025833108860550097,-405793000.0,-0.06230490153285108,0,2026-06-30,,0,4.95763897409978,16.927273,9.066384843465066,951768000.0,0.7244754265323117,0.14613315538246988,0.43778394032049883,0.34284002,,,0.37721890332912267,0,0.38148601946882743,21.73721277945247,0.34209296170524,0,,,31.858045808490534,82.53104074452389,1.4955467213763463,,,0.4260852763246879,0.5231856881406741,0.3685792776556386,1.5011471413646886,0.37478557817003455,0.5754818878679882,0.6224516129032258,1.1939020212401508,,22.903562901075755,64.67121009305477,1.5402536554037476,0,1,1,1,1,1,1,1,1,-0.015133012924374162,0.5500315837221124,1,1,146563000.0,0.0,0.0,0.0,0.0,0.0,0,0.37721890332912267,,-31.48082690516141,-1.1183278180472236,,16.299577361604317,0.28786594310516433,0.7952423393769913,growth-flip; first-positive: FCF/EBITDA/CFO/NI/ROCE; ROCE improving from <=0; under-priced vs fundamentals
ARGYF,Avanti Energy Inc.,Energy,"Oil, Gas & Consumable Fuels",Micro Cap,USD,52660760.0,51667948.0,0.409,,-1842449.0,-1759869.0,-2672469.0,0.0,,0.9551792207002745,-0.09155972265763322,0.5285557429269413,,-28.043081789509507,,2.13092900891825,-0.0507487738498267,,,0.023939760839000426,0.02439976907927522,973837.0,0.018492649935169945,0,2026-03-31,,0,,,,-82752.0,,-0.0015714167437006225,0.01160740663976728,0.092539996,,,2.655049176494464,0,0.5430534271140999,0.5009857859239855,,0,,,0.5752575670218311,0.47031974602349064,0.3524422237282944,,,,0.17157709110071565,0.3673536662786626,0.11529825139857328,,-0.4696953094752836,1.097029492766871,0.5291954067373644,,-0.16544009585243763,-0.3436841383862683,-0.4135477953762546,0,0,0,0,0,0,0,0,1,-0.12887042248280708,0.03731069982517386,1,0,348288.0,7.67315842061742,1.8373444856338277,0.7383517528975849,1.1262130889780968,0.7894039416952572,0,2.655049176494464,,2.079791609472633,2.3026069527661694,,-2.191199281119401,0.19910563750269594,0.5668838298669573,ROCE improving from <=0
ARHOF,AmRest Holdings SE,Consumer Discretionary,"Hotels, Restaurants & Leisure",Small Cap,USD,1822047104.0,2282513664.0,8.51697,2526600000.0,389600000.0,386500000.0,233200000.0,0.1541993192432518,0.09229794981397926,0.9920431211498973,0.06462512066931245,1.3934804928131417,0.9033933602469723,5.85860796714579,18.94202210788382,5.1109315680224405,0.12798790958150771,,,0.06426837140649466,0.051303088278029256,-1508100000.0,-0.827695396397392,0,2026-03-31,,0,0.7211458497585689,,4.714222778783959,283500000.0,0.11220612681073379,0.1555942211250319,4.558765778401122,0.72336,,,0.008286959103743921,0,0.17082379484279842,0.049989502920291536,378.9199932251167,0,1209.4124126116965,-0.011618354653209716,0.03150648662960021,-0.05385556915544676,0.2101712506486767,0.006446708047382788,0.01691556120544349,-0.012313826668230327,-0.0313276976628543,0.025198938992042442,0.09022907900888266,-0.07378854625550661,-0.26321036889332006,-0.42568807339449544,-0.5182250396196514,-0.05057896306772085,0.0009226340302870978,-0.1796754856730377,-0.0012877766265699253,0,0,0,0,0,0,0,0,0,0.08641432730868538,-0.021789206639372935,0,0,19300000.0,0.0,0.0,0.0,,0.0,0,0.008286959103743921,0.01990531375695364,-0.023219527525856293,-0.2018842915449328,0.020139299278437828,0.06839950177127847,0.6447946901734591,0.11452126055541938,
ARHVF,ARCHER LIMITED,Energy,"Oil, Gas & Consumable Fuels",Micro Cap,USD,,,2.5,1267800000.0,133600000.0,121400000.0,62700000.0,0.10537939738129043,0.04945575011831519,0.9086826347305389,0.11875709421112372,3.481287425149701,,,,,,,,,,-525100000.0,,0,2026-03-31,,0,,,,1192800000.0,0.9408424041646948,,3.087367835281024,0.42644,,,0.16279064609657792,0,0.597166082281719,-0.009349320045821091,,0,,0.13959550561797754,0.047021943573667714,-0.30349971313826735,-0.4199814986123959,-0.009317231832192713,-0.04771278920752751,-0.016065192083818392,0.10963455149501661,0.15180265654648956,0.29545454545454547,-0.07569721115537849,0.2847222222222222,-0.9395973154362416,-1.070683661645423,0.12426146441210865,-0.5386280696290379,-2.524559381408682,-34.42323416191698,1,0,0,0,0,0,0,0,1,0.1334882948696663,-0.014731200658542568,0,0,14300000.0,0.0,,0.0,,0.911504424778761,0,0.16279064609657792,0.023195140478600385,0.11576870252291022,0.5827721447089739,,-0.2405786625701615,0.35003997348037535,0.21805407474504096,growth-flip; accelerating sales
ARIZF,Affinity Metals Corp.,Materials,Metals & Mining,Nano Cap,USD,125204.0,1458215.0,0.0018,,-436007.0,-672394.0,-679389.0,0.0,,1.5421633138917494,-0.5186668416728648,-1.1695018657957326,,-3.3444761207962257,,0.2040176505478318,-5.4262563496373915,,,1.049223666975496,0.090087538531698,-414843.0,-3.3133366346123125,0,2026-03-31,,0,,,,,,,0.8900393031031854,0.254,,,0.2857143094725155,0,0.7814575601805829,-9.21253829405308,,0,,,0.22104189333804988,-27.780293626674656,-28.079698668835338,,,,0.20213334406898142,-0.20261056818669604,-0.21512147834423156,,0.39712350889089143,-5.111326756159362,-8.108234664526055,,0.3150779930390429,-21.77693794630239,-21.77693794630239,0,1,0,0,0,0,0,0,1,-0.5036601197313982,-0.015006721941466572,0,0,,,,3.524029291002554,,5.984377071906455,0,0.2857143094725155,,0.06467241613446564,28.36541297830785,,-14.21504269722116,0.32037814427278954,0.3571428679420526,growth-flip; cash 105% of mcap
ARKAF,Arkema S.A.,Materials,Chemicals,Mid Cap,USD,5174773760.0,8161573376.0,68.44,8901600000.0,987800000.0,939000000.0,346500000.0,0.11096881459512896,0.03892558641143165,0.9505972869001822,0.04218005028638199,2.4614294391577243,0.9168658865821875,8.26237434298441,20.18692400692555,0.7632297104762467,0.06695944906391424,,,0.2834713299620658,0.17973250161709997,-2805000000.0,-0.5420526828983534,0,2026-06-30,,0,0.5813307450346005,253.48148,5.510941171458999,1614000000.0,0.1813157185225128,0.3118976934752023,0.6300644533266471,0.10313,,,0.0350259686225842,0,0.18212234605253222,-0.13933783672117725,,0,,-0.06730930427493713,-0.26228528752800595,-0.1623550401427297,-0.0375,-0.02932875455826585,0.0012055528825129572,0.0036983582897348005,0.04795247188627201,-0.06752730883813307,-0.11607142857142858,0.11275093959116327,0.13618677042801555,4.727554179566564,1.4457193292144748,-0.053027514400184245,-0.2146661858205289,0.008095169968413196,0.32902848041971144,0,0,0,0,0,0,0,0,0,0.07360683421078772,-0.031426783924405725,0,0,,,,,,,0,0.0350259686225842,0.10233527289752133,0.2973112561505902,0.0725259686225842,0.1097204822204933,-0.15739083255689856,0.4650954611205039,0.04722075617670295,
ARKAY,Arkema S.A.,Materials,Chemicals,Mid Cap,USD,5429580288.0,8416380416.0,71.81,8901600000.0,987800000.0,939000000.0,346500000.0,0.11096881459512896,0.03892558641143165,0.9505972869001822,0.04218005028638199,2.4614294391577243,0.9454907450346005,8.520328422757643,20.81716650012367,0.8008112399522131,0.06381708743966914,,,0.27016821230952576,0.17429107615090006,-2805000000.0,-0.5166145173687503,0,2026-06-30,,0,0.6099555459692639,256.46426,5.782300626198083,1614000000.0,0.1813157185225128,0.2972605458228745,0.6300644533266471,0.0,87.0,0.21153042751705886,0.048621758499298895,0,0.1772441524766059,-0.13933783672117725,,0,,-0.06730930427493713,-0.26228528752800595,-0.1623550401427297,-0.0375,-0.02932875455826585,0.0012055528825129572,0.0036983582897348005,0.04795247188627201,-0.06752730883813307,-0.11607142857142858,0.11275093959116327,0.13618677042801555,4.727554179566564,1.4457193292144748,-0.053027514400184245,-0.2146661858205289,0.008095169968413196,0.32902848041971144,0,0,0,0,0,0,0,0,0,0.07360683421078772,-0.031426783924405725,0,0,,,,,,,0,0.048621758499298895,0.11593106277423602,0.31090704602730485,0.0861217584992989,0.12429743676612162,-0.17098662243361326,0.45384060959071243,0.05061970364588162,
ARLUF,Aristocrat Leisure Ltd.,Communication Services,Interactive Media & Services,Large Cap,USD,27694788608.0,29112680448.0,46.2,6297000000.0,2656900000.0,,1475400000.0,0.4219310782912498,0.23430204859456885,,0.18943256578947368,0.15932101321088488,4.623261941877084,10.95738659640935,21.0640912003473,4.223569299091076,0.05327356062843576,,,0.046629711397290184,0.044358677391683365,-738800000.0,-0.02667649897809973,0,2025-09-30,,0,4.398092521518183,27.500002,,3837600000.0,0.6094330633635064,0.1385675859208927,0.3096138595742085,0.11294,,,0.0682081101257677,0,0.21012425527537024,0.04117488867132946,511.57615430335005,0,1120.223830760514,-0.04642922042522261,0.0690029773879456,,0.16072692943120132,0.045560613696180474,0.04181613182189939,,,,,-0.04642922042522261,0.0690029773879456,,0.16072692943120132,-0.0953356168545315,-0.005811068624854948,,0.21665384565223517,0,0,0,1,0,0,0,0,1,0.18543054926570485,0.004002016523768831,0,0,204300000.0,,0.0,0.0,,0.0,0,0.0682081101257677,0.11463733055099032,-0.0007948672621778952,-0.09251881930543361,0.12021900524480211,-0.007107881327792938,0.4980256051997709,0.21440804454171136,growth-flip
ARREF,Amerigo Resources Ltd.,Materials,Metals & Mining,Micro Cap,USD,876628736.0,826332800.0,5.43,412425000.0,118856000.0,93167000.0,78991000.0,0.288188155422198,0.19152815663453962,0.7838645083125799,,,2.0035953203612777,6.9523860806353905,8.554612557585797,7.713950264866862,0.09010770096407152,,,0.05737434552909751,0.060866517703278875,,,0,2026-06-30,,0,2.1255470352185246,16.454544,9.40921931585218,103655000.0,0.25133054494756624,0.11824275858554562,,0.13159001,,,2.8850724885770265,0,0.3297315367515095,0.6976683427366971,12.261718116704548,0,11.134425281767918,0.39809824061832605,1.0630066130907956,0.5585499682157316,0.5661320062652417,0.09288322983150002,0.02054947939124324,0.1597807686034544,0.21899838979313457,0.29421978968424856,0.41733653915165436,0.19660032425228022,0.07442287112062376,-0.4259010019440706,-0.46896051103368175,-0.09809496622149436,-0.4977222895955526,-2.2162488791322956,-14.23403102039954,0,0,0,0,0,0,0,0,0,0.47941025029198636,,0,0,23259000.0,0.0,0.0,0.0,0.0,0.0,0,2.8850724885770265,2.4869742479587003,1.822065875486231,2.3189404823117847,1.7788265342919003,-2.101701785012154,0.6131359303049156,0.4727531392985123,
ARRPY,Aeroports de Paris SA,Industrials,Air Freight & Logistics,Large Cap,USD,13490368512.0,23513057280.0,13.635,6704000000.0,2112000000.0,1638000000.0,373000000.0,0.315035799522673,0.05563842482100239,0.7755681818181818,0.10585874799357946,3.797348484848485,3.507317613365155,11.133076363636363,17.826427050796056,3.1040884749194664,0.027649355884400616,,,0.13891392205728353,0.07970039700426401,-8114000000.0,-0.6014661491850579,0,2025-12-31,,0,2.0122864725536993,19.478573,8.235878212454212,3257000000.0,0.48582935560859186,0.24143150701204508,2.2982052462034055,,,,0.15567248795027191,0,0.2257837152674827,0.05800142380067274,307.3446457462531,0,96.78048791285273,0.08866515102305944,0.12760277629471437,0.07480314960629922,-0.1425287356321839,0.01087860562855153,-0.015001393301764747,,,,,0.08866515102305944,0.12760277629471437,0.07480314960629922,-0.1425287356321839,-0.0319899900142472,0.23014230672116381,0.1145006921393805,0.10487610865847352,0,1,1,0,0,0,0,0,1,0.10371267150928168,0.002146076484297779,0,0,,,,0.0,0.0,0.0,0,0.15567248795027191,0.06700733692721247,0.02806971165555755,0.2982012235824558,0.06154999713570631,-0.11370706732523303,0.36024206677664794,0.16367810154023593,growth-flip
ARRRF,Ardea Resources Limited,Materials,Metals & Mining,Micro Cap,USD,70308512.0,96158904.0,0.32,,-7121416.0,,-53393248.0,-0.41426,,,-0.07347119092275038,-4.885641422997899,,-13.502778660873062,,1.0396123765138447,-0.759413710817831,,,0.20884438572672395,0.15270076289555048,-35037853.0,-0.4983443967637944,0,2025-06-30,,0,,,,,,,0.7352022108089001,0.39033002,,,0.14285711244660995,0,0.5632384390762883,-1.1036015110874329,,0,,,0.1410244286535871,,-3.592853390569473,,,,,,,,0.1410244286535871,,-3.592853390569473,,1.3663455941876756,,-3.5699531370109026,0,1,0,0,0,0,0,0,1,-0.2055350620617901,0.13206387113903972,1,0,,,,6.090970050702375,,0.733071843032046,0,0.14285711244660995,,0.0018326837930228435,3.735710503016083,,-1.868771593404553,0.331931064323972,0.4740259602030046,growth-flip; ROCE improving from <=0
ARRXF,Archer Materials Limited,Materials,Metals & Mining,Micro Cap,USD,49321876.0,34559596.0,0.1738,,-9141650.0,,-4400785.0,,,,-3.195508354515486,1.50988344554867,,-3.7804549506927088,,2.9502230408201546,-0.0892258234459695,,,0.280155604786809,0.3998252757352835,13802826.0,0.2798520072513057,0,2025-06-30,,0,,,,,,,0.0008956804443780888,0.14669,,,-0.061301599345717085,0,0.3582419530384274,-0.11845022586095258,,0,,,-0.2368759554799613,,0.11840123337706485,,,,,,,,-0.2368759554799613,,0.11840123337706485,,-0.5226426596480719,,0.6729424328266033,0,0,0,1,0,0,0,0,1,-2.417503775048605,-0.7780045794668813,0,0,591038.0,,7.4458579651392975,,,,0,-0.061301599345717085,,0.1755743561342442,-0.17970283272278192,,0.0020642382942688553,0.25456460788271207,0.0853227527724618,growth-flip
ARSEF,Altai Resources Inc.,Energy,"Oil, Gas & Consumable Fuels",Nano Cap,USD,840503.0,184580.0,0.015,82906.0,-158033.0,-235157.0,-285831.0,-1.9061708440884857,-3.447651557185246,1.4880246530787873,,,2.2263768605408534,-1.1679839020963976,,1.2764949593436667,-0.3400713620296418,,,0.7803934072811162,3.5535973561599308,,,0,2026-03-31,,0,10.138023785974477,,,12329.0,0.14871058789472413,0.014668597256642749,,0.02713,,,1.75,0,0.2251714947520355,-2.757560254815618,,0,,-0.5695095672040917,-4.69570388524472,-2.857172191026765,-3.2573743691804675,-1.7620993951179014,-4.105132669421401,-0.31164636627062214,-0.02114887567846989,0.2101350942838525,0.17957071344921813,1.0982015850436904,0.5546618470792749,-0.3431364239907337,-0.3431364239907337,,-3.1016949187837017,-7.749718097746371,-8.203381932889764,0,0,0,0,0,0,0,1,1,,,0,0,62561.0,4.568836815268298,,,,0.0,0,1.75,2.3195095672040917,6.44570388524472,5.007374369180468,5.388062986997321,-4.59086260720976,0.20938659647853725,0.22499999999999998,first-positive: NI; cash 78% of mcap
ARSLF,Altima Resources Ltd.,Energy,"Oil, Gas & Consumable Fuels",Nano Cap,USD,5697495.0,3274163.0,0.1,2935871.0,-1338547.0,-178983.0,-701571.0,-0.45592841102350884,-0.23896519976524855,0.1337143932936236,0.27348882437587224,-2.4460149699636995,1.1152271336172468,-2.446057553451616,,,-0.12313674693878626,,,0.14949938525615206,0.2601495405085208,-3274106.0,-0.5746571080799544,0,2024-11-30,,0,1.9406489590312381,,,-534781.0,-0.1821541205318626,-0.09386247815926121,,0.09797,,,-0.8444790039628282,0,0.2298717647058824,-2.6513407689765334,,0,,0.9815263147593075,-7.742528573515411,0.789324940057841,0.26530067262953855,-0.589918817476981,0.40553767917612715,,,,,,,,,1.1700766906299769,-8.941017830341751,3.8253972271539105,3.801814777544643,1,0,1,1,0,0,0,0,1,0.06356729438059813,0.2099215299952741,0,0,253338.0,,2.7693081969542668,,0.2669053633687551,,0,-0.8444790039628282,-1.8260053187221357,6.898049569552583,-1.1097796765923666,-0.9215145441780002,-0.7601875075150203,0.3823529411764705,0.43198095518488266,growth-flip; accelerating sales
ARSMF,Ares Strategic Mining Inc.,Materials,Metals & Mining,Micro Cap,USD,77662288.0,97777664.0,0.29,,-4025587.0,-4030418.0,-25804648.0,0.0,,1.0012000734302848,-0.10784948836999822,-5.687871855707006,,-24.28904505106957,,2.066317966049528,-0.3322674191623095,,,0.1555433957856096,0.12354412557861885,-22897023.0,-0.29482807665929184,0,2026-03-31,,0,,,,-446182.0,,-0.005745156516635204,0.93061066490908,0.06671,,,0.4871794989358278,0,0.2998311942693615,-2.5895938203873192,,0,,,-3.558740861198938,-10.940432647605048,-0.6512997387640814,,,,-2.388045016975628,-2.2897423737722904,-0.651215734966437,,-5.325415327264378,-2.5889355833708945,-1.3849283859052244,,-1.742116527540032,-7.002112476757729,2.397498359281549,0,0,0,1,0,0,0,0,1,-0.034937618023145475,-0.07291187034685274,0,0,,,,,,,0,0.4871794989358278,,4.045920360134766,1.1384792376999093,,-2.5921997989173375,0.20234249040803282,0.44871795406174,growth-flip
ARSUF,Fagron NV,Health Care,Pharmaceuticals,Small Cap,USD,2017035008.0,2528368896.0,27.5,952169000.0,181372000.0,155255000.0,124643000.0,0.19048299198986735,0.1309042827481256,0.8560031316851554,0.1340470290054018,2.4345378558983746,2.6553782952396054,13.940238272721258,17.147064102216316,3.3919358553516656,0.061795159481932004,,,0.06504200446678614,0.05188799791341841,-505346000.0,-0.25053903278608836,0,2026-06-30,,0,2.1183581990171914,19.097221,12.991755550545877,432005000.0,0.45370622231977725,0.2141782360180037,1.0704306355270947,0.00298,,,0.09126980823123847,0,0.17341301045050284,0.2564857085513657,66.85387735271152,0,85.83951983607557,0.09198701775310794,0.14728505642427003,0.4127833437980581,0.8038843944020725,0.00918109740754705,0.05166096883464333,,,,,0.09198701775310794,0.14728505642427003,0.4127833437980581,0.8038843944020725,-0.050831180626689454,-0.031394215587241786,0.5310505763929567,1.0019136194395033,0,0,1,1,0,0,0,0,1,0.1742499299727153,-0.04020290096731349,0,0,55546000.0,,0.0,0.0,0.0,0.0,0,0.09126980823123847,-0.0007172095218694746,-0.05601524819303157,-0.7126145861708341,-0.0006567930847249464,0.192500959242615,0.5349799971677631,0.15356133213285986,growth-flip; under-priced vs fundamentals
ARTNB,Artesian Resources Corporation,Utilities,Water Utilities,Small Cap,USD,345971904.0,527721904.0,33.51,114829000.0,54008000.0,38024000.0,-23562000.0,0.47033414903900583,-0.20519206820576683,0.7040438453562435,0.08545731272732289,3.365242186342764,4.595719757204191,9.77118026958969,14.197522302932473,1.368570574134289,-0.06810379608166102,,,0.012298686543055241,0.008062958857209004,-182156000.0,-0.5265051811837299,0,2026-03-31,,0,3.0129314371805034,14.8933325,9.098777193351568,56782000.0,0.4944918095603027,0.16412315376915693,0.7373911186006218,0.7036,,,0.03834482696666188,0,0.24754454549251326,-0.2602301632898324,,0,110.13025588519262,0.06370423892100192,0.07763832631641958,0.03261548488716291,-1.5838359469240049,0.006081518240132255,-0.12071933958563937,0.016716692786499145,0.016257714887851875,-0.05755217369751648,-0.2736904697551219,-0.008602534356594681,0.22211297819091885,-0.1747730530339226,0.4276089996186602,-0.04574241028840054,-0.04013476355880185,-0.06042794977049451,-1.7279224892766507,0,0,0,0,0,0,0,0,0,0.08022476165819256,0.005232551069130328,0,0,,,,0.0,0.0,0.0,0,0.03834482696666188,-0.025359411954340043,-0.0392934993497577,1.6221807738906668,-0.023840660802540294,-0.3834218004460072,0.46225049914315175,0.11080752938783886,
ARTTF,Artemis Resources Limited,Materials,Metals & Mining,Micro Cap,,,,,,-16587012.0,,-4263197.0,,,,-0.46839408945938993,0.0967525676113335,,,,,,,,,,1604836.0,,0,2024-06-30,,0,,,,,,,0.0015014084343327801,,,,,0,0.5708180301730114,0.17826677234869298,,0,,,0.007254987512142219,,0.5202903420217945,,,,,,,,0.007254987512142219,,0.5202903420217945,,0.9518180138567214,,0.2599848503429286,0,1,0,0,0,0,0,0,1,-0.4201264222086683,-0.048267667250721624,0,0,4623839.0,,0.9220037721901649,136.83621244369647,,50.00925027277604,1,,,,,,,0.0,0.30645296452429166,growth-flip; FCF break-even ETA 0.9y
