ticker,name,sector,mcap_M,price,p_b,pe_trailing,pe_forward,ev_ebitda,ev_revenue,psu_core,gov_score,psu_pct_lti,cond_cats,per_share_metrics,psu_points,value_points,total,value_reasons
MAT,"Mattel, Inc.",Consumer Cyclical,3811.0,13.115,1.9074215504729493,9.685407407407407,8.842257,8.032426467646298,1.094,49.0,12.0,75,"ebitda_dollar_target,fcf_dollar_target","eps,tsr,roic,roce,roe,cfroi",68.5,16.0,84.5,P/E 9.7; EV/EBITDA 8.0
SD,"SandRidge Energy, Inc.",Energy,524.0,14.19,0.9653370856912256,6.212389380530974,9.409396,3.058071405400104,2.541,51.3,7.0,,spin_separation,"eps,tsr,roic,roe,cfroi",49.1,28.0,77.2,P/B 0.97; P/E 6.2; EV/EBITDA 3.1
THRY,"Thryv Holdings, Inc.",Technology,84.0,1.9,0.39829752034864485,-5.082972972972973,17.5,5.0750936055469955,0.526,11.7,10.0,60,"ebitda_dollar_target,revenue_dollar_target,fcf_dollar_target",tsr,52.9,24.0,76.8,P/B 0.40; EV/EBITDA 5.1
NUS,"Nu Skin Enterprises, Inc.",Consumer Defensive,229.0,4.715,0.421778438623353,-1.0478672027673577,3.8030303,7.600763293746662,0.24,52.5,11.0,50,asset_sale_named,"eps,tsr,roic,roe,cfroi",53.8,18.0,71.8,P/B 0.42; EV/EBITDA 7.6
KSS,Kohl's Corporation,Consumer Cyclical,2026.0,17.865,0.48605830134357003,7.190843493406319,11.591651,5.846189294026377,0.521,16.5,7.0,89,operating_margin_target,"eps,tsr",33.8,34.0,67.8,P/B 0.49; P/E 7.2; EV/EBITDA 5.8
DXC,DXC Technology Company,Technology,1797.0,11.085,0.5712749491255962,14.467105263157896,2.792208,2.573158271437782,0.331,49.5,12.0,85,,"eps,tsr",42.8,23.0,65.8,P/B 0.57; P/E 14.5; EV/EBITDA 2.6
FPH,"Five Point Holdings, LLC",Real Estate,344.0,4.84,0.40527760351945535,6.362665242355455,7.7575755,4.22066151142355,18.518,39.6,7.0,70,,"eps,tsr",31.3,34.0,65.3,P/B 0.41; P/E 6.4; EV/EBITDA 4.2
LE,"Lands' End, Inc.",Consumer Cyclical,318.0,10.35,0.6455413658774118,0.9002712160979879,16.368422,0.7109622572045674,0.31,42.8,15.0,75,,"tsr,roic",36.9,28.0,64.9,P/B 0.65; P/E 0.9; EV/EBITDA 0.7
FIS,Fidelity National Information S,Technology,18094.0,35.0057,1.1281775018705573,5.326952526799387,5.5786724,6.224841905844157,3.509,44.1,12.0,65,ebitda_dollar_target,"eps,tsr",48.0,16.0,64.0,P/E 5.3; EV/EBITDA 6.2
ANAB,"AnaptysBio, Inc.",Healthcare,1483.0,50.0888,140.1090444024563,7.628148148148148,10.984729,9.801106588150228,7.163,39.0,-2.0,50,"spin_separation,fda_phase_milestone","eps,tsr,roic,roe",46.5,16.0,62.5,P/E 7.6; EV/EBITDA 9.8
DCO,Ducommun Incorporated,Industrials,2526.0,167.47,3.659105425831139,-94.84530386740333,32.284332,492.74927421676443,3.3,60.8,12.0,70,revenue_dollar_target,"eps,fcf_per_share,tsr,roic,roe",62.0,0.0,62.0,
WHR,Whirlpool Corporation,Consumer Cyclical,2174.0,33.54,0.5528011271294178,11.24406779661017,8.253177,9.249248878099174,0.592,33.8,16.0,70,operating_margin_target,"eps,tsr,roic",44.9,17.0,61.9,P/B 0.55; P/E 11.2; EV/EBITDA 9.2
TROX,Tronox Holdings plc,Basic Materials,695.0,4.355,0.598387105081826,-1.2471098265895957,-42.73751,43.87907230681819,1.571,63.9,15.0,86,,"eps,tsr,roic,roe,other_per_share",55.5,6.0,61.5,P/B 0.60
TRS,TriMas Corporation,Consumer Cyclical,1409.0,39.32,0.9765253006703128,1.637082294264339,20.170506,3.9961076759061838,1.077,38.2,12.0,60,,"eps,tsr",33.1,28.0,61.1,P/B 0.98; P/E 1.6; EV/EBITDA 4.0
ECPG,Encore Capital Group Inc,Financial Services,2022.0,94.285,1.873993006506804,6.996747608535689,6.218645,9.456289658045321,3.022,57.6,4.0,75,,"eps,tsr,roic,roe,other_per_share",44.8,16.0,60.8,P/E 7.0; EV/EBITDA 9.5
SAFE,Safehold Inc. New,Real Estate,929.0,12.97,0.3807815218933184,7.969135802469137,8.852418,16.449796634928145,13.956,48.0,12.0,,,"eps,tsr,roic,roe",38.0,22.0,60.0,P/B 0.38; P/E 8.0
TRN,"Trinity Industries, Inc.",Industrials,2209.0,27.73,1.9326697987927566,6.481162790697674,14.513684,6.994766991955564,3.904,37.8,-2.0,84,revenue_dollar_target,"eps,tsr,roe",43.9,16.0,59.9,P/E 6.5; EV/EBITDA 7.0
KD,"Kyndryl Holdings, Inc.",Technology,2719.0,12.33,2.2772003140703516,8.242460958535272,4.2426815,2.403746130681818,0.323,31.5,12.0,65,spin_separation,tsr,37.8,22.0,59.8,P/E 8.2; EV/EBITDA 2.4
GNPX,"Genprex, Inc.",Healthcare,2.0,4.1,0.13992738923796955,-0.024513792669101902,-0.27155963,0.8416481001203784,,14.4,0.0,,"spin_separation,merger_acquisition_close","eps,tsr,roe",35.2,24.0,59.2,P/B 0.14; EV/EBITDA 0.8
CLW,Clearwater Paper Corporation,Basic Materials,350.0,21.685,0.4404112353607858,-7.098684210526316,-10.902598,57.56500367924528,0.395,39.8,18.0,60,spin_separation,"tsr,roic",46.9,12.0,58.9,P/B 0.44
AMPY,Amplify Energy Corp.,Energy,177.0,4.285,0.4029190319913821,8.43,4.4891305,2.1684134855462465,0.579,30.6,15.0,50,,tsr,24.8,34.0,58.8,P/B 0.40; P/E 8.4; EV/EBITDA 2.2
GIII,"G-III Apparel Group, LTD.",Consumer Cyclical,1171.0,27.7511,0.6544168245183265,8.50778816199377,14.076923,4.428543203560649,0.47,33.3,8.0,50,,"eps,tsr,roic,roe,cfroi",30.6,28.0,58.6,P/B 0.65; P/E 8.5; EV/EBITDA 4.4
HAIN,"The Hain Celestial Group, Inc.",Consumer Defensive,50.0,0.5501,0.230338071687714,-0.164375,6.7322216,-4.153415750675335,0.416,36.6,12.0,40,ebitda_dollar_target,"eps,tsr,roic,roe,cfroi",46.3,12.0,58.3,P/B 0.23
KMT,Kennametal Inc.,Industrials,2289.0,30.03,1.689327493810593,6.638084632516703,9.443971,5.00886797420348,1.575,24.0,12.0,60,spin_separation,"tsr,roic",36.0,22.0,58.0,P/E 6.6; EV/EBITDA 5.0
BBW,"Build-A-Bear Workshop, Inc.",Consumer Cyclical,329.0,26.255,2.070287093467172,6.469059405940595,7.5162473,5.4696400262116835,0.94,23.4,12.0,70,ebitda_dollar_target,tsr,35.7,22.0,57.7,P/E 6.5; EV/EBITDA 5.5
WW,"WW International, Inc.",Consumer Cyclical,154.0,15.41,0.5529549327112866,-1.50635,-144.0036,4.640282883234849,0.779,34.2,3.0,70,chapter11_emergence,tsr,39.6,18.0,57.6,P/B 0.55; EV/EBITDA 4.6
MMS,"Maximus, Inc.",Industrials,2900.0,55.205,1.6664221743574306,7.888563049853371,6.145535,6.160072979591937,0.827,44.2,15.0,88,,"eps,tsr",41.6,16.0,57.6,P/E 7.9; EV/EBITDA 6.2
AES,The AES Corporation,Utilities,10573.0,14.825,2.139329694455686,5.636882129277566,6.144045,9.058025699091514,3.877,23.2,12.0,90,fcf_dollar_target,"eps,tsr",41.6,16.0,57.6,P/E 5.6; EV/EBITDA 9.1
CUBB,"Customers Bancorp, Inc 5.375% S",Financial Services,724.0,21.2,0.32840657081768443,2.5049705535924613,,-6.12882718078762,,32.2,15.0,67,,"eps,tsr,roe,other_per_share",35.6,22.0,57.6,P/B 0.33; P/E 2.5
DCH,Dauch Corporation,Consumer Cyclical,1357.0,5.715,0.8985576213817315,-5.35847997004867,5.713613,7.830741510459115,0.858,44.2,15.0,90,,"eps,tsr,roic,roe",45.6,12.0,57.6,P/B 0.90; EV/EBITDA 7.8
GPRE,"Green Plains, Inc.",Basic Materials,1061.0,15.15,1.2195834810456885,8.337988826815645,9.702127,5.985168387072241,0.778,36.0,15.0,50,,"eps,tsr,roic,roe,cfroi",35.5,22.0,57.5,P/E 8.3; EV/EBITDA 6.0
HFFG,HF Foods Group Inc.,Consumer Defensive,82.0,1.53,0.39569070130724326,-2.361538461538462,3.1499999,255.54062959472196,0.252,47.6,15.0,50,revenue_dollar_target,tsr,45.3,12.0,57.3,P/B 0.40
LGL,"LGL Group, Inc. (The)",Technology,40.0,7.12,0.9101070768120518,-346.00000000000017,345.0,6.100028806584363,-0.088,16.5,4.0,,"spin_separation,chapter11_emergence","eps,tsr,roic,roce,roe",45.2,12.0,57.2,P/B 0.91; EV/EBITDA 6.1
FISV,"Fiserv, Inc.",Technology,24506.0,45.955,0.9108566596045198,8.826628352490422,5.350194,7.525498337079566,,38.2,12.0,60,,"eps,fcf_per_share,tsr",35.1,22.0,57.1,P/B 0.91; P/E 8.8; EV/EBITDA 7.5
APA,APA Corporation,Energy,15549.0,43.99,2.2146624839766416,9.264270613107822,7.665689,3.5371241182956457,2.014,35.2,15.0,60,,"fcf_per_share,tsr,roic",35.1,22.0,57.1,P/E 9.3; EV/EBITDA 3.5
IRWD,"Ironwood Pharmaceuticals, Inc.",Healthcare,715.0,4.3407,,5.423869346733668,2.4583333,4.243184847982769,2.654,46.8,15.0,50,,"tsr,roe",34.9,22.0,56.9,P/E 5.4; EV/EBITDA 4.2
LNC,Lincoln National Corporation,Financial Services,7876.0,41.14,0.6939932663670808,3.438333333333333,4.466002,1.451024836973726,-1.481,12.8,12.0,,spin_separation,"eps,tsr,roe",28.4,28.0,56.4,P/B 0.69; P/E 3.4; EV/EBITDA 1.5
BFH,"Bread Financial Holdings, Inc.",Financial Services,4077.0,100.9,1.2116115479940566,7.63335895465027,8.227626,4.896912404054055,1.656,30.8,18.0,60,,"eps,tsr,roe",34.4,22.0,56.4,P/E 7.6; EV/EBITDA 4.9
AXS,Axis Capital Holdings Limited,Financial Services,7047.0,96.58,1.0836320672406397,5.967438948027551,6.958181,5.234564065639469,1.29,36.8,12.0,60,,"eps,tsr,other_per_share",34.4,22.0,56.4,P/E 6.0; EV/EBITDA 5.2
SYF,Synchrony Financial,Financial Services,23414.0,71.96,1.385671163283423,7.155172413793102,7.175745,4.494042088218224,2.27,32.0,8.0,86,,"eps,tsr,roe",34.0,22.0,56.0,P/E 7.2; EV/EBITDA 4.5
HON,Honeywell International Inc.,Industrials,67160.0,211.9,2.662210568042177,8.24253007372914,20.007618,7.383996366533864,4.555,31.5,12.0,59,spin_separation,"eps,tsr,roic,roe",39.8,16.0,55.8,P/E 8.2; EV/EBITDA 7.4
LKQ,LKQ Corporation,Consumer Cyclical,5962.0,23.565,0.924770345276873,13.025444444444444,7.761289,8.646394162055335,0.834,49.5,12.0,50,,"eps,tsr,roic,cfroi",38.8,17.0,55.8,P/B 0.92; P/E 13.0; EV/EBITDA 8.6
CBL,"CBL & Associates Properties, In",Real Estate,1648.0,53.26,3.8558234636296427,7.5553977272727275,-121.53847,6.190529257634364,5.857,51.3,12.0,70,,"tsr,roic",39.6,16.0,55.6,P/E 7.6; EV/EBITDA 6.2
CHRD,Chord Energy Corporation,Energy,7823.0,138.96,0.9361038043329342,9.223128342245989,7.792844,3.481028334930829,1.634,23.2,12.0,84,,tsr,27.6,28.0,55.6,P/B 0.94; P/E 9.2; EV/EBITDA 3.5
MTG,MGIC Investment Corporation,Financial Services,6031.0,29.4,1.202921035577145,9.146417445482864,7.887409,6.9800680880173545,4.917,36.8,18.0,61,,"eps,tsr,roe,other_per_share",39.4,16.0,55.4,P/E 9.1; EV/EBITDA 7.0
AA,Alcoa Corporation,Basic Materials,11811.0,44.755,1.602611611533243,8.959349593495933,8.135205,6.278989458103362,1.338,38.2,12.0,70,,"eps,tsr,roic,roe,other_per_share,cfroi",39.1,16.0,55.1,P/E 9.0; EV/EBITDA 6.3
BAX,Baxter International Inc.,Healthcare,12297.0,23.785,1.9814292088301644,-11.569012012748221,9.881363,26.232213914666666,1.583,56.2,18.0,57,asset_sale_named,"eps,tsr,roic",55.1,0.0,55.1,
RYN,Rayonier Inc. REIT,Real Estate,3136.0,20.265,0.6016207353900465,40.658780338568214,31.813425,13.909466598244231,11.438,9.8,8.0,,"merger_acquisition_close,asset_sale_named,ebitda_dollar_target","eps,tsr",48.9,6.0,54.9,P/B 0.60
AIZ,"Assurant, Inc.",Financial Services,13500.0,272.46,2.2138341225667855,12.666823529411765,11.565375,8.14007569852078,1.0,36.8,15.0,75,spin_separation,"eps,tsr",43.9,11.0,54.9,P/E 12.7; EV/EBITDA 8.1
AIZN,"Assurant, Inc. 5.25% Subordinat",Financial Services,13968.0,17.94,2.290581633021204,12.666823529411765,,8.14007569852078,,36.8,15.0,75,spin_separation,"eps,tsr",43.9,11.0,54.9,P/E 12.7; EV/EBITDA 8.1
MVBF,MVB Financial Corp.,Financial Services,387.0,30.14,1.1240860676316164,9.798360655737707,10.993383,2.3601236198959543,1.447,37.8,12.0,50,,"eps,tsr,roe,other_per_share",32.9,22.0,54.9,P/E 9.8; EV/EBITDA 2.4
EHTH,"eHealth, Inc.",Financial Services,27.0,0.8606,,-1.0169879518072293,1.2313433,1.3561344332091538,0.886,21.6,12.0,,"ebitda_dollar_target,revenue_dollar_target",tsr,42.8,12.0,54.8,EV/EBITDA 1.4
ADAMH,"Adamas Trust, Inc.",Real Estate,812.0,25.22,0.5526767855077,4.959824561403508,,29.925700593441125,,29.0,12.0,68,spin_separation,"tsr,other_per_share",38.5,16.0,54.5,P/B 0.55; P/E 5.0
ADAMM,"Adamas Trust, Inc.",Real Estate,833.0,25.7,0.5670040136920114,4.959824561403508,,29.925700593441125,,29.0,12.0,68,spin_separation,"tsr,other_per_share",38.5,16.0,54.5,P/B 0.57; P/E 5.0
ADAM,"Adamas Trust, Inc.",Real Estate,769.0,8.5526,0.5230090059681382,4.959824561403508,8.130371,29.925700593441125,38.054,29.0,12.0,68,spin_separation,"tsr,other_per_share",38.5,16.0,54.5,P/B 0.52; P/E 5.0
ADAMI,Adamas Trust Inc. 9.125% Sr. Notes due 2029,Real Estate,809.0,25.05,0.550277586476757,4.959824561403508,,29.925700593441125,,29.0,12.0,68,spin_separation,"tsr,other_per_share",38.5,16.0,54.5,P/B 0.55; P/E 5.0
ADAMN,"Adamas Trust, Inc.",Real Estate,833.0,24.31,0.5667725452033726,4.959824561403508,,29.925700593441125,,29.0,12.0,68,spin_separation,"tsr,other_per_share",38.5,16.0,54.5,P/B 0.57; P/E 5.0
ADAMG,"Adamas Trust, Inc. - 9.125% Senior Notes Due 2030",Real Estate,817.0,25.0,0.5559834328023029,4.959824561403508,,29.925700593441125,,29.0,12.0,68,spin_separation,"tsr,other_per_share",38.5,16.0,54.5,P/B 0.56; P/E 5.0
ADAML,"Adamas Trust, Inc. - 6.875% Series F Fixed-to-Floating Rate Cumulative Redeemable Preferred Stock, $0.01 par value per share",Real Estate,835.0,25.04,0.5682656638107617,4.959824561403508,,29.925700593441125,,29.0,12.0,68,spin_separation,"tsr,other_per_share",38.5,16.0,54.5,P/B 0.57; P/E 5.0
ASIX,AdvanSix Inc.,Basic Materials,452.0,16.78,0.5676569357720802,-25.13636363636364,6.789744,16.490059110856706,0.61,29.7,15.0,50,"spin_separation,ebitda_dollar_target","eps,tsr",48.4,6.0,54.4,P/B 0.57
EXE,Expand Energy Corporation,Energy,20356.0,87.93,1.0487453230293664,7.467465753424657,9.079047,3.4815755813602776,1.825,40.5,12.0,70,,tsr,32.2,22.0,54.2,P/E 7.5; EV/EBITDA 3.5
LEA,Lear Corporation,Consumer Cyclical,6170.0,123.16,1.1909032594050997,11.356545961002787,8.065327,5.9182414858830805,0.418,28.5,-2.0,75,fcf_dollar_target,"eps,tsr,roic,cfroi",37.2,17.0,54.2,P/E 11.4; EV/EBITDA 5.9
SIRI,SiriusXM Holdings Inc.,Communication Services,8782.0,26.0556,0.737527706499832,10.066436781609195,8.305185,7.927936074300699,2.251,44.2,18.0,,,"eps,fcf_per_share,tsr",37.1,17.0,54.1,P/B 0.74; P/E 10.1; EV/EBITDA 7.9
AMGN,Amgen Inc.,Healthcare,218974.0,405.7274,18.7349695071013,25.213625154130703,14.38051,15.953554716656571,6.112,44.2,12.0,80,revenue_dollar_target,"eps,tsr,roic",54.1,0.0,54.1,
ALLY,Ally Financial Inc.,Financial Services,11818.0,38.85,0.7629055580659738,8.983682983682986,7.0141845,8.851149783454186,3.687,33.0,7.0,75,,"eps,tsr,roe,other_per_share",32.0,22.0,54.0,P/B 0.76; P/E 9.0; EV/EBITDA 8.9
CMCO,Columbus McKinnon Corporation,Industrials,474.0,16.427,0.5132245812162527,-1.4875181818181822,5.8591723,-56.913456524435624,3.019,40.0,12.0,50,restructuring_milestone,"eps,tsr,roic,roe,cfroi",48.0,6.0,54.0,P/B 0.51
LEG,"Leggett & Platt, Incorporated",Consumer Cyclical,1499.0,10.99,1.4428252,6.8260865,10.854321,7.609,0.667,43.5,12.0,67,,"eps,tsr,roic",37.8,16.0,53.8,P/E 6.8; EV/EBITDA 7.6
TDC,Teradata Corporation,Technology,2754.0,29.265,4.643906311973018,5.95519348268839,10.759731,3.4546709219858154,1.565,31.5,12.0,50,,"eps,tsr,roic,roe,cfroi",31.8,22.0,53.8,P/E 6.0; EV/EBITDA 3.5
LCII,LCI Industries,Consumer Cyclical,2097.0,86.265,1.4648012721476904,9.872842347525893,9.13635,6.800704900316077,0.798,36.0,15.0,75,,"tsr,roic,roe,cfroi",37.5,16.0,53.5,P/E 9.9; EV/EBITDA 6.8
APAM,Artisan Partners Asset Manageme,Financial Services,2555.0,35.995,5.51434762737101,8.455188679245282,8.903226,5.489208616834459,2.193,27.0,12.0,88,,"eps,tsr",31.5,22.0,53.5,P/E 8.5; EV/EBITDA 5.5
CRI,"Carter's, Inc.",Consumer Cyclical,1107.0,30.03,1.077176801259195,5.4863387978142075,11.78005,4.8916541496883985,0.777,36.0,15.0,40,,"eps,tsr,roe",31.5,22.0,53.5,P/E 5.5; EV/EBITDA 4.9
NMIH,NMI Holdings Inc,Financial Services,3214.0,42.31,1.1882211451591678,8.171818181818182,6.9297047,6.468448755322215,4.433,19.5,15.0,,revenue_dollar_target,"eps,tsr,roe,other_per_share",37.2,16.0,53.2,P/E 8.2; EV/EBITDA 6.5
ADT,ADT Inc.,Industrials,5108.0,6.385,1.4690825424216278,8.279220779220779,6.794432,4.601054997391173,2.484,27.0,11.0,90,,"eps,tsr",31.0,22.0,53.0,P/E 8.3; EV/EBITDA 4.6
JRVR,"James River Group Holdings, Inc",Financial Services,171.0,3.705,0.26125266273813663,7.188626351621946,3.5634706,5.967902111088337,0.626,13.2,12.0,,,"eps,tsr,roic",18.6,34.0,52.6,P/B 0.26; P/E 7.2; EV/EBITDA 6.0
OSG,"Octave Specialty Group, Inc.",Financial Services,194.0,4.3,0.2770055312821555,-1.157967032967033,6.65896,-14.68223493833278,1.893,37.5,7.0,70,ebitda_dollar_target,tsr,40.2,12.0,52.2,P/B 0.28
COHN,Cohen & Company Inc.,Financial Services,32.0,10.0,0.5104122538016502,1.0526315789473681,,0.7504698334483098,0.017,29.2,3.0,,,"eps,tsr,roic,roe",24.1,28.0,52.1,P/B 0.51; P/E 1.1; EV/EBITDA 0.8
LMT,Lockheed Martin Corporation,Industrials,121667.0,527.175,13.876282553033759,19.23816513761468,15.922387,13.973287182426947,1.819,29.2,15.0,70,"fcf_dollar_target,backlog_target","eps,tsr,roic",52.1,0.0,52.1,
CRTO,Criteo S.A.,Communication Services,841.0,16.7349,0.7457436353396629,8.222772277227723,3.8837202,2.9110289170779406,0.37,27.9,4.0,60,,"eps,tsr",23.9,28.0,52.0,P/B 0.75; P/E 8.2; EV/EBITDA 2.9
TRV,"The Travelers Companies, Inc.",Financial Services,76107.0,364.89,2.297845468977386,9.521893959377476,10.778273,7.393230586118479,1.381,27.9,12.0,89,,"eps,tsr,roe,other_per_share",36.0,16.0,52.0,P/E 9.5; EV/EBITDA 7.4
UNFI,"United Natural Foods, Inc.",Consumer Defensive,2704.0,44.68,1.6921121245306634,31.775160754280755,16.104519,9.006256392344497,0.2,45.8,18.0,88,,"eps,tsr,roic",45.9,6.0,51.9,EV/EBITDA 9.0
RNR,RenaissanceRe Holdings Ltd.,Financial Services,13720.0,330.19,1.1607258265061133,5.611973392461197,7.2928987,3.4887021420429156,-0.645,24.0,15.0,,,"eps,tsr,roe,other_per_share,cfroi",29.5,22.0,51.5,P/E 5.6; EV/EBITDA 3.5
ORMP,Oramed Pharmaceuticals Inc.,Healthcare,190.0,4.65,0.5994408248890457,1.1087470449172578,-48.500004,1.1769529374563565,,27.0,8.0,,,"eps,tsr,roe",23.5,28.0,51.5,P/B 0.60; P/E 1.1; EV/EBITDA 1.2
SNDX,"Syndax Pharmaceuticals, Inc.",Healthcare,1535.0,17.32,101.64416186502417,-6.980158730158729,-36.321236,-13.427077664734414,7.679,30.0,-3.0,,"spin_separation,merger_acquisition_close,fda_phase_milestone","eps,tsr,roe",51.5,0.0,51.5,
LRN,"Stride, Inc.",Consumer Defensive,3306.0,77.745,2.0135454274708042,9.902777777777779,9.455649,5.385953525613371,1.266,30.6,12.0,61,,"eps,tsr",29.3,22.0,51.3,P/E 9.9; EV/EBITDA 5.4
WTM,White Mountains Insurance Group,Financial Services,5096.0,2057.41,0.9456647968747101,4.6318927652989235,22.370667,4.151485865214624,1.744,18.0,16.0,,,"tsr,roe,other_per_share",23.0,28.0,51.0,P/B 0.95; P/E 4.6; EV/EBITDA 4.2
VERI,"Veritone, Inc.",Technology,122.0,1.3076,3.2093892101719086,-1.0425196850393703,-10.412116,-1.9387423689281007,1.833,18.0,4.0,,"spin_separation,merger_acquisition_close,revenue_dollar_target","eps,tsr,roe",51.0,0.0,51.0,
BYD,Boyd Gaming Corporation,Consumer Cyclical,5220.0,71.85,2.0876815255700714,3.1553697183098595,10.825792,2.954454494594341,2.157,37.5,8.0,40,,"eps,tsr,roic",28.8,22.0,50.8,P/E 3.2; EV/EBITDA 3.0
PCG,Pacific Gas & Electric Co.,Utilities,33649.0,12.555,0.9925603402554497,9.010869565217392,9.142704,9.211256209701917,3.868,29.2,12.0,70,,"eps,tsr",28.6,22.0,50.6,P/B 0.99; P/E 9.0; EV/EBITDA 9.2
M,Macy's Inc,Consumer Cyclical,5964.0,22.675,1.210305520900974,7.96997599512737,10.443615,4.745609805500982,0.447,29.2,12.0,,,"eps,tsr,roic,roe",28.6,22.0,50.6,P/E 8.0; EV/EBITDA 4.7
PRG,"PROG Holdings, Inc.",Financial Services,1304.0,32.75,1.6197953423398812,8.833787465940055,7.2067513,2.1096507572549847,0.969,36.0,1.0,,,"eps,fcf_per_share,tsr,roic,roe,other_per_share",28.5,22.0,50.5,P/E 8.8; EV/EBITDA 2.1
TNL,Travel   Leisure Co.,Consumer Cyclical,3872.0,63.18,,16.9142091152815,9.048264,13.261234243937231,2.582,45.0,12.0,75,revenue_dollar_target,"eps,tsr,roic",50.5,0.0,50.5,
ADAMO,"Adamas Trust, Inc. 9.250% Senior Notes Due 2031",Real Estate,721.0,24.93,0.4903906775912404,,,,,29.0,12.0,68,spin_separation,"tsr,other_per_share",38.5,12.0,50.5,P/B 0.49
KDP,Keurig Dr Pepper Inc.,Consumer Defensive,43245.0,31.785,1.727603970038351,31.797002313650538,12.185991,20.946796036343613,4.614,55.8,21.0,75,,"eps,tsr,roic,roe",50.4,0.0,50.4,
MFIN,Medallion Financial Corp.,Financial Services,268.0,11.615,0.6611874621322208,8.207142857142856,6.5724134,2.7022933377837117,7.405,12.6,4.0,87,,"eps,tsr,roe",22.3,28.0,50.3,P/B 0.66; P/E 8.2; EV/EBITDA 2.7
COF,Capital One Financial Corporati,Financial Services,121749.0,198.455,1.0699178929986906,12.135829826732675,8.297708,5.058239757939758,2.955,31.5,15.0,60,,"eps,tsr,other_per_share",33.2,17.0,50.2,P/E 12.1; EV/EBITDA 5.1
GO,Grocery Outlet Holding Corp.,Consumer Defensive,1120.0,11.326,1.3720402942469505,-2.8817268041237116,14.69958,-12.092690317570263,0.571,69.3,12.0,84,,"eps,tsr,roic",50.0,0.0,50.0,
CNXC,Concentrix Corporation,Technology,1846.0,30.25,0.6833054978258504,-1.4234350070389488,1.9536514,-20.5550244930884,0.703,24.0,12.0,,"spin_separation,revenue_dollar_target","eps,tsr",44.0,6.0,50.0,P/B 0.68
IONS,"Ionis Pharmaceuticals, Inc.",Healthcare,7241.0,43.57,16.465834987731302,-12.860028901734104,-99.65715,2.1675460687177677,12.173,27.9,12.0,,merger_acquisition_close,"eps,tsr,roe",38.0,12.0,50.0,EV/EBITDA 2.2
UNP,Union Pacific Corporation,Industrials,163905.0,275.9,7.928478203357035,22.289814066289413,18.748367,14.50239893340341,7.408,60.3,12.0,86,,"eps,tsr,roic",50.0,0.0,50.0,
LCUT,"Lifetime Brands, Inc.",Consumer Cyclical,196.0,8.5685,0.9004771447095555,5.938144329896907,10.209636,5.880804123442971,0.614,20.7,15.0,,,"eps,tsr",21.9,28.0,49.9,P/B 0.90; P/E 5.9; EV/EBITDA 5.9
NCLH,Norwegian Cruise Line Holdings ,Consumer Cyclical,6416.0,13.975,2.4937413180476558,8.529940119760479,10.102359,8.181334479428626,2.52,49.5,-2.0,60,,"eps,tsr,roic",33.8,16.0,49.8,P/E 8.5; EV/EBITDA 8.2
GBX,"Greenbrier Companies, Inc. (The",Industrials,1319.0,42.64,0.8385889975845411,12.404624277456648,12.2188425,9.725812089704384,1.048,33.6,12.0,60,,"eps,tsr,roic",32.8,17.0,49.8,P/B 0.84; P/E 12.4; EV/EBITDA 9.7
SNPS,"Synopsys, Inc.",Technology,79317.0,414.2348,2.546097443165066,72.37413194444444,26.412212,24.444860280421732,11.012,32.2,15.0,,"spin_separation,operating_margin_target","eps,tsr,roe",49.6,0.0,49.6,
BNED,"Barnes & Noble Education, Inc",Consumer Cyclical,381.0,10.99,1.312982053563423,17.061538461538465,-0.29756758,9.525098488165076,0.395,53.0,18.0,,,"eps,tsr,roic,cfroi",43.5,6.0,49.5,EV/EBITDA 9.5
CCZ,Comcast Holdings Corp.,Communication Services,15715.0,63.15,0.1750616013701682,7.374837662337662,,4.774489277641061,,18.0,1.0,,,"eps,tsr,roic",15.5,34.0,49.5,P/B 0.18; P/E 7.4; EV/EBITDA 4.8
KFY,Korn Ferry,Industrials,3809.0,74.89,1.9020132517864392,13.722324723247233,12.413254,6.943727506903315,1.159,46.0,15.0,50,,"eps,tsr,roic,roe",38.5,11.0,49.5,P/E 13.7; EV/EBITDA 6.9
IPI,"Intrepid Potash, Inc",Basic Materials,500.0,37.22,0.9704734194119429,18.469934411455466,60.627903,5.988159305811808,1.481,39.8,11.0,60,,tsr,31.4,18.0,49.4,P/B 0.97; EV/EBITDA 6.0
SNBR,Sleep Number Corporation,Consumer Cyclical,5.0,0.2072,-0.007625216,,1.0079292,23.797,0.716,43.2,15.0,50,ebitda_dollar_target,"eps,tsr,roic,roe",49.1,0.0,49.1,
TGT,Target Corporation,Consumer Defensive,71808.0,158.1,4.0244127725158325,16.138429752066116,14.669105,9.941667027250206,0.706,72.0,-2.0,75,,"eps,tsr,roic,roe,cfroi",43.0,6.0,49.0,EV/EBITDA 9.9
ICE,Intercontinental Exchange Inc.,Financial Services,88204.0,157.115,2.9847915611992826,22.085794655414908,15.19937,15.407493659647614,9.192,16.5,17.0,69,"revenue_dollar_target,restructuring_milestone","eps,tsr",48.8,0.0,48.8,
PR,Permian Resources Corporation,Energy,18278.0,21.83,1.5225224916924731,13.966642963346048,8.681112,5.700663228128299,3.735,31.5,8.0,80,,"fcf_per_share,tsr",31.8,17.0,48.8,P/E 14.0; EV/EBITDA 5.7
CUBI,"Customers Bancorp, Inc",Financial Services,2620.0,77.465,1.187953912876322,9.07891637220259,7.9088793,11.087108833355668,-0.356,38.2,15.0,67,,"eps,tsr,roe,other_per_share",38.6,10.0,48.6,P/E 9.1
TCBK,TriCo Bancshares,Financial Services,1670.0,51.95,1.2431036660655421,12.237529691211403,11.838762,8.192263426040244,3.888,35.0,12.0,80,,"eps,tsr,other_per_share",37.5,11.0,48.5,P/E 12.2; EV/EBITDA 8.2
UPWK,Upwork Inc.,Industrials,1020.0,8.255,1.6680826694106985,10.2515,4.5901904,5.353736333023278,1.004,39.6,11.0,60,,tsr,31.3,17.0,48.3,P/E 10.3; EV/EBITDA 5.4
CNC,Centene Corporation,Healthcare,30964.0,62.68,1.372378627781225,-5.994230769230769,13.696262,-7.800607940716836,0.128,35.2,21.0,60,revenue_dollar_target,"eps,tsr",48.1,0.0,48.1,
UHS,"Universal Health Services, Inc.",Healthcare,11152.0,184.2125,1.484140505910981,7.36942416869424,5.5693874,5.711424468452941,0.771,30.0,10.0,50,,"eps,tsr,roic",26.0,22.0,48.0,P/E 7.4; EV/EBITDA 5.7
UNIT,Uniti Group Inc.,Real Estate,2216.0,9.13,13.721860575851393,1.8286852589641436,-16.394367,4.522466212758311,4.425,11.7,12.0,,merger_acquisition_close,tsr,25.9,22.0,47.9,P/E 1.8; EV/EBITDA 4.5
FET,"Forum Energy Technologies, Inc.",Energy,930.0,82.3,3.2104957864877735,-585.3255211623499,18.700544,14.10878168019767,0.973,39.8,12.0,,fcf_dollar_target,"eps,tsr,roic,roce,roe",47.9,0.0,47.9,
HE,"Hawaiian Electric Industries, I",Utilities,1612.0,9.335,0.9141578898704228,7.169230769230771,11.573334,4.139389526237752,1.535,19.8,12.0,,,"eps,tsr",19.9,28.0,47.9,P/B 0.91; P/E 7.2; EV/EBITDA 4.1
CNX,CNX Resources Corporation,Energy,4946.0,33.43,1.02104677599798,4.840643274853801,7.7152877,3.833568563214123,3.197,28.5,15.0,50,,"fcf_per_share,tsr",25.8,22.0,47.8,P/E 4.8; EV/EBITDA 3.8
ACIC,American Coastal Insurance Corp,Financial Services,444.0,9.16,1.3026580748148409,4.368557692307692,8.75,2.446113373269216,1.545,17.2,18.0,50,,"eps,tsr,roe,other_per_share",25.6,22.0,47.6,P/E 4.4; EV/EBITDA 2.4
AMN,AMN Healthcare Services Inc,Healthcare,1336.0,34.445,1.8022733185120832,12.56111111111111,28.527227,5.011645419230277,0.415,38.2,11.0,,,"eps,tsr,roe",30.6,17.0,47.6,P/E 12.6; EV/EBITDA 5.0
FTV,Fortive Corporation,Technology,16979.0,56.22,2.801603580998581,32.59593023255814,18.952356,18.74662093283582,5.157,52.2,15.0,85,,"eps,tsr,roic",47.6,0.0,47.6,
ZD,"Ziff Davis, Inc.",Communication Services,2100.0,57.0125,0.9386000733868524,3.220238263674694,8.268753,6.191208028795955,1.432,36.0,7.0,54,,"eps,tsr",25.5,22.0,47.5,P/B 0.94; P/E 3.2; EV/EBITDA 6.2
A,"Agilent Technologies, Inc.",Healthcare,46839.0,165.84,6.361336802933587,32.115913555992144,19.23298,24.692735555104115,5.202,30.0,21.0,82,spin_separation,"eps,tsr",47.5,0.0,47.5,
AIN,Albany International Corporatio,Industrials,1712.0,60.35,2.2961297819868607,-34.97109826589595,22.84517,55.74767610355746,1.974,48.0,15.0,50,spin_separation,"eps,tsr,roic",47.5,0.0,47.5,
FLEX,Flex Ltd.,Technology,42681.0,115.54,8.334469845342706,43.63957528957528,21.24848,23.32399312191277,2.012,27.0,12.0,67,"spin_separation,operating_margin_target","eps,tsr",47.5,0.0,47.5,
MWA,MUELLER WATER PRODUCTS,Industrials,3435.0,21.95,3.0654573812923958,15.216783216783217,16.537973,9.717253880683463,2.815,15.0,16.0,25,"spin_separation,ebitda_dollar_target","tsr,roic",41.5,6.0,47.5,EV/EBITDA 9.7
GRPN,"Groupon, Inc.",Communication Services,757.0,19.93,,-6.535645161290322,7.8212566,-13.412326744462966,1.412,19.8,3.0,,"spin_separation,ebitda_dollar_target,revenue_dollar_target",tsr,47.4,0.0,47.4,
CSGP,"CoStar Group, Inc.",Real Estate,11457.0,28.2748,1.4443888565305094,153.55688622754488,16.744963,27.09979321061439,3.598,40.5,14.0,60,ebitda_dollar_target,"eps,tsr",47.2,0.0,47.2,
RDN,Radian Group Inc.,Financial Services,4608.0,34.65,0.9582206244427812,8.728535353535353,6.2944417,7.163309258587378,3.9,19.5,3.0,60,,"eps,tsr,roce,roe,other_per_share",25.2,22.0,47.2,P/B 0.96; P/E 8.7; EV/EBITDA 7.2
CCL,Carnival Corporation Ltd.,Consumer Cyclical,29961.0,21.875,2.310385138648982,9.465367965367964,11.829037,7.523681012295654,2.519,34.5,12.0,60,,"tsr,roic",31.2,16.0,47.2,P/E 9.5; EV/EBITDA 7.5
CTO,"CTO Realty Growth, Inc.",Real Estate,759.0,20.255,1.1448843999318439,14.239527691875177,187.27274,9.50004311229862,8.622,40.5,12.0,,,"eps,tsr,roic,roce,roe",36.2,11.0,47.2,P/E 14.2; EV/EBITDA 9.5
ACGL,Arch Capital Group Ltd.,Financial Services,33449.0,95.735,1.3919621993341655,7.342592592592592,9.218025,6.501336232142857,1.601,30.0,12.0,68,,"tsr,roe,other_per_share",31.0,16.0,47.0,P/E 7.3; EV/EBITDA 6.5
WKC,World Kinect Corporation,Energy,1862.0,36.4,1.4805335305343512,-11.321874999999999,12.789059,77.9296246031746,0.061,54.0,12.0,86,,"eps,tsr,roic",47.0,0.0,47.0,
BLDR,"Builders FirstSource, Inc.",Basic Materials,6488.0,60.3,1.6199139363448538,64.83695652173911,13.706202,11.209715500681622,0.935,33.8,12.0,89,ebitda_dollar_target,"tsr,roic",46.9,0.0,46.9,
BEEP,Mobile Infrastructure Corporati,Industrials,116.0,2.81,0.8950313471382398,-4.699216797200466,-5.235294,100.3983732718894,8.123,21.6,12.0,,"spin_separation,merger_acquisition_close",tsr,40.8,6.0,46.8,P/B 0.90
IIPR,Innovative Industrial Propertie,Real Estate,1618.0,55.79,0.8736509757242253,12.337028824833704,12.442589,8.421844769111376,7.977,32.4,11.0,,,"eps,tsr,roe,other_per_share",29.7,17.0,46.7,P/B 0.87; P/E 12.3; EV/EBITDA 8.4
ESNT,Essent Group Ltd.,Financial Services,6040.0,65.54,1.0664437224205032,9.07192254495159,7.5686455,7.527149683295398,4.01,30.0,15.0,,,"eps,tsr,roe,other_per_share",30.5,16.0,46.5,P/E 9.1; EV/EBITDA 7.5
STAA,STAAR Surgical Company,Healthcare,1021.0,20.5081,2.7943979824739054,247.93749999999997,29.488607,27.244974913413834,4.557,58.0,15.0,50,,"eps,tsr,roic,roe,cfroi",46.5,0.0,46.5,
ONIT,Onity Group Inc.,Financial Services,266.0,31.52,0.4028206320096999,1.870699881376038,3.7152987,31.96586491649575,14.663,21.8,11.0,,,"eps,tsr,roe,other_per_share",24.4,22.0,46.4,P/B 0.40; P/E 1.9
OXY,Occidental Petroleum Corporatio,Energy,57470.0,57.78,1.376658645379198,8.63077339427472,12.846606,4.826204005789022,3.469,20.7,12.0,60,,"tsr,roce",24.4,22.0,46.4,P/E 8.6; EV/EBITDA 4.8
CMTL,Comtech Telecommunications Corp,Technology,43.0,1.445,0.16444379114012997,-0.6470588235294117,-2.962963,5.722388765712076,1.113,20.2,12.0,,,"eps,tsr,roe",22.1,24.0,46.1,P/B 0.16; EV/EBITDA 5.7
NEO,"NeoGenomics, Inc.",Healthcare,480.0,18.68,0.6108731730411896,-9.286794354838712,30.530792,60.0909708210461,2.295,16.2,12.0,50,"ebitda_dollar_target,revenue_dollar_target",tsr,40.1,6.0,46.1,P/B 0.61
GIS,"General Mills, Inc.",Consumer Defensive,18760.0,35.15,2.007838448834994,-21.739393939393935,10.63393,10.666376352168026,1.119,53.0,15.0,80,,"eps,tsr",46.0,0.0,46.0,
PALI,"Palisade Bio, Inc.",Healthcare,280.0,1.615,2.3025525429575846,-3.0285929270127916,-7.957447,-4.592416147385532,,33.0,3.0,50,"spin_separation,merger_acquisition_close","eps,tsr,roe",46.0,0.0,46.0,
PLBY,"Playboy, Inc.",Consumer Cyclical,126.0,1.09,5.731309453638631,129.16666666666666,36.250004,17.858711506758986,2.589,13.0,3.0,50,"merger_acquisition_close,ebitda_dollar_target,revenue_dollar_target",tsr,46.0,0.0,46.0,
OSPN,OneSpan Inc.,Technology,654.0,17.645,2.391953053239725,9.896519337016576,10.289634,11.48626240597435,1.866,29.0,11.0,25,spin_separation,"eps,tsr,roe",36.0,10.0,46.0,P/E 9.9
ACAD,ACADIA Pharmaceuticals Inc.,Healthcare,4341.0,25.3514,3.322395858286603,11.196977777777777,24.21134,34.59408437107081,2.649,19.8,-2.0,25,"spin_separation,merger_acquisition_close","eps,tsr,roic,roce,cfroi",40.9,5.0,45.9,P/E 11.2
CGABL,The Carlyle Group Inc. 4.625% Subordinated Notes due 2061,Financial Services,5618.0,15.6301,0.77895720358252,39.54607407407408,,31.228348168154067,,55.8,12.0,50,,"eps,tsr,roic",39.9,6.0,45.9,P/B 0.78
KALU,Kaiser Aluminum Corporation,Basic Materials,2497.0,152.721,2.645528373596101,11.17992831541219,16.820158,7.569605219233213,1.08,19.8,-2.0,80,ebitda_dollar_target,"eps,tsr,cfroi",34.9,11.0,45.9,P/E 11.2; EV/EBITDA 7.6
TRU,TransUnion,Financial Services,13741.0,71.715,2.8372656879142664,18.625326370757175,11.576376,10.056128644752649,3.717,23.4,12.0,50,"ebitda_dollar_target,revenue_dollar_target","eps,tsr",45.7,0.0,45.7,
ACGLN,Arch Capital Group Ltd.,Financial Services,32222.0,15.1696,1.3408880398252185,7.342592592592592,,6.501336232142857,,27.0,12.0,68,,"tsr,roe,other_per_share",29.5,16.0,45.5,P/E 7.3; EV/EBITDA 6.5
ACGLO,Arch Capital Group Ltd.,Financial Services,33323.0,18.64,1.3867188695380774,7.342592592592592,,6.501336232142857,,27.0,12.0,68,,"tsr,roe,other_per_share",29.5,16.0,45.5,P/E 7.3; EV/EBITDA 6.5
HAE,Haemonetics Corporation,Healthcare,4949.0,108.9,5.429879828975995,52.11165048543689,12.878323,22.24880905621083,3.298,35.1,12.0,75,revenue_dollar_target,"eps,tsr,roe",45.5,0.0,45.5,
SF,Stifel Financial Corporation,Financial Services,11053.0,72.915,1.8381288784201397,7.920792079207921,10.502954,5.528102675665213,1.533,19.0,12.0,,,"eps,tsr,roce,other_per_share",23.5,22.0,45.5,P/E 7.9; EV/EBITDA 5.5
SOLS,Solstice Advanced Materials Inc,Basic Materials,9355.0,58.89,5.898184983606558,43.902255639097746,27.169306,12.200864512906847,3.86,46.8,12.0,50,spin_separation,"eps,tsr,roic",45.4,0.0,45.4,
TMP,Tompkins Financial Corporation,Financial Services,1406.0,97.73,1.464312906539213,7.898291293734743,10.957056,11.747443655885668,3.813,19.8,15.0,50,merger_acquisition_close,"eps,tsr,other_per_share",35.4,10.0,45.4,P/E 7.9
PBH,Prestige Consumer Healthcare In,Healthcare,2221.0,46.88,1.213920862597577,12.855153203342619,9.361236,13.280564360203517,2.945,28.0,12.0,70,revenue_dollar_target,"eps,tsr",40.0,5.0,45.0,P/E 12.9
PII,Polaris Inc.,Consumer Cyclical,3007.0,52.84,3.5944781111775255,-11.470588235294118,22.917482,40.14730624461671,0.814,35.1,19.0,,revenue_dollar_target,"eps,tsr,roic",45.0,0.0,45.0,
RUN,Sunrun Inc.,Energy,2052.0,8.6025,0.587985209525043,4.899883040935673,15.857378,23.216369431550294,5.995,31.0,15.0,60,,tsr,29.0,16.0,45.0,P/B 0.59; P/E 4.9
ADM,Archer-Daniels-Midland Company,Consumer Defensive,39887.0,82.76,1.6915505224766751,22.428767123287667,14.175295,8.949244485811578,0.577,45.9,12.0,74,,"eps,tsr,roic",39.0,6.0,45.0,EV/EBITDA 8.9
CCOI,"Cogent Communications Holdings,",Communication Services,439.0,8.76,,-4.679775280898877,-4.806096,7.535150805717622,3.597,45.8,8.0,80,,"eps,tsr",38.9,6.0,44.9,EV/EBITDA 7.5
AFGB,"American Financial Group, Inc.",Financial Services,1800.0,21.61,0.3733845816220701,12.19650655021834,,8.679532081041968,,15.8,12.0,,,"eps,tsr,roe,other_per_share",21.9,23.0,44.9,P/B 0.37; P/E 12.2; EV/EBITDA 8.7
AFGC,"American Financial Group, Inc.",Financial Services,1550.0,18.61,0.3215496096245592,12.19650655021834,,8.679532081041968,,15.8,12.0,,,"eps,tsr,roe,other_per_share",21.9,23.0,44.9,P/B 0.32; P/E 12.2; EV/EBITDA 8.7
AFGD,"American Financial Group, Inc.",Financial Services,1773.0,21.28,0.3676827465256171,12.19650655021834,,8.679532081041968,,15.8,12.0,,,"eps,tsr,roe,other_per_share",21.9,23.0,44.9,P/B 0.37; P/E 12.2; EV/EBITDA 8.7
AFGE,"American Financial Group, Inc.",Financial Services,1377.0,16.535,0.28569708732628085,12.19650655021834,,8.679532081041968,,15.8,12.0,,,"eps,tsr,roe,other_per_share",21.9,23.0,44.9,P/B 0.29; P/E 12.2; EV/EBITDA 8.7
CASH,"Pathward Financial, Inc.",Financial Services,1563.0,74.029,1.8365881659558514,9.194501246882794,8.485005,6.381033294536874,2.131,33.8,12.0,50,,"eps,tsr,roic",28.9,16.0,44.9,P/E 9.2; EV/EBITDA 6.4
ISRG,"Intuitive Surgical, Inc.",Healthcare,140965.0,399.02,7.758800310429097,44.880225988700566,34.514416,30.621084317859044,13.199,57.8,12.0,75,,"eps,tsr,roic",44.9,0.0,44.9,
ISTR,Investar Holding Corporation,Financial Services,409.0,29.747,0.9735559157598088,11.340384615384615,9.162734,13.452532101865136,5.221,33.8,18.0,,,"eps,tsr,roic,roe",33.9,11.0,44.9,P/B 0.97; P/E 11.3
CINF,Cincinnati Financial Corporatio,Financial Services,25209.0,164.2508,1.512140343950573,7.662359022556391,18.534288,5.528239604581902,2.007,19.5,18.0,50,,"tsr,other_per_share",22.8,22.0,44.8,P/E 7.7; EV/EBITDA 5.5
BUSE,First Busey Corporation,Financial Services,2514.0,29.7274,1.0550066738839445,10.66726618705036,10.40051,13.2477655822736,3.537,27.0,12.0,75,merger_acquisition_close,"eps,tsr",39.5,5.0,44.5,P/E 10.7
DECK,Deckers Outdoor Corporation,Consumer Cyclical,10854.0,79.7,4.159377938833181,11.126770538243628,13.149792,6.89228578991587,2.489,31.0,12.0,88,,"eps,tsr",33.5,11.0,44.5,P/E 11.1; EV/EBITDA 6.9
KHC,The Kraft Heinz Company,Consumer Defensive,28073.0,23.675,0.7796835410764873,-8.305944055944057,10.918817,-24.473071650273226,1.77,36.8,12.0,75,,"eps,tsr,roic,roe,other_per_share,cfroi",38.4,6.0,44.4,P/B 0.78
ASB,Associated Banc-Corp,Financial Services,5462.0,28.945,0.9688406070601865,9.979238754325259,9.02594,14.452645988743496,5.434,24.8,12.0,75,,"eps,tsr,roe",28.4,16.0,44.4,P/B 0.97; P/E 10.0
ASBA,Associated Banc-Corp,Financial Services,4107.0,24.9,0.7543898056047278,9.979238754325259,,14.452645988743496,,24.8,12.0,75,,"eps,tsr,roe",28.4,16.0,44.4,P/B 0.75; P/E 10.0
CNH,CNH Industrial N.V.,Industrials,17229.0,13.895,2.2213915306859207,55.14676316847608,14.342127,16.08026343754849,2.099,36.8,12.0,75,operating_margin_target,"eps,tsr,roic",44.4,0.0,44.4,
VSECU,VSE Corporation,Industrials,1067.0,46.67,0.363673794826272,64.98,,33.64196112832845,,20.7,4.0,,ebitda_dollar_target,"eps,tsr,roic,other_per_share",32.4,12.0,44.4,P/B 0.36
DOUG,Douglas Elliman Inc.,Real Estate,143.0,1.57,0.8548307918064207,5.846153846153845,19.11111,3.3010271215867837,0.161,13.5,15.0,,,tsr,16.2,28.0,44.2,P/B 0.85; P/E 5.8; EV/EBITDA 3.3
INGN,"Inogen, Inc",Healthcare,139.0,5.12,0.7927390543508098,-5.645888888888889,-24.653847,-10.017833780960908,0.228,32.4,8.0,77,revenue_dollar_target,tsr,38.2,6.0,44.2,P/B 0.79
ALL,Allstate Corporation (The),Financial Services,58989.0,229.155,1.7505284959048015,4.4571007889546355,8.415262,3.6587745066606456,0.895,20.2,12.0,,,"eps,tsr,roe",22.1,22.0,44.1,P/E 4.5; EV/EBITDA 3.7
WU,Western Union Company (The),Financial Services,1937.0,6.21,2.1173812200721547,4.9,3.7110393,3.8871226743488174,0.973,24.3,12.0,57,,"eps,tsr",22.1,22.0,44.1,P/E 4.9; EV/EBITDA 3.9
TDS,"Telephone and Data Systems, Inc",Communication Services,3912.0,36.8,0.756548951318764,8.549411764705882,4869.6187,2.437770384861862,4.657,16.2,4.0,75,,tsr,16.1,28.0,44.1,P/B 0.76; P/E 8.5; EV/EBITDA 2.4
PVH,PVH Corp.,Consumer Cyclical,3555.0,77.11,0.7419439881051753,-21.2905762102662,6.053689,10.560040606108561,0.799,45.0,15.0,50,,"eps,tsr,roic,roe",38.0,6.0,44.0,P/B 0.74
TBI,"TrueBlue, Inc.",Industrials,298.0,9.81,1.1711976510409714,-5.179240800380128,10.74872,-14.012589200922534,0.189,43.0,17.0,80,,"eps,tsr,roe",44.0,0.0,44.0,
LBTYB,Liberty Global Ltd.,Communication Services,3526.0,11.56,0.3822694124406478,-1.117505995203837,,-6.472993902696289,2.421,19.8,12.0,70,spin_separation,tsr,31.9,12.0,43.9,P/B 0.38
LBTYK,Liberty Global Ltd.,Communication Services,3238.0,9.495,0.3510633422587429,-1.117505995203837,-3.230539,-6.472993902696289,2.257,19.8,12.0,70,spin_separation,tsr,31.9,12.0,43.9,P/B 0.35
LBTYA,Liberty Global Ltd.,Communication Services,3195.0,9.725,0.34640833434512064,-1.117505995203837,-8.383045,-6.472993902696289,2.285,19.8,12.0,70,spin_separation,tsr,31.9,12.0,43.9,P/B 0.35
BBWI,"Bath & Body Works, Inc.",Consumer Cyclical,3424.0,16.985,,4.478666666666668,7.171684,5.22664252720848,1.11,19.8,12.0,60,,tsr,21.9,22.0,43.9,P/E 4.5; EV/EBITDA 5.2
BMRC,Bank of Marin Bancorp,Financial Services,453.0,27.9885,1.1422830010789444,6.805896805896805,10.776618,2.3194030539169277,6.937,20.7,15.0,,,"eps,tsr",21.9,22.0,43.9,P/E 6.8; EV/EBITDA 2.3
FULT,Fulton Financial Corporation,Financial Services,4389.0,22.965,1.1503164096353777,10.940191387559809,9.662448,9.197431687609804,3.741,30.8,15.0,77,,"eps,tsr,roe",32.9,11.0,43.9,P/E 10.9; EV/EBITDA 9.2
FULTP,Fulton Financial Corporation,Financial Services,4698.0,17.62,1.2313031356620463,10.940191387559809,,9.197431687609804,,30.8,15.0,77,,"eps,tsr,roe",32.9,11.0,43.9,P/E 10.9; EV/EBITDA 9.2
IDCC,"InterDigital, Inc.",Technology,8535.0,330.7562,7.100081164961,28.113384484228472,26.332222,18.175317401053807,8.41,19.8,12.0,50,"ebitda_dollar_target,revenue_dollar_target","eps,tsr",43.9,0.0,43.9,
MD,"Pediatrix Medical Group, Inc.",Healthcare,2136.0,26.015,2.4250363278496487,12.255924170616113,10.006103,9.19107504634224,1.136,46.8,7.0,,,"eps,tsr,roic",32.9,11.0,43.9,P/E 12.3; EV/EBITDA 9.2
BHF,"Brighthouse Financial, Inc.",Financial Services,3005.0,52.305,0.4587330967938931,4.075412411626082,3.256281,-0.8541883442768412,1.093,19.5,12.0,70,,tsr,21.8,22.0,43.8,P/B 0.46; P/E 4.1
BHFAP,"Brighthouse Financial, Inc.",Financial Services,2341.0,14.121,0.35743803664122137,4.075412411626082,,-0.8541883442768412,,19.5,12.0,70,,tsr,21.8,22.0,43.8,P/B 0.36; P/E 4.1
TMDX,"TransMedics Group, Inc.",Healthcare,2957.0,85.5654,5.708329520338653,19.604072398190045,23.908504,28.354601375286517,4.914,31.2,8.0,84,revenue_dollar_target,"tsr,roe",43.6,0.0,43.6,
BCYC,Bicycle Therapeutics plc,Healthcare,251.0,3.615,0.4916389726705275,-1.3226007326007325,-1.8818569,1.3540711193838395,-4.172,27.0,8.0,,,tsr,19.5,24.0,43.5,P/B 0.49; EV/EBITDA 1.4
CMCSA,Comcast Corporation,Communication Services,80294.0,22.6268,0.8944445907875682,7.374837662337662,5.9273396,4.774489277641061,1.321,18.0,1.0,,,"eps,tsr,roic",15.5,28.0,43.5,P/B 0.89; P/E 7.4; EV/EBITDA 4.8
HTZ,"Hertz Global Holdings, Inc",Industrials,560.0,1.775,,-1.9641573033707866,23.764706,7.1452223343537415,2.483,24.8,12.0,50,chapter11_emergence,"eps,tsr",37.4,6.0,43.4,EV/EBITDA 7.1
CRK,"Comstock Resources, Inc.",Energy,3991.0,13.59,1.547544252205292,7.650133515141186,11.007572,4.794543784843937,3.586,19.8,15.0,,,"tsr,roe",21.4,22.0,43.4,P/E 7.7; EV/EBITDA 4.8
SPNT,SiriusPoint Ltd.,Financial Services,2982.0,25.67,1.3102315505953688,6.132530120481927,8.231464,4.258639118723466,0.793,14.4,12.0,25,,"eps,tsr,roe,other_per_share",21.2,22.0,43.2,P/E 6.1; EV/EBITDA 4.3
SSD,"Simpson Manufacturing Company, ",Basic Materials,7237.0,175.93,3.417510933260552,19.118063112078342,20.311916,11.901169727007634,3.516,51.3,15.0,65,,"eps,tsr,roic",43.1,0.0,43.1,
LW,"Lamb Weston Holdings, Inc.",Consumer Defensive,6225.0,45.28,3.4071151978545235,21.619047619047617,14.996606,10.274063014788375,1.563,51.0,23.0,,,"tsr,roic,roe",43.0,0.0,43.0,
EG,"Everest Group, Ltd.",Financial Services,14840.0,375.005,0.9617335094620868,7.9190628328008525,5.5371733,6.51426397731569,0.763,18.0,12.0,29,,"tsr,roe,other_per_share",21.0,22.0,43.0,P/B 0.96; P/E 7.9; EV/EBITDA 6.5
MVST,"Microvast Holdings, Inc.",Industrials,244.0,0.7329,0.44959208718932636,4.300495662949196,8.599999,3.7451708971437654,1.694,6.0,0.0,60,,tsr,9.0,34.0,43.0,P/B 0.45; P/E 4.3; EV/EBITDA 3.7
NBIX,"Neurocrine Biosciences, Inc.",Healthcare,14137.0,140.6,3.827519929066493,20.021276595744684,12.410813,15.364532868968523,4.855,16.0,-2.0,80,"spin_separation,merger_acquisition_close","eps,tsr,roe",43.0,0.0,43.0,
MDU,"MDU Resources Group, Inc.",Utilities,3845.0,18.395,1.3135173795695252,19.342105263157894,20.300745,12.992304996475044,3.871,36.0,-2.0,80,spin_separation,"eps,tsr,roic,roe",43.0,0.0,43.0,
SAIC,Science Applications Internatio,Technology,5604.0,132.56,3.706491486111111,15.411355735805332,9.301063,11.549473033802817,0.946,50.0,12.0,60,,"eps,tsr,roic,roe",43.0,0.0,43.0,
DLTH,Duluth Holdings Inc.,Consumer Cyclical,157.0,4.13,0.8820257782073834,25.716249999999988,-121.14285,7.769711987965749,0.536,33.8,8.0,,,"eps,tsr,roic,roce,roe,cfroi",30.9,12.0,42.9,P/B 0.88; EV/EBITDA 7.8
PRDO,Perdoceo Education Corporation,Consumer Defensive,1976.0,31.5084,1.911802931849829,11.262903225806452,9.58982,4.104242942735756,1.692,19.8,12.0,50,,"eps,tsr,roic,roe,cfroi",25.9,17.0,42.9,P/E 11.3; EV/EBITDA 4.1
LEN,Lennar Corporation,Consumer Cyclical,20425.0,82.26,0.947391268891972,15.406427221172022,13.535693,11.903390422165746,0.798,22.5,15.0,30,revenue_dollar_target,"eps,tsr,other_per_share",36.8,6.0,42.8,P/B 0.95
CIA,"Citizens, Inc.",Financial Services,181.0,3.59,0.7717477802724907,15.204429301533219,16.25,11.090011793247523,1.074,33.3,12.0,60,,"eps,tsr,roic,roe,other_per_share",36.6,6.0,42.6,P/B 0.77
SIG,Signet Jewelers Limited,Consumer Cyclical,3981.0,101.22,2.313436980474198,11.407175398633258,7.2020435,6.204389743006291,0.599,35.1,12.0,60,,"eps,tsr",31.6,11.0,42.5,P/E 11.4; EV/EBITDA 6.2
CENX,Century Aluminum Company,Basic Materials,3884.0,39.2449,2.7683163944123725,6.360476174859803,3.7772098,5.5648892894981685,2.184,17.1,12.0,60,,tsr,20.6,22.0,42.5,P/E 6.4; EV/EBITDA 5.6
NDAQ,"Nasdaq, Inc.",Financial Services,53941.0,96.4999,4.49960464631298,27.61463976945245,18.536716,19.45302264838609,10.242,57.0,12.0,71,,"eps,tsr",42.5,0.0,42.5,
MFA,"MFA Financial, Inc.",Real Estate,858.0,8.405,0.48313983316141995,6.300567966679289,6.45629,22.27644883618201,41.231,19.0,-2.0,88,,"eps,tsr",20.5,22.0,42.5,P/B 0.48; P/E 6.3
RBLX,Roblox Corporation,Technology,35294.0,49.405,232.19566053289475,-34.46153846153846,-40.209435,-45.71354508749004,6.694,33.0,8.0,80,ebitda_dollar_target,tsr,42.5,0.0,42.5,
SM,SM Energy Company,Energy,8401.0,35.04,1.075234219889927,8.868217054263566,3.4063637,4.110410195050268,4.041,24.8,12.0,15,,tsr,20.4,22.0,42.4,P/E 8.9; EV/EBITDA 4.1
GDOT,Green Dot Corporation,Financial Services,745.0,13.15,0.7934268166629587,-27.401426174496645,7.634731,-2.70313674223972,-0.165,10.8,-2.0,,"merger_acquisition_close,ebitda_dollar_target","eps,tsr,roic,roe",36.4,6.0,42.4,P/B 0.79
SNDR,"Schneider National, Inc.",Industrials,5686.0,32.465,1.858619583905341,50.546875,22.94401,9.217066228140542,1.125,46.8,-2.0,60,,"eps,tsr,roic,roe,other_per_share",36.4,6.0,42.4,EV/EBITDA 9.2
KYNB,"Kyntra Bio, Inc.",Healthcare,29.0,7.11,,0.12467777968723148,-0.688592,0.22867834652370012,-0.854,12.6,4.0,,fda_phase_milestone,tsr,20.3,22.0,42.3,P/E 0.1; EV/EBITDA 0.2
APTV,Aptiv PLC,Consumer Cyclical,9527.0,45.02,1.088447094710385,43.10000000000001,9.3354225,7.811394406368052,0.991,37.5,15.0,60,,"eps,tsr,roic",36.2,6.0,42.2,EV/EBITDA 7.8
HG,"Hamilton Insurance Group, Ltd.",Financial Services,3372.0,33.8,1.1829068073365145,5.6981292517006805,6.675175,3.1404253557741058,0.692,16.5,12.0,50,,"tsr,roe,other_per_share",20.2,22.0,42.2,P/E 5.7; EV/EBITDA 3.1
EQT,EQT Corporation,Energy,32446.0,51.87,1.284519347575086,11.234065934065935,10.945283,6.045111096835922,4.385,26.2,12.0,60,,"eps,fcf_per_share,tsr,roe",31.1,11.0,42.1,P/E 11.2; EV/EBITDA 6.0
LIDR,"AEye, Inc.",Technology,55.0,1.195,0.8101734051585326,-1.3620689655172413,-2.1969697,-1.3005713051491763,-39.275,32.2,8.0,,merger_acquisition_close,"eps,tsr",36.1,6.0,42.1,P/B 0.81
KBH,KB Home,Consumer Cyclical,2983.0,48.65,0.7846139269958324,13.050964187327825,12.188074,15.466393228561516,0.864,30.0,12.0,,,"eps,tsr,roic,roe,other_per_share",31.0,11.0,42.0,P/B 0.78; P/E 13.1
LILA,Liberty Latin America Ltd.,Communication Services,2557.0,8.675,4.840958644196175,-17.545638945233268,6.6666665,7.907706532905298,2.172,36.0,8.0,85,,"eps,tsr,roe",36.0,6.0,42.0,EV/EBITDA 7.9
LILAK,Liberty Latin America Ltd.,Communication Services,2570.0,8.606,4.865644374171558,-17.545638945233268,11.682927,7.907706532905298,2.172,36.0,8.0,85,,"eps,tsr,roe",36.0,6.0,42.0,EV/EBITDA 7.9
LNSR,"LENSAR, Inc.",Healthcare,87.0,7.05,5.809134250251593,5.551181102362204,-8.084507,2.129196678469061,1.254,28.0,8.0,50,,tsr,20.0,22.0,42.0,P/E 5.6; EV/EBITDA 2.1
NSP,"Insperity, Inc.",Industrials,1886.0,49.37,30.913146901639344,-116.8809523809524,12.955704,31.927342574074075,0.184,37.5,-2.0,65,ebitda_dollar_target,"eps,tsr,roce,roe",41.8,0.0,41.8,
GOGO,Gogo Inc.,Communication Services,320.0,2.365,2.6499341905764022,-352.2727272727272,4.2625,7.453534286449774,1.387,19.5,0.0,,"ebitda_dollar_target,revenue_dollar_target",tsr,35.8,6.0,41.8,EV/EBITDA 7.5
ANDE,"The Andersons, Inc.",Consumer Defensive,2291.0,67.2848,1.737556955920358,12.80671785028791,11.942992,8.317319356419297,0.335,37.5,12.0,56,,"eps,tsr,roic",30.8,11.0,41.8,P/E 12.8; EV/EBITDA 8.3
HCSG,"Healthcare Services Group, Inc.",Healthcare,1462.0,21.295,2.8168936728329625,12.254335260115607,19.843605,8.744084511064475,0.762,34.5,11.0,,,"eps,tsr,roic,roe",30.8,11.0,41.8,P/E 12.3; EV/EBITDA 8.7
APOG,"Apogee Enterprises, Inc.",Basic Materials,773.0,37.0379,1.5087479752718669,11.425465838509316,11.154054,6.627156962253,0.795,34.2,15.0,,,"eps,tsr,roic",30.6,11.0,41.6,P/E 11.4; EV/EBITDA 6.6
GDRX,"GoodRx Holdings, Inc.",Healthcare,1159.0,3.345,1.7904171364775534,63.59315589353613,7.4262266,9.380029001992247,1.531,16.2,11.0,,"spin_separation,operating_margin_target",tsr,35.6,6.0,41.6,EV/EBITDA 9.4
ICFI,"ICF International, Inc.",Industrials,1519.0,83.915,1.4469666663174368,17.203868312757198,8.660156,11.815403531920945,0.99,36.9,14.0,80,,"eps,tsr,roe,cfroi",41.5,0.0,41.5,
AIV,Apartment Investment and Manage,Real Estate,306.0,2.125,0.594021196304832,0.5430379746835442,-6.4444447,15.848917648712602,7.827,35.1,12.0,,,tsr,25.6,16.0,41.5,P/B 0.59; P/E 0.5
STZ,"Constellation Brands, Inc.",Consumer Defensive,19860.0,116.275,2.575644050552472,11.090562440419447,11.376474,9.17265737993774,3.908,43.0,2.0,50,,"eps,tsr,roic,roe",30.5,11.0,41.5,P/E 11.1; EV/EBITDA 9.2
VSNT,"Versant Media Group, Inc.",Communication Services,4701.0,33.22,0.5793152729849642,6.242986767485822,4.775038,2.806156241788321,1.091,1.8,1.0,,spin_separation,tsr,13.4,28.0,41.4,P/B 0.58; P/E 6.2; EV/EBITDA 2.8
CCO,"Clear Channel Outdoor Holdings,",Communication Services,1214.0,2.385,,-5.528284244974287,-17.214287,4.8252234970502,4.562,15.8,15.0,,asset_sale_named,tsr,29.4,12.0,41.4,EV/EBITDA 4.8
INR,"Infinity Natural Resources, Inc",Energy,249.0,13.26,0.3348591617959975,4.261437908496732,2.8233993,-411.201137695053,4.378,23.4,3.0,,,"eps,tsr,other_per_share",19.2,22.0,41.2,P/B 0.33; P/E 4.3
PLAY,"Dave & Buster's Entertainment, ",Consumer Cyclical,240.0,6.885,2.724916473265074,-2.6582031250000004,-31.415127,11.120102267017236,1.891,59.4,15.0,50,,"tsr,roic",41.2,0.0,41.2,
CVCO,"Cavco Industries, Inc.",Consumer Cyclical,4228.0,548.5339,3.8815348336744036,23.612473118279567,20.459587,15.50429031131259,1.966,50.4,12.0,60,,"eps,tsr,roic",41.2,0.0,41.2,
POST,"Post Holdings, Inc.",Consumer Defensive,3442.0,75.95,1.1183399632878492,12.689279731993297,10.189675,6.452962932321845,1.347,25.2,7.0,50,spin_separation,"tsr,roic",30.1,11.0,41.1,P/E 12.7; EV/EBITDA 6.5
AMP,"Ameriprise Financial, Inc.",Financial Services,45940.0,511.03,7.2164805235626766,11.985962407803948,9.811554,7.5228587597237375,1.916,29.2,19.0,,,"eps,tsr,roe",30.1,11.0,41.1,P/E 12.0; EV/EBITDA 7.5
ACH,"Accendra Health, Inc.",Healthcare,61.0,0.7951,,-0.1948602666939151,4.6949725,7.973458584478264,0.766,42.0,8.0,75,,"eps,tsr,roic",35.0,6.0,41.0,EV/EBITDA 8.0
SBH,"Sally Beauty Holdings, Inc. (Na",Consumer Cyclical,1576.0,16.515,1.8080532270612777,8.36683417085427,6.174107,7.5374451019942645,0.719,12.0,-2.0,60,operating_margin_target,"eps,tsr,roic",25.0,16.0,41.0,P/E 8.4; EV/EBITDA 7.5
EDUC,Educational Development Corpora,Communication Services,11.0,1.305,0.24238962906476388,3.7142857142857144,3.547619,1.822379293236813,0.798,5.4,4.0,,,tsr,6.7,34.0,40.7,P/B 0.24; P/E 3.7; EV/EBITDA 1.8
CRWD,"CrowdStrike Holdings, Inc.",Technology,264981.0,260.2298,65.97326197006994,7417.613636363638,109.58058,601.4666784851794,33.499,42.3,7.0,50,merger_acquisition_close,"eps,tsr",40.6,0.0,40.6,
KPLT,"Katapult Holdings, Inc.",Technology,37.0,7.83,,4.949664429530201,-4.25,0.35831438075438077,0.36,5.2,4.0,,merger_acquisition_close,tsr,18.6,22.0,40.6,P/E 4.9; EV/EBITDA 0.4
SNDK,Sandisk Corporation,Technology,271234.0,1831.554,19.687477242650793,23.315376703522755,11.935524,20.217448216806723,24.273,31.2,18.0,50,spin_separation,"eps,tsr,roic",40.6,0.0,40.6,
QMCO,Quantum Corporation,Technology,1070.0,27.18,,-2.0128495842781557,-43.943665,-4.549069733331471,1.343,5.2,4.0,,"spin_separation,ebitda_dollar_target,revenue_dollar_target",tsr,40.6,0.0,40.6,
AIR,AAR Corp.,Industrials,4722.0,118.36,2.8731124412802727,24.50409836065574,23.87861,14.430399276466108,1.976,56.0,1.0,60,,"eps,tsr,roic,roe",40.5,0.0,40.5,
AOSL,Alpha and Omega Semiconductor L,Technology,833.0,27.8481,1.0416166854749114,-19.596909116687932,-118.61729,-6831.91364775435,1.863,21.0,0.0,,"spin_separation,revenue_dollar_target","eps,tsr,roic,roe",40.5,0.0,40.5,
CLMB,"Climb Global Solutions, Inc.",Technology,563.0,30.1551,4.501986199116743,27.377777777777776,12.854692,14.529632624704737,0.54,45.9,15.0,70,,"eps,tsr,roe",40.5,0.0,40.5,
SCOR,"comScore, Inc.",Technology,72.0,4.795,0.4040501334286129,0.7394578313253012,7.571429,7.670207410337553,0.664,17.0,0.0,,,"eps,tsr",12.5,28.0,40.5,P/B 0.40; P/E 0.7; EV/EBITDA 7.7
WSC,WillScot Holdings Corporation,Industrials,3278.0,18.11,3.5993864190657536,-48.45945945945946,21.153,19.66196810227897,3.972,49.0,12.0,70,,"eps,tsr,roic",40.5,0.0,40.5,
ST,Sensata Technologies Holding pl,Technology,6119.0,42.045,2.0672484182432433,65.968253968254,12.5148,10.972371710286039,2.569,49.0,12.0,75,,"eps,tsr,roic",40.5,0.0,40.5,
OLED,Universal Display Corporation,Technology,3564.0,77.5291,2.1162954705115604,18.445036144578314,17.944332,13.288975087171602,5.848,28.8,12.0,50,revenue_dollar_target,"eps,tsr,roce,roe",40.4,0.0,40.4,
HSIC,"Henry Schein, Inc.",Healthcare,9838.0,86.3572,3.1161080620842574,24.725028901734103,13.510223,12.940080834141611,1.066,48.8,12.0,65,,"eps,tsr,roic",40.4,0.0,40.4,
BOH,Bank of Hawaii Corporation,Financial Services,2795.0,70.85,1.4903279236584808,12.990757855822553,11.162698,7.424786454823254,5.068,27.8,11.0,70,,"tsr,roce,roe",29.4,11.0,40.4,P/E 13.0; EV/EBITDA 7.4
DOV,Dover Corporation,Industrials,25490.0,189.25999,3.3086088818230106,22.616766467065865,19.330936,14.99321611077269,3.835,42.8,18.0,75,,"eps,tsr,roic",40.4,0.0,40.4,
LHX,"L3Harris Technologies, Inc.",Industrials,44916.0,241.2075,2.154266408297362,24.039155622489957,21.59757,14.566839299191374,5.62,45.8,7.0,84,,"eps,tsr,roic",40.4,0.0,40.4,
R,"Ryder System, Inc.",Industrials,9156.0,238.76,3.180168754428621,19.40422077922078,15.007632,6.667970614675374,1.479,20.7,12.0,,fcf_dollar_target,"eps,tsr,roe",34.4,6.0,40.4,EV/EBITDA 6.7
MGPI,"MGP Ingredients, Inc.",Consumer Defensive,279.0,13.045,0.47281732290927925,-1.1437744227353466,7.8099766,-2.5453538739084696,1.138,19.5,-3.0,75,ebitda_dollar_target,"eps,tsr",28.2,12.0,40.2,P/B 0.47
COLB,"Columbia Banking System, Inc.",Financial Services,8279.0,29.275,1.0963278171345339,11.5,9.028845,11.345906730608252,4.646,43.5,15.0,50,,"eps,tsr,roe",35.2,5.0,40.2,P/E 11.5
FBK,FB Financial Corporation,Financial Services,2728.0,52.955,1.4089250019751813,14.001329787234043,10.6045685,10.770116598230569,3.375,46.5,12.0,40,,"eps,tsr,other_per_share",35.2,5.0,40.2,P/E 14.0
LFCR,"Lifecore Biomedical, Inc.",Healthcare,167.0,4.455,10.383670229292239,-4.045454545454546,-6.839506,-73.53678835467504,2.984,41.4,7.0,,spin_separation,"eps,tsr,roe",40.2,0.0,40.2,
LILAB,Liberty Latin America Ltd.,Communication Services,2635.0,7.45,4.9888380609733005,-17.545638945233268,,7.907706532905298,2.283,32.4,8.0,85,,"eps,tsr,roe",34.2,6.0,40.2,EV/EBITDA 7.9
AGO,Assured Guaranty Ltd.,Financial Services,3131.0,70.7,0.5631899172513042,9.465306122448977,9.9872875,9.95270083518931,4.794,14.2,2.0,60,,"tsr,roe,other_per_share",18.1,22.0,40.1,P/B 0.56; P/E 9.5; EV/EBITDA 10.0
HPQ,HP Inc.,Technology,29498.0,32.255,,12.128301886792453,7.807335,9.464433808940926,0.499,26.2,12.0,70,,"eps,tsr,roe",29.1,11.0,40.1,P/E 12.1; EV/EBITDA 9.5
INVA,"Innoviva, Inc.",Healthcare,1553.0,21.0365,1.259000721663361,4.213305954825461,10.176471,1.4549842190794524,3.279,17.2,11.0,,,"eps,tsr",18.1,22.0,40.1,P/E 4.2; EV/EBITDA 1.5
JLL,Jones Lang LaSalle Incorporated,Real Estate,15151.0,329.325,2.030567670906094,15.298262094880226,11.387163,11.12134512318176,0.652,41.2,15.0,88,,"eps,tsr",40.1,0.0,40.1,
MKL,Markel Group Inc.,Financial Services,21868.0,1764.96997,1.1506119241672945,9.556170236073834,15.172992,6.865979784164689,1.393,24.3,12.0,75,,tsr,24.1,16.0,40.1,P/E 9.6; EV/EBITDA 6.9
TIPT,Tiptree Inc.,Financial Services,650.0,17.449,0.7163257077595871,1.653883029721956,,1.7394981884807472,-392.226,16.2,0.0,,,"tsr,other_per_share",12.1,28.0,40.1,P/B 0.72; P/E 1.7; EV/EBITDA 1.7
ANGI,Angi Inc.,Communication Services,216.0,5.3523,0.3148370550808944,-0.9495063985374771,5.2136345,-2.7556125057263694,0.448,36.0,8.0,,,"eps,tsr,roe",28.0,12.0,40.0,P/B 0.31
J,Jacobs Solutions Inc.,Industrials,16804.0,142.31,5.147545943637733,49.21951219512194,14.620887,21.6346328713283,1.325,42.0,18.0,60,,"eps,tsr,roic",40.0,0.0,40.0,
BNC,CEA Industries Inc.,Industrials,249.0,6.04,0.8592447750570952,1.061511423550088,,3.4750296755069847,,12.0,4.0,,,"eps,tsr",12.0,28.0,40.0,P/B 0.86; P/E 1.1; EV/EBITDA 3.5
COLL,"Collegium Pharmaceutical, Inc.",Healthcare,733.0,22.5866,2.348661927036411,14.4640522875817,4.4064326,2.477696819619309,2.004,27.0,7.0,70,,tsr,23.0,17.0,40.0,P/E 14.5; EV/EBITDA 2.5
REPX,"Riley Exploration Permian, Inc.",Energy,893.0,41.175,1.4104759755207987,7.308928571428572,4.0961,5.131413266456775,2.323,9.0,15.0,65,,tsr,18.0,22.0,40.0,P/E 7.3; EV/EBITDA 5.1
MDLZ,"Mondelez International, Inc.",Consumer Defensive,77891.0,61.0286,2.923961577611772,22.59558823529412,17.753994,15.977921775368182,2.476,44.1,16.0,75,,"eps,tsr,roic",40.0,0.0,40.0,
SW,Smurfit WestRock plc,Consumer Cyclical,24742.0,47.17,1.371797804003105,47.31937648936171,13.916131,8.606542262574445,1.177,26.1,-2.0,75,restructuring_milestone,"eps,tsr,roce",34.0,6.0,40.0,EV/EBITDA 8.6
CG,The Carlyle Group Inc.,Financial Services,14615.0,40.6004,2.0262711277173913,39.54607407407408,8.575919,31.228348168154067,9.222,55.8,12.0,50,,"eps,tsr,roic",39.9,0.0,39.9,
GWW,"W.W. Grainger, Inc.",Industrials,59972.0,1270.25,14.517656808278867,32.34378287461774,27.09677,21.019436276631723,3.644,36.8,15.0,90,,"eps,tsr,roic",39.9,0.0,39.9,
SABR,Sabre Corporation,Technology,874.0,2.21,,1.1947267234276295,12.965518,25.84962209819252,1.553,37.8,-2.0,60,,"eps,tsr,roic,roe",29.9,10.0,39.9,P/E 1.2
PEG,Public Service Enterprise Group,Utilities,33749.0,67.725,1.9475324441687345,16.659653465346537,17.008764,13.305353720770288,4.987,47.7,12.0,70,,"eps,tsr,roic",39.9,0.0,39.9,
RYAM,Rayonier Advanced Materials Inc,Basic Materials,628.0,9.31,3.223823053698512,-4.452565273837573,8.3027525,8.683444274540935,0.919,28.8,15.0,65,,"eps,tsr,roic,roe",33.9,6.0,39.9,EV/EBITDA 8.7
SR,Spire Inc.,Utilities,4555.0,77.05,1.2712669383198436,8.57452725250278,13.94391,5.249482445655916,4.791,12.8,15.0,,,"eps,tsr",17.9,22.0,39.9,P/E 8.6; EV/EBITDA 5.2
SPOK,"Spok Holdings, Inc.",Healthcare,219.0,10.48,1.5650279193805543,17.46684572771529,12.511906,8.961691779929653,1.527,31.5,4.0,50,ebitda_dollar_target,"eps,tsr",33.8,6.0,39.8,EV/EBITDA 9.0
INGM,Ingram Micro Holding Corporatio,Technology,6346.0,27.51,1.4825879736132197,14.788043478260873,7.678741,7.478984492256123,0.174,28.5,13.0,65,,"tsr,roic",28.8,11.0,39.8,P/E 14.8; EV/EBITDA 7.5
NOC,Northrop Grumman Corporation,Industrials,73368.0,516.45,4.102462332252292,16.26775586556753,17.303455,11.692546800107468,2.114,31.5,12.0,,fcf_dollar_target,"eps,tsr,roic",39.8,0.0,39.8,
RRX,Regal Rexnord Corporation,Industrials,10176.0,152.865,1.471499931602921,31.054303278688522,16.777306,12.037907436600982,3.264,31.5,12.0,40,fcf_dollar_target,"eps,tsr,roic",39.8,0.0,39.8,
INSW,"International Seaways, Inc.",Industrials,5039.0,101.78,2.224213177741923,6.437182741116751,13.161748,4.134117058905383,4.472,23.4,0.0,50,,"eps,tsr,roic",17.7,22.0,39.7,P/E 6.4; EV/EBITDA 4.1
NCMI,"National CineMedia, Inc.",Communication Services,203.0,2.16,0.6059390487586,-23.41227125941873,23.448277,6.1549244666666665,1.207,32.4,15.0,,,"fcf_per_share,tsr",27.7,12.0,39.7,P/B 0.61; EV/EBITDA 6.2
PTLO,Portillo's Inc.,Consumer Cyclical,263.0,3.635,0.5479808428879378,18.190904547726134,16.073046,14.276499304759723,1.358,20.2,11.0,70,ebitda_dollar_target,tsr,33.6,6.0,39.6,P/B 0.55
KPTI,Karyopharm Therapeutics Inc.,Healthcare,39.0,1.73,,-0.07840501792114696,-1.8445809,-1.140254981665198,2.758,35.2,12.0,63,fda_phase_milestone,tsr,39.6,0.0,39.6,
U,Unity Software Inc.,Technology,18668.0,42.765,6.153294663616677,-32.61764705882353,20.573326,-228.40283265597148,6.469,25.2,-2.0,75,"revenue_dollar_target,operating_margin_target",tsr,39.6,0.0,39.6,
NFG,National Fuel Gas Company,Energy,7609.0,80.06,1.9393305074140876,10.879999999999999,9.550321,6.433753189116128,3.832,17.2,12.0,,spin_separation,"eps,tsr",28.6,11.0,39.6,P/E 10.9; EV/EBITDA 6.4
BUSEP,First Busey Corporation,Financial Services,2149.0,26.03,,,,,,27.0,12.0,75,merger_acquisition_close,"eps,tsr",39.5,0.0,39.5,
CRBD,Corebridge Financial Inc. 6.375,Financial Services,506.0,21.07,,,,,,31.0,12.0,50,merger_acquisition_close,"eps,tsr,roe",39.5,0.0,39.5,
CRBG,"Corebridge Financial, Inc.",Financial Services,15145.0,33.975,1.4219311674960098,20.014619883040936,,10.723773031759297,,31.0,12.0,50,merger_acquisition_close,"eps,tsr,roe",39.5,0.0,39.5,
CVLT,"Commvault Systems, Inc.",Technology,6109.0,147.4,28.1866864177252,94.5932911392405,21.353464,59.086668174904574,4.547,44.0,15.0,85,,tsr,39.5,0.0,39.5,
KEX,Kirby Corporation,Industrials,7124.0,133.16,2.069434701083365,19.88532110091743,16.98727,10.384523217205,2.528,24.0,19.0,,ebitda_dollar_target,"eps,tsr,roe",39.5,0.0,39.5,
OCUL,"Ocular Therapeutix, Inc.",Healthcare,2207.0,10.08,4.244120752017629,-6.945000000000001,-6.1937604,-5.869272043037201,28.394,43.0,12.0,,fda_phase_milestone,tsr,39.5,0.0,39.5,
FDP,Del Monte Corporation,Consumer Defensive,1306.0,27.44,0.6479186,18.924137,8.142434,7.676,0.441,28.0,15.0,50,,"eps,tsr,roe",27.5,12.0,39.5,P/B 0.65; EV/EBITDA 7.7
WAL,Western Alliance Bancorporation,Financial Services,8461.0,77.49,1.0789050386381025,8.47,6.9440346,7.136616957283681,2.107,24.0,3.0,50,,"eps,tsr,roce,roe,other_per_share",23.5,16.0,39.5,P/E 8.5; EV/EBITDA 7.1
HOG,"Harley-Davidson, Inc.",Consumer Cyclical,2702.0,25.665,0.871739320665589,15.481927710843374,13.545244,8.955224295060424,0.888,30.8,8.0,50,,"eps,tsr,roic,roe",27.4,12.0,39.4,P/B 0.87; EV/EBITDA 9.0
AMS,American Shared Hospital Servic,Healthcare,10.0,1.45,0.4156570464281078,-5.819477434679335,3.65,7.676389786683904,1.084,10.8,4.0,,spin_separation,"eps,tsr",21.4,18.0,39.4,P/B 0.42; EV/EBITDA 7.7
KTB,"Kontoor Brands, Inc.",Consumer Cyclical,3703.0,66.99,5.986151471843555,13.65909090909091,12.161673,11.746693385453375,1.657,36.8,12.0,60,,"eps,tsr,roic",34.4,5.0,39.4,P/E 13.7
CFR,"Cullen/Frost Bankers, Inc.",Financial Services,9699.0,156.06,2.0981377380861987,14.614514608859569,13.23175,15.89465935377659,3.025,32.2,12.0,83,,"eps,tsr",34.1,5.0,39.1,P/E 14.6
LPX,Louisiana-Pacific Corporation,Basic Materials,4738.0,67.81,2.7164779317660552,86.63291139240505,20.176163,21.64355139647577,2.202,38.2,12.0,85,,"eps,tsr,roic",39.1,0.0,39.1,
NE,Noble Corporation plc A,Energy,7136.0,44.7,1.5914562231179619,46.83157894736842,16.223896,9.392323086585677,2.633,42.3,12.0,,,"fcf_per_share,tsr,roic",33.1,6.0,39.1,EV/EBITDA 9.4
KMX,CarMax Inc,Consumer Cyclical,8080.0,56.94,1.3324044914250626,35.96273291925466,19.259413,23.64959873826096,0.927,44.1,18.0,50,,"eps,tsr,roic,roe",39.0,0.0,39.0,
ANIP,"ANI Pharmaceuticals, Inc.",Healthcare,1720.0,75.67,2.8805994253296987,15.412008281573497,7.432591,6.495156794399346,2.154,18.0,12.0,75,revenue_dollar_target,tsr,33.0,6.0,39.0,EV/EBITDA 6.5
WRB,W.R. Berkley Corporation,Financial Services,25374.0,68.16,2.486638748362577,13.844580777096116,13.948583,10.344263592265769,1.74,37.0,15.0,,,"eps,tsr,roe,other_per_share",34.0,5.0,39.0,P/E 13.8
UPBD,"Upbound Group, Inc.",Technology,954.0,16.3698,1.3012288947978454,10.178553459119499,3.8522112,1.442316573225171,0.569,13.0,15.0,75,,"eps,tsr",22.0,17.0,39.0,P/E 10.2; EV/EBITDA 1.4
FUBO,fuboTV Inc.,Communication Services,1062.0,9.71,1.3059598956418677,-7.544586983729662,19.5339,25.548858091736985,0.431,38.7,11.0,,merger_acquisition_close,tsr,38.9,0.0,38.9,
DLR,"Digital Realty Trust, Inc.",Real Estate,67872.0,183.45,2.473971524399779,84.20276497695852,65.69162,24.54855868613447,13.599,33.8,12.0,50,spin_separation,"eps,tsr,roic",38.9,0.0,38.9,
PMCB,"PharmaCyte  Biotech, Inc.",Healthcare,5.0,0.426,0.11606839756911874,-0.17900414937759335,-1.8889475,2.4018456844239164,,1.8,0.0,,merger_acquisition_close,tsr,14.9,24.0,38.9,P/B 0.12; EV/EBITDA 2.4
ARQ,"Arq, Inc.",Industrials,87.0,2.0275,0.5173729082575897,-1.6362767736284738,71.0,-2.7451208680958916,1.274,26.1,7.0,75,spin_separation,tsr,32.5,6.0,38.5,P/B 0.52
BWXT,"BWX Technologies, Inc.",Industrials,13203.0,144.11,9.893649073401027,36.708760309278354,39.545174,25.96767741247569,6.019,45.0,12.0,70,,"eps,tsr,roic",38.5,0.0,38.5,
PPL,PPL Corporation,Utilities,24357.0,32.365,1.6189540489863743,26.176470588235293,16.713278,13.38476248137755,4.904,36.9,12.0,80,,"eps,tsr,other_per_share",38.5,0.0,38.5,
PPLC,PPL Corporation,Utilities,33080.0,44.54,2.1987341522100365,26.176470588235293,,13.38476248137755,,36.9,12.0,80,,"eps,tsr,other_per_share",38.5,0.0,38.5,
STRL,"Sterling Infrastructure, Inc.",Industrials,15819.0,515.4994,11.65434301396507,36.692088382038484,31.87426,21.650047582992382,9.111,45.9,15.0,67,,"eps,tsr",38.5,0.0,38.5,
UGI,UGI Corporation,Utilities,7868.0,36.7,1.5093535008632266,11.767534299269139,10.122755,9.15267338531514,1.876,24.0,15.0,60,,"eps,tsr",27.5,11.0,38.5,P/E 11.8; EV/EBITDA 9.2
AON,Aon plc,Financial Services,59972.0,282.72,6.207007137135169,15.462171052631577,14.845408,11.813197428163654,4.703,37.8,15.0,83,,"eps,tsr",38.4,0.0,38.4,
AUPH,Aurinia Pharmaceuticals Inc,Healthcare,2139.0,16.63,3.4782508977595046,6.966101694915255,14.722718,10.61216263229481,6.057,33.8,11.0,75,,tsr,28.4,10.0,38.4,P/E 7.0
FGN,"F&G Annuities & Life, Inc.",Financial Services,4358.0,24.4,0.9455560739856802,7.209999999999999,,2.1640040410662826,,12.6,4.0,,,tsr,10.3,28.0,38.3,P/B 0.95; P/E 7.2; EV/EBITDA 2.2
DVA,DaVita Inc.,Healthcare,11837.0,184.375,,15.779879621668103,12.100679,7.916202116192996,2.003,31.5,17.0,75,,"eps,tsr",32.2,6.0,38.2,EV/EBITDA 7.9
GME,GameStop Corporation,Consumer Cyclical,10977.0,24.465,1.7874151937668936,12.316582914572864,17.785124,9.640499686190521,1.507,23.4,3.0,,spin_separation,"tsr,other_per_share",27.2,11.0,38.2,P/E 12.3; EV/EBITDA 9.6
ALV,"Autoliv, Inc.",Consumer Cyclical,8531.0,116.485,3.4261193662650604,13.471864009378663,9.915279,7.805366149162861,0.98,23.2,15.0,75,,"eps,tsr",27.1,11.0,38.1,P/E 13.5; EV/EBITDA 7.8
BMY,Bristol-Myers Squibb Company,Healthcare,126321.0,61.84,5.65980495147632,13.516519823788546,8.75742,9.5572449757034,3.017,26.2,12.0,60,,"eps,tsr",27.1,11.0,38.1,P/E 13.5; EV/EBITDA 9.6
CCSI,"Consensus Cloud Solutions, Inc.",Technology,662.0,35.9702,15.921136048693644,7.093089108910891,5.659345,6.13468529277119,3.146,16.2,4.0,,spin_separation,tsr,22.1,16.0,38.1,P/E 7.1; EV/EBITDA 6.1
COLM,Columbia Sportswear Company,Consumer Cyclical,2975.0,58.1817,1.8578015530699887,14.83963730569948,15.741167,8.56717429309637,0.982,25.2,1.0,60,,"eps,tsr,roic,roe,other_per_share",27.1,11.0,38.1,P/E 14.8; EV/EBITDA 8.6
EVRG,"Evergy, Inc.",Utilities,18149.0,78.735,1.775353731390003,19.506791044776122,18.124102,12.256759057855344,5.791,44.2,12.0,70,,"eps,tsr,roic",38.1,0.0,38.1,
FNWB,First Northwest Bancorp,Financial Services,97.0,10.18,0.6108334375572442,62.81891723708774,13.373333,403.2047485265226,4.92,20.2,12.0,,revenue_dollar_target,"eps,tsr",32.1,6.0,38.1,P/B 0.61
NKE,"Nike, Inc.",Consumer Cyclical,53547.0,36.185,3.8003526740241305,16.992380952380955,24.892061,12.087034346391313,1.506,26.0,18.0,50,revenue_dollar_target,"eps,tsr",38.0,0.0,38.0,
DEC,Diversified Energy Company,Energy,1017.0,14.055,1.0692289829187402,1.6222351571594877,5.36359,3.003595360091846,2.056,9.0,15.0,,,"tsr,roe",16.0,22.0,38.0,P/E 1.6; EV/EBITDA 3.0
CIM,Chimera Investment Corporation,Real Estate,911.0,10.895,0.3772616994518191,-14.413691670009356,6.091743,82.12565378642496,62.047,27.9,12.0,50,,"tsr,roe,other_per_share",25.9,12.0,38.0,P/B 0.38
CIMN,Chimera Investment Corporation,Real Estate,997.0,25.145,0.4128755920825492,-14.413691670009356,,82.12565378642496,,27.9,12.0,50,,"tsr,roe,other_per_share",25.9,12.0,38.0,P/B 0.41
CIMP,Chimera Investment Corporation,Real Estate,1043.0,25.1178,0.4315922783576597,-14.413691670009356,,82.12565378642496,,27.9,12.0,50,,"tsr,roe,other_per_share",25.9,12.0,38.0,P/B 0.43
DIS,Walt Disney Company (The),Communication Services,180024.0,103.67,1.6361057557801366,21.26748971193416,13.857894,9.517508081460432,2.351,30.0,10.0,60,,"eps,tsr,roic,cfroi",32.0,6.0,38.0,EV/EBITDA 9.5
HRI,Herc Holdings Inc.,Industrials,4765.0,142.52,2.5209751243386243,94.16666666666667,15.644288,12.568282991928251,3.176,24.0,12.0,60,merger_acquisition_close,"tsr,roic",38.0,0.0,38.0,
POWI,"Power Integrations, Inc.",Technology,2853.0,51.2009,4.19220565355136,111.94133157547792,46.90596,68.81231383493339,10.3,38.0,2.0,,merger_acquisition_close,"eps,tsr,roe",38.0,0.0,38.0,
VRA,"Vera Bradley, Inc.",Consumer Cyclical,114.0,4.02,0.892699476039137,-11.3543661971831,-130.0,8.624468854883668,0.598,28.0,12.0,50,,"eps,tsr,roe",26.0,12.0,38.0,P/B 0.89; EV/EBITDA 8.6
REZI,"Resideo Technologies, Inc.",Industrials,2867.0,18.88,0.9537186856287425,7.764462809917355,10.194888,7.057146446366781,1.102,22.0,-2.0,50,,"eps,tsr,roic",16.0,22.0,38.0,P/B 0.95; P/E 7.8; EV/EBITDA 7.1
NEM,Newmont Corporation,Basic Materials,129720.0,123.11,3.662959718840007,15.553459119496855,9.109843,8.725642268366643,4.315,29.7,18.0,67,,"tsr,roce",31.9,6.0,37.9,EV/EBITDA 8.7
SOJC,The Southern Company JR 2017B NT 77,Utilities,18610.0,18.6201,0.4703135056355825,19.98561151079137,,11.994011476912231,,20.7,15.0,,,"eps,tsr,roe,other_per_share",25.9,12.0,37.9,P/B 0.47
SOJD,Southern Company (The) Series 2,Utilities,19690.0,17.59,0.49760096717210006,19.98561151079137,,11.994011476912231,,20.7,15.0,,,"eps,tsr,roe,other_per_share",25.9,12.0,37.9,P/B 0.50
DTI,Drilling Tools International Co,Energy,85.0,2.425,0.7118168255214642,-29.913473423980225,8.692308,4.539409396231011,0.991,4.5,3.0,,merger_acquisition_close,"tsr,roe",19.8,18.0,37.8,P/B 0.71; EV/EBITDA 4.5
BHFAL,"Brighthouse Financial, Inc.",Financial Services,3562.0,15.8801,0.5438172175572519,4.075412411626082,,-0.8541883442768412,,19.5,12.0,70,,tsr,21.8,16.0,37.8,P/B 0.54; P/E 4.1
BHFAM,"Brighthouse Financial, Inc.",Financial Services,3621.0,10.17,0.552862578778626,4.075412411626082,,-0.8541883442768412,,19.5,12.0,70,,tsr,21.8,16.0,37.8,P/B 0.55; P/E 4.1
BHFAN,"Brighthouse Financial, Inc.",Financial Services,3674.0,11.715,0.5608765261068702,4.075412411626082,,-0.8541883442768412,,19.5,12.0,70,,tsr,21.8,16.0,37.8,P/B 0.56; P/E 4.1
BHFAO,"Brighthouse Financial, Inc.",Financial Services,3624.0,14.4798,0.553332560610687,4.075412411626082,,-0.8541883442768412,,19.5,12.0,70,,tsr,21.8,16.0,37.8,P/B 0.55; P/E 4.1
HLIO,"Helios Technologies, Inc.",Industrials,2310.0,69.915,2.4363978909627755,32.375,26.928583,13.180913143360751,3.778,31.5,4.0,50,revenue_dollar_target,"eps,tsr,roic,roe",37.8,0.0,37.8,
VICI,VICI Properties Inc.,Real Estate,26299.0,23.885,0.9015619459754016,9.203488372093025,8.954004,11.944972243892884,11.32,3.6,12.0,,asset_sale_named,tsr,21.8,16.0,37.8,P/B 0.90; P/E 9.2
WTFC,Wintrust Financial Corporation,Financial Services,9797.0,145.26,1.30196895675761,11.43151227236738,11.11523,7.522572869691854,4.284,22.5,15.0,60,,"eps,tsr",26.8,11.0,37.8,P/E 11.4; EV/EBITDA 7.5
DNUT,"Krispy Kreme, Inc.",Consumer Defensive,522.0,3.025,0.8437922191390734,-5.518,67.9648,9.330532949644725,1.209,33.3,-2.0,,,"eps,tsr,roic,roe,other_per_share,cfroi",25.6,12.0,37.6,P/B 0.84; EV/EBITDA 9.3
EVH,"Evolent Health, Inc",Healthcare,416.0,3.695,1.0845318339452485,-0.8118040089086859,11.665367,-3.976746315922281,0.714,43.2,12.0,56,,"tsr,roic,roe,other_per_share,cfroi",37.6,0.0,37.6,
JPM,JP Morgan Chase & Co.,Financial Services,904897.0,337.70999,2.415649040315218,14.5262252794497,13.800566,19.66487016123873,3.632,26.2,7.0,88,,"eps,tsr,roe,other_per_share",32.6,5.0,37.6,P/E 14.5
BIRD,"Allbirds, Inc.",Consumer Cyclical,15.0,2.36,0.6574583111347896,-0.26108647450110867,,0.13447006801600764,,7.0,4.0,50,spin_separation,"eps,other_per_share",19.5,18.0,37.5,P/B 0.66; EV/EBITDA 0.1
MIST,Milestone Pharmaceuticals Inc.,Healthcare,110.0,0.8825,6.030819299593809,-1.2424637681159418,-1.2440192,-1.0790745126965264,71.514,11.0,8.0,,"spin_separation,merger_acquisition_close","tsr,roe,cfroi",37.5,0.0,37.5,
NXDT,NexPoint Diversified Real Estat,Real Estate,269.0,5.205,0.37662787011609866,-3.409994697773064,,-11.95318171688358,6.769,24.0,11.0,,,"eps,tsr,other_per_share,cfroi",25.5,12.0,37.5,P/B 0.38
PAGP,"Plains GP Holdings, L.P.",Energy,5321.0,26.885,3.3675015025316455,9.55325,10.69472,4.849891010939268,0.634,0.9,6.0,50,spin_separation,tsr,15.4,22.0,37.5,P/E 9.6; EV/EBITDA 4.8
PSN,Parsons Corporation,Technology,4728.0,44.27,1.7968536337238576,29.870748299319725,14.166059,15.33026152894939,1.126,6.8,12.0,60,"ebitda_dollar_target,operating_margin_target",tsr,37.4,0.0,37.4,
XBP,"XBP Global Holdings, Inc.",Technology,38.0,3.27,0.8282043517561983,0.035397272136826155,0.95391697,0.3287251831849144,0.524,10.8,0.0,,,"eps,tsr",9.4,28.0,37.4,P/B 0.83; P/E 0.0; EV/EBITDA 0.3
BODI,"The Beachbody Company, Inc.",Communication Services,36.0,4.92,0.9580326162947029,2.7897727272727275,-1.748503,0.9346767929951206,0.23,10.8,0.0,,,"eps,tsr",9.4,28.0,37.4,P/B 0.96; P/E 2.8; EV/EBITDA 0.9
DVN,Devon Energy Corporation,Energy,53394.0,48.54,1.278990107073562,11.41371158392435,7.783079,7.195595561594203,2.069,28.8,4.0,60,,"eps,tsr,roce",26.4,11.0,37.4,P/E 11.4; EV/EBITDA 7.2
FRST,Primis Financial Corp.,Financial Services,388.0,15.59,0.8940328424333089,7.175925925925925,8.060856,10.432340770945194,3.03,22.5,4.0,70,,"eps,tsr",21.2,16.0,37.2,P/B 0.89; P/E 7.2
GFF,Griffon Corporation,Basic Materials,4434.0,96.68,34.33356472018335,21.535398230088497,15.838668,11.610800185588044,2.195,37.5,21.0,,,"eps,tsr,roic,roe",37.2,0.0,37.2,
HUT,Hut 8 Corp.,Financial Services,11894.0,105.635,8.24462018420613,-19.42555172932331,-66.99327,263.5706450738814,51.296,50.4,20.0,50,,tsr,37.2,0.0,37.2,
ALK,"Alaska Air Group, Inc.",Industrials,4482.0,40.225,1.221316491825613,-25.21835443037975,7.789238,17.095680748829952,0.721,26.2,12.0,50,revenue_dollar_target,"eps,tsr,roic",37.1,0.0,37.1,
AN,"AutoNation, Inc.",Consumer Cyclical,5606.0,167.55,2.481729196140056,7.569223785746709,7.7735724,10.279993535037704,0.608,26.2,12.0,,,"eps,tsr,roic,roe",27.1,10.0,37.1,P/E 7.6
DBI,Designer Brands Inc.,Consumer Cyclical,316.0,6.23,1.0505556027869474,18.772727272727273,10.787929,9.361453747184363,0.517,34.2,12.0,75,,"eps,tsr",31.1,6.0,37.1,EV/EBITDA 9.4
PFG,Principal Financial Group Inc,Financial Services,24517.0,114.51,2.0190700291530783,16.239346590909093,10.729766,12.33288230348886,1.493,42.3,12.0,30,,"eps,tsr,roic,roe,other_per_share,cfroi",37.1,0.0,37.1,
VTOL,"Bristow Group, Inc.",Energy,1271.0,42.935,1.1669572280390905,11.896648044692737,8.051331,7.636629589482754,1.251,24.0,12.0,60,,"tsr,roic",26.0,11.0,37.0,P/E 11.9; EV/EBITDA 7.6
DINO,HF Sinclair Corporation,Energy,18824.0,105.88,1.8302158405444822,10.038936372269706,8.561996,5.360948126896552,0.504,12.0,12.0,60,,"tsr,roce",20.0,17.0,37.0,P/E 10.0; EV/EBITDA 5.4
AMSF,"AMERISAFE, Inc.",Financial Services,457.0,24.4247,1.8274017704637366,9.68584,15.033625,12.702029755890884,1.609,26.1,12.0,70,,"tsr,roe",27.1,10.0,37.0,P/E 9.7
PMT,PennyMac Mortgage Investment Tr,Real Estate,768.0,8.805,0.41436434538586076,6.09375,6.797082,24.120757415652925,31.846,11.0,11.0,55,,"tsr,roe",15.0,22.0,37.0,P/B 0.41; P/E 6.1
SCYX,"SCYNEXIS, Inc.",Healthcare,30.0,4.7063,0.4422021066786195,-2.4673913043478266,-1.6071429,-2.0133075720566684,-0.835,20.0,-6.0,,spin_separation,"eps,tsr,roe,other_per_share",25.0,12.0,37.0,P/B 0.44
PMTU,PennyMac Mortgage Investment Trust,Real Estate,814.0,25.33,0.43943976740420937,6.09375,,24.120757415652925,,11.0,11.0,55,,"tsr,roe",15.0,22.0,37.0,P/B 0.44; P/E 6.1
BCO,Brinks Company (The),Industrials,4356.0,105.78,14.02939188405797,24.08715596330275,9.222852,7.7097935530564525,1.312,33.8,12.0,75,,"eps,tsr",30.9,6.0,36.9,EV/EBITDA 7.7
RC,Ready Capital Corporation,Real Estate,260.0,1.575,0.20858192385659446,-0.4375,-3.004292,-16.500005682760335,-21.003,29.7,4.0,75,,"tsr,roe",24.9,12.0,36.9,P/B 0.21
DRS,"Leonardo DRS, Inc.",Industrials,9976.0,37.38,3.559188282554406,31.074999999999996,32.01623,20.9540448802521,3.311,39.8,18.0,,,"eps,tsr,roic,cfroi",36.9,0.0,36.9,
KEY,KeyCorp,Financial Services,22068.0,20.445,1.114643885746035,11.74277456647399,10.506097,18.273114905362778,5.883,27.8,12.0,60,,"eps,tsr,roe,other_per_share",31.9,5.0,36.9,P/E 11.7
KOPN,Kopin Corporation,Technology,908.0,4.9014,13.122645925366522,109.80316742081446,-123.25,127.96283389168015,21.456,29.7,8.0,,revenue_dollar_target,"eps,tsr,roe",36.9,0.0,36.9,
CDE,"Coeur Mining, Inc.",Basic Materials,20030.0,19.4365,1.9242017071130382,15.38095238095238,8.583334,12.318532047419763,7.031,49.5,12.0,50,,"fcf_per_share,tsr,roic",36.8,0.0,36.8,
ABG,Asbury Automotive Group Inc,Consumer Cyclical,3440.0,184.78,0.87693257137031,6.782860343539955,6.660661,8.296005146549302,0.504,10.5,11.0,,,"eps,tsr",14.8,22.0,36.8,P/B 0.88; P/E 6.8; EV/EBITDA 8.3
CE,Celanese Corporation,Basic Materials,5408.0,49.3153,1.297826015838733,-4.590823970037453,7.7202716,93.34034772571428,1.81,34.5,15.0,70,,"eps,tsr,roic,roce",36.8,0.0,36.8,
EXEL,"Exelixis, Inc.",Healthcare,14225.0,56.5922,7.7150614493627705,17.258358662613983,12.823046,13.594974401059996,5.237,25.5,12.0,50,merger_acquisition_close,"eps,tsr,roe",36.8,0.0,36.8,
MAGN,Magnera Corporation,Consumer Defensive,423.0,11.895,0.4163834808259587,-3.7971246006389774,7.2442236,11.301488172043012,0.641,22.5,15.0,75,,tsr,24.8,12.0,36.8,P/B 0.42
MNTS,Momentus Inc.,Industrials,24.0,4.27,0.21413568177840014,-0.11670795485824388,-1.142384,2.320252147766323,22.368,13.5,0.0,,,"tsr,other_per_share,cfroi",12.8,24.0,36.8,P/B 0.21; EV/EBITDA 2.3
CTSH,Cognizant Technology Solutions ,Technology,26783.0,59.46,1.8519853870142442,12.708927038626609,7.067298,7.019511597173145,0.948,26.2,17.0,57,,"eps,tsr",25.6,11.0,36.6,P/E 12.7; EV/EBITDA 7.0
WDAY,"Workday, Inc.",Technology,50536.0,192.9296,5.691675405676315,38.7989898989899,9.250645,32.09563440011998,2.875,42.3,7.0,75,,"eps,tsr,roic,roe",36.6,0.0,36.6,
AMD,"Advanced Micro Devices, Inc.",Technology,1000739.0,613.7247,14.886640125847912,155.6497461928934,41.00965,93.38345642843814,23.169,41.2,12.0,,,"eps,tsr,roic,roce,roe",36.6,0.0,36.6,
ASO,"Academy Sports and Outdoors, In",Consumer Cyclical,3009.0,48.5245,1.3814565074987388,7.841797385620914,7.3900933,6.440604225986764,0.786,26.2,3.0,50,,"eps,tsr,roic",20.6,16.0,36.6,P/E 7.8; EV/EBITDA 6.4
INGR,Ingredion Incorporated,Consumer Defensive,6140.0,97.37,1.3572202844827586,10.444086021505374,8.437433,6.197429583407672,0.987,24.0,15.0,50,,"eps,tsr,roic",25.5,11.0,36.5,P/E 10.4; EV/EBITDA 6.2
PFSI,"PennyMac Financial Services, In",Financial Services,3396.0,65.4,0.7830040258243025,8.669312169312171,5.7768807,46.622213094934544,8.934,21.0,4.0,,,"eps,tsr,roe,other_per_share",20.5,16.0,36.5,P/B 0.78; P/E 8.7
CODX,"Co-Diagnostics, Inc.",Healthcare,1.0,1.092,,-0.04078967065868264,,0.013331539460284854,,17.0,8.0,,spin_separation,tsr,24.5,12.0,36.5,EV/EBITDA 0.0
FMNB,Farmers National Banc Corp.,Financial Services,679.0,15.2626,0.8657350807192277,10.58611111111111,8.08,12.128331836934304,5.662,24.0,15.0,50,,"eps,tsr,roe",25.5,11.0,36.5,P/B 0.87; P/E 10.6
IRTC,"iRhythm Holdings, Inc.",Healthcare,3770.0,114.71,20.26877091992279,-266.1630232558139,99.54342,207.5424251392758,4.593,42.0,15.0,50,,"eps,tsr,roic,roe",36.5,0.0,36.5,
LILAV,,,0.0,,,,,,,37.0,8.0,85,,"eps,tsr,roe",36.5,0.0,36.5,
MFAN,"MFA Financial, Inc. 8.875% Senior Notes",Real Estate,933.0,25.23,0.525292035642378,6.300567966679289,,22.27644883618201,,19.0,-2.0,88,,"eps,tsr",20.5,16.0,36.5,P/B 0.53; P/E 6.3
MGRB,"Affiliated Managers Group, Inc.",Financial Services,9299.0,16.09,3.0608611682227984,11.842637151106834,,7.374801382094373,,27.0,12.0,,,"eps,tsr,roe",25.5,11.0,36.5,P/E 11.8; EV/EBITDA 7.4
MGRE,"Affiliated Managers Group, Inc.",Financial Services,9197.0,21.79,3.027165336414472,11.842637151106834,,7.374801382094373,,27.0,12.0,,,"eps,tsr,roe",25.5,11.0,36.5,P/E 11.8; EV/EBITDA 7.4
LILKV,,,0.0,,,,,,,37.0,8.0,85,,"eps,tsr,roe",36.5,0.0,36.5,
MFAO,"MFA Financial, Inc. 9.000% Senior Notes",Real Estate,934.0,25.3299,0.5256897653719861,6.300567966679289,,22.27644883618201,,19.0,-2.0,88,,"eps,tsr",20.5,16.0,36.5,P/B 0.53; P/E 6.3
THC,Tenet Healthcare Corporation,Healthcare,20838.0,258.79,4.473489275440103,9.808192955589586,9.735435,6.271383363977857,1.358,21.0,4.0,60,,"eps,tsr",20.5,16.0,36.5,P/E 9.8; EV/EBITDA 6.3
YUMC,"Yum China Holdings, Inc.",Consumer Cyclical,14218.0,40.7235,2.65418846537241,14.874087591240876,13.139329,8.328318626943005,1.368,27.0,12.0,50,,"eps,tsr,roic",25.5,11.0,36.5,P/E 14.9; EV/EBITDA 8.3
LILPV,,,0.0,,,,,,,37.0,8.0,85,,"eps,tsr,roe",36.5,0.0,36.5,
MGR,"Affiliated Managers Group, Inc.",Financial Services,5736.0,19.46124,1.8881104851507935,11.842637151106834,,7.374801382094373,,27.0,12.0,,,"eps,tsr,roe",25.5,11.0,36.5,P/E 11.8; EV/EBITDA 7.4
MGRD,"Affiliated Managers Group, Inc.",Financial Services,9383.0,14.55,3.088550182385961,11.842637151106834,,7.374801382094373,,27.0,12.0,,,"eps,tsr,roe",25.5,11.0,36.5,P/E 11.8; EV/EBITDA 7.4
XRN,Chiron Real Estate Inc.,Real Estate,475.0,35.9,0.7232384347595773,9.092071611253196,-22.941175,6.922347546106977,8.384,18.8,-2.0,50,,"eps,tsr,roe",14.4,22.0,36.4,P/B 0.72; P/E 9.1; EV/EBITDA 6.9
BY,"Byline Bancorp, Inc.",Financial Services,1684.0,37.09,1.2913752234102507,11.114114114114116,10.417902,10.298075080349802,4.835,30.8,12.0,,,"eps,tsr,roic,roe,other_per_share,cfroi",31.4,5.0,36.4,P/E 11.1
SAH,"Sonic Automotive, Inc.",Consumer Cyclical,2121.0,63.69,2.067939967889957,9.774294670846396,10.719493,10.108156907944135,0.434,12.6,0.0,,revenue_dollar_target,"eps,tsr,roe,cfroi",26.3,10.0,36.3,P/E 9.8
FROG,JFrog Ltd.,Technology,11021.0,90.9935,11.47190994955793,-249.1043926247288,73.765594,-602.5829997824668,16.496,40.5,8.0,80,,"eps,tsr",36.2,0.0,36.2,
HL,Hecla Mining Company,Basic Materials,12217.0,18.215,4.5622935570074805,36.62,13.39061,13.135433771939132,6.373,49.5,15.0,50,,"tsr,roic",36.2,0.0,36.2,
INBK,First Internet Bancorp,Financial Services,234.0,26.83,0.6432952025460257,-7.309192200557103,5.461865,-14.920160071036658,-0.676,16.5,12.0,,revenue_dollar_target,"tsr,other_per_share",30.2,6.0,36.2,P/B 0.64
IVZ,Invesco Ltd,Financial Services,13642.0,30.775,1.093856202743768,-45.23529411764707,9.438614,9.633779914587397,2.602,16.5,4.0,60,asset_sale_named,"eps,tsr",30.2,6.0,36.2,EV/EBITDA 9.6
ACTG,Acacia Research Corporation,Industrials,413.0,4.275,0.7838417029241365,-16.22289844047166,-9.169812,3.961471517074645,1.176,24.3,4.0,50,,"tsr,other_per_share",18.1,18.0,36.1,P/B 0.78; EV/EBITDA 4.0
AMAL,Amalgamated Financial Corp.,Financial Services,1408.0,47.1,1.686594630134624,12.343007915567282,9.724558,9.374374689620396,3.629,26.2,12.0,50,,"eps,tsr,other_per_share",25.1,11.0,36.1,P/E 12.3; EV/EBITDA 9.4
BKU,"BankUnited, Inc.",Financial Services,3185.0,43.815,1.060312773668553,12.060941828254846,10.374884,26.07168030317247,4.981,26.2,12.0,75,,"eps,tsr,roe,other_per_share",31.1,5.0,36.1,P/E 12.1
BRO,"Brown & Brown, Inc.",Financial Services,20748.0,62.005,1.6488528320750218,17.171270718232044,12.140484,11.452758250721649,4.342,20.2,12.0,,merger_acquisition_close,"eps,tsr,roic,roe",36.1,0.0,36.1,
BWFG,"Bankwell Financial Group, Inc.",Financial Services,522.0,65.4241,1.6124826151468314,12.108176795580109,10.0441065,6.980964508276534,3.001,23.2,15.0,,,"eps,tsr,other_per_share",25.1,11.0,36.1,P/E 12.1; EV/EBITDA 7.0
DNOW,DNOW Inc.,Industrials,2875.0,15.75,1.370400142993327,-14.621495327102805,15.661253,-21.213409874213834,0.908,29.2,15.0,86,,"eps,tsr,roce",36.1,0.0,36.1,
LYFT,"Lyft, Inc.",Technology,5657.0,14.8984,1.870810672611807,2.1208869814020024,6.824079,28.362354152877636,0.766,36.0,12.0,50,,tsr,26.0,10.0,36.0,P/E 2.1
CNSP,"CNS Pharmaceuticals, Inc.",Healthcare,8.0,5.18,0.41595115384615383,-0.21195421788893604,-12.051282,0.7482693481649865,,0.0,0.0,,spin_separation,tsr,12.0,24.0,36.0,P/B 0.42; EV/EBITDA 0.7
INHD,Inno Holdings Inc.,Technology,15.0,3.385,0.2750536044509808,-0.06283576362240982,,4.784558769344376,14.855,12.0,0.0,,,"eps,tsr,roe",12.0,24.0,36.0,P/B 0.28; EV/EBITDA 4.8
MAN,ManpowerGroup,Industrials,2677.0,57.555,1.2708209034800362,25.901785714285715,7.004848,9.056701775745717,0.156,36.0,12.0,45,,"eps,tsr,roic",30.0,6.0,36.0,EV/EBITDA 9.1
MRVL,"Marvell Technology, Inc.",Technology,227975.0,260.315,16.218361928915954,84.90669377849201,50.315666,48.20878923435923,31.333,41.0,15.0,70,,"eps,tsr",36.0,0.0,36.0,
PTGX,"Protagonist Therapeutics, Inc.",Healthcare,8999.0,139.9348,10.693926653777645,114.20244643296938,-164.84335,99.54289131045132,90.736,16.0,0.0,,"merger_acquisition_close,fda_phase_milestone","eps,tsr,roe",36.0,0.0,36.0,
ORA,"Ormat Technologies, Inc.",Utilities,5957.0,96.93,2.2931710973949206,46.07932692307692,51.64714,20.257680072215653,9.239,5.0,7.0,75,"ebitda_dollar_target,revenue_dollar_target",tsr,36.0,0.0,36.0,
PPTA,Perpetua Resources Corp.,Basic Materials,2888.0,23.0848,4.011643513231923,-12.25857894736842,-243.2,-9.827845047245235,,40.0,12.0,,,"eps,fcf_per_share,tsr,roic,roe",36.0,0.0,36.0,
SLQT,"SelectQuote, Inc.",Financial Services,76.0,0.4313,0.11463425276303672,-7.176666666666667,5.202105,3.277741806034576,0.504,7.8,12.0,,,tsr,11.9,24.0,35.9,P/B 0.11; EV/EBITDA 3.3
CVS,CVS Health Corporation,Healthcare,110005.0,86.2158,1.3802078041705352,22.45561357702349,11.727995,13.02523759600328,0.474,30.8,9.0,90,,"eps,tsr,roe,cfroi",35.9,0.0,35.9,
F,Ford Motor Company,Consumer Cyclical,51819.0,12.995,1.450735108205717,-6.981182795698926,7.661207,-110.2147611235261,1.021,36.8,15.0,60,,"eps,tsr,roic",35.9,0.0,35.9,
IEX,IDEX Corporation,Industrials,16881.0,228.99,4.211856262724551,32.90243902439025,24.369102,20.122883047324194,5.088,24.8,7.0,75,ebitda_dollar_target,"tsr,roic",35.9,0.0,35.9,
MRSH,Marsh,Financial Services,81512.0,170.81,5.3686660532832775,20.844092570036544,14.349557,17.716523876150774,3.61,29.7,18.0,83,,"eps,tsr",35.9,0.0,35.9,
SAM,"Boston Beer Company, Inc. (The)",Consumer Defensive,1717.0,164.92,2.403375524089945,-24.55081001472753,15.885801,185.13668341092867,0.857,11.7,8.0,,"revenue_dollar_target,restructuring_milestone",tsr,35.9,0.0,35.9,
GPK,Graphic Packaging Holding Compa,Consumer Cyclical,2913.0,9.845,0.900187760815822,14.651515151515154,9.1407995,9.21513245375408,1.013,21.6,4.0,,,"eps,tsr,roic",18.8,17.0,35.8,P/B 0.90; P/E 14.7; EV/EBITDA 9.2
CMC,Commercial Metals Company,Basic Materials,7199.0,65.075,1.588405166564765,12.066355140186916,10.452434,8.713976256550158,1.326,18.6,15.0,75,,"tsr,roic",24.8,11.0,35.8,P/E 12.1; EV/EBITDA 8.7
HLF,Herbalife Ltd.,Consumer Defensive,1240.0,11.96,,7.484375,3.7739797,5.824476713392688,0.579,16.5,3.0,50,,"tsr,roic",13.8,22.0,35.8,P/E 7.5; EV/EBITDA 5.8
NBHC,National Bank Holdings Corporat,Financial Services,1801.0,40.2,1.078776493256262,15.585603112840467,10.374318,10.990997899910354,3.831,31.5,20.0,43,,"eps,tsr,roic,roe,other_per_share,cfroi",35.8,0.0,35.8,
MCFT,"MasterCraft Boat Holdings, Inc.",Consumer Cyclical,481.0,19.86,2.541871589203813,-1239.3750000000032,11.792405,17.364261145774073,0.987,8.4,7.0,,"merger_acquisition_close,fcf_dollar_target","eps,tsr",35.7,0.0,35.7,
MSCI,MSCI Inc.,Financial Services,40357.0,555.115,,30.59873487348735,25.824228,22.797134251942538,14.972,38.2,17.0,70,,"eps,tsr",35.6,0.0,35.6,
GTM,ZoomInfo Technologies Inc.,Technology,1147.0,3.8929,1.3844670387353686,-2.0879738702077533,2.5310752,-6.557476547774018,1.772,47.2,12.0,33,,"eps,fcf_per_share,tsr",35.6,0.0,35.6,
ATNI,"ATN International, Inc.",Communication Services,450.0,29.27,0.751863079014523,2.8095693779904307,,2.0471292261377627,,7.2,4.0,,,tsr,7.6,28.0,35.6,P/B 0.75; P/E 2.8; EV/EBITDA 2.0
AXGN,"AxoGen, Inc.",Healthcare,2382.0,44.31,9.296027289010642,-64.77474807350326,61.5655,-153.17219355493873,9.674,16.2,15.0,90,fda_phase_milestone,tsr,35.6,0.0,35.6,
DFIN,"Donnelley Financial Solutions, ",Technology,1207.0,49.1,3.116012235415591,32.309999999999995,7.4363565,10.688889984520124,1.539,20.2,15.0,67,revenue_dollar_target,tsr,35.6,0.0,35.6,
DOCU,"DocuSign, Inc.",Technology,13078.0,68.49,6.599891219926511,41.24808383233533,8.528932,20.425771981622116,2.334,44.2,15.0,60,,tsr,35.6,0.0,35.6,
SWK,"Stanley Black & Decker, Inc.",Industrials,13871.0,91.85,1.54830015738715,22.475490196078432,13.915289,12.782306292307146,1.321,43.2,12.0,50,,"eps,tsr,roic,cfroi",35.6,0.0,35.6,
WAFD,"WaFd, Inc.",Financial Services,2292.0,30.9956,0.7583786183210375,9.419266055045872,10.627823,14.705803909469951,7.299,20.2,11.0,,,"eps,tsr",19.6,16.0,35.6,P/B 0.76; P/E 9.4
WAFDP,"WaFd, Inc.",Financial Services,2709.0,16.25,0.896352978211581,9.419266055045872,,14.705803909469951,,20.2,11.0,,,"eps,tsr",19.6,16.0,35.6,P/B 0.90; P/E 9.4
MATW,Matthews International Corporat,Industrials,620.0,19.8838,1.276673116336878,-21.193548387096772,21.34413,11.032377180851551,1.174,20.2,15.0,,asset_sale_named,"eps,tsr,roic",35.6,0.0,35.6,
ADSK,"Autodesk, Inc.",Technology,46323.0,219.3898,16.012137707569998,28.029639175257728,13.595021,19.72933925389948,5.421,36.0,15.0,60,,"eps,fcf_per_share,tsr",35.5,0.0,35.5,
BLMN,"Bloomin' Brands, Inc.",Consumer Cyclical,738.0,8.6213,1.7092405003786186,26.9825,8.27388,11.030486032502646,0.657,39.0,12.0,50,,"eps,tsr,roic,roce,roe",35.5,0.0,35.5,
CCI,Crown Castle Inc.,Real Estate,31119.0,71.21,,28.566801619433203,27.706959,19.555005524861876,15.579,27.0,12.0,50,ebitda_dollar_target,"tsr,roic",35.5,0.0,35.5,
HELE,Helen of Troy Limited,Consumer Defensive,691.0,29.66,0.8106025745724886,-1.6364647026125627,6.515163,-5.499498032264733,0.803,35.0,12.0,,,"eps,tsr,other_per_share",29.5,6.0,35.5,P/B 0.81
JHX,James Hardie Industries plc,Basic Materials,15855.0,27.32,2.4785905718573638,107.46534653465349,,18.483563634696818,,23.0,12.0,,merger_acquisition_close,"tsr,roic,roce",35.5,0.0,35.5,
OGN,Organon & Co.,Healthcare,3604.0,13.725,3.5828116411530817,17.38607594936709,3.6679358,8.443048664624808,1.782,31.0,12.0,70,,"eps,tsr",29.5,6.0,35.5,EV/EBITDA 8.4
MYE,"Myers Industries, Inc.",Consumer Cyclical,1200.0,31.89,3.915683922602883,22.89928057553957,14.736559,11.776752250430258,1.628,27.0,12.0,50,ebitda_dollar_target,"eps,tsr",35.5,0.0,35.5,
AGCO,AGCO Corporation,Industrials,8685.0,124.02,2.128445640101946,16.698204419889503,14.050139,7.630123616900341,1.036,15.8,15.0,,operating_margin_target,"eps,tsr",29.4,6.0,35.4,EV/EBITDA 7.6
DCOM,"Dime Commercial Bancshares, Inc",Financial Services,1777.0,40.28,1.1686571528541438,14.420863309352521,,2.5400858945910643,,12.8,12.0,60,,tsr,18.4,17.0,35.4,P/E 14.4; EV/EBITDA 2.5
EQIX,"Equinix, Inc.",Real Estate,102896.0,1042.815,7.154520528160201,66.70448717948717,56.815857,27.81829743356332,13.617,30.8,12.0,67,subscriber_arr_target,tsr,35.4,0.0,35.4,
FOR,Forestar Group Inc,Real Estate,1375.0,26.96,0.7402896016794057,7.964071856287426,9.170207,7.982894414535666,0.755,10.8,4.0,,,"tsr,roe,other_per_share",13.4,22.0,35.4,P/B 0.74; P/E 8.0; EV/EBITDA 8.0
MDT,Medtronic plc.,Healthcare,115512.0,90.24,2.3581037460447076,21.694376528117363,12.3799095,14.906273020745132,3.348,28.8,-2.0,72,fcf_dollar_target,"eps,tsr,roic",35.4,0.0,35.4,
EEFT,"Euronet Worldwide, Inc.",Technology,2492.0,65.46,2.0265026855841937,8.959999999999999,5.4043136,3.1003375707331915,0.72,10.5,4.0,,,"eps,tsr,roe",13.2,22.0,35.2,P/E 9.0; EV/EBITDA 3.1
LGVN,Longeveron Inc.,Healthcare,8.0,2.58,0.7548265718131129,-0.25742574257425743,-0.53601307,0.06655717782829167,8.662,14.4,0.0,80,,eps,17.2,18.0,35.2,P/B 0.75; EV/EBITDA 0.1
SENS,"Senseonics Holdings, Inc.",Healthcare,415.0,9.9311,4.595801401791547,-4.392070484581498,-3.0752804,-4.239338963182933,6.399,14.4,0.0,,"spin_separation,merger_acquisition_close","eps,tsr,roe",35.2,0.0,35.2,
NSIT,"Insight Enterprises, Inc.",Technology,4878.0,161.49,3.0389748172146853,23.118248175182487,8.820032,12.917121546346747,0.552,32.2,18.0,60,,"eps,tsr,roic",35.1,0.0,35.1,
CROX,"Crocs, Inc.",Consumer Cyclical,6013.0,125.41,4.342390332309265,10.673919382504286,8.609656,8.463547045029674,1.94,16.2,12.0,80,,tsr,24.1,11.0,35.1,P/E 10.7; EV/EBITDA 8.5
HRB,"H&R Block, Inc.",Consumer Cyclical,5377.0,42.415,,7.325862068965519,5.9046803,6.175524785252507,1.41,10.2,12.0,65,,"eps,tsr",19.1,16.0,35.1,P/E 7.3; EV/EBITDA 6.2
OFG,OFG Bancorp,Financial Services,2197.0,51.97,1.56082978272857,10.324701195219124,9.92766,6.52455125066076,3.016,24.3,12.0,,,"eps,tsr,roe",24.1,11.0,35.1,P/E 10.3; EV/EBITDA 6.5
ACCO,ACCO Brands Corporation,Industrials,400.0,4.335,0.5786970959340182,6.794507575757576,,6.744782783558794,,3.0,15.0,,,"eps,tsr",13.0,22.0,35.0,P/B 0.58; P/E 6.8; EV/EBITDA 6.7
GPRO,"GoPro, Inc.",Technology,224.0,1.31,,-1.3177901672579828,15.798,-1.9859350025892595,0.297,30.0,8.0,25,spin_separation,"tsr,roic,roe",35.0,0.0,35.0,
HST,"Host Hotels & Resorts, Inc.",Real Estate,15319.0,22.3669,2.3980306989668128,15.032721088435373,25.01,8.911655011809165,3.441,27.0,15.0,61,,"tsr,roic",29.0,6.0,35.0,EV/EBITDA 8.9
HURC,"Hurco Companies, Inc.",Industrials,140.0,21.585,0.7269857714169817,-20.745098039215687,,-31.183920223243597,0.568,30.0,12.0,60,,"tsr,roic",29.0,6.0,35.0,P/B 0.73
RHI,Robert Half Inc.,Industrials,3846.0,37.6,3.184884474839338,32.73478260869566,15.322604,25.045671539836995,0.591,27.0,7.0,,spin_separation,"eps,tsr,roic,roe",35.0,0.0,35.0,
SWX,"Southwest Gas Holdings, Inc.",Utilities,5952.0,82.235,1.4427464932162346,11.444289693593316,18.095772,10.483713286649525,5.299,36.0,12.0,50,,"eps,tsr,roe",30.0,5.0,35.0,P/E 11.4
UNH,UnitedHealth Group Incorporated,Healthcare,337212.0,371.32,3.4253169735289037,23.83576618866954,19.156704,14.826431043783721,0.93,39.0,19.0,,,"eps,tsr,roe",35.0,0.0,35.0,
ANIK,Anika Therapeutics Inc.,Healthcare,274.0,20.455,1.994060182689646,-75.74211502782931,31.347826,94.31087081339713,1.519,29.7,12.0,85,,"eps,tsr,roe",34.9,0.0,34.9,
HUM,Humana Inc.,Healthcare,45048.0,375.15,2.344663092697653,35.2225352112676,22.92279,17.027277680026067,0.261,33.8,12.0,60,,"eps,tsr,roic,roe",34.9,0.0,34.9,
GROV,"Grove Collaborative Holdings, I",Consumer Defensive,44.0,1.04,6.03634829443447,-5.415162454873647,-11.272727,-15.834638655462186,0.538,21.6,0.0,25,"ebitda_dollar_target,revenue_dollar_target",,34.8,0.0,34.8,
POR,Portland General Electric Co,Utilities,5416.0,46.795,1.313506027164686,20.489082969432317,14.016994,9.599284072398191,3.157,31.5,-2.0,88,,"eps,tsr,roe",28.8,6.0,34.8,EV/EBITDA 9.6
MPC,Marathon Petroleum Corporation,Energy,113771.0,389.71011,5.96376796204854,13.381755593803788,10.000753,8.020700440139835,0.807,23.4,8.0,67,,"fcf_per_share,tsr",23.7,11.0,34.7,P/E 13.4; EV/EBITDA 8.0
AFL,AFLAC Incorporated,Financial Services,58510.0,114.955,1.9302708720968593,12.330472103004292,15.186048,8.870430686757462,3.587,20.2,15.0,,,"eps,tsr,roe",23.6,11.0,34.6,P/E 12.3; EV/EBITDA 8.9
LOGI,Logitech International S.A. - R,Technology,15320.0,106.71,6.5589565021194725,19.438222222222223,17.306997,14.02902709035841,2.85,37.0,8.0,86,,"eps,tsr",34.5,0.0,34.5,
SFBS,"ServisFirst Bancshares, Inc.",Financial Services,4537.0,41.5,2.293832403567792,14.062925170068027,11.216548,11.69933542395308,9.796,27.9,15.0,,,"eps,tsr,roe,other_per_share",29.4,5.0,34.5,P/E 14.1
RCD,Ready Capital Corporation Notes -15.12.29,Real Estate,257.0,23.03,0.20569614297268202,-0.4375,,-16.500005682760335,,25.0,4.0,75,,"tsr,roe",22.5,12.0,34.5,P/B 0.21
TBLA,Taboola.com Ltd.,Communication Services,937.0,3.4277,0.9988068898168749,8.195931218212644,6.8914957,3.854961334639231,0.659,2.0,7.0,,,tsr,6.5,28.0,34.5,P/B 1.00; P/E 8.2; EV/EBITDA 3.9
HIG,"The Hartford Insurance Group, I",Financial Services,35211.0,128.445,1.7934464001935517,8.14157591287636,9.066911,7.9492847231177315,1.232,12.8,16.0,,,"tsr,roe",18.4,16.0,34.4,P/E 8.1; EV/EBITDA 7.9
HTB,"HomeTrust Bancshares, Inc.",Financial Services,769.0,45.76,1.280411381951382,11.723514211886304,12.982315,5.847595550499974,2.841,15.8,11.0,,,"eps,tsr",17.4,17.0,34.4,P/E 11.7; EV/EBITDA 5.8
UBSI,"United Bankshares, Inc.",Financial Services,6404.0,46.4752,1.1621800352669804,12.601035422343326,11.70796,8.27687803846279,3.728,19.8,7.0,60,,"eps,tsr,other_per_share",23.4,11.0,34.4,P/E 12.6; EV/EBITDA 8.3
PBF,PBF Energy Inc.,Energy,8373.0,70.64,1.3069209046355548,6.104003481288077,6.547125,4.693574090909091,0.252,3.6,9.0,30,,"eps,tsr,other_per_share",12.3,22.0,34.3,P/E 6.1; EV/EBITDA 4.7
MMSI,"Merit Medical Systems, Inc.",Healthcare,5225.0,87.5,3.110279532612138,35.790040816326524,15.283838,15.417035091643678,2.816,16.5,12.0,60,revenue_dollar_target,"eps,tsr",34.2,0.0,34.2,
EIX,Edison International,Utilities,20775.0,53.99,1.1851804472588283,5.5128468653648515,11.037806,8.162749525025536,3.664,16.5,12.0,50,,"eps,tsr",18.2,16.0,34.2,P/E 5.5; EV/EBITDA 8.2
THR,"Thermon Group Holdings, Inc.",Industrials,2014.0,61.14,3.7278216,44.955883,24.587097,22.748,3.952,26.4,-2.0,65,ebitda_dollar_target,"eps,tsr,roic",34.2,0.0,34.2,
OKE,"ONEOK, Inc.",Energy,57595.0,91.4,2.5110274142215636,15.579173838209984,13.74742,11.366710539686553,2.476,41.4,15.0,,,"eps,tsr,roic",34.2,0.0,34.2,
SNGX,"Soligenix, Inc.",Healthcare,6.0,0.3876,0.8646152609931719,-0.3017322834645669,-1.598,0.34816517876327496,,4.5,0.0,,spin_separation,"tsr,roe",16.2,18.0,34.2,P/B 0.86; EV/EBITDA 0.3
SRCE,1st Source Corporation,Financial Services,2044.0,84.9325,1.560019692640653,12.11707736389685,10.9976225,8.606522679028807,5.064,22.5,8.0,,,"eps,tsr,roe,other_per_share",23.2,11.0,34.2,P/E 12.1; EV/EBITDA 8.6
OMC,Omnicom Group Inc.,Communication Services,20911.0,76.22,2.100855197219041,40.67914438502673,5.7633605,16.50980531206976,1.44,24.0,8.0,,merger_acquisition_close,"eps,tsr,roe",34.0,0.0,34.0,
ASTH,Astrana Health Inc.,Healthcare,1644.0,33.16,1.9804126850103105,40.95408409859835,11.486803,13.034504462371432,0.654,24.0,12.0,50,spin_separation,"eps,tsr,roe",34.0,0.0,34.0,
AXP,American Express Company,Financial Services,204737.0,303.175,5.972494435530922,18.31170406306853,16.774277,8.797929728199321,3.447,24.0,12.0,73,,"eps,tsr,roe",28.0,6.0,34.0,EV/EBITDA 8.8
BOOT,"Boot Barn Holdings, Inc.",Consumer Cyclical,3844.0,126.925,2.995922843703845,15.718946047678797,17.613743,10.987558056892436,2.626,40.0,12.0,,,"eps,tsr,roic,roe",34.0,0.0,34.0,
CPRI,Capri Holdings Limited,Consumer Cyclical,1821.0,15.86,17.339678114285714,12.317917694818117,7.8595185,12.789814485355649,1.045,18.0,12.0,,spin_separation,"tsr,roic",29.0,5.0,34.0,P/E 12.3
CTEV,Claritev Corporation,Healthcare,459.0,26.91,,-1.4985302763080537,4.3011694,8.53332487437766,5.338,0.0,4.0,,"ebitda_dollar_target,revenue_dollar_target",tsr,28.0,6.0,34.0,EV/EBITDA 8.5
FIX,"Comfort Systems USA, Inc.",Industrials,57205.0,1625.40002,17.78055116901944,39.84434987714988,36.812992,28.41598281099137,7.088,21.0,15.0,50,revenue_dollar_target,"eps,tsr",34.0,0.0,34.0,
RMAX,"RE/MAX Holdings, Inc.",Real Estate,539.0,9.79,0.43484053,489.5,6.8591046,1.013,0.243,5.9,-2.0,50,,"eps,tsr,roe,cfroi",9.9,24.0,34.0,P/B 0.43; EV/EBITDA 1.0
MDRR,"Medalist Diversified, Inc.",Real Estate,14.0,11.68,0.6022611133944293,3.0885416666666665,-33.42857,1.096712754489343,4.58,8.0,0.0,,,tsr,6.0,28.0,34.0,P/B 0.60; P/E 3.1; EV/EBITDA 1.1
UTL,UNITIL Corporation,Utilities,914.0,50.815,1.4202315690539071,16.0262270277086,14.518518,8.831701579696395,3.152,27.9,12.0,,,"eps,tsr,roe,other_per_share",27.9,6.0,34.0,EV/EBITDA 8.8
CNOB,"ConnectOne Bancorp, Inc.",Financial Services,1555.0,30.925,0.9561314317332964,9.080207100591716,8.846784,12.673718896567726,6.442,12.8,15.0,,,"tsr,other_per_share",17.9,16.0,33.9,P/B 0.96; P/E 9.1
CNR,"Core Natural Resources, Inc.",Energy,4716.0,93.56,1.2681613271963552,46.331658291457295,12.298749,6.390581620453587,1.005,15.8,12.0,45,merger_acquisition_close,tsr,27.9,6.0,33.9,EV/EBITDA 6.4
HBAN,Huntington Bancshares Incorpora,Financial Services,31492.0,15.587,0.9653080021456596,11.384411764705883,8.854485,14.23028564068768,4.924,9.8,16.0,60,,"eps,tsr,other_per_share",22.9,11.0,33.9,P/B 0.97; P/E 11.4
PARR,"Par Pacific Holdings, Inc. Comm",Energy,3865.0,77.07,2.55674306535057,4.431372549019609,5.0879827,3.696464751551158,0.5,2.7,13.0,32,,"fcf_per_share,tsr",11.8,22.0,33.9,P/E 4.4; EV/EBITDA 3.7
SRJN,Spire Inc. 6.375% Junior Subord,Utilities,173.0,21.63,,4.701298701298701,,6.327768861499656,,12.8,15.0,,,"eps,tsr",17.9,16.0,33.9,P/E 4.7; EV/EBITDA 6.3
AVNW,"Aviat Networks, Inc.",Technology,259.0,19.99,0.9517391712292476,103.09090909090908,7.102177,10.482948549007995,0.663,24.6,15.0,,,"eps,tsr,roic,roe",27.8,6.0,33.8,P/B 0.95
KLIC,"Kulicke and Soffa Industries, I",Technology,4735.0,90.48,5.192217272305602,40.81900452488688,28.765516,27.521411559268646,7.719,16.5,15.0,75,asset_sale_named,tsr,33.8,0.0,33.8,
MEC,"Mayville Engineering Company, I",Industrials,366.0,17.435,1.1259020689189023,-21.150602409638555,28.013758,21.63415681074137,1.752,39.6,12.0,70,,"tsr,roic",33.8,0.0,33.8,
THG,Hanover Insurance Group Inc,Financial Services,7710.0,221.43,2.0994531071477196,10.293452661328308,10.64569,8.087825241495587,1.124,21.6,12.0,,,"tsr,roe,other_per_share",22.8,11.0,33.8,P/E 10.3; EV/EBITDA 8.1
TILE,"Interface, Inc.",Consumer Cyclical,2035.0,35.05,2.9996676273097815,13.944960000000002,13.959271,9.657949911920651,1.489,32.4,1.0,,,"eps,tsr,roic",22.7,11.0,33.7,P/E 13.9; EV/EBITDA 9.7
BYND,"Beyond Meat, Inc.",Consumer Defensive,170.0,9.915,3.0008727381644555,-0.52560859943092,-1.9875863,-3.394732059882131,2.538,29.2,18.0,83,,tsr,33.6,0.0,33.6,
AII,American Integrity Insurance Gr,Financial Services,498.0,25.43,1.348224196861325,5.489999999999999,,1.8736595349887863,,11.2,4.0,,,"eps,roe",11.6,22.0,33.6,P/E 5.5; EV/EBITDA 1.9
CARS,Cars.com Inc.,Communication Services,570.0,10.195,1.2847721734425896,17.724550898203592,3.9566715,5.930383657012857,1.302,32.2,7.0,50,,tsr,21.6,12.0,33.6,EV/EBITDA 5.9
EYE,"National Vision Holdings, Inc.",Consumer Cyclical,1345.0,16.785,1.4991803865346112,25.803909205548553,14.1814,11.267544249000572,0.974,43.2,12.0,50,,"eps,tsr,roic",33.6,0.0,33.6,
ZION,Zions Bancorporation N.A.,Financial Services,9283.0,63.6062,1.2085178000260384,8.01879288437103,9.845554,6.258392354256813,2.594,15.3,12.0,,,"eps,tsr",17.6,16.0,33.6,P/E 8.0; EV/EBITDA 6.3
ZIONP,"Zions Bancorporation, National Association",Financial Services,9845.0,17.76,1.2817203347220414,8.01879288437103,,6.258392354256813,,15.3,12.0,,,"eps,tsr",17.6,16.0,33.6,P/E 8.0; EV/EBITDA 6.3
FOUR,"Shift4 Payments, Inc.",Technology,3516.0,38.61,2.173063196538937,60.92642193162124,5.826843,8.441309369043706,1.879,35.1,12.0,,,"fcf_per_share,tsr",27.6,6.0,33.5,EV/EBITDA 8.4
RM,Regional Management Corp.,Financial Services,283.0,30.785,0.7492721928681498,6.186746987951806,5.0509167,13.533370225302587,3.128,15.0,12.0,,,"eps,tsr",17.5,16.0,33.5,P/B 0.75; P/E 6.2
AUB,Atlantic Union Bankshares Corpo,Financial Services,5482.0,38.625,1.0637260800316062,11.477611940298507,9.754785,9.310430340319112,4.504,21.0,12.0,60,,tsr,22.5,11.0,33.5,P/E 11.5; EV/EBITDA 9.3
CAG,"ConAgra Brands, Inc.",Consumer Defensive,7006.0,14.64,0.8581725363481584,-3.6951,8.263118,-8.68358836281012,1.216,35.0,12.0,,,"eps,tsr",27.5,6.0,33.5,P/B 0.86
GEF,Greif Inc.,Consumer Cyclical,3915.0,84.75,1.305325100353404,4.7809659090909085,15.319018,9.359046918312039,0.993,0.0,7.0,,asset_sale_named,tsr,17.5,16.0,33.5,P/E 4.8; EV/EBITDA 9.4
PNFP,"Pinnacle Financial Partners, In",Financial Services,14270.0,94.5,0.962334772052873,11.45721271393643,8.133989,18.869406632306877,5.792,18.9,6.0,70,,"eps,tsr,other_per_share",22.4,11.0,33.5,P/B 0.96; P/E 11.5
QTWO,"Q2 Holdings, Inc.",Technology,3520.0,56.45,5.470356567835463,37.682432432432435,13.268472,23.52427532614392,3.222,0.0,15.0,50,"ebitda_dollar_target,revenue_dollar_target",tsr,33.5,0.0,33.5,
MCK,McKesson Corporation,Healthcare,104959.0,896.49,,23.571143085531574,14.910084,15.376537393981804,0.239,35.0,12.0,60,,"eps,tsr,roic",33.5,0.0,33.5,
TPG,TPG Inc.,Financial Services,17443.0,45.5025,14.111758122910162,37.06327868852459,11.815349,19.198500565973813,3.097,32.0,3.0,,spin_separation,"eps,tsr,roe",33.5,0.0,33.5,
TPGXL,TPG Inc.,Financial Services,15399.0,21.07,12.458296133380689,37.06327868852459,,19.198500565973813,,32.0,3.0,,spin_separation,"eps,tsr,roe",33.5,0.0,33.5,
AOMR,"Angel Oak Mortgage REIT, Inc.",Real Estate,193.0,7.76,0.8231863453473272,9.556962025316455,6.05687,51.28336690423336,73.246,18.8,4.0,75,,tsr,17.4,16.0,33.4,P/B 0.82; P/E 9.6
BCPC,Balchem Corporation,Basic Materials,5392.0,167.83,4.140388102378879,32.93861328125,27.156195,19.79941383217109,5.148,29.7,1.0,50,fcf_dollar_target,"eps,tsr,roe",33.4,0.0,33.4,
EMN,Eastman Chemical Company,Basic Materials,7720.0,67.515,1.2664600147637795,17.286821705426355,10.339201,9.582227594339622,1.522,30.8,12.0,,,"eps,tsr,roic",27.4,6.0,33.4,EV/EBITDA 9.6
ERNA,Ernexa Therapeutics Inc.,Healthcare,1.0,3.71,0.3641875,-0.2015915119363395,-0.6458333,0.20048302124491782,,10.8,0.0,,,"eps,tsr",9.4,24.0,33.4,P/B 0.36; EV/EBITDA 0.2
IR,Ingersoll Rand Inc.,Industrials,29706.0,75.91,2.918887295255127,30.88163265306122,20.267319,17.027966430781717,4.397,38.7,12.0,75,,"eps,tsr",33.4,0.0,33.4,
JOUT,Johnson Outdoors Inc.,Consumer Cyclical,468.0,44.65,1.086058954799308,-56.30769230769233,19.791489,5.834057287889775,0.641,27.8,7.0,50,,"tsr,roic",21.4,12.0,33.4,EV/EBITDA 5.8
VOYA,"Voya Financial, Inc.",Financial Services,8864.0,97.765,1.89199408452508,16.365159128978227,8.172555,11.91251691335372,1.67,37.8,1.0,80,,"eps,tsr,roe",33.4,0.0,33.4,
MAS,Masco Corporation,Basic Materials,13581.0,68.875,,15.712643678160916,15.809823,10.99663930697051,2.369,38.7,16.0,,,"eps,tsr,roic",33.4,0.0,33.4,
STC,Stewart Information Services Co,Financial Services,1901.0,62.49,1.1430610561740608,13.659041394335512,8.794879,8.664631403919074,0.803,20.7,12.0,50,,"eps,tsr,roe",22.4,11.0,33.4,P/E 13.7; EV/EBITDA 8.7
EMBC,Embecta Corp.,Healthcare,330.0,5.56,,3.748322147651007,1.7873563,5.909591381074169,1.316,3.6,15.0,50,,tsr,11.3,22.0,33.3,P/E 3.7; EV/EBITDA 5.9
CVLG,"Covenant Logistics Group, Inc.",Industrials,859.0,34.15,2.0807748998483797,227.8333333333333,16.24,8.862053424888616,1.126,34.5,8.0,,,"eps,tsr,roic",27.2,6.0,33.2,EV/EBITDA 8.9
WSFS,WSFS Financial Corporation,Financial Services,4021.0,77.2534,1.4771764657039208,12.919647651006713,11.185321,3.816396361389867,1.705,22.5,-2.0,57,,"eps,tsr,other_per_share",16.2,17.0,33.2,P/E 12.9; EV/EBITDA 3.8
OVV,Ovintiv Inc. (DE),Energy,16726.0,60.47,1.4545614695190887,16.934659090909093,6.637462,7.318525405786874,2.539,32.4,-2.0,84,,"tsr,roic",27.2,6.0,33.2,EV/EBITDA 7.3
ACHC,"Acadia Healthcare Company, Inc.",Healthcare,2665.0,28.63,1.3467895728509915,-2.2782564011979414,14.21866,-7.380462823603764,1.493,38.2,12.0,50,,"eps,tsr,roic,roe",33.1,0.0,33.1,
STRT,STRATTEC SECURITY CORPORATION,Consumer Cyclical,279.0,66.7367,1.1595283458968613,13.246548323471398,14.165039,4.125481253605076,0.439,4.2,0.0,50,operating_margin_target,"eps,tsr",16.1,17.0,33.1,P/E 13.2; EV/EBITDA 4.1
AMG,"Affiliated Managers Group, Inc.",Financial Services,9693.0,366.99,3.1905782034860364,11.842637151106834,8.991078,7.374801382094373,6.182,20.2,12.0,,,"eps,tsr,roe",22.1,11.0,33.1,P/E 11.8; EV/EBITDA 7.4
DLTR,"Dollar Tree, Inc.",Consumer Defensive,21932.0,114.1243,6.402895323913234,13.74329268292683,14.6068,9.82298895516177,1.42,24.3,12.0,50,,"eps,tsr",22.1,11.0,33.1,P/E 13.7; EV/EBITDA 9.8
FBP,First BanCorp. New,Financial Services,4115.0,26.955,2.081783647885279,11.215481171548117,10.524558,8.071344259064777,3.87,20.2,12.0,,,"eps,tsr,other_per_share",22.1,11.0,33.1,P/E 11.2; EV/EBITDA 8.1
KGS,"Kodiak Gas Services, Inc.",Energy,5455.0,54.055,2.520380446252675,60.38636363636364,22.90827,8.835022244230503,6.717,14.2,12.0,,ebitda_dollar_target,tsr,27.1,6.0,33.1,EV/EBITDA 8.8
LPLA,LPL Financial Holdings Inc.,Financial Services,24732.0,309.21,4.296020116939154,24.113471008737093,10.330681,11.174867004626636,1.587,29.2,17.0,81,,tsr,33.1,0.0,33.1,
OSUR,"OraSure Technologies, Inc.",Healthcare,272.0,3.951,0.8560116654131671,-5.755797101449276,-8.446281,-2.8618895313243997,1.135,0.0,-2.0,,"revenue_dollar_target,restructuring_milestone","eps,tsr",27.0,6.0,33.0,P/B 0.86
KBR,"KBR, Inc.",Industrials,4450.0,35.3,2.7201713936430316,10.667168674698797,7.9114842,8.254308513674196,0.856,21.0,15.0,,,"eps,tsr",22.0,11.0,33.0,P/E 10.7; EV/EBITDA 8.3
TALO,"Talos Energy, Inc.",Energy,2768.0,16.58,1.3615978331563872,-7.0790598290598306,-322.25604,5.2249831201578445,1.875,18.0,12.0,62,,tsr,21.0,12.0,33.0,EV/EBITDA 5.2
AP,Ampco-Pittsburgh Corporation,Industrials,171.0,8.4,5.487265715387582,-2.8709765411893073,46.95652,-12.470328948970892,0.834,42.0,12.0,50,,"eps,tsr,roic",33.0,0.0,33.0,
AVA,Avista Corporation,Utilities,2965.0,35.4,1.0509922438851471,12.705035971223023,14.247985,9.467468783004552,3.429,21.0,15.0,35,,"eps,tsr",22.0,11.0,33.0,P/E 12.7; EV/EBITDA 9.5
CVGI,"Commercial Vehicle Group, Inc.",Consumer Cyclical,103.0,3.035,0.7568461470646576,-4.817460317460317,50.067238,20.97181990521327,0.427,27.0,7.0,,,"eps,tsr,roic,roce,roe",27.0,6.0,33.0,P/B 0.76
TXNM,"TXNM Energy, Inc.",Utilities,6489.0,58.615,1.8256182806286858,32.404635174096256,17.313522,7.1159658733766875,5.547,26.0,12.0,68,,"eps,tsr",27.0,6.0,33.0,EV/EBITDA 7.1
LC,LendingClub Corporation,Financial Services,2216.0,19.21,1.4771241,12.806666,8.353844,4.862,1.04,11.0,13.0,,,"eps,tsr",16.0,17.0,33.0,P/E 12.8; EV/EBITDA 4.9
ZVRA,"Zevra Therapeutics, Inc.",Healthcare,662.0,11.2008,3.042178491353169,11.73279183588462,10.794978,7.195400147918864,4.605,22.0,6.0,60,,"eps,tsr",22.0,11.0,33.0,P/E 11.7; EV/EBITDA 7.2
RES,"RPC, Inc.",Energy,1302.0,5.875,1.1745082746410593,58.643216080402006,24.83019,5.354856752539123,0.748,26.1,4.0,,,"eps,tsr,roic",21.1,12.0,33.0,EV/EBITDA 5.4
AFG,"American Financial Group, Inc.",Financial Services,11754.0,141.465,2.438036742791952,12.19650655021834,11.014685,8.679532081041968,1.465,15.8,12.0,,,"eps,tsr,roe,other_per_share",21.9,11.0,32.9,P/E 12.2; EV/EBITDA 8.7
FG,"F&G Annuities & Life, Inc.",Financial Services,2888.0,21.795,0.6264938939032328,7.209999999999999,5.3363094,2.1640040410662826,0.608,1.8,4.0,,,tsr,4.9,28.0,32.9,P/B 0.63; P/E 7.2; EV/EBITDA 2.2
HCA,"HCA Healthcare, Inc.",Healthcare,95343.0,440.38,,14.573097463284379,11.331829,8.98112474126934,1.772,21.8,-2.0,85,,"eps,tsr",21.9,11.0,32.9,P/E 14.6; EV/EBITDA 9.0
JBTM,JBT Marel Corporation,Industrials,5928.0,113.845,1.3255050883273702,30.777837837837833,14.169571,13.712084373392136,2.2,33.8,12.0,60,,"eps,tsr,roic",32.9,0.0,32.9,
ARDT,"Ardent Health, Inc.",Healthcare,1538.0,10.73,1.13890497264814,19.254545454545458,6.7499995,7.635271953517666,0.521,13.5,12.0,,ebitda_dollar_target,tsr,26.8,6.0,32.8,EV/EBITDA 7.6
FOXF,Fox Factory Holding Corp.,Consumer Cyclical,785.0,18.72,1.1768942698190683,-2.6260090817356208,10.548023,-8.381092079012168,1.024,25.5,-4.0,70,operating_margin_target,"eps,tsr,roic,cfroi",32.8,0.0,32.8,
NUE,Nucor Corporation,Basic Materials,56589.0,248.48,2.5595496711746346,19.63824780876494,14.713675,10.80185841703638,1.794,30.6,15.0,78,,"eps,tsr,roe",32.8,0.0,32.8,
LONA,"LeonaBio, Inc.",Healthcare,24.0,5.98,0.702047358237833,-0.18090298962782184,,0.15870883032652452,,14.4,3.0,,,"eps,tsr,roe",14.7,18.0,32.7,P/B 0.70; EV/EBITDA 0.2
USFD,US Foods Holding Corp.,Consumer Defensive,20884.0,94.83,4.880498308015891,28.639393939393937,16.65987,14.876858481886142,0.643,41.4,12.0,50,,"eps,tsr,roic",32.7,0.0,32.7,
EBS,Emergent BioSolutions Inc.,Healthcare,341.0,6.615,0.9997349882835384,-1.959302325581395,2.6755853,-33.10968067510549,1.237,17.2,12.0,50,fda_phase_milestone,tsr,26.6,6.0,32.6,P/B 1.00
SNDA,"Sonida Senior Living, Inc.",Healthcare,1790.0,37.775,2.0776557786320144,-5.4245014245014245,-81.72727,131.19761493092665,8.766,33.3,12.0,50,,"eps,tsr,roe,other_per_share,cfroi",32.6,0.0,32.6,
AMJB,,,0.0,,,,,,,26.2,7.0,88,,"eps,tsr,roe,other_per_share",32.6,0.0,32.6,
CVSA,Covista Inc.,Consumer Defensive,4164.0,122.35,3.0523167666711872,16.29668874172185,13.397469,10.273422347008088,2.43,19.2,-2.0,86,revenue_dollar_target,"eps,tsr",32.6,0.0,32.6,
DX,"Dynex Capital, Inc.",Real Estate,2932.0,11.85,0.9234577645133157,4.447169811320754,8.282807,32.34597104643374,76.337,20.2,1.0,40,,"eps,tsr,roe",16.6,16.0,32.6,P/B 0.92; P/E 4.4
GRND,Grindr Inc.,Technology,2753.0,15.49,,29.874999999999996,17.337664,22.478101581175657,5.766,42.3,11.0,,,"eps,tsr,roe",32.6,0.0,32.6,
KNTK,Kinetik Holdings Inc.,Energy,3930.0,53.395,,19.11469534050179,,5.370087555011258,,17.2,12.0,65,,tsr,20.6,12.0,32.6,EV/EBITDA 5.4
TPC,Tutor Perini Corporation,Industrials,4481.0,84.965,3.5391250416597564,35.79150415465491,12.948654,13.123806536819549,0.671,34.2,15.0,70,,"eps,tsr",32.6,0.0,32.6,
USNA,"USANA Health Sciences, Inc.",Consumer Defensive,261.0,14.16,0.49673808772843175,-11.71499585749793,6.815884,2.790353482663394,0.271,6.3,7.0,,,tsr,8.7,24.0,32.6,P/B 0.50; EV/EBITDA 2.8
OPEN,Opendoor Technologies Inc,Real Estate,2508.0,2.6,2.744328446389497,-1.3725925925925924,-377.53378,-1.2968225399129172,1.181,45.9,15.0,26,,tsr,32.5,0.0,32.5,
WMS,"Advanced Drainage Systems, Inc.",Basic Materials,10026.0,130.81,4.996569982253324,22.32418524871355,20.089167,12.470584842179631,4.258,36.9,12.0,60,,"tsr,roic",32.5,0.0,32.5,
ALNY,"Alnylam Pharmaceuticals, Inc.",Healthcare,33121.0,247.525,24.4595173574238,40.55573770491803,20.202261,28.194574526644697,8.652,33.0,4.0,58,fda_phase_milestone,"eps,tsr",32.5,0.0,32.5,
AMT,American Tower Corporation (REI,Real Estate,80546.0,172.86,21.65385531091217,23.503434065934062,25.491884,17.462018795650565,12.216,42.0,3.0,70,,"eps,tsr,roic",32.5,0.0,32.5,
CRMT,"America's Car-Mart, Inc.",Consumer Cyclical,14.0,1.66,,-0.07068878622427552,-1.1428572,-17.097256348938163,0.636,41.0,8.0,,,"eps,tsr,roic,roe",32.5,0.0,32.5,
DAKT,"Daktronics, Inc.",Technology,858.0,17.775,2.921866091550974,17.81070456607197,17.593222,9.146864476333372,1.083,1.0,4.0,25,"revenue_dollar_target,operating_margin_target",tsr,26.5,6.0,32.5,EV/EBITDA 9.1
ENVB,"Enveric Biosciences, Inc.",Healthcare,1.0,1.59,0.11744462497111051,-0.09416767922235723,-0.90780145,0.8603517892637296,,9.0,0.0,,,"eps,tsr",8.5,24.0,32.5,P/B 0.12; EV/EBITDA 0.9
HTO,H2O America,Utilities,2583.0,61.7149,1.4009357471275588,21.895104895104893,20.583334,13.978970013461007,5.014,30.0,15.0,70,,"eps,tsr,roe",32.5,0.0,32.5,
TEVA,Teva Pharmaceutical Industries ,Healthcare,46085.0,39.57,5.941060306819646,63.0336,10.168517,19.27130439607015,2.873,36.9,12.0,70,,"eps,tsr",32.5,0.0,32.5,
VYLD,,,0.0,,,,,,,26.1,7.0,88,,"eps,tsr,roe,other_per_share",32.5,0.0,32.5,
SMHI,SEACOR Marine Holdings Inc.,Industrials,245.0,9.04,0.972131773359967,-13.102941176470587,-2.5992217,4.644718276489063,2.173,15.0,10.0,,,tsr,14.5,18.0,32.5,P/B 0.97; EV/EBITDA 4.6
STE,STERIS plc (Ireland),Healthcare,20398.0,209.30499,2.845796284127848,25.581707317073175,16.634647,12.171420149690675,3.611,41.0,12.0,,,"eps,tsr,roic",32.5,0.0,32.5,
GNTX,Gentex Corporation,Consumer Cyclical,4748.0,22.295,1.8705961282408632,11.71851851851852,11.708229,13.789863641846525,2.038,30.8,12.0,,,"eps,tsr,roic",27.4,5.0,32.4,P/E 11.7
LGND,Ligand Pharmaceuticals Incorpor,Healthcare,6008.0,299.8,6.210036927554686,29.86963036963037,24.289831,22.302116241264553,18.878,24.8,12.0,50,fda_phase_milestone,"eps,tsr",32.4,0.0,32.4,
VSEC,VSE Corporation,Industrials,5066.0,180.56,1.7269877481560874,64.98,38.22727,33.64196112832845,4.5,20.7,4.0,,ebitda_dollar_target,"eps,tsr,roic,other_per_share",32.4,0.0,32.4,
RNST,Renasant Corporation,Financial Services,3651.0,39.94,0.94298335269767,11.875,10.482407,21.87278240672551,3.504,19.8,15.0,,,"eps,tsr",21.4,11.0,32.4,P/B 0.94; P/E 11.9
VRSN,"VeriSign, Inc.",Technology,26666.0,294.975,,31.697508125677142,25.25866,23.300542339045084,15.043,39.6,1.0,75,,"tsr,roic,roe,cfroi",32.3,0.0,32.3,
EPAM,"EPAM Systems, Inc.",Technology,5829.0,111.58,1.6566926324608473,14.967611336032387,5.433272,7.525588662890454,0.586,22.5,12.0,50,,"eps,tsr",21.2,11.0,32.2,P/E 15.0; EV/EBITDA 7.5
CNMD,CONMED Corporation,Healthcare,1369.0,45.705,1.3145140533325652,24.416972576117466,6.8045115,12.058720350235841,1.318,28.5,12.0,87,,"eps,tsr",32.2,0.0,32.2,
AMCX,AMC Global Media Inc.,Communication Services,385.0,11.855,0.4220855956700094,-25.521276595744666,6.304431,1.5190852122662695,0.754,5.4,7.0,,,tsr,8.2,24.0,32.2,P/B 0.42; EV/EBITDA 1.5
CCS,"Century Communities, Inc.",Consumer Cyclical,1776.0,62.47,0.6922742163990192,13.412663755458516,15.426829,20.55158732213748,0.819,19.5,15.0,55,,"tsr,other_per_share",21.2,11.0,32.2,P/B 0.69; P/E 13.4
ONBPP,Old National Bancorp,Financial Services,10290.0,24.9656,1.198772338799766,10.905701754385964,,12.457380073087858,,22.5,12.0,60,,"eps,tsr,roe",27.2,5.0,32.2,P/E 10.9
AEE,Ameren Corporation,Utilities,27737.0,100.225,2.026555797472054,17.44328097731239,18.70866,11.810186947167105,6.026,32.4,12.0,60,,"eps,tsr,roe",32.2,0.0,32.2,
ONB,Old National Bancorp,Financial Services,9555.0,24.975,1.1131011774096986,10.905701754385964,8.531982,12.457380073087858,6.463,22.5,12.0,60,,"eps,tsr,roe",27.2,5.0,32.2,P/E 10.9
ONBPO,Old National Bancorp,Financial Services,10232.0,24.7979,1.191993842734542,10.905701754385964,,12.457380073087858,,22.5,12.0,60,,"eps,tsr,roe",27.2,5.0,32.2,P/E 10.9
VRSK,"Verisk Analytics, Inc.",Technology,22408.0,172.1613,,26.328220858895705,20.07545,15.902337263208569,8.662,32.2,4.0,80,,"tsr,roiic,roic",32.1,0.0,32.1,
AWI,Armstrong World Industries Inc,Basic Materials,6948.0,164.39,7.856593877643333,22.506155950752394,16.834429,12.703310773687798,4.386,43.2,17.0,50,,tsr,32.1,0.0,32.1,
GILD,"Gilead Sciences, Inc.",Healthcare,187432.0,151.16,15.846434373605005,-57.765384615384626,12.801814,331.26511714308174,5.58,14.2,18.0,,revenue_dollar_target,"eps,tsr",32.1,0.0,32.1,
LUV,Southwest Airlines Company,Industrials,20221.0,41.335,2.8553251454391413,24.72590361445783,10.594409,8.699399571639587,0.918,26.2,18.0,,,"tsr,roic",26.1,6.0,32.1,EV/EBITDA 8.7
QUAD,"Quad Graphics, Inc",Industrials,475.0,9.22,3.8121798716920607,14.356359140781949,5.5485573,5.984070114649682,0.375,6.3,12.0,67,,tsr,15.2,17.0,32.1,P/E 14.4; EV/EBITDA 6.0
MBC,"MasterBrand, Inc.",Consumer Cyclical,936.0,7.31,0.47522087976837507,-10.471014492753621,14.852459,29.214885960591133,0.855,27.0,1.0,,,"eps,tsr,roic",20.0,12.0,32.0,P/B 0.48
MTDR,Matador Resources Company,Energy,6576.0,52.96,1.109275929334687,8.97598627787307,5.5700855,4.090525479459645,2.79,18.0,-2.0,58,,tsr,10.0,22.0,32.0,P/E 9.0; EV/EBITDA 4.1
BWA,BorgWarner Inc.,Consumer Cyclical,12516.0,61.02,2.2266709471624266,30.11386138613862,12.259301,11.153883694753578,1.176,18.0,-2.0,82,fcf_dollar_target,"eps,tsr",32.0,0.0,32.0,
CASY,"Caseys General Stores, Inc.",Consumer Cyclical,21820.0,589.66,5.6624871600642015,28.756470306513414,36.04123,16.835186027655485,1.907,40.0,12.0,50,,"eps,tsr,roic",32.0,0.0,32.0,
PGNY,"Progyny, Inc.",Healthcare,2025.0,25.8479,4.467062322258674,26.581958762886604,11.820053,14.934938195526591,1.427,0.0,12.0,30,"ebitda_dollar_target,revenue_dollar_target",tsr,32.0,0.0,32.0,
PXLW,"Pixelworks, Inc.",Technology,47.0,7.37,0.9021993805428906,0.6728452270620946,-5.756757,2.8104234741784038,-14.567,6.0,-6.0,,,"eps,tsr",4.0,28.0,32.0,P/B 0.90; P/E 0.7; EV/EBITDA 2.8
ADNT,Adient plc,Consumer Cyclical,1424.0,18.16,0.823589998843262,29.833333333333332,6.2503576,4.166525635703919,0.255,18.0,-2.0,60,,tsr,14.0,18.0,32.0,P/B 0.82; EV/EBITDA 4.2
SCVL,"Shoe Carnival, Inc.",Consumer Cyclical,473.0,17.43,0.70276594,12.911111,9.455713,7.437,0.623,25.0,-3.0,40,,"eps,tsr",15.0,17.0,32.0,P/B 0.70; P/E 12.9; EV/EBITDA 7.4
WMB,"Williams Companies, Inc. (The)",Energy,88239.0,72.14,6.689863641394997,28.32142857142857,28.475294,15.778062831477259,9.991,36.0,12.0,,,"eps,tsr,roic,roce",32.0,0.0,32.0,
VNRX,VolitionRX Limited,Healthcare,2.0,0.2447,,-0.061757105943152445,-1.2434783,-0.6652999092448453,7.756,48.0,0.0,,,"eps,tsr,roic,roe",32.0,0.0,32.0,
VSCO,Victorias Secret & Co.,Consumer Cyclical,4313.0,54.3,5.074766,28.134716,13.032866,13.088,1.305,32.0,12.0,86,,tsr,32.0,0.0,32.0,
CHTR,"Charter Communications, Inc.",Communication Services,15916.0,118.0902,0.9388803705167532,3.065,2.8258586,5.573738602467785,2.133,3.8,0.0,,,tsr,3.9,28.0,31.9,P/B 0.94; P/E 3.1; EV/EBITDA 5.6
ALG,"Alamo Group, Inc.",Industrials,2008.0,164.99,1.6897827785306074,19.566150178784266,13.410074,8.863723091224749,1.274,27.8,12.0,50,,"eps,tsr,roic",25.9,6.0,31.9,EV/EBITDA 8.9
FBIZ,First Business Financial Servic,Financial Services,585.0,69.99,1.4805404356613974,10.518099547511312,9.000597,14.729699344501093,4.85,9.8,12.0,,spin_separation,"eps,tsr,other_per_share",26.9,5.0,31.9,P/E 10.5
LIND,Lindblad Expeditions Holdings I,Consumer Cyclical,1751.0,26.681,,-72.65732003235374,76.851906,20.53956666827317,2.651,36.9,15.0,60,,tsr,31.9,0.0,31.9,
TYL,"Tyler Technologies, Inc.",Technology,13739.0,335.5,4.523691694836514,43.72608125819135,18.947163,29.689530832586613,4.815,27.9,12.0,80,,"eps,tsr",31.9,0.0,31.9,
CLB,Core Laboratories Inc.,Energy,507.0,10.99,1.8579403342514185,19.142857142857142,13.672514,10.127252996855496,1.315,28.5,7.0,84,,"eps,tsr,roic",31.8,0.0,31.8,
AAOI,"Applied Optoelectronics, Inc.",Technology,8303.0,103.47,4.977574737189191,-130.59013867488443,33.9166,-223.20512572999942,25.302,39.6,12.0,50,,"eps,tsr,roe",31.8,0.0,31.8,
CARE,"Carter Bankshares, Inc.",Financial Services,669.0,30.19,1.240994480159363,5.105442176870748,12.062322,3.5813535003078267,1.775,4.5,7.0,50,,"eps,tsr",9.8,22.0,31.8,P/E 5.1; EV/EBITDA 3.6
HAYW,"Hayward Holdings, Inc.",Industrials,2740.0,12.915,1.71002904427301,17.006666666666668,15.692511,7.874977787833823,3.51,19.5,12.0,84,,tsr,25.8,6.0,31.8,EV/EBITDA 7.9
NGVT,Ingevity Corporation,Basic Materials,2434.0,70.81,51.904065181236675,46.80519480519481,12.755865,18.801729007832897,3.143,31.5,12.0,50,,"eps,tsr,roic,other_per_share,cfroi",31.8,0.0,31.8,
SON,Sonoco Products Company,Consumer Cyclical,5042.0,50.99,1.4010293250869872,7.80324074074074,7.902969,6.169699435567636,1.311,21.6,-2.0,,,"eps,tsr,roic",15.8,16.0,31.8,P/E 7.8; EV/EBITDA 6.2
CLRB,"Cellectar Biosciences, Inc.",Healthcare,17.0,2.19,0.585772557043955,-0.46052631578947373,-1.7401283,0.7130183771906984,,15.3,8.0,,,tsr,13.7,18.0,31.6,P/B 0.59; EV/EBITDA 0.7
CMI,Cummins Inc.,Industrials,72160.0,522.94,5.616873017825173,26.57811704834606,21.133451,15.569042668075683,3.098,35.2,12.0,,,"eps,tsr,roic,roe",31.6,0.0,31.6,
HIPO,Hippo Holdings Inc.,Financial Services,806.0,30.535,1.7306695640034364,6.270833333333334,9.686566,4.821504321689683,0.683,6.3,1.0,75,,tsr,9.7,22.0,31.6,P/E 6.3; EV/EBITDA 4.8
LH,Labcorp Holdings Inc.,Healthcare,25418.0,309.97,2.9531928242784775,25.077239112571895,13.159737,14.680200780814276,1.931,20.2,15.0,,spin_separation,"eps,tsr",31.6,0.0,31.6,
LOVE,The Lovesac Company,Consumer Cyclical,213.0,14.5489,1.125013232474235,11.819672131147541,5.6303506,8.279545051735235,0.496,26.1,7.0,50,,"eps,tsr",20.6,11.0,31.6,P/E 11.8; EV/EBITDA 8.3
PFIS,Peoples Financial Services Corp,Financial Services,693.0,69.21,1.2921903335602452,12.117306338028168,8.526028,10.865552806692637,3.676,26.1,15.0,,,"eps,tsr,roe",26.6,5.0,31.6,P/E 12.1
RIG,Transocean Ltd (Switzerland),Energy,5646.0,5.555,0.6745972029868579,-2.9728260869565215,19.118599,-21.929014237068966,2.626,15.0,12.0,,spin_separation,tsr,25.5,6.0,31.5,P/B 0.67
AGYS,"Agilysys, Inc.",Technology,2835.0,100.5,9.052933492589174,66.10013071895426,27.454119,42.61554016887068,7.392,23.0,12.0,50,revenue_dollar_target,tsr,31.5,0.0,31.5,
ELF,"e.l.f. Beauty, Inc.",Consumer Defensive,5957.0,101.08,5.127492029064093,101.19844202536704,17.570988,29.371599678195732,14.266,32.0,15.0,60,,"eps,tsr",31.5,0.0,31.5,
EP,Empire Petroleum Corporation,Energy,89.0,2.23,12.129116320393658,-1.08,,-1.7381882029276396,3.802,27.0,0.0,,spin_separation,"eps,tsr,roic,roe",31.5,0.0,31.5,
HAS,"Hasbro, Inc.",Consumer Cyclical,12133.0,86.0199,17.20452488230289,15.248525754884547,13.211333,11.310932714144561,3.019,36.0,15.0,50,,"eps,tsr,roic",31.5,0.0,31.5,
RCL,Royal Caribbean Cruises Ltd.,Consumer Cyclical,61047.0,227.62,5.963906398983978,14.11677934849416,15.611833,11.699240333980043,5.727,17.0,4.0,,debt_leverage_target,"eps,tsr,roic",26.5,5.0,31.5,P/E 14.1
TT,Trane Technologies plc,Industrials,96564.0,438.88,11.169769528981735,33.05128205128205,28.393272,22.905649885975507,5.111,37.0,-2.0,81,,"tsr,roic,cfroi",31.5,0.0,31.5,
NBR,Nabors Industries Ltd.,Energy,1232.0,83.295,2.264953266510821,5.569070080862533,25.634607,2.171194984893845,1.172,10.0,-7.0,11,,"eps,tsr,roic,roe",9.5,22.0,31.5,P/E 5.6; EV/EBITDA 2.2
NRDS,"NerdWallet, Inc.",Communication Services,594.0,8.165,1.8245205248618785,8.91208791208791,4.0746074,3.7577129561527585,0.609,11.0,8.0,,,,9.5,22.0,31.5,P/E 8.9; EV/EBITDA 3.8
NTGR,"NETGEAR, Inc.",Technology,601.0,22.3957,1.316970840773402,-15.260275862068967,37.994293,-27.982199522388058,0.532,26.0,9.0,50,spin_separation,"eps,tsr",31.5,0.0,31.5,
PSX,Phillips 66,Energy,102708.0,256.17,3.259935379705453,14.486103233125354,9.623121,9.283975035333489,0.667,18.0,15.0,,,"tsr,roce",20.5,11.0,31.5,P/E 14.5; EV/EBITDA 9.3
NXST,"Nexstar Media Group, Inc.",Communication Services,5081.0,166.38,2.243299336423841,29.480496453900706,6.7822776,9.334438188086045,3.351,19.8,15.0,60,,"tsr,roe",25.4,6.0,31.4,EV/EBITDA 9.3
TASK,"TaskUs, Inc.",Technology,765.0,8.475,2.549854281378712,7.063025210084033,3.2289886,5.084554276724726,0.697,6.8,12.0,50,,,9.4,22.0,31.4,P/E 7.1; EV/EBITDA 5.1
CAKE,The Cheesecake Factory Incorpor,Consumer Cyclical,5161.0,103.8814,9.945677515328793,27.44255874673629,17.349226,22.306498260924158,1.51,36.8,-2.0,88,,"eps,tsr,roic",31.4,0.0,31.4,
CBU,"Community Financial System, Inc",Financial Services,3207.0,61.025,1.5472872103433275,14.129930394431552,11.5801935,11.009257495721823,4.133,18.8,18.0,50,,"eps,tsr,roe,other_per_share",26.4,5.0,31.4,P/E 14.1
CPF,Central Pacific Financial Corp ,Financial Services,958.0,36.69,1.6059084501728067,11.628980891719745,10.051393,7.886493047494967,2.213,24.8,4.0,50,,"eps,tsr,roe",20.4,11.0,31.4,P/E 11.6; EV/EBITDA 7.9
KN,Knowles Corporation,Technology,3146.0,36.83,3.954321170333124,46.303797468354425,26.561796,24.783946697318004,5.944,15.8,15.0,,revenue_dollar_target,"eps,tsr",31.4,0.0,31.4,
ADEA,Adeia Inc.,Technology,2729.0,24.7445,5.719288000301768,22.088087025736268,20.545778,11.805949246685273,8.237,37.8,1.0,60,,"eps,tsr,roic,roe",31.4,0.0,31.4,
AVNS,"Avanos Medical, Inc.",Healthcare,1168.0,24.94,1.4883332,,19.952,22.193,1.733,38.7,12.0,,,"eps,tsr,roic",31.4,0.0,31.4,
PAA,"Plains All American Pipeline, L",Energy,17384.0,24.64,1.5691225273039082,6.7908587257617725,10.753718,8.060799636245536,0.701,0.9,6.0,50,spin_separation,tsr,15.4,16.0,31.4,P/E 6.8; EV/EBITDA 8.1
MKC,"McCormick & Company, Incorporat",Consumer Defensive,13061.0,48.58,1.8670033366687633,8.131229235880399,13.986349,12.963634489587884,2.512,19.8,15.0,,,"eps,tsr",21.4,10.0,31.4,P/E 8.1
OGE,OGE Energy Corp,Utilities,9217.0,44.615,1.8502793132176985,19.517467248908297,18.15725,11.122325374345357,4.785,18.9,12.0,,revenue_dollar_target,"eps,tsr",31.4,0.0,31.4,
PNR,Pentair plc.,Industrials,8781.0,55.005,2.3420073587069585,13.698254364089776,12.790396,11.29548095340579,3.337,28.8,4.0,75,,"eps,tsr,roic",26.4,5.0,31.4,P/E 13.7
SMCI,"Super Micro Computer, Inc.",Technology,26937.0,41.6419,3.5558404973711064,11.406849315068492,9.667014,8.548267354422748,0.78,12.6,0.0,,revenue_dollar_target,tsr,20.3,11.0,31.3,P/E 11.4; EV/EBITDA 8.5
AIG,"American International Group, I",Financial Services,40171.0,75.765,0.9892887157070384,13.704174228675138,8.316293,6.341037942583733,1.454,10.5,2.0,,,"eps,tsr,roe,other_per_share",14.2,17.0,31.2,P/B 0.99; P/E 13.7; EV/EBITDA 6.3
CMSC,CMS Energy Corporation 5.875% J,Utilities,6236.0,20.35,0.6489403007597044,18.693786982248522,,12.440413818443805,,22.5,12.0,75,,"eps,tsr",25.2,6.0,31.2,P/B 0.65
CMSD,CMS Energy Corporation 5.875% Junior Subordinated Notes due 2079,Utilities,6174.0,20.15,0.6480931072740632,18.693786982248522,,12.440413818443805,,22.5,12.0,75,,"eps,tsr",25.2,6.0,31.2,P/B 0.65
HOMB,"Home BancShares, Inc.",Financial Services,5862.0,29.105,1.2891059168520276,11.866803278688524,10.70498,10.119678431459066,5.053,22.5,10.0,67,,"eps,tsr,roe",26.2,5.0,31.2,P/E 11.9
NVST,Envista Holdings Corporation,Healthcare,3950.0,24.275,1.2840816341059065,40.5593220338983,16.481455,11.03844824195844,1.682,23.4,15.0,88,,"eps,tsr",31.2,0.0,31.2,
SBAC,SBA Communications Corporation,Real Estate,18404.0,173.52,,18.375725026852848,23.05554,15.715928842732685,12.282,31.5,15.0,60,,"tsr,roic",31.2,0.0,31.2,
UCB,"United Community Banks, Inc.",Financial Services,4071.0,33.99,1.0869436748265155,11.00653594771242,10.007616,8.205233578706224,3.32,22.5,-2.0,60,,"eps,tsr,other_per_share",20.2,11.0,31.2,P/E 11.0; EV/EBITDA 8.2
BWB,"Bridgewater Bancshares, Inc.",Financial Services,575.0,20.615,1.049124100899967,10.805263157894737,9.065442,23.9297367546824,5.448,23.2,17.0,,,"eps,tsr,other_per_share",26.1,5.0,31.1,P/E 10.8
BWBBP,"Bridgewater Bancshares, Inc.",Financial Services,566.0,19.5379,1.0324788605407103,10.805263157894737,,23.9297367546824,,23.2,17.0,,,"eps,tsr,other_per_share",26.1,5.0,31.1,P/E 10.8
EHC,Encompass Health Corporation,Healthcare,12233.0,123.315,4.709063613966201,19.776527331189712,14.994295,9.903162416666666,2.184,26.2,12.0,,,"eps,tsr,roic",25.1,6.0,31.1,EV/EBITDA 9.9
FBIN,"Fortune Brands Innovations, Inc",Basic Materials,4732.0,39.67,2.050064915959106,32.077235772357724,11.599881,15.383426343014627,1.756,35.2,15.0,,,"eps,tsr,roic",31.1,0.0,31.1,
GRBK,"Green Brick Partners, Inc.",Consumer Cyclical,2923.0,67.96,1.4781878927454175,10.164917541229386,11.966319,7.539080445101968,1.673,16.2,12.0,50,,"eps,tsr,roe",20.1,11.0,31.1,P/E 10.2; EV/EBITDA 7.5
SCSC,"ScanSource, Inc.",Technology,1192.0,58.6348,1.3149905965279318,15.878888888888891,11.246318,9.451226885051463,0.324,26.2,12.0,35,,"eps,tsr,roic",25.1,6.0,31.1,EV/EBITDA 9.5
ABCB,Ameris Bancorp,Financial Services,5540.0,82.32,1.3542144787886892,14.820397111913358,12.228355,12.41619916979191,4.74,24.0,12.0,60,,"tsr,other_per_share",26.0,5.0,31.0,P/E 14.8
EBC,"Eastern Bankshares, Inc.",Financial Services,4937.0,21.36,1.1526929914549868,12.053977272727273,9.497465,10.921591499071667,4.918,24.0,12.0,60,,"eps,tsr",26.0,5.0,31.0,P/E 12.1
EFX,"Equifax, Inc.",Industrials,18533.0,157.75,4.231140665723026,27.119546247818505,14.989876,12.39619721148275,3.756,33.0,17.0,,,"eps,tsr,roic",31.0,0.0,31.0,
FHB,"First Hawaiian, Inc.",Financial Services,3047.0,25.0445,1.0783030394603308,10.714137931034484,11.365671,13.407677102098447,1.936,24.0,12.0,60,,"eps,tsr",26.0,5.0,31.0,P/E 10.7
PSTV,"PLUS THERAPEUTICS, Inc.",Healthcare,29.0,4.2,2.4096384,0.195258,-1.7536534,-0.785,2.802,0.0,-6.0,,"spin_separation,merger_acquisition_close",tsr,21.0,10.0,31.0,P/E 0.2
TREE,"LendingTree, Inc.",Financial Services,340.0,24.34,1.058745838165426,1.814996214988645,5.7610836,4.75176457813009,0.745,10.0,4.0,30,,tsr,9.0,22.0,31.0,P/E 1.8; EV/EBITDA 4.8
VZ,Verizon Communications Inc.,Communication Services,196251.0,47.0,1.8884846035411855,12.131510416666668,8.61586,7.945171455383396,2.755,18.0,-2.0,88,,"eps,tsr",20.0,11.0,31.0,P/E 12.1; EV/EBITDA 7.9
VC,Visteon Corporation,Consumer Cyclical,2480.0,92.9173,1.5397048355058969,16.607142857142858,11.655295,6.2348161043956045,0.76,22.0,12.0,60,,"tsr,roic",25.0,6.0,31.0,EV/EBITDA 6.2
YELP,Yelp Inc.,Communication Services,982.0,17.855,1.5233791912518793,8.492890995260664,5.416474,3.7917205334823616,0.887,12.0,-2.0,,,"eps,tsr",9.0,22.0,31.0,P/E 8.5; EV/EBITDA 3.8
AZTA,"Azenta, Inc.",Healthcare,1594.0,34.5769,1.055370948442153,-12.360000000000001,37.96417,-14.839451619246733,1.257,37.8,12.0,50,,"eps,tsr,roic",30.9,0.0,30.9,
BG,Bunge Limited,Consumer Defensive,21585.0,112.35,1.353010918071836,21.59126213592233,10.341733,14.999190031474104,0.47,21.8,4.0,40,merger_acquisition_close,"eps,tsr,roic",30.9,0.0,30.9,
STRZ,Starz Entertainment Corp.,Communication Services,389.0,23.1637,0.6020182879256966,-0.9069858712715857,-9.721561,2.7249090872045643,0.934,9.8,12.0,,,tsr,12.9,18.0,30.9,P/B 0.60; EV/EBITDA 2.7
ECG,"Everus Construction Group, Inc.",Industrials,5951.0,116.59,7.696499156105592,23.450704225352112,30.88314,16.073614454875965,2.057,21.8,12.0,,spin_separation,"eps,tsr",30.9,0.0,30.9,
FDBC,"Fidelity D & D Bancorp, Inc.",Financial Services,315.0,54.2643,1.2455824479547657,10.33689393939394,,5.842279539410968,1.59,15.8,4.0,,,"eps,tsr",13.9,17.0,30.9,P/E 10.3; EV/EBITDA 5.8
HVT,"Haverty Furniture Companies, In",Consumer Cyclical,462.0,27.87,1.570143723305857,37.55405405405405,9.415861,11.924814742868827,0.657,27.8,14.0,25,,"eps,tsr,roic,roe,cfroi",30.9,0.0,30.9,
KNX,Knight-Swift Transportation Hol,Industrials,11115.0,68.29,1.592060261932172,250.76378539493294,21.57317,13.556502491282027,1.934,33.8,12.0,60,,"eps,tsr",30.9,0.0,30.9,
MNST,Monster Beverage Corporation,Consumer Defensive,85253.0,43.585,9.104188330748297,40.00000000000001,35.29898,28.089693781763838,9.831,37.8,12.0,50,,"eps,tsr,roic",30.9,0.0,30.9,
RTX,RTX Corporation,Industrials,260987.0,193.645,3.9318832949364992,33.48,24.485716,18.0205324044049,3.14,18.9,7.0,60,backlog_target,"eps,tsr,roic",30.9,0.0,30.9,
IBP,"Installed Building Products, In",Consumer Cyclical,5638.0,209.28,8.816496788115716,21.931477516059957,19.396294,12.043644177871688,2.223,34.5,15.0,,,"eps,tsr,roic",30.8,0.0,30.8,
CATY,Cathay General Bancorp,Financial Services,4077.0,60.815,1.3381294555201282,11.75339805825243,10.022049,8.41129107619848,3.787,16.5,15.0,49,,"eps,tsr",19.8,11.0,30.8,P/E 11.8; EV/EBITDA 8.4
DGX,Quest Diagnostics Incorporated,Healthcare,26082.0,236.31,3.470229328100053,24.437631027253666,16.70851,15.622039168326692,2.481,37.5,12.0,,,"eps,tsr,roic",30.8,0.0,30.8,
GTIM,Good Times Restaurants Inc.,Consumer Cyclical,16.0,1.5,0.448051943642845,7.109004739336493,67.0,8.693683411637153,0.369,1.5,0.0,,,tsr,2.8,28.0,30.8,P/B 0.45; P/E 7.1; EV/EBITDA 8.7
HFWA,Heritage Financial Corporation,Financial Services,1159.0,28.1085,1.0440722650969818,13.212358490566038,9.989266,25.37846391625868,3.483,31.5,12.0,57,,"eps,tsr",25.8,5.0,30.8,P/E 13.2
LDOS,"Leidos Holdings, Inc.",Technology,15732.0,125.07,2.977276674867525,11.535152636447734,8.144961,9.409912035823503,1.155,16.5,15.0,50,,"eps,tsr",19.8,11.0,30.8,P/E 11.5; EV/EBITDA 9.4
RNGR,"Ranger Energy Services, Inc.",Energy,372.0,15.895,1.2280460746120831,25.68688018208421,11.619771,5.160948884711779,0.735,21.6,4.0,75,,tsr,18.8,12.0,30.8,EV/EBITDA 5.2
BZH,"Beazer Homes USA, Inc.",Consumer Cyclical,912.0,33.355,0.7948802805604234,-114.12931919261042,15.911764,-146.8674773358002,0.876,17.4,12.0,71,,"tsr,roe,other_per_share",24.7,6.0,30.7,P/B 0.79
MA,Mastercard Incorporated,Financial Services,491004.0,559.845,87.50743529139191,30.73091707852828,21.501444,22.81951245975764,13.068,33.3,12.0,60,,"eps,tsr",30.6,0.0,30.6,
MHK,"Mohawk Industries, Inc.",Consumer Cyclical,7406.0,121.5,0.8667128922021838,15.812417437252314,11.347595,7.013629579517401,0.774,17.2,12.0,,,"eps,tsr",18.6,12.0,30.6,P/B 0.87; EV/EBITDA 7.0
AKBA,"Akebia Therapeutics, Inc.",Healthcare,252.0,0.9393,10.07173786873451,-8.662037037037038,-5.6315794,-8.305200377547054,1.385,42.3,11.0,,,"eps,tsr",30.6,0.0,30.6,
ARWR,"Arrowhead Pharmaceuticals, Inc.",Healthcare,9534.0,67.683,20.479120164372144,-29.975446428571427,-18.86836,-73.1993686389647,17.864,17.2,8.0,70,spin_separation,"tsr,roe",30.6,0.0,30.6,
BANC,"Banc of California, Inc.",Financial Services,2772.0,18.035,0.8686369764470493,-43.573170731707314,9.748169,357.1562537855845,4.695,29.2,8.0,50,,"eps,tsr,other_per_share",24.6,6.0,30.6,P/B 0.87
CAR,"Avis Budget Group, Inc.",Industrials,3870.0,109.56,,-5.909040488075431,22.853352,8.770757065978822,2.887,14.2,7.0,50,ebitda_dollar_target,tsr,24.6,6.0,30.6,EV/EBITDA 8.8
INTC,Intel Corporation,Technology,609517.0,120.84,6.962565733328002,-57.66350710900473,86.69855,178.03298722739652,13.007,29.2,0.0,80,,"eps,tsr,roic,roe",30.6,0.0,30.6,
LIN,Linde plc,Basic Materials,217706.0,470.615,5.570648115452522,30.21311053984576,25.984274,17.895186941631927,7.526,25.2,12.0,50,backlog_target,"eps,tsr",30.6,0.0,30.6,
WM,"Waste Management, Inc.",Industrials,82797.0,207.14,8.34142685573242,29.346968970380818,23.206472,14.054375900345011,4.286,26.1,15.0,80,,tsr,30.6,0.0,30.6,
ONL,Orion Properties Inc.,Real Estate,144.0,2.54,0.22812787632437354,-1.4791666666666665,-8.2,-90.21052660492859,4.914,15.3,18.0,40,,tsr,18.6,12.0,30.6,P/B 0.23
MTRN,Materion Corporation,Basic Materials,5294.0,254.52,5.321710300974904,58.735023041474655,36.95968,29.328969715165126,3.27,43.2,-2.0,75,,"eps,tsr,roic",30.6,0.0,30.6,
XYL,Xylem Inc.,Industrials,25399.0,108.78,2.4372628212263696,25.89642857142857,18.286589,14.594100903225806,3.079,25.2,12.0,80,,"eps,tsr",30.6,0.0,30.6,
ACT,"Enact Holdings, Inc.",Financial Services,6641.0,47.57,1.2307990903589727,10.0062893081761,8.518788,7.597621279506982,4.926,15.0,12.0,,,"tsr,roe,other_per_share",19.5,11.0,30.5,P/E 10.0; EV/EBITDA 7.6
CVEO,Civeo Corporation (Canada),Consumer Cyclical,371.0,33.93,2.329266434141109,-28.37061798234336,62.2037,6.4695004417113156,0.865,12.0,1.0,,spin_separation,"eps,tsr,roic,roe",24.5,6.0,30.5,EV/EBITDA 6.5
LPG,Dorian LPG Ltd.,Energy,2257.0,52.76,2.07917561093254,7.015873015873015,13.142858,6.080376909415697,4.368,13.0,8.0,,,"eps,tsr",14.5,16.0,30.5,P/E 7.0; EV/EBITDA 6.1
SXT,Sensient Technologies Corporati,Basic Materials,5528.0,129.86,4.387556388936511,34.68096514745309,23.940828,23.004713015210083,3.358,27.0,18.0,60,,"tsr,roic",30.5,0.0,30.5,
TNET,"TriNet Group, Inc.",Industrials,3023.0,65.86,24.18628836,17.53984809584938,9.36787,9.455440039577837,0.55,19.0,-2.0,50,revenue_dollar_target,"eps,tsr",24.5,6.0,30.5,EV/EBITDA 9.5
TOL,"Toll Brothers, Inc.",Consumer Cyclical,12878.0,137.78,1.5096450121149674,10.834130781499203,11.01121,8.71237339240847,1.483,15.0,12.0,,,"eps,tsr,roe",19.5,11.0,30.5,P/E 10.8; EV/EBITDA 8.7
MOS,Mosaic Company (The),Basic Materials,7930.0,24.95,0.6917605499001213,122.44999999999989,12.477252,7.788556800351287,1.039,13.0,12.0,,,"eps,tsr,roce",18.5,12.0,30.5,P/B 0.69; EV/EBITDA 7.8
BLKB,"Blackbaud, Inc.",Technology,1934.0,42.6,28.847057436968523,13.109230769230768,4.609615,9.496388336951856,2.092,18.9,8.0,45,,"eps,tsr,roe",19.4,11.0,30.4,P/E 13.1; EV/EBITDA 9.5
CLH,"Clean Harbors, Inc.",Industrials,16503.0,312.64,5.63559665068764,37.83796856106409,30.833336,15.657453121812251,2.94,33.8,11.0,76,,"tsr,roic",30.4,0.0,30.4,
CRAI,"CRA International,Inc.",Industrials,1047.0,161.999,5.730049019822463,21.363447368421053,14.397928,4.928115651313531,1.484,9.9,15.0,,,"eps,tsr,roe",18.4,12.0,30.4,EV/EBITDA 4.9
EFC,Ellington Financial Inc.,Real Estate,1579.0,12.595,0.8032631403879252,7.5823170731707314,6.8941813,33.65968810342952,47.219,0.8,8.0,,spin_separation,,14.4,16.0,30.4,P/B 0.80; P/E 7.6
FLO,"Flowers Foods, Inc.",Consumer Defensive,1235.0,5.825,0.9330247767096511,22.596153846153843,9.391826,11.155327523041514,0.542,24.8,8.0,,,"eps,tsr,roic,cfroi",24.4,6.0,30.4,P/B 0.93
GD,General Dynamics Corporation,Industrials,93423.0,345.3,3.482566618206218,20.67107636800962,19.275993,15.20907952248062,1.871,36.8,12.0,50,,"eps,tsr,roic",30.4,0.0,30.4,
SITE,"SiteOne Landscape Supply, Inc.",Industrials,4147.0,94.99,2.4572330208580233,25.754098360655735,20.416634,10.48830462519123,1.266,37.8,15.0,50,,"tsr,roic",30.4,0.0,30.4,
SJM,The J.M. Smucker Company,Consumer Defensive,13018.0,121.795,2.486112458318214,56.85813953488373,10.345366,14.94068430990559,2.088,25.8,15.0,74,,"eps,tsr,roic",30.4,0.0,30.4,
PLXS,Plexus Corp.,Technology,7041.0,263.16,4.605861349649911,38.096820809248555,31.66913,28.307311133608117,1.854,33.8,15.0,50,,"eps,tsr,roic",30.4,0.0,30.4,
UNM,Unum Group,Financial Services,15063.0,95.15,1.3934882325731994,22.127039627039622,9.235321,15.296910091667355,1.211,36.9,12.0,25,,"eps,tsr,other_per_share",30.4,0.0,30.4,
THO,"Thor Industries, Inc.",Consumer Cyclical,3766.0,72.35,0.8729798141648754,21.206489675516227,15.352733,15.059385419350624,0.439,24.6,12.0,,,"eps,tsr,roic",24.3,6.0,30.3,P/B 0.87
PAHC,Phibro Animal Health Corporatio,Healthcare,1415.0,34.9124,3.9115195797991857,13.89089430894309,9.524408,8.921899257392246,1.335,3.6,3.0,,merger_acquisition_close,"eps,tsr",19.3,11.0,30.3,P/E 13.9; EV/EBITDA 8.9
PAL,"Proficient Auto Logistics, Inc.",Industrials,109.0,3.9428,0.36113829873214726,-2.8107142857142855,15.269035,4.663487160630144,0.654,4.5,0.0,,,"eps,roe",6.2,24.0,30.2,P/B 0.36; EV/EBITDA 4.7
DLHC,DLH Holdings Corp.,Industrials,57.0,3.9233,0.6096713308457712,-2.5864931270336675,-13.268293,13.144473772134981,0.766,25.5,7.0,,,"eps,tsr,roic,roe",24.2,6.0,30.2,P/B 0.61
EBMT,"Eagle Bancorp Montana, Inc.",Financial Services,170.0,21.285,0.8592347405230083,10.308252427184469,10.672343,17.684473629859113,2.118,22.5,12.0,,,tsr,19.2,11.0,30.2,P/B 0.86; P/E 10.3
ERII,"Energy Recovery, Inc.",Industrials,354.0,6.865,2.051613556511555,23.199044042335267,17.607475,10.780676688468905,2.988,28.5,12.0,50,,"eps,tsr,roic,roe,other_per_share",30.2,0.0,30.2,
EXR,Extra Space Storage Inc,Real Estate,28174.0,133.355,2.125062161376297,29.607064017660043,30.32649,13.297825703922323,13.047,32.2,12.0,75,,"eps,tsr",30.1,0.0,30.1,
MATV,"Mativ Holdings, Inc.",Basic Materials,680.0,12.34,1.444972840450393,7.586927140926402,6.336,10.340453079824009,0.733,26.1,-2.0,50,,"eps,tsr,roic,roe",20.1,10.0,30.1,P/E 7.6
MHO,"M/I Homes, Inc.",Consumer Cyclical,3551.0,140.45,1.100260221477217,11.394563426688634,9.643596,7.350732925746039,0.93,6.3,12.0,80,,tsr,19.1,11.0,30.1,P/E 11.4; EV/EBITDA 7.4
NATR,"Nature's Sunshine Products, Inc",Consumer Defensive,229.0,13.02,1.3522349925582933,12.735294117647058,15.718751,3.9482314533725456,0.589,15.3,3.0,,,"eps,tsr",13.2,17.0,30.1,P/E 12.7; EV/EBITDA 3.9
FUN,Six Flags Entertainment Corpora,Consumer Cyclical,1264.0,12.37,11.019749169768232,-0.7154377880184332,54.946022,-6.958197294859236,2.625,12.0,12.0,70,merger_acquisition_close,tsr,30.0,0.0,30.0,
AAP,Advance Auto Parts Inc.,Consumer Cyclical,2524.0,41.85,1.1181014621178555,30.01507213091222,14.990858,8.529532710280375,0.732,24.0,12.0,50,,"eps,tsr,roic",24.0,6.0,30.0,EV/EBITDA 8.5
ABUS,Arbutus Biopharma Corporation,Healthcare,968.0,4.9,3.741056529317868,6.196204933586339,-27.528503,6.198348015981825,4.218,12.0,4.0,,,"eps,tsr,roe",14.0,16.0,30.0,P/E 6.2; EV/EBITDA 6.2
IART,Integra LifeSciences Holdings C,Healthcare,1228.0,15.79,1.1687344644167452,-167.3286334056399,6.71346,12.187255488564654,1.911,36.0,12.0,50,,"eps,tsr,roe",30.0,0.0,30.0,
TRIP,"TripAdvisor, Inc.",Consumer Cyclical,957.0,8.226,1.4448105298113207,202.37500000000014,8.039762,4.973493691376702,0.872,17.0,15.0,50,,tsr,18.0,12.0,30.0,EV/EBITDA 5.0
CLNE,Clean Energy Fuels Corp.,Energy,367.0,1.665,0.6626654811216413,-3.7507445589919812,59.615387,293.499186496695,1.397,37.8,-2.0,67,,tsr,23.9,6.0,29.9,P/B 0.66
BWIN,"The Baldwin Insurance Group, In",Financial Services,2585.0,31.8912,2.922764973519608,-27.343281022210785,8.075263,82.3709947688072,3.0,36.9,15.0,50,,"eps,tsr",29.9,0.0,29.9,
CCNEP,CNB Financial Corporation,Financial Services,1035.0,25.0,1.1383191928721519,10.715015974440893,,9.789132655337358,,15.8,10.0,,,"eps,tsr,roe",18.9,11.0,29.9,P/E 10.7; EV/EBITDA 9.8
OLN,Olin Corporation,Basic Materials,1953.0,17.135,1.1412186338670094,-13.711382113821136,23.623484,10.541508939199485,0.837,27.9,12.0,89,,tsr,29.9,0.0,29.9,
FANG,"Diamondback Energy, Inc.",Energy,52777.0,187.61,1.3925364625329815,36.205078125,10.416259,9.025637090641222,4.946,25.5,18.0,40,,tsr,23.8,6.0,29.8,EV/EBITDA 9.0
PSA,Public Storage,Real Estate,53593.0,287.4,5.831509203201644,27.43387250237868,30.35696,18.750703648587223,14.408,31.5,12.0,60,,"eps,tsr",29.8,0.0,29.8,
TBB,AT&T Inc. 5.35% GLB NTS 66,Communication Services,157046.0,19.36,1.4219494221596465,8.37953795379538,,5.9327586073428975,,5.4,-2.0,,,"eps,tsr,roic",7.7,22.0,29.7,P/E 8.4; EV/EBITDA 5.9
T,AT&T Inc.,Communication Services,174658.0,25.4886,1.5814152670493644,8.37953795379538,8.636588,5.9327586073428975,2.519,5.4,-2.0,,,"eps,tsr,roic",7.7,22.0,29.7,P/E 8.4; EV/EBITDA 5.9
VISN,"Vistance Networks, Inc.",Technology,1464.0,6.49,0.5842233637959933,6.257087378640777,9.012408,2.6274483729781157,0.204,5.4,-10.0,,,"tsr,other_per_share",1.7,28.0,29.7,P/B 0.58; P/E 6.3; EV/EBITDA 2.6
CAT,"Caterpillar, Inc.",Industrials,371766.0,807.07,19.168151770559422,34.78277634961439,32.75254,23.718344224801747,6.98,35.1,12.0,,,"tsr,roic,roe",29.6,0.0,29.6,
ETSY,"Etsy, Inc.",Consumer Cyclical,6881.0,72.51,,34.35849056603774,11.298943,16.28912449514011,2.986,32.2,15.0,70,,tsr,29.6,0.0,29.6,
TSN,"Tyson Foods, Inc.",Consumer Defensive,18155.0,51.21,1.0042015560042037,30.80239520958084,12.260146,9.787489433897,0.489,20.2,15.0,,,"eps,tsr,roic",23.6,6.0,29.6,EV/EBITDA 9.8
UPS,"United Parcel Service, Inc.",Industrials,81968.0,96.49,5.440264418729674,17.87569573283859,13.103634,9.943076597868124,1.268,26.1,1.0,,,"eps,tsr,roic,roce,roe",23.6,6.0,29.6,EV/EBITDA 9.9
EGBN,"Eagle Bancorp, Inc.",Financial Services,855.0,28.03,0.7429701957225777,-22.28571428571428,10.534351,-28.068680080911317,17.689,8.1,15.0,60,,"eps,tsr,roe,other_per_share",23.6,6.0,29.6,P/B 0.74
RWT,"Redwood Trust, Inc.",Real Estate,479.0,3.815,0.5130521263383298,-175.5868544600939,5.06936,40.67461476025038,153.026,24.3,15.0,55,,"tsr,roe",23.6,6.0,29.6,P/B 0.51
UTZ,Utz Brands Inc,Consumer Defensive,1261.0,14.235,1.812629547348757,-43.425869432580846,8.423342,22.73794130346232,1.531,6.3,9.0,90,merger_acquisition_close,tsr,29.6,0.0,29.6,
ANGO,"AngioDynamics, Inc.",Healthcare,645.0,15.611,3.722029828619554,-17.482954545454547,-55.227272,-16.207367517568958,1.53,12.0,15.0,,revenue_dollar_target,"eps,tsr",29.5,0.0,29.5,
HD,"Home Depot, Inc. (The)",Consumer Cyclical,298617.0,299.48001,17.9705488424505,20.792597765363126,20.753582,14.914096561363161,2.374,30.0,17.0,30,,"eps,tsr,roic",29.5,0.0,29.5,
HP,"Helmerich & Payne, Inc.",Energy,3971.0,39.74,1.5427807097728867,-28.192857142857143,25.296585,7.048177992236197,1.349,27.0,12.0,50,,"tsr,roic",23.5,6.0,29.5,EV/EBITDA 7.0
LIVN,LivaNova PLC,Healthcare,4298.0,78.2354,3.242794821937612,22.279710144927535,16.950579,22.551768178095532,2.871,36.0,15.0,,,"tsr,roic",29.5,0.0,29.5,
TARS,"Tarsus Pharmaceuticals, Inc.",Healthcare,3266.0,75.9036,9.418445617941234,-68.54165137614679,22.032534,-87.47167286667613,4.518,40.0,15.0,25,,tsr,29.5,0.0,29.5,
OCFC,OceanFirst Financial Corp.,Financial Services,1041.0,17.272,0.431897188396901,20.132247018538198,7.621391,39.15327351363894,6.091,15.0,4.0,50,,"eps,tsr,roe,other_per_share",17.5,12.0,29.5,P/B 0.43
CERT,"Certara, Inc.",Healthcare,1368.0,8.795,1.41559538651754,-19.42940911141182,13.393289,17.49687668847932,2.423,30.8,12.0,60,,"eps,tsr",29.4,0.0,29.4,
BRBR,"BellRing Brands, Inc.",Consumer Defensive,998.0,8.585,,5.961538461538463,,6.252990680927991,,10.8,12.0,,,tsr,13.4,16.0,29.4,P/E 6.0; EV/EBITDA 6.3
ALTO,"Alto Ingredients, Inc.",Basic Materials,292.0,3.765,1.1225756838812206,5.469322009078927,,4.983499619334913,,2.7,0.0,50,,"eps,tsr,roe",7.3,22.0,29.4,P/E 5.5; EV/EBITDA 5.0
DCBG,"Dime Commercial Bancshares, Inc.",Financial Services,1167.0,26.58,0.7888116350458642,11.258474576271187,,-10.523268985322272,,12.8,12.0,60,,tsr,18.4,11.0,29.4,P/B 0.79; P/E 11.3
FISI,"Financial Institutions, Inc.",Financial Services,789.0,40.065,1.225806894493823,9.738704156479217,8.916468,19.631833469023803,3.717,15.8,15.0,50,,"tsr,other_per_share",19.4,10.0,29.4,P/E 9.7
FNKO,"Funko, Inc.",Consumer Cyclical,298.0,5.3391,1.5883406215203968,-142.4065040650407,24.909092,6.050408982126805,0.6,27.9,15.0,50,,tsr,23.4,6.0,29.4,EV/EBITDA 6.1
GS,"Goldman Sachs Group, Inc. (The)",Financial Services,277142.0,939.443,2.25792525053364,14.287020109689214,16.714497,26.469555548052117,0.785,12.8,-4.0,50,revenue_dollar_target,"eps,tsr,roe,other_per_share",24.4,5.0,29.4,P/E 14.3
TKR,Timken Company (The),Industrials,8260.0,118.865,2.5858393310377212,31.874663072776276,19.734972,15.202025891066192,2.549,37.8,1.0,60,,"eps,tsr,roic",29.4,0.0,29.4,
GEHC,GE HealthCare Technologies Inc.,Healthcare,29860.0,66.1081,2.7207398556719817,18.97126436781609,11.482189,10.8917922647482,1.743,19.5,15.0,90,,"eps,tsr",29.2,0.0,29.2,
BHE,"Benchmark Electronics, Inc.",Technology,2970.0,82.685,2.6606487172159747,55.96621621621621,29.700354,20.606353622661814,1.221,28.5,18.0,50,,"eps,tsr,roic",29.2,0.0,29.2,
DHI,"D.R. Horton, Inc.",Consumer Cyclical,39687.0,141.89,1.6661480205293981,13.296296296296296,13.113885,10.79037355841372,1.501,17.4,15.0,14,,"eps,tsr,roe,other_per_share",24.2,5.0,29.2,P/E 13.3
ASRT,"Assertio Holdings, Inc.",Healthcare,152.0,23.5,2.0025566,,9.108527,31.514,1.181,4.5,-6.0,,"ebitda_dollar_target,revenue_dollar_target","eps,tsr,roe",29.2,0.0,29.2,
NPKI,NPK International Inc.,Basic Materials,1008.0,11.87,2.713901081650183,25.73304157549234,25.64516,12.252558345391096,4.718,41.4,1.0,70,,"tsr,roic",29.2,0.0,29.2,
SPGI,S&P Global Inc.,Financial Services,120038.0,407.185,3.796752846659919,24.783931832014606,18.496887,15.985802577194262,8.821,35.2,7.0,70,,"eps,tsr",29.1,0.0,29.1,
CBSH,"Commerce Bancshares, Inc.",Financial Services,8125.0,55.7329,1.8644275605035525,13.510608272506081,12.514491,11.92334773368889,3.259,20.2,16.0,,,"eps,tsr,roe",24.1,5.0,29.1,P/E 13.5
CERS,Cerus Corporation,Healthcare,531.0,2.635,7.583372929281389,-71.96132596685082,inf,199.71405983493813,2.58,24.3,-2.0,50,merger_acquisition_close,"eps,tsr,roe",29.1,0.0,29.1,
TTEC,"TTEC Holdings, Inc.",Technology,60.0,1.23,0.828933241921857,-0.2858796296296296,1.715431,-26.315391180945692,0.48,26.1,12.0,,,"eps,tsr",23.1,6.0,29.1,P/B 0.83
HPP,"Hudson Pacific Properties, Inc.",Real Estate,637.0,11.74,0.22626964843697256,-1.3192090395480227,-5.184397,-58.828971355772,6.212,18.0,12.0,50,,tsr,17.0,12.0,29.0,P/B 0.23
CF,"CF Industries Holdings, Inc.",Basic Materials,18722.0,121.865,3.257132582637439,8.956360946745562,8.969317,4.98418353343465,2.741,9.0,1.0,,,tsr,7.0,22.0,29.0,P/E 9.0; EV/EBITDA 5.0
COHR,Coherent Corp.,Technology,59318.0,303.2,5.55566564830945,69.04367816091953,47.64339,39.17481622463138,11.747,27.0,15.0,60,,"eps,tsr",29.0,0.0,29.0,
VYX,NCR Voyix Corporation,Technology,1014.0,7.355,0.894591149161518,17.477716212960733,7.6689153,8.029742486956522,0.868,8.0,-2.0,,spin_separation,"eps,tsr",17.0,12.0,29.0,P/B 0.89; EV/EBITDA 8.0
MYGN,"Myriad Genetics, Inc.",Healthcare,387.0,4.1011,1.2745691148404081,-3.3709717920816944,30.04434,-10.46665575221239,0.499,36.0,-2.0,83,,"eps,tsr",29.0,0.0,29.0,
NLY,Annaly Capital Management Inc.,Real Estate,15986.0,21.21,0.9445151434154254,5.248129675810475,7.4431043,16.904711044679058,54.765,5.0,1.0,60,,"tsr,roe,other_per_share",13.0,16.0,29.0,P/B 0.94; P/E 5.2
SKLZ,Skillz Inc.,Communication Services,138.0,8.84,1.3498244,,-2.6546547,-1.301,0.731,28.0,18.0,50,,"eps,tsr,roe",29.0,0.0,29.0,
TENX,"Tenax Therapeutics, Inc.",Healthcare,49.0,1.865,0.4355086011092526,-1.2924161073825506,-8.510638,1.026337980681611,,6.0,0.0,,,tsr,5.0,24.0,29.0,P/B 0.44; EV/EBITDA 1.0
ACEL,"Accel Entertainment, Inc.",Consumer Cyclical,903.0,11.09,3.179858175041569,16.375,13.292308,5.977895186301169,1.011,9.8,16.0,,,"eps,tsr",16.9,12.0,28.9,EV/EBITDA 6.0
AMAT,"Applied Materials, Inc.",Technology,373979.0,471.03,14.593713719269491,40.52699228791773,37.95211,33.067260934862865,16.848,33.8,12.0,50,,"eps,tsr,roic",28.9,0.0,28.9,
ATI,ATI Inc.,Industrials,25585.0,187.475,13.632862632280066,52.88538968481375,37.24394,29.081046804811372,6.316,33.8,12.0,70,,tsr,28.9,0.0,28.9,
IDXX,"IDEXX Laboratories, Inc.",Healthcare,41000.0,519.7535,25.424997498410928,36.487359550561806,34.033203,26.008087432268276,10.176,33.8,12.0,50,,"eps,tsr,roic",28.9,0.0,28.9,
TAP,Molson Coors Beverage Company,Consumer Defensive,6863.0,36.59,0.6781465819457483,-3.1942758022549866,7.893008,-6.795701892054137,1.226,25.5,12.0,50,,"eps,tsr",22.8,6.0,28.8,P/B 0.68
CC,Chemours Company (The),Basic Materials,2235.0,14.865,,-7.365,9.629633,-34.13898318072289,1.221,28.5,1.0,70,,"eps,tsr,roic,roe,other_per_share,cfroi",28.8,0.0,28.8,
BATL,Battalion Oil Corporation,Energy,24.0,1.1079,0.1200889493841625,-0.2168316831683168,5.2173915,4.355559612616149,2.284,5.4,0.0,,,tsr,4.7,24.0,28.7,P/B 0.12; EV/EBITDA 4.4
WAY,Waystar Holding Corp.,Healthcare,4799.0,25.025,1.2037663819707884,34.63583333333333,10.006446,14.376783937726778,4.209,17.2,12.0,,revenue_dollar_target,tsr,28.6,0.0,28.6,
GOSS,"Gossamer Bio, Inc.",Healthcare,66.0,10.8235,,-0.23234774933804062,-1.535228,-0.3072518282539016,2.578,17.1,8.0,,fda_phase_milestone,"eps,tsr,other_per_share",28.6,0.0,28.6,
AMTM,"Amentum Holdings, Inc.",Industrials,4845.0,19.85,1.0319900792332268,23.728674698795185,7.8057714,8.577660838743455,0.626,10.2,3.0,50,ebitda_dollar_target,"eps,tsr",22.6,6.0,28.6,EV/EBITDA 8.6
AMKR,"Amkor Technology, Inc.",Technology,13322.0,53.62,2.8646916101197055,23.803616071428568,36.893085,10.232131306939332,3.143,29.2,12.0,67,,"eps,tsr",28.6,0.0,28.6,
AWR,American States Water Company,Utilities,3244.0,82.78,2.8929341718086814,22.773224043715842,20.21232,15.419362671653262,5.787,23.2,10.0,75,,"eps,tsr,roic,roe",28.6,0.0,28.6,
AZZ,AZZ Inc.,Industrials,4156.0,138.28,3.149916785926528,20.996974281391825,20.607014,12.454394687153593,3.173,33.3,12.0,50,,"eps,tsr,roic",28.6,0.0,28.6,
D,"Dominion Energy, Inc.",Utilities,54012.0,61.41,1.8674949356199433,21.18512110726644,17.934576,14.535727107769764,6.738,29.2,12.0,70,,"eps,tsr",28.6,0.0,28.6,
ESTC,Elastic N.V.,Technology,9425.0,90.67,11.91580482458081,25.19229705052294,15.321381,143.8364550615392,3.077,13.2,12.0,50,revenue_dollar_target,"eps,tsr",28.6,0.0,28.6,
GT,The Goodyear Tire & Rubber Comp,Consumer Cyclical,1536.0,5.345,0.5411628936245156,-0.6039071347678369,8.076196,34.25446343373494,0.517,5.2,12.0,30,restructuring_milestone,tsr,22.6,6.0,28.6,P/B 0.54
NUTX,Nutex Health Inc.,Healthcare,1403.0,203.82,3.556930783939784,7.6991993900114375,7.4033446,3.9707042669123043,1.447,6.3,3.0,,,tsr,6.7,22.0,28.6,P/E 7.7; EV/EBITDA 4.0
NBTB,NBT Bancorp Inc.,Financial Services,2636.0,50.68,1.3559611064041248,12.331707317073173,10.275465,9.650547359972938,2.884,15.3,12.0,,,"eps,tsr",17.6,11.0,28.6,P/E 12.3; EV/EBITDA 9.7
NAVI,Navient Corporation,Financial Services,853.0,9.0779,0.3558075600500417,-18.686326530612245,8.5544195,39.75808233240997,137.703,15.0,-2.0,60,,"eps,tsr,roe",16.5,12.0,28.5,P/B 0.36
HCKT,"The Hackett Group, Inc.",Technology,262.0,10.42,3.8495253585990437,15.977692307692312,6.2462463,9.459475172215845,1.152,33.0,4.0,,,"eps,tsr",22.5,6.0,28.5,EV/EBITDA 9.5
JBHT,"J.B. Hunt Transport Services, I",Industrials,22222.0,236.6173,6.076344350122979,33.49289772727273,29.545305,14.157544276675427,2.237,30.0,15.0,,,"eps,tsr,roic",28.5,0.0,28.5,
KWR,Quaker Houghton,Basic Materials,2732.0,158.14,1.984113943398624,28.408525754884547,17.11488,13.465028892999003,1.74,39.0,-2.0,60,,"eps,tsr,roic",28.5,0.0,28.5,
OSBC,"Old Second Bancorp, Inc.",Financial Services,1271.0,24.72,1.4082780648441369,13.825730337078653,9.533972,12.547694885965827,4.094,27.0,12.0,55,,"tsr,other_per_share",23.5,5.0,28.5,P/E 13.8
SDHC,Smith Douglas Homes Corp.,Consumer Cyclical,86.0,10.3,1.0819720750537987,14.152258784160624,22.17742,2.938668532729484,0.536,7.0,12.0,,,tsr,11.5,17.0,28.5,P/E 14.2; EV/EBITDA 2.9
UVE,UNIVERSAL INSURANCE HOLDINGS IN,Financial Services,1190.0,42.75,1.8672844127410129,5.368520859671302,8.65909,2.4442927727722497,0.354,7.0,-2.0,50,,"tsr,other_per_share",6.5,22.0,28.5,P/E 5.4; EV/EBITDA 2.4
XOM,Exxon Mobil Corporation,Energy,668170.0,161.22,2.57602683784409,20.731016731016734,12.934332,9.74867398259659,1.893,9.0,0.0,,merger_acquisition_close,"eps,tsr,roce",22.5,6.0,28.5,EV/EBITDA 9.7
MCHB,Mechanics Bancorp,Financial Services,3332.0,15.127,1.2387981137806137,12.060960000000001,12.115702,8.565995731028726,4.257,0.0,7.0,,merger_acquisition_close,tsr,17.5,11.0,28.5,P/E 12.1; EV/EBITDA 8.6
HHH,Howard Hughes Holdings Inc.,Real Estate,3847.0,64.525,0.776261744172908,12.925252525252525,65.54902,8.779258735630357,5.279,6.8,12.0,,,tsr,11.4,17.0,28.4,P/B 0.78; P/E 12.9; EV/EBITDA 8.8
CCBG,Capital City Bank Group,Financial Services,845.0,49.4,1.4829051684368395,13.681944444444445,13.067902,9.54514842154861,1.665,15.8,7.0,,,"eps,tsr,other_per_share",17.4,11.0,28.4,P/E 13.7; EV/EBITDA 9.5
ESI,Element Solutions Inc.,Basic Materials,8727.0,35.81,3.1025605165854873,48.42219804134929,22.383883,27.878194244339127,4.717,12.8,12.0,,ebitda_dollar_target,"eps,tsr",28.4,0.0,28.4,
GL,Globe Life Inc.,Financial Services,13267.0,170.87,2.1552250962707618,11.145203679369251,10.256096,25.037398494477106,2.648,15.8,15.0,,,"eps,tsr,roe,other_per_share",23.4,5.0,28.4,P/E 11.1
INVX,"Innovex International, Inc.",Energy,1977.0,28.31,1.8673758662029911,31.730337078651687,13.370633,10.864754116695222,1.665,12.8,12.0,,ebitda_dollar_target,"tsr,roce",28.4,0.0,28.4,
LITE,Lumentum Holdings Inc.,Technology,73506.0,944.81,24.721267908791283,-10.09568308950086,46.879818,-10.34105597194703,24.548,25.8,15.0,70,,"eps,tsr",28.4,0.0,28.4,
LYB,LyondellBasell Industries NV,Basic Materials,19520.0,60.475,1.8292964928310373,-53.63392857142858,7.9798927,16.415721833598305,1.052,24.8,12.0,60,,"eps,fcf_per_share,tsr",28.4,0.0,28.4,
MNRO,"Monro, Inc.",Consumer Cyclical,427.0,13.655,0.7057029063847232,57.87500000000001,25.080645,12.725376141780512,0.811,7.8,1.0,50,spin_separation,"eps,tsr,roic,other_per_share",22.4,6.0,28.4,P/B 0.71
NATL,NCR Atleos Corporation,Technology,3388.0,45.91,7.301856872844827,17.367424242424246,8.208843,7.527117443734015,1.297,20.7,12.0,60,,tsr,22.4,6.0,28.4,EV/EBITDA 7.5
RRC,Range Resources Corporation,Energy,9191.0,39.33,1.9518208339412442,10.678571428571429,7.810119,7.051286275228819,2.976,18.9,12.0,50,,tsr,17.4,11.0,28.4,P/E 10.7; EV/EBITDA 7.1
ENOV,Enovis Corporation,Healthcare,1059.0,18.4,0.7170641819226887,-0.9324742268041237,5.391345,-3.355810749022556,1.161,16.5,12.0,,,"eps,tsr,roe,cfroi",22.2,6.0,28.2,P/B 0.72
AROW,Arrow Financial Corporation,Financial Services,615.0,37.23,1.378819413138071,11.902243589743588,8.91954,24.68189470846699,2.316,22.5,8.0,,,"eps,tsr,roe,other_per_share",23.2,5.0,28.2,P/E 11.9
ATMU,Atmus Filtration Technologies I,Consumer Cyclical,3682.0,45.085,8.096309182058047,17.074144486692017,16.112022,12.295597381150959,2.783,25.5,15.0,70,,"tsr,roic",28.2,0.0,28.2,
C,"Citigroup, Inc.",Financial Services,227106.0,132.42999,1.0711766560856544,14.068928950159066,11.387761,23.070761551635552,0.434,19.5,15.0,50,,"eps,tsr,other_per_share",23.2,5.0,28.2,P/E 14.1
DGICB,"Donegal Group, Inc.",Financial Services,617.0,18.99,0.9256837838315359,9.213197969543145,,7.426431309048605,0.847,4.5,0.0,,,"tsr,roe",6.2,22.0,28.2,P/B 0.93; P/E 9.2; EV/EBITDA 7.4
HRTG,"Heritage Insurance Holdings, In",Financial Services,1005.0,33.21,1.7708898715582109,4.681107954545455,5.0770946,1.6361283827083788,0.316,4.5,0.0,,,"tsr,other_per_share",6.2,22.0,28.2,P/E 4.7; EV/EBITDA 1.6
KURA,"Kura Oncology, Inc.",Healthcare,974.0,10.9706,20.109187276744233,-3.2515727002967356,-3.742467,-3.1939520482117265,4.536,19.5,5.0,50,spin_separation,"eps,tsr,roe",28.2,0.0,28.2,
ONEW,OneWater Marine Inc.,Consumer Cyclical,165.0,9.92,0.5762804534855672,-1.3218791946308726,11.12606,-10.715785434266467,0.583,34.5,-6.0,74,,"tsr,roic",22.2,6.0,28.2,P/B 0.58
RGA,"Reinsurance Group of America, I",Financial Services,16237.0,247.85,1.1857337118446034,10.768462206776713,7.2543416,7.295975558293005,0.587,14.4,4.0,,,"eps,tsr,roe,other_per_share",17.2,11.0,28.2,P/E 10.8; EV/EBITDA 7.3
RZC,"Reinsurance Group of America, Incorporated",Financial Services,15512.0,25.51,1.1327456506499196,10.768462206776713,,7.295975558293005,,14.4,4.0,,,"eps,tsr,roe,other_per_share",17.2,11.0,28.2,P/E 10.8; EV/EBITDA 7.3
SIGI,"Selective Insurance Group, Inc.",Financial Services,5191.0,87.0971,1.417145941276887,10.73697270471464,10.423147,6.704538397388126,1.141,14.4,12.0,,,"tsr,roe",17.2,11.0,28.2,P/E 10.7; EV/EBITDA 6.7
TTWO,"Take-Two Interactive Software, ",Technology,38811.0,207.57,11.102940439409544,-119.77745664739885,23.74766,40.71944189819509,6.82,20.4,12.0,80,,"eps,tsr",28.2,0.0,28.2,
SIGIP,"Selective Insurance Group, Inc.",Financial Services,5417.0,15.2365,1.478886089685822,10.73697270471464,,6.704538397388126,,14.4,12.0,,,"tsr,roe",17.2,11.0,28.2,P/E 10.7; EV/EBITDA 6.7
AMH,American Homes 4 Rent,Real Estate,11149.0,31.04,1.637725717174931,24.62301587301587,48.097195,13.5369374430552,9.227,32.2,12.0,60,,tsr,28.1,0.0,28.1,
BOKF,BOK Financial Corporation,Financial Services,7965.0,131.095,1.309418437061593,12.315492957746478,12.322742,13.030191778430048,3.244,26.2,4.0,70,,"eps,tsr",23.1,5.0,28.1,P/E 12.3
CAC,Camden National Corporation,Financial Services,960.0,56.765,1.3226733110537439,10.78912213740458,8.839485,14.527858052468853,5.384,26.2,12.0,57,,"eps,tsr",23.1,5.0,28.1,P/E 10.8
CHYM,"Chime Financial, Inc.",Technology,10303.0,27.04,7.333852646812194,-469.48853615520306,15.304349,-1623.722249369854,2.471,5.2,3.0,,"revenue_dollar_target,operating_margin_target",tsr,28.1,0.0,28.1,
FORM,"FormFactor, Inc.",Technology,10041.0,128.8,9.034493444068529,87.63175675675674,53.578148,59.002845769053415,13.559,29.2,15.0,,,"eps,tsr,roe",28.1,0.0,28.1,
GEO,Geo Group Inc (The) REIT,Industrials,4041.0,30.24,2.6645443352336238,14.450934579439254,17.603243,8.726016748999944,1.983,14.2,12.0,50,,"tsr,roce",17.1,11.0,28.1,P/E 14.5; EV/EBITDA 8.7
GPC,Genuine Parts Company,Consumer Cyclical,17814.0,129.22,3.935967896019719,496.5961538461534,12.943095,32.401487671534156,0.858,26.2,18.0,,,"eps,tsr,roic",28.1,0.0,28.1,
HAL,Halliburton Company,Energy,27915.0,33.415,2.535405569028156,17.227396400167432,11.95132,8.127048747891058,1.592,20.2,12.0,,,"eps,tsr,roce",22.1,6.0,28.1,EV/EBITDA 8.1
SSTK,"Shutterstock, Inc.",Communication Services,162.0,4.41,0.4455113072650278,-0.7729681978798587,14.853933,-3.2908964730487686,0.658,8.2,12.0,75,,tsr,16.1,12.0,28.1,P/B 0.45
GCO,Genesco Inc.,Consumer Cyclical,387.0,34.83,0.7529674857671159,8.44306930693069,12.461135,11.174285066423483,0.386,8.1,4.0,,,"eps,tsr,roe",12.1,16.0,28.1,P/B 0.75; P/E 8.4
PDM,"Piedmont Realty Trust, Inc.",Real Estate,1151.0,9.195,0.7800684789226261,-14.159087405580394,-89.399994,10.549557424298833,5.957,24.3,4.0,65,,"eps,tsr",22.1,6.0,28.1,P/B 0.78
FLGT,"Fulgent Genetics, Inc.",Healthcare,610.0,21.4883,0.6092946589471645,-7.537765957446807,-11.782109,-8.991590332354162,0.747,12.0,0.0,,merger_acquisition_close,"eps,tsr",22.0,6.0,28.0,P/B 0.61
GAIA,"Gaia, Inc.",Communication Services,32.0,1.265,0.37547818915391007,-5.170539419087137,-28.000002,6.26362876202296,0.762,12.0,0.0,,,"eps,tsr",10.0,18.0,28.0,P/B 0.38; EV/EBITDA 6.3
BALL,Ball Corporation,Consumer Cyclical,15858.0,59.56,2.7597757257222417,16.68413597733711,12.769798,10.435903452380952,1.671,33.0,15.0,50,,"eps,tsr",28.0,0.0,28.0,
CCNE,CNB Financial Corporation,Financial Services,997.0,33.67,1.096747788491248,10.715015974440893,8.424361,9.789132655337358,2.429,12.0,10.0,,,"eps,tsr,roe",17.0,11.0,28.0,P/E 10.7; EV/EBITDA 9.8
DFH,"Dream Finders Homes, Inc.",Consumer Cyclical,1075.0,11.66,0.6801395606057442,7.443037974683545,10.097088,11.723549434676896,0.725,9.0,7.0,,,"eps,tsr",12.0,16.0,28.0,P/B 0.68; P/E 7.4
EQBK,"Equity Bancshares, Inc.",Financial Services,995.0,48.37,1.2025586032410687,27.04775280898877,8.938624,9.226553325052551,4.01,12.0,12.0,,,"eps,tsr,roe,other_per_share,cfroi",22.0,6.0,28.0,EV/EBITDA 9.2
TMO,Thermo Fisher Scientific Inc,Healthcare,243763.0,659.27,4.6273333442358435,35.534908700322234,17.050484,26.025664590580703,4.706,27.0,17.0,,,"eps,tsr,roic",28.0,0.0,28.0,
UAN,"CVR Partners, LP",Basic Materials,1369.0,129.5,3.944914963584643,8.45052770448549,-17.738853,6.436419875911221,2.525,0.0,0.0,,merger_acquisition_close,,12.0,16.0,28.0,P/E 8.5; EV/EBITDA 6.4
PFS,"Provident Financial Services, I",Financial Services,2942.0,22.575,1.0119895871495725,9.389583333333333,8.998019,15.393249111205698,6.422,18.0,10.0,52,,"eps,tsr",18.0,10.0,28.0,P/E 9.4
ROST,"Ross Stores, Inc.",Consumer Cyclical,75050.0,233.96,11.129748282265469,28.100240096038412,27.180574,18.392499532671113,3.166,36.0,8.0,25,,"eps,tsr,roe",28.0,0.0,28.0,
TRMK,Trustmark Corporation,Financial Services,2695.0,45.98,1.2570659259919268,11.578860759493672,10.899561,8.184121315369856,3.827,18.0,4.0,50,,"eps,tsr,other_per_share",17.0,11.0,28.0,P/E 11.6; EV/EBITDA 8.2
WSM,"Williams-Sonoma, Inc.",Consumer Cyclical,27026.0,229.525,12.623482722799702,23.17171616161616,22.115795,14.230185090460468,3.497,38.0,-2.0,73,,"eps,tsr,roic",28.0,0.0,28.0,
ZM,"Zoom Communications, Inc.",Technology,27173.0,92.6678,2.925988279651636,8.368481818181818,13.710939,5.941980338111742,3.58,8.0,0.0,,,tsr,6.0,22.0,28.0,P/E 8.4; EV/EBITDA 5.9
CRM,"Salesforce, Inc.",Technology,195192.0,238.33,3.2520662768031188,21.687272727272727,9.795158,14.476035377507753,3.619,27.8,8.0,67,,"eps,tsr,roe",27.9,0.0,27.9,
VTS,"Vitesse Energy, Inc.",Energy,715.0,16.97,1.1451897525816488,-53.96214308630094,16.505154,10.027909028105606,3.212,15.8,12.0,60,spin_separation,,27.9,0.0,27.9,
METC,"Ramaco Resources, Inc.",Energy,504.0,9.3585,1.338945339527265,-7.939406779661017,78.8169,-195.02342715137743,1.959,27.9,12.0,,,"eps,tsr,roce,roe",27.9,0.0,27.9,
BLCO,Bausch + Lomb Corporation,Healthcare,6122.0,17.14,0.9601336729924718,-35.51861145964031,13.822528,14.630088530997304,1.954,33.8,-6.0,50,,"tsr,roic,roce,cfroi",21.9,6.0,27.9,P/B 0.96
CNOBP,"ConnectOne Bancorp, Inc.",Financial Services,1664.0,25.39,1.0228621466008823,9.080207100591716,,12.673718896567726,,12.8,15.0,,,"tsr,other_per_share",17.9,10.0,27.9,P/E 9.1
CNP,"CenterPoint Energy, Inc (Holdin",Utilities,24514.0,37.215,2.091660819112628,21.861764705882354,20.567356,12.31543677130045,5.472,27.8,12.0,75,,"eps,tsr",27.9,0.0,27.9,
DK,"Delek US Holdings, Inc.",Energy,4355.0,71.06,10.303027560917908,19.758904109589043,17.59455,5.615227064220183,0.519,15.8,12.0,,,tsr,15.9,12.0,27.9,EV/EBITDA 5.6
GLW,Corning Incorporated,Technology,133687.0,155.2,10.643902675159236,70.00904977375565,46.554615,35.84286369230769,10.812,27.8,4.0,70,,"eps,tsr,roic,cfroi",27.9,0.0,27.9,
GM,General Motors Company,Consumer Cyclical,75865.0,83.88,1.2236354074032258,42.065000000000005,5.6330605,13.887379937528397,0.964,27.8,12.0,50,,"eps,tsr,roic,roe",27.9,0.0,27.9,
HBANL,Huntington Bancshares Incorporated,Financial Services,34591.0,25.075,1.060280074393085,11.384411764705883,,14.23028564068768,,9.8,16.0,60,,"eps,tsr,other_per_share",22.9,5.0,27.9,P/E 11.4
HBANM,Huntington Bancshares Incorporated,Financial Services,33281.0,20.05,1.0201317464443354,11.384411764705883,,14.23028564068768,,9.8,16.0,60,,"eps,tsr,other_per_share",22.9,5.0,27.9,P/E 11.4
HBANP,Huntington Bancshares Incorporated,Financial Services,35118.0,16.47,1.0764467911047082,11.384411764705883,,14.23028564068768,,9.8,16.0,60,,"eps,tsr,other_per_share",22.9,5.0,27.9,P/E 11.4
HOPE,"Hope Bancorp, Inc.",Financial Services,1758.0,13.7526,0.7657804732186569,13.675,8.012481,10.145985483793345,3.149,21.8,4.0,50,,"eps,tsr",16.9,11.0,27.9,P/B 0.77; P/E 13.7
ILMN,"Illumina, Inc.",Healthcare,38181.0,252.35,13.453331571529246,46.80874306839187,27.33134,29.49830007336757,5.893,27.8,12.0,70,,"eps,tsr",27.9,0.0,27.9,
RBA,"RB Global, Inc.",Industrials,15543.0,83.43,2.569134861733252,35.12586553191489,22.668053,13.785101177652393,5.27,27.9,12.0,75,,"eps,tsr",27.9,0.0,27.9,
RS,"Reliance, Inc.",Basic Materials,19954.0,390.84,2.6959619369046814,22.307514450867053,18.771414,14.073381190476189,1.484,27.9,12.0,70,,"eps,tsr",27.9,0.0,27.9,
BANR,Banner Corporation,Financial Services,2333.0,68.66,1.1671320141472132,11.217257799671593,9.6653,19.552592710605108,3.029,22.5,15.0,55,,"eps,tsr",22.8,5.0,27.8,P/E 11.2
EDIT,"Editas Medicine, Inc.",Healthcare,443.0,2.885,4.205296967164066,-3.690826424177587,-2.8725507,-3.499294705664569,4.058,39.6,4.0,73,,tsr,27.8,0.0,27.8,
FAF,First American Corporation (New,Financial Services,6994.0,68.505,1.2493945375299202,9.455801104972375,9.449991,7.283150161271054,0.951,7.5,4.0,,,"eps,tsr,roe",11.8,16.0,27.8,P/E 9.5; EV/EBITDA 7.3
KRG,Kite Realty Group Trust,Real Estate,4983.0,24.86,1.7365858160265106,15.299382716049385,52.66038,10.058249364414541,10.708,31.5,8.0,60,,"tsr,roic",27.8,0.0,27.8,
LOCO,"El Pollo Loco Holdings, Inc.",Consumer Cyclical,432.0,14.175,1.3616570906785515,12.110169491525424,14.787824,9.779146521096049,1.443,13.5,12.0,,,"eps,tsr",16.8,11.0,27.8,P/E 12.1; EV/EBITDA 9.8
SRI,"Stoneridge, Inc.",Consumer Cyclical,199.0,7.04,1.3329475808885163,-1.7704081632653064,12.459016,-20.212611630396,0.351,31.5,12.0,45,,"eps,tsr,roic",27.8,0.0,27.8,
WAB,Westinghouse Air Brake Technolo,Industrials,49374.0,292.31,4.391175241017431,39.31677852348993,22.528454,22.73474820596649,4.598,31.5,12.0,,,"eps,tsr,roic",27.8,0.0,27.8,
ZBH,"Zimmer Biomet Holdings, Inc.",Healthcare,17551.0,90.72,1.3902892640150826,21.82082324455206,9.785742,12.593154758986927,2.87,31.5,12.0,,,"eps,tsr,roe",27.8,0.0,27.8,
TTEK,"Tetra Tech, Inc.",Industrials,9098.0,35.055,4.91080739963845,20.776047904191614,15.946751,14.765883254582631,1.814,19.5,12.0,89,,"eps,tsr",27.8,0.0,27.8,
BBAI,"BigBear.ai, Inc.",Technology,1383.0,2.885,1.7957918226616334,-16.911764705882355,-19.6,-25.097328430381143,12.188,32.4,11.0,,,"eps,tsr,other_per_share",27.7,0.0,27.7,
NPO,Enpro Inc.,Industrials,6422.0,303.98,4.04566855612952,147.40384615384616,36.633976,34.81425132566283,7.296,32.4,15.0,,,"tsr,roic",27.7,0.0,27.7,
WTRG,"Essential Utilities, Inc.",Utilities,11341.0,39.985,1.6159377521994067,20.632653061224485,15.372501,14.675551802254928,7.36,23.4,12.0,65,,"eps,tsr,roe",27.7,0.0,27.7,
FORR,"Forrester Research, Inc.",Industrials,227.0,11.7,1.8671522525485038,-5.276785714285714,7.403315,-7.981462747778537,0.118,20.2,11.0,90,,"eps,tsr",27.6,0.0,27.6,
BGS,"B&G Foods, Inc.",Consumer Defensive,245.0,3.015,0.6194370257121595,-3.3539325842696632,5.9607725,16.330482022678066,1.274,23.2,12.0,,,"tsr,roic",21.6,6.0,27.6,P/B 0.62
AVB,"AvalonBay Communities, Inc.",Real Estate,25157.0,177.32,2.1437206,21.97274,36.397377,18.556,11.195,20.2,15.0,90,,tsr,27.6,0.0,27.6,
AYI,Acuity Inc.,Industrials,9392.0,313.75,3.293802514816763,19.902265372168287,14.952305,12.038170754811926,2.202,31.2,12.0,50,,"eps,tsr,roic",27.6,0.0,27.6,
BJRI,"BJ's Restaurants, Inc.",Consumer Cyclical,1284.0,61.0885,3.2307469136734457,31.38366133661336,20.908876,13.526915277953455,1.126,35.1,8.0,60,,tsr,27.6,0.0,27.6,
CLX,Clorox Company (The),Consumer Defensive,10324.0,85.38,,17.499999999999996,15.296405,16.885225776330078,2.224,19.2,20.0,60,,"eps,tsr",27.6,0.0,27.6,
CTVA,"Corteva, Inc.",Basic Materials,54556.0,81.57,2.1684346435072936,53.40728476821192,19.12924,17.40991837804502,3.03,14.2,1.0,60,ebitda_dollar_target,"eps,tsr",27.6,0.0,27.6,
FLG,"Flagstar Bank, N.A.",Financial Services,5208.0,12.495,0.6397375537403267,361.73020527859234,9.415046,73.13041390186916,5.701,24.3,11.0,,,"eps,tsr",21.6,6.0,27.6,P/B 0.64
HIMS,"Hims & Hers Health, Inc.",Healthcare,6596.0,29.57,20.354969266089018,-47.28688524590163,39.853935,-95.32132117199053,3.625,16.2,11.0,,revenue_dollar_target,tsr,27.6,0.0,27.6,
NJR,NewJersey Resources Corporation,Utilities,5280.0,52.315,1.9972817557292337,14.364101435722537,15.969978,11.521482037574172,4.222,26.2,11.0,,,"eps,tsr",22.6,5.0,27.6,P/E 14.4
ULS,UL Solutions Inc.,Industrials,13296.0,66.15,8.336006052664576,26.211155378486062,35.417377,13.554635017120663,6.023,35.1,8.0,67,,tsr,27.6,0.0,27.6,
ACI,"Albertsons Companies, Inc.",Consumer Defensive,5739.0,11.825,3.5586159546102807,146.68749999999977,5.460953,7.020584392334009,0.261,30.0,1.0,,,"eps,tsr,roic",21.5,6.0,27.5,EV/EBITDA 7.0
BURL,"Burlington Stores, Inc.",Consumer Cyclical,16147.0,256.53,8.064217102976254,23.012566427289048,24.429733,14.635798357885394,2.19,24.0,15.0,65,,"eps,tsr",27.5,0.0,27.5,
CSTM,Constellium SE,Basic Materials,3375.0,24.905,2.7089284430176566,6.185463659147871,,4.821827692307692,,6.0,1.0,,,tsr,5.5,22.0,27.5,P/E 6.2; EV/EBITDA 4.8
HOV,"Hovnanian Enterprises, Inc.",Consumer Cyclical,593.0,117.0,0.724821850642569,110.99999999999999,31.301662,15.654786144803367,0.574,12.0,15.0,,,"eps,tsr,roe,other_per_share",21.5,6.0,27.5,P/B 0.72
SMP,"Standard Motor Products, Inc.",Consumer Cyclical,832.0,37.35,1.1585694451217388,16.34934497816594,7.9777327,7.516459501565831,0.877,24.0,7.0,,,"eps,tsr,roic",21.5,6.0,27.5,EV/EBITDA 7.5
PJT,PJT Partners Inc.,Financial Services,3847.0,150.46,12.326783335843542,16.751113585746104,18.175676,9.326773777908233,2.649,11.0,4.0,,spin_separation,"eps,tsr",21.5,6.0,27.5,EV/EBITDA 9.3
TEX,Terex Corporation,Industrials,6736.0,58.93,1.3676546192893402,29.35175879396985,11.486013,20.168275395033863,1.685,26.0,1.0,65,,"eps,tsr,roic,roe,cfroi",27.5,0.0,27.5,
EFOR,"Everforth, Inc.",Technology,1342.0,32.73,0.743410326851698,17.123711340206185,4.3072605,8.828557661419852,0.545,11.7,15.0,,,tsr,15.3,12.0,27.4,P/B 0.74; EV/EBITDA 8.8
AGIO,"Agios Pharmaceuticals, Inc.",Healthcare,2055.0,34.42,2.0028232794455474,-4.898716119828816,-7.2392054,-4.748805291772033,20.141,28.8,-6.0,70,fda_phase_milestone,tsr,27.4,0.0,27.4,
AOS,A.O. Smith Corporation,Industrials,8064.0,58.19,4.378285892828058,16.08356545961003,13.955774,11.583758534259637,2.224,30.8,12.0,,,"tsr,roic,roe",27.4,0.0,27.4,
CFG,"Citizens Financial Group, Inc.",Financial Services,27602.0,65.27,1.0541766848718634,14.006465517241377,,9.839582054533926,,9.8,15.0,20,,"eps,tsr",16.4,11.0,27.4,P/E 14.0; EV/EBITDA 9.8
DDD,3D Systems Corporation,Technology,584.0,3.575,2.134580601177791,-8.602018213142998,-28.0,-27.621728921396727,1.521,30.8,12.0,50,,"eps,tsr,roe",27.4,0.0,27.4,
DOCN,"DigitalOcean Holdings, Inc.",Technology,16502.0,141.15,17.729681508405758,56.63492063492063,98.60405,46.480568069733685,19.871,38.7,12.0,,,tsr,27.4,0.0,27.4,
HII,"Huntington Ingalls Industries, ",Industrials,10755.0,272.95,2.024752451807229,16.044939880952377,14.013207,12.15844649102334,1.087,30.8,12.0,,,"eps,tsr,roic",27.4,0.0,27.4,
LBRT,Liberty Energy Inc.,Energy,3035.0,18.6,1.5456927904411653,24.300861497680582,74.369995,6.552930486531025,1.323,18.8,12.0,,,"eps,tsr,roce",21.4,6.0,27.4,EV/EBITDA 6.6
LECO,"Lincoln Electric Holdings, Inc.",Industrials,14539.0,266.74,9.354693209280779,26.27920792079208,22.849634,17.33267257570652,3.711,30.8,12.0,,,"eps,tsr,roic",27.4,0.0,27.4,
TCBIO,"Texas Capital Bancshares, Inc.",Financial Services,4077.0,18.8601,1.1176851457641745,12.240284974093266,,2.297618160709935,,2.7,-10.0,80,,"eps,tsr,other_per_share",10.3,17.0,27.4,P/E 12.2; EV/EBITDA 2.3
TPR,"Tapestry, Inc.",Consumer Cyclical,22557.0,111.645,33.055851915298945,14.803070761014686,18.537226,11.86891476793249,4.057,16.8,12.0,,,"eps,tsr,roic,roe",22.4,5.0,27.4,P/E 14.8
VLO,Valero Energy Corporation,Energy,109018.0,378.63,4.360544575696972,15.65961857379768,11.055075,8.423734790378525,0.67,19.8,15.0,,,"eps,tsr",21.4,6.0,27.4,EV/EBITDA 8.4
ORRF,"Orrstown Financial Services, In",Financial Services,813.0,41.395,1.308326514919971,8.876051502145923,9.092603,8.804111624727645,3.455,10.8,4.0,,,"eps,tsr",11.4,16.0,27.4,P/E 8.9; EV/EBITDA 8.8
TCBI,"Texas Capital Bancshares, Inc.",Financial Services,4118.0,94.7305,1.1290239904137038,12.240284974093266,11.85635,2.297618160709935,2.104,2.7,-10.0,80,,"eps,tsr,other_per_share",10.3,17.0,27.4,P/E 12.2; EV/EBITDA 2.3
CRS,Carpenter Technology Corporatio,Basic Materials,19691.0,396.31,9.52355394467015,37.199716713881024,46.28483,23.622702052074665,9.754,27.6,15.0,51,,"eps,tsr,roic",27.3,0.0,27.3,
TECH,Bio-Techne Corp,Healthcare,11356.0,72.5285,5.445591969803923,61.97811965811966,28.18875,33.13133692829108,7.555,30.6,12.0,50,,"eps,tsr,roic",27.3,0.0,27.3,
ACHV,"Achieve Life Sciences, Inc.",Healthcare,805.0,7.84,,-5.057225806451613,-10.4582205,-6.8239904005530985,,22.5,0.0,,fda_phase_milestone,"eps,tsr,other_per_share",27.2,0.0,27.2,
CBOE,"Cboe Global Markets, Inc.",Financial Services,26069.0,249.1,4.8523455,21.272417,16.927235,14.302,5.325,34.5,8.0,50,,"eps,tsr,roic",27.2,0.0,27.2,
FOX,Fox Corporation,Communication Services,24854.0,56.6801,2.265885507065366,14.606683804627252,8.280423,9.34026047659855,1.475,2.4,-2.0,12,ebitda_dollar_target,"eps,tsr",16.2,11.0,27.2,P/E 14.6; EV/EBITDA 9.3
FOXA,Fox Corporation,Communication Services,27845.0,63.5,2.538522885495487,14.606683804627252,9.099081,9.34026047659855,1.612,2.4,-2.0,12,ebitda_dollar_target,"eps,tsr",16.2,11.0,27.2,P/E 14.6; EV/EBITDA 9.3
HBB,Hamilton Beach Brands Holding C,Consumer Cyclical,462.0,34.22,2.131888125536372,8.152582159624412,12.76875,5.486879191244489,0.536,1.5,5.0,,,tsr,5.2,22.0,27.2,P/E 8.2; EV/EBITDA 5.5
KOP,Koppers Holdings Inc.,Basic Materials,881.0,45.785,2.2752691291989664,-9.954545454545455,9.3042555,60.65550290676421,0.97,10.5,12.0,,ebitda_dollar_target,"eps,tsr",27.2,0.0,27.2,
XELLL,"Xcel Energy Inc. 6.25% Junior Subordinated Notes, Series due 2085",Utilities,13318.0,21.85,0.6287591981492847,19.242506811989102,,12.620486520740855,,22.5,4.0,70,,"eps,tsr",21.2,6.0,27.2,P/B 0.63
DXLG,"Destination XL Group, Inc.",Consumer Cyclical,33.0,0.6005,0.3175155880805472,-0.8605377906976744,-3.7837837,-153.0929483115093,0.544,11.2,15.0,50,,tsr,15.1,12.0,27.1,P/B 0.32
EVER,"EverQuote, Inc.",Communication Services,637.0,18.07,2.479894336742244,5.581761006289308,,4.704918483852766,,6.3,0.0,,,tsr,5.2,22.0,27.1,P/E 5.6; EV/EBITDA 4.7
EW,Edwards Lifesciences Corporatio,Healthcare,50768.0,88.17,4.781341683932944,49.47701149425287,25.94086,30.86520615544445,7.509,26.2,12.0,79,,"eps,tsr",27.1,0.0,27.1,
ZBRA,Zebra Technologies Corporation,Technology,17667.0,370.89,5.143159163318777,34.721235734331145,11.395804,17.79143707037359,2.503,26.1,12.0,,,"eps,tsr,roic,roe",27.1,0.0,27.1,
MCB,Metropolitan Bank Holding Corp.,Financial Services,1100.0,88.73,1.1362254427443228,10.99625,7.86503,24.16528987933471,1.711,17.1,15.0,,,"eps,tsr,other_per_share",22.1,5.0,27.1,P/E 11.0
PRI,"Primerica, Inc.",Financial Services,8574.0,274.96,3.3985379202316017,11.038091419406577,10.638727,7.496845361542997,2.918,26.1,-2.0,50,,"eps,tsr",16.1,11.0,27.1,P/E 11.0; EV/EBITDA 7.5
DOCS,"Doximity, Inc.",Healthcare,5031.0,26.9,5.1373315916095,29.955056179775276,12.817461,19.33087871056658,4.657,18.0,8.0,50,ebitda_dollar_target,tsr,27.0,0.0,27.0,
WCN,"Waste Connections, Inc.",Industrials,38998.0,154.725,4.923287839067174,37.45410628019323,24.886614,15.712992215866308,5.041,30.0,12.0,50,,"fcf_per_share,tsr,roic",27.0,0.0,27.0,
DOW,Dow Inc.,Basic Materials,20876.0,28.9,0.8547185779561087,-15.880268040095256,14.615182,16.365684636640555,1.009,15.0,15.0,65,,tsr,21.0,6.0,27.0,P/B 0.85
EWBC,"East West Bancorp, Inc.",Financial Services,17269.0,126.0535,1.8677256024786693,11.934761904761904,,8.260053664631982,,12.0,8.0,,,"eps,tsr,roe",16.0,11.0,27.0,P/E 11.9; EV/EBITDA 8.3
FLS,Flowserve Corporation,Industrials,9950.0,77.62,4.4033371963859285,26.814236111111107,17.707592,15.73435572153268,2.495,30.0,12.0,55,,"eps,tsr,roic",27.0,0.0,27.0,
IBM,International Business Machines,Technology,222447.0,236.11,6.456729923226518,20.400873362445417,18.514898,17.092609030269404,4.241,18.0,0.0,,fcf_dollar_target,"eps,tsr,roic",27.0,0.0,27.0,
OXM,"Oxford Industries, Inc.",Consumer Cyclical,397.0,26.571,0.7028284532911939,-55.765957446808486,12.052543,15.926896426004802,0.763,18.0,12.0,,,"eps,tsr,other_per_share",21.0,6.0,27.0,P/B 0.70
REGN,"Regeneron Pharmaceuticals, Inc.",Healthcare,81901.0,794.99,2.582746043328813,19.1676217765043,11.343654,14.284504354782609,3.754,26.0,12.0,60,,"eps,tsr",27.0,0.0,27.0,
PACB,Pacific Biosciences of Californ,Healthcare,437.0,1.4066,,-3.267441860465116,-3.5282257,-9.929338455050514,5.407,18.0,8.0,,revenue_dollar_target,tsr,27.0,0.0,27.0,
SYY,Sysco Corporation,Consumer Defensive,37236.0,77.87,16.210758172834133,21.040871934604905,15.89321,13.072594417754567,0.612,24.0,18.0,50,,"eps,tsr,roic",27.0,0.0,27.0,
SKIL,Skillsoft Corp.,Consumer Defensive,53.0,5.9,13.26690596790371,-0.3194819212088505,1.6185346,8.80752066102113,1.052,6.0,4.0,50,restructuring_milestone,"eps,tsr",21.0,6.0,27.0,EV/EBITDA 8.8
TVRD,"Tvardi Therapeutics, Inc.",Healthcare,15.0,1.555,1.7403948938200906,-0.45161290322580644,-0.9109361,0.12370532028741782,,2.0,0.0,,merger_acquisition_close,tsr,15.0,12.0,27.0,EV/EBITDA 0.1
NWL,Newell Brands Inc.,Consumer Defensive,2448.0,5.7606,0.9987102909016727,-10.762968572510411,7.383175,19.414168399497488,1.055,15.8,-2.0,89,,"eps,tsr,roe",20.9,6.0,26.9,P/B 1.00
AVD,American Vanguard Corporation,Basic Materials,58.0,2.045,0.3225096947410785,-1.077127659574468,6.7948723,-27.103857935425197,0.551,11.7,14.0,,,tsr,14.8,12.0,26.9,P/B 0.32
FUNC,First,Financial Services,281.0,43.49,1.3216181265126616,11.136950904392764,9.049948,8.303575041060203,2.679,15.8,4.0,,,"eps,tsr,other_per_share",15.9,11.0,26.9,P/E 11.1; EV/EBITDA 8.3
TRST,TrustCo Bank Corp NY,Financial Services,952.0,55.885,1.4506047630444094,15.447222222222223,18.202091,21.54561806084825,1.546,19.8,-2.0,60,spin_separation,"eps,tsr",26.9,0.0,26.9,
PRGO,Perrigo Company plc,Healthcare,1948.0,14.075,0.77411811868988,-1.10308816709047,4.339543,-3.9263761107029147,1.17,19.5,-2.0,87,,"eps,tsr",20.8,6.0,26.8,P/B 0.77
COUR,"Coursera, Inc.",Consumer Defensive,941.0,5.125,0.8063717866323907,-7.238135355237293,10.120117,-0.6231797194076384,0.156,30.6,7.0,50,,tsr,20.8,6.0,26.8,P/B 0.81
AHCO,AdaptHealth Corp.,Healthcare,784.0,5.765,0.5690030149455989,-3.3988095238095237,,9.642128223164718,,13.5,12.0,50,,tsr,14.8,12.0,26.8,P/B 0.57; EV/EBITDA 9.6
CRCT,"Cricut, Inc.",Technology,1227.0,5.845,3.332122564103957,14.003781611912078,23.473684,7.04889569108625,0.98,16.5,11.0,,,tsr,15.8,11.0,26.8,P/E 14.0; EV/EBITDA 7.0
GPOR,Gulfport Energy Corp,Energy,2915.0,162.21,1.5951897832508972,6.361111111111112,,4.041845021108874,,1.5,4.0,,,tsr,4.8,22.0,26.8,P/E 6.4; EV/EBITDA 4.0
INN,"Summit Hotel Properties, Inc.",Real Estate,612.0,5.65,0.7298894013438776,-24.499564838990427,-18.942858,6.237336014239151,3.388,13.5,12.0,40,,tsr,14.8,12.0,26.8,P/B 0.73; EV/EBITDA 6.2
SACH,Sachem Capital Corp.,Real Estate,44.0,0.91,0.2748226547936924,-3.492003046458492,14.153847,59.20753317360855,22.52,13.5,0.0,,,"eps,tsr,roic,roe",14.8,12.0,26.8,P/B 0.27
WTFCN,Wintrust Financial Corporation,Financial Services,1766.0,26.1756,,,,,,22.5,15.0,60,,"eps,tsr",26.8,0.0,26.8,
HCXY,Hercules Capital Inc,Financial Services,3073.0,25.0,1.351269549713542,8.145933014354068,,12.541469494600946,,14.4,3.0,,,"eps,tsr,roe,cfroi",16.7,10.0,26.7,P/E 8.1
HTGC,"Hercules Capital, Inc.",Financial Services,3185.0,17.015,1.4002345569904104,8.145933014354068,,12.541469494600946,,14.4,3.0,,,"eps,tsr,roe,cfroi",16.7,10.0,26.7,P/E 8.1
PK,Park Hotels & Resorts Inc.,Real Estate,3052.0,15.1568,0.9877026087378641,-18.249603513480544,28.862745,18.130649192612136,2.679,14.4,15.0,75,,tsr,20.7,6.0,26.7,P/B 0.99
OPCH,"Option Care Health, Inc.",Healthcare,3577.0,23.88,2.8390170204254632,17.518345864661654,10.728714,11.004417918929006,0.801,20.2,17.0,66,,"eps,tsr",26.6,0.0,26.6,
ABBV,AbbVie Inc.,Healthcare,469030.0,265.47,,74.71474855613467,13.324904,25.08145492781126,7.101,26.2,15.0,,,"eps,tsr,roic",26.6,0.0,26.6,
BHR,Braemar Hotels & Resorts Inc.,Real Estate,120.0,1.75,0.26059453827974244,-8.438409311348206,,4.643126583632699,,1.2,0.0,,,tsr,2.6,24.0,26.6,P/B 0.26; EV/EBITDA 4.6
CB,Chubb Limited,Financial Services,130175.0,337.415,1.7270963620442605,11.763879128601548,11.055314,11.847378393897136,2.446,11.2,16.0,,,"eps,tsr,roe,other_per_share",21.6,5.0,26.6,P/E 11.8
CURB,Curbline Properties Corp.,Real Estate,3274.0,28.46,1.5647272408364503,102.35763511062748,87.82353,25.133343215416048,17.05,17.2,12.0,50,spin_separation,tsr,26.6,0.0,26.6,
GATX,GATX Corporation,Industrials,6531.0,183.95,2.3454720349087776,18.12241887905605,15.862584,17.47233466443914,10.021,29.2,12.0,,,"eps,tsr,roe",26.6,0.0,26.6,
HLLY,Holley Inc.,Consumer Cyclical,302.0,2.505,0.6704491704058808,28.69515011547344,6.3589745,8.923405378743395,1.397,14.2,11.0,,,tsr,14.6,12.0,26.6,P/B 0.67; EV/EBITDA 8.9
HSY,The Hershey Company,Consumer Defensive,34065.0,167.965,7.465971894649867,22.932249322493227,17.370174,14.920459064147192,3.321,26.2,11.0,65,,"eps,tsr",26.6,0.0,26.6,
LTC,"LTC Properties, Inc.",Real Estate,2176.0,42.525,1.7157235597009513,15.00709219858156,22.109423,13.37948314410721,6.9,29.2,12.0,50,,"tsr,roic,roe",26.6,0.0,26.6,
IMXI,"International Money Express, In",Technology,348.0,11.56,2.0518568445886167,18.306490192951685,8.068651,5.821804930826534,0.887,10.3,7.0,50,,"eps,tsr,roe",14.7,12.0,26.6,EV/EBITDA 5.8
RMD,ResMed Inc.,Healthcare,32237.0,222.24,4.965769059372502,21.166188697318006,15.563558,14.722216773478142,4.793,25.2,12.0,50,,"eps,tsr,roic,cfroi",26.6,0.0,26.6,
RRBI,"Red River Bancshares, Inc.",Financial Services,664.0,100.905,1.7278039843869863,14.42406876790831,11.787617,7.697170251249671,2.982,15.3,8.0,,,"eps,tsr",15.7,11.0,26.6,P/E 14.4; EV/EBITDA 7.7
TROW,"T. Rowe Price Group, Inc.",Financial Services,22462.0,104.8303,2.041506374914792,10.483967935871743,11.130343,6.888420379546653,2.82,8.1,15.0,,,"eps,tsr",15.6,11.0,26.6,P/E 10.5; EV/EBITDA 6.9
VTRS,Viatris Inc.,Healthcare,19994.0,17.1691,1.4020869661440072,-47.50805555555556,5.7679605,12.37391753862466,2.068,26.1,15.0,68,,tsr,26.6,0.0,26.6,
WWW,"Wolverine World Wide, Inc.",Consumer Cyclical,1596.0,19.47,3.5537301090828137,14.74230769230769,10.016334,11.167077776915903,1.107,17.1,18.0,40,,"eps,tsr",21.6,5.0,26.6,P/E 14.7
INFU,"InfuSystems Holdings, Inc.",Healthcare,261.0,12.92,4.408540966422074,30.13323816321675,21.409092,12.207948380877262,1.489,33.0,12.0,50,,"tsr,roic",26.5,0.0,26.5,
ARRY,"Array Technologies, Inc.",Energy,611.0,3.973,,-3.979969340827797,8.844373,250.22898294908742,1.888,21.0,0.0,50,ebitda_dollar_target,"eps,tsr",26.5,0.0,26.5,
ATEN,"A10 Networks, Inc.",Technology,1929.0,26.79,8.1054903137423,44.483333333333334,28.186441,30.739305217519266,7.52,30.0,19.0,50,,tsr,26.5,0.0,26.5,
BKV,BKV Corporation,Energy,2562.0,23.42,1.1152457708687855,8.489130434782608,11.269378,6.028660087189384,3.756,9.0,4.0,,,"tsr,roce",10.5,16.0,26.5,P/E 8.5; EV/EBITDA 6.0
COP,ConocoPhillips,Energy,156587.0,128.53,2.3961702355047514,16.939285714285717,11.7167015,6.21185810400547,2.496,9.0,20.0,,,"eps,tsr,roce",20.5,6.0,26.5,EV/EBITDA 6.2
CULP,"Culp, Inc.",Industrials,45.0,3.58,0.9026835324571884,-11.093749999999998,,-40.2012185483871,,25.0,12.0,25,,tsr,20.5,6.0,26.5,P/B 0.90
GHC,Graham Holdings Company,Industrials,4934.0,1143.01,1.0361696616121798,9.140954291640076,17.084478,6.577447753946464,1.054,9.0,4.0,,,"eps,tsr",10.5,16.0,26.5,P/E 9.1; EV/EBITDA 6.6
GPN,Global Payments Inc.,Financial Services,21161.0,85.24,0.9156458279272893,-21.612820512820516,4.132788,12.382115612118625,4.167,21.0,12.0,25,,"eps,tsr",20.5,6.0,26.5,P/B 0.92
LAZ,"Lazard, Inc.",Financial Services,3567.0,36.608,3.901839719787161,16.241147153973944,10.094266,11.608606954805014,1.784,33.0,12.0,,,"eps,tsr",26.5,0.0,26.5,
WLY,"John Wiley & Sons, Inc.",Communication Services,2467.0,47.015,3.288983088769626,12.6710875331565,9.156863,16.26331152533903,1.837,24.0,11.0,43,,"eps,tsr",21.5,5.0,26.5,P/E 12.7
NOW,"ServiceNow, Inc.",Technology,144622.0,139.885,11.554952530361138,87.38509316770187,18.907074,43.41246102034967,6.824,36.0,1.0,10,,"eps,tsr,roic,roe",26.5,0.0,26.5,
PHGE,BiomX Inc.,Industrials,6.0,0.5199,-0.041595332,,-0.08650582,-1.08,,17.0,8.0,,spin_separation,"eps,roe",26.5,0.0,26.5,
REX,REX American Resources Corporat,Basic Materials,1437.0,43.635,2.1335993459230043,12.013698630136986,19.312775,9.01245665167011,1.819,11.0,0.0,,,"eps,tsr,roic,roce,other_per_share",15.5,11.0,26.5,P/E 12.0; EV/EBITDA 9.0
WLYB,"John Wiley & Sons, Inc.",Communication Services,2483.0,47.33,3.3110192406413548,12.6710875331565,,16.26331152533903,1.795,24.0,11.0,43,,"eps,tsr",21.5,5.0,26.5,P/E 12.7
ALLO,"Allogene Therapeutics, Inc.",Healthcare,576.0,1.6696,1.3211916959935806,-2.5149253731343286,-2.9232073,-3.998410926661684,,28.8,12.0,55,,"eps,tsr,other_per_share",26.4,0.0,26.4,
APG,APi Group Corporation,Industrials,16394.0,37.935,4.662685115756542,-56.52238805970149,21.87439,21.671432371780515,2.551,12.8,4.0,60,ebitda_dollar_target,tsr,26.4,0.0,26.4,
EFSC,Enterprise Financial Services C,Financial Services,2175.0,60.0864,1.065576929371447,11.849171597633134,10.534261,9.075071938361718,3.058,18.8,0.0,50,,"eps,tsr,other_per_share",15.4,11.0,26.4,P/E 11.8; EV/EBITDA 9.1
EFSCP,Enterprise Financial Services Corp,Financial Services,2079.0,16.8,1.018779630604171,11.849171597633134,,9.075071938361718,,18.8,0.0,50,,"eps,tsr,other_per_share",15.4,11.0,26.4,P/E 11.8; EV/EBITDA 9.1
FUL,H. B. Fuller Company,Basic Materials,2717.0,50.52,1.3048676971126512,15.21700879765396,12.605508,9.151658916773139,1.636,30.8,-2.0,50,,"eps,tsr,roic",20.4,6.0,26.4,EV/EBITDA 9.2
JXN,Jackson Financial Inc.,Financial Services,9049.0,129.75,0.9083685749849428,163.10000000000005,4.1242566,14.596236097256858,1.34,24.8,4.0,40,,"eps,tsr,roe",20.4,6.0,26.4,P/B 0.91
MAC,Macerich Company (The),Real Estate,6793.0,22.83,2.402831542396394,-34.91538461538461,787.6666,28.36735556415957,10.803,28.8,12.0,65,,tsr,26.4,0.0,26.4,
TDY,Teledyne Technologies Incorpora,Technology,28816.0,621.66,2.639234940513807,30.014203177660086,23.778822,19.205388643811443,4.925,9.9,15.0,,spin_separation,"eps,tsr",26.4,0.0,26.4,
ETD,Ethan Allen Interiors Inc.,Consumer Cyclical,540.0,21.205,1.1387879525903915,13.535256410256409,14.599999,8.824584555914043,0.933,6.6,12.0,,,"eps,tsr,roe",15.3,11.0,26.3,P/E 13.5; EV/EBITDA 8.8
HPK,"HighPeak Energy, Inc.",Energy,1002.0,7.93,0.6459932990744162,-9.955696202531644,-25.642857,4.846015991223112,2.478,12.6,0.0,,,tsr,8.3,18.0,26.3,P/B 0.65; EV/EBITDA 4.8
BILL,"BILL Holdings, Inc.",Technology,4621.0,46.4,1.2152534636255221,-401.3937282229965,9.725225,43.36579797546402,1.841,29.4,15.0,50,,"eps,tsr",26.2,0.0,26.2,
ACA,"Arcosa, Inc.",Basic Materials,7205.0,146.72,2.415094363959374,14.662,26.716492,13.529812266732609,2.784,16.5,18.0,,,"eps,tsr",21.2,5.0,26.2,P/E 14.7
RIGL,"Rigel Pharmaceuticals, Inc.",Healthcare,874.0,47.2466,2.054809854685465,2.6942161856253533,7.1817636,9.248538477081784,1.694,14.4,-6.0,,,"eps,tsr,roe",10.2,16.0,26.2,P/E 2.7; EV/EBITDA 9.2
VRRM,Verra Mobility Corporation,Technology,520.0,3.4249,2.3265380687052257,12.64814814814815,4.3192344,5.629850314588641,1.757,5.4,9.0,40,,tsr,9.2,17.0,26.2,P/E 12.6; EV/EBITDA 5.6
FFBC,First Financial Bancorp.,Financial Services,3288.0,31.325,1.1006638304311467,10.908989547038328,9.223434,8.410742180730978,3.47,2.2,12.0,,,"eps,tsr,roe,other_per_share",15.1,11.0,26.1,P/E 10.9; EV/EBITDA 8.4
FR,"First Industrial Realty Trust, ",Real Estate,8184.0,61.73,2.947833612318727,22.236363636363638,33.222057,15.515368488234342,14.538,20.2,12.0,86,,tsr,26.1,0.0,26.1,
MRK,"Merck & Company, Inc.",Healthcare,364867.0,147.73,8.70117827486705,117.37301587301586,11.906181,29.811748844264667,4.937,24.3,12.0,60,,"eps,tsr",26.1,0.0,26.1,
YEXT,"Yext, Inc.",Technology,646.0,6.445,4.163760910473539,27.36774744027304,5.7575755,10.819111523648555,1.154,27.0,-3.0,,ebitda_dollar_target,tsr,26.0,0.0,26.0,
AOMN,"Angel Oak Mortgage REIT, Inc. 9",Real Estate,632.0,25.37,2.6912626487556683,32.12683544303797,,7.797519993688577,,24.0,4.0,75,,tsr,20.0,6.0,26.0,EV/EBITDA 7.8
AQMS,"Aqua Metals, Inc.",Industrials,9.0,2.45,0.913909129066107,-0.3302990897269181,-2.0562499,-0.30954654917260865,,12.0,0.0,,spin_separation,"tsr,roe",20.0,6.0,26.0,P/B 0.91
BNL,"Broadstone Net Lease, Inc.",Real Estate,3613.0,18.84,1.2540361450508728,24.888157894736842,25.265484,14.832709796845638,14.325,21.0,15.0,60,,"eps,tsr",26.0,0.0,26.0,
CENT,Central Garden & Pet Company,Consumer Defensive,2483.0,39.68,1.422266792119931,14.633333333333335,13.99508,7.331386923915067,1.097,15.0,-1.0,65,,"eps,tsr",15.0,11.0,26.0,P/E 14.6; EV/EBITDA 7.3
CENTA,Central Garden & Pet Company,Consumer Defensive,2460.0,34.2943,1.4090672057147113,14.633333333333335,12.2448845,7.331386923915067,0.99,15.0,-1.0,65,,"eps,tsr",15.0,11.0,26.0,P/E 14.6; EV/EBITDA 7.3
MYSZ,"My Size, Inc.",Technology,1.0,1.655,0.4246949296974862,-0.11007957559681696,-0.17037037,-0.23970350588879757,0.276,16.0,0.0,,,"eps,tsr,other_per_share",14.0,12.0,26.0,P/B 0.42
NWN,Northwest Natural Holding Compa,Utilities,1982.0,47.105,1.2712137485209662,15.468459354501844,15.192133,9.62197011900615,3.664,26.0,-2.0,,,"eps,tsr,roic,roe",20.0,6.0,26.0,EV/EBITDA 9.6
NMRK,"Newmark Group, Inc.",Real Estate,2112.0,13.5146,1.4595151470746806,15.99662243667069,6.8901925,7.967738675832201,1.491,21.0,3.0,75,,"eps,tsr",20.0,6.0,26.0,EV/EBITDA 8.0
RAL,Ralliant Corporation,Technology,7800.0,70.5,5.085156037551339,-6.41025641025641,22.225554,-8.23030098308971,4.049,22.0,6.0,87,,"eps,tsr",26.0,0.0,26.0,
KMPR,Kemper Corporation,Financial Services,1522.0,25.86,0.6943121306092667,-3.0622316830976697,5.478571,-5.610198040672573,0.527,12.8,15.0,50,,"tsr,roe,other_per_share",19.9,6.0,25.9,P/B 0.69
RSG,"Republic Services, Inc.",Industrials,65680.0,213.48,5.45878579787234,30.188385269121813,25.423487,14.172619928926794,4.614,27.8,12.0,50,,"eps,tsr,roic",25.9,0.0,25.9,
CIMO,Chimera Investment Corporation,Real Estate,0.0,25.345,,,,,,27.9,12.0,50,,"tsr,roe,other_per_share",25.9,0.0,25.9,
ES,Eversource Energy (D/B/A),Utilities,24498.0,65.14,1.4992403588406662,16.813471502590673,14.049702,9.673342879959124,4.048,12.8,15.0,,,"eps,tsr,roe",19.9,6.0,25.9,EV/EBITDA 9.7
EXP,Eagle Materials Inc,Basic Materials,5542.0,180.66,3.727005818019923,14.178459119496853,15.232218,9.52583264951124,3.66,9.9,12.0,,,"tsr,roe",14.9,11.0,25.9,P/E 14.2; EV/EBITDA 9.5
ITT,ITT Inc.,Industrials,18988.0,212.38,3.9553762270596815,41.41308593750001,21.236647,24.768715630796738,4.948,33.8,-2.0,60,,"eps,tsr,roic",25.9,0.0,25.9,
KMPB,Kemper Corporation 5.875% Fixed,Financial Services,1728.0,24.7625,0.7878951290587377,-3.0622316830976697,,-5.610198040672573,,12.8,15.0,50,,"tsr,roe,other_per_share",19.9,6.0,25.9,P/B 0.79
KOS,Kosmos Energy Ltd.,Energy,1301.0,2.68,1.8449822881924594,-2.2436974789915967,13.738574,18.978212027002158,3.147,27.8,12.0,,,"tsr,roce,roe",25.9,0.0,25.9,
SO,Southern Company (The),Utilities,96160.0,83.5916,2.4301347732120293,19.98561151079137,18.932121,11.994011476912231,6.056,20.7,15.0,,,"eps,tsr,roe,other_per_share",25.9,0.0,25.9,
SOJF,Southern Company 6.5 % Notes 2025-15.03.85,Utilities,531.0,23.474,,,,,,20.7,15.0,,,"eps,tsr,roe,other_per_share",25.9,0.0,25.9,
SOMN,The Southern Company,Utilities,98690.0,45.055,2.4940609578721253,19.98561151079137,,11.994011476912231,,20.7,15.0,,,"eps,tsr,roe,other_per_share",25.9,0.0,25.9,
UZF,"Array Digital Infrastructure, Inc. 5.500% Senior Notes due 2070",Communication Services,3020.0,16.37,2.3860889965642906,3.89400665926748,,4.271538114178729,,0.9,3.0,50,,tsr,4.0,22.0,25.9,P/E 3.9; EV/EBITDA 4.3
AD,"Array Digital Infrastructure, I",Communication Services,3017.0,34.985,2.383881577075886,3.89400665926748,42.703297,4.271538114178729,22.946,0.9,3.0,50,,tsr,4.0,22.0,25.9,P/E 3.9; EV/EBITDA 4.3
SYBT,"Stock Yards Bancorp, Inc.",Financial Services,2290.0,77.5732,1.9232756608143218,15.32738095238095,13.176089,12.92691745794799,4.886,19.8,12.0,75,,"eps,tsr,other_per_share",25.9,0.0,25.9,
UZD,"Array Digital Infrastructure, Inc. 6.250% Senior Notes due 2069",Communication Services,2993.0,18.3173,2.36505194258225,3.89400665926748,,4.271538114178729,,0.9,3.0,50,,tsr,4.0,22.0,25.9,P/E 3.9; EV/EBITDA 4.3
SCL,Stepan Company,Basic Materials,1466.0,64.565,1.2099245531935257,-541.6666666666663,13.777778,12.948336933018282,0.767,27.9,12.0,,,"eps,tsr,roic",25.9,0.0,25.9,
SOJE,Southern Company (The) Series 2,Utilities,105864.0,16.11,2.675351576472075,19.98561151079137,,11.994011476912231,,20.7,15.0,,,"eps,tsr,roe,other_per_share",25.9,0.0,25.9,
STLD,"Steel Dynamics, Inc.",Basic Materials,33923.0,236.68,3.6013353952192104,21.150361336946702,14.000528,12.52813714646406,2.086,27.9,12.0,,,"tsr,roic,roe",25.9,0.0,25.9,
UZE,"Array Digital Infrastructure, Inc. 5.500% Senior Notes due 2070",Communication Services,2983.0,16.3,2.356897230571807,3.89400665926748,,4.271538114178729,,0.9,3.0,50,,tsr,4.0,22.0,25.9,P/E 3.9; EV/EBITDA 4.3
FNLC,"First Bancorp, Inc (ME)",Financial Services,385.0,34.16,1.3147915346805024,9.915835777126102,,13.128606637927037,5.047,19.5,0.0,,,"eps,tsr,roe",15.8,10.0,25.8,P/E 9.9
NWBI,"Northwest Bancshares, Inc.",Financial Services,2224.0,15.195,1.1541386873659794,14.351543942992876,10.038128,21.12211134493255,3.906,21.6,12.0,50,,"eps,tsr",20.8,5.0,25.8,P/E 14.4
PEBK,Peoples Bancorp of North Caroli,Financial Services,235.0,43.085,1.4584712747692747,13.953725490196081,,7.633892743486624,2.037,12.6,9.0,,,"eps,tsr",14.8,11.0,25.8,P/E 14.0; EV/EBITDA 7.6
ORI,Old Republic International Corp,Financial Services,9443.0,38.77,1.554898659596891,8.21688034188034,11.607012,7.450805175514554,1.035,3.6,4.0,,,"tsr,roe,other_per_share",9.8,16.0,25.8,P/E 8.2; EV/EBITDA 7.5
WDC,Western Digital Corporation,Technology,160984.0,467.05,16.630550423553718,17.40832106038292,41.333405,18.721432943747843,21.712,17.4,18.0,60,,"eps,tsr",25.7,0.0,25.7,
ORN,"Orion Group Holdings, Inc.",Industrials,363.0,8.97,2.208739925938087,95.37234042553193,22.696758,13.022933469439836,0.873,23.4,12.0,75,,"tsr,roic",25.7,0.0,25.7,
PNC,"PNC Financial Services Group, I",Financial Services,90110.0,225.84,1.4077952755905512,12.38998899889989,11.036233,14.978405485620716,6.669,14.4,3.0,60,,"eps,tsr,roe,other_per_share",20.7,5.0,25.7,P/E 12.4
CAVA,"CAVA Group, Inc.",Consumer Cyclical,6142.0,52.73,7.3004178426580575,92.12089447938504,117.95516,37.62448744914002,8.151,35.1,4.0,,,"eps,tsr,roic",25.6,0.0,25.6,
CNO,"CNO Financial Group, Inc.",Financial Services,5041.0,54.0,1.9450605803364718,18.244107744107747,10.260396,10.192112760097919,1.692,20.2,15.0,,,"eps,tsr,roe,other_per_share",25.6,0.0,25.6,
EGP,"EastGroup Properties, Inc.",Real Estate,10964.0,203.89,3.066812159737286,35.495619964973734,36.263237,22.41982881097563,16.778,23.2,12.0,75,,"eps,tsr",25.6,0.0,25.6,
HMN,Horace Mann Educators Corporati,Financial Services,1900.0,47.06,1.2644473710825737,10.768375870069605,9.595276,8.633313828652684,1.437,5.2,12.0,,,"tsr,roe,other_per_share",14.6,11.0,25.6,P/E 10.8; EV/EBITDA 8.6
IIIN,"Insteel Industries, Inc.",Industrials,577.0,29.82,1.5542889768443726,15.84224598930481,12.593074,9.057288103936957,0.802,20.2,11.0,,,"tsr,roic",19.6,6.0,25.6,EV/EBITDA 9.1
LOPE,"Grand Canyon Education, Inc.",Consumer Defensive,3957.0,151.8058,5.9100382429511775,18.15685096153846,12.683491,11.743031118141856,3.167,24.3,15.0,,,"eps,tsr,roe",25.6,0.0,25.6,
RL,Ralph Lauren Corporation,Consumer Cyclical,20905.0,342.71,7.237655993283479,21.20758234928527,20.267715,14.778954289768887,3.146,25.2,18.0,50,,"tsr,roic",25.6,0.0,25.6,
SHO,"Sunstone Hotel Investors, Inc. ",Real Estate,2065.0,11.085,1.0979739851507786,44.58637469586374,61.076923,12.216352682157378,3.394,24.3,15.0,79,,tsr,25.6,0.0,25.6,
DT,"Dynatrace, Inc.",Technology,17175.0,58.925,6.247622409905281,116.26352015732547,18.31398,53.33036447565072,5.482,32.0,15.0,50,,tsr,25.5,0.0,25.5,
ATR,"AptarGroup, Inc.",Healthcare,7983.0,125.08,3.0371975746235296,22.387500000000003,19.182144,11.211918304063184,2.306,24.0,15.0,,,"eps,tsr,roic",25.5,0.0,25.5,
CDNS,"Cadence Design Systems, Inc.",Technology,84905.0,308.3036,12.380447855288809,61.100790513833985,41.277573,39.46185754040213,19.604,27.0,12.0,50,,"eps,tsr,roe",25.5,0.0,25.5,
ESE,ESCO Technologies Inc.,Technology,6857.0,264.67001,4.239794771657283,22.04365733113674,37.58477,24.903414370424546,7.227,24.0,15.0,30,,"eps,tsr,roic",25.5,0.0,25.5,
FND,"Floor & Decor Holdings, Inc.",Consumer Cyclical,5224.0,49.06,2.0932144010474887,22.062790697674416,24.445786,12.027210049684877,1.592,24.0,7.0,50,,"eps,tsr,roic,roce,roe",25.5,0.0,25.5,
FUSB,"First US Bancshares, Inc.",Financial Services,93.0,16.74,0.8936673538859855,12.2,,9.742397578203835,0.47,9.0,0.0,,,"eps,tsr",8.5,17.0,25.5,P/B 0.89; P/E 12.2; EV/EBITDA 9.7
HGV,Hilton Grand Vacations Inc.,Real Estate,2838.0,36.145,2.5752624038112524,16.60232558139535,8.948633,8.031349614551083,2.476,9.0,-2.0,,merger_acquisition_close,"eps,tsr",19.5,6.0,25.5,EV/EBITDA 8.0
RGEN,Repligen Corporation,Healthcare,10307.0,182.63,4.8800556184754775,246.10986486486485,51.859386,86.17176754303162,9.629,27.0,12.0,50,,"eps,tsr,roic",25.5,0.0,25.5,
NVCR,NovoCure Limited,Healthcare,1896.0,16.285,5.608889012458148,-12.446153846153845,-12.190228,-15.118554039374414,2.16,30.0,1.0,,,"eps,tsr,roic,roce,roe",25.5,0.0,25.5,
OUT,OUTFRONT Media Inc.,Real Estate,4954.0,28.14,7.146151984710803,19.809859154929576,22.426975,16.828598877342735,5.139,30.0,1.0,,,"eps,tsr,roic,roce,roe",25.5,0.0,25.5,
SITC,SITE Centers Corp.,Real Estate,157.0,2.995,0.5568015475148711,1.2259516987310684,-6.4459457,-0.43961404214336364,0.61,6.8,8.0,,,tsr,9.4,16.0,25.4,P/B 0.56; P/E 1.2
BKD,Brookdale Senior Living Inc.,Healthcare,2680.0,11.225,,-19.381585766108138,124.090904,4.071789877317988,2.834,10.8,12.0,,,tsr,13.4,12.0,25.4,EV/EBITDA 4.1
CHEF,"The Chefs' Warehouse, Inc.",Consumer Defensive,4432.0,108.6377,6.837015320061398,45.64920168067227,36.507526,12.792458066245826,1.115,30.8,12.0,50,,"tsr,roic",25.4,0.0,25.4,
KYMR,"Kymera Therapeutics, Inc.",Healthcare,9566.0,116.29,6.33804663291052,-35.52,-20.809362,-32.38539976909335,133.423,27.9,15.0,,,"tsr,roic",25.4,0.0,25.4,
WEN,Wendy's Company (The),Consumer Cyclical,1284.0,6.7407,10.658315364373646,10.212121212121213,10.606439,10.267921654475881,2.33,20.7,12.0,,,"eps,tsr",20.4,5.0,25.4,P/E 10.2
CAL,"Caleres, Inc.",Consumer Cyclical,423.0,12.58,0.6273497866566107,7.714285714285713,5.771588,10.38242915895023,0.484,4.5,-2.0,,,"eps,tsr,roic,roe",9.2,16.0,25.2,P/B 0.63; P/E 7.7
CMS,CMS Energy Corporation,Utilities,19787.0,63.1,2.0244228258645385,18.693786982248522,17.587421,12.440413818443805,4.804,22.5,12.0,75,,"eps,tsr",25.2,0.0,25.2,
CMSA,CMS Energy Corporation 5.6% JRSUB NT 78,Utilities,20749.0,19.24,2.122872943114385,18.693786982248522,,12.440413818443805,,22.5,12.0,75,,"eps,tsr",25.2,0.0,25.2,
EOG,"EOG Resources, Inc.",Energy,75766.0,142.25,2.3778080357142857,10.96594427244582,8.771373,5.577876268079667,3.126,4.5,4.0,,,"tsr,roce",8.2,17.0,25.2,P/E 11.0; EV/EBITDA 5.6
ESRT,"Empire State Realty Trust, Inc.",Real Estate,694.0,4.05,0.6683339412774141,151.10294117647052,,9.061134325466154,,10.5,12.0,55,,tsr,13.2,12.0,25.2,P/B 0.67; EV/EBITDA 9.1
UAA,"Under Armour, Inc.",Consumer Cyclical,1984.0,4.65,1.3889957811550322,-3.8998785354849903,25.662743,-38.26522398734429,0.849,14.4,8.0,50,revenue_dollar_target,tsr,25.2,0.0,25.2,
UA,"Under Armour, Inc.",Consumer Cyclical,1943.0,4.555,1.3540356013237087,-3.8998785354849903,15.447369,-38.26522398734429,0.832,14.4,8.0,50,revenue_dollar_target,tsr,25.2,0.0,25.2,
POOL,Pool Corporation,Industrials,6104.0,167.5004,4.844624417657806,15.305022956841137,16.530485,12.789690842798397,1.638,26.2,12.0,,,"eps,tsr,roic",25.1,0.0,25.1,
MUR,Murphy Oil Corporation,Energy,5235.0,36.52,0.9954607586136869,17.675609756097558,9.818492,-0.25457304178360457,2.535,11.2,7.0,80,,tsr,19.1,6.0,25.1,P/B 1.00
ENTG,"Entegris, Inc.",Technology,23099.0,151.4694,5.557741085607045,75.2275,38.66685,30.466086728754366,9.451,20.2,14.0,60,,"eps,tsr",25.1,0.0,25.1,
HOFT,Hooker Furnishings Corporation,Consumer Cyclical,143.0,13.27,0.839685760738943,-7.967261904761904,11.791044,-19.887503613490367,0.655,15.3,15.0,,,"eps,tsr",19.1,6.0,25.1,P/B 0.84
KRMD,"KORU Medical Systems, Inc.",Healthcare,149.0,3.24,8.244344228798056,-82.96938775510205,48.750004,-141.47058748403578,4.016,23.2,11.0,50,,"eps,tsr,roe,other_per_share",25.1,0.0,25.1,
UNMA,Unum Group 6.250% JR NT58,Financial Services,14633.0,21.675,1.3537239886211203,22.127039627039622,,15.296910091667355,,26.1,12.0,25,,"eps,tsr,other_per_share",25.1,0.0,25.1,
LZ,"LegalZoom.com, Inc.",Technology,1000.0,5.8267,7.865467630312372,60.8490566037736,6.6385036,9.610597775876817,0.995,27.0,7.0,40,,tsr,19.0,6.0,25.0,EV/EBITDA 9.6
CALM,"Cal-Maine Foods, Inc.",Consumer Defensive,3375.0,71.9341,1.249899770310588,10.817629179331307,21.56172,6.839507397995735,0.733,12.0,12.0,,,tsr,14.0,11.0,25.0,P/E 10.8; EV/EBITDA 6.8
GHM,Graham Corporation,Industrials,1011.0,86.49,7.700606953011956,82.34905660377358,49.48827,43.57984638776663,5.333,30.0,12.0,50,,"tsr,roic",25.0,0.0,25.0,
LION,Lionsgate Studios Corp,Technology,3287.0,11.05,,-27.23170731707317,,5.693791828638106,,18.0,4.0,,,tsr,13.0,12.0,25.0,EV/EBITDA 5.7
PLX,"Protalix BioTherapeutics, Inc. ",Healthcare,225.0,2.795,3.1538532715254046,11.556016597510373,3.580645,7.875232621846822,1.784,16.0,0.0,,,"eps,tsr,roe",14.0,11.0,25.0,P/E 11.6; EV/EBITDA 7.9
QNBC,QNB Corp.,Financial Services,184.0,45.53,1.0040678204387676,13.382352941176471,,7.655210185457756,4.779,16.0,4.0,,,"eps,tsr",14.0,11.0,25.0,P/E 13.4; EV/EBITDA 7.7
SEDG,"SolarEdge Technologies, Inc.",Energy,2100.0,34.53,5.096163449288375,-7.376962305986696,37.060207,-11.95805991908559,2.66,30.0,12.0,50,,"eps,tsr",25.0,0.0,25.0,
TBCH,Turtle Beach Corporation,Technology,254.0,12.79,3.144955721294415,-69.21409214092137,12.078948,14.819583455033685,1.07,23.0,15.0,70,,tsr,25.0,0.0,25.0,
VCYT,"Veracyte, Inc.",Healthcare,3469.0,43.47,2.4982547012646905,29.982638888888886,28.211468,24.94450060105416,7.161,30.0,4.0,75,,"tsr,roe",25.0,0.0,25.0,
WFRD,Weatherford International plc,Energy,6128.0,85.48,3.425193777529346,16.573921568627455,12.189898,7.585520375,1.478,24.0,-2.0,40,,"eps,tsr,roic,other_per_share",19.0,6.0,25.0,EV/EBITDA 7.6
OPLN,"OPENLANE, Inc.",Consumer Cyclical,3642.0,34.375,2.3179058999490834,100.7794117647059,23.125143,9.637568562514998,3.218,20.0,-2.0,85,,tsr,19.0,6.0,25.0,EV/EBITDA 9.6
UUUU,Energy Fuels Inc,Energy,2910.0,11.645,3.671989224926505,-34.83582089552238,3312.0,-41.57063593051641,46.059,30.0,12.0,50,,"eps,tsr",25.0,0.0,25.0,
WK,Workiva Inc.,Technology,3842.0,70.61,,85.27710843373494,13.524046,60.38886378293463,2.797,26.0,12.0,,,"eps,tsr,cfroi",25.0,0.0,25.0,
MED,MEDIFAST INC,Consumer Cyclical,135.0,12.13,0.6868159356747481,-5.154506437768241,-18.4,-24.930321198543826,-0.115,21.8,4.0,50,,"eps,tsr,roic",18.9,6.0,24.9,P/B 0.69
PRMB,Primo Brands Corporation,Consumer Defensive,7170.0,19.76,2.405973688007516,71.60986221899927,16.41873,10.327646055023132,2.131,12.8,1.0,66,merger_acquisition_close,tsr,24.9,0.0,24.9,
BBT,Beacon Financial Corporation,Financial Services,2365.0,28.15,0.931332213295871,21.333333333333336,8.640545,17.78658388964597,4.035,18.8,15.0,,,tsr,18.9,6.0,24.9,P/B 0.93
CRMD,CorMedix Inc.,Healthcare,608.0,7.748,1.3190141569722655,3.1701244813278007,24.77143,1.9765452554595844,1.624,1.8,0.0,,,tsr,2.9,22.0,24.9,P/E 3.2; EV/EBITDA 2.0
CVI,CVR Energy Inc.,Energy,5114.0,50.87,9.740936325714285,74.65217391304348,16.759333,8.411007951547779,0.566,21.8,8.0,,,"tsr,roce",18.9,6.0,24.9,EV/EBITDA 8.4
HQY,"HealthEquity, Inc.",Healthcare,7626.0,91.2151,3.5734237122696726,32.45892857142857,15.518544,17.622579809236562,5.865,10.8,11.0,,ebitda_dollar_target,tsr,24.9,0.0,24.9,
NECB,"NorthEast Community Bancorp, In",Financial Services,368.0,26.67,1.0162416925928377,8.195652173913043,7.1104975,9.035041494320794,2.56,9.9,8.0,,,,8.9,16.0,24.9,P/E 8.2; EV/EBITDA 9.0
STEL,"Stellar Bancorp, Inc.",Financial Services,1957.0,38.43,1.1731486,18.65534,16.370607,,3.799,14.8,15.0,,,"eps,tsr,roe,other_per_share,cfroi",24.9,0.0,24.9,
MRTN,"Marten Transport, Ltd.",Industrials,1078.0,13.2101,1.4071202383408055,84.86726804123711,35.851067,8.5390995878758,1.511,9.9,8.0,,spin_separation,,18.9,6.0,24.9,EV/EBITDA 8.5
PEBO,Peoples Bancorp Inc.,Financial Services,1394.0,38.775,1.126982743938584,11.5374251497006,9.750492,14.67106677660494,4.272,19.8,12.0,,,"eps,tsr",19.9,5.0,24.9,P/E 11.5
WGO,"Winnebago Industries, Inc.",Consumer Cyclical,780.0,27.58,0.6316073144847699,20.16176470588235,9.736401,9.326040748829953,0.426,15.6,-2.0,50,,"eps,tsr,roic",12.8,12.0,24.8,P/B 0.63; EV/EBITDA 9.3
BDC,Belden Inc,Technology,4499.0,115.14,3.2497561756348974,18.35634028892456,13.898568,12.013645467128361,2.119,25.5,4.0,50,,"eps,tsr,roic,roe,cfroi",24.8,0.0,24.8,
AVIR,"Atea Pharmaceuticals, Inc.",Healthcare,432.0,5.4009,2.1170777486064716,-2.5401923076923074,-3.1480145,-2.0110027325754523,,13.5,12.0,50,fda_phase_milestone,tsr,24.8,0.0,24.8,
CRUS,"Cirrus Logic, Inc.",Technology,6065.0,120.2144,2.883729363699212,14.27705325443787,,9.826873781972928,,21.6,-2.0,,,"eps,tsr",13.8,11.0,24.8,P/E 14.3; EV/EBITDA 9.8
FERG,Ferguson Enterprises Inc.,Industrials,43236.0,222.94,7.3606567230166835,21.214899713467048,19.01535,15.676704364653245,1.658,22.5,15.0,50,,"eps,tsr,roce",24.8,0.0,24.8,
FTI,TechnipFMC plc,Energy,28236.0,72.0,8.630061808178985,24.27303754266212,18.774704,14.196221213372269,2.584,31.5,-2.0,70,,"eps,tsr,roic",24.8,0.0,24.8,
SNA,Snap-On Incorporated,Industrials,19226.0,371.69,3.182502891761707,18.5933734939759,18.18502,12.488376443956922,3.76,21.6,12.0,60,,"eps,tsr",24.8,0.0,24.8,
NX,Quanex Building Products Corpor,Basic Materials,932.0,20.285,1.2497913726584424,20.27475845410628,8.085612,7.584726138233066,0.861,4.5,1.0,,restructuring_milestone,"eps,tsr",18.8,6.0,24.8,EV/EBITDA 7.6
WH,"Wyndham Hotels & Resorts, Inc.",Consumer Cyclical,5079.0,68.435,10.5804961125,25.168478260869563,15.676344,15.658701187878789,6.163,21.6,12.0,75,,"eps,tsr",24.8,0.0,24.8,
ALIT,"Alight, Inc.",Technology,341.0,12.935,0.332752255859375,-0.16325472920445708,1.9393525,-1.8255026825795644,0.994,14.4,7.0,,,tsr,12.7,12.0,24.7,P/B 0.33
HUBS,"HubSpot, Inc.",Technology,11602.0,226.52,7.0028594941354285,80.9469964664311,11.273994,38.464531947654756,2.296,34.2,11.0,50,,tsr,24.6,0.0,24.6,
AVO,"Mission Produce, Inc.",Consumer Defensive,1124.0,12.7299,1.4715997670157068,400.7911392405061,13.760479,23.581194970326408,0.989,29.2,8.0,75,,tsr,24.6,0.0,24.6,
AROC,"Archrock, Inc.",Energy,5402.0,30.82,3.4801526887678347,16.49462365591398,15.791452,9.60825687851342,5.845,17.2,12.0,,,"eps,tsr",18.6,6.0,24.6,EV/EBITDA 9.6
CLOV,"Clover Health Investments, Corp",Healthcare,2392.0,4.6162,6.358360899597881,-113.33333333333334,50.0,-132.46414686759434,1.099,33.3,12.0,,,tsr,24.6,0.0,24.6,
CNDT,Conduent Incorporated,Technology,252.0,1.625,0.3772938967065868,-1.0577631578947368,-7.0,10.638344086419753,0.342,20.2,1.0,50,,tsr,12.6,12.0,24.6,P/B 0.38
FSLY,"Fastly, Inc.",Technology,3890.0,24.856,3.9260166105345387,-57.830188679245275,45.36929,-1193.1658694092323,4.396,33.3,4.0,60,,tsr,24.6,0.0,24.6,
URBN,"Urban Outfitters, Inc.",Consumer Cyclical,6353.0,74.1831,2.3492655581573545,11.423861538461539,11.416194,8.631063435248306,1.161,15.3,8.0,,,tsr,13.7,11.0,24.6,P/E 11.4; EV/EBITDA 8.6
CDW,CDW Corporation,Technology,19049.0,149.1069,7.800194011711232,17.57125748502994,11.028757,13.346836029806585,0.959,18.0,15.0,60,,"eps,tsr",24.5,0.0,24.5,
BR,"Broadridge Financial Solutions,",Technology,19065.0,164.84,6.763539350078047,16.866357069143447,13.221642,11.586811349644831,2.597,18.0,19.0,,,"eps,tsr,roic",24.5,0.0,24.5,
FNRN,First Northern Community Bancor,Financial Services,283.0,17.242,1.302714189008722,12.10992957746479,,5.443474977222439,2.084,3.0,0.0,,,"tsr,roe,other_per_share",7.5,17.0,24.5,P/E 12.1; EV/EBITDA 5.4
MATX,"Matson, Inc.",Industrials,6796.0,224.555,2.45060593992283,14.785382059800662,12.62307,8.793348581774291,1.923,18.0,1.0,,,"tsr,roic",13.5,11.0,24.5,P/E 14.8; EV/EBITDA 8.8
METCB,"Ramaco Resources, Inc.",Energy,414.0,4.85,1.1006346635041095,-7.939406779661017,,-195.02342715137743,1.419,21.0,12.0,,,"eps,tsr,roce,roe",24.5,0.0,24.5,
UBER,"Uber Technologies, Inc.",Technology,141591.0,69.5575,5.183452333357739,14.978401727861767,16.219372,18.864608197553974,2.854,27.0,4.0,55,,"eps,tsr",19.5,5.0,24.5,P/E 15.0
ZETA,Zeta Global Holdings Corp.,Technology,7588.0,30.35,8.19002030551637,-3417.6136363636374,15.902265,97.44674093154178,3.231,37.0,8.0,,,tsr,24.5,0.0,24.5,
METCI,"Ramaco Resources, Inc.",Energy,0.0,25.4,,,,,,21.0,12.0,,,"eps,tsr,roce,roe",24.5,0.0,24.5,
SLDE,"Slide Insurance Holdings, Inc.",Financial Services,2723.0,23.3124,2.279143365767841,5.0560831509846835,4.7204194,2.0403618427026893,0.573,5.0,0.0,,,,2.5,22.0,24.5,P/E 5.1; EV/EBITDA 2.0
PRKS,United Parks & Resorts Inc.,Consumer Cyclical,1534.0,32.55,,13.007936507936508,9.901937,7.981700873008146,2.755,4.0,15.0,,,"eps,tsr",13.5,11.0,24.5,P/E 13.0; EV/EBITDA 8.0
RVLV,"Revolve Group, Inc.",Consumer Cyclical,1494.0,20.935,2.7756620158236434,20.32656862745098,20.340725,12.091879225835184,0.989,13.0,8.0,,ebitda_dollar_target,tsr,24.5,0.0,24.5,
VREOF,VIREO GROWTH INC.,Healthcare,454.0,11.86,1.0252578915254238,-5.99179829890644,6.263889,17.42771312075413,2.474,1.0,4.0,,"fda_phase_milestone,debt_leverage_target",tsr,24.5,0.0,24.5,
BDN,Brandywine Realty Trust,Real Estate,499.0,2.89,0.7223132865149845,-3.542682926829268,,16.163919925087026,7.203,9.8,15.0,75,,tsr,18.4,6.0,24.4,P/B 0.72
BKR,Baker Hughes Company,Energy,57476.0,57.9,2.8870718361965038,18.366305732484076,20.9895,12.21862746998104,2.092,24.8,12.0,50,,"eps,tsr,roic",24.4,0.0,24.4,
BMBL,Bumble Inc.,Communication Services,352.0,2.6995,0.6822855919295893,-0.6968911917098446,,7.141696226188265,,9.8,11.0,,,tsr,12.4,12.0,24.4,P/B 0.68; EV/EBITDA 7.1
FTRE,Fortrea Holdings Inc.,Healthcare,1917.0,20.155,3.656506104540252,-21.18279569892473,14.2206955,34.565006157635466,0.893,29.7,15.0,,,tsr,24.4,0.0,24.4,
HAFC,Hanmi Financial Corporation,Financial Services,948.0,31.86,1.1669507112270512,10.581939799331105,9.1257305,11.094783616344655,3.162,18.8,12.0,45,,"tsr,other_per_share",19.4,5.0,24.4,P/E 10.6
KIM,Kimco Realty Corporation (HC),Real Estate,15046.0,22.31,1.4656365993574074,25.02808988764045,28.152424,14.667469664900636,11.445,24.8,12.0,67,,tsr,24.4,0.0,24.4,
SANM,Sanmina Corporation,Technology,11798.0,220.125,4.6094520777276955,39.205263157894734,18.542393,18.672958595595638,1.232,30.8,-2.0,70,,"eps,tsr,roic",24.4,0.0,24.4,
SUNE,"SUNation Energy, Inc.",Industrials,8.0,2.4,0.38971413892960866,-2.3611111111111107,,-5.574620054502191,0.274,9.8,11.0,,,tsr,12.4,12.0,24.4,P/B 0.39
TCRT,"Alaunos Therapeutics, Inc.",Healthcare,3.0,1.205,4.5134754601227,-0.6000000000000001,-3.5833333,-0.6734741595584546,1617.871,0.9,0.0,,"spin_separation,merger_acquisition_close",tsr,24.4,0.0,24.4,
JTAI,Jet.AI Inc.,Technology,1.0,1.64,,0.006020376659462797,-3.515,-1.8474674783203255,-0.425,0.6,0.0,,spin_separation,"eps,other_per_share",14.3,10.0,24.3,P/E 0.0
WKHS,"Workhorse Group, Inc.",Consumer Cyclical,32.0,2.9798,4.52217233212594,-0.46923076923076923,-1.5459183,-0.9779456606481829,2.472,12.6,8.0,,merger_acquisition_close,tsr,24.3,0.0,24.3,
DKS,Dick's Sporting Goods Inc,Consumer Cyclical,11264.0,131.85,1.9673348871985052,13.971518987341769,14.279707,10.935068942718573,1.439,30.6,0.0,,,"eps,tsr",19.3,5.0,24.3,P/E 14.0
MLKN,"MillerKnoll, Inc.",Consumer Cyclical,1339.0,19.6592,1.0027316412099432,14.179503546099287,8.260325,6.923197614552152,0.738,12.6,-2.0,60,,"eps,tsr",13.3,11.0,24.3,P/E 14.2; EV/EBITDA 6.9
ROCK,"Gibraltar Industries, Inc.",Industrials,1230.0,41.475,1.3811117404170858,-138.36206896551764,8.628693,15.240972111053283,2.061,30.6,-2.0,64,,"eps,tsr,roic",24.3,0.0,24.3,
BHRB,Burke & Herbert Financial Servi,Financial Services,1396.0,69.2775,1.1600090287582363,11.054140127388537,7.430243,14.87823018228949,5.549,14.4,12.0,,,"eps,tsr,roe",19.2,5.0,24.2,P/E 11.1
LXU,"LSB Industries, Inc.",Basic Materials,757.0,10.525,1.404176556006209,20.66132264529058,10.812763,7.858732046139403,1.76,16.5,12.0,,,"eps,tsr",18.2,6.0,24.2,EV/EBITDA 7.9
HBIO,"Harvard Bioscience, Inc.",Healthcare,36.0,7.98,4.85188083041251,-3.4737747205503005,13.340909,-78.4816315228967,0.742,28.5,8.0,50,,"eps,tsr,roic",24.2,0.0,24.2,
ADBE,Adobe Inc.,Technology,95416.0,240.04,8.110838150289018,13.341782729805017,7.086649,9.579341668294589,3.136,14.4,4.0,30,,"eps,tsr",13.2,11.0,24.2,P/E 13.3; EV/EBITDA 9.6
RBB,RBB Bancorp,Financial Services,449.0,26.54,0.8398694002171244,10.811475409836065,10.2907915,11.851635774652406,4.13,13.5,1.0,50,,"eps,tsr,other_per_share",13.2,11.0,24.2,P/B 0.84; P/E 10.8
TVTX,"Travere Therapeutics, Inc.",Healthcare,5544.0,59.62,226.09234968599625,-133.51111111111112,11.35802,3926.7715071243524,9.682,14.4,-2.0,,merger_acquisition_close,"eps,tsr,roe",24.2,0.0,24.2,
SWIM,"Latham Group, Inc.",Basic Materials,771.0,6.5657,1.8736735839701335,136.80257510729612,21.510145,11.778525648039297,1.813,22.5,-6.0,50,operating_margin_target,"eps,tsr,roic",24.2,0.0,24.2,
ALRS,Alerus Financial Corporation,Financial Services,800.0,31.8455,1.3722754641657364,28.88181818181818,11.033457,22.710585656812313,3.875,29.2,7.0,40,,"eps,tsr,roe",24.1,0.0,24.1,
BIIB,Biogen Inc.,Healthcare,33127.0,224.2012,1.7575670445670628,39.92253521126761,11.7841425,24.288504294691485,3.15,25.2,7.0,60,,"eps,tsr",24.1,0.0,24.1,
BJ,"BJ's Wholesale Club Holdings, I",Consumer Defensive,11584.0,90.72,5.2717893691363376,19.656182212581342,,12.173386842762428,,17.1,15.0,60,,"eps,tsr",24.1,0.0,24.1,
CNK,Cinemark Holdings Inc Cinemark ,Communication Services,4206.0,36.285,2.042872993977074,19.330645161290324,13.256527,9.17705093780849,2.063,17.2,7.0,60,,tsr,18.1,6.0,24.1,EV/EBITDA 9.2
DD,"DuPont de Nemours, Inc.",Basic Materials,17745.0,131.425,1.2887553253685815,284.26086956521755,18.249487,14.341864025583146,3.218,35.2,1.0,40,,"eps,tsr,roic",24.1,0.0,24.1,
FSS,Federal Signal Corporation,Industrials,6964.0,114.09,4.619418890952507,24.189765458422176,21.382462,15.223118593588417,3.305,29.2,7.0,50,,"eps,tsr,roic",24.1,0.0,24.1,
IBCP,Independent Bank Corporation,Financial Services,730.0,35.4139,1.3810142937437193,10.163793103448274,8.962905,8.795040503726003,2.647,11.2,7.0,,,"eps,tsr",13.1,11.0,24.1,P/E 10.2; EV/EBITDA 8.8
LAUR,"Laureate Education, Inc.",Consumer Defensive,4999.0,36.2904,4.379760445670249,16.515765765765767,14.668756,9.735747129774133,3.259,20.2,8.0,50,,"eps,tsr",18.1,6.0,24.1,EV/EBITDA 9.7
PHM,"PulteGroup, Inc.",Consumer Cyclical,23147.0,119.925,1.7786459417364628,12.1088504577823,11.362812,9.939478925276514,1.475,16.2,-2.0,40,,"tsr,roic,roe",13.1,11.0,24.1,P/E 12.1; EV/EBITDA 9.9
RLGT,"Radiant Logistics, Inc.",Industrials,403.0,8.61,1.720679719038312,21.779063915450426,16.61111,13.985203496843127,0.505,10.2,18.0,81,,tsr,24.1,0.0,24.1,
NNN,"NNN REIT, Inc.",Real Estate,7863.0,41.33,1.7627040703596895,20.284313725490197,21.436737,14.707017341919665,14.331,25.2,7.0,70,,"eps,tsr",24.1,0.0,24.1,
PPG,"PPG Industries, Inc.",Basic Materials,23852.0,107.2975,2.825089964704489,15.262108262108262,13.645248,10.70077653558591,2.024,8.1,12.0,,operating_margin_target,"eps,tsr",24.1,0.0,24.1,
MIDD,The Middleby Corporation,Industrials,5070.0,112.1229,2.293975739766529,-11.929137001078749,15.878766,-1076.44931771734,2.871,24.3,4.0,67,,"eps,tsr,roic",24.1,0.0,24.1,
EVTC,"Evertec, Inc.",Industrials,1699.0,27.58,2.6494678016041906,17.821428571428573,5.9205375,7.671849949711885,2.659,12.0,4.0,90,,tsr,18.0,6.0,24.0,EV/EBITDA 7.7
CABO,"Cable One, Inc.",Communication Services,95.0,16.73,0.2907816872711675,-0.08920034767492396,1.8716896,-8.243113566798954,2.154,6.0,-2.0,60,,"eps,tsr,other_per_share",12.0,12.0,24.0,P/B 0.29
AIFF,"Firefly Neuroscience, Inc.",Technology,17.0,1.15,1.1602015958535088,-1.7991829038340665,,-0.8776954120166836,11.494,16.0,0.0,,merger_acquisition_close,"eps,tsr",24.0,0.0,24.0,
CDNA,"CareDx, Inc.",Healthcare,2895.0,55.9636,6.802738910897138,25.298573353780387,23.086422,157.68260920426792,2.882,18.0,-2.0,,spin_separation,"eps,tsr,roe",24.0,0.0,24.0,
CSX,CSX Corporation,Industrials,87191.0,47.0673,6.191679584149979,27.3571098265896,21.031527,15.82448009549388,7.287,24.0,12.0,,,"eps,tsr,roic",24.0,0.0,24.0,
CYH,"Community Health Systems, Inc.",Healthcare,432.0,3.065,,-1.3473451327433623,31.789474,2.1371066833095576,0.89,18.0,-2.0,,,"eps,tsr",12.0,12.0,24.0,EV/EBITDA 2.1
DCI,"Donaldson Company, Inc.",Industrials,10036.0,86.58,5.919645124756681,22.131377551020403,19.50285,17.903790648118367,2.71,24.0,12.0,50,,"eps,tsr,roic",24.0,0.0,24.0,
EPRT,Essential Properties Realty Tru,Real Estate,5829.0,26.9552,1.3222344663417271,20.83333333333333,20.97053,15.276791176334692,15.212,24.0,12.0,75,,tsr,24.0,0.0,24.0,
ICHR,Ichor Holdings,Technology,2021.0,57.975,2.335559941859995,-49.61111585417911,37.740253,307.32874322169056,3.645,12.0,4.0,78,operating_margin_target,tsr,24.0,0.0,24.0,
KTCC,Key Tronic Corporation,Technology,25.0,2.31,0.24333492744063326,-0.5204545454545454,,-14.027024843560287,0.445,12.0,4.0,,,"tsr,roic",12.0,12.0,24.0,P/B 0.24
LZB,La-Z-Boy Incorporated,Consumer Cyclical,1204.0,30.09,1.1548312737331503,15.102624579715965,12.054711,11.687682412951874,0.87,28.0,12.0,50,,"eps,tsr",24.0,0.0,24.0,
MTRX,Matrix Service Company,Industrials,276.0,9.8,1.9775587433653707,-106.2301845819761,20.115107,10.43322559463009,0.212,21.0,11.0,,,"eps,tsr,roic,roe",24.0,0.0,24.0,
SKY,"Champion Homes, Inc.",Consumer Cyclical,4765.0,86.795,3.0297810586733074,25.093023255813947,20.735573,12.973008338244815,1.533,24.0,12.0,50,,"eps,tsr,roic",24.0,0.0,24.0,
OTIS,Otis Worldwide Corporation,Industrials,26004.0,68.31,,17.521739130434785,15.529523,14.102790362054682,2.44,26.0,-2.0,82,,"eps,tsr",24.0,0.0,24.0,
RBBN,Ribbon Communications Inc.,Technology,324.0,1.8146,0.8265801330711309,19.896061269146603,13.128205,17.566582568210784,0.949,20.0,12.0,50,,tsr,18.0,6.0,24.0,P/B 0.83
VIR,"Vir Biotechnology, Inc.",Healthcare,1845.0,10.9416,1.8782041592153838,-5.962162162162162,-3.9427524,-6.893781676540866,17.774,13.0,11.0,,fda_phase_milestone,tsr,24.0,0.0,24.0,
WWD,"Woodward, Inc.",Industrials,19470.0,326.778,7.8706557199184735,35.29135135135135,39.962498,23.700926753464245,6.577,24.0,12.0,50,,"eps,tsr,roic",24.0,0.0,24.0,
AESI,Atlas Energy Solutions Inc.,Energy,1475.0,11.81,1.3253671353395011,-12.178947368421053,47.29927,20.184183697934973,2.517,24.8,15.0,50,,"tsr,roce",23.9,0.0,23.9,
AWK,"American Water Works Company, I",Utilities,26310.0,132.39,2.2554419934847836,23.189446366782008,19.069036,14.759579740753663,7.675,15.8,12.0,,,"eps,tsr,roce,roe,cfroi",23.9,0.0,23.9,
IMNM,"Immunome, Inc.",Healthcare,2362.0,24.7115,4.498911075010998,-9.652086614173228,-8.937343,-8.351807198465261,384.387,11.7,8.0,,merger_acquisition_close,tsr,23.9,0.0,23.9,
LEVI,Levi Strauss & Co,Consumer Cyclical,7759.0,19.83,3.4144333497623656,12.058282208588958,14.0900345,9.346738981263439,1.635,12.8,1.0,,,"eps,tsr,roic",12.9,11.0,23.9,P/E 12.1; EV/EBITDA 9.3
SUI,"Sun Communities, Inc.",Real Estate,13896.0,112.765,2.5176860370692467,-15.966624239852923,41.96364,19.671858217931646,7.91,20.7,15.0,70,,tsr,23.9,0.0,23.9,
VRTS,"Virtus Investment Partners, Inc",Financial Services,857.0,128.3,0.9069452013638302,7.131239484015704,5.620888,13.71462217931213,1.678,9.9,-2.0,50,,"eps,tsr",8.0,16.0,23.9,P/B 0.91; P/E 7.1
OI,"O-I Glass, Inc.",Consumer Cyclical,947.0,6.165,2.4734002375979114,-0.8011968085106383,4.8639874,7.428690169107856,0.971,25.5,-10.0,60,,"eps,tsr,roic",17.8,6.0,23.8,EV/EBITDA 7.4
EXC,Exelon Corporation,Utilities,42043.0,40.8086,1.4156920151525356,14.863357664233577,15.081829,10.262092442923382,3.93,13.5,12.0,33,,"eps,tsr,roe",18.8,5.0,23.8,P/E 14.9
NG,Novagold Resources Inc.,Basic Materials,3139.0,7.155,7.456884859756257,-41.275743707093824,-36.512043,-482.10023852717273,,22.5,17.0,25,,"eps,tsr",23.8,0.0,23.8,
SPB,"Spectrum Brands Holdings, Inc.",Consumer Defensive,2018.0,86.99,1.091400528479472,26.012012012012015,15.322042,7.9157592578496665,0.904,15.6,4.0,70,,"tsr,roe",17.8,6.0,23.8,EV/EBITDA 7.9
AMR,"Alpha Metallurgical Resources, ",Energy,2346.0,184.48,1.5649584159261392,-50.65181058495822,6.808503,18.475546036660774,0.946,26.2,17.0,,,tsr,23.6,0.0,23.6,
NABL,"N-able, Inc.",Technology,790.0,4.195,0.982125581013835,-170.52845528455285,6.375,16.1423298241504,1.697,23.2,8.0,50,,tsr,17.6,6.0,23.6,P/B 0.98
DUOL,"Duolingo, Inc.",Technology,6811.0,146.1738,4.831162491434603,16.548314606741574,16.005098,27.691045123296686,4.269,32.2,11.0,,,tsr,23.6,0.0,23.6,
BC,Brunswick Corporation,Consumer Cyclical,4349.0,66.94,2.7158219669060255,-51.4031007751938,15.668738,21.35124746421268,1.376,20.2,15.0,,,"eps,tsr,cfroi",23.6,0.0,23.6,
CASS,"Cass Information Systems, Inc",Industrials,698.0,54.24,2.853417192557957,19.00299295774648,14.458394,10.23015329327868,2.594,23.2,12.0,50,,"eps,tsr,roe",23.6,0.0,23.6,
COR,"Cencora, Inc.",Healthcare,61573.0,316.47,20.18144428602426,23.129437869822485,13.73875,13.516671888066119,0.201,23.2,12.0,,,"eps,tsr,roic",23.6,0.0,23.6,
DE,Deere & Company,Industrials,192876.0,714.52,6.890878489138978,39.17128603104213,25.782728,22.24451966468361,4.198,23.2,12.0,50,,"eps,tsr,roe",23.6,0.0,23.6,
HPE,Hewlett Packard Enterprise Comp,Technology,83160.0,62.8,3.1364554996982728,31.027363184079608,11.858815,17.037992804697154,2.033,20.2,15.0,,,"eps,tsr,roe",23.6,0.0,23.6,
RF,Regions Financial Corporation,Financial Services,23626.0,27.685,1.2540246974522293,11.09475806451613,10.020868,7.232696705559369,4.005,16.2,1.0,,,"eps,tsr",12.6,11.0,23.6,P/E 11.1; EV/EBITDA 7.2
RWTN,"Redwood Trust, Inc. 9.125% Seni",Real Estate,3031.0,24.13,3.2551787240897863,-175.5868544600939,,40.67461476025038,,24.3,15.0,55,,"tsr,roe",23.6,0.0,23.6,
RWTQ,"Redwood Trust, Inc.",Real Estate,2716.0,21.5,2.904269183602992,-380.1769911504425,,0.0,,24.3,15.0,55,,"tsr,roe",23.6,0.0,23.6,
PZZA,"Papa John's International, Inc.",Consumer Cyclical,660.0,20.07,,24.654320987654323,20.829168,6.5735433990282,1.055,26.1,1.0,50,,"tsr,other_per_share",17.6,6.0,23.6,EV/EBITDA 6.6
RWTO,,,0.0,,,,,,,24.3,15.0,55,,"tsr,roe",23.6,0.0,23.6,
RWTS,"Redwood Trust, Inc. 9.75% Senior Notes Due 2031",Real Estate,109.0,21.7268,,,,,,24.3,15.0,55,,"tsr,roe",23.6,0.0,23.6,
MGY,Magnolia Oil & Gas Corporation,Energy,5864.0,24.745,2.73131064704685,10.643478260869564,10.079345,5.76435289442557,3.919,7.2,-2.0,32,,"tsr,roce",6.6,17.0,23.6,P/E 10.6; EV/EBITDA 5.8
RWTP,,,0.0,,,,,,,24.3,15.0,55,,"tsr,roe",23.6,0.0,23.6,
BMNR,"BitMine Immersion Technologies,",Financial Services,15800.0,27.74,1.3621238488265563,-1.2049323439546051,17.170212,-1.7578725134874675,466.675,27.0,12.0,,,"eps,roe",23.5,0.0,23.5,
ALGM,"Allegro MicroSystems, Inc.",Technology,6655.0,35.72,6.900519362016727,438.2913580246914,40.0573,64.46910956151316,12.5,27.0,12.0,50,,"eps,tsr",23.5,0.0,23.5,
AMRX,"Amneal Pharmaceuticals, Inc.",Healthcare,6050.0,18.945,183.1917936954942,38.402010050251256,14.43108,13.485472643528711,2.545,21.0,18.0,,,"eps,tsr",23.5,0.0,23.5,
BW,"Babcock & Wilcox Enterprises, I",Industrials,1021.0,6.86,17.797807178092697,-7.68390804597701,36.589474,-32.5981390300231,3.943,27.0,4.0,,,"eps,tsr,roe,cfroi",23.5,0.0,23.5,
GEN,Gen Digital Inc.,Technology,16069.0,26.845,6.89056659948542,15.195402298850574,7.3568115,10.111854161458334,4.485,27.0,12.0,50,,"eps,tsr",23.5,0.0,23.5,
GENVR,Gen Digital Inc. Contingent Value Rights,Technology,15690.0,2.36,6.728051824614065,15.195402298850574,,10.111854161458334,,27.0,12.0,50,,"eps,tsr",23.5,0.0,23.5,
MBUU,"Malibu Boats, Inc.",Consumer Cyclical,460.0,23.4193,0.8883727193526391,315.381275440977,10.85225,10.934122122122123,0.807,0.0,7.0,40,ebitda_dollar_target,tsr,17.5,6.0,23.5,P/B 0.89
NKTR,Nektar Therapeutics,Healthcare,1649.0,57.49,1.8261905027122611,-8.856716417910448,-4.8541293,-13.034475634166487,29.391,27.0,8.0,,,"eps,tsr,roe",23.5,0.0,23.5,
TXG,"10x Genomics, Inc.",Healthcare,9788.0,77.1,11.85678627235793,-127.80406779661017,173.77501,327.6928765533495,6.19,25.0,18.0,10,,tsr,23.5,0.0,23.5,
SBRA,"Sabra Health Care REIT, Inc.",Real Estate,4964.0,19.685,1.804748068053381,74.57765151515152,24.376793,20.560757790470884,8.729,23.0,12.0,65,,tsr,23.5,0.0,23.5,
SLM,SLM Corporation,Financial Services,4482.0,23.8406,1.8111645638265157,6.56450276243094,6.806199,5.7015031022195615,3.338,1.0,-2.0,,,tsr,1.5,22.0,23.5,P/E 6.6; EV/EBITDA 5.7
TRAW,"Traws Pharma, Inc.",Healthcare,7.0,0.4911,,-0.98,-0.42944446,-0.3188508364965556,3.567,27.0,8.0,,,"eps,tsr,cfroi",23.5,0.0,23.5,
NXGL,"NexGel, Inc",Healthcare,2.0,0.265,0.45384097797534856,-0.37323943661971837,1.415,-4.375750591575958,0.864,15.0,0.0,,,"eps,other_per_share",11.5,12.0,23.5,P/B 0.45
QUBT,Quantum Computing Inc.,Technology,2111.0,9.4,1.325759553477995,-142.78207109737247,-49.660774,-289.0979840245776,333.662,27.0,8.0,20,,"eps,tsr,other_per_share",23.5,0.0,23.5,
SLMBP,SLM Corporation,Financial Services,6616.0,73.7773,2.6733844675793006,6.56450276243094,,5.7015031022195615,,1.0,-2.0,,,tsr,1.5,22.0,23.5,P/E 6.6; EV/EBITDA 5.7
PAR,PAR Technology Corporation,Technology,592.0,14.36,0.7278413040539711,-8.259887005649718,13.787692,-37.50310015752647,2.074,15.8,15.0,,,tsr,17.4,6.0,23.4,P/B 0.73
JKHY,"Jack Henry & Associates, Inc.",Technology,10575.0,148.84,4.9536942951858505,21.313753581661892,17.798378,12.24290858112903,3.611,7.8,15.0,,operating_margin_target,tsr,23.4,0.0,23.4,
BPRN,"Princeton Bancorp, Inc.",Financial Services,296.0,43.44,1.05699194421323,11.250787401574804,10.127631,6.753675147748398,2.075,12.8,8.0,,,tsr,12.4,11.0,23.4,P/E 11.3; EV/EBITDA 6.8
DAN,Dana Incorporated,Consumer Cyclical,3761.0,30.14,1.9587219786458334,-18.787499999999998,8.624639,10.0416075,0.564,27.8,11.0,50,,"tsr,roic",23.4,0.0,23.4,
HRMY,"Harmony Biosciences Holdings, I",Healthcare,2387.0,41.2355,2.389041945752935,12.94888178913738,5.9625974,7.044837684704111,1.613,12.8,8.0,,,tsr,12.4,11.0,23.4,P/E 12.9; EV/EBITDA 7.0
NC,"NACCO Industries, Inc.",Energy,273.0,36.61,0.6255917507761305,15.81818181818182,,8.55003086929088,1.665,10.8,0.0,,,"eps,tsr,roe",11.4,12.0,23.4,P/B 0.63; EV/EBITDA 8.6
WST,"West Pharmaceutical Services, I",Healthcare,26200.0,372.29,8.762024808374022,47.57941550190597,34.315235,31.95279000970638,7.131,36.9,-2.0,50,,"eps,tsr,roic",23.4,0.0,23.4,
GDYN,"Grid Dynamics Holdings, Inc.",Technology,632.0,7.79,1.2155184286195124,282.72727272727275,10.560293,14.388117105865701,0.393,30.6,12.0,55,,tsr,23.3,0.0,23.3,
IZEA,"IZEA Worldwide, Inc.",Communication Services,45.0,2.57,0.9493216475346219,-18.24034334763948,-8.804878,1.0715602750378181,0.56,6.6,0.0,,,tsr,5.3,18.0,23.3,P/B 0.95; EV/EBITDA 1.1
MRCY,Mercury Systems Inc,Industrials,4960.0,82.6005,3.356364062525378,-162.53961965134704,74.37321,69.03961227735786,7.409,18.6,12.0,,,"eps,tsr,roic,roe",23.3,0.0,23.3,
RKT,"Rocket Companies, Inc.",Financial Services,35159.0,12.45,1.4932671926948398,77.90920716112532,13.529869,25.9711434908037,7.832,23.4,7.0,75,,"eps,tsr",23.2,0.0,23.2,
ALB,Albemarle Corporation,Basic Materials,13499.0,114.465,1.3137876201354937,239.17708333333326,12.843865,11.197575147677918,4.062,31.5,7.0,50,,"tsr,roic",23.2,0.0,23.2,
COHU,"Cohu, Inc.",Technology,3044.0,64.53,3.930117829091078,-77.32860064974129,46.937244,138.31458060542064,6.473,28.5,-2.0,60,,"eps,tsr,other_per_share",23.2,0.0,23.2,
DTB,DTE Energy Company 2020 Series,Utilities,3216.0,15.475,0.26469396485307434,19.262166405023553,,12.497281801548207,,4.5,10.0,,,"eps,tsr",11.2,12.0,23.2,P/B 0.26
DTG,DTE Energy Company 2021 Series,Utilities,3238.0,15.58,0.2664899432052021,19.262166405023553,,12.497281801548207,,4.5,10.0,,,"eps,tsr",11.2,12.0,23.2,P/B 0.27
EAF,GrafTech International Ltd.,Industrials,303.0,11.65,,-16.860294117647058,-1.7930232,-25.890049596882044,2.275,19.5,15.0,70,,tsr,23.2,0.0,23.2,
HGTY,"Hagerty, Inc.",Financial Services,4664.0,13.585,15.524686468855569,33.07543520309478,19.0675,61.6200486039722,0.642,23.4,7.0,68,,"eps,tsr",23.2,0.0,23.2,
PTN,"Palatin Technologies, Inc.",Healthcare,18.0,10.09,1.6949671248101612,-2.1695278969957075,-4.8230453,-1.292126644741929,0.852,20.4,6.0,50,,"eps,tsr,roic,roe,other_per_share,cfroi",23.2,0.0,23.2,
WAT,Waters Corporation,Healthcare,41642.0,424.115,2.740512924843699,104.74875621890548,21.596949,51.367794087981785,10.62,23.4,15.0,55,,"eps,tsr",23.2,0.0,23.2,
WDFC,WD-40 Company,Basic Materials,2641.0,196.8135,9.476642084001536,30.18333333333333,35.668762,21.37184801358713,4.899,16.5,18.0,65,,tsr,23.2,0.0,23.2,
ROG,Rogers Corporation,Technology,2519.0,140.975,2.090963387565369,81.00578034682081,37.254932,20.13976870466321,3.335,22.5,12.0,60,,tsr,23.2,0.0,23.2,
ULCC,"Frontier Group Holdings, Inc.",Industrials,1390.0,6.0396,10.223611551470588,-3.4842011834319524,34.852287,-20.257050730215827,1.613,22.5,12.0,66,,tsr,23.2,0.0,23.2,
BOOM,DMC Global Inc.,Energy,124.0,6.03,0.5218522308826627,-6.392473118279571,,6.552252839804776,,14.2,4.0,44,,tsr,11.1,12.0,23.1,P/B 0.52; EV/EBITDA 6.6
CLS,"Celestica, Inc.",Technology,42197.0,366.99,17.017762614937894,37.73148148148149,24.902641,28.02053742775526,3.147,26.2,12.0,,,"eps,tsr",23.1,0.0,23.1,
GSBC,"Great Southern Bancorp, Inc.",Financial Services,854.0,78.36,1.3304163704007343,12.946903973509933,13.126437,15.712596890071099,5.087,20.2,8.0,,,"eps,tsr",18.1,5.0,23.1,P/E 12.9
MTH,Meritage Homes Corporation,Consumer Cyclical,4347.0,65.165,0.8593744635411631,13.372916666666667,11.599625,10.495272159671655,1.102,8.1,12.0,,,tsr,12.1,11.0,23.1,P/B 0.86; P/E 13.4
PLD,"Prologis, Inc.",Real Estate,126124.0,135.17,2.347551195682396,29.82722222222222,41.860394,19.118084279905148,18.129,26.1,12.0,,,"eps,tsr",23.1,0.0,23.1,
RPAY,Repay Holdings Corporation,Technology,340.0,3.865,0.7204753980061074,-1.8455882352941175,3.0390506,-17.90812512242899,2.029,7.2,15.0,75,,tsr,17.1,6.0,23.1,P/B 0.72
MS,Morgan Stanley,Financial Services,314163.0,199.18,2.8452378746026428,15.959807073954984,17.555769,23.075641503390468,3.814,25.2,1.0,65,,"eps,tsr,roe",23.1,0.0,23.1,
ARVN,"Arvinas, Inc.",Healthcare,528.0,8.1838,0.9392183920313056,41.51894736842107,-2.2236912,144.74006620689656,-1.249,0.0,2.0,60,fda_phase_milestone,tsr,17.0,6.0,23.0,P/B 0.94
AVBC,"Avidia Bancorp, Inc.",Financial Services,435.0,21.67,1.1168475776308222,22.712933753943222,,24.120199219183874,,22.0,8.0,,,"eps,tsr,roe,other_per_share",23.0,0.0,23.0,
BFST,"Business First Bancshares, Inc.",Financial Services,1000.0,30.595,0.9912802205483567,10.831560283687944,8.846864,16.592595135403805,2.202,9.0,7.0,,,"eps,tsr",12.0,11.0,23.0,P/B 0.99; P/E 10.8
DORM,"Dorman Products, Inc.",Consumer Cyclical,3600.0,120.4672,2.3761070625198015,16.673553719008265,13.407309,11.02636936360817,1.98,30.0,4.0,50,,"eps,tsr,roic",23.0,0.0,23.0,
EGHT,8x8 Inc,Technology,312.0,2.2,2.1834297484215095,70.17272727272727,5.111111,10.180152848621077,0.73,22.0,12.0,67,,tsr,23.0,0.0,23.0,
JEF,Jefferies Financial Group Inc.,Financial Services,9637.0,47.38,0.9085238731969454,12.712938005390834,13.269231,24.063657609565567,-1.456,12.0,4.0,30,,"eps,tsr",12.0,11.0,23.0,P/B 0.91; P/E 12.7
AEO,"American Eagle Outfitters, Inc.",Consumer Cyclical,2678.0,15.98,1.518193182629954,7.955,9.13352,6.397417356682846,0.841,4.0,-2.0,50,,"tsr,roe,cfroi",7.0,16.0,23.0,P/E 8.0; EV/EBITDA 6.4
NOVT,Novanta Inc.,Technology,5161.0,144.93,3.192927169774903,91.05490566037736,37.48193,33.750811450102795,5.406,24.0,-2.0,83,,"eps,tsr",23.0,0.0,23.0,
OMF,"OneMain Holdings, Inc.",Financial Services,6692.0,57.92,1.9779945373928467,8.593093093093094,6.6966004,14.800282357473035,9.304,20.0,-2.0,55,,"eps,tsr",13.0,10.0,23.0,P/E 8.6
PPIH,Perma-Pipe International Holdin,Industrials,246.0,30.23,2.627450037437159,16.010416666666664,,8.122314511069284,1.306,11.0,15.0,,,"tsr,roe",17.0,6.0,23.0,EV/EBITDA 8.1
SRTA,"Strata Critical Medical, Inc.",Healthcare,466.0,5.3853,1.6682480148074954,10.704986981774484,,-48.46116362081864,1.988,7.0,1.0,50,asset_sale_named,tsr,18.0,5.0,23.0,P/E 10.7
NOVTU,Novanta Inc. Tangible Equity Units,Technology,2172.0,61.0,1.3438801997948602,91.05490566037736,,33.750811450102795,,24.0,-2.0,83,,"eps,tsr",23.0,0.0,23.0,
VRNS,"Varonis Systems, Inc.",Technology,5504.0,47.92,12.382904187467519,-39.50827868852459,87.33419,-50.86719646125687,5.405,15.0,3.0,61,,"eps,tsr,roe,other_per_share,cfroi",23.0,0.0,23.0,
WVVI,"Willamette Valley Vineyards, In",Consumer Defensive,9.0,1.89,0.1418549407566191,-2.097142236227317,,20.75158751376143,2.35,18.0,0.0,,,tsr,11.0,12.0,23.0,P/B 0.14
MRVI,"Maravai LifeSciences Holdings, ",Healthcare,2003.0,7.2508,9.78793653175123,-13.66013071895425,-55.919987,-37.48057320441989,5.244,30.0,12.0,50,,tsr,23.0,0.0,23.0,
NXPI,NXP Semiconductors N.V.,Technology,59354.0,235.3774,5.206925839898236,19.990662139219015,17.770433,13.714218192441265,6.933,32.0,-2.0,70,,"eps,tsr",23.0,0.0,23.0,
TMC,TMC the metals company Inc.,Basic Materials,1811.0,4.1803,,-4.786674459380479,-28.5,-5.496990675158225,,14.0,4.0,,merger_acquisition_close,tsr,23.0,0.0,23.0,
UFPT,"UFP Technologies, Inc.",Healthcare,2198.0,284.1431,4.754063538952263,30.502350427350432,20.473154,20.3729473501755,3.264,31.0,7.0,,,"tsr,roic",23.0,0.0,23.0,
VAL,Valaris Limited,Energy,5788.0,83.58,1.7987643023183542,6.1184112843355605,10.745849,10.456291279894442,2.718,0.0,-2.0,20,merger_acquisition_close,tsr,13.0,10.0,23.0,P/E 6.1
WVVIP,"Willamette Valley Vineyards, Inc.",Consumer Defensive,14.0,3.25,0.2137673642237684,-2.097142236227317,,20.75158751376143,,18.0,0.0,,,tsr,11.0,12.0,23.0,P/B 0.21
BCRX,"BioCryst Pharmaceuticals, Inc.",Healthcare,2179.0,8.575,,-5.984985402474627,13.220588,-8.054383378237384,3.279,20.7,17.0,,,"eps,tsr",22.9,0.0,22.9,
CI,The Cigna Group,Healthcare,71918.0,272.17,1.6874315597137495,11.058350515463918,8.3484745,8.185681321583283,0.35,9.8,-2.0,60,,"eps,tsr",11.9,11.0,22.9,P/E 11.1; EV/EBITDA 8.2
GERN,Geron Corporation,Healthcare,789.0,1.23,3.6094248218320875,-12.63791374122367,19.384617,-20.402879251700682,3.151,21.8,8.0,70,,"eps,tsr",22.9,0.0,22.9,
GNSS,Genasys Inc.,Technology,71.0,1.555,,-11.177794448612154,12.074074,-73.92093027210885,1.525,9.8,8.0,,asset_sale_named,tsr,22.9,0.0,22.9,
LNT,Alliant Energy Corporation,Utilities,16482.0,63.815,2.189128271350777,20.0788643533123,19.80773,13.7933553479942,6.922,15.8,18.0,,,"eps,tsr,roe",22.9,0.0,22.9,
RJF,"Raymond James Financial, Inc.",Financial Services,30577.0,159.17,2.4076029133858268,13.537639007698887,11.654479,7.855040710823909,1.328,6.8,1.0,,,"eps,tsr,roe,other_per_share",11.9,11.0,22.9,P/E 13.5; EV/EBITDA 7.9
MRNA,"Moderna, Inc.",Healthcare,73136.0,184.32001,10.817275318148203,-22.902255639097746,-15.213286,-25.378198458819373,9.65,29.7,12.0,55,,tsr,22.9,0.0,22.9,
OTTR,Otter Tail Corporation,Industrials,3730.0,88.8326,1.9871140648451597,19.17167381974249,16.447369,13.691946048991854,3.411,18.9,15.0,,,"eps,tsr,roe",22.9,0.0,22.9,
SFM,"Sprouts Farmers Market, Inc.",Consumer Defensive,6277.0,67.3102,4.181924251832939,12.668250950570345,13.554269,8.02867157376519,1.054,11.7,4.0,50,,"eps,tsr",11.8,11.0,22.9,P/E 12.7; EV/EBITDA 8.0
SYM,Symbotic Inc.,Industrials,28329.0,44.1469,39.96920426260178,459.133611691023,57.776543,434.2108444958296,1.455,21.8,12.0,70,,tsr,22.9,0.0,22.9,
WING,Wingstop Inc.,Consumer Cyclical,2727.0,100.0878,,23.257683215130022,28.93843,16.770207102283976,7.819,31.5,-2.0,60,,"tsr,roiic",22.8,0.0,22.8,
CDP,COPT Defense Properties,Real Estate,3844.0,33.905,2.515366345509559,23.299999999999997,23.942858,15.201382912655085,8.229,25.5,4.0,60,,"eps,tsr",22.8,0.0,22.8,
CZFS,"Citizens Financial Services, In",Financial Services,382.0,79.45,1.0819636570275457,9.136522753792299,8.178098,14.31565563874407,4.278,10.5,3.0,,,"eps,tsr,roe",12.8,10.0,22.8,P/E 9.1
FGI,FGI Industries Ltd.,Consumer Cyclical,16.0,8.261,0.9340288549518125,-4.138300970873787,11.7,8.388030288562392,0.227,13.5,4.0,,,roic,10.8,12.0,22.8,P/B 0.93; EV/EBITDA 8.4
MO,"Altria Group, Inc.",Consumer Defensive,115421.0,69.125,,14.462025316455694,11.767971,11.67661666133288,6.701,21.6,-2.0,60,,"eps,tsr",17.8,5.0,22.8,P/E 14.5
RCMT,"RCM Technologies, Inc.",Industrials,288.0,40.7,5.908522592273975,18.002232142857142,8.321766,10.146428501038256,0.688,13.5,8.0,,spin_separation,tsr,22.8,0.0,22.8,
LCID,"Lucid Group, Inc.",Consumer Cyclical,1314.0,4.135,0.7111565016171669,-0.304236669101534,-1.1467694,-1.159405098773434,4.959,5.4,4.0,50,spin_separation,tsr,16.7,6.0,22.7,P/B 0.71
VITL,"Vital Farms, Inc.",Consumer Defensive,444.0,10.361,1.5651281988908985,-720.5673758865247,20.95959,16.600541079333187,0.572,26.1,15.0,50,,tsr,22.6,0.0,22.6,
EXLS,"ExlService Holdings, Inc.",Technology,5370.0,35.4189,6.199151837477287,22.051572327044028,10.332612,12.862617874167391,1.96,26.1,7.0,,,"eps,tsr,roic",22.6,0.0,22.6,
SPCE,"Virgin Galactic Holdings, Inc.",Industrials,413.0,3.215,1.043253555794544,-0.9221005917159764,-7.378238,-2.1565114699191104,387.227,25.2,12.0,50,,"eps,tsr",22.6,0.0,22.6,
DLX,Deluxe Corporation,Industrials,1098.0,23.985,1.5521282021201412,10.579646017699115,5.57699,6.344396308275821,1.157,17.2,-2.0,50,,"eps,tsr",11.6,11.0,22.6,P/E 10.6; EV/EBITDA 6.3
EOLS,"Evolus, Inc. Common Stock",Healthcare,529.0,8.0343,,-15.366023166023165,27.625002,-63.09102239185049,1.828,17.1,4.0,,fda_phase_milestone,tsr,22.6,0.0,22.6,
FOA,Finance of America Companies In,Financial Services,134.0,15.0,0.3866892922975737,-40.694444444444414,3.7495327,-59.0285110066058,26.246,17.2,0.0,,,tsr,10.6,12.0,22.6,P/B 0.39
MTX,Minerals Technologies Inc.,Basic Materials,2085.0,67.255,1.349919164994498,-30.825688073394495,11.025928,35.046881041666666,1.465,25.2,12.0,50,,"eps,tsr",22.6,0.0,22.6,
PBI,Pitney Bowes Inc.,Industrials,2243.0,16.36,,13.360655737704919,10.0,8.898789857231694,2.304,17.1,-2.0,40,,"eps,tsr",11.6,11.0,22.6,P/E 13.4; EV/EBITDA 8.9
BLD,TopBuild Corp.,Industrials,12004.0,426.51,4.9715586,23.974705,20.382738,14.522,2.635,25.2,4.0,60,,"eps,tsr",22.6,0.0,22.6,
WS,"Worthington Steel, Inc.",Basic Materials,1758.0,34.505,1.5633308768341485,99.94285714285714,15.226169,9.203705767841011,0.766,13.2,12.0,,,"eps,tsr",16.6,6.0,22.6,EV/EBITDA 9.2
ATOM,Atomera Incorporated,Technology,168.0,4.345,4.5373754012137555,-6.675303030303031,-16.981133,-6.769240673199455,4286.965,30.0,7.0,,,"eps,tsr",22.5,0.0,22.5,
CSW,"CSW Industrials, Inc.",Industrials,4895.0,300.4,4.586720481446739,40.692517006802724,21.221064,20.228766971223635,5.078,22.0,15.0,,,"eps,tsr",22.5,0.0,22.5,
FMAO,"Farmers & Merchants Bancorp, In",Financial Services,479.0,34.81,1.2457777269466308,11.862542955326461,9.570807,9.482760045114903,3.931,12.0,3.0,,,"eps,tsr",11.5,11.0,22.5,P/E 11.9; EV/EBITDA 9.5
HLT,Hilton Worldwide Holdings Inc.,Consumer Cyclical,69159.0,307.285,,44.72238372093023,33.487534,26.546703847397346,18.132,21.0,12.0,50,,"eps,fcf_per_share,tsr",22.5,0.0,22.5,
LQDT,"Liquidity Services, Inc.",Consumer Cyclical,1333.0,42.745,5.651178361854044,40.42716981132075,22.353981,18.91405582161281,2.068,21.0,12.0,,,"eps,tsr,roe",22.5,0.0,22.5,
P,"Everpure, Inc.",Technology,36255.0,109.07,25.843394131681123,144.24999999999997,24.801712,84.37618619986198,6.18,14.0,-5.0,73,revenue_dollar_target,tsr,22.5,0.0,22.5,
CPSS,"Consumer Portfolio Services, In",Financial Services,210.0,9.68,0.6579287826392021,9.45959595959596,,26.86954019263833,,4.8,0.0,,,"eps,tsr",6.4,16.0,22.4,P/B 0.66; P/E 9.5
CW,Curtiss-Wright Corporation,Industrials,20299.0,549.485,7.328397565941961,37.308692676249144,45.280033,25.150888925043862,8.13,24.8,12.0,40,,"eps,tsr",22.4,0.0,22.4,
GABC,"German American Bancorp, Inc.",Financial Services,1835.0,48.85,1.5145895003136451,12.854881266490764,11.287004,9.504181623782511,4.704,6.8,4.0,,,"eps,tsr,roe",11.4,11.0,22.4,P/E 12.9; EV/EBITDA 9.5
LUMN,"Lumen Technologies, Inc.",Communication Services,6450.0,6.26,,-6.012720156555773,-27.86367,8.009514988824318,1.656,15.8,1.0,60,,"eps,tsr",16.4,6.0,22.4,EV/EBITDA 8.0
SNX,TD SYNNEX Corporation,Technology,23473.0,293.56,2.6225434452405763,20.530539772727273,14.92074,11.921241688607616,0.406,28.8,4.0,,,"eps,tsr,roic",22.4,0.0,22.4,
SNEX,StoneX Group Inc.,Financial Services,7985.0,67.1699,2.8076498600562587,10.937402597402594,20.903759,9.508196520717878,-0.029,3.8,3.0,,,"eps,tsr,roe,other_per_share",11.4,11.0,22.4,P/E 10.9; EV/EBITDA 9.5
MBNKO,Medallion Bank,Financial Services,77.0,24.845,,,,,,12.6,4.0,87,,"eps,tsr,roe",22.3,0.0,22.3,
DGICA,"Donegal Group, Inc.",Financial Services,673.0,18.255,1.0097652142977886,9.213197969543145,9.328,7.426431309048605,0.641,4.5,0.0,,,"tsr,roe",6.2,16.0,22.2,P/E 9.2; EV/EBITDA 7.4
UP,Wheels Up Experience Inc.,Industrials,141.0,3.885,,-0.4503546099290781,-1.3066667,-5.409191887719496,1.079,4.5,12.0,,merger_acquisition_close,tsr,22.2,0.0,22.2,
CALY,Callaway Golf Company,Consumer Cyclical,2620.0,14.575,1.2116041509433961,29.734693877551027,,8.177772437716808,,13.5,15.0,,,tsr,16.2,6.0,22.2,EV/EBITDA 8.2
IMMR,Immersion Corporation,Technology,247.0,7.4292,0.8247352972654787,21.720588235294116,12.145454,4.35164912142048,0.356,4.5,0.0,,,tsr,4.2,18.0,22.2,P/B 0.82; EV/EBITDA 4.4
MOD,Modine Manufacturing Company,Industrials,10345.0,194.77,9.221572988946336,72.80149812734082,26.202839,35.709702291387124,5.099,20.4,12.0,,,"tsr,roic,cfroi",22.2,0.0,22.2,
PRA,ProAssurance Corporation,Financial Services,1272.0,24.65,0.9502332,19.563492,19.72,9.669,1.247,4.5,4.0,,,"tsr,roe,other_per_share",10.2,12.0,22.2,P/B 0.95; EV/EBITDA 9.7
INO,"Inovio Pharmaceuticals, Inc.",Healthcare,87.0,1.26,19.916314789721447,-1.0713059893598764,-2.7195122,-0.9742565974012517,,26.2,-6.0,70,,"eps,tsr,roe,cfroi",22.1,0.0,22.1,
ACN,Accenture plc,Technology,113160.0,184.92,3.548395309007686,14.608954833597467,8.6672735,8.779551902190809,1.166,7.2,7.0,,,"eps,tsr",11.1,11.0,22.1,P/E 14.6; EV/EBITDA 8.8
ARE,Alexandria Real Estate Equities,Real Estate,9318.0,53.47,0.5990856247945863,-9.271992818671457,-57.988636,50.21275540100795,8.526,17.2,11.0,50,,tsr,16.1,6.0,22.1,P/B 0.60
BMRN,BioMarin Pharmaceutical Inc.,Healthcare,12031.0,62.2434,1.903074892924236,163.71052631578948,8.461176,39.748766644023505,3.019,20.2,12.0,25,,"eps,tsr,roe",22.1,0.0,22.1,
CL,Colgate-Palmolive Company,Consumer Defensive,69164.0,86.435,293.06922125,33.89150943396226,22.13334,19.60584699583116,3.775,20.2,12.0,,,"eps,tsr,roic",22.1,0.0,22.1,
CTMX,"CytomX Therapeutics, Inc.",Healthcare,604.0,2.7743,1.999461819855132,-6.122222222222223,-6.0742087,-7.491783226169323,8.395,16.2,0.0,33,merger_acquisition_close,tsr,22.1,0.0,22.1,
CWST,"Casella Waste Systems, Inc.",Industrials,5302.0,84.66,3.3553624008242915,908.9967811158798,57.97005,16.26166606048588,3.541,20.2,12.0,75,,tsr,22.1,0.0,22.1,
DAR,Darling Ingredients Inc.,Consumer Defensive,10000.0,62.92,1.9062530374710551,16.25198938992043,10.810528,9.267440778007275,2.035,14.2,2.0,60,,"eps,tsr",16.1,6.0,22.1,EV/EBITDA 9.3
DDOG,"Datadog, Inc.",Technology,90225.0,253.47,20.65993123769223,505.7924376508447,78.062645,342.89568682671126,20.671,16.2,8.0,50,subscriber_arr_target,tsr,22.1,0.0,22.1,
ETN,"Eaton Corporation, PLC",Industrials,170941.0,440.23,8.439878986866791,44.37056795131846,26.827286,29.54601393836147,6.483,20.2,16.0,50,,"eps,tsr",22.1,0.0,22.1,
ITW,Illinois Tool Works Inc.,Industrials,78715.0,273.6,27.199281271596405,24.714027149321264,21.697853,18.864723998060345,5.197,20.2,12.0,25,,"eps,tsr,roic",22.1,0.0,22.1,
JILL,"J. Jill, Inc.",Consumer Cyclical,274.0,24.165,1.9590784932163265,13.186813186813186,6.0539217,6.1013695633021054,0.687,14.2,4.0,25,,tsr,11.1,11.0,22.1,P/E 13.2; EV/EBITDA 6.1
QUIK,QuickLogic Corporation,Technology,194.0,10.9239,6.197471399763132,-14.078333333333331,159.27272,-31.46357217030114,26.593,24.3,8.0,75,,tsr,22.1,0.0,22.1,
ROK,"Rockwell Automation, Inc.",Industrials,48315.0,434.2,13.828039725243274,40.5289990645463,32.612602,28.903324991549294,6.407,20.2,8.0,,,"eps,tsr,roic,roe",22.1,0.0,22.1,
SFST,"Southern First Bancshares, Inc.",Financial Services,567.0,59.925,1.2527980378890393,12.572938689217757,9.412814,15.081287905670141,4.086,15.3,15.0,,,tsr,17.1,5.0,22.1,P/E 12.6
MANH,"Manhattan Associates, Inc.",Technology,12380.0,212.324,78.5968294742456,59.62377840909091,22.22196,41.831521139484046,6.955,24.3,12.0,50,,"eps,tsr",22.1,0.0,22.1,
TXRH,"Texas Roadhouse, Inc.",Consumer Cyclical,10805.0,164.38,6.932482274572808,26.29552715654952,23.241947,15.30365320893671,2.069,24.3,12.0,,,"eps,tsr",22.1,0.0,22.1,
URI,"United Rentals, Inc.",Industrials,65607.0,1054.06,7.112676664137034,25.096237095996138,19.939117,11.76256207674109,5.03,24.3,12.0,,,"tsr,roic",22.1,0.0,22.1,
VVX,"V2X, Inc.",Industrials,2313.0,73.87,2.0387793382907753,25.383561643835616,12.604367,10.242844660349729,0.762,24.3,12.0,50,,"eps,tsr",22.1,0.0,22.1,
CHCT,Community Healthcare Trust Inco,Real Estate,408.0,14.27,0.984254580655752,21.1349419124218,43.575,10.215220386636942,8.348,12.0,4.0,65,,"eps,tsr",16.0,6.0,22.0,P/B 0.98
CLPT,ClearPoint Neuro Inc.,Healthcare,457.0,15.23,42.38507869339272,-12.444322033898306,-18.904255,-17.52410021516356,13.811,12.0,0.0,,spin_separation,"eps,tsr,other_per_share",22.0,0.0,22.0,
COLD,"Americold Realty Trust, Inc.",Real Estate,4107.0,14.395,1.7009607224003584,-9.033702910419553,562.8,125.52267087656426,3.293,6.0,2.0,60,ebitda_dollar_target,tsr,22.0,0.0,22.0,
CR,Crane Company,Industrials,11835.0,204.95,5.434872495407788,35.26943005181348,28.318197,22.52132838230025,5.431,24.0,4.0,70,,"eps,tsr",22.0,0.0,22.0,
DRI,"Darden Restaurants, Inc.",Consumer Cyclical,24446.0,213.44,11.618988136882129,20.503824091778203,18.762476,13.013092037979556,2.536,21.0,15.0,,,"eps,tsr",22.0,0.0,22.0,
EXPD,Expeditors International of Was,Industrials,24527.0,187.525,11.576230293358858,27.2699564586357,23.646055,19.172041519689223,1.819,24.0,12.0,50,,"eps,tsr",22.0,0.0,22.0,
FFIV,"F5, Inc.",Technology,25947.0,459.9022,6.729548213061655,35.97215748031496,21.791752,25.319000577822454,6.378,21.0,15.0,,,"eps,tsr",22.0,0.0,22.0,
HXL,Hexcel Corporation,Industrials,6602.0,87.3,5.085447049761208,43.105,30.738277,20.873532027065124,4.285,30.0,-2.0,,,"eps,tsr,roic,cfroi",22.0,0.0,22.0,
NTCT,"NetScout Systems, Inc.",Technology,2864.0,39.3959,1.7451342499674023,23.58107784431138,14.201687,11.813072529346186,2.569,21.0,15.0,,,"eps,tsr",22.0,0.0,22.0,
PLMR,"Palomar Holdings, Inc.",Financial Services,3459.0,130.4929,3.525764797510964,16.59452411994785,9.98984,12.33656335217939,3.266,27.0,1.0,70,,"tsr,roe",22.0,0.0,22.0,
RARE,Ultragenyx Pharmaceutical Inc.,Healthcare,1465.0,14.875,,-2.565068493150685,28.427868,-5.375293701281816,5.206,9.0,-5.0,60,fda_phase_milestone,"tsr,roe,cfroi",22.0,0.0,22.0,
AEIS,"Advanced Energy Industries, Inc",Technology,11125.0,277.7655,7.640010563148135,48.48961937716263,31.630804,36.83462301826006,7.429,0.0,4.0,,operating_margin_target,"eps,tsr,roe,other_per_share,cfroi",22.0,0.0,22.0,
SKYE,"Skye Bioscience, Inc.",Healthcare,7.0,1.68,,-0.18061023622047243,-0.62500554,0.002508894208541111,,12.0,0.0,,,"eps,tsr",10.0,12.0,22.0,EV/EBITDA 0.0
ZSTK,ZeroStack Corp.,Financial Services,4.0,4.045,0.30619988420900274,-0.0334247942130207,,-0.3517687034376335,0.316,7.8,8.0,,,eps,9.9,12.0,21.9,P/B 0.31
TPL,Texas Pacific Land Corporation,Energy,23950.0,347.23,14.32074237830947,42.994904458598725,4.856537,30.725510604638693,28.919,31.8,4.0,50,,"tsr,roic",21.9,0.0,21.9,
ATEC,"Alphatec Holdings, Inc.",Healthcare,1564.0,10.1675,,-13.909722222222223,15.251715,150.60973543400712,2.34,19.8,20.0,,,tsr,21.9,0.0,21.9,
AGNC,AGNC Investment Corp.,Real Estate,11433.0,9.96,0.9115349473012836,5.051020408163265,,25.73869321799131,,3.8,4.0,50,,other_per_share,5.9,16.0,21.9,P/B 0.91; P/E 5.1
AGNCL,AGNC Investment Corp.,Real Estate,9886.0,25.34,0.7881687497408914,5.051020408163265,,25.73869321799131,,3.8,4.0,50,,other_per_share,5.9,16.0,21.9,P/B 0.79; P/E 5.1
AGNCM,AGNC Investment Corp.,Real Estate,8959.0,25.2001,0.7142238801722076,5.051020408163265,,25.73869321799131,,3.8,4.0,50,,other_per_share,5.9,16.0,21.9,P/B 0.71; P/E 5.1
AGNCN,AGNC Investment Corp.,Real Estate,8858.0,25.79,0.7061789075978634,5.051020408163265,,25.73869321799131,,3.8,4.0,50,,other_per_share,5.9,16.0,21.9,P/B 0.71; P/E 5.1
AGNCO,AGNC Investment Corp.,Real Estate,9893.0,25.6301,0.7887610065375109,5.051020408163265,,25.73869321799131,,3.8,4.0,50,,other_per_share,5.9,16.0,21.9,P/B 0.79; P/E 5.1
AGNCP,AGNC Investment Corp.,Real Estate,9923.0,25.3641,0.7911106590129953,5.051020408163265,,25.73869321799131,,3.8,4.0,50,,other_per_share,5.9,16.0,21.9,P/B 0.79; P/E 5.1
CRL,Charles River Laboratories Inte,Healthcare,13792.0,286.34,4.85707999828147,-57.378097107438016,15.028872,73.36233556340743,2.938,18.8,17.0,40,,"eps,tsr",21.9,0.0,21.9,
FE,FirstEnergy Corp.,Utilities,25417.0,43.925,1.9649601092385003,23.33351109215017,15.76254,11.594368305668448,3.672,15.8,12.0,60,,"eps,tsr",21.9,0.0,21.9,
IFF,International Flavors & Fragran,Basic Materials,21914.0,85.835,1.56796887557241,78.54587155963301,15.935891,18.54719182166891,2.366,27.8,4.0,50,,"eps,tsr,roic",21.9,0.0,21.9,
JELD,"JELD-WEN Holding, Inc.",Industrials,159.0,1.85,,-0.3051409618573798,-6.651719,-7.433722184354679,0.478,12.8,15.0,68,,"tsr,roic",21.9,0.0,21.9,
LASR,"nLIGHT, Inc.",Technology,2319.0,41.105,5.270888386757989,-163.81869233854792,95.81681,235.06856199398567,11.573,27.9,12.0,,,tsr,21.9,0.0,21.9,
LGIH,"LGI Homes, Inc.",Consumer Cyclical,1161.0,49.9778,0.5444381292622907,17.045017986239653,14.246231,27.86525873054194,1.775,12.8,7.0,50,,"eps,tsr,roe",15.9,6.0,21.9,P/B 0.54
WNC,Wabash National Corporation,Industrials,497.0,12.2,1.6993845138568326,-6.229166666666666,7.235668,-26.26015481864102,0.649,29.7,-2.0,75,,"tsr,roic",21.9,0.0,21.9,
PRIM,Primoris Services Corporation,Industrials,4064.0,74.9,2.529846236693021,28.891472868217054,17.089663,16.037673945593987,0.81,28.5,7.0,35,,"eps,tsr",21.8,0.0,21.8,
BKH,Black Hills Corporation,Utilities,5398.0,70.905,1.3688350679616574,17.749999999999996,15.774068,12.656033503489274,4.485,13.5,-2.0,,merger_acquisition_close,"eps,tsr",21.8,0.0,21.8,
DRH,Diamondrock Hospitality Company,Real Estate,2509.0,12.265,1.6473433159046973,16.675790338032023,21.982143,10.905626359877001,3.273,16.5,15.0,60,,tsr,21.8,0.0,21.8,
ENPH,"Enphase Energy, Inc.",Energy,4448.0,33.6602,3.7636484935304053,32.41166666666666,21.609913,24.97035639161987,4.695,19.5,12.0,34,,"eps,tsr,roe",21.8,0.0,21.8,
FCF,First,Financial Services,2114.0,20.785,1.3468933473025195,12.63719512195122,9.947386,18.724124518795055,3.694,13.5,12.0,,,"eps,tsr",16.8,5.0,21.8,P/E 12.6
IRT,"Independence Realty Trust, Inc.",Real Estate,3446.0,14.62,1.0258945888105064,79.5479302832244,93.05882,15.336605428275762,9.298,19.5,12.0,75,,tsr,21.8,0.0,21.8,
PG,Procter & Gamble Company (The),Consumer Defensive,350258.0,147.34,6.426162091147601,21.846666666666668,21.189295,17.672130317163827,4.335,15.6,12.0,75,,"eps,tsr",21.8,0.0,21.8,
OSK,Oshkosh Corporation (Holding Co,Industrials,8511.0,137.86,1.8800275722837012,15.45278725824801,9.94068,8.61044168471035,0.92,21.6,-2.0,,,"eps,tsr,roic",15.8,6.0,21.8,EV/EBITDA 8.6
ADP,"Automatic Data Processing, Inc.",Technology,106633.0,266.76,16.79234056786507,24.154968094804016,17.91209,16.769316095572382,4.096,15.6,12.0,75,,"eps,tsr",21.8,0.0,21.8,
PHIO,Phio Pharmaceuticals Corp.,Healthcare,12.0,1.0001,0.9219498492302809,-0.7574626865671642,-1.1976744,0.0879887174763988,,3.6,0.0,,,tsr,3.8,18.0,21.8,P/B 0.92; EV/EBITDA 0.1
IMAX,Imax Corporation,Communication Services,2926.0,53.355,8.22194832377511,71.24283237765036,22.723896,23.401028106986395,6.592,23.4,12.0,,,"eps,tsr",21.7,0.0,21.7,
STIM,"Neuronetics, Inc.",Healthcare,202.0,2.905,11.325073333333334,-6.709302325581394,-3.653429,-12.598290231507622,1.065,20.2,11.0,,,"eps,tsr,roe",21.6,0.0,21.6,
ROP,"Roper Technologies, Inc.",Technology,37047.0,367.1063,1.9811054623187863,15.243732890916634,13.8441515,10.658375688297825,5.349,26.2,1.0,,,"eps,fcf_per_share,tsr,roic",21.6,0.0,21.6,
CPHC,Canterbury Park Holding Corpora,Consumer Cyclical,81.0,15.65,0.9593201139901215,692.3245614035092,,15.029658171979813,1.06,15.3,12.0,,,tsr,15.7,6.0,21.6,P/B 0.96
FRPT,"Freshpet, Inc.",Consumer Defensive,2964.0,60.3045,2.39439364755158,14.257283653846152,28.892262,12.159934544397963,2.478,17.1,12.0,,,tsr,16.6,5.0,21.6,P/E 14.3
ARMK,Aramark,Industrials,14695.0,55.885,4.3294838097628725,38.10958904109589,19.8693,14.979617718519766,1.032,19.2,12.0,50,,"eps,tsr,roic",21.6,0.0,21.6,
CSV,"Carriage Services, Inc.",Consumer Cyclical,494.0,31.105,1.76722503928496,11.047368421052632,,9.057024872956061,,5.2,0.0,,,"eps,tsr,roe,cfroi",10.6,11.0,21.6,P/E 11.0; EV/EBITDA 9.1
ETR,Entergy Corporation,Utilities,46353.0,99.335,2.5125492304264894,25.006313131313135,21.947784,13.780744313197884,6.146,20.2,15.0,,,"eps,tsr",21.6,0.0,21.6,
FHN,First Horizon Corporation,Financial Services,11066.0,23.315,1.2069937467277487,10.931279620853081,10.561312,10.108180493607955,4.026,11.2,-2.0,60,,"eps,tsr,roce,roe",16.6,5.0,21.6,P/E 10.9
HUBB,Hubbell Inc,Industrials,24654.0,466.64999,6.284557464950293,27.586430678466076,23.32539,20.12121155690254,4.987,20.2,15.0,,,"eps,tsr",21.6,0.0,21.6,
SBSI,"Southside Bancshares, Inc.",Financial Services,922.0,30.99,1.0448080873554049,12.141732283464567,9.677698,15.70651319051508,6.331,17.1,4.0,50,,"eps,tsr,roe",16.6,5.0,21.6,P/E 12.1
TWIN,"Twin Disc, Incorporated",Industrials,375.0,26.02,2.0212963148483283,13.356284778199594,,13.209371400394478,1.009,10.2,15.0,,,"tsr,roic",16.6,5.0,21.6,P/E 13.4
PM,Philip Morris International Inc,Consumer Defensive,298287.0,191.38,,27.21264367816092,19.542845,18.700822087018622,7.87,15.3,12.0,60,,"eps,tsr",21.6,0.0,21.6,
UAL,"United Airlines Holdings, Inc.",Industrials,36670.0,112.98,2.1961961950649815,10.382929104477613,8.322191,7.115809922662516,0.913,15.3,-2.0,50,,"eps,tsr",10.7,11.0,21.6,P/E 10.4; EV/EBITDA 7.1
VRTX,Vertex Pharmaceuticals Incorpor,Healthcare,129774.0,511.315,6.409272249220907,29.681293302540418,21.034056,23.30494511892736,8.951,25.2,-2.0,90,,tsr,21.6,0.0,21.6,
TEL,TE Connectivity plc,Technology,62221.0,214.60001,4.697362976068247,20.86103012633625,17.211546,13.453656094419733,3.66,20.2,15.0,50,,"eps,tsr",21.6,0.0,21.6,
WYNN,"Wynn Resorts, Limited",Consumer Cyclical,8466.0,81.57,,18.633867276887873,19.527151,9.858992695982918,2.8,16.2,7.0,25,,"tsr,roe",15.6,6.0,21.6,EV/EBITDA 9.9
ABEO,Abeona Therapeutics Inc.,Healthcare,323.0,5.665,2.5213379171937715,-4.911028893587034,20.127672,-3.923051429931268,12.639,27.0,0.0,,,"eps,tsr,roic,roe",21.5,0.0,21.5,
GPI,"Group 1 Automotive, Inc.",Consumer Cyclical,2974.0,249.42,1.0072607289479032,10.405029093931837,6.593456,10.642823164787195,0.412,24.0,-3.0,,,"eps,tsr,roic",16.5,5.0,21.5,P/E 10.4
HOVNP,"Hovnanian Enterprises, Inc. PFD DEP1/1000A",Consumer Cyclical,2832.0,19.22,3.459739525350356,110.99999999999999,,15.654786144803367,,12.0,15.0,,,"eps,tsr,roe,other_per_share",21.5,0.0,21.5,
PEB,Pebblebrook Hotel Trust,Real Estate,2065.0,18.3,0.853892749159764,-27.089552238805965,-53.43875,14.998161293619301,3.007,7.0,12.0,61,,tsr,15.5,6.0,21.5,P/B 0.85
PLRX,"Pliant Therapeutics, Inc.",Healthcare,69.0,1.12,0.4720105631406286,-0.7583892617449665,-1.2182955,-0.834461438056864,,7.0,8.0,,,tsr,9.5,12.0,21.5,P/B 0.47
GTLS,"Chart Industries, Inc.",Industrials,9956.0,207.99,3.1535137,,20.423414,16.472,3.313,18.0,1.0,80,,"tsr,roic",21.5,0.0,21.5,
QLYS,"Qualys, Inc.",Technology,6552.0,186.0356,11.653055326800931,31.679275862068963,13.47355,23.275272749410906,5.111,27.0,8.0,50,,"eps,tsr",21.5,0.0,21.5,
TITN,Titan Machinery Inc.,Industrials,566.0,24.31,0.9246685514490081,-9.727970426326998,-62.04062,44.99146615945475,0.551,13.0,14.0,,,tsr,15.5,6.0,21.5,P/B 0.92
ULBI,Ultralife Corporation,Industrials,97.0,5.84,0.7341117601334269,-14.460539460539461,7.1777782,-221.8841259968102,0.796,0.0,3.0,,revenue_dollar_target,tsr,15.5,6.0,21.5,P/B 0.73
WD,"Walker & Dunlop, Inc",Financial Services,1266.0,36.88,0.7417126561619456,31.670940170940174,8.912521,9.68296371639514,4.115,9.0,-2.0,,,"eps,tsr,roe",9.5,12.0,21.5,P/B 0.74; EV/EBITDA 9.7
WNEB,"Western New England Bancorp, In",Financial Services,278.0,13.8275,1.1208406792358596,16.25952380952381,12.324325,26.08398300381547,3.866,27.0,4.0,50,,"eps,tsr,other_per_share",21.5,0.0,21.5,
RXT,"Rackspace Technology, Inc.",Technology,1054.0,4.1501,,-6.336066842023826,138.81946,14.384612278298276,1.828,27.0,12.0,,,tsr,21.5,0.0,21.5,
STOK,"Stoke Therapeutics, Inc.",Healthcare,1791.0,27.755,5.182868556231135,-7.87345238095238,-9.985698,-7.68146067131219,49.583,23.0,8.0,65,,tsr,21.5,0.0,21.5,
CLVT,Clarivate Plc,Technology,1215.0,1.9,0.26784828650137743,-3.584470497789737,2.6080952,10.879218817651955,2.21,12.8,-2.0,50,,"eps,tsr",9.4,12.0,21.4,P/B 0.27
BBY,"Best Buy Co., Inc.",Consumer Cyclical,19714.0,93.535,7.43086745005654,15.059800664451828,10.566815,8.135795178294574,0.43,10.8,12.0,,,"eps,tsr",15.4,6.0,21.4,EV/EBITDA 8.1
BNY,The Bank of New York Mellon Cor,Financial Services,103122.0,150.24,2.308829951638904,17.418309385863267,14.859301,13.320497450378555,-3.03,18.8,4.0,60,,"eps,tsr,other_per_share",21.4,0.0,21.4,
DHR,Danaher Corporation,Healthcare,155427.0,221.095,2.9559479965957287,39.01415929203541,19.1531,24.907176226541743,5.625,21.8,9.0,20,,"eps,tsr,roic",21.4,0.0,21.4,
ROL,"Rollins, Inc.",Industrials,15664.0,32.555,10.956716212331168,29.513636363636365,32.21807,19.265577667858423,5.877,19.8,15.0,,,"eps,tsr",21.4,0.0,21.4,
CHH,"Choice Hotels International, In",Consumer Cyclical,4596.0,101.03,32.32856254132144,14.256661991584853,15.003105,11.062656833009846,7.342,12.6,12.0,15,,"eps,tsr",16.3,5.0,21.3,P/E 14.3
BA,Boeing Company (The),Industrials,160050.0,202.5,26.23769262295082,74.78089887640446,53.264076,28.19203309352518,2.224,7.5,7.0,55,merger_acquisition_close,tsr,21.2,0.0,21.2,
CWH,"Camping World Holdings, Inc.",Consumer Cyclical,350.0,5.505,1.423178981770526,-3.4612903225806444,6.9382353,7.868676377531649,0.716,19.5,7.0,,,tsr,15.2,6.0,21.2,EV/EBITDA 7.9
FABC,"Fabric.AI, Inc.",Technology,15.0,2.31,0.5425473725943781,-0.16311394196744516,,-0.5048878597163137,,22.5,0.0,,,"eps,tsr",15.2,6.0,21.2,P/B 0.54
FIBK,"First Interstate BancSystem, In",Financial Services,3539.0,36.43,1.0651043992656353,11.14689230769231,12.3654585,-8.599109154691464,3.031,22.5,-2.0,,,"eps,tsr,other_per_share",16.2,5.0,21.2,P/E 11.1
HUMA,"Humacyte, Inc.",Healthcare,95.0,0.5651,3.036908608169924,-1.105697445972495,-3.8516667,-1.0159456677295438,110.713,14.4,0.0,,spin_separation,"eps,tsr",21.2,0.0,21.2,
INVH,Invitation Homes Inc.,Real Estate,16033.0,26.99,1.7707593520377956,24.729357798165136,42.770683,14.030661237880228,9.223,19.5,15.0,45,,"eps,tsr",21.2,0.0,21.2,
NXT,Nextpower Inc.,Energy,12710.0,83.81,5.909264493437539,20.623115577889443,21.56956,14.96059740570419,5.008,11.4,23.0,50,,"eps,tsr",21.2,0.0,21.2,
SMG,Scotts Miracle-Gro Company (The,Basic Materials,3095.0,53.2,,42.368,13.776787,12.789667159147248,1.851,4.5,-10.0,75,ebitda_dollar_target,"eps,tsr,roe,cfroi",21.2,0.0,21.2,
PAG,"Penske Automotive Group, Inc.",Consumer Cyclical,13820.0,210.475,2.369184123667158,15.477908689248896,12.173268,13.355121556628468,0.655,22.5,4.0,70,,"eps,tsr",21.2,0.0,21.2,
TFIN,"Triumph Financial, Inc.",Financial Services,1478.0,61.835,1.5338660448911667,41.66891891891892,27.481411,20.011623230138404,3.047,22.5,12.0,,,"eps,tsr",21.2,0.0,21.2,
Q,"Qnity Electronics, Inc.",Technology,26316.0,125.71,3.6242984206032225,44.45357142857143,35.241463,20.09117059310345,7.943,13.5,1.0,50,spin_separation,"eps,tsr",21.2,0.0,21.2,
XEL,Xcel Energy Inc.,Utilities,44324.0,70.96,1.8424586872843662,19.242506811989102,17.081024,12.620486520740855,5.804,22.5,4.0,70,,"eps,tsr",21.2,0.0,21.2,
YCBD,"cbdMD, Inc.",Healthcare,5.0,0.456,0.5827835665412852,-1.4862924281984335,-0.8089888,-3.022009707041464,0.267,14.4,0.0,,,"eps,tsr,roe,other_per_share",15.2,6.0,21.2,P/B 0.58
ALTG,Alta Equipment Group Inc.,Industrials,202.0,6.2,,-2.3579766536964977,-14.030402,16.19199119402985,0.77,26.2,0.0,,,"eps,tsr,roic,roe",21.1,0.0,21.1,
AXTA,Axalta Coating Systems Ltd.,Basic Materials,7011.0,32.76,2.780053517446471,19.858895705521473,,10.307636014285714,,14.2,12.0,60,,"eps,tsr",21.1,0.0,21.1,
GLPI,"Gaming and Leisure Properties, ",Real Estate,11182.0,39.48,2.243806765013497,11.395652173913044,,11.534087969654156,,16.2,12.0,10,,tsr,16.1,5.0,21.1,P/E 11.4
KEYS,"Keysight Technologies, Inc.",Technology,59576.0,348.60999,9.066478730025871,48.53305785123966,,35.2434372957993,,14.2,12.0,60,,"eps,tsr",21.1,0.0,21.1,
WEX,WEX Inc.,Technology,6337.0,185.94,4.713025992116615,18.226155358898723,6.281641,10.95728223035117,1.575,7.2,15.0,,,"eps,tsr,roe,other_per_share,cfroi",21.1,0.0,21.1,
STT,State Street Corporation,Financial Services,50062.0,180.88,1.7709641630111788,15.66903729401561,12.183107,14.775925935069985,,24.3,-2.0,67,,"eps,tsr,roe",21.1,0.0,21.1,
AIOT,"PowerFleet, Inc.",Technology,395.0,2.945,0.8149931839127145,-21.229759299781183,11.880597,10.235607842521663,1.786,20.0,6.0,,,tsr,15.0,6.0,21.0,P/B 0.81
APD,"Air Products and Chemicals, Inc",Basic Materials,64042.0,287.59,4.612723575173944,-1379.0384615384614,19.685188,62.517861278514175,6.61,18.0,12.0,,,"eps,tsr,roic",21.0,0.0,21.0,
EL,"Estee Lauder Companies, Inc. (T",Consumer Defensive,35549.0,98.29,8.902830093163036,197.7,26.634464,48.81661494594595,2.485,27.0,3.0,50,,"eps,tsr,roic",21.0,0.0,21.0,
G,Genpact Limited,Technology,5781.0,34.105,2.219380717576072,10.005882352941178,6.307958,7.463389370701072,1.088,3.0,1.0,60,,"eps,tsr",10.0,11.0,21.0,P/E 10.0; EV/EBITDA 7.5
ADPT,Adaptive Biotechnologies Corpor,Healthcare,4480.0,27.995,31.35054494311264,-68.16396661757487,-69.3269,-294.3147099360982,9.49,27.0,11.0,50,,tsr,21.0,0.0,21.0,
MX,Magnachip Semiconductor Corpora,Technology,118.0,3.24,0.522035438701817,-3.767857142857143,-7.2195125,-2.1081195871533183,0.918,14.0,4.0,64,,tsr,15.0,6.0,21.0,P/B 0.52
PH,Parker-Hannifin Corporation,Industrials,122792.0,973.87,8.405212653501266,33.713840830449826,27.957582,22.491160115966967,6.161,18.0,12.0,,,"eps,tsr,roic",21.0,0.0,21.0,
VRNO,Verano Holdings Corp.,Healthcare,457.0,6.18,0.6752320654399147,-1.7310924369747898,-6.670588,5.125147808088849,1.037,2.0,0.0,,,tsr,3.0,18.0,21.0,P/B 0.68; EV/EBITDA 5.1
NREF,"NexPoint Real Estate Finance, I",Real Estate,303.0,16.05,0.7968969945549523,4.427374301675977,8.338333,29.19005388742648,32.591,6.0,0.0,,,tsr,5.0,16.0,21.0,P/B 0.80; P/E 4.4
PHIN,PHINIA Inc.,Consumer Cyclical,2212.0,60.37,1.4353286781310837,17.21388101983003,11.976491,6.605635081818182,1.038,0.0,-2.0,70,spin_separation,tsr,15.0,6.0,21.0,EV/EBITDA 6.6
OPFI,OppFi Inc.,Financial Services,537.0,6.29,1.2966011925022027,1.859467455621302,3.9392524,6.352430185426182,3.583,2.0,4.0,,,tsr,5.0,16.0,21.0,P/E 1.9; EV/EBITDA 6.4
BV,"BrightView Holdings, Inc.",Industrials,970.0,10.405,0.5567493397634631,-41.618969746524925,17.530663,6.142491888384166,0.959,12.8,1.0,,,tsr,8.9,12.0,20.9,P/B 0.56; EV/EBITDA 6.1
ARAY,Accuray Incorporated,Healthcare,27.0,0.2297,0.6551905195770494,-0.5796661608497724,,-11.864502056752423,,10.8,15.0,50,,tsr,14.9,6.0,20.9,P/B 0.66
ANF,Abercrombie & Fitch Company,Consumer Cyclical,5882.0,132.38,4.342398360748929,11.101095197978095,7.3732,7.40317775263327,0.864,3.8,12.0,,,tsr,9.9,11.0,20.9,P/E 11.1; EV/EBITDA 7.4
KROS,"Keros Therapeutics, Inc.",Healthcare,230.0,11.6,0.8767740965233303,-3.159459459459459,,0.12575132844953077,,1.8,0.0,,,tsr,2.9,18.0,20.9,P/B 0.88; EV/EBITDA 0.1
ARW,"Arrow Electronics, Inc.",Technology,11656.0,227.96,1.6639818914029487,14.365421152628247,10.912074,10.585950513900816,0.422,15.8,4.0,50,,"eps,tsr,roic",15.9,5.0,20.9,P/E 14.4
EVLV,"Evolv Technologies Holdings, In",Industrials,868.0,4.825,7.30181858183715,-184.42307692307685,-188.33334,34.03182385646688,6.224,22.5,15.0,11,,tsr,20.8,0.0,20.8,
GRWG,GrowGeneration Corp.,Consumer Cyclical,96.0,1.6,1.0679504154263117,-5.870370370370371,-31.800001,-11.560855033081285,0.498,22.5,7.0,,,"eps,tsr,roe",20.8,0.0,20.8,
GXO,"GXO Logistics, Inc.",Industrials,5268.0,45.79,1.7636675580850352,39.78076687920342,13.845597,13.58606422272217,0.8,22.5,7.0,50,,"eps,tsr,roic",20.8,0.0,20.8,
INBP,"Integrated BioPharma, Inc.",Healthcare,6.0,0.18,0.29452786850700663,-3.470919324577861,,58.32189285714286,0.07,9.6,0.0,,,"eps,tsr",8.8,12.0,20.8,P/B 0.29
KLAC,KLA Corporation,Technology,244576.0,187.2307,41.94767662025266,50.82926167209555,51.415127,43.31172878549901,25.979,21.6,12.0,,,"eps,tsr",20.8,0.0,20.8,
WOLF,"Wolfspeed, Inc.",Technology,1442.0,27.74,1.4110854986786727,-1.3264604810996565,-11.47053,-3.4349146068027214,4.829,17.4,4.0,90,,tsr,20.7,0.0,20.7,
SXI,Standex International Corporati,Industrials,3305.0,272.82,4.382504710420205,31.913018433179722,31.643576,16.037769217192913,4.834,23.4,-2.0,60,,"eps,tsr,roic",20.7,0.0,20.7,
VECO,Veeco Instruments Inc.,Technology,2692.0,44.105,2.9817628796320705,118.85617332289219,26.157463,53.17259958137883,7.232,14.4,15.0,,,"eps,tsr,roe",20.7,0.0,20.7,
AJG,Arthur J. Gallagher & Co.,Financial Services,58703.0,228.505,2.4751416397942405,37.56557377049181,14.39262,15.001237905470129,4.717,14.2,15.0,75,,tsr,20.6,0.0,20.6,
CHGG,"Chegg, Inc.",Consumer Defensive,81.0,0.7276,0.6867760213802755,-1.50655737704918,-6.483082,2.766142230026339,0.324,7.2,-6.0,25,,tsr,2.6,18.0,20.6,P/B 0.69; EV/EBITDA 2.8
CNA,CNA Financial Corporation,Financial Services,12935.0,47.8,1.1563315177900948,10.37828947368421,,8.67780170045045,,8.2,3.0,,,"tsr,roe",9.6,11.0,20.6,P/E 10.4; EV/EBITDA 8.7
FRAF,Franklin Financial Services Cor,Financial Services,277.0,61.69,1.507656020016862,11.171436363636362,9.483025,9.104983381613051,5.132,11.2,0.0,,,"tsr,roe",9.6,11.0,20.6,P/E 11.2; EV/EBITDA 9.1
MMM,3M Company,Industrials,87343.0,169.36,29.587651945460706,30.041519434628977,16.966522,17.859316732477062,3.641,6.3,3.0,,fcf_dollar_target,"eps,tsr",20.6,0.0,20.6,
NFBK,"Northfield Bancorp, Inc.",Financial Services,602.0,14.41,0.8662979,110.84615,9.606667,,8.014,13.1,8.0,,,"eps,tsr",14.6,6.0,20.6,P/B 0.87
REG,Regency Centers Corporation,Real Estate,13363.0,73.175,1.9436964094725913,20.63172804532578,30.375105,15.591119399215032,11.895,25.2,8.0,,,"eps,tsr",20.6,0.0,20.6,
VREX,Varex Imaging Corporation,Healthcare,778.0,18.48,1.5666693515908177,35.152,9.896616,12.096029919447641,0.875,5.2,12.0,50,spin_separation,tsr,20.6,0.0,20.6,
REGCO,Regency Centers Corporation,Real Estate,14500.0,21.4001,2.1090443139158372,20.63172804532578,,15.591119399215032,,25.2,8.0,,,"eps,tsr",20.6,0.0,20.6,
REGCP,Regency Centers Corporation,Real Estate,14649.0,22.94,2.1308294399480086,20.63172804532578,,15.591119399215032,,25.2,8.0,,,"eps,tsr",20.6,0.0,20.6,
RLI,RLI Corp.,Financial Services,5303.0,57.78,3.0264246011249263,11.982142857142856,19.11679,9.617748202233596,2.533,3.0,4.0,,,"tsr,roe,other_per_share",9.5,11.0,20.5,P/E 12.0; EV/EBITDA 9.6
BRKR,Bruker Corporation,Healthcare,9290.0,61.0259,3.87038817931839,-85.09985693848357,23.489286,43.62481864352039,2.989,21.0,12.0,,,"eps,tsr",20.5,0.0,20.5,
BRKRP,Bruker Corporation,Healthcare,8976.0,447.43,3.7396804124656278,-85.09985693848357,,43.62481864352039,,21.0,12.0,,,"eps,tsr",20.5,0.0,20.5,
BWNB,,,0.0,,,,,,,21.0,4.0,,,"eps,tsr,roe,cfroi",20.5,0.0,20.5,
CMP,Compass Minerals Intl Inc,Basic Materials,976.0,23.27,3.705387631878558,52.94318181818183,26.075018,7.905356842357451,1.537,6.0,15.0,53,,"tsr,roce",14.5,6.0,20.5,EV/EBITDA 7.9
CPS,Cooper-Standard Holdings Inc.,Consumer Cyclical,414.0,23.34,,-7.3690095846645365,6.600397,8596.250475357212,0.596,24.0,9.0,,,"tsr,roic",20.5,0.0,20.5,
CYRX,"CryoPort, Inc.",Industrials,870.0,17.27,1.773893865689557,-21.085365853658534,-24.209677,-269.23221764141897,3.431,27.0,-6.0,38,,"eps,tsr,roic,roe,cfroi",20.5,0.0,20.5,
IMVT,"Immunovant, Inc.",Healthcare,6982.0,33.825,7.079707798627977,-12.423758865248226,,-11.759755134897247,,22.0,15.0,,,tsr,20.5,0.0,20.5,
NVDA,NVIDIA Corporation,Technology,5461303.0,225.478,45.933056662489385,28.346918238993705,16.554375,23.430187232257868,19.955,29.0,4.0,50,,"eps,tsr",20.5,0.0,20.5,
OIS,"Oil States International, Inc.",Energy,507.0,8.42,0.8717739087956847,-4.426360725720385,9.734653,-7.201181372139054,0.754,0.0,1.0,,ebitda_dollar_target,tsr,14.5,6.0,20.5,P/B 0.87
RYTM,"Rhythm Pharmaceuticals, Inc.",Healthcare,6689.0,97.52,30.783326547047643,-31.584983922829583,-130.55559,-36.145385203391115,30.022,23.0,14.0,,,tsr,20.5,0.0,20.5,
YOU,"Clear Secure, Inc.",Technology,3865.0,38.41,18.73772635192467,25.923841059602655,19.305817,13.074102894570748,4.8,25.0,12.0,,,tsr,20.5,0.0,20.5,
ADI,"Analog Devices, Inc.",Technology,186646.0,383.189,5.563081679843016,45.389256198347105,29.392544,29.705232110445014,17.024,21.0,4.0,75,,"eps,tsr",20.5,0.0,20.5,
RBC,RBC Bearings Incorporated,Industrials,16027.0,506.61,4.914534734598755,49.531465093411995,39.001953,28.22321052577846,11.276,21.0,12.0,,,"tsr,roic",20.5,0.0,20.5,
WATT,Energous Corporation,Technology,74.0,13.4374,1.8437253635297932,-4.571428571428571,31.148148,-5.311331090697373,7.449,21.0,8.0,,,"eps,tsr,roe",20.5,0.0,20.5,
CBZ,"CBIZ, Inc.",Industrials,2934.0,54.685,1.5707709457245471,24.96803652968037,6.920323,11.125709054466272,1.295,12.8,12.0,70,,"eps,tsr",20.4,0.0,20.4,
LUNG,Pulmonx Corporation,Healthcare,86.0,2.025,2.1821188386570056,-1.743478260869565,-1.2260536,-1.9853197844567287,0.551,28.8,0.0,75,,tsr,20.4,0.0,20.4,
CTBI,"Community Trust Bancorp, Inc.",Financial Services,1357.0,74.6926,1.521252416668255,12.447412353923205,10.889532,11.53534064586739,5.152,18.8,0.0,,,"eps,tsr,roe",15.4,5.0,20.4,P/E 12.4
DEA,"Easterly Government Properties, Inc.",Real Estate,1063.0,22.875,0.8078443735673039,109.13900913900915,,13.06857147232182,,12.8,4.0,60,,tsr,14.4,6.0,20.4,P/B 0.81
GAP,"Gap, Inc. (The)",Consumer Cyclical,7777.0,21.605,1.968450087319666,6.261695906432748,,6.3507592949438205,,0.8,4.0,,,tsr,4.4,16.0,20.4,P/E 6.3; EV/EBITDA 6.4
NSA,National Storage Affiliates Tru,Real Estate,6526.0,44.45,6.022219,59.266666,118.974335,13.229,8.187,12.6,12.0,70,,"eps,tsr",20.3,0.0,20.3,
UFI,"Unifi, Inc. New",Industrials,124.0,6.665,0.5342813676570162,-5.06015037593985,68.833336,18.291878082571348,0.29,9.6,7.0,50,,"eps,tsr,roic",14.3,6.0,20.3,P/B 0.53
CDZI,"Cadiz, Inc.",Utilities,311.0,3.695,66.6021065380493,-7.73,-17.695652,-17.052075641725832,29.569,32.4,0.0,,,"eps,tsr",20.2,0.0,20.2,
CLDT,Chatham Lodging Trust (REIT),Real Estate,615.0,13.165,0.8515551685005591,110.33755274261603,-111.333336,10.739566585052081,3.731,13.5,11.0,,,tsr,14.2,6.0,20.2,P/B 0.85
CPB,The Campbell's Company,Consumer Defensive,6007.0,20.145,1.4914001663356504,15.19768656716418,10.693971,10.131221352569169,1.334,20.4,12.0,,,"eps,tsr",20.2,0.0,20.2,
DBRG,"DigitalBridge Group, Inc.",Financial Services,2953.0,15.985,1.2589933181693183,10.110015174506827,,8.949487944324995,,14.4,-4.0,,,"eps,tsr",9.2,11.0,20.2,P/E 10.1; EV/EBITDA 8.9
DUKB,Duke Energy Corporation 5.625%,Utilities,15911.0,20.46,0.2906092664608866,17.15915915915916,,11.094116941132869,,7.5,1.0,,,"eps,tsr",8.2,12.0,20.2,P/B 0.29
EBAY,eBay Inc.,Consumer Cyclical,48019.0,108.15,10.293376205787782,22.079959514170042,16.004707,17.526710613052078,4.43,23.4,1.0,61,,"tsr,roic",20.2,0.0,20.2,
CLMT,"Calumet, Inc",Basic Materials,4706.0,54.0,,-34.45219354838709,105.29032,276.85246658634543,1.306,20.2,12.0,50,,"tsr,roic",20.1,0.0,20.1,
COGT,"Cogent Biosciences, Inc.",Healthcare,5327.0,31.175,10.005503317129612,-13.574761904761905,-36.135376,-14.58829659071404,,6.3,10.0,,fda_phase_milestone,tsr,20.1,0.0,20.1,
FITB,Fifth Third Bancorp,Financial Services,47545.0,52.46,1.3812022975917264,17.55743243243243,10.725507,18.712101021645022,7.16,20.2,12.0,,,"eps,tsr",20.1,0.0,20.1,
LYEL,"Lyell Immunopharma, Inc.",Healthcare,259.0,10.5804,1.108850625494515,-0.6502186133666459,-15.166667,-0.9248397849012386,2971.105,24.3,12.0,50,,tsr,20.1,0.0,20.1,
O,Realty Income Corporation,Real Estate,51786.0,55.535,1.309395162454032,40.59489051094891,34.996193,12.239934783622479,14.869,17.1,19.0,25,,tsr,20.1,0.0,20.1,
REI,"Ring Energy, Inc.",Energy,356.0,1.365,0.4720272732783812,-1.2159709618874774,3.9310346,-5.120684167915648,2.317,7.2,1.0,40,,"tsr,roce",8.1,12.0,20.1,P/B 0.47
TWST,Twist Bioscience Corporation,Healthcare,9892.0,158.86,22.193298585046406,-71.56306306306305,-90.268036,-91.32896541423138,13.167,14.2,-2.0,50,revenue_dollar_target,tsr,20.1,0.0,20.1,
PWP,Perella Weinberg Partners,Financial Services,1306.0,13.3,,40.86730003064664,10.531562,30.47089745800177,2.345,24.3,8.0,,,"eps,tsr",20.1,0.0,20.1,
FOSL,"Fossil Group, Inc.",Consumer Cyclical,372.0,6.286,4.133107624016821,-4.83433289196978,-18.652174,-128.095794045677,0.492,28.0,0.0,,,"eps,tsr,roic",20.0,0.0,20.0,
AOMD,,,0.0,,,,,,,24.0,4.0,75,,tsr,20.0,0.0,20.0,
AOUT,"American Outdoor Brands, Inc.",Consumer Cyclical,209.0,16.7,1.2607603353675099,-53.65775056397034,26.657896,18.851171630165855,0.73,4.0,4.0,,asset_sale_named,"tsr,roic",20.0,0.0,20.0,
COFS,"ChoiceOne Financial Services, I",Financial Services,489.0,32.705,1.0130047153491244,8.92032967032967,8.652496,16.090916864401247,3.661,12.0,0.0,,,"eps,tsr",10.0,10.0,20.0,P/E 8.9
COTY,Coty Inc.,Consumer Defensive,2311.0,2.625,0.7476299573008993,-3.7501436781609194,5.324523,67.56901821118193,0.915,9.0,15.0,,,tsr,14.0,6.0,20.0,P/B 0.75
FSLR,"First Solar, Inc.",Energy,21585.0,200.85,2.0915309865820286,11.854243542435425,11.014675,7.830391152186136,4.77,9.0,1.0,,,"eps,tsr",9.0,11.0,20.0,P/E 11.9; EV/EBITDA 7.8
KRNY,Kearny Financial,Financial Services,596.0,9.465,0.7806482624581931,16.178793103448275,10.789809,31.3109065424167,8.566,9.0,7.0,50,,"eps,tsr,other_per_share",14.0,6.0,20.0,P/B 0.78
TRIN,Trinity Capital Inc.,Financial Services,1577.0,17.545,1.2448829031715698,9.190104166666668,8.061194,12.979232489797305,9.499,4.0,12.0,,,tsr,10.0,10.0,20.0,P/E 9.2
JHG,Janus Henderson Group plc,Financial Services,7993.0,51.88,1.5434046,10.273267,10.9810095,6.445,2.002,9.0,1.0,50,,"eps,tsr",9.0,11.0,20.0,P/E 10.3; EV/EBITDA 6.4
SLB,SLB Limited,Energy,77962.0,52.53,2.9900301399094884,24.923076923076923,14.377154,12.166272198909702,2.261,0.0,4.0,70,operating_margin_target,"tsr,roce",20.0,0.0,20.0,
WOOF,Petco Health and Wellness Compa,Consumer Cyclical,667.0,2.3347,0.5524022430519824,20.864498644986444,9.783786,5.44389840029058,0.564,2.0,-2.0,25,,tsr,2.0,18.0,20.0,P/B 0.55; EV/EBITDA 5.4
AKAM,"Akamai Technologies, Inc.",Technology,17014.0,117.0259,3.5829845928739434,41.70588028169014,,19.561268402596898,,15.8,12.0,,,"eps,tsr,roe",19.9,0.0,19.9,
CFFN,"Capitol Federal Financial, Inc.",Financial Services,1081.0,8.765,1.0588513913367015,13.447076923076922,11.222221,23.423276956814497,10.991,13.8,8.0,,,"eps,tsr",14.9,5.0,19.9,P/E 13.4
CSTL,"Castle Biosciences, Inc.",Healthcare,1053.0,34.46,2.2397203795502416,-52.274450341167544,-22.709679,-319.8578161310259,1.223,15.8,12.0,50,,"tsr,roe,cfroi",19.9,0.0,19.9,
FLOC,Flowco Holdings Inc.,Energy,1821.0,19.56,4.986421548034079,11.9472049689441,12.604762,6.310893378112389,2.971,9.8,4.0,,,roce,8.9,11.0,19.9,P/E 11.9; EV/EBITDA 6.3
IONQ,"IonQ, Inc.",Technology,15991.0,42.84,4.806097072680759,-9.955710955710956,-54.249287,8.063904831837469,102.177,11.7,-4.0,90,,tsr,13.8,6.0,19.9,EV/EBITDA 8.1
TRC,Tejon Ranch Co,Industrials,440.0,16.3,0.9217087384333179,71.8543046357616,168.0,29.877521690267475,11.604,9.9,-10.0,40,ebitda_dollar_target,tsr,13.9,6.0,19.9,P/B 0.92
WMK,"Weis Markets, Inc.",Consumer Defensive,1806.0,72.98,1.3027391428239588,18.607692307692304,,8.607649452061922,0.374,19.8,0.0,,,"tsr,roic",13.9,6.0,19.9,EV/EBITDA 8.6
UFPI,"UFP Industries, Inc.",Basic Materials,4659.0,82.4949,1.522934379231775,18.867816091954026,15.741818,8.424163212650688,0.731,11.7,12.0,,,tsr,13.8,6.0,19.9,EV/EBITDA 8.4
PNW,Pinnacle West Capital Corporati,Utilities,11112.0,91.69,1.5795344130015065,17.24342105263158,18.374687,10.303934321457959,5.054,19.8,12.0,40,,"eps,tsr",19.9,0.0,19.9,
SHLS,"Shoals Technologies Group, Inc.",Energy,1322.0,7.88,2.1419356176656907,40.73379753615425,20.716942,21.416050890441042,3.671,19.8,-4.0,87,,"eps,tsr",19.9,0.0,19.9,
ED,"Consolidated Edison, Inc.",Utilities,37852.0,102.71,1.4717413701932422,16.828150572831422,16.389729,9.914842252873564,3.847,10.5,1.0,70,,"eps,tsr",13.8,6.0,19.8,EV/EBITDA 9.9
EML,Eastern Company (The),Industrials,155.0,25.6866,1.191654815473755,19.27656706358122,,10.393494274987555,0.769,16.5,7.0,,,"eps,tsr,roic,roce",19.8,0.0,19.8,
TMHC,Taylor Morrison Home Corporatio,Consumer Cyclical,6591.0,71.58,1.0839378,10.667661,11.152538,8.01,1.111,3.6,-2.0,,,"eps,tsr,roe,other_per_share",8.8,11.0,19.8,P/E 10.7; EV/EBITDA 8.0
BYFC,Broadway Financial Corporation,Financial Services,110.0,11.88,0.4200112884286934,-4.389914353219138,,-13.347982048396174,8.19,5.4,6.0,,,tsr,7.7,12.0,19.7,P/B 0.42
EBF,"Ennis, Inc.",Industrials,552.0,21.81,1.810258479497628,14.292207792207796,,7.59503712778832,,5.4,4.0,,,"tsr,roe",8.7,11.0,19.7,P/E 14.3; EV/EBITDA 7.6
IPWR,Ideal Power Inc.,Technology,70.0,4.275,1.6529459107917768,-3.867924528301886,-5.252174,-2.20549728578561,1996.813,23.4,4.0,,,"eps,tsr,roe",19.7,0.0,19.7,
LNN,Lindsay Corporation,Industrials,1189.0,116.88,2.3813876128039495,22.0868320610687,19.063625,13.587540833148216,1.87,20.4,7.0,50,,"eps,tsr,roic",19.7,0.0,19.7,
QRVO,"Qorvo, Inc.",Technology,10501.0,119.035,2.839530443651529,27.329908045977014,12.583038,13.832636146707456,2.46,11.4,8.0,60,,"eps,tsr,other_per_share",19.7,0.0,19.7,
PPC,Pilgrim's Pride Corporation,Consumer Defensive,6680.0,28.075,1.781315432869661,12.152173913043478,7.235725,6.419063335853866,0.502,5.4,4.0,,,"eps,tsr",8.7,11.0,19.7,P/E 12.2; EV/EBITDA 6.4
EIG,Employers Holdings Inc,Financial Services,993.0,48.04,1.1561491662785282,69.20289855072463,18.136341,45.86669525114155,0.938,11.2,4.0,65,,"eps,tsr,roe,other_per_share",19.6,0.0,19.6,
JANL,Janel Corporation,Industrials,59.0,50.0,2.179355573517525,10.412147505422995,,4.70510782800441,,1.2,0.0,,,tsr,2.6,17.0,19.6,P/E 10.4; EV/EBITDA 4.7
GORO,Gold Resource Corporation,Basic Materials,262.0,3.48,,62.39092495636997,33.25,6.188084112149532,0.647,11.2,12.0,,,tsr,13.6,6.0,19.6,EV/EBITDA 6.2
MYRG,"MYR Group, Inc.",Industrials,4566.0,293.28,6.052573449431813,27.865475070555032,34.984825,15.33595422042145,1.851,25.2,-2.0,64,,"tsr,roic",19.6,0.0,19.6,
RYZ,Ryerson Holding Corporation,Industrials,1251.0,24.11,0.9711863737969575,-19.317073170731707,12.202643,20.95766357439734,0.547,15.3,4.0,50,,"eps,tsr",13.7,6.0,19.6,P/B 0.97
ACIW,"ACI Worldwide, Inc.",Technology,5050.0,49.679,3.3742878782209917,22.36131818181818,11.521768,12.220853196279222,2.89,15.0,12.0,65,,tsr,19.5,0.0,19.5,
DXPE,"DXP Enterprises, Inc.",Industrials,2950.0,190.23,5.4546918062436545,31.96398659966499,23.127829,16.228532916286312,1.64,27.0,0.0,,,"eps,tsr,roic",19.5,0.0,19.5,
LDI,"loanDepot, Inc.",Financial Services,234.0,0.6987,1.1644203282080874,-2.261314833168153,5.3181815,27.277162748151262,5.278,27.0,12.0,,,,19.5,0.0,19.5,
LIF,"Life360, Inc.",Technology,3286.0,40.5581,5.3575568026395795,21.352642473966547,30.126665,85.37043055832538,7.225,15.0,12.0,60,,tsr,19.5,0.0,19.5,
PANW,"Palo Alto Networks, Inc.",Technology,315580.0,387.215,11.40596447159173,848.1956521739129,69.908905,597.9953358208954,22.02,18.0,1.0,68,,"eps,tsr,roe",19.5,0.0,19.5,
TLYS,"Tilly's, Inc.",Consumer Cyclical,125.0,4.14,1.4340738133038817,58.73239436619718,221.5,-15.382000127742472,0.473,23.0,8.0,,,"eps,tsr",19.5,0.0,19.5,
VSAT,"ViaSat, Inc.",Technology,10339.0,75.055,2.228355193657039,-284.2692307692307,159.00131,8.55484763258088,3.021,18.0,1.0,,,"eps,tsr",13.5,6.0,19.5,EV/EBITDA 8.6
BBIO,"BridgeBio Pharma, Inc.",Healthcare,12994.0,66.3441,,-18.395251396648046,133.84363,-24.395322096800417,25.073,19.8,15.0,15,,tsr,19.4,0.0,19.4,
BMI,"Badger Meter, Inc.",Industrials,3854.0,132.94,5.640839808532595,31.041958041958043,25.95676,19.081118778029172,4.181,24.8,-2.0,70,,"tsr,roic",19.4,0.0,19.4,
GEV,GE Vernova Inc.,Industrials,251962.0,946.03998,21.072362055030528,26.915177304964537,45.273685,28.15337489196676,7.45,6.8,12.0,50,backlog_target,tsr,19.4,0.0,19.4,
IDA,"IDACORP, Inc.",Utilities,7468.0,129.11,1.9784800316854347,20.758090614886733,20.492146,13.864594356707425,6.484,18.8,12.0,,,"eps,tsr",19.4,0.0,19.4,
VLYPN,Valley National Bancorp,Financial Services,7808.0,25.52,0.9862625171400192,10.702479338842974,,20.68549634523203,,10.8,-2.0,36,,"eps,tsr",8.4,11.0,19.4,P/B 0.99; P/E 10.7
VLYPO,Valley National Bancorp,Financial Services,5430.0,24.9735,0.6859070696453166,10.702479338842974,,20.68549634523203,,10.8,-2.0,36,,"eps,tsr",8.4,11.0,19.4,P/B 0.69; P/E 10.7
NOG,"Northern Oil and Gas, Inc.",Energy,2531.0,23.27,1.268664059583037,-4.541176470588236,4.6583962,16.164443737708183,2.37,18.9,12.0,50,,"tsr,roce",19.4,0.0,19.4,
SATS,EchoStar Corporation,Communication Services,31639.0,109.17,5.60824,,-957.6316,37.424,4.014,10.8,0.0,,merger_acquisition_close,tsr,19.4,0.0,19.4,
SBUX,Starbucks Corporation,Consumer Cyclical,107456.0,94.26,,53.6551724137931,33.4271,21.50951975476839,3.572,18.8,8.0,,,"eps,tsr,roe",19.4,0.0,19.4,
VLY,Valley National Bancorp,Financial Services,7218.0,13.025,0.9116363520734244,10.702479338842974,9.158985,20.68549634523203,5.178,10.8,-2.0,36,,"eps,tsr",8.4,11.0,19.4,P/B 0.91; P/E 10.7
VLYPP,Valley National Bancorp,Financial Services,5395.0,25.06,0.6814135740110323,10.702479338842974,,20.68549634523203,,10.8,-2.0,36,,"eps,tsr",8.4,11.0,19.4,P/B 0.68; P/E 10.7
CDZIP,Cadiz Inc.,Utilities,251.0,21.55,53.82356184351554,-7.73,,-17.052075641725832,,30.6,0.0,,,"eps,tsr",19.3,0.0,19.3,
SBET,"SharpLink, Inc.",Financial Services,1969.0,9.985,1.3956785774040779,-1.2094485294117645,2.6582913,-3.0035091289200238,26.069,22.5,4.0,,,"eps,tsr,roic",19.2,0.0,19.2,
NLCP,"NewLake Capital Partners, Inc.",Real Estate,312.0,15.16,0.8162526501674341,12.796610169491522,12.054475,7.119849723514652,6.147,4.5,0.0,,,,2.2,17.0,19.2,P/B 0.82; P/E 12.8; EV/EBITDA 7.1
CXM,"Sprinklr, Inc.",Technology,1340.0,5.43,2.4012212404920397,57.00104493207941,9.2641945,18.867738797671223,0.897,14.4,12.0,75,,tsr,19.2,0.0,19.2,
AMRZ,Amrize Ltd,Basic Materials,21106.0,38.13,1.6414956103593095,26.483253,17.36525,13.026,3.075,28.5,-2.0,50,,"eps,tsr,roic",19.2,0.0,19.2,
ARCB,ArcBest Corporation,Industrials,2942.0,131.6317,2.321049993176043,187.9642857142857,17.013357,26.62093269980387,0.889,22.5,4.0,,,"eps,tsr,roce",19.2,0.0,19.2,
ATRC,"AtriCure, Inc.",Healthcare,3060.0,60.1657,5.926046912184155,281.2865221489161,82.59248,107.98280523737617,2.512,22.5,8.0,,,"eps,tsr",19.2,0.0,19.2,
BIO,"Bio-Rad Laboratories, Inc.",Healthcare,10176.0,378.07,1.4185273989043616,45.21488595438174,29.051903,20.312702570145902,2.846,22.5,0.0,,,"eps,tsr,roic,roe",19.2,0.0,19.2,
CDLX,"Cardlytics, Inc. Common Stock",Communication Services,21.0,3.54,,-0.18944564047362758,-1.4647887,-2.5776273259356888,0.853,19.5,11.0,,,"tsr,other_per_share",19.2,0.0,19.2,
FRT,Federal Realty Investment Trust,Real Estate,9528.0,110.295,2.831984402873507,21.90818363273453,38.774693,13.964459874725168,11.903,22.5,4.0,,,"eps,tsr,roic",19.2,0.0,19.2,
TREX,"Trex Company, Inc.",Basic Materials,4617.0,44.44,4.57118487409933,26.178571428571427,25.4003,16.327049391592173,4.524,22.5,12.0,15,,tsr,19.2,0.0,19.2,
BSRR,Sierra Bancorp,Financial Services,519.0,39.6738,1.4142976502942242,11.467936046511628,10.188241,9.294066705261804,4.913,8.2,4.0,50,,tsr,8.1,11.0,19.1,P/E 11.5; EV/EBITDA 9.3
DFTX,"Definium Therapeutics, Inc.",Healthcare,5042.0,37.98,5.487867674127742,-10.973372093023253,-15.484753,-12.890414223758222,,6.3,12.0,50,spin_separation,,19.1,0.0,19.1,
WRLD,World Acceptance Corporation,Financial Services,796.0,170.8,2.263916632917824,19.85583042973287,12.602691,23.819312815200792,2.48,19.2,11.0,,,"eps,tsr",19.1,0.0,19.1,
YETI,"YETI Holdings, Inc.",Consumer Cyclical,3303.0,43.6,5.419262022890744,18.1551724137931,14.804446,11.659174165301337,2.006,15.3,15.0,,,"eps,tsr",19.1,0.0,19.1,
MTW,"Manitowoc Company, Inc. (The)",Industrials,802.0,22.325,1.1434623634288974,40.00892857142857,14.520397,9.293662929598788,0.403,16.2,-2.0,50,,"eps,tsr,roic",13.1,6.0,19.1,EV/EBITDA 9.3
TTMI,"TTM Technologies, Inc.",Technology,13128.0,126.4096,6.786314590152748,55.85210526315789,40.081482,27.672425793909287,7.447,15.3,15.0,,,"eps,tsr",19.1,0.0,19.1,
DTST,Data Storage Corporation,Technology,6.0,2.8,0.5874673978077386,1.484615384615385,-5.736842,-1.2704551983609709,-1.994,2.0,0.0,,,tsr,3.0,16.0,19.0,P/B 0.59; P/E 1.5
EVGO,EVgo Inc.,Consumer Cyclical,439.0,1.4,,-3.4521717298518704,-5.878788,-17.998182471585963,1.883,27.0,7.0,56,,tsr,19.0,0.0,19.0,
ON,ON Semiconductor Corporation,Technology,28967.0,74.406,4.012792978237079,46.92405063291139,28.403877,23.557098206526035,8.003,18.0,4.0,70,,"eps,tsr",19.0,0.0,19.0,
VIRT,"Virtu Financial, Inc.",Financial Services,11383.0,53.47,6.0945694934038634,6.700632911392404,10.764635,7.551165547150201,-1.226,2.0,0.0,,,tsr,3.0,16.0,19.0,P/E 6.7; EV/EBITDA 7.6
CGEH,"Capstone Energy+, Inc.",Industrials,345.0,11.3,-4.146789,,94.16667,37.533,3.198,0.0,4.0,,chapter11_emergence,tsr,19.0,0.0,19.0,
ONC,BeOne Medicines Ltd.,Healthcare,38773.0,362.845,7.4938301624778365,26.495926663104463,27.80637,34.12637871016952,4.756,23.0,7.0,50,,"eps,tsr",19.0,0.0,19.0,
PL,Planet Labs PBC,Industrials,5556.0,16.69,15.895063777684962,-14.990909090909089,8477.478,-17.847572394133362,29.255,2.0,8.0,,merger_acquisition_close,tsr,19.0,0.0,19.0,
RBRK,"Rubrik, Inc.",Technology,23270.0,113.055,,-89.88976377952756,108.56357,-132.36674604854605,9.721,20.0,-6.0,,spin_separation,tsr,19.0,0.0,19.0,
SXC,"SunCoke Energy, Inc.",Basic Materials,847.0,9.975,1.4457421089480875,-15.520735890240102,-45.473686,11.210184536398467,0.714,18.0,12.0,20,,"tsr,roic",19.0,0.0,19.0,
XPRO,Expro Group Holdings N.V.,Energy,1873.0,16.675,1.2443423143139527,91.1392405063291,11.903531,7.043937987035509,0.99,0.0,-2.0,,merger_acquisition_close,tsr,13.0,6.0,19.0,EV/EBITDA 7.0
CHCI,"Comstock Holding Companies, Inc",Real Estate,201.0,20.02,2.4749749399667507,8.212955763800792,,9.773243683012161,2.024,1.8,0.0,,,tsr,2.9,16.0,18.9,P/E 8.2; EV/EBITDA 9.8
GDDY,GoDaddy Inc.,Technology,12844.0,97.0,1916.9783819402985,14.204411764705881,,11.018245466790193,,11.7,12.0,,,tsr,13.8,5.0,18.9,P/E 14.2
LAC,Lithium Americas Corp.,Basic Materials,653.0,2.925,0.46085267377679173,-7.415415924701095,-23.836796,-18.56485120057862,,2.7,7.0,,,tsr,6.8,12.0,18.9,P/B 0.46
NTRS,Northern Trust Corporation,Financial Services,31804.0,173.835,2.373161134491404,14.873612297181895,14.498675,-1.1251697349241483,4.585,9.9,-2.0,75,,"eps,tsr,roe",13.9,5.0,18.9,P/E 14.9
NTRSO,Northern Trust Corporation,Financial Services,32389.0,17.985,2.4168093983554204,14.873612297181895,,-1.1251697349241483,,9.9,-2.0,75,,"eps,tsr,roe",13.9,5.0,18.9,P/E 14.9
TW,Tradeweb Markets Inc.,Financial Services,21433.0,100.6799,3.2305772710987406,23.96785714285714,21.782728,12.821491236116097,9.304,2.7,7.0,,operating_margin_target,"eps,tsr",18.9,0.0,18.9,
SOFI,"SoFi Technologies, Inc.",Financial Services,21684.0,16.9042,1.957678684989031,32.69607843137255,21.935358,23.19080982525147,5.456,22.5,11.0,25,,tsr,18.8,0.0,18.8,
PINS,"Pinterest, Inc.",Communication Services,11518.0,18.105,3.980143018862448,53.07142857142857,9.075279,35.480301707107614,2.574,19.5,-2.0,85,,tsr,18.8,0.0,18.8,
AORT,"Artivion, Inc.",Healthcare,1145.0,23.59,2.5699618411750844,-388.33892617449635,28.635136,25.497380356769565,2.684,25.5,8.0,50,,tsr,18.8,0.0,18.8,
APLE,"Apple Hospitality REIT, Inc.",Real Estate,3748.0,15.875,1.1931729285676533,21.35810810810811,23.489933,9.288922940007293,3.923,13.5,8.0,50,,tsr,12.8,6.0,18.8,EV/EBITDA 9.3
CCK,"Crown Holdings, Inc.",Consumer Cyclical,12055.0,110.84,4.204767785141263,15.808022922636102,11.491664,8.36885903379343,1.382,13.5,4.0,,,"tsr,roic",12.8,6.0,18.8,EV/EBITDA 8.4
HLMN,Hillman Solutions Corp.,Industrials,1416.0,7.215,1.1554392906668016,32.828977533241634,11.514286,8.416886285816563,1.514,13.5,4.0,50,,"tsr,roic",12.8,6.0,18.8,EV/EBITDA 8.4
IBEX,IBEX Limited,Technology,576.0,43.045,3.584548727166429,12.326086956521738,,7.800976083745757,,3.6,4.0,,,"eps,tsr",7.8,11.0,18.8,P/E 12.3; EV/EBITDA 7.8
LUNR,"Intuitive Machines, Inc.",Industrials,2481.0,15.5645,,-16.167660208643817,-190.41667,-32.33474926644335,14.825,4.5,9.0,50,merger_acquisition_close,,18.8,0.0,18.8,
MGEE,MGE Energy Inc.,Utilities,2685.0,71.13,1.863848061011344,17.483990147783253,18.293976,12.086187947664008,4.96,21.6,4.0,50,,"eps,tsr,roe",18.8,0.0,18.8,
SND,"Smart Sand, Inc.",Energy,216.0,5.03,0.908108774995065,18.679615242323347,15.451612,7.914782922524112,0.63,5.4,4.0,,,tsr,6.7,12.0,18.7,P/B 0.91; EV/EBITDA 7.9
FDS,FactSet Research Systems Inc.,Financial Services,10039.0,282.28,4.939965004010254,18.36018336607728,11.413472,11.77730220514167,3.886,17.4,12.0,50,,"eps,tsr",18.7,0.0,18.7,
AIRG,"Airgain, Inc.",Technology,67.0,5.3,2.291793477519274,-9.228070175438598,21.870968,-12.3063341080767,1.625,5.4,0.0,,merger_acquisition_close,"tsr,roe",18.7,0.0,18.7,
CNM,"Core & Main, Inc.",Industrials,8058.0,43.045,3.967363569670113,17.506147540983612,15.772728,10.95100817591623,1.499,5.4,0.0,,ebitda_dollar_target,"eps,tsr",18.7,0.0,18.7,
DCGO,DocGo Inc.,Healthcare,36.0,0.3622,0.3005138282903877,-0.18408163265306118,,-0.2292618158754218,,5.4,0.0,,,"tsr,other_per_share",6.7,12.0,18.7,P/B 0.30
MXL,"MaxLinear, Inc",Technology,7761.0,85.57,16.006551344773534,-70.49579831932773,47.329834,-192.6677353997307,15.795,23.4,-2.0,75,,"eps,tsr",18.7,0.0,18.7,
SKT,Tanger Inc.,Real Estate,4032.0,35.095,5.981846645538067,31.698198198198195,31.751312,15.88324626575601,10.259,23.4,-2.0,67,,"eps,tsr",18.7,0.0,18.7,
BSX,Boston Scientific Corporation,Healthcare,66589.0,44.8,2.6710360208584034,17.84475806451613,12.16234,13.75964869547615,3.742,17.2,12.0,50,,"eps,tsr",18.6,0.0,18.6,
WMT,Walmart Inc.,Consumer Defensive,874582.0,109.8986,9.101315906175204,39.83353790613719,35.638035,21.985400742314248,1.384,25.2,4.0,,,"eps,tsr",18.6,0.0,18.6,
CLF,Cleveland-Cliffs Inc.,Basic Materials,7252.0,12.71,1.2939977516059957,-7.655688622754492,24.49924,24.031065594855306,0.79,17.2,12.0,,,"eps,tsr",18.6,0.0,18.6,
IVT,InvenTrust Properties Corp.,Real Estate,2373.0,30.45,1.3440397795299492,150.44576523031202,-95.80822,14.62403376876702,11.655,17.2,12.0,,,"eps,tsr",18.6,0.0,18.6,
KAI,Kadant Inc,Industrials,3266.0,276.62,3.193171217865124,29.922580645161283,23.26571,12.657667101545554,3.52,17.2,12.0,,,"eps,tsr",18.6,0.0,18.6,
KMB,Kimberly-Clark Corporation,Consumer Defensive,32548.0,98.0551,18.599091270857144,16.621598639455783,13.548842,12.438565673108418,2.46,17.2,12.0,,,"eps,tsr",18.6,0.0,18.6,
LXFR,Luxfer Holdings PLC,Industrials,462.0,17.265,2.074532088010777,57.51666666666666,13.484099,15.99994641509434,1.519,25.2,0.0,,,"eps,tsr,roce",18.6,0.0,18.6,
BANF,BancFirst Corporation,Financial Services,3614.0,107.59,1.8463874692976383,14.295212765957446,14.881016,-2.105337176526322,-1.212,15.0,0.0,10,,"eps,tsr,roe",13.5,5.0,18.5,P/E 14.3
BANFP,BFC Capital Trust II PFD TR 7.20%,Financial Services,3680.0,26.86,1.8800958179385079,14.295212765957446,,-2.105337176526322,,15.0,0.0,10,,"eps,tsr,roe",13.5,5.0,18.5,P/E 14.3
BKNG,Booking Holdings Inc. Common St,Consumer Cyclical,121230.0,156.45,,17.242178191606726,13.961653,11.513840120144618,4.921,9.0,12.0,60,,"eps,tsr",18.5,0.0,18.5,
CTAS,Cintas Corporation,Industrials,79419.0,198.4639,16.5858102280039,37.64959064327485,31.48421,26.783048596277574,6.447,21.0,8.0,,,"eps,tsr",18.5,0.0,18.5,
FDX,FedEx Corporation,Industrials,69543.0,293.95,2.333345866762851,15.902505446623096,16.725529,9.308592103909563,1.214,17.0,-8.0,50,,"eps,tsr,roic,roe",12.5,6.0,18.5,EV/EBITDA 9.3
IE,Ivanhoe Electric Inc.,Basic Materials,1631.0,10.305,3.1021984104796516,-40.24999999999999,-25.90909,98.26412017906335,461.974,18.0,15.0,50,,tsr,18.5,0.0,18.5,
KEQU,Kewaunee Scientific Corporation,Consumer Cyclical,99.0,34.63,1.405539950477538,11.902097902097903,17.374998,6.554503982260838,0.558,7.0,4.0,50,,tsr,7.5,11.0,18.5,P/E 11.9; EV/EBITDA 6.6
KLC,"KinderCare Learning Companies, ",Consumer Defensive,269.0,2.27,0.5766618095313684,-0.5563090214988949,12.633625,-8.62508554797177,1.057,9.0,12.0,,,tsr,12.5,6.0,18.5,P/B 0.58
KW,Kennedy-Wilson Holdings Inc.,Real Estate,1521.0,10.92,2.0203514,91.0,-10.205607,31.625,12.948,18.0,-1.0,,,"eps,tsr,roic,roe,cfroi",18.5,0.0,18.5,
PATK,"Patrick Industries, Inc.",Consumer Cyclical,2290.0,69.5959,2.0242308730801466,15.234649122807017,14.6791,8.941423693590783,1.126,12.8,4.0,,,"eps,tsr",12.4,6.0,18.4,EV/EBITDA 8.9
MZTI,The Marzetti Company,Consumer Defensive,2811.0,102.49,2.6900177919900154,14.692077363896852,14.832363,10.208025543870306,1.42,7.8,15.0,55,,tsr,13.4,5.0,18.4,P/E 14.7
FMC,FMC Corporation,Basic Materials,1278.0,10.205,0.7807550659824047,-0.4545867393278837,,-10.486967138998544,,9.8,7.0,30,,"tsr,roic",12.4,6.0,18.4,P/B 0.78
AAL,"American Airlines Group, Inc.",Industrials,8899.0,13.4434,,-27.234693877551024,7.175037,12.955941251115739,0.671,20.7,4.0,50,,"eps,tsr,roe",18.4,0.0,18.4,
ABT,Abbott Laboratories,Healthcare,179683.0,103.84,3.515613441831344,33.22186495176849,14.590747,20.73131605068893,4.021,9.8,11.0,,,"eps,tsr,roe,cfroi",18.4,0.0,18.4,
ASMB,"Assembly Biosciences, Inc.",Healthcare,481.0,24.28,1.5742331268873773,43.9801818181818,-11.610452,6540.973176470588,2.311,20.7,4.0,,,"eps,tsr,roe",18.4,0.0,18.4,
CURV,Torrid Holdings Inc.,Consumer Cyclical,237.0,2.385,,-26.493362831858406,46.316296,10.406422895203097,0.607,9.8,15.0,60,,tsr,18.4,0.0,18.4,
ENTA,"Enanta Pharmaceuticals, Inc.",Healthcare,348.0,11.955,3.439587921003681,-4.9979253112033195,-6.4757032,-7.977437322550116,5.649,24.8,8.0,30,,tsr,18.4,0.0,18.4,
FWRG,"First Watch Restaurant Group, Inc.",Consumer Cyclical,614.0,9.9456,0.9678290550310722,34.4969512195122,,16.36150139552072,,9.8,11.0,,,tsr,12.4,6.0,18.4,P/B 0.97
IDN,"Intellicheck, Inc.",Technology,48.0,2.375,2.1386722397616613,15.618795499669094,18.177778,9.984565859092175,3.124,9.8,11.0,,,tsr,12.4,6.0,18.4,EV/EBITDA 10.0
L,Loews Corporation,Financial Services,21819.0,106.035,1.1414447248234372,12.905637254901961,36.993103,8.733285433594885,1.371,3.8,3.0,,,"tsr,other_per_share",7.4,11.0,18.4,P/E 12.9; EV/EBITDA 8.7
LUCK,LUCKY STRIKE ENTERTAINMENT CORP,Consumer Cyclical,726.0,5.31,,-16.199095022624434,39.259296,13.392198012589867,3.503,12.8,0.0,50,merger_acquisition_close,,18.4,0.0,18.4,
MTUS,Metallus Inc.,Basic Materials,800.0,19.21,1.155091778130868,99.21052631578951,14.410447,10.013978625730994,0.601,20.7,12.0,40,,tsr,18.4,0.0,18.4,
MCS,Marcus Corporation (The),Communication Services,858.0,27.82,1.8784148230185342,37.82876712328767,44.166664,10.900221072481072,1.482,20.7,4.0,20,,"eps,tsr,roic",18.4,0.0,18.4,
USB,U.S. Bancorp,Financial Services,91785.0,58.9224,1.3611533722120062,11.735528942115769,10.293363,11.103528053295287,4.774,9.9,1.0,,,"eps,tsr,roic,roe",13.4,5.0,18.4,P/E 11.7
CMPR,Cimpress PLC,Industrials,1881.0,77.6067,,19.844387755102044,15.071048,8.23340865472458,1.006,12.6,0.0,75,,tsr,12.3,6.0,18.3,EV/EBITDA 8.2
EA,Electronic Arts Inc.,Communication Services,50689.0,202.15,7.4928646,57.428974,21.051105,33.376,6.581,6.6,-2.0,,revenue_dollar_target,"eps,tsr",18.3,0.0,18.3,
VAC,Marriott Vacations Worldwide Co,Consumer Cyclical,3466.0,100.92,1.684930490520175,-10.480490838585599,11.59551,-131.89107792424244,2.623,30.6,-6.0,20,,"eps,tsr,roic",18.3,0.0,18.3,
AMTB,Amerant Bancorp Inc.,Financial Services,1140.0,29.085,1.2463572146474782,20.759312320916905,11.066824,25.813955382947977,4.254,16.5,12.0,,,"eps,tsr",18.2,0.0,18.2,
ASPS,Altisource Portfolio Solutions ,Real Estate,64.0,5.6412,,-5.5617465302400975,4.62,32.14146815480435,1.367,16.5,4.0,,,"eps,tsr,roce,roe",18.2,0.0,18.2,
BXC,Bluelinx Holdings Inc.,Industrials,636.0,81.66,1.022579695500082,-348.9999999999998,24.91775,13.039914872054725,0.268,16.5,12.0,50,,"eps,tsr",18.2,0.0,18.2,
INSP,"Inspire Medical Systems, Inc.",Healthcare,2020.0,69.88,2.4470700729909325,14.668840781823254,,22.800724546286045,,10.5,12.0,50,,tsr,13.2,5.0,18.2,P/E 14.7
LMAT,"LeMaitre Vascular, Inc.",Healthcare,1843.0,80.6504,4.384330128799882,27.60689655172414,28.858322,20.575676418002466,7.685,16.5,-4.0,80,,"eps,tsr",18.2,0.0,18.2,
PRVA,"Privia Health Group, Inc.",Healthcare,2422.0,19.22,3.2161594616092497,84.56380613606045,21.56995,-5883.580724364053,1.168,14.4,18.0,50,,tsr,18.2,0.0,18.2,
WASH,"Washington Trust Bancorp, Inc.",Financial Services,736.0,38.6048,1.3297074827965596,13.164673539518901,10.212467,16.274999136020813,5.569,13.5,1.0,,,"eps,tsr,roe",13.2,5.0,18.2,P/E 13.2
ZTS,Zoetis Inc.,Healthcare,30117.0,71.84,9.56713453621347,11.797697368421055,10.6016865,9.755111419721219,4.229,8.2,-2.0,,,"eps,tsr",7.1,11.0,18.1,P/E 11.8; EV/EBITDA 9.8
TMCI,"Treace Medical Concepts, Inc.",Healthcare,298.0,4.6,4.405504967742888,-4.78494623655914,-4.6555557,-7.79352755801105,1.406,20.2,12.0,50,,tsr,18.1,0.0,18.1,
CWEN,"Clearway Energy, Inc.",Utilities,6275.0,30.54,1.1466193784030696,40.00657894736843,16.162958,14.2015014610564,12.088,17.2,15.0,50,,tsr,18.1,0.0,18.1,
ECL,Ecolab Inc.,Basic Materials,77619.0,275.795,7.719078435681965,36.876,28.023232,25.95668465551358,5.137,26.2,-2.0,,,"eps,tsr,roic",18.1,0.0,18.1,
ECVT,Ecovyst Inc.,Basic Materials,1152.0,10.525,1.9628520650877492,-19.14597999258985,14.3137865,7.471855194424236,2.106,8.2,4.0,60,,tsr,12.1,6.0,18.1,EV/EBITDA 7.5
FLL,"Full House Resorts, Inc.",Consumer Cyclical,67.0,1.84,,-1.7647058823529411,-7.0243907,19.92722205162995,2.005,20.2,8.0,,,"fcf_per_share,tsr",18.1,0.0,18.1,
IPGP,IPG Photonics Corporation,Technology,3362.0,79.2176,1.5806294193527763,117.92681818181819,,23.519178097813693,,17.2,15.0,50,,tsr,18.1,0.0,18.1,
MGNX,"MacroGenics, Inc.",Healthcare,248.0,3.895,5.774689781447531,-17.41,-2.9221768,-1.9930645844038268,0.922,7.2,-3.0,,spin_separation,"eps,tsr,roe",18.1,0.0,18.1,
AHT,Ashford Hospitality Trust Inc,Real Estate,17.0,2.6101,,-0.17345430107526885,-0.24765626,6.314363913105244,2.556,0.0,0.0,,spin_separation,tsr,12.0,6.0,18.0,EV/EBITDA 6.3
IHRT,"iHeartMedia, Inc.",Communication Services,297.0,2.2869,,-1.2540983606557379,,9.18819594634613,,6.0,14.0,50,,tsr,12.0,6.0,18.0,EV/EBITDA 9.2
LFVN,Lifevantage Corporation,Consumer Defensive,77.0,6.1,2.308303008488557,15.175,14.036394,8.220552551193574,0.402,0.0,0.0,50,spin_separation,tsr,12.0,6.0,18.0,EV/EBITDA 8.2
LNTH,"Lantheus Holdings, Inc.",Healthcare,6506.0,99.93,4.959719383920145,23.74228028503563,16.237259,14.052045439113694,4.456,12.0,12.0,25,,"eps,tsr,roe",18.0,0.0,18.0,
SMBC,"Southern Missouri Bancorp, Inc.",Financial Services,788.0,71.5471,1.3742292810936165,11.034108527131783,10.742223,8.707475191076224,4.633,6.0,0.0,,,"eps,tsr",7.0,11.0,18.0,P/E 11.0; EV/EBITDA 8.7
SRPT,"Sarepta Therapeutics, Inc.",Healthcare,2046.0,19.3811,1.3392994453455234,-13.201388888888888,6.43147,-169.7316374108612,1.028,24.0,8.0,50,,tsr,18.0,0.0,18.0,
TJX,"TJX Companies, Inc. (The)",Consumer Cyclical,145512.0,131.72,15.547779781600598,24.256931608133087,28.443285,16.948108617682724,3.078,26.0,-2.0,25,,"eps,tsr,roic",18.0,0.0,18.0,
NPWR,NET Power Inc.,Industrials,159.0,1.8,1.9046636416966969,-0.26376146788990823,-6.209284,-0.02550870825967565,,12.0,0.0,15,merger_acquisition_close,,18.0,0.0,18.0,
SITM,SiTime Corporation,Technology,16122.0,610.75,15.727831953891119,1153.4494339622647,68.37742,299.01210932426164,48.586,1.0,7.0,,revenue_dollar_target,tsr,18.0,0.0,18.0,
BRBS,"Blue Ridge Bankshares, Inc.",Financial Services,348.0,3.865,1.2568627359497122,35.774253731343286,,29.96518379237288,3.424,19.8,12.0,,,tsr,17.9,0.0,17.9,
ABXL,"Abacus Global Management, Inc. - 9.875% Fixed Rate Senior Notes due 2028",Financial Services,2472.0,25.29,5.623759378804796,81.14748316768194,,35.65187303458582,,12.8,3.0,,,"eps,tsr,roic,roce,roe",17.9,0.0,17.9,
DRVN,Driven Brands Holdings Inc.,Consumer Cyclical,2029.0,12.2983,2.434537192889399,11.566037735849056,8.532975,10.508606513188159,2.191,9.9,4.0,67,,tsr,12.9,5.0,17.9,P/E 11.6
PTC,PTC Inc.,Technology,16425.0,142.2,4.733766506625995,13.632947976878611,13.274214,10.442190236862313,4.735,9.8,12.0,,,tsr,12.9,5.0,17.9,P/E 13.6
SHW,Sherwin-Williams Company (The),Basic Materials,79122.0,325.93,20.526153567073962,29.840639269406395,24.224041,20.894631651308266,3.887,9.9,18.0,,,"eps,tsr",17.9,0.0,17.9,
W,Wayfair Inc.,Consumer Cyclical,13556.0,98.97,,-40.4541015625,23.725733,147.10865365137616,1.129,20.7,11.0,,,tsr,17.9,0.0,17.9,
NIQ,NIQ Global Intelligence plc,Technology,5301.0,17.96,5.844154990077177,-14.581967213114753,6.847276,12.20992218722156,,1.8,6.0,,merger_acquisition_close,tsr,17.9,0.0,17.9,
TXMD,"TherapeuticsMD, Inc.",Healthcare,25.0,2.15,0.9171781660032434,-115.19680851063832,5.571429,-5.1209165872259295,5.959,15.8,0.0,,,"eps,tsr",11.9,6.0,17.9,P/B 0.92
SCI,Service Corporation Internation,Consumer Cyclical,10686.0,78.22,6.951589675336038,17.210176991150444,15.946702,12.54398768314088,3.446,10.8,1.0,64,,"eps,fcf_per_share,tsr,roe",17.9,0.0,17.9,
DBD,"Diebold Nixdorf, Incorporated",Technology,2172.0,63.99,2.2412733862979777,20.479099678456592,,8.740315365710941,,7.5,12.0,,,tsr,11.8,6.0,17.8,EV/EBITDA 8.7
DFLI,Dragonfly Energy Holdings Corp,Industrials,11.0,0.8896,0.48958713390019754,-0.04958240534521158,-4.8292685,-0.7621473153283498,1.036,3.6,0.0,,,"eps,other_per_share",5.8,12.0,17.8,P/B 0.49
LAD,"Lithia Motors, Inc.",Consumer Cyclical,6811.0,309.84,1.0597206741450664,10.18514818481848,7.2192364,16.282011021074293,0.602,10.5,7.0,,,"eps,tsr",12.8,5.0,17.8,P/E 10.2
RMBS,"Rambus, Inc.",Technology,11242.0,103.65,7.665070640141982,46.11022522522522,38.676712,34.926165505237385,20.111,13.5,18.0,,,tsr,17.8,0.0,17.8,
TXT,Textron Inc.,Industrials,13272.0,77.17,1.7712847290804752,14.504716981132077,12.261674,9.17119142857143,1.203,4.5,1.0,50,,"tsr,roic",6.8,11.0,17.8,P/E 14.5; EV/EBITDA 9.2
PEP,"Pepsico, Inc.",Consumer Defensive,177676.0,130.07,8.040348447823332,16.962041884816756,15.586913,11.845532485648372,2.474,12.6,15.0,,,"eps,tsr",17.8,0.0,17.8,
RRGB,"Red Robin Gourmet Burgers, Inc.",Consumer Cyclical,138.0,7.4562,,-4.544378698224852,42.68085,13.777115463825215,0.508,13.5,18.0,,,tsr,17.8,0.0,17.8,
SKWD,Skyward Specialty Insurance Gro,Financial Services,2249.0,55.4791,1.774538145237575,12.411199095022624,9.171749,9.300653291122844,1.211,3.6,-2.0,33,,"tsr,roe,other_per_share",6.8,11.0,17.8,P/E 12.4; EV/EBITDA 9.3
SOLV,Solventum Corporation,Healthcare,15445.0,89.185,3.2176222270833335,10.74817518248175,10.70456,7.769995881062355,2.153,4.5,1.0,50,,"eps,tsr",6.8,11.0,17.8,P/E 10.7; EV/EBITDA 7.8
HROW,"Harrow, Inc.",Healthcare,1268.0,34.0051,83.39103559210527,-33.90680100755668,16.016169,327.7323321436538,6.708,23.4,8.0,,,tsr,17.7,0.0,17.7,
AR,Antero Resources Corporation,Energy,11092.0,36.08,1.3337175051819168,10.205128205128206,,6.52667962614396,,5.4,4.0,50,,tsr,6.7,11.0,17.7,P/E 10.2; EV/EBITDA 6.5
FCFS,"FirstCash Holdings, Inc.",Financial Services,9428.0,217.3804,4.060733792260461,24.64911161731207,18.283457,10.105604158503198,3.208,15.3,12.0,50,,"eps,tsr",17.6,0.0,17.6,
YUM,"Yum! Brands, Inc.",Consumer Cyclical,38623.0,140.13,,17.47752808988764,20.2798,17.4741999618453,6.404,15.3,12.0,50,,"eps,tsr",17.6,0.0,17.6,
TENB,"Tenable Holdings, Inc.",Technology,4015.0,36.408,20.235903285802852,571.9888178913737,12.373308,35.67071659532023,2.958,15.3,12.0,50,,"eps,tsr",17.6,0.0,17.6,
ASTE,"Astec Industries, Inc.",Industrials,963.0,41.9,1.398042659991293,47.92313953488372,13.330166,11.877554727954971,1.087,18.0,1.0,65,,"tsr,roic",17.5,0.0,17.5,
ODFL,"Old Dominion Freight Line, Inc.",Industrials,37034.0,178.0742,8.14403319140458,34.33076923076923,34.855225,20.20514555550661,8.38,21.0,-2.0,66,,"eps,tsr",17.5,0.0,17.5,
PENN,"PENN Entertainment, Inc.",Consumer Cyclical,2102.0,15.715,1.1292075683661957,-2.470380640282329,12.885273,-138.04937341379312,1.866,26.0,-7.0,70,,"tsr,roic",17.5,0.0,17.5,
SPWH,"Sportsman's Warehouse Holdings,",Consumer Cyclical,48.0,1.22,0.29063959558217484,-0.9960969263294845,-4.779014,187.00960821272298,0.457,4.0,3.0,,,tsr,5.5,12.0,17.5,P/B 0.29
MGRC,McGrath RentCorp,Industrials,2733.0,111.885,2.1942668887534635,18.215434083601288,16.860199,9.647087332844974,3.638,14.0,1.0,50,,"tsr,roic",11.5,6.0,17.5,EV/EBITDA 9.6
WULF,TeraWulf Inc.,Financial Services,8508.0,17.17,57.767955208984006,-3.7442499999999996,156.64865,-12.142302464143395,101.425,30.0,1.0,,,tsr,17.5,0.0,17.5,
BEIGF,BEIGENE LTD,Healthcare,29600.0,21.946,6.6591506,64.54706,,35.11,5.049,19.8,7.0,50,,"eps,tsr",17.4,0.0,17.4,
CTRI,"Centuri Holdings, Inc.",Utilities,2014.0,19.95,2.317995419738396,64.80714058017212,29.539593,13.145586403799031,1.233,15.8,15.0,40,,tsr,17.4,0.0,17.4,
FICO,Fair Isaac Corporation,Technology,19019.0,880.6001,,25.300201091640332,20.144415,19.233285727133733,12.796,18.8,12.0,34,,tsr,17.4,0.0,17.4,
KNSA,Kiniksa Pharmaceuticals Interna,Healthcare,5813.0,76.275,8.885667230248766,70.89719626168224,,50.2364204046676,,18.8,12.0,25,,tsr,17.4,0.0,17.4,
VST,Vistra Corp.,Utilities,47155.0,139.85,8.601781858810654,23.083472454090153,14.910423,10.164992462344063,3.958,10.8,12.0,65,,tsr,17.4,0.0,17.4,
SLDP,"Solid Power, Inc.",Consumer Cyclical,543.0,2.415,1.082897738483646,-5.119565217391305,-5.9175253,-6.529383106531139,26.742,18.9,8.0,,,"tsr,roe",17.4,0.0,17.4,
SES,SES AI Corporation,Consumer Cyclical,193.0,0.5289,1.0303732405283894,-2.5579462102689483,-8.430807,-2.3346599461895945,10.948,3.6,3.0,,merger_acquisition_close,tsr,17.3,0.0,17.3,
PMTS,CPI Card Group Inc.,Financial Services,285.0,24.8,,20.283333333333335,5.378498,6.870141586427064,0.928,12.6,6.0,,,tsr,11.3,6.0,17.3,EV/EBITDA 6.9
GPGI,"GPGI, Inc.",Industrials,3522.0,12.15,1.1101759448980235,-6.1091370558375635,11.274786,-8.582306129012307,173887.58,4.5,6.0,,spin_separation,tsr,17.2,0.0,17.2,
MQ,"Marqeta, Inc.",Technology,1562.0,15.97,2.1828503319791435,163.11224489795921,36.93128,34.449476293432916,1.443,14.4,0.0,87,,tsr,17.2,0.0,17.2,
CELH,"Celsius Holdings, Inc.",Consumer Defensive,7419.0,29.02,2.506685370016276,138.61904761904762,15.137887,32.10473999811082,3.288,16.5,14.0,50,,tsr,17.2,0.0,17.2,
CWCO,Consolidated Water Co. Ltd.,Utilities,451.0,28.1845,1.998541764152802,27.68627450980392,20.613792,14.88801532472692,2.805,14.4,4.0,,,"eps,tsr,roe,other_per_share",17.2,0.0,17.2,
DOC,"Healthpeak Properties, Inc.",Real Estate,14330.0,20.785,1.8266477064278657,58.785714285714285,130.4,12.806098264874606,8.443,13.5,9.0,60,,tsr,17.2,0.0,17.2,
LOW,"Lowe's Companies, Inc.",Consumer Cyclical,107886.0,192.41,,16.18158783783784,16.48637,12.01524974447457,1.881,16.5,-2.0,79,,"eps,tsr,roic",17.2,0.0,17.2,
NODK,"NI Holdings, Inc.",Financial Services,309.0,15.1,1.240174270980367,39.20424403183024,,21.038221029683047,0.986,14.4,0.0,60,,"tsr,roe,other_per_share",17.2,0.0,17.2,
MBI,MBIA Inc.,Financial Services,229.0,4.495,,-1.546551724137931,-14.476191,64.46196468085105,35.048,14.4,12.0,,,"tsr,other_per_share",17.2,0.0,17.2,
PANL,Pangaea Logistics Solutions Ltd,Industrials,535.0,8.1803,1.192775112620896,10.871066666666666,8.354749,6.557465736485931,1.175,4.5,0.0,50,,"tsr,roce",6.2,11.0,17.2,P/E 10.9; EV/EBITDA 6.6
RZB,,,0.0,,,,,,,14.4,4.0,,,"eps,tsr,roe,other_per_share",17.2,0.0,17.2,
UMBF,UMB Financial Corporation,Financial Services,10228.0,134.6739,1.273658473453369,11.124172185430464,9.713968,11.162173689196283,4.355,14.4,-2.0,,,"eps,tsr,roe",12.2,5.0,17.2,P/E 11.1
VIAV,Viavi Solutions Inc.,Technology,9192.0,37.26,10.8582483248671,-285.2803738317757,36.843502,63.916252616690244,8.544,20.4,-2.0,50,,"eps,tsr,roic,roe",17.2,0.0,17.2,
AMBA,"Ambarella, Inc.",Technology,2852.0,65.01,4.832753569231656,-52.7984496124031,60.987198,-81.7856383008352,6.923,16.2,14.0,,,tsr,17.1,0.0,17.1,
AQST,"Aquestive Therapeutics, Inc.",Healthcare,608.0,4.845,,-7.346153846153846,-10.466667,-9.031477492328786,10.418,26.1,4.0,42,,tsr,17.1,0.0,17.1,
CHE,Chemed Corp,Healthcare,6543.0,500.59,7.877944034388508,25.055722891566262,16.212189,15.790040711463185,2.357,5.2,1.0,,fda_phase_milestone,"eps,tsr",17.1,0.0,17.1,
CLFD,"Clearfield, Inc.",Technology,422.0,31.03,1.714712853773585,-60.24479875559012,27.896551,32.233213427561836,3.161,11.2,11.0,72,,tsr,17.1,0.0,17.1,
JCI,Johnson Controls International ,Basic Materials,88756.0,146.525,6.583316191366266,25.34922010398613,,27.006749593281512,,14.2,12.0,50,,"eps,tsr",17.1,0.0,17.1,
CECO,CECO Environmental Corp.,Industrials,4314.0,73.87,2.0781806848059934,-128.7679614987968,34.60731,284.9871499548329,4.692,11.2,15.0,,,"eps,tsr",17.1,0.0,17.1,
NXRT,"NexPoint Residential Trust, Inc",Real Estate,533.0,20.965,2.149457345044198,-15.923664122137403,-13.351485,5.682584480605436,8.854,6.3,0.0,,,tsr,5.2,12.0,17.1,EV/EBITDA 5.7
VKTX,"Viking Therapeutics, Inc.",Healthcare,4849.0,41.5645,11.874648456958687,-9.17381974248927,-6.6545024,-8.86363547040453,,7.2,3.0,,fda_phase_milestone,tsr,17.1,0.0,17.1,
NSPR,InspireMD Inc.,Healthcare,35.0,0.75,1.1148249817524039,-1.4515218705906066,-1.1639344,-0.5702312585788196,-0.48,15.0,7.0,,,"eps,tsr,other_per_share",17.0,0.0,17.0,
RXST,"RxSight, Inc.",Healthcare,201.0,4.865,0.7647698906356801,-4.333362831858407,-8.446428,-4.574263133576676,-0.088,0.0,-6.0,,revenue_dollar_target,tsr,11.0,6.0,17.0,P/B 0.76
AKR,Acadia Realty Trust,Real Estate,2623.0,19.1,1.1225250916143599,55.365429234338734,66.03125,10.950772983729662,11.928,9.0,9.0,60,,"eps,tsr",17.0,0.0,17.0,
AVGO,Broadcom Inc.,Technology,1694355.0,356.1379,16.996233827685828,43.99131513647642,21.220005,32.96114707844938,26.533,18.0,12.0,25,,tsr,17.0,0.0,17.0,
CBNK,"Capital Bancorp, Inc.",Financial Services,585.0,35.94,1.386516772657832,10.392128279883382,8.901672,12.411926054327433,0.841,12.0,4.0,,,"eps,tsr",12.0,5.0,17.0,P/E 10.4
CORZ,"Core Scientific, Inc.",Technology,5998.0,18.665,,-4.380095923261391,98.29103,-6.211640305176105,29.373,18.0,4.0,75,,tsr,17.0,0.0,17.0,
CPK,Chesapeake Utilities Corporatio,Utilities,3122.0,130.06,1.8656981092386757,20.584126984126986,16.492308,13.315054914174972,4.629,15.0,7.0,,,"eps,tsr,roe",17.0,0.0,17.0,
EPAC,Enerpac Tool Group Corp.,Industrials,1855.0,35.99,4.37480225834143,20.13483146067416,16.78899,12.792211031637779,3.159,18.0,4.0,,,"eps,tsr,roic",17.0,0.0,17.0,
FELE,"Franklin Electric Co., Inc.",Industrials,4265.0,96.4767,3.0304431815356065,27.514085714285713,20.51181,16.35040058676923,2.214,18.0,4.0,,,"eps,tsr,roic",17.0,0.0,17.0,
FN,Fabrinet,Technology,14337.0,400.13,6.220536050290036,30.549204390613166,33.227104,25.251321823157046,4.632,15.0,11.0,50,,"eps,tsr",17.0,0.0,17.0,
HRTX,"Heron Therapeutics, Inc.",Healthcare,56.0,0.2935,8.041907353792704,-1.5464743589743588,inf,-6.558191610099486,1.174,18.0,4.0,,,"eps,tsr,roe",17.0,0.0,17.0,
KITT,"Nauticus Robotics, Inc.",Industrials,0.0,0.5426,,-0.006872717788210745,-5.1111107,-0.5174030977715821,4.944,12.0,6.0,,,"eps,tsr,roe,other_per_share",17.0,0.0,17.0,
LOB,"Live Oak Bancshares, Inc.",Financial Services,1739.0,37.59,1.3245877836546665,12.979166666666668,9.263922,10.658585879314309,2.253,12.0,0.0,,,"eps,tsr,other_per_share",12.0,5.0,17.0,P/E 13.0
VYGR,"Voyager Therapeutics, Inc.",Healthcare,180.0,2.985,1.1682928285949332,-1.6022099447513813,-2.360451,-1.6549222063413354,3.229,26.0,0.0,55,,"eps,tsr",17.0,0.0,17.0,
MGNI,"Magnite, Inc.",Communication Services,3462.0,24.1721,3.69743373353712,20.52555555555556,14.474111,22.681206584098053,3.885,5.0,1.0,50,ebitda_dollar_target,tsr,17.0,0.0,17.0,
STRK,Strategy Inc,Technology,21826.0,73.47,0.4815217987705028,-1.7051589369463265,,-2.6966404972444353,,2.0,4.0,20,,tsr,5.0,12.0,17.0,P/B 0.48
MLM,"Martin Marietta Materials, Inc.",Basic Materials,29626.0,493.23,2.5654879229303775,12.09342815105444,26.58733,16.946397000959692,6.613,6.0,-2.0,81,,tsr,12.0,5.0,17.0,P/E 12.1
GETY,"Getty Images Holdings, Inc.",Communication Services,93.0,0.2218,0.20617310755822982,-0.5674695674695674,3.8808362,11.458908137439844,2.221,5.9,4.0,,,,5.0,12.0,16.9,P/B 0.21
ABX,"Abacus Global Management, Inc.",Financial Services,745.0,7.77,1.6951445489948807,26.257269928156003,8.142606,10.58294878477169,4.776,10.8,3.0,,,"eps,tsr,roic,roce,roe",16.9,0.0,16.9,
AMWL,American Well Corporation,Healthcare,232.0,13.645,1.0491260210562479,-2.778825995807128,-5.0178576,-0.6994619306594154,-0.094,1.8,4.0,,revenue_dollar_target,tsr,16.9,0.0,16.9,
VVV,Valvoline Inc.,Consumer Cyclical,3642.0,28.56,8.741128293736502,38.7027027027027,18.44888,10.450507328072154,3.659,13.8,12.0,50,,"eps,tsr",16.9,0.0,16.9,
AFRM,"Affirm Holdings, Inc.",Financial Services,23095.0,68.9609,6.104256697000854,11.935078809106832,19.571503,24.17367469703151,8.077,7.8,12.0,,,tsr,11.9,5.0,16.9,P/E 11.9
DG,Dollar General Corporation,Consumer Defensive,26717.0,121.12,2.876355599329418,15.567270375161707,14.178963,12.539902198287718,0.916,27.8,-2.0,50,,"tsr,roic",16.9,0.0,16.9,
DLB,Dolby Laboratories,Technology,5523.0,58.05,2.1376193651596043,24.634453781512608,11.367858,13.27320489215426,3.234,10.8,15.0,25,,"eps,tsr",16.9,0.0,16.9,
JBI,"Janus International Group, Inc.",Basic Materials,586.0,4.295,1.0241356835664335,17.567010309278352,,2.4778359368308354,,2.7,3.0,50,,tsr,4.8,12.0,16.9,EV/EBITDA 2.5
KRC,Kilroy Realty Corporation,Real Estate,3971.0,34.14,0.7597834932420447,23.63194444444444,,11.26745049782743,,9.8,4.0,,,"eps,tsr",10.9,6.0,16.9,P/B 0.76
SHEN,Shenandoah Telecommunications C,Communication Services,681.0,12.305,0.7922226800071633,-15.181358024691358,-14.039604,11.822091218193714,4.255,9.9,4.0,,,"eps,tsr",10.9,6.0,16.9,P/B 0.79
TSEOF,Trinseo PLC,Basic Materials,0.0,0.013,,,-0.0017467273,13.857,0.935,10.8,15.0,40,,"tsr,roe",16.9,0.0,16.9,
ZLAB,Zai Lab Limited,Healthcare,2991.0,26.485,4.926805636229752,-15.406543889845095,-10.413027,-13.1281406044096,3.559,13.5,12.0,,,"eps,tsr",16.8,0.0,16.8,
CHRW,"C.H. Robinson Worldwide, Inc.",Industrials,17734.0,150.45,10.89519452045537,28.228964218455744,25.183664,19.498071900034162,1.438,10.5,15.0,40,,"eps,tsr",16.8,0.0,16.8,
CMTG,"Claros Mortgage Trust, Inc.",Real Estate,195.0,1.38,0.15726901037333338,-0.34745806990960865,-6.5000005,-5.25295088077953,-9.089,5.4,0.0,,,tsr,4.7,12.0,16.7,P/B 0.16
GH,"Guardant Health, Inc.",Healthcare,23900.0,178.1004,,-50.34415472779369,-248.50552,-58.85396804420309,16.734,14.4,15.0,50,,tsr,16.7,0.0,16.7,
IMUX,"Immunic, Inc.",Healthcare,134.0,9.858,1.0525136736661416,-1.9822916666666666,-4.0042295,0.23056104176021555,,5.4,0.0,,,tsr,4.7,12.0,16.7,EV/EBITDA 0.2
KG,"Kestrel Group, Ltd.",Financial Services,41.0,5.18,0.3556377237627238,-1.0304259634888437,,-9.627692055980669,5.887,5.4,0.0,,,tsr,4.7,12.0,16.7,P/B 0.36
KRUS,"Kura Sushi USA, Inc.",Consumer Cyclical,446.0,36.6716,1.9300916021936703,-220.2158823529412,181.99825,60.77175698430923,2.47,14.4,15.0,50,,tsr,16.7,0.0,16.7,
RELL,"Richardson Electronics, Ltd.",Technology,253.0,17.3,1.5797910646269122,38.1715675436657,47.69231,20.70582476918773,1.133,17.4,0.0,,,"eps,tsr,roic,other_per_share",16.7,0.0,16.7,
TWFG,"TWFG, Inc.",Financial Services,325.0,25.0285,7.048562718034279,40.459016393442624,19.592953,3.022260854109394,1.505,5.4,0.0,50,,eps,4.7,12.0,16.7,EV/EBITDA 3.0
ALKS,Alkermes plc,Healthcare,7052.0,42.035,3.899210807000083,104.87593052109183,,37.15016455394324,,14.2,15.0,53,,tsr,16.6,0.0,16.6,
AMCR,Amcor plc,Consumer Cyclical,19885.0,43.01,1.7067623488970904,17.918410041841007,9.581185,10.019730676653811,1.54,13.2,12.0,,,"eps,tsr",16.6,0.0,16.6,
APLD,Applied Digital Corporation,Technology,8167.0,28.37,5.165159113748173,-31.364382022471908,-48.279793,-103.08588777725512,48.228,10.2,11.0,,,"eps,tsr,other_per_share",16.6,0.0,16.6,
INSE,"Inspired Entertainment, Inc.",Consumer Cyclical,118.0,4.4116,,-14.114303757499213,11.962617,4.391379801192843,2.118,5.2,0.0,,,tsr,4.6,12.0,16.6,EV/EBITDA 4.4
CIEN,Ciena Corporation,Technology,50975.0,360.10999,16.676149760954324,77.75541125541126,44.51717,49.71528514422047,10.952,27.0,-2.0,36,,"eps,tsr",16.5,0.0,16.5,
CVX,Chevron Corporation,Energy,410628.0,206.18,2.1625321276786234,19.59789875835721,13.81663,7.829572442589738,2.095,9.0,4.0,,,"tsr,roce",10.5,6.0,16.5,EV/EBITDA 7.8
HUN,Huntsman Corporation,Basic Materials,1621.0,9.245,0.6023168046062407,-9.143460339800946,56.60554,13.345655042704626,0.783,9.0,0.0,60,,tsr,10.5,6.0,16.5,P/B 0.60
JSM,Navient Corporation SR NT 6% 121543,Financial Services,4802.0,17.52,2.0026281150959133,-35.863201663201664,,13.036906299810248,,15.0,-2.0,60,,"eps,tsr,roe",16.5,0.0,16.5,
LADR,Ladder Capital Corp,Real Estate,1161.0,9.155,0.8125854376424182,21.637357414448676,8.633605,26.073862793446363,24.542,6.0,-1.0,,,"eps,tsr,roe,other_per_share",10.5,6.0,16.5,P/B 0.81
NVTS,Navitas Semiconductor Corporati,Technology,3134.0,12.0038,3.9107327479498686,-8.963469633193027,-173.40456,-25.354677557867827,133.325,1.0,4.0,,merger_acquisition_close,tsr,16.5,0.0,16.5,
TPB,"Turning Point Brands, Inc.",Consumer Defensive,1161.0,59.96,2.7000248780510487,24.995798319327733,28.678322,12.155130088229397,3.589,18.0,7.0,20,,"tsr,roic",16.5,0.0,16.5,
ULTA,"Ulta Beauty, Inc.",Consumer Cyclical,23587.0,548.6767,8.921915306756599,19.820497277676953,14.333853,13.267255698093061,1.707,7.0,18.0,,,"eps,tsr",16.5,0.0,16.5,
PRCH,"Porch Group, Inc.",Financial Services,1879.0,16.5548,,-133.8499184339315,-16.506666,23.245693964183065,3.249,17.0,12.0,,,tsr,16.5,0.0,16.5,
MXCT,"MaxCyte, Inc.",Healthcare,130.0,1.215,0.8198500239367064,-3.5746335626682626,-4.8584623,-4.028933444259567,1.247,13.0,0.0,75,,,10.5,6.0,16.5,P/B 0.82
NGS,"Natural Gas Services Group, Inc",Energy,423.0,33.45,1.4351356940567632,20.23006134969325,18.029978,7.177985017989924,4.206,7.0,10.0,50,,tsr,10.5,6.0,16.5,EV/EBITDA 7.2
OMCL,"Omnicell, Inc.",Healthcare,1524.0,33.505,1.1797496486929053,38.55831091355714,17.790434,13.276700020742194,1.419,27.0,-6.0,50,,"eps,tsr,roe",16.5,0.0,16.5,
SGRY,"Surgery Partners, Inc.",Healthcare,1968.0,15.0469,1.1779218034356855,-20.934782608695656,22.241245,6.02055010552976,2.254,9.0,8.0,,,tsr,10.5,6.0,16.5,EV/EBITDA 6.0
JBGS,JBG SMITH Properties,Real Estate,613.0,10.52,0.5746854811409838,-4.1130268199233715,-8.634147,23.257366112763627,7.569,18.8,-2.0,50,,tsr,10.4,6.0,16.4,P/B 0.57
AGM,Federal Agricultural Mortgage C,Financial Services,2353.0,216.29,1.268613931798058,11.795318454001087,8.593443,128.40541942615087,94.195,6.8,4.0,50,,"tsr,roe,other_per_share",11.4,5.0,16.4,P/E 11.8
GTX,Garrett Motion Inc.,Consumer Cyclical,4741.0,25.4196,,13.692887700534756,,11.81035944488189,,6.8,12.0,40,,tsr,11.4,5.0,16.4,P/E 13.7
GVA,Granite Construction Incorporat,Industrials,4943.0,112.95,6.5668741796723475,-29.82493368700264,19.36414,30.443592927752658,1.6,10.8,18.0,,,tsr,16.4,0.0,16.4,
HURN,Huron Consulting Group Inc.,Industrials,2557.0,160.6905,6.644666607755484,23.34457478005865,8.86279,14.453956158377862,1.309,12.8,12.0,33,,"eps,tsr",16.4,0.0,16.4,
JBIO,"Jade Biosciences, Inc.",Healthcare,937.0,15.4,2.1305070434061126,-5.4,-7.377711,-5.061884027182329,,0.9,8.0,,merger_acquisition_close,,16.4,0.0,16.4,
JNJ,Johnson & Johnson,Healthcare,650600.0,269.97,7.656733183886267,31.054335260115607,,20.05487638316732,,9.8,7.0,60,,"eps,tsr",16.4,0.0,16.4,
KVUE,Kenvue Inc.,Consumer Defensive,34071.0,17.745,3.228518318392874,20.327586206896548,14.652252,13.058923813644979,2.78,12.8,12.0,30,,"eps,tsr",16.4,0.0,16.4,
FFIC,Flushing Financial Corporation,Financial Services,524.0,15.47,0.7516276,15.47,9.020408,,3.691,1.8,7.0,,,"eps,tsr,other_per_share",10.4,6.0,16.4,P/B 0.75
ONTO,Onto Innovation Inc.,Technology,14005.0,281.54,7.284084768585989,106.12686567164181,33.92932,53.930549889487104,15.475,11.7,17.0,50,,tsr,16.4,0.0,16.4,
PAYX,"Paychex, Inc.",Industrials,37934.0,106.65,9.451259970849113,20.956435643564358,16.663416,12.359057241530572,9.685,15.6,1.0,60,,"eps,tsr",16.3,0.0,16.3,
AAON,"AAON, Inc.",Industrials,6697.0,81.76,6.628062691010435,42.75257731958763,,22.621627969706726,,13.5,15.0,50,,tsr,16.2,0.0,16.2,
BENF,Beneficient,Financial Services,3.0,2.5,,-0.04622561492790501,0.56478405,0.05453078246259701,16.009,4.5,0.0,,,eps,4.2,12.0,16.2,EV/EBITDA 0.1
CALX,"Calix, Inc",Technology,2193.0,34.825,3.088248516593171,43.96202531645569,15.159807,23.96371151222702,2.068,13.5,15.0,50,,tsr,16.2,0.0,16.2,
LTBR,Lightbridge Corporation,Industrials,240.0,6.8171,1.0042794059038727,-8.93421052631579,,0.028667657737337076,,1.5,3.0,,,tsr,4.2,12.0,16.2,EV/EBITDA 0.0
SEI,"Solaris Energy Infrastructure, ",Energy,4141.0,67.57,4.590913351353029,66.04032100215306,32.621574,23.730386597611798,9.301,13.5,15.0,,,tsr,16.2,0.0,16.2,
UNB,"Union Bankshares, Inc.",Financial Services,109.0,23.6889,1.2089833753650119,9.051724137931036,,30.88096747912282,7.21,4.5,4.0,,,tsr,6.2,10.0,16.2,P/E 9.1
SLVM,Sylvamo Corporation,Basic Materials,1453.0,36.56,1.5212074680628271,19.17250026120573,7.1117706,6.329825746556473,0.74,14.4,-2.0,40,,"tsr,roic",10.2,6.0,16.2,EV/EBITDA 6.3
HCAT,"Health Catalyst, Inc",Healthcare,133.0,1.795,1.3155179664177254,-0.47557065217391303,,-1.27510460845998,,16.2,12.0,,,tsr,16.1,0.0,16.1,
CMG,"Chipotle Mexican Grill, Inc.",Consumer Cyclical,41657.0,32.475,18.936642958353772,29.995412844036696,23.950642,20.775274063018884,3.794,17.1,7.0,40,,"eps,tsr",16.1,0.0,16.1,
INTT,inTEST Corporation,Technology,141.0,11.25,1.3125007288968125,88.71473354231976,,23.667625258799173,,16.2,12.0,,,tsr,16.1,0.0,16.1,
ROIV,Roivant Sciences Ltd.,Healthcare,27093.0,37.5039,6.403047589460666,-98.13710526315789,-20.155834,-90.48757875729991,2322.92,16.2,12.0,,,tsr,16.1,0.0,16.1,
TH,Target Hospitality Corp.,Industrials,2115.0,21.2408,5.715277629022801,-56.25132275132276,29.870205,66.84245050287811,6.344,26.1,-2.0,50,,"eps,tsr",16.1,0.0,16.1,
MBWM,Mercantile Bank Corporation,Financial Services,1017.0,58.89,1.3471819409792298,10.343785211267605,9.099882,13.983788497964431,4.181,6.3,4.0,,,"eps,tsr,roe",11.2,5.0,16.1,P/E 10.3
PRTA,Prothena Corporation plc,Healthcare,457.0,8.731,1.5932744910087804,-10.547710843373492,-6.8167944,-4.210805022120667,2.515,16.2,12.0,,,tsr,16.1,0.0,16.1,
NOV,NOV Inc.,Energy,7342.0,20.595,1.1831856148267526,78.21153846153845,14.161898,10.737498141943734,0.892,8.1,12.0,,,"eps,tsr,roce",16.1,0.0,16.1,
ROAD,"Construction Partners, Inc.",Industrials,5294.0,93.6742,5.086755698851582,36.634765625,32.05744,16.763269855217317,2.674,8.2,4.0,89,,tsr,16.1,0.0,16.1,
HLNE,Hamilton Lane Incorporated,Financial Services,4763.0,85.7718,5.428838243892431,12.888386123680242,11.113845,8.815112601100177,5.454,2.0,4.0,,,tsr,5.0,11.0,16.0,P/E 12.9; EV/EBITDA 8.8
ATYR,"aTyr Pharma, Inc.",Healthcare,35.0,0.355,0.7134577355087317,-0.590967741935484,-0.7066667,-0.5393349617381797,-57.021,9.0,3.0,,,"eps,tsr",10.0,6.0,16.0,P/B 0.71
CVNA,Carvana Co.,Consumer Cyclical,69177.0,63.07,17.17413741757696,22.107809260539046,30.75956,518.6560117464788,2.278,18.0,10.0,50,,tsr,16.0,0.0,16.0,
FTLF,"FitLife Brands, Inc.",Consumer Defensive,87.0,9.28,1.839598682821801,14.136363636363637,,10.60948853094957,,18.0,0.0,,,tsr,11.0,5.0,16.0,P/E 14.1
GPMT,Granite Point Mortgage Trust In,Real Estate,41.0,0.8653,,-0.4160696517412936,,-26.181088339915412,,12.0,12.0,50,,"tsr,other_per_share",16.0,0.0,16.0,
NTRA,"Natera, Inc.",Healthcare,56186.0,392.3202,30.846098429370535,-286.86764705882354,-1110.5193,-307.5290494638302,12.913,0.0,4.0,50,revenue_dollar_target,tsr,16.0,0.0,16.0,
TSCO,Tractor Supply Company,Consumer Cyclical,17056.0,32.5226,6.481495828527891,16.937760416666666,13.128475,12.152482083074354,1.409,18.0,-2.0,60,,"eps,tsr",16.0,0.0,16.0,
USGO,U.S. GoldMining Inc.,Basic Materials,89.0,6.662,10.2228458801139,-15.803863636363639,,-6.106331189360751,,17.0,11.0,,,eps,16.0,0.0,16.0,
EQR,Equity Residential,Real Estate,24763.0,64.09,2.2539124,25.635998,40.82191,17.433,10.597,9.0,15.0,,,"eps,tsr",16.0,0.0,16.0,
PDLB,"Ponce Financial Group, Inc.",Financial Services,489.0,20.205,0.8711990284685456,14.19718309859155,10.915255,19.562826045198847,10.765,6.0,0.0,,,tsr,5.0,11.0,16.0,P/B 0.87; P/E 14.2
PCVX,"Vaxcyte, Inc.",Healthcare,8049.0,55.745,2.9186431872026315,-7.344149214659685,-6.931278,-7.6930191764382565,,12.0,-4.0,50,fda_phase_milestone,tsr,16.0,0.0,16.0,
RNTX,"Rein Therapeutics, Inc.",Healthcare,22.0,0.7732,2.1193802333562113,-0.4229508196721311,,-0.6174842925716458,,21.0,3.0,50,,"eps,tsr",16.0,0.0,16.0,
SSTI,"SoundThinking, Inc.",Technology,74.0,5.6868,1.123786444349524,-4.410852713178294,106.913956,-10.741497832909879,0.931,17.0,3.0,64,,tsr,16.0,0.0,16.0,
ABM,ABM Industries Incorporated,Industrials,2922.0,49.875,1.6320647905261982,17.982014388489212,10.169906,10.709078336380255,0.493,9.8,18.0,,,tsr,15.9,0.0,15.9,
CMT,Core Molding Technologies Inc,Basic Materials,207.0,23.21,1.2823850270367587,26.490066225165563,13.837209,10.97070977195226,0.794,15.8,4.0,50,,"eps,tsr,roce",15.9,0.0,15.9,
DAIO,Data I/O Corporation,Technology,30.0,2.88,2.482663559250861,-3.096774193548387,61.833336,-2.6693679816884344,1.636,0.9,7.0,50,spin_separation,tsr,15.9,0.0,15.9,
GBCI,"Glacier Bancorp, Inc.",Financial Services,5787.0,44.47,1.341857103905336,17.876518218623485,13.280609,16.59353103188985,7.058,15.8,8.0,,,"eps,tsr",15.9,0.0,15.9,
GBFH,GBank Financial Holdings Inc.,Financial Services,273.0,18.8823,1.5811210462357503,14.704228624535316,8.353107,11.026166574697422,4.88,9.8,8.0,,,eps,10.9,5.0,15.9,P/E 14.7
TTC,Toro Company (The),Industrials,9247.0,97.1,6.919692022749382,25.748,18.280695,15.216231452463463,2.098,21.8,-2.0,,,"eps,tsr,roic",15.9,0.0,15.9,
IP,International Paper Company,Basic Materials,19057.0,35.99,1.3183892653061224,-5.480061349693251,13.837683,-120.79144194805194,1.151,22.5,1.0,20,,"tsr,roic",15.8,0.0,15.8,
SMC,Summit Midstream Corporation,Energy,444.0,32.16,0.742457301859202,-28.48181818181818,24.016665,7.883994196775563,3.519,3.6,0.0,,,tsr,3.8,12.0,15.8,P/B 0.74; EV/EBITDA 7.9
PENG,"Penguin Solutions, Inc.",Technology,2847.0,55.55,6.483226670098232,36.650998024388585,23.900454,17.17086339529,2.703,16.5,7.0,50,,"eps,tsr",15.8,0.0,15.8,
TXN,Texas Instruments Incorporated,Technology,247645.0,271.17,13.7527281064586,41.20121028744327,34.2717,28.476238928085202,16.421,11.7,12.0,,,"fcf_per_share,tsr",15.8,0.0,15.8,
BLNK,Blink Charging Co.,Industrials,82.0,0.5724,1.7208289289226455,-1.414840637450199,-3.095238,-1.2547458317362974,0.606,23.4,4.0,,,tsr,15.7,0.0,15.7,
DOMO,"Domo, Inc.",Technology,154.0,3.515,,-3.5969387755102042,22.407408,-27.96162216624685,0.687,24.3,3.0,,,tsr,15.7,0.0,15.7,
HUBG,"Hub Group, Inc.",Industrials,1929.0,31.8385,1.13293811794532,23.281481481481485,22.15849,9.407484209570807,0.843,1.4,10.0,,,"eps,tsr",9.7,6.0,15.7,EV/EBITDA 9.4
STX,Seagate Technology Holdings PLC,Technology,205205.0,915.16,187.4022024109589,63.479022696011,39.507538,49.24945975058824,22.072,17.4,-2.0,50,,"eps,tsr,roic,roe",15.7,0.0,15.7,
TRTX,"TPG RE Finance Trust, Inc.",Real Estate,539.0,7.015,0.5155937755506494,12.572411296162201,7.5704226,14.781043298084635,28.893,5.4,0.0,,,tsr,4.7,11.0,15.7,P/B 0.52; P/E 12.6
BEEM,Beam Global,Energy,28.0,1.255,1.3755434439178515,-1.4137931034482758,-7.2105265,-2.2739158863284747,1.201,7.2,0.0,,operating_margin_target,tsr,15.6,0.0,15.6,
CHPT,"ChargePoint Holdings, Inc.",Consumer Cyclical,242.0,9.3399,6.301781622072272,-1.2722841225626742,-4.0647426,-2.8607304780159657,0.899,16.2,11.0,,,tsr,15.6,0.0,15.6,
SXTP,"60 Degrees Pharmaceuticals, Inc",Healthcare,1.0,1.1,0.3393811073049536,-0.18842975206611565,-0.45810056,-0.007956124831227892,8.106,7.2,0.0,,,,3.6,12.0,15.6,P/B 0.34
WBD,"Warner Bros. Discovery, Inc. - ",Communication Services,77170.0,30.78,2.3500111970278335,-24.16535433070866,-3603.8516,17.483227265123965,2.58,18.0,1.0,70,,tsr,15.5,0.0,15.5,
KODK,Eastman Kodak Company,Industrials,938.0,9.58,1.5055346741573035,-7.272382397572079,,100.2278145,0.817,9.0,18.0,,,tsr,15.5,0.0,15.5,
MITK,"Mitek Systems, Inc.",Technology,817.0,18.085,3.2599714197897995,35.83399840383081,14.213344,12.355957830640577,4.002,12.0,7.0,75,,tsr,15.5,0.0,15.5,
MPWR,"Monolithic Power Systems, Inc.",Technology,65262.0,1328.35,16.75346136903197,82.26143292682929,51.848778,64.7991317249553,25.524,15.0,12.0,,,tsr,15.5,0.0,15.5,
PEN,"Penumbra, Inc.",Healthcare,12574.0,319.23001,8.214370187866729,77.97799266503668,50.48785,56.61998890533543,8.304,16.0,3.0,75,,tsr,15.5,0.0,15.5,
SHAK,"Shake Shack, Inc.",Consumer Cyclical,2328.0,57.705,4.277691320011537,59.41697191697191,39.12842,13.01631704972767,2.036,12.0,7.0,60,,tsr,15.5,0.0,15.5,
PRCT,PROCEPT BioRobotics Corporation,Healthcare,1040.0,18.2766,3.059025812332755,-9.288659793814434,-25.080832,-8.88604861188313,3.318,12.0,7.0,71,,tsr,15.5,0.0,15.5,
SN,"SharkNinja, Inc.",Consumer Cyclical,23780.0,168.03,8.363196759058175,34.275862068965516,20.06282,22.30471697553454,3.078,24.0,3.0,,,tsr,15.5,0.0,15.5,
ZURA,Zura Bio Limited,Healthcare,400.0,4.21,2.0292785295684603,-3.8765486725663716,-37.5,-2.404399197779903,,11.0,0.0,,spin_separation,,15.5,0.0,15.5,
DH,Definitive Healthcare Corp.,Healthcare,94.0,0.8949,0.6528333033763791,-0.6178125,4.002317,-0.531417196666124,0.488,10.8,4.0,,,tsr,9.4,6.0,15.4,P/B 0.65
AME,"AMETEK, Inc.",Industrials,56746.0,247.58,5.039274757847226,35.8806404657933,26.938953,24.044988045980997,7.422,15.8,7.0,55,,"eps,tsr",15.4,0.0,15.4,
AMRN,Amarin Corporation plc,Healthcare,280.0,13.55,0.6317436431508332,-9.54714075733184,16.357143,-7.273754197445222,0.166,6.8,8.0,,,tsr,9.4,6.0,15.4,P/B 0.63
INOD,Innodata Inc.,Technology,2246.0,68.78,14.078726309125328,50.44055944055944,47.75,31.418361711226794,10.604,18.9,0.0,50,,"eps,tsr,roe",15.4,0.0,15.4,
PTON,"Peloton Interactive, Inc.",Consumer Cyclical,2047.0,4.9075,,33.83647798742138,23.455284,15.509720374882338,1.268,15.8,11.0,,,tsr,15.4,0.0,15.4,
PAAPU,,,0.0,,,,,,,0.9,6.0,50,spin_separation,tsr,15.4,0.0,15.4,
PGC,Peapack-Gladstone Financial Cor,Financial Services,790.0,44.56,1.1030480828740474,15.110921501706486,9.3766365,10.668373278368202,2.422,10.8,12.0,,,"eps,tsr",15.4,0.0,15.4,
OGS,"ONE Gas, Inc.",Utilities,4515.0,71.935,1.2761350812321257,15.493562231759658,15.306387,10.119743848751897,3.522,10.8,12.0,,,"eps,tsr",15.4,0.0,15.4,
FWRD,Forward Air Corporation,Industrials,472.0,14.92,,-1.654742152466368,-53.763866,-22.734505099386958,1.007,11.7,15.0,,,tsr,15.3,0.0,15.3,
INCY,Incyte Corporation,Healthcare,25264.0,124.64,3.9821164403026468,15.354243542435427,10.717992,10.44141452632239,2.919,11.7,15.0,,,tsr,15.3,0.0,15.3,
KVYO,"Klaviyo, Inc. Series A",Technology,4950.0,16.54,5.1188885084548055,785.813953488372,,160.14947744305113,,11.7,15.0,,,tsr,15.3,0.0,15.3,
SSRM,SSR Mining Inc.,Basic Materials,7662.0,36.9245,2.1100344782571336,27.534090909090907,6.2819805,8.010382601517565,3.49,12.6,-2.0,,,"tsr,roic",9.3,6.0,15.3,EV/EBITDA 8.0
TDOC,"Teladoc Health, Inc.",Healthcare,1135.0,6.245,0.8660481113007478,-6.237373737373738,-12.463321,-19.68124018142017,0.694,3.6,3.0,75,,tsr,9.3,6.0,15.3,P/B 0.87
PLUS,ePlus inc.,Technology,2392.0,91.6921,2.2498727694399876,19.064449064449065,14.099914,9.82549457955026,0.755,6.6,4.0,10,,"eps,tsr",9.3,6.0,15.3,EV/EBITDA 9.8
CWBC,Community West Bancshares,Financial Services,542.0,25.7217,0.8909836152150308,13.744891374489137,8.389675,14.078531521201938,4.478,4.5,0.0,,,tsr,4.2,11.0,15.2,P/B 0.89; P/E 13.7
AVTR,"Avantor, Inc.",Healthcare,10081.0,14.905,1.7905457878938582,-17.61444921316166,11.263035,106.76329502793295,1.538,10.5,12.0,25,,"eps,tsr",15.2,0.0,15.2,
BEN,"Franklin Resources, Inc.",Financial Services,17153.0,33.01,1.4613158181833672,21.89,11.055952,17.776661292847823,2.273,14.4,4.0,,,"eps,tsr,roic",15.2,0.0,15.2,
CEG,Constellation Energy Corporatio,Utilities,94756.0,263.87,2.9632626580667356,25.615646258503396,20.233116,13.945242799410725,4.049,10.5,12.0,,,"eps,tsr",15.2,0.0,15.2,
CHD,"Church & Dwight Company, Inc.",Consumer Defensive,22735.0,95.95,5.2290300381802295,30.74198717948718,23.383245,20.461817274220035,3.953,10.5,12.0,50,,"eps,tsr",15.2,0.0,15.2,
ESAB,ESAB Corporation,Industrials,4234.0,69.54,1.6676827029469241,24.827838827838825,15.758335,14.278683389290876,2.627,10.5,12.0,,,"eps,tsr",15.2,0.0,15.2,
LINE,"Lineage, Inc.",Real Estate,8316.0,36.5272,1.0536306936526036,-50.310211413569164,-61.761192,11.94743865880619,3.509,14.4,12.0,,,tsr,15.2,0.0,15.2,
NTST,NetSTREIT Corp.,Real Estate,1772.0,18.22,1.1269815062133526,128.97687456201825,46.82927,18.874329574810986,15.041,13.5,1.0,75,,"tsr,roic",15.2,0.0,15.2,
PLOW,"Douglas Dynamics, Inc.",Industrials,924.0,39.94,3.082237369810351,17.638392857142854,15.858748,12.621585376891826,2.021,4.5,-2.0,50,operating_margin_target,"eps,tsr",15.2,0.0,15.2,
WSR,Whitestone REIT,Real Estate,986.0,18.95,2.1133044,19.739584,42.299107,17.845,9.907,13.5,1.0,,,"eps,tsr,roic,roe",15.2,0.0,15.2,
BYRN,"Byrna Technologies, Inc.",Industrials,78.0,3.455,1.375946247126336,-23.465346534653467,98.333336,-20.801057263751762,1.048,12.2,14.0,,,tsr,15.1,0.0,15.1,
CWK,Cushman & Wakefield Ltd.,Real Estate,2943.0,12.56,1.4556137621803433,42.54626456477039,7.5975757,12.756299652010345,0.526,11.2,7.0,,,"eps,tsr,roe",15.1,0.0,15.1,
EXTR,"Extreme Networks, Inc.",Technology,2871.0,21.9502,36.35288022541632,68.66230121608979,24.015612,35.71394610030118,3.298,10.2,12.0,,,"eps,tsr",15.1,0.0,15.1,
JJSF,J & J Snack Foods Corp.,Consumer Defensive,1462.0,77.9732,1.6391677579401778,29.96936199510404,17.014463,11.43223242268533,0.986,23.2,3.0,50,,tsr,15.1,0.0,15.1,
MCD,McDonald's Corporation,Consumer Cyclical,168070.0,236.55,,19.239464343598055,19.59441,14.827876475854728,9.17,17.1,1.0,40,,"eps,tsr,roic",15.1,0.0,15.1,
VLTO,Veralto Corp,Industrials,23393.0,95.955,7.553500596060704,24.07894736842106,18.064775,18.243594423390082,3.947,17.1,1.0,,,"eps,tsr,roic",15.1,0.0,15.1,
NRG,"NRG Energy, Inc.",Utilities,21396.0,101.41,4.4070216807415035,26.308900523560208,11.621393,10.539694866335463,1.616,16.2,-2.0,33,,"eps,tsr,roic,roe",15.1,0.0,15.1,
ATEX,Anterix Inc.,Communication Services,1623.0,83.26,6.8804230327483245,23.703239765415933,,774.378799389002,,18.0,8.0,,,eps,15.0,0.0,15.0,
ATO,Atmos Energy Corporation,Utilities,26093.0,156.32,1.7101066580688054,18.38574793875147,18.962233,13.432333874743998,7.764,18.0,4.0,,,"eps,tsr",15.0,0.0,15.0,
BOXL,Boxlight Corporation,Technology,3.0,4.84,,-0.03627983049587391,-0.039740518,-4.693784431845027,0.335,18.0,0.0,,,"eps,tsr,other_per_share",15.0,0.0,15.0,
CDIO,Cardio Diagnostics Holdings Inc,Healthcare,6.0,1.92,0.7651445548196857,-0.6575342465753424,-7.92,-0.07252514489364802,-41.308,10.0,0.0,,,"eps,other_per_share",9.0,6.0,15.0,P/B 0.77
CGC,Canopy Growth Corporation,Healthcare,405.0,0.9584,0.8278087656995817,-2.019748653500898,-13.238615,-5.528973904274127,0.847,14.0,0.0,,,tsr,9.0,6.0,15.0,P/B 0.83
CGNX,Cognex Corporation,Technology,9860.0,59.25,6.050947941002298,55.72857142857143,37.503544,33.98600115431218,10.296,9.0,17.0,,,tsr,15.0,0.0,15.0,
FFIN,"First Financial Bankshares, Inc",Financial Services,4622.0,32.2613,2.314834833918995,17.08,15.335671,13.033506480730708,7.106,18.0,0.0,50,,"eps,tsr,roe",15.0,0.0,15.0,
GOLF,Acushnet Holdings Corp.,Consumer Cyclical,4800.0,81.97,5.1923735999939415,22.557065217391305,26.037464,14.921941145127533,2.887,18.0,4.0,50,,"tsr,roic",15.0,0.0,15.0,
MYFW,"First Western Financial, Inc.",Financial Services,296.0,30.465,1.0563095693762852,16.001368421052632,11.252302,13.489258177613667,1.493,14.0,4.0,50,,"eps,tsr,other_per_share",15.0,0.0,15.0,
PMTV,,,0.0,,,,,,,11.0,11.0,55,,"tsr,roe",15.0,0.0,15.0,
QXO,"QXO, Inc.",Industrials,13077.0,12.605,1.2601113316631336,-14.837080678129132,24.086582,43.82074503738077,1.728,18.0,8.0,50,,tsr,15.0,0.0,15.0,
SDSYA,"South Dakota Soybean Processors, LLC",Consumer Defensive,243.0,8.0,1.2207731992443742,7.207207207207208,,28.646966258931524,,6.0,0.0,,,tsr,5.0,10.0,15.0,P/E 7.2
TISI,"Team, Inc.",Industrials,132.0,28.83,16.196741428044735,-3.0392781316348194,-28.758621,11.622197951066651,0.521,15.0,3.0,,,"eps,tsr,other_per_share",15.0,0.0,15.0,
FTAIN,,,0.0,,,,,,,21.0,1.0,50,,"eps,tsr",15.0,0.0,15.0,
NSC,Norfolk Southern Corporation,Industrials,70915.0,315.73,4.363224256444964,26.913395904436864,22.153711,15.932673842746402,6.868,9.0,5.0,60,,"eps,tsr",15.0,0.0,15.0,
OLPX,"Olaplex Holdings, Inc.",Consumer Cyclical,1378.0,2.05,1.5684774,,20.621668,26.121,3.301,2.0,0.0,,ebitda_dollar_target,tsr,15.0,0.0,15.0,
PMTW,PennyMac Mortgage Investment Trust,Real Estate,1806.0,25.21,,,,,,11.0,11.0,55,,"tsr,roe",15.0,0.0,15.0,
SLS,"SELLAS Life Sciences Group, Inc",Healthcare,2151.0,11.56,15.622577148834777,-55.05537150970185,-53.666664,-79.02096934352588,,2.0,0.0,,merger_acquisition_close,tsr,15.0,0.0,15.0,
WPC,W. P. Carey Inc. REIT,Real Estate,15156.0,66.53,1.7476155987785154,22.769624573378838,20.567707,17.309655611796714,13.998,0.0,-2.0,60,spin_separation,tsr,15.0,0.0,15.0,
NEXT,NextDecade Corporation,Energy,1829.0,6.87,,-4.926544117647059,105.0,-34.94906241607671,,14.0,12.0,50,,tsr,15.0,0.0,15.0,
OPTT,"Ocean Power Technologies, Inc.",Industrials,13.0,2.0562,0.6622504480286738,-0.28569480430928673,-0.1311659,-0.3757558065973791,19.853,12.0,-6.0,75,,tsr,9.0,6.0,15.0,P/B 0.66
RDNT,"RadNet, Inc.",Healthcare,5805.0,73.82,5.295884509694441,-276.17260787992495,56.968403,21.386004785228053,2.787,18.0,8.0,,,tsr,15.0,0.0,15.0,
YORW,The York Water Company,Utilities,502.0,30.9561,1.7051226773505146,19.1583850931677,19.300653,18.737690103389323,9.057,18.0,0.0,,,"eps,tsr,roe",15.0,0.0,15.0,
ABTC,American Bitcoin Corp.,Financial Services,733.0,10.0565,1.0910831756121369,-3.483283738841239,42.52,-7.332827034883721,4.653,1.8,0.0,,merger_acquisition_close,tsr,14.9,0.0,14.9,
AZO,"AutoZone, Inc.",Consumer Cyclical,45943.0,2814.21606,,28.89537933817595,17.453056,20.55019241551163,3.144,10.8,7.0,,,"eps,tsr,roic",14.9,0.0,14.9,
HLX,"Helix Energy Solutions Group, I",Energy,1281.0,8.69,0.82213813,86.899994,15.587443,7.143,1.079,3.8,-2.0,50,,tsr,2.9,12.0,14.9,P/B 0.82; EV/EBITDA 7.1
INDB,Independent Bank Corp.,Financial Services,3875.0,80.3038,1.1031438740813522,14.48375451263538,9.70144,13.411100244148086,4.553,3.8,4.0,,,"eps,tsr,roe",9.9,5.0,14.9,P/E 14.5
MTD,"Mettler-Toledo International, I",Healthcare,30262.0,1497.58,2360.0169701317946,33.372362595419844,22.32731,24.69744829461836,6.187,10.8,7.0,,,"eps,tsr,roe",14.9,0.0,14.9,
SSB,SouthState Bank Corporation,Financial Services,9945.0,102.56,1.0891305128594877,10.648225469728601,9.234467,12.111257852479067,3.361,1.8,-2.0,60,,"eps,tsr,other_per_share",9.9,5.0,14.9,P/E 10.6
VNOM,"Viper Energy, Inc.",Energy,15020.0,41.72,2.9831737596822245,293.39285714285717,17.371832,15.211228521415268,9.644,10.8,15.0,,,tsr,14.9,0.0,14.9,
ASH,Ashland Inc.,Basic Materials,3165.0,69.11,1.692395467379679,61.01315789473685,15.457582,10.810564876923078,2.348,9.6,4.0,60,,"eps,tsr",14.8,0.0,14.8,
AVT,"Avnet, Inc.",Technology,8350.0,101.8,1.6857426510653324,24.825552825552826,11.589484,13.595578496589692,0.42,9.6,0.0,50,,"eps,tsr,roic,roce,roe",14.8,0.0,14.8,
BHB,"Bar Harbor Bankshares, Inc.",Financial Services,669.0,39.945,1.2169242928785629,13.323232323232324,9.526178,15.50284471276099,4.341,7.5,4.0,50,,"tsr,roe",9.8,5.0,14.8,P/E 13.3
CXW,"CoreCivic, Inc.",Industrials,3129.0,31.64,2.1750996880728715,26.418699186991866,14.522613,11.625309436397796,1.742,13.5,12.0,50,,tsr,14.8,0.0,14.8,
DIN,"Dine Brands Global, Inc. Common",Consumer Cyclical,371.0,29.27,,57.08823529411765,6.6180773,20.81925096599074,2.187,13.5,12.0,,,tsr,14.8,0.0,14.8,
DV,"DoubleVerify Holdings, Inc.",Technology,2056.0,13.395,1.8782519183151354,36.17567567567568,8.281291,12.433142966987576,1.972,13.5,12.0,50,,tsr,14.8,0.0,14.8,
EFSI,"Eagle Financial Services, Inc.",Financial Services,248.0,45.905,1.2813239472937779,13.144508670520231,,13.20048322147651,,7.5,4.0,,,"tsr,other_per_share",9.8,5.0,14.8,P/E 13.1
HR,Healthcare Realty Trust Incorpo,Real Estate,6338.0,18.07,1.5029324481853612,-68.8143347312238,-494.75003,15.761237192641074,9.671,13.5,12.0,40,,tsr,14.8,0.0,14.8,
HSTM,"HealthStream, Inc.",Healthcare,843.0,28.855,2.363972041895094,40.20402459474566,29.641617,11.26171972791012,2.234,1.5,0.0,,ebitda_dollar_target,tsr,14.8,0.0,14.8,
SCCD,Sachem Capital Corp. 6.00% Notes Due 2026,Real Estate,1164.0,24.835,7.3312589362184495,-3.492003046458492,,59.20753317360855,,13.5,0.0,,,"eps,tsr,roic,roe",14.8,0.0,14.8,
SCCG,Sachem Capital Corp. 8.00% Note,Real Estate,1178.0,24.7,7.418321892790569,-3.492003046458492,,59.20753317360855,,13.5,0.0,,,"eps,tsr,roic,roe",14.8,0.0,14.8,
SYNA,Synaptics Incorporated,Technology,3853.0,98.63,2.8356162022521527,-7.7852614896988905,26.718527,-77.14652863138686,5.05,18.6,3.0,50,,"eps,tsr",14.8,0.0,14.8,
WKSP,"Worksport, Ltd.",Consumer Cyclical,7.0,0.4256,0.340961700342216,-0.18875536480686697,-2.2360606,-0.5960982840475925,0.71,1.5,0.0,,,tsr,2.8,12.0,14.8,P/B 0.34
MPAA,"Motorcar Parts of America, Inc.",Consumer Cyclical,201.0,10.64,0.7791591006664166,-48.397435897435905,8.126984,7.650793751051146,0.605,3.6,-2.0,,,tsr,2.8,12.0,14.8,P/B 0.78; EV/EBITDA 7.7
SCCE,Sachem Capital Corp. 6.00% Note,Real Estate,1156.0,24.6644,7.280898042722555,-94.11764705882352,,-1428.843456273764,,13.5,0.0,,,"eps,tsr,roic,roe",14.8,0.0,14.8,
SCCF,Sachem Capital Corp. 7.125% Not,Real Estate,1176.0,24.66,7.40630841604111,-3.492003046458492,,59.20753317360855,,13.5,0.0,,,"eps,tsr,roic,roe",14.8,0.0,14.8,
EYPT,"EyePoint, Inc.",Healthcare,323.0,3.85,1.9397094963674277,-1.0080213903743314,-4.81173,-0.7607888311838293,165.708,5.4,0.0,,fda_phase_milestone,tsr,14.7,0.0,14.7,
INDV,"Indivior Pharmaceuticals, Inc.",Healthcare,4528.0,36.29,,12.693661971830986,9.651002,11.039237335829803,3.879,8.2,7.0,50,,tsr,9.6,5.0,14.6,P/E 12.7
AM,Antero Midstream Corporation,Energy,10319.0,21.74,5.304590608798103,25.619047619047617,14.575751,14.19762654092176,,17.1,4.0,,,"tsr,roic",14.6,0.0,14.6,
BSY,"Bentley Systems, Incorporated",Technology,9581.0,32.78,7.970594000875177,35.56902173913044,,21.24237631529173,,17.2,8.0,50,,tsr,14.6,0.0,14.6,
CZR,"Caesars Entertainment, Inc.",Consumer Cyclical,6025.0,29.5756,1.7852302127407407,-12.984649122807019,34.703087,9.135499054517611,2.704,7.2,-2.0,60,,tsr,8.6,6.0,14.6,EV/EBITDA 9.1
KE,"Kimball Electronics, Inc.",Industrials,645.0,26.8,1.1157623406885233,23.80701754385965,18.648602,6.889242605362471,0.49,7.2,-2.0,60,,tsr,8.6,6.0,14.6,EV/EBITDA 6.9
KELYA,"Kelly Services, Inc.",Industrials,574.0,16.55,0.5842923737270875,-2.1382842509603073,6.6432743,-13.442394262948207,0.134,5.2,8.0,,,tsr,8.6,6.0,14.6,P/B 0.58
KELYB,"Kelly Services, Inc.",Industrials,507.0,22.2012,0.51622083299389,-2.1382842509603073,,-13.442394262948207,0.19,5.2,8.0,,,tsr,8.6,6.0,14.6,P/B 0.52
CRNC,Cerence Inc.,Technology,367.0,8.13,2.2084038496218907,-22.00468448608432,,9.544508432483688,,9.0,4.0,50,,tsr,8.5,6.0,14.5,EV/EBITDA 9.5
NAMS,NewAmsterdam Pharma Company N.V,Healthcare,2640.0,22.58,4.180550956412668,-10.391009174311925,-23.189003,-8.76167595084707,126.353,13.0,12.0,,,tsr,14.5,0.0,14.5,
WOR,"Worthington Enterprises, Inc.",Industrials,3003.0,61.36,2.9949486973348227,17.873511904761905,15.50308,17.846709158553086,2.506,9.0,12.0,,,"eps,tsr",14.5,0.0,14.5,
WCC,"WESCO International, Inc.",Industrials,18036.0,370.09,3.4552170460554046,25.065529010238908,19.38988,14.913353179161692,0.973,11.0,10.0,,,"eps,tsr",14.5,0.0,14.5,
RMNI,"Rimini Street, Inc.",Technology,405.0,4.335,,51.69286577992746,8.103949,12.440404695038525,0.781,7.0,18.0,40,,tsr,14.5,0.0,14.5,
ALSN,"Allison Transmission Holdings, ",Consumer Cyclical,9577.0,115.47,4.8391196189994945,18.09621451104101,10.497933,12.10028275868373,3.813,9.8,15.0,,,tsr,14.4,0.0,14.4,
EOSE,"Eos Energy Enterprises, Inc.",Industrials,1064.0,3.6756,,-0.8064159292035399,-161.25633,-12.209034180261611,21.232,18.8,-2.0,,,"eps,tsr,other_per_share",14.4,0.0,14.4,
MLI,"Mueller Industries, Inc.",Industrials,13460.0,60.855,3.7939453893312662,15.523687580025607,15.7017145,10.014177624489838,3.165,18.9,-2.0,,,"eps,tsr,other_per_share",14.4,0.0,14.4,
SBCF,Seacoast Banking Corporation of,Financial Services,3176.0,32.6565,1.033120508274424,19.599397590361445,11.3452015,16.567924438356588,5.934,10.8,-2.0,75,,"eps,tsr,other_per_share",14.4,0.0,14.4,
NDSN,Nordson Corporation,Industrials,17886.0,321.015,5.471395214953294,32.39174219536757,23.804832,20.701111512203774,6.323,15.8,1.0,,,"eps,tsr,roic",14.4,0.0,14.4,
QCRH,"QCR Holdings, Inc.",Financial Services,1643.0,99.525,1.4291174091568914,11.7,10.922475,11.694796653343927,4.701,9.9,1.0,,,"eps,tsr",9.4,5.0,14.4,P/E 11.7
BOX,"Box, Inc.",Technology,4570.0,32.985,21.84654627469354,46.58801921446737,13.791801,26.285419947265147,5.827,21.6,3.0,,,tsr,14.3,0.0,14.3,
SWBI,"Smith & Wesson Brands, Inc.",Industrials,628.0,14.03,1.7267189627371236,25.632563256325636,48.727272,10.151560236102808,1.407,12.6,12.0,50,,tsr,14.3,0.0,14.3,
WTS,"Watts Water Technologies, Inc.",Industrials,12021.0,360.01,5.490569667032063,31.269633507853406,26.423504,19.27557065249629,4.462,12.6,4.0,,,"eps,tsr,roic",14.3,0.0,14.3,
RXO,"RXO, Inc.",Industrials,3323.0,20.15,2.2066031122177954,-32.78140293637847,50.962444,128.67124380018703,0.849,3.6,-3.0,,spin_separation,"eps,tsr",14.3,0.0,14.3,
AMLX,"Amylyx Pharmaceuticals, Inc.",Healthcare,3504.0,31.514,14.650539949073242,-21.81560283687943,-12.377567,-22.502593032494108,,4.5,0.0,,fda_phase_milestone,tsr,14.2,0.0,14.2,
BRSP,"BrightSpire Capital, Inc.",Real Estate,517.0,4.085,0.5989145461076734,-17.506459948320416,7.9142857,40.77566231906901,9.6,4.5,4.0,,,"tsr,other_per_share",8.2,6.0,14.2,P/B 0.60
FRSH,Freshworks Inc.,Technology,3523.0,12.7461,3.9326807799156867,19.49436491014316,11.090248,39.66879027520099,1.961,13.5,11.0,,,tsr,14.2,0.0,14.2,
HYLN,Hyliion Holdings Corp.,Consumer Cyclical,791.0,4.435,4.664893086546458,-14.160189253126054,-26.557377,-16.52854309956788,236.455,4.5,0.0,,spin_separation,tsr,14.2,0.0,14.2,
LNZA,"LanzaTech Global, Inc.",Industrials,13.0,5.955,,0.08057800570783331,-17.647058,-0.019447928051140838,1.165,4.5,0.0,,,tsr,4.2,10.0,14.2,P/E 0.1
LVLU,"Lulu's Fashion Lounge Holdings,",Consumer Cyclical,29.0,10.18,,-3.630952380952381,-28.074072,-20.290790419161677,0.159,4.5,0.0,50,revenue_dollar_target,,14.2,0.0,14.2,
LVS,Las Vegas Sands Corp.,Consumer Cyclical,25358.0,39.15,43.64458064371773,15.156976744186048,,8.069062881983543,,4.5,4.0,50,,"eps,tsr",8.2,6.0,14.2,EV/EBITDA 8.1
TBRG,"TruBridge, Inc.",Healthcare,391.0,26.09,2.148209,89.96552,8.824117,15.356,1.501,5.4,7.0,60,,"eps,tsr",14.2,0.0,14.2,
WHD,"Cactus, Inc. Class A Common Sto",Energy,4636.0,66.785,3.736337896996815,55.63865546218487,15.778267,11.665989966392079,3.383,13.5,7.0,50,,"tsr,roce",14.2,0.0,14.2,
BRZE,"Braze, Inc.",Technology,2906.0,25.8,4.826814953357961,-24.996504854368933,,-32.66986213563184,,16.2,8.0,33,,tsr,14.1,0.0,14.1,
ELV,"Elevance Health, Inc.",Healthcare,86682.0,399.695,1.9312784543591115,17.660444444444447,13.283187,13.36089359260647,0.396,5.2,15.0,,,"eps,tsr",14.1,0.0,14.1,
GTLB,GitLab Inc.,Technology,8263.0,48.92,8.954648021328362,-155.94990488268863,25.805197,-200.8660878830881,3.159,16.2,8.0,,,tsr,14.1,0.0,14.1,
SCHW,Charles Schwab Corporation (The,Financial Services,174662.0,100.43,3.5013597692847407,18.105072463768117,12.634457,11.01015155176005,5.21,12.0,4.0,,,"eps,tsr,roce",14.0,0.0,14.0,
AXTI,"AXT, Inc.",Technology,3834.0,75.54,4.320857845490796,3105.4393305439344,,233.44471037503422,,12.0,4.0,,,"eps,tsr,other_per_share",14.0,0.0,14.0,
BAC,Bank of America Corporation,Financial Services,396593.0,55.885,1.3171731490830105,12.70768707482993,11.126114,24.114018410271015,3.398,9.0,-3.0,,,"eps,tsr,other_per_share",9.0,5.0,14.0,P/E 12.7
BDX,"Becton, Dickinson and Company",Healthcare,50551.0,183.46,2.070386975753604,54.79518072289156,10.752872,17.008299923017706,2.526,18.0,-2.0,,,"eps,tsr,roic",14.0,0.0,14.0,
CVU,"CPI Aerostructures, Inc.",Industrials,67.0,5.08,2.3871194191197076,17.326903203582503,12.743589,16.006326348100842,1.308,16.0,0.0,60,,tsr,14.0,0.0,14.0,
FF,FutureFuel Corp.,Basic Materials,228.0,5.205,1.4914199840608302,-7.357142857142858,5.2999997,-8.489913570452643,1.485,16.0,0.0,,,"eps,tsr,roe",14.0,0.0,14.0,
GE,GE Aerospace,Industrials,333576.0,321.5,18.910223805555557,37.50410798122066,41.17246,28.045448137707872,7.951,0.0,0.0,30,spin_separation,"eps,tsr",14.0,0.0,14.0,
HURA,"TuHURA Biosciences, Inc.",Healthcare,133.0,2.0885,7.1890591369079475,-3.8611111111111107,,-4.4409623385489425,,16.0,0.0,,,"eps,tsr,other_per_share",14.0,0.0,14.0,
HYFM,"Hydrofarm Holdings Group, Inc.",Industrials,5.0,1.005,,-0.01637397034596376,-1.437258,-0.6128858010202485,1.308,0.0,0.0,,merger_acquisition_close,tsr,14.0,0.0,14.0,
LINC,Lincoln Educational Services Co,Consumer Defensive,753.0,23.73,3.7192380761800297,32.554054054054056,44.759705,15.662934373505301,3.169,12.0,4.0,70,,tsr,14.0,0.0,14.0,
MEI,"Methode Electronics, Inc.",Technology,518.0,14.59,0.7667163881481481,-14.547029941272744,90.451614,11.682158249999999,0.747,3.0,1.0,75,,tsr,8.0,6.0,14.0,P/B 0.77
MPTI,"M-tron Industries, Inc.",Technology,264.0,73.95,2.2207848713304976,25.139455782312922,27.333334,12.379781688555346,6.435,8.0,4.0,,,"eps,tsr,roce,roe",14.0,0.0,14.0,
RBKB,"Rhinebeck Bancorp, Inc.",Financial Services,203.0,13.01,1.4573682657249487,14.012934782608694,,29.19632727832512,1.835,10.0,0.0,,,"tsr,roe",9.0,5.0,14.0,P/E 14.0
TAOX,Tao Synergies Inc.,Technology,32.0,4.3348,1.872865191314651,-1.0829145728643215,,-3.573542181435427,38.791,0.0,0.0,,merger_acquisition_close,other_per_share,14.0,0.0,14.0,
XENE,Xenon Pharmaceuticals Inc.,Healthcare,3570.0,36.935,2.8737567860810884,-7.719409282700422,-10.562185,-8.208683667984795,,0.0,4.0,,fda_phase_milestone,tsr,14.0,0.0,14.0,
AIRJ,AirJoule Technologies Corporati,Industrials,305.0,4.21,1.2259056046513797,-3.2146713977167543,-16.348131,-2.5277746239820376,,3.8,0.0,,merger_acquisition_close,,13.9,0.0,13.9,
BHM,"Bluerock Homes Trust, Inc.",Real Estate,35.0,8.42,0.12505294791587607,-5.1187499999999995,,19.313457586459652,,3.8,0.0,,,,1.9,12.0,13.9,P/B 0.13
CHDN,"Churchill Downs, Incorporated",Consumer Cyclical,5507.0,79.0123,4.106765929903057,13.524837606837607,,9.098641214349776,,3.8,-2.0,50,,tsr,2.9,11.0,13.9,P/E 13.5; EV/EBITDA 9.1
COO,"The Cooper Companies, Inc.",Healthcare,10770.0,55.2232,1.293193881057586,18.93832764505119,13.190917,14.582713087233575,3.65,6.8,13.0,50,,"eps,tsr",13.9,0.0,13.9,
HCC,"Warrior Met Coal, Inc.",Energy,4775.0,90.43,2.0849017517538715,21.790865384615383,12.270271,10.347091577060143,3.249,12.8,11.0,,,tsr,13.9,0.0,13.9,
IREN,IREN LIMITED,Technology,17358.0,48.64,6.514304351464875,-26.436043956043957,-63.78723,540.7458274107394,30.618,16.8,7.0,,,tsr,13.9,0.0,13.9,
PFE,"Pfizer, Inc.",Healthcare,160183.0,28.105,1.880300018675901,37.057346723044404,8.910677,17.646643282636248,3.09,9.9,-2.0,,,"eps,tsr,roic,roe,other_per_share",13.9,0.0,13.9,
CWAN,"Clearwater Analytics Holdings, ",Technology,7250.0,24.29,3.522843,,28.159054,73.415,9.698,3.8,0.0,,merger_acquisition_close,,13.9,0.0,13.9,
BCC,"Boise Cascade, L.L.C.",Basic Materials,2778.0,78.93,1.3711674250184507,26.292929292929294,13.821652,10.05811671622949,0.446,10.5,9.0,50,,"tsr,roic",13.8,0.0,13.8,
KO,Coca-Cola Company (The),Consumer Defensive,379915.0,88.2999,10.509394866970954,26.378378378378386,22.790428,20.64607978160456,7.599,7.5,12.0,38,,"eps,tsr",13.8,0.0,13.8,
MSFT,Microsoft Corporation,Technology,3699129.0,498.1623,8.927180655710998,27.792222777777777,19.611391,18.42181181000294,9.003,13.5,-2.0,70,,"eps,tsr",13.8,0.0,13.8,
MKTX,"MarketAxess Holdings, Inc.",Financial Services,5763.0,163.76,4.651799883123634,19.276796230859834,13.492285,12.658724457660757,4.712,15.3,4.0,25,,"eps,tsr",13.7,0.0,13.7,
CRWV,"CoreWeave, Inc.",Technology,48376.0,88.6704,9.62896985111465,-24.193150684931506,-145.57594,36.50079851017079,15.614,15.3,8.0,,,tsr,13.7,0.0,13.7,
DELL,Dell Technologies Inc.,Technology,368639.0,554.97,,31.403087478559172,19.361813,21.023255564052395,2.132,15.3,4.0,,,"eps,tsr",13.7,0.0,13.7,
FATE,"Fate Therapeutics, Inc.",Healthcare,286.0,2.455,1.864937922809213,-2.3476190476190473,-2.11378,-2.801027068772774,23.049,15.3,8.0,,,tsr,13.7,0.0,13.7,
IMNN,"Imunon, Inc.",Healthcare,6.0,1.53,1.5348691637937188,-0.3178807947019867,-0.8339061,-0.5089249949200121,,15.3,8.0,,,tsr,13.7,0.0,13.7,
CURI,CuriosityStream Inc.,Communication Services,170.0,2.875,4.111037817760841,14374.999999999589,10.541667,8.565254805024466,1.86,11.2,0.0,,,tsr,7.6,6.0,13.6,EV/EBITDA 8.6
CRH,CRH PLC,Basic Materials,57238.0,85.66,2.3814449399625546,19.24943820224719,16.661524,12.764650218838819,2.443,2.2,9.0,60,,"eps,tsr",13.6,0.0,13.6,
ELAN,Elanco Animal Health Incorporat,Healthcare,11440.0,22.905,1.7364743536733456,-55.134146341463406,20.434679,18.96389899741602,3.264,5.2,-10.0,50,ebitda_dollar_target,"eps,tsr",13.6,0.0,13.6,
GKOS,Glaukos Corporation,Healthcare,9340.0,158.35,13.68540975932107,-48.03692307692308,294.56976,-63.50206940568657,13.605,14.2,1.0,75,,tsr,13.6,0.0,13.6,
PWR,"Quanta Services, Inc.",Industrials,95780.0,637.07501,9.937782211181599,72.05316742081449,42.66336,33.450470878340454,3.699,17.1,-2.0,15,,"eps,tsr,roic",13.6,0.0,13.6,
TEAD,Teads Holding Co.,Communication Services,44.0,0.45395,5.987929552563579,-0.08211573236889692,-2.293578,-1.8481216352787677,0.528,8.1,15.0,,,tsr,13.6,0.0,13.6,
XHR,"Xenia Hotels & Resorts, Inc.",Real Estate,1640.0,17.78,1.4777618614708863,-237.96791443850262,36.4,14.17617486106219,2.932,8.1,15.0,25,,tsr,13.6,0.0,13.6,
RPM,RPM International Inc.,Basic Materials,12779.0,100.04,4.061214886830331,19.396917148362235,18.266724,11.518248611922523,2.125,4.2,15.0,,,"eps,tsr",13.6,0.0,13.6,
ALT,"Altimmune, Inc.",Healthcare,629.0,3.235,1.3266823630136986,-4.1094871794871795,-2.9944437,-6.411571547331145,6371.867,15.0,0.0,,,"eps,tsr,other_per_share",13.5,0.0,13.5,
IRM,Iron Mountain Incorporated (Del,Real Estate,34880.0,117.235,,82.44285714285714,47.80997,21.349237848132745,7.983,15.0,4.0,,,"tsr,roic",13.5,0.0,13.5,
LRMR,"Larimar Therapeutics, Inc.",Healthcare,392.0,3.769,3.0737076431520935,-1.92713567839196,-2.9699254,-1.8210650710372365,,12.0,3.0,,,"eps,tsr,other_per_share",13.5,0.0,13.5,
SLDB,Solid Biosciences Inc.,Healthcare,818.0,8.31,2.1870379389159926,-4.225130890052356,-4.255406,-3.171165632085822,,16.0,3.0,25,,"eps,tsr",13.5,0.0,13.5,
NFLX,"Netflix, Inc.",Communication Services,297573.0,71.4642,9.869067646772432,22.15229102167183,20.14076,9.882998208159886,7.047,7.0,4.0,50,,tsr,7.5,6.0,13.5,EV/EBITDA 9.9
SPSC,"SPS Commerce, Inc.",Technology,2920.0,81.1032,3.111121386451738,38.942307692307686,10.168849,15.063210670247434,2.366,21.0,-2.0,50,,"tsr,roic",13.5,0.0,13.5,
XRAY,DENTSPLY SIRONA Inc.,Healthcare,1990.0,9.9355,1.4732389037749816,-3.589416058394161,6.680895,23.442993953488372,1.148,16.0,3.0,,,"eps,tsr",13.5,0.0,13.5,
ACDC,ProFrac Holding Corp.,Energy,846.0,4.6779,1.3783863029315961,-1.8923673469387754,-13.589452,15.34561493101443,1.364,10.8,4.0,60,,tsr,13.4,0.0,13.4,
FTDR,"frontdoor, inc.",Consumer Cyclical,5183.0,73.8,18.25118176056338,19.272054608931274,14.237962,11.196500933723197,2.654,6.8,12.0,50,,"eps,tsr",13.4,0.0,13.4,
LRCX,Lam Research Corporation,Technology,382362.0,305.7505,36.12379651809452,53.03108808290155,48.581417,43.9329143155462,22.392,16.8,-2.0,,,"eps,tsr,roe",13.4,0.0,13.4,
STBA,"S&T Bancorp, Inc.",Financial Services,1736.0,49.24,1.2369475308356157,13.128770053475932,12.248025,11.118316047556602,3.759,10.8,-2.0,,,"eps,tsr",8.4,5.0,13.4,P/E 13.1
UIS,Unisys Corporation New,Technology,174.0,2.385,,-0.4039115646258503,2.954925,-3.2773088181327577,0.337,10.8,12.0,50,,tsr,13.4,0.0,13.4,
SLAB,"Silicon Laboratories, Inc.",Technology,7322.0,222.008,6.688176091201879,-187.3804485823106,52.968147,677.8455027856514,8.298,0.9,-2.0,,spin_separation,"eps,tsr",13.4,0.0,13.4,
LAB,Standard BioTools Inc.,Healthcare,286.0,0.7313,0.5301707610223512,-3.200433839479393,-82.97,-0.4999274638461789,-1.18,2.7,8.0,,,tsr,7.3,6.0,13.3,P/B 0.53
ALAB,"Astera Labs, Inc.",Technology,61241.0,357.28,35.48733064650717,166.61520276497694,99.14446,184.0162788255125,70.245,11.7,11.0,,,tsr,13.3,0.0,13.3,
ENR,"Energizer Holdings, Inc.",Industrials,1486.0,21.7,7.312376722440945,18.52474166176594,5.894405,11.764910902812037,1.58,9.6,1.0,60,,"eps,tsr",13.3,0.0,13.3,
GPCR,Structure Therapeutics Inc.,Healthcare,2051.0,35.625,1.514180758473838,-11.691419141914192,,-8.424053740574003,,11.7,11.0,20,,tsr,13.3,0.0,13.3,
MGM,MGM Resorts International,Consumer Cyclical,9717.0,38.62,3.865415088462571,22.604790419161674,20.157595,18.494780147505814,2.375,4.5,-2.0,50,spin_separation,tsr,13.2,0.0,13.2,
CCB,Coastal Financial Corporation,Financial Services,681.0,44.645,1.4689547585808085,-177.8400000000001,10.228408,7.171493845354595,-0.963,16.5,-6.0,,,tsr,7.2,6.0,13.2,EV/EBITDA 7.2
LAKE,"Lakeland Industries, Inc.",Consumer Cyclical,101.0,10.225,0.7503658576484935,-3.733801491348729,17.530436,-86.9424556509299,0.638,6.3,4.0,,,tsr,7.2,6.0,13.2,P/B 0.75
MRAM,"Everspin Technologies, Inc.",Technology,404.0,17.24,5.529377857113546,-157.85582255083176,58.301075,862.7657769784173,10.506,14.4,0.0,,,"eps,tsr,roe",13.2,0.0,13.2,
SEM,Select Medical Holdings Corpora,Healthcare,2051.0,16.54,1.1680791,15.457944,12.057415,11.543,0.972,14.4,0.0,,,"eps,tsr,roe",13.2,0.0,13.2,
ATKR,Atkore Inc.,Industrials,3192.0,94.54,2.501397115412492,-19.53202479338843,13.191081,-135.33351939854987,1.12,7.2,15.0,30,,tsr,13.1,0.0,13.1,
CPT,Camden Property Trust,Real Estate,9948.0,98.97,2.6165544311547966,32.55298013245034,,13.264363035025792,,8.2,10.0,50,,"eps,tsr",13.1,0.0,13.1,
LODE,Comstock Inc.,Basic Materials,99.0,2.675,0.720525741021429,-2.5,14.90625,-2.4506813247378467,306.924,6.0,0.0,,,"eps,tsr",7.0,6.0,13.0,P/B 0.72
CUZ,Cousins Properties Incorporated,Real Estate,4665.0,28.34,1.0385731093402368,691.2408759124086,,14.838185025417909,,6.0,4.0,60,,"eps,tsr",13.0,0.0,13.0,
CWT,California Water Service Group,Utilities,2858.0,46.21,1.578695895567739,20.771233614652544,16.376812,12.020455883102086,4.306,12.0,2.0,34,,"eps,tsr,roe",13.0,0.0,13.0,
MC,Moelis & Company,Financial Services,4332.0,58.48,8.565061235060943,19.313531353135314,16.997826,13.946791768959514,3.429,10.0,4.0,,,"eps,tsr,roe",13.0,0.0,13.0,
NTLA,"Intellia Therapeutics, Inc.",Healthcare,1700.0,12.166,2.3359174405597867,-3.6488095238095237,-8.70077,-4.327694891894661,28.656,7.0,15.0,,,tsr,13.0,0.0,13.0,
OXBR,Oxbridge Re Holdings Limited,Financial Services,11.0,1.39,0.5876074932164475,90.50632911392407,-7.344616,-12.170267558528428,3.051,6.0,0.0,,,"tsr,other_per_share",7.0,6.0,13.0,P/B 0.59
WSO,"Watsco, Inc.",Industrials,13532.0,328.53,4.5189441970763555,28.196113126079446,28.825006,18.41199656799133,2.3,14.0,4.0,,,"eps,tsr",13.0,0.0,13.0,
URGN,UroGen Pharma Ltd.,Healthcare,1988.0,40.81,,-21.079545454545453,27.320448,-30.336549196787146,12.046,17.0,-3.0,,,"eps,tsr,roe",13.0,0.0,13.0,
LPRO,Open Lending Corporation,Financial Services,368.0,3.11,4.8822603,,16.368422,55.651,3.129,11.0,7.0,,,"tsr,roe",13.0,0.0,13.0,
PGEN,"Precigen, Inc.",Healthcare,2638.0,7.4,60.5420736185056,-6.622779888663072,-21.909092,-18.866266774298154,55.717,1.8,0.0,,fda_phase_milestone,tsr,12.9,0.0,12.9,
BB,BlackBerry Limited,Technology,4951.0,8.447,6.680327001754149,83.85,41.602543,50.69469876955162,8.726,1.8,4.0,,backlog_target,tsr,12.9,0.0,12.9,
CRNX,"Crinetics Pharmaceuticals, Inc.",Healthcare,3782.0,35.87,2.9498355,,-8.522214,-4.687,140.5,1.8,0.0,,fda_phase_milestone,tsr,12.9,0.0,12.9,
HNI,HNI Corporation,Consumer Cyclical,3381.0,46.835,1.8727200986040329,429.18181818181824,,14.946629270644967,,6.8,15.0,50,,tsr,12.9,0.0,12.9,
KMI,"Kinder Morgan, Inc.",Energy,70523.0,31.67,2.2295455723815243,20.089743589743588,20.96162,12.647561314321141,5.916,9.8,12.0,,,tsr,12.9,0.0,12.9,
LII,"Lennox International, Inc.",Industrials,12888.0,372.9,9.935002335800185,16.770513976555456,19.945225,13.085220595227613,3.886,15.8,-2.0,30,,"eps,tsr,roic",12.9,0.0,12.9,
LMNR,Limoneira Co,Consumer Defensive,225.0,12.4084,1.5758746243985122,-5.062761506276151,25.461205,-8.39791660229672,2.757,9.8,12.0,,,tsr,12.9,0.0,12.9,
MSI,"Motorola Solutions, Inc.",Technology,76903.0,463.285,28.78123385479042,35.99493769470405,21.338371,22.453325542992374,6.262,19.8,-2.0,,,"eps,tsr",12.9,0.0,12.9,
NHI,"National Health Investors, Inc.",Real Estate,3236.0,66.76,2.0592319561977463,19.40634005763689,19.92303,14.279509691425027,11.995,10.8,11.0,50,,tsr,12.9,0.0,12.9,
VNT,Vontier Corporation,Technology,4444.0,31.565,3.7262950238953634,12.888888888888891,8.073179,10.42171526586621,1.92,9.9,-2.0,50,,"eps,tsr",8.0,5.0,12.9,P/E 12.9
FLUT,Flutter Entertainment plc,Consumer Cyclical,15121.0,87.165,1.7281694709714286,-20.352439512804203,11.346859,16.28449674246231,1.726,13.5,4.0,,,"eps,tsr",12.8,0.0,12.8,
BLBD,Blue Bird Corporation,Consumer Cyclical,1859.0,58.73,2.8380315716179156,6.8609467455621305,,22.395527008116428,,1.5,0.0,,,tsr,2.8,10.0,12.8,P/E 6.9
COMP,"Compass, Inc.",Real Estate,5720.0,9.405,1.9200934216179926,84.77653631284916,12.826262,84.14943269087523,1.333,13.5,8.0,,,tsr,12.8,0.0,12.8,
CTRE,"CareTrust REIT, Inc.",Real Estate,8765.0,37.1,1.9514018744296036,23.06211180124224,,18.753784099451803,,4.5,1.0,88,,tsr,12.8,0.0,12.8,
CYTK,"Cytokinetics, Incorporated",Healthcare,8118.0,65.2393,,-9.103938973647711,-16.571064,-11.244113444905937,98.548,13.5,8.0,,,tsr,12.8,0.0,12.8,
DMAC,DiaMedica Therapeutics Inc.,Healthcare,399.0,7.401,10.401958970212322,-10.486249999999997,-6.647727,-10.80636439375556,,1.5,0.0,,spin_separation,tsr,12.8,0.0,12.8,
IMRX,Immuneering Corporation,Healthcare,162.0,4.46,0.848865729569775,-4.230769230769231,-3.2951512,-1.9765902125899206,,13.5,0.0,,,,6.8,6.0,12.8,P/B 0.85
RMCF,Rocky Mountain Chocolate Factor,Consumer Defensive,8.0,0.8502,1.3362535797535797,-1.3410852713178294,1.5729167,-5.194651209009606,0.759,15.6,-6.0,75,,"eps,tsr",12.8,0.0,12.8,
GNK,Genco Shipping & Trading Limite,Industrials,1140.0,26.15,,28.568308397946925,13.510352,9.953950142258108,3.383,7.7,-2.0,,,"tsr,roic",6.8,6.0,12.8,EV/EBITDA 10.0
THFF,First Financial Corporation,Financial Services,890.0,74.8487,1.317124464141702,10.438249299719889,9.646205,13.887682119998802,5.172,5.4,-2.0,,,"eps,tsr,roe",7.7,5.0,12.7,P/E 10.4
WY,Weyerhaeuser Company,Real Estate,15392.0,21.3468,1.6277445281302876,32.13636363636364,34.892395,17.399548961173426,3.303,6.3,15.0,,,tsr,12.7,0.0,12.7,
BGC,"BGC Group, Inc.",Financial Services,5760.0,12.1517,5.210112935642893,29.250720461095103,7.4613004,13.14945350814443,2.273,10.2,7.0,,,"eps,tsr",12.6,0.0,12.6,
BLFS,"BioLife Solutions, Inc.",Healthcare,1831.0,37.485,4.360493141715654,36.19439071566732,89.793106,186.65389071764466,11.864,3.1,-6.0,50,revenue_dollar_target,tsr,12.6,0.0,12.6,
CEVA,"CEVA, Inc.",Technology,948.0,34.019,2.785486558215404,-83.43771712158808,60.64746,-936.5413697219362,10.557,17.2,0.0,50,,"eps,tsr",12.6,0.0,12.6,
FRPH,"FRP Holdings, Inc.",Real Estate,404.0,21.0729,0.9417824504716211,3981.1320754716935,56.476192,40.58294945226917,17.578,5.2,4.0,,,tsr,6.6,6.0,12.6,P/B 0.94
MTSI,MACOM Technology Solutions Hold,Technology,21114.0,276.745,13.70380099365579,86.165625,57.183056,61.126778343790015,27.577,11.2,6.0,25,,"eps,tsr",12.6,0.0,12.6,
WELL,Welltower Inc.,Real Estate,165530.0,229.72,3.566349854725957,119.07253886010365,61.502975,60.785001873957235,13.793,17.1,4.0,50,,tsr,12.6,0.0,12.6,
BL,"BlackLine, Inc.",Technology,1650.0,28.12,5.217206304123679,47.69692333843276,9.579737,20.891885486510215,2.462,9.0,12.0,50,,tsr,12.5,0.0,12.5,
ECOR,"electroCore, Inc.",Healthcare,106.0,11.78,,-6.711764705882355,,-8.24974544,,13.0,8.0,,,tsr,12.5,0.0,12.5,
FCPT,"Four Corners Property Trust, In",Real Estate,2423.0,22.08,1.4936695544440026,19.93243243243243,19.639292,15.637736209478987,8.349,9.0,12.0,50,,tsr,12.5,0.0,12.5,
FLR,Fluor Corporation,Industrials,7523.0,53.865,2.8009398920327624,-4.455601659751037,,-154.2086111111111,,9.0,12.0,,,tsr,12.5,0.0,12.5,
NCNO,"nCino, Inc.",Technology,2144.0,19.5737,2.0589354625305334,62.209677419354826,9.691826,28.62157877501516,3.048,13.0,8.0,,,tsr,12.5,0.0,12.5,
VSTS,Vestis Corporation,Industrials,1873.0,14.18,2.1343419834995117,-320.41284403669727,19.38037,13.996737167163749,1.118,9.0,12.0,50,,tsr,12.5,0.0,12.5,
PRK,Park National Corporation,Financial Services,3277.0,181.08,1.9039472865262352,16.004444444444445,13.816431,27.31008135277223,4.159,9.0,4.0,,,"eps,tsr,roe",12.5,0.0,12.5,
QSR,Restaurant Brands International,Consumer Cyclical,24803.0,71.485,6.442313573506493,17.502439024390245,16.537561,14.096140078242229,4.348,11.0,-2.0,67,,"eps,tsr",12.5,0.0,12.5,
RDDT,"Reddit, Inc.",Communication Services,28978.0,150.53,8.819547248074992,33.26477024070022,19.301693,31.072323377795072,12.505,13.0,8.0,,,tsr,12.5,0.0,12.5,
GLIBK,Liberty Capital Corporation - S,Communication Services,90.0,24.3,,-2.105403011514615,,-5.456608375796178,1.392,0.8,0.0,,spin_separation,tsr,12.4,0.0,12.4,
GLIBA,Liberty Capital Corporation - S,Communication Services,88.0,24.15,,-2.105403011514615,4.4989295,-5.456608375796178,1.414,0.8,0.0,,spin_separation,tsr,12.4,0.0,12.4,
IIIV,"i3 Verticals, Inc.",Technology,358.0,15.0,1.2777002427400757,37.29146221786065,15.630915,11.82485855815792,2.003,12.8,4.0,,,"eps,tsr",12.4,0.0,12.4,
AVAH,Aveanna Healthcare Holdings Inc,Healthcare,2814.0,12.9214,9.794386880954619,9.655315301740377,10.115175,13.944386774350987,1.19,0.8,0.0,50,,tsr,2.4,10.0,12.4,P/E 9.7
FTAIM,FTAI Aviation Ltd.,Industrials,21174.0,27.48,52.41376022990839,40.502145922746784,,21.748536287578755,,15.8,1.0,50,,"eps,tsr",12.4,0.0,12.4,
HYMC,Hycroft Mining Holding Corporat,Basic Materials,1974.0,21.1831,7.868534132992103,-17.718890181093204,-36.125,-22.06426558309732,,12.8,8.0,,,tsr,12.4,0.0,12.4,
IMCR,Immunocore Holdings plc,Healthcare,1586.0,31.2,3.7779030724300737,-175.65169162506936,-42.568394,95.36191332261025,2.533,9.8,11.0,,,tsr,12.4,0.0,12.4,
CCRN,"Cross Country Healthcare, Inc.",Healthcare,425.0,13.17,1.3152902,,47.035713,22.836,0.322,10.8,-2.0,,,"eps,tsr,roic,roe",12.4,0.0,12.4,
VRME,"VerifyMe, Inc.",Industrials,14.0,1.0959,1.442189086167118,-2.942122186495177,15.000001,-2.2597108307045217,0.372,16.7,4.0,50,,tsr,12.3,0.0,12.3,
BFC,Bank First Corporation,Financial Services,1685.0,150.15,2.0567531642479646,19.39633289986996,11.860349,13.993995049826792,6.812,12.6,0.0,,,"eps,tsr,roe",12.3,0.0,12.3,
EPC,Edgewell Personal Care Company,Consumer Defensive,1255.0,27.235,0.8596649866429208,-13.5875,11.241858,38.794816272727275,0.915,6.6,-2.0,,,"eps,tsr",6.3,6.0,12.3,P/B 0.86
FEAM,"5E Advanced Materials, Inc.",Basic Materials,111.0,2.665,1.5147392423433415,-1.682692307692308,-3.137255,-4.474268148074336,,0.6,4.0,,spin_separation,,12.3,0.0,12.3,
PRGS,Progress Software Corporation,Technology,1681.0,40.9775,3.320814631196859,19.715311004784684,4.897173,10.124216303015103,2.543,12.6,4.0,50,,"tsr,roic",12.3,0.0,12.3,
ARKO,ARKO Corp.,Consumer Cyclical,477.0,4.25,0.9496054786772146,52.39852398523985,149.79999,10.560992765468598,0.475,1.5,7.0,50,,tsr,6.2,6.0,12.2,P/B 0.95
ATRO,Astronics Corporation,Industrials,2687.0,69.8854,13.555556311169408,33.97058823529412,,26.61794315802493,,16.5,0.0,50,,"eps,tsr",12.2,0.0,12.2,
INDI,"indie Semiconductor, Inc.",Technology,653.0,3.0909,2.2162672598685997,-4.165945945945946,29.614662,-8.745982545400528,5.388,19.5,1.0,24,,tsr,12.2,0.0,12.2,
QCOM,QUALCOMM Incorporated,Technology,207050.0,197.19,7.486061898908091,22.499567198177672,21.196833,16.168559340904032,5.48,10.5,-2.0,73,,"eps,tsr",12.2,0.0,12.2,
UMBFO,UMB Financial Corporation,Financial Services,1966.0,25.89,,,,,,14.4,-2.0,,,"eps,tsr,roe",12.2,0.0,12.2,
STEX,Streamex Corp.,Financial Services,86.0,0.83,0.5933222915337053,-0.07858108108108107,2.7745454,-0.16601606556514736,,4.5,0.0,,,"eps,tsr",6.2,6.0,12.2,P/B 0.59
CRC,California Resources Corporatio,Energy,4696.0,52.89,1.380470976190476,-39.43609022556393,12.450804,11.699055867850099,1.804,5.2,15.0,40,,tsr,12.1,0.0,12.1,
CRDF,"Cardiff Oncology, Inc.",Healthcare,103.0,1.33,3.863556761646314,-2.2083333333333335,-1.4901478,-2.3783811602763296,71.081,16.2,4.0,,,tsr,12.1,0.0,12.1,
BTCS,BTCS Inc.,Financial Services,78.0,1.575,2.017982457427392,-0.6290322580645162,-3.6666665,-1.0131129184613683,6.659,12.0,0.0,,,"eps,tsr,roe",12.0,0.0,12.0,
ALXO,ALX Oncology Holdings Inc.,Healthcare,201.0,1.495,1.477171543539398,-1.331858407079646,-2.8436549,-2.3160947687161877,,12.0,0.0,,,"eps,tsr,roe",12.0,0.0,12.0,
ANGX,"Angel Studios, Inc.",Communication Services,817.0,4.81,,-5.152979066022545,-9.014085,-8.148141804782098,1.703,0.0,0.0,,merger_acquisition_close,,12.0,0.0,12.0,
BEAT,"Heartbeam, Inc.",Healthcare,22.0,0.4017,2.726806285923933,-0.7498076923076923,-1.4332076,-0.6337245812807881,,0.0,0.0,,merger_acquisition_close,,12.0,0.0,12.0,
CMPS,COMPASS Pathways Plc - American,Healthcare,1905.0,14.12,22.536961009309973,-2.492818671454219,-11.858007,-3.7805804435105363,,0.0,0.0,,fda_phase_milestone,tsr,12.0,0.0,12.0,
FNWD,Finward Bancorp,Financial Services,181.0,41.75,1.014671568874904,18.24890829694323,10.975923,17.429365573216096,1.961,12.0,4.0,,,"eps,tsr",12.0,0.0,12.0,
FWDI,"Forward Industries, Inc.",Financial Services,601.0,8.145,1.2667776146971406,-0.6913607275176826,-11025.0,-1.3884757120921805,8.156,12.0,0.0,,,"eps,tsr,roe",12.0,0.0,12.0,
IBKR,"Interactive Brokers Group, Inc.",Financial Services,160223.0,92.72,27.138070370257452,36.505928853754945,33.36902,14.143467108671341,-5.243,12.0,0.0,,,"eps,tsr,roe",12.0,0.0,12.0,
KR,Kroger Company (The),Consumer Defensive,35711.0,58.29,6.108654401300035,31.026737967914436,10.093373,10.77244149036714,0.45,18.0,-2.0,50,,"eps,tsr",12.0,0.0,12.0,
MDGL,"Madrigal Pharmaceuticals, Inc.",Healthcare,11826.0,511.855,22.580498709243802,-40.06633048875097,40.85218,-39.88309965156095,9.885,2.0,-2.0,,fda_phase_milestone,tsr,12.0,0.0,12.0,
PEPG,PepGen Inc.,Healthcare,192.0,2.7787,1.6079282206587302,-1.8099999999999998,-1.4552845,-2.67606398572524,,0.0,0.0,,merger_acquisition_close,,12.0,0.0,12.0,
TFSL,TFS Financial Corporation,Financial Services,4674.0,16.6688,2.388086749282598,45.35395565288803,44.37838,69.14078222431819,27.798,0.0,0.0,40,spin_separation,tsr,12.0,0.0,12.0,
WVE,Wave Life Sciences Ltd.,Healthcare,786.0,3.9877,1.7325990254013053,-3.676697247706422,-5.683286,-2.297860191048947,9.139,0.0,0.0,,merger_acquisition_close,,12.0,0.0,12.0,
PAYC,"Paycom Software, Inc.",Technology,10075.0,223.535,17.62919475065617,23.650053022269354,10.1498785,11.99880944450629,3.073,9.0,11.0,,,tsr,12.0,0.0,12.0,
PTCT,"PTC Therapeutics, Inc.",Healthcare,5316.0,63.6979,,-128.020612244898,28.376083,27.9487495144512,8.924,12.0,8.0,,,tsr,12.0,0.0,12.0,
MARA,"MARA Holdings, Inc.",Financial Services,5134.0,13.465,3.0916176457658486,-1.4392971246006392,-16.439306,-4.095316997089187,8.611,12.0,8.0,33,,tsr,12.0,0.0,12.0,
OWLT,"Owlet, Inc.",Healthcare,100.0,5.5,2.5583466323907453,-12.11627906976744,45.454544,-11.851963819272855,1.318,0.0,4.0,,spin_separation,,12.0,0.0,12.0,
UHT,Universal Health Realty Income ,Real Estate,535.0,38.56,3.7179785277992035,27.449999999999996,,14.121358238252975,8.967,6.0,6.0,,,"eps,tsr,roe",12.0,0.0,12.0,
TEAM,Atlassian Corporation,Technology,51219.0,194.9896,58.26749501949881,-931.3000000000001,13.294589,241.5830678834801,3.408,7.8,12.0,,,tsr,11.9,0.0,11.9,
BFLY,"Butterfly Network, Inc.",Healthcare,2582.0,9.696,13.632002111932419,-32.446440912232205,-96.21621,-35.4470455052622,21.446,19.8,0.0,,,tsr,11.9,0.0,11.9,
CBC,"Central Bancompany, Inc.",Financial Services,7608.0,31.73,1.9680067598591842,17.431318681318682,13.851814,13.389479753902245,6.224,15.8,0.0,40,,"eps,tsr",11.9,0.0,11.9,
CLPR,Clipper Realty Inc.,Real Estate,54.0,3.36,,-5.680483302567544,7.625,21.463413302448707,8.175,19.8,0.0,,,tsr,11.9,0.0,11.9,
VSH,"Vishay Intertechnology, Inc.",Technology,4620.0,32.7,1.5860089529427233,126.32086386424993,42.101303,12.090431533687116,2.961,1.8,-2.0,,operating_margin_target,tsr,11.9,0.0,11.9,
ARQT,"Arcutis Biotherapeutics, Inc.",Healthcare,3308.0,26.4471,14.997269046464078,119.06702898550725,,76.30350200548392,,7.5,12.0,,,tsr,11.8,0.0,11.8,
CGON,"CG Oncology, Inc.",Healthcare,6564.0,74.4166,6.378013164671107,-26.80592592592593,-21.977865,-28.741175854482634,851.655,11.7,8.0,,,tsr,11.8,0.0,11.8,
III,"Information Services Group, Inc",Industrials,256.0,5.35,2.670800237923802,22.201569599339113,9.325582,11.437297445672893,0.962,19.5,0.0,,,tsr,11.8,0.0,11.8,
RVSB,Riverview Bancorp Inc,Financial Services,121.0,5.99,0.7353810628619448,-30.988493723849366,14.5,-22.830235876742478,1.193,3.6,0.0,,,"eps,tsr",5.8,6.0,11.8,P/B 0.74
WFC,Wells Fargo & Company,Financial Services,249813.0,82.61,1.3863845940396249,11.711126961483595,10.406249,15.199686094594185,3.412,3.6,-2.0,,,"eps,tsr,roe",6.8,5.0,11.8,P/E 11.7
PNTG,"The Pennant Group, Inc.",Healthcare,1372.0,39.467,3.8200437412827846,42.230638297872346,21.012548,28.43937698114941,1.618,12.6,7.0,,,tsr,11.8,0.0,11.8,
VFC,V.F. Corporation,Consumer Cyclical,5360.0,13.635,3.0039569501519523,19.17857142857143,12.501262,11.876908135463195,0.86,0.5,15.0,,,"tsr,roe",11.8,0.0,11.8,
AEP,American Electric Power Company,Utilities,64389.0,118.275,2.0031905912640386,20.406099656357387,18.627226,13.680899443100962,5.436,13.5,-2.0,,,"eps,tsr,roe",11.8,0.0,11.8,
NRIX,"Nurix Therapeutics, Inc.",Healthcare,2546.0,24.535,6.324194279072193,-7.0125507246376815,-6.571188,-7.718133749515219,18.567,11.7,8.0,,,tsr,11.8,0.0,11.8,
PSNL,"Personalis, Inc.",Healthcare,1728.0,16.185,7.347157628178142,-14.922110091743122,-11.767201,-17.37715336350545,14.095,11.7,8.0,,,tsr,11.8,0.0,11.8,
RGR,"Sturm, Ruger & Company, Inc.",Industrials,670.0,41.92,2.311334269633842,54.77864583333333,20.29798,23.007195303242487,0.974,7.7,8.0,,,"eps,tsr",11.8,0.0,11.8,
IRON,"Disc Medicine, Inc.",Healthcare,2530.0,65.9,3.927704000844505,-10.078787878787878,-9.332205,-10.364293523012691,,5.4,-6.0,,fda_phase_milestone,tsr,11.7,0.0,11.7,
LFMD,"LifeMD, Inc.",Healthcare,154.0,3.185,19.335396107804538,-6.054341405788541,9.223301,-9.71292529420719,1.042,15.3,0.0,,,"eps,tsr",11.7,0.0,11.7,
LFMDP,"LifeMD, Inc.",Healthcare,159.0,23.275,19.922095587058486,-6.054341405788541,,-9.71292529420719,,15.3,0.0,,,"eps,tsr",11.7,0.0,11.7,
CACI,CACI International Inc,Technology,13641.0,617.475,3.187027565880316,25.387149917627674,,17.164107177799114,,4.2,15.0,,,tsr,11.6,0.0,11.6,
CRDO,Credo Technology Group Holding ,Technology,35905.0,192.545,19.420011222974267,66.15654237288135,,62.602181051507124,,4.2,15.0,,,tsr,11.6,0.0,11.6,
RGLD,"Royal Gold, Inc.",Basic Materials,21494.0,253.27,2.8330232836246605,27.58864776444929,15.990723,17.97173401075019,14.382,7.2,12.0,,,tsr,11.6,0.0,11.6,
VMI,"Valmont Industries, Inc.",Industrials,9204.0,476.78,5.330345580404377,18.61720599842147,22.252317,14.554678705794943,2.846,8.1,7.0,,,"tsr,roic",11.6,0.0,11.6,
TDG,Transdigm Group Incorporated,Industrials,62346.0,1114.65,,33.58297997572815,28.286777,18.578824196259802,10.777,8.2,11.0,,,eps,11.6,0.0,11.6,
ZS,"Zscaler, Inc.",Technology,34501.0,213.35,14.578213491957856,-547.8620512820512,27.155117,190.85999719119192,5.835,11.2,8.0,20,,tsr,11.6,0.0,11.6,
MIRM,"Mirum Pharmaceuticals, Inc.",Healthcare,5460.0,89.53,,-6.168830276804726,-1224.3429,-7.5818149044526955,11.359,12.0,7.0,50,,tsr,11.5,0.0,11.5,
NWPX,"NWPX Infrastructure, Inc.",Basic Materials,981.0,101.825,2.344204143792911,20.279525691699604,27.43909,12.523759283959285,2.623,12.0,3.0,,,"eps,tsr",11.5,0.0,11.5,
SPHR,Sphere Entertainment Co.,Communication Services,4987.0,138.61,2.2184596087862283,-59.88209606986899,-128.43265,27.80557827494357,4.48,15.0,4.0,50,,tsr,11.5,0.0,11.5,
STUB,"StubHub Holdings, Inc.",Communication Services,1911.0,5.45,0.919821596327732,-0.9991401226259906,15.454641,-1.246050251901012,2.664,7.0,0.0,,,tsr,5.5,6.0,11.5,P/B 0.92
WBI,WaterBridge Infrastructure LLC,Energy,1378.0,29.305,1.8130858113256212,64.45810055865923,29.503271,10.723088902650845,6.648,12.0,7.0,,,tsr,11.5,0.0,11.5,
MTCH,"Match Group, Inc.",Communication Services,9317.0,39.94,,13.640939597315436,8.364795,10.936779317540598,3.188,11.0,-2.0,40,,tsr,6.5,5.0,11.5,P/E 13.6
OPAD,Offerpad Solutions Inc.,Real Estate,17.0,3.42,0.4430387873264354,-0.33343749999999994,-2.1079066,-3.3276917636557144,0.159,1.0,-6.0,,,tsr,-0.5,12.0,11.5,P/B 0.44
VRT,"Vertiv Holdings, LLC",Industrials,97598.0,253.51,20.514189482091812,55.205752212389385,37.62792,38.126189626342274,11.868,17.0,-2.0,,,"eps,tsr",11.5,0.0,11.5,
APPF,"AppFolio, Inc.",Technology,7470.0,209.0707,14.197824653800685,47.71421768707483,18.419317,35.37251310156427,5.267,10.8,8.0,,,tsr,11.4,0.0,11.4,
HWC,Hancock Whitney Corporation,Financial Services,5933.0,73.11,1.335122068776504,14.13009708737864,9.724491,11.561838789132567,4.79,0.8,4.0,,,"eps,tsr",6.4,5.0,11.4,P/E 14.1
OESX,"Orion Energy Systems, Inc.",Industrials,118.0,29.04,9.950400625052792,-813.2183908045965,5.8106503,48.05425,0.526,7.8,11.0,,,tsr,11.4,0.0,11.4,
AGL,"agilon health, inc.",Healthcare,1423.0,85.31,6.255494002909545,-5.539336801040312,-184.47673,-5.75251960616731,0.292,11.7,7.0,53,,tsr,11.3,0.0,11.3,
AXSM,"Axsome Therapeutics, Inc.",Healthcare,10075.0,195.78,120.9400867545376,-51.35098666666667,,-54.900146044918074,,3.6,15.0,,,tsr,11.3,0.0,11.3,
WTW,Willis Towers Watson Public Lim,Financial Services,27893.0,300.34,3.628142359521332,18.453231146535863,11.501407,12.375197818689502,2.954,12.6,-6.0,75,,"eps,tsr",11.3,0.0,11.3,
NEE,"NextEra Energy, Inc.",Utilities,162006.0,77.6643,2.8359422373700243,17.277404921700224,19.725279,15.137371530279065,10.576,12.6,-2.0,,,"eps,tsr,roe",11.3,0.0,11.3,
BAH,Booz Allen Hamilton Holding Cor,Industrials,9267.0,77.04,9.040736029268293,11.87323943661972,9.673526,10.14044443789809,1.011,6.3,2.0,50,,tsr,6.2,5.0,11.2,P/E 11.9
ADV,Advantage Solutions Inc.,Communication Services,445.0,33.47,1.1074464423036243,-1.592191909689558,3.726981,25.799694210114808,0.52,6.3,12.0,,,tsr,11.2,0.0,11.2,
BFAM,Bright Horizons Family Solution,Industrials,3495.0,66.43,3.7038608454095785,20.99843260188088,11.20095,13.243587107740458,1.719,10.5,4.0,50,,"eps,tsr",11.2,0.0,11.2,
CAH,"Cardinal Health, Inc.",Healthcare,52343.0,223.49,,30.574965612104545,,16.34738646348476,,2.4,12.0,40,,"eps,tsr",11.2,0.0,11.2,
CBRE,CBRE Group Inc,Real Estate,39756.0,137.29,4.733959592998333,31.24829157175399,14.844278,17.91668537416974,1.143,13.5,1.0,,,"eps,tsr",11.2,0.0,11.2,
DTE,DTE Energy Company,Utilities,25644.0,123.235,2.110768349658408,19.262166405023553,,12.497281801548207,,4.5,10.0,,,"eps,tsr",11.2,0.0,11.2,
DTK,DTE Energy Company 2025 Series,Utilities,4380.0,21.16,,,,,,4.5,10.0,,,"eps,tsr",11.2,0.0,11.2,
DTW,DTE Energy Company 5.25 % Debentures 2017-01.12.77 Global,Utilities,27248.0,18.71,2.2427786204625897,19.262166405023553,,12.497281801548207,,4.5,10.0,,,"eps,tsr",11.2,0.0,11.2,
JAZZ,Jazz Pharmaceuticals plc,Healthcare,14822.0,235.9467,3.086741242060104,15.41842105263158,,11.880555967965668,,6.3,12.0,,,tsr,11.2,0.0,11.2,
MSA,MSA Safety Incorporated,Industrials,7030.0,182.095,5.015216697094939,22.608560794044664,16.946077,14.42633301519373,3.562,6.3,12.0,30,,tsr,11.2,0.0,11.2,
VNO,Vornado Realty Trust,Real Estate,6518.0,34.65,1.1261335164378523,1110.0323624595467,151.24,16.055281633104453,8.814,6.3,12.0,,,tsr,11.2,0.0,11.2,
NYT,New York Times Company (The),Communication Services,10222.0,62.94,4.992106622301146,25.65289256198347,22.848957,15.954403979525512,3.908,4.5,-2.0,90,,tsr,11.2,0.0,11.2,
MG,Mistras Group Inc,Industrials,665.0,20.9,2.771129853352392,24.801892371377882,14.827309,10.351365019663575,1.113,4.5,-6.0,,spin_separation,tsr,11.2,0.0,11.2,
VTR,"Ventas, Inc.",Real Estate,41947.0,86.28,2.8633766886955567,157.27272727272728,96.37757,22.259546252543974,8.616,6.3,12.0,45,,tsr,11.2,0.0,11.2,
APEI,"American Public Education, Inc.",Consumer Defensive,747.0,40.72,2.378381376629083,16.561752988047807,13.984085,10.95197272814879,1.37,20.2,-6.0,50,,"eps,tsr",11.1,0.0,11.1,
DPZ,Domino's Pizza Inc,Consumer Cyclical,9652.0,291.77,,16.663276836158193,14.923655,14.911564312248894,3.072,14.2,4.0,50,,tsr,11.1,0.0,11.1,
ELMD,"Electromed, Inc.",Healthcare,228.0,27.52,4.634558972481543,20.138686131386862,63.409836,13.63032477124183,4.228,10.2,8.0,,,tsr,11.1,0.0,11.1,
FLXS,"Flexsteel Industries, Inc.",Consumer Cyclical,450.0,84.0593,2.429437747904783,12.730075187969927,12.841583,10.566659476814342,0.75,4.2,4.0,,,tsr,6.1,5.0,11.1,P/E 12.7
HRL,Hormel Foods Corporation,Consumer Defensive,10932.0,19.865,1.3937764264014634,31.69047619047619,15.480232,14.878875984053407,1.062,6.0,4.0,25,,"eps,tsr,roic",11.0,0.0,11.0,
STRF,MicroStrategy Incorporated 10.00% Series A Perpetual Strife Preferred Stock,Technology,30643.0,103.15,0.6760442839753972,-1.7051589369463265,,-2.6966404972444353,,2.0,4.0,20,,tsr,5.0,6.0,11.0,P/B 0.68
UTHR,United Therapeutics Corporation,Healthcare,20880.0,491.91,3.2623402335828007,16.16043665233212,16.887766,11.481609825092296,6.506,6.0,4.0,,,"tsr,roic,roe",11.0,0.0,11.0,
PD,"PagerDuty, Inc.",Technology,1357.0,14.88,4.23476459832948,7.273039047572388,6.033182,26.933033406006047,1.286,4.0,-6.0,,,tsr,1.0,10.0,11.0,P/E 7.3
STRC,Strategy Inc,Technology,34078.0,98.795,0.751819856199121,-1.7051589369463265,,-2.6966404972444353,,2.0,4.0,20,,tsr,5.0,6.0,11.0,P/B 0.75
SNOW,Snowflake Inc.,Technology,117622.0,339.36,55.145743443418056,-105.58490566037734,86.54458,-132.77301462051952,15.961,0.0,-10.0,70,spin_separation,tsr,11.0,0.0,11.0,
STRD,Strategy Inc,Technology,24066.0,72.75,0.5309482433454704,-1.7051589369463265,,-2.6966404972444353,,2.0,4.0,20,,tsr,5.0,6.0,11.0,P/B 0.53
ALKT,"Alkami Technology, Inc.",Technology,1569.0,14.67,4.3257199656995065,-34.08139534883721,13.013031,-217.94844255616343,3.923,9.8,8.0,,,tsr,10.9,0.0,10.9,
CXT,"Crane NXT, Co.",Industrials,2812.0,48.87,2.22071821448314,20.15983606557377,9.914419,13.88377256053475,2.342,9.8,4.0,,,"eps,tsr",10.9,0.0,10.9,
DTM,"DT Midstream, Inc.",Energy,12897.0,126.42,2.6986265536723164,27.330434782608698,28.717491,14.730660756880734,14.092,9.8,8.0,,,tsr,10.9,0.0,10.9,
ESTA,Establishment Labs Holdings Inc,Healthcare,2003.0,68.065,92.70974660989494,-51.540166628449136,1130.7999,-327.1523108754108,11.725,9.8,8.0,,,tsr,10.9,0.0,10.9,
FDMT,"4D Molecular Therapeutics, Inc.",Healthcare,773.0,14.7798,1.8952913562560867,-5.737095588235295,-2.594159,-4.152248396170282,1.526,9.9,8.0,,,tsr,10.9,0.0,10.9,
GEVO,"Gevo, Inc.",Basic Materials,362.0,1.4857,1.323882528014409,-1.6078953204701705,154.0,-2.9009822931892613,2.66,9.8,8.0,,,tsr,10.9,0.0,10.9,
GLXY,Galaxy Digital Inc.,Financial Services,8883.0,26.7818,4.871855792528763,-61.98864979900684,365.50177,20.871951856277835,0.181,9.8,8.0,,,tsr,10.9,0.0,10.9,
SONO,"Sonos, Inc.",Technology,2035.0,17.1998,5.042061449897406,-54.7983870967742,14.463055,15.634428619302948,1.068,12.8,1.0,50,,"eps,tsr",10.9,0.0,10.9,
ONT,"Onterris, Inc.",Industrials,604.0,16.72,1.4041206467459375,-56.06666666666666,9.855239,14.46127479022565,1.216,10.8,7.0,50,,tsr,10.9,0.0,10.9,
UTI,Universal Technical Institute I,Consumer Defensive,1105.0,20.075,3.210391988521838,32.6644370122631,43.387096,12.949731211469533,2.734,12.8,1.0,50,,"eps,tsr",10.9,0.0,10.9,
MCO,Moody's Corporation,Financial Services,82079.0,473.9,27.133712396694214,29.953827324478183,24.231836,22.064796,10.766,10.8,3.0,,,"eps,tsr",10.9,0.0,10.9,
AMOD,"Alpha Modus Holdings, Inc.",Technology,8.0,1.7,,-0.18312985571587126,,-1.778738544714428,7377.703,9.6,0.0,,,"eps,tsr,other_per_share",10.8,0.0,10.8,
ARHS,"Arhaus, Inc.",Consumer Cyclical,1277.0,9.025,3.078463088057029,18.159943525615166,,8.95788188431646,,1.5,4.0,,,tsr,4.8,6.0,10.8,EV/EBITDA 9.0
BXP,"BXP, Inc.",Real Estate,10055.0,63.05,1.9474935664271193,33.59677419354839,30.444336,13.818208374754555,9.097,16.5,1.0,55,,tsr,10.8,0.0,10.8,
LYTS,LSI Industries Inc.,Industrials,752.0,20.4743,2.130491087296031,29.280253858358577,19.0681,27.721001818084595,2.051,9.6,4.0,50,,"eps,tsr",10.8,0.0,10.8,
UVV,Universal Corporation,Consumer Defensive,1081.0,43.35,0.7287046313480909,56.38815789473682,11.908675,10.765671294572497,0.76,3.6,-2.0,,,"eps,tsr",4.8,6.0,10.8,P/B 0.73
BXMT,"Blackstone Mortgage Trust, Inc.",Real Estate,2146.0,12.735,0.6580964329733807,156.75000000000009,,15.810260848173863,,5.4,0.0,,,tsr,4.7,6.0,10.7,P/B 0.66
COCO,"The Vita Coco Company, Inc.",Consumer Defensive,3382.0,58.9248,8.436213248059385,30.131983932390842,,21.40156379031358,,5.4,4.0,65,,tsr,10.7,0.0,10.7,
COOK,"Traeger, Inc.",Consumer Cyclical,136.0,48.99,0.8146424749983562,-1.151641294005709,,-8.28539139752791,,5.4,0.0,,,tsr,4.7,6.0,10.7,P/B 0.81
CRSR,"Corsair Gaming, Inc.",Technology,1465.0,13.71,2.2040210632710338,43.21269132653062,,15.168694123335237,,6.3,11.0,,,tsr,10.7,0.0,10.7,
EGY,"VAALCO Energy, Inc.",Energy,610.0,5.85,1.603610764194723,-5.526713233905984,16.656715,47.03614518605161,2.485,23.4,-6.0,,,tsr,10.7,0.0,10.7,
FIVE,"Five Below, Inc.",Consumer Cyclical,12454.0,225.225,5.029594825862851,20.08014247551202,,14.447398491061007,,5.4,4.0,60,,tsr,10.7,0.0,10.7,
PLCE,"Children's Place, Inc. (The)",Consumer Cyclical,48.0,2.15,,-0.3689482470784641,-1.7596449,-11.032222780618541,0.597,15.3,-2.0,,,"eps,tsr",10.7,0.0,10.7,
SMRT,"SmartRent, Inc.",Technology,231.0,1.2,1.0278392941218275,-11.752988047808762,226.0,-4.240411615168114,0.832,5.2,12.0,,,eps,10.6,0.0,10.6,
BTU,Peabody Energy Corporation,Energy,3257.0,26.74,1.0025647971433849,-17.586436170212764,,10.97120253164557,,2.2,7.0,69,,tsr,10.6,0.0,10.6,
AGX,"Argan, Inc.",Industrials,5254.0,374.75,12.517483054966524,29.328926905132192,45.47746,22.545488772496284,9.016,8.2,1.0,,,"eps,tsr,roe",10.6,0.0,10.6,
EPM,Evolution Petroleum Corporation,Energy,131.0,3.67,2.2507974078893302,-48.71967654986523,,6.838803084539223,,1.2,4.0,,,tsr,4.6,6.0,10.6,EV/EBITDA 6.8
GGG,Graco Inc.,Industrials,12718.0,78.53,5.041540530973311,24.19969040247678,22.48803,16.674695108496273,5.319,5.2,8.0,,,"eps,tsr",10.6,0.0,10.6,
JBLU,JetBlue Airways Corporation,Industrials,1670.0,4.4273,1.0525982470069313,-1.8196265560165974,,33.99502376811594,,5.2,12.0,,,tsr,10.6,0.0,10.6,
BOC,Boston Omaha Corporation,Communication Services,406.0,13.445,0.8094775332169644,-31.916666666666664,-657.00006,35.70573621871271,3.849,2.0,3.0,,,tsr,4.5,6.0,10.5,P/B 0.81
CME,CME Group Inc.,Financial Services,98012.0,272.5729,3.6957046974027543,23.00084388185654,19.074251,18.392415760184875,13.421,9.0,4.0,,,"eps,tsr",10.5,0.0,10.5,
CSCO,"Cisco Systems, Inc.",Technology,418364.0,106.145,8.562321330222467,31.709821428571427,25.027584,22.050424671262302,8.026,6.0,7.0,52,,"eps,tsr",10.5,0.0,10.5,
DXCM,"DexCom, Inc.",Healthcare,33400.0,88.5101,12.741382408636607,33.89505791505792,23.50945,21.489924706561474,5.59,6.0,11.0,50,,tsr,10.5,0.0,10.5,
ESQ,"Esquire Financial Holdings, Inc",Financial Services,1052.0,121.73,3.3508931464075196,19.19558359621451,13.124856,10.42430863845875,4.988,9.0,0.0,50,,"eps,tsr,roe",10.5,0.0,10.5,
LFUS,"Littelfuse, Inc.",Technology,10694.0,421.03,4.084088765868712,-1084.2820512820472,27.791487,38.545466743838155,4.967,9.0,4.0,50,,"eps,tsr",10.5,0.0,10.5,
LWAY,"Lifeway Foods, Inc.",Consumer Defensive,348.0,22.7906,4.118090630690283,30.950723830734965,18.562044,17.909371656947517,1.702,9.0,4.0,,,"tsr,roic",10.5,0.0,10.5,
RYAN,"Ryan Specialty Holdings, Inc.",Financial Services,4859.0,37.53,9.538281244724331,37.87831021437579,14.915505,10.573552551172227,2.805,9.0,0.0,75,,tsr,10.5,0.0,10.5,
PAYO,Payoneer Global Inc.,Technology,2416.0,7.145,3.6974524964423976,50.69759206798867,18.737488,11.628600820379965,1.958,9.0,0.0,75,,tsr,10.5,0.0,10.5,
PLTK,Playtika Holding Corp.,Technology,858.0,2.2565,,-3.047945205479452,3.648071,11.414580058869701,1.097,2.0,15.0,33,,tsr,10.5,0.0,10.5,
RPD,"Rapid7, Inc.",Technology,873.0,13.07,4.4405601411257525,42.86417322834646,4.33743,18.148581201198883,0.867,23.0,-6.0,50,,tsr,10.5,0.0,10.5,
SMR,NuScale Power Corporation,Industrials,2630.0,8.8201,1.2758684796893625,-3.3793774319066143,-17.519512,-2.637996915729707,167.222,9.0,8.0,,,tsr,10.5,0.0,10.5,
TTGT,"TechTarget, Inc.",Communication Services,273.0,3.7794,0.539104824644475,-1.5184677419354835,4.390244,-3.8422604817701353,0.711,1.8,3.0,,,tsr,4.4,6.0,10.4,P/B 0.54
BALY,Bally's Corporation,Consumer Cyclical,587.0,12.0,0.910987411190501,-0.9679802955665023,-6.3577976,12.68116923440977,3.016,0.8,0.0,,,"eps,cfroi",4.4,6.0,10.4,P/B 0.91
STAG,"Stag Industrial, Inc.",Real Estate,7184.0,37.26,1.9784682824311433,28.438461538461535,42.954544,14.793183334177401,12.169,1.8,15.0,,,tsr,10.4,0.0,10.4,
EVTV,"Envirotech Vehicles, Inc.",Consumer Cyclical,19.0,1.45,-2.2943037,,,-0.885,2.876,12.8,0.0,,,"eps,tsr",10.4,0.0,10.4,
FGSN,"F&G Annuities & Life, Inc. 7.30",Financial Services,307.0,20.45,,,,,,12.6,4.0,,,tsr,10.3,0.0,10.3,
GCBC,"Greene County Bancorp, Inc.",Financial Services,600.0,35.27,2.2440399599391614,14.46265560165975,,15.239646791477297,,6.6,0.0,,,tsr,5.3,5.0,10.3,P/E 14.5
GOOG,Alphabet Inc.,Communication Services,4099083.0,337.765,6.400017317792905,16.66335650446872,25.348362,12.710018531887597,10.464,12.6,4.0,,,tsr,10.3,0.0,10.3,
GOOGL,Alphabet Inc.,Communication Services,4126924.0,341.0086,6.443486177059394,16.66335650446872,25.415365,12.710018531887597,10.481,12.6,4.0,,,tsr,10.3,0.0,10.3,
OC,Owens Corning Inc,Basic Materials,10033.0,124.59,2.659868309650053,-15.17199017199017,10.785451,22.517512629032257,1.637,12.6,4.0,,,tsr,10.3,0.0,10.3,
RAMP,"LiveRamp Holdings, Inc.",Technology,2285.0,37.595,2.3748651750548184,15.298780487804876,11.541285,16.565925025096558,2.35,6.6,-2.0,60,,"eps,tsr",10.3,0.0,10.3,
BDSX,"Biodesix, Inc.",Healthcare,230.0,28.23,25.131241907261593,-9.170347003154573,-76.40909,-19.52832299180615,2.268,16.5,0.0,,,tsr,10.2,0.0,10.2,
CHWY,"Chewy, Inc.",Consumer Cyclical,7887.0,19.045,21.287238256410255,36.01923076923077,9.88857,20.66304708521303,0.581,15.3,-3.0,,,"eps,tsr",10.2,0.0,10.2,
CVR,Chicago Rivet & Machine Co.,Industrials,10.0,10.1,0.559104956088645,-4.007539682539682,,-5.7493069885879065,0.389,4.5,0.0,,,tsr,4.2,6.0,10.2,P/B 0.56
LPCN,Lipocine Inc.,Healthcare,18.0,2.15,0.8142971481578603,-1.1497326203208553,-1.8790321,-1.0843142913134203,-2.757,4.5,0.0,,,tsr,4.2,6.0,10.2,P/B 0.81
FITBM,,,0.0,,,,,,,14.4,-2.0,,,"eps,tsr",10.2,0.0,10.2,
FITBO,,,0.0,,,,,,,14.4,-2.0,,,"eps,tsr",10.2,0.0,10.2,
THRM,Gentherm Inc,Consumer Cyclical,1097.0,35.74,1.5175999601724752,40.50887096774194,11.773881,10.428169887271553,0.779,6.3,-2.0,75,,"tsr,roic",10.2,0.0,10.2,
FITBI,Fifth Third Bancorp,Financial Services,50967.0,25.57,1.4806216138047237,17.55743243243243,,18.712101021645022,,14.4,-2.0,,,"eps,tsr",10.2,0.0,10.2,
FITBP,,,0.0,,,,,,,14.4,-2.0,,,"eps,tsr",10.2,0.0,10.2,
ACHR,Archer Aviation Inc.,Industrials,4318.0,5.685,2.2820454631929397,-5.2824074074074066,-5.878256,-5.0408739432703,1356.243,8.1,8.0,25,,tsr,10.1,0.0,10.1,
AIT,Applied Industrial Technologies,Industrials,12329.0,333.59,6.62851321447945,30.045987376014423,28.680174,23.026610794405048,2.621,4.2,12.0,,,tsr,10.1,0.0,10.1,
BLK,"BlackRock, Inc.",Financial Services,165368.0,1066.925,2.870325106746741,25.08162302429819,17.294949,15.799400907644802,6.688,8.2,4.0,,,"eps,tsr",10.1,0.0,10.1,
EME,"EMCOR Group, Inc.",Industrials,33396.0,757.11749,8.18758006666982,23.61597311659894,25.608877,14.686327257420112,2.072,8.2,4.0,,,"eps,tsr",10.1,0.0,10.1,
SWAG,"Stran & Company, Inc.",Communication Services,29.0,1.54,0.9121955319689844,690.9090909090929,,17.200881647940076,0.247,1.2,3.0,,,eps,4.1,6.0,10.1,P/B 0.91
TRNS,"Transcat, Inc.",Industrials,855.0,91.38,2.882027961047276,241.05297297297295,43.351227,24.93524962726852,3.001,4.2,12.0,,,tsr,10.1,0.0,10.1,
ALNT,Allient Inc.,Industrials,1881.0,110.68,6.0237274747513565,65.91812865497076,30.954403,26.16834656071393,3.185,9.0,3.0,,,"eps,tsr",10.0,0.0,10.0,
GIFT,"Giftify, Inc.",Technology,23.0,0.6634,1.0741501653944534,-2.547770700636943,-4.944444,-4.311404253835162,0.387,0.0,0.0,,spin_separation,,10.0,0.0,10.0,
HLI,"Houlihan Lokey, Inc.",Financial Services,9115.0,130.42,3.9736366191509425,21.48111658456486,,14.870380314885127,,12.0,0.0,,,"eps,tsr",10.0,0.0,10.0,
PEGA,Pegasystems Inc.,Technology,5811.0,35.345,10.369487217693582,18.59473684210526,9.893015,28.79947334206864,2.731,12.0,0.0,,,"eps,tsr",10.0,0.0,10.0,
S,"SentinelOne, Inc.",Technology,8154.0,24.215,5.261090858765796,-23.747524752475247,30.371658,-37.44715776942593,4.283,15.0,1.0,50,,tsr,10.0,0.0,10.0,
SIGA,SIGA Technologies Inc.,Healthcare,228.0,3.1743,1.3774150059983736,-71.90366972477068,4.114286,-22.482545076629506,1.758,12.0,0.0,,,"eps,tsr",10.0,0.0,10.0,
TRINI,,,0.0,,,,,,,4.0,12.0,,,tsr,10.0,0.0,10.0,
NAGE,"Niagen Bioscience, Inc.",Healthcare,244.0,3.065,2.957902530050407,15.680741503604532,10.9375,9.487436711943287,1.653,1.0,3.0,,,tsr,4.0,6.0,10.0,EV/EBITDA 9.5
TE,T1 Energy Inc.,Industrials,1171.0,4.195,4.252341863016485,-1.8214285714285714,24.605265,-9.366738683867256,3.624,12.0,0.0,,,"eps,tsr",10.0,0.0,10.0,
XMTR,"Xometry, Inc.",Industrials,5551.0,103.2277,9.328387378303024,-174.48333333333335,74.66761,-598.3004116060199,6.781,8.0,8.0,,,tsr,10.0,0.0,10.0,
SBGI,"Sinclair, Inc.",Communication Services,898.0,12.845,2.362374857894737,16.795323928944615,-7.901734,6.1725579477303985,1.432,0.9,3.0,,,tsr,4.0,6.0,9.9,EV/EBITDA 6.2
FIGR,"Figure Technology Solutions, In",Financial Services,6405.0,35.0732,4.532585223513361,31.86355377906977,20.058596,23.10431159651901,12.093,19.8,0.0,,,,9.9,0.0,9.9,
LTRX,"Lantronix, Inc.",Technology,289.0,6.475,3.878617778971398,-60.9640831758034,24.057972,-946.6913852376138,2.174,13.8,-2.0,50,,"eps,tsr",9.9,0.0,9.9,
TER,"Teradyne, Inc.",Technology,60183.0,384.9449,17.509407648228393,52.82401091405184,46.216763,41.68630430684425,18.06,10.8,1.0,,,"eps,tsr",9.9,0.0,9.9,
DVLT,Datavault AI Inc.,Technology,135.0,0.1573,0.5473085882534751,-0.2887493072233512,,-1.4490343788839501,6.101,3.6,0.0,,,eps,3.8,6.0,9.8,P/B 0.55
FTAI,FTAI Aviation Ltd.,Industrials,19457.0,189.675,48.16350656085468,40.502145922746784,23.918053,21.748536287578755,11.075,10.5,1.0,50,,"eps,tsr",9.8,0.0,9.8,
AI,"C3.ai, Inc.",Technology,1655.0,10.89,2.299912105110268,-3.532362459546926,-22.856382,-3.4913387581912447,3.936,14.4,1.0,,,tsr,9.7,0.0,9.7,
EAT,"Brinker International, Inc.",Consumer Cyclical,8907.0,207.68,21.938271684729063,18.943995519713262,13.216406,12.738162233067493,1.528,11.4,4.0,,,tsr,9.7,0.0,9.7,
ELA,Envela Corporation,Consumer Cyclical,328.0,12.625,4.093568013548246,14.593023255813955,78.51428,10.072849870055222,2.387,5.4,0.0,,,tsr,4.7,5.0,9.7,P/E 14.6
HALO,"Halozyme Therapeutics, Inc.",Healthcare,13458.0,113.46,93.75470054269452,32.18730113636364,,21.437975131227347,,11.2,4.0,50,,tsr,9.6,0.0,9.6,
INTU,Intuit Inc.,Technology,78861.0,288.3,3.8228085268311602,17.458560193587417,9.766893,11.345074655148585,3.496,7.2,4.0,50,,"eps,tsr",9.6,0.0,9.6,
UE,Urban Edge Properties,Real Estate,2507.0,19.89,1.9520029289338323,36.82012251717097,43.3834,15.247751938609337,9.625,8.1,7.0,50,,tsr,9.6,0.0,9.6,
IT,"Gartner, Inc.",Technology,12099.0,180.715,,16.156810035842295,,10.325727289113885,,3.0,12.0,25,,tsr,9.5,0.0,9.5,
NBRWF,,,0.0,,,,,,,10.0,-7.0,11,,"eps,tsr,roic,roe",9.5,0.0,9.5,
SAFT,"Safety Insurance Group, Inc.",Financial Services,1521.0,103.6079,1.735366791231204,22.126025641025645,11.2848,15.310556563835604,0.816,9.0,-2.0,55,,"eps,tsr,other_per_share",9.5,0.0,9.5,
SERA,"Sera Prognostics, Inc.",Healthcare,81.0,2.12,1.3635036712697879,-3.1194029850746263,-3.0346646,-2.3862521615612646,414.592,11.0,8.0,,,,9.5,0.0,9.5,
TFX,Teleflex Incorporated,Healthcare,5478.0,123.74,1.8860149504188968,-5.228737113402062,12.043108,-33.46297806754072,3.775,5.0,6.0,,,"eps,tsr",9.5,0.0,9.5,
NEUP,Neuphoria Therapeutics Inc.,Healthcare,20.0,3.7,0.6796111017612051,-0.5080335384742473,-1.7736624,-0.0002797448564599783,-292.997,3.0,0.0,,,tsr,3.5,6.0,9.5,P/B 0.68
OSW,OneSpaWorld Holdings Limited,Consumer Cyclical,2254.0,22.2061,3.871318204615564,27.75525,21.23131,21.07997864495875,2.903,12.0,3.0,,,tsr,9.5,0.0,9.5,
SDGR,"Schrodinger, Inc.",Technology,2193.0,29.35,6.666707030727514,-38.95418918918918,-10.070288,-43.69338920863309,3.474,7.0,8.0,,,tsr,9.5,0.0,9.5,
SLG,SL Green Realty Corp,Real Estate,3612.0,50.785,1.0569063938611443,-19.49609375,-27.825476,17.343479371547044,11.771,14.0,1.0,,,tsr,9.5,0.0,9.5,
AAMI,Acadian Asset Management Inc.,Financial Services,3264.0,91.605,35.47602766304348,32.2887323943662,12.831524,17.410368072779637,4.772,10.8,0.0,,,"eps,tsr",9.4,0.0,9.4,
AMSC,American Superconductor Corpora,Industrials,1519.0,31.3511,2.6540007301641646,10.04517586318167,29.258493,46.643403840198204,6.462,1.8,3.0,,,tsr,4.4,5.0,9.4,P/E 10.0
ENVA,"Enova International, Inc.",Financial Services,4228.0,169.8,2.8239495852990744,11.808957312806157,10.3691,11.66726589300051,6.198,0.8,0.0,,,"eps,tsr",4.4,5.0,9.4,P/E 11.8
GMED,"Globus Medical, Inc.",Healthcare,10093.0,74.835,2.1164618753123294,18.62216624685139,15.39828,10.904401898297193,3.303,10.8,0.0,,,"eps,tsr",9.4,0.0,9.4,
ICUI,"ICU Medical, Inc.",Healthcare,4109.0,164.395,1.9094353679692506,135.79166666666669,15.089492,16.964790466943064,2.114,12.8,-2.0,,,"eps,tsr",9.4,0.0,9.4,
SAIA,"Saia, Inc.",Industrials,9312.0,349.0885,3.4150073281970186,33.42011549566891,30.22225,14.801915657962175,3.627,9.9,1.0,50,,"eps,tsr",9.4,0.0,9.4,
TWOD,Two Harbors Investment Corp.,Real Estate,2763.0,26.285,,,,,,6.8,4.0,50,,"tsr,other_per_share",9.4,0.0,9.4,
MEDP,"Medpace Holdings, Inc.",Healthcare,17555.0,628.95,40.46241472499257,35.580506037952844,24.792814,27.977505850449038,4.718,10.8,0.0,,,"eps,tsr",9.4,0.0,9.4,
TWO,Two Harbors Investment Corp,Real Estate,1294.0,12.32,1.1451942,,10.631596,,19.188,6.8,4.0,50,,"tsr,other_per_share",9.4,0.0,9.4,
FC,Franklin Covey Company,Consumer Defensive,196.0,17.32,4.555858673374325,95.50000000000001,17.828358,12.355766356400917,0.978,0.6,6.0,75,,tsr,9.3,0.0,9.3,
TNC,Tennant Company,Industrials,1129.0,66.28,2.1172450149981255,66.10744957060116,13.897396,14.769535862422998,1.534,12.6,-6.0,,,"eps,tsr,roic",9.3,0.0,9.3,
TRGP,"Targa Resources, Inc.",Energy,61757.0,287.72,16.889750220155886,26.932098765432098,21.013317,16.820750711176824,4.508,12.6,-2.0,50,,"tsr,roic",9.3,0.0,9.3,
FMBH,"First Mid Bancshares, Inc.",Financial Services,1308.0,49.1387,1.1870868468537155,12.089108910891087,9.370103,17.67888039468323,3.849,4.5,0.0,,,tsr,4.2,5.0,9.2,P/E 12.1
RAIL,"Freightcar America, Inc.",Industrials,240.0,7.3189,6.6264134968647275,-18.474000000000004,9.674774,29.439567501360916,0.579,6.3,8.0,,,tsr,9.2,0.0,9.2,
TCMD,"Tactile Systems Technology, Inc",Healthcare,503.0,22.28,2.245190067728158,20.54284403669725,17.687708,10.208657623968815,1.574,6.3,8.0,50,,tsr,9.2,0.0,9.2,
NDLS,Noodles & Company,Consumer Cyclical,80.0,13.4156,,-3.2576807980049876,37.72973,26.853385221840142,0.676,5.4,1.0,60,,tsr,9.2,0.0,9.2,
ALOT,"AstroNova, Inc.",Technology,222.0,28.57,2.8464682,,81.62857,23.867,1.675,10.2,0.0,,,"eps,tsr",9.1,0.0,9.1,
BGSF,"BGSF, Inc.",Industrials,54.0,5.0031,1.1644313044233567,-6.483045342341171,45.0,-10.67937906137184,0.427,7.2,3.0,,,"eps,tsr",9.1,0.0,9.1,
DGII,Digi International Inc.,Technology,2874.0,76.22,4.194189630637244,58.607692307692304,24.664286,29.711473831362138,5.738,7.2,7.0,50,,tsr,9.1,0.0,9.1,
JOBY,"Joby Aviation, Inc.",Industrials,6222.0,6.325,3.5215147133987617,-6.358585858585859,,-7.46294764702147,,8.2,6.0,20,,tsr,9.1,0.0,9.1,
KULR,"KULR Technology Group, Inc.",Industrials,112.0,2.425,1.5456367610293094,-1.1153846153846154,,-1.5579455544675573,9.789,7.2,3.0,,,"eps,tsr",9.1,0.0,9.1,
MSM,"MSC Industrial Direct Company, ",Industrials,6871.0,123.03,4.840544340967197,29.874396135265698,23.914553,17.173580383124023,1.861,8.2,-2.0,50,,"eps,tsr,roic",9.1,0.0,9.1,
ASAN,"Asana, Inc.",Technology,2199.0,9.255,11.67543765196802,-14.36033308099924,14.590229,-18.938716071207303,1.754,3.0,11.0,,,tsr,9.0,0.0,9.0,
FLYW,Flywire Corporation - Voting,Industrials,2064.0,16.9833,2.5278722480069558,62.358120606733266,12.639654,23.02387709526356,2.409,0.0,-6.0,,operating_margin_target,tsr,9.0,0.0,9.0,
MDB,"MongoDB, Inc.",Technology,35055.0,435.83,12.136190774324817,589.2744695414099,45.34435,298.3033662407328,9.374,13.0,1.0,50,,tsr,9.0,0.0,9.0,
RDNW,"RideNow Group, Inc.",Consumer Cyclical,291.0,7.53,-17.928572,,,20.629,0.847,14.0,0.0,,,tsr,9.0,0.0,9.0,
WLFC,Willis Lease Finance Corporatio,Industrials,1154.0,54.5619,1.4941187433301906,23.715804736587724,11.487479,11.093143262029342,4.993,10.0,0.0,,,"tsr,roe",9.0,0.0,9.0,
WYY,WidePoint Corporation,Technology,112.0,11.3,9.56715526962733,-84.00749063670412,-1356.0001,79.92117497613951,0.793,6.0,4.0,,,"eps,tsr",9.0,0.0,9.0,
MCRB,"Seres Therapeutics, Inc.",Healthcare,38.0,3.875,1.0866169282446285,-1.5702479338842972,-0.64299613,-1.7469339452437869,99.979,0.0,-10.0,,merger_acquisition_close,tsr,9.0,0.0,9.0,
REAL,"The RealReal, Inc.",Consumer Cyclical,1110.0,9.2121,,-13.085714285714285,55.45657,-126.15421460948396,2.548,13.0,1.0,50,,tsr,9.0,0.0,9.0,
VNDA,Vanda Pharmaceuticals Inc.,Healthcare,303.0,5.045,1.3778591184685605,-1.0896328293736501,29.0,-1.620653174888969,0.733,9.0,1.0,,,"eps,tsr",9.0,0.0,9.0,
WRBY,Warby Parker Inc.,Consumer Cyclical,2825.0,23.02,7.206664920851563,351.5197568389058,39.095207,35.67978232271585,3.52,10.0,4.0,,,tsr,9.0,0.0,9.0,
SIBN,"SI-BONE, Inc.",Healthcare,820.0,18.4885,4.496657652717072,-54.44320188346086,-44.890324,-159.85113645458182,2.913,5.0,1.0,75,,tsr,9.0,0.0,9.0,
VMD,"Viemed Healthcare, Inc.",Healthcare,338.0,8.8623,2.3436366748132307,23.313626723223756,26.6,6.268350292812115,1.44,2.0,0.0,,,tsr,3.0,6.0,9.0,EV/EBITDA 6.3
UPST,"Upstart Holdings, Inc.",Financial Services,2401.0,25.09,3.0112102552013322,39.99034438364983,9.469608,44.80589309862706,3.926,6.8,7.0,,,tsr,8.9,0.0,8.9,
HGBL,Heritage Global Inc.,Financial Services,47.0,1.34,0.8967806480197257,-3.2380376993716773,7.5757575,-2.237624606413994,0.744,1.8,0.0,,,tsr,2.9,6.0,8.9,P/B 0.90
FCEL,"FuelCell Energy, Inc.",Industrials,1409.0,17.62,1.4447527950692742,-5.046647230320699,-18.51538,-6.91435873763906,8.816,9.8,4.0,50,,tsr,8.9,0.0,8.9,
INSM,Insmed Incorporated,Healthcare,25798.0,119.02,34.05680182285272,-28.995133819951338,287.92114,-33.3391010028858,24.75,9.8,4.0,50,,tsr,8.9,0.0,8.9,
IRMD,iRadimed Corporation,Healthcare,1106.0,86.5234,10.870273833392302,47.40615384615385,39.15074,33.59264720328039,13.006,9.9,4.0,,,tsr,8.9,0.0,8.9,
ULH,"Universal Logistics Holdings, I",Industrials,427.0,16.1937,0.7611191684817288,-4.6465517241379315,12.375,12.388887024008268,0.845,1.8,0.0,,,tsr,2.9,6.0,8.9,P/B 0.76
WLK,Westlake Corporation,Basic Materials,8858.0,69.135,1.0175508021826536,-7.133575883575884,20.40251,-321.843357175,1.339,1.8,12.0,,,tsr,8.9,0.0,8.9,
TEM,"Tempus AI, Inc.",Healthcare,13448.0,76.76,30.225510689225818,-53.17909090909091,-476.6101,-156.90318754950277,7.19,1.8,12.0,,,tsr,8.9,0.0,8.9,
VSTM,"Verastem, Inc.",Healthcare,701.0,7.9751,14.019940523346538,-3.298780487804878,-3.4621847,-3.340998172831393,5.361,10.8,3.0,,,tsr,8.9,0.0,8.9,
BBCP,"Concrete Pumping Holdings, Inc.",Industrials,495.0,9.8247,1.6906043045339998,57.32606132075471,,8.737299242237617,,1.5,0.0,,,tsr,2.8,6.0,8.8,EV/EBITDA 8.7
GWRE,"Guidewire Software, Inc.",Technology,12767.0,153.34,9.692582347425683,93.24848484848486,26.212185,61.09061489048364,6.288,9.6,4.0,,,tsr,8.8,0.0,8.8,
HTH,Hilltop Holdings Inc.,Financial Services,2198.0,38.36,1.0335212349728369,14.203703703703704,15.857592,13.522584699380008,2.525,2.7,-7.0,,,"eps,tsr,other_per_share",3.9,5.0,8.8,P/E 14.2
KRYS,"Krystal Biotech, Inc.",Healthcare,10102.0,342.6895,7.43302528389568,41.071051995163245,34.528458,44.245708458467625,22.637,10.5,3.0,,,tsr,8.8,0.0,8.8,
PLAG,Planet Green Holdings Corp.,Industrials,10.0,0.7316,,-0.22671669083800994,,-0.6362038375436541,3.038,9.6,0.0,,,"eps,tsr",8.8,0.0,8.8,
TWAV,"TaoWeave, Inc.",Financial Services,5.0,1.54,0.9691312818645302,-0.8063775510204082,,-1.594732663316583,1.211,1.5,0.0,,,tsr,2.8,6.0,8.8,P/B 0.97
AEHR,Aehr Test Systems,Technology,3150.0,96.5523,22.692802719176896,-424.1086956521739,768.6666,-260.48527956714383,79.542,5.4,8.0,,,tsr,8.7,0.0,8.7,
NEU,NewMarket Corp,Basic Materials,8171.0,888.52,4.444866800228902,19.162750592800172,30.216112,13.448163030056586,3.015,5.4,4.0,,,"eps,tsr",8.7,0.0,8.7,
CTS,CTS Corporation,Technology,1694.0,59.32,2.957244092769917,24.380165289256198,23.18339,12.868291271045049,3.46,5.2,4.0,,,"eps,tsr",8.6,0.0,8.6,
PETS,"PetMed Express, Inc.",Consumer Cyclical,33.0,1.565,1.4549128713732655,-1.1231884057971016,-58.333336,-0.940149512957177,0.089,5.2,4.0,,,"eps,tsr",8.6,0.0,8.6,
PCRX,"Pacira BioSciences, Inc.",Healthcare,979.0,24.8779,1.4562606357965164,69.92331723942063,6.1215315,10.239665464115166,1.48,8.1,1.0,,,"eps,tsr",8.6,0.0,8.6,
SGI,Somnigroup International Inc.,Consumer Cyclical,13423.0,63.81,4.156630327924692,24.56470588235294,19.2287,15.68504584257028,2.897,8.1,-3.0,50,,"eps,tsr,other_per_share",8.6,0.0,8.6,
MERC,Mercer International Inc.,Basic Materials,21.0,0.3144,,-0.041513583441138424,,-4.6694406532693185,,9.0,4.0,30,,tsr,8.5,0.0,8.5,
AMC,"AMC Entertainment Holdings, Inc",Communication Services,2589.0,2.9,,-2.7068868455620194,-17.6875,21.99762693608152,1.853,9.0,-4.0,60,,tsr,8.5,0.0,8.5,
CON,Concentra Group Holdings Parent,Healthcare,4462.0,34.87,9.352492205954789,22.48387096774194,16.80979,14.04625184548796,2.574,9.0,0.0,,,"eps,tsr",8.5,0.0,8.5,
EPSN,Epsilon Energy Ltd.,Energy,182.0,6.03,1.4036303210959518,-29.86217457886676,14.324325,17.07865497840089,3.252,9.0,0.0,,,"eps,tsr",8.5,0.0,8.5,
FEED,"ENvue Medical, Inc.",Healthcare,1.0,1.03,,-1.2446053006168893e-05,,-0.0669549923833264,,17.0,0.0,,,,8.5,0.0,8.5,
MAMA,"Mama's Creations, Inc.",Consumer Defensive,619.0,13.31,12.47790092342433,74.14309392265194,59.233334,30.741484228208794,3.766,15.0,-6.0,,,"eps,tsr",8.5,0.0,8.5,
MDLN,Medline Inc.,Healthcare,29033.0,34.334,2.508904495679226,39.55232558139535,21.541853,15.414054907770801,1.676,1.0,8.0,,,"tsr,other_per_share",8.5,0.0,8.5,
PAY,"Paymentus Holdings, Inc.",Technology,3853.0,30.68,6.281824989688974,44.731343283582085,20.703953,23.625160022287226,1.812,12.0,-3.0,,,"eps,tsr",8.5,0.0,8.5,
UPLD,"Upland Software, Inc.",Technology,10.0,3.5,,-0.2551867219917012,0.6611465,362.3146278659612,1.715,8.0,-3.0,,,"eps,tsr,roe",8.5,0.0,8.5,
NXDR,"Nextdoor Holdings, Inc.",Communication Services,909.0,2.35,2.2140509173798053,-30.08905852417303,-40.0,-24.285062405038815,1.87,15.0,-2.0,50,,tsr,8.5,0.0,8.5,
VERX,"Vertex, Inc.",Technology,1924.0,11.86,7.97946695035814,383.6601307189543,10.825756,59.189988253559086,2.443,5.0,8.0,,,tsr,8.5,0.0,8.5,
VFF,"Village Farms International, In",Consumer Defensive,373.0,3.065,1.1958677678803078,15.396341463414632,7.64,6.939033263191972,0.963,0.9,0.0,,,tsr,2.5,6.0,8.4,EV/EBITDA 6.9
MSEX,Middlesex Water Company,Utilities,1007.0,53.42,1.92682561084154,20.53639846743295,17.411371,14.741194899298804,7.016,10.8,-2.0,,,"eps,tsr",8.4,0.0,8.4,
TNDM,"Tandem Diabetes Care, Inc.",Healthcare,1160.0,16.9219,8.893781567322145,-17.707548185635833,260.46988,-59.34750191343362,1.18,10.8,-2.0,,,"eps,tsr",8.4,0.0,8.4,
CMRF,CIM REAL ESTATE FIN TR INC,Real Estate,1073.0,2.46,1.8986309948151516,14.677804295942721,,19.087629715443853,8.501,2.7,0.0,,,tsr,3.4,5.0,8.3,P/E 14.7
MASI,Masimo Corporation,Healthcare,9424.0,179.95,11.944905,44.432095,26.871563,26.61,6.278,2.7,-2.0,75,,"eps,tsr",8.3,0.0,8.3,
SERV,Serve Robotics Inc.,Industrials,343.0,4.439,0.9763157746623005,-1.7918775510204081,-3.8833332,-1.6008016316706921,68.884,4.5,0.0,,,,2.2,6.0,8.2,P/B 0.98
DUK,Duke Energy Corporation (Holdin,Utilities,89229.0,114.455,1.6297174513707513,17.15915915915916,17.274105,11.094116941132869,5.765,7.5,1.0,,,"eps,tsr",8.2,0.0,8.2,
IOSP,Innospec Inc.,Basic Materials,2381.0,96.6574,1.7721996144111956,19.82690427698574,,12.691349965014577,,4.5,4.0,,,"eps,tsr",8.2,0.0,8.2,
ZWS,Zurn Elkay Water Solutions Corp,Industrials,7757.0,46.77,4.6757061925140135,28.457575757575757,26.008223,22.462838960158237,4.953,14.4,-6.0,40,,"tsr,roic",8.2,0.0,8.2,
CHCO,City Holding Company,Financial Services,1979.0,140.22,2.4459733518429467,15.320021881838075,13.38387,12.673243040428808,6.316,5.2,7.0,40,,tsr,8.1,0.0,8.1,
EE,"Excelerate Energy, Inc.",Energy,3949.0,34.16,5.749553371228226,22.87248322147651,16.644754,10.239385729032321,2.633,5.2,7.0,50,,tsr,8.1,0.0,8.1,
FGRS,,,0.0,,,,,,,16.2,0.0,,,,8.1,0.0,8.1,
NTAP,"NetApp, Inc.",Technology,38403.0,195.7,33.16320708117444,27.224233983286904,16.198065,18.39474068001863,4.396,1.2,3.0,,,"eps,tsr,roe",8.1,0.0,8.1,
VIA,"Via Transportation, Inc.",Technology,2287.0,29.53,3.698942341127171,-24.978991596638657,26.93751,-23.20112511765813,1.974,16.2,0.0,,,,8.1,0.0,8.1,
PFGC,Performance Food Group Company,Consumer Defensive,14394.0,91.63,3.0485114895058985,39.769565217391296,17.967405,12.814879070853275,0.381,7.2,1.0,,,"eps,tsr",8.1,0.0,8.1,
WERN,"Werner Enterprises, Inc.",Industrials,2097.0,34.9819,1.5462856018969786,-44.83205809881986,20.569828,10.714823983773822,1.123,9.9,-2.0,,,"eps,tsr",8.0,0.0,8.0,
XPO,"XPO, Inc.",Industrials,21328.0,182.16,10.870780053007136,52.7930029154519,33.242577,19.237921747670807,3.287,0.9,7.0,35,,"eps,tsr",8.0,0.0,8.0,
NI,NiSource Inc,Utilities,18825.0,39.265,1.966158581559543,20.61315789473684,21.068022,11.337246683112665,6.107,9.9,-2.0,,,"eps,tsr",8.0,0.0,8.0,
NVT,nVent Electric plc,Industrials,26501.0,163.87,6.647033133512252,44.35772357723577,31.425753,27.504452118686118,6.966,9.9,-2.0,50,,"eps,tsr",8.0,0.0,8.0,
MLAB,"Mesa Laboratories, Inc.",Healthcare,759.0,135.7044,4.067597843495402,155.20930232558138,7.750611,20.095824842883548,2.672,7.8,4.0,50,,tsr,7.9,0.0,7.9,
ALGN,"Align Technology, Inc.",Healthcare,10763.0,150.2858,2.5430140656021463,25.549479166666664,14.716128,12.225024992528441,2.953,10.5,1.0,,,tsr,7.8,0.0,7.8,
CMRC,"Commerce.com, Inc. - Series 1",Technology,271.0,3.29,5.258000019368959,-47.10564399421129,5.8297873,22.373443651412465,0.681,7.5,4.0,50,,tsr,7.8,0.0,7.8,
GRC,Gorman-Rupp Company (The),Industrials,1993.0,75.47,4.515233973821681,31.872881355932197,29.718994,17.109412954842682,3.714,7.5,4.0,56,,tsr,7.8,0.0,7.8,
LTH,"Life Time Group Holdings, Inc.",Consumer Cyclical,8298.0,37.135,2.512972967759363,20.867021276595743,,13.820792240092498,,4.5,7.0,,,tsr,7.8,0.0,7.8,
MAA,Mid-America Apartment Communiti,Real Estate,13873.0,119.2,2.5530145681032095,34.622807017543856,,15.370598193595098,,7.5,4.0,,,tsr,7.8,0.0,7.8,
SPAI,Safe Pro Group Inc.,Industrials,94.0,4.5571,7.849295007049679,-5.764102564102564,,-6.013037092761334,52.013,3.6,0.0,,,"eps,roic,roe",7.8,0.0,7.8,
BLND,"Blend Labs, Inc.",Technology,271.0,1.12,2.8610836366705703,-13.45919610231425,16.17647,42.38974219098395,3.966,15.3,0.0,,,,7.7,0.0,7.7,
PSTL,"Postal Realty Trust, Inc.",Real Estate,890.0,23.605,2.659966375981734,42.581818181818186,35.550495,18.764364437453228,10.898,15.3,-4.0,40,,tsr,7.7,0.0,7.7,
BTAI,"BioXcel Therapeutics, Inc.",Healthcare,37.0,1.2,-0.30785018,,-0.7792208,-2.398,176.709,7.2,0.0,,,"eps,tsr",7.6,0.0,7.6,
EHSI,"Elite Health Systems, Inc.",Healthcare,29.0,1.01,7.1126757,,,,10.831,7.2,0.0,,,"eps,tsr",7.6,0.0,7.6,
HASI,HA Sustainable Infrastructure C,Financial Services,4689.0,36.69,1.844652727510197,55.348484848484844,11.732303,-634.5566059878025,117.458,5.2,-2.0,,,"eps,tsr,roe",7.6,0.0,7.6,
KMTS,"Kestra Medical Technologies, Ltd.",Healthcare,1500.0,25.5904,5.207411769199518,-9.52434456928839,,-10.45893346957785,,11.0,0.0,,,tsr,7.5,0.0,7.5,
CNTA,Centessa Pharmaceuticals plc,Healthcare,6192.0,40.02,12.7047615,,-22.373165,-23.539,,11.0,0.0,,,tsr,7.5,0.0,7.5,
TELA,"TELA Bio, Inc.",Healthcare,67.0,1.5,,-1.7532467532467533,-1.4406475,-2.5471684131058434,0.646,11.0,0.0,,,tsr,7.5,0.0,7.5,
TTAN,"ServiceTitan, Inc.",Technology,5841.0,61.23,3.88111370836988,-44.488029197080294,39.284405,-142.0393527357089,5.677,14.0,-3.0,,,tsr,7.5,0.0,7.5,
OPENL,Opendoor Technologies Inc.,Real Estate,75.0,0.0771,,,,,,10.0,1.0,26,,tsr,7.5,0.0,7.5,
RIVN,"Rivian Automotive, Inc.",Consumer Cyclical,18299.0,15.075,3.5691846065925494,-5.831201550387596,-8.739677,-9.347099669471717,3.844,3.0,8.0,20,,tsr,7.5,0.0,7.5,
V,Visa Inc.,Financial Services,677813.0,363.04,19.268088563335038,30.697536108751063,22.015978,23.600773054161795,14.578,9.0,-2.0,,,"eps,tsr",7.5,0.0,7.5,
GNL,"Global Net Lease, Inc.",Real Estate,1844.0,8.7,1.2217851929258638,-32.166666666666664,,11.928922265876835,,6.8,4.0,,,tsr,7.4,0.0,7.4,
FLYX,"flyExclusive, Inc.",Industrials,96.0,1.185,,-1.525,-12.588236,-19.549623536737236,1.211,6.6,0.0,,,"eps,tsr",7.3,0.0,7.3,
LPTH,"LightPath Technologies, Inc.",Technology,630.0,10.0378,5.583327008986696,-24.681806838033438,116.53846,11215931.011338431,14.834,3.6,3.0,,,"tsr,other_per_share",7.3,0.0,7.3,
SPRB,"Spruce Biosciences, Inc.",Healthcare,129.0,47.0,1.544930359488833,-1.1897479814044534,10.577778,-0.9735907615172811,,2.7,8.0,,,tsr,7.3,0.0,7.3,
ANET,"Arista Networks, Inc.",Technology,253798.0,201.56,17.151191869209406,63.42679127725856,38.08983,49.69312328737613,20.731,10.5,0.0,,,tsr,7.2,0.0,7.2,
CTRN,"Citi Trends, Inc.",Consumer Cyclical,434.0,52.148,3.4849486866806796,57.235955056179776,25.541052,21.77300652516588,0.751,6.3,4.0,,,tsr,7.2,0.0,7.2,
GIC,Global Industrial Company,Industrials,1595.0,41.68,4.653407201634082,18.5625,14.857788,13.01960948009748,0.921,6.3,4.0,50,,tsr,7.2,0.0,7.2,
IAUX,i-80 Gold Corp.,Basic Materials,1500.0,1.74,5.8127744248140845,-6.308411214953271,,-6.651166480888538,,6.3,4.0,50,,tsr,7.2,0.0,7.2,
TTI,"Tetra Technologies, Inc.",Energy,877.0,6.0,2.151095525938278,112.92452830188677,24.575804,11.515572784346297,2.498,5.4,1.0,,,"tsr,roce",7.2,0.0,7.2,
AEYE,"AudioEye, Inc.",Technology,89.0,7.13,27.638240459199505,-19.14432710533442,5.6088886,-60.68158173784978,2.112,9.9,0.0,,,tsr,7.0,0.0,7.0,
LPSN,"LivePerson, Inc.",Technology,24.0,2.01,-0.4723854,,-0.30385488,25.17,1.342,6.0,0.0,,,"eps,other_per_share",7.0,0.0,7.0,
NRDY,Nerdy Inc.,Technology,71.0,8.73,4.119630701551285,-2.302003496033347,-85.560005,-1.2653996694463225,0.525,9.9,0.0,,,tsr,7.0,0.0,7.0,
OHI,"Omega Healthcare Investors, Inc",Real Estate,13879.0,46.4,2.5746527105946666,15.977508650519031,21.893143,12.282828004764124,14.594,1.0,1.0,60,,tsr,7.0,0.0,7.0,
PDFS,"PDF Solutions, Inc.",Technology,1994.0,47.6164,5.351989019986846,191.69912559618442,41.69697,65.03850249098656,11.454,8.0,-6.0,,,"eps,tsr,roe",7.0,0.0,7.0,
PRPL,"Purple Innovation, Inc.",Consumer Cyclical,11.0,2.625,,-0.2286476868327402,-2.0984201,17.721111319305198,0.507,6.0,0.0,,,"eps,other_per_share",7.0,0.0,7.0,
PSIX,"Power Solutions International, ",Industrials,1062.0,46.09,5.2317215957216305,15.711796610169491,12.141567,11.928033078164871,1.471,6.0,4.0,,,tsr,7.0,0.0,7.0,
SVRA,"Savara, Inc.",Healthcare,1045.0,5.0977,7.271727467631909,-8.681034482758621,-18.707483,-7.282128017844198,,12.0,-6.0,,,"eps,tsr",7.0,0.0,7.0,
MDXG,"MiMedx Group, Inc",Healthcare,700.0,4.8036,3.241505830937533,117.44250000000002,29.959185,23.582004937958978,1.039,12.0,-2.0,15,,tsr,7.0,0.0,7.0,
NGNE,Neurogene Inc.,Healthcare,491.0,31.05,2.2597311785863963,-5.6297640653357535,-5.6404295,-3.6059725245266336,,10.0,0.0,50,,tsr,7.0,0.0,7.0,
OABI,"OmniAb, Inc.",Healthcare,699.0,4.82,2.6847391287643023,-13.206944444444444,-7.255814,-27.033415239591516,10.706,6.0,4.0,,,tsr,7.0,0.0,7.0,
SCKT,"Socket Mobile, Inc.",Technology,4.0,0.5351,1.8507901372604323,-0.2807027027027027,14.068,-4.612405514246899,0.82,6.0,4.0,,,tsr,7.0,0.0,7.0,
GOCO,"GoHealth, Inc.",Financial Services,9.0,0.305,2.3282444,,-0.07800511,-3.94,3.816,6.0,4.0,,,tsr,7.0,0.0,7.0,
PHR,"Phreesia, Inc.",Healthcare,607.0,9.82,1.8949040861114665,56.30081300813008,5.809489,10.542406886758963,1.206,6.0,4.0,50,,tsr,7.0,0.0,7.0,
TLN,Talen Energy Corporation,Utilities,13664.0,301.01,8.455662969059405,-74.64747524752475,13.872496,28.935688542821158,7.91,9.0,1.0,30,,tsr,7.0,0.0,7.0,
PECO,"Phillips Edison & Company, Inc.",Real Estate,4722.0,36.77,1.9888822646919586,31.94347826086956,53.125652,13.558790529194086,10.709,3.6,-2.0,60,,tsr,6.8,0.0,6.8,
ATAI,AtaiBeckley Inc.,Healthcare,1495.0,4.06,7.3021584,,-8.922096,-10.412,363.883,5.4,4.0,,,tsr,6.7,0.0,6.7,
LB,LandBridge Company LLC,Energy,6507.0,84.49,18.30261975293363,36.334070796460175,27.885824,45.90866133782361,13.339,5.4,4.0,,,tsr,6.7,0.0,6.7,
PCTTU,"PureCycle Technologies, Inc.",Industrials,1177.0,8.57,3.554411772879963,-4.102420707837341,,-33.39399597972808,,5.4,4.0,50,,tsr,6.7,0.0,6.7,
SPWR,SunPower Inc.,Energy,53.0,0.3113,,-1.028211085297046,1.5141748,-8.681471185124048,0.945,5.4,0.0,,,"eps,roe",6.7,0.0,6.7,
PCT,"PureCycle Technologies, Inc.",Industrials,1081.0,5.385,3.2651345096546556,-4.102420707837341,-10.90909,-33.39399597972808,204.447,5.4,4.0,50,,tsr,6.7,0.0,6.7,
AHR,"American Healthcare REIT, Inc.",Real Estate,10741.0,51.96,2.907336440435052,76.01733509622446,,27.01129766547406,,5.2,4.0,50,,tsr,6.6,0.0,6.6,
ESS,"Essex Property Trust, Inc.",Real Estate,17636.0,274.44,3.313122260581435,42.53965785381026,,18.6074631452822,,5.2,4.0,50,,tsr,6.6,0.0,6.6,
KRMN,Karman Holdings Inc.,Industrials,4457.0,33.63,10.583925876935718,116.76026676026677,54.670372,36.29592241300799,14.292,5.2,4.0,50,,tsr,6.6,0.0,6.6,
FCN,"FTI Consulting, Inc.",Industrials,3722.0,134.81,2.7904492642153005,16.26862026862027,13.060403,11.280858078752376,1.32,0.9,4.0,,,"eps,tsr",6.5,0.0,6.5,
DHX,"DHI Group, Inc.",Industrials,199.0,4.61,2.1167861371825807,140.2735562310031,17.272728,13.413749645912413,1.829,9.0,0.0,50,,tsr,6.5,0.0,6.5,
CLBK,"Columbia Financial, Inc.",Financial Services,2517.0,11.2658,2.1042890186505714,43.07242330110642,25.67949,33.057613937580165,11.847,3.1,-2.0,25,,"eps,tsr,roe",6.5,0.0,6.5,
PROK,ProKidney Corp.,Healthcare,593.0,1.7621,,-2.931052631578947,-3.1751542,-3.07032892281278,1621.194,5.0,8.0,,,,6.5,0.0,6.5,
XOMAP,,,0.0,,,,,,,9.0,0.0,,,tsr,6.5,0.0,6.5,
XPEL,"XPEL, Inc.",Consumer Cyclical,1246.0,45.2085,4.070202662311147,22.716313131313132,18.78099,15.008285926993276,2.519,1.0,4.0,,,"eps,tsr",6.5,0.0,6.5,
OCGN,"Ocugen, Inc.",Healthcare,337.0,0.9935,,-3.9564356435643564,-5.2765956,-4.663693436433835,94.336,5.0,4.0,,,tsr,6.5,0.0,6.5,
XOMA,XOMA Royalty Corporation,Healthcare,741.0,41.89,5.374647,26.681528,19.574764,70.41,12.029,9.0,0.0,,,tsr,6.5,0.0,6.5,
PHAT,"Phathom Pharmaceuticals, Inc.",Healthcare,593.0,7.3241,,-5.527187500000001,7.5608063,-15.645246435381507,6.023,9.0,0.0,,,tsr,6.5,0.0,6.5,
SDST,Stardust Power Inc.,Basic Materials,1.0,0.1213,,-0.06424581005586592,-17.0,-0.04573183281865871,,6.0,7.0,,,,6.5,0.0,6.5,
XOMAO,,,0.0,,,,,,,9.0,0.0,,,tsr,6.5,0.0,6.5,
CPNG,"Coupang, Inc.",Consumer Cyclical,25686.0,14.29,8.599411451958487,-32.968678028558266,,789.761091125,,1.8,7.0,,,tsr,6.4,0.0,6.4,
FA,First Advantage Corporation,Industrials,3444.0,20.0753,2.661344746412933,135.27815468113977,11.248067,12.24325056405964,2.864,1.8,7.0,,,tsr,6.4,0.0,6.4,
MNKD,MannKind Corporation,Healthcare,1091.0,3.4159,,-24.192831541218634,20.467533,43.87006264637002,4.206,10.8,-2.0,,,tsr,6.4,0.0,6.4,
VCTR,"Victory Capital Holdings, Inc. ",Financial Services,6659.0,106.49,2.8036899575674235,19.40072859744991,11.222926,10.184393070308685,4.325,10.8,-6.0,,,"eps,tsr",6.4,0.0,6.4,
NWSA,News Corporation,Communication Services,16067.0,28.6235,1.8717711169617894,30.41844660194175,19.57899,11.699861222077073,1.737,6.6,-2.0,40,,"eps,tsr",6.3,0.0,6.3,
VMC,Vulcan Materials Company (Holdi,Basic Materials,31870.0,245.95,3.765042476401999,29.016470588235293,27.951813,14.202739375536984,5.503,2.7,-2.0,60,,tsr,6.3,0.0,6.3,
NWS,News Corporation,Communication Services,17305.0,31.6124,2.015907424277726,30.41844660194175,22.266453,11.699861222077073,1.953,6.6,-2.0,40,,"eps,tsr",6.3,0.0,6.3,
ACLS,"Axcelis Technologies, Inc.",Technology,3540.0,115.18,3.321317797266145,39.10666666666666,40.450817,27.45730567128179,6.467,10.5,-6.0,50,,"eps,tsr",6.2,0.0,6.2,
BRCC,BRC Inc.,Consumer Defensive,286.0,8.99,5.91899896531744,-26.776119402985074,43.666664,89.49055927626249,0.547,4.5,0.0,,,"eps,other_per_share",6.2,0.0,6.2,
CTGO,"Contango Ore, Inc.",Basic Materials,601.0,18.58,1.8687772939501817,-6.582142857142857,,-18.988226085516555,,5.4,3.0,,,tsr,6.2,0.0,6.2,
EPR,EPR Properties,Real Estate,4364.0,57.04,1.889648331358815,18.121019108280258,,13.448815801473138,,4.5,4.0,43,,tsr,6.2,0.0,6.2,
EVEX,"Eve Holding, Inc.",Industrials,726.0,2.085,31.808327493320487,-3.3306451612903216,,-4.9889148646124175,,1.5,7.0,,,tsr,6.2,0.0,6.2,
FTCI,"FTC Solar, Inc.",Energy,41.0,2.57,,-0.4047999999999999,127.22772,-3.034710478195822,1.041,4.5,0.0,,,"eps,other_per_share",6.2,0.0,6.2,
JYNT,The Joint Corp.,Healthcare,119.0,8.3492,7.509074554950317,31.32303053147381,21.554012,25.8051042246036,1.929,1.5,7.0,,,tsr,6.2,0.0,6.2,
NIC,Nicolet Bankshares Inc.,Financial Services,2862.0,165.67,1.2597938972667087,17.87432286023835,11.049662,23.42723990173337,6.288,6.3,-2.0,,,"eps,tsr",6.2,0.0,6.2,
PCYO,Pure Cycle Corporation,Utilities,266.0,11.02,1.7518538698015622,18.04098360655738,122.99999,13.582726497441557,8.81,4.5,0.0,,,"tsr,roe",6.2,0.0,6.2,
SWKS,"Skyworks Solutions, Inc.",Technology,13646.0,90.69,2.3781218479340573,46.76288659793815,14.078923,17.187254077804354,2.637,6.3,-2.0,,,"eps,tsr",6.2,0.0,6.2,
PFX,PhenixFIN Corporation,Financial Services,90.0,46.45,,19.049586776859506,22.26071,-162.66547799975208,9.275,8.2,0.0,,,tsr,6.1,0.0,6.1,
AVTX,"Avalo Therapeutics, Inc.",Healthcare,820.0,15.5936,1.826966834574065,-3.289430379746835,-5.25,-7.263690681354713,11712.693,8.2,0.0,,,tsr,6.1,0.0,6.1,
FLUX,"Flux Power Holdings, Inc.",Industrials,11.0,0.5247,2.429721439410362,-1.3270882123341141,-3.372549,-3.2743685669727953,0.485,5.2,3.0,50,,tsr,6.1,0.0,6.1,
JBL,Jabil Inc.,Technology,32347.0,308.69,24.449528724867726,38.00246913580247,22.206272,16.38357154121526,1.241,1.2,3.0,33,,"eps,tsr",6.1,0.0,6.1,
AHRT,"AH Realty Trust, Inc.",Real Estate,577.0,6.015,1.0898722323398724,-10.27350427350427,,10.897904993027995,,0.9,7.0,,,tsr,6.0,0.0,6.0,
MLR,"Miller Industries, Inc.",Consumer Cyclical,622.0,54.56,1.4800279747579703,43.210317460317455,15.553125,17.091994625592985,0.723,9.9,-6.0,,,"eps,tsr",6.0,0.0,6.0,
STRR,"Star Equity Holdings, Inc.",Industrials,38.0,10.17,0.6285800458216967,-3.1699346405228757,9.2764225,-11.103536697247707,0.298,2.0,-6.0,,,tsr,0.0,6.0,6.0,P/B 0.63
WLDN,"Willdan Group, Inc.",Industrials,1225.0,81.05,3.4945404819311485,18.386447963800904,16.792452,16.077542142632737,2.026,3.0,1.0,45,,"eps,tsr",6.0,0.0,6.0,
WT,"WisdomTree, Inc.",Financial Services,3640.0,23.8,8.697387435605807,42.33035714285714,14.012719,24.743765001794607,5.97,8.0,0.0,,,tsr,6.0,0.0,6.0,
QS,QuantumScape Corporation,Consumer Cyclical,3092.0,5.0262,2.9503099662968095,-7.417910447761194,-13.013078,-8.36243841118083,,6.0,-6.0,70,,tsr,6.0,0.0,6.0,
STRRP,"Star Equity Holdings, Inc.",Industrials,40.0,9.62,0.6684658762145258,-3.1699346405228757,,-11.103536697247707,,2.0,-6.0,,,tsr,0.0,6.0,6.0,P/B 0.67
AIRS,"AirSculpt Technologies, Inc.",Healthcare,156.0,2.2091,1.4865924908424908,-12.004405286343614,-247.00002,60.2066439438268,2.653,3.8,4.0,,,tsr,5.9,0.0,5.9,
PSMT,"PriceSmart, Inc.",Consumer Defensive,5319.0,172.3706,3.8203220880661415,33.047984644913626,25.81844,15.917267269277655,0.994,0.8,3.0,50,,"eps,tsr",5.9,0.0,5.9,
ACOG,Alpha Cognition Inc.,Healthcare,139.0,8.975,2.6319640236956676,-7.873763283253939,-16.322962,-3.331157032557348,8.887,11.7,0.0,,,,5.8,0.0,5.8,
BCTX,BriaCell Therapeutics Corp.,Healthcare,36.0,4.12,1.4898598012416546,-0.3320130983606558,,-0.8948259764698931,,4.5,3.0,,,tsr,5.8,0.0,5.8,
BCTXL,BriaCell Therapeutics Corp.,Healthcare,9.0,1.0099,,,,,,4.5,3.0,,,tsr,5.8,0.0,5.8,
BRX,Brixmor Property Group Inc.,Real Estate,8525.0,27.78,2.8212269049783547,19.510563380281692,,12.597979557029056,,1.5,-2.0,75,,tsr,5.8,0.0,5.8,
BTBT,"Bit Digital, Inc.",Financial Services,639.0,1.8301,1.6171873859647792,-2.1279069767441863,,-4.386701529175839,10.373,3.6,0.0,,,"eps,tsr",5.8,0.0,5.8,
COSM,Cosmos Health Inc.,Healthcare,21.0,0.385,1.0135667721412913,-0.60961188599151,3.0414286,-1.8781357624958934,0.409,3.6,0.0,,,"eps,tsr",5.8,0.0,5.8,
MCHP,Microchip Technology Incorporat,Technology,41011.0,75.525,6.251246879610999,104.6141055840377,24.259003,27.371414339981005,12.621,0.6,7.0,50,,tsr,5.8,0.0,5.8,
MCHPP,Microchip Technology Incorporated,Technology,35268.0,64.95,,,,,,0.6,7.0,50,,tsr,5.8,0.0,5.8,
STEP,StepStone Group Inc.,Financial Services,5920.0,45.865,,-5.88943890112738,13.637585,-7.049385185025176,2.575,3.6,4.0,,,tsr,5.8,0.0,5.8,
PRLB,"Proto Labs, Inc.",Industrials,2130.0,89.53,3.0796229470041188,69.69685039370079,36.720272,26.369389028420358,3.286,5.4,-2.0,25,,"eps,tsr",5.7,0.0,5.7,
RHP,"Ryman Hospitality Properties, I",Real Estate,7669.0,121.515,10.247905894662852,27.909722222222225,25.257317,13.334136204166974,4.531,6.3,1.0,50,,tsr,5.7,0.0,5.7,
PRTS,"CarParts.com, Inc.",Consumer Cyclical,67.0,8.3008,1.1837040480340888,-1.894977168949772,-2.4365385,-6.5521301269531245,0.124,6.3,1.0,,,tsr,5.7,0.0,5.7,
GBTG,"Global Business Travel Group, I",Consumer Cyclical,4946.0,9.47,3.017720253813301,59.15624999999999,16.526007,17.01816990960452,2.09,6.0,1.0,25,,tsr,5.5,0.0,5.5,
LXP,LXP Industrial Trust,Real Estate,3588.0,60.855,1.8418980695167015,60.885,,17.956724999183542,,9.0,-2.0,40,,tsr,5.5,0.0,5.5,
UDR,"UDR, Inc.",Real Estate,10881.0,33.87,3.702753648147827,21.38291139240506,67.071434,12.77374242794185,10.704,9.0,-2.0,,,tsr,5.5,0.0,5.5,
MELI,"MercadoLibre, Inc.",Consumer Cyclical,91631.0,1807.4166,11.696569864692366,48.903401360544215,27.965384,32.4836061176281,2.818,7.0,0.0,,,tsr,5.5,0.0,5.5,
RDVT,"Red Violet, Inc.",Technology,1068.0,75.71,9.570533715012722,65.44629310344828,33.907692,37.662603246729454,7.83,7.0,0.0,,,tsr,5.5,0.0,5.5,
TWLO,Twilio Inc.,Technology,44657.0,294.23499,4.974174038250762,38.587101063829785,28.077229,121.0334458660236,5.089,1.0,-2.0,60,,tsr,5.5,0.0,5.5,
WMG,Warner Music Group Corp.,Communication Services,14296.0,27.395,16.740158010538643,21.157286821705423,14.383309,12.059047042428197,2.683,3.0,4.0,,,tsr,5.5,0.0,5.5,
ABSI,Absci Corporation,Healthcare,1654.0,9.765,6.720774709402717,-12.225,,-14.015810780077326,,10.8,0.0,,,,5.4,0.0,5.4,
KNF,Knife Riv Holding Co.,Basic Materials,3000.0,52.85,1.8680920718007732,21.054878048780488,21.04698,10.416255944717953,1.987,0.8,-2.0,65,,tsr,5.4,0.0,5.4,
MSBI,"Midland States Bancorp, Inc.",Financial Services,679.0,32.7021,1.1912437141031582,20.35625,9.396552,10.384515905247792,3.957,1.8,1.0,,,"eps,tsr",5.4,0.0,5.4,
MSBIP,"Midland States Bancorp, Inc.",Financial Services,698.0,25.26,1.2256687291991406,20.35625,,10.384515905247792,,1.8,1.0,,,"eps,tsr",5.4,0.0,5.4,
AGPU,Axe Compute Inc.,Technology,134.0,11.66,3.9367342146226507,-0.08092127878996219,,-0.4751739401966344,241.976,3.6,3.0,,,tsr,5.3,0.0,5.3,
BNAI,Brand Engagement Network Inc.,Technology,45.0,6.69,6.220753478186892,-2.536964980544747,,-202.86709702210098,,6.6,0.0,,,eps,5.3,0.0,5.3,
PPSI,"Pioneer Power Solutions, Inc.",Industrials,36.0,3.25,1.4563205185155272,-4.607142857142857,-38.250004,-4.128484114501416,1.542,3.6,3.0,,,tsr,5.3,0.0,5.3,
SIEB,Siebert Financial Corp.,Financial Services,90.0,2.2,1.016007253161273,-79.12087912087914,,-80.85329292929293,-1.32,3.6,3.0,,,tsr,5.3,0.0,5.3,
OPTU,"Optimum Communications, Inc.",Communication Services,514.0,1.095,,-0.10105871029836382,-25.555553,87.23316425883618,3.083,6.3,0.0,,,tsr,5.2,0.0,5.2,
PATH,"UiPath, Inc.",Technology,7003.0,13.165,3.638446415572553,19.57462686567164,11.322794,27.035743903365816,2.45,6.3,0.0,,,tsr,5.2,0.0,5.2,
AVNT,Avient Corporation,Basic Materials,3767.0,41.075,1.545814399441914,22.05913978494624,11.156105,11.478983832269426,1.513,4.5,-2.0,13,,"eps,tsr",5.2,0.0,5.2,
CZWI,"Citizens Community Bancorp, Inc.",Financial Services,205.0,21.24,1.0705149570416206,16.232824427480914,,40.65347370012092,,5.4,1.0,,,tsr,5.2,0.0,5.2,
DSGR,"Distribution Solutions Group, I",Industrials,1616.0,34.9285,2.467688241448569,185.5018587360595,17.660494,15.969350687774021,1.06,1.5,1.0,,,"eps,tsr",5.2,0.0,5.2,
GSAT,"Globalstar, Inc.",Communication Services,10578.0,82.135,36.1504063319128,-161.0487804878049,262.52042,170.65688685756476,37.225,7.5,-1.0,,,tsr,5.2,0.0,5.2,
IMDX,Insight Molecular Diagnostics I,Healthcare,121.0,3.76,,-2.546052631578948,-6.9743595,-2.401109850912042,77.221,6.3,0.0,,,tsr,5.2,0.0,5.2,
IOVA,"Iovance Biotherapeutics, Inc.",Healthcare,4586.0,10.2699,6.229959975273251,-14.650428571428572,-12.2516775,-17.06648901640405,5.182,6.3,0.0,,,tsr,5.2,0.0,5.2,
MMI,"Marcus & Millichap, Inc.",Real Estate,1147.0,30.33,1.981532960911225,82.12725286728563,32.577778,29.061758781233642,1.275,5.4,1.0,50,,tsr,5.2,0.0,5.2,
MUSA,Murphy USA Inc.,Consumer Cyclical,9420.0,509.97,12.034627416634725,15.27579963789982,18.80014,10.43319246869253,0.739,5.4,1.0,50,,tsr,5.2,0.0,5.2,
MSGE,Madison Square Garden Entertain,Communication Services,3712.0,78.46,1.6511071863098756,56.11510791366907,29.081186,14.842858502686287,4.259,2.2,4.0,50,,tsr,5.1,0.0,5.1,
INDP,"Indaptus Therapeutics, Inc.",Healthcare,412.0,3.64,36.245310410260515,-0.5326250807551504,-2.8057554,-27.507391188923588,,6.0,0.0,,,tsr,5.0,0.0,5.0,
INTZ,Intrusion Inc.,Technology,17.0,0.7508,6.121824435686134,-1.3263636363636364,-2.2651613,-2.4345665163472376,2.346,6.0,0.0,,,tsr,5.0,0.0,5.0,
LSTR,"Landstar System, Inc.",Industrials,5741.0,169.175,6.861562341496062,43.50777202072539,,22.788562974879348,,6.0,-4.0,,,"eps,tsr",5.0,0.0,5.0,
LVO,"LiveOne, Inc.",Communication Services,30.0,2.7,,-1.396271186440678,-124.2,-2.3401056910569102,1.235,6.0,0.0,,,tsr,5.0,0.0,5.0,
RH,RH,Consumer Cyclical,2363.0,124.995,19.630987851795226,21.294416243654823,16.16786,12.470544992516162,1.974,4.0,-2.0,,,"eps,tsr",5.0,0.0,5.0,
SMTI,Sanara MedTech Inc.,Healthcare,323.0,35.13,40.65626123562972,-9.435127646410029,40.77778,37.65728115109861,2.201,6.0,0.0,,,tsr,5.0,0.0,5.0,
STEM,"Stem, Inc.",Utilities,35.0,3.88,,-0.44847775175644033,-1.4143323,-64.18330262225372,2.66,2.0,4.0,25,,tsr,5.0,0.0,5.0,
VUZI,Vuzix Corporation,Technology,247.0,2.965,7.92464602934357,-7.489615784008307,-7.8809524,-7.779515160557974,43.664,2.0,4.0,,,tsr,5.0,0.0,5.0,
MSTR,Strategy Inc,Technology,54279.0,164.08,1.1974981136511997,-1.7051589369463265,25.21986,-2.6966404972444353,111.059,2.0,4.0,20,,tsr,5.0,0.0,5.0,
NRXS,"Neuraxis, Inc.",Healthcare,90.0,7.25,13.431295937834491,-9.675324675324676,-119.16667,-11.336683720557573,19.112,6.0,0.0,,,tsr,5.0,0.0,5.0,
BKKT,"Bakkt, Inc.",Technology,405.0,9.075,1.1424041931205733,-1.1907630522088353,9.604167,-19.61564323494284,0.218,1.8,4.0,,,tsr,4.9,0.0,4.9,
FTNT,"Fortinet, Inc.",Technology,130184.0,177.4316,83.93010598542969,62.266013986013995,42.24571,44.50480523068947,14.531,1.8,4.0,50,,tsr,4.9,0.0,4.9,
HLIT,Harmonic Inc.,Technology,1201.0,11.07,3.333061965444323,-26.485824123017778,,16.77318136961033,,1.8,4.0,,,tsr,4.9,0.0,4.9,
MU,"Micron Technology, Inc.",Technology,1216816.0,1077.41,12.080696555935031,23.918768132113364,9.61384,17.43500330963041,21.939,3.8,-2.0,,,"eps,tsr",4.9,0.0,4.9,
ASPN,"Aspen Aerogels, Inc.",Basic Materials,467.0,5.635,2.426515475701823,-3.715686274509803,,-5.956180013129865,,1.5,4.0,25,,tsr,4.8,0.0,4.8,
AVPT,"AvePoint, Inc.",Technology,2778.0,13.105,6.359923808695413,39.02095181083508,20.925465,33.04918413012848,4.023,1.5,4.0,,,tsr,4.8,0.0,4.8,
BATRA,"Atlanta Braves Holdings, Inc. -",Communication Services,3679.0,57.86,7.1541929730749265,107.74074074074075,-118.47826,22.190204525700434,5.533,1.5,4.0,,,tsr,4.8,0.0,4.8,
BATRK,"Atlanta Braves Holdings, Inc. -",Communication Services,3375.0,53.0751,6.562556299207239,107.74074074074075,3022.1956,22.190204525700434,5.184,1.5,4.0,,,tsr,4.8,0.0,4.8,
ELS,"Equity Lifestyle Properties, In",Real Estate,11623.0,59.89,6.610583750149303,29.885,28.701973,23.7859763152131,9.979,1.5,4.0,,,tsr,4.8,0.0,4.8,
FTEK,"Fuel Tech, Inc.",Industrials,54.0,1.745,1.4553823962319694,-15.169039145907474,-30.8,-16.013203070481506,1.023,1.5,4.0,,,tsr,4.8,0.0,4.8,
HEI,Heico Corporation,Industrials,43266.0,310.55,8.74463280109158,50.827302631578945,49.22332,31.055120735187256,10.196,1.5,4.0,,,tsr,4.8,0.0,4.8,
OTLK,"Outlook Therapeutics, Inc.",Healthcare,127.0,0.679,,-0.3608021390374331,-7.1818185,-2.102133550629024,631.575,5.4,0.0,,,eps,4.7,0.0,4.7,
ACRS,"Aclaris Therapeutics, Inc.",Healthcare,731.0,5.235,5.868787094340228,-8.925344827586208,-5.428947,-9.329684750049923,62.753,5.4,0.0,,,tsr,4.7,0.0,4.7,
AEVA,"Aeva Technologies, Inc.",Technology,1014.0,15.0071,36.814656738103885,-76.50000000000001,-15.837663,13.780708332274864,73.433,5.4,0.0,,,tsr,4.7,0.0,4.7,
ALGS,"Aligos Therapeutics, Inc.",Healthcare,34.0,5.57,1.0810562351022457,-0.7568493150684932,-1.319779,-0.10445964434206091,-3.801,5.4,0.0,,,tsr,4.7,0.0,4.7,
BFRI,Biofrontera Inc.,Healthcare,15.0,1.155,2.482851242444594,-1.925,,-3.144434790334044,,5.4,0.0,,,eps,4.7,0.0,4.7,
CLIR,ClearSign Technologies Corporat,Industrials,23.0,3.65,2.3410830791132806,-3.7649619151251357,-5.0872483,-2.4552644431209054,2.571,5.4,0.0,,,tsr,4.7,0.0,4.7,
DNA,"Ginkgo Bioworks Holdings, Inc.",Healthcare,590.0,9.03,1.4035275052107623,-1.714143426294821,,-4.206221868410861,,5.4,0.0,,,tsr,4.7,0.0,4.7,
ELDN,"Eledon Pharmaceuticals, Inc.",Healthcare,211.0,2.73,2.9254445169440935,-2.7373737373737375,-5.4193797,-2.511385761773538,,5.4,0.0,,,tsr,4.7,0.0,4.7,
INUV,"Inuvo, Inc.",Technology,10.0,0.5899,1.1687908972638974,-1.9740518962075853,-132.00002,-52.66695341014027,0.239,5.4,0.0,,,tsr,4.7,0.0,4.7,
LUCD,Lucid Diagnostics Inc.,Healthcare,162.0,0.8468,14.784051981330649,-1.7710791675606095,,-2.9543489662422613,,5.4,0.0,,,eps,4.7,0.0,4.7,
TZOO,Travelzoo,Communication Services,57.0,5.5231,,131.9928400954654,11.827295,31.283301657458566,1.226,5.4,0.0,,,tsr,4.7,0.0,4.7,
XFOR,"X4 Pharmaceuticals, Inc.",Healthcare,297.0,3.1492,1.9107362113551276,-2.5708333333333333,-4.6204543,-2.206446625504571,26.799,5.4,0.0,,,tsr,4.7,0.0,4.7,
NUVB,Nuvation Bio Inc.,Healthcare,2052.0,5.91,8.082924908612485,-13.31415420023015,-92.666664,-15.527185987200983,11.32,5.4,0.0,,,tsr,4.7,0.0,4.7,
APP,Applovin Corporation,Technology,104854.0,312.1222,33.150062666771205,24.128538638102523,,19.2162300144388,,5.2,0.0,,,tsr,4.6,0.0,4.6,
BROS,Dutch Bros Inc.,Consumer Cyclical,6672.0,38.615,8.364787268131968,53.66666666666666,56.653954,25.64134252694534,6.194,5.2,0.0,,,tsr,4.6,0.0,4.6,
CXDO,"Crexendo, Inc.",Communication Services,192.0,5.9087,2.4519974140027907,42.0957215373459,13.6206665,19.115942058919448,3.056,1.2,4.0,,,tsr,4.6,0.0,4.6,
FCX,"Freeport-McMoRan, Inc.",Basic Materials,104144.0,72.445,5.178976289223731,35.78325123152709,17.631506,12.299343815979553,4.443,7.2,-2.0,58,,tsr,4.6,0.0,4.6,
OBK,"Origin Bancorp, Inc.",Financial Services,1649.0,53.36,1.2872516804482548,16.405572755417957,11.614118,12.098788463750612,2.529,7.2,-2.0,,,tsr,4.6,0.0,4.6,
XWEL,"XWELL, Inc.",Consumer Cyclical,7.0,0.9024,,-0.17202268431001894,-0.4524715,-0.12161074576745487,0.39,5.2,0.0,,,tsr,4.6,0.0,4.6,
AEON,"AEON Biopharma, Inc.",Healthcare,12.0,0.2703,,-0.07002570966630443,-0.9681159,-0.4219715676728335,,6.0,3.0,,,,4.5,0.0,4.5,
SLN,Silence Therapeutics Plc - Amer,Healthcare,544.0,11.52,14.144032673962204,-3.0341207349081367,-17.769232,-7.824634202823681,306.781,2.0,3.0,,,tsr,4.5,0.0,4.5,
SELF,"Global Self Storage, Inc.",Real Estate,58.0,5.07,1.248522226051356,27.53938077131994,22.086956,14.185758559063489,5.199,2.0,3.0,,,tsr,4.5,0.0,4.5,
SLNCF,"Silence Therapeutics, Plc.",Healthcare,567.0,4.0,14.733574900574459,-3.0341207349081367,,-7.824634202823681,289.892,2.0,3.0,,,tsr,4.5,0.0,4.5,
SMMT,Summit Therapeutics Inc.,Healthcare,13027.0,16.33,20.678734189652737,-14.660267857142856,-11.821269,-14.866031576881241,,2.0,3.0,,,tsr,4.5,0.0,4.5,
FBNC,First Bancorp,Financial Services,2609.0,63.0652,1.520191484800112,19.419254658385096,,50.09131618377648,,0.8,0.0,,,"eps,tsr",4.4,0.0,4.4,
LFST,"LifeStance Health Group, Inc.",Healthcare,4701.0,12.12,3.1821781432869285,92.00307219662056,,35.34704406671528,,1.8,3.0,25,,tsr,4.4,0.0,4.4,
LGN,Legence Corp.,Industrials,6460.0,53.3784,10.759125225034682,-81.50068628946164,48.26365,37.848262280888214,2.581,1.8,3.0,,,tsr,4.4,0.0,4.4,
LSCC,Lattice Semiconductor Corporation,Technology,16624.0,121.335,21.108946969437238,458.07183364839307,,190.1549392659767,,6.8,-6.0,,,"eps,tsr",4.4,0.0,4.4,
BFS,"Saul Centers, Inc.",Real Estate,732.0,29.84,2.4735119208945995,20.74825174825175,,12.920216654188502,,4.5,0.0,,,tsr,4.2,0.0,4.2,
BTSG,"BrightSpring Health Services, I",Healthcare,11040.0,56.2544,5.388932945350676,39.03174825174825,31.313364,20.031932696295947,1.132,1.5,3.0,,,tsr,4.2,0.0,4.2,
BTSGU,"BrightSpring Health Services, Inc. Tangible Equity Unit",Healthcare,10859.0,184.8501,5.30046148980069,39.03174825174825,,20.031932696295947,,1.5,3.0,,,tsr,4.2,0.0,4.2,
CLSK,"CleanSpark, Inc.",Financial Services,3829.0,14.92,5.029142121917868,-3.9163061475190935,-23.779308,-31.361342895747658,8.048,1.5,-1.0,25,,"tsr,roe",4.2,0.0,4.2,
CUBE,CubeSmart,Real Estate,8638.0,38.15,3.3489260608635947,26.205479452054792,27.161667,17.28604605503103,11.237,1.5,3.0,,,tsr,4.2,0.0,4.2,
HHS,"Harte Hanks, Inc.",Industrials,34.0,4.615,2.2306745276872966,-6.054661958938145,2.2429907,-51.755978599221784,0.227,1.5,3.0,,,tsr,4.2,0.0,4.2,
KIDS,OrthoPediatrics Corp.,Healthcare,573.0,22.3,1.6669151024114268,-13.206607142857143,-27.75,-63.13869801931896,2.253,1.5,3.0,,,tsr,4.2,0.0,4.2,
LMRI,"Lumexa Imaging Holdings, Inc.",Healthcare,983.0,10.23,1.5980624994919204,-27.182011708355503,10.522196,16.82973375457744,1.766,4.5,4.0,,,,4.2,0.0,4.2,
LXRX,"Lexicon Pharmaceuticals, Inc.",Healthcare,922.0,2.075,5.281230196246956,-13.696808510638297,-9.744038,-17.991267152781763,11.198,1.5,3.0,,,tsr,4.2,0.0,4.2,
NSSC,"NAPCO Security Technologies, In",Industrials,1280.0,35.84,7.202452621750234,29.652892561983474,23.080246,23.364708903697164,6.656,1.5,3.0,,,tsr,4.2,0.0,4.2,
ORBS,Eightco Holdings Inc.,Financial Services,419.0,1.08,1.0622661576944805,-0.5352261306532664,,-1.2352789420187693,12.021,1.5,3.0,,,eps,4.2,0.0,4.2,
TLSI,"TriSalus Life Sciences, Inc.",Healthcare,329.0,5.35,50.29375557251908,-3.8500000000000005,-16.32,-13.662466306655588,5.091,4.5,0.0,,,tsr,4.2,0.0,4.2,
CARR,Carrier Global Corporation,Industrials,45874.0,55.65,3.4892896234882484,38.04018717313516,22.433474,20.591581975956284,3.255,2.2,-2.0,50,,"eps,tsr",4.1,0.0,4.1,
FEIM,"Frequency Electronics, Inc.",Technology,826.0,83.64,13.703392775924174,341.9200000000001,,447.95846743515847,,4.2,0.0,,,tsr,4.1,0.0,4.1,
RFIL,"RF Industries, Ltd.",Industrials,91.0,8.3994,2.363860708263069,37.5056179775281,20.011236,18.252805532411262,2.598,4.2,0.0,,,tsr,4.1,0.0,4.1,
APPS,"Digital Turbine, Inc.",Technology,1469.0,12.15,7.550654155661299,-51.79282868525896,8.122642,19.37678366621877,2.424,4.0,0.0,,,tsr,4.0,0.0,4.0,
LVWR,"LiveWire Group, Inc.",Consumer Cyclical,295.0,1.44,24.73425341833739,-3.831258644536653,-3.6451612,-4.682356060134462,8.511,3.0,5.0,,,,4.0,0.0,4.0,
STGW,Stagwell Inc.,Communication Services,2112.0,8.52,3.1547154996235345,130.88117283950618,5.70457,10.929298872485997,1.114,4.0,0.0,,,tsr,4.0,0.0,4.0,
TGTX,"TG Therapeutics, Inc.",Healthcare,8617.0,56.29,14.264719778573474,18.426286577555913,18.529545,65.92143044541172,11.111,1.0,3.0,,,tsr,4.0,0.0,4.0,
BBSI,"Barrett Business Services, Inc.",Industrials,809.0,32.96,3.9723526891746,23.571942446043163,15.367441,11.55439148198946,0.594,0.8,3.0,,,tsr,3.9,0.0,3.9,
DKNG,DraftKings Inc.,Consumer Cyclical,10451.0,21.065,18.353424014976433,-62.98931116389549,,70.067873321783,,0.8,3.0,50,,tsr,3.9,0.0,3.9,
IESC,"IES Holdings, Inc.",Industrials,12808.0,321.42999,10.419655415288446,28.22837494524748,,21.23116606357327,3.865,0.8,3.0,50,,tsr,3.9,0.0,3.9,
ADC,Agree Realty Corporation,Real Estate,8022.0,66.79,1.2302918149253328,36.18817204301076,37.49776,19.11849230220626,16.856,2.7,1.0,45,,tsr,3.9,0.0,3.9,
CIFR,Cipher Digital Inc.,Technology,7901.0,19.3146,14.056613145997648,-6.521057035280992,43.55224,-11.291248567779737,76.223,4.5,-1.0,50,,tsr,3.8,0.0,3.8,
GEG,"Great Elm Group, Inc.",Financial Services,68.0,2.16,1.7000787399598394,-1.8626007103872475,1.8648648,-2.4572780513817873,2.896,3.6,0.0,,,tsr,3.8,0.0,3.8,
GEGGL,"Great Elm Group, Inc. 7.25% Notes due 2027",Financial Services,724.0,24.85,18.174648167670682,-1.8626007103872475,,-2.4572780513817873,,3.6,0.0,,,tsr,3.8,0.0,3.8,
MDIA,Mediaco Holding Inc.,Communication Services,84.0,1.09,2.9269251448921163,-1.3841463414634145,,-4.597090622758528,1.232,3.6,0.0,,,eps,3.8,0.0,3.8,
ARDX,"Ardelyx, Inc.",Healthcare,860.0,3.48,5.769033070940119,-15.152857775808593,11.745293,-42.840226861780415,3.485,5.4,-2.0,,,tsr,3.7,0.0,3.7,
ALCO,"Alico, Inc.",Consumer Defensive,294.0,39.61,2.8022859227885415,187.83333333333337,-22.411112,10.875053830134009,20.495,3.0,0.0,,,tsr,3.5,0.0,3.5,
SFIX,"Stitch Fix, Inc.",Consumer Cyclical,377.0,2.825,1.8709170137044777,-19.350243224461433,-51.732994,39.37767150595883,0.319,3.0,0.0,,,tsr,3.5,0.0,3.5,
ADCT,ADC Therapeutics SA,Healthcare,159.0,1.25,,-1.9619680048294594,-0.73154366,-4.131491827076951,4.343,2.0,1.0,,,tsr,3.5,0.0,3.5,
TPCS,TechPrecision Corporation,Industrials,54.0,5.37,6.746634791327234,-42.25239616613419,2.2025316,28.685800563115908,1.371,3.0,0.0,,,tsr,3.5,0.0,3.5,
DIOD,Diodes Incorporated,Technology,4398.0,95.73,2.2528746264023836,50.62239361702128,23.93988,18.983458243637273,3.376,0.8,-2.0,50,,"eps,tsr",3.4,0.0,3.4,
LNG,"Cheniere Energy, Inc.",Energy,58628.0,279.78,9.469949653367792,20.346666666666668,,10.056314219455633,,6.8,-4.0,50,,tsr,3.4,0.0,3.4,
CARL,"Carlsmed, Inc.",Healthcare,407.0,14.955,4.825756391994872,-10.864705882352942,,-15.617284204442242,,6.3,0.0,,,,3.1,0.0,3.1,
SYRE,"Spyre Therapeutics, Inc.",Healthcare,7598.0,87.495,6.900278478414663,-45.369282051282056,-28.32654,-40.39142471194369,,6.3,-8.0,,,"eps,tsr",3.1,0.0,3.1,
RNG,"Ringcentral, Inc.",Technology,6997.0,81.15,,61.12403100775193,6.506754,23.907654129655807,1.678,8.2,-6.0,,,tsr,3.1,0.0,3.1,
BKSY,BlackSky Technology Inc.,Technology,935.0,22.84,4.418477317852618,-12.270459902428332,,-111.02725095667202,,2.0,0.0,,,tsr,3.0,0.0,3.0,
CTSO,Cytosorbents Corporation,Healthcare,16.0,5.07,,-0.9078260869565217,inf,-2.6665618279569894,1.397,2.0,0.0,,,tsr,3.0,0.0,3.0,
FRHC,Freedom Holding Corp.,Financial Services,10576.0,172.5462,7.582053958606212,67.5611673151751,,14.709497473703776,,2.0,0.0,,,tsr,3.0,0.0,3.0,
RCAT,"Red Cat Holdings, Inc.",Industrials,1037.0,6.815,4.21910201275668,-7.767441860465117,-31.777775,-6.897460046995487,23.567,2.0,0.0,,,tsr,3.0,0.0,3.0,
SUPN,"Supernus Pharmaceuticals, Inc.",Healthcare,2534.0,43.6653,2.4575805032068625,-22.585250338294994,10.217967,-149.89662106125536,2.874,2.0,0.0,,,tsr,3.0,0.0,3.0,
MASS,908 Devices Inc.,Healthcare,452.0,11.0099,3.563300640550305,-11.817096774193551,-30.871735,-13.094529619300426,3.934,2.0,0.0,,,tsr,3.0,0.0,3.0,
SARO,"StandardAero, Inc.",Industrials,7595.0,22.845,2.7584316357441256,22.944444444444446,16.101986,11.85593400018932,1.854,2.0,0.0,,,tsr,3.0,0.0,3.0,
TRUP,"Trupanion, Inc.",Financial Services,1006.0,23.0622,2.4555960870944906,43.11056603773584,5.461717,18.286615871861606,0.508,2.0,0.0,,,tsr,3.0,0.0,3.0,
TBPH,"Theravance Biopharma, Inc.",Healthcare,883.0,17.045,3.049352234169241,16.013348373754464,13.211155,10.246704638083411,4.56,2.0,0.0,,,tsr,3.0,0.0,3.0,
TKO,"TKO Group Holdings, Inc.",Communication Services,14216.0,189.63,4.186221912276218,62.7744477928271,42.63817,11.506742062019612,4.785,1.8,0.0,,,tsr,2.9,0.0,2.9,
ABCL,AbCellera Biologics Inc.,Healthcare,3732.0,12.2199,4.164697219928127,-22.57407407407407,-7.6805553,-23.385764124989862,16.718,1.8,0.0,,,tsr,2.9,0.0,2.9,
ALH,Alliance Laundry Holdings Inc.,Industrials,4268.0,21.49,8.491788153954817,23.20879120879121,18.358707,13.575751185605037,4.09,1.8,0.0,,,tsr,2.9,0.0,2.9,
BVS,Bioventus Inc.,Healthcare,901.0,13.2998,3.9466132690336653,16.741349265621107,9.613687,12.396194382494587,1.541,1.8,0.0,,,tsr,2.9,0.0,2.9,
FHTX,Foghorn Therapeutics Inc.,Healthcare,237.0,4.03,,-3.9444444444444446,-4.469238,-3.2365911469585673,3.615,1.8,0.0,,,tsr,2.9,0.0,2.9,
HOOD,"Robinhood Markets, Inc.",Financial Services,113487.0,126.225,11.97116721635021,53.65800865800866,,53.99923454426091,,1.8,0.0,,,tsr,2.9,0.0,2.9,
USLM,"United States Lime & Minerals, ",Basic Materials,3112.0,108.46,4.47233176471941,23.247121535181236,19.452055,14.540559541818608,7.775,1.8,0.0,,,tsr,2.9,0.0,2.9,
PAMT,PAMT CORP,Industrials,231.0,11.02,1.1364147520803585,-5.713159968479117,,16.590879880501657,0.907,1.8,0.0,,,tsr,2.9,0.0,2.9,
SGC,"Superior Group of Companies, In",Consumer Cyclical,197.0,12.58,1.0170269361836355,22.27678571428571,16.452066,10.230595690747782,0.51,1.8,0.0,,,tsr,2.9,0.0,2.9,
AGNT,"AGNT, Inc.",Real Estate,601.0,3.655,2.138507897397918,-33.14763231197771,13.400001,-211.74358744394618,0.134,1.5,0.0,,,tsr,2.8,0.0,2.8,
FTK,"Flotek Industries, Inc.",Energy,1113.0,30.775,8.616490314442045,29.078947368421055,,27.254324834749767,,1.5,0.0,,,tsr,2.8,0.0,2.8,
GRDN,"Guardian Pharmacy Services, Inc",Healthcare,2804.0,44.29,11.418250625984781,41.41904761904763,31.222162,23.68293692160595,1.836,1.5,0.0,,,tsr,2.8,0.0,2.8,
GWRS,"Global Water Resources, Inc.",Utilities,232.0,8.07,2.735871151760879,72.8014505893019,64.454544,13.243586984815618,6.03,1.5,0.0,,,tsr,2.8,0.0,2.8,
POWWP,Outdoor Holding Company - 8.75% Series A Cumulative Redeemable Perpetual Preferred Stock,Industrials,249.0,24.3624,1.050793341799965,90.98039215686273,,10.04014906653268,,1.2,0.0,,,tsr,2.6,0.0,2.6,
POWW,Outdoor Holding Company,Industrials,270.0,2.3283,1.1399074748030928,90.98039215686273,,10.04014906653268,4.18,1.2,0.0,,,tsr,2.6,0.0,2.6,
HWKN,"Hawkins, Inc.",Basic Materials,2593.0,124.1954,4.9962681217792815,31.86632390745501,,16.25394598118549,,0.9,0.0,,,tsr,2.5,0.0,2.5,
LQDA,Liquidia Corporation,Healthcare,6008.0,67.5596,30.791982107895898,43.24772162386082,12.754846,32.8348826562746,21.808,0.9,0.0,,,tsr,2.5,0.0,2.5,
LSTA,"Lisata Therapeutics, Inc.",Healthcare,13.0,1.45,1.6016819505094615,-0.8719512195121951,-3.0344827,-0.16681464359342787,110.238,0.9,0.0,,,tsr,2.5,0.0,2.5,
PODD,Insulet Corporation,Healthcare,9531.0,137.6002,6.7014716601040645,25.168955223880594,18.037325,15.492911530852567,3.664,2.7,-2.0,25,,tsr,2.4,0.0,2.4,
SLNG,"Stabilis Solutions, Inc.",Energy,99.0,5.32,1.693002960503799,-12.39094553171422,-77.16667,-206.81721267893658,1.832,0.6,0.0,,,tsr,2.3,0.0,2.3,
BETR,Better Home & Finance Holding C,Financial Services,190.0,12.1,3.2747177103255387,-1.1107078039927403,24.508621,-6.703639766177567,6.524,4.5,0.0,,,,2.2,0.0,2.2,
EVCM,EverCommerce Inc.,Technology,1435.0,8.11,2.0063144819217142,44.71551724137931,11.638643,13.887139788400901,3.353,4.5,0.0,50,,,2.2,0.0,2.2,
RPID,"Rapid Micro Biosystems, Inc.",Healthcare,51.0,1.125,2.8728625760649087,-1.0,-2.164557,-1.2760170787002052,2.296,4.5,0.0,,,,2.2,0.0,2.2,
BKTI,BK Technologies Corporation,Technology,278.0,74.325,5.356833801732435,20.609890109890106,,13.804699250606127,,6.3,-2.0,,,,2.1,0.0,2.1,
SMTC,Semtech Corporation,Technology,15906.0,170.75,28.118789398503683,102.33087969108243,40.722046,136.0665974281801,13.848,2.0,-2.0,50,,tsr,2.0,0.0,2.0,
AAT,"American Assets Trust, Inc.",Real Estate,1332.0,21.69,1.1868120501080899,73.47602739726028,33.402775,12.615614229902782,6.907,1.5,-2.0,,,tsr,1.8,0.0,1.8,
FIVN,"Five9, Inc.",Technology,2970.0,38.785,3.783790952900342,49.3667105263158,5.137422,17.089010302655723,1.329,0.8,-2.0,,,tsr,1.4,0.0,1.4,
FSTR,L.B. Foster Company,Industrials,390.0,37.305,2.191620551161641,34.205596330275235,24.072626,13.542692514006436,0.942,0.8,-2.0,,,tsr,1.4,0.0,1.4,
CARG,"CarGurus, Inc.",Communication Services,2891.0,29.93,10.934941624173463,16.42513368983957,10.331382,10.874979009565672,3.009,1.8,-6.0,,,tsr,-0.1,0.0,-0.1,
CRON,Cronos Group Inc. Common Share,Healthcare,1270.0,3.4,1.188812781657983,18.244694888178913,-67.75,14.838908313375473,1.518,1.8,-6.0,,,tsr,-0.1,0.0,-0.1,
SVCO,"Silvaco Group, Inc.",Technology,270.0,8.25,3.230584982363843,-11.430138888888887,48.25243,-13.2786928553137,6.454,4.5,-6.0,,,,-0.8,0.0,-0.8,
