ticker,price,absW_s_now,absW_ds_recent,absW_ds_prior,absW_d2s,absW_state,absW_bracket_n,absW_pos_in_bracket,absW_room,absW_A_bracket,absW_atr_pctl,absW_B_compress,absW_up_dn_vol,absW_C_sponsor,absW_D_ready,absW_dist_dest,absW_dist_invalid,absW_asymm,absW_E_asymm,absW_macro,absW_composite,absW_day_type,absW_open_type,absW_init_resp,absW_open_vs_va,absW_dp_signal,absW_spike,absW_p_form,absW_b_form,absW_failed_bd_reclaim,absW_failed_bo_reject,absW_accepted_outside,absW_var_trigger,absW_excess_buy,absW_excess_sell,absW_poor_low,absW_poor_high,absW_no_tail_streak,absW_bal_streak,absW_tpo_imbalance,absM_s_now,absM_ds_recent,absM_ds_prior,absM_d2s,absM_state,absM_bracket_n,absM_pos_in_bracket,absM_room,absM_A_bracket,absM_atr_pctl,absM_B_compress,absM_up_dn_vol,absM_C_sponsor,absM_D_ready,absM_dist_dest,absM_dist_invalid,absM_asymm,absM_E_asymm,absM_macro,absM_composite,absM_day_type,absM_open_type,absM_init_resp,absM_open_vs_va,absM_dp_signal,absM_spike,absM_p_form,absM_b_form,absM_failed_bd_reclaim,absM_failed_bo_reject,absM_accepted_outside,absM_var_trigger,relW_s_now,relW_ds_recent,relW_ds_prior,relW_d2s,relW_state,relW_dp_signal,relW_init_resp,relM_s_now,relM_ds_recent,relM_ds_prior,relM_d2s,relM_state,relM_dp_signal,relM_init_resp,inflect_score,velocity,acceleration,macro_total,monthly_bull,monthly_bear,final_rank
A,114.95999908447266,1.5,-4.0,14.38,-18.38,DECELERATION_DOWN,24,15.96,17.37,16,83.97435897435898,3,0.44,0,0,17.37,30.27,0.57,0,19,NEUTRAL,NEUTRAL_OUTSIDE,OPEN_AUCTION,INITIATIVE_BUY,WITHIN_VA,BULLISH_HIGH_VOL,,False,False,False,False,False,False,True,False,False,False,0,12,-3,-5.75,-3.38,-8.38,5.0,INFLECTION_DOWN,5.0,12.89,17.37,13.0,86.20689655172413,0.0,1.04,3.0,0.0,17.37,38.85,0.45,0.0,16.0,NEUTRAL,NEUTRAL_OUTSIDE,OPEN_AUCTION,INITIATIVE_SELL,WITHIN_VA,NEUTRAL,,False,False,False,False,False,False,-4.75,-2.62,-0.88,-1.75,ACCELERATION_DOWN,FAILED_UP,INITIATIVE_BUY,-5.75,-3.38,-3.0,-0.38,INFLECTION_DOWN,LOW_VOL_SELL,INITIATIVE_SELL,-32.5,-19.76,-14.26,35,False,True,-32.56
AA,71.37999725341797,0.5,-1.88,8.12,-10.0,INFLECTION_DOWN,20,79.73,31.27,15,76.92307692307693,5,1.1,0,5,31.27,23.14,1.35,0,25,BUY_COMP_CLOSE_HI,NEUTRAL_OUTSIDE,OPEN_AUCTION,INITIATIVE_BUY,BELOW_VA_IN_RANGE,BULLISH_HIGH_VOL,,False,False,False,False,False,True,False,False,False,False,0,8,-3,4.12,-5.25,1.0,-6.25,DECELERATION_DOWN,4.0,91.6,31.27,12.0,3.4482758620689653,5.0,15.63,15.0,5.0,31.27,64.15,0.49,0.0,37.0,BUY_COMP_CLOSE_HI,NEUTRAL_OUTSIDE,OPEN_AUCTION,INITIATIVE_BUY,BELOW_VA_IN_RANGE,LOW_VOL_RALLY,SPIKE_DN_ACCEPTED,False,False,False,True,False,False,-3.12,-3.62,2.12,-5.75,INFLECTION_DOWN,LOW_VOL_RALLY,INITIATIVE_BUY,2.5,-6.38,6.38,-12.75,DECELERATION_DOWN,FAILED_UP,INITIATIVE_BUY,-29.0,-27.95,-53.5,62,False,False,-36.17
AAPL,308.82000732421875,9.62,2.88,13.38,-10.5,TRENDING_UP,41,97.08,0.84,18,66.02564102564102,5,2.45,11,15,0.84,27.74,0.03,0,49,NEUTRAL,NORMAL_VAR_UP,OPEN_AUCTION,INITIATIVE_BUY,ABOVE_VA_IN_RANGE,BULL_NEUTRAL,,False,False,False,False,False,False,False,False,False,False,0,2,-1,4.62,0.62,-4.0,4.62,ACCELERATION_UP,9.0,97.8,0.84,7.0,65.51724137931035,0.0,2.29,11.0,15.0,0.84,37.08,0.02,0.0,33.0,BUY_COMP_CLOSE_HI,NEUTRAL_OUTSIDE,OPEN_OUT_RANGE_UP,INITIATIVE_BUY,OUT_RANGE_UP,CONFIRMED_UP,,False,False,False,False,True,False,10.62,11.62,1.75,9.88,INFLECTION_UP,BULL_NEUTRAL,INITIATIVE_BUY,-0.12,-2.12,-3.25,1.12,INFLECTION_DOWN,LOW_VOL_RALLY,INITIATIVE_BUY,6.5,17.0,13.49,82,True,False,73.1
ABBV,215.6999969482422,4.0,3.62,5.75,-2.12,INFLECTION_UP,56,65.61,10.86,15,86.53846153846155,5,1.03,3,0,10.86,20.72,0.52,0,23,BUY_COMPOSITE,NORMAL_VAR_UP,OPEN_AUCTION,INITIATIVE_BUY,WITHIN_VA,LOW_VOL_RALLY,,False,False,False,False,False,False,False,True,False,False,0,11,-3,-0.12,-0.5,-5.12,4.62,TRENDING_DOWN,13.0,65.61,10.86,8.0,100.0,0.0,0.91,3.0,0.0,10.86,20.72,0.52,0.0,11.0,NEUTRAL,NEUTRAL_OUTSIDE,OPEN_AUCTION,INITIATIVE_BUY,ABOVE_VA_IN_RANGE,LOW_VOL_RALLY,,True,False,False,False,False,False,0.25,5.75,-1.0,6.75,ACCELERATION_UP,NEUTRAL,INITIATIVE_BUY,0.5,2.75,-3.12,5.88,ACCELERATION_UP,LOW_VOL_SELL,NEUTRAL,20.5,17.0,26.7,34,False,True,43.38
ABNB,132.35000610351562,-5.0,-8.38,6.0,-14.38,ACCELERATION_DOWN,58,60.22,60.62,20,53.84615384615385,3,1.52,5,0,60.62,17.05,3.56,5,33,NEUTRAL,NORMAL_VAR_DN,OPEN_AUCTION,INITIATIVE_SELL,WITHIN_VA,NEUTRAL,,False,False,False,False,False,False,True,True,False,False,0,4,-3,-0.5,-3.75,4.62,-8.38,INFLECTION_UP,13.0,59.11,38.11,13.0,3.4482758620689653,5.0,1.79,8.0,0.0,38.11,11.26,3.39,8.0,34.0,NEUTRAL,NEUTRAL_OUTSIDE,OPEN_AUCTION,INITIATIVE_SELL,WITHIN_VA,BEARISH_HIGH_VOL,,False,False,False,True,False,False,-8.5,-6.62,-3.5,-3.12,ACCELERATION_DOWN,NEUTRAL,INITIATIVE_SELL,-3.62,-4.5,7.25,-11.75,INFLECTION_UP,CONFIRMED_DN,INITIATIVE_SELL,8.5,-32.94,-55.13,67,True,False,10.19
ABT,87.41000366210938,-6.0,2.12,1.88,0.25,NEUTRAL,11,16.41,6.22,10,100.0,0,0.27,0,0,6.22,31.71,0.2,0,10,BUY_COMPOSITE,NORMAL_VAR_UP,OPEN_AUCTION,INITIATIVE_BUY,WITHIN_VA,LOW_VOL_RALLY,,False,False,True,False,False,False,False,True,False,False,0,4,-3,-7.88,0.38,-10.0,10.38,DECELERATION_UP,2.0,10.02,6.22,7.0,58.620689655172406,0.0,0.56,3.0,0.0,6.22,55.9,0.11,0.0,10.0,SELL_COMPOSITE,TREND_DN,OPEN_AUCTION,INITIATIVE_SELL,BELOW_VA_IN_RANGE,CONFIRMED_DN,,True,False,False,False,False,False,-5.75,5.25,-3.5,8.75,DECELERATION_UP,LOW_VOL_RALLY,INITIATIVE_BUY,-6.25,0.75,-1.0,1.75,DECELERATION_UP,CONFIRMED_DN,INITIATIVE_SELL,20.0,12.07,32.45,20,True,False,60.22
ACM,72.04000091552734,-1.75,1.0,4.25,-3.25,NEUTRAL,11,14.76,22.38,13,100.0,0,0.54,5,0,22.38,35.26,0.63,0,18,NEUTRAL,NORMAL_VAR_DN,OPEN_AUCTION,INITIATIVE_BUY,WITHIN_VA,BULLISH_HIGH_VOL,,False,False,False,False,False,False,True,False,False,False,0,2,-3,-5.5,1.38,-16.5,17.88,INFLECTION_DOWN,2.0,6.57,22.38,10.0,100.0,0.0,1.31,3.0,5.0,22.38,86.85,0.26,0.0,18.0,SELL_COMP_CLOSE_LO,TREND_DN,OPEN_DRIVE_DN,INITIATIVE_SELL,WITHIN_VA,CONFIRMED_DN,,True,False,False,False,False,False,-6.0,2.75,-7.75,10.5,DECELERATION_UP,NEUTRAL,NEUTRAL,-4.5,2.88,-8.62,11.5,DECELERATION_UP,CONFIRMED_DN,INITIATIVE_SELL,5.0,12.96,62.32,36,False,True,40.7
ADBE,244.75999450683594,1.5,0.25,2.88,-2.62,INFLECTION_UP,18,25.11,8.43,10,100.0,5,0.68,3,0,8.43,25.14,0.34,0,18,BUY_COMPOSITE,NEUTRAL_OUTSIDE,OPEN_AUCTION,INITIATIVE_BUY,WITHIN_VA,MIRAGE_BUY,,False,False,False,False,False,False,False,True,False,False,0,12,-1,-4.25,-1.5,1.12,-2.62,ACCELERATION_DOWN,4.0,10.45,8.43,7.0,86.20689655172413,0.0,0.61,0.0,0.0,8.43,72.2,0.12,0.0,7.0,NEUTRAL,NEUTRAL_OUTSIDE,OPEN_AUCTION,INITIATIVE_BUY,ABOVE_VA_IN_RANGE,NEUTRAL,,False,True,True,False,False,False,1.88,3.75,-1.25,5.0,INFLECTION_UP,MIRAGE_BUY,INITIATIVE_BUY,-7.5,-3.25,4.25,-7.5,ACCELERATION_DOWN,LOW_VOL_SELL,INITIATIVE_SELL,-2.5,-2.88,-14.05,25,False,True,2.65
ADI,397.07000732421875,1.62,-7.62,15.62,-23.25,DECELERATION_DOWN,7,71.4,9.73,7,61.53846153846154,5,0.95,3,5,9.73,24.31,0.4,0,20,SELL_COMPOSITE,NORMAL_VAR_DN,OPEN_AUCTION,INITIATIVE_SELL,WITHIN_VA,CONFIRMED_DN,,False,False,False,True,False,False,True,False,False,False,0,5,-3,6.12,2.75,-3.25,6.0,ACCELERATION_UP,0.0,82.95,9.73,7.0,55.172413793103445,0.0,2.39,11.0,5.0,9.73,47.36,0.21,0.0,23.0,NEUTRAL,NEUTRAL_OUTSIDE,OPEN_AUCTION,INITIATIVE_BUY,WITHIN_VA,NEUTRAL,SPIKE_UP_ACCEPTED,False,False,False,False,False,False,0.62,-4.75,7.75,-12.5,DECELERATION_DOWN,CONFIRMED_DN,INITIATIVE_SELL,6.88,3.62,2.62,1.0,ACCELERATION_UP,NEUTRAL,INITIATIVE_BUY,7.5,-3.38,-31.0,43,True,False,24.57
ADM,77.5199966430664,5.25,9.75,-6.25,16.0,INFLECTION_UP,19,76.67,13.31,10,87.82051282051282,3,1.62,8,0,13.31,21.34,0.62,0,21,SELL_COMP_CLOSE_LO,NORMAL_VAR_DN,OPEN_AUCTION,INITIATIVE_SELL,WITHIN_VA,LOW_VOL_SELL,,False,False,False,True,False,False,False,False,False,False,0,3,1,9.25,8.0,-5.25,13.25,ACCELERATION_UP,4.0,86.45,13.31,7.0,3.4482758620689653,5.0,6.13,11.0,5.0,13.31,41.46,0.32,0.0,28.0,BUY_COMPOSITE,TREND_UP,OPEN_AUCTION,INITIATIVE_BUY,ABOVE_VA_IN_RANGE,BULL_NEUTRAL,,True,False,False,False,False,False,3.5,8.88,-10.12,19.0,ACCELERATION_UP,LOW_VOL_SELL,INITIATIVE_SELL,1.88,2.38,-2.25,4.62,INFLECTION_UP,LOW_VOL_RALLY,INITIATIVE_SELL,33.0,39.83,73.61,49,True,False,120.84
ADP,225.30999755859375,5.75,8.38,-1.25,9.62,INFLECTION_UP,18,52.8,22.99,11,100.0,0,2.02,15,0,22.99,14.74,1.56,3,29,BUY_COMP_CLOSE_HI,NORMAL_VAR_UP,OPEN_DRIVE_UP,INITIATIVE_BUY,ABOVE_VA_IN_RANGE,LOW_VOL_RALLY,,False,False,False,False,False,False,False,False,False,False,0,4,-3,-3.12,2.0,-2.12,4.12,DECELERATION_UP,4.0,27.79,22.99,7.0,58.620689655172406,0.0,0.55,0.0,0.0,22.99,42.84,0.54,0.0,7.0,NEUTRAL,NEUTRAL_OUTSIDE,OPEN_AUCTION,INITIATIVE_BUY,ABOVE_VA_IN_RANGE,BULL_NEUTRAL,,False,False,True,False,False,False,4.62,11.0,-10.38,21.38,INFLECTION_UP,LOW_VOL_RALLY,INITIATIVE_BUY,-3.0,2.75,2.62,0.12,NEUTRAL,BULL_NEUTRAL,INITIATIVE_BUY,21.0,33.38,48.11,36,True,False,88.27
ADSK,240.99000549316406,0.62,-0.12,1.25,-1.38,INFLECTION_UP,20,32.52,32.28,10,100.0,0,1.29,6,0,32.28,23.16,1.39,0,16,BUY_COMPOSITE,NEUTRAL_OUTSIDE,OPEN_AUCTION,INITIATIVE_BUY,WITHIN_VA,LOW_VOL_RALLY,,False,False,False,False,False,False,False,True,False,False,0,12,-5,-0.88,6.5,-12.62,19.12,DECELERATION_UP,5.0,23.38,32.28,12.0,51.724137931034484,0.0,0.51,0.0,0.0,32.28,36.56,0.88,0.0,12.0,NEUTRAL,NEUTRAL_OUTSIDE,OPEN_AUCTION,INITIATIVE_BUY,WITHIN_VA,NEUTRAL,,False,False,False,False,False,False,1.62,3.88,-4.25,8.12,INFLECTION_UP,LOW_VOL_RALLY,INITIATIVE_BUY,-3.12,3.5,-5.25,8.75,DECELERATION_UP,NEUTRAL,INITIATIVE_SELL,29.0,22.45,56.98,28,True,False,89.26
AEE,111.29000091552734,-1.88,-5.12,5.38,-10.5,INFLECTION_DOWN,80,86.65,3.86,20,36.53846153846153,13,1.07,3,10,3.86,25.09,0.15,0,46,NEUTRAL,NORMAL_VAR_UP,OPEN_AUCTION,INITIATIVE_BUY,BELOW_VA_IN_RANGE,BULLISH_HIGH_VOL,,False,False,False,False,False,True,False,False,False,True,0,12,1,5.62,5.0,-4.75,9.75,ACCELERATION_UP,18.0,86.65,3.86,13.0,3.4482758620689653,5.0,1.08,3.0,15.0,3.86,25.09,0.15,0.0,36.0,SELL_COMPOSITE,NORMAL_VAR_DN,OPEN_AUCTION,INITIATIVE_BUY,ABOVE_VA_IN_RANGE,LOW_VOL_SELL,,False,False,False,False,False,False,-4.25,-1.38,-8.0,6.62,INFLECTION_DOWN,BULLISH_HIGH_VOL,INITIATIVE_BUY,1.5,4.25,1.5,2.75,INFLECTION_UP,LOW_VOL_SELL,INITIATIVE_SELL,4.5,8.81,19.55,82,True,False,68.61
AEIS,324.8599853515625,-9.75,-15.0,8.75,-23.75,INFLECTION_DOWN,10,38.28,79.48,10,91.66666666666666,5,0.61,0,0,79.48,22.3,3.56,5,20,SELL_COMPOSITE,NEUTRAL_OUTSIDE,OPEN_AUCTION,INITIATIVE_SELL,BELOW_VA_IN_RANGE,FAILED_UP,,True,False,False,False,False,False,True,False,False,False,0,2,-1,5.0,0.38,-6.25,6.62,ACCELERATION_UP,2.0,74.56,22.3,7.0,6.896551724137931,5.0,3.55,8.0,5.0,22.3,65.36,0.34,0.0,25.0,SELL_COMPOSITE,NEUTRAL_OUTSIDE,OPEN_AUCTION,INITIATIVE_SELL,WITHIN_VA,BEARISH_HIGH_VOL,SPIKE_UP_ACCEPTED,False,False,False,False,False,False,-9.25,-13.12,5.62,-18.75,INFLECTION_DOWN,FAILED_UP,INITIATIVE_SELL,2.88,-1.88,-3.0,1.12,NEUTRAL,CONFIRMED_DN,INITIATIVE_SELL,-7.5,-37.87,-39.7,45,True,False,-23.6
AEP,131.58999633789062,-2.62,-8.75,8.12,-16.88,INFLECTION_DOWN,47,82.68,5.2,18,38.46153846153847,13,1.07,5,10,5.2,24.82,0.21,0,46,BUY_COMP_CLOSE_HI,NORMAL_VAR_UP,OPEN_AUCTION,INITIATIVE_BUY,BELOW_VA_IN_RANGE,BULLISH_HIGH_VOL,,False,False,False,False,False,True,False,False,False,False,0,3,-3,5.12,1.38,0.75,0.62,ACCELERATION_UP,11.0,83.23,5.2,10.0,6.896551724137931,5.0,1.4,8.0,15.0,5.2,25.81,0.2,0.0,38.0,SELL_COMPOSITE,NEUTRAL_OUTSIDE,OPEN_AUCTION,INITIATIVE_BUY,ABOVE_VA_IN_RANGE,BEARISH_HIGH_VOL,,False,False,False,False,False,False,-4.38,-1.0,-6.5,5.5,TRENDING_DOWN,BULLISH_HIGH_VOL,INITIATIVE_BUY,0.62,-0.88,1.75,-2.62,DECELERATION_DOWN,CONFIRMED_DN,INITIATIVE_SELL,-9.5,-9.94,-12.94,84,True,False,21.36
AES,14.680000305175781,2.5,-2.38,14.88,-17.25,INFLECTION_UP,34,44.14,39.09,18,0.641025641025641,10,1.12,6,5,39.09,18.77,2.08,3,42,BUY_COMP_CLOSE_HI,NORMAL_VAR_UP,OPEN_DRIVE_UP,INITIATIVE_BUY,WITHIN_VA,LOW_VOL_RALLY,,False,False,False,False,False,False,False,False,False,False,0,2,-1,2.62,0.25,-1.25,1.5,ACCELERATION_UP,8.0,65.4,74.18,7.0,58.620689655172406,0.0,2.63,10.0,0.0,74.18,35.47,2.09,3.0,20.0,BUY_COMP_CLOSE_HI,NEUTRAL_OUTSIDE,OPEN_AUCTION,INITIATIVE_BUY,WITHIN_VA,LOW_VOL_RALLY,,False,True,False,False,False,False,-3.62,1.75,-8.38,10.12,INFLECTION_DOWN,LOW_VOL_RALLY,INITIATIVE_BUY,-3.0,-4.5,-0.12,-4.38,ACCELERATION_DOWN,NEUTRAL,INITIATIVE_SELL,-5.5,-8.38,-8.58,62,True,False,17.04
AFG,136.69000244140625,3.75,-1.0,7.62,-8.62,DECELERATION_DOWN,119,83.22,4.86,20,44.871794871794876,6,1.66,11,5,4.86,24.11,0.2,0,42,BUY_COMPOSITE,NORMAL_VAR_UP,OPEN_AUCTION,INITIATIVE_BUY,ABOVE_VA_IN_RANGE,LOW_VOL_RALLY,,False,False,False,False,False,False,False,True,False,False,0,2,-5,2.75,7.88,-13.5,21.38,ACCELERATION_UP,27.0,82.43,4.86,18.0,65.51724137931035,3.0,1.21,11.0,5.0,4.86,22.81,0.21,0.0,37.0,NEUTRAL,NEUTRAL_OUTSIDE,OPEN_OUT_RANGE_UP,INITIATIVE_BUY,OUT_RANGE_UP,LOW_VOL_RALLY,,False,False,False,False,True,False,-0.88,4.0,-6.62,10.62,DECELERATION_UP,LOW_VOL_RALLY,INITIATIVE_BUY,0.88,3.38,-2.62,6.0,ACCELERATION_UP,LOW_VOL_SELL,NEUTRAL,19.5,23.58,51.38,79,True,False,103.7
AFL,117.86000061035156,2.38,-3.38,15.12,-18.5,INFLECTION_UP,97,95.63,1.13,20,48.717948717948715,8,0.93,0,15,1.13,24.76,0.05,0,43,BUY_COMPOSITE,NORMAL_VAR_UP,OPEN_AUCTION,INITIATIVE_BUY,ABOVE_VA_IN_RANGE,LOW_VOL_RALLY,,False,False,False,False,False,False,False,True,False,False,0,2,-3,3.88,1.38,-1.75,3.12,ACCELERATION_UP,22.0,95.09,1.13,13.0,72.41379310344827,3.0,1.6,11.0,15.0,1.13,21.88,0.05,0.0,42.0,NEUTRAL,NEUTRAL_OUTSIDE,OPEN_AUCTION,INITIATIVE_BUY,WITHIN_VA,CONFIRMED_UP,,False,False,False,False,False,False,-2.25,0.25,-2.5,2.75,DECELERATION_UP,BULL_NEUTRAL,INITIATIVE_BUY,-1.25,1.0,0.25,0.75,INFLECTION_UP,NEUTRAL,INITIATIVE_SELL,31.5,1.06,-8.2,85,True,False,81.36
AFRM,65.22000122070312,0.0,-6.88,8.38,-15.25,NEUTRAL,5,79.21,170.85,12,36.53846153846153,8,1.0,0,0,170.85,35.46,4.82,5,25,NEUTRAL,NEUTRAL_OUTSIDE,OPEN_AUCTION,INITIATIVE_BUY,WITHIN_VA,NEUTRAL,,False,False,False,False,False,False,False,True,False,False,0,6,-3,-2.25,1.62,-8.12,9.75,DECELERATION_UP,0.0,39.94,86.78,7.0,55.172413793103445,0.0,1.47,5.0,0.0,86.78,53.33,1.63,0.0,12.0,NEUTRAL,NEUTRAL_OUTSIDE,OPEN_AUCTION,INITIATIVE_BUY,WITHIN_VA,NEUTRAL,,False,True,False,False,False,False,-1.5,-7.38,5.12,-12.5,ACCELERATION_DOWN,NEUTRAL,INITIATIVE_BUY,-2.25,3.12,-8.5,11.62,DECELERATION_UP,NEUTRAL,NEUTRAL,6.5,-9.28,3.86,37,True,False,30.98
AGNC,10.210000038146973,-5.0,-12.62,22.12,-34.75,INFLECTION_UP,43,55.47,57.89,18,53.205128205128204,5,0.47,0,0,57.89,14.26,4.06,8,31,SELL_COMPOSITE,NORMAL_VAR_DN,OPEN_AUCTION,INITIATIVE_SELL,BELOW_VA_IN_RANGE,LOW_VOL_SELL,,True,False,False,False,False,False,True,False,False,False,0,2,3,-2.0,-8.12,-0.75,-7.38,ACCELERATION_DOWN,10.0,62.96,14.26,5.0,3.4482758620689653,5.0,3.85,13.0,0.0,14.26,24.23,0.59,0.0,23.0,SELL_COMP_CLOSE_LO,TREND_DN,OPEN_DRIVE_DN,INITIATIVE_SELL,WITHIN_VA,BEARISH_HIGH_VOL,SPIKE_UP_ACCEPTED,False,False,False,False,False,False,-6.38,-8.62,8.75,-17.38,ACCELERATION_DOWN,BEAR_NEUTRAL,INITIATIVE_SELL,-4.88,-10.75,3.38,-14.12,ACCELERATION_DOWN,CONFIRMED_DN,INITIATIVE_SELL,-19.0,-59.23,-100.13,54,False,True,-67.59
AGNCL,24.84000015258789,3.0,0.75,5.5,-4.75,INFLECTION_UP,126,95.32,1.33,20,8.333333333333332,15,0.78,3,10,1.33,27.07,0.05,0,48,BUY_COMPOSITE,NORMAL_VAR_UP,OPEN_AUCTION,INITIATIVE_SELL,WITHIN_VA,LOW_VOL_RALLY,,True,False,False,False,False,False,False,True,False,False,0,5,-1,3.12,-0.38,2.0,-2.38,DECELERATION_DOWN,29.0,95.31,1.33,18.0,50.0,5.0,1.89,13.0,10.0,1.33,27.0,0.05,0.0,46.0,NEUTRAL,NEUTRAL_OUTSIDE,OPEN_AUCTION,INITIATIVE_BUY,WITHIN_VA,MIRAGE_BUY,SPIKE_UP_ACCEPTED,False,False,False,False,False,False,-6.25,0.88,-18.38,19.25,DECELERATION_UP,LOW_VOL_SELL,INITIATIVE_SELL,0.0,2.38,6.0,-3.62,INFLECTION_UP,LOW_VOL_SELL,INITIATIVE_SELL,18.0,6.26,13.31,94,False,False,74.08
AGNCM,24.8799991607666,-0.12,-3.38,12.12,-15.5,INFLECTION_UP,133,97.34,0.76,20,42.94871794871795,10,0.57,8,15,0.76,27.92,0.03,0,53,NEUTRAL,NEUTRAL_OUTSIDE,OPEN_AUCTION,INITIATIVE_SELL,WITHIN_VA,NEUTRAL,,False,False,False,False,False,False,True,False,False,False,0,6,-3,2.38,-0.5,-1.5,1.0,NEUTRAL,30.0,96.93,0.76,18.0,3.4482758620689653,10.0,1.03,0.0,10.0,0.76,24.11,0.03,0.0,38.0,NEUTRAL,NORMAL_VAR_DN,OPEN_AUCTION,INITIATIVE_BUY,ABOVE_VA_IN_RANGE,NEUTRAL,SPIKE_UP_ACCEPTED,False,False,False,False,False,False,-5.38,0.0,-15.88,15.88,INFLECTION_DOWN,NEUTRAL,INITIATIVE_SELL,-1.25,3.0,5.62,-2.62,INFLECTION_UP,LOW_VOL_SELL,INITIATIVE_SELL,9.0,1.87,4.58,91,False,False,57.45
AGNCN,25.780000686645508,2.0,-7.12,14.0,-21.12,DECELERATION_DOWN,133,99.09,0.23,20,5.128205128205128,15,2.92,10,15,0.23,25.36,0.01,0,60,BUY_COMP_CLOSE_HI,NORMAL_VAR_UP,OPEN_DRIVE_UP,INITIATIVE_BUY,OUT_RANGE_DN,LOW_VOL_RALLY,,False,False,False,False,False,True,False,False,True,False,1,5,-5,1.88,-2.0,-2.88,0.88,NEUTRAL,31.0,99.13,0.23,18.0,3.4482758620689653,10.0,1.29,11.0,15.0,0.23,26.6,0.01,0.0,54.0,SELL_COMPOSITE,NORMAL_VAR_DN,OPEN_REJECT_DN,INITIATIVE_BUY,OUT_RANGE_UP,MIRAGE_BUY,SPIKE_UP_CONTINUATION,False,False,False,False,False,False,-4.5,2.62,-17.62,20.25,DECELERATION_UP,NEUTRAL,NEUTRAL,-0.75,3.38,3.62,-0.25,INFLECTION_UP,LOW_VOL_SELL,INITIATIVE_SELL,14.0,0.57,10.07,114,False,False,75.37
AGNCO,25.56999969482422,3.25,-4.38,14.5,-18.88,INFLECTION_UP,131,99.43,0.16,20,11.538461538461538,15,3.14,13,15,0.16,27.47,0.01,0,63,BUY_COMP_CLOSE_HI,NORMAL_VAR_UP,OPEN_AUCTION,INITIATIVE_BUY,WITHIN_VA,LOW_VOL_RALLY,,False,False,False,False,False,False,False,False,False,False,0,5,-5,2.0,-2.5,-2.88,0.38,NEUTRAL,30.0,99.42,0.16,18.0,3.4482758620689653,10.0,1.94,13.0,15.0,0.16,26.9,0.01,0.0,56.0,BUY_COMP_CLOSE_HI,NEUTRAL_OUTSIDE,OPEN_DRIVE_UP,INITIATIVE_BUY,WITHIN_VA,LOW_VOL_RALLY,SPIKE_UP_ACCEPTED,False,False,False,False,False,False,-5.12,1.75,-18.0,19.75,DECELERATION_UP,NEUTRAL,INITIATIVE_SELL_STRONG,-2.12,-1.75,10.25,-12.0,INFLECTION_UP,LOW_VOL_SELL,INITIATIVE_SELL,24.0,-9.0,-12.68,119,False,False,73.02
AGNCP,24.969999313354492,4.62,-1.75,16.0,-17.75,INFLECTION_UP,128,99.57,0.12,20,13.461538461538462,15,1.95,13,15,0.12,28.08,0.0,0,63,BUY_COMP_CLOSE_HI,NORMAL_VAR_UP,OPEN_DRIVE_UP,INITIATIVE_BUY,OUT_RANGE_DN,LOW_VOL_RALLY,,False,False,False,False,False,False,False,False,True,False,0,5,-3,1.25,-2.0,-4.25,2.25,NEUTRAL,29.0,99.56,0.12,15.0,3.4482758620689653,10.0,1.68,8.0,15.0,0.12,27.06,0.0,0.0,48.0,NEUTRAL,NEUTRAL_OUTSIDE,OPEN_AUCTION,INITIATIVE_BUY,WITHIN_VA,LOW_VOL_RALLY,SPIKE_UP_ACCEPTED,False,False,False,False,False,False,-5.25,3.88,-19.0,22.88,DECELERATION_UP,LOW_VOL_SELL,INITIATIVE_SELL,-1.25,0.62,6.75,-6.12,INFLECTION_UP,LOW_VOL_SELL,INITIATIVE_SELL,24.0,2.31,7.71,111,False,False,83.97
AGNCZ,25.31999969482422,-1.12,-9.12,15.38,-24.5,ACCELERATION_DOWN,37,76.27,1.88,15,50.0,5,0.82,5,5,1.88,6.06,0.31,5,35,SELL_COMPOSITE,NORMAL_VAR_DN,OPEN_AUCTION,INITIATIVE_SELL,WITHIN_VA,LOW_VOL_SELL,,False,False,False,False,False,False,True,False,False,False,0,7,-3,,,,,,,,,,,,,,,,,,,,,,,,,,,,,,,,,-7.25,0.88,-14.25,15.12,DECELERATION_UP,LOW_VOL_SELL,INITIATIVE_SELL,,,,,,,,1.0,-7.8,-1.82,35,False,False,13.09
AIG,77.05000305175781,2.38,1.0,8.0,-7.0,INFLECTION_UP,128,60.7,12.63,15,89.1025641025641,0,0.86,0,0,12.63,19.5,0.65,0,15,BUY_COMPOSITE,NORMAL_VAR_UP,OPEN_AUCTION,INITIATIVE_BUY,WITHIN_VA,LOW_VOL_RALLY,,False,False,False,False,False,False,False,True,False,False,0,8,-3,0.5,0.12,4.38,-4.25,TRENDING_UP,29.0,59.17,48.06,18.0,65.51724137931035,0.0,0.8,0.0,0.0,48.06,12.63,3.81,8.0,26.0,NEUTRAL,NORMAL_VAR_DN,OPEN_AUCTION,INITIATIVE_BUY,ABOVE_VA_IN_RANGE,NEUTRAL,,False,False,False,False,False,False,-0.12,3.75,-2.75,6.5,DECELERATION_UP,MIRAGE_BUY,INITIATIVE_BUY,-2.5,1.25,6.12,-4.88,NEUTRAL,NEUTRAL,INITIATIVE_SELL,15.0,9.3,-13.38,41,False,False,35.73
AIT,307.1000061035156,1.0,-6.62,16.12,-22.75,DECELERATION_DOWN,47,89.19,3.09,18,74.35897435897436,5,1.02,3,10,3.09,25.48,0.12,0,36,SELL_COMPOSITE,NORMAL_VAR_DN,OPEN_AUCTION,INITIATIVE_SELL,BELOW_VA_IN_RANGE,FAILED_UP,,False,False,False,False,False,False,True,False,False,False,0,5,-3,4.25,1.88,-2.25,4.12,ACCELERATION_UP,11.0,90.18,3.09,10.0,100.0,0.0,2.06,8.0,10.0,3.09,28.37,0.11,0.0,28.0,NEUTRAL,NEUTRAL_OUTSIDE,OPEN_AUCTION,INITIATIVE_BUY,ABOVE_VA_IN_RANGE,NEUTRAL,SPIKE_UP_ACCEPTED,False,False,False,False,False,False,-0.88,-4.12,5.75,-9.88,ACCELERATION_DOWN,NEUTRAL,INITIATIVE_SELL,3.5,5.38,-1.25,6.62,INFLECTION_UP,NEUTRAL,NEUTRAL,8.0,0.78,-18.15,64,True,False,43.21
AIZ,254.82000732421875,8.38,3.5,7.38,-3.88,TRENDING_UP,41,89.78,2.41,18,67.3076923076923,3,2.51,11,10,2.41,21.2,0.11,0,42,NEUTRAL,NORMAL_VAR_DN,OPEN_AUCTION,INITIATIVE_BUY,ABOVE_VA_IN_RANGE,NEUTRAL,SPIKE_UP_ACCEPTED,False,False,False,False,False,False,False,True,False,False,0,2,-5,3.12,-2.62,2.0,-4.62,DECELERATION_DOWN,9.0,92.28,2.41,7.0,65.51724137931035,0.0,1.3,11.0,15.0,2.41,28.86,0.08,0.0,33.0,NEUTRAL,NEUTRAL_OUTSIDE,OPEN_OUT_RANGE_UP,INITIATIVE_BUY,OUT_RANGE_UP,CONFIRMED_UP,,False,False,False,False,True,False,4.75,6.75,-3.12,9.88,INFLECTION_UP,MIRAGE_BUY,INITIATIVE_BUY,-0.5,-3.75,5.0,-8.75,ACCELERATION_DOWN,NEUTRAL,INITIATIVE_BUY,-5.0,2.2,-13.49,75,False,False,28.42
AJG,204.75,-4.0,-7.0,4.0,-11.0,INFLECTION_DOWN,29,18.59,36.99,23,100.0,3,1.21,9,0,36.99,29.94,1.24,0,35,BUY_COMPOSITE,NORMAL_VAR_UP,OPEN_AUCTION,INITIATIVE_BUY,WITHIN_VA,LOW_VOL_RALLY,,False,False,True,False,False,False,False,True,False,False,0,4,-5,-5.62,-5.25,1.38,-6.62,ACCELERATION_DOWN,7.0,8.92,36.99,12.0,100.0,0.0,0.35,0.0,0.0,36.99,69.86,0.53,0.0,12.0,SELL_COMPOSITE,NORMAL_VAR_DN,OPEN_AUCTION,INITIATIVE_SELL,WITHIN_VA,LOW_VOL_SELL,,False,False,False,False,False,False,-4.12,-0.12,-6.75,6.62,TRENDING_DOWN,LOW_VOL_RALLY,INITIATIVE_BUY,-4.88,-0.5,2.12,-2.62,ACCELERATION_DOWN,LOW_VOL_SELL,INITIATIVE_SELL,-26.5,-16.05,-16.24,47,False,True,-19.13
AKAM,147.22999572753906,6.0,8.25,-9.75,18.0,ACCELERATION_UP,2,76.32,12.38,4,100.0,0,2.92,8,0,12.38,39.89,0.31,0,12,SELL_COMPOSITE,NORMAL_VAR_DN,OPEN_AUCTION,INITIATIVE_SELL,WITHIN_VA,CONFIRMED_DN,,False,False,False,False,False,False,True,False,False,False,0,3,-3,5.25,1.12,2.38,-1.25,TRENDING_UP,0.0,80.96,12.38,7.0,100.0,0.0,1.84,13.0,15.0,12.38,52.6,0.24,0.0,35.0,BUY_COMPOSITE,TREND_UP,OPEN_DRIVE_UP,INITIATIVE_BUY,WITHIN_VA,CONFIRMED_UP,,False,False,False,False,False,False,5.25,10.25,-15.12,25.38,ACCELERATION_UP,CONFIRMED_DN,INITIATIVE_SELL,5.25,2.5,9.88,-7.38,INFLECTION_UP,CONFIRMED_UP,INITIATIVE_BUY,27.5,30.3,39.44,47,False,False,84.96
ALAB,306.8800048828125,8.0,-0.75,9.88,-10.62,DECELERATION_DOWN,0,95.9,2.91,7,57.3170731707317,5,1.9,15,15,2.91,68.1,0.04,0,42,BUY_COMP_CLOSE_HI,NORMAL_VAR_UP,OPEN_AUCTION,INITIATIVE_BUY,ABOVE_VA_IN_RANGE,CONFIRMED_UP,SPIKE_UP_ACCEPTED,False,False,False,False,False,False,False,False,False,False,0,5,3,-0.25,3.5,-14.0,17.5,INFLECTION_DOWN,0.0,96.13,2.91,7.0,50.0,0.0,1.58,8.0,15.0,2.91,72.37,0.04,0.0,30.0,BUY_COMP_CLOSE_HI,TREND_UP,OPEN_DRIVE_UP,INITIATIVE_BUY,WITHIN_VA,CONFIRMED_UP,SPIKE_UP_ACCEPTED,False,False,False,False,False,False,7.75,-0.25,7.25,-7.5,DECELERATION_DOWN,CONFIRMED_UP,INITIATIVE_BUY,-0.62,2.88,-10.0,12.88,INFLECTION_DOWN,CONFIRMED_UP,INITIATIVE_BUY,-31.0,9.88,30.14,72,False,True,22.99
ALB,171.5800018310547,-4.0,-4.25,4.88,-9.12,ACCELERATION_DOWN,9,25.47,71.69,12,52.56410256410257,5,0.83,5,0,71.69,28.8,2.49,3,25,SELL_COMPOSITE,NORMAL_VAR_DN,OPEN_AUCTION,INITIATIVE_SELL,BELOW_VA_IN_RANGE,LOW_VOL_SELL,SPIKE_DN_ACCEPTED,False,False,False,False,False,False,True,False,False,False,0,2,-3,-0.25,-9.5,0.75,-10.25,ACCELERATION_DOWN,2.0,70.62,85.72,9.0,3.4482758620689653,5.0,3.67,11.0,5.0,85.72,69.24,1.24,0.0,30.0,NEUTRAL,NEUTRAL_OUTSIDE,OPEN_AUCTION,INITIATIVE_SELL,WITHIN_VA,BEARISH_HIGH_VOL,,False,False,False,False,False,False,-5.12,-6.25,0.0,-6.25,INFLECTION_DOWN,LOW_VOL_SELL,INITIATIVE_SELL,-0.25,-9.75,2.75,-12.5,ACCELERATION_DOWN,BEARISH_HIGH_VOL,INITIATIVE_SELL,-31.5,-47.38,-58.87,55,False,True,-55.97
ALGN,163.61000061035156,-5.88,-9.75,10.12,-19.88,INFLECTION_DOWN,25,34.74,25.43,10,12.82051282051282,10,1.12,3,0,25.43,22.51,1.13,0,23,NEUTRAL,NEUTRAL_OUTSIDE,OPEN_AUCTION,INITIATIVE_BUY,BELOW_VA_IN_RANGE,FAILED_UP,,True,False,False,False,False,False,True,False,False,False,0,3,-1,1.88,-5.0,13.0,-18.0,DECELERATION_DOWN,6.0,48.21,25.43,10.0,24.137931034482758,5.0,1.66,8.0,0.0,25.43,27.32,0.93,0.0,23.0,SELL_COMPOSITE,TREND_DN,OPEN_AUCTION,INITIATIVE_SELL,WITHIN_VA,LOW_VOL_SELL,,False,False,False,False,False,False,-6.0,-6.75,3.0,-9.75,INFLECTION_DOWN,FAILED_UP,INITIATIVE_BUY,-0.38,-6.38,13.5,-19.88,ACCELERATION_DOWN,LOW_VOL_SELL,INITIATIVE_SELL,-31.0,-40.13,-101.26,46,False,False,-72.59
ALL,216.60000610351562,3.0,1.38,1.88,-0.5,INFLECTION_UP,95,83.03,5.09,20,55.769230769230774,8,0.76,3,15,5.09,24.89,0.2,0,46,NEUTRAL,NEUTRAL_OUTSIDE,OPEN_AUCTION,INITIATIVE_BUY,WITHIN_VA,NEUTRAL,,False,False,False,False,False,False,False,True,False,False,0,7,-1,5.25,8.0,-5.62,13.62,INFLECTION_UP,22.0,83.01,5.09,10.0,51.724137931034484,0.0,1.09,3.0,5.0,5.09,24.86,0.2,0.0,18.0,NEUTRAL,NEUTRAL_OUTSIDE,OPEN_AUCTION,INITIATIVE_BUY,ABOVE_VA_IN_RANGE,NEUTRAL,,False,False,False,False,False,False,-2.0,4.62,-10.38,15.0,DECELERATION_UP,MIRAGE_BUY,INITIATIVE_BUY,-0.62,1.75,1.0,0.75,INFLECTION_UP,BEAR_NEUTRAL,INITIATIVE_SELL,33.0,23.81,43.93,64,True,False,106.86
ALLY,42.349998474121094,-7.0,-14.75,13.0,-27.75,INFLECTION_DOWN,50,63.26,13.36,13,31.41025641025641,6,0.83,0,0,13.36,17.7,0.76,0,19,NEUTRAL,NEUTRAL_OUTSIDE,OPEN_AUCTION,INITIATIVE_SELL,WITHIN_VA,NEUTRAL,,False,False,False,False,False,False,True,False,False,False,0,4,-1,-0.12,-0.12,-7.0,6.88,INFLECTION_DOWN,11.0,67.52,13.36,2.0,34.48275862068966,3.0,1.65,11.0,0.0,13.36,21.37,0.63,0.0,16.0,SELL_COMPOSITE,NEUTRAL_OUTSIDE,OPEN_AUCTION,NEUTRAL,WITHIN_VA,LOW_VOL_SELL,,False,True,False,False,False,False,-7.5,-12.5,6.88,-19.38,INFLECTION_DOWN,NEUTRAL,INITIATIVE_SELL,-2.0,-3.62,1.12,-4.75,ACCELERATION_DOWN,LOW_VOL_SELL,INITIATIVE_SELL,-34.0,-40.92,-56.0,35,False,True,-63.45
ALNY,297.45001220703125,-1.5,2.5,0.0,2.5,NEUTRAL,19,13.96,60.47,18,97.43589743589743,5,0.3,0,0,60.47,27.29,2.22,3,26,BUY_COMPOSITE,NEUTRAL_OUTSIDE,OPEN_AUCTION,INITIATIVE_BUY,BELOW_VA_IN_RANGE,LOW_VOL_RALLY,,False,False,False,False,False,True,False,False,False,False,0,5,-1,-3.62,3.62,-17.5,21.12,INFLECTION_DOWN,4.0,6.23,60.47,15.0,37.93103448275862,3.0,1.08,3.0,0.0,60.47,66.6,0.91,0.0,21.0,SELL_COMPOSITE,NORMAL_VAR_DN,OPEN_AUCTION,INITIATIVE_SELL,WITHIN_VA,LOW_VOL_SELL,,True,False,False,False,False,False,-5.62,1.12,-6.38,7.5,DECELERATION_UP,LOW_VOL_RALLY,INITIATIVE_BUY,-4.62,4.75,-16.88,21.62,DECELERATION_UP,LOW_VOL_SELL,INITIATIVE_SELL,5.0,19.11,88.67,47,False,True,60.43
ALSN,109.87000274658203,-6.0,-14.38,14.25,-28.62,ACCELERATION_DOWN,19,20.58,72.44,15,73.71794871794873,3,0.68,0,0,72.44,24.95,2.9,3,21,SELL_COMPOSITE,NORMAL_VAR_DN,OPEN_AUCTION,INITIATIVE_SELL,BELOW_VA_IN_RANGE,CONFIRMED_DN,,True,False,False,False,False,False,True,False,False,False,0,2,-5,5.25,-3.0,14.5,-17.5,DECELERATION_DOWN,4.0,55.72,72.44,10.0,100.0,0.0,0.78,3.0,5.0,72.44,24.95,2.9,3.0,21.0,SELL_COMP_CLOSE_LO,TREND_DN,OPEN_DRIVE_DN,INITIATIVE_SELL,WITHIN_VA,BEARISH_HIGH_VOL,SPIKE_UP_ACCEPTED,False,False,False,False,False,False,-8.5,-14.0,6.75,-20.75,INFLECTION_DOWN,CONFIRMED_DN,INITIATIVE_SELL,3.88,-1.75,17.88,-19.62,INFLECTION_UP,CONFIRMED_DN,INITIATIVE_SELL,-8.0,-43.38,-125.24,42,False,False,-63.12
AM,22.170000076293945,1.12,10.0,-15.12,25.12,ACCELERATION_UP,19,78.66,6.4,7,62.82051282051282,6,1.63,8,0,6.4,23.61,0.27,0,21,NEUTRAL,NEUTRAL_OUTSIDE,OPEN_OUT_RANGE_UP,INITIATIVE_BUY,OUT_RANGE_UP,NEUTRAL,,False,False,False,False,True,False,True,True,False,False,0,4,-3,4.75,5.38,-3.12,8.5,INFLECTION_UP,4.0,80.8,6.4,10.0,65.51724137931035,0.0,1.13,8.0,5.0,6.4,26.95,0.24,0.0,23.0,NEUTRAL,NEUTRAL_OUTSIDE,OPEN_AUCTION,INITIATIVE_BUY,WITHIN_VA,LOW_VOL_RALLY,,False,False,False,False,False,False,0.12,10.38,-20.38,30.75,ACCELERATION_UP,NEUTRAL,INITIATIVE_BUY,3.88,7.0,1.62,5.38,INFLECTION_UP,LOW_VOL_SELL,INITIATIVE_SELL,33.5,47.64,94.76,44,True,False,131.99
AMAT,432.1600036621094,0.5,-3.5,8.0,-11.5,DECELERATION_DOWN,10,88.05,3.64,10,76.28205128205127,5,0.71,5,5,3.64,26.82,0.14,0,25,SELL_COMPOSITE,NORMAL_VAR_DN,OPEN_AUCTION,INITIATIVE_BUY,WITHIN_VA,FAILED_UP,,False,False,False,True,False,False,True,False,False,False,0,7,3,5.88,-2.62,4.75,-7.38,DECELERATION_DOWN,2.0,94.65,3.64,7.0,65.51724137931035,0.0,3.33,10.0,10.0,3.64,64.41,0.06,0.0,27.0,BUY_COMPOSITE,TREND_UP,OPEN_DRIVE_UP,INITIATIVE_BUY,WITHIN_VA,LOW_VOL_RALLY,,False,False,False,False,False,False,-1.62,-5.12,3.88,-9.0,ACCELERATION_DOWN,BEAR_NEUTRAL,INITIATIVE_SELL,5.88,-2.38,5.0,-7.38,DECELERATION_DOWN,LOW_VOL_RALLY,INITIATIVE_BUY,-25.5,-19.87,-50.83,52,False,False,-31.75
AMD,467.510009765625,9.62,0.5,9.62,-9.12,TRENDING_UP,2,95.26,2.97,10,91.66666666666666,5,3.59,13,10,2.97,59.74,0.05,0,38,NEUTRAL,NEUTRAL_OUTSIDE,OPEN_AUCTION,INITIATIVE_BUY,BELOW_VA_IN_RANGE,BULLISH_HIGH_VOL,,False,False,False,False,False,True,True,False,False,False,0,3,-1,2.75,0.38,-2.88,3.25,INFLECTION_DOWN,0.0,96.25,2.97,7.0,34.48275862068966,3.0,2.98,8.0,15.0,2.97,76.26,0.04,0.0,33.0,BUY_COMP_CLOSE_HI,TREND_UP,OPEN_DRIVE_UP,INITIATIVE_BUY,ABOVE_VA_IN_RANGE,CONFIRMED_UP,SPIKE_UP_ACCEPTED,False,True,False,False,False,False,9.62,3.25,3.0,0.25,ACCELERATION_UP,BULLISH_HIGH_VOL,INITIATIVE_BUY,2.38,0.75,-3.38,4.12,INFLECTION_DOWN,CONFIRMED_UP,INITIATIVE_BUY,-11.5,7.45,4.37,71,False,True,30.21
AME,224.52000427246094,-3.0,-9.62,15.62,-25.25,ACCELERATION_DOWN,44,72.72,8.31,15,81.41025641025641,5,0.48,0,0,8.31,22.16,0.38,0,20,SELL_COMPOSITE,NORMAL_VAR_DN,OPEN_AUCTION,INITIATIVE_SELL,BELOW_VA_IN_RANGE,LOW_VOL_SELL,,False,False,False,False,False,False,True,False,False,False,0,2,-3,3.0,-4.62,2.88,-7.5,DECELERATION_DOWN,10.0,73.18,8.31,7.0,79.3103448275862,0.0,3.37,13.0,0.0,8.31,22.68,0.37,0.0,20.0,NEUTRAL,NEUTRAL_OUTSIDE,OPEN_AUCTION,INITIATIVE_SELL,WITHIN_VA,BEARISH_HIGH_VOL,SPIKE_UP_ACCEPTED,False,False,False,False,False,False,-7.62,-8.62,6.25,-14.88,INFLECTION_DOWN,LOW_VOL_SELL,INITIATIVE_SELL,-4.12,-13.12,11.75,-24.88,ACCELERATION_DOWN,CONFIRMED_DN,INITIATIVE_SELL,-30.0,-55.72,-108.58,40,False,False,-86.86
AMGN,339.29998779296875,-0.25,-1.0,7.75,-8.75,ACCELERATION_DOWN,33,53.93,49.18,18,76.92307692307693,3,0.66,3,5,49.18,14.46,3.4,8,37,BUY_COMP_CLOSE_HI,NEUTRAL_OUTSIDE,OPEN_AUCTION,INITIATIVE_BUY,BELOW_VA_IN_RANGE,BULL_NEUTRAL,,False,True,False,False,False,True,False,False,False,False,0,10,-3,0.25,-6.38,5.62,-12.0,DECELERATION_DOWN,7.0,61.78,14.46,5.0,96.55172413793103,0.0,1.13,6.0,0.0,14.46,23.37,0.62,0.0,11.0,NEUTRAL,NEUTRAL_OUTSIDE,OPEN_REJECT_UP,INITIATIVE_BUY,OUT_RANGE_DN,FAILED_UP,,True,False,False,False,False,False,-3.75,3.0,-5.5,8.5,DECELERATION_UP,BULL_NEUTRAL,INITIATIVE_BUY,-1.88,-7.0,10.0,-17.0,ACCELERATION_DOWN,LOW_VOL_SELL,INITIATIVE_SELL,-15.0,-20.07,-48.0,48,False,False,-22.24
AMH,32.27000045776367,4.0,-2.62,10.75,-13.38,DECELERATION_DOWN,86,46.83,18.73,18,88.46153846153845,3,1.89,13,0,18.73,17.77,1.05,0,34,BUY_COMP_CLOSE_HI,NORMAL_VAR_UP,OPEN_DRIVE_UP,INITIATIVE_BUY,BELOW_VA_IN_RANGE,BULL_NEUTRAL,,False,False,False,False,False,True,False,False,False,False,0,5,-3,1.0,4.88,2.5,2.38,ACCELERATION_UP,20.0,46.83,18.73,11.0,62.06896551724138,0.0,0.64,3.0,0.0,18.73,17.77,1.05,0.0,14.0,NEUTRAL,NEUTRAL_OUTSIDE,OPEN_AUCTION,INITIATIVE_BUY,ABOVE_VA_IN_RANGE,LOW_VOL_RALLY,,False,False,False,False,False,False,-1.62,-4.25,2.75,-7.0,INFLECTION_DOWN,BULL_NEUTRAL,NEUTRAL,-1.25,5.25,1.88,3.38,NEUTRAL,BEAR_NEUTRAL,INITIATIVE_SELL,-5.5,8.82,-13.55,48,True,False,18.37
AMKR,65.75,-3.12,-12.12,11.5,-23.62,ACCELERATION_DOWN,6,65.51,20.5,8,100.0,5,1.32,3,0,20.5,38.95,0.53,0,16,SELL_COMPOSITE,NORMAL_VAR_DN,OPEN_AUCTION,INITIATIVE_SELL,WITHIN_VA,BEAR_NEUTRAL,,False,False,False,False,False,False,True,False,False,False,0,6,-1,0.75,-9.88,2.38,-12.25,DECELERATION_DOWN,0.0,78.13,20.5,7.0,51.724137931034484,0.0,4.47,8.0,0.0,20.5,73.23,0.28,0.0,15.0,NEUTRAL,NEUTRAL_OUTSIDE,OPEN_AUCTION,INITIATIVE_SELL,WITHIN_VA,BEARISH_HIGH_VOL,,False,False,False,False,False,False,-5.25,-14.5,9.75,-24.25,ACCELERATION_DOWN,BEAR_NEUTRAL,INITIATIVE_SELL,0.5,-7.88,1.88,-9.75,DECELERATION_DOWN,BEARISH_HIGH_VOL,INITIATIVE_SELL,-26.5,-64.45,-97.87,31,False,False,-88.82
AMP,452.30999755859375,-0.12,-1.75,6.12,-7.88,INFLECTION_UP,58,25.04,54.1,22,91.02564102564102,0,1.57,5,5,54.1,20.84,2.6,3,35,SELL_COMPOSITE,NORMAL_VAR_DN,OPEN_AUCTION,INITIATIVE_SELL,WITHIN_VA,CONFIRMED_DN,,False,False,False,False,False,False,True,False,False,False,0,12,-1,-1.62,-2.25,0.38,-2.62,ACCELERATION_DOWN,13.0,25.04,54.1,15.0,75.86206896551724,0.0,1.06,3.0,0.0,54.1,20.84,2.6,3.0,21.0,SELL_COMPOSITE,NEUTRAL_OUTSIDE,OPEN_AUCTION,NEUTRAL,ABOVE_VA_IN_RANGE,LOW_VOL_SELL,,False,False,True,False,False,False,-0.75,4.25,-6.25,10.5,DECELERATION_UP,NEUTRAL,INITIATIVE_SELL,-7.12,-8.75,6.88,-15.62,ACCELERATION_DOWN,LOW_VOL_SELL,INITIATIVE_SELL,-5.5,-16.25,-27.3,56,False,True,1.83
AMRZ,49.95000076293945,-7.62,-9.75,14.38,-24.12,ACCELERATION_DOWN,26,14.7,12.54,18,50.0,0,0.37,0,0,12.54,30.71,0.41,0,18,NEUTRAL,NEUTRAL_OUTSIDE,OPEN_AUCTION,INITIATIVE_SELL,BELOW_VA_IN_RANGE,NEUTRAL,,False,False,False,False,False,False,True,True,False,False,0,3,-3,,,,,,,,,,,,,,,,,,,,,,,,,,,,,,,,,-7.38,-2.12,1.0,-3.12,ACCELERATION_DOWN,NEUTRAL,INITIATIVE_SELL,,,,,,,,-12.5,-12.93,-28.8,18,False,False,-22.78
AMT,183.85000610351562,-0.25,-6.88,13.25,-20.12,INFLECTION_UP,88,31.72,23.59,18,67.94871794871796,3,0.86,3,5,23.59,23.89,0.99,0,29,BUY_COMP_CLOSE_HI,NORMAL_VAR_UP,OPEN_DRIVE_UP,INITIATIVE_BUY,WITHIN_VA,BULL_NEUTRAL,,False,False,False,False,False,False,False,False,False,False,0,12,-3,3.12,8.25,-0.38,8.62,INFLECTION_UP,20.0,31.72,23.59,11.0,44.827586206896555,0.0,0.78,3.0,0.0,23.59,23.89,0.99,0.0,14.0,SELL_COMPOSITE,TREND_DN,OPEN_OUT_RANGE_UP,INITIATIVE_BUY,OUT_RANGE_UP,LOW_VOL_RALLY,,False,False,False,False,True,False,-2.88,-0.12,-0.38,0.25,TRENDING_DOWN,BULL_NEUTRAL,INITIATIVE_BUY,0.88,6.0,2.25,3.75,INFLECTION_UP,LOW_VOL_SELL,INITIATIVE_SELL,24.0,17.32,0.68,43,True,False,66.16
AMZN,266.32000732421875,-0.62,-8.0,9.5,-17.5,ACCELERATION_DOWN,13,84.59,4.6,13,86.53846153846155,0,2.47,11,10,4.6,25.23,0.18,0,34,NEUTRAL,NEUTRAL_OUTSIDE,OPEN_AUCTION,INITIATIVE_BUY,WITHIN_VA,FAILED_UP,,False,False,False,False,False,False,True,False,False,False,0,6,1,1.25,-1.75,-1.62,-0.12,INFLECTION_DOWN,3.0,85.17,4.6,10.0,62.06896551724138,0.0,2.1,8.0,5.0,4.6,26.4,0.17,0.0,23.0,NEUTRAL,NEUTRAL_OUTSIDE,OPEN_AUCTION,INITIATIVE_BUY,WITHIN_VA,NEUTRAL,SPIKE_UP_ACCEPTED,False,False,False,False,False,False,-1.12,-6.75,0.5,-7.25,ACCELERATION_DOWN,NEUTRAL,INITIATIVE_SELL,1.75,0.38,2.0,-1.62,INFLECTION_UP,NEUTRAL,INITIATIVE_BUY,-9.5,-19.99,-31.8,57,False,True,-5.71
ANET,154.02999877929688,-2.25,-8.62,8.75,-17.38,INFLECTION_UP,6,59.97,86.54,10,78.2051282051282,5,1.8,10,0,86.54,16.73,5.17,5,30,NEUTRAL,NEUTRAL_OUTSIDE,OPEN_AUCTION,INITIATIVE_BUY,WITHIN_VA,CONFIRMED_UP,,True,False,False,False,False,False,True,False,False,True,0,3,-5,1.88,2.38,-9.75,12.12,ACCELERATION_UP,0.0,72.65,16.73,7.0,100.0,0.0,1.47,8.0,5.0,16.73,44.44,0.38,0.0,20.0,SELL_COMPOSITE,NEUTRAL_OUTSIDE,OPEN_AUCTION,NEUTRAL,WITHIN_VA,BEARISH_HIGH_VOL,SPIKE_UP_ACCEPTED,False,False,False,False,False,False,-2.25,-8.0,5.0,-13.0,ACCELERATION_DOWN,BULLISH_HIGH_VOL,INITIATIVE_BUY,0.62,2.62,-8.62,11.25,INFLECTION_DOWN,BEARISH_HIGH_VOL,INITIATIVE_SELL_STRONG,-6.0,-11.81,3.8,50,True,False,13.43
AOS,57.279998779296875,-10.75,-11.0,10.12,-21.12,ACCELERATION_DOWN,11,13.12,24.26,10,90.38461538461539,0,0.24,0,0,24.26,36.08,0.67,0,10,NEUTRAL,NEUTRAL_OUTSIDE,OPEN_AUCTION,INITIATIVE_BUY,BELOW_VA_IN_RANGE,FAILED_UP,,False,False,False,False,False,False,True,False,False,False,0,2,1,-5.25,-5.38,-2.75,-2.62,INFLECTION_UP,2.0,11.45,24.26,10.0,82.75862068965517,0.0,1.34,3.0,0.0,24.26,42.12,0.58,0.0,13.0,SELL_COMPOSITE,TREND_DN,OPEN_AUCTION,INITIATIVE_SELL,BELOW_VA_IN_RANGE,CONFIRMED_DN,,True,False,False,False,False,False,-9.88,-3.62,0.12,-3.75,ACCELERATION_DOWN,NEUTRAL,INITIATIVE_SELL,-7.25,-4.5,-0.75,-3.75,ACCELERATION_DOWN,CONFIRMED_DN,INITIATIVE_SELL,-13.5,-33.5,-38.17,23,True,False,-37.37
APA,38.79999923706055,0.5,6.38,-19.38,25.75,INFLECTION_DOWN,10,57.33,66.94,10,62.82051282051282,3,1.58,10,0,66.94,16.9,3.96,5,28,NEUTRAL,NEUTRAL_OUTSIDE,OPEN_AUCTION,INITIATIVE_BUY,ABOVE_VA_IN_RANGE,NEUTRAL,,False,False,False,False,False,False,False,True,False,False,0,10,1,7.62,3.12,-3.0,6.12,ACCELERATION_UP,2.0,77.4,16.94,7.0,3.4482758620689653,5.0,2.59,11.0,0.0,16.94,57.86,0.29,0.0,23.0,NEUTRAL,NEUTRAL_OUTSIDE,OPEN_AUCTION,NEUTRAL,WITHIN_VA,NEUTRAL,,False,False,False,False,False,False,-0.25,6.25,-19.88,26.12,INFLECTION_DOWN,MIRAGE_BUY,INITIATIVE_BUY,4.5,6.12,-6.25,12.38,ACCELERATION_UP,NEUTRAL,NEUTRAL,2.5,32.67,98.87,51,True,False,97.15
APD,289.4700012207031,-1.12,-5.25,2.75,-8.0,ACCELERATION_DOWN,67,74.51,14.07,17,71.15384615384616,0,0.61,0,0,14.07,21.92,0.64,0,17,SELL_COMPOSITE,NORMAL_VAR_DN,OPEN_AUCTION,INITIATIVE_SELL,BELOW_VA_IN_RANGE,LOW_VOL_SELL,,False,False,False,False,False,False,True,False,False,False,0,11,3,6.88,7.75,-4.0,11.75,INFLECTION_UP,15.0,74.51,14.07,10.0,100.0,0.0,2.18,8.0,0.0,14.07,21.92,0.64,0.0,18.0,SELL_COMP_CLOSE_LO,NEUTRAL_OUTSIDE,OPEN_AUCTION,INITIATIVE_SELL,ABOVE_VA_IN_RANGE,LOW_VOL_SELL,,False,False,False,False,False,True,-6.62,-4.0,-4.25,0.25,INFLECTION_DOWN,LOW_VOL_SELL,INITIATIVE_SELL,1.38,4.12,1.88,2.25,INFLECTION_UP,LOW_VOL_SELL,INITIATIVE_SELL,7.0,8.62,14.5,35,True,False,45.47
APG,41.630001068115234,-8.25,-16.0,18.12,-34.12,INFLECTION_DOWN,28,39.81,79.04,18,57.05128205128205,5,0.63,3,0,79.04,20.08,3.94,5,31,SELL_COMPOSITE,NORMAL_VAR_DN,OPEN_DRIVE_DN,INITIATIVE_SELL,WITHIN_VA,LOW_VOL_SELL,,True,False,False,False,False,False,False,False,False,False,0,2,-5,0.38,-10.0,4.38,-14.38,DECELERATION_DOWN,6.0,56.83,79.04,7.0,3.4482758620689653,5.0,2.01,13.0,0.0,79.04,20.08,3.94,5.0,30.0,SELL_COMP_CLOSE_LO,NEUTRAL_OUTSIDE,OPEN_AUCTION,INITIATIVE_SELL,WITHIN_VA,BEARISH_HIGH_VOL,,False,False,False,True,False,False,-9.12,-17.38,11.75,-29.12,INFLECTION_DOWN,LOW_VOL_SELL,INITIATIVE_SELL,-1.75,-7.62,4.25,-11.88,ACCELERATION_DOWN,CONFIRMED_DN,INITIATIVE_SELL,-31.0,-72.31,-123.13,61,False,False,-93.14
APH,132.05999755859375,-6.75,-12.5,14.0,-26.5,ACCELERATION_DOWN,16,37.52,77.42,13,100.0,5,0.47,0,5,77.42,17.72,4.37,5,28,NEUTRAL,NEUTRAL_OUTSIDE,OPEN_AUCTION,INITIATIVE_BUY,WITHIN_VA,BULLISH_HIGH_VOL,,False,False,False,False,False,False,True,False,False,True,0,3,-3,-3.25,-7.75,-7.62,-0.12,INFLECTION_DOWN,4.0,55.9,77.42,7.0,100.0,0.0,3.14,10.0,0.0,77.42,26.24,2.95,3.0,20.0,SELL_COMPOSITE,TREND_DN,OPEN_AUCTION,INITIATIVE_SELL,WITHIN_VA,BEARISH_HIGH_VOL,,False,False,False,False,False,False,-5.25,-9.38,8.38,-17.75,INFLECTION_DOWN,BULLISH_HIGH_VOL,INITIATIVE_BUY,-5.12,-9.25,-7.0,-2.25,INFLECTION_DOWN,CONFIRMED_DN,INITIATIVE_SELL,-35.0,-56.7,-57.8,48,False,True,-68.14
APO,128.50999450683594,3.62,2.25,-1.12,3.38,ACCELERATION_UP,14,79.66,44.21,15,85.8974358974359,0,1.11,6,0,44.21,22.85,1.93,0,21,SELL_COMP_CLOSE_LO,NORMAL_VAR_DN,OPEN_AUCTION,INITIATIVE_SELL,ABOVE_VA_IN_RANGE,LOW_VOL_SELL,,False,False,False,False,False,True,False,False,False,False,0,5,1,1.0,0.88,2.0,-1.12,TRENDING_UP,3.0,52.76,66.77,10.0,100.0,0.0,0.86,3.0,0.0,66.77,20.46,3.26,5.0,18.0,NEUTRAL,NEUTRAL_OUTSIDE,OPEN_AUCTION,INITIATIVE_BUY,WITHIN_VA,NEUTRAL,,False,False,False,False,False,False,-0.25,-1.5,-3.0,1.5,TRENDING_DOWN,LOW_VOL_SELL,INITIATIVE_SELL,2.12,3.5,1.75,1.75,ACCELERATION_UP,LOW_VOL_SELL,INITIATIVE_BUY,15.0,8.32,7.45,39,False,False,42.47
APP,481.67999267578125,1.25,0.25,-0.25,0.5,INFLECTION_UP,6,75.16,54.79,12,88.46153846153845,5,1.85,8,0,54.79,24.3,2.26,3,28,NEUTRAL,NORMAL_VAR_DN,OPEN_AUCTION,INITIATIVE_BUY,ABOVE_VA_IN_RANGE,NEUTRAL,,False,False,False,False,False,False,True,True,False,False,0,6,1,-2.38,1.88,-11.38,13.25,INFLECTION_DOWN,0.0,37.99,98.1,10.0,68.96551724137932,0.0,1.2,9.0,0.0,98.1,54.79,1.79,0.0,19.0,BUY_COMPOSITE,NEUTRAL_OUTSIDE,OPEN_AUCTION,INITIATIVE_BUY,WITHIN_VA,LOW_VOL_RALLY,,False,True,False,False,False,False,-1.75,-1.62,-1.0,-0.62,ACCELERATION_DOWN,NEUTRAL,INITIATIVE_BUY,-1.0,2.38,-8.38,10.75,INFLECTION_DOWN,NEUTRAL,INITIATIVE_BUY,-22.5,5.4,40.95,47,False,True,20.62
AR,36.75,-0.25,4.88,-15.88,20.75,DECELERATION_UP,17,30.45,70.31,13,53.205128205128204,0,1.79,11,0,70.31,24.49,2.87,3,27,NEUTRAL,NEUTRAL_OUTSIDE,OPEN_REJECT_DN,INITIATIVE_BUY,OUT_RANGE_UP,LOW_VOL_SELL,,False,False,False,False,False,False,False,False,False,False,0,7,1,3.88,2.75,3.12,-0.38,INFLECTION_UP,4.0,45.95,70.31,10.0,41.37931034482759,0.0,1.22,6.0,0.0,70.31,24.49,2.87,3.0,19.0,SELL_COMPOSITE,NEUTRAL_OUTSIDE,OPEN_AUCTION,NEUTRAL,WITHIN_VA,LOW_VOL_SELL,,False,False,False,False,False,False,-1.38,6.75,-19.38,26.12,DECELERATION_UP,LOW_VOL_SELL,INITIATIVE_BUY,1.38,0.75,3.88,-3.12,INFLECTION_UP,LOW_VOL_SELL,INITIATIVE_SELL,31.0,20.63,53.12,46,True,False,97.63
ARCC,18.59000015258789,1.12,-4.12,6.5,-10.62,DECELERATION_DOWN,131,48.38,36.48,20,86.53846153846155,0,0.9,3,0,36.48,17.23,2.12,3,26,SELL_COMPOSITE,NORMAL_VAR_DN,OPEN_AUCTION,INITIATIVE_SELL,WITHIN_VA,LOW_VOL_SELL,,False,False,False,False,False,False,False,False,False,False,0,7,1,-0.12,0.0,-1.25,1.25,NEUTRAL,30.0,48.04,36.48,18.0,68.96551724137932,0.0,1.74,8.0,0.0,36.48,17.23,2.12,3.0,29.0,SELL_COMP_CLOSE_LO,NEUTRAL_OUTSIDE,OPEN_AUCTION,INITIATIVE_BUY,ABOVE_VA_IN_RANGE,LOW_VOL_SELL,,False,False,False,False,False,False,-5.38,0.0,-8.62,8.62,NEUTRAL,LOW_VOL_SELL,INITIATIVE_SELL,-5.88,-5.38,5.0,-10.38,ACCELERATION_DOWN,LOW_VOL_SELL,INITIATIVE_SELL,-14.0,-14.88,-16.58,55,False,False,-2.06
ARES,124.41000366210938,2.12,1.88,2.38,-0.5,INFLECTION_UP,13,85.82,54.71,18,100.0,0,0.89,3,10,54.71,24.03,2.28,3,34,NEUTRAL,NEUTRAL_OUTSIDE,OPEN_AUCTION,INITIATIVE_BUY,BELOW_VA_IN_RANGE,LOW_VOL_RALLY,,False,False,False,True,False,False,True,False,False,False,0,6,-1,0.62,3.0,-4.75,7.75,ACCELERATION_UP,3.0,31.24,63.05,10.0,100.0,0.0,1.75,11.0,0.0,63.05,52.88,1.19,0.0,21.0,NEUTRAL,NORMAL_VAR_UP,OPEN_AUCTION,INITIATIVE_BUY,ABOVE_VA_IN_RANGE,NEUTRAL,,False,False,False,False,False,False,-2.12,-2.25,-1.75,-0.5,ACCELERATION_DOWN,NEUTRAL,INITIATIVE_SELL,-2.25,2.0,-1.75,3.75,DECELERATION_UP,NEUTRAL,NEUTRAL,14.0,7.0,17.88,55,True,False,62.85
ARMK,51.2599983215332,-1.25,-9.0,13.12,-22.12,ACCELERATION_DOWN,14,85.29,4.26,13,48.717948717948715,0,1.4,13,10,4.26,24.72,0.17,0,36,SELL_COMP_CLOSE_LO,NORMAL_VAR_DN,OPEN_AUCTION,INITIATIVE_SELL,WITHIN_VA,MIRAGE_BUY,SPIKE_UP_ACCEPTED,False,False,False,False,False,False,False,False,False,False,0,2,-3,8.88,6.38,3.62,2.75,INFLECTION_UP,3.0,88.3,4.26,7.0,41.37931034482759,0.0,1.5,8.0,15.0,4.26,32.17,0.13,0.0,30.0,BUY_COMP_CLOSE_HI,NEUTRAL_OUTSIDE,OPEN_AUCTION,INITIATIVE_BUY,WITHIN_VA,CONFIRMED_UP,,False,False,False,False,False,False,1.25,-0.5,-2.88,2.38,INFLECTION_DOWN,MIRAGE_BUY,INITIATIVE_BUY,6.75,10.0,0.5,9.5,INFLECTION_UP,NEUTRAL,INITIATIVE_BUY,7.0,19.82,4.57,66,True,False,63.72
ASTS,105.86000061035156,6.0,11.25,-6.88,18.12,ACCELERATION_UP,0,96.08,22.7,10,70.51282051282051,5,2.68,10,15,22.7,40.08,0.57,0,40,NEUTRAL,NEUTRAL_OUTSIDE,OPEN_OUT_RANGE_UP,INITIATIVE_BUY,OUT_RANGE_UP,CONFIRMED_UP,,False,False,False,False,True,False,False,False,False,False,0,2,-1,-4.0,-7.5,-0.88,-6.62,INFLECTION_DOWN,0.0,77.58,22.7,7.0,24.137931034482758,5.0,2.16,10.0,0.0,22.7,78.54,0.29,0.0,22.0,BUY_COMP_CLOSE_HI,NEUTRAL_OUTSIDE,OPEN_AUCTION,INITIATIVE_BUY,WITHIN_VA,BULLISH_HIGH_VOL,,False,False,False,False,False,False,5.75,12.12,-7.88,20.0,ACCELERATION_UP,CONFIRMED_UP,INITIATIVE_BUY,-5.88,-9.38,2.0,-11.38,INFLECTION_DOWN,BULLISH_HIGH_VOL,INITIATIVE_BUY,-8.5,-0.58,15.43,62,False,True,28.32
ATI,162.2899932861328,-1.5,-4.62,12.38,-17.0,INFLECTION_DOWN,15,76.73,5.43,10,51.28205128205128,5,1.11,3,0,5.43,17.92,0.3,0,18,NEUTRAL,NEUTRAL_OUTSIDE,OPEN_AUCTION,INITIATIVE_BUY,WITHIN_VA,FAILED_UP,,False,True,False,False,False,False,True,False,False,False,0,12,-1,5.12,-2.88,6.88,-9.75,DECELERATION_DOWN,3.0,91.24,5.43,7.0,44.827586206896555,0.0,4.6,10.0,10.0,5.43,56.61,0.1,0.0,27.0,NEUTRAL,NEUTRAL_OUTSIDE,OPEN_AUCTION,INITIATIVE_BUY,WITHIN_VA,NEUTRAL,,False,False,False,False,False,False,-2.0,-2.62,7.62,-10.25,INFLECTION_DOWN,FAILED_UP,INITIATIVE_BUY,2.5,-5.62,9.5,-15.12,DECELERATION_DOWN,NEUTRAL,INITIATIVE_SELL,-29.0,-24.11,-77.24,45,False,False,-51.86
ATO,177.80999755859375,-6.25,-9.5,3.88,-13.38,INFLECTION_DOWN,66,72.78,8.27,17,48.07692307692308,5,1.07,0,0,8.27,22.1,0.37,0,22,NEUTRAL,NEUTRAL_OUTSIDE,OPEN_AUCTION,INITIATIVE_SELL,BELOW_VA_IN_RANGE,NEUTRAL,,False,False,False,False,False,False,True,True,False,False,0,2,-1,3.5,4.25,-6.75,11.0,ACCELERATION_UP,15.0,72.78,8.27,10.0,34.48275862068966,3.0,1.22,3.0,0.0,8.27,22.1,0.37,0.0,16.0,SELL_COMP_CLOSE_LO,NORMAL_VAR_DN,OPEN_AUCTION,INITIATIVE_SELL,WITHIN_VA,CONFIRMED_DN,,False,False,False,True,False,False,-8.0,-2.0,-13.12,11.12,TRENDING_DOWN,NEUTRAL,INITIATIVE_SELL,-1.0,2.88,-0.88,3.75,DECELERATION_UP,BEAR_NEUTRAL,INITIATIVE_SELL,6.5,-0.37,27.3,38,True,False,46.2
AVAV,174.22999572753906,-3.62,-5.62,8.88,-14.5,ACCELERATION_DOWN,4,12.4,70.14,12,100.0,0,0.2,0,0,70.14,73.91,0.95,0,12,BUY_COMP_CLOSE_HI,NEUTRAL_OUTSIDE,OPEN_DRIVE_UP,INITIATIVE_BUY,BELOW_VA_IN_RANGE,LOW_VOL_RALLY,,True,False,False,False,False,True,False,False,False,True,0,3,-5,-6.38,-5.38,-6.25,0.88,INFLECTION_DOWN,0.0,6.96,70.14,12.0,100.0,0.0,1.3,6.0,0.0,70.14,139.83,0.5,0.0,18.0,SELL_COMPOSITE,TREND_DN,OPEN_AUCTION,INITIATIVE_SELL,WITHIN_VA,LOW_VOL_SELL,,True,False,False,False,False,False,-5.5,-5.88,5.0,-10.88,ACCELERATION_DOWN,LOW_VOL_RALLY,INITIATIVE_BUY,-6.62,-5.12,-6.5,1.38,INFLECTION_DOWN,LOW_VOL_SELL,INITIATIVE_SELL,-33.5,-32.75,-26.74,30,False,True,-48.85
AVB,185.64999389648438,3.5,-4.62,16.5,-21.12,DECELERATION_DOWN,76,44.25,26.65,20,51.92307692307693,3,1.26,9,0,26.65,18.37,1.45,0,32,BUY_COMPOSITE,NEUTRAL_OUTSIDE,OPEN_AUCTION,NEUTRAL,BELOW_VA_IN_RANGE,BULLISH_HIGH_VOL,,False,False,False,False,False,False,False,False,False,False,0,4,-1,2.5,1.12,2.38,-1.25,INFLECTION_UP,17.0,44.25,26.65,13.0,58.620689655172406,0.0,0.84,5.0,0.0,26.65,18.37,1.45,0.0,18.0,NEUTRAL,NEUTRAL_OUTSIDE,OPEN_AUCTION,INITIATIVE_BUY,ABOVE_VA_IN_RANGE,NEUTRAL,,False,False,False,False,False,False,-1.75,-2.25,1.88,-4.12,ACCELERATION_DOWN,BULLISH_HIGH_VOL,INITIATIVE_SELL,-3.5,-2.88,5.88,-8.75,ACCELERATION_DOWN,NEUTRAL,NEUTRAL,-12.5,-12.07,-46.67,50,True,False,-13.41
AVGO,414.1400146484375,1.5,-6.88,9.5,-16.38,DECELERATION_DOWN,6,81.48,6.81,10,62.17948717948718,5,1.12,6,0,6.81,29.99,0.23,0,21,SELL_COMPOSITE,NEUTRAL_OUTSIDE,OPEN_AUCTION,RESPONSIVE_BUY,WITHIN_VA,LOW_VOL_SELL,,False,False,False,True,False,False,True,False,False,False,0,6,-3,2.25,-0.25,-5.5,5.25,INFLECTION_DOWN,0.0,86.11,6.81,7.0,100.0,0.0,2.01,8.0,5.0,6.81,42.25,0.16,0.0,20.0,NEUTRAL,NEUTRAL_OUTSIDE,OPEN_AUCTION,INITIATIVE_BUY,WITHIN_VA,MIRAGE_BUY,SPIKE_UP_ACCEPTED,False,True,False,False,False,False,-1.25,-5.25,2.12,-7.38,ACCELERATION_DOWN,NEUTRAL,INITIATIVE_SELL_STRONG,3.25,3.38,-7.62,11.0,INFLECTION_DOWN,LOW_VOL_SELL,INITIATIVE_SELL,-32.5,-8.37,2.43,41,False,True,-16.05
AVY,159.66000366210938,-7.38,-6.62,9.5,-16.12,ACCELERATION_DOWN,83,11.49,11.23,20,96.15384615384616,3,1.03,0,0,11.23,33.69,0.33,0,23,NEUTRAL,NEUTRAL_OUTSIDE,OPEN_AUCTION,INITIATIVE_BUY,BELOW_VA_IN_RANGE,FAILED_UP,,False,False,False,False,False,False,True,False,False,False,0,3,1,-1.5,-6.25,8.12,-14.38,ACCELERATION_DOWN,19.0,13.72,11.23,13.0,65.51724137931035,0.0,0.89,3.0,0.0,11.23,27.49,0.41,0.0,16.0,NEUTRAL,NEUTRAL_OUTSIDE,OPEN_AUCTION,INITIATIVE_SELL,BELOW_VA_IN_RANGE,NEUTRAL,,True,False,False,False,False,False,-9.62,-5.62,1.62,-7.25,ACCELERATION_DOWN,NEUTRAL,INITIATIVE_SELL,-4.5,-8.38,12.75,-21.12,INFLECTION_UP,LOW_VOL_SELL,INITIATIVE_SELL,-8.0,-41.19,-90.81,39,False,True,-49.53
AWK,125.19999694824219,-2.75,-3.0,-3.12,0.12,INFLECTION_DOWN,109,35.23,14.61,15,78.2051282051282,0,0.6,3,0,14.61,20.29,0.72,0,18,NEUTRAL,NORMAL_VAR_DN,OPEN_AUCTION,INITIATIVE_SELL,WITHIN_VA,NEUTRAL,,False,False,False,False,False,False,True,False,False,False,0,4,-1,0.5,2.5,-3.38,5.88,INFLECTION_UP,25.0,30.04,14.61,8.0,41.37931034482759,0.0,1.05,5.0,0.0,14.61,20.29,0.72,0.0,13.0,SELL_COMPOSITE,NORMAL_VAR_DN,OPEN_AUCTION,INITIATIVE_SELL,BELOW_VA_IN_RANGE,LOW_VOL_SELL,,False,False,False,False,False,False,-7.88,-2.5,-15.38,12.88,INFLECTION_DOWN,NEUTRAL,INITIATIVE_SELL,0.5,4.5,1.12,3.38,INFLECTION_UP,LOW_VOL_SELL,INITIATIVE_SELL,6.0,6.0,35.02,31,True,False,49.11
AXON,386.0,0.75,3.62,2.62,1.0,INFLECTION_UP,8,18.84,78.63,15,100.0,3,0.89,5,0,78.63,52.43,1.5,0,23,NEUTRAL,NORMAL_VAR_DN,OPEN_AUCTION,INITIATIVE_BUY,WITHIN_VA,LOW_VOL_SELL,,False,False,False,False,False,False,False,True,False,False,0,8,-1,-2.12,3.62,-5.62,9.25,DECELERATION_UP,2.0,8.59,78.63,12.0,100.0,0.0,0.77,0.0,0.0,78.63,129.51,0.61,0.0,12.0,NEUTRAL,NEUTRAL_OUTSIDE,OPEN_AUCTION,NEUTRAL,WITHIN_VA,NEUTRAL,,False,False,True,False,False,False,0.5,3.88,-0.75,4.62,ACCELERATION_UP,LOW_VOL_SELL,INITIATIVE_BUY,-4.12,1.62,-5.25,6.88,DECELERATION_UP,NEUTRAL,INITIATIVE_SELL,27.5,18.11,35.56,35,True,False,80.09
AXP,311.7799987792969,-4.0,-8.0,9.25,-17.25,INFLECTION_DOWN,54,31.1,59.85,20,86.53846153846155,3,0.48,0,0,59.85,23.62,2.53,3,26,SELL_COMPOSITE,NORMAL_VAR_DN,OPEN_AUCTION,INITIATIVE_SELL,WITHIN_VA,LOW_VOL_SELL,,False,True,False,False,False,False,True,False,False,False,0,12,1,-3.5,-5.38,-5.5,0.12,INFLECTION_DOWN,12.0,27.97,59.85,12.0,68.96551724137932,0.0,1.34,6.0,0.0,59.85,23.62,2.53,3.0,21.0,SELL_COMPOSITE,TREND_DN,OPEN_AUCTION,NEUTRAL,WITHIN_VA,LOW_VOL_SELL,,False,False,False,False,False,False,-6.0,-4.0,-5.25,1.25,INFLECTION_DOWN,NEUTRAL,INITIATIVE_SELL,-4.0,-5.5,0.62,-6.12,INFLECTION_DOWN,LOW_VOL_SELL,INITIATIVE_SELL,-36.0,-33.07,-27.44,47,False,True,-43.32
B,40.68000030517578,-1.0,-6.5,15.88,-22.38,INFLECTION_DOWN,11,28.28,70.67,9,100.0,5,0.76,0,0,70.67,26.06,2.71,3,17,NEUTRAL,NORMAL_VAR_DN,OPEN_AUCTION,INITIATIVE_SELL,BELOW_VA_IN_RANGE,NEUTRAL,SPIKE_DN_ACCEPTED,False,False,False,False,False,False,True,True,False,False,0,5,-3,-1.0,-9.12,-0.88,-8.25,ACCELERATION_DOWN,2.0,61.45,33.32,7.0,20.689655172413794,5.0,2.55,11.0,0.0,33.32,53.11,0.63,0.0,23.0,BUY_COMPOSITE,NEUTRAL_OUTSIDE,OPEN_AUCTION,INITIATIVE_BUY,BELOW_VA_IN_RANGE,BULLISH_HIGH_VOL,,True,False,False,False,False,False,-3.75,-3.88,7.62,-11.5,ACCELERATION_DOWN,NEUTRAL,INITIATIVE_SELL,-7.75,-15.75,2.25,-18.0,INFLECTION_DOWN,LOW_VOL_RALLY,INITIATIVE_SELL,-33.0,-57.5,-88.0,40,False,True,-82.7
BA,219.02000427246094,-2.25,-10.75,17.38,-28.12,ACCELERATION_DOWN,25,48.0,48.4,13,44.871794871794876,3,0.79,0,0,48.4,16.13,3.0,5,21,NEUTRAL,NEUTRAL_OUTSIDE,OPEN_AUCTION,INITIATIVE_SELL,BELOW_VA_IN_RANGE,NEUTRAL,,False,False,False,True,False,False,True,False,False,False,0,7,-3,-1.12,-1.75,-2.5,0.75,INFLECTION_UP,6.0,54.46,48.4,7.0,3.4482758620689653,5.0,0.88,3.0,0.0,48.4,16.13,3.0,5.0,20.0,NEUTRAL,NEUTRAL_OUTSIDE,OPEN_AUCTION,INITIATIVE_BUY,WITHIN_VA,BEARISH_HIGH_VOL,,False,False,False,False,False,False,-6.38,-11.12,10.75,-21.88,INFLECTION_DOWN,NEUTRAL,INITIATIVE_SELL,-5.25,-5.88,1.25,-7.12,ACCELERATION_DOWN,CONFIRMED_DN,INITIATIVE_SELL,-15.0,-41.81,-74.05,41,True,False,-49.21
BAC,51.79999923706055,-3.12,-8.5,11.5,-20.0,INFLECTION_DOWN,54,65.67,10.48,15,57.05128205128205,5,1.03,0,0,10.48,20.04,0.52,0,20,BUY_COMP_CLOSE_HI,NORMAL_VAR_UP,OPEN_DRIVE_UP,INITIATIVE_BUY,WITHIN_VA,LOW_VOL_RALLY,,False,False,False,False,False,False,False,False,False,False,0,8,-1,-3.0,-6.5,-5.62,-0.88,INFLECTION_DOWN,12.0,63.38,10.48,5.0,41.37931034482759,0.0,3.63,13.0,0.0,10.48,18.13,0.58,0.0,18.0,SELL_COMPOSITE,NEUTRAL_OUTSIDE,OPEN_AUCTION,RESPONSIVE_BUY,WITHIN_VA,LOW_VOL_SELL,,False,False,False,False,False,False,-3.25,-4.38,0.0,-4.38,INFLECTION_DOWN,LOW_VOL_RALLY,INITIATIVE_BUY,-4.62,-6.12,-3.75,-2.38,INFLECTION_DOWN,CONFIRMED_DN,INITIATIVE_SELL,-36.0,-37.06,-32.65,38,False,True,-52.3
BALL,56.5099983215332,-7.25,-10.38,11.12,-21.5,INFLECTION_DOWN,23,34.25,26.81,13,58.97435897435898,3,0.95,3,0,26.81,20.49,1.31,0,19,NEUTRAL,NEUTRAL_OUTSIDE,OPEN_AUCTION,INITIATIVE_BUY,BELOW_VA_IN_RANGE,FAILED_UP,,False,False,False,False,False,False,True,False,False,False,0,2,-3,-1.0,-2.75,1.5,-4.25,INFLECTION_UP,5.0,50.89,26.81,10.0,31.03448275862069,3.0,1.62,11.0,0.0,26.81,20.49,1.31,0.0,24.0,SELL_COMPOSITE,TREND_DN,OPEN_DRIVE_DN,INITIATIVE_SELL,WITHIN_VA,CONFIRMED_DN,,False,False,False,False,False,False,-7.25,-4.75,2.0,-6.75,ACCELERATION_DOWN,NEUTRAL,INITIATIVE_SELL,-4.25,-6.38,8.0,-14.38,INFLECTION_UP,CONFIRMED_DN,INITIATIVE_SELL,7.5,-34.39,-66.76,43,True,False,-8.34
BAX,19.18000030517578,1.62,-0.62,15.25,-15.88,INFLECTION_UP,13,60.11,325.96,10,100.0,5,0.66,0,5,325.96,17.99,18.12,5,25,BUY_COMP_CLOSE_HI,TREND_UP,OPEN_DRIVE_UP,INITIATIVE_BUY,WITHIN_VA,CONFIRMED_UP,,False,False,False,False,False,False,False,False,False,False,0,7,1,-0.25,-0.88,7.0,-7.88,INFLECTION_UP,3.0,21.49,17.99,10.0,100.0,0.0,1.47,10.0,0.0,17.99,65.72,0.27,0.0,20.0,NEUTRAL,NEUTRAL_OUTSIDE,OPEN_AUCTION,INITIATIVE_BUY,WITHIN_VA,LOW_VOL_RALLY,,False,False,False,False,False,False,1.0,-0.12,5.88,-6.0,INFLECTION_UP,CONFIRMED_UP,INITIATIVE_BUY,-2.0,-2.75,9.88,-12.62,INFLECTION_UP,LOW_VOL_RALLY,INITIATIVE_BUY,36.0,-7.62,-61.94,45,True,False,39.15
BBIO,69.12000274658203,-4.38,-6.62,3.5,-10.12,INFLECTION_DOWN,28,30.86,92.8,18,28.205128205128204,8,0.79,0,0,92.8,22.89,4.05,5,31,NEUTRAL,NORMAL_VAR_UP,OPEN_AUCTION,INITIATIVE_BUY,WITHIN_VA,NEUTRAL,,False,False,False,False,False,False,False,False,False,False,0,5,-1,-2.5,-11.62,-0.25,-11.38,ACCELERATION_DOWN,6.0,68.86,22.89,5.0,3.4482758620689653,5.0,2.1,10.0,0.0,22.89,50.62,0.45,0.0,20.0,SELL_COMPOSITE,NEUTRAL_OUTSIDE,OPEN_AUCTION,INITIATIVE_SELL,WITHIN_VA,LOW_VOL_SELL,,False,False,False,False,False,False,-7.0,-4.75,-5.25,0.5,INFLECTION_DOWN,NEUTRAL,INITIATIVE_BUY,-2.75,-10.12,-1.12,-9.0,INFLECTION_DOWN,LOW_VOL_SELL,INITIATIVE_SELL,-34.5,-51.41,-44.44,51,False,True,-57.62
BBY,61.630001068115234,-1.62,0.38,-2.12,2.5,DECELERATION_UP,25,30.4,16.77,11,81.41025641025641,3,0.54,5,5,16.77,24.25,0.69,0,24,BUY_COMP_CLOSE_HI,NORMAL_VAR_UP,OPEN_DRIVE_UP,INITIATIVE_BUY,WITHIN_VA,CONFIRMED_UP,,True,False,False,False,False,False,False,False,False,False,0,7,3,-5.12,-1.12,-8.12,7.0,INFLECTION_DOWN,6.0,23.72,16.77,7.0,86.20689655172413,0.0,0.84,0.0,0.0,16.77,34.06,0.49,0.0,7.0,SELL_COMPOSITE,NEUTRAL_OUTSIDE,OPEN_AUCTION,INITIATIVE_BUY,WITHIN_VA,FAILED_UP,,False,False,False,False,False,False,-2.75,1.62,-5.88,7.5,DECELERATION_UP,BULL_NEUTRAL,INITIATIVE_BUY,-5.12,-1.0,-1.88,0.88,TRENDING_DOWN,FAILED_UP,INITIATIVE_SELL,-3.0,-0.87,26.01,31,False,True,22.38
BDX,147.6300048828125,-4.25,-2.0,8.0,-10.0,ACCELERATION_DOWN,28,22.12,15.02,18,89.74358974358975,3,0.5,3,0,15.02,26.1,0.58,0,24,NEUTRAL,NEUTRAL_OUTSIDE,OPEN_AUCTION,INITIATIVE_BUY,WITHIN_VA,BULL_NEUTRAL,,False,False,False,False,False,False,False,False,False,False,0,4,-3,-2.25,-3.25,-4.38,1.12,TRENDING_DOWN,6.0,35.86,15.02,5.0,100.0,0.0,1.25,6.0,0.0,15.02,26.1,0.58,0.0,11.0,NEUTRAL,NEUTRAL_OUTSIDE,OPEN_AUCTION,INITIATIVE_SELL,BELOW_VA_IN_RANGE,NEUTRAL,,True,False,False,False,False,False,-4.25,4.75,-3.25,8.0,DECELERATION_UP,NEUTRAL,NEUTRAL,-1.88,-2.5,3.12,-5.62,INFLECTION_UP,LOW_VOL_SELL,INITIATIVE_SELL,10.0,-4.75,-7.56,35,False,True,6.63
BE,302.489990234375,5.0,-0.25,10.0,-10.25,DECELERATION_DOWN,3,90.14,6.72,7,77.56410256410257,5,2.24,8,15,6.72,61.48,0.11,0,35,NEUTRAL,NEUTRAL_OUTSIDE,OPEN_AUCTION,INITIATIVE_BUY,WITHIN_VA,NEUTRAL,,False,False,False,False,False,False,True,False,False,False,0,5,-1,5.25,2.62,-7.5,10.12,ACCELERATION_UP,0.0,93.32,6.72,7.0,3.4482758620689653,5.0,2.26,13.0,10.0,6.72,94.01,0.07,0.0,35.0,NEUTRAL,NEUTRAL_OUTSIDE,OPEN_AUCTION,INITIATIVE_BUY,WITHIN_VA,NEUTRAL,SPIKE_UP_ACCEPTED,False,False,False,False,False,False,3.62,-1.88,8.0,-9.88,DECELERATION_DOWN,NEUTRAL,INITIATIVE_BUY,4.38,2.75,-8.12,10.88,ACCELERATION_UP,NEUTRAL,INITIATIVE_BUY,7.5,6.36,11.87,70,True,False,61.06
BEN,31.020000457763672,5.0,-3.62,18.75,-22.38,DECELERATION_DOWN,6,86.06,4.58,10,28.205128205128204,6,1.62,8,5,4.58,28.26,0.16,0,29,SELL_COMPOSITE,NORMAL_VAR_DN,OPEN_AUCTION,INITIATIVE_SELL,WITHIN_VA,LOW_VOL_SELL,,False,False,False,False,False,False,False,False,False,False,0,3,-1,3.5,3.0,-5.5,8.5,INFLECTION_UP,0.0,88.66,4.58,7.0,3.4482758620689653,5.0,3.11,8.0,10.0,4.58,35.78,0.13,0.0,30.0,NEUTRAL,NEUTRAL_OUTSIDE,OPEN_AUCTION,INITIATIVE_BUY,WITHIN_VA,NEUTRAL,SPIKE_UP_ACCEPTED,False,False,False,False,False,False,2.75,-1.62,10.25,-11.88,INFLECTION_UP,BEARISH_HIGH_VOL,INITIATIVE_SELL,2.62,2.38,-1.38,3.75,INFLECTION_UP,NEUTRAL,INITIATIVE_BUY,26.0,3.21,-19.95,59,True,False,59.45
BEPC,37.5,-0.88,-4.25,11.88,-16.12,INFLECTION_DOWN,40,42.26,48.38,18,64.74358974358975,5,1.02,0,0,48.38,19.41,2.49,3,26,NEUTRAL,NEUTRAL_OUTSIDE,OPEN_AUCTION,INITIATIVE_BUY,BELOW_VA_IN_RANGE,LOW_VOL_RALLY,,False,True,False,False,False,True,False,False,False,False,0,4,-3,-4.62,-9.25,0.0,-9.25,INFLECTION_DOWN,9.0,56.77,48.38,7.0,10.344827586206897,5.0,1.35,6.0,0.0,48.38,19.41,2.49,3.0,21.0,NEUTRAL,NEUTRAL_OUTSIDE,OPEN_AUCTION,INITIATIVE_SELL,BELOW_VA_IN_RANGE,FAILED_UP,SPIKE_DN_ACCEPTED,False,False,False,False,False,False,-2.62,-2.0,0.88,-2.88,INFLECTION_DOWN,NEUTRAL,INITIATIVE_BUY,-4.75,-7.5,-1.0,-6.5,INFLECTION_DOWN,NEUTRAL,INITIATIVE_SELL,-36.0,-36.12,-47.31,47,False,True,-53.1
BG,120.70999908447266,-0.75,1.75,-4.0,5.75,INFLECTION_DOWN,19,64.21,10.29,5,82.05128205128204,3,0.48,3,0,10.29,18.46,0.56,0,11,SELL_COMPOSITE,NORMAL_VAR_DN,OPEN_AUCTION,INITIATIVE_SELL,BELOW_VA_IN_RANGE,LOW_VOL_SELL,,False,False,False,False,False,False,True,False,False,False,0,12,-1,6.25,1.88,2.88,-1.0,TRENDING_UP,4.0,80.44,10.29,10.0,72.41379310344827,0.0,1.77,13.0,5.0,10.29,42.31,0.24,0.0,28.0,NEUTRAL,NEUTRAL_OUTSIDE,OPEN_AUCTION,INITIATIVE_SELL,WITHIN_VA,LOW_VOL_SELL,,True,False,False,False,False,False,-4.0,-0.25,-7.0,6.75,INFLECTION_DOWN,NEUTRAL,INITIATIVE_SELL,0.75,-2.5,7.38,-9.88,DECELERATION_DOWN,LOW_VOL_SELL,INITIATIVE_SELL,-20.0,-0.8,-5.39,39,False,False,-3.14
BIIB,193.75999450683594,3.75,3.75,3.25,0.5,INFLECTION_UP,29,78.75,141.82,20,91.02564102564102,5,0.78,0,0,141.82,23.35,6.07,5,30,NEUTRAL,NEUTRAL_OUTSIDE,OPEN_AUCTION,INITIATIVE_BUY,BELOW_VA_IN_RANGE,FAILED_UP,,False,False,False,True,False,False,True,False,False,False,0,5,-1,4.12,-0.88,0.25,-1.12,DECELERATION_DOWN,7.0,85.62,141.82,15.0,58.620689655172406,0.0,3.23,5.0,5.0,141.82,37.53,3.78,5.0,30.0,BUY_COMPOSITE,NEUTRAL_OUTSIDE,OPEN_AUCTION,INITIATIVE_BUY,ABOVE_VA_IN_RANGE,LOW_VOL_RALLY,,False,False,False,False,False,False,-0.62,5.62,-6.38,12.0,DECELERATION_UP,NEUTRAL,INITIATIVE_SELL,0.38,-4.0,4.88,-8.88,DECELERATION_DOWN,NEUTRAL,NEUTRAL,-2.0,2.86,-0.94,60,False,False,29.34
BJ,86.63999938964844,1.0,3.38,-5.12,8.5,INFLECTION_UP,52,4.74,49.43,25,100.0,3,0.49,3,5,49.43,35.04,1.41,0,36,SELL_COMP_CLOSE_LO,NEUTRAL_OUTSIDE,OPEN_AUCTION,INITIATIVE_SELL,WITHIN_VA,BEARISH_HIGH_VOL,,False,False,False,False,False,False,False,False,False,False,0,12,1,-2.12,0.0,8.88,-8.88,INFLECTION_UP,12.0,4.98,49.43,15.0,68.96551724137932,0.0,0.62,0.0,5.0,49.43,33.23,1.49,0.0,20.0,NEUTRAL,NEUTRAL_OUTSIDE,OPEN_AUCTION,INITIATIVE_SELL,WITHIN_VA,LOW_VOL_SELL,,False,False,False,False,False,False,-4.75,0.5,-13.0,13.5,INFLECTION_DOWN,BEARISH_HIGH_VOL,INITIATIVE_SELL,-0.88,5.25,3.75,1.5,NEUTRAL,LOW_VOL_SELL,INITIATIVE_SELL,6.0,14.63,18.43,56,True,False,60.15
BK,139.14999389648438,-0.12,-9.75,12.0,-21.75,ACCELERATION_DOWN,38,95.87,1.17,18,71.15384615384616,5,1.62,11,15,1.17,27.22,0.04,0,49,BUY_COMPOSITE,NORMAL_VAR_UP,OPEN_AUCTION,INITIATIVE_BUY,WITHIN_VA,BULL_NEUTRAL,,False,False,False,False,False,False,False,False,False,False,0,6,-5,4.25,-0.25,-4.62,4.38,NEUTRAL,9.0,97.04,1.17,10.0,41.37931034482759,0.0,5.53,13.0,10.0,1.17,38.34,0.03,0.0,33.0,NEUTRAL,NEUTRAL_OUTSIDE,OPEN_AUCTION,INITIATIVE_BUY,WITHIN_VA,LOW_VOL_RALLY,SPIKE_UP_ACCEPTED,False,False,False,False,False,False,-2.5,-6.88,-1.12,-5.75,INFLECTION_DOWN,BULL_NEUTRAL,INITIATIVE_BUY,2.25,-0.25,-3.5,3.25,NEUTRAL,FAILED_UP,INITIATIVE_BUY,-14.0,-20.95,-17.3,82,False,False,7.51
BKNG,161.05999755859375,-6.25,-11.25,4.25,-15.5,INFLECTION_DOWN,18,18.41,60.58,18,100.0,0,1.49,10,0,60.58,30.05,2.02,3,31,NEUTRAL,NEUTRAL_OUTSIDE,OPEN_AUCTION,INITIATIVE_BUY,WITHIN_VA,LOW_VOL_RALLY,,False,False,False,False,False,False,True,False,False,False,0,2,-5,0.25,1.88,-3.12,5.0,INFLECTION_UP,4.0,13.31,60.58,15.0,79.3103448275862,0.0,0.53,0.0,0.0,60.58,44.17,1.37,0.0,15.0,NEUTRAL,NEUTRAL_OUTSIDE,OPEN_AUCTION,INITIATIVE_SELL,WITHIN_VA,NEUTRAL,,False,True,False,False,False,False,-7.25,-5.38,-5.62,0.25,TRENDING_DOWN,LOW_VOL_RALLY,INITIATIVE_BUY,-5.62,-1.88,1.12,-3.0,ACCELERATION_DOWN,CONFIRMED_DN,INITIATIVE_SELL,-10.0,-20.26,-13.62,46,True,False,-4.61
BKR,66.05999755859375,-1.88,-4.0,4.12,-8.12,ACCELERATION_DOWN,18,79.33,6.23,7,82.6923076923077,3,1.07,0,0,6.23,23.92,0.26,0,10,BUY_COMPOSITE,NORMAL_VAR_UP,OPEN_AUCTION,INITIATIVE_BUY,WITHIN_VA,LOW_VOL_RALLY,,True,False,False,False,False,False,False,True,False,False,0,5,-3,5.62,3.88,-5.75,9.62,ACCELERATION_UP,4.0,87.89,6.23,10.0,58.620689655172406,0.0,2.01,10.0,5.0,6.23,45.21,0.14,0.0,25.0,SELL_COMPOSITE,TREND_DN,OPEN_AUCTION,NEUTRAL,ABOVE_VA_IN_RANGE,LOW_VOL_SELL,,False,False,False,False,False,False,-0.62,3.75,-2.12,5.88,DECELERATION_UP,LOW_VOL_RALLY,INITIATIVE_BUY,4.75,4.0,-2.75,6.75,ACCELERATION_UP,LOW_VOL_SELL,NEUTRAL,18.5,15.45,28.63,35,True,False,66.72
BLD,407.9700012207031,-10.25,-16.5,17.88,-34.38,INFLECTION_DOWN,6,47.95,65.52,7,94.87179487179486,0,0.36,0,0,65.52,20.39,3.21,5,12,NEUTRAL,NEUTRAL_OUTSIDE,OPEN_AUCTION,INITIATIVE_SELL,BELOW_VA_IN_RANGE,NEUTRAL,,False,False,False,False,False,False,True,True,False,False,0,2,-3,-3.12,-5.88,-4.0,-1.88,INFLECTION_DOWN,0.0,46.95,65.52,7.0,100.0,0.0,1.38,8.0,0.0,65.52,37.13,1.76,0.0,15.0,SELL_COMPOSITE,TREND_DN,OPEN_DRIVE_DN,INITIATIVE_SELL_STRONG,WITHIN_VA,BEARISH_HIGH_VOL,,False,False,False,False,False,False,-11.12,-18.0,13.12,-31.12,INFLECTION_DOWN,NEUTRAL,INITIATIVE_SELL,-1.88,-2.5,-2.25,-0.25,INFLECTION_UP,BEARISH_HIGH_VOL,INITIATIVE_SELL,-12.0,-57.32,-84.38,27,False,True,-66.64
BLDR,74.1500015258789,-7.25,-10.0,13.38,-23.38,ACCELERATION_DOWN,3,24.24,47.08,9,100.0,3,0.59,0,0,47.08,38.14,1.23,0,12,NEUTRAL,NEUTRAL_OUTSIDE,OPEN_AUCTION,INITIATIVE_BUY,WITHIN_VA,FAILED_UP,,False,False,False,False,False,False,True,False,False,False,0,3,-3,-9.75,-7.38,-6.62,-0.75,ACCELERATION_DOWN,0.0,10.53,47.08,12.0,100.0,0.0,0.44,0.0,0.0,47.08,103.68,0.45,0.0,12.0,SELL_COMPOSITE,NEUTRAL_OUTSIDE,OPEN_AUCTION,INITIATIVE_SELL,BELOW_VA_IN_RANGE,BEAR_NEUTRAL,,True,False,False,False,False,False,-8.62,-8.62,9.0,-17.62,ACCELERATION_DOWN,FAILED_UP,INITIATIVE_BUY,-9.75,-7.62,-4.0,-3.62,ACCELERATION_DOWN,BEAR_NEUTRAL,INITIATIVE_SELL,-30.0,-49.24,-58.18,24,False,True,-70.81
BLK,1073.0,0.62,-2.62,10.12,-12.75,DECELERATION_DOWN,56,59.47,56.92,20,92.94871794871796,3,0.78,3,5,56.92,12.52,4.55,8,39,SELL_COMPOSITE,NORMAL_VAR_DN,OPEN_AUCTION,INITIATIVE_SELL,WITHIN_VA,CONFIRMED_DN,,False,False,False,False,False,False,True,False,False,False,0,6,-3,0.0,1.5,-8.12,9.62,NEUTRAL,13.0,57.99,56.92,13.0,51.724137931034484,0.0,1.69,5.0,0.0,56.92,12.52,4.55,8.0,26.0,NEUTRAL,NEUTRAL_OUTSIDE,OPEN_AUCTION,INITIATIVE_BUY,ABOVE_VA_IN_RANGE,NEUTRAL,,False,False,False,False,False,False,-1.12,0.25,0.62,-0.38,INFLECTION_DOWN,NEUTRAL,INITIATIVE_SELL,-2.38,1.12,-7.62,8.75,DECELERATION_UP,LOW_VOL_SELL,INITIATIVE_SELL,-5.0,2.25,18.61,65,False,False,36.29
BMRN,54.09000015258789,0.38,2.75,6.0,-3.25,TRENDING_UP,59,28.38,8.93,17,92.94871794871796,3,0.92,3,5,8.93,22.54,0.4,0,28,NEUTRAL,NORMAL_VAR_UP,OPEN_REJECT_UP,INITIATIVE_BUY,OUT_RANGE_DN,FAILED_UP,,False,False,False,False,False,True,True,False,False,False,0,10,-5,-2.0,-2.88,1.62,-4.5,INFLECTION_UP,13.0,28.38,8.93,10.0,96.55172413793103,0.0,0.96,3.0,0.0,8.93,22.54,0.4,0.0,13.0,NEUTRAL,NEUTRAL_OUTSIDE,OPEN_AUCTION,INITIATIVE_SELL,WITHIN_VA,NEUTRAL,,False,False,False,False,False,False,-7.0,-1.88,0.5,-2.38,ACCELERATION_DOWN,FAILED_UP,INITIATIVE_BUY,-2.25,-2.38,6.88,-9.25,INFLECTION_UP,NEUTRAL,INITIATIVE_SELL,15.5,-9.15,-32.07,41,True,False,27.68
BMY,59.459999084472656,0.5,-1.88,11.0,-12.88,DECELERATION_DOWN,26,82.25,17.32,21,39.743589743589745,13,1.03,0,15,17.32,21.72,0.8,0,49,BUY_COMP_CLOSE_HI,NORMAL_VAR_UP,OPEN_OUT_RANGE_UP,INITIATIVE_BUY,OUT_RANGE_UP,CONFIRMED_UP,,False,False,False,False,True,False,False,False,False,False,0,12,-3,1.75,-5.25,8.62,-13.88,DECELERATION_DOWN,6.0,86.59,17.32,13.0,75.86206896551724,0.0,1.18,11.0,5.0,17.32,30.28,0.57,0.0,29.0,SELL_COMPOSITE,NEUTRAL_OUTSIDE,OPEN_AUCTION,INITIATIVE_BUY,ABOVE_VA_IN_RANGE,FAILED_UP,,True,False,False,False,False,False,-5.25,-0.88,-4.5,3.62,TRENDING_DOWN,LOW_VOL_RALLY,INITIATIVE_BUY,0.75,-3.5,11.12,-14.62,INFLECTION_UP,LOW_VOL_SELL,INITIATIVE_SELL,-1.0,-18.07,-57.51,78,False,False,4.15
BR,150.49000549316406,-4.62,-1.75,2.38,-4.12,ACCELERATION_DOWN,11,18.93,17.84,13,100.0,0,0.51,0,0,17.84,30.44,0.59,0,13,BUY_COMPOSITE,NORMAL_VAR_UP,OPEN_AUCTION,INITIATIVE_BUY,WITHIN_VA,LOW_VOL_RALLY,,False,False,False,False,False,False,False,True,False,False,0,7,1,-9.75,-5.5,-5.62,0.12,TRENDING_DOWN,2.0,8.33,17.84,10.0,68.96551724137932,0.0,0.38,0.0,0.0,17.84,78.24,0.23,0.0,10.0,SELL_COMPOSITE,NORMAL_VAR_DN,OPEN_AUCTION,INITIATIVE_SELL,WITHIN_VA,CONFIRMED_DN,,False,False,False,False,False,False,-2.62,5.62,-5.5,11.12,DECELERATION_UP,LOW_VOL_RALLY,INITIATIVE_BUY,-8.62,-2.25,-1.88,-0.38,ACCELERATION_DOWN,CONFIRMED_DN,INITIATIVE_SELL,-12.0,-6.07,11.98,23,False,True,0.65
BRKRP,342.489990234375,5.0,2.12,10.62,-8.5,TRENDING_UP,16,98.6,19.52,16,50.0,0,0.36,0,15,19.52,23.72,0.82,0,31,NEUTRAL,NEUTRAL_OUTSIDE,OPEN_AUCTION,INITIATIVE_BUY,BELOW_VA_IN_RANGE,BULLISH_HIGH_VOL,,False,True,False,False,False,False,True,False,False,False,0,3,-5,,,,,,,,,,,,,,,,,,,,,,,,,,,,,,,,,1.62,3.62,1.38,2.25,INFLECTION_DOWN,NEUTRAL,INITIATIVE_SELL,,,,,,,,-7.0,7.55,-5.12,31,False,False,10.98
BRO,57.81999969482422,-6.12,-11.12,10.38,-21.5,ACCELERATION_DOWN,16,18.87,14.05,13,100.0,3,0.79,0,0,14.05,29.82,0.47,0,16,BUY_COMPOSITE,NEUTRAL_OUTSIDE,OPEN_AUCTION,INITIATIVE_BUY,WITHIN_VA,LOW_VOL_RALLY,,False,False,True,False,False,False,False,True,False,False,0,4,-3,-7.62,-3.5,2.88,-6.38,ACCELERATION_DOWN,4.0,6.79,14.05,7.0,100.0,0.0,0.2,0.0,0.0,14.05,95.14,0.15,0.0,7.0,SELL_COMPOSITE,NORMAL_VAR_DN,OPEN_AUCTION,INITIATIVE_SELL,BELOW_VA_IN_RANGE,LOW_VOL_SELL,,False,False,False,False,False,False,-4.62,0.75,-4.75,5.5,DECELERATION_UP,LOW_VOL_RALLY,INITIATIVE_BUY,-3.88,3.38,2.0,1.38,NEUTRAL,LOW_VOL_SELL,INITIATIVE_SELL,-6.5,-8.48,-20.06,23,False,True,-8.11
BSX,57.779998779296875,-7.12,-4.62,5.25,-9.88,ACCELERATION_DOWN,11,21.77,39.46,9,100.0,0,0.36,0,0,39.46,32.71,1.21,0,9,BUY_COMP_CLOSE_HI,NORMAL_VAR_UP,OPEN_DRIVE_UP,INITIATIVE_BUY,WITHIN_VA,BULL_NEUTRAL,,True,False,False,False,False,False,False,False,False,False,0,4,-3,-11.12,-8.12,-3.38,-4.75,ACCELERATION_DOWN,2.0,9.23,39.46,12.0,100.0,0.0,0.36,0.0,0.0,39.46,89.51,0.44,0.0,12.0,SELL_COMPOSITE,TREND_DN,OPEN_AUCTION,INITIATIVE_SELL,BELOW_VA_IN_RANGE,FAILED_UP,,False,False,False,False,False,False,-6.75,1.12,-9.5,10.62,DECELERATION_UP,LOW_VOL_RALLY,INITIATIVE_BUY,-11.5,-7.5,4.25,-11.75,ACCELERATION_DOWN,CONFIRMED_DN,INITIATIVE_SELL,-16.5,-30.12,-24.58,21,False,True,-33.9
BSY,33.15999984741211,0.5,1.5,-1.38,2.88,INFLECTION_UP,23,25.63,22.15,13,100.0,3,0.82,5,0,22.15,23.1,0.96,0,21,BUY_COMPOSITE,NEUTRAL_OUTSIDE,OPEN_AUCTION,INITIATIVE_BUY,WITHIN_VA,LOW_VOL_RALLY,,False,False,True,False,False,False,False,True,False,False,0,8,-5,-1.62,10.75,-15.88,26.62,DECELERATION_UP,5.0,9.28,22.15,13.0,79.3103448275862,0.0,0.46,6.0,0.0,22.15,77.84,0.28,0.0,19.0,NEUTRAL,NEUTRAL_OUTSIDE,OPEN_AUCTION,INITIATIVE_SELL,WITHIN_VA,NEUTRAL,,False,False,False,False,False,False,-2.75,2.88,-6.0,8.88,DECELERATION_UP,LOW_VOL_RALLY,INITIATIVE_BUY,-1.62,11.12,-15.12,26.25,DECELERATION_UP,NEUTRAL,INITIATIVE_SELL,26.0,44.19,108.63,40,True,False,125.96
BURL,324.510009765625,-3.75,-7.75,3.12,-10.88,INFLECTION_DOWN,24,70.48,10.12,10,38.46153846153847,8,1.07,5,5,10.12,20.11,0.5,0,28,BUY_COMP_CLOSE_HI,NEUTRAL_OUTSIDE,OPEN_AUCTION,INITIATIVE_BUY,WITHIN_VA,CONFIRMED_UP,,False,False,True,False,False,False,False,False,False,True,0,5,-3,0.5,0.88,0.25,0.62,INFLECTION_UP,5.0,79.49,10.12,4.0,34.48275862068966,3.0,3.42,8.0,0.0,10.12,32.66,0.31,0.0,15.0,SELL_COMPOSITE,NEUTRAL_OUTSIDE,OPEN_AUCTION,INITIATIVE_BUY,BELOW_VA_IN_RANGE,FAILED_UP,,False,False,False,True,False,False,-3.62,-1.12,-5.5,4.38,INFLECTION_DOWN,CONFIRMED_UP,INITIATIVE_BUY,2.25,4.0,-0.38,4.38,INFLECTION_UP,FAILED_UP,INITIATIVE_SELL,6.0,-0.11,5.38,43,True,False,39.59
BWA,65.81999969482422,6.5,3.25,8.0,-4.75,TRENDING_UP,10,77.66,6.82,7,100.0,5,3.56,11,5,6.82,23.72,0.29,0,28,NEUTRAL,NEUTRAL_OUTSIDE,OPEN_AUCTION,INITIATIVE_BUY,WITHIN_VA,BULLISH_HIGH_VOL,SPIKE_DN_ACCEPTED,False,False,False,False,False,False,True,False,False,False,0,3,-3,7.5,3.38,-4.62,8.0,ACCELERATION_UP,2.0,88.44,6.82,7.0,3.4482758620689653,5.0,5.48,10.0,15.0,6.82,52.16,0.13,0.0,37.0,BUY_COMPOSITE,TREND_UP,OPEN_AUCTION,INITIATIVE_BUY,WITHIN_VA,CONFIRMED_UP,,False,False,False,False,False,False,4.38,7.5,-3.12,10.62,INFLECTION_UP,NEUTRAL,INITIATIVE_SELL,5.38,5.5,-5.62,11.12,ACCELERATION_UP,CONFIRMED_UP,INITIATIVE_BUY,28.5,30.57,45.42,65,True,False,107.51
BWXT,202.91000366210938,-5.62,-7.38,1.62,-9.0,INFLECTION_DOWN,20,34.02,80.02,13,100.0,5,1.66,8,0,80.02,19.02,4.21,5,31,SELL_COMPOSITE,NEUTRAL_OUTSIDE,OPEN_AUCTION,INITIATIVE_SELL,WITHIN_VA,LOW_VOL_SELL,,False,False,False,False,False,False,True,False,False,False,0,4,-3,1.38,-1.12,-8.38,7.25,NEUTRAL,5.0,67.27,19.02,5.0,100.0,0.0,3.83,11.0,0.0,19.02,39.08,0.49,0.0,16.0,NEUTRAL,NEUTRAL_OUTSIDE,OPEN_AUCTION,INITIATIVE_SELL,WITHIN_VA,NEUTRAL,,False,False,False,True,False,False,-6.0,-4.25,-4.38,0.12,INFLECTION_DOWN,LOW_VOL_SELL,INITIATIVE_SELL,-0.75,-1.38,-7.75,6.38,TRENDING_DOWN,LOW_VOL_SELL,INITIATIVE_SELL,-19.0,-18.2,14.81,47,False,False,-0.49
C,125.08999633789062,-8.5,-17.0,8.88,-25.88,INFLECTION_DOWN,26,74.17,7.64,15,88.46153846153845,5,1.23,6,0,7.64,21.95,0.35,0,26,NEUTRAL,NEUTRAL_OUTSIDE,OPEN_AUCTION,INITIATIVE_BUY,BELOW_VA_IN_RANGE,FAILED_UP,,False,False,False,False,False,False,True,False,False,False,0,7,-1,-0.5,-6.38,-5.5,-0.88,ACCELERATION_DOWN,6.0,84.58,7.64,7.0,44.827586206896555,0.0,3.78,13.0,0.0,7.64,41.92,0.18,0.0,20.0,NEUTRAL,NEUTRAL_OUTSIDE,OPEN_AUCTION,NEUTRAL,WITHIN_VA,NEUTRAL,,False,False,False,False,False,False,-8.38,-9.75,1.0,-10.75,INFLECTION_DOWN,NEUTRAL,INITIATIVE_SELL,-3.5,-7.38,-2.75,-4.62,ACCELERATION_DOWN,CONFIRMED_DN,INITIATIVE_SELL,-32.5,-55.95,-52.57,46,False,True,-64.1
CACI,501.3500061035156,-3.0,4.38,-7.38,11.75,DECELERATION_UP,16,21.0,52.47,15,84.61538461538461,3,0.41,0,0,52.47,27.27,1.92,0,18,NEUTRAL,NEUTRAL_OUTSIDE,OPEN_AUCTION,INITIATIVE_BUY,BELOW_VA_IN_RANGE,LOW_VOL_RALLY,,False,False,True,False,False,False,False,False,False,False,0,5,-3,-6.25,-8.62,1.5,-10.12,INFLECTION_DOWN,4.0,33.49,52.47,7.0,100.0,0.0,0.83,0.0,0.0,52.47,36.33,1.44,0.0,7.0,SELL_COMPOSITE,NORMAL_VAR_DN,OPEN_AUCTION,INITIATIVE_SELL,WITHIN_VA,LOW_VOL_SELL,,True,False,False,False,False,False,-3.88,3.75,-9.88,13.62,DECELERATION_UP,NEUTRAL,NEUTRAL,-4.0,-5.38,4.25,-9.62,ACCELERATION_DOWN,LOW_VOL_SELL,INITIATIVE_SELL,-9.0,-13.69,-2.24,25,False,True,-5.61
CAH,200.67999267578125,-2.0,-2.38,7.88,-10.25,ACCELERATION_DOWN,29,38.47,79.27,18,100.0,5,0.54,0,0,79.27,16.12,4.92,5,28,BUY_COMPOSITE,NORMAL_VAR_UP,OPEN_AUCTION,INITIATIVE_BUY,ABOVE_VA_IN_RANGE,LOW_VOL_RALLY,,False,False,True,False,False,False,False,True,False,False,0,5,-1,-4.0,-12.25,6.12,-18.38,ACCELERATION_DOWN,7.0,66.44,16.12,5.0,100.0,0.0,1.62,13.0,0.0,16.12,31.92,0.51,0.0,18.0,NEUTRAL,NEUTRAL_OUTSIDE,OPEN_AUCTION,INITIATIVE_SELL,BELOW_VA_IN_RANGE,BULLISH_HIGH_VOL,,False,False,False,False,False,False,-3.0,2.75,-1.88,4.62,DECELERATION_UP,LOW_VOL_RALLY,INITIATIVE_BUY,-1.88,-10.25,11.62,-21.88,ACCELERATION_DOWN,CONFIRMED_DN,INITIATIVE_SELL,-16.5,-37.13,-74.65,46,False,True,-45.64
CARR,63.13999938964844,1.38,-0.12,9.62,-9.75,INFLECTION_UP,42,70.15,28.85,20,100.0,0,0.64,3,0,28.85,21.05,1.37,0,23,SELL_COMPOSITE,NORMAL_VAR_DN,OPEN_AUCTION,INITIATIVE_SELL,BELOW_VA_IN_RANGE,LOW_VOL_SELL,,False,False,False,False,False,False,True,False,False,False,0,7,-3,2.5,3.62,5.0,-1.38,INFLECTION_UP,10.0,43.87,50.34,7.0,86.20689655172413,0.0,0.94,3.0,0.0,50.34,26.94,1.87,0.0,10.0,SELL_COMPOSITE,NEUTRAL_OUTSIDE,OPEN_AUCTION,NEUTRAL,ABOVE_VA_IN_RANGE,LOW_VOL_SELL,SPIKE_UP_ACCEPTED,False,False,False,False,False,False,0.38,-0.5,4.38,-4.88,DECELERATION_DOWN,LOW_VOL_SELL,INITIATIVE_SELL,1.75,3.12,6.12,-3.0,INFLECTION_UP,BEARISH_HIGH_VOL,INITIATIVE_SELL,21.0,10.8,-25.14,33,True,False,43.92
CASY,825.02001953125,3.38,-3.25,8.12,-11.38,DECELERATION_DOWN,10,72.26,9.21,7,72.43589743589743,5,0.9,3,5,9.21,24.0,0.38,0,20,SELL_COMP_CLOSE_LO,NEUTRAL_OUTSIDE,OPEN_AUCTION,INITIATIVE_SELL,WITHIN_VA,CONFIRMED_DN,,False,False,False,True,False,False,False,False,False,False,0,4,-1,11.0,5.75,-0.62,6.38,ACCELERATION_UP,2.0,83.82,9.21,7.0,89.65517241379311,0.0,3.16,13.0,5.0,9.21,47.7,0.19,0.0,25.0,BUY_COMPOSITE,NEUTRAL_OUTSIDE,OPEN_AUCTION,INITIATIVE_BUY,ABOVE_VA_IN_RANGE,MIRAGE_BUY,,False,False,False,False,False,False,2.25,2.75,-3.25,6.0,ACCELERATION_UP,CONFIRMED_DN,INITIATIVE_SELL,10.38,8.62,-1.38,10.0,ACCELERATION_UP,MIRAGE_BUY,INITIATIVE_BUY,21.0,26.74,27.19,45,True,False,80.42
CAT,879.8900146484375,2.5,-4.88,10.62,-15.5,DECELERATION_DOWN,7,80.92,5.85,10,84.61538461538461,5,1.05,3,5,5.85,24.81,0.24,0,23,SELL_COMPOSITE,NEUTRAL_OUTSIDE,OPEN_AUCTION,INITIATIVE_SELL,WITHIN_VA,LOW_VOL_SELL,,False,False,False,False,False,False,True,False,False,False,0,4,-3,7.12,-0.75,-1.0,0.25,NEUTRAL,2.0,91.36,5.85,7.0,6.896551724137931,5.0,2.35,13.0,5.0,5.85,61.83,0.09,0.0,30.0,NEUTRAL,NEUTRAL_OUTSIDE,OPEN_AUCTION,INITIATIVE_BUY,ABOVE_VA_IN_RANGE,NEUTRAL,SPIKE_UP_ACCEPTED,False,False,False,False,False,False,1.25,-2.25,6.12,-8.38,DECELERATION_DOWN,LOW_VOL_SELL,INITIATIVE_SELL,7.12,-0.12,-1.12,1.0,NEUTRAL,NEUTRAL,INITIATIVE_BUY,-10.0,-9.62,-25.7,53,False,False,0.45
CBRE,131.07000732421875,-2.5,-8.75,9.62,-18.38,ACCELERATION_DOWN,50,10.91,50.69,23,100.0,3,0.72,0,0,50.69,32.96,1.54,0,26,NEUTRAL,NORMAL_VAR_DN,OPEN_AUCTION,NEUTRAL,WITHIN_VA,NEUTRAL,SPIKE_DN_ACCEPTED,False,False,True,False,False,False,True,False,False,False,0,2,-3,-3.0,-2.75,-7.38,4.62,TRENDING_DOWN,11.0,17.62,50.69,15.0,62.06896551724138,0.0,1.19,3.0,0.0,50.69,32.96,1.54,0.0,18.0,SELL_COMP_CLOSE_LO,NEUTRAL_OUTSIDE,OPEN_AUCTION,INITIATIVE_SELL,WITHIN_VA,BEARISH_HIGH_VOL,,False,False,False,False,False,False,-6.38,-8.25,2.75,-11.0,INFLECTION_DOWN,NEUTRAL,NEUTRAL,-4.25,-1.62,-6.25,4.62,TRENDING_DOWN,CONFIRMED_DN,INITIATIVE_SELL,-21.0,-28.49,-18.71,44,False,True,-23.58
CCI,91.45999908447266,1.12,-3.75,7.62,-11.38,DECELERATION_DOWN,42,55.0,19.11,16,100.0,3,1.59,8,5,19.11,13.86,1.38,3,35,BUY_COMPOSITE,NORMAL_VAR_UP,OPEN_AUCTION,INITIATIVE_BUY,BELOW_VA_IN_RANGE,BULL_NEUTRAL,,False,False,False,False,False,False,False,False,False,False,0,8,-1,2.38,7.38,-3.62,11.0,INFLECTION_UP,9.0,43.33,19.11,8.0,41.37931034482759,0.0,1.13,6.0,0.0,19.11,22.17,0.86,0.0,14.0,NEUTRAL,NEUTRAL_OUTSIDE,OPEN_AUCTION,INITIATIVE_BUY,ABOVE_VA_IN_RANGE,NEUTRAL,,False,False,False,False,False,False,-0.75,0.62,-0.62,1.25,DECELERATION_UP,BULL_NEUTRAL,INITIATIVE_BUY,2.75,8.75,-2.12,10.88,INFLECTION_UP,NEUTRAL,INITIATIVE_SELL,23.0,25.75,28.76,49,True,False,84.45
CCK,96.70999908447266,-6.5,-9.5,10.12,-19.62,INFLECTION_DOWN,56,32.8,34.67,20,63.46153846153846,5,0.91,3,0,34.67,19.77,1.75,0,28,NEUTRAL,NORMAL_VAR_DN,OPEN_AUCTION,INITIATIVE_SELL,BELOW_VA_IN_RANGE,NEUTRAL,,False,False,False,False,False,False,True,False,False,False,0,4,-5,-3.5,-7.75,5.0,-12.75,INFLECTION_UP,13.0,30.37,34.67,13.0,13.793103448275861,5.0,1.83,11.0,0.0,34.67,19.77,1.75,0.0,29.0,NEUTRAL,NEUTRAL_OUTSIDE,OPEN_AUCTION,INITIATIVE_SELL,BELOW_VA_IN_RANGE,NEUTRAL,,False,False,False,False,False,False,-8.38,-5.38,2.12,-7.5,ACCELERATION_DOWN,NEUTRAL,INITIATIVE_SELL,-2.88,-2.75,9.75,-12.5,INFLECTION_UP,LOW_VOL_SELL,INITIATIVE_SELL,7.5,-34.7,-75.0,57,True,False,-4.82
CCL,25.979999542236328,-0.38,-7.25,19.0,-26.25,ACCELERATION_DOWN,12,39.9,76.73,10,66.02564102564102,5,0.71,3,5,76.73,15.38,4.99,5,28,NEUTRAL,NEUTRAL_OUTSIDE,OPEN_AUCTION,INITIATIVE_BUY,WITHIN_VA,BULLISH_HIGH_VOL,,False,False,False,False,False,False,True,False,False,False,0,5,-3,-2.5,-2.0,-7.5,5.5,INFLECTION_DOWN,3.0,34.82,76.73,7.0,13.793103448275861,5.0,1.06,0.0,0.0,76.73,29.59,2.59,3.0,15.0,NEUTRAL,NEUTRAL_OUTSIDE,OPEN_AUCTION,INITIATIVE_SELL,WITHIN_VA,NEUTRAL,,False,False,False,False,False,False,-5.0,-6.75,8.0,-14.75,INFLECTION_DOWN,NEUTRAL,INITIATIVE_BUY,-4.5,-4.25,-3.25,-1.0,ACCELERATION_DOWN,CONFIRMED_DN,INITIATIVE_SELL,-33.0,-28.88,-42.12,43,False,True,-45.68
CDE,17.6299991607666,-1.5,-6.5,14.88,-21.38,INFLECTION_DOWN,10,14.58,88.67,12,100.0,5,0.49,0,0,88.67,54.11,1.64,0,17,NEUTRAL,NORMAL_VAR_DN,OPEN_AUCTION,INITIATIVE_SELL,BELOW_VA_IN_RANGE,NEUTRAL,,False,False,False,False,False,False,True,False,False,False,0,5,-3,-5.5,-9.38,-5.88,-3.5,INFLECTION_DOWN,2.0,48.13,88.67,10.0,31.03448275862069,3.0,1.52,5.0,0.0,88.67,57.34,1.55,0.0,18.0,NEUTRAL,NEUTRAL_OUTSIDE,OPEN_AUCTION,INITIATIVE_SELL,BELOW_VA_IN_RANGE,NEUTRAL,,True,False,False,False,False,False,-2.75,-5.88,12.12,-18.0,INFLECTION_DOWN,NEUTRAL,INITIATIVE_SELL,-6.0,-9.88,-2.38,-7.5,INFLECTION_DOWN,LOW_VOL_SELL,INITIATIVE_SELL,-36.0,-49.15,-68.63,35,False,True,-75.44
CDNS,373.5899963378906,7.75,5.25,8.0,-2.75,INFLECTION_UP,5,93.26,2.13,10,82.6923076923077,0,1.27,9,15,2.13,29.5,0.07,0,34,NEUTRAL,NEUTRAL_OUTSIDE,OPEN_AUCTION,INITIATIVE_BUY,BELOW_VA_IN_RANGE,BULLISH_HIGH_VOL,,False,False,False,False,False,True,False,False,False,False,0,5,-1,2.38,7.62,-8.62,16.25,ACCELERATION_UP,0.0,93.3,2.13,10.0,96.55172413793103,0.0,0.98,3.0,10.0,2.13,29.67,0.07,0.0,23.0,BUY_COMP_CLOSE_HI,TREND_UP,OPEN_DRIVE_UP,INITIATIVE_BUY,WITHIN_VA,LOW_VOL_RALLY,SPIKE_UP_ACCEPTED,False,False,False,False,False,False,5.38,5.0,3.0,2.0,INFLECTION_UP,BULLISH_HIGH_VOL,INITIATIVE_BUY,2.88,8.5,-6.62,15.12,ACCELERATION_UP,LOW_VOL_RALLY,INITIATIVE_BUY,32.5,41.18,54.86,57,True,False,117.65
CEG,294.07000732421875,-1.5,-2.88,5.0,-7.88,INFLECTION_UP,18,57.04,87.54,10,84.61538461538461,5,0.81,3,0,87.54,13.18,6.64,8,26,NEUTRAL,NEUTRAL_OUTSIDE,OPEN_AUCTION,INITIATIVE_BUY,WITHIN_VA,FAILED_UP,SPIKE_DN_ACCEPTED,False,False,False,False,False,False,False,False,False,False,0,2,-5,-0.88,0.25,-4.5,4.75,INFLECTION_DOWN,4.0,30.56,87.54,7.0,50.0,0.0,1.25,9.0,0.0,87.54,39.78,2.2,3.0,19.0,SELL_COMPOSITE,NEUTRAL_OUTSIDE,OPEN_AUCTION,INITIATIVE_BUY,ABOVE_VA_IN_RANGE,BEARISH_HIGH_VOL,,False,False,False,False,False,False,-3.5,-2.62,1.0,-3.62,ACCELERATION_DOWN,FAILED_UP,INITIATIVE_BUY,-1.88,0.88,-1.0,1.88,DECELERATION_UP,BEARISH_HIGH_VOL,INITIATIVE_SELL,-2.5,-4.68,-2.42,45,False,True,16.23
CELH,30.1200008392334,-6.62,-5.62,6.88,-12.5,ACCELERATION_DOWN,8,9.94,57.6,12,73.07692307692307,5,0.5,3,0,57.6,74.04,0.78,0,20,SELL_COMPOSITE,NORMAL_VAR_DN,OPEN_AUCTION,NEUTRAL,ABOVE_VA_IN_RANGE,BEARISH_HIGH_VOL,,False,False,False,False,False,False,True,False,False,False,0,2,-1,-5.38,-4.88,-5.62,0.75,INFLECTION_DOWN,2.0,6.29,57.6,12.0,58.620689655172406,0.0,0.98,0.0,0.0,57.6,121.58,0.47,0.0,12.0,NEUTRAL,NEUTRAL_OUTSIDE,OPEN_AUCTION,INITIATIVE_SELL,WITHIN_VA,NEUTRAL,,True,False,False,False,False,False,-6.38,-0.75,0.12,-0.88,ACCELERATION_DOWN,BEARISH_HIGH_VOL,NEUTRAL,-6.0,-5.5,-4.75,-0.75,INFLECTION_DOWN,CONFIRMED_DN,INITIATIVE_SELL,-33.5,-25.07,-14.2,32,False,True,-38.22
CET,53.150001525878906,-0.88,-9.0,20.62,-29.62,INFLECTION_UP,58,92.52,2.13,20,80.12820512820514,8,0.64,0,10,2.13,26.29,0.08,0,38,BUY_COMPOSITE,NEUTRAL_OUTSIDE,OPEN_AUCTION,NEUTRAL,WITHIN_VA,LOW_VOL_RALLY,,False,False,False,False,False,False,False,True,False,False,0,6,-1,3.12,-5.0,-1.25,-3.75,NEUTRAL,13.0,91.03,2.13,13.0,58.620689655172406,3.0,4.86,10.0,10.0,2.13,21.59,0.1,0.0,36.0,NEUTRAL,NEUTRAL_OUTSIDE,OPEN_AUCTION,INITIATIVE_BUY,WITHIN_VA,NEUTRAL,SPIKE_UP_ACCEPTED,False,False,False,False,False,False,-4.88,-0.88,-5.25,4.38,TRENDING_DOWN,NEUTRAL,INITIATIVE_BUY,-1.38,-3.38,4.38,-7.75,INFLECTION_UP,CONFIRMED_DN,INITIATIVE_SELL,15.0,-24.58,-44.18,74,False,False,19.58
CF,121.69999694824219,0.62,3.5,-11.62,15.12,INFLECTION_DOWN,11,52.44,67.88,7,94.23076923076923,0,2.0,10,0,67.88,16.17,4.2,5,22,NEUTRAL,NEUTRAL_OUTSIDE,OPEN_AUCTION,INITIATIVE_SELL,WITHIN_VA,LOW_VOL_SELL,,False,False,False,False,False,False,False,True,False,False,0,12,1,5.0,7.25,-3.12,10.38,INFLECTION_UP,2.0,70.48,16.17,10.0,34.48275862068966,3.0,1.45,10.0,0.0,16.17,38.61,0.42,0.0,23.0,NEUTRAL,NEUTRAL_OUTSIDE,OPEN_AUCTION,NEUTRAL,WITHIN_VA,NEUTRAL,,False,False,False,False,False,False,-1.62,3.5,-15.12,18.62,INFLECTION_DOWN,LOW_VOL_SELL,INITIATIVE_SELL,3.5,7.0,0.62,6.38,INFLECTION_UP,NEUTRAL,INITIATIVE_SELL,6.0,33.62,71.38,45,True,False,87.23
CFG,62.88999938964844,-3.0,-10.75,13.25,-24.0,ACCELERATION_DOWN,26,68.3,8.6,13,20.51282051282051,10,0.75,0,0,8.6,18.53,0.46,0,23,NEUTRAL,NEUTRAL_OUTSIDE,OPEN_AUCTION,INITIATIVE_BUY,WITHIN_VA,LOW_VOL_RALLY,,False,False,False,False,False,False,False,False,False,False,0,8,-5,2.0,-2.75,-3.38,0.62,NEUTRAL,6.0,82.05,8.6,7.0,3.4482758620689653,5.0,3.54,13.0,5.0,8.6,39.31,0.22,0.0,30.0,SELL_COMPOSITE,NEUTRAL_OUTSIDE,OPEN_AUCTION,RESPONSIVE_BUY,WITHIN_VA,BEARISH_HIGH_VOL,,False,False,False,False,False,False,-7.38,-5.75,-2.62,-3.12,INFLECTION_DOWN,LOW_VOL_RALLY,NEUTRAL,-1.38,-5.38,-4.75,-0.62,ACCELERATION_DOWN,CONFIRMED_DN,INITIATIVE_SELL,-24.0,-34.26,-28.99,53,False,False,-29.65
CG,45.43000030517578,-3.25,-7.25,11.5,-18.75,ACCELERATION_DOWN,17,6.83,52.34,18,88.46153846153845,3,0.81,0,0,52.34,36.02,1.45,0,21,SELL_COMPOSITE,NORMAL_VAR_DN,OPEN_OUT_RANGE_DN,INITIATIVE_SELL,OUT_RANGE_DN,BEAR_NEUTRAL,,False,True,False,False,True,False,False,False,False,False,0,12,-1,-5.75,-3.62,-10.88,7.25,TRENDING_DOWN,4.0,10.07,52.34,15.0,72.41379310344827,0.0,1.03,3.0,0.0,52.34,50.64,1.03,0.0,18.0,NEUTRAL,NEUTRAL_OUTSIDE,OPEN_AUCTION,INITIATIVE_SELL,WITHIN_VA,BEAR_NEUTRAL,,False,False,False,False,False,False,-5.12,-0.38,-5.12,4.75,TRENDING_DOWN,BEAR_NEUTRAL,INITIATIVE_SELL,-7.0,-4.88,-9.25,4.38,TRENDING_DOWN,BEAR_NEUTRAL,INITIATIVE_SELL,-15.0,-23.01,8.01,39,False,True,-6.1
CHD,96.25,1.88,0.25,10.0,-9.75,INFLECTION_UP,62,49.82,30.35,20,92.3076923076923,0,0.57,3,0,30.35,16.45,1.85,0,23,BUY_COMPOSITE,NORMAL_VAR_UP,OPEN_AUCTION,INITIATIVE_BUY,WITHIN_VA,LOW_VOL_RALLY,,False,False,False,False,False,False,False,True,False,False,0,11,-5,-1.5,-3.62,6.0,-9.62,INFLECTION_UP,14.0,49.82,30.35,10.0,82.75862068965517,0.0,0.65,6.0,0.0,30.35,16.45,1.85,0.0,16.0,SELL_COMPOSITE,NORMAL_VAR_DN,OPEN_REJECT_DN,INITIATIVE_BUY,OUT_RANGE_UP,LOW_VOL_SELL,,True,False,False,False,False,False,0.0,5.5,-3.25,8.75,NEUTRAL,LOW_VOL_RALLY,INITIATIVE_BUY,-1.62,-0.38,10.0,-10.38,INFLECTION_UP,LOW_VOL_SELL,INITIATIVE_SELL,27.0,2.31,-31.82,39,True,False,45.16
CHTR,145.14999389648438,-8.62,-9.88,6.0,-15.88,INFLECTION_DOWN,4,7.25,5.87,10,92.3076923076923,3,0.54,0,0,5.87,75.07,0.08,0,13,BUY_COMPOSITE,NORMAL_VAR_UP,OPEN_AUCTION,NEUTRAL,BELOW_VA_IN_RANGE,BULLISH_HIGH_VOL,,True,True,False,False,False,False,False,True,False,False,0,2,-1,-4.25,2.12,-0.75,2.88,DECELERATION_UP,0.0,2.98,5.87,7.0,100.0,0.0,0.47,0.0,0.0,5.87,190.93,0.03,0.0,7.0,SELL_COMP_CLOSE_LO,NEUTRAL_OUTSIDE,OPEN_AUCTION,INITIATIVE_SELL,BELOW_VA_IN_RANGE,CONFIRMED_DN,SPIKE_DN_ACCEPTED,False,False,False,False,False,False,-8.25,-4.0,-6.0,2.0,TRENDING_DOWN,BULLISH_HIGH_VOL,NEUTRAL,-3.38,5.75,-1.25,7.0,DECELERATION_UP,CONFIRMED_DN,INITIATIVE_SELL,5.0,-1.2,5.44,20,True,False,26.46
CHWY,20.729999542236328,-9.12,-12.62,5.62,-18.25,INFLECTION_DOWN,4,14.37,29.16,12,44.230769230769226,3,0.61,0,0,29.16,41.1,0.71,0,15,SELL_COMPOSITE,NORMAL_VAR_DN,OPEN_AUCTION,INITIATIVE_SELL,WITHIN_VA,CONFIRMED_DN,,True,False,False,False,False,False,True,False,False,False,0,2,-1,-2.25,2.62,-5.25,7.88,DECELERATION_UP,0.0,4.88,29.16,12.0,17.24137931034483,5.0,0.4,3.0,5.0,29.16,134.54,0.22,0.0,25.0,SELL_COMP_CLOSE_LO,TREND_DN,OPEN_DRIVE_DN,INITIATIVE_SELL,WITHIN_VA,BEAR_NEUTRAL,,False,False,False,False,False,False,-8.5,-4.5,-2.75,-1.75,ACCELERATION_DOWN,NEUTRAL,INITIATIVE_SELL,-2.0,4.5,-2.62,7.12,DECELERATION_UP,BEAR_NEUTRAL,INITIATIVE_SELL,0.5,-6.44,5.19,40,True,False,28.71
CI,286.239990234375,1.62,-3.5,10.25,-13.75,DECELERATION_DOWN,46,62.56,25.72,18,48.07692307692308,5,0.74,0,0,25.72,17.25,1.49,0,23,NEUTRAL,NEUTRAL_OUTSIDE,OPEN_AUCTION,INITIATIVE_SELL,BELOW_VA_IN_RANGE,NEUTRAL,,False,False,False,True,False,False,True,True,False,False,0,6,-1,3.5,3.62,0.62,3.0,INFLECTION_UP,10.0,51.11,38.27,10.0,100.0,0.0,0.67,6.0,0.0,38.27,16.5,2.32,3.0,19.0,NEUTRAL,NEUTRAL_OUTSIDE,OPEN_AUCTION,INITIATIVE_BUY,ABOVE_VA_IN_RANGE,NEUTRAL,,False,False,False,False,False,False,-0.88,0.5,0.25,0.25,INFLECTION_DOWN,NEUTRAL,INITIATIVE_SELL,-2.5,-1.12,3.0,-4.12,INFLECTION_UP,LOW_VOL_SELL,INITIATIVE_SELL,8.0,0.44,-17.12,42,True,False,32.42
CIEN,583.739990234375,5.62,-5.25,9.12,-14.38,DECELERATION_DOWN,6,95.09,2.7,10,89.1025641025641,5,5.0,8,15,2.7,52.31,0.05,0,38,NEUTRAL,NEUTRAL_OUTSIDE,OPEN_AUCTION,INITIATIVE_BUY,WITHIN_VA,FAILED_UP,,False,False,False,False,False,False,True,False,False,False,0,7,-1,10.75,0.25,1.62,-1.38,TRENDING_UP,0.0,97.02,2.7,7.0,3.4482758620689653,5.0,,5.0,10.0,2.7,87.88,0.03,0.0,27.0,NEUTRAL,NEUTRAL_OUTSIDE,OPEN_AUCTION,INITIATIVE_BUY,ABOVE_VA_IN_RANGE,CONFIRMED_UP,SPIKE_UP_ACCEPTED,False,False,False,False,False,False,2.75,-3.88,4.62,-8.5,DECELERATION_DOWN,FAILED_UP,INITIATIVE_BUY,10.0,0.62,2.25,-1.62,TRENDING_UP,LOW_VOL_RALLY,INITIATIVE_BUY,-3.0,-9.46,-32.44,65,False,False,10.85
CINF,168.10000610351562,-0.75,-6.75,10.5,-17.25,ACCELERATION_DOWN,56,87.96,3.06,17,66.66666666666666,10,1.39,6,10,3.06,22.38,0.14,0,43,BUY_COMPOSITE,NEUTRAL_OUTSIDE,OPEN_AUCTION,INITIATIVE_BUY,ABOVE_VA_IN_RANGE,LOW_VOL_RALLY,,False,False,False,False,False,False,False,True,False,False,0,2,-5,1.62,0.5,-4.5,5.0,ACCELERATION_UP,13.0,87.03,3.06,10.0,41.37931034482759,3.0,1.0,3.0,10.0,3.06,20.55,0.15,0.0,26.0,NEUTRAL,NEUTRAL_OUTSIDE,OPEN_AUCTION,INITIATIVE_BUY,WITHIN_VA,LOW_VOL_RALLY,,False,False,False,False,False,False,-4.38,-1.62,-3.12,1.5,TRENDING_DOWN,NEUTRAL,INITIATIVE_BUY,-2.38,-2.0,3.5,-5.5,ACCELERATION_DOWN,LOW_VOL_SELL,INITIATIVE_SELL,-10.5,-12.43,-18.5,69,True,False,9.14
CL,90.61000061035156,4.25,6.12,9.0,-2.88,INFLECTION_UP,88,60.59,15.76,18,100.0,0,1.01,3,0,15.76,18.73,0.84,0,21,BUY_COMPOSITE,NORMAL_VAR_UP,OPEN_DRIVE_UP,INITIATIVE_BUY,WITHIN_VA,LOW_VOL_RALLY,,False,False,False,False,False,False,False,False,False,False,0,4,3,0.75,-1.12,10.25,-11.38,INFLECTION_UP,20.0,65.29,15.76,11.0,100.0,0.0,1.06,5.0,0.0,15.76,18.73,0.84,0.0,16.0,NEUTRAL,NEUTRAL_OUTSIDE,OPEN_OUT_RANGE_UP,INITIATIVE_BUY,OUT_RANGE_UP,LOW_VOL_RALLY,,True,False,False,False,True,False,0.38,3.38,4.12,-0.75,TRENDING_UP,LOW_VOL_RALLY,INITIATIVE_BUY,-2.12,-2.38,11.12,-13.5,INFLECTION_UP,LOW_VOL_SELL,NEUTRAL,30.0,4.75,-48.08,37,True,False,42.12
CLH,286.9200134277344,-0.88,-6.5,9.12,-15.62,ACCELERATION_DOWN,25,66.76,10.48,8,44.871794871794876,3,0.81,3,5,10.48,21.04,0.5,0,19,SELL_COMP_CLOSE_LO,NORMAL_VAR_DN,OPEN_AUCTION,INITIATIVE_SELL,WITHIN_VA,BEARISH_HIGH_VOL,,False,False,False,False,False,False,False,False,False,False,0,12,-5,4.5,3.75,-1.75,5.5,INFLECTION_UP,6.0,74.01,10.48,7.0,82.75862068965517,0.0,1.71,8.0,0.0,10.48,29.83,0.35,0.0,15.0,SELL_COMP_CLOSE_LO,TREND_DN,OPEN_DRIVE_DN,INITIATIVE_SELL,ABOVE_VA_IN_RANGE,BEARISH_HIGH_VOL,,False,False,False,False,False,True,-4.62,-2.88,-3.0,0.12,INFLECTION_DOWN,BEARISH_HIGH_VOL,INITIATIVE_SELL,2.88,0.25,6.62,-6.38,INFLECTION_UP,CONFIRMED_DN,INITIATIVE_SELL,7.0,-4.7,-19.95,34,True,False,23.2
CLX,95.11000061035156,-0.38,1.0,7.5,-6.5,NEUTRAL,11,25.28,10.95,4,100.0,0,0.45,3,0,10.95,32.34,0.34,0,7,BUY_COMP_CLOSE_HI,NORMAL_VAR_UP,OPEN_DRIVE_UP,INITIATIVE_BUY,WITHIN_VA,LOW_VOL_RALLY,,False,False,False,False,False,False,False,False,False,False,0,4,-5,-3.75,0.62,-1.5,2.12,DECELERATION_UP,2.0,24.44,10.95,4.0,65.51724137931035,0.0,0.66,3.0,0.0,10.95,33.84,0.32,0.0,7.0,NEUTRAL,NEUTRAL_OUTSIDE,OPEN_REJECT_UP,INITIATIVE_SELL,OUT_RANGE_DN,FAILED_UP,,True,False,False,False,False,False,-3.12,4.25,-1.12,5.38,DECELERATION_UP,LOW_VOL_RALLY,INITIATIVE_BUY,-5.12,-0.5,3.38,-3.88,ACCELERATION_DOWN,FAILED_UP,INITIATIVE_SELL,2.0,7.3,-3.01,14,True,False,22.18
CMCSA,25.209999084472656,-7.0,-5.25,3.0,-8.25,ACCELERATION_DOWN,59,17.34,6.47,20,93.58974358974359,3,0.24,0,0,6.47,30.83,0.21,0,23,BUY_COMP_CLOSE_HI,NORMAL_VAR_DN,OPEN_AUCTION,INITIATIVE_BUY,BELOW_VA_IN_RANGE,LOW_VOL_RALLY,,True,False,False,False,False,False,False,False,False,False,0,3,-1,-5.25,-7.5,5.12,-12.62,INFLECTION_UP,13.0,17.34,6.47,13.0,79.3103448275862,0.0,0.83,0.0,0.0,6.47,30.83,0.21,0.0,13.0,SELL_COMP_CLOSE_LO,TREND_DN,OPEN_DRIVE_DN,INITIATIVE_SELL,WITHIN_VA,LOW_VOL_SELL,SPIKE_DN_ACCEPTED,False,False,False,False,False,False,-8.5,-3.12,-6.62,3.5,TRENDING_DOWN,NEUTRAL,INITIATIVE_SELL,-3.12,-5.0,11.12,-16.12,INFLECTION_UP,LOW_VOL_SELL,INITIATIVE_SELL,13.0,-31.18,-54.17,36,True,False,0.62
CME,291.2300109863281,3.38,7.0,-1.38,8.38,ACCELERATION_UP,67,67.03,10.39,15,100.0,5,0.64,6,5,10.39,21.12,0.49,0,31,NEUTRAL,NEUTRAL_OUTSIDE,OPEN_AUCTION,INITIATIVE_BUY,ABOVE_VA_IN_RANGE,BEARISH_HIGH_VOL,SPIKE_UP_ACCEPTED,False,True,False,False,False,False,False,True,False,False,0,12,-1,0.75,-4.88,9.5,-14.38,DECELERATION_DOWN,15.0,63.27,10.39,8.0,51.724137931034484,0.0,1.09,3.0,0.0,10.39,17.89,0.58,0.0,11.0,NEUTRAL,NEUTRAL_OUTSIDE,OPEN_AUCTION,NEUTRAL,WITHIN_VA,NEUTRAL,,False,False,False,False,False,False,0.25,5.25,-6.25,11.5,ACCELERATION_UP,BEARISH_HIGH_VOL,INITIATIVE_BUY,-2.5,-5.5,12.25,-17.75,INFLECTION_UP,NEUTRAL,INITIATIVE_SELL,18.5,-3.45,-31.44,42,False,False,24.86
CMG,32.88999938964844,-4.38,-6.12,11.12,-17.25,ACCELERATION_DOWN,30,26.68,27.26,20,81.41025641025641,5,0.96,0,0,27.26,26.24,1.04,0,25,BUY_COMPOSITE,NEUTRAL_OUTSIDE,OPEN_AUCTION,INITIATIVE_BUY,WITHIN_VA,LOW_VOL_RALLY,,False,False,False,False,False,False,False,True,False,False,0,11,-5,-4.5,-4.62,6.12,-10.75,ACCELERATION_DOWN,7.0,10.95,27.26,15.0,100.0,0.0,0.61,0.0,0.0,27.26,77.62,0.35,0.0,15.0,SELL_COMPOSITE,NORMAL_VAR_DN,OPEN_AUCTION,INITIATIVE_SELL,WITHIN_VA,LOW_VOL_SELL,,False,False,False,False,False,False,-4.0,-0.88,2.0,-2.88,ACCELERATION_DOWN,BULL_NEUTRAL,INITIATIVE_BUY,-7.12,-7.88,9.62,-17.5,ACCELERATION_DOWN,LOW_VOL_SELL,INITIATIVE_SELL,-30.0,-30.13,-72.69,40,False,True,-57.16
CMI,639.5499877929688,0.75,-7.12,16.88,-24.0,DECELERATION_DOWN,7,63.22,11.93,5,79.48717948717949,5,1.1,0,5,11.93,20.5,0.58,0,15,SELL_COMP_CLOSE_LO,NORMAL_VAR_DN,OPEN_DRIVE_DN,INITIATIVE_SELL,WITHIN_VA,CONFIRMED_DN,,False,False,False,False,False,False,False,False,False,False,0,5,-1,3.88,-6.62,0.5,-7.12,DECELERATION_DOWN,2.0,81.52,11.93,7.0,58.620689655172406,0.0,5.56,13.0,5.0,11.93,52.62,0.23,0.0,25.0,NEUTRAL,NEUTRAL_OUTSIDE,OPEN_AUCTION,INITIATIVE_BUY,ABOVE_VA_IN_RANGE,MIRAGE_BUY,SPIKE_UP_ACCEPTED,False,False,False,False,False,False,-0.38,-3.88,7.12,-11.0,ACCELERATION_DOWN,CONFIRMED_DN,INITIATIVE_SELL,3.75,-4.62,0.75,-5.38,DECELERATION_DOWN,BEARISH_HIGH_VOL,INITIATIVE_BUY,-25.5,-32.11,-61.94,40,False,False,-49.54
CMS,74.52999877929688,-4.38,-6.62,6.0,-12.62,INFLECTION_DOWN,96,76.42,6.99,17,37.17948717948718,11,0.8,3,0,6.99,22.66,0.31,0,31,BUY_COMP_CLOSE_HI,NORMAL_VAR_UP,OPEN_AUCTION,INITIATIVE_BUY,BELOW_VA_IN_RANGE,LOW_VOL_RALLY,,False,False,False,False,False,True,False,False,False,False,0,5,-3,3.75,3.75,-2.62,6.38,ACCELERATION_UP,22.0,72.68,6.99,10.0,13.793103448275861,5.0,0.92,6.0,0.0,6.99,18.6,0.38,0.0,21.0,SELL_COMPOSITE,NORMAL_VAR_DN,OPEN_AUCTION,INITIATIVE_SELL,WITHIN_VA,LOW_VOL_SELL,,False,False,False,True,False,False,-7.0,-1.5,-11.38,9.88,INFLECTION_DOWN,LOW_VOL_RALLY,INITIATIVE_BUY,1.25,5.25,-0.38,5.62,INFLECTION_UP,LOW_VOL_SELL,INITIATIVE_SELL,4.5,7.25,23.01,52,True,False,54.06
CNA,44.04999923706055,-3.5,-10.88,12.5,-23.38,ACCELERATION_DOWN,120,61.99,11.61,15,40.38461538461539,3,1.3,3,0,11.61,18.94,0.61,0,21,BUY_COMPOSITE,NORMAL_VAR_UP,OPEN_AUCTION,INITIATIVE_BUY,ABOVE_VA_IN_RANGE,LOW_VOL_RALLY,,False,False,False,False,False,False,False,True,False,False,0,3,-5,-0.5,-3.5,4.62,-8.12,ACCELERATION_DOWN,27.0,61.99,11.61,13.0,62.06896551724138,0.0,0.92,3.0,5.0,11.61,18.94,0.61,0.0,21.0,SELL_COMPOSITE,TREND_DN,OPEN_AUCTION,INITIATIVE_SELL,WITHIN_VA,BEAR_NEUTRAL,,False,False,False,False,False,False,-5.62,-0.75,-3.25,2.5,TRENDING_DOWN,LOW_VOL_RALLY,INITIATIVE_BUY,0.5,0.38,6.38,-6.0,INFLECTION_UP,BEAR_NEUTRAL,INITIATIVE_SELL,-3.5,-16.5,-43.81,42,False,True,-9.92
CNC,59.13999938964844,8.88,1.12,13.5,-12.38,TRENDING_UP,3,94.44,66.6,15,79.48717948717949,3,1.78,8,10,66.6,46.52,1.43,0,36,NEUTRAL,NORMAL_VAR_UP,OPEN_AUCTION,INITIATIVE_BUY,WITHIN_VA,NEUTRAL,,False,False,False,False,False,False,False,True,False,False,0,2,-3,2.75,-4.0,8.88,-12.88,DECELERATION_DOWN,0.0,95.46,66.6,12.0,100.0,0.0,1.15,6.0,10.0,66.6,57.59,1.16,0.0,28.0,BUY_COMP_CLOSE_HI,NEUTRAL_OUTSIDE,OPEN_AUCTION,INITIATIVE_BUY,ABOVE_VA_IN_RANGE,LOW_VOL_RALLY,SPIKE_UP_ACCEPTED,False,False,False,False,False,False,6.0,2.5,6.5,-4.0,TRENDING_UP,LOW_VOL_RALLY,INITIATIVE_BUY,2.25,-4.88,10.38,-15.25,DECELERATION_DOWN,NEUTRAL,INITIATIVE_BUY,-9.0,-10.89,-68.2,64,False,False,-10.81
CNM,47.27000045776367,-2.12,-5.75,12.88,-18.62,INFLECTION_DOWN,36,21.08,60.33,20,66.02564102564102,3,0.52,0,0,60.33,26.21,2.3,3,26,NEUTRAL,NEUTRAL_OUTSIDE,OPEN_AUCTION,INITIATIVE_BUY,BELOW_VA_IN_RANGE,FAILED_UP,,False,False,False,False,False,False,True,False,False,False,0,2,-1,0.0,-2.0,-2.0,0.0,NEUTRAL,8.0,14.25,60.33,15.0,100.0,0.0,1.33,3.0,0.0,60.33,42.12,1.43,0.0,18.0,SELL_COMPOSITE,NEUTRAL_OUTSIDE,OPEN_AUCTION,INITIATIVE_SELL,WITHIN_VA,LOW_VOL_SELL,,False,False,False,False,False,False,-8.0,-4.38,-1.5,-2.88,INFLECTION_DOWN,NEUTRAL,INITIATIVE_SELL,-5.0,-7.88,1.88,-9.75,ACCELERATION_DOWN,LOW_VOL_SELL,INITIATIVE_SELL,-25.0,-31.08,-42.44,44,False,False,-38.62
CNP,42.83000183105469,-1.38,-2.25,2.12,-4.38,ACCELERATION_DOWN,66,88.31,3.26,20,18.58974358974359,15,1.17,9,10,3.26,24.66,0.13,0,54,NEUTRAL,NORMAL_VAR_UP,OPEN_AUCTION,INITIATIVE_BUY,BELOW_VA_IN_RANGE,BULLISH_HIGH_VOL,,False,False,False,False,False,True,False,False,False,True,0,12,-1,4.25,4.0,-1.88,5.88,ACCELERATION_UP,15.0,88.27,3.26,13.0,3.4482758620689653,5.0,1.26,9.0,15.0,3.26,24.56,0.13,0.0,42.0,SELL_COMPOSITE,NORMAL_VAR_DN,OPEN_AUCTION,INITIATIVE_SELL,ABOVE_VA_IN_RANGE,LOW_VOL_SELL,,False,False,False,False,False,False,-4.12,1.38,-13.25,14.62,INFLECTION_DOWN,LOW_VOL_RALLY,INITIATIVE_BUY,2.62,3.75,3.38,0.38,INFLECTION_UP,LOW_VOL_SELL,INITIATIVE_SELL,5.5,13.32,27.13,96,True,False,82.34
COHR,377.57000732421875,-0.25,-5.62,8.5,-14.12,ACCELERATION_DOWN,3,82.06,9.38,7,71.15384615384616,5,0.66,0,5,9.38,42.91,0.22,0,17,SELL_COMPOSITE,NEUTRAL_OUTSIDE,OPEN_AUCTION,INITIATIVE_BUY,WITHIN_VA,LOW_VOL_RALLY,,False,False,False,False,False,False,True,False,False,False,0,3,-3,8.5,-1.5,6.88,-8.38,DECELERATION_DOWN,0.0,89.55,9.38,7.0,3.4482758620689653,5.0,3.0,10.0,10.0,9.38,80.44,0.12,0.0,32.0,BUY_COMPOSITE,TREND_UP,OPEN_AUCTION,INITIATIVE_BUY,WITHIN_VA,CONFIRMED_UP,,False,False,False,False,False,False,-1.38,-6.88,8.12,-15.0,ACCELERATION_DOWN,LOW_VOL_SELL,NEUTRAL,7.25,-2.5,7.75,-10.25,DECELERATION_DOWN,CONFIRMED_UP,INITIATIVE_BUY,-26.5,-23.19,-69.69,49,False,False,-43.79
COIN,184.99000549316406,-1.5,-4.5,4.12,-8.62,INFLECTION_UP,7,41.52,82.95,10,67.94871794871796,3,0.72,3,0,82.95,20.2,4.11,5,21,NEUTRAL,NORMAL_VAR_UP,OPEN_OUT_RANGE_DN,INITIATIVE_SELL,OUT_RANGE_DN,LOW_VOL_SELL,,False,False,False,True,True,False,False,True,False,False,0,7,-1,1.25,7.5,-12.12,19.62,ACCELERATION_UP,2.0,14.95,82.95,12.0,68.96551724137932,0.0,1.44,10.0,0.0,82.95,140.36,0.59,0.0,22.0,BUY_COMPOSITE,NEUTRAL_OUTSIDE,OPEN_AUCTION,INITIATIVE_BUY,WITHIN_VA,LOW_VOL_RALLY,,False,True,False,False,False,False,-3.75,-3.62,-1.38,-2.25,ACCELERATION_DOWN,LOW_VOL_SELL,INITIATIVE_SELL,-2.62,3.5,-7.38,10.88,DECELERATION_UP,LOW_VOL_SELL,INITIATIVE_SELL,14.0,8.32,39.2,43,True,False,66.17
COKE,175.52999877929688,-1.38,-2.0,0.5,-2.5,ACCELERATION_DOWN,14,24.9,80.89,15,91.66666666666666,3,1.09,5,0,80.89,24.97,3.24,5,28,NEUTRAL,NEUTRAL_OUTSIDE,OPEN_AUCTION,INITIATIVE_BUY,WITHIN_VA,NEUTRAL,,False,False,True,False,False,False,True,False,False,False,0,3,-5,2.38,-1.88,3.0,-4.88,DECELERATION_DOWN,3.0,61.85,24.97,8.0,75.86206896551724,0.0,0.98,3.0,5.0,24.97,40.49,0.62,0.0,16.0,SELL_COMPOSITE,NEUTRAL_OUTSIDE,OPEN_AUCTION,INITIATIVE_SELL,ABOVE_VA_IN_RANGE,BEARISH_HIGH_VOL,,False,False,False,False,False,True,-2.12,-0.25,-4.0,3.75,TRENDING_DOWN,NEUTRAL,INITIATIVE_BUY,-0.5,-4.0,10.75,-14.75,ACCELERATION_DOWN,CONFIRMED_DN,INITIATIVE_SELL,-24.0,-13.2,-33.7,44,False,False,-23.4
COO,62.54999923706055,-4.12,-0.88,7.12,-8.0,ACCELERATION_DOWN,11,14.52,5.85,7,73.07692307692307,3,0.29,0,0,5.85,34.44,0.17,0,10,BUY_COMP_CLOSE_HI,NORMAL_VAR_UP,OPEN_DRIVE_UP,INITIATIVE_BUY,WITHIN_VA,CONFIRMED_UP,,False,True,False,False,False,False,False,False,False,False,0,4,-5,-9.62,-16.88,5.0,-21.88,INFLECTION_DOWN,2.0,11.83,5.85,7.0,100.0,0.0,1.02,5.0,0.0,5.85,43.61,0.13,0.0,12.0,SELL_COMPOSITE,TREND_DN,OPEN_AUCTION,INITIATIVE_SELL,BELOW_VA_IN_RANGE,FAILED_UP,,True,False,False,False,False,False,-4.75,3.38,-4.25,7.62,DECELERATION_UP,CONFIRMED_UP,INITIATIVE_BUY,-5.0,-10.62,7.5,-18.12,INFLECTION_DOWN,LOW_VOL_SELL,INITIATIVE_SELL,-20.0,-42.37,-65.63,22,False,True,-60.67
COP,120.45999908447266,1.25,6.5,-12.12,18.62,INFLECTION_DOWN,16,59.84,64.02,10,72.43589743589743,0,1.2,6,0,64.02,11.96,5.35,8,24,NEUTRAL,NEUTRAL_OUTSIDE,OPEN_AUCTION,INITIATIVE_BUY,ABOVE_VA_IN_RANGE,MIRAGE_BUY,,False,False,False,False,False,False,False,True,False,False,0,12,1,5.62,4.62,-5.12,9.75,ACCELERATION_UP,4.0,72.49,11.96,7.0,55.172413793103445,0.0,1.75,11.0,0.0,11.96,31.52,0.38,0.0,18.0,SELL_COMPOSITE,NEUTRAL_OUTSIDE,OPEN_AUCTION,NEUTRAL,WITHIN_VA,BEARISH_HIGH_VOL,,False,False,False,False,False,False,0.75,7.12,-15.38,22.5,INFLECTION_DOWN,MIRAGE_BUY,INITIATIVE_BUY,1.5,0.25,3.12,-2.88,INFLECTION_UP,CONFIRMED_DN,INITIATIVE_SELL,4.5,24.61,61.24,42,True,False,74.76
COR,274.9100036621094,-2.5,-3.5,10.88,-14.38,ACCELERATION_DOWN,9,23.26,62.35,12,100.0,0,0.32,0,0,62.35,36.79,1.69,0,12,BUY_COMP_CLOSE_HI,NORMAL_VAR_UP,OPEN_DRIVE_UP,INITIATIVE_BUY,WITHIN_VA,CONFIRMED_UP,,False,False,False,False,False,False,False,False,False,False,0,3,-3,-4.75,-8.75,0.88,-9.62,INFLECTION_DOWN,2.0,23.26,62.35,9.0,100.0,0.0,1.51,8.0,5.0,62.35,36.79,1.69,0.0,22.0,SELL_COMPOSITE,TREND_DN,OPEN_AUCTION,INITIATIVE_SELL,WITHIN_VA,CONFIRMED_DN,,False,False,False,False,False,False,-4.38,1.75,-2.0,3.75,DECELERATION_UP,CONFIRMED_UP,INITIATIVE_BUY,-5.5,-8.0,5.25,-13.25,INFLECTION_DOWN,CONFIRMED_DN,INITIATIVE_SELL,-20.0,-30.0,-49.69,34,False,True,-40.87
COST,1028.239990234375,3.12,-2.25,7.88,-10.12,DECELERATION_DOWN,103,78.04,6.64,17,78.84615384615384,3,1.55,10,5,6.64,23.6,0.28,0,35,NEUTRAL,NEUTRAL_OUTSIDE,OPEN_AUCTION,INITIATIVE_BUY,WITHIN_VA,MIRAGE_BUY,SPIKE_UP_ACCEPTED,False,False,False,False,False,False,False,True,False,False,0,2,-1,4.5,8.0,0.5,7.5,INFLECTION_UP,24.0,78.04,6.64,10.0,72.41379310344827,0.0,1.04,0.0,5.0,6.64,23.6,0.28,0.0,15.0,NEUTRAL,NEUTRAL_OUTSIDE,OPEN_AUCTION,INITIATIVE_BUY,WITHIN_VA,NEUTRAL,,True,False,False,False,False,False,0.38,4.38,-9.12,13.5,ACCELERATION_UP,MIRAGE_BUY,INITIATIVE_BUY,-1.88,3.5,4.62,-1.12,INFLECTION_UP,NEUTRAL,INITIATIVE_SELL,24.5,23.32,19.14,50,True,False,81.15
CPAY,347.8999938964844,2.38,-0.25,10.88,-11.12,INFLECTION_UP,28,84.48,15.21,21,92.94871794871796,3,0.84,0,5,15.21,22.04,0.69,0,29,BUY_COMPOSITE,NORMAL_VAR_UP,OPEN_DRIVE_UP,INITIATIVE_BUY,WITHIN_VA,LOW_VOL_RALLY,,False,False,False,False,False,False,False,False,False,False,0,3,-3,1.88,-0.38,4.62,-5.0,INFLECTION_UP,6.0,87.09,15.21,13.0,93.10344827586206,0.0,1.61,8.0,5.0,15.21,27.32,0.56,0.0,26.0,BUY_COMP_CLOSE_HI,NEUTRAL_OUTSIDE,OPEN_AUCTION,INITIATIVE_BUY,WITHIN_VA,BULLISH_HIGH_VOL,,False,False,False,False,False,False,3.0,3.62,7.0,-3.38,INFLECTION_UP,LOW_VOL_RALLY,INITIATIVE_BUY,-3.0,-4.88,9.25,-14.12,INFLECTION_UP,LOW_VOL_RALLY,INITIATIVE_BUY,36.0,-5.15,-51.93,55,True,False,49.64
CPRT,33.790000915527344,1.38,-0.5,6.75,-7.25,INFLECTION_UP,30,12.63,24.38,21,100.0,10,1.27,6,5,24.38,32.55,0.75,0,42,BUY_COMPOSITE,NORMAL_VAR_UP,OPEN_AUCTION,INITIATIVE_BUY,BELOW_VA_IN_RANGE,CONFIRMED_UP,,False,False,False,False,False,True,False,True,False,False,0,11,-3,-4.5,1.0,0.88,0.12,NEUTRAL,7.0,8.28,24.38,13.0,100.0,0.0,0.39,0.0,0.0,24.38,52.12,0.47,0.0,13.0,NEUTRAL,NEUTRAL_OUTSIDE,OPEN_AUCTION,INITIATIVE_BUY,WITHIN_VA,NEUTRAL,,False,False,False,False,False,False,-2.75,2.38,-3.25,5.62,DECELERATION_UP,CONFIRMED_UP,INITIATIVE_BUY,-7.0,0.12,1.75,-1.62,NEUTRAL,NEUTRAL,INITIATIVE_SELL,12.0,4.81,-1.88,55,False,False,41.63
CPT,107.47000122070312,1.38,-5.0,17.5,-22.5,INFLECTION_UP,115,59.99,30.01,20,16.666666666666664,5,0.92,3,5,30.01,12.16,2.47,6,39,BUY_COMP_CLOSE_HI,NORMAL_VAR_UP,OPEN_DRIVE_UP,INITIATIVE_BUY,BELOW_VA_IN_RANGE,CONFIRMED_UP,,False,False,False,False,False,True,False,False,False,False,0,6,-5,1.12,-2.38,8.12,-10.5,INFLECTION_UP,26.0,59.99,30.01,18.0,27.586206896551722,3.0,0.92,3.0,0.0,30.01,12.16,2.47,6.0,30.0,NEUTRAL,NEUTRAL_OUTSIDE,OPEN_AUCTION,INITIATIVE_BUY,ABOVE_VA_IN_RANGE,LOW_VOL_RALLY,,False,False,False,False,False,False,-2.75,-2.75,0.88,-3.62,INFLECTION_DOWN,BULL_NEUTRAL,INITIATIVE_BUY,-3.0,-5.75,11.0,-16.75,INFLECTION_UP,LOW_VOL_SELL,INITIATIVE_SELL,18.0,-24.2,-77.18,69,True,False,17.11
CQP,63.38999938964844,3.38,7.25,-9.88,17.12,INFLECTION_UP,27,67.62,10.04,13,44.230769230769226,0,1.2,6,0,10.04,20.97,0.48,0,19,BUY_COMPOSITE,NORMAL_VAR_UP,OPEN_AUCTION,INITIATIVE_BUY,WITHIN_VA,LOW_VOL_RALLY,,False,False,False,False,False,False,False,True,False,False,0,5,-1,4.0,-0.25,6.25,-6.5,DECELERATION_DOWN,6.0,71.49,10.04,7.0,20.689655172413794,5.0,0.84,3.0,0.0,10.04,25.19,0.4,0.0,15.0,SELL_COMPOSITE,TREND_DN,OPEN_AUCTION,INITIATIVE_BUY,ABOVE_VA_IN_RANGE,BEARISH_HIGH_VOL,SPIKE_UP_ACCEPTED,False,False,False,False,False,False,-0.88,8.0,-17.88,25.88,DECELERATION_UP,LOW_VOL_SELL,INITIATIVE_BUY,3.25,2.0,6.38,-4.38,INFLECTION_UP,LOW_VOL_SELL,NEUTRAL,18.0,22.88,37.43,34,False,False,63.7
CR,179.75,-5.0,-6.25,13.25,-19.5,ACCELERATION_DOWN,55,37.03,63.24,20,93.23308270676691,3,0.61,0,0,63.24,19.08,3.31,5,28,NEUTRAL,NEUTRAL_OUTSIDE,OPEN_AUCTION,INITIATIVE_BUY,BELOW_VA_IN_RANGE,FAILED_UP,,False,False,False,False,False,False,True,False,False,False,0,5,-3,-0.38,1.0,-4.88,5.88,DECELERATION_UP,13.0,37.03,63.24,13.0,50.0,0.0,2.2,5.0,0.0,63.24,19.08,3.31,5.0,23.0,NEUTRAL,NEUTRAL_OUTSIDE,OPEN_AUCTION,INITIATIVE_BUY,WITHIN_VA,BULLISH_HIGH_VOL,,False,False,False,False,False,False,-7.62,-6.62,7.62,-14.25,ACCELERATION_DOWN,FAILED_UP,INITIATIVE_BUY,-6.0,-4.38,-2.62,-1.75,ACCELERATION_DOWN,CONFIRMED_DN,INITIATIVE_SELL,-16.5,-23.44,-35.55,51,True,False,-19.29
CRBG,27.739999771118164,6.12,-0.25,15.0,-15.25,DECELERATION_DOWN,13,74.43,28.5,15,81.41025641025641,0,1.08,0,0,28.5,20.39,1.4,0,15,NEUTRAL,NEUTRAL_OUTSIDE,OPEN_AUCTION,INITIATIVE_BUY,WITHIN_VA,LOW_VOL_RALLY,,False,False,False,False,False,False,True,False,False,False,0,6,3,0.25,2.25,-5.0,7.25,ACCELERATION_UP,3.0,41.7,58.99,10.0,50.0,0.0,0.93,3.0,0.0,58.99,28.5,2.07,3.0,16.0,NEUTRAL,NEUTRAL_OUTSIDE,OPEN_AUCTION,INITIATIVE_BUY,ABOVE_VA_IN_RANGE,NEUTRAL,,False,False,False,False,False,False,1.12,-1.38,4.25,-5.62,DECELERATION_DOWN,NEUTRAL,INITIATIVE_BUY,-1.5,1.0,-3.12,4.12,DECELERATION_UP,BEARISH_HIGH_VOL,INITIATIVE_BUY,5.5,3.06,-4.56,31,True,False,31.01
CRDO,218.41000366210938,1.62,-6.75,11.0,-17.75,DECELERATION_DOWN,0,99.59,0.25,7,78.84615384615384,5,1.86,13,15,0.25,60.4,0.0,0,40,NEUTRAL,NEUTRAL_OUTSIDE,OPEN_AUCTION,INITIATIVE_BUY,BELOW_VA_IN_RANGE,BULLISH_HIGH_VOL,SPIKE_DN_ACCEPTED,False,False,False,False,False,True,False,False,False,True,0,6,-1,1.12,1.75,-11.12,12.88,INFLECTION_DOWN,0.0,99.66,0.25,7.0,50.0,0.0,1.37,8.0,10.0,0.25,72.58,0.0,0.0,25.0,NEUTRAL,NEUTRAL_OUTSIDE,OPEN_AUCTION,INITIATIVE_BUY,WITHIN_VA,CONFIRMED_UP,SPIKE_UP_ACCEPTED,False,False,False,False,False,False,1.25,-6.62,10.62,-17.25,DECELERATION_DOWN,BULLISH_HIGH_VOL,INITIATIVE_BUY,-0.25,0.5,-11.75,12.25,INFLECTION_DOWN,LOW_VOL_RALLY,INITIATIVE_BUY,-31.0,-13.05,0.2,65,False,True,-6.25
CRH,100.37000274658203,-8.0,-11.25,11.88,-23.12,INFLECTION_DOWN,42,14.84,71.09,23,87.17948717948718,3,0.33,0,0,71.09,30.13,2.36,3,29,SELL_COMPOSITE,NORMAL_VAR_DN,OPEN_AUCTION,INITIATIVE_SELL,BELOW_VA_IN_RANGE,CONFIRMED_DN,SPIKE_DN_ACCEPTED,False,False,False,False,False,False,True,False,False,False,0,2,-3,-5.88,-8.12,-2.75,-5.38,INFLECTION_DOWN,9.0,31.89,71.09,7.0,96.55172413793103,0.0,1.37,9.0,5.0,71.09,30.13,2.36,3.0,24.0,SELL_COMP_CLOSE_LO,TREND_DN,OPEN_DRIVE_DN,INITIATIVE_SELL,WITHIN_VA,BEARISH_HIGH_VOL,,False,False,False,False,False,False,-11.62,-14.25,8.62,-22.88,INFLECTION_DOWN,CONFIRMED_DN,INITIATIVE_SELL,-6.0,-6.0,-3.0,-3.0,INFLECTION_DOWN,CONFIRMED_DN,INITIATIVE_SELL,-36.0,-56.8,-71.51,53,False,True,-72.19
CRM,180.07000732421875,1.38,1.0,1.38,-0.38,INFLECTION_UP,16,31.33,30.85,10,100.0,0,1.11,3,0,30.85,20.15,1.53,0,13,BUY_COMPOSITE,NORMAL_VAR_UP,OPEN_AUCTION,INITIATIVE_BUY,WITHIN_VA,BULL_NEUTRAL,,False,False,False,False,False,False,False,True,False,False,0,9,-3,-3.75,-4.12,2.62,-6.75,ACCELERATION_DOWN,4.0,14.82,30.85,15.0,86.20689655172413,0.0,0.39,0.0,0.0,30.85,52.82,0.58,0.0,15.0,NEUTRAL,NEUTRAL_OUTSIDE,OPEN_AUCTION,NEUTRAL,WITHIN_VA,NEUTRAL,,False,True,True,False,False,False,-0.62,3.62,-7.0,10.62,DECELERATION_UP,LOW_VOL_RALLY,INITIATIVE_BUY,-6.25,-4.62,7.62,-12.25,ACCELERATION_DOWN,NEUTRAL,INITIATIVE_SELL,-5.5,-8.99,-19.08,28,False,True,-4.52
CRS,434.1199951171875,-0.62,-5.5,8.62,-14.12,INFLECTION_DOWN,15,66.65,9.58,8,83.33333333333334,5,1.14,3,0,9.58,19.14,0.5,0,16,NEUTRAL,NEUTRAL_OUTSIDE,OPEN_AUCTION,INITIATIVE_BUY,BELOW_VA_IN_RANGE,BULLISH_HIGH_VOL,,False,False,False,False,False,True,True,False,False,False,0,12,-1,7.38,3.88,5.12,-1.25,TRENDING_UP,3.0,83.25,9.58,10.0,65.51724137931035,0.0,3.33,8.0,10.0,9.58,47.58,0.2,0.0,28.0,NEUTRAL,NEUTRAL_OUTSIDE,OPEN_AUCTION,INITIATIVE_BUY,WITHIN_VA,NEUTRAL,,False,False,False,False,False,False,-1.75,-5.0,4.62,-9.62,INFLECTION_DOWN,LOW_VOL_RALLY,INITIATIVE_BUY,4.38,1.62,5.62,-4.0,TRENDING_UP,NEUTRAL,INITIATIVE_SELL,-8.0,-3.94,-38.42,44,False,False,-3.73
CRWD,663.4600219726562,8.62,9.38,0.38,9.0,INFLECTION_UP,2,96.36,1.72,7,73.71794871794873,3,1.42,10,15,1.72,45.47,0.04,0,35,BUY_COMP_CLOSE_HI,NORMAL_VAR_UP,OPEN_DRIVE_UP,INITIATIVE_BUY,ABOVE_VA_IN_RANGE,CONFIRMED_UP,,False,False,False,False,False,False,False,False,False,False,0,2,-5,4.12,6.12,-3.75,9.88,INFLECTION_DOWN,0.0,96.57,1.72,7.0,51.724137931034484,0.0,1.33,9.0,15.0,1.72,48.34,0.04,0.0,31.0,BUY_COMP_CLOSE_HI,TREND_UP,OPEN_DRIVE_UP,INITIATIVE_BUY,ABOVE_VA_IN_RANGE,CONFIRMED_UP,,False,False,False,False,False,False,9.25,11.12,-3.5,14.62,INFLECTION_UP,CONFIRMED_UP,INITIATIVE_BUY,0.0,0.88,-1.88,2.75,INFLECTION_DOWN,CONFIRMED_UP,INITIATIVE_BUY,-6.0,37.0,51.25,66,False,True,69.7
CRWV,105.48999786376953,-3.25,-8.88,5.62,-14.5,ACCELERATION_DOWN,2,53.92,68.23,7,3.4482758620689653,5,0.69,6,0,68.23,31.06,2.2,3,21,SELL_COMPOSITE,NEUTRAL_OUTSIDE,OPEN_AUCTION,INITIATIVE_SELL,WITHIN_VA,BEAR_NEUTRAL,,False,False,False,False,False,False,True,False,False,False,0,2,1,2.25,4.25,-0.25,4.5,ACCELERATION_UP,0.0,33.84,68.23,7.0,50.0,0.0,1.41,10.0,5.0,68.23,77.27,0.88,0.0,22.0,NEUTRAL,NEUTRAL_OUTSIDE,OPEN_AUCTION,INITIATIVE_BUY,WITHIN_VA,MIRAGE_BUY,,False,False,False,False,False,False,-3.5,-6.25,3.0,-9.25,INFLECTION_DOWN,BEAR_NEUTRAL,INITIATIVE_SELL,1.25,3.25,1.0,2.25,ACCELERATION_UP,LOW_VOL_SELL,INITIATIVE_BUY,3.5,-5.38,-17.12,43,True,False,24.92
CSCO,120.41000366210938,10.88,7.12,0.25,6.88,ACCELERATION_UP,3,99.17,0.32,10,100.0,3,3.27,10,10,0.32,37.88,0.01,0,33,NEUTRAL,NEUTRAL_OUTSIDE,OPEN_AUCTION,INITIATIVE_BUY,ABOVE_VA_IN_RANGE,CONFIRMED_UP,SPIKE_UP_ACCEPTED,False,False,False,False,False,False,True,False,False,False,0,2,-1,7.12,2.38,-1.88,4.25,ACCELERATION_UP,0.0,99.36,0.32,7.0,17.24137931034483,5.0,5.28,10.0,15.0,0.32,49.09,0.01,0.0,37.0,BUY_COMP_CLOSE_HI,TREND_UP,OPEN_DRIVE_UP,INITIATIVE_BUY,OUT_RANGE_UP,CONFIRMED_UP,SPIKE_UP_CONTINUATION,False,False,False,False,True,False,9.0,11.88,-7.62,19.5,INFLECTION_UP,MIRAGE_BUY,INITIATIVE_BUY,7.12,5.38,0.5,4.88,ACCELERATION_UP,CONFIRMED_UP,INITIATIVE_BUY,31.5,39.27,52.26,70,True,False,120.97
CSGP,33.95000076293945,-3.62,-1.62,3.12,-4.75,ACCELERATION_DOWN,9,14.66,7.63,10,100.0,0,0.58,5,0,7.63,44.42,0.17,0,15,BUY_COMPOSITE,NEUTRAL_OUTSIDE,OPEN_AUCTION,INITIATIVE_BUY,WITHIN_VA,LOW_VOL_RALLY,,False,False,False,False,False,False,False,True,False,False,0,4,-3,-10.38,-4.38,-8.5,4.12,TRENDING_DOWN,2.0,3.92,7.63,7.0,100.0,0.0,0.2,0.0,0.0,7.63,186.98,0.04,0.0,7.0,SELL_COMPOSITE,NORMAL_VAR_DN,OPEN_AUCTION,INITIATIVE_SELL,BELOW_VA_IN_RANGE,CONFIRMED_DN,,False,False,False,False,False,False,-4.38,2.75,-5.88,8.62,DECELERATION_UP,LOW_VOL_RALLY,INITIATIVE_BUY,-10.62,-2.5,-8.62,6.12,TRENDING_DOWN,CONFIRMED_DN,INITIATIVE_SELL,-6.0,-9.07,26.6,22,False,True,10.2
CSL,333.79998779296875,-1.88,-6.5,15.0,-21.5,INFLECTION_UP,25,18.37,49.28,18,87.17948717948718,0,0.86,0,0,49.28,28.91,1.7,0,18,NEUTRAL,NEUTRAL_OUTSIDE,OPEN_AUCTION,INITIATIVE_SELL,BELOW_VA_IN_RANGE,FAILED_UP,,False,False,False,False,False,False,True,False,False,False,0,2,-1,-3.12,-3.12,1.5,-4.62,INFLECTION_UP,6.0,30.34,49.28,7.0,100.0,0.0,0.75,0.0,0.0,49.28,28.98,1.7,0.0,7.0,NEUTRAL,NEUTRAL_OUTSIDE,OPEN_AUCTION,INITIATIVE_SELL,WITHIN_VA,BEARISH_HIGH_VOL,,False,False,False,False,False,False,-6.75,-6.25,5.0,-11.25,ACCELERATION_DOWN,NEUTRAL,INITIATIVE_SELL,-2.5,-0.62,5.25,-5.88,INFLECTION_UP,CONFIRMED_DN,INITIATIVE_SELL,19.5,-21.79,-57.06,25,True,False,6.1
CSX,45.52000045776367,1.88,-6.25,17.38,-23.62,DECELERATION_DOWN,34,90.86,2.68,18,49.358974358974365,6,1.68,11,10,2.68,26.63,0.1,0,45,BUY_COMPOSITE,NEUTRAL_OUTSIDE,OPEN_AUCTION,INITIATIVE_BUY,ABOVE_VA_IN_RANGE,MIRAGE_BUY,,True,False,False,False,False,False,False,True,False,False,0,5,-3,7.5,4.88,-2.0,6.88,ACCELERATION_UP,8.0,92.48,2.68,10.0,37.93103448275862,3.0,2.8,10.0,10.0,2.68,32.97,0.08,0.0,33.0,NEUTRAL,NEUTRAL_OUTSIDE,OPEN_AUCTION,INITIATIVE_BUY,ABOVE_VA_IN_RANGE,NEUTRAL,SPIKE_UP_ACCEPTED,False,False,False,False,False,False,-3.38,-3.75,5.75,-9.5,INFLECTION_DOWN,MIRAGE_BUY,INITIATIVE_BUY,5.75,4.25,-1.5,5.75,ACCELERATION_UP,LOW_VOL_SELL,INITIATIVE_SELL,4.5,3.95,-16.05,78,True,False,49.45
CTAS,172.92999267578125,-4.5,-8.62,12.0,-20.62,ACCELERATION_DOWN,49,19.1,52.34,23,85.8974358974359,3,1.02,0,0,52.34,29.89,1.75,0,26,BUY_COMPOSITE,NORMAL_VAR_UP,OPEN_AUCTION,INITIATIVE_BUY,ABOVE_VA_IN_RANGE,LOW_VOL_RALLY,,False,False,True,False,False,False,False,True,False,False,0,9,-3,-2.88,-0.62,2.12,-2.75,INFLECTION_UP,11.0,18.39,52.34,15.0,96.55172413793103,0.0,0.83,3.0,0.0,52.34,31.32,1.67,0.0,18.0,SELL_COMPOSITE,NORMAL_VAR_DN,OPEN_AUCTION,INITIATIVE_BUY,WITHIN_VA,FAILED_UP,,False,False,False,False,False,False,-4.0,2.0,-0.25,2.25,DECELERATION_UP,LOW_VOL_RALLY,INITIATIVE_BUY,-3.75,0.5,4.0,-3.5,NEUTRAL,LOW_VOL_SELL,INITIATIVE_SELL,10.0,-5.55,-28.37,44,True,False,27.32
CTRA,32.560001373291016,-1.38,-7.25,2.62,-9.88,INFLECTION_DOWN,15,57.12,65.76,13,81.41025641025641,0,1.09,8,0,65.76,13.27,4.96,8,29,SELL_COMP_CLOSE_LO,NEUTRAL_OUTSIDE,OPEN_AUCTION,INITIATIVE_SELL,WITHIN_VA,BEARISH_HIGH_VOL,,False,True,False,False,False,False,False,False,True,False,0,8,-4,6.62,1.5,2.5,-1.0,TRENDING_UP,4.0,71.0,13.27,7.0,55.172413793103445,0.0,3.22,13.0,0.0,13.27,32.49,0.41,0.0,20.0,SELL_COMP_CLOSE_LO,NEUTRAL_OUTSIDE,OPEN_AUCTION,INITIATIVE_BUY,ABOVE_VA_IN_RANGE,LOW_VOL_SELL,SPIKE_UP_ACCEPTED,False,False,False,False,False,False,-4.38,-7.0,-1.12,-5.88,INFLECTION_DOWN,CONFIRMED_DN,INITIATIVE_SELL,2.38,-2.12,6.75,-8.88,INFLECTION_UP,LOW_VOL_SELL,INITIATIVE_SELL,0.0,-19.74,-37.96,49,False,False,-2.53
CTSH,52.75,-4.75,-1.0,-1.0,0.0,TRENDING_DOWN,10,35.54,14.39,5,100.0,0,1.01,8,0,14.39,26.09,0.55,0,13,BUY_COMP_CLOSE_HI,NORMAL_VAR_UP,OPEN_AUCTION,INITIATIVE_BUY,WITHIN_VA,CONFIRMED_UP,,False,False,False,False,False,False,False,False,False,False,0,4,1,-10.25,-18.5,13.25,-31.75,INFLECTION_DOWN,2.0,18.59,14.39,7.0,75.86206896551724,0.0,0.5,3.0,0.0,14.39,63.0,0.23,0.0,10.0,SELL_COMPOSITE,TREND_DN,OPEN_AUCTION,INITIATIVE_SELL,BELOW_VA_IN_RANGE,FAILED_UP,,False,False,False,False,False,False,-5.0,0.5,-7.0,7.5,DECELERATION_UP,CONFIRMED_UP,INITIATIVE_BUY,-9.12,-13.62,16.0,-29.62,ACCELERATION_DOWN,CONFIRMED_DN,INITIATIVE_SELL,-15.0,-55.24,-95.62,23,False,True,-74.89
CTVA,79.55999755859375,1.62,1.5,-2.38,3.88,INFLECTION_DOWN,28,72.88,7.63,15,8.974358974358974,8,1.26,6,0,7.63,20.5,0.37,0,29,SELL_COMPOSITE,NORMAL_VAR_DN,OPEN_AUCTION,INITIATIVE_SELL,WITHIN_VA,LOW_VOL_SELL,,False,False,False,False,False,False,False,False,False,False,0,12,1,5.12,0.38,4.0,-3.62,INFLECTION_UP,6.0,76.09,7.63,7.0,3.4482758620689653,5.0,1.18,11.0,0.0,7.63,24.29,0.31,0.0,23.0,NEUTRAL,NEUTRAL_OUTSIDE,OPEN_AUCTION,INITIATIVE_SELL,WITHIN_VA,LOW_VOL_SELL,,False,False,False,True,False,False,-3.0,2.88,-12.5,15.38,INFLECTION_DOWN,LOW_VOL_SELL,INITIATIVE_SELL,1.38,0.5,7.75,-7.25,INFLECTION_UP,LOW_VOL_SELL,INITIATIVE_SELL,6.0,7.39,7.02,52,True,False,49.24
CUK,27.469999313354492,2.25,2.12,10.12,-8.0,INFLECTION_UP,10,41.93,80.32,10,60.89743589743589,5,0.49,3,0,80.32,20.17,3.98,5,23,NEUTRAL,NORMAL_VAR_UP,OPEN_AUCTION,INITIATIVE_BUY,WITHIN_VA,BULLISH_HIGH_VOL,,True,False,False,False,False,False,True,False,False,False,0,10,-4,-0.38,-0.75,-7.75,7.0,TRENDING_DOWN,3.0,55.22,80.32,7.0,3.4482758620689653,5.0,1.39,6.0,0.0,80.32,22.18,3.62,5.0,23.0,NEUTRAL,NEUTRAL_OUTSIDE,OPEN_AUCTION,INITIATIVE_BUY,WITHIN_VA,LOW_VOL_RALLY,,False,False,False,False,False,False,-3.38,-7.5,14.62,-22.12,ACCELERATION_DOWN,BULLISH_HIGH_VOL,INITIATIVE_BUY,-4.25,-3.0,-6.62,3.62,TRENDING_DOWN,FAILED_UP,INITIATIVE_SELL,-8.5,-16.25,-23.44,46,False,True,-4.63
CVNA,68.27999877929688,-7.12,-13.88,10.25,-24.12,INFLECTION_DOWN,7,46.91,98.96,10,60.256410256410255,5,1.57,5,0,98.96,22.9,4.32,5,25,SELL_COMPOSITE,NORMAL_VAR_DN,OPEN_AUCTION,INITIATIVE_BUY,WITHIN_VA,FAILED_UP,,False,False,False,False,False,False,True,False,False,False,0,2,-1,-2.25,-0.88,-4.88,4.0,TRENDING_DOWN,0.0,32.19,98.96,10.0,37.93103448275862,3.0,1.27,9.0,0.0,98.96,42.62,2.32,3.0,25.0,SELL_COMPOSITE,NEUTRAL_OUTSIDE,OPEN_AUCTION,NEUTRAL,WITHIN_VA,BEARISH_HIGH_VOL,,False,False,False,False,False,False,-8.5,-12.75,4.88,-17.62,INFLECTION_DOWN,FAILED_UP,INITIATIVE_BUY,-4.5,-0.12,-8.25,8.12,TRENDING_DOWN,BEARISH_HIGH_VOL,INITIATIVE_SELL,-22.0,-34.57,-28.31,50,False,True,-29.06
CVS,93.26000213623047,8.25,3.25,11.0,-7.75,INFLECTION_UP,7,82.49,5.54,10,57.692307692307686,5,1.23,9,0,5.54,26.11,0.21,0,24,SELL_COMP_CLOSE_LO,NORMAL_VAR_DN,OPEN_AUCTION,INITIATIVE_SELL,WITHIN_VA,LOW_VOL_SELL,,False,False,False,False,False,False,False,False,False,False,0,2,1,2.5,1.88,-3.38,5.25,INFLECTION_DOWN,2.0,87.51,5.54,7.0,65.51724137931035,0.0,1.27,8.0,15.0,5.54,38.83,0.14,0.0,30.0,BUY_COMPOSITE,NEUTRAL_OUTSIDE,OPEN_AUCTION,INITIATIVE_BUY,ABOVE_VA_IN_RANGE,CONFIRMED_UP,,False,False,False,False,False,False,7.5,6.0,5.5,0.5,INFLECTION_UP,BEAR_NEUTRAL,INITIATIVE_SELL,3.12,4.5,-1.38,5.88,INFLECTION_DOWN,CONFIRMED_UP,INITIATIVE_BUY,-6.0,24.07,12.63,54,False,True,40.5
CVX,191.42999267578125,1.88,10.38,-19.25,29.62,ACCELERATION_UP,20,64.89,11.14,8,60.89743589743589,0,1.61,11,0,11.14,20.59,0.54,0,19,BUY_COMPOSITE,NORMAL_VAR_UP,OPEN_AUCTION,INITIATIVE_BUY,ABOVE_VA_IN_RANGE,LOW_VOL_RALLY,,False,False,False,False,False,False,False,True,False,False,0,12,-1,4.5,3.62,-8.12,11.75,ACCELERATION_UP,4.0,73.93,11.14,7.0,58.620689655172406,0.0,3.74,13.0,0.0,11.14,31.6,0.35,0.0,20.0,NEUTRAL,NEUTRAL_OUTSIDE,OPEN_AUCTION,NEUTRAL,WITHIN_VA,NEUTRAL,,False,False,False,False,False,False,1.75,10.62,-20.62,31.25,ACCELERATION_UP,MIRAGE_BUY,INITIATIVE_BUY,2.62,2.88,-1.38,4.25,INFLECTION_UP,NEUTRAL,INITIATIVE_SELL,32.0,37.5,102.62,39,True,False,125.05
D,67.66999816894531,2.25,-0.88,6.88,-7.75,DECELERATION_DOWN,56,93.07,8.74,20,47.43589743589743,6,0.66,3,10,8.74,25.81,0.34,0,39,SELL_COMPOSITE,NORMAL_VAR_DN,OPEN_OUT_RANGE_UP,INITIATIVE_BUY,OUT_RANGE_UP,MIRAGE_BUY,,False,False,False,False,True,False,True,False,False,False,0,1,-3,8.0,6.5,-4.38,10.88,ACCELERATION_UP,13.0,93.07,8.74,13.0,3.4482758620689653,5.0,3.14,10.0,15.0,8.74,25.81,0.34,0.0,43.0,NEUTRAL,NEUTRAL_OUTSIDE,OPEN_AUCTION,INITIATIVE_BUY,ABOVE_VA_IN_RANGE,CONFIRMED_UP,,False,False,False,False,False,False,-0.75,2.88,-6.62,9.5,INFLECTION_DOWN,NEUTRAL,INITIATIVE_BUY,1.12,4.0,-1.12,5.12,INFLECTION_UP,NEUTRAL,INITIATIVE_SELL,6.5,21.19,33.06,82,True,False,83.44
DAL,76.13999938964844,2.5,0.38,4.25,-3.88,TRENDING_UP,26,95.63,1.26,18,80.76923076923077,5,1.83,11,15,1.26,27.59,0.05,0,49,NEUTRAL,NEUTRAL_OUTSIDE,OPEN_AUCTION,INITIATIVE_BUY,WITHIN_VA,CONFIRMED_UP,,False,False,False,False,False,False,True,False,False,False,0,9,-1,2.0,-1.12,-3.75,2.62,NEUTRAL,6.0,97.03,1.26,7.0,75.86206896551724,0.0,2.54,8.0,10.0,1.26,41.24,0.03,0.0,25.0,BUY_COMP_CLOSE_HI,NORMAL_VAR_UP,OPEN_DRIVE_UP,INITIATIVE_BUY,WITHIN_VA,LOW_VOL_RALLY,,False,False,False,False,False,False,0.75,4.38,-4.0,8.38,INFLECTION_DOWN,BULLISH_HIGH_VOL,INITIATIVE_BUY,1.0,2.25,-6.5,8.75,ACCELERATION_UP,LOW_VOL_RALLY,INITIATIVE_BUY,3.0,9.77,30.12,74,False,False,57.91
DASH,160.25,-4.5,-10.62,10.38,-21.0,INFLECTION_DOWN,15,35.41,74.19,13,100.0,5,0.7,6,0,74.19,19.29,3.84,5,29,NEUTRAL,NEUTRAL_OUTSIDE,OPEN_AUCTION,INITIATIVE_BUY,WITHIN_VA,NEUTRAL,,False,False,False,False,False,False,True,False,False,False,0,4,-1,-4.25,0.25,-12.25,12.5,DECELERATION_UP,3.0,11.92,74.19,15.0,58.620689655172406,0.0,0.72,0.0,0.0,74.19,78.16,0.95,0.0,15.0,NEUTRAL,NEUTRAL_OUTSIDE,OPEN_AUCTION,NEUTRAL,WITHIN_VA,NEUTRAL,,False,False,False,False,False,False,-5.38,-7.88,6.12,-14.0,ACCELERATION_DOWN,NEUTRAL,INITIATIVE_BUY,-8.0,-1.12,-10.0,8.88,TRENDING_DOWN,NEUTRAL,INITIATIVE_SELL,-11.5,-24.3,-5.49,44,True,False,-6.28
DCI,83.66000366210938,-5.75,-8.5,9.75,-18.25,ACCELERATION_DOWN,14,10.48,48.07,18,100.0,6,0.42,0,0,48.07,31.65,1.52,0,24,NEUTRAL,NEUTRAL_OUTSIDE,OPEN_AUCTION,INITIATIVE_BUY,BELOW_VA_IN_RANGE,LOW_VOL_RALLY,,False,False,False,False,False,False,True,False,False,False,0,2,-3,-7.5,-16.38,2.0,-18.38,INFLECTION_DOWN,3.0,36.3,48.07,7.0,86.20689655172413,0.0,1.87,10.0,0.0,48.07,34.88,1.38,0.0,17.0,SELL_COMPOSITE,TREND_DN,OPEN_AUCTION,INITIATIVE_SELL,WITHIN_VA,CONFIRMED_DN,,True,False,False,False,False,False,-7.0,-3.25,0.38,-3.62,ACCELERATION_DOWN,LOW_VOL_RALLY,INITIATIVE_BUY,-8.75,-14.0,5.75,-19.75,INFLECTION_DOWN,CONFIRMED_DN,INITIATIVE_SELL,-33.5,-65.94,-90.75,41,False,True,-88.87
DD,48.119998931884766,1.38,-1.62,10.62,-12.25,DECELERATION_DOWN,26,71.61,8.57,15,85.8974358974359,5,0.65,3,0,8.57,21.6,0.4,0,23,SELL_COMPOSITE,NORMAL_VAR_DN,OPEN_AUCTION,INITIATIVE_SELL,BELOW_VA_IN_RANGE,BEAR_NEUTRAL,,False,False,False,False,False,False,True,False,False,False,0,9,-1,2.75,-5.5,1.0,-6.5,DECELERATION_DOWN,6.0,83.88,8.57,7.0,75.86206896551724,0.0,9.02,13.0,5.0,8.57,44.59,0.19,0.0,25.0,BUY_COMPOSITE,NEUTRAL_OUTSIDE,OPEN_AUCTION,INITIATIVE_BUY,WITHIN_VA,CONFIRMED_UP,,True,False,False,False,False,False,0.12,3.88,-0.75,4.62,INFLECTION_DOWN,BEAR_NEUTRAL,INITIATIVE_SELL,-2.25,-9.75,5.25,-15.0,ACCELERATION_DOWN,BULLISH_HIGH_VOL,INITIATIVE_SELL,-29.0,-23.55,-45.07,48,False,False,-37.16
DDOG,222.32000732421875,9.25,7.88,-2.88,10.75,INFLECTION_UP,2,98.02,1.1,7,96.15384615384616,0,2.29,13,10,1.1,54.66,0.02,0,30,BUY_COMP_CLOSE_HI,NORMAL_VAR_UP,OPEN_DRIVE_UP,INITIATIVE_BUY,ABOVE_VA_IN_RANGE,BULL_NEUTRAL,,False,False,False,False,False,False,False,False,False,False,0,2,-3,3.88,3.38,-3.62,7.0,INFLECTION_DOWN,0.0,98.07,1.1,7.0,51.724137931034484,0.0,1.61,11.0,15.0,1.1,55.91,0.02,0.0,33.0,BUY_COMP_CLOSE_HI,TREND_UP,OPEN_DRIVE_UP,INITIATIVE_BUY,OUT_RANGE_UP,CONFIRMED_UP,,False,False,False,False,True,False,9.0,10.0,-5.25,15.25,INFLECTION_UP,BULL_NEUTRAL,INITIATIVE_BUY,1.0,1.88,-5.25,7.12,INFLECTION_DOWN,CONFIRMED_UP,INITIATIVE_BUY,-6.0,31.71,58.37,63,False,True,67.87
DE,529.1500244140625,-6.0,-4.88,5.38,-10.25,ACCELERATION_DOWN,19,24.42,49.03,15,100.0,3,0.26,0,5,49.03,27.04,1.81,0,23,SELL_COMPOSITE,TREND_DN,OPEN_DRIVE_DN,INITIATIVE_SELL,BELOW_VA_IN_RANGE,CONFIRMED_DN,,False,False,False,False,False,False,False,False,False,False,0,2,-1,-1.38,-5.5,10.12,-15.62,INFLECTION_UP,4.0,40.87,49.03,7.0,13.793103448275861,5.0,2.33,8.0,0.0,49.03,27.04,1.81,0.0,20.0,SELL_COMP_CLOSE_LO,TREND_DN,OPEN_DRIVE_DN,INITIATIVE_SELL,WITHIN_VA,CONFIRMED_DN,,False,False,False,False,False,False,-8.62,-4.0,-0.25,-3.75,ACCELERATION_DOWN,CONFIRMED_DN,INITIATIVE_SELL,-3.0,-5.62,12.38,-18.0,INFLECTION_UP,CONFIRMED_DN,INITIATIVE_SELL,8.5,-30.37,-75.31,43,True,False,-8.34
DECK,106.66999816894531,-2.88,-6.5,12.25,-18.75,ACCELERATION_DOWN,25,55.1,66.73,10,64.74358974358975,5,0.62,0,5,66.73,14.64,4.56,8,28,BUY_COMP_CLOSE_HI,TREND_UP,OPEN_DRIVE_UP,INITIATIVE_BUY,WITHIN_VA,CONFIRMED_UP,,False,False,False,False,False,False,False,False,False,True,0,12,-5,-0.62,0.0,-3.88,3.88,INFLECTION_UP,6.0,58.33,66.73,10.0,100.0,0.0,1.01,0.0,0.0,66.73,18.59,3.59,5.0,15.0,NEUTRAL,NEUTRAL_OUTSIDE,OPEN_AUCTION,INITIATIVE_BUY,WITHIN_VA,FAILED_UP,,False,False,False,False,False,False,-6.5,-7.38,4.25,-11.62,INFLECTION_DOWN,CONFIRMED_UP,INITIATIVE_BUY,-3.5,-3.5,3.5,-7.0,INFLECTION_UP,FAILED_UP,INITIATIVE_SELL,7.0,-24.57,-44.36,43,True,False,6.01
DELL,295.19000244140625,8.0,2.38,0.88,1.5,ACCELERATION_UP,2,98.06,1.06,7,44.871794871794876,3,3.84,11,15,1.06,53.56,0.02,0,36,BUY_COMP_CLOSE_HI,NEUTRAL_OUTSIDE,OPEN_AUCTION,INITIATIVE_BUY,WITHIN_VA,CONFIRMED_UP,,False,False,False,False,False,False,False,False,False,True,0,3,-1,11.0,12.88,-7.88,20.75,ACCELERATION_UP,0.0,98.38,1.06,7.0,86.20689655172413,0.0,2.42,13.0,15.0,1.06,64.5,0.02,0.0,35.0,BUY_COMP_CLOSE_HI,TREND_UP,OPEN_DRIVE_UP,INITIATIVE_BUY,ABOVE_VA_IN_RANGE,CONFIRMED_UP,SPIKE_UP_ACCEPTED,False,False,False,False,False,False,6.5,5.5,-6.5,12.0,ACCELERATION_UP,CONFIRMED_UP,INITIATIVE_BUY,9.38,11.75,-4.38,16.12,INFLECTION_UP,CONFIRMED_UP,INITIATIVE_BUY,32.0,53.45,82.87,71,True,False,142.72
DG,105.6500015258789,-8.0,-10.75,14.0,-24.75,ACCELERATION_DOWN,10,10.75,38.77,15,76.28205128205127,3,0.4,0,0,38.77,47.79,0.81,0,18,NEUTRAL,NORMAL_VAR_DN,OPEN_AUCTION,INITIATIVE_BUY,WITHIN_VA,FAILED_UP,,False,False,False,False,False,False,True,False,False,False,0,2,-3,-5.38,-10.75,4.12,-14.88,ACCELERATION_DOWN,2.0,18.02,38.77,15.0,27.586206896551722,3.0,1.26,6.0,0.0,38.77,49.06,0.79,0.0,24.0,SELL_COMPOSITE,NEUTRAL_OUTSIDE,OPEN_AUCTION,INITIATIVE_SELL,WITHIN_VA,CONFIRMED_DN,,True,False,False,False,False,False,-8.62,-4.62,5.5,-10.12,ACCELERATION_DOWN,NEUTRAL,INITIATIVE_SELL,-5.12,-7.62,5.5,-13.12,INFLECTION_UP,LOW_VOL_SELL,INITIATIVE_SELL,-8.0,-49.05,-88.49,42,False,True,-51.82
DGX,195.2100067138672,-1.38,-1.5,6.12,-7.62,ACCELERATION_DOWN,68,70.15,8.89,17,100.0,3,0.96,3,0,8.89,20.9,0.43,0,23,BUY_COMP_CLOSE_HI,NEUTRAL_OUTSIDE,OPEN_DRIVE_UP,INITIATIVE_BUY,WITHIN_VA,CONFIRMED_UP,,True,False,False,False,False,False,False,False,False,False,0,11,-1,-1.38,-0.62,-3.62,3.0,INFLECTION_UP,16.0,70.15,8.89,10.0,51.724137931034484,0.0,0.88,3.0,0.0,8.89,20.9,0.43,0.0,13.0,SELL_COMPOSITE,NEUTRAL_OUTSIDE,OPEN_AUCTION,INITIATIVE_BUY,WITHIN_VA,FAILED_UP,,False,False,False,False,False,False,-4.75,-3.88,-1.12,-2.75,ACCELERATION_DOWN,LOW_VOL_RALLY,INITIATIVE_BUY,-0.25,3.38,2.0,1.38,INFLECTION_UP,LOW_VOL_SELL,INITIATIVE_SELL,8.5,-1.49,-4.49,36,True,False,33.81
DHI,143.72999572753906,-6.0,-12.5,15.88,-28.38,INFLECTION_DOWN,43,24.01,60.43,20,82.05128205128204,3,0.69,3,0,60.43,27.26,2.22,3,29,NEUTRAL,NEUTRAL_OUTSIDE,OPEN_AUCTION,INITIATIVE_BUY,BELOW_VA_IN_RANGE,BULL_NEUTRAL,,True,False,False,False,False,False,False,False,False,False,0,3,-3,0.5,4.5,-12.88,17.38,INFLECTION_DOWN,10.0,44.07,60.43,7.0,100.0,0.0,1.88,8.0,0.0,60.43,27.26,2.22,3.0,18.0,SELL_COMPOSITE,TREND_DN,OPEN_AUCTION,INITIATIVE_SELL,WITHIN_VA,LOW_VOL_SELL,,False,False,False,False,False,False,-9.25,-13.25,8.62,-21.88,INFLECTION_DOWN,BULL_NEUTRAL,INITIATIVE_BUY,-0.62,2.62,-9.38,12.0,INFLECTION_DOWN,LOW_VOL_SELL,INITIATIVE_SELL,-36.0,-20.38,-11.13,47,False,True,-29.18
DHR,172.0,-6.88,-9.0,11.0,-20.0,ACCELERATION_DOWN,15,18.62,6.44,13,71.15384615384616,0,0.5,0,0,6.44,28.13,0.23,0,13,BUY_COMP_CLOSE_HI,TREND_UP,OPEN_DRIVE_UP,INITIATIVE_BUY,BELOW_VA_IN_RANGE,BULLISH_HIGH_VOL,,True,False,False,False,False,True,False,False,False,False,0,4,-1,-8.5,-11.25,2.0,-13.25,INFLECTION_DOWN,3.0,13.61,6.44,7.0,72.41379310344827,0.0,0.81,0.0,0.0,6.44,40.86,0.16,0.0,7.0,SELL_COMPOSITE,TREND_DN,OPEN_AUCTION,INITIATIVE_SELL,WITHIN_VA,BEAR_NEUTRAL,,False,False,False,False,False,False,-7.62,-0.12,-3.75,3.62,TRENDING_DOWN,BULL_NEUTRAL,INITIATIVE_BUY,-7.38,-10.25,4.75,-15.0,INFLECTION_DOWN,BEAR_NEUTRAL,INITIATIVE_SELL,-29.0,-46.55,-64.44,20,False,True,-72.71
DIS,103.0,-1.25,-7.38,13.88,-21.25,INFLECTION_UP,55,40.8,25.32,20,75.64102564102564,3,1.7,11,0,25.32,20.24,1.25,0,34,NEUTRAL,NEUTRAL_OUTSIDE,OPEN_AUCTION,INITIATIVE_SELL,BELOW_VA_IN_RANGE,NEUTRAL,,False,False,False,False,False,False,True,True,False,False,0,6,-3,-1.0,-0.25,-1.25,1.0,TRENDING_DOWN,13.0,40.8,25.32,13.0,41.37931034482759,0.0,0.94,3.0,0.0,25.32,20.24,1.25,0.0,16.0,NEUTRAL,NEUTRAL_OUTSIDE,OPEN_AUCTION,INITIATIVE_BUY,WITHIN_VA,NEUTRAL,,False,False,False,False,False,False,-4.12,-4.5,1.12,-5.62,INFLECTION_DOWN,LOW_VOL_SELL,INITIATIVE_SELL,-6.5,-4.75,0.75,-5.5,ACCELERATION_DOWN,LOW_VOL_SELL,INITIATIVE_SELL,-16.0,-24.0,-39.18,50,False,True,-21.08
DKNG,25.1200008392334,4.25,3.38,0.12,3.25,INFLECTION_UP,16,60.76,157.09,13,100.0,3,1.65,11,0,157.09,18.55,8.47,5,32,NEUTRAL,NEUTRAL_OUTSIDE,OPEN_AUCTION,INITIATIVE_BUY,WITHIN_VA,NEUTRAL,,False,False,False,False,False,False,False,True,False,False,0,3,1,-3.5,2.25,-10.25,12.5,DECELERATION_UP,4.0,16.45,61.11,15.0,79.3103448275862,0.0,1.1,0.0,0.0,61.11,94.19,0.65,0.0,15.0,BUY_COMPOSITE,NORMAL_VAR_UP,OPEN_AUCTION,INITIATIVE_BUY,WITHIN_VA,LOW_VOL_RALLY,,False,True,False,False,False,False,5.62,8.75,-6.25,15.0,INFLECTION_UP,NEUTRAL,INITIATIVE_BUY,-3.5,1.38,-9.88,11.25,DECELERATION_UP,LOW_VOL_RALLY,INITIATIVE_BUY,29.0,22.64,67.0,47,True,False,102.88
DKS,231.24000549316406,-1.12,-7.25,10.88,-18.12,ACCELERATION_DOWN,51,95.19,6.87,18,23.717948717948715,8,0.56,0,15,6.87,27.44,0.25,0,41,NEUTRAL,NEUTRAL_OUTSIDE,OPEN_AUCTION,INITIATIVE_BUY,WITHIN_VA,BULLISH_HIGH_VOL,,True,False,False,False,False,False,True,False,False,True,0,7,-1,2.12,3.0,-8.0,11.0,INFLECTION_DOWN,12.0,95.19,6.87,7.0,93.10344827586206,0.0,1.33,3.0,10.0,6.87,27.44,0.25,0.0,20.0,SELL_COMPOSITE,NEUTRAL_OUTSIDE,OPEN_AUCTION,INITIATIVE_BUY,WITHIN_VA,LOW_VOL_RALLY,,False,False,False,False,False,False,-2.0,-6.0,4.75,-10.75,INFLECTION_DOWN,BULLISH_HIGH_VOL,INITIATIVE_BUY,-1.0,4.38,-5.62,10.0,DECELERATION_UP,LOW_VOL_RALLY,INITIATIVE_BUY,-15.0,-2.99,2.25,61,False,True,14.61
DLR,192.02999877929688,-5.0,-14.62,9.0,-23.62,ACCELERATION_DOWN,22,72.79,8.39,10,23.076923076923077,5,1.61,11,0,8.39,22.44,0.37,0,26,NEUTRAL,NORMAL_VAR_UP,OPEN_AUCTION,INITIATIVE_SELL,BELOW_VA_IN_RANGE,NEUTRAL,,True,False,False,False,False,False,True,False,False,False,0,4,-5,6.12,5.5,-3.5,9.0,ACCELERATION_UP,5.0,74.39,8.39,7.0,62.06896551724138,0.0,1.79,13.0,0.0,8.39,24.37,0.34,0.0,20.0,SELL_COMPOSITE,TREND_DN,OPEN_AUCTION,NEUTRAL,WITHIN_VA,LOW_VOL_SELL,SPIKE_UP_ACCEPTED,False,False,False,False,False,False,-7.25,-8.62,-3.0,-5.62,INFLECTION_DOWN,NEUTRAL,INITIATIVE_SELL,3.12,5.0,2.75,2.25,INFLECTION_UP,CONFIRMED_DN,INITIATIVE_SELL,5.5,-9.3,-14.05,46,True,False,27.3
DLTR,94.9800033569336,-5.12,-6.5,11.25,-17.75,ACCELERATION_DOWN,11,23.41,36.31,12,92.3076923076923,3,0.2,3,0,36.31,31.35,1.16,0,18,BUY_COMP_CLOSE_HI,NORMAL_VAR_UP,OPEN_AUCTION,INITIATIVE_BUY,WITHIN_VA,BULL_NEUTRAL,,False,False,False,False,False,False,False,False,False,False,0,4,-5,-4.75,-8.38,-1.38,-7.0,ACCELERATION_DOWN,2.0,17.8,36.31,15.0,41.37931034482759,0.0,1.23,9.0,0.0,36.31,49.93,0.73,0.0,24.0,SELL_COMPOSITE,TREND_DN,OPEN_AUCTION,INITIATIVE_SELL,BELOW_VA_IN_RANGE,LOW_VOL_SELL,,True,False,False,False,False,False,-6.5,-3.5,4.75,-8.25,ACCELERATION_DOWN,BULL_NEUTRAL,INITIATIVE_BUY,-5.25,-6.62,0.38,-7.0,ACCELERATION_DOWN,LOW_VOL_SELL,INITIATIVE_SELL,-30.0,-37.56,-54.62,42,False,True,-53.39
DOC,19.729999542236328,5.25,4.25,4.0,0.25,INFLECTION_UP,113,79.14,45.35,22,48.717948717948715,0,0.98,3,0,45.35,23.11,1.96,0,25,BUY_COMP_CLOSE_HI,NEUTRAL_OUTSIDE,OPEN_AUCTION,INITIATIVE_BUY,WITHIN_VA,LOW_VOL_RALLY,,False,True,False,False,False,False,False,False,False,False,0,3,-1,3.88,5.75,-9.25,15.0,ACCELERATION_UP,26.0,78.83,45.35,20.0,10.344827586206897,5.0,1.04,3.0,5.0,45.35,22.67,2.0,3.0,36.0,BUY_COMP_CLOSE_HI,TREND_UP,OPEN_DRIVE_UP,INITIATIVE_BUY,WITHIN_VA,CONFIRMED_UP,,False,False,False,False,False,False,3.5,9.38,-7.88,17.25,INFLECTION_UP,NEUTRAL,NEUTRAL,3.5,8.5,-3.62,12.12,INFLECTION_UP,BULL_NEUTRAL,INITIATIVE_BUY,34.5,43.95,72.86,61,True,False,130.51
DOV,209.89999389648438,-4.12,-9.0,10.75,-19.75,ACCELERATION_DOWN,30,55.94,47.73,18,71.7948717948718,5,0.52,5,0,47.73,12.91,3.7,8,36,SELL_COMPOSITE,NORMAL_VAR_DN,OPEN_AUCTION,INITIATIVE_SELL,BELOW_VA_IN_RANGE,LOW_VOL_SELL,,True,False,False,False,False,False,True,False,False,False,0,2,-1,3.62,-5.38,9.75,-15.12,DECELERATION_DOWN,7.0,65.63,12.91,5.0,75.86206896551724,0.0,2.45,8.0,0.0,12.91,24.65,0.52,0.0,13.0,SELL_COMP_CLOSE_LO,NEUTRAL_OUTSIDE,OPEN_AUCTION,INITIATIVE_SELL,WITHIN_VA,BEARISH_HIGH_VOL,SPIKE_UP_ACCEPTED,False,False,False,False,False,False,-5.5,-3.5,0.12,-3.62,ACCELERATION_DOWN,NEUTRAL,INITIATIVE_SELL,-0.12,-5.88,12.62,-18.5,INFLECTION_UP,CONFIRMED_DN,INITIATIVE_SELL,-6.5,-34.08,-84.86,49,False,False,-36.39
DPZ,316.5199890136719,-6.12,-7.75,4.88,-12.62,ACCELERATION_DOWN,16,16.12,13.59,13,67.3076923076923,0,0.52,0,0,13.59,31.31,0.43,0,13,BUY_COMP_CLOSE_HI,NORMAL_VAR_UP,OPEN_REJECT_UP,INITIATIVE_BUY,OUT_RANGE_DN,LOW_VOL_RALLY,,False,False,False,False,False,True,False,False,False,False,0,2,-3,-9.5,-7.25,-0.75,-6.5,ACCELERATION_DOWN,4.0,9.91,13.59,7.0,65.51724137931035,0.0,0.15,0.0,0.0,13.59,54.69,0.25,0.0,7.0,SELL_COMPOSITE,TREND_DN,OPEN_AUCTION,INITIATIVE_SELL,WITHIN_VA,BEAR_NEUTRAL,,False,False,False,False,False,False,-8.5,-3.0,-3.88,0.88,TRENDING_DOWN,LOW_VOL_RALLY,INITIATIVE_SELL,-9.0,-5.0,2.88,-7.88,ACCELERATION_DOWN,BEAR_NEUTRAL,INITIATIVE_SELL,-25.5,-33.12,-36.81,20,False,True,-50.1
DRI,203.50999450683594,0.62,-3.38,8.5,-11.88,INFLECTION_UP,74,67.32,8.84,15,100.0,5,0.7,0,5,8.84,18.2,0.49,0,25,NEUTRAL,NEUTRAL_OUTSIDE,OPEN_AUCTION,INITIATIVE_BUY,WITHIN_VA,BULLISH_HIGH_VOL,,False,False,False,False,False,False,False,False,False,False,0,12,-5,-0.5,-1.62,4.0,-5.62,INFLECTION_UP,17.0,67.32,8.84,8.0,79.3103448275862,0.0,1.55,8.0,0.0,8.84,18.2,0.49,0.0,16.0,NEUTRAL,NEUTRAL_OUTSIDE,OPEN_AUCTION,INITIATIVE_BUY,WITHIN_VA,LOW_VOL_RALLY,,True,False,False,False,False,False,-1.75,1.75,-2.0,3.75,DECELERATION_UP,LOW_VOL_RALLY,INITIATIVE_BUY,-1.0,-2.62,7.62,-10.25,INFLECTION_UP,LOW_VOL_SELL,INITIATIVE_SELL,33.0,-8.43,-35.19,41,True,False,44.37
DT,41.209999084472656,3.5,3.5,-3.0,6.5,INFLECTION_UP,20,78.2,94.44,15,100.0,3,0.86,5,0,94.44,23.23,4.06,5,28,BUY_COMP_CLOSE_HI,NORMAL_VAR_UP,OPEN_DRIVE_UP,INITIATIVE_BUY,WITHIN_VA,LOW_VOL_RALLY,,False,False,False,False,False,False,False,False,False,True,0,4,-3,1.75,7.88,-4.38,12.25,ACCELERATION_UP,5.0,36.95,28.63,10.0,68.96551724137932,0.0,0.62,3.0,5.0,28.63,39.65,0.72,0.0,18.0,NEUTRAL,NEUTRAL_OUTSIDE,OPEN_AUCTION,INITIATIVE_BUY,WITHIN_VA,CONFIRMED_UP,,False,False,True,False,False,False,4.12,7.62,-8.0,15.62,INFLECTION_UP,LOW_VOL_RALLY,INITIATIVE_BUY,-1.5,7.5,-3.25,10.75,DECELERATION_UP,BULLISH_HIGH_VOL,INITIATIVE_BUY,30.5,41.75,69.81,46,True,False,116.47
DTE,145.3000030517578,-0.38,-3.25,2.5,-5.75,INFLECTION_DOWN,95,80.76,5.79,20,51.92307692307693,8,1.04,5,5,5.79,24.33,0.24,0,38,BUY_COMP_CLOSE_HI,NORMAL_VAR_UP,OPEN_AUCTION,INITIATIVE_BUY,BELOW_VA_IN_RANGE,BULLISH_HIGH_VOL,,False,False,False,False,False,True,False,False,False,True,0,3,-3,4.0,5.38,-8.12,13.5,ACCELERATION_UP,22.0,80.76,5.79,13.0,6.896551724137931,5.0,0.87,6.0,5.0,5.79,24.33,0.24,0.0,29.0,SELL_COMPOSITE,NORMAL_VAR_DN,OPEN_AUCTION,INITIATIVE_SELL,ABOVE_VA_IN_RANGE,BEAR_NEUTRAL,,False,False,False,False,False,True,-1.62,3.38,-13.12,16.5,DECELERATION_UP,BULLISH_HIGH_VOL,INITIATIVE_BUY,1.0,5.38,-0.5,5.88,INFLECTION_UP,BEAR_NEUTRAL,INITIATIVE_SELL,19.5,20.65,51.01,67,True,False,95.79
DUK,125.66999816894531,-2.38,-4.25,-1.25,-3.0,INFLECTION_DOWN,97,78.98,6.1,17,51.28205128205128,8,1.74,11,0,6.1,22.93,0.27,0,36,BUY_COMP_CLOSE_HI,NORMAL_VAR_UP,OPEN_AUCTION,INITIATIVE_BUY,BELOW_VA_IN_RANGE,LOW_VOL_RALLY,,False,False,False,False,False,True,False,False,False,True,0,6,-1,1.88,2.0,-4.25,6.25,ACCELERATION_UP,22.0,77.13,6.1,10.0,13.793103448275861,5.0,1.44,8.0,0.0,6.1,20.58,0.3,0.0,23.0,SELL_COMPOSITE,NORMAL_VAR_DN,OPEN_AUCTION,INITIATIVE_SELL,WITHIN_VA,LOW_VOL_SELL,,False,False,False,False,False,False,-5.5,0.62,-13.5,14.12,DECELERATION_UP,LOW_VOL_RALLY,INITIATIVE_BUY,1.62,4.12,-0.12,4.25,INFLECTION_UP,LOW_VOL_SELL,INITIATIVE_SELL,19.5,7.92,36.05,59,True,False,78.17
DUKB,23.780000686645508,0.38,-1.75,9.12,-10.88,INFLECTION_UP,199,85.89,3.41,20,3.8461538461538463,13,0.52,3,5,3.41,20.78,0.16,0,41,SELL_COMPOSITE,NORMAL_VAR_DN,OPEN_AUCTION,INITIATIVE_SELL,BELOW_VA_IN_RANGE,LOW_VOL_SELL,,False,False,False,False,False,False,True,False,False,False,0,2,-1,-2.38,-3.0,0.12,-3.12,INFLECTION_DOWN,60.0,85.89,3.41,20.0,3.4482758620689653,10.0,1.36,3.0,5.0,3.41,20.78,0.16,0.0,38.0,NEUTRAL,NEUTRAL_OUTSIDE,OPEN_AUCTION,INITIATIVE_SELL,WITHIN_VA,LOW_VOL_SELL,,False,False,False,False,False,False,-6.75,3.0,-16.0,19.0,DECELERATION_UP,LOW_VOL_SELL,INITIATIVE_SELL,-3.25,2.25,-3.5,5.75,DECELERATION_UP,LOW_VOL_SELL,INITIATIVE_SELL,11.0,2.75,24.44,79,False,True,46.93
DVA,198.52000427246094,5.88,8.12,-2.5,10.62,INFLECTION_UP,5,93.01,2.1,10,82.05128205128204,0,0.93,3,10,2.1,27.93,0.08,0,23,NEUTRAL,NEUTRAL_OUTSIDE,OPEN_AUCTION,NEUTRAL,WITHIN_VA,NEUTRAL,,False,False,False,False,False,False,True,True,False,False,0,3,3,7.0,14.12,-8.38,22.5,INFLECTION_UP,0.0,95.9,2.1,7.0,79.3103448275862,0.0,0.7,3.0,15.0,2.1,49.12,0.04,0.0,25.0,BUY_COMP_CLOSE_HI,NEUTRAL_OUTSIDE,OPEN_AUCTION,INITIATIVE_BUY,ABOVE_VA_IN_RANGE,CONFIRMED_UP,,False,False,False,False,False,False,3.75,10.5,-10.0,20.5,INFLECTION_UP,NEUTRAL,NEUTRAL,5.62,10.88,-0.75,11.62,INFLECTION_UP,CONFIRMED_UP,INITIATIVE_BUY,36.0,66.81,98.36,48,True,False,149.43
DVN,47.220001220703125,1.0,3.5,-10.25,13.75,INFLECTION_DOWN,17,62.9,43.91,13,64.74358974358975,0,1.02,8,0,43.91,19.71,2.23,3,24,NEUTRAL,NEUTRAL_OUTSIDE,OPEN_AUCTION,INITIATIVE_BUY,ABOVE_VA_IN_RANGE,LOW_VOL_SELL,,False,False,False,False,False,False,False,True,False,False,0,10,1,5.88,2.38,-1.88,4.25,ACCELERATION_UP,4.0,75.85,43.91,12.0,24.137931034482758,5.0,1.93,13.0,0.0,43.91,36.52,1.2,0.0,30.0,SELL_COMPOSITE,TREND_DN,OPEN_AUCTION,INITIATIVE_BUY,ABOVE_VA_IN_RANGE,BEARISH_HIGH_VOL,SPIKE_UP_ACCEPTED,False,False,False,False,False,False,0.12,6.12,-16.38,22.5,INFLECTION_DOWN,LOW_VOL_SELL,INITIATIVE_BUY,2.62,-0.5,3.75,-4.25,DECELERATION_DOWN,BEARISH_HIGH_VOL,NEUTRAL,-15.5,15.25,45.38,54,True,False,38.8
DXCM,72.0999984741211,2.38,4.0,5.88,-1.88,TRENDING_UP,27,79.85,128.66,20,28.846153846153843,8,1.25,11,5,128.66,21.33,6.03,5,49,BUY_COMP_CLOSE_HI,NORMAL_VAR_UP,OPEN_DRIVE_UP,INITIATIVE_BUY,ABOVE_VA_IN_RANGE,CONFIRMED_UP,,False,False,False,False,False,False,False,False,False,False,0,12,-1,-1.0,-0.88,4.12,-5.0,INFLECTION_UP,6.0,50.15,24.95,8.0,51.724137931034484,0.0,1.25,9.0,5.0,24.95,24.8,1.01,0.0,22.0,BUY_COMP_CLOSE_HI,NEUTRAL_OUTSIDE,OPEN_AUCTION,INITIATIVE_BUY,WITHIN_VA,CONFIRMED_UP,,True,False,False,False,False,False,1.12,8.25,-5.25,13.5,ACCELERATION_UP,CONFIRMED_UP,INITIATIVE_BUY,-1.38,-2.5,8.75,-11.25,INFLECTION_UP,BULLISH_HIGH_VOL,INITIATIVE_BUY,30.5,10.05,-11.63,71,True,False,77.38
DY,411.20001220703125,1.38,-2.38,13.62,-16.0,INFLECTION_UP,7,61.98,13.04,5,75.64102564102564,5,0.67,0,0,13.04,21.26,0.61,0,10,SELL_COMPOSITE,NORMAL_VAR_DN,OPEN_AUCTION,INITIATIVE_SELL,WITHIN_VA,LOW_VOL_SELL,,False,False,False,False,False,False,False,False,False,False,0,6,3,2.12,-3.62,-1.12,-2.5,NEUTRAL,2.0,77.57,13.04,7.0,62.06896551724138,0.0,1.33,6.0,0.0,13.04,45.09,0.29,0.0,13.0,NEUTRAL,NEUTRAL_OUTSIDE,OPEN_AUCTION,INITIATIVE_BUY,WITHIN_VA,MIRAGE_BUY,SPIKE_UP_ACCEPTED,False,False,False,False,False,False,-0.38,-3.38,10.0,-13.38,ACCELERATION_DOWN,BEAR_NEUTRAL,INITIATIVE_SELL,0.62,-4.75,-0.12,-4.62,NEUTRAL,MIRAGE_BUY,INITIATIVE_SELL,-1.5,-22.38,-49.06,23,False,False,-23.05
EA,200.97000122070312,-5.0,-6.5,0.75,-7.25,INFLECTION_DOWN,49,93.59,1.85,18,1.282051282051282,15,1.78,11,5,1.85,27.09,0.07,0,49,BUY_COMPOSITE,NORMAL_VAR_UP,OPEN_AUCTION,INITIATIVE_BUY,WITHIN_VA,LOW_VOL_RALLY,,False,False,False,False,False,False,False,True,False,False,0,4,-1,0.0,-2.62,-5.5,2.88,NEUTRAL,11.0,93.95,1.85,10.0,34.48275862068966,8.0,0.94,6.0,5.0,1.85,28.8,0.06,0.0,29.0,SELL_COMPOSITE,TREND_DN,OPEN_AUCTION,INITIATIVE_SELL,WITHIN_VA,LOW_VOL_SELL,,False,False,False,False,False,False,-3.5,4.88,-17.25,22.12,DECELERATION_UP,LOW_VOL_SELL,INITIATIVE_BUY,-4.12,-1.62,-5.75,4.12,INFLECTION_DOWN,LOW_VOL_SELL,INITIATIVE_SELL,-12.0,-6.35,38.49,78,False,False,38.59
EBAY,115.75,5.88,-0.5,6.62,-7.12,DECELERATION_DOWN,12,89.55,3.08,10,95.51282051282051,3,1.42,8,10,3.08,26.36,0.12,0,31,NEUTRAL,NEUTRAL_OUTSIDE,OPEN_AUCTION,INITIATIVE_BUY,ABOVE_VA_IN_RANGE,NEUTRAL,,False,False,False,False,False,False,True,True,False,False,0,2,1,5.88,8.38,-9.12,17.5,INFLECTION_UP,3.0,92.46,3.08,7.0,48.275862068965516,0.0,4.33,8.0,15.0,3.08,37.71,0.08,0.0,30.0,BUY_COMP_CLOSE_HI,NORMAL_VAR_UP,OPEN_AUCTION,INITIATIVE_BUY,WITHIN_VA,CONFIRMED_UP,,False,False,False,False,False,False,4.25,4.0,-5.12,9.12,ACCELERATION_UP,NEUTRAL,INITIATIVE_BUY,4.75,8.5,-7.38,15.88,INFLECTION_UP,CONFIRMED_UP,INITIATIVE_BUY,24.5,35.07,64.57,61,True,False,111.87
ECL,253.32000732421875,-6.5,-8.38,12.0,-20.38,ACCELERATION_DOWN,58,32.29,50.23,20,98.07692307692307,0,0.78,0,0,50.23,21.76,2.31,3,23,NEUTRAL,NEUTRAL_OUTSIDE,OPEN_AUCTION,INITIATIVE_BUY,BELOW_VA_IN_RANGE,BULLISH_HIGH_VOL,,False,False,False,False,False,True,True,False,False,False,0,3,-3,-2.0,-1.75,-6.25,4.5,INFLECTION_UP,13.0,15.58,50.23,18.0,58.620689655172406,0.0,0.72,3.0,0.0,50.23,21.76,2.31,3.0,24.0,SELL_COMPOSITE,NEUTRAL_OUTSIDE,OPEN_AUCTION,INITIATIVE_SELL,BELOW_VA_IN_RANGE,BEAR_NEUTRAL,,True,False,False,False,False,False,-7.12,-2.12,0.12,-2.25,ACCELERATION_DOWN,BULLISH_HIGH_VOL,INITIATIVE_BUY,-4.12,-2.25,2.75,-5.0,INFLECTION_UP,BEAR_NEUTRAL,INITIATIVE_SELL,8.5,-18.69,-27.0,47,True,False,19.99
ED,108.54000091552734,-0.62,0.0,0.38,-0.38,NEUTRAL,109,79.47,6.2,17,62.82051282051282,5,0.94,6,0,6.2,23.99,0.26,0,28,BUY_COMP_CLOSE_HI,NORMAL_VAR_UP,OPEN_AUCTION,INITIATIVE_BUY,WITHIN_VA,CONFIRMED_UP,,False,False,False,False,False,False,False,False,False,False,0,6,-1,2.12,-2.5,8.88,-11.38,DECELERATION_DOWN,25.0,79.47,6.2,10.0,55.172413793103445,0.0,0.82,5.0,0.0,6.2,23.99,0.26,0.0,15.0,SELL_COMPOSITE,NORMAL_VAR_DN,OPEN_AUCTION,INITIATIVE_SELL,WITHIN_VA,LOW_VOL_SELL,,False,False,False,False,False,False,-1.75,5.88,-14.62,20.5,DECELERATION_UP,CONFIRMED_UP,INITIATIVE_BUY,-0.38,-1.62,9.12,-10.75,INFLECTION_UP,LOW_VOL_SELL,INITIATIVE_SELL,12.0,1.83,-8.2,43,False,False,31.32
EFX,164.0399932861328,-4.38,-7.25,8.5,-15.75,ACCELERATION_DOWN,18,13.26,13.59,13,100.0,3,1.01,3,0,13.59,32.33,0.42,0,19,BUY_COMPOSITE,NEUTRAL_OUTSIDE,OPEN_AUCTION,NEUTRAL,WITHIN_VA,LOW_VOL_RALLY,,False,False,False,False,False,False,False,False,False,False,0,3,-3,-3.75,1.62,-2.25,3.88,DECELERATION_UP,4.0,6.92,13.59,7.0,82.75862068965517,0.0,0.79,0.0,0.0,13.59,66.44,0.2,0.0,7.0,SELL_COMPOSITE,NORMAL_VAR_DN,OPEN_AUCTION,INITIATIVE_SELL,WITHIN_VA,BEAR_NEUTRAL,,False,False,False,False,False,False,-5.12,-1.12,0.5,-1.62,ACCELERATION_DOWN,LOW_VOL_RALLY,NEUTRAL,-4.38,0.75,1.62,-0.88,NEUTRAL,BEAR_NEUTRAL,INITIATIVE_SELL,-6.5,-5.0,-14.12,26,True,False,-2.15
EGP,205.16000366210938,2.12,-7.12,15.88,-23.0,DECELERATION_DOWN,56,96.94,0.79,20,17.94871794871795,13,1.56,8,15,0.79,25.05,0.03,0,56,BUY_COMP_CLOSE_HI,NEUTRAL_OUTSIDE,OPEN_AUCTION,INITIATIVE_BUY,BELOW_VA_IN_RANGE,LOW_VOL_RALLY,,False,False,False,False,False,False,False,False,False,False,0,6,-1,7.5,2.25,2.62,-0.38,TRENDING_UP,13.0,96.86,0.79,13.0,20.689655172413794,5.0,2.09,8.0,15.0,0.79,24.33,0.03,0.0,41.0,NEUTRAL,NEUTRAL_OUTSIDE,OPEN_AUCTION,INITIATIVE_BUY,WITHIN_VA,LOW_VOL_RALLY,,False,False,False,False,False,False,-3.0,-0.5,-6.0,5.5,INFLECTION_DOWN,LOW_VOL_RALLY,NEUTRAL,4.5,2.88,7.75,-4.88,TRENDING_UP,NEUTRAL,INITIATIVE_SELL,-6.0,1.26,-25.08,97,False,False,33.23
EHC,104.95999908447266,3.0,1.88,7.25,-5.38,INFLECTION_UP,70,36.92,61.26,20,100.0,3,0.77,5,0,61.26,21.48,2.85,3,31,SELL_COMPOSITE,NORMAL_VAR_DN,OPEN_AUCTION,INITIATIVE_SELL,WITHIN_VA,LOW_VOL_SELL,,False,True,False,False,False,False,True,False,False,False,0,7,1,1.12,10.0,-12.62,22.62,ACCELERATION_UP,16.0,36.92,61.26,13.0,79.3103448275862,0.0,1.3,6.0,0.0,61.26,21.48,2.85,3.0,22.0,BUY_COMPOSITE,NEUTRAL_OUTSIDE,OPEN_AUCTION,INITIATIVE_BUY,BELOW_VA_IN_RANGE,LOW_VOL_RALLY,,False,False,False,False,False,False,0.5,1.0,0.75,0.25,ACCELERATION_UP,NEUTRAL,INITIATIVE_SELL,-4.12,4.0,-4.25,8.25,DECELERATION_UP,NEUTRAL,INITIATIVE_SELL,29.0,26.38,45.42,53,True,False,99.5
EIX,71.18000030517578,0.88,-0.12,7.5,-7.62,INFLECTION_DOWN,23,74.57,14.56,10,66.02564102564102,3,0.95,6,5,14.56,20.77,0.7,0,24,NEUTRAL,NORMAL_VAR_UP,OPEN_AUCTION,INITIATIVE_BUY,BELOW_VA_IN_RANGE,FAILED_UP,,False,False,False,False,False,True,True,False,False,False,0,6,-1,0.75,-5.75,5.62,-11.38,DECELERATION_DOWN,5.0,83.83,14.56,10.0,100.0,0.0,1.91,10.0,5.0,14.56,36.71,0.4,0.0,25.0,NEUTRAL,NEUTRAL_OUTSIDE,OPEN_AUCTION,INITIATIVE_BUY,WITHIN_VA,LOW_VOL_RALLY,,False,False,False,True,False,False,-2.88,3.0,-7.0,10.0,DECELERATION_UP,FAILED_UP,INITIATIVE_BUY,1.88,-1.5,8.38,-9.88,DECELERATION_DOWN,LOW_VOL_SELL,INITIATIVE_SELL,-14.0,-7.24,-29.45,49,False,False,-5.63
EL,88.31999969482422,4.25,2.88,12.5,-9.62,INFLECTION_UP,10,54.26,46.09,7,100.0,0,1.0,0,5,46.09,21.09,2.19,3,15,NEUTRAL,NEUTRAL_OUTSIDE,OPEN_AUCTION,INITIATIVE_BUY,BELOW_VA_IN_RANGE,BULLISH_HIGH_VOL,,False,False,False,False,False,True,False,False,False,False,0,6,-3,-2.75,-6.0,-3.12,-2.88,INFLECTION_DOWN,2.0,42.33,46.09,10.0,37.93103448275862,3.0,2.03,10.0,0.0,46.09,37.3,1.24,0.0,23.0,NEUTRAL,NEUTRAL_OUTSIDE,OPEN_OUT_RANGE_UP,INITIATIVE_BUY,OUT_RANGE_UP,LOW_VOL_RALLY,,True,False,False,False,True,False,1.62,1.38,7.0,-5.62,INFLECTION_UP,BULLISH_HIGH_VOL,INITIATIVE_BUY,-1.88,-3.38,-2.0,-1.38,INFLECTION_DOWN,MIRAGE_BUY,INITIATIVE_BUY,-6.0,-10.81,-25.13,38,False,True,-3.54
ELAN,21.729999542236328,-1.5,-0.88,4.12,-5.0,ACCELERATION_DOWN,12,33.53,63.74,10,36.53846153846153,8,1.19,8,0,63.74,21.26,3.0,3,29,BUY_COMP_CLOSE_HI,NEUTRAL_OUTSIDE,OPEN_AUCTION,INITIATIVE_BUY,BELOW_VA_IN_RANGE,BULLISH_HIGH_VOL,SPIKE_DN_ACCEPTED,False,False,False,False,False,False,False,False,False,False,0,2,-1,-2.88,-9.38,-3.62,-5.75,ACCELERATION_DOWN,3.0,59.06,63.74,10.0,3.4482758620689653,5.0,1.81,13.0,5.0,63.74,27.57,2.31,3.0,36.0,NEUTRAL,NEUTRAL_OUTSIDE,OPEN_AUCTION,INITIATIVE_SELL,WITHIN_VA,NEUTRAL,,True,False,False,False,False,False,-0.88,5.75,-5.62,11.38,DECELERATION_UP,BULLISH_HIGH_VOL,INITIATIVE_BUY,-4.75,-8.62,-0.5,-8.12,INFLECTION_DOWN,NEUTRAL,INITIATIVE_SELL,-18.5,-23.56,-12.79,65,False,True,-5.26
