ticker,name,sector,industry,market_cap
14D.AX,1414 Degrees Limited,Utilities,Independent Power and Renewable Electricity Producers,Nano Cap
1AD.AX,AdAlta Limited,Health Care,Biotechnology,Nano Cap
1AG.AX,Alterra Limited,Financials,Capital Markets,Nano Cap
2BE.AX,Tubi Limited,Industrials,Machinery,Nano Cap
3DA.AX,Amaero International Ltd,Industrials,Machinery,Micro Cap
3DP.AX,Pointerra Limited,Information Technology,Software,Micro Cap
3MF.AX,3D Metalforge Limited,Industrials,Building Products,Nano Cap
3PL.AX,3P Learning Limited,Consumer Staples,Household Products,Micro Cap
4DS.AX,4DS Memory Limited,Information Technology,Semiconductors & Semiconductor Equipment,Micro Cap
5GG.AX,Pentanet Limited,Communication Services,Diversified Telecommunication Services,Micro Cap
A1G.AX,African Gold Limited,Materials,Metals & Mining,Nano Cap
A1M.AX,AIC Mines Limited,Materials,Metals & Mining,Nano Cap
A2B.AX,A2B Australia Limited,Information Technology,Software,Micro Cap
A3D.AX,Aurora Labs Limited,Industrials,Machinery,Nano Cap
A4N.AX,Alpha HPA Limited,Materials,Metals & Mining,Micro Cap
AAC.AX,Australian Agricultural Co Ltd.,Consumer Staples,Household Products,Small Cap
AAJ.AX,Aruma Resources Limited,Materials,Metals & Mining,Nano Cap
AAP.AX,Australian Agricultural Projects Ltd,Consumer Staples,Household Products,Nano Cap
AAR.AX,Anglo Australian Resources NL,Materials,Metals & Mining,Nano Cap
AAU.AX,Antilles Gold Limited,Materials,Metals & Mining,Nano Cap
ABA.AX,Auswide Bank Ltd,Financials,Banks,Micro Cap
ABB.AX,Aussie Broadband Limited,Communication Services,Diversified Telecommunication Services,Small Cap
ABC.AX,Adbri Limited,Materials,Construction Materials,Small Cap
ABP.AX,Abacus Property Group,Real Estate,Equity Real Estate Investment Trusts (REITs),Small Cap
ABR.AX,American Pacific Borates Limited,Materials,Metals & Mining,Small Cap
ABV.AX,Advanced Braking Technology Limited,Consumer Discretionary,Auto Components,Nano Cap
ABX.AX,Australian Bauxite Limited,Materials,Metals & Mining,Nano Cap
ABY.AX,Adore Beauty Group Limited,Consumer Discretionary,Internet & Direct Marketing Retail,Small Cap
AC8.AX,AusCann Group Holdings Ltd,Health Care,Pharmaceuticals,Nano Cap
ACB.AX,A-Cap Energy Limited,Materials,Metals & Mining,Nano Cap
ACF.AX,Acrow Formwork and Construction Services Limited,Industrials,Construction & Engineering,Micro Cap
ACP.AX,Audalia Resources Limited,Materials,Metals & Mining,Nano Cap
ACQ.AX,Acorn Capital Investment Fund Limited,Financials,Capital Markets,Micro Cap
ACR.AX,Acrux Limited,Health Care,Biotechnology,Nano Cap
ACS.AX,Accent Resources N.L.,Materials,Metals & Mining,Nano Cap
ACU.AX,Acumentis Group Limited,Real Estate,Real Estate Management & Development,Nano Cap
ACW.AX,Actinogen Medical Limited,Health Care,Biotechnology,Micro Cap
AD1.AX,AD1 Holdings Limited,Industrials,Professional Services,Nano Cap
AD8.AX,Audinate Group Limited,Information Technology,"Electronic Equipment, Instruments & Components",Small Cap
ADA.AX,Adacel Technologies Limited,Information Technology,Software,Micro Cap
ADD.AX,Adavale Resources Limited,Materials,Metals & Mining,Nano Cap
ADH.AX,Adairs Limited,Consumer Discretionary,Specialty Retail,Small Cap
ADI.AX,APN Industria REIT,Real Estate,Equity Real Estate Investment Trusts (REITs),Small Cap
ADN.AX,Andromeda Metals Limited,Materials,Metals & Mining,Small Cap
ADO.AX,AnteoTech Limited,Health Care,Biotechnology,Small Cap
ADS.AX,Adslot Limited,Information Technology,Software,Nano Cap
ADV.AX,Ardiden Limited,Materials,Metals & Mining,Nano Cap
ADX.AX,ADX Energy Ltd,Energy,"Oil, Gas & Consumable Fuels",Nano Cap
ADY.AX,Admiralty Resources NL,Materials,Metals & Mining,Nano Cap
AEF.AX,Australian Ethical Investment Ltd.,Financials,Capital Markets,Small Cap
AEG.AX,Absolute Equity Performance Fund Limited,Financials,Capital Markets,Micro Cap
AEI.AX,Aeris Environmental Ltd,Industrials,Construction & Engineering,Nano Cap
AER.AX,Aeeris Limited,Information Technology,Software,Nano Cap
AEV.AX,Avenira Limited,Materials,Metals & Mining,Nano Cap
AFA.AX,ASF Group Limited,Financials,Capital Markets,Nano Cap
AFG.AX,Australian Finance Group Limited,Financials,Thrifts & Mortgage Finance,Small Cap
AFI.AX,Australian Foundation Investment Company Limited,Financials,Capital Markets,Mid Cap
AFL.AX,AF Legal Group Limited,Consumer Discretionary,"Hotels, Restaurants & Leisure",Nano Cap
AFW.AX,Applyflow Limited,Communication Services,Diversified Telecommunication Services,Nano Cap
AGC.AX,Australian Gold and Copper Limited,Materials,Metals & Mining,Nano Cap
AGD.AX,Austral Gold Limited,Materials,Metals & Mining,Micro Cap
AGE.AX,Alligator Energy Limited,Materials,Metals & Mining,Micro Cap
AGH.AX,Althea Group Holdings Limited,Health Care,Pharmaceuticals,Micro Cap
AGI.AX,Ainsworth Game Technology Limited,Consumer Discretionary,"Hotels, Restaurants & Leisure",Micro Cap
AGL.AX,AGL Energy Limited,Utilities,Independent Power and Renewable Electricity Producers,Mid Cap
AGR.AX,Aguia Resources Limited,Materials,Metals & Mining,Nano Cap
AGS.AX,Alliance Resources Limited,Materials,Metals & Mining,Nano Cap
AGY.AX,Argosy Minerals Limited,Materials,Metals & Mining,Micro Cap
AHC.AX,Austco Healthcare Limited,Health Care,Health Care Equipment & Supplies,Nano Cap
AHF.AX,Australian Dairy Nutritionals Group,Consumer Staples,Food & Staples Retailing,Nano Cap
AHI.AX,Advanced Human Imaging Limited,Information Technology,Software,Micro Cap
AHQ.AX,Allegiance Coal Limited,Materials,Metals & Mining,Micro Cap
AHX.AX,Apiam Animal Health Limited,Consumer Discretionary,"Hotels, Restaurants & Leisure",Micro Cap
AHY.AX,Asaleo Care Limited,Consumer Staples,Household Products,Small Cap
AIB.AX,Aurora Global Income Trust,Financials,Capital Markets,Nano Cap
AIM.AX,Access Innovation Holdings Limited,Communication Services,Entertainment,Micro Cap
AIR.AX,AstiVita Limited,Consumer Discretionary,Household Durables,Nano Cap
AIS.AX,Aeris Resources Limited,Materials,Metals & Mining,Small Cap
AIV.AX,ActivEX Limited,Materials,Metals & Mining,Nano Cap
AJL.AX,AJ Lucas Group Limited,Materials,Metals & Mining,Nano Cap
AJQ.AX,Armour Energy Limited,Energy,"Oil, Gas & Consumable Fuels",Nano Cap
AKG.AX,Academies Australasia Group Limited,Consumer Staples,Household Products,Nano Cap
AKL.AX,Auckland Real Estate Trust,Real Estate,Equity Real Estate Investment Trusts (REITs),Nano Cap
AKM.AX,Aspire Mining Limited,Materials,Metals & Mining,Nano Cap
AKO.AX,Akora Resources Limited,Materials,Metals & Mining,Nano Cap
AKP.AX,Audio Pixels Holdings Limited,Information Technology,"Electronic Equipment, Instruments & Components",Small Cap
AL3.AX,AML3D Limited,Industrials,Building Products,Nano Cap
AL8.AX,Alderan Resources Limited,Materials,Metals & Mining,Nano Cap
ALB.AX,Albion Resources Limited,Materials,Metals & Mining,Nano Cap
ALC.AX,Alcidion Group Limited,Health Care,Health Care Providers & Services,Small Cap
ALD.AX,Ampol Limited,Energy,"Oil, Gas & Consumable Fuels",Mid Cap
ALG.AX,Ardent Leisure Group Limited,Consumer Discretionary,"Hotels, Restaurants & Leisure",Small Cap
ALI.AX,Argo Global Listed Infrastructure Limited,Financials,Capital Markets,Micro Cap
ALK.AX,Alkane Resources Ltd,Materials,Metals & Mining,Small Cap
ALQ.AX,ALS Limited,Industrials,Professional Services,Mid Cap
ALT.AX,Analytica Limited,Health Care,Health Care Technology,Nano Cap
ALX.AX,Atlas Arteria Limited,Industrials,Transportation Infrastructure,Mid Cap
ALY.AX,Alchemy Resources Limited,Materials,Metals & Mining,Nano Cap
AMA.AX,AMA Group Limited,Consumer Discretionary,Auto Components,Small Cap
AMD.AX,Arrow Minerals Limited,Materials,Metals & Mining,Nano Cap
AME.AX,Alto Metals Limited,Materials,Metals & Mining,Nano Cap
AMG.AX,Ausmex Mining Group Limited,Materials,Metals & Mining,Nano Cap
AMH.AX,Amcil Limited,Financials,Capital Markets,Micro Cap
AMI.AX,Aurelia Metals Limited,Materials,Metals & Mining,Micro Cap
AML.AX,Aeon Metals Limited,Materials,Metals & Mining,Nano Cap
AMN.AX,Agrimin Limited,Materials,Metals & Mining,Micro Cap
AMO.AX,Ambertech Limited,Information Technology,"Electronic Equipment, Instruments & Components",Nano Cap
AMP.AX,AMP Limited,Financials,Capital Markets,Mid Cap
AMPPA.AX,AMP Limited,Financials,Capital Markets,Mid Cap
AMPPB.AX,AMP Limited,Financials,Capital Markets,Mid Cap
AMS.AX,Atomos Limited,Information Technology,"Electronic Equipment, Instruments & Components",Micro Cap
AMT.AX,Allegra Orthopaedics Limited,Health Care,Health Care Technology,Nano Cap
AMX.AX,Aerometrex Limited,Information Technology,Software,Micro Cap
ANA.AX,Ansila Energy NL,Energy,"Oil, Gas & Consumable Fuels",Nano Cap
AND.AX,Ansarada Group Limited,Information Technology,Software,Micro Cap
ANG.AX,Austin Engineering Limited,Industrials,Machinery,Micro Cap
ANL.AX,Amani Gold Limited,Materials,Metals & Mining,Nano Cap
ANN.AX,Ansell Limited,Health Care,Health Care Equipment & Supplies,Mid Cap
ANO.AX,Advance NanoTek Limited,Materials,Chemicals,Micro Cap
ANP.AX,Antisense Therapeutics Limited,Health Care,Pharmaceuticals,Micro Cap
ANR.AX,Anatara Lifesciences Limited,Health Care,Biotechnology,Nano Cap
ANW.AX,Aus Tin Mining Limited,Materials,Metals & Mining,Nano Cap
ANX.AX,Anax Metals Limited,Materials,Metals & Mining,Nano Cap
AO1.AX,AssetOwl Limited,Information Technology,Software,Nano Cap
AOA.AX,Ausmon Resources Limited,Materials,Metals & Mining,Nano Cap
AOF.AX,Australian Unity Office Fund,Real Estate,Equity Real Estate Investment Trusts (REITs),Small Cap
AON.AX,Apollo Minerals Limited,Materials,Metals & Mining,Nano Cap
AOP.AX,Apollo Consolidated Limited,Materials,Metals & Mining,Micro Cap
AOU.AX,Auroch Minerals Limited,Materials,Metals & Mining,Nano Cap
APC.AX,Australian Potash Limited,Materials,Metals & Mining,Micro Cap
APD.AX,APN Property Group Limited,Financials,Capital Markets,Micro Cap
APE.AX,Eagers Automotive Limited,Consumer Discretionary,Automobiles,Mid Cap
APG.AX,Austpac Resources N.L.,Materials,Metals & Mining,Nano Cap
APH.AX,Australian Primary Hemp Limited,Health Care,Pharmaceuticals,Nano Cap
API.AX,Australian Pharmaceutical Industries Limited,Health Care,Health Care Providers & Services,Small Cap
APL.AX,Antipodes Global Investment Company Limited,Financials,Capital Markets,Small Cap
APV.AX,AppsVillage Australia Limited,Information Technology,Software,Nano Cap
APW.AX,Aims Property Securities Fund,Real Estate,Equity Real Estate Investment Trusts (REITs),Nano Cap
APX.AX,Appen Limited,Information Technology,IT Services,Small Cap
APZ.AX,Aspen Group,Real Estate,Real Estate Management & Development,Micro Cap
AQC.AX,Australian Pacific Coal Limited,Materials,Metals & Mining,Nano Cap
AQD.AX,AusQuest Limited,Materials,Metals & Mining,Nano Cap
AQI.AX,Alicanto Minerals Limited,Materials,Metals & Mining,Nano Cap
AQR.AX,APN Convenience Retail REIT,Real Estate,Equity Real Estate Investment Trusts (REITs),Small Cap
AQS.AX,Aquis Entertainment Limited,Consumer Discretionary,"Hotels, Restaurants & Leisure",Nano Cap
AQX.AX,Alice Queen Limited,Materials,Metals & Mining,Nano Cap
AQZ.AX,Alliance Aviation Services Limited,Industrials,Airlines,Small Cap
AR9.AX,archTIS Limited,Information Technology,Software,Nano Cap
ARA.AX,Ariadne Australia Limited,Industrials,Transportation Infrastructure,Micro Cap
ARB.AX,ARB Corporation Limited,Consumer Discretionary,Auto Components,Mid Cap
ARC.AX,Australian Rural Capital Limited,Financials,Capital Markets,Nano Cap
ARD.AX,Argent Minerals Limited,Materials,Metals & Mining,Nano Cap
ARE.AX,Argonaut Resources NL,Materials,Metals & Mining,Nano Cap
ARF.AX,Arena REIT,Real Estate,Equity Real Estate Investment Trusts (REITs),Small Cap
ARG.AX,Argo Investments Limited,Financials,Capital Markets,Mid Cap
ARL.AX,Ardea Resources Limited,Materials,Metals & Mining,Micro Cap
ARN.AX,Aldoro Resources Limited,Materials,Metals & Mining,Nano Cap
ARO.AX,Astro Resources NL,Materials,Metals & Mining,Nano Cap
ARR.AX,American Rare Earths Limited,Materials,Metals & Mining,Nano Cap
ART.AX,Airtasker Limited,Communication Services,Diversified Telecommunication Services,Small Cap
ARU.AX,Arafura Resources Limited,Materials,Metals & Mining,Micro Cap
ARV.AX,Artemis Resources Limited,Materials,Metals & Mining,Micro Cap
AS1.AX,Angel Seafood Holdings Limited,Consumer Staples,Household Products,Nano Cap
ASB.AX,Austal Ltd.,Industrials,Aerospace & Defense,Small Cap
ASG.AX,Autosports Group Limited,Consumer Discretionary,Automobiles,Small Cap
ASH.AX,Ashley Services Group Limited,Industrials,Professional Services,Nano Cap
ASM.AX,Australian Strategic Materials Ltd,Materials,Metals & Mining,Small Cap
ASN.AX,Anson Resources Limited,Materials,Metals & Mining,Nano Cap
ASO.AX,Aston Minerals Limited,Materials,Metals & Mining,Micro Cap
ASP.AX,Aspermont Limited,Communication Services,Diversified Telecommunication Services,Micro Cap
ASQ.AX,Australian Silica Quartz Group Ltd.,Materials,Metals & Mining,Nano Cap
AST.AX,AusNet Services Ltd,Utilities,Multi-Utilities,Mid Cap
ASW.AX,Advanced Share Registry Limited,Financials,Capital Markets,Nano Cap
AT1.AX,Atomo Diagnostics Limited,Health Care,Health Care Technology,Micro Cap
ATC.AX,Altech Chemicals Ltd.,Materials,Chemicals,Nano Cap
ATH.AX,Alterity Therapeutics Limited,Health Care,Biotechnology,Micro Cap
ATL.AX,Apollo Tourism & Leisure Ltd,Consumer Discretionary,Automobiles,Micro Cap
ATP.AX,Atlas Pearls Ltd,Consumer Discretionary,"Textiles, Apparel & Luxury Goods",Nano Cap
ATR.AX,Astron Corporation Limited,Materials,Metals & Mining,Nano Cap
ATS.AX,Australis Oil & Gas Limited,Energy,"Oil, Gas & Consumable Fuels",Nano Cap
ATU.AX,Atrum Coal Limited,Materials,Metals & Mining,Nano Cap
ATX.AX,Amplia Therapeutics Limited,Health Care,Biotechnology,Nano Cap
AU1.AX,The Agency Group Australia Limited,Real Estate,Real Estate Management & Development,Nano Cap
AUB.AX,AUB Group Limited,Financials,Insurance,Small Cap
AUC.AX,Ausgold Limited,Materials,Metals & Mining,Micro Cap
AUH.AX,AustChina Holdings Limited,Materials,Metals & Mining,Nano Cap
AUI.AX,Australian United Investment Company Limited,Financials,Capital Markets,Small Cap
AUK.AX,AuMake Limited,Consumer Discretionary,Household Durables,Nano Cap
AUL.AX,AuStar Gold Limited,Materials,Metals & Mining,Nano Cap
AUN.AX,Aurumin Limited,Materials,Metals & Mining,Nano Cap
AUQ.AX,Alara Resources Limited,Materials,Metals & Mining,Nano Cap
AUR.AX,Auris Minerals Limited,Materials,Metals & Mining,Nano Cap
AUT.AX,Auteco Minerals Limited,Materials,Metals & Mining,Micro Cap
AUZ.AX,Australian Mines Ltd.,Materials,Metals & Mining,Micro Cap
AV1.AX,Adveritas Limited,Information Technology,Software,Nano Cap
AVA.AX,Ava Risk Group Limited,Industrials,Professional Services,Micro Cap
AVC.AX,Auctus Investment Group Limited,Financials,Capital Markets,Nano Cap
AVE.AX,Avecho Biotechnology Limited,Health Care,Biotechnology,Nano Cap
AVG.AX,Australian Vintage Ltd,Consumer Staples,Beverages,Micro Cap
AVJ.AX,AVJennings Limited,Real Estate,Real Estate Management & Development,Micro Cap
AVL.AX,Australian Vanadium Limited,Materials,Metals & Mining,Nano Cap
AVN.AX,Aventus Group,Real Estate,Equity Real Estate Investment Trusts (REITs),Mid Cap
AVR.AX,Anteris Technologies Ltd,Health Care,Health Care Technology,Nano Cap
AVW.AX,Avira Resources Limited,Materials,Metals & Mining,Nano Cap
AVZ.AX,AVZ MINERALS LIMITED,Materials,Metals & Mining,Small Cap
AWC.AX,Alumina Limited,Materials,Metals & Mining,Mid Cap
AWJ.AX,Auric Mining Limited,Materials,Metals & Mining,Nano Cap
AWN.AX,AWN Holdings Limited,Utilities,Independent Power and Renewable Electricity Producers,Nano Cap
AWV.AX,Anova Metals Limited,Materials,Metals & Mining,Nano Cap
AX1.AX,Accent Group Limited,Consumer Discretionary,"Textiles, Apparel & Luxury Goods",Small Cap
AX8.AX,Accelerate Resources Limited,Materials,Metals & Mining,Nano Cap
AXE.AX,Archer Materials Limited,Materials,Metals & Mining,Micro Cap
AXI.AX,Axiom Properties Limited,Real Estate,Real Estate Management & Development,Nano Cap
AYI.AX,A1 Investments & Resources Ltd,Financials,Capital Markets,Nano Cap
AYM.AX,Australia United Mining Limited,Materials,Metals & Mining,Nano Cap
AZI.AX,Alta Zinc Limited,Materials,Metals & Mining,Micro Cap
AZJ.AX,Aurizon Holdings Ltd.,Industrials,Road & Rail,Mid Cap
AZS.AX,Azure Minerals Limited,Materials,Metals & Mining,Nano Cap
AZY.AX,Antipa Minerals Limited,Materials,Metals & Mining,Micro Cap
BAP.AX,Bapcor Limited,Consumer Discretionary,Specialty Retail,Small Cap
BAR.AX,Barra Resources Limited,Materials,Metals & Mining,Nano Cap
BAS.AX,Bass Oil Limited,Energy,"Oil, Gas & Consumable Fuels",Nano Cap
BAT.AX,Battery Minerals Limited,Materials,Metals & Mining,Nano Cap
BBC.AX,BNK Banking Corporation Limited,Financials,Banks,Nano Cap
BBL.AX,Brisbane Broncos Limited,Consumer Discretionary,"Hotels, Restaurants & Leisure",Nano Cap
BBN.AX,Baby Bunting Group Limited,Consumer Discretionary,Specialty Retail,Small Cap
BBX.AX,BBX Minerals Limited,Materials,Metals & Mining,Micro Cap
BC8.AX,Black Cat Syndicate Limited,Materials,Metals & Mining,Micro Cap
BCB.AX,Bowen Coking Coal Limited,Materials,Metals & Mining,Nano Cap
BCC.AX,Beam Communications Holdings Limited,Information Technology,Communications Equipment,Nano Cap
BCI.AX,BCI Minerals Limited,Materials,Metals & Mining,Micro Cap
BCN.AX,Beacon Minerals Limited,Materials,Metals & Mining,Micro Cap
BCT.AX,Bluechiip Limited,Information Technology,Semiconductors & Semiconductor Equipment,Nano Cap
BD1.AX,BARD1 Life Sciences Limited,Health Care,Biotechnology,Micro Cap
BDA.AX,Bod Australia Limited,Consumer Staples,Household Products,Nano Cap
BDC.AX,Bardoc Gold Limited,Materials,Metals & Mining,Micro Cap
BDM.AX,Burgundy Diamond Mines Limited,Materials,Metals & Mining,Micro Cap
BEE.AX,Broo Limited,Consumer Staples,Beverages,Nano Cap
BEL.AX,Bentley Capital Limited,Financials,Capital Markets,Nano Cap
BEM.AX,BlackEarth Minerals NL,Materials,Metals & Mining,Nano Cap
BEN.AX,Bendigo & Adelaide Bank Ltd.,Financials,Banks,Mid Cap
BENPF.AX,Bendigo and Adelaide Bank Limited,Financials,Banks,Mid Cap
BENPG.AX,Bendigo and Adelaide Bank Limited,Financials,Banks,Mid Cap
BET.AX,Betmakers Technology Group Ltd,Consumer Discretionary,"Hotels, Restaurants & Leisure",Small Cap
BEX.AX,BikeExchange Limited,Consumer Discretionary,"Hotels, Restaurants & Leisure",Micro Cap
BFC.AX,Beston Global Food Company Limited,Consumer Staples,Food & Staples Retailing,Micro Cap
BFG.AX,Bell Financial Group Limited,Financials,Capital Markets,Small Cap
BGA.AX,Bega Cheese Limited,Consumer Staples,Food & Staples Retailing,Small Cap
BGL.AX,Bellevue Gold Limited,Materials,Metals & Mining,Small Cap
BGT.AX,Bio-Gene Technology Limited,Health Care,Biotechnology,Nano Cap
BHD.AX,Benjamin Hornigold Limited,Financials,Capital Markets,Nano Cap
BID.AX,Bill Identity Limited,Information Technology,Software,Micro Cap
BIN.AX,Bingo Industries Limited,Industrials,Transportation Infrastructure,Small Cap
BIR.AX,BIR Financial Limited,Financials,Capital Markets,Nano Cap
BIS.AX,Bisalloy Steel Group Limited,Materials,Metals & Mining,Nano Cap
BIT.AX,Biotron Limited,Health Care,Biotechnology,Nano Cap
BKG.AX,Booktopia Group Limited,Consumer Discretionary,Internet & Direct Marketing Retail,Micro Cap
BKI.AX,BKI Investment Company Limited,Financials,Capital Markets,Small Cap
BKL.AX,Blackmores Limited,Consumer Staples,Household Products,Small Cap
BKT.AX,BLACK ROCK MINING LIMITED,Materials,Metals & Mining,Micro Cap
BKW.AX,Brickworks Limited,Materials,Construction Materials,Mid Cap
BLD.AX,Boral Limited,Materials,Construction Materials,Mid Cap
BLG.AX,BluGlass Limited,Information Technology,Semiconductors & Semiconductor Equipment,Nano Cap
BLU.AX,BLUE ENERGY LIMITED,Energy,"Oil, Gas & Consumable Fuels",Micro Cap
BLX.AX,Beacon Lighting Group Limited,Consumer Discretionary,Specialty Retail,Micro Cap
BLZ.AX,Blaze International Limited,Materials,Metals & Mining,Nano Cap
BMG.AX,BMG Resources Limited,Materials,Metals & Mining,Nano Cap
BMH.AX,Baumart Holdings Limited,Materials,Construction Materials,Nano Cap
BML.AX,Boab Metals Limited,Materials,Metals & Mining,Nano Cap
BMN.AX,Bannerman Resources Limited,Materials,Metals & Mining,Micro Cap
BMO.AX,Bastion Minerals Limited,Materials,Metals & Mining,Nano Cap
BNL.AX,Blue Star Helium Limited,Energy,"Oil, Gas & Consumable Fuels",Nano Cap
BNO.AX,Bionomics Limited,Health Care,Biotechnology,Micro Cap
BNR.AX,Bulletin Resources Limited,Materials,Metals & Mining,Nano Cap
BOA.AX,Boadicea Resources Ltd,Materials,Metals & Mining,Nano Cap
BOE.AX,Boss Energy Limited,Materials,Metals & Mining,Micro Cap
BOL.AX,Boom Logistics Limited,Industrials,Trading Companies & Distributors,Nano Cap
BOQ.AX,Bank of Queensland Limited,Financials,Banks,Mid Cap
BOQPE.AX,Bank of Queensland Limited,Financials,Banks,Mid Cap
BOQPF.AX,Bank of Queensland Limited,Financials,Banks,Mid Cap
BOT.AX,Botanix Pharmaceuticals Limited,Health Care,Biotechnology,Micro Cap
BPH.AX,BPH Energy Limited,Financials,Capital Markets,Nano Cap
BPM.AX,BPM Minerals Limited,Materials,Metals & Mining,Nano Cap
BPP.AX,Babylon Pump & Power Limited,Industrials,Commercial Services & Supplies,Nano Cap
BPT.AX,Beach Energy Limited,Energy,"Oil, Gas & Consumable Fuels",Mid Cap
BRB.AX,Breaker Resources NL,Materials,Metals & Mining,Nano Cap
BRG.AX,Breville Group Limited,Consumer Discretionary,Household Durables,Mid Cap
BRI.AX,Big River Industries Limited,Materials,Paper & Forest Products,Micro Cap
BRK.AX,Brookside Energy Limited,Energy,"Oil, Gas & Consumable Fuels",Micro Cap
BRN.AX,BrainChip Holdings Ltd,Information Technology,Semiconductors & Semiconductor Equipment,Small Cap
BRU.AX,Buru Energy Limited,Energy,"Oil, Gas & Consumable Fuels",Nano Cap
BRV.AX,Big River Gold Limited,Materials,Metals & Mining,Micro Cap
BSA.AX,BSA Limited,Industrials,Construction & Engineering,Micro Cap
BSE.AX,Base Resources Limited,Materials,Metals & Mining,Micro Cap
BSM.AX,Bass Metals Limited,Materials,Metals & Mining,Nano Cap
BTC.AX,BTC Health Limited,Health Care,Biotechnology,Nano Cap
BTH.AX,Bigtincan Holdings Limited,Information Technology,Software,Small Cap
BTI.AX,Bailador Technology Investments Limited,Financials,Capital Markets,Micro Cap
BTR.AX,Brightstar Resources Limited,Materials,Metals & Mining,Nano Cap
BUB.AX,Bubs Australia Limited,Consumer Staples,Food & Staples Retailing,Micro Cap
BUD.AX,Buddy Technologies Limited,Information Technology,Software,Micro Cap
BUX.AX,Buxton Resources Limited,Materials,Metals & Mining,Nano Cap
BUY.AX,Bounty Oil & Gas NL,Energy,"Oil, Gas & Consumable Fuels",Nano Cap
BVS.AX,Bravura Solutions Limited,Information Technology,Software,Small Cap
BWF.AX,BlackWall Limited,Financials,Capital Markets,Nano Cap
BWP.AX,BWP Trust,Real Estate,Equity Real Estate Investment Trusts (REITs),Small Cap
BWX.AX,BWX Limited,Consumer Staples,Household Products,Small Cap
BXN.AX,Bioxyne Limited,Health Care,Biotechnology,Nano Cap
BYE.AX,Byron Energy Limited,Energy,"Oil, Gas & Consumable Fuels",Micro Cap
BYH.AX,Bryah Resources Limited,Materials,Metals & Mining,Nano Cap
BYI.AX,Beyond International Limited,Communication Services,Entertainment,Nano Cap
CAA.AX,Capral Limited,Materials,Metals & Mining,Micro Cap
CAD.AX,CAENEUS MINERALS LTD,Materials,Metals & Mining,Nano Cap
CAE.AX,Cannindah Resources Limited,Materials,Metals & Mining,Nano Cap
CAF.AX,Centrepoint Alliance Limited,Financials,Capital Markets,Nano Cap
CAG.AX,Cape Range Limited,Information Technology,Software,Nano Cap
CAI.AX,Calidus Resources Limited,Materials,Metals & Mining,Micro Cap
CAJ.AX,Capitol Health Limited,Health Care,Health Care Equipment & Supplies,Micro Cap
CAM.AX,Clime Capital Limited,Financials,Capital Markets,Micro Cap
CAN.AX,Cann Group Limited,Health Care,Pharmaceuticals,Micro Cap
CAP.AX,Carpentaria Resources Limited,Materials,Metals & Mining,Nano Cap
CAR.AX,carsales.com Ltd,Communication Services,Diversified Telecommunication Services,Mid Cap
CAT.AX,Catapult Group International Limited,Information Technology,"Electronic Equipment, Instruments & Components",Small Cap
CAU.AX,Cronos Australia Limited,Health Care,Pharmaceuticals,Nano Cap
CAV.AX,Carnavale Resources Limited,Materials,Metals & Mining,Nano Cap
CAY.AX,Canyon Resources Limited,Materials,Metals & Mining,Micro Cap
CAZ.AX,Cazaly Resources Limited,Materials,Metals & Mining,Nano Cap
CBE.AX,Cobre Limited,Materials,Metals & Mining,Nano Cap
CBL.AX,Control Bionics Limited,Health Care,Health Care Technology,Nano Cap
CBR.AX,Carbon Revolution Limited,Consumer Discretionary,Auto Components,Micro Cap
CBY.AX,Canterbury Resources Limited,Materials,Metals & Mining,Nano Cap
CCA.AX,Change Financial Limited,Information Technology,IT Services,Nano Cap
CCE.AX,Carnegie Clean Energy Ltd,Utilities,Independent Power and Renewable Electricity Producers,Nano Cap
CCG.AX,Comms Group Limited,Information Technology,IT Services,Nano Cap
CCL.AX,Coca-Cola Amatil Limited,Consumer Staples,Beverages,Mid Cap
CCP.AX,Credit Corp Group Limited,Financials,Consumer Finance,Small Cap
CCR.AX,Credit Clear Limited,Information Technology,IT Services,Micro Cap
CCV.AX,Cash Converters International Limited,Consumer Discretionary,Specialty Retail,Micro Cap
CCX.AX,City Chic Collective Limited,Consumer Discretionary,"Textiles, Apparel & Luxury Goods",Small Cap
CCZ.AX,Castillo Copper Limited,Materials,Metals & Mining,Nano Cap
CDA.AX,Codan Limited,Information Technology,"Electronic Equipment, Instruments & Components",Mid Cap
CDD.AX,Cardno Limited,Industrials,Construction & Engineering,Micro Cap
CDM.AX,Cadence Capital Limited,Financials,Capital Markets,Micro Cap
CDP.AX,Carindale Property Trust,Real Estate,Equity Real Estate Investment Trusts (REITs),Micro Cap
CDT.AX,Castle Minerals Limited,Materials,Metals & Mining,Nano Cap
CDX.AX,CardieX Limited,Health Care,Health Care Technology,Micro Cap
CDY.AX,Cellmid Limited,Health Care,Biotechnology,Nano Cap
CE1.AX,Calima Energy Limited,Energy,"Oil, Gas & Consumable Fuels",Micro Cap
CEL.AX,Challenger Exploration Limited,Materials,Metals & Mining,Micro Cap
CF1.AX,Complii FinTech Solutions Ltd,Information Technology,Software,Nano Cap
CFO.AX,CFOAM Limited,Materials,Chemicals,Nano Cap
CGA.AX,Contango Asset Management Limited,Financials,Capital Markets,Nano Cap
CGB.AX,Cann Global Limited,Health Care,Pharmaceuticals,Nano Cap
CGC.AX,Costa Group Holdings Limited,Consumer Staples,Household Products,Small Cap
CGF.AX,Challenger Limited,Financials,Insurance,Mid Cap
CGN.AX,Crater Gold Mining Limited,Materials,Metals & Mining,Nano Cap
CGO.AX,CPT Global Limited,Information Technology,IT Services,Nano Cap
CGS.AX,Cogstate Limited,Health Care,Health Care Providers & Services,Micro Cap
CHK.AX,Cohiba Minerals Limited,Materials,Metals & Mining,Nano Cap
CHM.AX,Chimeric Therapeutics Limited,Health Care,Biotechnology,Micro Cap
CHN.AX,Chalice Mining Limited,Materials,Metals & Mining,Mid Cap
CHZ.AX,Chesser Resources Limited,Materials,Metals & Mining,Micro Cap
CIA.AX,Champion Iron Limited,Materials,Metals & Mining,Mid Cap
CII.AX,CI Resources Limited,Materials,Metals & Mining,Micro Cap
CIM.AX,CIMIC Group Limited,Industrials,Construction & Engineering,Mid Cap
CIN.AX,Carlton Investments Limited,Financials,Capital Markets,Small Cap
CIP.AX,Centuria Industrial REIT,Real Estate,Equity Real Estate Investment Trusts (REITs),Small Cap
CIW.AX,Clime Investment Management Limited,Materials,Metals & Mining,Nano Cap
CKA.AX,Cokal Limited,Materials,Metals & Mining,Nano Cap
CKF.AX,Collins Foods Limited,Consumer Discretionary,"Hotels, Restaurants & Leisure",Small Cap
CL1.AX,Class Limited,Information Technology,Software,Micro Cap
CL8.AX,Carly Holdings Limited,Industrials,Commercial Services & Supplies,Nano Cap
CLA.AX,Celsius Resources Limited,Materials,Metals & Mining,Nano Cap
CLH.AX,Collection House Limited,Industrials,Professional Services,Nano Cap
CLT.AX,Cellnet Group Limited,Industrials,Professional Services,Nano Cap
CLU.AX,Cluey Ltd,Consumer Staples,Household Products,Micro Cap
CLV.AX,Clover Corporation Limited,Consumer Staples,Food & Staples Retailing,Micro Cap
CLW.AX,Charter Hall Long WALE REIT,Real Estate,Equity Real Estate Investment Trusts (REITs),Mid Cap
CLX.AX,CTI Logistics Limited,Industrials,Air Freight & Logistics,Nano Cap
CLZ.AX,Classic Minerals Limited,Materials,Metals & Mining,Nano Cap
CMD.AX,Cassius Mining Limited,Materials,Metals & Mining,Nano Cap
CML.AX,Chase Mining Corporation Limited,Materials,Metals & Mining,Nano Cap
CMM.AX,Capricorn Metals Ltd,Materials,Metals & Mining,Small Cap
CMP.AX,Compumedics Limited,Health Care,Health Care Technology,Nano Cap
CMW.AX,Cromwell Property Group,Real Estate,Equity Real Estate Investment Trusts (REITs),Mid Cap
CNB.AX,Carnaby Resources Limited,Materials,Metals & Mining,Nano Cap
CNI.AX,Centuria Capital Group,Financials,Capital Markets,Small Cap
CNJ.AX,Conico Ltd,Materials,Metals & Mining,Nano Cap
CNL.AX,Celamin Holdings Limited,Materials,Metals & Mining,Nano Cap
COB.AX,Cobalt Blue Hldgs.,Materials,Metals & Mining,Micro Cap
COD.AX,Coda Minerals Limited,Materials,Metals & Mining,Micro Cap
COE.AX,Cooper Energy Limited,Energy,"Oil, Gas & Consumable Fuels",Small Cap
COF.AX,Centuria Office REIT,Real Estate,Equity Real Estate Investment Trusts (REITs),Small Cap
COG.AX,COG Financial Services Limited,Financials,Capital Markets,Micro Cap
COI.AX,Comet Ridge Limited,Energy,"Oil, Gas & Consumable Fuels",Nano Cap
COO.AX,Corum Group Limited,Health Care,Health Care Providers & Services,Nano Cap
COS.AX,COSOL Limited,Information Technology,IT Services,Micro Cap
COY.AX,Coppermoly Limited,Materials,Metals & Mining,Nano Cap
CPH.AX,Creso Pharma Limited,Health Care,Pharmaceuticals,Micro Cap
CPN.AX,Caspin Resources Limited,Materials,Metals & Mining,Micro Cap
CPT.AX,Cipherpoint Limited,Information Technology,Software,Nano Cap
CPU.AX,Computershare Limited,Information Technology,IT Services,Mid Cap
CPV.AX,ClearVue Technologies Limited,Information Technology,"Technology Hardware, Storage & Peripherals",Micro Cap
CQE.AX,Charter Hall Social Infrastructure REIT,Real Estate,Equity Real Estate Investment Trusts (REITs),Small Cap
CQR.AX,Charter Hall Retail Real Estate Investment Trust,Real Estate,Equity Real Estate Investment Trusts (REITs),Small Cap
CR1.AX,Constellation Resources Limited,Materials,Metals & Mining,Nano Cap
CRL.AX,Comet Resources Limited,Materials,Metals & Mining,Nano Cap
CRM.AX,Carbon Minerals Limited,Energy,"Oil, Gas & Consumable Fuels",Nano Cap
CRN.AX,Coronado Global Resources Inc.,Materials,Metals & Mining,Small Cap
CRO.AX,Cirralto Limited,Information Technology,Software,Micro Cap
CRS.AX,Caprice Resources Limited,Materials,Metals & Mining,Nano Cap
CRW.AX,Cashrewards Limited,Industrials,Professional Services,Nano Cap
CSE.AX,Copper Strike Limited,Materials,Metals & Mining,Nano Cap
CSR.AX,CSR Limited,Materials,Construction Materials,Mid Cap
CSS.AX,Clean Seas Seafood Limited,Consumer Staples,Household Products,Nano Cap
CST.AX,Castile Resources Limited,Materials,Metals & Mining,Nano Cap
CSX.AX,CleanSpace Holdings Limited,Health Care,Health Care Technology,Micro Cap
CT1.AX,Constellation Technologies Limited,Information Technology,IT Services,Nano Cap
CTD.AX,Corporate Travel Management Limited,Consumer Discretionary,"Hotels, Restaurants & Leisure",Mid Cap
CTE.AX,Cryosite Limited,Health Care,Biotechnology,Nano Cap
CTM.AX,CENTAURUS METALS LIMITED,Materials,Metals & Mining,Micro Cap
CTO.AX,Citigold Corporation Limited,Materials,Metals & Mining,Nano Cap
CTP.AX,Central Petroleum Limited,Energy,"Oil, Gas & Consumable Fuels",Micro Cap
CTT.AX,Cettire Limited,Consumer Discretionary,Internet & Direct Marketing Retail,Small Cap
CUE.AX,Cue Energy Resources Limited,Energy,"Oil, Gas & Consumable Fuels",Nano Cap
CUL.AX,Cullen Resources Limited,Materials,Metals & Mining,Nano Cap
CUP.AX,CountPlus Limited,Industrials,Professional Services,Micro Cap
CUV.AX,Clinuvel Pharmaceuticals Limited,Health Care,Biotechnology,Small Cap
CV1.AX,CV Check Ltd,Information Technology,IT Services,Nano Cap
CVC.AX,CVC Limited,Financials,Capital Markets,Micro Cap
CVL.AX,Civmec Limited,Industrials,Construction & Engineering,Micro Cap
CVN.AX,Carnarvon Petroleum Limited,Energy,"Oil, Gas & Consumable Fuels",Micro Cap
CVV.AX,Caravel Minerals Limited,Materials,Metals & Mining,Micro Cap
CVW.AX,ClearView Wealth Limited,Financials,Capital Markets,Micro Cap
CWN.AX,Crown Resorts Limited,Consumer Discretionary,"Hotels, Restaurants & Leisure",Mid Cap
CWNHB.AX,Crown Resorts Limited,Consumer Discretionary,"Hotels, Restaurants & Leisure",Mid Cap
CWP.AX,Cedar Woods Properties Limited,Real Estate,Real Estate Management & Development,Small Cap
CWX.AX,Carawine Resources Limited,Materials,Metals & Mining,Nano Cap
CWY.AX,Cleanaway Waste Management Limited,Industrials,Transportation Infrastructure,Mid Cap
CWZ.AX,Cashwerkz Limited,Information Technology,Software,Micro Cap
CXL.AX,Calix Limited,Materials,Chemicals,Micro Cap
CXM.AX,Centrex Metals Limited,Materials,Metals & Mining,Nano Cap
CXO.AX,Core Lithium Ltd,Materials,Metals & Mining,Micro Cap
CXU.AX,Cauldron Energy Limited,Materials,Metals & Mining,Nano Cap
CXX.AX,Cradle Resources Limited,Materials,Metals & Mining,Nano Cap
CXZ.AX,Connexion Telematics Ltd,Information Technology,Software,Nano Cap
CY5.AX,Cygnus Gold Limited,Materials,Metals & Mining,Nano Cap
CYC.AX,Cyclopharm Limited,Health Care,Health Care Technology,Micro Cap
CYG.AX,Coventry Group Ltd,Industrials,Trading Companies & Distributors,Micro Cap
CYL.AX,Catalyst Metals Limited,Materials,Metals & Mining,Micro Cap
CYM.AX,Cyprium Metals Limited,Materials,Metals & Mining,Micro Cap
CYP.AX,Cynata Therapeutics Limited,Health Care,Biotechnology,Nano Cap
CYQ.AX,Cycliq Group Limited,Consumer Discretionary,"Hotels, Restaurants & Leisure",Nano Cap
CZL.AX,Consolidated Zinc Limited,Materials,Metals & Mining,Nano Cap
CZN.AX,Corazon Mining Limited,Materials,Metals & Mining,Nano Cap
CZR.AX,CZR Resources Ltd,Materials,Metals & Mining,Nano Cap
D2O.AX,Duxton Water Limited,Utilities,Water Utilities,Micro Cap
DAF.AX,Discovery Africa Limited,Materials,Metals & Mining,Nano Cap
DAV.AX,Davenport Resources Limited,Materials,Metals & Mining,Nano Cap
DBF.AX,Duxton Broadacre Farms Limited,Consumer Staples,Household Products,Nano Cap
DCC.AX,DigitalX Limited,Information Technology,Software,Nano Cap
DCG.AX,Decmil Group Limited,Industrials,Construction & Engineering,Nano Cap
DCL.AX,DomaCom Limited,Information Technology,Software,Nano Cap
DCN.AX,Dacian Gold Limited,Materials,Metals & Mining,Micro Cap
DCX.AX,DiscovEx Resources Limited,Materials,Metals & Mining,Nano Cap
DDB.AX,Dynamic Drill and Blast Holdings Limited,Industrials,Construction & Engineering,Nano Cap
DDD.AX,3D Resources Limited,Materials,Metals & Mining,Nano Cap
DDH.AX,DDH1 Limited,Energy,Energy Equipment & Services,Micro Cap
DDR.AX,Dicker Data Limited,Information Technology,"Electronic Equipment, Instruments & Components",Small Cap
DDT.AX,DataDot Technology Limited,Industrials,Professional Services,Nano Cap
DEG.AX,De Grey Mining Limited,Materials,Metals & Mining,Small Cap
DEL.AX,Delorean Corporation Limited,Utilities,Independent Power and Renewable Electricity Producers,Nano Cap
DEM.AX,De.mem Limited,Industrials,Construction & Engineering,Nano Cap
DEV.AX,DevEx Resources Limited,Materials,Metals & Mining,Micro Cap
DEX.AX,Duke Exploration Limited,Materials,Metals & Mining,Nano Cap
DGH.AX,Desane Group Holdings Limited,Real Estate,Real Estate Management & Development,Nano Cap
DGO.AX,DGO Gold Limited,Materials,Metals & Mining,Micro Cap
DGR.AX,DGR Global Limited,Materials,Metals & Mining,Nano Cap
DHG.AX,Domain Holdings Australia Limited,Communication Services,Diversified Telecommunication Services,Mid Cap
DKM.AX,Duketon Mining Limited,Materials,Metals & Mining,Nano Cap
DLC.AX,Delecta Limited,Consumer Discretionary,Specialty Retail,Nano Cap
DM1.AX,Desert Metals Limited,Materials,Metals & Mining,Nano Cap
DME.AX,Dome Gold Mines Ltd,Materials,Metals & Mining,Nano Cap
DMP.AX,Domino's Pizza Enterprises Limited,Consumer Discretionary,"Hotels, Restaurants & Leisure",Mid Cap
DNA.AX,Donaco International Limited,Consumer Discretionary,"Hotels, Restaurants & Leisure",Nano Cap
DNK.AX,Danakali Ltd.,Materials,Construction Materials,Micro Cap
DOU.AX,Douugh Limited,Information Technology,IT Services,Micro Cap
DOW.AX,Downer EDI Limited,Industrials,Construction & Engineering,Mid Cap
DRE.AX,Dreadnought Resources Limited,Materials,Metals & Mining,Nano Cap
DRR.AX,Deterra Royalties Limited,Materials,Metals & Mining,Small Cap
DRX.AX,Diatreme Resources Limited,Materials,Metals & Mining,Nano Cap
DSK.AX,Dusk Group Limited,Consumer Discretionary,Specialty Retail,Micro Cap
DTC.AX,Damstra Holdings Limited,Information Technology,Software,Micro Cap
DTI.AX,DTI Group Limited,Industrials,Professional Services,Nano Cap
DTL.AX,Data#3 Limited,Information Technology,IT Services,Small Cap
DTM.AX,Dart Mining NL,Materials,Metals & Mining,Nano Cap
DTR.AX,Dateline Resources Limited,Materials,Metals & Mining,Small Cap
DTS.AX,Dragontail Systems Limited,Information Technology,Software,Nano Cap
DUB.AX,Dubber Corporation Limited,Information Technology,Software,Small Cap
DUG.AX,DUG Technology Ltd,Information Technology,IT Services,Micro Cap
DUI.AX,Diversified United Investment Limited,Financials,Capital Markets,Small Cap
DUR.AX,Duratec Limited,Industrials,Construction & Engineering,Micro Cap
DVL.AX,dorsaVi Ltd,Information Technology,"Electronic Equipment, Instruments & Components",Nano Cap
DVN.AX,Devine Limited,Real Estate,Real Estate Management & Development,Nano Cap
DW8.AX,Digital Wine Ventures Limited,Consumer Staples,Beverages,Micro Cap
DXB.AX,Dimerix Limited,Health Care,Biotechnology,Nano Cap
DXN.AX,DXN Limited,Information Technology,IT Services,Nano Cap
DXS.AX,Dexus,Real Estate,Equity Real Estate Investment Trusts (REITs),Mid Cap
DYL.AX,Deep Yellow Limited,Materials,Metals & Mining,Micro Cap
E25.AX,Element 25 Limited,Materials,Metals & Mining,Micro Cap
E2M.AX,E2 Metals Limited,Materials,Metals & Mining,Nano Cap
EAI.AX,Ellerston Asian Investments Limited,Financials,Capital Markets,Micro Cap
EAS.AX,Easton Investments Limited,Financials,Capital Markets,Nano Cap
EAX.AX,Energy Action Limited,Industrials,Professional Services,Nano Cap
EBG.AX,Eumundi Group Limited,Consumer Discretionary,"Hotels, Restaurants & Leisure",Nano Cap
EBO.AX,EBOS Group Limited,Health Care,Health Care Providers & Services,Mid Cap
ECF.AX,Elanor Commercial Property Fund,Real Estate,Real Estate Management & Development,Micro Cap
ECL.AX,Excelsior Capital Limited,Industrials,Electrical Equipment,Nano Cap
ECP.AX,ECP Emerging Growth Limited,Financials,Capital Markets,Nano Cap
ECS.AX,ECS Botanics Holdings Ltd,Health Care,Pharmaceuticals,Nano Cap
ECT.AX,Environmental Clean Technologies Limited,Industrials,Construction & Engineering,Nano Cap
ECX.AX,Eclipx Group Limited,Industrials,Commercial Services & Supplies,Small Cap
EDC.AX,Eildon Capital Fund,Real Estate,Real Estate Management & Development,Nano Cap
EDE.AX,Eden Innovations Ltd,Industrials,Machinery,Nano Cap
EEG.AX,Empire Energy Group Limited,Energy,"Oil, Gas & Consumable Fuels",Micro Cap
EFE.AX,Eastern Iron Limited,Materials,Metals & Mining,Nano Cap
EGG.AX,Enero Group Limited,Communication Services,Diversified Telecommunication Services,Micro Cap
EGH.AX,Eureka Group Holdings Limited,Real Estate,Real Estate Management & Development,Micro Cap
EGL.AX,The Environmental Group Limited,Industrials,Construction & Engineering,Nano Cap
EGN.AX,Engenco Limited,Industrials,Road & Rail,Micro Cap
EGR.AX,EcoGraf Ltd.,Materials,Metals & Mining,Micro Cap
EGY.AX,Energy Technologies Limited,Industrials,Electrical Equipment,Nano Cap
EHE.AX,Estia Health Limited,Health Care,Health Care Equipment & Supplies,Small Cap
EHL.AX,Emeco Holdings Limited,Industrials,Commercial Services & Supplies,Small Cap
ELD.AX,Elders Limited,Consumer Staples,Household Products,Small Cap
ELE.AX,Elmore Limited,Materials,Metals & Mining,Nano Cap
ELO.AX,Elmo Software Limited,Information Technology,Software,Small Cap
ELT.AX,Elementos Limited,Materials,Metals & Mining,Micro Cap
EM1.AX,Emerge Gaming Limited,Communication Services,Interactive Media & Services,Nano Cap
EM2.AX,Eagle Mountain Mining Limited,Materials,Metals & Mining,Micro Cap
EMD.AX,Emyria Limited,Health Care,Health Care Providers & Services,Nano Cap
EME.AX,Energy Metals Limited,Materials,Metals & Mining,Nano Cap
EMH.AX,European Metals Holdings Ltd,Materials,Metals & Mining,Micro Cap
EML.AX,EML Payments Limited,Information Technology,IT Services,Small Cap
EMP.AX,Emperor Energy Limited,Energy,"Oil, Gas & Consumable Fuels",Nano Cap
EMR.AX,Emerald Resources NL,Materials,Metals & Mining,Small Cap
EMT.AX,eMetals Limited,Materials,Metals & Mining,Nano Cap
EMU.AX,Emu NL,Materials,Metals & Mining,Nano Cap
EMUCA.AX,Emu NL,Materials,Metals & Mining,Nano Cap
EMV.AX,EMvision Medical Devices Limited,Health Care,Health Care Technology,Micro Cap
ENA.AX,Ensurance Limited,Financials,Insurance,Nano Cap
ENN.AX,Elanor Investors Group,Financials,Capital Markets,Micro Cap
ENR.AX,Encounter Resources Limited,Materials,Metals & Mining,Nano Cap
ENT.AX,Enterprise Metals Limited,Materials,Metals & Mining,Nano Cap
ENV.AX,Enova Mining Limited,Materials,Metals & Mining,Nano Cap
ENX.AX,Enegex Limited,Energy,"Oil, Gas & Consumable Fuels",Nano Cap
EOF.AX,Ecofibre Limited,Health Care,Pharmaceuticals,Micro Cap
EOS.AX,Electro Optic Systems Holdings Limited,Industrials,Aerospace & Defense,Small Cap
EP1.AX,E&P Financial Group Limited,Financials,Capital Markets,Micro Cap
EPD.AX,Empired Limited,Information Technology,IT Services,Micro Cap
EPM.AX,Eclipse Metals Limited,Materials,Metals & Mining,Nano Cap
EPN.AX,Epsilon Healthcare Limited,Health Care,Pharmaceuticals,Nano Cap
EPY.AX,Earlypay Ltd,Financials,Consumer Finance,Micro Cap
EQE.AX,Equus Mining Limited,Materials,Metals & Mining,Nano Cap
EQR.AX,EQ Resources Limited,Materials,Metals & Mining,Nano Cap
EQT.AX,EQT Holdings Limited,Financials,Capital Markets,Small Cap
EQX.AX,Equatorial Resources Limited,Materials,Metals & Mining,Nano Cap
ERA.AX,Energy Resources of Australia Ltd. Class A,Materials,Metals & Mining,Small Cap
ERF.AX,Elanor Retail Property Fund,Real Estate,Real Estate Management & Development,Micro Cap
ERG.AX,Eneco Refresh Limited,Consumer Staples,Beverages,Nano Cap
ERL.AX,Empire Resources Limited,Materials,Metals & Mining,Nano Cap
ERM.AX,Emmerson Resources Limited,Materials,Metals & Mining,Nano Cap
ERW.AX,Errawarra Resources Ltd,Materials,Metals & Mining,Nano Cap
ESH.AX,Esports Mogul Limited,Communication Services,Interactive Media & Services,Nano Cap
ESK.AX,Etherstack plc,Information Technology,Software,Micro Cap
ESR.AX,Estrella Resources Limited,Materials,Metals & Mining,Nano Cap
ESS.AX,Essential Metals Limited,Materials,Metals & Mining,Nano Cap
EUR.AX,European Lithium Limited,Materials,Metals & Mining,Nano Cap
EVE.AX,EVE Investments Limited,Consumer Staples,Food & Staples Retailing,Nano Cap
EVN.AX,Evolution Mining Ltd.,Materials,Metals & Mining,Mid Cap
EVS.AX,Envirosuite Limited,Information Technology,Software,Micro Cap
EVT.AX,Event Hospitality & Entertainment Limited,Communication Services,Entertainment,Small Cap
EVZ.AX,EVZ Limited,Industrials,Construction & Engineering,Nano Cap
EWC.AX,Energy World Corporation Ltd,Utilities,Independent Power and Renewable Electricity Producers,Micro Cap
EX1.AX,Exopharm Limited,Health Care,Biotechnology,Micro Cap
EXL.AX,Elixinol Wellness Ltd.,Health Care,Pharmaceuticals,Nano Cap
EXP.AX,Experience Co Limited,Consumer Discretionary,"Hotels, Restaurants & Leisure",Micro Cap
EXR.AX,Elixir Energy Limited,Energy,"Oil, Gas & Consumable Fuels",Micro Cap
EYE.AX,Nova Eye Medical Limited,Health Care,Health Care Technology,Nano Cap
EZL.AX,Euroz Limited,Financials,Capital Markets,Micro Cap
EZZ.AX,EZZ Life Science Holdings Limited,Consumer Staples,Household Products,Nano Cap
FAU.AX,First Au Limited,Materials,Metals & Mining,Nano Cap
FBR.AX,FBR Limited,Industrials,Machinery,Micro Cap
FCT.AX,Firstwave Cloud Technology Limited,Information Technology,Software,Nano Cap
FEL.AX,Fe Limited,Materials,Metals & Mining,Nano Cap
FEX.AX,Fenix Resources Limited,Materials,Metals & Mining,Micro Cap
FFC.AX,FarmaForce Limited,Health Care,Health Care Equipment & Supplies,Nano Cap
FFF.AX,Forbidden Foods Limited,Consumer Staples,Food & Staples Retailing,Nano Cap
FFG.AX,Fatfish Group Limited,Financials,Capital Markets,Micro Cap
FFI.AX,FFI Holdings Limited,Consumer Staples,Food & Staples Retailing,Micro Cap
FFR.AX,Firefly Resources Limited,Materials,Metals & Mining,Micro Cap
FFT.AX,Future First Technologies Ltd,Information Technology,IT Services,Nano Cap
FFX.AX,Firefinch Limited,Materials,Metals & Mining,Small Cap
FGG.AX,Future Generation Global Investment Company Limited,Financials,Capital Markets,Small Cap
FGL.AX,Frugl Group Limited,Communication Services,Diversified Telecommunication Services,Nano Cap
FGO.AX,Fargo Enterprises Limited,Information Technology,Software,Nano Cap
FGR.AX,First Graphene Limited,Materials,Metals & Mining,Micro Cap
FGX.AX,Future Generation Investment Company Limited,Financials,Capital Markets,Small Cap
FHS.AX,Freehill Mining Limited,Materials,Metals & Mining,Nano Cap
FID.AX,Fiducian Group Limited,Financials,Capital Markets,Micro Cap
FIJ.AX,Fiji Kava Limited,Consumer Staples,Food & Staples Retailing,Nano Cap
FIN.AX,Fin Resources Limited,Materials,Metals & Mining,Nano Cap
FLN.AX,Freelancer Limited,Industrials,Professional Services,Small Cap
FLT.AX,Flight Centre Travel Group Limited,Consumer Discretionary,"Hotels, Restaurants & Leisure",Small Cap
FLX.AX,Felix Group Holdings Ltd,Information Technology,Software,Nano Cap
FML.AX,Focus Minerals Ltd,Materials,Metals & Mining,Nano Cap
FMS.AX,Flinders Mines Limited,Materials,Metals & Mining,Micro Cap
FNP.AX,Freedom Foods Group Limited,Consumer Staples,Food & Staples Retailing,Micro Cap
FNT.AX,Frontier Resources Limited,Materials,Metals & Mining,Nano Cap
FNX.AX,Finexia Financial Group Limited,Financials,Capital Markets,Nano Cap
FOD.AX,The Food Revolution Group Limited,Consumer Staples,Food & Staples Retailing,Nano Cap
FOR.AX,Forager Australian Shares Fund,Financials,,Micro Cap
FPC.AX,Fat Prophets Global Contrarian Fund Ltd,Financials,Capital Markets,Nano Cap
FPP.AX,Fat Prophets Global Property Fund,Real Estate,Equity Real Estate Investment Trusts (REITs),Nano Cap
FRB.AX,Firebird Metals Ltd.,Materials,Metals & Mining,Nano Cap
FRI.AX,Finbar Group Limited,Real Estate,Real Estate Management & Development,Micro Cap
FRM.AX,Farm Pride Foods Limited,Consumer Staples,Household Products,Nano Cap
FSA.AX,FSA Group Limited,Financials,Consumer Finance,Micro Cap
FSG.AX,Field Solutions Holdings Limited,Communication Services,Diversified Telecommunication Services,Micro Cap
FSI.AX,Flagship Investments Limited,Financials,Capital Markets,Nano Cap
FTZ.AX,Fertoz Limited,Materials,Construction Materials,Nano Cap
FUN.AX,Funtastic Limited,Consumer Discretionary,"Hotels, Restaurants & Leisure",Micro Cap
FWD.AX,Fleetwood Limited,Financials,Diversified Financial Services,Micro Cap
FYI.AX,FYI Resources Limited,Materials,Metals & Mining,Micro Cap
FZR.AX,Fitzroy River Corporation Limited,Energy,"Oil, Gas & Consumable Fuels",Nano Cap
G1A.AX,Galena Mining Limited,Materials,Metals & Mining,Micro Cap
G88.AX,Golden Mile Resources Limited,Materials,Metals & Mining,Nano Cap
GAL.AX,Galileo Mining Ltd,Materials,Metals & Mining,Nano Cap
GAP.AX,Gale Pacific Limited,Consumer Discretionary,"Textiles, Apparel & Luxury Goods",Micro Cap
GAS.AX,State Gas Limited,Energy,"Oil, Gas & Consumable Fuels",Micro Cap
GBE.AX,Globe Metals & Mining Limited,Materials,Metals & Mining,Nano Cap
GBR.AX,Great Boulder Resources Limited,Materials,Metals & Mining,Nano Cap
GBZ.AX,GBM RESOURCES LTD,Materials,Metals & Mining,Nano Cap
GC1.AX,Glennon Small Companies Ltd,Financials,Capital Markets,Nano Cap
GCI.AX,Gryphon Capital Income Trust,Financials,Capital Markets,Micro Cap
GCY.AX,Gascoyne Resources Limited,Materials,Metals & Mining,Micro Cap
GDA.AX,Good Drinks Australia Ltd,Consumer Staples,Beverages,Micro Cap
GDC.AX,360 Capital Digital Infrastructure Fund,Financials,Capital Markets,Micro Cap
GDF.AX,Garda Property Group,Real Estate,Real Estate Management & Development,Micro Cap
GDG.AX,Generation Development Group Limited,Financials,Capital Markets,Micro Cap
GDI.AX,GDI Property Group,Real Estate,Equity Real Estate Investment Trusts (REITs),Small Cap
GED.AX,Golden Deeps Limited,Materials,Metals & Mining,Nano Cap
GEM.AX,G8 Education Limited,Consumer Staples,Household Products,Small Cap
GEN.AX,Genmin Limited,Materials,Metals & Mining,Micro Cap
GES.AX,Genesis Resources Limited,Materials,Metals & Mining,Nano Cap
GEV.AX,Global Energy Ventures Ltd.,Energy,"Oil, Gas & Consumable Fuels",Nano Cap
GFL.AX,Global Masters Fund Limited,Financials,Capital Markets,Nano Cap
GGE.AX,Grand Gulf Energy Limited,Energy,"Oil, Gas & Consumable Fuels",Nano Cap
GGG.AX,Greenland Minerals Limited,Materials,Metals & Mining,Micro Cap
GGX.AX,Gas2Grid Limited,Energy,"Oil, Gas & Consumable Fuels",Nano Cap
GIB.AX,Gibb River Diamonds Limited,Materials,Metals & Mining,Nano Cap
GLA.AX,Gladiator Resources Limited,Materials,Metals & Mining,Nano Cap
GLB.AX,Globe International Limited,Consumer Discretionary,"Textiles, Apparel & Luxury Goods",Micro Cap
GLH.AX,Global Health Limited,Health Care,Health Care Providers & Services,Nano Cap
GLL.AX,Galilee Energy Limited,Energy,"Oil, Gas & Consumable Fuels",Micro Cap
GLN.AX,GALAN LITHIUM LTD.,Materials,Metals & Mining,Micro Cap
GLV.AX,Global Oil & Gas Limited,Energy,"Oil, Gas & Consumable Fuels",Nano Cap
GMA.AX,Genworth Mortgage Insurance Australia Limited,Financials,Insurance,Small Cap
GMD.AX,Genesis Minerals Limited,Materials,Metals & Mining,Micro Cap
GME.AX,GME Resources Limited,Materials,Metals & Mining,Nano Cap
GML.AX,Gateway Mining Limited,Materials,Metals & Mining,Nano Cap
GMN.AX,Gold Mountain Limited,Materials,Metals & Mining,Nano Cap
GMR.AX,Golden Rim Resources Ltd,Materials,Metals & Mining,Nano Cap
GNC.AX,GrainCorp Limited,Consumer Staples,Household Products,Small Cap
GNG.AX,GR Engineering Services Limited,Industrials,Construction & Engineering,Micro Cap
GNM.AX,Northern Minerals Limited,Materials,Metals & Mining,Micro Cap
GNP.AX,GenusPlus Group Limited,Industrials,Construction & Engineering,Micro Cap
GNX.AX,Genex Power Limited,Utilities,Independent Power and Renewable Electricity Producers,Micro Cap
GO2.AX,The GO2 People Limited,Industrials,Professional Services,Nano Cap
GOR.AX,Gold Road Resources Limited,Materials,Metals & Mining,Small Cap
GOW.AX,Gowing Bros. Limited,Financials,Capital Markets,Micro Cap
GOZ.AX,Growthpoint Properties Australia,Real Estate,Equity Real Estate Investment Trusts (REITs),Mid Cap
GPR.AX,Geopacific Resources Limited,Materials,Metals & Mining,Micro Cap
GPT.AX,GPT Group,Real Estate,Equity Real Estate Investment Trusts (REITs),Mid Cap
GRL.AX,Godolphin Resources Limited,Materials,Metals & Mining,Nano Cap
GRR.AX,Grange Resources Ltd.,Materials,Metals & Mining,Small Cap
GRV.AX,Greenvale Mining Limited,Energy,"Oil, Gas & Consumable Fuels",Micro Cap
GSM.AX,Golden State Mining Limited,Materials,Metals & Mining,Nano Cap
GSN.AX,Great Southern Mining Limited,Materials,Metals & Mining,Nano Cap
GSS.AX,Genetic Signatures Limited,Health Care,Biotechnology,Micro Cap
GTE.AX,Great Western Exploration Limited,Materials,Metals & Mining,Nano Cap
GTG.AX,Genetic Technologies Limited,Health Care,Biotechnology,Micro Cap
GTN.AX,GTN Limited,Communication Services,Diversified Telecommunication Services,Micro Cap
GTR.AX,GTI Resources Limited,Materials,Metals & Mining,Nano Cap
GUD.AX,GUD Holdings Limited,Industrials,Machinery,Small Cap
GUL.AX,Gullewa Limited,Materials,Metals & Mining,Nano Cap
GWA.AX,GWA Group Limited,Consumer Discretionary,Household Durables,Small Cap
GWR.AX,GWR Group Limited,Materials,Metals & Mining,Micro Cap
GXY.AX,Galaxy Resources Limited,Materials,Metals & Mining,Small Cap
HAS.AX,Hastings Technology Metals Limited,Materials,Metals & Mining,Micro Cap
HAV.AX,Havilah Resources Limited,Materials,Metals & Mining,Micro Cap
HAW.AX,Hawthorn Resources Limited,Materials,Metals & Mining,Nano Cap
HCD.AX,Hydrocarbon Dynamics Limited,Materials,Chemicals,Nano Cap
HCH.AX,Hot Chili Limited,Materials,Metals & Mining,Micro Cap
HCT.AX,Holista CollTech Limited,Consumer Staples,Food & Staples Retailing,Nano Cap
HDN.AX,HomeCo Daily Needs REIT,Real Estate,Equity Real Estate Investment Trusts (REITs),Small Cap
HE8.AX,Helios Energy Limited,Energy,"Oil, Gas & Consumable Fuels",Micro Cap
HFY.AX,Hubify Limited,Communication Services,Diversified Telecommunication Services,Nano Cap
HGO.AX,Hillgrove Resources Limited,Materials,Metals & Mining,Micro Cap
HIL.AX,Hills Limited,Industrials,Professional Services,Nano Cap
HIT.AX,HiTech Group Australia Limited,Industrials,Professional Services,Micro Cap
HLA.AX,Healthia Limited,Health Care,Health Care Equipment & Supplies,Micro Cap
HLO.AX,Helloworld Travel Limited,Consumer Discretionary,"Hotels, Restaurants & Leisure",Micro Cap
HLS.AX,Healius Limited,Health Care,Health Care Equipment & Supplies,Small Cap
HLX.AX,Helix Resources Limited,Materials,Metals & Mining,Nano Cap
HM1.AX,Hearts and Minds Investments Limited,Financials,Capital Markets,Small Cap
HMD.AX,HeraMED Limited,Health Care,Health Care Technology,Nano Cap
HMX.AX,Hammer Metals Limited,Materials,Metals & Mining,Micro Cap
HNR.AX,Hannans Limited,Materials,Metals & Mining,Nano Cap
HPG.AX,Hipages Group Holdings Limited,Information Technology,Software,Micro Cap
HPI.AX,Hotel Property Investments,Real Estate,Equity Real Estate Investment Trusts (REITs),Small Cap
HPP.AX,Health and Plant Protein Group Limited,Consumer Staples,Food & Staples Retailing,Nano Cap
HPR.AX,High Peak Royalties Limited,Energy,"Oil, Gas & Consumable Fuels",Nano Cap
HRL.AX,HRL Holdings Limited,Information Technology,"Electronic Equipment, Instruments & Components",Nano Cap
HRN.AX,Horizon Gold Limited,Materials,Metals & Mining,Nano Cap
HRR.AX,Heron Resources Limited,Materials,Metals & Mining,Nano Cap
HRZ.AX,Horizon Minerals Limited,Materials,Metals & Mining,Micro Cap
HSC.AX,HSC Technology Group Ltd,Information Technology,Software,Nano Cap
HSN.AX,Hansen Technologies Limited,Information Technology,Software,Small Cap
HT1.AX,HT&E Limited,Communication Services,Entertainment,Small Cap
HT8.AX,Harris Technology Group Limited,Consumer Discretionary,Internet & Direct Marketing Retail,Nano Cap
HTA.AX,Hutchison Telecommunications (Australia) Limited,Communication Services,Diversified Telecommunication Services,Small Cap
HTG.AX,Harvest Technology Group Ltd,Information Technology,Software,Micro Cap
HUB.AX,HUB24 Limited,Financials,Capital Markets,Small Cap
HUM.AX,Humm Group Limited,Financials,Consumer Finance,Small Cap
HUO.AX,Huon Aquaculture Group Limited,Consumer Staples,Household Products,Micro Cap
HVN.AX,Harvey Norman Holdings Ltd,Consumer Discretionary,Household Durables,Mid Cap
HWH.AX,Houston We Have Limited,Information Technology,Software,Nano Cap
HXG.AX,Hexagon Energy Materials Limited,Materials,Metals & Mining,Nano Cap
HXL.AX,Hexima Limited,Health Care,Biotechnology,Nano Cap
HYD.AX,Hydrix Limited,Information Technology,"Electronic Equipment, Instruments & Components",Nano Cap
HYM.AX,Hyperion Metals Limited,Materials,Metals & Mining,Micro Cap
HZN.AX,Horizon Oil Limited,Energy,"Oil, Gas & Consumable Fuels",Micro Cap
HZR.AX,HAZER GROUP LIMITED,Materials,Chemicals,Micro Cap
IAG.AX,Insurance Australia Group Limited,Financials,Insurance,Mid Cap
IAGPD.AX,Insurance Australia Group Limited,Financials,Insurance,Mid Cap
IAP.AX,Irongate Group,Real Estate,Equity Real Estate Investment Trusts (REITs),Small Cap
IBC.AX,Ironbark Capital Limited,Financials,Capital Markets,Nano Cap
IBG.AX,Ironbark Zinc Limited,Materials,Metals & Mining,Nano Cap
ICE.AX,iCetana Limited,Information Technology,Software,Nano Cap
ICG.AX,Inca Minerals Limited,Materials,Metals & Mining,Nano Cap
ICI.AX,iCandy Interactive Limited,Communication Services,Interactive Media & Services,Nano Cap
ICL.AX,Iceni Gold Limited,Materials,Metals & Mining,Nano Cap
ICN.AX,Icon Energy Limited,Energy,"Oil, Gas & Consumable Fuels",Nano Cap
ICR.AX,Intelicare Holdings Limited,Health Care,Health Care Providers & Services,Nano Cap
ICS.AX,ICS Global Limited,Health Care,Health Care Providers & Services,Nano Cap
ICT.AX,iCollege Limited,Consumer Staples,Household Products,Nano Cap
ID8.AX,Identitii Limited,Information Technology,Software,Nano Cap
IDA.AX,Indiana Resources Limited,Materials,Metals & Mining,Nano Cap
IDT.AX,IDT Corporation Class B,Health Care,Pharmaceuticals,Nano Cap
IDX.AX,Integral Diagnostics Limited,Health Care,Biotechnology,Small Cap
IDZ.AX,Indoor Skydive Australia Group Limited,Consumer Discretionary,"Hotels, Restaurants & Leisure",Nano Cap
IEC.AX,Intra Energy Corporation Limited,Materials,Metals & Mining,Nano Cap
IEL.AX,IDP Education Limited,Consumer Staples,Household Products,Mid Cap
IFL.AX,IOOF Holdings Ltd,Financials,Capital Markets,Mid Cap
IFM.AX,Infomedia Ltd,Information Technology,Software,Small Cap
IGL.AX,IVE Group Limited,Communication Services,Diversified Telecommunication Services,Micro Cap
IGN.AX,Ignite Limited,Industrials,Professional Services,Nano Cap
IGO.AX,IGO Limited,Materials,Metals & Mining,Mid Cap
IHL.AX,Incannex Healthcare Limited,Health Care,Pharmaceuticals,Micro Cap
IHR.AX,intelliHR Limited,Information Technology,Software,Micro Cap
ILA.AX,Island Pharmaceuticals Limited,Health Care,Biotechnology,Nano Cap
ILU.AX,Iluka Resources Limited,Materials,Metals & Mining,Mid Cap
IMA.AX,Image Resources NL,Materials,Metals & Mining,Micro Cap
IMC.AX,Immuron Limited,Health Care,Biotechnology,Nano Cap
IMD.AX,Imdex Limited,Industrials,Machinery,Small Cap
IME.AX,ImExHS Limited,Health Care,Health Care Providers & Services,Nano Cap
IMM.AX,Immutep Ltd.,Health Care,Biotechnology,Micro Cap
IMU.AX,Imugene Limited,Health Care,Biotechnology,Small Cap
INA.AX,Ingenia Communities Group,Real Estate,Equity Real Estate Investment Trusts (REITs),Small Cap
ING.AX,Inghams Group Limited,Consumer Staples,Household Products,Small Cap
INP.AX,IncentiaPay Limited,Information Technology,Software,Nano Cap
INV.AX,InvestSMART Group Limited,Financials,Capital Markets,Nano Cap
IOD.AX,IODM Limited,Information Technology,Software,Micro Cap
IOU.AX,IOUpay Limited,Information Technology,Software,Micro Cap
IP1.AX,Integrated Payment Technologies Limited,Information Technology,IT Services,Nano Cap
IPB.AX,IPB Petroleum Limited,Energy,"Oil, Gas & Consumable Fuels",Nano Cap
IPC.AX,Imperial Pacific Limited,Financials,Capital Markets,Nano Cap
IPD.AX,ImpediMed Limited,Health Care,Health Care Technology,Micro Cap
IPH.AX,IPH Limited,Industrials,Professional Services,Small Cap
IPL.AX,Incitec Pivot Limited,Materials,Chemicals,Mid Cap
IPT.AX,Impact Minerals Limited,Materials,Metals & Mining,Nano Cap
IQ3.AX,iQ3Corp Ltd,Financials,Capital Markets,Nano Cap
IRD.AX,Iron Road Limited,Materials,Metals & Mining,Micro Cap
IRE.AX,IRESS Limited,Information Technology,Software,Small Cap
IRI.AX,Integrated Research Limited,Information Technology,Software,Micro Cap
ISD.AX,Isentia Group Limited,Information Technology,Software,Nano Cap
ISU.AX,iSelect Limited,Communication Services,Diversified Telecommunication Services,Micro Cap
ITG.AX,Intega Group Limited,Industrials,Construction & Engineering,Micro Cap
IVC.AX,InvoCare Limited,Consumer Discretionary,"Hotels, Restaurants & Leisure",Small Cap
IVR.AX,Investigator Resources Limited,Materials,Metals & Mining,Micro Cap
IVT.AX,Inventis Limited,Consumer Discretionary,Household Durables,Nano Cap
IVX.AX,Invion Limited,Health Care,Pharmaceuticals,Nano Cap
IVZ.AX,Invictus Energy Limited,Energy,"Oil, Gas & Consumable Fuels",Micro Cap
IXC.AX,Invex Therapeutics Ltd,Health Care,Biotechnology,Nano Cap
IXR.AX,Ionic Rare Earths Limited,Materials,Metals & Mining,Micro Cap
IXU.AX,IXUP Limited,Information Technology,Software,Micro Cap
JAL.AX,Jameson Resources Limited,Materials,Metals & Mining,Nano Cap
JAN.AX,Janison Education Group Limited,Information Technology,Software,Micro Cap
JAT.AX,Jatcorp Limited,Consumer Staples,Food & Staples Retailing,Nano Cap
JAY.AX,Jayride Group Limited,Consumer Discretionary,"Hotels, Restaurants & Leisure",Nano Cap
JBH.AX,JB Hi-Fi Limited,Consumer Discretionary,Specialty Retail,Mid Cap
JCS.AX,JCurve Solutions Limited,Information Technology,Software,Nano Cap
JDR.AX,Jadar Resources Limited,Materials,Metals & Mining,Nano Cap
JHC.AX,Japara Healthcare Limited,Health Care,Health Care Equipment & Supplies,Micro Cap
JHL.AX,Jayex Healthcare Limited,Health Care,Health Care Providers & Services,Nano Cap
JIN.AX,Jumbo Interactive Limited,Consumer Discretionary,"Hotels, Restaurants & Leisure",Small Cap
JLG.AX,Johns Lyng Group Limited,Industrials,Construction & Engineering,Small Cap
JMS.AX,Jupiter Mines Limited,Materials,Metals & Mining,Small Cap
JPR.AX,Jupiter Energy Limited,Energy,"Oil, Gas & Consumable Fuels",Nano Cap
JRL.AX,Jindalee Resources Limited,Materials,Metals & Mining,Micro Cap
JRV.AX,Jervois Mining Limited,Materials,Metals & Mining,Micro Cap
JXT.AX,Jaxsta Limited,Information Technology,Software,Nano Cap
JYC.AX,Joyce Corporation Ltd,Consumer Discretionary,Specialty Retail,Micro Cap
K2F.AX,K2fly Limited,Information Technology,Software,Nano Cap
KAI.AX,Kairos Minerals Limited,Materials,Metals & Mining,Nano Cap
KAM.AX,K2 Asset Management Holdings Ltd,Financials,Capital Markets,Nano Cap
KAR.AX,Karoon Energy Ltd,Energy,"Oil, Gas & Consumable Fuels",Small Cap
KAT.AX,Katana Capital Limited,Financials,Capital Markets,Nano Cap
KAU.AX,Kaiser Reef Limited,Materials,Metals & Mining,Nano Cap
KBC.AX,Keybridge Capital Limited,Financials,Capital Markets,Nano Cap
KCN.AX,Kingsgate Consolidated Limited,Materials,Metals & Mining,Micro Cap
KEY.AX,Key Petroleum Limited,Energy,"Oil, Gas & Consumable Fuels",Nano Cap
KFE.AX,Kogi Iron Limited,Materials,Metals & Mining,Nano Cap
KFM.AX,Kingfisher Mining Limited,Materials,Metals & Mining,Nano Cap
KGD.AX,Kula Gold Limited,Materials,Metals & Mining,Nano Cap
KGL.AX,KGL Resources Limited,Materials,Metals & Mining,Micro Cap
KGN.AX,Kogan.com Ltd,Consumer Discretionary,Internet & Direct Marketing Retail,Small Cap
KIN.AX,Kin Mining NL,Materials,Metals & Mining,Micro Cap
KIS.AX,King Island Scheelite Limited,Materials,Metals & Mining,Micro Cap
KKO.AX,Kinetiko Energy Limited,Energy,"Oil, Gas & Consumable Fuels",Micro Cap
KLL.AX,Kalium Lakes Limited,Materials,Metals & Mining,Micro Cap
KLR.AX,Kaili Resources Limited,Materials,Metals & Mining,Nano Cap
KME.AX,Kip McGrath Education Centres Limited,Consumer Staples,Household Products,Nano Cap
KMT.AX,Kopore Metals Limited,Materials,Metals & Mining,Nano Cap
KNM.AX,KNEOMEDIA LIMITED,Information Technology,Software,Nano Cap
KNO.AX,Knosys Limited,Information Technology,Software,Nano Cap
KOR.AX,Korab Resources Limited,Materials,Metals & Mining,Nano Cap
KOV.AX,Korvest Ltd,Industrials,Building Products,Nano Cap
KPG.AX,Kelly Partners Group Holdings Limited,Industrials,Professional Services,Micro Cap
KPO.AX,Kalina Power Limited,Utilities,Multi-Utilities,Nano Cap
KPT.AX,Kangaroo Island Plantation Timbers Limited,Materials,Paper & Forest Products,Nano Cap
KRM.AX,Kingsrose Mining Limited,Materials,Metals & Mining,Nano Cap
KRR.AX,King River Resources Limited,Materials,Metals & Mining,Nano Cap
KSC.AX,K&S Corporation Limited,Industrials,Air Freight & Logistics,Micro Cap
KSN.AX,Kingston Resources Limited,Materials,Metals & Mining,Nano Cap
KTA.AX,Krakatoa Resources Limited,Materials,Metals & Mining,Nano Cap
KTE.AX,K2 Energy Limited,Information Technology,Semiconductors & Semiconductor Equipment,Nano Cap
KTG.AX,K-TIG Limited,Industrials,Machinery,Micro Cap
KWR.AX,Kingwest Resources Limited,Materials,Metals & Mining,Nano Cap
KYK.AX,Kyckr Limited,Information Technology,Software,Nano Cap
KZA.AX,Kazia Therapeutics Limited,Health Care,Biotechnology,Micro Cap
KZR.AX,Kalamazoo Resources Ltd.,Materials,Metals & Mining,Nano Cap
LAU.AX,Lindsay Australia Limited,Industrials,Transportation Infrastructure,Micro Cap
LAW.AX,LawFinance Limited,Financials,Consumer Finance,Small Cap
LBL.AX,LaserBond Limited,Industrials,Building Products,Nano Cap
LBT.AX,LBT Innovations Limited,Health Care,Health Care Technology,Nano Cap
LCD.AX,Latitude Consolidated Limited,Materials,Metals & Mining,Nano Cap
LCK.AX,Leigh Creek Energy Limited,Materials,,Micro Cap
LCL.AX,Los Cerros Limited,Materials,Metals & Mining,Micro Cap
LCT.AX,Living Cell Technologies Limited,Health Care,Biotechnology,Nano Cap
LCY.AX,Legacy Iron Ore Limited,Materials,Metals & Mining,Micro Cap
LEG.AX,Legend Mining Limited,Materials,Metals & Mining,Micro Cap
LEP.AX,ALE Property Group,Real Estate,Equity Real Estate Investment Trusts (REITs),Small Cap
LER.AX,Leaf Resources Limited,Materials,Chemicals,Micro Cap
LFS.AX,Latitude Group Holdings Limited,Financials,Consumer Finance,Small Cap
LGL.AX,Lynch Group Holdings Limited,Consumer Staples,Household Products,Small Cap
LGP.AX,Little Green Pharma Ltd,Health Care,Pharmaceuticals,Micro Cap
LIC.AX,Lifestyle Communities Limited,Real Estate,Real Estate Management & Development,Small Cap
LIN.AX,Lindian Resources Limited,Materials,Metals & Mining,Nano Cap
LIO.AX,Lion Energy Limited,Energy,"Oil, Gas & Consumable Fuels",Nano Cap
LIT.AX,Lithium Australia NL,Materials,Metals & Mining,Micro Cap
LITCF.AX,Lithium Australia NL,Materials,Metals & Mining,Micro Cap
LKE.AX,Lake Resources N.L.,Materials,Metals & Mining,Micro Cap
LLC.AX,Lendlease Group,Real Estate,Real Estate Management & Development,Mid Cap
LMG.AX,Latrobe Magnesium Limited,Materials,Metals & Mining,Nano Cap
LNK.AX,Link Administration Holdings Limited,Information Technology,IT Services,Small Cap
LNU.AX,Linius Technologies Limited,Information Technology,Software,Nano Cap
LNY.AX,Laneway Resources Limited,Materials,Metals & Mining,Nano Cap
LOM.AX,Lucapa Diamond Company Limited,Materials,Metals & Mining,Nano Cap
LOT.AX,Lotus Resources Limited,Materials,Metals & Mining,Micro Cap
LOV.AX,Lovisa Holdings Limited,Consumer Discretionary,"Textiles, Apparel & Luxury Goods",Small Cap
LPD.AX,Lepidico Limited,Materials,Metals & Mining,Nano Cap
LPE.AX,Locality Planning Energy Holdings Limited,Utilities,Electric Utilities,Nano Cap
LPI.AX,Lithium Power International Limited,Materials,Metals & Mining,Micro Cap
LRK.AX,Lark Distilling Co. Ltd,Consumer Staples,Beverages,Micro Cap
LRS.AX,Latin Resources Limited,Materials,Metals & Mining,Micro Cap
LRT.AX,Lowell Resources Fund,Financials,Capital Markets,Nano Cap
LSA.AX,Lachlan Star Limited,Materials,Metals & Mining,Nano Cap
LSF.AX,L1 Long Short Fund Limited,Financials,Capital Markets,Small Cap
LSH.AX,Lifespot Health Ltd,Health Care,Biotechnology,Nano Cap
LSR.AX,Lodestar Minerals Limited,Materials,Metals & Mining,Nano Cap
LSX.AX,Lion Selection Group Limited,Materials,Metals & Mining,Micro Cap
LTR.AX,Liontown Limited,Materials,Metals & Mining,Small Cap
LV1.AX,Live Verdure Ltd,Health Care,Pharmaceuticals,Nano Cap
LVE.AX,Love Group Global Ltd,Communication Services,Diversified Telecommunication Services,Nano Cap
LVH.AX,LiveHire Limited,Industrials,Professional Services,Micro Cap
LVT.AX,LiveTiles Limited,Information Technology,Software,Micro Cap
LYC.AX,Lynas Rare Earths Limited,Materials,Metals & Mining,Mid Cap
LYL.AX,Lycopodium Limited,Industrials,Construction & Engineering,Micro Cap
M24.AX,Mamba Exploration Limited,Materials,Metals & Mining,Nano Cap
M2R.AX,Miramar Resources Limited,Materials,Metals & Mining,Nano Cap
M8S.AX,M8 Sustainable Limited,Industrials,Transportation Infrastructure,Nano Cap
MA1.AX,Monash Absolute Investment Company Limited,Financials,Capital Markets,Nano Cap
MAD.AX,Mader Group Limited,Industrials,Professional Services,Micro Cap
MAG.AX,Magmatic Resources Limited,Materials,Metals & Mining,Nano Cap
MAH.AX,Macmahon Holdings Limited,Industrials,Construction & Engineering,Small Cap
MAI.AX,Mainstream Group Holdings Limited,Financials,Capital Markets,Micro Cap
MAM.AX,Microequities Asset Management Group Limited,Financials,Capital Markets,Micro Cap
MAN.AX,Mandrake Resources Limited,Materials,Metals & Mining,Micro Cap
MAQ.AX,Macquarie Telecom Group Limited,Communication Services,Diversified Telecommunication Services,Small Cap
MAT.AX,Matsa Resources Ltd,Materials,Metals & Mining,Nano Cap
MAU.AX,Magnetic Resources NL,Materials,Metals & Mining,Micro Cap
MAUCA.AX,Magnetic Resources NL,Materials,Metals & Mining,Small Cap
MAY.AX,Melbana Energy Limited,Energy,"Oil, Gas & Consumable Fuels",Nano Cap
MBH.AX,Maggie Beer Holdings Limited,Consumer Staples,Food & Staples Retailing,Micro Cap
MBK.AX,Metal Bank Limited,Materials,Metals & Mining,Nano Cap
MBM.AX,Mobecom Limited,Information Technology,Software,Nano Cap
MCA.AX,Murray Cod Australia Limited,Consumer Staples,Household Products,Micro Cap
MCE.AX,Matrix Composites & Engineering Ltd,Industrials,Construction & Engineering,Nano Cap
MCL.AX,Mighty Craft Limited,Consumer Staples,Beverages,Nano Cap
MCM.AX,MC Mining Ltd,Materials,Metals & Mining,Nano Cap
MCP.AX,McPherson's Limited,Consumer Staples,Household Products,Micro Cap
MCR.AX,Mincor Resources NL,Materials,Metals & Mining,Small Cap
MCT.AX,Metalicity Limited,Materials,Metals & Mining,Nano Cap
MCX.AX,Mariner Corporation Limited,Financials,Capital Markets,Nano Cap
MDC.AX,Medlab Clinical Limited,Health Care,Biotechnology,Nano Cap
MDI.AX,Middle Island Resources Limited,Materials,Metals & Mining,Nano Cap
MDR.AX,MedAdvisor Limited,Health Care,Health Care Providers & Services,Micro Cap
MEA.AX,McGrath Limited,Real Estate,Real Estate Management & Development,Micro Cap
MEB.AX,Medibio Limited,Health Care,Health Care Providers & Services,Nano Cap
MEC.AX,Morphic Ethical Equities Fund Limited,Financials,Capital Markets,Nano Cap
MEG.AX,Megado Gold Limited,Materials,Metals & Mining,Nano Cap
MEI.AX,Meteoric Resources NL,Materials,Metals & Mining,Nano Cap
MEL.AX,Metgasco Limited,Energy,"Oil, Gas & Consumable Fuels",Nano Cap
MEM.AX,Memphasys Ltd,Health Care,Biotechnology,Nano Cap
MEP.AX,Minotaur Exploration Limited,Materials,Metals & Mining,Nano Cap
MEU.AX,Marmota Limited,Materials,Metals & Mining,Nano Cap
MEY.AX,Elevate Uranium Ltd,Materials,Metals & Mining,Nano Cap
MFD.AX,Mayfield Childcare Limited,Consumer Discretionary,"Hotels, Restaurants & Leisure",Nano Cap
MFF.AX,MFF Capital Investments Limited,Financials,Capital Markets,Small Cap
MFG.AX,Magellan Financial Group Limited,Financials,Capital Markets,Mid Cap
MGH.AX,MAAS Group Holdings Limited,Industrials,Construction & Engineering,Small Cap
MGL.AX,Magontec Limited,Materials,Metals & Mining,Nano Cap
MGR.AX,Mirvac Group,Real Estate,Equity Real Estate Investment Trusts (REITs),Mid Cap
MGT.AX,Magnetite Mines Limited,Materials,Metals & Mining,Micro Cap
MGU.AX,Magnum Mining and Exploration Limited,Materials,Metals & Mining,Micro Cap
MGV.AX,Musgrave Minerals Limited,Materials,Metals & Mining,Micro Cap
MGX.AX,Mount Gibson Iron Limited,Materials,Metals & Mining,Small Cap
MHC.AX,Manhattan Corporation Limited,Materials,Metals & Mining,Nano Cap
MHJ.AX,Michael Hill International Limited,Consumer Discretionary,"Textiles, Apparel & Luxury Goods",Micro Cap
MHK.AX,Metal Hawk Limited,Materials,Metals & Mining,Nano Cap
MIN.AX,Mineral Resources Limited,Materials,Metals & Mining,Mid Cap
MIO.AX,Macarthur Minerals Limited,Materials,Metals & Mining,Nano Cap
MIR.AX,Mirrabooka Investments Limited,Financials,Capital Markets,Small Cap
MKG.AX,Mako Gold Limited,Materials,Metals & Mining,Nano Cap
MKL.AX,Mighty Kingdom Limited,Communication Services,Interactive Media & Services,Nano Cap
MKR.AX,Manuka Resources Limited,Materials,Metals & Mining,Micro Cap
MLD.AX,MACA Limited,Materials,Metals & Mining,Micro Cap
MLM.AX,Metallica Minerals Limited,Materials,Metals & Mining,Nano Cap
MLS.AX,Metals Australia Ltd,Materials,Metals & Mining,Nano Cap
MLT.AX,Milton Corporation Limited,Financials,Capital Markets,Mid Cap
MLX.AX,Metals X Limited,Materials,Metals & Mining,Micro Cap
MM8.AX,Medallion Metals Limited,Materials,Metals & Mining,Nano Cap
MMI.AX,Metro Mining Limited,Materials,Metals & Mining,Micro Cap
MMJ.AX,MMJ Group Holdings Limited,Health Care,Pharmaceuticals,Nano Cap
MML.AX,Medusa Mining Limited,Materials,Metals & Mining,Micro Cap
MMS.AX,McMillan Shakespeare Limited,Industrials,Professional Services,Small Cap
MNB.AX,Minbos Resources Limited,Materials,Metals & Mining,Nano Cap
MND.AX,Monadelphous Group Limited,Industrials,Construction & Engineering,Small Cap
MNF.AX,MNF Group Limited,Communication Services,Diversified Telecommunication Services,Small Cap
MNS.AX,Magnis Energy Technologies Limited,Industrials,Electrical Equipment,Micro Cap
MOB.AX,Mobilicom Limited,Information Technology,Communications Equipment,Nano Cap
MOC.AX,Mortgage Choice Limited,Financials,Thrifts & Mortgage Finance,Micro Cap
MOE.AX,Moelis Australia Limited,Financials,Capital Markets,Small Cap
MOH.AX,Moho Resources Limited,Materials,Metals & Mining,Nano Cap
MOQ.AX,MOQ Limited,Information Technology,Software,Nano Cap
MOT.AX,MCP Income Opportunities Trust,Financials,Capital Markets,Micro Cap
MOZ.AX,Mosaic Brands Limited,Consumer Discretionary,"Textiles, Apparel & Luxury Goods",Nano Cap
MP1.AX,Megaport Limited,Information Technology,Software,Small Cap
MPA.AX,Mad Paws Holdings Limited,Consumer Discretionary,"Hotels, Restaurants & Leisure",Nano Cap
MPH.AX,Mediland Pharm Limited,Consumer Staples,Household Products,Nano Cap
MPL.AX,MEDIBANK PRIVATE LTD,Financials,Insurance,Mid Cap
MPR.AX,MPower Group Limited,Information Technology,"Technology Hardware, Storage & Peripherals",Nano Cap
MPX.AX,Mustera Property Group Limited,Real Estate,Real Estate Management & Development,Nano Cap
MQR.AX,Marquee Resources Limited,Materials,Metals & Mining,Nano Cap
MR1.AX,Montem Resources Limited,Materials,Metals & Mining,Nano Cap
MRC.AX,Mineral Commodities Ltd,Materials,Metals & Mining,Micro Cap
MRD.AX,Mount Ridley Mines Limited,Materials,Metals & Mining,Nano Cap
MRG.AX,Murray River Organics Group Limited,Consumer Staples,Household Products,Nano Cap
MRL.AX,Mayur Resources Ltd,Materials,Metals & Mining,Nano Cap
MRM.AX,MMA Offshore Limited,Industrials,Marine,Micro Cap
MRQ.AX,MRG Metals Ltd,Materials,Metals & Mining,Nano Cap
MRR.AX,MinRex Resources Limited,Materials,Metals & Mining,Nano Cap
MRZ.AX,Mont Royal Resources Limited,Materials,Metals & Mining,Nano Cap
MSB.AX,Mesoblast Limited,Health Care,Biotechnology,Small Cap
MSG.AX,MCS Services Limited,Industrials,Professional Services,Nano Cap
MSI.AX,Multistack International Limited,Industrials,Machinery,Nano Cap
MSL.AX,MSL Solutions Limited,Information Technology,Software,Nano Cap
MSR.AX,Manas Resources Limited,Materials,Metals & Mining,Nano Cap
MSV.AX,Mitchell Services Limited,Materials,Metals & Mining,Micro Cap
MTB.AX,Mount Burgess Mining N.L.,Materials,Metals & Mining,Nano Cap
MTC.AX,MetalsTech Ltd,Materials,Metals & Mining,Nano Cap
MTH.AX,Mithril Resources Limited,Materials,Metals & Mining,Nano Cap
MTO.AX,MotorCycle Holdings Limited,Consumer Discretionary,Automobiles,Micro Cap
MTS.AX,Metcash Limited,Consumer Staples,Food & Staples Retailing,Mid Cap
MVF.AX,Monash IVF Group Limited,Health Care,Biotechnology,Micro Cap
MVL.AX,Marvel Gold Limited,Materials,Metals & Mining,Nano Cap
MVP.AX,Medical Developments International Limited,Health Care,Pharmaceuticals,Micro Cap
MWY.AX,Midway Limited,Materials,Paper & Forest Products,Micro Cap
MX1.AX,Micro-X Limited,Health Care,Health Care Technology,Micro Cap
MXC.AX,MGC Pharmaceuticals Limited,Health Care,Pharmaceuticals,Micro Cap
MXI.AX,MaxiTRANS Industries Limited,Industrials,Machinery,Micro Cap
MXO.AX,Motio Limited,Communication Services,Diversified Telecommunication Services,Nano Cap
MXR.AX,Maximus Resources Limited,Materials,Metals & Mining,Nano Cap
MXT.AX,Mcp Master Income Trust,Financials,Capital Markets,Small Cap
MYD.AX,MyDeal.com.au Limited,Consumer Discretionary,Internet & Direct Marketing Retail,Micro Cap
MYE.AX,Mastermyne Group Limited,Materials,Metals & Mining,Micro Cap
MYG.AX,Mayfield Group Investments Pty Ltd,Information Technology,Software,Nano Cap
MYR.AX,Myer Holdings Limited,Consumer Discretionary,Household Durables,Micro Cap
MYS.AX,MyState Limited,Financials,Banks,Small Cap
MYX.AX,Mayne Pharma Group Limited,Health Care,Pharmaceuticals,Small Cap
MZZ.AX,Matador Mining Limited,Materials,Metals & Mining,Micro Cap
N1H.AX,N1 Holdings Limited,Financials,Thrifts & Mortgage Finance,Nano Cap
NAC.AX,NAOS Ex-50 Opportunities Company Limited,Financials,Capital Markets,Nano Cap
NAE.AX,New Age Exploration Limited,Materials,Metals & Mining,Nano Cap
NAG.AX,Nagambie Resources Limited,Materials,Metals & Mining,Nano Cap
NAM.AX,Namoi Cotton Limited,Consumer Staples,Household Products,Nano Cap
NAN.AX,Nanosonics Limited,Health Care,Health Care Equipment & Supplies,Small Cap
NC6.AX,Nanollose Limited,Health Care,Biotechnology,Nano Cap
NCC.AX,NAOS Emerging Opportunities Company Limited,Financials,Capital Markets,Micro Cap
NCK.AX,Nick Scali Limited,Consumer Discretionary,Specialty Retail,Small Cap
NCR.AX,NuCoal Resources Limited,Materials,Metals & Mining,Nano Cap
NCZ.AX,New Century Resources Limited,Materials,Metals & Mining,Micro Cap
NEA.AX,Nearmap Ltd,Communication Services,Diversified Telecommunication Services,Small Cap
NEC.AX,Nine Entertainment Co. Holdings Limited,Communication Services,Media,Mid Cap
NES.AX,Nelson Resources Limited,Materials,Metals & Mining,Nano Cap
NET.AX,Netlinkz Limited,Information Technology,Software,Nano Cap
NEU.AX,Neuren Pharmaceuticals Limited,Health Care,Biotechnology,Micro Cap
NEW.AX,New Energy Solar Limited,Utilities,Independent Power and Renewable Electricity Producers,Micro Cap
NGE.AX,NGE Capital Limited,Financials,Capital Markets,Nano Cap
NGI.AX,Navigator Global Investments Limited,Financials,Capital Markets,Micro Cap
NGY.AX,NuEnergy Gas Limited,Energy,"Oil, Gas & Consumable Fuels",Nano Cap
NHC.AX,New Hope Corporation Limited,Materials,Metals & Mining,Small Cap
NHF.AX,nib holdings limited,Financials,Insurance,Mid Cap
NIC.AX,Nickel Mines Limited,Materials,Metals & Mining,Small Cap
NME.AX,Nex Metals Explorations Limited,Materials,Metals & Mining,Nano Cap
NML.AX,Navarre Minerals Limited,Materials,Metals & Mining,Nano Cap
NMR.AX,Native Mineral Resources Holdings Limited,Materials,Metals & Mining,Nano Cap
NMT.AX,Neometals Ltd,Materials,Metals & Mining,Micro Cap
NNG.AX,NEXION Group Ltd,Information Technology,Software,Nano Cap
NOR.AX,Norwood Systems Limited,Communication Services,Diversified Telecommunication Services,Nano Cap
NOV.AX,Novatti Group Limited,Information Technology,Software,Micro Cap
NOX.AX,Noxopharm Limited,Health Care,Biotechnology,Micro Cap
NPM.AX,NewPeak Metals Ltd.,Materials,Metals & Mining,Nano Cap
NSB.AX,NeuroScientific Biopharmaceuticals Limited,Health Care,Biotechnology,Nano Cap
NSC.AX,NAOS Small Cap Opportunities Company Limited,Financials,Capital Markets,Micro Cap
NSM.AX,North Stawell Minerals Limited,Materials,Metals & Mining,Nano Cap
NSR.AX,National Storage REIT,Real Estate,Equity Real Estate Investment Trusts (REITs),Mid Cap
NST.AX,Northern Star Resources Limited,Materials,Metals & Mining,Mid Cap
NSX.AX,NSX Limited,Financials,Capital Markets,Nano Cap
NTD.AX,National Tyre & Wheel Limited,Consumer Discretionary,Auto Components,Micro Cap
NTI.AX,Neurotech International Limited,Health Care,Health Care Technology,Nano Cap
NTU.AX,Northern Minerals Limited,Materials,Metals & Mining,Micro Cap
NUC.AX,Nuchev Limited,Consumer Staples,Food & Staples Retailing,Nano Cap
NUF.AX,Nufarm Limited,Materials,Construction Materials,Small Cap
NUH.AX,Nuheara Limited,Information Technology,Communications Equipment,Micro Cap
NUS.AX,Nusantara Resources Limited,Materials,Metals & Mining,Micro Cap
NVA.AX,Nova Minerals Limited,Materials,Metals & Mining,Micro Cap
NVU.AX,Nanoveu Limited,Information Technology,Software,Nano Cap
NVX.AX,Novonix Limited,Industrials,Electrical Equipment,Small Cap
NWC.AX,New World Resources Limited,Materials,Metals & Mining,Micro Cap
NWE.AX,Norwest Energy NL,Energy,"Oil, Gas & Consumable Fuels",Nano Cap
NWF.AX,Newfield Resources Limited,Materials,Metals & Mining,Micro Cap
NWH.AX,NRW Holdings Limited,Industrials,Construction & Engineering,Small Cap
NWL.AX,Netwealth Group Limited,Financials,Capital Markets,Mid Cap
NWM.AX,Norwest Minerals Limited,Materials,Metals & Mining,Nano Cap
NXL.AX,Nuix Limited,Information Technology,Software,Small Cap
NXM.AX,Nexus Minerals Limited,Materials,Metals & Mining,Nano Cap
NXS.AX,Next Science Limited,Health Care,Pharmaceuticals,Micro Cap
NXT.AX,NEXTDC Limited,Information Technology,IT Services,Mid Cap
NYR.AX,Nyrada Inc.,Health Care,Biotechnology,Nano Cap
NZS.AX,New Zealand Coastal Seafoods Limited,Consumer Staples,Food & Staples Retailing,Nano Cap
OAK.AX,Oakridge International Limited,Health Care,Health Care Providers & Services,Nano Cap
OAR.AX,OAR Resources Limited,Materials,Metals & Mining,Nano Cap
OAU.AX,Ora Gold Limited,Materials,Metals & Mining,Nano Cap
OBL.AX,Omni Bridgeway Ltd,Financials,Consumer Finance,Small Cap
OBM.AX,Ora Banda Mining Limited,Materials,Metals & Mining,Small Cap
OCC.AX,Orthocell Limited,Health Care,Biotechnology,Micro Cap
OCL.AX,Objective Corporation Limited,Information Technology,Software,Small Cap
ODA.AX,Orcoda Limited,Information Technology,Software,Nano Cap
ODM.AX,Odin Metals Limited,Materials,Metals & Mining,Nano Cap
ODY.AX,Odyssey Gold Limited,Materials,Metals & Mining,Nano Cap
OEC.AX,Orbital Corporation Limited,Industrials,Aerospace & Defense,Micro Cap
OEL.AX,Otto Energy Ltd.,Energy,"Oil, Gas & Consumable Fuels",Nano Cap
OEQ.AX,Orion Equities Limited,Financials,Capital Markets,Nano Cap
OEX.AX,Oilex Ltd,Energy,"Oil, Gas & Consumable Fuels",Nano Cap
OFX.AX,OFX Group Limited,Financials,Capital Markets,Micro Cap
OGC.AX,OceanaGold Corporation,Materials,Metals & Mining,Small Cap
OIL.AX,Optiscan Imaging Limited,Information Technology,"Electronic Equipment, Instruments & Components",Micro Cap
OKJ.AX,Oakajee Corporation Limited,Materials,Metals & Mining,Nano Cap
OKR.AX,Okapi Resources Limited,Materials,Metals & Mining,Nano Cap
OKU.AX,Oklo Resources Limited,Materials,Metals & Mining,Nano Cap
OLH.AX,Oldfields Holdings Limited,Industrials,Building Products,Nano Cap
OLL.AX,OpenLearning Limited,Information Technology,Software,Nano Cap
OML.AX,oOh!media Limited,Communication Services,Diversified Telecommunication Services,Small Cap
ONT.AX,1300SMILES Limited,Health Care,Health Care Equipment & Supplies,Micro Cap
ONX.AX,Orminex Limited,Materials,Metals & Mining,Nano Cap
OPL.AX,Opyl Limited,Health Care,Health Care Providers & Services,Nano Cap
OPT.AX,Opthea Limited,Health Care,Biotechnology,Small Cap
OPY.AX,Openpay Group Ltd,Information Technology,IT Services,Micro Cap
ORA.AX,Orora Limited,Consumer Discretionary,Distributors,Mid Cap
ORE.AX,Orocobre Limited,Materials,Metals & Mining,Small Cap
ORG.AX,Origin Energy Limited,Energy,"Oil, Gas & Consumable Fuels",Mid Cap
ORI.AX,Orica Limited,Materials,Chemicals,Mid Cap
ORM.AX,Orion Metals Limited,Materials,Metals & Mining,Nano Cap
ORN.AX,Orion Minerals Limited,Materials,Metals & Mining,Micro Cap
ORR.AX,OreCorp Limited,Materials,Metals & Mining,Micro Cap
OSL.AX,OncoSil Medical Limited,Health Care,Health Care Technology,Nano Cap
OTW.AX,Over the Wire Holdings Limited,Communication Services,Diversified Telecommunication Services,Micro Cap
OVN.AX,Oventus Medical Limited,Health Care,Health Care Technology,Nano Cap
OVT.AX,Ovato Limited,Industrials,Professional Services,Nano Cap
OXX.AX,Octanex Limited,Energy,"Oil, Gas & Consumable Fuels",Nano Cap
OZG.AX,Ozgrowth Limited,Financials,Capital Markets,Micro Cap
OZL.AX,OZ Minerals Limited,Materials,Metals & Mining,Mid Cap
OZM.AX,OzAurum Resources Limited,Materials,Metals & Mining,Nano Cap
PAA.AX,PharmAust Limited,Health Care,Biotechnology,Nano Cap
PAB.AX,Patrys Limited,Health Care,Biotechnology,Nano Cap
PAC.AX,Pacific Current Group Limited,Financials,Capital Markets,Micro Cap
PAF.AX,PM Capital Asian Opportunities Fund Limited,Financials,Capital Markets,Nano Cap
PAI.AX,Platinum Asia Investments Limited,Financials,Capital Markets,Small Cap
PAK.AX,Pacific American Holdings Limited,Materials,Metals & Mining,Nano Cap
PAL.AX,Palla Pharma Limited,Consumer Staples,Household Products,Nano Cap
PAN.AX,Panoramic Resources Limited,Materials,Metals & Mining,Micro Cap
PAR.AX,Paradigm Biopharmaceuticals Limited,Health Care,Biotechnology,Small Cap
PBH.AX,PointsBet Holdings Limited,Consumer Discretionary,"Hotels, Restaurants & Leisure",Mid Cap
PBP.AX,Probiotec Limited,Health Care,Pharmaceuticals,Micro Cap
PCG.AX,Pengana Capital Group Limited,Financials,Capital Markets,Micro Cap
PCK.AX,PainChek Limited,Health Care,Health Care Providers & Services,Micro Cap
PCL.AX,Pancontinental Oil & Gas NL,Energy,"Oil, Gas & Consumable Fuels",Nano Cap
PDL.AX,Pendal Group Limited,Financials,Capital Markets,Small Cap
PDN.AX,Paladin Energy Ltd,Materials,Metals & Mining,Small Cap
PDZ.AX,Prairie Mining Limited,Materials,Metals & Mining,Nano Cap
PE1.AX,Pengana Private Equity Trust,Financials,Capital Markets,Micro Cap
PEC.AX,Perpetual Resources Limited,Materials,Metals & Mining,Nano Cap
PEK.AX,Peak Resources Limited,Materials,Metals & Mining,Micro Cap
PEN.AX,Peninsula Energy Ltd.,Materials,Metals & Mining,Micro Cap
PEX.AX,Peel Mining Limited,Materials,Metals & Mining,Micro Cap
PF1.AX,Pathfinder Resources Ltd,Materials,Metals & Mining,Nano Cap
PFG.AX,Prime Financial Group Limited,Financials,Capital Markets,Nano Cap
PFP.AX,Propel Funeral Partners Limited,Consumer Discretionary,"Hotels, Restaurants & Leisure",Micro Cap
PFT.AX,Pure Foods Tasmania Limited,Consumer Staples,Food & Staples Retailing,Nano Cap
PG1.AX,Pearl Global Limited,Industrials,Transportation Infrastructure,Nano Cap
PGC.AX,Paragon Care Limited,Health Care,Health Care Providers & Services,Micro Cap
PGD.AX,Peregrine Gold Limited,Materials,Metals & Mining,Nano Cap
PGF.AX,PM Capital Global Opportunities Fund Limited,Financials,Capital Markets,Small Cap
PGH.AX,Pact Group Holdings Ltd,Consumer Discretionary,Distributors,Small Cap
PGL.AX,Prospa Group Limited,Information Technology,Software,Micro Cap
PGM.AX,Platina Resources Limited,Materials,Metals & Mining,Nano Cap
PH2.AX,Pure Hydrogen Corporation Limited,Energy,"Oil, Gas & Consumable Fuels",Nano Cap
PHL.AX,Propell Holdings Limited,Information Technology,Software,Nano Cap
PIA.AX,Pengana International Equities Limited,Financials,Capital Markets,Micro Cap
PIC.AX,Perpetual Equity Investment Company Limited,Financials,Capital Markets,Small Cap
PIL.AX,Peppermint Innovation Limited,Information Technology,Software,Nano Cap
PIQ.AX,Proteomics International Laboratories Limited,Health Care,Biotechnology,Micro Cap
PKD.AX,PARKD Limited,Industrials,Construction & Engineering,Nano Cap
PKO.AX,Peako Limited,Materials,Metals & Mining,Nano Cap
PKS.AX,PKS Holdings Limited,Health Care,Health Care Providers & Services,Micro Cap
PL8.AX,Plato Income Maximiser Limited,Financials,Capital Markets,Small Cap
PLL.AX,Piedmont Lithium Inc.,Materials,Metals & Mining,Small Cap
PLS.AX,Pilbara Minerals Limited,Materials,Metals & Mining,Mid Cap
PLT.AX,Plenti Group Limited,Financials,Consumer Finance,Micro Cap
PLY.AX,PlaySide Studios Limited,Communication Services,Interactive Media & Services,Micro Cap
PME.AX,Pro Medicus Limited,Health Care,Health Care Providers & Services,Mid Cap
PMV.AX,Premier Investments Limited,Consumer Discretionary,"Textiles, Apparel & Luxury Goods",Mid Cap
PNI.AX,Pinnacle Investment Management Group Limited,Financials,Capital Markets,Small Cap
PNM.AX,Nickel Mines Limited,Materials,Metals & Mining,Small Cap
PNN.AX,PepinNini Minerals Limited,Materials,Metals & Mining,Nano Cap
PNR.AX,Pantoro Limited,Materials,Metals & Mining,Micro Cap
PNV.AX,Polynovo Ltd.,Health Care,Biotechnology,Small Cap
PNX.AX,PNX Metals Limited,Materials,Metals & Mining,Nano Cap
PO3.AX,PuriflOH Limited,Utilities,Water Utilities,Nano Cap
POD.AX,Podium Minerals Limited,Materials,Metals & Mining,Micro Cap
POS.AX,Poseidon Nickel Limited,Materials,Metals & Mining,Micro Cap
POW.AX,Protean Energy Limited,Utilities,Independent Power and Renewable Electricity Producers,Nano Cap
PPC.AX,Peet Limited,Real Estate,Real Estate Management & Development,Small Cap
PPE.AX,People Infrastructure Ltd,Industrials,Professional Services,Small Cap
PPG.AX,Pro-Pac Packaging Limited,Consumer Discretionary,Distributors,Micro Cap
PPK.AX,PPK Group Limited,Industrials,Machinery,Small Cap
PPL.AX,Pureprofile Ltd,Communication Services,Diversified Telecommunication Services,Nano Cap
PPS.AX,Praemium Limited,Financials,Capital Markets,Small Cap
PPT.AX,Perpetual Limited,Financials,Capital Markets,Small Cap
PPY.AX,Papyrus Australia Limited,Materials,Paper & Forest Products,Nano Cap
PRL.AX,Province Resources Ltd,Materials,Metals & Mining,Micro Cap
PRM.AX,Prominence Energy NL,Energy,"Oil, Gas & Consumable Fuels",Nano Cap
PRO.AX,Prophecy International Holdings Limited,Information Technology,Software,Nano Cap
PRS.AX,Prospech Limited,Materials,Metals & Mining,Nano Cap
PRT.AX,Prime Media Group Limited,Communication Services,Media,Micro Cap
PRU.AX,Perseus Mining Limited,Materials,Metals & Mining,Small Cap
PRX.AX,Prodigy Gold NL,Materials,Metals & Mining,Nano Cap
PSC.AX,Prospect Resources Limited,Materials,Metals & Mining,Nano Cap
PSI.AX,PSC Insurance Group Limited,Financials,Insurance,Small Cap
PSL.AX,Paterson Resources Ltd.,Materials,Metals & Mining,Nano Cap
PSQ.AX,Pacific Smiles Group Limited,Health Care,Health Care Equipment & Supplies,Small Cap
PTB.AX,PTB Group Limited,Industrials,Aerospace & Defense,Micro Cap
PTG.AX,PropTech Group Limited,Information Technology,Software,Micro Cap
PTL.AX,Pental Limited,Consumer Staples,Household Products,Nano Cap
PTM.AX,Platinum Investment Management Limited,Financials,Capital Markets,Mid Cap
PTR.AX,Petratherm Limited,Materials,Metals & Mining,Nano Cap
PTX.AX,Prescient Therapeutics Limited,Health Care,Biotechnology,Micro Cap
PUA.AX,Peak Minerals Limited,Materials,Metals & Mining,Nano Cap
PUR.AX,Pursuit Minerals Limited,Materials,Metals & Mining,Micro Cap
PVE.AX,Po Valley Energy Limited,Energy,"Oil, Gas & Consumable Fuels",Nano Cap
PVW.AX,PVW Resources Limited,Materials,Metals & Mining,Nano Cap
PWG.AX,Primewest Group Limited,Real Estate,,Small Cap
PWH.AX,PWR Holdings Limited,Consumer Discretionary,Auto Components,Small Cap
PWN.AX,Parkway Minerals NL,Materials,Metals & Mining,Nano Cap
PWNCA.AX,Parkway Minerals NL,Materials,Metals & Mining,Nano Cap
PWR.AX,Peter Warren Automotive Holdings Limited,Consumer Discretionary,Automobiles,Small Cap
PXS.AX,Pharmaxis Ltd,Health Care,Pharmaceuticals,Nano Cap
PXX.AX,PolarX Limited,Materials,Metals & Mining,Nano Cap
PYC.AX,PYC Therapeutics Limited,Health Care,Biotechnology,Small Cap
PYG.AX,PayGroup Limited,Information Technology,Software,Nano Cap
PYR.AX,Payright Limited,Financials,Consumer Finance,Nano Cap
QAN.AX,Qantas Airways Ltd.,Industrials,Airlines,Mid Cap
QEM.AX,QEM Limited,Energy,"Oil, Gas & Consumable Fuels",Nano Cap
QFE.AX,QuickFee Limited,Information Technology,IT Services,Nano Cap
QHL.AX,Quickstep Holdings Limited,Industrials,Aerospace & Defense,Nano Cap
QIP.AX,QANTM Intellectual Property Limited,Industrials,Professional Services,Micro Cap
QPM.AX,Queensland Pacific Metals Limited,Materials,Metals & Mining,Micro Cap
QRI.AX,Qualitas Real Estate Income Fund,Financials,Capital Markets,Small Cap
QTM.AX,Quantum Health Group Limited,Health Care,Health Care Technology,Nano Cap
QUB.AX,Qube Holdings Limited,Industrials,Air Freight & Logistics,Mid Cap
QUE.AX,Queste Communications Ltd,Financials,Capital Markets,Nano Cap
QVE.AX,QV Equities Limited,Financials,Capital Markets,Micro Cap
QXR.AX,QX Resources Limited,Materials,Metals & Mining,Nano Cap
RAC.AX,Race Oncology Limited,Health Care,Biotechnology,Small Cap
RAN.AX,Range International Limited,Materials,Chemicals,Nano Cap
RAP.AX,ResApp Health Limited,Health Care,Health Care Providers & Services,Nano Cap
RAS.AX,Ragusa Minerals Limited,Materials,Metals & Mining,Nano Cap
RBL.AX,Redbubble Limited,Consumer Discretionary,Internet & Direct Marketing Retail,Small Cap
RBR.AX,RBR Group Limited,Industrials,Professional Services,Nano Cap
RCE.AX,Recce Pharmaceuticals Ltd,Health Care,Biotechnology,Micro Cap
RCL.AX,ReadCloud Limited,Information Technology,Software,Nano Cap
RCP.AX,Redbank Copper Limited,Materials,Metals & Mining,Nano Cap
RCR.AX,Rincon Resources Limited,Materials,Metals & Mining,Nano Cap
RCT.AX,Reef Casino Trust,Consumer Discretionary,"Hotels, Restaurants & Leisure",Micro Cap
RCW.AX,RightCrowd Limited,Information Technology,Software,Micro Cap
RDC.AX,Redcape Hotel Group,Consumer Discretionary,"Hotels, Restaurants & Leisure",Small Cap
RDF.AX,REDFLEX HOLDINGS,Industrials,Professional Services,Micro Cap
RDG.AX,Resource Development Group Limited,Industrials,Construction & Engineering,Micro Cap
RDH.AX,RedHill Education Limited,Consumer Staples,Household Products,Nano Cap
RDM.AX,Red Metal Limited,Materials,Metals & Mining,Nano Cap
RDN.AX,Raiden Resources Limited,Materials,Metals & Mining,Nano Cap
RDY.AX,ReadyTech Holdings Limited,Information Technology,Software,Micro Cap
RED.AX,Red 5 Limited,Materials,Metals & Mining,Micro Cap
REE.AX,RareX Limited,Materials,Metals & Mining,Nano Cap
REG.AX,Regis Healthcare Limited,Health Care,Health Care Equipment & Supplies,Small Cap
REH.AX,Reece Limited,Industrials,Trading Companies & Distributors,Mid Cap
REX.AX,Regional Express Holdings Limited,Industrials,Airlines,Micro Cap
REY.AX,Rey Resources Limited,Materials,Metals & Mining,Nano Cap
REZ.AX,Resources & Energy Group Limited,Materials,Metals & Mining,Nano Cap
RFF.AX,Rural Funds Group,Real Estate,Equity Real Estate Investment Trusts (REITs),Small Cap
RFG.AX,Retail Food Group Limited,Consumer Discretionary,"Hotels, Restaurants & Leisure",Nano Cap
RFR.AX,Rafaella Resources Limited,Materials,Metals & Mining,Nano Cap
RFT.AX,Rectifier Technologies Limited,Industrials,Electrical Equipment,Nano Cap
RFX.AX,RedFlow Limited,Industrials,Electrical Equipment,Micro Cap
RGI.AX,Roto-Gro International Limited,Industrials,Machinery,Nano Cap
RGL.AX,Riversgold Ltd.,Materials,Metals & Mining,Nano Cap
RGS.AX,Regeneus Ltd,Health Care,Biotechnology,Nano Cap
RHI.AX,Red Hill Iron Limited,Materials,Metals & Mining,Micro Cap
RHT.AX,Resonance Health Limited,Health Care,Health Care Technology,Micro Cap
RIC.AX,Ridley Corporation Limited,Consumer Staples,Household Products,Micro Cap
RIE.AX,Riedel Resources Limited,Materials,Metals & Mining,Nano Cap
RIM.AX,Rimfire Pacific Mining NL,Materials,Metals & Mining,Nano Cap
RKN.AX,Reckon Limited,Information Technology,Software,Micro Cap
RLC.AX,Reedy Lagoon Corporation Limited,Materials,Metals & Mining,Nano Cap
RLG.AX,RooLife Group Ltd,Information Technology,Software,Nano Cap
RMC.AX,Resimac Group Limited,Financials,Thrifts & Mortgage Finance,Small Cap
RMI.AX,Resource Mining Corporation Limited,Materials,Metals & Mining,Nano Cap
RML.AX,Resolution Minerals Limited,Materials,Metals & Mining,Nano Cap
RMS.AX,Ramelius Resources Limited,Materials,Metals & Mining,Small Cap
RMX.AX,Red Mountain Mining Limited,Materials,Metals & Mining,Nano Cap
RMY.AX,RMA Global Limited,Communication Services,Diversified Telecommunication Services,Micro Cap
RND.AX,Rand Mining Limited,Materials,Metals & Mining,Micro Cap
RNE.AX,ReNu Energy Limited,Utilities,Independent Power and Renewable Electricity Producers,Nano Cap
RNT.AX,Rent.com.au Limited,Communication Services,Diversified Telecommunication Services,Nano Cap
RNU.AX,Renascor Resources Limited,Materials,Metals & Mining,Micro Cap
RNX.AX,Renegade Exploration Limited,Materials,Metals & Mining,Nano Cap
ROG.AX,Red Sky Energy Limited,Energy,"Oil, Gas & Consumable Fuels",Nano Cap
RPG.AX,Raptis Group Limited,Real Estate,Real Estate Management & Development,Nano Cap
RPM.AX,RPM Automotive Group Limited,Consumer Discretionary,Auto Components,Nano Cap
RRL.AX,REGIS RESOURCES LTD.,Materials,Metals & Mining,Small Cap
RSG.AX,Resolute Mining Limited,Materials,Metals & Mining,Small Cap
RSH.AX,Respiri Limited,Health Care,Health Care Technology,Micro Cap
RTG.AX,RTG Mining Inc.,Materials,Metals & Mining,Micro Cap
RTR.AX,Rumble Resources Limited,Materials,Metals & Mining,Micro Cap
RUL.AX,RPMGlobal Holdings Limited,Information Technology,Software,Micro Cap
RVR.AX,Red River Resources Limited,Materials,Metals & Mining,Micro Cap
RWD.AX,Reward Minerals Ltd,Materials,Metals & Mining,Nano Cap
RXH.AX,Rewardle Holdings Limited,Information Technology,Software,Nano Cap
RXL.AX,Rox Resources Limited,Materials,Metals & Mining,Micro Cap
RXM.AX,Rex Minerals Limited,Materials,Metals & Mining,Micro Cap
RYD.AX,Ryder Capital Limited,Financials,Capital Markets,Micro Cap
RZI.AX,Raiz Invest Limited,Financials,Capital Markets,Micro Cap
S2R.AX,S2 Resources Ltd,Materials,Metals & Mining,Nano Cap
S66.AX,Star Combo Pharma Limited,Consumer Staples,Household Products,Nano Cap
SAU.AX,Southern Gold Limited,Materials,Metals & Mining,Nano Cap
SBM.AX,St Barbara Limited,Materials,Metals & Mining,Small Cap
SBR.AX,Sabre Resources Limited,Materials,Metals & Mining,Nano Cap
SCI.AX,Silver City Minerals Limited,Materials,Metals & Mining,Nano Cap
SCL.AX,Schrole Group Ltd,Information Technology,Software,Nano Cap
SCN.AX,Scorpion Minerals Limited,Materials,Metals & Mining,Nano Cap
SCP.AX,Shopping Centres Australasia Property Group,Real Estate,Equity Real Estate Investment Trusts (REITs),Mid Cap
SCT.AX,Scout Security Limited,Industrials,Professional Services,Nano Cap
SCU.AX,Stemcell United Limited,Health Care,Pharmaceuticals,Nano Cap
SDF.AX,Steadfast Group Limited,Financials,Insurance,Mid Cap
SDG.AX,Sunland Group Limited,Real Estate,Real Estate Management & Development,Micro Cap
SDI.AX,SDI Limited,Health Care,Health Care Equipment & Supplies,Micro Cap
SDV.AX,SciDev Ltd,Materials,Chemicals,Micro Cap
SE1.AX,Sensera Limited,Information Technology,Semiconductors & Semiconductor Equipment,Nano Cap
SEC.AX,Spheria Emerging Companies Limited,Financials,Capital Markets,Micro Cap
SEG.AX,Sports Entertainment Group Limited,Communication Services,Media,Nano Cap
SEK.AX,SEEK Limited,Industrials,Professional Services,Mid Cap
SEN.AX,Senetas Corporation Limited,Information Technology,Software,Nano Cap
SEQ.AX,Sequoia Financial Group Limited,Financials,Capital Markets,Nano Cap
SER.AX,Strategic Energy Resources Limited,Materials,Metals & Mining,Nano Cap
SES.AX,SECOS Group Limited,Consumer Discretionary,Distributors,Micro Cap
SFC.AX,Schaffer Corporation Limited,Consumer Discretionary,Auto Components,Micro Cap
SFG.AX,Seafarms Group Limited,Consumer Staples,Household Products,Micro Cap
SFM.AX,Santa Fe Minerals Limited,Materials,Metals & Mining,Nano Cap
SFR.AX,Sandfire Resources NL,Materials,Metals & Mining,Small Cap
SFX.AX,Sheffield Resources Limited,Materials,Metals & Mining,Micro Cap
SGC.AX,Sacgasco Limited,Energy,"Oil, Gas & Consumable Fuels",Nano Cap
SGF.AX,SG Fleet Group Limited,Industrials,Commercial Services & Supplies,Small Cap
SGH.AX,Slater and Gordon Limited,Consumer Discretionary,"Hotels, Restaurants & Leisure",Micro Cap
SGI.AX,Stealth Global Holdings Limited,Industrials,Trading Companies & Distributors,Nano Cap
SGLLV.AX,Ricegrowers Limited,Consumer Staples,Household Products,Micro Cap
SGM.AX,Sims Ltd,Materials,Metals & Mining,Mid Cap
SGP.AX,Stockland,Real Estate,Equity Real Estate Investment Trusts (REITs),Mid Cap
SGQ.AX,St George Mining Limited,Materials,Metals & Mining,Nano Cap
SGR.AX,The Star Entertainment Group Limited,Consumer Discretionary,"Hotels, Restaurants & Leisure",Mid Cap
SHG.AX,Singular Health Group Ltd,Health Care,Health Care Providers & Services,Nano Cap
SHH.AX,Shree Minerals Limited,Materials,Metals & Mining,Nano Cap
SHJ.AX,Shine Justice Ltd,Consumer Discretionary,"Hotels, Restaurants & Leisure",Micro Cap
SHM.AX,Shriro Holdings Limited,Consumer Discretionary,Specialty Retail,Micro Cap
SHN.AX,Sunshine Gold Limited,Materials,Metals & Mining,Nano Cap
SHO.AX,SportsHero Limited,Communication Services,Diversified Telecommunication Services,Nano Cap
SHV.AX,Select Harvests Limited,Consumer Staples,Food & Staples Retailing,Small Cap
SI6.AX,SI6 Metals Limited,Materials,Metals & Mining,Nano Cap
SIG.AX,Sigma Healthcare Limited,Health Care,Health Care Providers & Services,Small Cap
SIH.AX,Sihayo Gold Limited,Materials,Metals & Mining,Nano Cap
SIO.AX,Simonds Group Limited,Industrials,Construction & Engineering,Micro Cap
SIQ.AX,Smartgroup Corporation Ltd,Industrials,Professional Services,Small Cap
SIS.AX,Simble Solutions Limited,Information Technology,Software,Nano Cap
SIT.AX,Site Group International Limited,Consumer Staples,Household Products,Nano Cap
SIV.AX,SIV Capital Limited,Industrials,Commercial Services & Supplies,Nano Cap
SIX.AX,Sprintex Limited,Consumer Discretionary,Auto Components,Nano Cap
SKF.AX,Skyfii Limited,Information Technology,Software,Nano Cap
SKI.AX,Spark Infrastructure Group,Utilities,Electric Utilities,Mid Cap
SKS.AX,SKS Technologies Group Limited,Industrials,Electrical Equipment,Nano Cap
SKY.AX,Sky Metals Limited,Materials,Metals & Mining,Nano Cap
SLA.AX,SILK Laser Australia Limited,Health Care,Health Care Equipment & Supplies,Micro Cap
SLC.AX,Superloop Limited,Communication Services,Diversified Telecommunication Services,Micro Cap
SLK.AX,SeaLink Travel Group Limited,Consumer Discretionary,"Hotels, Restaurants & Leisure",Small Cap
SLR.AX,Silver Lake Resources Limited,Materials,Metals & Mining,Small Cap
SLX.AX,Silex Systems Limited,Information Technology,Semiconductors & Semiconductor Equipment,Micro Cap
SLZ.AX,Sultan Resources Limited,Materials,Metals & Mining,Nano Cap
SMI.AX,Santana Minerals Limited,Materials,Metals & Mining,Nano Cap
SMN.AX,Structural Monitoring Systems Plc,Information Technology,"Electronic Equipment, Instruments & Components",Nano Cap
SMR.AX,Stanmore Resources Limited,Materials,Metals & Mining,Micro Cap
SMX.AX,Security Matters Limited,Information Technology,Software,Nano Cap
SNC.AX,Sandon Capital Investments Limited,Financials,Capital Markets,Micro Cap
SND.AX,Saunders International Limited,Industrials,Construction & Engineering,Micro Cap
SNG.AX,Siren Gold Limited,Materials,Metals & Mining,Nano Cap
SNL.AX,Supply Network Limited,Financials,Diversified Financial Services,Micro Cap
SNS.AX,SenSen Networks Limited,Financials,Diversified Financial Services,Micro Cap
SO4.AX,Salt Lake Potash Limited,Materials,Metals & Mining,Micro Cap
SOL.AX,Washington H. Soul Pattinson and Company Limited,Materials,Metals & Mining,Mid Cap
SOM.AX,SomnoMed Limited,Health Care,Health Care Technology,Micro Cap
SOP.AX,Synertec Corporation Limited,Industrials,Construction & Engineering,Nano Cap
SOR.AX,Strategic Elements Ltd,Materials,Metals & Mining,Micro Cap
SOV.AX,Sovereign Cloud Holdings Limited,Information Technology,Software,Micro Cap
SP3.AX,Spectur Limited,Industrials,Professional Services,Nano Cap
SPA.AX,Spacetalk Limited,Communication Services,Diversified Telecommunication Services,Nano Cap
SPL.AX,Starpharma Holdings Limited,Health Care,Biotechnology,Small Cap
SPN.AX,Sparc Technologies Limited,Materials,Chemicals,Nano Cap
SPQ.AX,Superior Resources Limited,Materials,Metals & Mining,Nano Cap
SPZ.AX,Smart Parking Limited,Information Technology,Software,Nano Cap
SRG.AX,SRG Global Limited,Industrials,Construction & Engineering,Micro Cap
SRH.AX,Saferoads Holdings Limited,Industrials,Trading Companies & Distributors,Nano Cap
SRI.AX,Sipa Resources Limited,Materials,Metals & Mining,Nano Cap
SRK.AX,Strike Resources Limited,Materials,Metals & Mining,Nano Cap
SRL.AX,Sunrise Energy Metals Limited,Industrials,Construction & Engineering,Micro Cap
SRN.AX,Surefire Resources NL,Materials,Metals & Mining,Nano Cap
SRV.AX,Servcorp Limited,Real Estate,Real Estate Management & Development,Micro Cap
SRY.AX,Story-I Limited,Consumer Discretionary,Specialty Retail,Nano Cap
SRZ.AX,Stellar Resources Limited,Materials,Metals & Mining,Nano Cap
SSG.AX,Shaver Shop Group Limited,Consumer Discretionary,Specialty Retail,Micro Cap
SSL.AX,Sietel Limited,Real Estate,Real Estate Management & Development,Nano Cap
SSM.AX,Service Stream Limited,Industrials,Construction & Engineering,Micro Cap
ST1.AX,Spirit Technology Solutions Ltd.,Communication Services,Diversified Telecommunication Services,Micro Cap
STA.AX,Strandline Resources Limited,Materials,Metals & Mining,Micro Cap
STK.AX,Strickland Metals Limited,Materials,Metals & Mining,Nano Cap
STN.AX,Saturn Metals Limited,Materials,Metals & Mining,Nano Cap
STX.AX,Strike Energy Limited,Energy,"Oil, Gas & Consumable Fuels",Small Cap
SUD.AX,Suda Pharmaceuticals Ltd,Health Care,Biotechnology,Nano Cap
SUH.AX,Southern Hemisphere Mining Limited,Materials,Metals & Mining,Nano Cap
SUL.AX,Super Retail Group Limited,Consumer Discretionary,Specialty Retail,Mid Cap
SUP.AX,Superior Lake Resources Limited,Materials,Metals & Mining,Nano Cap
SUV.AX,Suvo Strategic Minerals Limited,Materials,Metals & Mining,Micro Cap
SVL.AX,"Silver Mines Ltd., Sydney",Materials,Metals & Mining,Micro Cap
SVM.AX,Sovereign Metals Limited,Materials,Metals & Mining,Micro Cap
SVS.AX,Sunvest Corporation Limited,Financials,Capital Markets,Nano Cap
SVW.AX,Seven Group Holdings Limited,Industrials,Industrial Conglomerates,Mid Cap
SVY.AX,Stavely Minerals Limited,Materials,Metals & Mining,Micro Cap
SW1.AX,Swift Media Limited,Communication Services,Entertainment,Nano Cap
SWF.AX,SelfWealth Limited,Financials,Capital Markets,Micro Cap
SWK.AX,Swick Mining Services Limited,Materials,Metals & Mining,Nano Cap
SWM.AX,Seven West Media Limited,Communication Services,Entertainment,Small Cap
SXE.AX,Southern Cross Electrical Engineering Limited,Industrials,Construction & Engineering,Micro Cap
SXL.AX,Southern Cross Media Group Limited,Communication Services,Entertainment,Small Cap
SXY.AX,Senex Energy Limited,Energy,"Oil, Gas & Consumable Fuels",Small Cap
SYA.AX,Sayona Mining Limited,Materials,Metals & Mining,Micro Cap
SYR.AX,Syrah Resources Limited,Materials,Metals & Mining,Small Cap
T3D.AX,333D Limited,Information Technology,"Technology Hardware, Storage & Peripherals",Nano Cap
TAH.AX,Tabcorp Holdings Limited,Consumer Discretionary,"Hotels, Restaurants & Leisure",Mid Cap
TAM.AX,Tanami Gold NL,Materials,Metals & Mining,Micro Cap
TAR.AX,Taruga Minerals Limited,Materials,Metals & Mining,Nano Cap
TAS.AX,Tasman Resources Ltd,Materials,Metals & Mining,Nano Cap
TBR.AX,Tribune Resources Limited,Materials,Metals & Mining,Micro Cap
TCF.AX,360 Capital Enhanced Income Fund,Financials,Capital Markets,Nano Cap
TD1.AX,Tali Digital Ltd,Health Care,Health Care Providers & Services,Nano Cap
TDO.AX,3D Oil Limited,Energy,"Oil, Gas & Consumable Fuels",Nano Cap
TEG.AX,Triangle Energy (Global) Limited,Energy,"Oil, Gas & Consumable Fuels",Nano Cap
TEK.AX,Thorney Technologies Ltd,Energy,"Oil, Gas & Consumable Fuels",Micro Cap
TEM.AX,Tempest Minerals Limited,Materials,Metals & Mining,Nano Cap
TER.AX,TerraCom Limited,Materials,Metals & Mining,Micro Cap
TFL.AX,TasFoods Limited,Consumer Staples,Food & Staples Retailing,Nano Cap
TG1.AX,TechGen Metals Ltd,Materials,Metals & Mining,Nano Cap
TGA.AX,Thorn Group Limited,Industrials,Commercial Services & Supplies,Micro Cap
TGF.AX,Tribeca Global Natural Resources Limited,Financials,Capital Markets,Micro Cap
TGG.AX,Templeton Global Growth Fund Ltd.,Financials,Capital Markets,Micro Cap
TGH.AX,Terragen Holdings Limited,Materials,Construction Materials,Nano Cap
TGN.AX,Tungsten Mining NL,Materials,Metals & Mining,Micro Cap
TGP.AX,360 Capital Group Limited,Real Estate,Real Estate Management & Development,Micro Cap
TGR.AX,Tassal Group Limited,Consumer Staples,Household Products,Small Cap
TI1.AX,Tombador Iron Limited,Materials,Metals & Mining,Micro Cap
TIA.AX,Tian An Australia Limited,Real Estate,Real Estate Management & Development,Nano Cap
TIE.AX,Tietto Minerals Limited,Materials,Metals & Mining,Micro Cap
TIN.AX,TNT Mines Limited,Materials,Metals & Mining,Nano Cap
TIP.AX,Teaminvest Private Group Limited,Financials,Capital Markets,Nano Cap
TKL.AX,Traka Resources Limited,Materials,Metals & Mining,Nano Cap
TKM.AX,Trek Metals Limited,Materials,Metals & Mining,Nano Cap
TLG.AX,Talga Group Ltd,Materials,Metals & Mining,Small Cap
TLM.AX,Talisman Mining Limited,Materials,Metals & Mining,Nano Cap
TLT.AX,Tilt Renewables Limited,Utilities,Independent Power and Renewable Electricity Producers,Mid Cap
TLX.AX,Telix Pharmaceuticals Limited,Health Care,Biotechnology,Small Cap
TMG.AX,Trigg Mining Limited,Materials,Metals & Mining,Nano Cap
TMH.AX,The Market Herald Limited,Communication Services,Diversified Telecommunication Services,Micro Cap
TMK.AX,Tamaska Oil and Gas Limited,Energy,"Oil, Gas & Consumable Fuels",Nano Cap
TMR.AX,Tempus Resources Limited,Materials,Metals & Mining,Nano Cap
TMS.AX,Tennant Minerals NL,Materials,Metals & Mining,Nano Cap
TMT.AX,Technology Metals Australia Limited,Materials,Metals & Mining,Nano Cap
TMX.AX,Terrain Minerals Limited,Materials,Metals & Mining,Nano Cap
TMZ.AX,Thomson Resources Ltd,Materials,Metals & Mining,Nano Cap
TNG.AX,TNG Limited,Materials,Metals & Mining,Micro Cap
TNK.AX,Think Childcare Group,Consumer Discretionary,"Hotels, Restaurants & Leisure",Micro Cap
TNR.AX,Torian Resources Limited,Materials,Metals & Mining,Nano Cap
TNT.AX,Tesserent Limited,Information Technology,Software,Micro Cap
TNY.AX,Tinybeans Group Limited,Communication Services,Diversified Telecommunication Services,Nano Cap
TOE.AX,Toro Energy Ltd.,Materials,Metals & Mining,Micro Cap
TON.AX,Triton Minerals Limited,Materials,Metals & Mining,Nano Cap
TOP.AX,Thorney Opportunities Ltd,Financials,Capital Markets,Micro Cap
TOT.AX,360 Capital REIT,Real Estate,Equity Real Estate Investment Trusts (REITs),Micro Cap
TOU.AX,Tlou Energy Limited,Energy,"Oil, Gas & Consumable Fuels",Nano Cap
TPC.AX,TPC Consolidated Limited,Utilities,Multi-Utilities,Nano Cap
TPD.AX,Talon Energy Ltd.,Energy,"Oil, Gas & Consumable Fuels",Nano Cap
TPG.AX,TPG Telecom Limited,Communication Services,Diversified Telecommunication Services,Mid Cap
TPP.AX,Tempo Australia Limited,Industrials,Electrical Equipment,Nano Cap
TPS.AX,Threat Protect Australia Limited,Industrials,Professional Services,Nano Cap
TPW.AX,Temple & Webster Group Ltd,Consumer Discretionary,Internet & Direct Marketing Retail,Small Cap
TRL.AX,Tanga Resources Limited,Materials,Metals & Mining,Nano Cap
TRM.AX,Truscott Mining Corporation Limited,Materials,Metals & Mining,Nano Cap
TRN.AX,Torrens Mining Limited,Materials,Metals & Mining,Nano Cap
TRS.AX,The Reject Shop Limited,Consumer Staples,Household Products,Micro Cap
TRT.AX,Todd River Resources Limited,Materials,Metals & Mining,Nano Cap
TRY.AX,Troy Resources Limited,Materials,Metals & Mining,Nano Cap
TSC.AX,Twenty Seven Co. Limited,Materials,Metals & Mining,Nano Cap
TSI.AX,Top Shelf International Holdings Ltd,Consumer Staples,Beverages,Micro Cap
TSO.AX,Tesoro Resources Limited,Materials,Metals & Mining,Micro Cap
TTA.AX,TTA Holdings Limited,Information Technology,"Electronic Equipment, Instruments & Components",Nano Cap
TTB.AX,Total Brain Limited,Health Care,Health Care Providers & Services,Nano Cap
TTI.AX,Traffic Technologies Limited,Industrials,Road & Rail,Nano Cap
TTM.AX,Titan Minerals Limited,Materials,Metals & Mining,Small Cap
TTT.AX,Titomic Limited,Materials,Chemicals,Nano Cap
TUA.AX,Tuas Limited,Communication Services,Diversified Telecommunication Services,Micro Cap
TUL.AX,Tulla Resources Plc,Materials,Metals & Mining,Micro Cap
TWD.AX,Tamawood Limited,Industrials,Construction & Engineering,Micro Cap
TWE.AX,Treasury Wine Estates Limited,Consumer Staples,Beverages,Mid Cap
TYR.AX,Tyro Payments Limited,Information Technology,IT Services,Small Cap
TYX.AX,Tyranna Resources Limited,Materials,Metals & Mining,Nano Cap
TZL.AX,TZ Limited,Industrials,Professional Services,Nano Cap
TZN.AX,Terramin Australia Limited,Materials,Metals & Mining,Nano Cap
UBI.AX,"Universal Biosensors, Inc.",Health Care,Health Care Technology,Micro Cap
UBN.AX,Urbanise.com Limited,Information Technology,Software,Micro Cap
UCM.AX,Uscom Limited,Health Care,Health Care Technology,Nano Cap
UCW.AX,UCW Limited,Consumer Staples,Household Products,Nano Cap
UNI.AX,Universal Store Holdings Limited,Consumer Discretionary,"Textiles, Apparel & Luxury Goods",Small Cap
URF.AX,US Masters Residential Property Fund,Real Estate,Equity Real Estate Investment Trusts (REITs),Micro Cap
URFPA.AX,US Masters Residential Property Fund,Real Estate,Equity Real Estate Investment Trusts (REITs),Micro Cap
UUL.AX,Ultima United Limited,Real Estate,Real Estate Management & Development,Nano Cap
UUV.AX,UUV Aquabotix Limited,Industrials,Aerospace & Defense,Nano Cap
UWL.AX,Uniti Group Limited,Communication Services,Diversified Telecommunication Services,Small Cap
VAL.AX,Valor Resources Limited,Materials,Metals & Mining,Nano Cap
VAN.AX,Vango Mining Limited,Materials,Metals & Mining,Nano Cap
VAR.AX,Variscan Mines Limited,Materials,Metals & Mining,Nano Cap
VBC.AX,Verbrec Limited,Industrials,Construction & Engineering,Nano Cap
VBS.AX,Vectus Biosystems Limited,Health Care,Biotechnology,Nano Cap
VCX.AX,Vicinity Centres,Real Estate,Equity Real Estate Investment Trusts (REITs),Mid Cap
VEA.AX,Viva Energy Group Limited,Energy,"Oil, Gas & Consumable Fuels",Mid Cap
VEE.AX,VEEM Ltd,Industrials,Aerospace & Defense,Micro Cap
VEN.AX,Vintage Energy Limited,Energy,"Oil, Gas & Consumable Fuels",Nano Cap
VG1.AX,VGI Partners Global Investments Limited,Financials,Capital Markets,Small Cap
VGI.AX,VGI Partners Limited,Financials,Capital Markets,Small Cap
VIC.AX,Victory Mines Limited,Materials,Metals & Mining,Nano Cap
VIG.AX,Victor Group Holdings Limited,Information Technology,Software,Nano Cap
VKA.AX,Viking Mines Limited,Materials,Metals & Mining,Nano Cap
VLS.AX,Vita Life Sciences Limited,Health Care,Pharmaceuticals,Nano Cap
VMC.AX,Venus Metals Corporation Limited,Materials,Metals & Mining,Nano Cap
VMG.AX,VDM Group Limited,Industrials,Construction & Engineering,Nano Cap
VML.AX,Vital Metals Ltd,Materials,Metals & Mining,Micro Cap
VMS.AX,Venture Minerals Limited,Materials,Metals & Mining,Micro Cap
VMT.AX,Vmoto Limited,Consumer Discretionary,Automobiles,Micro Cap
VMX.AX,Valmec Limited,Energy,Energy Equipment & Services,Nano Cap
VMY.AX,VIMY RESOURCES LIMITED,Materials,Metals & Mining,Micro Cap
VOC.AX,Vocus Group Limited,Communication Services,Diversified Telecommunication Services,Mid Cap
VOL.AX,Victory Offices Limited,Real Estate,Real Estate Management & Development,Nano Cap
VOR.AX,Vortiv Limited,Information Technology,Software,Nano Cap
VPR.AX,Volt Power Group Limited,Utilities,Independent Power and Renewable Electricity Producers,Nano Cap
VR1.AX,Vection Technologies Limited,Information Technology,Software,Nano Cap
VR8.AX,Vanadium Resources Limited,Materials,Metals & Mining,Nano Cap
VRC.AX,Volt Resources Limited,Materials,Metals & Mining,Micro Cap
VRS.AX,Veris Limited,Industrials,Construction & Engineering,Nano Cap
VRT.AX,Virtus Health Limited,Health Care,Health Care Equipment & Supplies,Small Cap
VRX.AX,VRX Silica Limited,Materials,Metals & Mining,Micro Cap
VTG.AX,Vita Group Limited,Consumer Discretionary,Specialty Retail,Micro Cap
VTH.AX,Vitalharvest Freehold Trust,Financials,Capital Markets,Micro Cap
VUL.AX,Vulcan Energy Resources Ltd.,Materials,Metals & Mining,Small Cap
VVA.AX,Viva Leisure Limited,Consumer Discretionary,"Hotels, Restaurants & Leisure",Micro Cap
VXR.AX,Venturex Resources Limited,Materials,Metals & Mining,Micro Cap
VYS.AX,Vysarn Limited,Industrials,Construction & Engineering,Nano Cap
WAA.AX,WAM Active Limited,Financials,Capital Markets,Micro Cap
WAF.AX,West African Resources Ltd,Materials,Metals & Mining,Small Cap
WAK.AX,WA Kaolin Limited,Materials,Metals & Mining,Nano Cap
WAM.AX,WAM Capital Limited,Financials,Capital Markets,Small Cap
WAT.AX,Waterco Limited,Industrials,Construction & Engineering,Micro Cap
WAX.AX,WAM Research Limited,Financials,Capital Markets,Micro Cap
WBT.AX,Weebit Nano Limited,Information Technology,Semiconductors & Semiconductor Equipment,Micro Cap
WC8.AX,Wildcat Resources Limited,Materials,Metals & Mining,Nano Cap
WCG.AX,Webcentral Group Limited,Information Technology,IT Services,Micro Cap
WCN.AX,White Cliff Minerals Limited,Materials,Metals & Mining,Nano Cap
WEB.AX,Webjet Limited,Consumer Discretionary,"Hotels, Restaurants & Leisure",Small Cap
WEC.AX,White Energy Company Ltd.,Materials,Metals & Mining,Micro Cap
WEL.AX,Winchester Energy Limited,Energy,"Oil, Gas & Consumable Fuels",Nano Cap
WFL.AX,Wellfully Limited,Health Care,Biotechnology,Nano Cap
WGB.AX,WAM Global Limited,Financials,Capital Markets,Small Cap
WGN.AX,Wagners Holding Company Limited,Materials,Construction Materials,Small Cap
WGX.AX,Westgold Resources Ltd,Materials,Metals & Mining,Small Cap
WHC.AX,Whitehaven Coal Limited,Materials,Metals & Mining,Small Cap
WHF.AX,Whitefield Limited,Financials,Capital Markets,Small Cap
WHFPB.AX,Whitefield Limited,Financials,Capital Markets,Small Cap
WHK.AX,WhiteHawk Limited,Information Technology,Software,Nano Cap
WIC.AX,Westoz Investment Company Limited,Financials,Capital Markets,Micro Cap
WJA.AX,Wameja Limited,Information Technology,Software,Micro Cap
WKT.AX,Walkabout Resources Limited,Materials,Metals & Mining,Nano Cap
WLD.AX,Wellard Limited,Consumer Staples,Household Products,Nano Cap
WLE.AX,WAM Leaders Limited,Financials,Capital Markets,Small Cap
WMA.AX,Wam Alternative Assets Limited,Financials,Capital Markets,Micro Cap
WMI.AX,WAM Microcap Limited,Financials,Capital Markets,Micro Cap
WML.AX,Woomera Mining Limited,Materials,Metals & Mining,Nano Cap
WMX.AX,Wiluna Mining Corporation Limited,Materials,Metals & Mining,Micro Cap
WNR.AX,Wingara AG Limited,Consumer Staples,Household Products,Nano Cap
WOA.AX,Wide Open Agriculture Limited,Consumer Staples,Household Products,Micro Cap
WOO.AX,Wooboard Technologies Limited,Information Technology,Software,Nano Cap
WOR.AX,Worley Limited,Energy,Energy Equipment & Services,Mid Cap
WOT.AX,Wotso Property,Real Estate,Equity Real Estate Investment Trusts (REITs),Micro Cap
WPR.AX,Waypoint REIT Limited,Real Estate,Equity Real Estate Investment Trusts (REITs),Mid Cap
WRM.AX,White Rock Minerals Ltd,Materials,Metals & Mining,Nano Cap
WSA.AX,Western Areas Limited,Materials,Metals & Mining,Small Cap
WSI.AX,WestStar Industrial Limited,Industrials,Construction & Engineering,Nano Cap
WSP.AX,Whispir Limited,Information Technology,Software,Micro Cap
WSR.AX,Westar Resources Limited,Materials,Metals & Mining,Nano Cap
WTC.AX,Wisetech Global,Information Technology,Software,Mid Cap
WTL.AX,WT Financial Group Limited,Financials,Capital Markets,Nano Cap
WWG.AX,Wiseway Group Limited,Industrials,Air Freight & Logistics,Nano Cap
WWI.AX,West Wits Mining Limited,Materials,Metals & Mining,Micro Cap
WZR.AX,Wisr Limited,Financials,Consumer Finance,Micro Cap
XF1.AX,Xref Limited,Information Technology,Software,Nano Cap
XRF.AX,XRF Scientific Limited,Information Technology,"Electronic Equipment, Instruments & Components",Nano Cap
XST.AX,Xstate Resources Limited,Energy,"Oil, Gas & Consumable Fuels",Nano Cap
XTC.AX,Xantippe Resources Limited,Materials,Metals & Mining,Nano Cap
XTE.AX,XTEK Limited,Industrials,Aerospace & Defense,Nano Cap
YBR.AX,Yellow Brick Road Holdings Limited,Financials,Capital Markets,Nano Cap
YFZ.AX,Youfoodz Holdings Limited,Consumer Discretionary,"Hotels, Restaurants & Leisure",Nano Cap
YOJ.AX,Yojee Limited,Information Technology,Software,Micro Cap
YOW.AX,Yowie Group Limited,Consumer Staples,Food & Staples Retailing,Nano Cap
YPB.AX,YPB Group Limited,Industrials,Professional Services,Nano Cap
YRL.AX,Yandal Resources Limited,Materials,Metals & Mining,Nano Cap
Z1P.AX,Zip Co Limited,Financials,Consumer Finance,Mid Cap
ZAG.AX,Zuleika Gold Limited,Materials,Metals & Mining,Nano Cap
ZEO.AX,Zeotech Limited,Materials,Metals & Mining,Micro Cap
ZEU.AX,Zeus Resources Limited,Materials,Metals & Mining,Nano Cap
ZLD.AX,Zelira Therapeutics Limited,Health Care,Biotechnology,Nano Cap
ZMI.AX,Zinc of Ireland NL,Materials,Metals & Mining,Nano Cap
ZMM.AX,Zimi Limited,Information Technology,"Technology Hardware, Storage & Peripherals",Nano Cap
ZNC.AX,Zenith Minerals Limited,Materials,Metals & Mining,Nano Cap
