ticker,combined,ord_score,q_score,close,ov_sig,ov_sig_loose,ov_str,ov_shrink,ov_expand,ov_probed,ov_closed_back,spv_sig,spv_ratio,squeeze,released,bw_pctile,asym,above_ma50,q_stacked,q_ret13,q_ret26,q_compress,q_volratio,q_prox,q_brk,cause_bars,rs_up,rs_chop,rs_down,all_weather,rel_sq,rel_released,rel_bw_pct,rel_brk,rel_ov,rel_ov_loose,rel_ov_str,rel_spv,early_score,drawdown,risk_pct,rr,base_low,massive,brk_bars,brk_pos,near_edge,rising_lows,donch_pct,close_pos,one_tf,rr_dest,cib,vol_conf,probe_edge,rng_exp_v,rs_13hi,rs_26hi,tf,mode,univ,source,ua_score
GGG,8,5,0,79.19,False,False,,,,,,False,,True,False,0.02,0.99,True,False,-0.013,-0.128,1.16,1.06,0.83,False,13,0.531,0.345,1.166,True,False,False,0.55,False,False,False,NONE,False,19,0.17,0.011,19.0,78.34,36,37,0.449,False,False,0.05,0.34,3,3.9,0.31,1.0,True,False,False,False,monthly,unknown,unknown,ord_scan_monthly.csv,74.0
SUPN,6,4,2,47.85,False,False,,,,,,False,,True,False,0.02,1.15,True,False,-0.006,-0.132,0.85,0.83,0.8,False,7,0.652,-0.222,-0.158,False,True,False,0.13,False,False,False,NONE,False,20,0.198,0.021,11.6,46.83,44,36,0.339,False,False,0.1,0.286,4,6.3,0.15,1.0,False,False,False,False,weekly,unknown,unknown,ord_scan_weekly.csv,72.0
ETD,3,3,0,20.82,False,False,,,,,,False,,True,False,0.16,0.95,False,False,-0.077,-0.11,1.01,1.1,0.84,False,9,0.399,-0.701,0.047,False,False,True,0.33,False,False,False,NONE,False,16,0.34,0.004,126.0,20.74,57,34,0.009,True,False,0.05,0.021,1,212.6,0.31,0.0,True,True,False,False,weekly,unknown,unknown,ord_scan_weekly.csv,68.0
INGR,5,4,1,110.43,False,False,,,,,,False,,True,False,0.08,0.91,False,False,-0.058,-0.029,0.91,0.82,0.9,False,12,-0.493,-0.212,0.491,False,False,True,0.34,False,False,False,NONE,False,18,0.261,0.027,13.1,107.45,49,73,0.222,False,False,0.12,0.442,1,8.0,0.46,1.0,False,False,False,False,weekly,unknown,unknown,ord_scan_weekly.csv,68.0
AGO,10,5,2,80.86,False,False,,,,,,False,,True,False,0.0,1.08,True,False,-0.071,-0.048,0.77,0.81,0.85,False,13,0.893,0.458,0.07,True,False,True,0.43,False,False,False,NONE,False,22,0.152,0.03,5.9,78.42,39,29,0.515,False,False,0.01,0.402,5,4.6,0.23,0.0,False,False,False,False,monthly,unknown,unknown,ord_scan_monthly.csv,67.0
DLB,1,1,0,57.46,False,False,,,,,,False,,True,False,0.46,1.32,False,False,-0.1,-0.124,1.37,0.91,0.83,False,1,-0.632,-0.358,-0.139,False,True,False,0.44,False,False,False,NONE,False,15,0.344,0.03,17.4,55.73,55,56,0.071,True,False,0.63,0.125,1,27.1,0.31,1.0,True,True,False,False,weekly,unknown,unknown,ord_scan_weekly.csv,67.0
EPAC,9,3,3,34.94,False,False,NONE,0.85,1.17,True,False,False,0.73,True,False,0.13,1.02,True,False,-0.134,-0.018,0.69,0.86,0.67,False,2,0.574,0.069,0.768,True,False,True,0.74,False,False,False,NONE,False,17,0.326,0.037,13.2,33.66,49,17,0.081,True,False,0.1,0.07,3,23.6,0.08,0.0,True,False,False,False,monthly,unknown,unknown,ord_scan_monthly.csv,67.0
CWT,2,2,0,42.36,False,False,,,,,,False,,True,False,0.1,0.87,False,False,-0.045,-0.032,1.37,1.32,0.88,False,1,-0.998,-0.273,0.33,False,False,True,0.43,False,False,False,NONE,False,15,0.216,0.011,24.9,41.89,54,159,0.124,True,False,0.03,0.194,1,15.1,0.38,0.25,False,True,False,False,weekly,unknown,unknown,ord_scan_weekly.csv,66.0
UGI,5,4,1,35.4,False,False,,,,,,False,,True,False,0.06,0.93,False,False,-0.108,0.08,1.11,0.82,0.87,False,12,-0.436,-0.103,-0.018,False,True,False,0.15,False,False,False,NONE,False,18,0.135,0.014,10.9,34.89,35,55,0.577,False,False,0.14,0.368,0,3.6,0.46,0.0,False,True,False,False,weekly,unknown,unknown,ord_scan_weekly.csv,65.0
TXRH,4,3,1,158.29,False,False,,,,,,False,,True,False,0.03,1.18,True,False,-0.031,0.061,0.95,0.84,0.79,False,4,-0.282,0.412,1.406,False,False,False,0.78,False,False,False,NONE,False,17,0.214,0.023,12.0,154.7,40,27,0.457,False,False,0.01,0.27,4,7.5,0.15,0.0,False,False,False,False,monthly,unknown,unknown,ord_scan_monthly.csv,62.0
WEX,2,2,0,151.14,False,False,,,,,,False,,True,False,0.05,1.0,False,False,-0.018,0.036,1.32,1.3,0.81,False,1,0.247,-0.732,-0.163,False,True,False,0.24,False,False,False,NONE,False,15,0.305,0.044,10.0,144.49,31,47,0.384,False,False,0.45,0.329,1,5.4,0.54,0.67,True,False,False,False,weekly,unknown,unknown,ord_scan_weekly.csv,60.0
MSEX,2,2,0,50.93,False,False,,,,,,False,,True,False,0.05,0.94,False,False,-0.021,-0.102,1.32,1.34,0.9,False,3,-0.719,-0.559,0.074,False,True,False,0.31,False,False,False,NONE,False,16,0.252,0.025,13.4,49.65,31,53,0.395,False,False,0.01,0.578,3,4.1,0.31,0.0,False,False,False,False,weekly,unknown,unknown,ord_scan_weekly.csv,59.0
REYN,4,4,0,20.77,False,False,,,,,,False,,False,True,0.78,0.68,False,False,-0.095,-0.134,0.9,1.1,0.83,False,8,-0.326,-0.59,0.089,False,False,True,0.74,False,False,False,NONE,False,12,0.327,0.016,30.5,20.44,49,82,0.05,True,False,0.65,0.071,2,39.1,0.38,1.0,True,False,False,False,weekly,unknown,unknown,ord_scan_weekly.csv,59.0
BMRN,6,4,2,54.06,False,False,,,,,,True,0.9,False,False,0.47,0.87,False,False,-0.044,0.009,0.73,0.73,0.82,False,7,-0.633,-0.259,-0.02,False,False,True,0.48,False,False,False,NONE,False,12,0.43,0.03,25.5,52.46,34,57,0.147,True,False,0.48,0.213,3,12.6,0.38,0.5,False,False,False,False,weekly,unknown,unknown,ord_scan_weekly.csv,57.0
PPC,4,3,1,31.88,False,False,,,,,,False,,True,False,0.06,1.06,True,False,-0.311,0.097,1.01,0.68,0.65,False,1,2.368,-0.126,0.67,False,False,False,0.41,False,False,False,NONE,False,13,0.352,0.038,14.3,30.67,48,3,0.085,True,False,0.04,0.162,3,22.4,0.38,1.0,True,False,False,False,monthly,unknown,unknown,ord_scan_monthly.csv,57.0
GRBK,7,3,1,66.27,False,False,,,,,,False,,True,False,0.03,1.01,True,False,0.123,0.1,0.99,0.67,0.78,False,3,2.687,0.977,0.162,True,True,False,0.05,False,False,False,NONE,False,15,0.217,0.088,3.2,60.44,33,11,0.391,False,False,0.06,0.461,2,6.7,0.31,0.5,True,False,False,False,monthly,unknown,unknown,ord_scan_monthly.csv,56.0
ETD,6,4,2,20.82,False,False,,,,,,False,,False,True,0.3,1.09,False,False,-0.216,-0.31,0.61,1.09,0.69,False,7,0.377,-0.496,0.668,False,False,True,0.68,False,False,False,NONE,False,14,0.34,0.004,133.9,20.74,40,8,0.009,True,False,0.06,0.007,1,225.8,0.23,0.0,True,False,False,False,monthly,unknown,unknown,ord_scan_monthly.csv,56.0
EXPO,2,1,1,65.28,False,False,,,,,,False,,True,False,0.37,1.07,False,False,-0.088,-0.07,0.72,1.06,0.8,False,7,-0.535,-0.184,-0.299,False,True,False,0.43,False,False,False,NONE,False,15,0.423,0.031,23.6,63.25,45,63,0.081,True,False,0.42,0.111,2,23.6,0.46,1.0,True,False,False,False,weekly,unknown,unknown,ord_scan_weekly.csv,56.0
OLLI,5,4,1,85.61,False,False,,,,,,False,2.19,False,True,0.07,1.17,True,False,-0.193,0.076,0.78,0.91,0.6,False,2,-0.365,-1.178,3.586,False,False,True,0.35,False,False,False,NONE,False,9,0.396,0.015,42.5,84.29,60,4,0.036,True,False,0.04,0.238,9,54.6,0.23,0.5,True,False,False,False,monthly,unknown,unknown,ord_scan_monthly.csv,56.0
NMIH,5,2,0,37.21,False,False,,,,,,False,,True,False,0.16,0.73,False,False,-0.039,0.021,1.22,1.1,0.88,False,1,0.012,0.072,0.004,True,True,False,0.14,False,False,False,NONE,False,15,0.139,0.037,4.3,35.83,40,105,0.549,False,False,0.06,0.319,0,2.8,0.31,1.0,False,True,False,False,weekly,unknown,unknown,ord_scan_weekly.csv,56.0
SKYW,6,3,3,83.54,False,False,,,,,,False,1.52,True,False,0.1,0.86,True,False,-0.063,0.209,0.78,0.8,0.62,False,1,0.704,2.159,-0.664,False,False,True,0.24,False,False,False,NONE,False,9,0.384,0.042,14.7,80.0,45,8,0.081,True,False,0.12,0.267,3,23.7,0.54,0.0,True,False,False,False,monthly,unknown,unknown,ord_scan_monthly.csv,55.0
LOPE,4,3,1,163.41,False,False,,,,,,False,,True,False,0.09,0.86,False,False,-0.06,-0.132,1.1,0.89,0.9,False,9,-0.087,-0.492,0.796,False,True,False,0.18,False,False,False,NONE,False,15,0.267,0.075,4.9,151.17,51,26,0.197,True,False,0.17,0.356,1,9.2,0.31,0.0,False,True,False,False,weekly,unknown,unknown,ord_scan_weekly.csv,55.0
CNX,5,2,0,37.88,False,False,,,,,,False,1.01,False,False,0.29,1.17,True,False,-0.024,0.125,0.97,0.91,0.87,False,6,0.313,0.02,0.645,True,False,False,0.45,False,False,False,NONE,False,14,0.132,0.015,10.1,37.31,26,31,0.601,False,False,0.3,0.449,0,3.1,0.54,0.5,False,False,False,False,weekly,unknown,unknown,ord_scan_weekly.csv,55.0
BDC,4,3,1,114.15,False,False,,,,,,False,,True,False,0.01,0.89,True,False,0.109,0.238,1.32,0.99,0.71,False,1,1.774,0.893,-0.389,False,True,False,0.12,False,False,False,NONE,False,12,0.286,0.074,5.4,105.65,47,3,0.089,True,False,0.2,0.423,3,11.3,0.38,0.75,True,False,False,False,monthly,unknown,unknown,ord_scan_monthly.csv,55.0
VNT,3,3,0,35.16,False,False,,,,,,False,,True,False,0.02,1.01,True,False,0.108,-0.22,1.07,0.92,0.73,False,3,-1.559,-0.126,-0.096,False,True,False,0.1,False,False,False,NONE,False,16,0.27,0.038,9.8,33.83,35,12,0.198,True,False,0.43,0.381,3,22.1,0.38,0.75,True,False,False,False,monthly,unknown,unknown,ord_scan_monthly.csv,55.0
KNSL,7,3,1,311.74,False,False,,,,,,False,,False,True,0.15,0.86,False,False,-0.282,-0.404,0.82,0.98,0.59,False,2,0.737,0.781,4.364,True,False,True,0.69,False,False,False,NONE,False,9,0.43,0.01,75.1,308.61,44,7,0.018,True,False,0.22,0.014,3,111.4,0.38,0.0,True,False,False,False,monthly,unknown,unknown,ord_scan_monthly.csv,54.0
TNL,3,3,0,64.4,False,False,,,,,,False,,True,False,0.12,0.94,True,False,-0.066,0.043,1.46,1.39,0.8,False,1,0.974,-0.344,-0.564,False,True,False,0.47,False,False,False,NONE,False,16,0.198,0.028,8.7,62.58,34,37,0.336,False,False,0.22,0.241,2,5.0,0.31,1.0,False,False,False,False,weekly,unknown,unknown,ord_scan_weekly.csv,54.0
HCI,2,1,1,152.3,False,False,,,,,,False,,False,False,0.32,0.94,False,False,-0.038,-0.25,0.75,1.34,0.78,False,6,-0.412,-0.476,1.334,False,False,False,0.33,False,False,False,NONE,False,11,0.273,0.027,13.8,148.15,35,37,0.187,True,False,0.1,0.07,2,30.7,0.38,0.0,False,False,False,False,weekly,unknown,unknown,ord_scan_weekly.csv,54.0
PATK,5,1,1,88.94,False,False,,,,,,False,,False,False,0.25,0.92,True,False,0.174,0.155,1.41,0.98,0.6,False,1,1.087,1.965,0.8,True,True,False,0.15,False,False,False,NONE,False,10,0.399,0.03,21.9,86.24,39,2,0.071,True,False,0.3,0.284,3,27.3,0.46,0.5,True,False,False,False,monthly,unknown,unknown,ord_scan_monthly.csv,54.0
EPAC,2,1,1,34.94,False,False,,,,,,False,,False,False,0.74,0.95,False,False,-0.134,-0.149,0.83,0.99,0.79,False,8,-0.321,-0.133,0.356,False,False,True,0.71,False,False,False,NONE,False,12,0.326,0.037,13.2,33.66,41,71,0.082,True,False,0.56,0.124,0,23.5,0.23,0.0,True,False,False,False,weekly,unknown,unknown,ord_scan_weekly.csv,53.0
GTLS,13,3,7,207.82,False,False,,,,,,False,,False,False,0.04,1.12,True,True,0.54,0.262,0.06,1.01,0.94,False,10,2.766,0.547,1.159,True,False,True,0.03,False,False,False,NONE,False,12,0.143,0.052,3.2,196.98,61,11,0.99,True,True,0.08,0.897,2,1.4,0.62,0.67,True,False,False,False,monthly,unknown,unknown,ord_scan_monthly.csv,53.0
SMG,4,3,1,61.72,False,False,,,,,,False,,True,False,0.08,0.87,True,False,-0.03,0.179,1.31,1.15,0.85,False,1,-0.495,0.735,-1.404,False,True,False,0.11,False,False,False,NONE,False,15,0.3,0.044,9.7,58.99,33,51,0.508,False,False,0.05,0.505,0,3.0,0.46,0.25,False,True,False,False,weekly,unknown,unknown,ord_scan_weekly.csv,53.0
ELAN,4,3,1,22.51,False,False,,,,,,False,1.02,True,False,0.05,1.18,True,False,-0.065,0.016,0.97,0.9,0.81,False,2,0.226,-0.09,-0.97,False,True,False,0.11,False,False,False,NONE,False,18,0.188,0.04,5.9,21.62,34,29,0.37,False,False,0.03,0.287,2,4.6,0.31,0.67,False,False,False,False,weekly,unknown,unknown,ord_scan_weekly.csv,53.0
ABG,7,2,2,203.01,False,False,,,,,,False,,True,False,0.21,1.04,False,False,-0.069,-0.139,0.69,1.0,0.65,False,3,0.699,0.953,1.478,True,False,True,0.71,False,False,False,NONE,False,11,0.35,0.091,6.0,184.61,35,9,0.234,False,False,0.25,0.144,4,7.6,0.23,0.0,True,False,False,False,monthly,unknown,unknown,ord_scan_monthly.csv,53.0
JBTM,3,2,1,115.44,False,False,,,,,,False,0.84,False,False,0.24,0.9,True,False,0.1,0.109,0.95,0.87,0.68,False,2,0.232,1.176,-0.182,False,True,False,0.32,False,False,False,NONE,False,11,0.34,0.011,45.3,114.13,31,3,0.023,True,False,0.45,0.378,3,84.4,0.62,0.4,True,False,False,False,monthly,unknown,unknown,ord_scan_monthly.csv,52.0
GOGO,3,2,1,4.47,False,False,,,,,,False,,True,False,0.15,0.96,False,False,-0.026,-0.509,1.09,0.71,0.82,False,1,-0.738,-1.32,1.287,False,True,False,0.21,False,False,False,NONE,True,12,0.734,0.132,20.9,3.88,49,20,0.189,True,False,0.05,0.121,2,9.6,0.38,1.0,True,False,False,False,weekly,unknown,unknown,ord_scan_weekly.csv,52.0
BDC,0,0,0,114.15,False,False,,,,,,False,,False,False,0.78,0.92,False,False,-0.028,-0.062,1.2,1.21,0.71,False,1,0.302,0.51,-0.172,False,False,False,0.9,False,False,False,NONE,False,9,0.286,0.039,10.4,109.73,35,11,0.088,True,False,0.65,0.157,0,21.7,0.38,1.0,True,True,False,False,weekly,unknown,unknown,ord_scan_weekly.csv,51.0
CWT,4,4,0,42.36,False,False,,,,,,False,,True,False,0.11,0.85,False,False,-0.141,-0.041,0.95,1.0,0.81,False,13,-1.584,-0.063,1.385,False,False,False,0.79,False,False,False,NONE,False,14,0.355,0.033,16.9,40.98,44,37,0.124,True,False,0.12,0.154,1,15.1,0.08,0.0,False,False,False,False,monthly,unknown,unknown,ord_scan_monthly.csv,50.0
HOMB,7,5,2,26.74,False,False,NONE,1.17,1.19,True,True,False,2.01,True,False,0.0,1.03,True,False,-0.009,0.151,0.82,1.1,0.85,False,13,0.541,-0.674,0.773,False,False,True,0.4,False,False,False,NONE,False,17,0.154,0.04,4.6,25.68,30,22,0.487,False,False,0.1,0.535,2,4.5,0.31,1.0,False,False,False,False,monthly,unknown,unknown,ord_scan_monthly.csv,50.0
MTN,3,2,1,125.86,False,False,,,,,,False,,True,False,0.08,1.01,False,False,-0.038,-0.362,0.79,1.03,0.69,False,4,-0.629,0.367,0.708,False,False,False,0.83,False,False,False,NONE,False,11,0.593,0.058,25.0,118.51,50,16,0.132,True,False,0.06,0.081,5,14.1,0.23,0.0,True,False,False,False,monthly,unknown,unknown,ord_scan_monthly.csv,50.0
RDNT,10,4,3,56.85,False,False,,,,,,False,,False,True,0.12,0.94,True,False,0.085,0.168,0.84,0.88,0.61,False,2,4.903,2.343,0.543,True,True,False,0.13,False,False,False,NONE,False,7,0.393,0.107,6.0,50.76,46,2,0.193,True,False,0.1,0.244,2,6.8,0.31,0.5,True,False,False,False,monthly,unknown,unknown,ord_scan_monthly.csv,50.0
WINA,1,1,0,373.23,False,False,,,,,,False,,True,False,0.34,0.99,True,False,0.071,0.096,1.13,0.99,0.73,False,1,0.151,-0.468,1.935,False,True,False,0.31,False,False,False,NONE,False,13,0.272,0.044,8.6,356.93,39,7,0.098,True,False,0.4,0.383,2,18.1,0.38,1.0,True,False,False,False,monthly,unknown,unknown,ord_scan_monthly.csv,50.0
ITRI,2,2,0,85.4,False,False,,,,,,False,,True,False,0.18,0.66,False,False,-0.138,-0.149,1.21,1.04,0.8,False,1,0.115,-0.891,0.343,False,True,False,0.26,False,False,False,NONE,False,10,0.399,0.08,8.2,78.53,53,26,0.108,True,False,0.3,0.233,2,17.5,0.31,0.5,True,True,False,False,weekly,unknown,unknown,ord_scan_weekly.csv,49.0
PLMR,4,3,1,120.97,False,False,,,,,,False,,True,False,0.02,1.23,False,False,-0.021,0.061,1.02,0.9,0.87,False,3,-0.221,-0.19,0.663,False,True,False,0.03,False,False,False,NONE,False,17,0.312,0.051,8.8,114.75,42,43,0.271,False,False,0.0,0.33,3,6.4,0.46,0.0,False,False,False,False,weekly,unknown,unknown,ord_scan_weekly.csv,49.0
HQY,5,3,2,82.4,False,False,,,,,,False,,True,False,0.06,0.89,True,False,-0.039,0.009,0.79,0.9,0.71,False,4,0.822,1.366,-0.35,False,False,True,0.48,False,False,False,NONE,False,12,0.294,0.117,3.6,72.76,34,5,0.3,False,False,0.01,0.337,3,5.7,0.46,1.0,True,False,False,False,monthly,unknown,unknown,ord_scan_monthly.csv,49.0
USPH,4,3,1,71.83,False,False,,,,,,False,,False,True,0.2,1.12,False,False,-0.138,-0.157,0.92,0.83,0.79,False,2,0.361,-1.124,-0.145,False,False,True,0.5,False,False,False,NONE,False,12,0.306,0.04,11.2,68.99,40,53,0.289,False,False,0.26,0.243,2,8.3,0.23,1.0,False,False,False,False,weekly,unknown,unknown,ord_scan_weekly.csv,49.0
NFG,0,0,0,82.98,False,False,,,,,,False,,False,False,0.82,0.75,False,False,-0.004,0.065,1.23,1.05,0.86,False,2,-0.524,-0.025,0.682,False,False,False,0.9,False,False,False,NONE,False,8,0.142,0.003,49.0,82.7,24,64,0.524,False,False,0.7,0.328,0,2.9,0.62,0.5,True,True,False,False,weekly,unknown,unknown,ord_scan_weekly.csv,49.0
UFPI,0,0,0,85.18,False,False,,,,,,False,,False,False,0.79,1.12,False,False,-0.172,-0.069,0.98,1.08,0.72,False,1,0.172,-0.448,0.043,False,False,False,0.98,False,False,False,NONE,False,8,0.385,0.004,148.2,84.82,46,71,0.009,True,False,0.71,0.011,1,218.1,0.23,0.5,True,True,False,False,weekly,unknown,unknown,ord_scan_weekly.csv,49.0
APAM,3,3,0,37.55,False,False,,,,,,False,1.07,True,False,0.02,0.8,True,False,0.109,-0.03,0.91,1.09,0.83,False,3,1.185,-0.75,-0.677,False,True,False,0.4,False,False,False,NONE,False,13,0.167,0.068,3.0,34.99,29,13,0.5,False,False,0.04,0.5,3,6.1,0.31,1.0,True,False,False,False,monthly,unknown,unknown,ord_scan_monthly.csv,49.0
PLNT,0,0,0,65.38,False,False,,,,,,False,,False,False,0.49,1.19,False,False,-0.309,0.044,0.97,1.02,0.57,False,2,1.116,-0.683,0.726,False,False,True,0.77,False,False,False,NONE,False,9,0.429,0.03,24.9,63.41,50,3,0.062,True,False,0.09,0.136,5,31.4,0.31,0.5,True,False,False,False,monthly,unknown,unknown,ord_scan_monthly.csv,48.0
GGG,1,1,0,79.19,False,False,,,,,,False,1.81,False,False,0.55,0.95,False,False,-0.09,-0.025,1.2,1.23,0.83,False,7,-0.279,-0.267,0.021,False,False,False,0.95,False,False,False,NONE,False,11,0.17,0.004,53.9,78.89,21,157,0.445,False,False,0.43,0.05,3,3.9,0.31,1.0,False,False,False,False,weekly,unknown,unknown,ord_scan_weekly.csv,48.0
WINA,0,0,0,373.23,False,False,,,,,,False,,True,False,0.39,1.0,False,False,-0.17,-0.048,1.07,0.91,0.77,False,1,0.051,-0.164,0.511,False,True,False,0.61,False,False,False,NONE,False,13,0.272,0.041,9.2,358.01,41,30,0.098,True,False,0.62,0.117,3,19.4,0.31,0.0,True,False,False,False,weekly,unknown,unknown,ord_scan_weekly.csv,48.0
CLSK,5,3,2,12.17,False,False,,,,,,False,,True,False,0.01,1.15,True,False,0.49,-0.426,0.72,0.72,0.52,False,1,6.234,-2.417,8.285,False,True,False,0.01,False,False,False,NONE,True,14,0.919,0.343,33.1,8.0,28,1,0.793,False,False,0.04,0.333,2,1.5,0.23,1.0,True,False,False,False,monthly,unknown,unknown,ord_scan_monthly.csv,48.0
UVV,5,5,0,54.25,False,False,,,,,,False,,True,False,0.08,0.94,True,False,-0.026,0.104,0.99,1.01,0.93,False,12,-0.658,-0.113,0.61,False,True,False,0.12,False,False,False,NONE,False,14,0.144,0.079,2.1,49.97,38,90,0.528,False,False,0.18,0.579,2,3.0,0.54,1.0,False,False,False,False,weekly,unknown,unknown,ord_scan_weekly.csv,48.0
BLFS,7,3,1,21.21,False,False,,,,,,False,,True,False,0.01,1.02,True,False,-0.12,0.143,0.86,0.8,0.72,False,1,0.806,0.539,4.675,True,True,False,0.04,False,False,False,NONE,False,12,0.65,0.158,11.8,17.86,28,4,0.38,False,False,0.01,0.431,4,4.3,0.38,0.0,True,False,False,False,monthly,unknown,unknown,ord_scan_monthly.csv,48.0
MAT,3,1,2,14.93,False,False,,,,,,False,,False,False,1.0,0.68,False,False,-0.285,-0.188,0.64,0.99,0.66,False,6,0.325,-0.753,-0.429,False,False,False,1.0,False,False,False,NONE,False,10,0.336,0.056,9.1,14.1,33,11,0.099,True,False,0.99,0.099,4,19.2,0.23,1.0,True,False,False,False,weekly,unknown,unknown,ord_scan_weekly.csv,48.0
WTRG,5,5,0,38.03,False,False,,,,,,False,,True,False,0.05,1.12,True,False,-0.042,0.1,0.88,1.07,0.91,False,15,-1.17,-0.09,1.756,False,False,False,0.52,False,False,False,NONE,False,16,0.196,0.076,3.2,35.14,31,39,0.596,False,False,0.12,0.637,2,2.4,0.31,1.0,False,False,False,False,monthly,unknown,unknown,ord_scan_monthly.csv,48.0
ACAD,6,3,3,21.95,False,False,,,,,,False,,False,False,0.04,1.21,True,False,0.503,0.187,0.8,0.74,0.77,False,2,0.435,6.217,-2.043,False,True,False,0.0,False,False,False,NONE,False,7,0.626,0.103,16.3,19.69,34,5,0.243,False,False,0.05,0.572,5,6.6,0.54,0.67,True,False,False,False,monthly,unknown,unknown,ord_scan_monthly.csv,48.0
BCPC,6,3,0,161.52,False,False,,,,,,False,,True,False,0.02,0.97,True,False,0.038,0.054,1.0,0.95,0.88,False,5,0.364,0.6,1.851,True,False,False,0.47,False,False,False,NONE,False,10,0.122,0.144,1.0,138.32,36,29,0.638,False,False,0.01,0.531,2,3.1,0.54,1.0,True,False,False,False,monthly,unknown,unknown,ord_scan_monthly.csv,47.0
AWR,5,4,1,75.21,False,False,,,,,,False,,True,False,0.02,1.07,False,False,-0.048,0.094,0.83,0.99,0.89,False,17,-1.077,-0.163,1.567,False,False,False,0.72,False,False,False,NONE,False,15,0.206,0.095,2.7,68.05,34,39,0.422,False,False,0.01,0.578,3,3.7,0.15,1.0,False,False,False,False,monthly,unknown,unknown,ord_scan_monthly.csv,47.0
NSSC,12,4,5,46.72,False,False,,,,,,False,,False,True,0.14,1.19,True,True,0.271,0.065,0.87,0.6,0.99,False,3,0.624,0.193,0.47,True,True,False,0.09,False,False,False,NONE,False,9,0.174,0.197,1.1,37.51,60,35,0.935,True,False,0.06,0.905,4,1.7,0.69,0.6,False,False,False,False,weekly,unknown,unknown,ord_scan_weekly.csv,47.0
MTG,5,4,1,26.26,False,False,,,,,,False,,True,False,0.06,1.03,True,False,0.077,0.226,1.01,0.92,0.88,False,10,1.78,0.239,-0.885,False,True,False,0.1,False,False,False,NONE,False,15,0.119,0.038,3.6,25.27,24,22,0.623,False,False,0.06,0.688,1,2.7,0.38,0.6,True,False,False,False,monthly,unknown,unknown,ord_scan_monthly.csv,47.0
PEGA,7,4,0,36.2,False,False,,,,,,True,0.89,False,False,0.42,1.15,True,False,-0.212,0.125,1.0,1.13,0.53,False,1,0.935,2.138,0.9,True,False,True,0.53,False,False,False,NONE,False,13,0.508,0.052,19.9,34.32,39,4,0.068,True,False,0.38,0.221,2,28.5,0.38,0.67,True,False,False,False,monthly,unknown,unknown,ord_scan_monthly.csv,47.0
PATH,2,2,0,10.67,False,False,,,,,,False,2.15,True,False,0.14,1.17,False,False,-0.106,-0.529,0.92,1.44,0.54,False,1,-2.99,-5.497,-0.615,False,True,False,0.3,False,False,False,NONE,True,14,0.881,0.13,57.1,9.28,31,3,0.342,False,False,0.1,0.103,5,4.8,0.15,1.0,True,False,False,False,monthly,unknown,unknown,ord_scan_monthly.csv,46.0
SCI,8,5,0,79.78,False,False,,,,,,False,,True,False,0.0,1.1,True,False,0.015,0.115,1.1,0.92,0.9,False,13,0.61,0.192,0.473,True,False,True,0.47,False,False,False,NONE,False,16,0.1,0.086,1.3,72.91,36,27,0.669,False,False,0.0,0.623,1,2.4,0.46,1.0,True,False,False,False,monthly,unknown,unknown,ord_scan_monthly.csv,46.0
NBIX,6,3,3,131.78,False,False,,,,,,False,,True,False,0.04,0.74,True,False,0.224,-0.045,0.66,0.86,0.82,False,5,-2.174,2.785,2.873,False,True,False,0.03,False,False,False,NONE,False,13,0.177,0.073,2.9,122.14,28,12,0.481,False,False,0.3,0.626,3,8.4,0.46,0.0,True,False,False,False,monthly,unknown,unknown,ord_scan_monthly.csv,46.0
RYN,2,2,0,20.95,False,False,,,,,,False,,True,False,0.22,0.81,False,False,-0.047,-0.22,0.85,1.68,0.77,False,4,-0.484,-0.328,0.702,False,False,False,0.89,False,False,False,NONE,False,9,0.396,0.082,8.0,19.24,50,26,0.184,True,False,0.06,0.212,4,9.9,0.23,0.0,True,False,False,False,monthly,unknown,unknown,ord_scan_monthly.csv,46.0
AFG,7,5,2,131.64,False,False,NONE,0.76,0.9,True,True,False,1.18,True,False,0.03,1.07,True,False,0.029,0.04,1.16,0.86,0.97,False,24,-0.139,-0.154,0.218,False,True,False,0.18,False,False,False,NONE,False,15,0.082,0.07,1.3,122.46,43,116,0.731,False,False,0.01,0.564,0,2.0,0.46,1.0,False,True,False,False,weekly,unknown,unknown,ord_scan_weekly.csv,46.0
ATR,1,1,0,119.02,False,False,,,,,,False,,False,False,0.78,0.95,False,False,-0.044,0.03,1.15,0.97,0.81,False,7,-0.378,-0.293,0.036,False,False,False,0.86,False,False,False,NONE,False,11,0.321,0.009,50.1,117.9,22,26,0.367,False,False,0.65,0.286,2,6.5,0.46,0.5,False,False,False,False,weekly,unknown,unknown,ord_scan_weekly.csv,46.0
HASI,14,4,7,42.53,False,False,,,,,,False,,False,True,0.66,0.79,True,True,0.822,0.697,0.93,0.7,0.99,False,2,0.728,0.676,0.753,True,False,True,0.51,True,False,False,NONE,False,6,0.24,0.448,0.7,23.48,62,6,0.972,True,True,0.54,0.98,7,0.9,0.62,0.5,True,False,True,True,monthly,unknown,unknown,ord_scan_monthly.csv,46.0
DCI,4,2,2,86.22,False,False,,,,,,False,,False,False,0.99,0.93,True,False,-0.152,0.029,0.8,0.85,0.77,False,8,-0.101,-0.107,0.0,False,False,False,1.0,False,False,False,NONE,False,10,0.234,0.049,6.3,82.01,26,29,0.216,False,False,0.96,0.138,1,8.9,0.38,1.0,False,False,False,False,weekly,unknown,unknown,ord_scan_weekly.csv,45.0
CCK,2,2,0,100.15,False,False,,,,,,False,,False,False,0.23,0.94,False,False,-0.04,0.037,1.18,1.03,0.86,False,8,-0.241,0.157,-0.367,False,False,False,0.36,False,False,False,NONE,False,10,0.138,0.029,5.5,97.2,24,55,0.609,False,False,0.12,0.303,3,3.2,0.38,0.5,False,False,False,False,weekly,unknown,unknown,ord_scan_weekly.csv,45.0
ELS,5,5,0,62.82,False,False,NONE,0.91,1.26,True,True,False,1.07,True,False,0.06,1.1,True,False,0.003,0.047,0.97,0.95,0.9,False,18,-0.593,-0.244,1.496,False,False,False,0.75,False,False,False,NONE,False,15,0.197,0.098,2.5,56.68,34,49,0.494,False,False,0.01,0.409,2,3.0,0.23,1.0,False,False,False,False,monthly,unknown,unknown,ord_scan_monthly.csv,45.0
IIIN,3,0,0,26.4,False,False,,,,,,False,,False,False,0.35,0.81,False,False,-0.193,-0.256,1.18,1.04,0.66,False,1,0.659,1.285,0.771,True,False,True,0.34,False,False,False,NONE,False,10,0.344,0.078,6.7,24.35,35,1,0.152,True,False,0.28,0.254,1,12.2,0.38,0.33,True,False,False,False,monthly,unknown,unknown,ord_scan_monthly.csv,45.0
REYN,0,0,0,20.77,False,False,,,,,,False,,False,False,0.79,1.02,False,False,-0.061,-0.218,1.02,0.93,0.7,False,3,-2.337,-1.502,0.26,False,False,False,0.69,False,False,False,NONE,False,9,0.327,0.016,30.5,20.44,29,19,0.05,True,False,0.72,0.044,3,38.9,0.31,0.0,True,False,False,False,monthly,unknown,unknown,ord_scan_monthly.csv,45.0
AGO,2,2,0,80.86,False,False,,,,,,False,,False,False,0.22,0.86,False,False,-0.043,0.008,1.02,1.1,0.88,False,9,-0.057,0.187,0.033,False,False,True,0.38,False,False,False,NONE,False,12,0.152,0.021,8.5,79.16,27,125,0.515,False,False,0.11,0.145,1,3.6,0.23,0.0,False,False,False,False,weekly,unknown,unknown,ord_scan_weekly.csv,45.0
LKFN,6,3,3,61.38,False,False,,,,,,False,,True,False,0.07,0.96,True,False,0.039,0.095,1.06,0.75,0.97,False,5,0.152,-0.581,-0.003,False,True,False,0.03,False,False,False,NONE,False,11,0.179,0.122,1.8,53.89,42,65,0.645,False,True,0.06,0.8,6,2.1,0.46,0.5,False,False,False,False,weekly,unknown,unknown,ord_scan_weekly.csv,45.0
HLI,7,3,1,153.08,False,False,,,,,,False,,True,False,0.13,1.05,True,False,-0.043,0.228,1.01,1.12,0.73,False,2,0.912,0.088,1.024,True,False,True,0.86,False,False,False,NONE,False,12,0.27,0.125,3.0,133.92,34,4,0.317,False,False,0.13,0.377,2,5.3,0.46,0.67,True,False,False,False,monthly,unknown,unknown,ord_scan_monthly.csv,45.0
JBGS,4,1,3,14.71,False,False,,,,,,False,0.8,False,False,0.69,1.46,False,False,0.095,-0.003,0.66,0.55,0.62,False,4,-2.497,0.269,-1.983,False,False,True,0.62,False,False,False,NONE,False,8,0.557,0.046,27.2,14.03,43,7,0.086,True,False,0.51,0.192,2,22.3,0.23,1.0,True,False,False,False,monthly,unknown,unknown,ord_scan_monthly.csv,45.0
KBH,5,1,1,51.44,False,False,,,,,,False,0.92,False,False,0.18,0.95,False,False,-0.032,-0.252,0.95,0.76,0.61,False,2,0.134,0.051,0.793,True,False,False,0.59,False,False,False,NONE,False,7,0.413,0.064,11.0,48.17,37,16,0.146,True,False,0.06,0.085,3,12.7,0.23,0.0,True,False,False,False,monthly,unknown,unknown,ord_scan_monthly.csv,45.0
CNM,5,3,2,49.02,False,False,,,,,,False,,True,False,0.03,0.93,True,False,-0.069,-0.144,0.81,0.88,0.73,False,3,-0.503,0.9,0.861,False,False,True,0.55,False,False,False,NONE,False,11,0.27,0.103,3.6,43.96,37,8,0.218,False,False,0.03,0.394,2,8.2,0.31,0.5,True,False,False,False,monthly,unknown,unknown,ord_scan_monthly.csv,45.0
MKTX,4,3,1,152.87,False,False,,,,,,False,0.97,False,True,0.2,1.01,False,False,-0.093,-0.036,0.93,0.83,0.78,False,2,-1.457,-0.046,-0.204,False,False,False,0.31,False,False,False,NONE,False,6,0.473,0.001,1246.1,152.76,42,42,0.002,True,False,0.24,0.003,3,1213.6,0.31,0.0,True,False,False,False,weekly,unknown,unknown,ord_scan_weekly.csv,44.0
AYI,5,2,0,289.29,False,False,,,,,,False,,False,False,0.15,0.89,True,False,0.191,0.082,1.05,1.14,0.76,False,3,1.062,0.302,1.277,True,True,False,0.31,False,False,False,NONE,False,8,0.238,0.112,2.8,256.86,26,4,0.264,False,False,0.15,0.447,2,6.6,0.54,0.25,True,False,False,False,monthly,unknown,unknown,ord_scan_monthly.csv,44.0
MGEE,5,3,2,80.6,False,False,NONE,0.69,1.14,False,True,False,,True,False,0.15,0.93,False,False,0.015,-0.016,1.09,1.12,0.97,False,6,-0.449,-0.191,0.222,False,True,False,0.11,False,False,False,NONE,False,13,0.239,0.105,3.0,72.17,42,73,0.274,False,False,0.25,0.726,2,6.3,0.46,0.0,True,False,False,False,weekly,unknown,unknown,ord_scan_weekly.csv,44.0
TRUP,6,3,3,24.33,False,False,,,,,,False,,False,True,0.33,0.91,False,False,-0.335,-0.119,0.65,0.71,0.42,False,1,4.61,-5.427,4.481,False,False,True,0.76,False,False,False,NONE,False,7,0.846,0.022,252.7,23.8,40,3,0.05,True,False,0.2,0.121,1,39.1,0.23,0.0,True,False,False,False,monthly,unknown,unknown,ord_scan_monthly.csv,44.0
CVCO,8,3,2,510.68,False,False,,,,,,False,,True,False,0.21,0.86,True,False,0.034,0.28,1.3,1.23,0.72,False,2,1.462,1.353,0.239,True,True,False,0.5,False,False,False,NONE,True,11,0.284,0.203,2.0,406.98,31,4,0.228,False,False,0.27,0.47,4,4.5,0.46,0.67,True,False,False,False,monthly,unknown,unknown,ord_scan_monthly.csv,44.0
EYE,3,3,0,23.54,False,False,,,,,,False,,True,False,0.06,1.21,False,False,-0.107,-0.086,1.21,1.15,0.78,False,1,0.19,-1.514,0.352,False,True,False,0.29,False,False,False,NONE,False,16,0.216,0.063,4.3,22.05,39,46,0.306,False,False,0.11,0.192,3,7.3,0.31,0.0,False,False,False,False,weekly,unknown,unknown,ord_scan_weekly.csv,44.0
VVV,0,0,0,32.61,False,False,,,,,,False,,False,False,0.81,1.18,False,False,-0.003,-0.012,0.99,0.98,0.83,False,3,-0.435,-0.046,0.051,False,False,False,0.92,False,False,False,NONE,False,11,0.324,0.029,16.8,31.68,25,32,0.32,False,False,0.8,0.376,3,5.2,0.23,0.67,False,False,False,False,weekly,unknown,unknown,ord_scan_weekly.csv,44.0
HALO,2,1,1,63.96,False,False,,,,,,False,,False,False,0.19,1.05,False,False,-0.108,-0.019,0.92,0.83,0.78,False,3,0.199,-0.592,0.634,False,False,False,0.17,False,False,False,NONE,False,10,0.222,0.041,6.9,61.33,39,39,0.256,False,False,0.14,0.13,1,8.1,0.31,1.0,False,False,False,False,weekly,unknown,unknown,ord_scan_weekly.csv,44.0
GNTX,0,0,0,22.75,False,False,,,,,,False,,False,False,0.4,1.12,False,False,-0.006,-0.02,1.23,1.04,0.91,False,2,0.244,-0.857,-0.348,False,True,False,0.33,False,False,False,NONE,False,9,0.333,0.105,4.8,20.36,36,55,0.326,False,True,0.27,0.515,6,6.4,0.38,0.5,False,True,False,False,weekly,unknown,unknown,ord_scan_weekly.csv,44.0
MTCH,4,2,2,38.67,False,False,,,,,,False,,True,False,0.07,0.89,False,False,0.343,0.104,0.89,0.9,0.99,False,1,1.843,0.98,-0.308,False,True,False,0.06,False,False,False,NONE,False,10,0.78,0.26,13.6,28.63,45,12,0.979,True,False,0.07,0.98,3,1.3,0.54,0.5,True,False,False,False,monthly,unknown,unknown,ord_scan_monthly.csv,44.0
FCN,1,1,0,173.82,False,False,,,,,,False,,True,False,0.4,0.97,True,False,-0.005,0.053,1.13,0.97,0.92,False,5,-0.514,-0.624,0.788,False,True,False,0.35,False,False,False,NONE,False,11,0.286,0.118,3.4,153.36,34,79,0.298,False,False,0.5,0.569,0,5.7,0.54,0.25,False,True,False,False,weekly,unknown,unknown,ord_scan_weekly.csv,43.0
ABR,4,3,1,7.93,False,False,,,,,,False,,True,False,0.09,1.25,False,False,0.068,-0.157,0.89,0.63,0.92,False,3,0.246,-0.534,-0.474,False,True,False,0.12,False,False,False,NONE,False,11,0.4,0.135,4.9,6.86,51,26,0.25,False,True,0.12,0.418,4,7.0,0.38,1.0,False,False,False,False,weekly,unknown,unknown,ord_scan_weekly.csv,43.0
LQDT,10,4,6,35.91,False,False,,,,,,False,,False,True,0.1,0.83,True,True,0.122,0.5,0.98,0.98,1.0,False,2,1.047,0.104,-0.59,False,True,False,0.07,True,False,False,NONE,False,3,0.096,0.223,0.5,27.89,69,23,0.988,True,True,0.12,0.988,6,1.7,0.69,0.8,True,False,True,True,weekly,unknown,unknown,ord_scan_weekly.csv,43.0
MMSI,3,3,0,62.01,False,False,,,,,,False,1.13,False,True,0.37,0.86,False,False,-0.343,-0.181,0.89,1.03,0.56,False,2,1.012,-1.271,2.558,False,False,False,0.76,False,False,False,NONE,False,6,0.444,0.011,70.6,61.31,37,4,0.021,True,False,0.29,0.014,4,94.5,0.31,0.0,True,False,False,False,monthly,unknown,unknown,ord_scan_monthly.csv,43.0
SNCY,4,2,2,15.79,False,False,,,,,,False,,False,False,0.57,1.27,True,False,-0.1,0.286,1.07,0.62,0.71,False,1,0.638,-1.08,-0.405,False,False,False,0.68,False,False,False,NONE,False,9,0.292,0.031,13.3,15.3,31,10,0.074,True,False,0.44,0.412,2,25.9,0.23,0.5,True,False,False,False,weekly,unknown,unknown,ord_scan_weekly.csv,43.0
PEN,10,6,4,325.33,False,False,,,,,,False,,False,False,0.03,1.84,True,False,-0.092,0.431,0.57,0.71,0.9,False,15,-0.511,0.861,-0.361,False,False,False,0.07,False,False,False,NONE,False,8,0.102,0.005,22.9,323.71,26,25,0.737,False,False,0.07,0.737,1,2.9,0.23,0.0,False,False,False,False,weekly,unknown,unknown,ord_scan_weekly.csv,43.0
RGEN,3,3,0,117.2,False,False,,,,,,False,,True,False,0.08,1.27,False,False,-0.151,-0.363,0.9,0.93,0.64,False,1,-0.073,3.053,1.352,False,False,True,0.18,False,False,False,NONE,False,13,0.642,0.066,27.3,109.5,49,3,0.15,True,False,0.01,0.174,1,12.3,0.23,0.0,True,False,False,False,monthly,unknown,unknown,ord_scan_monthly.csv,43.0
MMS,0,0,0,65.58,False,False,,,,,,False,1.4,False,False,0.48,0.87,False,False,-0.005,-0.194,1.27,0.94,0.66,False,2,-1.198,1.216,1.018,False,False,False,0.61,False,False,False,NONE,False,7,0.341,0.074,7.0,60.75,32,3,0.129,True,False,0.3,0.124,4,14.6,0.54,0.0,True,False,False,False,monthly,unknown,unknown,ord_scan_monthly.csv,43.0
UFPT,2,1,1,194.07,False,False,,,,,,False,1.29,True,False,0.37,1.0,True,False,-0.069,-0.23,0.77,1.18,0.55,False,3,1.837,-0.083,0.76,False,False,False,0.57,False,False,False,NONE,False,8,0.47,0.058,15.4,182.87,39,3,0.114,True,False,0.31,0.084,3,15.4,0.15,1.0,True,False,False,False,monthly,unknown,unknown,ord_scan_monthly.csv,43.0
CENT,4,2,2,36.73,False,False,,,,,,False,,False,False,0.84,1.3,True,False,0.086,0.198,1.1,0.77,0.92,False,4,-0.04,-0.251,-0.248,False,False,False,0.83,False,False,False,NONE,False,11,0.226,0.044,6.6,35.1,25,40,0.638,False,False,0.3,0.667,2,2.1,0.62,0.75,False,False,False,False,weekly,unknown,unknown,ord_scan_weekly.csv,43.0
PB,4,2,2,69.33,False,False,,,,,,False,,True,False,0.25,0.94,True,False,0.014,0.072,0.83,0.88,0.91,False,9,-0.103,-0.084,-0.196,False,True,False,0.11,False,False,False,NONE,False,12,0.16,0.088,2.2,63.2,26,94,0.514,False,False,0.37,0.467,2,4.1,0.31,1.0,False,False,False,False,weekly,unknown,unknown,ord_scan_weekly.csv,43.0
ADUS,7,3,1,99.56,False,False,,,,,,False,,False,True,0.06,0.9,False,False,-0.048,-0.037,0.83,1.07,0.73,False,3,0.954,0.809,0.378,True,False,False,0.4,False,False,False,NONE,False,8,0.272,0.087,4.3,90.89,32,16,0.222,False,False,0.04,0.239,1,8.0,0.54,0.0,False,False,False,False,monthly,unknown,unknown,ord_scan_monthly.csv,43.0
GDEN,12,9,3,28.55,True,True,MARGINAL,0.51,1.51,True,True,True,0.46,True,False,0.14,1.07,False,False,0.276,-0.073,0.62,0.96,0.93,False,2,2.097,0.842,-0.205,False,False,False,0.3,False,False,False,NONE,False,11,0.401,0.392,1.7,17.37,30,6,1.0,True,False,0.08,0.815,2,1.0,0.38,0.0,True,False,False,False,monthly,unknown,unknown,ord_scan_monthly.csv,43.0
CNS,4,3,1,69.29,False,False,,,,,,False,,True,False,0.12,1.04,True,False,0.09,0.034,0.93,1.05,0.96,False,2,0.424,-0.179,-0.763,False,True,False,0.05,False,False,False,NONE,False,12,0.343,0.132,4.0,60.17,43,59,0.439,False,True,0.02,0.82,5,3.6,0.31,0.5,False,False,False,False,weekly,unknown,unknown,ord_scan_weekly.csv,43.0
EXPO,3,0,0,65.28,False,False,,,,,,False,,False,False,0.42,1.1,False,False,-0.157,-0.185,0.94,1.1,0.58,False,3,0.181,0.129,1.424,True,False,False,0.85,False,False,False,NONE,False,10,0.46,0.035,24.2,62.99,31,15,0.07,True,False,0.41,0.046,3,27.5,0.23,0.0,True,False,False,False,monthly,unknown,unknown,ord_scan_monthly.csv,42.0
PFGC,5,4,1,88.69,False,False,,,,,,False,,True,False,0.03,1.4,True,False,0.1,0.188,1.2,1.25,0.81,False,3,0.792,-1.303,1.901,False,True,False,0.31,False,False,False,NONE,False,13,0.187,0.089,2.6,80.82,32,13,0.499,False,False,0.23,0.571,3,5.4,0.54,1.0,False,False,False,False,monthly,unknown,unknown,ord_scan_monthly.csv,42.0
ALGT,2,1,1,75.02,False,False,,,,,,False,,False,False,0.5,0.98,True,False,-0.154,0.206,1.08,1.08,0.64,False,1,0.866,0.014,-1.94,False,False,False,0.56,False,False,False,NONE,False,4,0.364,0.026,22.2,73.08,33,9,0.055,True,False,0.34,0.294,2,35.6,0.23,1.0,True,False,False,False,weekly,unknown,unknown,ord_scan_weekly.csv,42.0
MAT,0,0,0,14.93,False,False,,,,,,False,,True,False,0.27,0.87,False,False,-0.06,-0.246,1.01,1.05,0.66,False,3,0.157,-2.392,1.344,False,False,True,0.68,False,False,False,NONE,False,9,0.447,0.056,14.5,14.1,43,3,0.099,True,False,0.21,0.115,3,19.2,0.46,0.5,True,False,False,False,monthly,unknown,unknown,ord_scan_monthly.csv,42.0
COLL,7,4,0,34.32,False,False,,,,,,False,,False,True,0.38,0.83,True,False,0.271,-0.116,1.01,0.98,0.68,False,2,0.793,2.271,0.094,True,True,False,0.01,False,False,False,NONE,False,9,0.324,0.149,3.2,29.19,41,3,0.156,True,False,0.43,0.402,3,6.4,0.38,1.0,True,False,False,False,monthly,unknown,unknown,ord_scan_monthly.csv,42.0
SIG,2,2,0,85.7,False,False,,,,,,False,,True,False,0.08,0.93,False,False,-0.068,-0.13,0.93,0.91,0.86,False,1,-0.075,0.529,-0.083,False,True,False,0.08,False,False,False,NONE,False,13,0.219,0.085,3.3,78.38,35,37,0.313,False,False,0.04,0.257,1,8.1,0.46,0.0,False,False,False,False,weekly,unknown,unknown,ord_scan_weekly.csv,42.0
FIZZ,5,4,1,34.11,False,False,NONE,1.09,1.11,True,True,False,1.23,False,True,0.19,1.01,False,False,0.001,-0.005,0.91,0.8,0.9,False,8,-0.832,-0.795,0.918,False,False,False,0.22,False,False,False,NONE,False,8,0.362,0.039,14.6,32.78,42,35,0.189,True,False,0.18,0.427,1,9.6,0.46,0.2,False,False,False,False,weekly,unknown,unknown,ord_scan_weekly.csv,42.0
LCII,2,1,1,116.79,False,False,,,,,,False,,False,False,0.71,0.66,True,False,-0.196,0.151,1.07,1.21,0.74,False,2,0.161,0.217,-0.771,False,False,False,0.86,False,False,False,NONE,False,9,0.262,0.011,31.8,115.49,19,22,0.175,True,False,0.56,0.285,2,17.3,0.23,0.0,False,False,False,False,weekly,unknown,unknown,ord_scan_weekly.csv,42.0
UPWK,0,0,0,10.49,False,False,,,,,,False,,False,False,0.3,1.05,False,False,-0.202,-0.144,1.03,1.02,0.46,False,2,3.263,-4.99,-1.126,False,False,True,0.36,False,False,False,NONE,False,7,0.837,0.032,158.8,10.15,40,3,0.032,True,False,0.12,0.143,4,61.9,0.23,0.67,True,False,False,False,monthly,unknown,unknown,ord_scan_monthly.csv,42.0
CELH,4,0,1,33.73,False,False,,,,,,False,,False,False,0.31,1.02,False,False,-0.035,-0.593,1.04,0.67,0.51,False,2,3.117,2.299,2.231,True,False,False,0.31,False,False,False,NONE,False,7,0.661,0.051,38.3,32.01,34,2,0.084,True,False,0.21,0.162,3,22.7,0.38,0.33,True,False,False,False,monthly,unknown,unknown,ord_scan_monthly.csv,42.0
WEN,6,4,2,6.7,False,False,,,,,,False,,False,True,0.76,1.03,False,False,-0.124,-0.187,0.69,0.99,0.78,False,8,-0.93,-0.572,-0.322,False,False,True,0.77,False,False,False,NONE,False,9,0.644,0.01,173.0,6.63,32,25,0.029,True,False,0.53,0.029,1,67.0,0.46,0.0,True,False,False,False,weekly,unknown,unknown,ord_scan_weekly.csv,42.0
RRR,1,1,0,52.78,False,False,,,,,,False,,False,False,0.3,1.09,True,False,0.305,-0.045,0.91,0.95,0.78,False,3,1.959,0.268,-0.319,False,True,False,0.21,False,False,False,NONE,False,12,0.22,0.043,6.6,50.53,16,11,0.313,False,False,0.59,0.568,3,16.2,0.54,0.6,True,False,False,False,monthly,unknown,unknown,ord_scan_monthly.csv,42.0
IBOC,6,4,2,71.66,False,False,,,,,,False,,True,False,0.1,0.92,True,False,0.039,0.091,0.8,1.02,0.96,False,7,0.306,-0.312,0.331,False,True,False,0.12,False,False,False,NONE,False,5,0.04,0.104,0.4,64.22,59,96,0.865,True,True,0.01,0.751,4,1.4,0.31,1.0,False,False,False,False,weekly,unknown,unknown,ord_scan_weekly.csv,41.0
SAM,0,0,0,214.3,False,False,,,,,,False,,False,False,0.55,0.91,False,False,0.003,0.035,1.26,1.35,0.81,False,1,-0.973,-0.793,-0.035,False,False,False,0.7,False,False,False,NONE,False,6,0.369,0.031,19.0,207.7,19,44,0.366,False,False,0.48,0.327,3,4.7,0.54,0.67,True,True,False,False,weekly,unknown,unknown,ord_scan_weekly.csv,41.0
MMSI,0,0,0,62.01,False,False,,,,,,False,,False,False,0.99,0.7,False,False,-0.235,-0.292,0.99,1.05,0.65,False,1,-0.722,-0.272,0.293,False,False,False,0.97,False,False,False,NONE,False,6,0.444,0.011,70.6,61.31,34,15,0.027,True,False,1.0,0.021,2,73.5,0.31,0.0,True,True,False,False,weekly,unknown,unknown,ord_scan_weekly.csv,41.0
BMRN,3,2,1,54.06,False,False,,,,,,False,,True,False,0.14,0.97,False,False,-0.151,-0.381,0.87,0.83,0.74,False,3,-2.163,1.935,1.435,False,False,False,0.44,False,False,False,NONE,False,10,0.59,0.061,23.6,50.76,42,14,0.145,True,False,0.1,0.075,3,12.8,0.23,0.0,True,False,False,False,monthly,unknown,unknown,ord_scan_monthly.csv,41.0
WEX,6,2,1,151.14,False,False,,,,,,False,,True,False,0.11,0.6,False,False,0.159,-0.364,0.88,0.79,0.69,False,1,0.284,0.578,0.508,True,False,False,0.68,False,False,False,NONE,False,10,0.381,0.116,5.3,133.65,28,11,0.384,False,False,0.49,0.305,3,5.4,0.31,1.0,True,False,False,False,monthly,unknown,unknown,ord_scan_monthly.csv,41.0
WWW,3,2,1,17.33,False,False,,,,,,False,,True,False,0.02,0.93,False,False,-0.016,-0.228,1.07,0.68,0.81,False,1,0.373,-0.143,-0.741,False,True,False,0.02,False,False,False,NONE,False,10,0.463,0.116,7.5,15.33,26,23,0.428,False,False,0.07,0.436,1,4.9,0.23,1.0,False,False,False,False,weekly,unknown,unknown,ord_scan_weekly.csv,41.0
ELS,4,3,1,62.82,False,False,,,,,,False,,False,False,0.57,0.97,True,False,0.003,0.047,0.9,0.82,0.92,False,15,-0.502,-0.145,-0.183,False,False,False,0.74,False,False,False,NONE,False,11,0.133,0.028,5.5,61.08,16,199,0.545,False,False,0.33,0.452,1,2.7,0.31,0.6,False,False,False,False,weekly,unknown,unknown,ord_scan_weekly.csv,41.0
CC,3,1,2,27.73,False,False,,,,,,False,,False,False,0.65,1.15,True,False,1.299,0.142,1.36,0.91,1.0,False,1,0.414,2.786,-0.194,False,False,False,0.57,True,False,False,NONE,False,8,0.345,0.628,0.8,10.31,51,2,0.998,True,True,0.52,0.998,6,0.7,0.54,0.5,True,False,True,False,monthly,unknown,unknown,ord_scan_monthly.csv,41.0
AVAV,5,1,1,184.97,False,False,,,,,,False,1.03,False,False,0.89,1.18,True,False,0.221,0.207,1.22,1.4,0.44,False,1,0.078,1.085,0.992,True,False,False,0.88,False,False,False,NONE,False,7,0.557,0.055,22.7,174.73,38,2,0.08,True,False,0.96,0.262,2,24.1,0.31,1.0,True,False,False,False,monthly,unknown,unknown,ord_scan_monthly.csv,41.0
PENG,9,4,5,31.24,False,False,,,,,,False,,False,True,0.44,0.9,True,True,0.83,0.187,1.25,1.1,1.0,False,1,1.936,7.765,-5.096,False,True,False,0.26,True,False,False,NONE,False,8,0.161,0.487,0.4,16.04,43,1,0.996,True,False,0.12,0.996,2,0.9,0.54,1.0,True,False,True,False,monthly,unknown,unknown,ord_scan_monthly.csv,41.0
FIBK,9,6,3,35.45,False,False,,,,,,True,0.86,False,False,0.07,0.88,True,False,0.012,0.165,0.7,1.17,0.91,False,6,0.44,-0.324,-0.458,False,True,False,0.08,False,False,False,NONE,False,8,0.086,0.108,0.9,31.62,36,39,0.73,False,True,0.04,0.658,6,1.9,0.38,0.5,False,False,False,False,weekly,unknown,unknown,ord_scan_weekly.csv,41.0
UFPT,4,0,1,194.07,False,False,,,,,,False,,False,False,0.79,0.88,False,False,-0.227,0.007,0.73,1.12,0.71,False,2,0.408,0.419,0.4,True,False,True,0.78,False,False,False,NONE,False,8,0.47,0.054,16.6,183.66,31,11,0.114,True,False,0.51,0.114,2,16.5,0.31,0.0,True,False,False,False,weekly,unknown,unknown,ord_scan_weekly.csv,41.0
ROCK,4,3,1,39.2,False,False,,,,,,False,1.09,False,True,0.56,0.76,False,False,-0.26,-0.513,0.83,1.01,0.52,False,3,0.258,-0.127,0.607,False,False,False,0.87,False,False,False,NONE,False,5,0.619,0.048,33.6,37.3,39,3,0.1,True,False,0.48,0.043,4,19.1,0.23,1.0,True,False,False,False,monthly,unknown,unknown,ord_scan_monthly.csv,41.0
TMDX,5,2,3,100.01,False,False,,,,,,False,,False,False,0.08,1.11,True,False,0.087,0.353,0.88,0.61,0.64,False,1,-1.745,4.057,8.323,False,True,False,0.08,False,False,False,NONE,False,5,0.436,0.069,11.2,93.08,38,2,0.12,True,False,0.05,0.368,2,15.7,0.31,0.0,True,False,False,False,monthly,unknown,unknown,ord_scan_monthly.csv,41.0
LAD,7,3,1,290.9,False,False,,,,,,False,,True,False,0.07,0.86,True,False,0.001,-0.017,0.86,0.85,0.72,False,1,1.249,1.839,0.139,True,False,True,0.44,False,False,False,NONE,False,12,0.28,0.177,2.2,239.29,26,3,0.481,False,False,0.09,0.318,2,3.2,0.38,0.0,True,False,False,False,monthly,unknown,unknown,ord_scan_monthly.csv,41.0
UFPI,2,1,1,85.18,False,False,,,,,,False,0.95,False,False,0.17,1.01,False,False,-0.126,-0.29,1.09,0.82,0.61,False,3,0.282,-0.011,1.416,False,False,False,0.8,False,False,False,NONE,False,6,0.385,0.008,81.2,84.52,37,17,0.013,True,False,0.17,0.012,3,148.0,0.23,0.0,True,False,False,False,monthly,unknown,unknown,ord_scan_monthly.csv,41.0
LNTH,9,2,4,85.5,False,False,,,,,,False,,False,False,0.23,0.52,True,False,-0.181,0.374,0.63,0.67,0.72,False,3,3.6,2.717,1.13,True,False,False,0.61,False,False,False,NONE,False,1,0.326,0.447,1.1,47.25,41,5,0.975,True,True,0.25,0.48,7,0.8,0.54,0.0,True,False,False,False,monthly,unknown,unknown,ord_scan_monthly.csv,41.0
TLN,5,1,1,372.16,False,False,,,,,,False,,True,False,0.27,0.87,True,False,0.068,-0.069,1.03,0.81,0.88,False,1,1.72,1.067,0.202,True,True,False,0.22,False,False,False,NONE,False,10,0.175,0.19,1.1,301.45,30,28,0.507,False,False,0.24,0.575,4,2.9,0.62,0.0,True,False,False,False,weekly,unknown,unknown,ord_scan_weekly.csv,41.0
WEN,2,0,2,6.7,False,False,,,,,,False,,False,False,0.85,1.0,False,False,-0.43,-0.599,0.57,1.11,0.36,False,3,0.703,-0.8,0.045,False,False,False,0.99,False,False,False,NONE,False,6,0.717,0.023,111.9,6.55,31,6,0.047,True,False,0.68,0.012,4,41.4,0.08,0.0,True,False,False,False,monthly,unknown,unknown,ord_scan_monthly.csv,41.0
LYFT,5,2,3,14.42,False,False,,,,,,False,,False,False,0.18,1.07,True,False,0.163,-0.255,0.68,0.79,0.56,False,2,1.388,-3.025,-4.63,False,True,False,0.1,False,False,False,NONE,True,9,0.837,0.136,37.8,12.46,26,4,0.255,False,False,0.17,0.331,2,6.8,0.31,1.0,True,False,False,False,monthly,unknown,unknown,ord_scan_monthly.csv,41.0
ETSY,3,2,1,63.17,False,False,,,,,,False,,True,False,0.05,1.15,False,False,0.453,-0.081,0.98,0.68,0.83,False,1,0.984,-0.701,2.623,False,True,False,0.01,False,False,False,NONE,False,12,0.795,0.303,12.8,44.0,28,1,0.654,False,False,0.04,0.634,3,1.6,0.38,1.0,True,False,False,False,monthly,unknown,unknown,ord_scan_monthly.csv,41.0
OTTR,9,4,5,90.78,False,False,,,,,,False,,True,False,0.25,1.06,True,True,0.174,0.103,0.84,0.92,0.98,False,6,-1.091,0.137,1.138,False,True,False,0.19,False,False,False,NONE,False,9,0.059,0.194,0.3,73.2,55,31,0.818,True,True,0.12,0.789,4,1.7,0.38,0.8,False,False,False,False,monthly,unknown,unknown,ord_scan_monthly.csv,41.0
PZZA,7,4,3,35.5,False,False,,,,,,True,0.81,True,False,0.46,1.28,False,False,0.076,-0.419,0.62,0.78,0.63,False,2,-0.43,-0.273,1.486,False,False,True,0.73,False,False,False,NONE,False,12,0.711,0.168,14.7,29.55,22,5,0.434,False,False,0.46,0.196,2,3.6,0.31,1.0,True,False,False,False,monthly,unknown,unknown,ord_scan_monthly.csv,41.0
AFG,7,4,3,131.64,False,False,,,,,,False,,True,False,0.02,1.13,True,True,0.101,0.094,0.77,1.06,0.92,False,9,0.404,-0.068,-0.017,False,True,False,0.37,False,False,False,NONE,False,12,0.082,0.114,0.8,116.67,34,27,0.731,False,False,0.03,0.691,1,2.1,0.46,1.0,True,False,False,False,monthly,unknown,unknown,ord_scan_monthly.csv,40.0
ESNT,6,5,1,60.03,False,False,NONE,1.07,0.9,True,True,False,1.14,True,False,0.01,1.01,True,False,0.067,0.046,1.01,0.85,0.9,False,13,-0.321,0.091,0.047,False,True,False,0.24,False,False,False,NONE,False,12,0.1,0.086,1.3,54.88,31,29,0.674,False,False,0.04,0.584,2,2.4,0.31,0.5,True,False,False,False,monthly,unknown,unknown,ord_scan_monthly.csv,40.0
JBGS,0,0,0,14.71,False,False,,,,,,False,,False,False,0.51,1.18,False,False,-0.126,-0.23,1.1,0.93,0.83,False,3,0.158,-0.852,-0.494,False,False,False,0.5,False,False,False,NONE,False,7,0.383,0.046,13.4,14.03,39,26,0.095,True,False,0.28,0.144,1,20.1,0.31,0.0,True,False,False,False,weekly,unknown,unknown,ord_scan_weekly.csv,40.0
CRK,7,3,1,17.36,False,False,,,,,,False,,False,True,0.4,0.91,False,False,-0.287,-0.074,0.87,0.88,0.67,False,2,0.326,0.056,1.308,True,False,True,0.47,False,False,False,NONE,False,7,0.443,0.078,10.2,16.01,37,4,0.185,True,False,0.33,0.112,2,9.8,0.38,0.0,True,False,False,False,weekly,unknown,unknown,ord_scan_weekly.csv,40.0
HALO,11,4,4,63.96,False,False,,,,,,False,,False,True,0.15,0.75,True,False,0.041,0.572,0.82,0.76,0.78,False,3,2.746,0.943,1.016,True,True,False,0.05,False,False,False,NONE,False,6,0.222,0.085,3.4,58.53,35,10,0.4,False,False,0.19,0.59,3,9.0,0.31,1.0,True,False,False,False,monthly,unknown,unknown,ord_scan_monthly.csv,40.0
CNM,0,0,0,49.02,False,False,,,,,,False,,False,False,0.36,0.97,False,False,-0.081,-0.061,0.97,1.18,0.82,False,2,0.787,-0.32,0.002,False,False,False,0.45,False,False,False,NONE,False,8,0.27,0.068,5.5,45.69,34,33,0.219,False,False,0.12,0.322,1,8.1,0.23,1.0,False,False,False,False,weekly,unknown,unknown,ord_scan_weekly.csv,40.0
ICUI,3,2,1,118.85,False,False,,,,,,False,,True,False,0.22,1.04,False,False,-0.13,0.107,0.86,0.88,0.61,False,2,-0.651,0.991,0.389,False,False,False,0.69,False,False,False,NONE,False,8,0.631,0.1,17.1,107.0,40,7,0.133,True,False,0.3,0.248,4,7.5,0.23,0.0,True,False,False,False,monthly,unknown,unknown,ord_scan_monthly.csv,40.0
GWRE,8,4,1,141.26,False,False,NONE,0.9,0.47,True,True,True,0.8,False,False,0.69,0.99,True,False,-0.31,0.21,1.0,1.26,0.52,False,1,0.782,0.326,0.049,True,False,False,1.0,False,False,False,NONE,True,8,0.482,0.182,5.1,115.57,11,2,0.451,False,False,0.78,0.207,2,3.4,0.23,0.5,True,False,False,False,monthly,unknown,unknown,ord_scan_monthly.csv,40.0
SPSC,5,3,2,58.92,False,False,NONE,0.73,0.46,True,True,True,0.54,False,False,1.0,0.72,False,False,-0.589,-0.681,0.67,1.37,0.29,False,2,0.948,-1.526,2.474,False,False,False,1.0,False,False,False,NONE,True,8,0.731,0.142,19.1,50.55,19,3,0.211,False,False,0.96,0.05,4,8.5,0.23,0.0,True,False,False,False,monthly,unknown,unknown,ord_scan_monthly.csv,40.0
CABO,0,0,0,75.01,False,False,,,,,,False,,False,False,0.7,0.92,False,False,-0.074,-0.495,1.07,0.96,0.54,False,1,-0.181,-1.782,-1.821,False,False,False,0.7,False,False,False,NONE,False,6,0.825,0.033,144.4,72.56,35,1,0.052,True,False,0.81,0.06,1,37.3,0.46,1.0,True,True,False,False,weekly,unknown,unknown,ord_scan_weekly.csv,40.0
AMSF,0,0,0,30.18,False,False,,,,,,False,,False,False,0.95,0.87,False,False,-0.187,-0.209,1.14,1.13,0.76,False,1,-0.423,-0.445,0.039,False,False,False,0.89,False,False,False,NONE,False,6,0.428,0.024,30.9,29.45,36,30,0.056,True,False,0.9,0.069,1,34.9,0.08,0.0,True,False,False,False,weekly,unknown,unknown,ord_scan_weekly.csv,40.0
PATK,0,0,0,88.94,False,False,,,,,,False,,False,False,0.84,0.96,False,False,-0.293,-0.141,1.27,1.62,0.6,False,1,0.645,-0.214,-0.091,False,False,False,0.96,False,False,False,NONE,False,6,0.399,0.03,21.9,86.24,28,8,0.071,True,False,0.96,0.044,3,27.3,0.23,0.5,True,False,False,False,weekly,unknown,unknown,ord_scan_weekly.csv,40.0
KNSL,3,3,0,311.74,False,False,,,,,,False,,False,True,0.6,0.88,False,False,-0.212,-0.219,1.04,1.13,0.74,False,1,0.129,-0.411,0.613,False,False,True,0.52,False,False,False,NONE,False,7,0.412,0.01,69.9,308.61,42,27,0.02,True,False,0.49,0.028,3,97.2,0.31,0.0,True,False,False,False,weekly,unknown,unknown,ord_scan_weekly.csv,40.0
TTEK,1,0,1,31.67,False,False,,,,,,False,,False,False,0.76,1.19,False,False,-0.158,-0.006,0.85,1.06,0.74,False,2,-0.065,-0.517,0.344,False,False,True,0.87,False,False,False,NONE,False,8,0.375,0.066,9.0,29.57,45,11,0.156,True,False,0.81,0.156,4,11.9,0.31,1.0,True,True,False,False,weekly,unknown,unknown,ord_scan_weekly.csv,40.0
MKTX,1,0,1,152.87,False,False,,,,,,False,,False,False,0.36,1.12,False,False,-0.299,-0.282,0.89,0.74,0.53,False,2,0.122,-0.834,2.209,False,False,False,0.93,False,False,False,NONE,False,8,0.732,0.001,3802.1,152.76,31,10,0.002,True,False,0.24,0.001,2,1261.4,0.23,0.0,True,False,False,False,monthly,unknown,unknown,ord_scan_monthly.csv,40.0
EPRT,10,5,2,31.26,False,False,,,,,,False,,True,False,0.01,0.96,True,False,0.011,0.281,1.09,1.05,0.91,False,13,0.318,0.208,0.657,True,False,False,0.64,False,False,False,NONE,False,10,0.091,0.093,1.1,28.36,36,24,0.696,False,True,0.02,0.729,8,2.0,0.31,1.0,True,False,False,False,monthly,unknown,unknown,ord_scan_monthly.csv,40.0
MIDD,6,2,1,138.87,False,False,,,,,,False,,True,False,0.15,1.15,False,False,0.041,-0.136,0.95,0.67,0.76,False,2,1.864,0.784,1.518,True,False,False,0.44,False,False,False,NONE,False,13,0.31,0.202,2.2,110.82,26,5,0.422,False,False,0.13,0.39,3,3.0,0.38,0.0,True,False,False,False,monthly,unknown,unknown,ord_scan_monthly.csv,40.0
DKS,10,3,4,224.62,False,False,,,,,,False,,True,False,0.08,0.93,True,True,0.226,0.05,0.74,0.71,0.91,False,1,2.525,0.026,1.137,True,True,False,0.21,False,False,False,NONE,False,10,0.091,0.174,0.6,185.46,38,12,0.862,True,False,0.13,0.734,2,1.4,0.23,0.0,True,False,False,False,monthly,unknown,unknown,ord_scan_monthly.csv,40.0
CPRI,5,2,3,19.63,False,False,,,,,,False,,True,False,0.06,0.91,False,False,0.305,-0.567,0.65,0.73,0.45,False,1,2.747,-1.905,-1.71,False,True,False,0.22,False,False,False,NONE,False,10,0.742,0.148,19.4,16.72,23,4,0.286,False,False,0.76,0.229,2,6.0,0.23,0.0,True,False,False,False,monthly,unknown,unknown,ord_scan_monthly.csv,40.0
AMH,9,6,3,31.95,False,False,,,,,,True,0.38,False,True,0.81,0.86,False,False,0.032,0.033,0.92,0.74,0.99,False,4,-0.747,-0.013,-0.041,False,True,False,0.32,False,False,False,NONE,False,9,0.186,0.148,1.5,27.22,33,84,0.394,False,True,0.39,0.936,6,4.1,0.46,0.0,True,False,False,False,weekly,unknown,unknown,ord_scan_weekly.csv,40.0
PSN,1,0,1,50.87,False,False,,,,,,False,,False,False,0.8,0.66,False,False,-0.239,-0.387,0.86,0.86,0.44,False,2,-0.346,-2.095,1.394,False,False,False,0.98,False,False,False,NONE,False,6,0.556,0.029,42.8,49.38,38,3,0.07,True,False,0.86,0.023,7,27.5,0.46,0.0,True,False,False,False,monthly,unknown,unknown,ord_scan_monthly.csv,40.0
RLI,0,0,0,51.5,False,False,,,,,,False,0.84,False,False,0.62,0.89,False,False,-0.275,-0.255,0.89,1.13,0.6,False,2,0.021,-0.653,1.719,False,False,False,0.96,False,False,False,NONE,False,6,0.396,0.017,38.7,50.63,36,11,0.037,True,False,0.58,0.025,5,53.3,0.23,0.0,True,False,False,False,monthly,unknown,unknown,ord_scan_monthly.csv,40.0
RLI,3,3,0,51.5,False,False,,,,,,False,,False,True,0.83,0.93,False,False,-0.116,-0.094,1.0,0.99,0.77,False,1,-0.576,-0.282,0.408,False,False,True,0.8,False,False,False,NONE,False,7,0.396,0.017,38.7,50.63,42,46,0.039,True,False,0.93,0.053,2,50.7,0.38,0.0,True,False,False,False,weekly,unknown,unknown,ord_scan_weekly.csv,40.0
MSA,2,2,0,165.79,False,False,,,,,,False,,False,False,0.83,1.22,False,False,-0.062,0.062,0.92,1.11,0.8,False,6,-0.015,-0.533,0.048,False,False,False,0.94,False,False,False,NONE,False,12,0.204,0.044,5.9,158.56,27,53,0.379,False,False,0.77,0.268,1,6.5,0.38,0.5,False,False,False,False,weekly,unknown,unknown,ord_scan_weekly.csv,40.0
PTCT,2,2,0,65.15,False,False,,,,,,False,,False,False,0.18,0.98,True,False,-0.137,-0.046,0.98,0.93,0.81,False,1,0.502,0.479,-0.186,False,False,True,0.1,False,False,False,NONE,False,9,0.255,0.057,6.0,61.43,37,22,0.143,True,False,0.1,0.143,2,13.0,0.15,0.0,False,True,False,False,weekly,unknown,unknown,ord_scan_weekly.csv,40.0
ATMU,2,1,1,52.65,False,False,,,,,,False,,False,False,0.36,1.12,True,False,-0.091,0.16,1.52,1.86,0.79,False,1,0.714,0.327,-0.635,False,False,False,0.7,False,False,False,NONE,False,10,0.208,0.05,5.2,50.0,19,22,0.315,False,False,0.22,0.372,0,12.9,0.54,0.33,False,True,False,False,weekly,unknown,unknown,ord_scan_weekly.csv,40.0
KBR,3,0,3,37.45,False,False,,,,,,False,,False,False,0.59,1.01,False,False,-0.28,-0.395,0.7,0.82,0.53,False,3,-0.367,-0.176,0.099,False,False,False,0.94,False,False,False,NONE,False,4,0.473,0.072,12.5,34.75,34,8,0.16,True,False,0.58,0.074,4,11.5,0.08,0.0,True,False,False,False,monthly,unknown,unknown,ord_scan_monthly.csv,39.0
CNO,5,3,2,44.63,False,False,,,,,,False,,True,False,0.21,1.1,True,False,0.066,0.125,0.98,0.97,0.99,False,4,0.036,0.446,-0.096,False,True,False,0.0,False,False,False,NONE,False,5,0.007,0.13,0.1,38.83,70,85,0.979,True,True,0.1,0.949,7,1.2,0.46,1.0,True,False,False,False,weekly,unknown,unknown,ord_scan_weekly.csv,39.0
LPX,0,0,0,71.26,False,False,,,,,,False,,False,False,0.83,1.07,False,False,-0.146,-0.176,0.89,1.05,0.71,False,2,0.319,-0.152,-0.101,False,False,False,0.95,False,False,False,NONE,False,8,0.411,0.034,20.8,68.87,30,11,0.077,True,False,0.65,0.077,1,25.0,0.38,1.0,True,False,False,False,weekly,unknown,unknown,ord_scan_weekly.csv,39.0
RYN,3,1,2,20.95,False,False,,,,,,False,,False,False,0.62,0.87,False,False,-0.067,-0.026,0.72,0.77,0.86,False,6,-0.135,-0.696,-0.08,False,False,True,0.56,False,False,False,NONE,False,9,0.233,0.082,3.7,19.24,33,109,0.208,False,True,0.68,0.325,6,8.6,0.31,0.0,True,False,False,False,weekly,unknown,unknown,ord_scan_weekly.csv,39.0
BYD,5,4,1,84.5,False,False,,,,,,False,,True,False,0.0,0.78,True,False,0.002,0.09,1.19,1.02,0.94,False,7,0.386,-0.443,0.06,False,True,False,0.16,False,False,False,NONE,False,9,0.058,0.093,0.7,76.67,46,53,0.806,True,False,0.06,0.599,1,1.8,0.38,0.5,True,False,False,False,weekly,unknown,unknown,ord_scan_weekly.csv,39.0
MASI,12,3,9,178.48,False,False,,,,,,False,,False,False,0.75,1.45,True,True,0.3,0.269,0.11,0.6,1.0,False,11,-0.655,0.46,-0.516,False,False,False,0.84,False,False,False,NONE,False,8,0.084,0.023,4.0,174.37,40,60,0.762,False,True,0.37,0.99,11,1.6,0.31,1.0,False,False,False,False,weekly,unknown,unknown,ord_scan_weekly.csv,39.0
DV,4,3,1,11.31,False,False,,,,,,False,,False,True,0.14,0.92,False,False,0.045,-0.006,1.03,0.91,0.97,False,2,-0.187,-0.698,-0.401,False,True,False,0.09,False,False,False,NONE,True,7,0.636,0.218,8.0,8.84,49,25,0.907,True,True,0.02,0.907,5,1.8,0.54,0.0,False,False,False,False,weekly,unknown,unknown,ord_scan_weekly.csv,39.0
MARA,10,4,3,11.46,False,False,,,,,,False,,False,True,0.14,1.22,False,False,-0.143,-0.492,0.52,0.82,0.38,False,1,6.067,0.71,3.066,True,False,True,0.27,False,False,False,NONE,False,8,0.863,0.419,15.0,6.66,37,1,0.808,True,False,0.16,0.203,3,1.2,0.38,0.0,True,False,False,False,monthly,unknown,unknown,ord_scan_monthly.csv,39.0
CRI,1,1,0,33.71,False,False,,,,,,False,,True,False,0.64,0.83,True,False,-0.019,0.09,1.08,0.99,0.76,False,1,-0.478,0.109,-1.029,False,True,False,0.67,False,False,False,NONE,False,10,0.499,0.067,14.9,31.46,27,17,0.213,False,False,0.65,0.376,1,10.5,0.38,0.5,False,True,False,False,weekly,unknown,unknown,ord_scan_weekly.csv,39.0
HSTM,3,2,1,20.72,False,False,,,,,,False,,False,False,0.41,1.26,False,False,-0.069,-0.155,0.97,0.66,0.84,False,7,-0.743,-0.531,0.318,False,False,False,0.49,False,False,False,NONE,False,9,0.391,0.052,12.4,19.65,37,30,0.13,True,False,0.46,0.161,1,14.3,0.38,0.0,True,False,False,False,weekly,unknown,unknown,ord_scan_weekly.csv,39.0
CCS,1,0,1,55.55,False,False,,,,,,False,1.07,False,False,0.3,1.04,False,False,0.038,-0.406,0.96,0.65,0.55,False,3,0.252,-0.314,1.253,False,False,False,0.85,False,False,False,NONE,False,6,0.474,0.021,42.8,54.38,20,11,0.224,False,False,0.27,0.104,3,39.3,0.23,0.0,True,False,False,False,monthly,unknown,unknown,ord_scan_monthly.csv,39.0
JHG,12,5,7,51.6,False,False,,,,,,False,,False,False,0.05,1.45,True,True,0.072,0.195,0.17,0.76,0.96,False,14,0.669,0.087,-0.687,False,False,False,0.61,False,False,False,NONE,False,1,0.04,0.072,0.6,47.89,56,43,0.865,True,True,0.04,0.827,7,1.4,0.38,0.75,False,False,False,False,weekly,unknown,unknown,ord_scan_weekly.csv,39.0
RYAN,0,0,0,30.83,False,False,,,,,,False,,False,False,1.0,0.84,False,False,-0.525,-0.432,0.92,1.3,0.4,False,1,1.95,-4.622,0.885,False,False,False,1.0,False,False,False,NONE,False,6,0.597,0.03,49.6,29.91,38,3,0.047,True,False,1.0,0.02,7,41.1,0.23,0.0,True,False,False,False,monthly,unknown,unknown,ord_scan_monthly.csv,39.0
CHRD,6,1,2,145.06,False,False,,,,,,False,,False,False,0.3,1.14,True,False,0.692,-0.075,1.24,0.97,0.99,False,1,473.902,0.271,0.572,True,False,False,0.29,False,False,False,NONE,False,7,0.154,0.433,0.4,82.2,40,3,0.966,True,False,0.1,0.724,4,0.9,0.62,1.0,True,False,False,False,monthly,unknown,unknown,ord_scan_monthly.csv,39.0
SXI,1,1,0,248.63,False,False,,,,,,False,,True,False,0.37,0.92,True,False,0.037,0.069,1.39,1.44,0.87,False,1,1.146,-0.575,0.164,False,True,False,0.72,False,False,False,NONE,False,9,0.127,0.071,2.0,231.01,26,31,0.578,False,False,0.51,0.48,1,2.6,0.54,0.75,True,True,False,False,weekly,unknown,unknown,ord_scan_weekly.csv,39.0
ANIP,4,3,1,80.39,False,False,,,,,,False,,True,False,0.16,1.05,True,False,-0.018,-0.113,1.02,0.84,0.92,False,4,0.465,-0.197,0.553,False,True,False,0.02,False,False,False,NONE,False,10,0.192,0.127,1.9,70.15,38,38,0.467,False,True,0.08,0.403,7,5.4,0.31,0.0,False,False,False,False,weekly,unknown,unknown,ord_scan_weekly.csv,39.0
UTL,6,4,2,51.85,False,False,,,,,,False,,True,False,0.21,1.11,True,False,-0.083,0.059,0.69,1.1,0.89,False,8,-0.953,-0.703,1.226,False,False,False,0.86,False,False,False,NONE,False,10,0.141,0.156,1.1,43.78,37,27,0.538,False,True,0.24,0.488,8,3.3,0.38,1.0,False,False,False,False,monthly,unknown,unknown,ord_scan_monthly.csv,39.0
SHAK,4,3,1,98.36,False,False,,,,,,False,,True,False,0.12,1.22,False,False,0.111,0.019,0.96,0.79,0.92,False,3,-0.008,-0.23,0.128,False,True,False,0.04,False,False,False,NONE,False,13,0.32,0.188,2.5,79.91,44,37,0.64,False,True,0.05,0.706,5,2.1,0.46,1.0,False,False,False,False,weekly,unknown,unknown,ord_scan_weekly.csv,39.0
BXMT,10,4,6,19.07,False,False,NONE,1.03,1.09,False,True,False,,True,False,0.06,0.87,True,True,0.104,0.218,0.77,0.87,0.93,False,11,2.499,0.435,-1.285,False,True,False,0.25,False,False,False,NONE,False,10,0.11,0.118,1.1,16.83,29,21,0.792,False,False,0.06,0.802,2,1.8,0.23,0.5,True,False,False,False,monthly,unknown,unknown,ord_scan_monthly.csv,38.0
CENTA,4,3,1,33.48,False,False,,,,,,False,,True,False,0.03,1.15,True,False,0.132,-0.093,0.87,0.7,0.9,False,3,-1.227,-0.785,2.794,False,True,False,0.37,False,False,False,NONE,False,12,0.25,0.224,1.5,25.97,26,10,0.66,False,False,0.04,0.499,1,2.0,0.38,1.0,True,False,False,False,monthly,unknown,unknown,ord_scan_monthly.csv,38.0
HAYW,4,3,1,15.05,False,False,,,,,,False,,True,False,0.09,0.99,True,False,0.129,-0.017,1.09,0.88,0.85,False,1,1.159,-0.9,-3.148,False,True,False,0.3,False,False,False,NONE,False,10,0.475,0.134,6.8,13.04,24,13,0.596,False,False,0.17,0.596,2,4.6,0.31,1.0,True,False,False,False,monthly,unknown,unknown,ord_scan_monthly.csv,38.0
AIT,14,4,7,302.99,False,False,,,,,,False,,False,True,0.46,0.86,True,True,0.166,0.183,1.0,0.88,0.98,True,3,0.424,0.097,0.468,True,True,False,0.25,False,False,False,NONE,False,0,0.022,0.172,0.1,250.9,64,49,0.928,True,True,0.26,0.906,6,1.2,0.54,0.75,True,False,False,False,weekly,unknown,unknown,ord_scan_weekly.csv,38.0
ASO,4,3,1,53.83,False,False,,,,,,False,,True,False,0.02,0.98,True,False,-0.019,0.13,1.01,0.89,0.86,False,2,0.378,-0.081,-0.009,False,True,False,0.04,False,False,False,NONE,False,12,0.152,0.082,2.2,49.44,24,22,0.553,False,False,0.0,0.602,2,4.4,0.23,0.5,False,False,False,False,weekly,unknown,unknown,ord_scan_weekly.csv,38.0
CNH,4,4,0,10.48,False,False,,,,,,True,0.81,False,False,0.82,1.44,False,False,-0.026,-0.001,1.1,1.16,0.79,False,2,-0.396,-0.124,-0.176,False,False,False,0.81,False,False,False,NONE,False,12,0.266,0.064,5.7,9.81,22,16,0.298,False,False,0.69,0.343,3,10.2,0.38,0.67,False,False,False,False,weekly,unknown,unknown,ord_scan_weekly.csv,38.0
STAA,7,4,0,27.19,False,False,,,,,,True,0.91,False,False,0.2,1.11,False,False,0.489,-0.29,0.88,1.04,0.74,False,1,1.304,1.367,0.814,True,False,False,0.24,False,False,False,NONE,False,10,0.833,0.427,11.7,15.59,28,1,0.995,True,False,0.26,0.349,3,0.8,0.38,0.0,True,False,False,False,monthly,unknown,unknown,ord_scan_monthly.csv,38.0
IAC,7,3,4,44.97,False,False,,,,,,False,,True,False,0.07,0.86,True,False,0.287,0.028,0.82,0.82,0.98,False,2,1.951,0.961,-0.063,False,True,False,0.12,False,False,False,NONE,False,10,0.694,0.343,6.6,29.56,37,6,0.948,True,False,0.08,0.844,3,1.1,0.54,0.0,True,False,False,False,monthly,unknown,unknown,ord_scan_monthly.csv,38.0
MHK,2,2,0,99.93,False,False,,,,,,False,,True,False,0.12,0.99,False,False,-0.06,-0.237,1.1,0.93,0.61,False,2,0.227,-0.284,0.522,False,False,False,0.49,False,False,False,NONE,False,10,0.652,0.054,34.8,94.56,39,3,0.121,True,False,0.28,0.077,3,15.6,0.38,0.0,True,False,False,False,monthly,unknown,unknown,ord_scan_monthly.csv,38.0
USPH,2,2,0,71.83,False,False,,,,,,False,,True,False,0.07,0.9,False,False,0.034,-0.332,0.91,1.05,0.73,False,3,-0.605,-0.169,1.803,False,False,True,0.45,False,False,False,NONE,False,10,0.464,0.083,10.4,65.86,32,13,0.339,False,False,0.17,0.222,3,8.6,0.23,0.0,True,False,False,False,monthly,unknown,unknown,ord_scan_monthly.csv,38.0
LKQ,1,0,1,28.51,False,False,,,,,,False,,False,False,0.39,1.07,False,False,-0.226,-0.427,1.03,0.78,0.66,False,3,-0.601,0.253,1.593,False,False,False,0.86,False,False,False,NONE,False,8,0.478,0.04,23.0,27.37,31,11,0.095,True,False,0.25,0.05,2,20.1,0.31,0.0,True,False,False,False,monthly,unknown,unknown,ord_scan_monthly.csv,38.0
GIII,6,3,3,31.54,False,False,,,,,,False,,True,False,0.13,0.82,True,False,0.079,0.183,0.87,0.87,0.97,False,3,0.499,-0.567,0.069,False,True,False,0.0,False,False,False,NONE,True,11,0.122,0.223,0.6,24.52,44,37,0.716,False,True,0.12,0.697,7,2.0,0.62,0.0,False,False,False,False,weekly,unknown,unknown,ord_scan_weekly.csv,38.0
TRU,3,3,0,70.53,False,False,,,,,,False,,False,True,0.14,0.84,False,False,-0.145,-0.106,0.95,0.96,0.63,False,2,0.732,0.732,-1.4,False,False,False,0.93,False,False,False,NONE,True,6,0.424,0.077,9.6,65.13,36,8,0.18,True,False,0.19,0.115,3,10.1,0.46,0.0,True,False,False,False,monthly,unknown,unknown,ord_scan_monthly.csv,38.0
BRC,2,2,0,82.16,False,False,,,,,,False,,False,False,0.7,0.93,True,False,-0.047,0.089,0.92,1.14,0.83,False,8,-0.13,0.053,0.059,False,False,False,0.84,False,False,False,NONE,False,11,0.17,0.039,5.3,78.98,17,37,0.441,False,False,0.79,0.374,1,4.0,0.38,0.67,False,False,False,False,weekly,unknown,unknown,ord_scan_weekly.csv,38.0
WAY,0,0,0,20.95,False,False,,,,,,False,,False,False,0.86,0.99,False,False,-0.211,-0.416,1.29,1.14,0.6,False,1,0.482,-0.477,-0.679,False,False,False,0.9,False,False,False,NONE,False,6,0.565,0.029,45.3,20.35,31,13,0.061,True,False,0.79,0.035,1,31.6,0.23,0.0,True,True,False,False,weekly,unknown,unknown,ord_scan_weekly.csv,38.0
ROCK,1,0,1,39.2,False,False,,,,,,False,,False,False,0.94,0.86,False,False,-0.235,-0.372,0.83,0.98,0.67,False,5,0.4,-1.106,-0.404,False,False,False,0.96,False,False,False,NONE,False,6,0.521,0.048,22.5,37.3,31,10,0.109,True,False,0.8,0.072,5,17.4,0.23,0.0,True,False,False,False,weekly,unknown,unknown,ord_scan_weekly.csv,38.0
COCO,10,3,4,66.75,False,True,MARGINAL,0.51,1.96,False,True,False,,True,False,0.32,0.97,True,False,0.251,0.621,1.18,1.32,0.96,True,1,0.575,1.026,0.422,True,True,False,0.39,True,True,True,MARGINAL,False,7,0.041,0.326,0.1,45.02,47,1,0.881,True,False,0.39,0.905,1,1.2,0.54,0.5,True,True,True,True,weekly,unknown,unknown,ord_scan_weekly.csv,38.0
NMIH,6,4,2,37.21,False,False,,,,,,False,,True,False,0.01,1.12,True,False,0.029,0.151,1.04,0.81,0.86,False,10,0.733,-1.009,0.751,False,False,True,0.18,False,False,False,NONE,False,16,0.139,0.064,2.5,34.84,29,25,0.577,False,False,0.02,0.577,1,2.9,0.38,1.0,False,False,False,False,monthly,unknown,unknown,ord_scan_monthly.csv,38.0
LOPE,5,3,2,163.41,False,False,,,,,,False,,False,False,0.19,1.06,True,False,-0.084,0.2,0.8,0.96,0.73,False,6,-1.317,1.301,1.213,False,False,True,0.49,False,False,False,NONE,False,11,0.267,0.086,4.2,149.37,38,7,0.191,True,False,0.28,0.384,1,9.5,0.38,0.5,True,False,False,False,monthly,unknown,unknown,ord_scan_monthly.csv,38.0
NNN,9,5,4,43.95,False,False,NONE,1.26,0.86,True,True,False,1.82,True,False,0.08,0.86,True,True,0.148,0.166,1.04,0.97,0.97,False,13,-1.392,-0.209,1.904,False,False,False,0.34,False,False,False,NONE,False,4,0.032,0.14,0.2,37.81,65,30,0.895,True,True,0.21,0.88,5,1.4,0.54,1.0,True,False,False,False,monthly,unknown,unknown,ord_scan_monthly.csv,38.0
EXPI,6,3,3,6.44,False,False,,,,,,False,0.98,False,True,0.22,0.93,False,False,-0.28,-0.348,0.69,0.77,0.44,False,2,6.19,-4.812,1.231,False,False,False,0.42,False,False,False,NONE,False,3,0.923,0.128,93.9,5.62,39,3,0.238,False,False,0.2,0.089,6,7.4,0.46,1.0,True,False,False,False,monthly,unknown,unknown,ord_scan_monthly.csv,38.0
MSA,4,3,1,165.79,False,False,,,,,,False,,True,False,0.09,1.11,True,False,0.066,-0.123,1.36,0.87,0.8,False,2,0.383,-0.363,1.395,False,True,False,0.34,False,False,False,NONE,False,14,0.204,0.094,2.7,150.21,25,13,0.481,False,False,0.46,0.481,3,8.0,0.46,0.67,True,False,False,False,monthly,unknown,unknown,ord_scan_monthly.csv,38.0
BIO,0,0,0,256.55,False,False,,,,,,False,,False,False,0.36,0.69,False,False,-0.126,-0.197,1.39,1.24,0.78,False,1,0.286,-1.175,-0.748,False,False,False,0.38,False,False,False,NONE,False,8,0.339,0.056,9.2,242.28,34,40,0.179,True,False,0.32,0.155,1,12.4,0.31,0.0,False,True,False,False,weekly,unknown,unknown,ord_scan_weekly.csv,38.0
BCPC,1,1,0,161.52,False,False,,,,,,False,,False,False,0.45,0.79,True,False,-0.051,0.059,1.02,1.19,0.88,False,1,0.069,-0.199,-0.212,False,False,False,0.83,False,False,False,NONE,False,8,0.122,0.023,6.0,157.79,18,125,0.637,False,False,0.27,0.405,1,2.7,0.38,0.0,False,True,False,False,weekly,unknown,unknown,ord_scan_weekly.csv,38.0
BXMT,4,3,1,19.07,False,False,,,,,,False,,True,False,0.19,1.19,True,False,0.015,0.083,1.24,1.11,0.93,False,4,0.202,-0.589,-0.207,False,True,False,0.06,False,False,False,NONE,False,9,0.067,0.072,1.0,17.69,39,89,0.778,False,False,0.14,0.586,0,1.7,0.23,0.5,True,True,False,False,weekly,unknown,unknown,ord_scan_weekly.csv,38.0
CNR,1,1,0,87.02,False,False,,,,,,False,0.84,False,False,0.35,1.04,True,False,-0.087,0.104,1.16,1.05,0.76,False,3,0.318,-0.487,2.075,False,False,True,0.56,False,False,False,NONE,False,9,0.349,0.061,8.8,81.73,30,20,0.204,False,False,0.19,0.31,0,11.8,0.31,1.0,True,False,False,False,weekly,unknown,unknown,ord_scan_weekly.csv,38.0
NOV,5,1,1,19.86,False,False,,,,,,False,,False,False,0.47,1.08,True,False,0.777,0.081,1.16,0.97,0.95,False,4,0.569,0.481,0.449,True,False,False,0.29,False,False,False,NONE,False,6,0.552,0.416,3.0,11.6,51,6,0.842,True,True,0.35,0.898,7,0.9,0.54,0.75,True,False,False,False,monthly,unknown,unknown,ord_scan_monthly.csv,38.0
RDN,7,4,3,35.43,False,False,NONE,1.09,1.22,True,True,False,1.33,True,False,0.01,1.03,True,True,0.143,0.123,0.94,0.9,0.93,False,8,2.157,0.987,-0.35,False,True,False,0.09,False,False,False,NONE,False,8,0.074,0.118,0.7,31.26,34,27,0.796,False,False,0.03,0.737,3,2.0,0.54,0.67,False,False,False,False,monthly,unknown,unknown,ord_scan_monthly.csv,37.0
TRUP,0,0,0,24.33,False,False,,,,,,False,,False,False,0.63,1.0,False,False,-0.239,-0.392,1.08,0.92,0.63,False,1,-0.039,0.507,-1.653,False,False,False,0.74,False,False,False,NONE,False,6,0.58,0.022,63.3,23.8,30,11,0.05,True,False,0.16,0.023,1,39.1,0.31,0.0,True,False,False,False,weekly,unknown,unknown,ord_scan_weekly.csv,37.0
RPM,4,4,0,101.34,False,False,,,,,,True,0.85,True,False,0.29,1.17,True,False,-0.027,-0.113,1.08,1.1,0.74,False,2,-0.172,-0.797,1.407,False,False,False,0.9,False,False,False,NONE,False,14,0.265,0.088,4.1,92.45,29,17,0.202,False,False,0.32,0.196,3,8.9,0.23,0.0,True,False,False,False,monthly,unknown,unknown,ord_scan_monthly.csv,37.0
MEDP,5,1,1,417.54,False,False,,,,,,False,,False,False,0.69,1.09,True,False,0.354,0.033,1.32,0.82,0.66,False,1,1.048,0.643,4.161,True,False,False,0.85,False,False,False,NONE,False,9,0.336,0.107,4.7,373.0,28,3,0.198,True,False,0.55,0.442,1,9.1,0.46,0.4,True,False,False,False,monthly,unknown,unknown,ord_scan_monthly.csv,37.0
DLB,3,3,0,57.46,False,False,,,,,,False,,False,True,0.3,1.06,False,False,-0.237,-0.289,1.11,1.19,0.66,False,3,-0.012,-0.754,0.472,False,False,False,0.85,False,False,False,NONE,False,8,0.409,0.03,23.0,55.73,36,13,0.071,True,False,0.33,0.054,3,27.1,0.31,0.0,True,False,False,False,monthly,unknown,unknown,ord_scan_monthly.csv,37.0
G,0,0,0,34.33,False,False,,,,,,False,,False,False,0.55,1.0,False,False,-0.308,0.076,0.93,1.1,0.61,False,2,-0.119,-0.907,0.505,False,False,False,0.95,False,False,False,NONE,False,6,0.385,0.035,18.1,33.14,36,4,0.079,True,False,0.59,0.187,5,24.3,0.31,0.0,True,False,False,False,monthly,unknown,unknown,ord_scan_monthly.csv,37.0
AWR,2,2,0,75.21,False,False,,,,,,False,,True,False,0.32,1.08,True,False,0.038,0.069,1.37,1.32,0.93,False,6,-0.858,-0.201,0.376,False,False,True,0.53,False,False,False,NONE,False,13,0.107,0.045,2.6,71.79,33,168,0.439,False,False,0.32,0.526,1,3.6,0.54,0.25,False,True,False,False,weekly,unknown,unknown,ord_scan_weekly.csv,37.0
SSD,9,3,3,192.05,False,False,,,,,,False,,True,False,0.08,1.0,True,True,0.261,-0.05,1.2,0.85,0.91,False,1,0.445,0.165,1.179,True,True,False,0.17,False,False,False,NONE,False,11,0.107,0.189,0.6,155.77,32,13,0.741,False,False,0.19,0.741,1,2.3,0.23,0.5,True,False,False,False,monthly,unknown,unknown,ord_scan_monthly.csv,37.0
MZTI,3,3,0,124.38,False,False,,,,,,False,,False,True,0.41,0.85,False,False,-0.218,-0.372,0.98,1.26,0.63,False,2,-1.064,-0.963,1.931,False,False,False,0.8,False,False,False,NONE,False,6,0.4,0.014,47.4,122.63,31,3,0.033,True,False,0.42,0.023,3,59.1,0.31,0.0,True,False,False,False,monthly,unknown,unknown,ord_scan_monthly.csv,37.0
PENN,5,1,1,17.27,False,False,,,,,,False,,True,False,0.28,1.21,False,False,0.135,-0.052,0.81,0.96,0.75,False,1,1.132,0.969,1.721,True,False,True,0.5,False,False,False,NONE,False,11,0.878,0.325,22.2,11.65,33,3,0.852,True,False,0.23,0.492,3,1.3,0.46,0.0,True,False,False,False,monthly,unknown,unknown,ord_scan_monthly.csv,37.0
OTTR,10,5,5,90.78,False,False,,,,,,False,,True,False,0.11,0.86,True,True,0.025,0.191,1.11,1.08,0.98,False,16,0.074,-0.351,0.602,False,False,True,0.21,False,False,False,NONE,False,9,0.059,0.081,0.8,83.41,54,130,0.815,True,False,0.02,0.923,2,1.7,0.54,0.67,False,False,False,False,weekly,unknown,unknown,ord_scan_weekly.csv,37.0
AMSF,0,0,0,30.18,False,False,,,,,,False,,False,False,0.92,0.76,False,False,-0.307,-0.297,0.88,1.22,0.57,False,3,-1.326,0.282,1.422,False,False,False,0.96,False,False,False,NONE,False,6,0.428,0.024,30.9,29.45,28,8,0.046,True,False,0.76,0.031,3,42.1,0.15,0.0,True,False,False,False,monthly,unknown,unknown,ord_scan_monthly.csv,37.0
CELH,2,0,2,33.73,False,False,,,,,,False,1.38,False,False,0.67,0.8,False,False,-0.357,-0.44,0.57,1.2,0.57,False,2,0.507,-1.147,1.725,False,False,False,0.66,False,False,False,NONE,False,5,0.659,0.051,37.9,32.01,31,6,0.121,True,False,0.45,0.058,3,15.6,0.46,1.0,True,False,False,False,weekly,unknown,unknown,ord_scan_weekly.csv,37.0
ICUI,3,3,0,118.85,False,False,,,,,,False,,False,True,0.74,0.92,False,False,-0.207,-0.01,0.87,1.01,0.74,False,1,-0.439,0.723,-1.229,False,False,True,0.77,False,False,False,NONE,False,6,0.394,0.046,14.1,113.37,37,29,0.133,True,False,0.37,0.117,1,16.3,0.31,0.0,True,False,False,False,weekly,unknown,unknown,ord_scan_weekly.csv,37.0
EHC,4,3,1,107.48,False,False,,,,,,False,,True,False,0.24,1.46,False,False,0.139,-0.052,1.14,0.97,0.93,False,4,-0.135,-0.059,0.279,False,True,False,0.36,False,False,False,NONE,False,11,0.157,0.118,1.6,94.79,37,68,0.473,False,False,0.3,0.568,0,3.3,0.23,0.0,False,True,False,False,weekly,unknown,unknown,ord_scan_weekly.csv,37.0
EAT,3,2,1,148.14,False,False,,,,,,False,,True,False,0.09,0.88,False,False,-0.061,0.363,1.2,1.06,0.85,False,1,-0.055,0.874,0.328,False,True,False,0.09,False,False,False,NONE,False,7,0.229,0.134,2.2,128.3,32,23,0.552,False,False,0.12,0.638,2,4.4,0.54,0.5,False,True,False,False,weekly,unknown,unknown,ord_scan_weekly.csv,37.0
CG,3,3,0,49.44,False,False,,,,,,False,,True,False,0.21,0.92,True,False,0.313,0.115,0.9,0.94,0.72,False,3,1.196,0.736,-1.8,False,True,False,0.45,False,False,False,NONE,False,12,0.283,0.093,4.2,44.83,24,4,0.209,False,False,0.5,0.47,2,8.6,0.46,0.67,True,False,False,False,monthly,unknown,unknown,ord_scan_monthly.csv,37.0
FCN,2,2,0,173.82,False,False,NONE,0.88,1.24,False,True,False,,True,False,0.02,1.09,False,False,0.045,-0.173,1.0,0.92,0.75,False,3,-1.472,0.243,3.438,False,False,False,0.33,False,False,False,NONE,False,11,0.286,0.141,2.8,149.31,33,19,0.298,False,False,0.13,0.26,3,5.7,0.23,0.5,True,False,False,False,monthly,unknown,unknown,ord_scan_monthly.csv,37.0
PPC,0,0,0,31.88,False,False,,,,,,False,0.95,False,False,0.76,0.7,False,False,-0.265,-0.163,0.99,1.28,0.71,False,2,0.63,-0.748,0.294,False,False,True,0.77,False,False,False,NONE,False,7,0.396,0.038,17.3,30.67,34,10,0.091,True,False,0.84,0.085,4,21.0,0.31,0.0,True,False,False,False,weekly,unknown,unknown,ord_scan_weekly.csv,37.0
ORA,5,4,1,113.5,False,False,,,,,,False,,True,False,0.22,0.57,True,False,-0.091,0.069,0.79,1.0,0.86,False,8,-0.321,0.036,0.367,False,True,False,0.36,False,False,False,NONE,False,10,0.143,0.113,1.5,100.73,27,31,0.538,False,False,0.49,0.403,1,3.1,0.54,1.0,False,False,False,False,weekly,unknown,unknown,ord_scan_weekly.csv,37.0
ASO,7,3,1,53.83,False,False,,,,,,False,,True,False,0.08,1.1,True,False,0.444,-0.186,0.86,0.76,0.86,False,2,0.949,1.619,1.198,True,True,False,0.02,False,False,False,NONE,False,14,0.274,0.237,1.6,41.07,20,6,0.602,False,False,0.29,0.601,3,2.3,0.23,0.0,True,False,False,False,monthly,unknown,unknown,ord_scan_monthly.csv,37.0
TNDM,7,5,2,19.42,False,False,,,,,,False,,True,False,0.14,1.55,True,False,-0.024,0.387,0.82,0.91,0.65,False,1,-0.687,1.454,-2.298,False,True,False,0.23,False,False,False,NONE,False,8,0.638,0.094,18.7,17.58,38,5,0.209,False,False,0.25,0.377,2,8.6,0.31,1.0,True,False,False,False,weekly,unknown,unknown,ord_scan_weekly.csv,37.0
GOGO,3,0,3,4.47,False,False,,,,,,False,,False,False,0.86,0.91,False,False,-0.41,-0.491,0.41,0.88,0.27,False,1,1.605,0.448,-2.418,False,False,False,0.88,False,False,False,NONE,True,5,0.811,0.14,30.8,3.85,26,5,0.182,True,False,0.74,0.048,2,10.0,0.23,0.67,True,False,False,False,monthly,unknown,unknown,ord_scan_monthly.csv,37.0
ARWR,8,3,5,74.81,False,False,,,,,,False,,True,False,0.1,0.77,True,False,0.079,0.765,1.04,0.72,0.97,False,2,1.607,-0.54,-0.614,False,True,False,0.02,True,False,False,NONE,False,3,0.025,0.278,0.1,54.02,63,21,0.921,True,True,0.01,0.951,7,1.3,0.38,0.0,True,False,True,True,weekly,unknown,unknown,ord_scan_weekly.csv,37.0
HLNE,6,3,0,92.56,False,False,,,,,,False,,False,True,0.68,0.68,False,False,-0.391,-0.15,0.97,1.14,0.47,False,1,0.853,0.492,1.232,True,False,False,0.99,False,False,False,NONE,False,7,0.535,0.066,17.5,86.47,33,3,0.098,True,False,0.57,0.054,1,19.4,0.15,0.0,True,False,False,False,monthly,unknown,unknown,ord_scan_monthly.csv,36.0
PSTG,4,3,1,71.62,False,False,,,,,,False,,True,False,0.17,0.94,True,False,0.03,-0.274,0.96,0.82,0.93,False,2,1.647,0.013,-0.13,False,True,False,0.14,False,False,False,NONE,False,9,0.288,0.207,2.0,56.78,22,21,0.374,False,False,0.15,0.339,4,4.4,0.38,0.0,True,False,False,False,weekly,unknown,unknown,ord_scan_weekly.csv,36.0
DAR,12,5,4,63.77,False,False,,,,,,False,,False,True,0.65,1.28,True,False,0.981,0.371,1.19,1.01,0.98,False,2,0.696,0.488,1.461,True,False,True,0.59,False,False,False,NONE,False,4,0.272,0.543,0.7,29.15,59,3,0.943,True,True,0.54,0.971,7,0.6,0.54,1.0,True,False,False,False,monthly,unknown,unknown,ord_scan_monthly.csv,36.0
CPK,5,5,0,126.94,False,False,,,,,,False,,True,False,0.11,0.85,True,False,-0.008,0.008,1.05,0.98,0.92,False,15,-0.475,-0.01,0.015,False,False,True,0.58,False,False,False,NONE,False,14,0.087,0.038,2.5,122.15,34,106,0.729,False,False,0.07,0.407,1,2.0,0.38,0.0,False,False,False,False,weekly,unknown,unknown,ord_scan_weekly.csv,36.0
ASH,0,0,0,51.82,False,False,,,,,,False,,False,False,0.8,0.81,False,False,-0.147,0.075,1.15,1.1,0.79,False,1,-0.203,-0.375,-0.434,False,False,True,0.63,False,False,False,NONE,False,5,0.47,0.07,12.7,48.19,29,30,0.316,False,False,0.75,0.287,2,6.1,0.38,1.0,False,True,False,False,weekly,unknown,unknown,ord_scan_weekly.csv,36.0
ELF,3,0,3,60.49,False,False,,,,,,False,,False,False,0.59,1.15,False,False,-0.022,-0.691,0.69,0.79,0.4,False,2,-0.596,-0.612,4.336,False,False,False,0.59,False,False,False,NONE,False,7,0.727,0.04,66.1,58.05,31,2,0.079,True,False,0.31,0.065,3,24.4,0.31,0.0,True,False,False,False,monthly,unknown,unknown,ord_scan_monthly.csv,36.0
CALM,6,1,2,76.25,False,False,,,,,,False,,True,False,0.26,1.07,True,False,-0.109,0.491,0.71,1.0,0.63,False,2,1.335,0.177,1.424,True,False,False,0.41,False,False,False,NONE,False,8,0.365,0.069,8.3,70.97,39,8,0.125,True,False,0.36,0.393,2,15.0,0.31,1.0,True,False,False,False,monthly,unknown,unknown,ord_scan_monthly.csv,36.0
SNDR,5,1,4,31.47,False,False,,,,,,False,,False,False,0.7,0.84,True,False,0.177,0.484,1.04,1.18,0.94,True,1,0.142,0.118,-0.287,False,True,False,0.42,True,False,False,NONE,False,1,0.056,0.263,0.2,23.2,51,6,0.816,True,True,0.81,0.856,6,1.5,0.54,0.5,True,True,True,True,weekly,unknown,unknown,ord_scan_weekly.csv,36.0
HLX,4,1,0,10.29,False,False,,,,,,False,,False,False,0.5,1.09,True,False,0.69,-0.051,1.03,0.98,0.83,False,3,0.499,0.888,1.323,True,False,False,0.57,False,False,False,NONE,False,7,0.211,0.458,0.6,5.58,38,4,0.9,True,True,0.4,0.633,5,1.1,0.38,1.0,True,False,False,False,monthly,unknown,unknown,ord_scan_monthly.csv,36.0
IRT,2,1,1,16.25,False,False,,,,,,False,,False,False,0.26,1.13,False,False,-0.129,0.095,0.76,0.94,0.77,False,11,0.22,0.619,-1.165,False,False,False,0.93,False,False,False,NONE,False,10,0.332,0.11,4.5,14.46,23,13,0.287,False,False,0.18,0.303,4,6.0,0.31,0.0,True,False,False,False,monthly,unknown,unknown,ord_scan_monthly.csv,36.0
GNW,9,3,6,8.81,False,False,NONE,0.92,0.93,True,True,False,0.97,False,False,0.14,0.93,True,True,0.284,0.37,0.89,0.63,0.95,False,10,1.534,0.841,-1.416,False,True,False,0.01,False,False,False,NONE,True,2,0.051,0.127,0.4,7.69,44,13,0.857,True,False,0.11,0.87,2,1.7,0.62,0.8,True,False,False,False,monthly,unknown,unknown,ord_scan_monthly.csv,36.0
HOMB,1,1,0,26.74,False,False,,,,,,False,,False,False,0.28,0.89,False,False,-0.068,0.016,0.98,1.13,0.87,False,9,0.081,-0.067,-0.134,False,False,True,0.46,False,False,False,NONE,False,11,0.159,0.04,4.8,25.68,20,94,0.477,False,False,0.21,0.215,3,4.6,0.23,0.0,False,False,False,False,weekly,unknown,unknown,ord_scan_weekly.csv,36.0
UVV,8,4,4,54.25,False,False,,,,,,False,,True,False,0.03,0.93,True,True,0.004,0.208,0.8,0.87,0.86,False,7,-0.499,-0.914,1.405,False,False,True,0.43,False,False,False,NONE,False,8,0.144,0.121,1.4,47.7,30,19,0.517,False,False,0.07,0.612,2,3.0,0.54,1.0,False,False,False,False,monthly,unknown,unknown,ord_scan_monthly.csv,36.0
ACI,4,4,0,16.62,False,False,,,,,,False,,False,True,0.62,0.9,False,False,-0.212,-0.171,0.86,0.95,0.75,False,7,-0.268,-0.634,-0.234,False,False,False,0.77,False,False,False,NONE,False,7,0.35,0.067,8.0,15.5,27,13,0.165,True,False,0.42,0.165,1,11.1,0.23,0.0,True,False,False,False,monthly,unknown,unknown,ord_scan_monthly.csv,36.0
KBH,1,1,0,51.44,False,False,,,,,,False,,False,False,0.55,1.37,False,False,-0.102,-0.169,0.9,0.95,0.76,False,2,0.546,0.015,-0.576,False,False,False,0.75,False,False,False,NONE,False,6,0.413,0.064,11.0,48.17,38,65,0.161,True,False,0.55,0.169,1,11.4,0.31,0.0,True,False,False,False,weekly,unknown,unknown,ord_scan_weekly.csv,36.0
BHF,11,4,7,62.65,False,False,,,,,,False,,True,False,0.32,1.58,True,True,0.076,0.216,0.31,0.68,0.94,False,6,0.158,-1.441,-1.208,False,True,False,0.2,False,False,False,NONE,False,5,0.073,0.328,0.2,42.07,46,7,0.831,True,False,0.12,0.86,2,1.2,0.38,1.0,True,False,False,False,monthly,unknown,unknown,ord_scan_monthly.csv,36.0
NVT,13,4,6,158.92,False,False,,,,,,False,,False,True,0.87,1.13,True,True,0.418,0.394,1.43,1.01,0.95,True,1,0.862,0.341,0.383,True,False,True,0.95,True,False,False,NONE,False,4,0.05,0.357,0.1,102.24,50,3,0.839,True,False,0.91,0.887,4,1.1,0.46,0.5,True,True,True,True,weekly,unknown,unknown,ord_scan_weekly.csv,36.0
GDEN,11,6,5,25.8,False,False,,,,,,False,,False,True,0.01,1.23,True,True,0.07,0.439,0.89,2.04,0.98,False,9,-0.946,0.488,-0.226,False,True,False,0.01,False,False,False,NONE,False,6,0.158,0.096,2.0,23.33,55,25,0.888,True,True,0.01,0.888,6,4.3,0.46,0.0,False,False,False,False,weekly,unknown,unknown,ord_scan_weekly.csv,36.0
CSGS,12,5,7,80.4,False,False,,,,,,False,,False,False,0.0,1.34,True,True,0.012,0.036,0.68,0.85,1.0,False,26,0.377,-0.425,0.309,False,False,False,0.17,False,False,False,NONE,False,2,0.003,0.062,0.1,75.45,65,55,0.991,True,True,0.0,0.952,0,1.1,0.38,0.25,True,False,False,False,weekly,unknown,unknown,ord_scan_weekly.csv,36.0
PFBC,8,3,5,95.47,False,False,,,,,,False,,True,False,0.07,0.84,True,True,0.249,0.347,0.87,0.96,0.94,False,4,0.205,0.509,-0.332,False,True,False,0.06,False,False,False,NONE,False,3,0.058,0.161,0.4,80.12,44,13,0.82,True,False,0.15,0.837,4,2.1,0.54,1.0,True,False,False,False,monthly,unknown,unknown,ord_scan_monthly.csv,36.0
LUMN,5,4,1,9.32,False,False,,,,,,False,,False,True,0.28,0.87,True,False,0.057,-0.093,1.08,1.09,0.96,False,1,1.629,0.401,-1.276,False,True,False,0.22,True,False,False,NONE,False,8,0.22,0.327,0.9,6.27,34,3,0.943,True,False,0.24,0.551,3,1.1,0.38,1.0,True,False,True,False,weekly,unknown,unknown,ord_scan_weekly.csv,36.0
TWLO,12,2,7,183.34,False,False,,,,,,False,,False,False,0.17,0.86,True,True,0.896,1.998,1.03,0.74,1.0,False,1,0.354,1.072,3.715,True,True,False,0.01,True,False,False,NONE,False,5,0.599,0.499,3.0,91.84,48,1,0.989,True,False,0.3,0.994,1,0.8,0.77,0.0,True,False,True,True,monthly,unknown,unknown,ord_scan_monthly.csv,36.0
INDV,8,4,4,37.66,False,False,,,,,,False,,False,True,0.11,0.74,True,False,0.064,0.282,1.19,0.79,0.94,False,1,1.438,6.638,-0.757,False,True,False,0.07,False,False,False,NONE,False,0,0.059,0.265,0.2,27.68,56,5,0.809,True,True,0.18,0.809,5,1.5,0.46,1.0,True,True,True,False,weekly,unknown,unknown,ord_scan_weekly.csv,36.0
MP,4,3,1,66.63,False,False,,,,,,False,,True,False,0.21,1.06,True,False,0.134,0.056,1.1,0.87,0.91,False,1,1.445,0.15,-0.471,False,True,False,0.12,False,False,False,NONE,False,12,0.335,0.333,1.5,44.43,31,3,0.866,True,False,0.36,0.779,1,1.1,0.31,1.0,True,False,True,False,weekly,unknown,unknown,ord_scan_weekly.csv,35.0
FIZZ,5,4,1,34.11,False,False,,,,,,False,,False,True,0.42,0.89,False,False,-0.232,-0.23,0.74,0.94,0.68,False,8,1.223,-0.185,2.192,False,False,False,0.6,False,False,False,NONE,False,6,0.605,0.085,18.0,31.21,32,9,0.178,True,False,0.26,0.13,2,10.2,0.31,0.0,True,False,False,False,monthly,unknown,unknown,ord_scan_monthly.csv,35.0
NBTB,5,4,1,44.21,False,False,,,,,,False,,True,False,0.14,0.98,True,False,0.004,0.112,1.08,1.08,0.95,False,6,0.13,-0.48,0.262,False,True,False,0.12,False,False,False,NONE,False,12,0.121,0.096,1.4,39.96,38,96,0.621,False,False,0.11,0.703,2,2.5,0.38,1.0,False,False,False,False,weekly,unknown,unknown,ord_scan_weekly.csv,35.0
ELF,5,3,2,60.49,False,False,,,,,,False,,False,True,0.48,0.94,False,False,-0.288,-0.505,0.7,1.21,0.62,False,1,1.128,-0.6,0.638,False,False,True,0.52,False,False,False,NONE,False,6,0.725,0.04,65.3,58.05,34,8,0.079,True,False,0.39,0.038,2,24.4,0.23,0.0,True,False,False,False,weekly,unknown,unknown,ord_scan_weekly.csv,35.0
STWD,8,5,3,18.3,False,False,NONE,1.02,0.9,False,True,False,,True,False,0.05,0.84,True,True,0.056,0.127,0.81,0.96,0.94,False,13,-1.044,0.882,-0.222,False,False,True,0.82,False,False,False,NONE,False,8,0.06,0.1,0.6,16.46,40,31,0.811,True,False,0.14,0.741,2,1.6,0.31,0.5,False,False,False,False,monthly,unknown,unknown,ord_scan_monthly.csv,35.0
SKY,1,0,1,76.9,False,False,,,,,,False,,False,False,0.54,1.13,False,False,-0.019,0.127,0.85,0.79,0.78,False,1,0.69,0.454,-0.875,False,False,True,0.63,False,False,False,NONE,False,11,0.34,0.065,7.9,71.91,19,25,0.359,False,False,0.14,0.359,1,11.4,0.38,0.0,False,False,False,False,weekly,unknown,unknown,ord_scan_weekly.csv,35.0
BGC,9,3,6,11.27,False,False,,,,,,False,,True,False,0.07,0.86,True,True,0.255,0.477,0.88,0.73,0.95,False,1,0.877,2.108,-1.183,False,True,False,0.13,False,False,False,NONE,False,2,0.054,0.269,0.2,8.23,60,6,0.826,True,True,0.12,0.865,6,1.4,0.46,1.0,True,False,False,False,monthly,unknown,unknown,ord_scan_monthly.csv,35.0
DBX,3,2,1,24.93,False,False,,,,,,False,,True,False,0.07,0.91,False,False,-0.127,0.026,0.83,0.91,0.75,False,2,-1.35,-2.028,-0.073,False,False,True,0.65,False,False,False,NONE,False,9,0.427,0.13,5.7,21.69,26,6,0.314,False,False,0.08,0.336,1,5.4,0.23,0.0,True,False,False,False,monthly,unknown,unknown,ord_scan_monthly.csv,35.0
INGR,5,4,1,110.43,False,False,,,,,,False,,False,False,0.2,1.27,True,False,-0.14,0.002,0.77,0.94,0.74,False,8,-1.105,0.114,1.372,False,False,False,0.92,False,False,False,NONE,False,10,0.261,0.087,4.1,100.81,28,17,0.222,False,False,0.15,0.198,3,8.0,0.23,0.0,True,False,False,False,monthly,unknown,unknown,ord_scan_monthly.csv,35.0
CENT,6,4,2,36.73,False,False,,,,,,False,,True,False,0.02,1.22,True,False,0.094,-0.142,0.85,0.58,0.84,False,3,-0.265,0.444,2.666,False,False,False,0.3,False,False,False,NONE,False,10,0.254,0.217,1.6,28.77,24,10,0.638,False,False,0.06,0.425,4,2.1,0.38,0.0,True,False,False,False,monthly,unknown,unknown,ord_scan_monthly.csv,35.0
EXEL,14,4,7,43.68,False,False,,,,,,False,,True,False,0.04,1.13,True,True,0.116,0.841,0.66,0.82,0.88,False,6,0.614,1.354,0.995,True,True,False,0.04,False,False,False,NONE,False,11,0.12,0.227,0.6,33.76,28,10,0.662,False,False,0.27,0.799,2,2.0,0.38,1.0,True,False,False,False,monthly,unknown,unknown,ord_scan_monthly.csv,35.0
HSTM,1,0,1,20.72,False,False,,,,,,False,,False,False,0.63,0.86,False,False,-0.381,-0.215,0.76,1.26,0.61,False,5,1.309,-0.849,0.767,False,False,False,0.87,False,False,False,NONE,False,6,0.391,0.06,10.6,19.47,31,7,0.145,True,False,0.38,0.086,3,12.8,0.08,0.0,True,False,False,False,monthly,unknown,unknown,ord_scan_monthly.csv,35.0
STRA,2,2,0,78.24,False,False,,,,,,False,1.74,True,False,0.01,0.89,False,False,-0.013,-0.202,0.93,1.27,0.78,False,1,-1.059,0.688,1.71,False,False,False,0.25,False,False,False,NONE,False,8,0.506,0.109,9.4,69.7,33,15,0.275,False,False,0.01,0.18,4,6.3,0.46,0.0,True,False,False,False,monthly,unknown,unknown,ord_scan_monthly.csv,35.0
AVAV,3,0,3,184.97,False,False,,,,,,False,,False,False,0.97,0.87,False,False,-0.336,-0.5,0.58,0.72,0.45,False,1,1.029,-0.683,0.58,False,False,False,0.98,False,False,False,NONE,False,5,0.557,0.055,22.7,174.73,28,8,0.08,True,False,0.94,0.044,1,24.1,0.0,0.0,True,False,False,False,weekly,unknown,unknown,ord_scan_weekly.csv,35.0
GME,7,3,4,26.53,False,False,,,,,,False,,True,False,0.08,1.01,True,False,-0.048,1.119,0.6,0.66,0.74,False,4,22.327,-1.552,-0.542,False,False,True,0.29,False,False,False,NONE,False,6,0.78,0.249,14.3,19.93,23,11,0.594,False,False,0.14,0.302,2,2.4,0.38,1.0,True,False,False,False,monthly,unknown,unknown,ord_scan_monthly.csv,35.0
BJRI,5,3,2,37.37,False,False,,,,,,False,,True,False,0.06,1.07,True,False,0.123,0.033,0.83,0.72,0.79,False,3,0.383,-0.077,1.706,False,True,False,0.19,False,False,False,NONE,False,11,0.503,0.238,4.2,28.46,25,7,0.508,False,False,0.09,0.503,2,2.9,0.31,1.0,True,False,False,False,monthly,unknown,unknown,ord_scan_monthly.csv,35.0
KTOS,2,0,2,62.05,False,False,,,,,,False,,False,False,0.93,0.93,False,False,-0.398,-0.315,0.64,1.01,0.46,False,1,1.82,-1.105,0.213,False,False,False,0.95,False,False,False,NONE,False,5,0.537,0.048,24.1,59.06,26,5,0.11,True,False,0.92,0.04,3,17.2,0.0,0.0,True,False,False,False,weekly,unknown,unknown,ord_scan_weekly.csv,35.0
IRT,5,3,2,16.25,False,False,,,,,,False,,False,True,0.26,0.88,False,False,-0.016,0.042,0.95,0.89,0.93,False,4,-0.24,0.119,-0.431,False,False,True,0.18,False,False,False,NONE,False,6,0.227,0.107,2.8,14.51,40,56,0.281,False,True,0.19,0.587,5,6.1,0.46,0.0,True,False,False,False,weekly,unknown,unknown,ord_scan_weekly.csv,35.0
LPG,7,1,6,39.18,False,False,,,,,,False,,False,False,0.6,0.87,True,True,0.997,0.248,1.26,0.72,0.99,False,2,-1.836,1.989,1.604,False,False,False,0.22,True,False,False,NONE,False,2,0.084,0.414,0.2,22.97,53,4,0.983,True,True,0.41,0.87,6,1.0,0.62,0.25,True,False,True,False,monthly,unknown,unknown,ord_scan_monthly.csv,35.0
CYTK,3,3,0,63.35,False,False,,,,,,False,,True,False,0.01,1.04,True,False,0.003,-0.004,0.92,0.95,0.89,False,1,1.615,-0.376,0.035,False,True,False,0.01,False,False,False,NONE,False,10,0.107,0.078,1.6,58.43,33,31,0.679,False,False,0.03,0.41,2,2.4,0.46,0.0,False,True,False,False,weekly,unknown,unknown,ord_scan_weekly.csv,35.0
IIPR,6,0,3,54.49,False,False,,,,,,False,,False,False,0.38,0.63,False,False,0.161,-0.321,0.64,0.82,0.49,False,2,2.807,0.32,0.256,True,False,False,0.73,False,False,False,NONE,False,5,0.715,0.254,9.9,40.67,27,13,0.817,True,False,0.28,0.211,3,1.6,0.31,1.0,True,False,False,False,monthly,unknown,unknown,ord_scan_monthly.csv,35.0
ESNT,4,3,1,60.03,False,False,,,,,,False,,False,True,0.41,0.87,False,False,-0.04,-0.003,1.05,0.87,0.9,False,4,-0.175,-0.054,0.077,False,True,False,0.41,False,False,False,NONE,False,6,0.1,0.061,1.8,56.38,31,125,0.673,False,False,0.13,0.359,0,2.2,0.31,1.0,False,True,False,False,weekly,unknown,unknown,ord_scan_weekly.csv,35.0
MRTN,7,1,6,15.15,False,False,,,,,,False,,False,False,0.88,0.92,True,True,0.238,0.493,0.93,1.09,0.99,False,2,-0.514,-0.186,0.247,False,False,False,0.72,True,False,False,NONE,False,3,0.188,0.25,0.9,11.36,55,21,0.964,True,True,0.8,0.969,7,1.3,0.62,0.5,True,False,True,True,weekly,unknown,unknown,ord_scan_weekly.csv,35.0
DIOD,10,2,5,108.24,False,False,,,,,,False,,False,False,0.75,1.22,True,False,1.819,0.535,1.6,0.89,0.99,False,1,1.168,4.046,0.233,True,False,False,0.65,True,False,False,NONE,False,3,0.05,0.609,0.1,42.28,56,1,0.985,True,True,0.63,0.992,6,0.7,0.38,0.5,True,False,True,True,monthly,unknown,unknown,ord_scan_monthly.csv,35.0
AHR,10,4,3,50.15,False,False,NONE,0.82,0.97,False,True,False,,True,False,0.09,1.16,True,True,0.075,0.118,0.98,0.86,0.92,False,6,0.773,1.045,1.069,True,False,False,0.34,False,False,False,NONE,False,11,0.078,0.074,1.1,46.44,34,39,0.768,False,False,0.1,0.584,1,1.9,0.38,0.33,False,False,False,False,weekly,unknown,unknown,ord_scan_weekly.csv,35.0
PSN,0,0,0,50.87,False,False,,,,,,False,,False,False,0.86,0.88,False,False,-0.274,-0.388,0.9,0.99,0.68,False,1,0.27,-0.98,0.599,False,False,False,0.88,False,False,False,NONE,False,6,0.556,0.029,42.8,49.38,28,11,0.07,True,False,0.88,0.039,3,27.5,0.31,0.0,True,False,False,False,weekly,unknown,unknown,ord_scan_weekly.csv,34.0
TMDX,3,3,0,100.01,False,False,,,,,,False,,False,True,0.32,0.96,False,False,-0.254,-0.24,0.9,1.09,0.66,False,1,-0.885,0.11,2.912,False,False,True,0.31,False,False,False,NONE,False,6,0.436,0.069,11.2,93.08,36,7,0.164,True,False,0.27,0.11,2,11.2,0.46,0.0,True,False,False,False,weekly,unknown,unknown,ord_scan_weekly.csv,34.0
CDP,5,3,2,31.01,False,False,,,,,,False,,False,False,0.64,1.12,True,False,0.017,0.124,1.01,0.85,0.93,False,13,0.144,-0.695,0.241,False,False,False,0.76,False,False,False,NONE,False,8,0.068,0.031,2.3,30.04,29,55,0.78,False,False,0.68,0.657,0,1.8,0.31,0.8,True,True,False,False,weekly,unknown,unknown,ord_scan_weekly.csv,34.0
JJSF,1,0,1,87.03,False,False,,,,,,False,,False,False,0.64,0.87,False,False,-0.075,0.047,0.8,1.06,0.89,False,3,-1.012,-0.154,-0.011,False,False,True,0.54,False,False,False,NONE,False,4,0.497,0.161,6.2,73.04,26,33,0.423,False,True,0.76,0.568,6,3.7,0.54,1.0,True,False,False,False,weekly,unknown,unknown,ord_scan_weekly.csv,34.0
G,0,0,0,34.33,False,False,,,,,,False,1.22,False,False,1.0,0.83,False,False,-0.218,-0.096,1.04,1.22,0.71,False,1,-0.31,-0.08,-0.513,False,False,False,0.97,False,False,False,NONE,False,6,0.385,0.035,18.1,33.14,26,15,0.079,True,False,0.94,0.078,1,24.2,0.38,0.0,True,False,False,False,weekly,unknown,unknown,ord_scan_weekly.csv,34.0
REXR,2,2,0,35.51,False,False,,,,,,False,,True,False,0.11,0.99,False,False,0.124,-0.224,0.94,0.91,0.75,False,3,-1.206,0.739,0.017,False,False,False,0.53,False,False,False,NONE,False,8,0.517,0.107,10.0,31.71,24,13,0.479,False,False,0.36,0.352,2,5.6,0.31,1.0,True,False,False,False,monthly,unknown,unknown,ord_scan_monthly.csv,34.0
LPX,4,4,0,71.26,False,False,,,,,,False,0.87,False,True,0.4,1.21,False,False,-0.164,-0.13,0.9,1.1,0.59,False,3,1.131,-0.372,0.146,False,False,True,0.72,False,False,False,NONE,False,9,0.409,0.034,20.7,68.87,40,3,0.077,True,False,0.34,0.046,3,25.0,0.08,0.0,True,False,False,False,monthly,unknown,unknown,ord_scan_monthly.csv,34.0
SYNA,9,4,2,96.5,False,False,,,,,,False,,False,True,0.27,0.94,True,False,0.734,-0.011,1.23,1.18,0.99,False,1,0.659,1.132,1.476,True,True,False,0.08,False,False,False,NONE,False,8,0.678,0.396,5.3,58.28,41,2,0.993,True,False,0.41,0.947,2,0.8,0.46,1.0,True,False,True,False,monthly,unknown,unknown,ord_scan_monthly.csv,34.0
KBR,3,3,0,37.45,False,False,,,,,,False,,False,True,0.81,0.85,False,False,-0.121,-0.119,1.0,0.99,0.83,False,3,-0.033,-0.647,0.178,False,False,True,0.71,False,False,False,NONE,False,5,0.473,0.072,12.5,34.75,40,31,0.158,True,False,0.59,0.259,1,11.6,0.46,0.0,True,False,False,False,weekly,unknown,unknown,ord_scan_weekly.csv,34.0
UHT,9,4,5,40.56,False,False,,,,,,False,,True,False,0.07,0.9,True,True,0.142,0.302,0.88,0.78,0.92,False,6,-1.792,-0.063,1.981,False,True,False,0.18,False,False,False,NONE,False,8,0.561,0.162,7.9,33.99,35,25,0.792,False,True,0.16,0.792,4,2.0,0.54,0.67,True,False,False,False,monthly,unknown,unknown,ord_scan_monthly.csv,34.0
PGNY,4,3,1,18.6,False,False,,,,,,False,,False,True,0.23,0.91,False,False,-0.186,-0.512,0.9,0.84,0.65,False,3,0.245,0.615,-0.96,False,False,True,0.3,False,False,False,NONE,True,6,0.728,0.134,19.9,16.1,25,3,0.304,False,False,0.25,0.212,1,5.6,0.31,1.0,True,False,False,False,monthly,unknown,unknown,ord_scan_monthly.csv,34.0
CCK,6,3,3,100.15,False,False,,,,,,False,,True,False,0.19,0.89,True,False,0.051,0.297,1.04,0.74,0.86,False,5,-0.437,-0.412,1.736,False,True,False,0.34,False,False,False,NONE,False,9,0.195,0.115,2.1,88.68,20,13,0.609,False,False,0.36,0.656,3,5.0,0.54,0.25,True,False,False,False,monthly,unknown,unknown,ord_scan_monthly.csv,34.0
THO,0,0,0,78.18,False,False,,,,,,False,,False,False,1.0,0.97,False,False,-0.296,-0.242,0.88,1.09,0.64,False,2,0.462,-0.519,-0.623,False,False,False,1.0,False,False,False,NONE,False,5,0.359,0.051,10.9,74.16,26,9,0.104,True,False,0.91,0.084,2,18.2,0.08,0.5,True,False,False,False,weekly,unknown,unknown,ord_scan_weekly.csv,34.0
CPK,7,5,2,126.94,False,False,,,,,,False,,True,False,0.05,0.74,True,False,-0.015,0.242,0.82,0.96,0.91,False,12,-1.028,-0.237,1.765,False,False,True,0.52,False,False,False,NONE,False,9,0.087,0.093,1.0,115.09,33,25,0.729,False,False,0.01,0.729,3,2.0,0.31,1.0,True,False,False,False,monthly,unknown,unknown,ord_scan_monthly.csv,34.0
POWI,2,1,1,73.32,False,False,,,,,,False,,False,False,0.74,1.17,True,False,0.522,0.058,1.1,1.1,0.96,False,1,-0.206,1.769,1.876,False,False,False,0.82,False,False,False,NONE,False,6,0.3,0.584,0.7,30.53,49,1,0.889,True,True,0.66,0.924,6,0.7,0.46,1.0,True,False,True,False,monthly,unknown,unknown,ord_scan_monthly.csv,34.0
EXEL,3,3,0,43.68,False,False,,,,,,False,,True,False,0.01,0.91,True,False,0.056,0.13,0.89,0.94,0.92,False,4,0.137,-0.209,0.787,False,True,False,0.06,False,False,False,NONE,False,11,0.12,0.091,1.5,39.71,34,43,0.662,False,False,0.06,0.67,1,2.0,0.23,0.5,False,False,False,False,weekly,unknown,unknown,ord_scan_weekly.csv,34.0
KOP,3,1,2,41.91,False,False,,,,,,False,,False,False,0.28,0.95,True,False,0.69,-0.225,1.04,1.0,0.99,False,3,-0.833,1.003,0.63,False,False,False,0.29,False,False,False,NONE,False,3,0.266,0.406,0.9,24.87,40,3,0.98,True,True,0.14,0.577,4,0.8,0.54,0.67,True,False,False,False,monthly,unknown,unknown,ord_scan_monthly.csv,34.0
APLE,11,4,7,13.39,False,False,,,,,,False,,False,True,0.55,1.15,True,True,0.181,0.254,1.16,1.55,0.98,True,3,-0.099,-0.263,-0.001,False,True,False,0.21,True,False,False,NONE,False,7,0.089,0.163,0.6,11.21,56,55,0.933,True,False,0.5,0.915,4,1.4,0.38,1.0,True,False,True,True,weekly,unknown,unknown,ord_scan_weekly.csv,34.0
ORI,3,1,2,39.26,False,False,,,,,,False,,True,False,0.43,0.65,True,False,0.01,0.068,0.8,0.83,0.89,False,5,-0.157,0.278,0.3,False,True,False,0.57,False,False,False,NONE,False,11,0.106,0.046,2.6,37.46,18,67,0.663,False,False,0.46,0.401,1,2.4,0.46,0.0,False,False,False,False,weekly,unknown,unknown,ord_scan_weekly.csv,34.0
ACM,1,0,1,84.1,False,False,,,,,,False,0.96,False,False,0.75,0.94,False,False,-0.125,-0.37,0.9,0.85,0.77,False,5,0.121,-0.401,0.124,False,False,True,0.93,False,False,False,NONE,False,7,0.375,0.061,9.9,79.01,37,23,0.093,True,False,0.85,0.092,2,20.4,0.38,1.0,True,False,False,False,weekly,unknown,unknown,ord_scan_weekly.csv,34.0
DOCN,12,6,6,102.82,False,False,,,,,,False,,False,True,1.0,1.95,True,True,2.328,1.693,1.83,1.48,0.98,False,1,1.752,4.58,-1.243,False,False,True,1.0,True,False,False,NONE,False,5,0.229,0.751,0.4,25.56,61,1,0.949,True,True,0.77,0.979,9,0.4,0.31,0.83,True,False,True,True,monthly,unknown,unknown,ord_scan_monthly.csv,34.0
AXTA,0,0,0,27.73,False,False,,,,,,False,,False,False,0.64,0.97,False,False,-0.147,-0.194,1.0,0.9,0.67,False,2,-0.019,-0.939,-1.039,False,False,False,1.0,False,False,False,NONE,False,5,0.334,0.101,5.0,24.94,16,3,0.259,False,False,0.63,0.167,3,6.7,0.31,1.0,True,False,False,False,monthly,unknown,unknown,ord_scan_monthly.csv,34.0
CVBF,4,3,1,20.45,False,False,,,,,,False,,True,False,0.23,1.05,True,False,0.048,0.136,0.92,1.37,0.96,False,4,0.467,-0.432,-0.166,False,True,False,0.13,False,False,False,NONE,False,9,0.116,0.113,1.2,18.14,38,72,0.73,False,True,0.15,0.776,7,1.7,0.38,0.0,False,False,False,False,weekly,unknown,unknown,ord_scan_weekly.csv,34.0
VSEC,0,0,0,170.91,False,False,,,,,,False,,False,False,0.52,0.7,False,False,-0.218,-0.053,1.43,0.99,0.74,False,1,1.004,-0.065,0.368,False,False,False,0.77,False,False,False,NONE,False,8,0.265,0.066,5.4,159.59,26,1,0.165,True,False,0.43,0.155,2,11.1,0.46,0.0,True,False,False,False,weekly,unknown,unknown,ord_scan_weekly.csv,34.0
SFM,6,4,2,81.19,False,False,,,,,,True,0.78,False,False,0.24,1.09,False,False,0.145,0.028,1.11,0.8,0.95,False,1,-0.691,0.826,0.977,False,False,False,0.45,False,False,False,NONE,False,8,0.554,0.178,7.0,66.71,35,26,0.386,False,False,0.18,0.727,0,4.2,0.46,1.0,False,True,False,False,weekly,unknown,unknown,ord_scan_weekly.csv,34.0
SKT,14,6,5,36.35,False,False,,,,,,False,,False,True,0.34,1.36,True,True,0.131,0.146,0.82,0.86,0.97,False,9,0.261,0.247,0.15,True,False,False,0.52,False,False,False,NONE,False,2,0.034,0.082,0.4,33.36,55,88,0.887,True,True,0.28,0.811,0,1.4,0.46,1.0,False,False,False,False,weekly,unknown,unknown,ord_scan_weekly.csv,34.0
MHK,0,0,0,99.93,False,False,,,,,,False,,False,False,0.74,1.09,False,False,-0.156,-0.121,1.02,1.0,0.72,False,2,0.538,-0.626,-1.044,False,False,False,0.76,False,False,False,NONE,False,7,0.392,0.054,12.0,94.56,26,11,0.121,True,False,0.65,0.121,2,15.6,0.31,0.5,True,False,False,False,weekly,unknown,unknown,ord_scan_weekly.csv,34.0
AGYS,1,0,1,67.85,False,False,,,,,,False,1.1,False,False,0.76,1.06,False,False,-0.087,-0.195,0.84,1.0,0.47,False,2,0.922,-0.983,2.124,False,False,True,0.82,False,False,False,NONE,False,7,0.533,0.094,12.2,61.5,31,3,0.224,False,False,0.6,0.076,7,7.9,0.31,1.0,True,False,False,False,monthly,unknown,unknown,ord_scan_monthly.csv,34.0
LTH,7,5,2,26.67,False,False,,,,,,False,,True,False,0.03,1.21,True,False,-0.13,0.718,0.78,1.01,0.76,False,6,-0.916,0.967,2.088,False,False,False,0.14,False,False,False,NONE,False,11,0.238,0.095,3.3,24.14,36,12,0.233,False,False,0.04,0.633,2,7.6,0.38,0.0,True,False,False,False,monthly,unknown,unknown,ord_scan_monthly.csv,33.0
EXP,7,4,0,210.82,False,False,,,,,,True,0.78,False,False,0.3,0.79,True,False,-0.064,-0.217,0.99,1.0,0.66,False,2,1.055,0.88,0.02,True,False,False,0.8,False,False,False,NONE,False,9,0.341,0.185,2.8,171.76,13,15,0.436,False,False,0.31,0.264,2,3.6,0.38,0.0,True,False,False,False,monthly,unknown,unknown,ord_scan_monthly.csv,33.0
LAUR,6,3,0,31.24,False,False,,,,,,False,,True,False,0.14,0.9,True,False,-0.089,0.076,1.25,0.98,0.82,False,1,0.632,0.493,0.431,True,False,True,0.29,False,False,False,NONE,False,13,0.176,0.081,2.6,28.7,27,24,0.484,False,False,0.43,0.484,1,7.7,0.31,0.0,False,False,False,False,weekly,unknown,unknown,ord_scan_weekly.csv,33.0
YETI,4,3,1,40.35,False,False,,,,,,False,,True,False,0.25,1.03,True,False,0.413,0.047,1.02,0.66,0.79,False,2,2.254,-1.782,1.342,False,True,False,0.01,False,False,False,NONE,False,9,0.629,0.244,7.0,30.51,22,3,0.347,False,False,0.26,0.557,4,2.6,0.38,0.67,True,False,False,False,monthly,unknown,unknown,ord_scan_monthly.csv,33.0
ALRM,1,1,0,47.13,False,False,,,,,,False,,False,False,0.12,1.07,False,False,-0.121,-0.35,0.9,0.96,0.67,False,4,-1.65,1.511,1.19,False,False,False,0.67,False,False,False,NONE,False,6,0.566,0.119,10.9,41.5,21,9,0.312,False,False,0.14,0.182,2,5.4,0.31,0.0,True,False,False,False,monthly,unknown,unknown,ord_scan_monthly.csv,33.0
DCH,0,0,0,5.71,False,False,,,,,,False,,False,False,0.51,0.98,False,False,0.495,-0.224,1.25,1.49,0.62,False,2,1.046,1.505,-0.681,False,True,False,0.39,False,False,False,NONE,False,5,0.718,0.254,10.0,4.26,24,3,0.153,True,False,0.71,0.434,3,5.3,0.54,0.67,True,False,False,False,monthly,unknown,unknown,ord_scan_monthly.csv,33.0
PB,4,4,0,69.33,False,False,,,,,,False,,True,False,0.08,1.15,True,False,0.057,0.138,0.94,1.19,0.84,False,7,-0.141,-0.531,1.593,False,False,False,0.72,False,False,False,NONE,False,12,0.16,0.134,1.4,60.01,30,22,0.514,False,False,0.12,0.546,2,4.1,0.38,1.0,False,False,False,False,monthly,unknown,unknown,ord_scan_monthly.csv,33.0
MTZ,11,1,7,417.41,False,False,,,,,,False,,False,False,0.82,1.13,True,True,2.278,3.476,1.56,0.84,1.0,False,1,2.672,3.436,0.223,True,False,False,0.74,True,False,False,NONE,False,0,0.002,0.616,0.0,160.08,58,2,0.995,True,True,0.68,0.998,6,0.6,0.85,0.5,True,False,True,True,monthly,unknown,unknown,ord_scan_monthly.csv,33.0
POST,4,4,0,103.4,False,False,NONE,1.04,0.86,True,True,False,0.97,True,False,0.11,1.26,True,False,-0.086,-0.027,0.98,0.98,0.82,False,3,-0.622,-0.818,2.288,False,False,False,0.69,False,False,False,NONE,False,12,0.178,0.09,2.4,94.13,37,28,0.414,False,False,0.12,0.292,2,5.6,0.31,0.0,False,False,False,False,monthly,unknown,unknown,ord_scan_monthly.csv,33.0
PNFP,5,3,2,98.14,False,False,,,,,,False,,True,False,0.22,0.91,True,False,-0.003,0.174,0.76,1.39,0.76,False,2,1.505,-0.263,1.209,False,False,False,0.67,False,False,False,NONE,True,9,0.24,0.178,1.8,80.67,19,10,0.461,False,False,0.12,0.46,2,3.3,0.31,0.0,True,False,False,False,monthly,unknown,unknown,ord_scan_monthly.csv,33.0
SCI,1,1,0,79.78,False,False,,,,,,False,,True,False,0.37,0.94,True,False,-0.004,-0.036,1.11,1.13,0.9,False,1,-0.16,-0.356,0.305,False,True,False,0.46,False,False,False,NONE,False,9,0.1,0.06,1.9,74.99,29,116,0.669,False,False,0.33,0.364,0,2.2,0.46,0.67,True,True,False,False,weekly,unknown,unknown,ord_scan_weekly.csv,33.0
WAL,5,3,2,80.8,False,False,,,,,,False,,True,False,0.01,0.84,True,False,0.181,0.308,0.91,0.93,0.83,False,2,0.723,1.652,-1.726,False,True,False,0.19,False,False,False,NONE,False,7,0.289,0.185,2.2,65.82,25,3,0.484,False,False,0.16,0.645,2,3.1,0.38,1.0,True,False,False,False,monthly,unknown,unknown,ord_scan_monthly.csv,33.0
AVTR,2,0,2,7.96,False,False,,,,,,False,,False,False,0.95,0.86,False,False,-0.387,-0.689,0.65,0.93,0.3,False,2,-0.658,-3.237,-1.858,False,False,False,0.95,False,False,False,NONE,False,4,0.821,0.087,52.4,7.26,26,3,0.17,True,False,0.79,0.034,4,10.7,0.23,0.0,True,False,False,False,monthly,unknown,unknown,ord_scan_monthly.csv,33.0
LZ,3,3,0,6.74,False,False,,,,,,False,,False,True,0.15,0.85,False,False,-0.079,-0.495,0.95,1.24,0.54,False,1,-3.381,-1.952,-3.888,False,False,True,0.39,False,False,False,NONE,False,4,0.835,0.217,23.4,5.28,25,3,0.368,False,False,0.3,0.176,4,4.4,0.38,1.0,True,False,False,False,monthly,unknown,unknown,ord_scan_monthly.csv,33.0
SDGR,5,3,2,12.39,False,False,,,,,,False,,False,True,0.26,0.9,False,False,-0.517,-0.541,0.61,1.04,0.44,False,3,-2.465,-3.336,1.533,False,False,True,0.49,False,False,False,NONE,False,4,0.894,0.117,72.4,10.94,36,4,0.167,True,False,0.23,0.079,2,11.0,0.23,0.0,True,False,False,False,monthly,unknown,unknown,ord_scan_monthly.csv,33.0
ASTH,4,1,3,34.89,False,False,,,,,,False,,False,False,0.81,0.94,True,False,0.534,0.118,1.03,0.9,0.99,False,1,0.075,-0.171,-0.744,False,False,False,0.71,True,False,False,NONE,False,4,0.448,0.458,1.8,18.9,46,4,0.958,True,True,0.71,0.972,5,0.8,0.46,0.5,True,False,True,True,weekly,unknown,unknown,ord_scan_weekly.csv,33.0
GPK,1,0,1,9.7,False,False,,,,,,False,1.36,False,False,0.84,0.67,False,False,-0.606,-0.652,0.74,1.4,0.33,False,2,0.452,-1.366,0.606,False,False,False,0.91,False,False,False,NONE,False,3,0.672,0.104,19.7,8.69,36,3,0.164,True,False,0.78,0.048,10,11.2,0.0,0.0,True,False,False,False,monthly,unknown,unknown,ord_scan_monthly.csv,33.0
SSTK,4,2,2,16.69,False,False,,,,,,False,,True,False,0.12,0.88,False,False,-0.142,-0.308,0.81,0.84,0.82,False,1,0.1,-1.35,-1.038,False,True,False,0.16,False,False,False,NONE,False,11,0.597,0.089,16.7,15.21,20,12,0.424,False,False,0.2,0.296,1,3.7,0.15,0.0,False,False,False,False,weekly,unknown,unknown,ord_scan_weekly.csv,33.0
GPI,6,3,3,353.67,False,False,,,,,,False,,True,False,0.09,0.94,True,False,-0.119,0.223,0.77,0.87,0.73,False,2,-0.425,0.76,2.363,False,False,True,0.54,False,False,False,NONE,False,8,0.274,0.175,2.2,291.95,24,5,0.455,False,False,0.16,0.413,2,3.4,0.23,0.0,True,False,False,False,monthly,unknown,unknown,ord_scan_monthly.csv,33.0
CPRX,10,5,5,28.74,False,False,,,,,,False,,False,True,0.26,1.26,True,True,0.183,0.351,1.35,1.34,0.88,True,1,0.258,-0.149,1.671,False,True,False,0.14,True,False,False,NONE,False,6,0.117,0.229,0.6,22.16,35,6,0.633,False,True,0.52,0.679,6,2.2,0.38,0.6,True,True,True,True,weekly,unknown,unknown,ord_scan_weekly.csv,33.0
ADT,5,3,2,7.55,False,False,,,,,,False,,True,False,0.01,0.91,True,False,-0.032,0.201,1.08,0.78,0.86,False,2,-0.883,-1.687,0.715,False,False,True,0.24,False,False,False,NONE,False,7,0.5,0.179,5.6,6.2,27,24,0.554,False,False,0.05,0.599,2,2.9,0.38,0.5,True,False,False,False,monthly,unknown,unknown,ord_scan_monthly.csv,33.0
NBIX,2,2,0,131.78,False,False,,,,,,False,,False,False,0.16,0.79,False,False,-0.031,-0.08,0.95,1.05,0.85,False,11,-0.122,-0.471,0.518,False,False,False,0.21,False,False,False,NONE,False,10,0.177,0.051,4.3,125.11,24,51,0.452,False,False,0.23,0.253,1,5.1,0.31,0.0,False,False,False,False,weekly,unknown,unknown,ord_scan_weekly.csv,33.0
BAH,2,0,2,78.31,False,False,,,,,,False,,False,False,0.81,1.07,False,False,-0.108,-0.089,0.82,0.61,0.72,False,3,0.024,-1.115,0.599,False,False,False,0.81,False,False,False,NONE,False,7,0.576,0.056,24.2,73.93,22,14,0.128,True,False,0.89,0.128,3,14.7,0.54,0.0,False,False,False,False,weekly,unknown,unknown,ord_scan_weekly.csv,33.0
AWI,1,0,1,168.46,False,False,,,,,,False,,False,False,0.69,0.76,False,False,-0.081,-0.112,1.04,0.89,0.82,False,1,0.57,-0.144,-0.382,False,False,False,0.79,False,False,False,NONE,False,7,0.181,0.056,3.9,159.0,20,52,0.466,False,False,0.46,0.203,1,5.0,0.31,0.0,False,True,False,False,weekly,unknown,unknown,ord_scan_weekly.csv,33.0
BAH,3,0,3,78.31,False,False,,,,,,False,,False,False,0.93,0.89,False,False,-0.331,-0.451,0.65,0.84,0.42,False,3,-0.53,-0.24,2.518,False,False,False,0.99,False,False,False,NONE,False,5,0.576,0.063,21.5,73.37,26,4,0.142,True,False,0.92,0.044,3,13.1,0.08,0.0,True,False,False,False,monthly,unknown,unknown,ord_scan_monthly.csv,33.0
HZO,6,2,4,29.68,False,False,,,,,,False,,True,False,0.32,1.32,True,True,0.098,0.198,1.01,0.77,0.93,False,1,0.479,-0.492,-0.814,False,True,False,0.14,False,False,False,NONE,False,9,0.223,0.184,1.6,24.22,37,23,0.781,False,True,0.18,0.781,6,1.8,0.46,1.0,True,False,False,False,weekly,unknown,unknown,ord_scan_weekly.csv,33.0
ACT,7,3,4,42.6,False,False,,,,,,False,,True,False,0.26,1.12,True,True,0.076,0.205,0.91,0.97,0.96,False,12,0.042,-0.061,0.601,False,True,False,0.25,False,False,False,NONE,False,6,0.044,0.066,0.7,39.81,48,55,0.858,True,False,0.24,0.792,0,1.7,0.31,0.67,True,True,False,False,weekly,unknown,unknown,ord_scan_weekly.csv,33.0
CABO,3,0,3,75.01,False,False,,,,,,False,,False,False,1.0,0.94,False,False,-0.719,-0.817,0.62,0.86,0.17,False,1,-1.969,-2.095,-1.492,False,False,False,1.0,False,False,False,NONE,False,5,0.965,0.062,449.4,70.37,25,1,0.052,True,False,0.98,0.013,1,19.7,0.15,0.0,True,False,False,False,monthly,unknown,unknown,ord_scan_monthly.csv,33.0
CHE,3,3,0,422.16,False,False,,,,,,False,,False,True,0.93,1.0,False,False,-0.01,-0.019,1.1,1.22,0.88,False,1,-1.03,0.209,0.111,False,False,True,0.81,False,False,False,NONE,True,8,0.32,0.135,3.5,365.21,28,44,0.292,False,False,0.87,0.493,1,5.9,0.54,0.0,True,False,False,False,weekly,unknown,unknown,ord_scan_weekly.csv,33.0
PFGC,4,3,1,88.69,False,False,,,,,,False,,False,True,0.46,0.84,False,False,-0.071,-0.083,0.87,0.86,0.89,False,3,-0.054,-0.056,0.435,False,True,False,0.44,False,False,False,NONE,False,7,0.187,0.089,2.6,80.82,27,53,0.414,False,False,0.27,0.389,1,4.9,0.46,1.0,False,False,False,False,weekly,unknown,unknown,ord_scan_weekly.csv,33.0
ADUS,5,4,1,99.56,False,False,,,,,,False,,False,True,0.6,0.95,False,False,-0.038,-0.148,0.74,1.11,0.84,False,6,-0.245,0.048,-0.084,False,False,True,0.73,False,False,False,NONE,False,9,0.272,0.087,4.3,90.89,32,65,0.232,False,False,0.44,0.258,3,7.6,0.38,0.5,False,False,False,False,weekly,unknown,unknown,ord_scan_weekly.csv,33.0
PLMR,5,2,3,120.97,False,False,,,,,,False,,False,False,0.01,0.98,True,False,-0.166,0.443,0.75,0.8,0.69,False,5,0.91,-1.636,6.469,False,False,False,0.24,False,False,False,NONE,False,2,0.312,0.109,4.2,107.75,31,10,0.271,False,False,0.04,0.461,2,6.4,0.15,1.0,True,False,False,False,monthly,unknown,unknown,ord_scan_monthly.csv,33.0
APAM,1,1,0,37.55,False,False,,,,,,False,,False,False,0.62,0.92,False,False,-0.125,-0.089,0.92,1.23,0.84,False,8,0.441,-0.266,-0.447,False,False,True,0.81,False,False,False,NONE,False,9,0.167,0.068,3.0,34.99,19,53,0.463,False,False,0.39,0.26,1,4.4,0.38,0.5,False,False,False,False,weekly,unknown,unknown,ord_scan_weekly.csv,33.0
BJ,5,3,2,93.51,False,False,,,,,,False,,False,False,0.19,1.16,True,False,-0.205,0.236,0.86,0.85,0.77,False,9,-0.774,-1.44,4.089,False,False,False,0.75,False,False,False,NONE,False,8,0.228,0.073,4.0,86.68,28,18,0.258,False,False,0.08,0.44,3,9.5,0.08,0.0,False,False,False,False,monthly,unknown,unknown,ord_scan_monthly.csv,33.0
MANH,4,0,1,140.13,False,False,,,,,,False,0.92,False,False,0.74,0.95,False,False,-0.21,-0.44,0.77,0.99,0.45,False,1,0.17,1.638,2.187,True,False,False,0.92,False,False,False,NONE,True,7,0.552,0.15,8.2,119.06,15,4,0.346,False,False,0.7,0.109,10,4.8,0.23,0.0,True,False,False,False,monthly,unknown,unknown,ord_scan_monthly.csv,33.0
WGO,4,0,1,32.02,False,False,,,,,,False,,False,False,0.46,1.06,False,False,0.057,-0.535,0.94,0.76,0.52,False,1,0.01,0.849,1.137,True,False,False,0.79,False,False,False,NONE,False,7,0.59,0.138,10.4,27.61,28,3,0.167,True,False,0.4,0.122,3,8.8,0.31,0.33,True,False,False,False,monthly,unknown,unknown,ord_scan_monthly.csv,33.0
SHEN,4,2,2,16.29,False,False,,,,,,False,,True,False,0.23,0.91,False,False,0.477,-0.046,1.02,0.86,0.94,False,1,-1.761,2.429,1.65,False,True,False,0.2,False,False,False,NONE,False,8,0.568,0.412,3.2,9.58,36,3,0.814,True,False,0.2,0.562,1,1.0,0.54,1.0,True,False,False,False,monthly,unknown,unknown,ord_scan_monthly.csv,32.0
RXO,6,4,2,19.59,False,False,,,,,,False,,False,True,0.84,0.74,True,False,0.344,0.105,0.96,0.82,0.96,False,2,0.398,-0.045,-1.204,False,False,True,0.7,True,False,False,NONE,False,5,0.403,0.404,1.7,11.68,49,4,0.881,True,True,0.92,0.921,6,0.9,0.46,0.25,True,False,True,True,weekly,unknown,unknown,ord_scan_weekly.csv,32.0
BOX,6,6,0,25.01,False,False,NONE,0.94,0.44,True,True,True,0.86,False,True,0.56,1.02,False,False,-0.199,-0.117,0.99,1.06,0.64,False,2,-0.426,-2.273,1.449,False,False,True,0.97,False,False,False,NONE,True,8,0.355,0.147,3.8,21.34,22,5,0.322,False,False,0.36,0.21,1,5.2,0.31,1.0,True,False,False,False,monthly,unknown,unknown,ord_scan_monthly.csv,32.0
CLF,1,0,1,10.51,False,False,,,,,,False,,True,False,0.42,0.86,False,False,0.275,-0.538,1.05,0.72,0.63,False,1,2.229,-0.269,0.479,False,True,False,0.33,False,False,False,NONE,False,8,0.691,0.265,8.5,7.73,22,2,0.747,False,False,0.57,0.281,4,1.7,0.62,1.0,True,False,False,False,monthly,unknown,unknown,ord_scan_monthly.csv,32.0
OI,2,2,0,9.49,False,False,,,,,,False,,True,False,0.24,0.84,False,False,-0.25,-0.428,1.09,1.08,0.56,False,1,1.225,-2.458,1.093,False,False,True,0.34,False,False,False,NONE,False,8,0.626,0.157,10.7,8.0,30,2,0.265,False,False,0.42,0.156,3,6.6,0.31,0.8,True,False,False,False,monthly,unknown,unknown,ord_scan_monthly.csv,32.0
WKC,3,3,0,27.1,False,False,,,,,,False,,True,False,0.02,0.89,True,False,0.115,0.091,1.2,0.94,0.89,False,1,0.046,-0.197,1.834,False,False,True,0.44,False,False,False,NONE,False,10,0.297,0.187,2.3,22.02,30,25,0.678,False,False,0.02,0.678,2,2.5,0.46,1.0,False,False,False,False,monthly,unknown,unknown,ord_scan_monthly.csv,32.0
KLIC,10,2,5,86.33,False,False,,,,,,False,,False,False,0.7,1.32,True,True,1.729,0.789,1.8,1.01,0.96,False,1,1.941,1.759,0.35,True,False,False,0.63,True,False,False,NONE,False,0,0.036,0.642,0.1,30.93,58,2,0.893,True,True,0.62,0.949,6,0.6,0.54,1.0,True,False,True,True,monthly,unknown,unknown,ord_scan_monthly.csv,32.0
DNOW,3,3,0,13.41,False,False,,,,,,False,,True,False,0.06,1.08,True,False,-0.155,-0.118,0.92,1.6,0.73,False,2,-2.139,-0.966,0.514,False,False,True,0.44,False,False,False,NONE,False,12,0.277,0.185,2.1,10.94,24,3,0.391,False,False,0.06,0.329,2,4.1,0.46,0.0,True,False,False,False,monthly,unknown,unknown,ord_scan_monthly.csv,32.0
PAG,8,3,2,169.84,False,False,NONE,1.21,0.98,True,True,False,1.48,True,False,0.05,1.08,True,True,0.127,0.113,0.99,1.04,0.91,False,1,0.628,0.47,1.142,True,True,False,0.15,False,False,False,NONE,False,12,0.086,0.175,0.5,140.12,32,13,0.716,False,False,0.09,0.716,2,2.4,0.38,0.5,False,False,False,False,monthly,unknown,unknown,ord_scan_monthly.csv,32.0
PCRX,2,2,0,24.44,False,False,,,,,,False,,True,False,0.14,1.14,False,False,-0.091,-0.164,0.99,0.9,0.88,False,1,0.121,1.485,-0.312,False,False,True,0.32,False,False,False,NONE,False,11,0.703,0.231,10.2,18.8,21,4,0.677,False,False,0.08,0.647,4,2.0,0.38,0.0,True,False,False,False,monthly,unknown,unknown,ord_scan_monthly.csv,32.0
THO,4,3,1,78.18,False,False,,,,,,False,1.31,False,True,0.3,0.86,False,False,0.112,-0.3,1.05,0.83,0.64,False,2,-0.264,1.419,1.164,False,False,True,0.49,False,False,False,NONE,False,6,0.429,0.051,14.6,74.16,35,3,0.084,True,False,0.41,0.278,3,22.8,0.31,0.33,True,False,False,False,monthly,unknown,unknown,ord_scan_monthly.csv,32.0
VRE,13,4,9,18.96,False,False,,,,,,False,,False,False,0.93,1.58,True,True,0.253,0.333,0.17,0.87,1.0,False,10,-0.418,0.122,-0.046,False,False,False,0.98,False,False,False,NONE,False,0,0.004,0.015,0.3,18.68,56,97,0.988,True,True,0.65,0.986,2,1.1,0.69,0.5,True,False,False,False,weekly,unknown,unknown,ord_scan_weekly.csv,32.0
VRE,14,6,8,18.96,False,False,,,,,,False,,False,True,0.47,1.54,True,True,0.247,0.299,0.69,1.67,1.0,False,3,-0.757,-0.838,1.003,False,False,False,0.58,False,False,False,NONE,False,2,0.156,0.289,0.6,13.49,62,23,0.988,True,True,0.18,0.988,6,1.1,0.38,1.0,True,False,False,False,monthly,unknown,unknown,ord_scan_monthly.csv,32.0
CHEF,15,5,7,78.83,False,False,,,,,,False,,False,True,0.55,1.37,True,True,0.253,0.336,1.25,1.13,0.99,True,1,0.087,0.732,0.157,True,True,False,0.39,True,False,False,NONE,False,1,0.007,0.283,0.0,56.56,59,29,0.978,True,False,0.54,0.975,0,1.2,0.62,0.4,True,True,True,True,weekly,unknown,unknown,ord_scan_weekly.csv,32.0
PRAA,9,1,8,22.23,False,False,,,,,,False,,False,False,0.9,1.13,True,True,0.738,0.621,0.84,0.68,0.99,False,2,0.323,-0.197,-0.685,False,False,False,0.92,True,False,False,NONE,False,5,0.224,0.539,0.5,10.25,43,8,0.957,True,True,0.88,0.974,5,0.7,0.46,0.2,True,False,True,True,weekly,unknown,unknown,ord_scan_weekly.csv,32.0
ZION,4,2,2,63.26,False,False,,,,,,False,,False,False,0.14,0.95,True,False,0.064,0.233,0.98,0.91,0.96,False,4,1.101,0.043,-0.972,False,True,False,0.04,False,False,False,NONE,False,0,0.037,0.167,0.2,52.7,56,28,0.879,True,True,0.07,0.861,6,1.5,0.54,0.5,False,False,False,False,weekly,unknown,unknown,ord_scan_weekly.csv,32.0
ENPH,5,0,2,33.85,False,False,,,,,,False,,False,False,0.38,0.77,False,False,-0.241,-0.72,0.72,0.89,0.3,False,1,1.68,1.528,3.972,True,False,False,0.46,False,False,False,NONE,False,5,0.9,0.238,37.9,25.78,14,2,0.233,False,False,0.26,0.07,3,3.7,0.23,0.0,True,False,False,False,monthly,unknown,unknown,ord_scan_monthly.csv,32.0
NSIT,5,0,2,72.77,False,False,,,,,,False,1.1,False,False,0.78,0.9,False,False,-0.474,-0.608,0.67,0.92,0.32,False,1,1.212,1.759,0.426,True,False,False,0.96,False,False,False,NONE,False,5,0.681,0.126,17.0,63.62,16,3,0.283,False,False,0.76,0.056,3,6.1,0.15,0.0,True,False,False,False,monthly,unknown,unknown,ord_scan_monthly.csv,32.0
CXW,7,3,4,20.58,False,False,NONE,0.64,1.02,False,True,False,,True,False,0.2,0.99,True,False,0.111,0.111,0.78,0.77,0.98,False,4,0.383,-0.707,1.029,False,True,False,0.14,False,False,False,NONE,False,10,0.176,0.235,0.9,15.74,42,30,0.72,False,False,0.16,0.924,2,1.8,0.62,0.0,False,False,False,False,weekly,unknown,unknown,ord_scan_weekly.csv,32.0
DFIN,3,0,3,50.8,False,False,,,,,,False,,True,False,0.42,0.92,False,False,-0.018,0.106,0.7,0.85,0.9,False,3,-0.4,0.691,0.071,False,True,False,0.36,False,False,False,NONE,False,10,0.285,0.117,3.4,44.87,16,11,0.792,False,True,0.63,0.715,1,1.7,0.38,0.0,True,False,False,False,weekly,unknown,unknown,ord_scan_weekly.csv,32.0
CSL,4,1,0,357.04,False,False,,,,,,False,,False,False,0.54,1.17,True,False,0.05,0.105,1.05,0.93,0.83,False,1,0.127,0.069,0.087,True,False,False,0.54,False,False,False,NONE,False,10,0.246,0.091,3.6,324.44,17,22,0.419,False,False,0.56,0.463,1,4.6,0.31,1.0,False,False,False,False,weekly,unknown,unknown,ord_scan_weekly.csv,32.0
POR,3,3,0,49.73,False,False,,,,,,False,,False,False,0.57,0.8,True,False,-0.0,0.112,1.07,1.02,0.91,False,14,-0.438,-0.115,0.167,False,False,False,0.81,False,False,False,NONE,False,10,0.09,0.019,5.2,48.79,14,44,0.71,False,False,0.47,0.54,3,1.9,0.38,0.4,True,False,False,False,weekly,unknown,unknown,ord_scan_weekly.csv,32.0
PRA,8,4,4,24.66,False,False,,,,,,False,,False,False,0.09,1.1,True,True,0.018,0.03,1.21,1.42,0.99,False,58,0.302,-0.151,-0.234,False,False,False,0.19,False,False,False,NONE,False,2,0.008,0.079,0.1,22.72,48,58,0.98,True,False,0.06,0.81,3,4.9,0.31,0.6,True,False,False,False,weekly,unknown,unknown,ord_scan_weekly.csv,32.0
HMN,5,2,3,45.97,False,False,,,,,,False,,True,False,0.32,0.76,True,False,0.035,0.045,0.95,0.85,0.98,False,6,-0.327,-0.359,0.451,False,True,False,0.08,False,False,False,NONE,False,3,0.033,0.109,0.3,40.94,52,80,0.89,True,True,0.05,0.76,6,1.4,0.23,0.25,False,False,False,False,weekly,unknown,unknown,ord_scan_weekly.csv,32.0
WRLD,4,3,1,152.02,False,False,,,,,,False,,True,False,0.19,0.82,True,False,0.254,0.193,1.27,1.2,0.92,False,1,-0.144,1.276,-1.342,False,True,False,0.11,False,False,False,NONE,False,9,0.18,0.193,1.1,122.71,27,12,0.733,False,False,0.3,0.757,0,2.0,0.46,0.5,True,True,False,False,weekly,unknown,unknown,ord_scan_weekly.csv,32.0
RPM,1,1,0,101.34,False,False,,,,,,False,,False,False,0.61,1.28,False,False,-0.048,-0.063,1.22,1.01,0.84,False,3,-0.249,-0.369,0.347,False,False,True,0.63,False,False,False,NONE,False,9,0.265,0.088,4.1,92.45,35,72,0.214,False,False,0.66,0.31,3,8.3,0.31,0.5,True,False,False,False,weekly,unknown,unknown,ord_scan_weekly.csv,32.0
WFRD,7,1,3,109.49,False,False,,,,,,False,,False,False,0.3,0.84,True,True,1.688,-0.027,1.23,0.99,0.97,False,2,2.895,7.17,3.84,True,False,False,0.24,False,False,False,NONE,False,5,0.168,0.524,0.4,52.15,35,4,0.919,True,False,0.21,0.768,2,0.7,0.69,0.5,True,False,False,False,monthly,unknown,unknown,ord_scan_monthly.csv,32.0
ASTH,4,0,1,34.89,False,False,,,,,,False,,False,False,0.47,0.78,False,False,0.119,-0.169,0.75,1.09,0.55,False,1,7.414,5.531,3.001,True,False,False,0.61,False,False,False,NONE,False,5,0.738,0.482,5.9,18.08,28,1,0.958,True,False,0.28,0.373,3,0.7,0.31,1.0,True,False,False,False,monthly,unknown,unknown,ord_scan_monthly.csv,32.0
GRBK,1,1,0,66.27,False,False,,,,,,False,,False,False,0.36,1.26,False,False,-0.045,0.024,1.07,0.98,0.82,False,3,0.493,-0.263,0.762,False,False,False,0.43,False,False,False,NONE,False,8,0.217,0.08,3.5,60.97,27,47,0.391,False,False,0.18,0.284,1,5.1,0.31,0.5,False,False,False,False,weekly,unknown,unknown,ord_scan_weekly.csv,32.0
CLB,4,0,1,14.07,False,False,,,,,,False,,False,False,0.43,1.1,False,False,0.241,-0.172,0.93,0.78,0.65,False,1,1.55,0.08,0.031,True,False,False,0.66,False,False,False,NONE,False,7,0.885,0.311,24.8,9.7,26,3,0.094,True,False,0.35,0.285,4,2.9,0.23,0.0,True,False,False,False,monthly,unknown,unknown,ord_scan_monthly.csv,32.0
BANF,6,4,2,112.61,False,False,NONE,1.17,1.06,True,True,False,1.61,True,False,0.12,0.92,True,False,-0.028,0.33,0.85,0.96,0.82,False,7,-0.489,-0.252,1.723,False,False,True,0.62,False,False,False,NONE,False,8,0.178,0.103,2.1,101.02,35,13,0.414,False,False,0.16,0.583,2,5.7,0.15,1.0,False,False,False,False,monthly,unknown,unknown,ord_scan_monthly.csv,32.0
OZK,9,4,5,48.57,False,False,NONE,1.08,1.09,False,True,False,,True,False,0.05,0.85,True,True,0.197,0.165,0.71,0.96,0.93,False,6,-0.095,0.291,2.429,False,True,False,0.08,False,False,False,NONE,False,8,0.069,0.144,0.5,41.55,37,13,0.802,True,False,0.11,0.802,2,2.8,0.38,0.5,False,False,False,False,monthly,unknown,unknown,ord_scan_monthly.csv,32.0
CNXN,5,3,2,64.3,False,False,,,,,,False,,True,False,0.09,0.83,True,False,0.047,-0.008,0.82,0.76,0.86,False,3,-0.225,1.7,1.184,False,False,False,0.49,False,False,False,NONE,False,8,0.155,0.15,1.2,54.66,29,30,0.511,False,False,0.03,0.449,2,3.7,0.46,0.0,False,False,False,False,monthly,unknown,unknown,ord_scan_monthly.csv,32.0
GIII,7,3,4,31.54,False,False,NONE,1.26,1.02,True,True,False,2.16,True,False,0.02,0.73,True,True,0.259,0.095,0.83,0.77,0.88,False,2,2.61,1.818,-0.759,False,True,False,0.03,False,False,False,NONE,False,8,0.38,0.276,2.2,22.85,28,9,0.74,False,False,0.02,0.721,2,1.7,0.38,1.0,True,False,False,False,monthly,unknown,unknown,ord_scan_monthly.csv,32.0
EIG,2,1,1,41.92,False,False,NONE,0.87,0.83,False,True,False,,True,False,0.54,1.04,False,False,-0.032,0.117,0.93,0.86,0.91,False,6,-0.357,-0.341,0.327,False,True,False,0.26,False,False,False,NONE,False,11,0.198,0.101,2.5,37.7,21,60,0.442,False,False,0.65,0.615,0,3.5,0.38,0.0,False,False,False,False,weekly,unknown,unknown,ord_scan_weekly.csv,32.0
PRA,13,5,8,24.66,False,False,,,,,,False,,False,False,0.76,1.65,True,True,0.062,0.918,0.26,1.1,0.99,False,14,-0.325,-0.781,0.819,False,False,False,0.66,False,False,False,NONE,False,4,0.524,0.079,14.0,22.72,45,14,0.982,True,False,0.67,0.987,2,5.4,0.62,0.5,True,False,False,False,monthly,unknown,unknown,ord_scan_monthly.csv,32.0
DCH,2,0,2,5.71,False,False,,,,,,False,,False,False,0.93,1.08,False,False,-0.284,-0.079,0.72,0.68,0.62,False,4,1.124,-1.671,-0.111,False,False,False,0.94,False,False,False,NONE,False,6,0.383,0.112,5.5,5.07,16,10,0.274,False,False,0.88,0.153,2,6.3,0.15,1.0,True,False,False,False,weekly,unknown,unknown,ord_scan_weekly.csv,32.0
SFBS,3,1,2,79.91,False,False,NONE,0.96,1.08,False,True,False,,False,False,0.33,0.87,True,False,-0.019,0.149,0.82,0.89,0.9,False,4,0.825,-0.144,-0.803,False,False,False,0.39,False,False,False,NONE,False,4,0.19,0.118,2.0,70.49,20,72,0.5,False,False,0.21,0.607,4,3.0,0.31,0.0,False,False,False,False,weekly,unknown,unknown,ord_scan_weekly.csv,32.0
VVV,2,2,0,32.61,False,False,,,,,,False,,True,False,0.2,1.11,False,False,-0.048,-0.268,1.06,0.92,0.75,False,3,-1.467,-0.225,0.372,False,False,False,0.91,False,False,False,NONE,False,11,0.324,0.126,3.8,28.5,22,8,0.32,False,False,0.25,0.208,3,5.2,0.38,0.0,True,False,False,False,monthly,unknown,unknown,ord_scan_monthly.csv,32.0
BYD,9,3,6,84.5,False,False,,,,,,False,,False,False,0.03,1.1,True,True,0.233,0.284,0.88,0.82,0.94,False,11,1.541,-0.436,0.295,False,True,False,0.0,False,False,False,NONE,False,4,0.058,0.101,0.6,75.98,47,13,0.833,True,False,0.02,0.873,2,2.3,0.62,0.75,True,False,False,False,monthly,unknown,unknown,ord_scan_monthly.csv,32.0
CXM,3,3,0,5.19,False,False,NONE,1.33,0.6,True,True,False,1.77,False,True,0.24,0.9,False,False,-0.325,-0.577,0.92,1.19,0.54,False,1,-3.53,-5.614,1.656,False,False,False,0.61,False,False,False,NONE,False,4,0.804,0.092,44.9,4.72,45,4,0.153,True,False,0.16,0.058,5,12.1,0.46,0.0,True,False,False,False,monthly,unknown,unknown,ord_scan_monthly.csv,32.0
MTH,6,3,0,66.34,False,False,,,,,,False,,True,False,0.11,1.08,True,False,-0.001,-0.205,0.96,0.91,0.66,False,2,0.355,0.75,2.555,True,False,False,0.42,False,False,False,NONE,False,11,0.354,0.132,4.2,57.6,23,8,0.343,False,False,0.11,0.194,3,4.8,0.31,0.0,True,False,False,False,monthly,unknown,unknown,ord_scan_monthly.csv,32.0
FELE,4,3,1,99.44,False,False,,,,,,False,,True,False,0.05,0.97,True,True,0.184,-0.049,1.05,1.12,0.89,False,3,-0.561,0.538,0.932,False,False,False,0.47,False,False,False,NONE,False,7,0.106,0.104,1.1,89.07,24,13,0.645,False,False,0.13,0.645,2,2.7,0.46,1.0,True,False,False,False,monthly,unknown,unknown,ord_scan_monthly.csv,31.0
SR,3,2,1,90.41,False,False,,,,,,False,,False,False,0.68,0.96,True,False,0.08,0.067,0.99,0.92,0.95,False,11,-0.606,0.098,0.424,False,False,False,0.69,False,False,False,NONE,False,5,0.051,0.031,1.8,87.62,38,64,0.838,True,False,0.31,0.683,3,1.5,0.62,0.6,True,False,False,False,weekly,unknown,unknown,ord_scan_weekly.csv,31.0
CTKB,4,1,3,4.62,False,False,,,,,,False,,False,False,0.17,1.08,False,False,0.245,-0.311,0.7,0.68,0.61,False,2,-2.459,-1.339,-2.847,False,False,False,0.05,False,False,False,NONE,True,7,0.839,0.29,18.0,3.28,8,4,0.321,False,False,0.28,0.428,2,2.6,0.46,0.0,True,False,False,False,monthly,unknown,unknown,ord_scan_monthly.csv,31.0
CFR,9,6,3,140.36,False,False,,,,,,True,0.85,False,False,0.16,0.95,True,True,0.026,0.157,0.91,0.99,0.95,False,6,0.055,0.104,-0.199,False,False,False,0.3,False,False,False,NONE,False,5,0.051,0.083,0.6,128.65,34,55,0.85,True,False,0.11,0.752,0,1.6,0.46,0.33,True,False,False,False,weekly,unknown,unknown,ord_scan_weekly.csv,31.0
PTEN,6,2,1,11.99,False,False,,,,,,False,,False,False,0.62,1.22,True,False,1.244,0.098,1.36,0.91,0.97,False,1,2.322,0.356,0.79,True,False,False,0.54,False,False,False,NONE,False,4,0.42,0.591,1.2,4.9,49,2,0.894,True,True,0.42,0.943,8,0.6,0.54,0.67,True,False,False,False,monthly,unknown,unknown,ord_scan_monthly.csv,31.0
ACLS,7,1,3,139.99,False,False,,,,,,False,,False,False,0.61,1.13,True,False,1.858,0.255,1.37,1.0,0.95,False,1,1.99,1.002,0.311,True,False,False,0.53,True,False,False,NONE,False,8,0.304,0.531,0.8,65.64,31,1,0.858,True,False,0.58,0.842,3,0.9,0.46,0.5,True,False,True,False,monthly,unknown,unknown,ord_scan_monthly.csv,31.0
PEGA,0,0,0,36.2,False,False,,,,,,False,,False,False,0.85,0.83,False,False,-0.171,-0.431,1.02,1.18,0.57,False,1,0.992,-0.836,-0.858,False,False,False,0.92,False,False,False,NONE,False,5,0.468,0.051,17.1,34.34,24,13,0.109,True,False,0.79,0.063,2,17.3,0.38,0.0,True,False,False,False,weekly,unknown,unknown,ord_scan_weekly.csv,31.0
VIAV,7,3,4,55.33,False,False,,,,,,False,,False,False,0.94,2.08,True,True,4.23,5.087,2.56,1.52,0.92,False,1,2.503,4.358,-2.738,False,False,False,0.94,True,False,False,NONE,False,2,0.084,0.826,0.1,9.62,56,1,0.813,True,True,0.84,0.905,9,0.7,0.62,1.0,True,False,True,True,monthly,unknown,unknown,ord_scan_monthly.csv,31.0
SGI,7,1,3,75.58,False,False,,,,,,False,1.26,False,False,0.3,1.19,True,False,0.248,0.354,1.19,0.82,0.77,False,2,1.765,0.474,1.382,True,False,False,0.14,False,False,False,NONE,False,6,0.232,0.085,3.6,69.16,27,10,0.271,False,False,0.3,0.578,3,8.4,0.31,0.43,True,False,False,False,monthly,unknown,unknown,ord_scan_monthly.csv,31.0
TGTX,10,3,4,33.85,False,False,,,,,,False,,True,False,0.01,1.14,True,False,-0.256,1.226,0.63,0.74,0.73,False,2,4.987,0.013,1.194,True,False,False,0.01,False,False,False,NONE,False,6,0.403,0.253,2.7,25.28,27,2,0.61,False,False,0.01,0.624,2,1.9,0.31,1.0,True,False,False,False,monthly,unknown,unknown,ord_scan_monthly.csv,31.0
FOUR,2,0,2,45.21,False,False,,,,,,False,,False,False,0.91,0.8,False,False,-0.447,-0.316,0.68,0.98,0.35,False,1,0.555,-1.704,0.863,False,False,False,1.0,False,False,False,NONE,False,3,0.645,0.117,15.5,39.9,23,3,0.244,False,False,0.8,0.061,10,7.2,0.23,0.0,True,False,False,False,monthly,unknown,unknown,ord_scan_monthly.csv,31.0
BILL,2,0,2,39.07,False,False,,,,,,False,1.06,False,False,0.64,1.02,False,False,-0.143,-0.431,0.75,0.81,0.39,False,2,1.884,-1.177,0.341,False,False,False,0.85,False,False,False,NONE,False,3,0.888,0.119,66.8,34.44,24,3,0.259,False,False,0.19,0.07,5,6.7,0.38,0.0,True,False,False,False,monthly,unknown,unknown,ord_scan_monthly.csv,31.0
WH,4,4,0,80.84,False,False,,,,,,False,,False,True,0.52,1.1,True,False,0.117,0.113,1.03,0.96,0.89,False,4,0.051,-0.234,-0.123,False,True,False,0.48,False,False,False,NONE,False,10,0.267,0.114,3.2,71.66,21,60,0.322,False,False,0.55,0.565,1,5.2,0.38,0.2,False,False,False,False,weekly,unknown,unknown,ord_scan_weekly.csv,31.0
STWD,9,6,3,18.3,False,False,,,,,,False,,False,True,0.31,0.94,True,False,0.05,0.063,1.1,0.79,0.99,False,30,0.08,-0.406,-0.142,False,True,False,0.02,False,False,False,NONE,False,4,0.06,0.102,0.6,16.43,42,130,0.807,True,False,0.14,0.912,4,1.8,0.31,0.0,False,False,False,False,weekly,unknown,unknown,ord_scan_weekly.csv,31.0
ACAD,3,2,1,21.95,False,False,,,,,,False,,False,False,0.44,1.25,False,False,-0.127,-0.033,0.72,1.09,0.77,False,6,0.273,-0.114,-0.196,False,False,False,0.45,False,False,False,NONE,False,10,0.226,0.094,3.1,19.89,20,18,0.243,False,False,0.24,0.243,0,7.2,0.31,0.0,True,False,False,False,weekly,unknown,unknown,ord_scan_weekly.csv,31.0
MTDR,8,4,1,62.36,False,False,,,,,,False,,False,True,0.49,1.0,True,False,0.627,-0.02,1.13,0.93,0.93,False,1,2.674,0.354,1.983,True,False,False,0.44,False,False,False,NONE,False,3,0.098,0.415,0.3,36.51,37,3,0.816,True,False,0.25,0.84,4,1.1,0.54,1.0,True,False,False,False,monthly,unknown,unknown,ord_scan_monthly.csv,31.0
AAON,5,1,1,93.59,False,False,,,,,,False,,False,False,0.48,0.84,True,True,0.029,-0.047,1.2,0.9,0.83,False,1,0.267,0.022,0.479,True,False,False,0.55,False,False,False,NONE,False,6,0.346,0.18,2.9,76.78,13,8,0.467,False,False,0.52,0.48,1,3.3,0.46,1.0,True,False,False,False,weekly,unknown,unknown,ord_scan_weekly.csv,31.0
HCI,7,1,3,152.3,False,False,,,,,,False,0.59,False,False,0.41,0.97,True,False,0.051,0.345,0.96,0.9,0.73,False,2,2.08,1.01,0.963,True,False,False,0.3,False,False,False,NONE,False,3,0.273,0.111,3.4,135.36,21,9,0.229,False,False,0.52,0.552,2,7.7,0.46,0.67,True,False,False,False,monthly,unknown,unknown,ord_scan_monthly.csv,31.0
VRRM,3,3,0,14.89,False,False,,,,,,False,0.78,False,True,0.72,0.71,False,False,-0.317,-0.404,1.0,1.06,0.53,False,2,-1.735,-0.033,1.034,False,False,False,1.0,False,False,False,NONE,False,4,0.52,0.071,15.3,13.84,32,4,0.11,True,False,0.68,0.061,4,17.1,0.46,0.0,True,False,False,False,monthly,unknown,unknown,ord_scan_monthly.csv,31.0
OPCH,2,1,1,20.03,False,False,,,,,,False,,False,False,0.22,1.06,False,False,-0.38,-0.403,1.22,0.88,0.54,False,1,1.375,-0.17,1.405,False,False,False,0.36,False,False,False,NONE,False,5,0.456,0.101,8.3,18.01,37,1,0.171,True,False,0.2,0.108,4,10.7,0.31,0.0,True,False,False,False,monthly,unknown,unknown,ord_scan_monthly.csv,31.0
GNTX,4,0,1,22.75,False,False,,,,,,False,,False,False,0.3,0.99,False,False,0.072,-0.343,0.88,0.88,0.75,False,3,0.525,0.455,0.198,True,False,False,0.7,False,False,False,NONE,False,5,0.369,0.105,5.6,20.36,20,13,0.326,False,False,0.11,0.197,2,6.4,0.23,0.0,False,False,False,False,monthly,unknown,unknown,ord_scan_monthly.csv,31.0
PMT,5,3,2,12.33,False,False,,,,,,False,,True,False,0.09,0.68,True,True,0.128,0.109,0.97,1.1,0.92,False,4,-1.58,0.587,0.634,False,False,False,0.59,False,False,False,NONE,False,5,0.076,0.147,0.6,10.51,37,30,0.748,False,False,0.13,0.695,2,2.2,0.38,1.0,True,False,False,False,monthly,unknown,unknown,ord_scan_monthly.csv,31.0
CNK,4,1,0,27.62,False,False,,,,,,False,,False,False,0.5,1.03,True,False,0.17,0.029,0.97,0.92,0.89,False,3,0.204,0.019,0.399,True,False,False,0.55,False,False,False,NONE,False,8,0.227,0.094,3.1,25.01,9,18,0.628,False,False,0.37,0.638,3,2.2,0.46,0.6,True,False,False,False,weekly,unknown,unknown,ord_scan_weekly.csv,31.0
TREX,6,0,3,38.79,False,False,,,,,,False,,False,False,0.61,0.94,False,False,-0.329,-0.611,0.67,0.9,0.48,False,1,1.21,0.652,1.714,True,False,False,0.86,False,False,False,NONE,False,5,0.725,0.233,11.3,29.77,8,6,0.493,False,False,0.51,0.129,2,3.1,0.15,0.0,True,False,False,False,monthly,unknown,unknown,ord_scan_monthly.csv,31.0
MCW,6,4,2,7.05,False,False,,,,,,False,,False,True,0.29,1.27,False,False,0.028,-0.09,0.6,1.25,0.82,False,3,-3.241,-0.681,-3.094,False,False,False,0.37,False,False,False,NONE,False,5,0.712,0.346,7.1,4.61,42,6,0.954,True,True,0.18,0.612,7,1.0,0.38,0.0,True,False,False,False,monthly,unknown,unknown,ord_scan_monthly.csv,31.0
DXC,0,0,0,11.88,False,False,,,,,,False,,False,False,0.85,1.04,False,False,-0.177,-0.163,1.15,1.28,0.76,False,1,-0.26,-1.014,-0.435,False,False,True,0.77,False,False,False,NONE,False,6,0.522,0.068,16.0,11.07,34,42,0.151,True,False,0.62,0.176,1,12.3,0.38,0.0,True,False,False,False,weekly,unknown,unknown,ord_scan_weekly.csv,31.0
HZO,5,2,0,29.68,False,False,,,,,,False,,True,False,0.21,0.91,False,False,0.383,-0.108,0.91,1.01,0.84,False,2,1.991,0.24,0.262,True,True,False,0.35,False,False,False,NONE,False,10,0.581,0.279,5.0,21.41,19,6,0.781,False,False,0.39,0.601,2,1.6,0.38,0.5,True,False,False,False,monthly,unknown,unknown,ord_scan_monthly.csv,31.0
TMHC,3,3,0,60.39,False,False,,,,,,False,,True,False,0.01,1.06,True,False,0.053,-0.029,0.96,0.94,0.8,False,3,-0.338,-0.155,0.464,False,False,True,0.39,False,False,False,NONE,False,13,0.2,0.085,2.9,55.26,25,17,0.383,False,False,0.03,0.36,1,4.2,0.23,0.0,False,False,False,False,monthly,unknown,unknown,ord_scan_monthly.csv,31.0
QRVO,5,3,2,93.5,False,False,NONE,0.97,0.93,True,True,False,0.95,True,False,0.24,1.25,False,False,0.305,-0.186,0.74,0.54,0.87,False,1,-0.03,-1.59,0.606,False,True,False,0.01,False,False,False,NONE,False,11,0.536,0.199,5.8,74.92,21,12,0.657,False,False,0.46,0.54,2,2.7,0.46,1.0,True,False,False,False,monthly,unknown,unknown,ord_scan_monthly.csv,31.0
SIGI,2,2,0,82.08,False,False,,,,,,False,,True,False,0.1,0.91,False,False,-0.04,-0.221,0.96,1.02,0.82,False,3,-0.64,-0.031,1.131,False,False,False,0.75,False,False,False,NONE,False,9,0.224,0.114,2.5,72.7,22,18,0.38,False,False,0.09,0.331,2,4.3,0.46,0.0,False,False,False,False,monthly,unknown,unknown,ord_scan_monthly.csv,31.0
HOPE,8,4,4,12.59,False,False,,,,,,False,,False,True,0.15,0.95,True,True,0.331,0.208,0.96,0.92,0.93,False,2,1.448,-0.455,0.529,False,False,False,0.23,False,False,False,NONE,False,1,0.123,0.279,0.5,9.08,41,9,0.891,True,False,0.19,0.823,2,1.2,0.54,0.75,True,False,True,False,monthly,unknown,unknown,ord_scan_monthly.csv,31.0
AHCO,6,3,3,13.17,False,False,,,,,,False,,True,False,0.18,0.81,True,False,0.548,0.144,0.97,0.85,0.98,False,2,1.387,-3.889,1.886,False,True,False,0.09,False,False,False,NONE,False,9,0.683,0.354,6.1,8.51,46,2,0.947,True,False,0.19,0.963,3,1.0,0.31,0.5,True,False,False,False,monthly,unknown,unknown,ord_scan_monthly.csv,31.0
GSHD,1,0,1,43.52,False,False,,,,,,False,,False,False,0.63,0.92,False,False,-0.552,-0.31,0.83,1.18,0.34,False,1,1.731,-0.814,2.45,False,False,False,0.89,False,False,False,NONE,False,4,0.746,0.089,33.0,39.64,34,3,0.143,True,False,0.49,0.044,5,13.0,0.15,0.0,True,False,False,False,monthly,unknown,unknown,ord_scan_monthly.csv,31.0
CNXC,4,3,1,24.53,False,False,,,,,,False,,False,True,0.54,0.89,False,False,-0.499,-0.604,0.8,1.32,0.39,False,1,-3.187,-3.01,0.372,False,False,False,0.62,False,False,False,NONE,False,4,0.872,0.081,83.8,22.54,32,2,0.162,True,False,0.65,0.04,4,11.3,0.31,0.0,True,False,False,False,monthly,unknown,unknown,ord_scan_monthly.csv,31.0
FND,1,0,1,50.57,False,False,,,,,,False,,False,False,0.78,0.87,False,False,-0.292,-0.61,0.81,1.04,0.41,False,2,0.571,-1.111,0.672,False,False,False,0.99,False,False,False,NONE,False,4,0.653,0.081,23.2,46.47,29,2,0.189,True,False,0.73,0.049,4,9.6,0.23,0.0,True,False,False,False,monthly,unknown,unknown,ord_scan_monthly.csv,31.0
SSB,7,3,4,97.48,False,False,,,,,,False,,True,False,0.03,1.16,True,True,0.152,0.202,0.85,0.9,0.88,False,3,-0.463,-0.413,1.295,False,False,True,0.46,False,False,False,NONE,False,8,0.116,0.144,0.9,83.43,31,17,0.655,False,False,0.12,0.698,2,2.1,0.38,0.5,True,False,False,False,monthly,unknown,unknown,ord_scan_monthly.csv,30.0
WBS,12,4,8,72.22,False,False,NONE,1.38,0.55,False,True,False,,False,False,0.12,0.97,True,True,0.104,0.282,0.8,0.83,0.98,False,12,0.658,0.235,-0.636,False,False,False,0.27,False,False,False,NONE,False,0,0.024,0.071,0.3,67.06,58,44,0.924,True,True,0.01,0.914,2,1.3,0.38,1.0,True,False,False,False,weekly,unknown,unknown,ord_scan_weekly.csv,30.0
CAR,8,3,2,185.55,False,False,,,,,,False,,True,False,0.74,2.84,True,False,1.003,0.515,2.61,1.44,0.22,False,1,1.695,2.462,0.451,True,True,False,0.68,False,False,False,NONE,False,7,0.781,0.537,6.6,85.96,45,1,0.055,True,False,0.92,0.166,3,13.7,0.38,1.0,True,False,False,False,monthly,unknown,unknown,ord_scan_monthly.csv,30.0
WDFC,0,0,0,211.06,False,False,,,,,,False,,False,False,0.81,0.99,False,False,-0.083,0.097,0.99,1.2,0.84,False,2,-0.168,-0.123,-0.297,False,False,False,0.81,False,False,False,NONE,False,8,0.258,0.064,5.4,197.56,9,16,0.478,False,False,0.94,0.478,1,4.9,0.31,1.0,False,False,False,False,weekly,unknown,unknown,ord_scan_weekly.csv,30.0
SLVM,4,3,1,43.65,False,False,NONE,0.82,1.6,True,True,True,0.86,False,False,0.52,1.1,False,False,-0.098,0.097,0.85,1.0,0.78,False,5,0.054,-0.019,0.413,False,False,True,0.53,False,False,False,NONE,False,10,0.531,0.159,7.1,36.69,14,11,0.357,False,False,0.6,0.357,1,4.6,0.46,1.0,True,False,False,False,weekly,unknown,unknown,ord_scan_weekly.csv,30.0
DXC,1,0,1,11.88,False,False,,,,,,False,,False,False,0.74,0.76,False,False,-0.235,-0.44,0.83,1.17,0.48,False,1,0.287,0.074,-0.437,False,False,False,0.91,False,False,False,NONE,False,5,0.872,0.068,99.6,11.07,23,10,0.151,True,False,0.67,0.059,1,12.3,0.46,0.0,True,False,False,False,monthly,unknown,unknown,ord_scan_monthly.csv,30.0
KW,11,2,9,10.88,False,False,,,,,,False,,False,False,0.38,1.0,True,True,0.117,0.473,0.35,0.69,1.0,False,11,0.047,0.253,-1.172,False,False,False,0.57,False,False,False,NONE,False,0,0.007,0.016,0.4,10.7,44,25,0.989,True,True,0.04,0.989,3,2.3,0.54,0.67,True,False,False,False,weekly,unknown,unknown,ord_scan_weekly.csv,30.0
ST,4,1,3,42.19,False,False,,,,,,False,,False,False,0.9,0.91,True,False,1.002,0.183,1.01,0.97,0.99,False,1,-0.295,0.414,-1.403,False,True,False,0.56,False,False,False,NONE,False,6,0.322,0.337,1.4,27.96,33,6,0.975,True,False,0.85,0.986,2,1.1,0.62,0.75,True,False,True,False,monthly,unknown,unknown,ord_scan_monthly.csv,30.0
STAG,9,5,4,38.58,False,False,NONE,0.83,0.9,False,True,False,,True,False,0.1,0.87,True,True,0.218,0.093,0.91,0.86,0.96,False,12,-0.857,0.647,0.528,False,True,False,0.21,False,False,False,NONE,False,6,0.043,0.15,0.3,32.81,45,13,0.888,True,False,0.27,0.888,2,2.0,0.54,0.6,True,False,False,False,monthly,unknown,unknown,ord_scan_monthly.csv,30.0
CSR,7,4,3,68.38,False,False,,,,,,False,,False,True,0.33,1.08,True,False,0.078,0.183,1.12,1.03,0.99,False,3,-0.247,-0.062,-0.327,False,True,False,0.02,False,False,False,NONE,False,1,0.03,0.184,0.2,55.78,57,110,0.902,True,True,0.26,0.942,6,1.3,0.54,0.67,False,False,True,False,weekly,unknown,unknown,ord_scan_weekly.csv,30.0
CRUS,13,4,6,164.24,False,False,,,,,,False,,False,True,0.28,1.12,True,True,0.71,0.774,1.21,0.88,0.93,False,1,1.143,1.969,0.592,True,True,False,0.05,True,False,False,NONE,False,4,0.066,0.44,0.2,92.02,51,4,0.807,True,False,0.31,0.885,4,1.0,0.69,0.6,True,False,True,False,monthly,unknown,unknown,ord_scan_monthly.csv,30.0
CNR,2,2,0,87.02,False,False,,,,,,False,,False,False,0.13,1.01,True,False,0.211,0.051,1.01,0.9,0.65,False,1,5.431,-4.079,4.122,False,False,False,0.29,False,False,False,NONE,False,4,0.348,0.213,2.5,68.51,22,5,0.273,False,False,0.11,0.386,3,3.5,0.31,0.5,True,False,False,False,monthly,unknown,unknown,ord_scan_monthly.csv,30.0
IIPR,9,5,4,54.49,False,False,,,,,,False,,False,True,0.22,1.36,True,True,0.172,0.174,1.06,0.97,0.94,False,2,0.031,-0.706,-0.73,False,False,True,0.31,False,False,False,NONE,False,5,0.511,0.199,5.2,43.63,53,55,0.817,True,False,0.18,0.795,4,1.6,0.31,1.0,True,False,False,False,weekly,unknown,unknown,ord_scan_weekly.csv,30.0
TTC,8,4,1,94.07,False,False,,,,,,False,,False,True,0.38,1.05,True,False,0.405,0.07,1.08,0.83,0.9,False,4,0.064,0.19,1.402,True,False,False,0.43,False,False,False,NONE,False,8,0.154,0.288,0.6,67.02,24,5,0.704,False,True,0.43,0.755,6,1.7,0.38,0.67,True,False,False,False,monthly,unknown,unknown,ord_scan_monthly.csv,30.0
EVTC,3,2,1,29.2,False,False,,,,,,False,,True,False,0.23,1.08,False,False,-0.025,0.027,0.97,0.71,0.93,False,2,-0.368,-0.633,-0.004,False,True,False,0.17,False,False,False,NONE,False,12,0.24,0.147,2.2,24.91,23,35,0.361,False,True,0.48,0.645,2,4.5,0.31,0.0,False,False,False,False,weekly,unknown,unknown,ord_scan_weekly.csv,30.0
STC,3,3,0,69.1,False,False,NONE,1.02,0.96,True,True,False,1.04,True,False,0.05,0.97,True,False,0.088,0.135,0.97,1.04,0.89,False,1,-0.324,-0.345,1.753,False,True,False,0.19,False,False,False,NONE,False,9,0.107,0.18,0.7,56.65,28,27,0.666,False,False,0.11,0.63,2,2.3,0.46,0.33,True,False,False,False,monthly,unknown,unknown,ord_scan_monthly.csv,30.0
LZB,9,4,2,35.14,False,False,,,,,,False,,False,True,0.26,1.07,True,False,-0.088,-0.018,0.81,0.72,0.75,False,3,0.374,0.087,1.013,True,False,False,0.71,False,False,False,NONE,False,7,0.251,0.184,1.8,28.66,15,12,0.439,False,False,0.24,0.355,1,3.6,0.31,0.0,True,False,False,False,monthly,unknown,unknown,ord_scan_monthly.csv,30.0
TRIP,4,2,2,11.56,False,False,,,,,,False,,True,False,0.22,0.94,False,False,-0.071,-0.584,0.67,1.0,0.57,False,2,-1.579,-0.549,0.314,False,False,True,0.43,False,False,False,NONE,False,8,0.822,0.221,20.9,9.01,17,3,0.559,False,False,0.41,0.13,2,2.6,0.23,0.5,True,False,False,False,monthly,unknown,unknown,ord_scan_monthly.csv,30.0
MGEE,6,5,1,80.6,False,False,,,,,,False,,False,True,0.37,0.86,True,False,-0.089,0.068,0.74,0.98,0.76,False,10,-1.189,-0.762,1.745,False,False,False,0.85,False,False,False,NONE,False,7,0.239,0.105,3.0,72.17,18,17,0.274,False,False,0.59,0.302,3,6.3,0.23,0.0,True,False,False,False,monthly,unknown,unknown,ord_scan_monthly.csv,30.0
EXP,2,0,2,210.82,False,False,,,,,,False,,False,False,0.71,1.04,False,False,0.036,-0.005,0.83,0.83,0.87,False,3,0.378,-0.046,-0.26,False,False,True,0.74,False,False,False,NONE,False,5,0.341,0.185,2.8,171.76,23,62,0.457,False,True,0.73,0.554,6,3.4,0.46,0.0,True,False,False,False,weekly,unknown,unknown,ord_scan_weekly.csv,30.0
KRG,8,3,5,26.34,False,False,,,,,,False,,False,False,0.62,0.98,True,True,0.134,0.225,1.15,1.03,0.98,False,12,-0.129,0.119,0.031,False,False,False,0.62,False,False,False,NONE,False,0,0.018,0.096,0.2,23.81,57,55,0.95,True,True,0.21,0.917,5,1.4,0.54,0.57,True,False,False,False,weekly,unknown,unknown,ord_scan_weekly.csv,30.0
CSL,7,3,1,357.04,False,False,,,,,,False,,True,False,0.24,0.79,True,False,-0.048,-0.069,1.05,0.84,0.75,False,3,0.595,0.093,0.748,True,False,False,0.91,False,False,False,NONE,False,9,0.246,0.183,1.8,291.62,16,6,0.467,False,False,0.37,0.36,3,3.3,0.31,0.0,True,False,False,False,monthly,unknown,unknown,ord_scan_monthly.csv,30.0
FBIN,1,0,1,39.91,False,False,,,,,,False,,False,False,1.0,0.86,False,False,-0.259,-0.206,0.71,0.95,0.62,False,3,0.161,-0.559,-0.794,False,False,False,1.0,False,False,False,NONE,False,4,0.547,0.096,12.6,36.07,19,8,0.217,False,False,0.99,0.135,4,8.2,0.38,0.5,True,False,False,False,weekly,unknown,unknown,ord_scan_weekly.csv,30.0
TNC,3,3,0,82.78,False,False,,,,,,False,,True,False,0.23,1.15,True,False,0.167,-0.299,1.26,1.3,0.89,False,1,-0.2,0.564,-0.041,False,False,False,0.79,False,False,False,NONE,False,9,0.313,0.275,1.7,60.02,33,14,0.867,True,False,0.29,0.376,3,1.3,0.46,1.0,True,False,False,False,monthly,unknown,unknown,ord_scan_monthly.csv,30.0
CUZ,4,3,1,25.69,False,False,,,,,,False,,True,False,0.18,0.76,True,False,-0.01,0.192,1.05,1.16,0.85,False,2,-0.754,-0.092,0.156,False,False,False,0.89,False,False,False,NONE,True,9,0.245,0.193,1.7,20.73,17,15,0.563,False,False,0.2,0.577,3,2.6,0.54,0.0,True,False,False,False,monthly,unknown,unknown,ord_scan_monthly.csv,30.0
PRVA,5,3,2,24.85,False,False,,,,,,False,,True,False,0.18,1.05,True,False,0.07,0.023,0.96,1.13,0.98,False,2,-0.659,-0.175,0.005,False,True,False,0.0,False,False,False,NONE,False,7,0.063,0.214,0.3,19.53,44,77,0.793,False,True,0.13,0.762,5,1.6,0.46,1.0,False,False,False,False,weekly,unknown,unknown,ord_scan_weekly.csv,30.0
CNH,4,3,1,10.48,False,False,,,,,,False,,True,False,0.13,1.21,False,False,-0.077,-0.142,1.1,0.86,0.73,False,2,0.344,-1.028,-1.188,False,False,True,0.66,False,False,False,NONE,False,10,0.364,0.141,4.1,9.0,29,4,0.31,False,False,0.12,0.281,3,4.7,0.23,1.0,True,False,False,False,monthly,unknown,unknown,ord_scan_monthly.csv,30.0
SONO,4,3,1,14.84,False,False,,,,,,True,0.85,False,False,0.32,0.86,False,False,0.611,-0.221,1.01,0.74,0.75,False,2,-0.409,1.064,-1.524,False,True,False,0.15,False,False,False,NONE,True,10,0.668,0.319,6.3,10.11,5,4,0.386,False,False,0.42,0.591,2,2.1,0.46,0.25,True,False,False,False,monthly,unknown,unknown,ord_scan_monthly.csv,30.0
KFY,5,4,1,66.52,False,False,,,,,,False,,True,False,0.01,0.83,True,False,0.11,0.071,0.81,1.03,0.86,False,7,1.51,0.801,-0.29,False,False,True,0.33,False,False,False,NONE,False,10,0.145,0.121,1.4,58.44,29,28,0.577,False,False,0.01,0.474,3,3.1,0.46,0.0,False,False,False,False,monthly,unknown,unknown,ord_scan_monthly.csv,30.0
CNX,11,2,6,37.88,False,False,,,,,,False,,False,False,0.12,0.91,True,True,0.287,0.597,0.81,0.81,0.87,False,4,1.269,0.285,1.092,True,True,False,0.14,False,False,False,NONE,False,3,0.132,0.268,0.6,27.72,23,8,0.615,False,False,0.03,0.724,2,2.0,0.54,0.67,True,False,False,False,monthly,unknown,unknown,ord_scan_monthly.csv,30.0
TOL,3,2,1,139.84,False,False,,,,,,False,,False,False,0.3,1.24,True,False,-0.03,0.04,0.97,0.87,0.83,False,3,0.989,-0.032,-0.285,False,False,False,0.39,False,False,False,NONE,False,7,0.168,0.073,2.8,129.68,25,39,0.449,False,False,0.16,0.368,1,4.3,0.38,1.0,False,False,False,False,weekly,unknown,unknown,ord_scan_weekly.csv,30.0
FELE,1,1,0,99.44,False,False,,,,,,False,,False,False,0.55,0.89,True,False,0.001,0.055,1.05,0.99,0.89,False,3,0.013,-0.362,0.059,False,True,False,0.49,False,False,False,NONE,True,7,0.108,0.1,1.2,89.54,23,52,0.64,False,False,0.6,0.456,0,2.7,0.46,1.0,False,True,False,False,weekly,unknown,unknown,ord_scan_weekly.csv,30.0
AMR,6,2,1,182.37,False,False,,,,,,False,,False,False,0.09,1.33,False,False,0.503,-0.449,1.09,0.83,0.72,False,2,5.183,2.564,5.811,True,False,False,0.11,False,False,False,NONE,False,5,0.597,0.38,3.9,113.0,25,2,0.353,False,False,0.03,0.322,2,1.8,0.54,0.5,True,False,False,False,monthly,unknown,unknown,ord_scan_monthly.csv,30.0
ITGR,4,2,2,84.03,False,False,,,,,,False,,True,False,0.11,0.7,False,False,-0.033,0.301,1.17,0.78,0.84,False,1,-0.492,0.141,-0.259,False,True,False,0.48,False,False,False,NONE,False,7,0.426,0.083,8.9,77.05,24,20,0.482,False,False,0.66,0.559,2,4.0,0.31,1.0,False,True,False,False,weekly,unknown,unknown,ord_scan_weekly.csv,30.0
BURL,13,4,6,318.0,False,False,NONE,0.8,0.95,False,True,False,,False,True,0.11,1.05,True,True,0.413,0.37,0.78,0.66,0.9,False,4,1.977,0.53,0.671,True,True,False,0.13,False,False,False,NONE,False,5,0.11,0.244,0.5,240.49,25,5,0.696,False,False,0.03,0.809,2,1.9,0.31,0.25,True,False,False,False,monthly,unknown,unknown,ord_scan_monthly.csv,30.0
MHO,4,4,0,130.09,False,False,,,,,,False,,False,True,0.25,1.23,False,False,-0.027,0.039,0.99,1.06,0.86,False,2,1.115,-0.538,-0.048,False,False,True,0.24,False,False,False,NONE,False,8,0.262,0.102,3.5,116.78,33,42,0.399,False,False,0.22,0.376,3,4.4,0.46,1.0,False,False,False,False,weekly,unknown,unknown,ord_scan_weekly.csv,30.0
UNM,6,3,3,80.84,False,False,,,,,,False,,True,False,0.17,0.94,True,False,0.077,0.114,0.99,0.91,0.99,True,4,-0.077,0.198,0.867,False,True,False,0.05,False,False,False,NONE,False,3,0.015,0.151,0.1,68.61,59,82,0.954,True,False,0.14,0.921,4,1.2,0.46,0.5,True,False,False,False,weekly,unknown,unknown,ord_scan_weekly.csv,30.0
VRTS,0,0,0,136.0,False,False,,,,,,False,,False,False,0.71,0.93,False,False,-0.14,-0.125,1.16,1.19,0.8,False,1,0.463,-0.82,-0.638,False,False,False,0.82,False,False,False,NONE,False,3,0.416,0.121,5.9,119.58,29,27,0.283,False,False,0.57,0.324,0,6.1,0.31,1.0,True,True,False,False,weekly,unknown,unknown,ord_scan_weekly.csv,30.0
EYE,2,1,1,23.54,False,False,,,,,,False,,False,False,0.85,1.01,True,False,0.906,0.062,1.05,0.63,0.78,False,2,-1.296,-0.942,1.662,False,False,False,0.62,False,False,False,NONE,False,4,0.643,0.086,20.9,21.51,21,11,0.374,False,False,0.52,0.683,2,8.3,0.38,0.71,True,False,False,False,monthly,unknown,unknown,ord_scan_monthly.csv,30.0
ADNT,2,1,1,21.32,False,False,,,,,,False,,False,False,0.6,1.36,False,False,0.025,-0.081,0.96,0.81,0.78,False,2,0.388,-0.798,-0.552,False,False,False,0.58,False,False,False,NONE,False,6,0.296,0.106,4.0,19.07,21,10,0.278,False,False,0.4,0.376,0,6.2,0.31,1.0,True,False,False,False,weekly,unknown,unknown,ord_scan_weekly.csv,30.0
ANF,3,1,2,84.54,False,False,,,,,,False,,False,False,0.39,1.12,True,False,0.218,-0.325,0.79,0.6,0.5,False,1,3.636,-1.117,0.297,False,False,False,0.65,False,False,False,NONE,False,5,0.571,0.226,5.9,65.45,32,4,0.064,True,False,0.29,0.145,2,5.3,0.31,0.5,True,False,False,False,monthly,unknown,unknown,ord_scan_monthly.csv,30.0
AWI,4,2,2,168.46,False,False,NONE,1.43,0.94,True,False,False,1.68,False,False,0.23,0.9,True,False,0.17,0.378,1.1,1.29,0.82,False,3,1.883,0.086,-0.254,False,True,False,0.06,False,False,False,NONE,False,5,0.181,0.058,3.8,158.68,17,13,0.558,False,False,0.29,0.615,2,5.2,0.46,0.67,True,False,False,False,monthly,unknown,unknown,ord_scan_monthly.csv,30.0
BHF,6,4,2,62.65,False,False,,,,,,False,,False,False,0.0,0.89,True,False,-0.022,0.098,1.12,0.76,0.96,False,25,0.177,0.333,-0.372,False,False,False,0.07,False,False,False,NONE,False,4,0.055,0.06,1.0,58.9,31,26,0.822,True,False,0.0,0.759,3,2.1,0.46,0.0,False,False,False,False,weekly,unknown,unknown,ord_scan_weekly.csv,30.0
CPF,8,3,5,33.7,False,False,,,,,,False,,True,False,0.12,1.05,True,True,0.044,0.203,0.97,0.83,0.95,False,4,0.512,0.163,-0.619,False,True,False,0.13,False,False,False,NONE,False,4,0.048,0.109,0.5,30.03,46,52,0.846,True,False,0.01,0.777,2,1.5,0.23,0.5,True,False,False,False,weekly,unknown,unknown,ord_scan_weekly.csv,30.0
CASH,3,1,2,86.5,False,False,,,,,,False,1.55,False,False,0.74,0.99,True,False,-0.041,0.273,1.21,0.85,0.85,False,1,0.018,0.517,-0.279,False,False,False,0.88,False,False,False,NONE,False,6,0.146,0.026,6.4,84.21,4,17,0.523,False,False,0.71,0.584,2,3.1,0.54,0.4,True,False,False,False,weekly,unknown,unknown,ord_scan_weekly.csv,30.0
OKTA,4,3,1,75.78,False,False,,,,,,False,0.92,False,True,0.18,1.06,False,False,-0.324,-0.276,0.93,0.88,0.59,False,1,0.182,-0.372,2.585,False,False,False,0.44,False,False,False,NONE,False,5,0.742,0.173,16.6,62.66,23,3,0.484,False,False,0.28,0.202,4,3.1,0.15,1.0,True,False,False,False,monthly,unknown,unknown,ord_scan_monthly.csv,30.0
BBT,2,1,1,28.71,False,False,,,,,,False,,False,False,0.57,0.89,True,False,0.024,0.207,1.15,1.01,0.87,False,1,-0.174,0.146,-0.248,False,False,False,0.74,False,False,False,NONE,False,5,0.125,0.035,4.1,27.7,13,26,0.609,False,False,0.38,0.558,2,2.8,0.38,0.33,True,True,False,False,weekly,unknown,unknown,ord_scan_weekly.csv,29.0
CPRX,10,3,4,28.74,False,False,,,,,,False,,True,False,0.02,1.17,True,True,0.183,0.803,1.0,0.91,0.88,False,1,6.327,1.434,0.188,True,True,False,0.03,False,False,False,NONE,False,9,0.117,0.337,0.4,19.05,33,2,0.633,False,False,0.0,0.789,2,1.5,0.46,1.0,True,False,False,False,monthly,unknown,unknown,ord_scan_monthly.csv,29.0
NVT,9,1,5,158.92,False,False,,,,,,False,,False,False,1.0,0.92,True,True,1.928,1.155,1.4,0.92,0.95,False,1,1.592,1.323,1.259,True,False,False,1.0,True,False,False,NONE,False,1,0.05,0.468,0.1,84.54,41,1,0.839,True,False,1.0,0.933,2,0.8,0.69,0.75,True,False,True,True,monthly,unknown,unknown,ord_scan_monthly.csv,29.0
TDW,4,1,3,87.85,False,False,,,,,,False,,False,False,0.7,1.15,True,True,1.427,-0.045,1.22,0.72,0.94,False,2,-0.721,0.027,-0.342,False,False,False,0.63,False,False,False,NONE,False,5,0.212,0.469,0.6,46.65,32,3,0.84,True,True,0.69,0.706,5,0.9,0.54,0.25,True,False,False,False,monthly,unknown,unknown,ord_scan_monthly.csv,29.0
ENPH,1,0,1,33.85,False,False,,,,,,False,,False,False,0.47,1.13,False,False,-0.085,0.109,0.79,1.09,0.64,False,1,-0.762,-0.721,-0.161,False,False,False,0.54,False,False,False,NONE,False,5,0.761,0.117,27.3,29.9,16,5,0.264,False,False,0.4,0.297,1,6.6,0.38,1.0,True,False,False,False,weekly,unknown,unknown,ord_scan_weekly.csv,29.0
CALX,2,0,2,43.53,False,False,,,,,,False,,False,False,0.53,0.92,False,False,0.064,0.313,1.14,1.18,0.61,False,1,0.874,-0.609,1.56,False,False,False,0.3,False,False,False,NONE,False,1,0.462,0.064,13.5,40.75,29,4,0.131,True,False,0.53,0.377,4,14.2,0.38,0.17,True,False,False,False,monthly,unknown,unknown,ord_scan_monthly.csv,29.0
BLD,8,3,2,438.98,False,False,,,,,,False,,False,False,0.19,1.31,True,True,0.484,-0.004,1.37,1.12,0.78,False,1,1.086,1.834,1.873,True,True,False,0.05,False,False,False,NONE,False,8,0.215,0.245,1.1,331.33,21,2,0.674,False,False,0.27,0.589,2,2.0,0.38,0.5,True,False,False,False,monthly,unknown,unknown,ord_scan_monthly.csv,29.0
CBSH,7,5,2,52.03,False,False,NONE,1.13,0.69,True,True,False,1.37,False,True,0.37,0.93,True,False,-0.083,0.124,0.68,1.23,0.77,False,8,-0.448,-0.487,0.76,False,False,False,0.84,False,False,False,NONE,False,6,0.228,0.102,2.9,46.74,18,18,0.256,False,False,0.36,0.328,2,6.8,0.23,0.0,True,False,False,False,monthly,unknown,unknown,ord_scan_monthly.csv,29.0
GTES,8,3,5,24.06,False,False,,,,,,False,,True,False,0.06,0.96,True,True,0.272,0.359,1.28,0.85,0.85,False,1,0.576,-0.186,-1.676,False,True,False,0.01,False,False,False,NONE,False,6,0.155,0.132,1.4,20.88,21,12,0.535,False,False,0.38,0.68,3,4.0,0.54,0.6,True,False,False,False,monthly,unknown,unknown,ord_scan_monthly.csv,29.0
CACI,7,1,3,513.29,False,False,,,,,,False,,False,False,0.74,1.17,True,False,0.121,0.355,1.08,0.78,0.75,False,2,0.33,0.068,2.243,True,True,False,0.64,False,False,False,NONE,False,6,0.249,0.121,2.7,450.95,22,8,0.268,False,False,0.76,0.534,4,6.5,0.38,0.33,True,False,False,False,monthly,unknown,unknown,ord_scan_monthly.csv,29.0
SLGN,1,0,1,39.72,False,False,,,,,,False,,False,False,0.63,0.89,False,False,-0.217,-0.151,0.98,0.87,0.7,False,2,-0.728,-0.506,2.125,False,False,False,0.82,False,False,False,NONE,False,6,0.299,0.099,4.3,35.79,26,10,0.192,True,False,0.51,0.188,3,9.4,0.46,0.0,True,False,False,False,monthly,unknown,unknown,ord_scan_monthly.csv,29.0
FR,7,4,3,62.14,False,False,,,,,,False,,False,True,0.24,0.86,True,True,0.08,0.143,1.05,0.93,0.96,False,4,-0.134,0.071,-0.225,False,True,False,0.26,False,False,False,NONE,False,0,0.039,0.096,0.4,56.18,52,52,0.872,True,True,0.14,0.777,1,1.4,0.46,0.8,True,False,False,False,weekly,unknown,unknown,ord_scan_weekly.csv,29.0
LPG,9,1,8,39.18,False,False,,,,,,False,,False,False,0.83,0.93,True,True,0.356,0.423,0.84,0.82,0.99,False,1,-0.085,0.494,1.829,False,False,False,0.81,True,False,False,NONE,False,1,0.093,0.262,0.4,28.9,52,13,0.979,True,True,0.79,0.983,7,1.2,0.69,0.33,True,False,True,True,weekly,unknown,unknown,ord_scan_weekly.csv,29.0
TTEK,0,0,0,31.67,False,False,,,,,,False,,False,False,0.36,0.87,False,False,0.023,-0.132,1.19,1.0,0.62,False,2,-0.666,0.806,1.938,False,False,False,0.78,False,False,False,NONE,False,5,0.375,0.066,9.0,29.57,29,3,0.156,True,False,0.39,0.195,3,11.9,0.15,0.5,True,False,False,False,monthly,unknown,unknown,ord_scan_monthly.csv,29.0
GDYN,2,0,2,5.81,False,False,,,,,,False,1.36,False,False,0.84,1.01,False,False,-0.59,-0.527,0.61,1.17,0.23,False,2,3.292,-1.033,-5.431,False,False,False,1.0,False,False,False,NONE,False,3,0.864,0.117,54.4,5.13,16,2,0.282,False,False,0.8,0.033,5,6.1,0.08,0.0,True,False,False,False,monthly,unknown,unknown,ord_scan_monthly.csv,29.0
ALRM,3,3,0,47.13,False,False,,,,,,False,,False,True,0.57,1.19,False,False,-0.034,-0.042,1.08,1.08,0.88,False,5,0.246,-0.934,-0.503,False,False,True,0.6,False,False,False,NONE,False,9,0.345,0.119,4.4,41.5,25,35,0.315,False,False,0.39,0.451,3,5.4,0.46,0.0,True,False,False,False,weekly,unknown,unknown,ord_scan_weekly.csv,29.0
VSAT,11,3,5,65.12,False,False,,,,,,False,,False,False,0.98,1.61,True,False,6.025,2.6,1.6,0.5,0.98,False,1,0.199,2.544,0.651,True,False,False,0.98,False,False,False,NONE,False,2,0.331,0.76,0.7,15.64,50,1,0.931,True,True,0.96,0.973,7,0.5,0.54,0.22,True,False,False,False,monthly,unknown,unknown,ord_scan_monthly.csv,29.0
CRK,4,1,3,17.36,False,False,,,,,,False,,True,False,0.26,1.11,True,False,-0.05,0.871,0.82,0.81,0.56,False,1,2.967,-1.486,1.325,False,True,False,0.28,False,False,False,NONE,False,6,0.443,0.156,5.1,14.65,41,2,0.182,True,False,0.37,0.411,5,5.0,0.38,0.5,True,False,False,False,monthly,unknown,unknown,ord_scan_monthly.csv,29.0
ACM,0,0,0,84.1,False,False,,,,,,False,,False,False,0.7,0.89,False,False,-0.136,-0.122,0.91,1.08,0.62,False,2,-0.985,0.845,0.488,False,False,True,0.84,False,False,False,NONE,False,6,0.375,0.064,9.4,78.72,34,6,0.096,True,False,0.54,0.096,3,19.8,0.38,0.5,True,False,False,False,monthly,unknown,unknown,ord_scan_monthly.csv,29.0
SIGI,1,1,0,82.08,False,False,,,,,,False,,False,False,0.65,1.05,True,False,-0.019,0.101,1.11,1.1,0.9,False,1,-0.694,-0.215,0.425,False,True,False,0.27,False,False,False,NONE,False,8,0.188,0.113,2.0,72.78,21,74,0.375,False,False,0.54,0.516,1,4.3,0.38,1.0,False,False,False,False,weekly,unknown,unknown,ord_scan_weekly.csv,29.0
AMRX,4,2,2,12.83,False,False,,,,,,False,,False,False,0.17,1.11,True,False,-0.062,0.186,1.11,0.71,0.83,False,2,1.155,0.838,-0.95,False,False,True,0.16,False,False,False,NONE,False,8,0.168,0.087,2.3,11.71,24,25,0.454,False,True,0.07,0.454,5,5.1,0.38,0.0,False,False,False,False,weekly,unknown,unknown,ord_scan_weekly.csv,29.0
SAM,1,0,1,214.3,False,False,,,,,,False,,False,False,0.39,1.07,False,False,-0.128,-0.296,1.02,0.82,0.65,False,1,-1.338,-0.143,2.184,False,False,False,0.73,False,False,False,NONE,False,5,0.841,0.114,46.6,189.92,14,11,0.366,False,False,0.25,0.188,1,4.7,0.23,1.0,True,False,False,False,monthly,unknown,unknown,ord_scan_monthly.csv,29.0
DEI,2,0,2,10.94,False,False,,,,,,False,,False,False,0.82,0.71,False,False,-0.158,-0.107,0.69,1.11,0.58,False,1,-0.584,0.095,-1.462,False,False,False,0.96,False,False,False,NONE,True,5,0.674,0.183,11.3,8.93,8,7,0.318,False,False,0.76,0.203,2,5.3,0.31,0.0,True,False,False,False,monthly,unknown,unknown,ord_scan_monthly.csv,29.0
ITRI,4,4,0,85.4,False,False,NONE,1.34,0.85,True,False,False,1.82,False,True,0.23,0.77,True,False,-0.233,-0.077,0.89,1.16,0.6,False,1,-1.285,1.207,1.762,False,False,True,0.59,False,False,False,NONE,False,5,0.399,0.08,8.2,78.53,38,7,0.108,True,False,0.21,0.108,1,17.5,0.31,0.33,True,False,False,False,monthly,unknown,unknown,ord_scan_monthly.csv,29.0
GBCI,3,1,2,49.08,False,False,,,,,,False,,False,False,0.33,1.04,True,False,-0.025,0.219,0.83,0.91,0.92,False,4,0.293,-0.253,-0.381,False,True,False,0.21,False,False,False,NONE,False,4,0.155,0.153,1.2,41.57,29,53,0.72,False,True,0.38,0.683,4,2.0,0.31,1.0,False,False,False,False,weekly,unknown,unknown,ord_scan_weekly.csv,29.0
BSY,3,3,0,33.56,False,False,,,,,,False,,False,True,0.72,0.94,False,False,-0.215,-0.349,0.86,1.3,0.57,False,2,-1.547,-1.28,0.998,False,False,False,0.96,False,False,False,NONE,False,4,0.524,0.081,13.5,30.83,32,6,0.138,True,False,0.57,0.097,2,13.5,0.38,0.5,True,False,False,False,monthly,unknown,unknown,ord_scan_monthly.csv,29.0
VITL,5,3,2,14.18,False,False,,,,,,False,1.21,False,True,0.63,0.78,False,False,-0.586,-0.39,0.67,1.38,0.27,False,1,-3.492,0.423,0.126,False,False,True,0.67,False,False,False,NONE,False,4,0.733,0.168,16.4,11.8,27,2,0.254,False,False,0.72,0.058,9,6.9,0.31,0.0,True,False,False,False,monthly,unknown,unknown,ord_scan_monthly.csv,29.0
DOCS,2,0,2,24.98,False,False,,,,,,False,,False,False,0.66,0.9,False,False,-0.561,-0.072,0.62,1.19,0.29,False,1,-1.106,-1.571,-0.785,False,False,False,0.98,False,False,False,NONE,False,3,0.768,0.177,18.7,20.55,20,3,0.248,False,False,0.77,0.069,8,7.1,0.38,0.0,True,False,False,False,monthly,unknown,unknown,ord_scan_monthly.csv,29.0
AKR,6,3,3,21.51,False,False,,,,,,False,,True,False,0.24,0.98,True,False,0.086,0.151,1.09,1.0,0.97,False,3,0.378,-0.1,-0.569,False,True,False,0.0,False,False,False,NONE,False,8,0.133,0.144,1.1,18.41,37,63,0.702,False,False,0.27,0.841,4,1.8,0.38,0.67,False,False,False,False,weekly,unknown,unknown,ord_scan_weekly.csv,29.0
HP,7,1,3,40.43,False,False,,,,,,False,,False,False,0.9,0.84,True,False,1.236,0.045,1.0,0.75,0.98,False,1,0.252,0.681,0.458,True,False,False,0.79,False,False,False,NONE,False,5,0.207,0.636,0.4,14.72,33,4,0.945,True,False,0.87,0.974,1,0.5,0.69,0.25,True,False,False,False,monthly,unknown,unknown,ord_scan_monthly.csv,29.0
OLED,0,0,0,96.39,False,False,,,,,,False,,False,False,0.83,0.73,False,False,-0.156,-0.34,0.99,1.31,0.72,False,1,-0.31,-0.916,-0.087,False,False,False,0.86,False,False,False,NONE,False,3,0.584,0.132,10.6,83.64,18,10,0.313,False,False,0.92,0.196,2,5.4,0.46,1.0,True,True,False,False,weekly,unknown,unknown,ord_scan_weekly.csv,29.0
CXT,4,3,1,44.6,False,False,NONE,1.22,0.9,True,False,False,1.59,False,True,0.46,0.98,False,False,-0.037,-0.262,0.81,1.21,0.65,False,2,0.868,0.045,-0.345,False,False,False,0.85,False,False,False,NONE,False,5,0.349,0.12,4.5,39.23,14,3,0.321,False,False,0.44,0.183,3,5.2,0.38,0.5,True,False,False,False,monthly,unknown,unknown,ord_scan_monthly.csv,29.0
SPSC,3,3,0,58.92,False,False,,,,,,True,0.91,False,False,1.0,0.74,False,False,-0.34,-0.284,0.93,0.9,0.61,False,1,-0.613,-0.394,0.009,False,False,False,1.0,False,False,False,NONE,False,6,0.73,0.142,19.1,50.55,14,11,0.292,False,False,0.95,0.182,3,5.9,0.38,0.0,True,False,False,False,weekly,unknown,unknown,ord_scan_weekly.csv,29.0
ALKS,6,3,3,33.38,False,False,,,,,,False,,True,False,0.05,1.17,True,True,0.16,0.233,1.09,0.96,0.92,False,2,1.603,2.707,-0.282,False,True,False,0.11,False,False,False,NONE,False,9,0.531,0.246,4.6,25.17,31,8,0.726,False,False,0.01,0.772,2,1.8,0.38,1.0,True,False,False,False,monthly,unknown,unknown,ord_scan_monthly.csv,29.0
ALG,3,3,0,171.35,False,False,,,,,,False,,False,True,0.24,1.11,False,False,0.035,-0.239,1.12,1.05,0.74,False,2,-0.218,0.075,0.683,False,False,False,0.7,False,False,False,NONE,False,8,0.262,0.091,3.9,155.72,27,9,0.205,False,False,0.14,0.205,2,8.8,0.31,0.33,True,False,False,False,monthly,unknown,unknown,ord_scan_monthly.csv,29.0
DLX,7,1,6,31.9,False,False,,,,,,False,,False,False,0.87,1.01,True,True,1.321,0.742,1.08,1.05,1.0,False,2,-0.204,-0.066,0.31,False,False,False,0.75,True,False,False,NONE,False,0,0.416,0.537,1.3,14.78,56,4,0.999,True,True,0.77,0.999,6,0.6,0.62,0.83,True,False,True,True,monthly,unknown,unknown,ord_scan_monthly.csv,29.0
RAMP,3,3,0,30.21,False,False,,,,,,False,,True,False,0.06,0.88,True,False,0.155,-0.124,0.97,1.02,0.84,False,3,0.791,-1.494,1.61,False,False,True,0.34,False,False,False,NONE,False,9,0.654,0.281,6.7,21.71,34,6,0.878,True,False,0.05,0.529,3,1.3,0.31,0.0,True,False,False,False,monthly,unknown,unknown,ord_scan_monthly.csv,29.0
SEIC,11,3,5,90.22,False,False,,,,,,False,1.45,True,False,0.03,1.18,True,True,0.166,0.286,1.18,0.94,0.97,False,1,0.344,0.704,0.826,True,True,False,0.23,False,False,False,NONE,False,5,0.034,0.168,0.2,75.08,54,13,0.893,True,False,0.09,0.901,1,2.2,0.31,1.0,True,False,False,False,monthly,unknown,unknown,ord_scan_monthly.csv,29.0
ENTG,5,1,1,142.29,False,False,,,,,,False,,False,False,0.65,1.0,True,False,0.807,0.021,1.44,0.86,0.89,False,1,1.271,2.486,0.144,True,False,False,0.66,False,False,False,NONE,False,5,0.105,0.523,0.2,67.87,15,2,0.677,False,False,0.68,0.83,2,0.9,0.54,1.0,True,False,True,False,monthly,unknown,unknown,ord_scan_monthly.csv,29.0
KGS,11,1,7,68.54,False,False,,,,,,False,,False,False,1.0,1.18,True,True,0.648,0.902,0.96,0.83,1.0,False,2,0.981,1.121,0.022,True,False,False,0.96,True,False,False,NONE,False,0,0.002,0.281,0.0,49.29,56,12,0.995,True,True,0.99,0.996,7,1.4,0.62,0.44,True,False,True,True,weekly,unknown,unknown,ord_scan_weekly.csv,28.0
DT,7,6,1,37.61,False,False,NONE,0.9,0.45,True,True,True,0.79,False,True,0.52,0.84,False,False,-0.199,-0.19,0.81,1.47,0.6,False,2,-1.337,0.307,1.024,False,False,True,0.94,False,False,False,NONE,True,9,0.531,0.159,7.1,31.64,12,5,0.402,False,False,0.52,0.19,1,4.0,0.46,0.0,True,False,False,False,monthly,unknown,unknown,ord_scan_monthly.csv,28.0
MTUS,3,3,0,19.14,False,False,,,,,,False,,True,False,0.18,0.91,True,False,0.513,-0.14,1.22,0.92,0.88,False,1,1.111,0.877,-3.175,False,True,False,0.02,False,False,False,NONE,False,9,0.27,0.259,1.4,14.19,18,3,0.656,False,False,0.2,0.618,2,2.0,0.46,0.5,True,False,False,False,monthly,unknown,unknown,ord_scan_monthly.csv,28.0
SAFT,5,4,1,75.62,False,False,NONE,0.95,1.12,False,True,False,,True,False,0.02,1.0,True,False,0.037,0.009,0.72,0.95,0.9,False,6,-1.531,0.426,1.544,False,False,False,0.56,False,False,False,NONE,False,9,0.101,0.135,0.8,65.44,26,32,0.672,False,False,0.03,0.551,2,2.1,0.38,0.0,False,False,False,False,monthly,unknown,unknown,ord_scan_monthly.csv,28.0
TBBK,7,3,4,59.21,False,False,,,,,,False,,True,False,0.14,1.08,True,False,0.226,0.77,0.79,0.84,0.73,False,2,1.524,0.731,-1.146,False,True,False,0.17,False,False,False,NONE,False,9,0.275,0.152,2.5,50.2,23,4,0.397,False,False,0.23,0.566,2,4.0,0.38,1.0,True,False,False,False,monthly,unknown,unknown,ord_scan_monthly.csv,28.0
CR,0,0,0,172.24,False,False,,,,,,False,,False,False,0.59,0.79,False,False,-0.056,-0.091,1.25,1.27,0.8,False,1,0.547,-0.358,0.638,False,False,True,0.91,False,False,False,NONE,False,7,0.195,0.074,3.3,159.58,26,52,0.385,False,False,0.57,0.232,2,8.7,0.23,0.0,False,False,False,False,weekly,unknown,unknown,ord_scan_weekly.csv,28.0
GPK,3,1,2,9.7,False,False,,,,,,False,,False,False,1.0,0.75,False,False,-0.33,-0.382,0.64,0.95,0.61,False,6,-0.371,-0.78,-0.107,False,False,False,1.0,False,False,False,NONE,False,6,0.672,0.094,21.9,8.79,13,10,0.214,False,False,0.97,0.112,1,8.4,0.31,0.0,True,False,False,False,weekly,unknown,unknown,ord_scan_weekly.csv,28.0
KRYS,4,3,1,266.04,False,False,,,,,,False,,True,False,0.07,1.01,True,False,-0.047,0.347,0.93,0.93,0.89,False,4,1.248,-0.514,1.254,False,True,False,0.06,False,False,False,NONE,False,7,0.108,0.09,1.3,242.0,29,23,0.662,False,False,0.04,0.718,0,2.4,0.38,1.0,False,False,False,False,weekly,unknown,unknown,ord_scan_weekly.csv,28.0
MTX,2,1,1,75.96,False,False,,,,,,False,,False,False,0.58,0.9,True,False,0.483,0.022,0.94,0.78,0.89,False,4,0.304,-0.883,0.13,False,False,False,0.93,False,False,False,NONE,False,3,0.149,0.293,0.6,53.73,36,7,0.967,True,True,0.55,0.669,7,1.1,0.54,0.0,True,False,False,False,monthly,unknown,unknown,ord_scan_monthly.csv,28.0
APLS,6,1,2,40.96,False,False,,,,,,False,,False,False,0.55,1.23,False,False,1.132,-0.303,1.14,1.29,1.0,False,2,0.656,2.87,3.504,True,False,False,0.52,False,False,False,NONE,False,5,0.568,0.589,2.2,16.83,33,2,0.998,True,False,0.01,0.567,2,1.0,0.54,1.0,True,False,False,False,monthly,unknown,unknown,ord_scan_monthly.csv,28.0
BIO,0,0,0,256.55,False,False,,,,,,False,,False,False,0.47,1.04,False,False,0.051,-0.258,0.92,0.91,0.66,False,1,0.312,-1.047,2.221,False,False,False,0.7,False,False,False,NONE,False,5,0.692,0.056,40.4,242.28,21,10,0.179,True,False,0.48,0.256,1,13.5,0.46,0.0,True,False,False,False,monthly,unknown,unknown,ord_scan_monthly.csv,28.0
OLED,3,0,0,96.39,False,False,,,,,,False,,False,False,0.36,0.83,False,False,-0.221,-0.412,0.87,1.03,0.46,False,2,0.942,1.926,1.9,True,False,False,0.67,False,False,False,NONE,False,5,0.614,0.132,12.0,83.64,16,3,0.254,False,False,0.39,0.086,3,6.9,0.15,0.0,True,False,False,False,monthly,unknown,unknown,ord_scan_monthly.csv,28.0
TFX,0,0,0,121.77,False,False,,,,,,False,,False,False,0.93,1.06,False,False,-0.101,-0.451,0.9,1.11,0.5,False,1,-0.541,-0.065,0.579,False,False,False,0.97,False,False,False,NONE,False,5,0.72,0.18,14.3,99.89,23,15,0.28,False,False,0.99,0.15,4,6.1,0.31,1.0,True,False,False,False,monthly,unknown,unknown,ord_scan_monthly.csv,28.0
PAYC,4,0,1,131.96,False,False,NONE,0.69,0.3,False,True,False,,False,False,0.57,0.72,False,False,-0.412,-0.325,0.77,1.59,0.5,False,1,1.412,0.377,1.893,True,False,False,0.87,False,False,False,NONE,False,5,0.758,0.207,15.2,104.61,8,4,0.499,False,False,0.37,0.169,2,3.0,0.38,0.0,True,False,False,False,monthly,unknown,unknown,ord_scan_monthly.csv,28.0
CUZ,2,1,1,25.69,False,False,,,,,,False,,False,False,0.59,0.87,True,False,0.033,0.018,0.96,1.11,0.96,False,2,0.116,-0.06,-0.811,False,False,False,0.5,False,False,False,NONE,False,3,0.153,0.187,1.0,20.88,25,63,0.563,False,True,0.48,0.811,5,2.6,0.54,1.0,True,False,False,False,weekly,unknown,unknown,ord_scan_weekly.csv,28.0
HIW,0,0,0,24.71,False,False,,,,,,False,,False,False,0.64,0.75,False,False,-0.023,-0.102,0.97,0.98,0.91,False,2,0.335,-0.393,-0.819,False,False,False,0.6,False,False,False,NONE,False,3,0.253,0.172,2.0,20.45,21,28,0.479,False,True,0.43,0.546,5,3.2,0.46,1.0,True,False,False,False,weekly,unknown,unknown,ord_scan_weekly.csv,28.0
EMBC,2,1,1,9.23,False,False,,,,,,False,,False,False,0.55,1.25,False,False,-0.117,-0.289,0.83,0.98,0.7,False,1,-0.118,-0.935,-0.791,False,False,False,0.49,False,False,False,NONE,False,6,0.539,0.082,14.2,8.47,29,12,0.159,True,False,0.33,0.126,1,11.6,0.23,0.0,True,False,False,False,weekly,unknown,unknown,ord_scan_weekly.csv,28.0
TFIN,4,3,1,67.55,False,False,,,,,,False,,True,False,0.25,0.98,True,False,0.071,0.24,1.0,1.17,0.87,False,1,0.775,-0.167,-0.941,False,True,False,0.21,False,False,False,NONE,False,6,0.389,0.208,3.1,53.48,21,13,0.578,False,True,0.4,0.64,4,2.5,0.46,1.0,True,False,False,False,weekly,unknown,unknown,ord_scan_weekly.csv,28.0
QLYS,6,3,0,88.53,False,False,,,,,,False,,False,True,0.53,0.95,False,False,-0.296,-0.469,1.08,1.39,0.52,False,1,0.503,0.334,0.797,True,False,False,0.77,False,False,False,NONE,False,5,0.571,0.158,8.4,74.51,26,3,0.223,False,False,0.52,0.141,3,8.0,0.38,1.0,True,False,False,False,monthly,unknown,unknown,ord_scan_monthly.csv,28.0
HWC,3,2,1,67.17,False,False,,,,,,False,,False,False,0.12,0.97,True,False,-0.016,0.194,0.93,0.99,0.9,False,3,0.612,-0.118,-0.295,False,True,False,0.21,False,False,False,NONE,False,4,0.103,0.107,1.1,59.97,25,44,0.656,False,False,0.14,0.614,1,2.2,0.31,1.0,False,False,False,False,weekly,unknown,unknown,ord_scan_weekly.csv,28.0
PI,5,1,1,147.21,False,False,,,,,,False,,False,False,0.94,0.66,True,False,0.066,-0.272,0.94,0.78,0.68,False,1,0.435,0.977,0.607,True,False,False,0.9,False,False,False,NONE,False,3,0.404,0.407,1.7,87.36,21,1,0.705,False,False,0.84,0.468,4,1.2,0.38,1.0,True,True,True,False,weekly,unknown,unknown,ord_scan_weekly.csv,28.0
ARLO,3,2,1,14.61,False,False,,,,,,False,,True,False,0.2,1.03,False,False,0.151,-0.245,1.11,0.84,0.89,False,2,1.051,-0.327,0.629,False,True,False,0.24,False,False,False,NONE,False,9,0.267,0.229,1.6,11.27,21,9,0.655,False,False,0.23,0.429,1,2.1,0.23,1.0,False,False,False,False,weekly,unknown,unknown,ord_scan_weekly.csv,28.0
MC,4,3,1,64.76,False,False,,,,,,False,,True,False,0.15,0.92,True,False,0.26,0.236,1.04,1.14,0.82,False,1,2.046,0.469,-0.97,False,True,False,0.52,False,False,False,NONE,False,8,0.179,0.212,1.0,51.06,15,3,0.547,False,False,0.17,0.611,2,2.7,0.54,0.0,True,False,False,False,monthly,unknown,unknown,ord_scan_monthly.csv,28.0
AR,8,3,5,38.89,False,False,,,,,,False,,True,False,0.1,1.05,True,True,0.117,0.341,0.85,1.02,0.85,False,2,1.937,-3.581,5.853,False,True,False,0.03,False,False,False,NONE,False,8,0.203,0.252,1.0,29.1,26,4,0.53,False,False,0.2,0.677,2,2.2,0.46,0.5,True,False,False,False,monthly,unknown,unknown,ord_scan_monthly.csv,28.0
HLNE,0,0,0,92.56,False,False,,,,,,False,,False,False,1.0,0.86,False,False,-0.341,-0.18,1.13,1.26,0.6,False,1,0.126,0.188,-0.583,False,False,False,1.0,False,False,False,NONE,False,5,0.535,0.066,17.5,86.47,23,10,0.16,True,False,1.0,0.089,1,11.5,0.15,0.0,True,False,False,False,weekly,unknown,unknown,ord_scan_weekly.csv,28.0
BRBR,2,0,2,17.2,False,False,,,,,,False,,False,False,0.97,0.76,False,False,-0.308,-0.429,0.72,0.86,0.52,False,1,-1.07,0.528,-0.466,False,False,False,0.93,False,False,False,NONE,True,5,0.787,0.175,21.1,14.19,11,12,0.277,False,False,0.97,0.156,3,6.2,0.15,0.0,True,False,False,False,weekly,unknown,unknown,ord_scan_weekly.csv,28.0
CENTA,6,2,4,33.48,False,False,,,,,,False,,False,False,0.81,1.21,True,True,0.092,0.204,1.13,1.0,0.94,False,3,-0.077,-0.329,-0.161,False,False,False,0.76,False,False,False,NONE,False,5,0.184,0.08,2.8,30.79,25,40,0.66,False,False,0.19,0.741,0,2.0,0.62,0.5,False,False,False,False,weekly,unknown,unknown,ord_scan_weekly.csv,28.0
RWT,4,3,1,5.73,False,False,,,,,,False,,True,False,0.05,1.0,True,False,0.05,0.164,1.13,1.14,0.85,False,3,-0.249,-0.103,0.526,False,False,False,0.31,False,False,False,NONE,False,7,0.408,0.183,3.8,4.68,21,6,0.508,False,False,0.27,0.615,2,2.9,0.31,1.0,True,False,False,False,monthly,unknown,unknown,ord_scan_monthly.csv,28.0
INDB,5,3,2,77.45,False,False,,,,,,False,,False,False,0.21,1.14,True,False,-0.033,0.17,0.83,1.07,0.9,False,6,0.219,-0.268,-0.128,False,True,False,0.24,False,False,False,NONE,False,10,0.102,0.07,1.6,72.03,23,38,0.658,False,False,0.2,0.594,3,2.2,0.23,1.0,False,False,False,False,weekly,unknown,unknown,ord_scan_weekly.csv,28.0
ENOV,2,0,2,23.62,False,False,,,,,,False,1.3,False,False,0.84,0.85,False,False,-0.317,-0.622,0.77,0.86,0.47,False,2,0.122,-0.528,-1.478,False,False,False,0.98,False,False,False,NONE,False,3,0.749,0.111,26.9,21.0,14,5,0.264,False,False,0.56,0.063,4,6.6,0.31,0.0,True,False,False,False,monthly,unknown,unknown,ord_scan_monthly.csv,28.0
ASGN,0,0,0,21.1,False,False,,,,,,False,,False,False,0.92,0.73,False,False,-0.665,-0.788,1.05,1.49,0.21,False,1,2.469,-0.303,-0.802,False,False,False,0.97,False,False,False,NONE,False,3,0.84,0.123,42.6,18.5,28,1,0.103,True,False,0.91,0.03,2,18.3,0.31,0.0,True,True,False,False,monthly,unknown,unknown,ord_scan_monthly.csv,28.0
CFR,9,4,5,140.36,False,False,,,,,,False,,True,False,0.08,1.08,True,True,0.242,0.326,0.88,1.0,0.95,False,6,0.271,-0.52,0.916,False,True,False,0.42,False,False,False,NONE,False,6,0.051,0.165,0.3,117.23,45,13,0.85,True,False,0.3,0.871,2,2.1,0.46,1.0,True,False,False,False,monthly,unknown,unknown,ord_scan_monthly.csv,28.0
ESI,8,1,7,43.01,False,False,,,,,,False,,False,False,1.0,1.01,True,True,0.481,0.618,1.29,1.16,0.98,True,1,0.6,-0.08,-0.17,False,False,False,1.0,True,False,False,NONE,False,0,0.019,0.315,0.1,29.46,55,6,0.938,True,True,1.0,0.961,7,1.0,0.54,0.75,True,True,True,True,weekly,unknown,unknown,ord_scan_weekly.csv,28.0
ECPG,14,4,7,83.3,False,False,,,,,,False,,False,True,0.79,0.98,True,True,1.422,0.826,1.17,0.86,0.98,False,1,1.746,1.988,1.864,True,False,False,0.72,True,False,False,NONE,False,0,0.025,0.572,0.0,35.67,56,3,0.932,True,True,0.75,0.964,7,0.7,0.38,0.67,True,False,True,True,monthly,unknown,unknown,ord_scan_monthly.csv,28.0
KAI,1,1,0,285.85,False,False,,,,,,False,,True,False,0.28,1.07,True,False,-0.026,-0.12,0.97,0.96,0.67,False,2,0.987,0.949,-1.158,False,False,True,0.79,False,False,False,NONE,False,11,0.331,0.145,3.4,244.32,15,6,0.38,False,False,0.3,0.227,3,4.3,0.31,0.0,True,False,False,False,monthly,unknown,unknown,ord_scan_monthly.csv,28.0
BCO,5,1,1,107.52,False,False,,,,,,False,2.68,False,False,0.37,0.77,True,False,0.217,0.187,1.31,1.12,0.79,False,2,0.329,0.135,0.645,True,True,False,0.12,False,False,False,NONE,False,7,0.21,0.213,1.2,84.62,13,9,0.445,False,False,0.28,0.496,3,3.5,0.46,0.33,True,False,False,False,monthly,unknown,unknown,ord_scan_monthly.csv,28.0
AGCO,5,4,1,118.51,False,False,,,,,,False,,False,True,0.38,1.1,True,False,0.411,0.008,1.26,0.77,0.83,False,2,-0.55,0.654,1.447,False,True,False,0.08,False,False,False,NONE,False,7,0.174,0.167,1.3,98.73,23,6,0.442,False,True,0.5,0.646,6,3.5,0.38,1.0,True,False,False,False,monthly,unknown,unknown,ord_scan_monthly.csv,28.0
SSB,2,2,0,97.48,False,False,,,,,,False,,False,False,0.14,0.95,True,False,-0.042,0.113,1.03,1.07,0.9,False,5,0.362,0.003,-0.304,False,True,False,0.18,False,False,False,NONE,False,5,0.121,0.103,1.3,87.48,23,55,0.671,False,False,0.22,0.559,2,2.3,0.38,0.5,False,False,False,False,weekly,unknown,unknown,ord_scan_weekly.csv,28.0
RGA,5,3,2,208.68,False,False,,,,,,False,,True,False,0.08,1.04,True,False,0.135,0.121,0.79,0.74,0.91,False,5,0.214,0.12,-0.418,False,False,False,0.74,False,False,False,NONE,False,7,0.086,0.218,0.4,163.2,25,13,0.728,False,False,0.32,0.728,3,2.0,0.46,1.0,True,False,False,False,monthly,unknown,unknown,ord_scan_monthly.csv,28.0
DORM,5,4,1,112.88,False,False,,,,,,False,1.14,False,True,0.21,0.93,True,False,-0.004,0.171,0.85,0.94,0.68,False,2,-0.198,0.216,2.105,False,False,True,0.48,False,False,False,NONE,False,6,0.324,0.128,3.7,98.45,21,6,0.339,False,False,0.23,0.327,2,4.9,0.23,0.5,True,False,False,False,monthly,unknown,unknown,ord_scan_monthly.csv,28.0
BKH,5,1,4,75.5,False,False,,,,,,False,,True,False,0.29,0.89,True,True,0.044,0.213,1.21,1.0,0.96,False,4,-0.416,-0.031,0.209,False,True,False,0.11,False,False,False,NONE,False,0,0.041,0.107,0.4,67.45,56,39,0.87,True,True,0.31,0.819,4,1.4,0.46,0.67,True,False,False,False,weekly,unknown,unknown,ord_scan_weekly.csv,28.0
RRC,7,3,4,42.63,False,False,,,,,,False,,True,False,0.13,1.03,True,True,0.269,0.265,0.92,1.01,0.88,False,3,0.935,-1.513,2.871,False,True,False,0.09,False,False,False,NONE,False,7,0.116,0.241,0.5,32.36,29,4,0.643,False,False,0.14,0.739,4,2.1,0.54,0.5,True,False,False,False,monthly,unknown,unknown,ord_scan_monthly.csv,28.0
APPF,3,3,0,173.1,False,False,,,,,,False,,False,True,0.36,0.81,False,False,-0.162,-0.298,0.93,1.1,0.53,False,1,-1.207,2.61,2.644,False,False,True,0.5,False,False,False,NONE,True,6,0.469,0.175,5.0,142.73,25,4,0.313,False,False,0.31,0.166,1,5.4,0.31,1.0,True,False,False,False,monthly,unknown,unknown,ord_scan_monthly.csv,28.0
HGV,6,3,3,45.94,False,False,,,,,,False,,True,False,0.22,1.04,True,True,0.366,-0.027,0.99,0.73,0.88,False,1,0.288,0.873,-2.096,False,True,False,0.02,False,False,False,NONE,False,9,0.184,0.199,1.1,36.79,21,12,0.664,False,False,0.31,0.714,2,2.7,0.38,1.0,False,False,False,False,monthly,unknown,unknown,ord_scan_monthly.csv,27.0
TTMI,10,2,5,158.99,False,False,,,,,,False,,False,False,0.96,1.46,True,True,0.619,1.366,1.45,0.94,0.88,True,1,1.606,0.118,1.134,True,False,False,0.97,True,False,False,NONE,False,5,0.117,0.46,0.3,85.88,28,1,0.637,False,False,0.98,0.831,4,1.1,0.38,0.33,True,True,True,True,weekly,unknown,unknown,ord_scan_weekly.csv,27.0
HTZ,4,2,2,6.14,False,False,,,,,,False,,True,False,0.3,1.6,False,False,-0.1,-0.216,0.83,0.79,0.65,False,1,-1.123,-3.74,3.132,False,True,False,0.28,False,False,False,NONE,False,9,0.867,0.385,16.9,3.78,14,1,0.433,False,False,0.38,0.53,2,2.4,0.15,0.0,True,False,False,False,monthly,unknown,unknown,ord_scan_monthly.csv,27.0
DUOL,2,0,2,111.25,False,False,,,,,,False,,False,False,1.0,0.72,False,False,-0.714,-0.496,0.36,1.44,0.2,False,1,1.499,-3.775,3.087,False,False,False,1.0,False,False,False,NONE,True,5,0.796,0.21,18.6,87.89,6,3,0.48,False,False,0.99,0.051,1,3.2,0.23,0.0,True,False,False,False,monthly,unknown,unknown,ord_scan_monthly.csv,27.0
TTMI,7,3,4,158.99,False,False,,,,,,False,,False,False,0.99,1.73,True,True,6.942,9.159,2.34,1.25,0.88,False,1,2.948,1.64,-0.682,False,False,False,0.99,True,False,False,NONE,False,3,0.117,0.753,0.2,39.2,40,1,0.767,False,True,0.93,0.874,9,0.9,0.77,1.0,True,False,True,True,monthly,unknown,unknown,ord_scan_monthly.csv,27.0
PRSU,10,4,6,42.22,False,False,,,,,,False,,False,True,0.39,1.13,True,True,0.216,0.19,1.06,0.88,0.99,False,3,0.89,-0.821,-0.381,False,False,True,0.4,False,False,False,NONE,False,5,0.111,0.232,0.5,32.41,55,38,0.961,True,True,0.22,0.946,0,1.5,0.38,0.5,True,False,False,False,weekly,unknown,unknown,ord_scan_weekly.csv,27.0
WOR,3,1,2,54.38,False,False,NONE,1.07,1.09,True,True,False,1.84,False,False,0.59,0.82,True,False,0.088,-0.099,0.75,0.61,0.78,False,2,-1.056,-0.121,1.655,False,False,False,0.58,False,False,False,NONE,False,3,0.223,0.176,1.6,44.83,11,8,0.456,False,False,0.5,0.526,2,3.4,0.54,1.0,True,False,False,False,monthly,unknown,unknown,ord_scan_monthly.csv,27.0
PRKS,0,0,0,35.27,False,False,,,,,,False,,True,False,0.38,0.76,False,False,-0.063,-0.271,1.21,0.93,0.89,False,1,-0.084,-0.489,-0.086,False,True,False,0.28,False,False,False,NONE,False,7,0.42,0.184,3.9,28.77,19,25,0.336,False,False,0.49,0.336,2,5.0,0.46,1.0,True,False,False,False,weekly,unknown,unknown,ord_scan_weekly.csv,27.0
ACIW,7,4,3,43.86,False,False,,,,,,False,,False,True,0.22,0.89,True,False,-0.178,0.321,0.77,0.89,0.73,False,4,1.352,0.55,-0.162,False,False,False,0.69,False,False,False,NONE,True,3,0.265,0.132,2.7,38.05,14,7,0.358,False,False,0.08,0.444,3,4.6,0.15,0.0,True,False,False,False,monthly,unknown,unknown,ord_scan_monthly.csv,27.0
MYRG,11,2,6,433.49,False,False,,,,,,False,,False,False,0.97,1.35,True,True,2.544,1.453,1.47,0.95,1.0,False,1,0.131,1.518,1.716,True,False,False,1.0,True,False,False,NONE,False,0,0.0,0.604,0.0,171.51,58,1,0.999,True,True,0.92,1.0,8,0.6,0.69,0.38,True,False,True,True,monthly,unknown,unknown,ord_scan_monthly.csv,27.0
ARCB,6,1,2,125.82,False,False,,,,,,False,,False,False,0.69,1.11,True,False,1.164,-0.107,1.26,0.85,0.93,False,1,0.698,0.386,1.112,True,False,False,0.59,False,False,False,NONE,False,7,0.172,0.529,0.4,59.26,24,2,0.823,True,False,0.48,0.731,2,0.9,0.38,0.67,True,False,False,False,monthly,unknown,unknown,ord_scan_monthly.csv,27.0
SFNC,5,1,4,21.23,False,False,,,,,,False,,False,False,0.4,1.01,True,True,0.056,0.249,1.05,1.1,0.96,False,3,0.41,-0.207,-0.782,False,True,False,0.17,False,False,False,NONE,False,2,0.128,0.14,1.0,18.25,32,74,0.637,False,True,0.08,0.831,4,2.1,0.38,1.0,False,False,False,False,weekly,unknown,unknown,ord_scan_weekly.csv,27.0
FBIN,0,0,0,39.91,False,False,,,,,,False,,False,False,0.8,1.06,False,False,-0.244,-0.513,1.16,1.21,0.45,False,2,-0.184,-0.319,0.549,False,False,False,0.99,False,False,False,NONE,False,6,0.559,0.096,13.2,36.07,21,2,0.217,False,False,0.86,0.074,3,8.2,0.15,1.0,True,False,False,False,monthly,unknown,unknown,ord_scan_monthly.csv,27.0
RHP,10,4,6,106.22,False,False,,,,,,False,,False,True,0.52,1.19,True,True,0.137,0.254,1.22,1.18,0.97,True,3,-0.166,-0.153,0.379,False,True,False,0.19,False,False,False,NONE,False,1,0.061,0.168,0.4,88.42,67,55,0.9,True,True,0.3,0.862,1,1.5,0.38,0.5,True,True,False,False,weekly,unknown,unknown,ord_scan_weekly.csv,27.0
TR,7,2,5,42.5,False,False,,,,,,False,,False,False,0.81,1.03,True,True,0.158,0.246,1.1,0.88,0.94,False,9,-0.867,-0.11,0.9,False,False,False,0.88,False,False,False,NONE,False,1,0.057,0.065,0.9,39.72,33,46,0.812,True,False,0.82,0.781,3,1.5,0.69,0.57,True,False,False,False,weekly,unknown,unknown,ord_scan_weekly.csv,27.0
SAIA,5,1,1,441.26,False,False,,,,,,False,,False,False,0.63,0.96,True,False,0.808,-0.246,0.92,0.83,0.71,False,1,1.987,1.486,0.572,True,False,False,0.88,False,False,False,NONE,False,5,0.298,0.435,1.0,249.32,21,2,0.888,True,False,0.52,0.536,2,0.9,0.38,0.5,True,False,False,False,monthly,unknown,unknown,ord_scan_monthly.csv,27.0
INSP,2,0,2,56.7,False,False,,,,,,False,0.78,False,False,0.92,0.94,False,False,-0.642,-0.736,0.58,1.08,0.26,False,2,0.602,-1.302,2.889,False,False,False,1.0,False,False,False,NONE,False,3,0.828,0.148,32.5,48.3,21,3,0.223,False,False,0.81,0.04,5,8.0,0.23,0.0,True,False,False,False,monthly,unknown,unknown,ord_scan_monthly.csv,27.0
DOCU,1,0,1,47.96,False,False,NONE,0.81,0.41,False,True,False,,False,False,0.41,0.86,False,False,-0.413,-0.195,0.73,1.16,0.44,False,3,-2.552,-2.005,4.307,False,False,False,0.59,False,False,False,NONE,False,3,0.848,0.163,34.2,40.16,24,4,0.253,False,False,0.32,0.115,8,6.9,0.31,0.0,True,False,False,False,monthly,unknown,unknown,ord_scan_monthly.csv,27.0
LW,2,0,2,43.86,False,False,,,,,,False,,False,False,0.67,0.7,False,False,-0.146,-0.568,0.68,1.0,0.54,False,1,-2.038,0.519,0.49,False,False,False,0.78,False,False,False,NONE,False,3,0.604,0.142,10.7,37.62,14,5,0.273,False,False,0.53,0.099,3,6.3,0.54,0.0,True,False,False,False,monthly,unknown,unknown,ord_scan_monthly.csv,27.0
BFS,3,3,0,34.42,False,False,,,,,,False,,False,False,0.22,0.84,True,False,0.152,0.041,0.89,0.93,0.9,False,6,-1.117,-0.007,0.896,False,False,False,0.72,False,False,False,NONE,False,5,0.2,0.191,1.3,27.86,29,36,0.685,False,True,0.24,0.639,7,2.2,0.46,1.0,False,False,False,False,monthly,unknown,unknown,ord_scan_monthly.csv,27.0
UE,7,2,5,21.85,False,False,,,,,,False,,False,False,0.52,1.05,True,True,0.136,0.159,1.02,0.99,0.98,False,7,0.237,-0.106,-0.302,False,False,False,0.76,False,False,False,NONE,True,0,0.03,0.101,0.3,19.65,46,55,0.943,True,False,0.33,0.902,4,1.4,0.54,0.75,True,False,False,False,weekly,unknown,unknown,ord_scan_weekly.csv,27.0
ESAB,0,0,0,97.94,False,False,,,,,,False,,False,False,0.92,1.09,False,False,-0.19,-0.16,1.1,1.33,0.71,False,1,0.664,-0.488,0.293,False,False,False,0.94,False,False,False,NONE,False,8,0.287,0.088,4.6,89.32,19,9,0.211,False,False,0.86,0.18,2,8.5,0.38,0.5,True,False,False,False,weekly,unknown,unknown,ord_scan_weekly.csv,27.0
WS,3,1,2,39.17,False,False,,,,,,False,,False,False,0.77,1.1,True,False,-0.022,0.236,0.97,0.88,0.8,False,1,1.696,-0.376,-1.389,False,False,False,0.77,False,False,False,NONE,False,3,0.199,0.305,0.8,27.22,31,5,0.936,True,True,0.88,0.55,5,1.1,0.38,0.5,True,False,False,False,weekly,unknown,unknown,ord_scan_weekly.csv,27.0
CWK,5,2,3,14.11,False,False,,,,,,False,,False,False,0.19,0.81,True,False,0.506,0.349,1.02,0.82,0.81,False,1,1.159,-0.628,-3.092,False,True,False,0.45,False,False,False,NONE,True,2,0.401,0.18,3.7,11.57,17,3,0.491,False,False,0.23,0.663,3,3.1,0.54,0.75,True,False,False,False,monthly,unknown,unknown,ord_scan_monthly.csv,27.0
FOUR,2,0,2,45.21,False,False,,,,,,False,,False,False,0.92,1.02,False,False,-0.234,-0.346,0.82,0.75,0.65,False,1,-0.566,0.171,-0.314,False,False,False,0.92,False,False,False,NONE,False,3,0.645,0.117,15.5,39.9,11,9,0.278,False,False,0.52,0.147,3,6.2,0.38,0.0,True,False,False,False,weekly,unknown,unknown,ord_scan_weekly.csv,27.0
PEN,13,4,6,325.33,False,False,,,,,,False,,False,False,0.13,1.6,True,True,0.111,0.458,0.66,1.39,0.9,False,4,0.485,0.464,2.526,True,False,False,0.17,False,False,False,NONE,False,2,0.102,0.32,0.4,221.26,36,6,0.737,False,False,0.09,0.827,4,1.7,0.38,0.5,True,False,False,False,monthly,unknown,unknown,ord_scan_monthly.csv,27.0
ASB,3,1,2,28.18,False,False,,,,,,False,,False,False,0.29,0.97,True,False,0.043,0.159,0.98,0.98,0.96,False,4,0.493,0.012,-0.356,False,True,False,0.17,False,False,False,NONE,False,0,0.037,0.153,0.2,23.87,51,53,0.896,True,True,0.16,0.814,7,1.6,0.46,1.0,False,False,False,False,weekly,unknown,unknown,ord_scan_weekly.csv,27.0
HRMY,2,2,0,31.83,False,False,,,,,,False,,True,False,0.16,0.88,False,False,0.08,-0.052,0.88,0.96,0.76,False,1,-1.229,-0.18,0.012,False,True,False,0.29,False,False,False,NONE,False,8,0.487,0.198,4.8,25.52,19,3,0.475,False,False,0.15,0.392,3,3.0,0.31,0.0,True,False,False,False,monthly,unknown,unknown,ord_scan_monthly.csv,27.0
MCY,9,3,6,96.27,False,False,,,,,,False,,True,False,0.17,0.87,True,True,0.103,0.254,0.91,0.81,0.97,False,3,0.635,-0.252,-0.018,False,True,False,0.04,False,False,False,NONE,False,0,0.034,0.147,0.2,82.12,64,37,0.886,True,True,0.16,0.868,5,1.4,0.38,1.0,True,False,False,False,weekly,unknown,unknown,ord_scan_weekly.csv,27.0
FNF,3,3,0,51.63,False,False,,,,,,False,1.41,True,False,0.09,0.93,True,False,-0.132,0.094,1.06,1.04,0.83,False,2,-0.093,0.417,0.714,False,False,False,0.77,False,False,False,NONE,False,8,0.167,0.18,1.1,42.32,18,12,0.508,False,False,0.15,0.481,2,2.9,0.46,0.0,True,False,False,False,monthly,unknown,unknown,ord_scan_monthly.csv,27.0
OFG,8,4,4,45.74,False,False,,,,,,False,,False,True,0.51,0.89,True,False,0.145,0.194,1.05,0.86,0.98,False,3,0.305,-0.019,0.164,False,True,False,0.37,False,False,False,NONE,False,0,0.024,0.186,0.1,37.25,59,55,0.923,True,True,0.59,0.903,7,1.2,0.54,0.67,True,False,False,False,weekly,unknown,unknown,ord_scan_weekly.csv,27.0
INVA,12,4,5,23.11,False,False,NONE,1.02,0.85,False,True,False,,False,True,0.06,1.04,True,True,0.236,0.516,0.9,0.78,0.92,False,3,0.191,0.119,0.295,True,True,False,0.1,False,False,False,NONE,False,1,0.081,0.285,0.3,16.52,36,7,0.764,False,False,0.02,0.811,4,1.6,0.54,1.0,True,False,False,False,monthly,unknown,unknown,ord_scan_monthly.csv,27.0
WABC,10,4,6,55.26,False,False,,,,,,False,,True,False,0.18,0.86,True,True,0.185,0.216,0.84,1.03,0.97,False,6,-0.613,-1.269,1.724,False,False,True,0.52,False,False,False,NONE,False,1,0.026,0.202,0.1,44.09,55,31,0.918,True,False,0.24,0.908,2,1.3,0.54,1.0,True,False,False,False,monthly,unknown,unknown,ord_scan_monthly.csv,27.0
PECO,10,5,5,39.87,False,False,,,,,,False,,False,True,0.42,1.05,True,True,0.194,0.199,1.03,0.91,0.98,False,6,10.954,-0.772,1.359,False,False,False,0.42,False,False,False,NONE,False,0,0.018,0.198,0.1,31.96,64,35,0.95,True,True,0.06,0.94,7,1.4,0.46,1.0,True,False,False,False,monthly,unknown,unknown,ord_scan_monthly.csv,27.0
TRNO,8,4,4,65.27,False,False,,,,,,False,,True,False,0.15,0.78,True,True,0.2,0.057,0.87,0.66,0.97,False,6,-1.245,1.016,-0.388,False,False,False,0.66,False,False,False,NONE,False,8,0.138,0.209,0.8,51.64,37,13,0.892,True,False,0.16,0.888,1,1.7,0.46,0.0,True,False,False,False,monthly,unknown,unknown,ord_scan_monthly.csv,27.0
BSY,2,1,1,33.56,False,False,,,,,,False,,False,False,0.52,1.37,False,False,-0.043,-0.338,1.16,0.75,0.82,False,1,-0.576,-0.835,0.287,False,False,False,0.84,False,False,False,NONE,False,5,0.431,0.081,9.3,30.83,32,24,0.172,True,False,0.41,0.138,1,10.6,0.31,0.0,True,False,False,False,weekly,unknown,unknown,ord_scan_weekly.csv,27.0
FCF,8,3,5,18.46,False,False,,,,,,False,,False,False,0.06,1.12,True,True,0.031,0.227,0.98,0.9,0.96,False,6,0.202,0.085,-0.223,False,True,False,0.25,False,False,False,NONE,False,0,0.037,0.115,0.3,16.33,41,54,0.883,True,False,0.02,0.845,0,1.4,0.46,0.67,True,False,False,False,weekly,unknown,unknown,ord_scan_weekly.csv,27.0
DEI,2,0,2,10.94,False,False,,,,,,False,,False,False,0.34,0.94,False,False,0.057,-0.122,1.01,0.86,0.96,False,2,0.31,-0.189,-1.573,False,True,False,0.19,False,False,False,NONE,False,5,0.419,0.19,3.8,8.86,17,26,0.513,False,False,0.25,0.57,4,2.9,0.46,0.0,True,False,True,False,weekly,unknown,unknown,ord_scan_weekly.csv,27.0
REXR,0,0,0,35.51,False,False,,,,,,False,,False,False,0.58,0.89,False,False,-0.112,-0.119,1.12,0.99,0.87,False,3,-0.347,-0.208,-0.476,False,False,False,0.68,False,False,False,NONE,False,5,0.271,0.107,3.5,31.71,16,53,0.428,False,False,0.43,0.392,4,4.6,0.38,0.0,False,False,False,False,weekly,unknown,unknown,ord_scan_weekly.csv,27.0
CVCO,2,0,2,510.68,False,False,,,,,,False,,False,False,0.96,0.95,False,False,0.038,-0.036,0.81,0.82,0.72,False,3,0.931,0.029,-0.286,False,False,False,0.96,False,False,False,NONE,False,5,0.284,0.109,3.6,454.87,12,13,0.27,False,False,0.86,0.228,1,6.4,0.38,0.0,True,False,False,False,weekly,unknown,unknown,ord_scan_weekly.csv,27.0
RBA,2,0,2,104.88,False,False,,,,,,False,,False,False,0.55,0.86,False,False,-0.077,0.057,0.76,0.85,0.88,False,4,0.325,-0.281,0.216,False,True,False,0.38,False,False,False,NONE,False,5,0.123,0.108,1.3,93.58,16,78,0.592,False,False,0.45,0.439,1,2.4,0.54,0.5,False,False,False,False,weekly,unknown,unknown,ord_scan_weekly.csv,27.0
GLPI,8,3,5,47.76,False,False,,,,,,False,,True,False,0.05,1.04,True,True,0.068,0.2,1.08,1.08,0.97,False,5,-0.113,-0.571,0.572,False,False,False,0.65,False,False,False,NONE,False,2,0.028,0.167,0.2,39.77,56,44,0.907,True,False,0.05,0.889,2,1.3,0.31,1.0,True,False,False,False,monthly,unknown,unknown,ord_scan_monthly.csv,27.0
HNI,3,3,0,37.44,False,False,,,,,,False,,False,True,0.33,0.79,False,False,-0.087,-0.121,1.15,1.09,0.67,False,1,0.509,-0.458,0.047,False,False,False,0.82,False,False,False,NONE,False,5,0.33,0.161,3.1,31.41,23,3,0.287,False,False,0.42,0.247,3,6.0,0.46,1.0,True,False,False,False,monthly,unknown,unknown,ord_scan_monthly.csv,27.0
AVA,6,3,3,40.72,False,False,,,,,,False,,False,False,0.33,0.83,True,True,-0.002,0.096,1.02,0.79,0.95,False,16,-0.771,-0.031,0.39,False,False,False,0.3,False,False,False,NONE,False,4,0.053,0.063,0.9,38.17,30,106,0.826,True,False,0.13,0.654,1,1.5,0.46,0.33,False,False,False,False,weekly,unknown,unknown,ord_scan_weekly.csv,27.0
FLO,1,0,1,8.72,False,False,,,,,,False,,False,False,0.98,0.8,False,False,-0.216,-0.231,0.82,0.97,0.74,False,2,-0.99,-0.463,-0.089,False,False,False,0.92,False,False,False,NONE,False,4,0.621,0.099,16.6,7.86,16,11,0.223,False,False,0.96,0.218,4,8.0,0.46,0.0,True,False,False,False,weekly,unknown,unknown,ord_scan_weekly.csv,27.0
RITM,3,3,0,9.79,False,False,,,,,,False,,True,False,0.09,0.68,True,False,-0.038,0.079,1.21,1.46,0.83,False,3,-1.144,1.65,-0.581,False,False,True,0.68,False,False,False,NONE,False,9,0.175,0.161,1.3,8.21,21,4,0.436,False,False,0.2,0.432,2,3.6,0.31,0.33,True,False,False,False,monthly,unknown,unknown,ord_scan_monthly.csv,27.0
CVBF,9,4,5,20.45,False,False,NONE,0.93,1.45,False,True,False,,True,False,0.07,1.08,True,True,0.162,0.261,0.79,1.38,0.88,False,11,0.232,-0.782,1.416,False,False,True,0.45,False,False,False,NONE,False,12,0.186,0.149,1.5,17.4,31,17,0.724,False,False,0.21,0.698,2,1.8,0.38,1.0,False,False,False,False,monthly,unknown,unknown,ord_scan_monthly.csv,27.0
MTZ,11,1,7,417.41,False,False,,,,,,False,,False,False,0.96,1.14,True,True,0.736,1.045,1.31,1.01,1.0,True,1,0.636,0.621,0.211,True,False,False,0.95,True,False,False,NONE,False,0,0.002,0.363,0.0,266.06,49,7,0.995,True,False,0.93,0.997,4,0.9,0.62,0.5,True,True,True,True,weekly,unknown,unknown,ord_scan_weekly.csv,27.0
ARWR,7,1,6,74.81,False,False,,,,,,False,,False,False,0.77,1.16,True,True,4.386,1.616,1.35,1.05,0.97,False,1,8.071,5.525,-1.425,False,False,False,0.72,True,False,False,NONE,False,5,0.201,0.799,0.3,15.01,41,5,0.921,True,False,0.62,0.971,2,0.4,0.69,0.8,True,False,True,True,monthly,unknown,unknown,ord_scan_monthly.csv,27.0
INSW,10,1,6,85.14,False,False,,,,,,False,,False,False,0.95,0.76,True,True,0.472,0.742,1.15,0.95,1.0,False,1,0.19,0.057,1.971,True,False,False,0.9,True,False,False,NONE,False,0,0.003,0.255,0.0,63.45,53,11,0.992,True,True,0.93,0.995,7,1.1,0.69,0.44,True,False,True,True,weekly,unknown,unknown,ord_scan_weekly.csv,27.0
NXRT,0,0,0,28.92,False,False,,,,,,False,,False,False,0.59,1.0,False,False,-0.023,-0.02,1.2,0.95,0.92,False,1,-0.306,0.262,-1.009,False,False,False,0.3,False,False,False,NONE,False,4,0.343,0.177,2.9,23.79,25,49,0.5,False,False,0.32,0.684,4,3.0,0.31,0.0,True,True,False,False,weekly,unknown,unknown,ord_scan_weekly.csv,27.0
BILL,2,0,2,39.07,False,False,,,,,,False,,False,False,0.48,1.18,False,False,-0.095,-0.213,0.82,0.68,0.68,False,1,0.861,-0.041,-2.249,False,False,True,0.51,False,False,False,NONE,False,6,0.61,0.119,13.2,34.44,20,11,0.269,False,False,0.33,0.203,1,6.4,0.46,0.0,True,False,False,False,weekly,unknown,unknown,ord_scan_weekly.csv,27.0
SBCF,1,1,0,31.31,False,False,,,,,,False,,False,False,0.31,0.81,True,False,-0.058,0.046,0.97,1.01,0.89,False,4,0.229,-0.207,-0.337,False,True,False,0.27,False,False,False,NONE,False,6,0.114,0.084,1.5,28.69,20,44,0.63,False,False,0.25,0.397,2,3.2,0.23,1.0,False,False,False,False,weekly,unknown,unknown,ord_scan_weekly.csv,26.0
NWL,3,0,3,4.55,False,False,,,,,,False,,False,False,0.98,0.62,False,False,0.011,-0.375,0.68,0.63,0.41,False,1,-0.419,-1.1,0.098,False,False,False,0.99,False,False,False,NONE,False,3,0.847,0.349,15.9,2.96,16,3,0.828,True,False,0.94,0.198,2,1.1,0.46,0.0,True,False,False,False,monthly,unknown,unknown,ord_scan_monthly.csv,26.0
PK,4,3,1,11.35,False,False,,,,,,False,,False,False,0.11,1.04,True,False,0.254,-0.199,0.9,0.89,0.82,False,6,-0.71,1.37,-2.534,False,False,False,0.4,False,False,False,NONE,False,4,0.442,0.182,4.4,9.28,27,13,0.886,True,False,0.31,0.533,2,2.0,0.23,0.75,True,False,False,False,monthly,unknown,unknown,ord_scan_monthly.csv,26.0
HLIT,3,2,1,11.76,False,False,NONE,1.1,0.67,True,True,False,1.33,True,False,0.08,0.71,False,False,0.31,-0.125,1.01,0.84,0.76,False,1,1.589,2.233,-0.335,False,False,False,0.29,False,False,False,NONE,False,5,0.362,0.298,1.9,8.25,33,3,0.887,True,False,0.18,0.517,2,1.2,0.46,1.0,True,False,False,False,monthly,unknown,unknown,ord_scan_monthly.csv,26.0
NEU,1,0,1,668.88,False,False,NONE,0.85,0.94,False,True,False,,False,False,0.66,0.86,False,False,0.002,-0.121,0.96,0.86,0.89,False,1,0.42,-0.521,0.558,False,False,False,0.77,False,False,False,NONE,False,4,0.229,0.137,2.2,577.05,19,29,0.316,False,False,0.67,0.421,1,5.3,0.54,0.0,True,False,False,False,weekly,unknown,unknown,ord_scan_weekly.csv,26.0
ABR,8,3,2,7.93,False,False,,,,,,False,,False,True,0.56,0.71,False,False,-0.222,-0.207,0.64,0.96,0.61,False,3,0.409,0.56,2.308,True,False,False,0.83,False,False,False,NONE,False,4,0.4,0.135,4.9,6.86,21,7,0.22,False,False,0.52,0.169,3,8.1,0.31,0.0,True,False,False,False,monthly,unknown,unknown,ord_scan_monthly.csv,26.0
SHAK,4,2,2,98.36,False,False,,,,,,False,,False,False,0.19,1.11,True,False,0.121,-0.055,0.85,0.87,0.68,False,1,-0.084,0.731,0.665,False,False,False,0.72,False,False,False,NONE,False,6,0.32,0.222,2.1,76.51,14,9,0.52,False,False,0.15,0.355,2,2.8,0.31,0.5,True,False,False,False,monthly,unknown,unknown,ord_scan_monthly.csv,26.0
BKU,4,3,1,46.59,False,False,,,,,,False,,True,False,0.17,0.91,True,False,-0.012,0.179,0.93,1.05,0.9,False,5,0.871,0.239,-1.006,False,True,False,0.32,False,False,False,NONE,False,8,0.1,0.106,1.0,41.66,19,27,0.681,False,False,0.21,0.638,2,2.3,0.38,0.0,False,False,False,False,weekly,unknown,unknown,ord_scan_weekly.csv,26.0
TNC,2,1,1,82.78,False,False,,,,,,False,,False,False,0.9,0.85,True,False,0.093,0.044,1.01,1.29,0.97,False,3,0.402,-0.72,-0.046,False,False,False,0.88,False,False,False,NONE,False,3,0.23,0.275,1.1,60.02,34,59,0.867,True,False,0.86,0.894,4,1.3,0.62,0.0,True,False,False,False,weekly,unknown,unknown,ord_scan_weekly.csv,26.0
GO,2,0,2,8.35,False,False,,,,,,False,,False,False,0.92,0.65,False,False,-0.124,-0.386,0.7,0.91,0.76,False,2,-0.618,-1.257,0.069,False,False,False,0.88,False,False,False,NONE,False,3,0.681,0.323,6.6,5.66,31,6,0.981,True,True,0.9,0.305,3,1.0,0.62,0.0,True,False,False,False,weekly,unknown,unknown,ord_scan_weekly.csv,26.0
BMI,0,0,0,121.98,False,False,,,,,,False,,False,False,0.95,1.12,False,False,-0.166,-0.321,1.36,1.7,0.65,False,2,-0.362,-0.359,0.565,False,False,False,0.95,False,False,False,NONE,False,6,0.52,0.081,13.4,112.09,26,2,0.196,True,False,1.0,0.125,2,9.2,0.31,0.0,True,False,False,False,weekly,unknown,unknown,ord_scan_weekly.csv,26.0
CWST,0,0,0,86.83,False,False,NONE,0.94,1.58,False,True,False,,False,False,0.99,1.19,False,False,-0.139,-0.02,1.13,1.09,0.8,False,1,-0.756,0.034,0.442,False,False,False,0.94,False,False,False,NONE,True,8,0.284,0.147,2.7,74.05,14,10,0.406,False,False,0.99,0.377,0,3.9,0.38,0.0,True,True,False,False,weekly,unknown,unknown,ord_scan_weekly.csv,26.0
PEB,2,1,1,14.08,False,False,,,,,,False,,False,False,0.5,0.94,True,False,0.561,-0.08,0.92,0.93,0.94,False,2,-0.244,0.396,-2.882,False,False,False,0.57,False,False,False,NONE,False,2,0.625,0.341,4.9,9.28,34,6,0.865,True,True,0.6,0.782,6,1.1,0.54,0.67,True,False,False,False,monthly,unknown,unknown,ord_scan_monthly.csv,26.0
NSSC,8,1,4,46.72,False,False,NONE,1.73,0.56,False,True,False,,False,False,0.52,0.98,True,True,1.076,0.197,1.09,1.05,0.98,False,1,0.706,0.388,2.324,True,False,False,0.38,False,False,False,NONE,False,5,0.174,0.38,0.6,28.97,26,9,0.943,True,False,0.47,0.74,2,1.1,0.69,0.33,True,False,False,False,monthly,unknown,unknown,ord_scan_monthly.csv,26.0
GHC,1,1,0,1134.42,False,False,,,,,,False,,True,False,0.44,1.06,True,False,-0.024,0.125,1.08,1.02,0.93,False,3,0.408,-0.545,0.255,False,True,False,0.08,False,False,False,NONE,False,6,0.071,0.106,0.7,1014.67,33,67,0.778,False,False,0.4,0.631,0,1.8,0.38,1.0,False,True,False,False,weekly,unknown,unknown,ord_scan_weekly.csv,26.0
GSHD,0,0,0,43.52,False,False,,,,,,False,,False,False,0.94,0.9,False,False,-0.296,-0.366,0.87,0.99,0.55,False,1,0.243,-0.985,-0.172,False,False,False,0.98,False,False,False,NONE,False,4,0.66,0.089,21.8,39.64,23,11,0.146,True,False,0.74,0.096,1,12.7,0.31,0.0,True,False,False,False,weekly,unknown,unknown,ord_scan_weekly.csv,26.0
CGNX,7,1,3,55.94,False,False,,,,,,False,,False,False,0.5,0.97,True,False,1.066,0.34,1.38,0.91,0.94,False,2,0.725,1.045,0.737,True,False,True,0.45,False,False,False,NONE,False,0,0.433,0.382,2.0,34.55,49,3,0.822,True,True,0.57,0.897,5,1.2,0.46,1.0,True,False,False,False,monthly,unknown,unknown,ord_scan_monthly.csv,26.0
BMI,3,3,0,121.98,False,False,,,,,,False,2.11,False,True,0.78,0.86,False,False,-0.443,-0.235,0.92,1.33,0.48,False,1,0.388,-0.703,2.619,False,False,False,0.95,False,False,False,NONE,False,4,0.52,0.081,13.4,112.09,29,1,0.196,True,False,0.76,0.07,1,9.2,0.15,0.0,True,False,False,False,monthly,unknown,unknown,ord_scan_monthly.csv,26.0
ALLY,6,3,3,43.12,False,False,,,,,,False,,True,False,0.23,1.06,True,True,0.372,0.138,1.01,0.88,0.92,False,2,0.457,0.197,-1.359,False,True,False,0.02,False,False,False,NONE,False,10,0.102,0.187,0.6,35.06,24,12,0.774,False,False,0.25,0.804,2,2.0,0.46,0.6,True,False,False,False,monthly,unknown,unknown,ord_scan_monthly.csv,26.0
GAP,6,3,3,24.68,False,False,,,,,,False,1.39,True,False,0.19,1.04,True,True,0.17,-0.045,0.93,0.78,0.85,False,2,1.684,0.097,-0.437,False,True,False,0.07,False,False,False,NONE,False,9,0.205,0.259,1.0,18.29,16,7,0.551,False,False,0.23,0.65,3,2.3,0.38,0.33,True,False,False,False,monthly,unknown,unknown,ord_scan_monthly.csv,26.0
RDNT,0,0,0,56.85,False,False,,,,,,False,,False,False,0.67,0.98,False,False,-0.189,-0.252,0.86,0.93,0.7,False,2,0.35,0.438,-0.474,False,False,False,0.86,False,False,False,NONE,False,4,0.393,0.078,8.3,52.39,23,8,0.193,True,False,0.48,0.133,2,9.3,0.31,0.0,True,False,False,False,weekly,unknown,unknown,ord_scan_weekly.csv,26.0
CHWY,5,3,2,25.54,False,False,,,,,,False,,False,True,0.08,0.84,False,False,-0.319,0.605,0.71,0.98,0.53,False,2,0.615,-7.851,5.923,False,False,True,0.22,False,False,False,NONE,False,0,0.787,0.11,33.7,22.74,37,4,0.231,False,False,0.02,0.32,2,7.6,0.46,0.5,True,False,False,False,monthly,unknown,unknown,ord_scan_monthly.csv,26.0
UFCS,8,2,6,39.89,False,False,,,,,,False,,False,False,0.77,1.41,True,True,0.464,0.923,0.87,0.78,0.96,False,5,-0.805,-0.428,1.508,False,False,False,0.46,False,False,False,NONE,False,1,0.167,0.36,0.6,25.54,54,9,0.885,True,True,0.8,0.923,7,1.3,0.62,0.83,True,False,False,False,monthly,unknown,unknown,ord_scan_monthly.csv,26.0
SKY,2,1,1,76.9,False,False,,,,,,False,,True,False,0.62,0.83,True,False,-0.111,-0.095,1.01,0.82,0.66,False,2,0.249,1.331,-0.098,False,False,False,0.73,False,False,False,NONE,False,7,0.34,0.204,2.5,61.18,11,6,0.359,False,False,0.63,0.306,4,3.6,0.31,0.0,True,False,False,False,monthly,unknown,unknown,ord_scan_monthly.csv,26.0
IBOC,10,4,6,71.66,False,False,NONE,1.5,1.06,True,True,False,2.38,True,False,0.07,1.02,True,True,0.198,0.332,0.81,1.11,0.96,False,11,0.321,-0.321,1.263,False,True,False,0.15,False,False,False,NONE,False,2,0.04,0.127,0.3,62.56,49,23,0.872,True,False,0.12,0.879,2,1.4,0.23,1.0,True,False,False,False,monthly,unknown,unknown,ord_scan_monthly.csv,26.0
WGO,2,1,1,32.02,False,False,,,,,,False,,False,False,0.97,1.21,False,False,-0.295,-0.135,0.82,1.06,0.65,False,2,0.514,-0.769,-0.821,False,False,False,0.99,False,False,False,NONE,False,5,0.484,0.11,8.5,28.49,26,9,0.198,True,False,0.93,0.167,2,9.1,0.31,0.0,True,False,False,False,weekly,unknown,unknown,ord_scan_weekly.csv,26.0
CUBE,4,4,0,40.14,False,False,,,,,,False,,True,False,0.02,0.81,True,False,0.055,-0.008,1.03,1.07,0.82,False,11,-0.251,0.401,0.336,False,False,False,0.73,False,False,False,NONE,False,11,0.205,0.151,1.7,34.07,17,17,0.581,False,False,0.3,0.44,2,2.4,0.38,0.0,False,False,False,False,monthly,unknown,unknown,ord_scan_monthly.csv,26.0
PLAB,14,6,5,50.16,False,False,NONE,0.63,0.87,False,True,False,,False,True,0.86,1.57,True,True,1.745,0.771,1.62,1.13,0.95,False,1,0.441,2.042,2.057,True,False,False,0.9,True,False,False,NONE,False,0,0.05,0.612,0.1,19.45,46,2,0.875,True,False,0.69,0.928,2,0.8,0.38,1.0,True,False,True,True,monthly,unknown,unknown,ord_scan_monthly.csv,26.0
LCII,9,4,2,116.79,False,False,,,,,,False,,False,True,0.45,0.93,True,True,0.582,0.041,1.28,0.91,0.74,False,3,0.482,0.687,1.3,True,False,False,0.45,False,False,False,NONE,False,5,0.262,0.292,1.2,82.71,14,6,0.285,False,False,0.55,0.535,1,2.9,0.54,0.5,True,False,False,False,monthly,unknown,unknown,ord_scan_monthly.csv,26.0
KWR,0,0,0,142.43,False,False,,,,,,False,,True,False,0.4,0.91,False,False,0.371,-0.284,1.24,0.93,0.78,False,1,-0.418,0.366,1.131,False,True,False,0.47,False,False,False,NONE,False,7,0.5,0.226,4.4,110.2,14,3,0.435,False,False,0.64,0.453,2,3.4,0.54,0.5,True,False,False,False,monthly,unknown,unknown,ord_scan_monthly.csv,26.0
WHR,3,3,0,56.57,False,False,,,,,,False,,False,True,0.81,0.72,False,False,-0.215,-0.464,0.9,1.4,0.45,False,2,0.211,-0.192,-0.485,False,False,False,0.97,False,False,False,NONE,False,3,0.716,0.109,23.2,50.41,26,3,0.143,True,False,0.84,0.082,3,13.0,0.31,0.0,True,False,False,False,monthly,unknown,unknown,ord_scan_monthly.csv,26.0
ACLS,12,4,5,139.99,False,False,,,,,,False,,False,True,0.95,1.02,True,True,0.59,0.76,1.51,0.95,0.95,False,1,0.363,0.376,0.873,True,False,True,0.88,False,False,False,NONE,False,1,0.117,0.445,0.3,77.74,55,3,0.855,True,True,0.9,0.893,7,1.0,0.62,0.5,True,False,False,False,weekly,unknown,unknown,ord_scan_weekly.csv,26.0
CURB,5,1,4,27.49,False,False,,,,,,False,,False,False,0.97,0.96,True,True,0.141,0.21,1.16,0.99,0.95,False,4,-0.754,1.167,0.032,False,False,False,0.88,False,False,False,NONE,False,0,0.05,0.086,0.6,25.12,34,55,0.832,True,False,0.85,0.792,1,1.6,0.54,0.83,True,False,False,False,weekly,unknown,unknown,ord_scan_weekly.csv,26.0
RES,8,4,1,7.62,False,False,,,,,,False,,False,True,0.45,1.09,True,False,0.663,0.042,1.31,1.15,0.93,False,1,0.058,1.49,1.137,True,False,False,0.28,False,False,False,NONE,False,6,0.679,0.459,4.6,4.12,39,3,0.827,True,False,0.27,0.871,3,1.0,0.46,1.0,True,False,False,False,monthly,unknown,unknown,ord_scan_monthly.csv,26.0
PECO,9,3,6,39.87,False,False,,,,,,False,,False,False,0.67,1.08,True,True,0.11,0.199,1.07,0.99,0.98,True,12,-0.148,-0.032,0.163,False,False,False,0.62,False,False,False,NONE,False,2,0.021,0.088,0.2,36.34,56,151,0.936,True,True,0.51,0.897,6,1.2,0.46,0.5,True,False,False,False,weekly,unknown,unknown,ord_scan_weekly.csv,26.0
EPRT,2,2,0,31.26,False,False,,,,,,False,,False,False,0.54,0.96,True,False,0.04,0.068,1.13,1.18,0.91,False,7,-0.332,-0.101,0.111,False,False,False,0.86,False,False,False,NONE,False,6,0.091,0.046,2.1,29.81,22,100,0.696,False,False,0.34,0.448,2,2.0,0.62,0.5,False,False,False,False,weekly,unknown,unknown,ord_scan_weekly.csv,26.0
NOG,2,1,1,26.52,False,False,,,,,,False,0.94,False,False,0.68,0.85,True,False,0.077,0.242,1.26,1.01,0.86,False,1,0.667,-0.633,0.658,False,False,False,0.8,False,False,False,NONE,False,3,0.343,0.11,4.7,23.6,10,15,0.559,False,False,0.57,0.627,2,2.8,0.62,0.6,True,False,False,False,weekly,unknown,unknown,ord_scan_weekly.csv,26.0
HAE,1,0,1,59.26,False,False,,,,,,False,,False,False,0.68,1.05,False,False,-0.06,-0.306,0.86,0.86,0.62,False,2,-0.336,-1.027,0.961,False,False,False,0.78,False,False,False,NONE,False,3,0.583,0.201,6.9,47.32,35,4,0.167,True,False,0.63,0.236,5,4.9,0.38,1.0,True,False,False,False,monthly,unknown,unknown,ord_scan_monthly.csv,26.0
ABM,4,3,1,40.99,False,False,NONE,0.77,0.69,True,False,False,1.15,False,True,0.34,0.62,False,False,-0.133,-0.034,0.8,0.94,0.72,False,3,-0.382,-0.984,1.743,False,False,False,0.92,False,False,False,NONE,False,5,0.286,0.105,3.8,36.68,22,14,0.26,False,False,0.35,0.208,2,6.7,0.38,0.0,True,False,False,False,monthly,unknown,unknown,ord_scan_monthly.csv,26.0
VRTS,3,0,0,136.0,False,False,,,,,,False,,False,False,0.39,1.18,False,False,-0.048,-0.388,0.91,1.17,0.58,False,3,0.053,1.093,2.494,True,False,False,0.67,False,False,False,NONE,False,7,0.515,0.121,8.8,119.58,24,7,0.247,False,False,0.26,0.145,1,7.1,0.31,0.0,True,False,False,False,monthly,unknown,unknown,ord_scan_monthly.csv,26.0
PBH,0,0,0,55.09,False,False,,,,,,False,,False,False,0.49,1.06,False,False,-0.322,-0.241,0.89,0.95,0.61,False,2,0.13,-1.132,1.158,False,False,False,0.94,False,False,False,NONE,False,7,0.388,0.07,9.1,51.24,26,9,0.16,True,False,0.42,0.099,3,11.5,0.15,0.0,True,False,False,False,monthly,unknown,unknown,ord_scan_monthly.csv,26.0
RGEN,0,0,0,117.2,False,False,,,,,,False,1.61,False,False,0.86,0.76,False,False,-0.215,-0.214,1.13,1.21,0.67,False,1,0.279,-0.501,-0.671,False,False,False,0.83,False,False,False,NONE,False,5,0.358,0.066,8.5,109.5,23,12,0.15,True,False,0.58,0.116,1,12.3,0.31,0.0,True,False,False,False,weekly,unknown,unknown,ord_scan_weekly.csv,26.0
PRIM,11,1,7,180.35,False,False,,,,,,False,,False,False,0.63,0.91,True,True,0.217,0.276,1.17,0.89,0.98,False,1,1.803,0.104,0.022,True,False,False,0.69,True,False,False,NONE,False,0,0.02,0.31,0.1,124.5,38,7,0.939,True,False,0.58,0.949,4,1.1,0.54,0.25,True,False,True,True,weekly,unknown,unknown,ord_scan_weekly.csv,26.0
BKE,7,3,4,55.27,False,False,,,,,,False,,True,False,0.17,0.97,True,True,0.176,0.081,0.99,0.82,0.97,False,3,0.328,-0.052,0.251,False,True,False,0.02,False,False,False,NONE,False,2,0.034,0.131,0.3,48.0,54,45,0.89,True,True,0.11,0.831,1,1.3,0.46,0.0,True,False,False,False,weekly,unknown,unknown,ord_scan_weekly.csv,26.0
CZR,4,0,1,28.38,False,False,,,,,,False,,False,False,0.28,0.88,False,False,0.049,-0.351,0.87,0.79,0.62,False,2,1.95,1.121,2.232,True,False,False,0.61,False,False,False,NONE,False,5,0.763,0.371,8.7,17.86,19,3,0.808,True,False,0.37,0.375,3,1.5,0.54,0.0,True,False,False,False,monthly,unknown,unknown,ord_scan_monthly.csv,26.0
THRM,1,0,1,30.3,False,False,,,,,,False,,False,False,0.28,0.83,False,False,0.165,-0.474,0.93,0.84,0.64,False,3,0.598,2.528,-0.355,False,False,False,0.42,False,False,False,NONE,False,3,0.694,0.109,20.8,27.0,18,4,0.264,False,False,0.33,0.214,4,6.6,0.38,0.0,True,False,False,False,monthly,unknown,unknown,ord_scan_monthly.csv,26.0
ADC,5,3,2,76.36,False,False,,,,,,False,,False,False,0.67,1.02,True,False,0.072,0.072,1.02,0.86,0.94,False,12,-0.568,-0.19,0.35,False,False,False,0.67,False,False,False,NONE,False,5,0.063,0.038,1.8,73.48,22,94,0.791,False,False,0.61,0.601,1,1.8,0.62,0.6,False,False,False,False,weekly,unknown,unknown,ord_scan_weekly.csv,25.0
AN,5,4,1,210.0,False,False,,,,,,False,,False,True,0.24,1.13,True,False,0.024,0.051,1.02,1.02,0.93,False,3,0.532,-0.456,0.15,False,True,False,0.1,False,False,False,NONE,False,5,0.083,0.142,0.6,180.28,42,53,0.743,False,False,0.13,0.669,0,2.2,0.46,1.0,False,True,False,False,weekly,unknown,unknown,ord_scan_weekly.csv,25.0
HTO,3,2,1,56.73,False,False,,,,,,False,,False,False,0.86,1.09,True,False,0.099,0.248,1.08,1.35,0.92,False,8,-1.027,-0.265,0.616,False,False,False,0.78,False,False,False,NONE,False,5,0.083,0.067,1.3,52.91,20,23,0.722,False,False,0.83,0.722,1,1.8,0.54,0.75,True,True,False,False,weekly,unknown,unknown,ord_scan_weekly.csv,25.0
AAL,3,3,0,11.84,False,False,,,,,,False,,False,True,0.31,0.81,False,False,0.19,-0.229,0.92,0.96,0.62,False,1,1.474,0.66,-0.949,False,False,False,0.43,False,False,False,NONE,False,3,0.794,0.148,26.1,10.09,17,3,0.331,False,False,0.39,0.315,2,5.0,0.31,1.0,True,False,False,False,monthly,unknown,unknown,ord_scan_monthly.csv,25.0
RHP,7,3,4,106.22,False,False,,,,,,False,,True,False,0.1,0.81,True,True,0.269,0.02,0.9,0.69,0.94,False,2,0.544,0.974,-0.506,False,False,False,0.44,False,False,False,NONE,False,4,0.061,0.231,0.3,81.69,36,13,0.9,True,False,0.2,0.829,2,1.7,0.31,0.0,True,False,False,False,monthly,unknown,unknown,ord_scan_monthly.csv,25.0
MATW,3,1,2,28.61,False,False,,,,,,False,,True,False,0.44,0.96,True,False,0.46,-0.004,0.84,0.75,0.92,False,1,-0.56,-0.432,0.872,False,True,False,0.4,False,False,False,NONE,False,7,0.444,0.248,3.2,21.52,19,7,0.754,False,False,0.53,0.824,2,1.7,0.23,0.5,True,False,False,False,monthly,unknown,unknown,ord_scan_monthly.csv,25.0
EGP,9,4,5,200.18,False,False,,,,,,False,,False,True,0.27,0.98,True,True,0.111,0.167,1.06,1.05,0.98,False,5,-0.197,-0.043,-0.035,False,False,False,0.49,False,False,False,NONE,False,0,0.017,0.101,0.2,179.9,60,55,0.952,True,True,0.17,0.9,1,1.4,0.62,0.67,True,False,False,False,weekly,unknown,unknown,ord_scan_weekly.csv,25.0
HTLD,8,1,7,13.47,False,False,,,,,,False,,False,False,0.93,1.0,True,True,0.338,0.734,1.18,0.81,0.97,True,1,-0.403,-0.103,-0.198,False,False,False,0.89,True,False,False,NONE,False,0,0.032,0.307,0.1,9.33,50,6,0.901,True,True,0.91,0.935,7,1.2,0.54,0.75,True,False,True,True,weekly,unknown,unknown,ord_scan_weekly.csv,25.0
IPAR,1,1,0,91.73,False,False,,,,,,False,,False,False,0.34,0.92,False,False,-0.052,0.048,1.08,1.03,0.88,False,6,-0.638,0.252,0.32,False,False,False,0.48,False,False,False,NONE,False,7,0.357,0.056,9.9,86.57,18,33,0.426,False,False,0.22,0.563,2,3.7,0.38,0.33,False,False,False,False,weekly,unknown,unknown,ord_scan_weekly.csv,25.0
WOR,2,2,0,54.38,False,False,,,,,,False,,False,False,0.21,1.39,False,False,-0.017,-0.023,0.91,0.93,0.92,False,5,0.181,-0.334,0.327,False,True,False,0.12,False,False,False,NONE,False,7,0.225,0.172,1.7,45.01,30,33,0.468,False,False,0.24,0.653,0,3.3,0.46,0.0,True,False,False,False,weekly,unknown,unknown,ord_scan_weekly.csv,25.0
AGX,11,2,6,702.27,False,False,,,,,,False,,False,False,1.0,1.22,True,True,3.626,13.211,1.59,0.92,1.0,False,1,43.588,0.292,3.189,True,False,False,1.0,True,False,False,NONE,False,0,0.003,0.721,0.0,196.23,54,2,0.992,True,True,0.97,0.996,5,0.6,0.69,0.45,True,False,True,True,monthly,unknown,unknown,ord_scan_monthly.csv,25.0
BRKR,1,0,1,36.79,False,False,,,,,,False,,False,False,0.63,0.85,False,False,-0.077,-0.605,0.88,0.79,0.53,False,1,0.301,0.532,-0.296,False,False,False,0.79,False,False,False,NONE,False,3,0.609,0.228,6.8,28.41,26,4,0.188,True,False,0.63,0.129,2,5.2,0.38,1.0,True,False,False,False,monthly,unknown,unknown,ord_scan_monthly.csv,25.0
NOG,2,1,1,26.52,False,False,,,,,,False,,False,False,0.25,1.03,False,False,0.167,-0.241,0.8,1.07,0.66,False,1,1.698,-1.426,2.143,False,False,False,0.3,False,False,False,NONE,False,3,0.343,0.266,2.0,19.48,14,4,0.61,False,False,0.22,0.365,2,2.1,0.23,1.0,True,False,False,False,monthly,unknown,unknown,ord_scan_monthly.csv,25.0
LXP,12,5,7,51.84,False,False,,,,,,False,,False,True,0.51,0.99,True,True,0.396,0.315,0.92,0.85,0.99,False,7,-0.664,-0.116,1.073,False,True,False,0.13,False,False,False,NONE,False,4,0.191,0.295,0.8,36.55,38,9,0.964,True,False,0.52,0.972,2,1.1,0.38,1.0,True,False,True,False,monthly,unknown,unknown,ord_scan_monthly.csv,25.0
GT,1,0,1,7.08,False,False,,,,,,False,,False,False,0.88,0.86,False,False,-0.248,0.028,0.75,1.08,0.67,False,4,-0.008,-0.82,-0.147,False,False,False,0.85,False,False,False,NONE,False,4,0.466,0.133,6.6,6.14,11,9,0.337,False,False,0.77,0.21,2,4.9,0.23,1.0,True,False,False,False,weekly,unknown,unknown,ord_scan_weekly.csv,25.0
CXM,0,0,0,5.19,False,False,,,,,,False,,False,False,0.84,0.88,False,False,-0.187,-0.328,1.01,1.55,0.65,False,1,-0.073,-1.243,-0.346,False,False,False,0.88,False,False,False,NONE,False,4,0.596,0.092,16.1,4.72,17,13,0.219,False,False,0.76,0.136,4,8.1,0.15,0.0,True,False,False,False,weekly,unknown,unknown,ord_scan_weekly.csv,25.0
MASI,4,2,2,178.48,False,False,,,,,,False,,False,False,0.13,1.03,True,False,0.109,0.215,0.71,1.45,0.92,False,3,-0.763,0.85,1.48,False,False,False,0.44,False,False,False,NONE,False,0,0.415,0.294,2.4,125.94,30,14,0.762,False,False,0.05,0.824,4,1.6,0.46,1.0,True,False,False,False,monthly,unknown,unknown,ord_scan_monthly.csv,25.0
ALGM,12,1,8,48.98,False,False,,,,,,False,,False,False,0.89,1.07,True,True,0.327,0.637,1.34,0.88,1.0,True,1,0.363,0.102,0.248,True,False,False,0.86,True,False,False,NONE,False,0,0.004,0.435,0.0,27.65,46,3,0.988,True,False,0.86,0.992,4,0.8,0.46,0.5,True,True,True,True,weekly,unknown,unknown,ord_scan_weekly.csv,25.0
SHO,4,2,2,9.89,False,False,,,,,,False,,False,False,0.39,0.98,True,False,0.234,-0.038,0.79,0.71,0.84,False,11,-0.278,0.54,-0.926,False,False,False,0.68,False,False,False,NONE,True,9,0.295,0.167,2.5,8.23,4,15,0.719,False,False,0.45,0.598,3,1.8,0.31,0.0,False,False,False,False,monthly,unknown,unknown,ord_scan_monthly.csv,25.0
PRVA,7,3,4,24.85,False,False,,,,,,False,,True,False,0.02,1.09,True,False,0.058,0.269,0.97,0.87,0.94,False,1,-1.236,-2.671,1.712,False,True,False,0.14,False,False,False,NONE,False,9,0.511,0.245,4.3,18.77,34,18,0.793,False,False,0.06,0.843,2,1.6,0.38,1.0,True,False,False,False,monthly,unknown,unknown,ord_scan_monthly.csv,25.0
BLKB,0,0,0,37.54,False,False,,,,,,False,1.87,False,False,0.86,0.71,False,False,-0.38,-0.494,0.92,1.32,0.42,False,2,-0.61,0.293,0.426,False,False,False,1.0,False,False,False,NONE,False,4,0.685,0.096,22.7,33.95,21,2,0.214,False,False,0.88,0.065,5,8.4,0.23,0.0,True,False,False,False,monthly,unknown,unknown,ord_scan_monthly.csv,25.0
AAON,5,1,1,93.59,False,False,,,,,,False,,True,False,0.59,0.75,True,False,0.03,0.072,0.94,0.84,0.65,False,1,0.258,0.784,2.424,True,False,False,0.8,False,False,False,NONE,False,8,0.346,0.34,1.6,61.78,10,2,0.467,False,False,0.7,0.391,2,1.7,0.46,0.0,True,False,False,False,monthly,unknown,unknown,ord_scan_monthly.csv,25.0
LEG,1,0,1,10.89,False,False,,,,,,False,,True,False,0.42,0.92,False,False,0.154,-0.394,0.91,0.85,0.81,False,1,-0.403,-0.967,0.588,False,True,False,0.65,False,False,False,NONE,False,8,0.775,0.289,11.9,7.75,8,6,0.54,False,False,0.77,0.371,1,2.1,0.15,0.33,True,False,False,False,monthly,unknown,unknown,ord_scan_monthly.csv,25.0
HAFC,7,4,3,30.17,False,False,,,,,,False,,False,True,0.17,0.85,True,False,0.147,0.166,1.0,0.87,0.96,False,1,0.596,-0.078,-0.097,False,True,False,0.06,False,False,False,NONE,False,0,0.037,0.187,0.2,24.54,55,38,0.884,True,True,0.24,0.835,7,1.4,0.31,0.67,True,False,False,False,weekly,unknown,unknown,ord_scan_weekly.csv,25.0
SSTK,3,0,3,16.69,False,False,,,,,,False,,False,False,0.5,0.65,False,False,0.124,-0.592,0.59,0.65,0.47,False,3,0.01,-1.445,0.618,False,False,False,0.77,False,False,False,NONE,False,3,0.847,0.157,35.3,14.06,6,3,0.424,False,False,0.55,0.119,1,3.7,0.31,0.0,True,False,False,False,monthly,unknown,unknown,ord_scan_monthly.csv,25.0
RH,2,0,2,129.97,False,False,,,,,,False,,False,False,0.72,0.92,False,False,-0.294,-0.627,0.66,0.91,0.28,False,1,4.704,-0.324,-1.644,False,False,False,0.94,False,False,False,NONE,False,3,0.825,0.182,26.0,106.3,6,2,0.426,False,False,0.7,0.067,4,3.7,0.23,0.0,True,False,False,False,monthly,unknown,unknown,ord_scan_monthly.csv,25.0
SLM,4,1,0,22.69,False,False,,,,,,False,1.01,False,False,0.47,0.92,True,False,-0.2,0.088,0.97,1.11,0.66,False,2,0.545,0.884,0.011,True,False,False,0.74,False,False,False,NONE,False,6,0.341,0.222,2.3,17.65,8,3,0.483,False,False,0.54,0.3,2,3.1,0.38,0.0,True,False,False,False,monthly,unknown,unknown,ord_scan_monthly.csv,25.0
ONB,2,1,1,24.07,False,False,,,,,,False,,False,False,0.3,0.91,True,False,-0.009,0.193,0.9,1.05,0.93,False,4,0.615,-0.102,-0.374,False,True,False,0.12,False,False,False,NONE,False,2,0.075,0.136,0.6,20.8,34,54,0.76,False,True,0.28,0.709,6,1.8,0.46,1.0,False,False,False,False,weekly,unknown,unknown,ord_scan_weekly.csv,25.0
FFIN,1,1,0,32.56,False,False,,,,,,False,,True,False,0.33,0.85,True,False,-0.006,0.043,0.87,1.11,0.75,False,3,-0.019,-0.428,1.446,False,False,True,0.79,False,False,False,NONE,False,6,0.35,0.142,3.8,27.94,19,17,0.367,False,False,0.33,0.365,2,4.5,0.31,0.0,True,False,False,False,monthly,unknown,unknown,ord_scan_monthly.csv,25.0
RDN,6,4,2,35.43,False,False,,,,,,False,,False,True,0.38,0.88,True,False,0.085,0.06,1.01,0.81,0.95,False,3,0.163,-0.255,0.224,False,True,False,0.29,False,False,False,NONE,False,2,0.074,0.094,0.9,32.1,37,113,0.775,False,True,0.28,0.679,7,1.9,0.38,0.33,False,True,False,False,weekly,unknown,unknown,ord_scan_weekly.csv,25.0
ANIP,3,1,2,80.39,False,False,,,,,,False,,False,False,0.26,0.99,True,False,0.135,0.163,0.79,0.92,0.81,False,4,1.972,1.14,-0.511,False,False,False,0.12,False,False,False,NONE,False,4,0.192,0.22,1.1,62.68,16,9,0.481,False,False,0.09,0.593,2,3.2,0.38,1.0,False,False,False,False,monthly,unknown,unknown,ord_scan_monthly.csv,25.0
RS,12,4,5,365.85,False,False,,,,,,False,,False,True,0.19,0.78,True,True,0.291,0.134,1.22,0.8,0.99,False,1,1.024,0.828,0.6,True,True,False,0.19,False,False,False,NONE,False,0,0.006,0.295,0.0,258.1,46,7,0.978,True,False,0.15,0.981,2,1.0,0.54,0.5,True,False,False,False,monthly,unknown,unknown,ord_scan_monthly.csv,25.0
MHO,3,2,1,130.09,False,False,,,,,,False,,False,False,0.16,1.05,True,False,0.219,-0.045,0.89,0.8,0.74,False,2,0.407,-0.241,1.925,False,False,False,0.27,False,False,False,NONE,False,5,0.262,0.102,3.5,116.78,17,10,0.399,False,False,0.22,0.393,3,5.8,0.31,0.0,False,False,False,False,monthly,unknown,unknown,ord_scan_monthly.csv,25.0
VNO,0,0,0,30.2,False,False,,,,,,False,,False,False,0.62,0.81,False,False,-0.053,-0.186,0.96,0.96,0.87,False,2,1.202,-0.204,-1.498,False,False,False,0.62,False,False,False,NONE,False,4,0.327,0.186,2.6,24.57,14,21,0.476,False,True,0.41,0.438,5,3.2,0.31,1.0,True,False,False,False,weekly,unknown,unknown,ord_scan_weekly.csv,25.0
HCSG,5,2,3,21.3,False,False,,,,,,False,,True,False,0.42,1.46,True,True,0.132,0.192,1.22,1.02,0.87,False,1,0.635,-0.859,-0.19,False,True,False,0.32,False,False,False,NONE,False,8,0.127,0.19,0.8,17.25,19,17,0.594,False,False,0.63,0.594,4,2.6,0.38,1.0,True,False,False,False,weekly,unknown,unknown,ord_scan_weekly.csv,25.0
VIR,4,4,0,10.0,False,False,,,,,,False,,False,True,0.38,1.37,False,False,0.634,-0.013,1.06,1.4,0.69,False,1,-2.543,6.966,0.658,False,False,True,0.21,False,False,False,NONE,False,5,0.929,0.584,22.4,4.16,31,3,0.654,False,True,0.32,0.568,6,1.1,0.23,1.0,True,False,False,False,monthly,unknown,unknown,ord_scan_monthly.csv,25.0
ADC,10,5,5,76.36,False,False,,,,,,False,,True,False,0.02,1.19,True,True,0.03,0.468,1.05,0.95,0.94,False,13,-1.3,-0.095,2.099,False,False,False,0.41,False,False,False,NONE,False,5,0.063,0.109,0.6,68.0,38,22,0.794,False,False,0.03,0.836,4,2.4,0.31,1.0,True,False,False,False,monthly,unknown,unknown,ord_scan_monthly.csv,25.0
GPI,1,0,1,353.67,False,False,,,,,,False,,False,False,0.89,1.01,False,False,0.0,-0.108,1.16,0.81,0.85,False,2,0.552,-0.357,0.268,False,False,False,0.92,False,False,False,NONE,False,4,0.274,0.173,2.2,292.44,15,20,0.451,False,False,0.71,0.451,0,3.4,0.31,0.5,True,True,False,False,weekly,unknown,unknown,ord_scan_weekly.csv,25.0
NVST,4,3,1,26.33,False,False,,,,,,False,,False,True,0.5,0.87,False,False,0.637,0.232,1.24,0.95,0.87,False,2,-0.33,-0.709,-1.837,False,True,False,0.35,False,False,False,NONE,False,2,0.494,0.287,3.4,18.77,21,5,0.612,False,True,0.44,0.748,7,1.9,0.62,1.0,True,False,False,False,monthly,unknown,unknown,ord_scan_monthly.csv,25.0
RNR,11,5,6,299.3,False,False,,,,,,False,,False,True,0.54,1.15,True,True,0.243,0.29,0.89,0.69,0.94,False,6,-0.84,-0.69,2.733,False,True,False,0.41,False,False,False,NONE,False,3,0.059,0.229,0.3,230.84,43,13,0.811,True,True,0.32,0.83,7,1.7,0.54,0.25,True,False,False,False,monthly,unknown,unknown,ord_scan_monthly.csv,25.0
MCRI,11,5,6,117.62,False,False,NONE,1.0,1.68,False,True,False,,False,True,0.76,1.36,True,True,0.289,0.314,1.39,1.35,0.98,False,1,0.179,-0.137,0.352,False,False,True,0.71,True,False,False,NONE,False,0,0.025,0.241,0.1,89.22,63,44,0.919,True,False,0.74,0.908,4,1.2,0.62,0.8,True,False,True,True,weekly,unknown,unknown,ord_scan_weekly.csv,25.0
SCHL,2,1,1,40.35,False,False,,,,,,False,,False,False,0.94,0.98,True,False,1.321,0.143,1.1,1.26,0.93,False,2,-1.857,0.077,1.177,False,False,False,0.83,False,False,False,NONE,False,0,0.08,0.447,0.2,22.29,47,4,0.805,True,True,0.89,0.899,5,1.0,0.69,0.75,True,False,False,False,monthly,unknown,unknown,ord_scan_monthly.csv,25.0
FAF,7,3,4,68.52,False,False,,,,,,False,,True,False,0.05,0.96,True,True,0.167,0.214,1.23,1.06,0.96,False,1,-0.237,1.121,-0.834,False,True,False,0.47,False,False,False,NONE,False,1,0.041,0.186,0.2,55.74,44,22,0.868,True,False,0.03,0.875,2,1.5,0.46,1.0,True,False,False,False,monthly,unknown,unknown,ord_scan_monthly.csv,25.0
SR,9,2,7,90.41,False,False,,,,,,False,,False,False,0.86,1.16,True,True,0.23,0.625,0.84,0.73,0.95,False,8,-1.548,-0.383,1.607,False,True,False,0.39,False,False,False,NONE,False,1,0.051,0.211,0.3,71.34,46,15,0.838,True,True,0.88,0.885,5,1.5,0.54,0.5,True,False,False,False,monthly,unknown,unknown,ord_scan_monthly.csv,25.0
LAMR,11,5,6,140.35,False,False,,,,,,False,,False,True,0.28,1.35,True,True,0.107,0.215,1.02,1.03,1.0,True,4,-0.225,0.217,0.067,False,True,False,0.44,False,False,False,NONE,False,0,0.004,0.129,0.0,122.29,60,55,0.989,True,False,0.08,0.981,4,1.2,0.46,0.8,True,False,False,False,weekly,unknown,unknown,ord_scan_weekly.csv,25.0
UNFI,8,1,7,51.24,False,False,,,,,,False,,False,False,0.68,0.78,True,True,0.918,3.46,0.99,0.71,0.99,False,2,0.709,-0.354,1.697,False,False,False,0.55,True,False,False,NONE,False,2,0.115,0.514,0.3,24.88,39,2,0.97,True,False,0.62,0.988,2,0.7,0.62,0.6,True,False,True,True,monthly,unknown,unknown,ord_scan_monthly.csv,25.0
KMPR,8,6,2,34.15,False,False,,,,,,True,0.91,False,True,0.93,0.63,False,False,-0.405,-0.421,0.62,1.12,0.49,False,3,0.015,-0.787,0.156,False,False,False,1.0,False,False,False,NONE,False,6,0.569,0.168,7.8,28.41,9,5,0.445,False,False,0.92,0.137,2,3.5,0.46,0.0,True,False,False,False,monthly,unknown,unknown,ord_scan_monthly.csv,25.0
POWL,12,2,7,275.33,False,False,,,,,,False,,False,False,0.95,1.29,True,True,0.863,1.157,1.46,0.89,0.97,False,1,2.106,1.125,1.37,True,False,False,0.96,True,False,False,NONE,False,0,0.028,0.428,0.1,157.5,49,3,0.924,True,False,0.96,0.958,4,1.0,0.46,0.67,True,True,True,True,weekly,unknown,unknown,ord_scan_weekly.csv,25.0
XHR,9,4,5,16.71,False,False,,,,,,False,,False,True,0.53,0.91,True,True,0.629,0.212,0.96,0.73,0.97,False,2,-0.267,0.51,-1.785,False,True,False,0.41,False,False,False,NONE,False,4,0.172,0.31,0.7,11.53,28,6,0.904,True,False,0.76,0.942,2,1.1,0.38,0.4,True,False,True,False,monthly,unknown,unknown,ord_scan_monthly.csv,25.0
INSP,3,0,3,56.7,False,False,,,,,,False,,False,False,0.93,1.17,False,False,-0.252,-0.213,0.56,0.77,0.42,False,1,-0.52,0.165,-0.733,False,False,False,0.86,False,False,False,NONE,False,5,0.779,0.148,23.7,48.3,16,9,0.223,False,False,0.98,0.085,2,8.0,0.31,0.0,True,False,False,False,weekly,unknown,unknown,ord_scan_weekly.csv,25.0
MOH,5,1,4,192.7,False,False,,,,,,False,,False,False,0.93,0.62,True,False,0.073,0.259,0.97,0.82,0.95,False,1,-0.928,-0.268,0.453,False,False,False,0.86,False,False,False,NONE,False,0,0.472,0.319,2.8,131.2,44,3,0.904,True,False,0.89,0.874,4,1.1,0.69,1.0,True,True,True,False,weekly,unknown,unknown,ord_scan_weekly.csv,25.0
FORM,6,2,4,137.37,False,False,,,,,,False,,False,False,1.0,1.21,True,True,3.882,2.011,2.18,1.32,0.86,False,1,1.021,1.075,-0.245,False,False,False,1.0,True,False,False,NONE,False,4,0.137,0.803,0.2,27.0,28,1,0.657,False,True,1.0,0.841,10,0.8,0.62,1.0,True,False,True,True,monthly,unknown,unknown,ord_scan_monthly.csv,25.0
IART,3,0,3,10.95,False,False,,,,,,False,,False,False,0.9,0.87,False,False,-0.332,-0.691,0.56,0.69,0.4,False,1,0.177,0.533,-0.615,False,False,False,0.92,False,False,False,NONE,False,3,0.859,0.205,29.5,8.7,3,4,0.415,False,False,0.8,0.084,2,3.8,0.31,0.0,True,False,False,False,monthly,unknown,unknown,ord_scan_monthly.csv,25.0
CERT,5,3,2,6.18,False,False,,,,,,False,1.19,False,True,0.81,0.92,False,False,-0.554,-0.654,0.61,1.36,0.39,False,1,-2.542,-3.728,-0.936,False,False,False,0.96,False,False,False,NONE,False,3,0.864,0.16,39.7,5.19,9,2,0.425,False,False,0.78,0.071,4,3.7,0.31,0.0,True,False,False,False,monthly,unknown,unknown,ord_scan_monthly.csv,25.0
TOL,5,1,1,139.84,False,False,,,,,,False,,False,False,0.29,0.92,True,False,0.401,0.1,0.98,0.7,0.83,False,3,0.903,0.14,0.664,True,False,False,0.3,False,False,False,NONE,False,5,0.168,0.163,1.2,117.05,15,9,0.447,False,False,0.34,0.657,3,3.5,0.31,0.0,True,False,False,False,monthly,unknown,unknown,ord_scan_monthly.csv,25.0
RNST,3,1,2,39.82,False,False,,,,,,False,,False,False,0.3,1.14,True,False,0.063,0.199,1.0,0.97,0.95,False,3,0.148,-0.189,-0.147,False,True,False,0.24,False,False,False,NONE,False,0,0.048,0.154,0.3,33.68,49,53,0.866,True,True,0.19,0.781,6,1.9,0.31,1.0,False,False,False,False,weekly,unknown,unknown,ord_scan_weekly.csv,25.0
DCI,2,1,1,86.22,False,False,,,,,,False,,False,False,0.65,0.8,True,False,0.331,0.189,1.56,0.95,0.77,False,3,-0.158,-0.205,1.326,False,True,False,0.36,False,False,False,NONE,False,5,0.234,0.194,1.6,69.47,17,7,0.216,False,False,0.76,0.529,3,3.6,0.62,0.83,True,False,False,False,monthly,unknown,unknown,ord_scan_monthly.csv,25.0
UCB,3,2,1,33.52,False,False,,,,,,False,,False,False,0.14,0.94,True,False,-0.018,0.167,1.07,1.05,0.92,False,4,0.381,-0.087,-0.411,False,True,False,0.09,False,False,False,NONE,False,4,0.081,0.131,0.7,29.14,30,53,0.776,False,False,0.17,0.644,3,2.1,0.31,1.0,False,False,False,False,weekly,unknown,unknown,ord_scan_weekly.csv,25.0
HL,8,1,4,18.06,False,False,,,,,,False,,False,False,0.78,0.82,True,False,-0.198,0.404,0.58,0.58,0.53,False,1,0.948,0.398,0.148,True,False,False,0.8,False,False,False,NONE,False,1,0.471,0.1,8.9,16.25,18,8,0.216,False,False,0.83,0.28,3,8.3,0.31,0.0,True,False,False,False,weekly,unknown,unknown,ord_scan_weekly.csv,25.0
LNN,0,0,0,111.67,False,False,,,,,,False,,True,False,0.27,0.89,False,False,-0.125,-0.029,1.03,1.05,0.75,False,1,-0.148,-0.731,1.514,False,False,True,0.68,False,False,False,NONE,False,6,0.366,0.129,4.5,97.27,29,3,0.286,False,False,0.29,0.275,3,6.0,0.46,0.5,True,False,False,False,monthly,unknown,unknown,ord_scan_monthly.csv,25.0
MYRG,11,1,7,433.49,False,False,,,,,,False,,False,False,0.92,1.08,True,True,0.734,0.991,1.61,1.2,1.0,True,1,0.772,0.079,0.761,True,False,False,0.91,True,False,False,NONE,False,0,0.0,0.42,0.0,251.63,43,3,0.999,True,False,0.97,0.999,4,0.9,0.54,0.44,True,True,True,True,weekly,unknown,unknown,ord_scan_weekly.csv,24.0
CNS,2,1,1,69.29,False,False,,,,,,False,,False,False,0.5,1.08,True,False,-0.059,-0.032,0.81,1.09,0.66,False,5,1.179,0.59,-0.111,False,False,False,0.96,False,False,False,NONE,False,8,0.343,0.168,3.1,57.67,4,14,0.429,False,False,0.44,0.243,2,3.7,0.23,0.0,True,False,False,False,monthly,unknown,unknown,ord_scan_monthly.csv,24.0
MGY,10,4,3,30.09,False,False,,,,,,False,,False,True,0.52,1.15,True,True,0.505,0.216,1.19,0.97,0.92,False,2,1.647,0.412,0.066,True,True,False,0.34,False,False,False,NONE,False,5,0.082,0.304,0.3,20.94,24,4,0.774,False,False,0.52,0.811,2,1.6,0.62,1.0,True,False,False,False,monthly,unknown,unknown,ord_scan_monthly.csv,24.0
GBX,2,1,1,50.04,False,False,,,,,,False,3.28,False,False,0.32,0.79,True,False,0.006,0.223,1.15,1.39,0.85,False,3,0.632,-0.32,-0.162,False,False,False,0.47,False,False,False,NONE,False,4,0.268,0.096,3.8,45.23,10,23,0.515,False,False,0.12,0.532,0,3.5,0.46,0.0,False,False,False,False,weekly,unknown,unknown,ord_scan_weekly.csv,24.0
AGYS,1,0,1,67.85,False,False,,,,,,False,,False,False,0.96,0.79,False,False,-0.218,-0.459,0.82,0.91,0.54,False,3,0.128,-1.403,1.336,False,False,False,0.97,False,False,False,NONE,False,4,0.533,0.094,12.2,61.5,18,11,0.237,False,False,0.94,0.088,1,7.4,0.46,0.0,True,False,False,False,weekly,unknown,unknown,ord_scan_weekly.csv,24.0
BHE,12,2,7,84.5,False,False,,,,,,False,,False,False,1.0,1.5,True,True,0.626,0.942,1.59,1.21,0.99,True,1,0.433,0.322,0.33,True,False,False,1.0,True,False,False,NONE,False,0,0.006,0.401,0.0,50.59,51,3,0.983,True,False,1.0,0.989,4,0.9,0.62,0.29,True,True,True,True,weekly,unknown,unknown,ord_scan_weekly.csv,24.0
NTNX,5,3,2,42.6,False,False,,,,,,False,,False,True,0.46,0.88,False,False,-0.38,-0.31,0.66,1.12,0.51,False,1,-2.2,3.402,-0.969,False,False,True,0.79,False,False,False,NONE,True,5,0.489,0.202,4.7,34.01,14,4,0.427,False,False,0.17,0.174,1,3.7,0.31,0.0,True,False,False,False,monthly,unknown,unknown,ord_scan_monthly.csv,24.0
PII,2,2,0,66.42,False,False,,,,,,False,,False,False,0.76,1.38,True,False,0.052,0.027,1.28,1.64,0.9,False,1,0.415,-0.849,-0.569,False,False,False,0.72,False,False,False,NONE,False,4,0.197,0.29,0.8,47.14,33,2,0.938,True,False,0.76,0.724,0,1.1,0.31,1.0,True,True,False,False,weekly,unknown,unknown,ord_scan_weekly.csv,24.0
CG,0,0,0,49.44,False,False,,,,,,False,,False,False,0.78,0.85,False,False,-0.153,-0.06,1.09,1.1,0.74,False,1,0.802,-0.177,-0.793,False,False,False,0.96,False,False,False,NONE,False,6,0.283,0.093,4.2,44.83,14,14,0.236,False,False,0.53,0.209,1,7.5,0.23,0.0,True,False,False,False,weekly,unknown,unknown,ord_scan_weekly.csv,24.0
FTRE,3,1,2,12.18,False,False,,,,,,False,,False,False,0.8,0.94,True,False,-0.275,0.164,0.86,0.83,0.65,False,1,2.268,-1.155,-4.382,False,False,False,0.82,False,False,False,NONE,False,3,0.673,0.298,6.9,8.55,25,3,0.973,True,False,0.6,0.359,3,1.1,0.38,1.0,True,True,False,False,weekly,unknown,unknown,ord_scan_weekly.csv,24.0
ESI,10,4,6,43.01,False,False,,,,,,False,,False,True,0.76,0.79,True,True,1.133,0.764,1.58,1.02,0.98,False,1,1.272,1.592,-2.096,False,False,False,0.72,True,False,False,NONE,False,0,0.019,0.476,0.0,22.54,56,2,0.943,True,True,0.68,0.97,6,0.7,0.62,0.75,True,False,True,True,monthly,unknown,unknown,ord_scan_monthly.csv,24.0
CSW,3,1,2,287.15,False,False,,,,,,False,,False,False,0.5,1.04,True,False,0.066,0.15,0.88,0.87,0.85,False,2,0.868,-0.252,0.062,False,True,False,0.48,False,False,False,NONE,False,7,0.338,0.135,3.8,248.33,14,28,0.536,False,False,0.44,0.509,2,3.0,0.23,0.0,False,False,False,False,weekly,unknown,unknown,ord_scan_weekly.csv,24.0
BFS,9,3,6,34.42,False,False,,,,,,False,,False,False,0.51,1.04,True,True,0.104,0.205,0.88,0.89,0.99,False,13,-0.33,-0.169,-0.08,False,False,False,0.59,False,False,False,NONE,False,3,0.097,0.099,1.1,31.01,31,155,0.675,False,True,0.24,0.942,5,2.1,0.62,0.33,False,False,False,False,weekly,unknown,unknown,ord_scan_weekly.csv,24.0
CTKB,4,2,2,4.62,False,False,,,,,,False,,False,False,0.09,0.81,True,False,-0.076,0.185,0.88,0.72,0.76,False,1,0.499,-0.452,-1.526,False,False,False,0.06,False,False,False,NONE,False,2,0.394,0.145,4.5,3.95,16,14,0.383,False,False,0.1,0.346,1,4.2,0.38,0.0,True,False,False,False,weekly,unknown,unknown,ord_scan_weekly.csv,24.0
ADNT,1,0,1,21.32,False,False,,,,,,False,,False,False,0.33,0.99,False,False,0.685,-0.352,1.08,0.7,0.78,False,2,-1.607,2.974,-2.915,False,True,False,0.23,False,False,False,NONE,False,5,0.749,0.17,17.6,17.7,9,3,0.273,False,False,0.39,0.496,3,3.9,0.31,0.33,True,False,False,False,monthly,unknown,unknown,ord_scan_monthly.csv,24.0
SDGR,1,0,1,12.39,False,False,,,,,,False,,False,False,0.82,0.9,False,False,-0.113,-0.411,0.8,1.09,0.63,False,1,-0.052,-1.355,-0.302,False,False,False,0.85,False,False,False,NONE,False,3,0.565,0.117,11.1,10.94,14,13,0.269,False,True,0.54,0.14,1,6.4,0.31,0.0,True,False,False,False,weekly,unknown,unknown,ord_scan_weekly.csv,24.0
THC,1,1,0,183.27,False,False,,,,,,False,,False,False,0.43,1.22,False,False,-0.032,-0.112,1.07,1.42,0.74,False,1,0.727,0.999,-0.774,False,False,False,0.66,False,False,False,NONE,False,8,0.259,0.083,4.2,168.11,16,7,0.201,False,False,0.42,0.192,3,9.0,0.38,0.33,True,False,False,False,weekly,unknown,unknown,ord_scan_weekly.csv,24.0
CHCO,5,4,1,123.58,False,False,,,,,,False,,True,False,0.21,0.99,True,False,0.011,0.063,1.02,1.03,0.96,False,6,-0.104,-0.101,0.332,False,True,False,0.11,False,False,False,NONE,False,8,0.062,0.09,0.7,112.44,34,106,0.793,False,False,0.18,0.677,1,1.6,0.38,0.33,False,False,False,False,weekly,unknown,unknown,ord_scan_weekly.csv,24.0
AORT,1,1,0,36.21,False,False,,,,,,False,,False,False,0.56,1.22,False,False,-0.112,-0.202,1.19,1.09,0.75,False,1,0.824,-0.362,-0.225,False,False,False,0.69,False,False,False,NONE,False,8,0.25,0.094,3.6,32.82,17,17,0.242,False,False,0.42,0.22,1,7.3,0.31,0.0,True,False,False,False,weekly,unknown,unknown,ord_scan_weekly.csv,24.0
LZB,0,0,0,35.14,False,False,,,,,,False,,False,False,0.52,1.06,False,False,-0.028,0.123,0.88,0.9,0.88,False,3,-0.106,0.123,-0.273,False,False,True,0.58,False,False,False,NONE,False,8,0.251,0.111,3.0,31.25,14,46,0.529,False,False,0.25,0.56,1,2.8,0.46,0.0,False,False,False,False,weekly,unknown,unknown,ord_scan_weekly.csv,24.0
RNG,8,4,4,45.08,False,False,,,,,,False,,False,True,0.4,1.14,True,False,0.771,0.3,1.44,1.18,0.98,False,1,-0.421,1.409,-0.571,False,False,False,0.28,False,False,False,NONE,False,4,0.899,0.478,18.7,23.55,34,3,0.953,True,False,0.27,0.96,1,1.1,0.46,0.5,True,False,True,False,monthly,unknown,unknown,ord_scan_monthly.csv,24.0
VC,5,4,1,110.85,False,False,,,,,,False,,False,True,0.6,1.16,True,False,0.225,0.041,1.35,1.23,0.94,False,1,-0.219,-0.36,0.167,False,True,False,0.19,False,False,False,NONE,False,6,0.136,0.247,0.6,83.49,37,29,0.714,False,True,0.62,0.794,6,1.8,0.38,1.0,True,False,False,False,weekly,unknown,unknown,ord_scan_weekly.csv,24.0
CROX,4,3,1,103.88,False,False,,,,,,False,,True,False,0.03,0.88,True,False,0.077,-0.278,0.87,0.66,0.72,False,1,2.918,2.322,-1.425,False,False,False,0.17,False,False,False,NONE,False,6,0.435,0.295,2.6,73.21,20,2,0.756,False,False,0.15,0.333,2,1.5,0.23,0.0,True,False,False,False,monthly,unknown,unknown,ord_scan_monthly.csv,24.0
NEU,1,1,0,668.88,False,False,,,,,,False,1.16,False,False,0.54,1.05,True,False,0.105,0.097,1.09,1.41,0.77,False,3,-0.395,-0.226,2.059,False,False,False,0.37,False,False,False,NONE,False,6,0.229,0.137,2.2,577.05,16,7,0.316,False,False,0.48,0.5,2,5.3,0.38,0.83,True,False,False,False,monthly,unknown,unknown,ord_scan_monthly.csv,24.0
HTO,1,1,0,56.73,False,False,,,,,,False,,True,False,0.34,0.92,True,False,0.034,0.068,0.94,1.35,0.92,False,3,-1.0,0.178,1.083,False,False,False,0.65,False,False,False,NONE,False,6,0.259,0.242,1.4,43.0,25,6,0.728,False,True,0.39,0.728,6,1.7,0.23,0.67,True,False,False,False,monthly,unknown,unknown,ord_scan_monthly.csv,24.0
DV,3,0,3,11.31,False,False,,,,,,False,,False,False,0.65,0.69,False,False,-0.147,-0.678,0.57,0.86,0.49,False,2,-3.977,-2.231,1.09,False,False,False,0.65,False,False,False,NONE,False,3,0.766,0.324,10.1,7.64,18,6,0.907,True,False,0.7,0.131,3,1.2,0.38,0.0,True,False,False,False,monthly,unknown,unknown,ord_scan_monthly.csv,24.0
SBRA,7,2,5,20.36,False,False,NONE,0.77,1.64,False,True,False,,False,False,0.36,0.98,True,True,0.103,0.179,0.95,0.88,0.97,False,11,0.089,-0.373,0.287,False,False,False,0.42,False,False,False,NONE,False,1,0.034,0.062,0.6,19.09,39,55,0.887,True,False,0.23,0.823,1,1.6,0.38,1.0,True,False,False,False,weekly,unknown,unknown,ord_scan_weekly.csv,24.0
BRBR,2,0,2,17.2,False,False,,,,,,False,,False,False,1.0,0.96,False,False,-0.777,-0.709,0.55,1.24,0.21,False,1,0.969,-5.514,1.223,False,False,False,1.0,False,False,False,NONE,False,3,0.787,0.175,21.1,14.19,14,3,0.277,False,False,0.99,0.045,1,6.2,0.15,0.0,True,False,False,False,monthly,unknown,unknown,ord_scan_monthly.csv,24.0
NLY,3,1,2,22.82,False,False,,,,,,False,,False,False,0.36,0.95,True,False,0.026,0.15,0.89,0.77,0.96,False,4,0.095,0.075,-0.371,False,True,False,0.11,False,False,False,NONE,False,0,0.038,0.126,0.3,19.94,39,43,0.88,True,True,0.26,0.782,6,1.6,0.54,0.0,False,False,False,False,weekly,unknown,unknown,ord_scan_weekly.csv,24.0
FNB,2,2,0,17.66,False,False,,,,,,False,,False,False,0.15,1.08,True,False,0.013,0.14,0.94,1.06,0.93,False,4,0.352,-0.023,-0.138,False,True,False,0.12,False,False,False,NONE,False,4,0.071,0.116,0.7,15.62,31,45,0.766,False,True,0.13,0.665,2,1.7,0.46,0.5,False,False,False,False,weekly,unknown,unknown,ord_scan_weekly.csv,24.0
COLB,2,2,0,29.56,False,False,,,,,,False,,False,False,0.21,0.94,True,False,0.016,0.131,0.9,0.98,0.92,False,4,0.279,0.029,-0.585,False,True,False,0.14,False,False,False,NONE,False,4,0.085,0.131,0.7,25.68,31,38,0.726,False,True,0.1,0.631,4,2.0,0.38,1.0,False,False,False,False,weekly,unknown,unknown,ord_scan_weekly.csv,24.0
SEM,4,2,2,16.44,False,False,,,,,,False,,False,False,0.35,1.01,True,False,-0.082,0.045,0.41,1.15,0.76,False,6,1.369,-0.955,-0.185,False,False,False,0.85,False,False,False,NONE,False,5,0.239,0.301,1.0,11.49,19,9,0.925,True,False,0.29,0.493,3,1.2,0.23,0.0,True,False,False,False,monthly,unknown,unknown,ord_scan_monthly.csv,24.0
DFH,5,3,2,15.26,False,False,,,,,,False,,False,True,0.33,0.94,False,False,-0.327,-0.651,0.65,1.01,0.42,False,1,-1.523,1.766,-1.86,False,False,False,0.61,False,False,False,NONE,False,3,0.656,0.134,14.3,13.22,20,3,0.245,False,False,0.33,0.066,3,7.2,0.23,0.0,True,False,False,False,monthly,unknown,unknown,ord_scan_monthly.csv,24.0
RBA,6,3,3,104.88,False,False,,,,,,False,,True,False,0.07,0.91,True,True,0.044,0.399,1.2,1.06,0.88,False,3,0.006,-0.359,1.963,False,False,True,0.23,False,False,False,NONE,False,4,0.123,0.108,1.3,93.58,30,18,0.592,False,False,0.15,0.711,2,2.7,0.46,0.5,True,False,False,False,monthly,unknown,unknown,ord_scan_monthly.csv,24.0
RAMP,5,2,3,30.21,False,False,,,,,,False,,False,False,0.22,0.89,True,False,0.241,0.105,1.05,0.81,0.98,False,2,-0.127,-0.099,-0.327,False,False,False,0.36,False,False,False,NONE,True,5,0.205,0.198,1.3,24.24,25,24,0.878,True,False,0.28,0.878,3,1.3,0.54,0.0,False,False,False,False,weekly,unknown,unknown,ord_scan_weekly.csv,24.0
AUB,2,1,1,37.91,False,False,,,,,,False,,False,False,0.31,1.01,True,False,-0.015,0.19,0.98,1.0,0.91,False,4,0.631,-0.37,-0.45,False,True,False,0.26,False,False,False,NONE,False,5,0.103,0.12,1.0,33.37,23,44,0.703,False,False,0.25,0.654,2,2.0,0.46,1.0,False,False,False,False,weekly,unknown,unknown,ord_scan_weekly.csv,24.0
LW,1,0,1,43.86,False,False,,,,,,False,,False,False,0.34,0.9,False,False,-0.037,-0.279,0.9,0.75,0.73,False,3,-0.731,-0.313,0.351,False,True,False,0.29,False,False,False,NONE,False,5,0.488,0.142,6.7,37.62,16,19,0.278,False,False,0.82,0.25,1,6.2,0.38,0.0,True,False,False,False,weekly,unknown,unknown,ord_scan_weekly.csv,24.0
CXT,0,0,0,44.6,False,False,,,,,,False,,False,False,0.8,1.0,False,False,-0.114,-0.29,0.94,0.99,0.8,False,3,0.543,-0.478,-0.133,False,False,False,0.86,False,False,False,NONE,False,5,0.349,0.12,4.5,39.23,8,12,0.321,False,False,0.74,0.207,1,5.2,0.23,0.0,True,False,False,False,weekly,unknown,unknown,ord_scan_weekly.csv,24.0
MEDP,0,0,0,417.54,False,False,,,,,,False,,False,False,0.78,0.69,False,False,-0.283,-0.286,1.37,1.33,0.66,False,1,1.009,-0.594,0.517,False,False,False,0.88,False,False,False,NONE,False,5,0.336,0.107,4.7,373.0,14,11,0.256,False,False,0.83,0.174,2,6.8,0.46,0.0,True,False,False,False,weekly,unknown,unknown,ord_scan_weekly.csv,24.0
UNM,12,5,7,80.84,False,False,,,,,,False,,True,False,0.04,0.89,True,True,0.072,0.594,0.82,0.94,0.99,False,13,0.684,-0.978,0.4,False,False,False,0.47,False,False,False,NONE,True,2,0.015,0.17,0.1,67.06,47,19,0.953,True,False,0.09,0.966,2,1.4,0.54,0.5,True,False,False,False,monthly,unknown,unknown,ord_scan_monthly.csv,24.0
WH,1,1,0,80.84,False,False,,,,,,False,,False,False,0.4,0.99,True,False,-0.033,0.1,0.93,1.06,0.73,False,2,0.009,-0.535,-0.731,False,False,False,1.0,False,False,False,NONE,False,4,0.267,0.153,2.4,68.47,16,14,0.322,False,True,0.4,0.349,6,5.2,0.23,0.0,True,False,False,False,monthly,unknown,unknown,ord_scan_monthly.csv,24.0
OPLN,8,4,4,31.49,False,False,,,,,,False,,False,True,0.29,0.95,True,False,0.048,0.192,1.03,0.69,0.97,False,4,0.521,-0.779,0.687,False,True,False,0.05,False,False,False,NONE,False,0,0.027,0.18,0.2,25.81,60,44,0.915,True,True,0.16,0.892,5,1.5,0.31,0.0,True,False,False,False,weekly,unknown,unknown,ord_scan_weekly.csv,24.0
FCFS,6,1,5,219.93,False,False,,,,,,False,,False,False,0.8,1.0,True,True,0.66,0.766,1.41,0.91,0.97,False,2,0.963,-0.097,2.019,False,False,False,0.63,True,False,False,NONE,False,0,0.032,0.419,0.1,127.88,56,4,0.9,True,True,0.62,0.943,10,0.9,0.69,0.7,True,False,True,True,monthly,unknown,unknown,ord_scan_monthly.csv,24.0
LTC,9,4,5,38.5,False,False,,,,,,False,,False,True,0.09,0.92,True,True,0.149,0.361,1.17,0.94,0.96,False,5,-1.282,-0.09,1.936,False,True,False,0.27,False,False,False,NONE,False,0,0.042,0.16,0.3,32.34,58,25,0.869,True,True,0.07,0.869,5,1.5,0.46,1.0,True,False,False,False,monthly,unknown,unknown,ord_scan_monthly.csv,24.0
VYX,3,3,0,7.19,False,False,,,,,,False,,False,True,0.77,0.9,False,False,-0.161,-0.431,0.86,1.0,0.47,False,2,0.424,-0.315,-0.298,False,False,False,0.99,False,False,False,NONE,False,3,0.766,0.163,20.1,6.02,17,3,0.275,False,False,0.69,0.126,4,6.3,0.46,0.0,True,False,False,False,monthly,unknown,unknown,ord_scan_monthly.csv,23.0
AZZ,11,1,7,143.53,False,False,,,,,,False,,False,False,0.61,0.85,True,True,0.67,0.89,1.12,0.68,0.98,False,2,1.082,1.104,0.866,True,False,True,0.41,True,False,False,NONE,False,0,0.024,0.355,0.1,92.51,41,5,0.921,True,False,0.47,0.954,2,1.0,0.54,0.5,True,False,True,True,monthly,unknown,unknown,ord_scan_monthly.csv,23.0
FLR,7,1,6,53.0,False,False,,,,,,False,,True,False,0.36,1.14,True,True,0.519,0.254,0.79,0.69,0.88,False,2,1.02,0.659,-0.258,False,True,False,0.59,False,False,False,NONE,False,7,0.118,0.29,0.5,37.62,23,9,0.924,True,False,0.54,0.77,2,1.2,0.54,0.0,True,False,False,False,monthly,unknown,unknown,ord_scan_monthly.csv,23.0
NWE,8,4,4,72.49,False,False,,,,,,False,,False,True,0.67,0.93,True,True,0.079,0.239,1.17,0.93,0.96,False,4,-0.591,0.058,0.36,False,True,False,0.29,False,False,False,NONE,False,0,0.036,0.125,0.3,63.43,50,38,0.884,True,True,0.78,0.849,6,1.3,0.46,0.5,True,False,False,False,weekly,unknown,unknown,ord_scan_weekly.csv,23.0
FOXF,3,0,3,17.74,False,False,,,,,,False,,False,False,0.55,0.91,False,False,-0.127,-0.659,0.56,0.79,0.43,False,3,-1.037,-2.206,2.838,False,False,False,0.81,False,False,False,NONE,False,3,0.907,0.263,37.0,13.08,6,6,0.466,False,False,0.7,0.112,3,3.3,0.38,0.0,True,False,False,False,monthly,unknown,unknown,ord_scan_monthly.csv,23.0
PNFP,3,1,2,98.64,False,False,,,,,,False,,False,False,0.4,0.81,True,False,0.048,0.173,0.91,0.93,0.93,False,3,0.441,0.292,-0.926,False,True,False,0.14,False,False,False,NONE,False,5,0.237,0.182,1.7,80.67,24,40,0.483,False,True,0.35,0.711,4,3.1,0.46,0.0,True,False,False,False,weekly,unknown,unknown,ord_scan_weekly.csv,23.0
AGCO,3,2,1,118.51,False,False,NONE,1.25,1.07,False,True,False,,False,False,0.82,1.17,True,False,0.047,0.154,0.92,0.92,0.83,False,6,-0.181,-0.4,0.228,False,False,False,0.85,False,False,False,NONE,False,9,0.174,0.091,2.3,107.72,15,23,0.439,False,False,0.7,0.439,0,4.2,0.31,1.0,False,False,False,False,weekly,unknown,unknown,ord_scan_weekly.csv,23.0
PFBC,3,2,1,95.47,False,False,,,,,,False,,False,False,0.26,0.83,True,False,0.123,0.076,0.89,0.97,0.94,False,6,0.847,-0.494,-0.136,False,False,False,0.48,False,False,False,NONE,False,1,0.058,0.112,0.5,84.78,35,55,0.82,True,True,0.35,0.716,1,1.7,0.54,0.0,False,False,False,False,weekly,unknown,unknown,ord_scan_weekly.csv,23.0
QDEL,0,0,0,12.64,False,False,,,,,,False,1.82,False,False,0.78,0.84,False,False,-0.545,-0.736,0.89,1.11,0.26,False,1,-1.105,2.54,-0.022,False,False,False,0.85,False,False,False,NONE,False,3,0.959,0.141,165.2,10.86,16,1,0.249,False,False,0.81,0.046,4,7.0,0.31,0.0,True,False,False,False,monthly,unknown,unknown,ord_scan_monthly.csv,23.0
PRGO,5,3,2,11.92,False,False,,,,,,False,,False,True,0.9,0.75,False,False,-0.515,-0.593,0.62,1.19,0.41,False,2,-1.154,-0.383,-0.093,False,False,False,0.95,False,False,False,NONE,False,3,0.845,0.243,22.4,9.03,6,3,0.508,False,False,0.95,0.133,4,2.9,0.31,0.0,True,False,False,False,monthly,unknown,unknown,ord_scan_monthly.csv,23.0
NEO,2,0,2,9.44,False,False,,,,,,False,,False,False,0.77,1.05,False,False,0.475,-0.399,0.8,0.86,0.49,False,1,-0.245,1.958,3.104,False,False,False,0.85,False,False,False,NONE,False,5,0.847,0.5,11.0,4.72,11,1,0.712,False,False,0.78,0.328,2,0.8,0.31,1.0,True,False,False,False,monthly,unknown,unknown,ord_scan_monthly.csv,23.0
STEP,5,3,2,52.74,False,False,,,,,,False,,True,False,0.16,0.95,True,False,0.083,0.547,1.23,1.35,0.68,False,1,3.46,-3.476,0.757,False,True,False,0.38,False,False,False,NONE,False,6,0.318,0.231,2.0,40.58,19,3,0.393,False,False,0.18,0.453,2,4.1,0.54,0.0,True,False,False,False,monthly,unknown,unknown,ord_scan_monthly.csv,23.0
BOX,3,3,0,25.01,False,False,,,,,,True,0.85,False,False,0.9,1.02,False,False,-0.013,-0.221,1.05,0.91,0.81,False,2,-0.08,-0.85,0.531,False,False,False,0.92,False,False,False,NONE,False,5,0.355,0.147,3.8,21.34,7,17,0.394,False,False,0.89,0.322,2,4.1,0.54,0.0,True,False,False,False,weekly,unknown,unknown,ord_scan_weekly.csv,23.0
THRM,0,0,0,30.3,False,False,,,,,,False,,False,False,0.81,1.0,False,False,-0.052,-0.177,0.93,1.08,0.77,False,2,0.452,-0.874,-1.113,False,False,False,0.83,False,False,False,NONE,False,3,0.465,0.109,8.0,27.0,15,15,0.269,False,False,0.61,0.264,4,6.4,0.31,0.0,True,False,False,False,weekly,unknown,unknown,ord_scan_weekly.csv,23.0
AVA,11,5,6,40.72,False,False,,,,,,False,,False,True,0.15,1.06,True,True,0.032,0.284,0.9,0.8,0.95,False,8,-0.61,0.504,-0.196,False,False,False,0.41,False,False,False,NONE,False,1,0.053,0.151,0.4,34.58,37,25,0.826,True,False,0.12,0.826,2,1.5,0.46,1.0,True,False,False,False,monthly,unknown,unknown,ord_scan_monthly.csv,23.0
BL,3,3,0,33.91,False,False,,,,,,False,,False,True,0.67,0.85,False,False,-0.282,-0.475,1.13,1.21,0.51,False,1,-0.045,-2.24,1.467,False,False,True,0.88,False,False,False,NONE,False,4,0.781,0.151,23.5,28.78,25,3,0.269,False,False,0.61,0.127,5,6.4,0.38,0.0,True,False,False,False,monthly,unknown,unknown,ord_scan_monthly.csv,23.0
WSO,7,4,0,428.57,False,False,,,,,,False,,False,True,0.38,1.11,True,False,-0.033,0.053,1.03,1.09,0.78,False,1,0.791,0.948,0.817,True,False,False,0.82,False,False,False,NONE,False,7,0.218,0.258,1.1,317.96,21,6,0.805,True,False,0.38,0.481,2,1.5,0.38,0.0,True,False,False,False,monthly,unknown,unknown,ord_scan_monthly.csv,23.0
HUBG,4,1,0,43.18,False,False,,,,,,False,,False,False,0.49,0.92,True,False,0.386,0.028,1.35,1.09,0.81,False,1,0.367,0.941,0.288,True,False,False,0.61,False,False,False,NONE,False,5,0.186,0.256,0.9,32.13,8,3,0.513,False,False,0.41,0.565,2,2.7,0.46,0.67,True,False,False,False,monthly,unknown,unknown,ord_scan_monthly.csv,23.0
DTM,14,4,7,147.46,False,False,NONE,0.71,1.49,True,True,True,0.55,False,False,0.75,1.0,True,True,0.178,0.365,1.28,1.11,0.98,True,1,0.152,0.456,0.568,True,False,False,0.85,False,False,False,NONE,False,0,0.02,0.123,0.2,129.38,46,26,0.936,True,False,0.62,0.932,1,1.2,0.69,0.43,True,True,False,False,weekly,unknown,unknown,ord_scan_weekly.csv,23.0
FAF,7,4,3,68.52,False,False,,,,,,False,,False,True,0.64,1.01,True,True,0.093,0.115,1.05,0.99,0.96,False,2,0.169,0.044,-0.544,False,True,False,0.57,False,False,False,NONE,False,0,0.041,0.18,0.2,56.2,49,94,0.868,True,True,0.51,0.809,6,1.5,0.62,0.4,True,False,False,False,weekly,unknown,unknown,ord_scan_weekly.csv,23.0
FUL,0,0,0,59.95,False,False,,,,,,False,,True,False,0.31,0.84,False,False,0.132,-0.224,1.17,1.06,0.76,False,2,-0.667,0.199,0.625,False,False,False,0.75,False,False,False,NONE,False,7,0.296,0.191,2.2,48.51,13,13,0.62,False,False,0.43,0.346,2,2.6,0.38,0.5,True,False,False,False,monthly,unknown,unknown,ord_scan_monthly.csv,23.0
AMH,4,4,0,31.95,False,False,,,,,,False,,False,True,0.47,0.77,False,False,-0.112,-0.064,0.99,1.23,0.84,False,8,-1.58,0.005,0.169,False,False,False,1.0,False,False,False,NONE,True,7,0.182,0.158,1.4,26.91,10,20,0.418,False,False,0.42,0.418,2,3.8,0.46,0.0,True,False,False,False,monthly,unknown,unknown,ord_scan_monthly.csv,23.0
MSEX,3,1,2,50.93,False,False,,,,,,False,,True,False,0.47,0.88,False,False,-0.172,0.019,0.74,0.87,0.75,False,6,-0.727,-0.92,1.708,False,False,False,0.84,False,False,False,NONE,False,8,0.544,0.144,8.3,43.58,15,13,0.337,False,False,0.59,0.309,2,4.9,0.31,0.0,True,False,False,False,monthly,unknown,unknown,ord_scan_monthly.csv,23.0
SCSC,6,1,2,41.15,False,False,,,,,,False,,True,False,0.31,0.91,True,True,0.247,-0.066,0.88,0.82,0.76,False,2,0.277,0.702,0.149,True,False,False,0.64,False,False,False,NONE,False,8,0.237,0.18,1.7,33.76,15,13,0.709,False,False,0.54,0.493,3,2.7,0.46,0.0,False,False,False,False,monthly,unknown,unknown,ord_scan_monthly.csv,23.0
NTCT,9,4,5,33.98,False,False,,,,,,False,,False,True,0.85,1.13,True,True,0.222,0.222,1.1,0.94,0.99,False,5,-0.517,0.166,0.051,False,False,True,0.82,False,False,False,NONE,False,0,0.014,0.175,0.1,28.05,60,35,0.958,True,True,0.53,0.948,8,1.2,0.54,0.67,True,False,False,False,weekly,unknown,unknown,ord_scan_weekly.csv,23.0
JBLU,0,0,0,4.86,False,False,,,,,,False,,True,False,0.53,0.81,False,False,0.115,-0.345,0.94,0.94,0.58,False,1,-1.13,1.051,-1.544,False,False,True,0.66,False,False,False,NONE,False,7,0.789,0.204,18.4,3.87,11,1,0.301,False,False,0.51,0.306,2,3.2,0.15,0.0,True,False,False,False,monthly,unknown,unknown,ord_scan_monthly.csv,23.0
SMG,3,1,2,61.72,False,False,,,,,,False,,False,False,0.51,1.01,True,False,0.28,-0.101,0.83,0.86,0.7,False,4,-0.056,-0.712,1.3,False,False,False,0.74,False,False,False,NONE,False,4,0.709,0.176,13.9,50.86,6,12,0.577,False,False,0.74,0.406,3,3.1,0.46,0.0,True,False,False,False,monthly,unknown,unknown,ord_scan_monthly.csv,23.0
STC,6,4,2,69.1,False,False,,,,,,False,,False,True,0.46,0.95,True,False,0.033,0.028,1.1,0.86,0.94,False,2,0.502,-0.049,-0.557,False,True,False,0.26,False,False,False,NONE,False,4,0.107,0.18,0.7,56.65,23,116,0.666,False,True,0.38,0.6,6,2.3,0.46,0.5,False,False,False,False,weekly,unknown,unknown,ord_scan_weekly.csv,23.0
JLL,1,1,0,315.24,False,False,,,,,,False,,False,False,0.45,0.75,True,False,-0.119,0.033,1.06,0.92,0.87,False,1,0.761,-0.001,-0.752,False,True,False,0.59,False,False,False,NONE,False,4,0.132,0.107,1.4,281.6,18,40,0.565,False,False,0.42,0.537,1,2.8,0.31,1.0,False,True,False,False,weekly,unknown,unknown,ord_scan_weekly.csv,23.0
HUBG,4,1,3,43.18,False,False,,,,,,False,,False,False,0.88,0.49,True,False,-0.089,0.18,0.84,0.77,0.81,False,2,0.441,-0.22,-0.318,False,False,False,0.75,False,False,False,NONE,False,3,0.186,0.238,1.0,32.9,10,12,0.51,False,True,0.96,0.51,6,2.9,0.46,0.5,True,False,False,False,weekly,unknown,unknown,ord_scan_weekly.csv,23.0
SNCY,3,3,0,15.79,False,False,,,,,,False,,False,True,0.39,1.01,False,False,0.611,0.046,1.13,1.02,0.71,False,1,-2.731,0.862,-2.385,False,True,False,0.14,False,False,False,NONE,False,5,0.642,0.358,5.0,10.14,25,3,0.07,True,False,0.78,0.542,3,2.4,0.38,1.0,True,False,False,False,monthly,unknown,unknown,ord_scan_monthly.csv,23.0
URBN,7,1,3,69.01,False,False,,,,,,False,,False,False,0.28,1.18,True,False,0.308,0.589,0.95,0.7,0.82,False,1,1.758,0.116,0.696,True,True,False,0.17,False,False,False,NONE,False,5,0.182,0.137,1.6,59.54,22,12,0.538,False,False,0.41,0.696,2,5.1,0.38,0.6,True,False,False,False,monthly,unknown,unknown,ord_scan_monthly.csv,23.0
GTM,4,3,1,6.65,False,False,,,,,,False,,False,True,0.36,0.66,False,False,-0.223,-0.585,0.8,1.17,0.5,False,1,-2.641,-1.68,-6.528,False,False,True,0.4,False,False,False,NONE,False,4,0.916,0.226,48.3,5.15,12,3,0.499,False,False,0.24,0.127,1,3.0,0.38,0.0,True,False,False,False,monthly,unknown,unknown,ord_scan_monthly.csv,23.0
VMI,10,1,6,510.36,False,False,,,,,,False,,False,False,0.66,0.89,True,True,0.754,1.278,1.35,0.94,0.99,False,1,0.059,0.719,1.1,True,True,False,0.41,True,False,False,NONE,False,0,0.006,0.311,0.0,351.5,41,8,0.979,True,False,0.63,0.99,2,1.0,0.69,0.57,True,False,True,True,monthly,unknown,unknown,ord_scan_monthly.csv,23.0
MARA,1,1,0,11.46,False,False,,,,,,False,,False,False,0.13,0.9,False,False,0.206,-0.373,1.11,1.03,0.93,False,1,2.856,0.51,-1.871,False,True,False,0.13,False,False,False,NONE,False,4,0.622,0.339,4.9,7.58,20,3,0.782,False,False,0.06,0.399,0,1.3,0.46,1.0,True,False,False,False,weekly,unknown,unknown,ord_scan_weekly.csv,23.0
CHWY,0,0,0,25.54,False,False,,,,,,False,,False,False,0.48,0.94,False,False,-0.123,-0.243,0.93,0.94,0.73,False,1,-1.146,-0.425,0.396,False,False,False,0.52,False,False,False,NONE,False,3,0.475,0.11,8.2,22.74,20,14,0.249,False,False,0.25,0.192,1,7.0,0.46,0.0,True,False,False,False,weekly,unknown,unknown,ord_scan_weekly.csv,23.0
OI,0,0,0,9.49,False,False,,,,,,False,,False,False,1.0,0.56,False,False,-0.379,-0.159,0.97,1.12,0.56,False,1,-0.205,-0.486,-0.134,False,False,False,1.0,False,False,False,NONE,False,2,0.439,0.157,5.0,8.0,11,7,0.381,False,False,1.0,0.167,2,4.2,0.31,0.5,True,True,False,False,weekly,unknown,unknown,ord_scan_weekly.csv,23.0
GKOS,9,5,4,140.22,False,False,,,,,,False,,False,True,0.36,1.41,True,False,0.175,0.592,1.28,1.02,0.96,True,1,0.96,0.97,-0.849,False,True,False,0.18,True,False,False,NONE,False,5,0.143,0.316,0.5,95.87,43,4,0.854,True,False,0.59,0.901,0,1.2,0.31,0.33,True,True,True,True,weekly,unknown,unknown,ord_scan_weekly.csv,23.0
WWW,9,1,5,17.33,False,False,,,,,,False,,False,False,0.81,0.88,True,False,0.366,0.633,0.6,0.72,0.54,False,1,0.22,0.213,1.072,True,False,False,0.83,False,False,False,NONE,False,1,0.56,0.232,5.5,13.31,13,6,0.436,False,False,0.88,0.367,1,3.6,0.46,1.0,True,False,False,False,monthly,unknown,unknown,ord_scan_monthly.csv,23.0
FMC,2,0,2,14.82,False,False,,,,,,False,,False,False,1.0,0.86,False,False,-0.631,-0.744,0.46,1.1,0.23,False,1,-0.882,-0.351,1.058,False,False,False,1.0,False,False,False,NONE,False,3,0.879,0.187,38.9,12.04,6,3,0.409,False,False,0.99,0.054,3,3.4,0.46,0.0,True,False,False,False,monthly,unknown,unknown,ord_scan_monthly.csv,22.0
SRPT,3,0,3,21.49,False,False,,,,,,False,,False,False,0.99,0.76,False,False,-0.656,-0.834,0.33,0.54,0.15,False,1,-2.543,6.666,1.334,False,False,False,1.0,False,False,False,NONE,False,3,0.882,0.298,25.0,15.08,6,2,0.716,False,False,0.92,0.068,2,1.7,0.38,0.0,True,False,False,False,monthly,unknown,unknown,ord_scan_monthly.csv,22.0
CCOI,4,3,1,23.16,False,False,,,,,,False,,False,True,0.76,0.69,False,False,-0.046,-0.437,0.85,0.84,0.81,False,1,-0.058,-0.777,-0.336,False,True,False,0.7,False,False,False,NONE,False,5,0.711,0.292,8.4,16.4,9,4,0.742,False,False,0.8,0.289,0,1.5,0.54,0.5,True,False,False,False,weekly,unknown,unknown,ord_scan_weekly.csv,22.0
MMI,3,1,2,27.7,False,False,,,,,,False,,False,False,0.59,0.94,False,False,-0.073,-0.158,0.6,1.32,0.66,False,6,-0.38,1.696,-2.436,False,False,False,0.82,False,False,False,NONE,False,5,0.495,0.126,7.8,24.2,7,13,0.336,False,False,0.38,0.199,3,4.9,0.46,0.0,True,False,False,False,monthly,unknown,unknown,ord_scan_monthly.csv,22.0
NXT,6,1,2,119.93,False,False,,,,,,False,,False,False,0.29,1.12,True,True,0.024,0.185,1.13,0.97,0.91,False,1,1.149,0.171,0.999,True,False,False,0.49,False,False,False,NONE,False,5,0.09,0.187,0.5,97.46,21,14,0.7,False,False,0.24,0.758,2,2.3,0.38,1.0,True,False,False,False,weekly,unknown,unknown,ord_scan_weekly.csv,22.0
HIW,4,4,0,24.71,False,False,,,,,,False,,False,True,0.4,0.8,True,False,-0.066,0.086,0.97,1.05,0.75,False,3,-0.504,-0.75,0.836,False,False,True,0.86,False,False,False,NONE,False,5,0.298,0.172,2.5,20.45,17,7,0.385,False,False,0.57,0.338,2,4.2,0.31,1.0,True,False,False,False,monthly,unknown,unknown,ord_scan_monthly.csv,22.0
THC,4,1,3,183.27,False,False,,,,,,False,1.37,False,False,0.38,0.87,True,False,0.282,0.744,1.25,0.74,0.74,False,1,1.37,-0.449,1.132,False,True,False,0.19,False,False,False,NONE,False,2,0.259,0.145,2.4,156.72,26,2,0.192,True,False,0.43,0.593,2,5.4,0.54,0.25,True,False,False,False,monthly,unknown,unknown,ord_scan_monthly.csv,22.0
VSEC,6,1,2,170.91,False,False,NONE,1.98,0.87,False,True,False,,False,False,0.82,0.81,True,False,0.497,1.152,1.59,1.65,0.74,False,1,1.362,0.521,2.076,True,False,False,0.56,False,False,False,NONE,False,2,0.265,0.16,2.3,143.55,27,1,0.156,True,False,0.78,0.614,1,4.9,0.62,0.22,True,False,False,False,monthly,unknown,unknown,ord_scan_monthly.csv,22.0
UCB,7,3,4,33.52,False,False,,,,,,False,,True,False,0.06,0.86,True,True,0.254,0.372,0.94,1.05,0.92,False,3,0.841,-0.598,-1.166,False,True,False,0.21,False,False,False,NONE,False,4,0.081,0.159,0.6,28.19,27,13,0.793,False,False,0.28,0.793,2,2.4,0.38,1.0,True,False,False,False,monthly,unknown,unknown,ord_scan_monthly.csv,22.0
JXN,6,4,2,114.19,False,False,,,,,,False,,False,True,0.01,0.93,True,False,-0.031,0.152,1.0,0.95,0.93,False,2,1.356,1.143,-0.667,False,True,False,0.03,False,False,False,NONE,False,1,0.068,0.121,0.6,100.34,34,38,0.796,False,False,0.0,0.757,2,1.9,0.15,1.0,False,False,False,False,weekly,unknown,unknown,ord_scan_weekly.csv,22.0
STAA,4,1,3,27.19,False,False,,,,,,False,,False,False,0.69,0.94,True,False,0.435,0.051,1.23,0.85,1.0,False,2,0.282,-1.43,-0.398,False,False,False,0.53,False,False,False,NONE,False,1,0.455,0.381,2.2,16.83,41,4,0.996,True,True,0.33,0.906,5,0.9,0.54,0.33,True,False,False,False,weekly,unknown,unknown,ord_scan_weekly.csv,22.0
TDC,7,6,1,27.96,False,False,,,,,,False,,False,True,0.42,1.72,True,False,-0.02,0.341,0.9,0.97,0.67,False,2,-0.37,-0.271,-0.276,False,False,True,0.43,False,False,False,NONE,False,3,0.331,0.147,3.4,23.86,29,11,0.229,False,False,0.93,0.349,0,7.7,0.31,1.0,True,False,False,False,weekly,unknown,unknown,ord_scan_weekly.csv,22.0
BLKB,0,0,0,37.54,False,False,,,,,,False,,False,False,1.0,0.87,False,False,-0.301,-0.414,0.96,1.22,0.58,False,1,-0.319,-0.332,-0.524,False,False,False,1.0,False,False,False,NONE,False,4,0.578,0.096,14.3,33.95,13,8,0.214,False,False,1.0,0.116,2,8.4,0.31,0.0,True,False,False,False,weekly,unknown,unknown,ord_scan_weekly.csv,22.0
CNMD,0,0,0,36.8,False,False,,,,,,False,,False,False,0.73,0.74,False,False,-0.245,-0.53,0.9,0.91,0.48,False,2,0.433,-0.311,0.557,False,False,False,0.89,False,False,False,NONE,False,4,0.76,0.098,32.4,33.21,16,7,0.219,False,False,0.58,0.078,3,8.1,0.15,0.0,True,False,False,False,monthly,unknown,unknown,ord_scan_monthly.csv,22.0
TREX,0,0,0,38.79,False,False,,,,,,False,,False,False,0.26,1.0,False,False,-0.063,-0.197,1.15,0.93,0.86,False,1,0.787,-1.239,-0.756,False,False,False,0.27,False,False,False,NONE,False,4,0.587,0.095,15.0,35.11,10,22,0.556,False,False,0.09,0.493,1,4.2,0.31,0.0,False,False,False,False,weekly,unknown,unknown,ord_scan_weekly.csv,22.0
CCOI,5,0,2,23.16,False,False,,,,,,False,,False,False,0.81,0.73,False,False,-0.551,-0.599,0.66,0.97,0.29,False,1,1.888,2.392,0.589,True,False,False,0.9,False,False,False,NONE,False,5,0.711,0.312,7.9,15.93,8,2,0.744,False,False,0.75,0.112,3,1.4,0.23,0.0,True,False,False,False,monthly,unknown,unknown,ord_scan_monthly.csv,22.0
CHE,0,0,0,422.16,False,False,,,,,,False,,False,False,0.72,0.9,False,False,-0.27,-0.337,0.99,1.24,0.68,False,1,-0.652,0.398,1.167,False,False,False,1.0,False,False,False,NONE,False,5,0.35,0.135,4.0,365.21,14,11,0.278,False,False,0.54,0.209,2,6.2,0.23,0.0,True,False,False,False,monthly,unknown,unknown,ord_scan_monthly.csv,22.0
GBCI,7,3,4,49.08,False,False,,,,,,False,,True,False,0.23,0.84,True,True,0.25,0.305,0.93,1.07,0.84,False,3,0.256,-0.489,1.251,False,False,True,0.68,False,False,False,NONE,False,4,0.155,0.204,0.9,39.07,29,13,0.751,False,False,0.27,0.653,2,2.2,0.46,1.0,True,False,False,False,monthly,unknown,unknown,ord_scan_monthly.csv,22.0
FBRT,1,0,1,9.29,False,False,,,,,,False,,False,False,0.69,0.82,False,False,-0.073,-0.029,0.91,0.74,0.9,False,3,-0.109,-0.631,0.069,False,False,False,0.6,False,False,False,NONE,False,3,0.204,0.134,1.9,8.05,16,58,0.364,False,False,0.67,0.542,0,4.5,0.38,0.0,True,False,False,False,weekly,unknown,unknown,ord_scan_weekly.csv,22.0
MWA,8,3,5,27.39,False,False,,,,,,False,,True,False,0.14,1.07,True,True,0.055,0.741,0.97,0.68,0.89,False,4,1.28,-0.486,-0.316,False,True,False,0.2,False,False,False,NONE,False,8,0.114,0.174,0.7,22.62,24,16,0.641,False,False,0.1,0.785,4,2.4,0.23,0.0,True,False,False,False,monthly,unknown,unknown,ord_scan_monthly.csv,22.0
ABCB,5,2,3,85.56,False,False,,,,,,False,,False,False,0.22,1.1,True,False,0.064,0.201,0.87,1.04,0.98,False,4,0.707,-0.203,-0.218,False,True,False,0.15,False,False,False,NONE,False,0,0.025,0.147,0.2,73.01,53,44,0.921,True,True,0.06,0.882,6,1.4,0.38,0.33,False,False,False,False,weekly,unknown,unknown,ord_scan_weekly.csv,22.0
DFIN,3,2,1,50.8,False,False,,,,,,False,,True,False,0.13,0.7,False,False,0.054,-0.181,0.93,0.8,0.73,False,3,-0.67,-0.137,1.135,False,False,False,0.42,False,False,False,NONE,False,8,0.285,0.27,1.5,37.07,19,3,0.792,False,False,0.33,0.405,3,1.5,0.54,0.0,True,False,False,False,monthly,unknown,unknown,ord_scan_monthly.csv,22.0
VCEL,3,1,2,35.57,False,False,,,,,,False,,False,False,0.2,0.93,False,False,-0.064,-0.316,0.71,0.9,0.56,False,2,0.18,4.181,-0.552,False,False,False,0.32,False,False,False,NONE,False,3,0.484,0.186,5.0,28.95,8,4,0.521,False,False,0.07,0.194,2,2.8,0.31,0.0,True,False,False,False,monthly,unknown,unknown,ord_scan_monthly.csv,22.0
LKFN,5,4,1,61.38,False,False,NONE,1.18,0.92,True,True,False,1.34,True,False,0.18,0.94,True,False,0.151,-0.005,0.74,0.94,0.82,False,8,-1.325,-0.447,2.228,False,False,True,0.69,False,False,False,NONE,False,10,0.182,0.122,1.8,53.89,15,16,0.662,False,False,0.36,0.501,2,2.0,0.38,0.0,False,False,False,False,monthly,unknown,unknown,ord_scan_monthly.csv,22.0
OII,11,4,4,37.07,False,False,,,,,,False,,False,True,0.65,1.06,True,True,1.088,0.584,1.29,1.17,0.92,False,2,0.254,0.36,1.713,True,False,False,0.49,False,False,False,NONE,False,0,0.076,0.439,0.2,20.79,51,4,0.814,True,True,0.61,0.876,7,1.2,0.38,1.0,True,False,False,False,monthly,unknown,unknown,ord_scan_monthly.csv,22.0
FCPT,6,5,1,25.37,False,False,,,,,,False,,True,False,0.19,0.93,True,False,-0.037,0.175,0.94,0.98,0.91,False,12,-1.514,-0.018,2.238,False,False,False,0.96,False,False,False,NONE,False,8,0.097,0.129,0.8,22.1,30,30,0.716,False,False,0.03,0.662,2,2.2,0.31,0.0,False,False,False,False,monthly,unknown,unknown,ord_scan_monthly.csv,22.0
OUT,11,4,7,31.71,False,False,,,,,,False,,False,True,0.98,1.05,True,True,1.221,1.153,1.26,0.72,1.0,False,2,-0.154,1.214,-1.159,False,False,True,0.8,True,False,False,NONE,False,0,0.002,0.496,0.0,16.0,54,6,0.997,True,True,0.75,0.998,7,1.0,0.62,0.43,True,False,True,True,monthly,unknown,unknown,ord_scan_monthly.csv,22.0
VITL,2,0,2,14.18,False,False,,,,,,False,,False,False,0.99,0.87,False,False,-0.502,-0.568,0.61,1.26,0.39,False,1,-0.186,0.646,-0.687,False,False,False,1.0,False,False,False,NONE,False,3,0.733,0.168,16.4,11.8,3,6,0.426,False,False,0.98,0.089,0,3.7,0.15,0.0,True,False,False,False,weekly,unknown,unknown,ord_scan_weekly.csv,22.0
PLUS,4,1,3,85.21,False,False,,,,,,False,,False,False,0.26,0.82,True,True,0.379,0.095,0.79,0.77,0.8,False,3,-0.369,2.807,0.527,False,True,False,0.33,False,False,False,NONE,False,5,0.196,0.278,0.9,61.53,12,9,0.737,False,False,0.38,0.606,2,1.7,0.46,1.0,True,False,False,False,monthly,unknown,unknown,ord_scan_monthly.csv,22.0
ESE,8,2,6,326.96,False,False,,,,,,False,,False,False,1.0,1.41,True,True,1.094,2.069,1.45,1.21,1.0,False,2,-0.218,0.357,1.875,False,False,False,0.88,True,False,False,NONE,False,0,0.001,0.466,0.0,174.74,59,3,0.997,True,True,0.96,0.999,5,0.7,0.85,0.64,True,False,True,True,monthly,unknown,unknown,ord_scan_monthly.csv,22.0
KNTK,4,1,3,49.39,False,False,,,,,,False,,False,False,0.36,1.12,True,False,0.311,0.451,0.8,1.01,0.81,False,3,8.148,-2.474,-3.457,False,False,False,0.65,False,False,False,NONE,False,1,0.277,0.389,1.0,30.19,35,4,0.949,True,True,0.39,0.626,6,0.9,0.46,1.0,True,False,False,False,monthly,unknown,unknown,ord_scan_monthly.csv,22.0
JBSS,3,2,1,79.65,False,False,,,,,,False,,False,False,0.19,1.0,True,False,0.272,-0.18,1.03,0.82,0.86,False,4,-0.376,0.014,1.264,False,False,False,0.23,False,False,False,NONE,False,4,0.304,0.282,1.5,57.19,16,6,0.795,False,False,0.15,0.573,2,1.4,0.54,0.0,True,False,False,False,monthly,unknown,unknown,ord_scan_monthly.csv,22.0
ENSG,7,1,3,183.72,False,False,,,,,,False,,False,False,0.55,1.15,True,False,0.426,0.482,1.26,0.8,0.84,False,3,0.614,0.911,2.118,True,True,False,0.35,False,False,False,NONE,False,5,0.157,0.19,1.0,148.83,14,9,0.505,False,False,0.47,0.674,2,3.0,0.54,0.67,True,False,False,False,monthly,unknown,unknown,ord_scan_monthly.csv,22.0
MRCY,3,1,2,78.55,False,False,,,,,,False,,False,False,0.69,0.69,True,False,-0.163,0.015,0.82,0.8,0.76,False,1,0.68,-0.406,-0.287,False,False,False,0.59,False,False,False,NONE,False,4,0.244,0.121,2.7,69.06,8,12,0.307,False,False,0.45,0.348,2,5.5,0.38,0.0,True,False,False,False,weekly,unknown,unknown,ord_scan_weekly.csv,22.0
ACIW,0,0,0,43.86,False,False,,,,,,False,,False,False,0.46,0.71,False,False,0.012,-0.079,1.04,0.94,0.88,False,2,0.375,-0.122,-0.351,False,False,False,0.41,False,False,False,NONE,False,4,0.265,0.132,2.7,38.05,19,29,0.359,False,False,0.34,0.408,3,4.6,0.38,1.0,False,False,False,False,weekly,unknown,unknown,ord_scan_weekly.csv,22.0
GT,4,3,1,7.08,False,False,,,,,,False,,False,True,0.39,0.91,False,False,-0.349,-0.484,0.76,0.94,0.59,False,2,0.356,0.28,-1.921,False,False,False,0.68,False,False,False,NONE,False,3,0.789,0.133,28.2,6.14,19,3,0.21,False,False,0.33,0.123,3,8.5,0.31,0.0,True,False,False,False,monthly,unknown,unknown,ord_scan_monthly.csv,22.0
GDYN,0,0,0,5.81,False,False,,,,,,False,,False,False,0.81,1.06,False,False,-0.297,-0.378,0.9,1.02,0.57,False,1,0.776,-0.041,-2.031,False,False,False,0.78,False,False,False,NONE,False,5,0.772,0.117,29.0,5.13,11,8,0.282,False,False,0.65,0.134,1,6.1,0.23,0.0,True,False,False,False,weekly,unknown,unknown,ord_scan_weekly.csv,22.0
SFNC,2,1,1,21.23,False,False,,,,,,False,,True,False,0.26,1.07,True,False,0.189,0.203,0.96,1.12,0.87,False,2,-0.633,-0.504,1.165,False,False,False,0.69,False,False,False,NONE,False,6,0.226,0.217,1.3,16.62,21,18,0.604,False,False,0.26,0.676,2,2.3,0.31,1.0,False,False,False,False,monthly,unknown,unknown,ord_scan_monthly.csv,22.0
TKR,13,4,6,109.0,False,False,,,,,,False,,False,True,0.73,1.08,True,True,0.726,0.289,1.2,1.0,0.98,False,4,0.331,0.303,0.384,True,False,False,0.45,False,False,False,NONE,False,0,0.024,0.357,0.1,70.03,53,6,0.932,True,True,0.7,0.953,7,1.1,0.46,0.8,True,False,False,False,monthly,unknown,unknown,ord_scan_monthly.csv,22.0
SYNA,6,2,4,96.5,False,False,,,,,,False,,False,False,0.52,1.42,True,False,0.17,0.36,1.15,1.1,0.99,False,1,0.323,0.266,-1.204,False,True,False,0.4,True,False,False,NONE,False,0,0.015,0.331,0.0,64.53,43,4,0.993,True,False,0.36,0.987,4,1.0,0.31,1.0,True,False,True,True,weekly,unknown,unknown,ord_scan_weekly.csv,22.0
NXRT,2,1,1,28.92,False,False,,,,,,False,,False,False,0.14,0.79,False,False,-0.169,0.024,0.83,1.08,0.66,False,1,0.383,1.292,-1.282,False,False,False,0.81,False,False,False,NONE,False,3,0.629,0.192,8.8,23.37,11,12,0.428,False,False,0.22,0.269,2,3.7,0.31,0.0,True,False,False,False,monthly,unknown,unknown,ord_scan_monthly.csv,22.0
QTWO,1,0,1,51.23,False,False,,,,,,False,,False,False,0.69,0.76,False,False,-0.354,-0.025,0.74,0.98,0.45,False,2,0.331,-0.1,0.675,False,False,False,0.84,False,False,False,NONE,False,3,0.655,0.128,14.8,44.65,16,4,0.236,False,False,0.5,0.097,2,7.5,0.31,0.0,True,False,False,False,monthly,unknown,unknown,ord_scan_monthly.csv,22.0
VMI,4,1,3,510.36,False,False,NONE,1.17,1.19,False,True,False,,False,False,0.76,0.96,True,False,0.148,0.239,1.52,1.39,0.99,False,1,-0.119,0.287,0.331,False,False,True,0.58,True,False,False,NONE,False,0,0.006,0.257,0.0,379.28,47,31,0.979,True,False,0.62,0.976,2,1.2,0.46,0.5,True,False,True,True,weekly,unknown,unknown,ord_scan_weekly.csv,22.0
COTY,2,0,2,2.47,False,False,,,,,,False,,False,False,0.88,0.68,False,False,-0.511,-0.793,0.57,0.94,0.26,False,1,-0.168,-2.697,-0.35,False,False,False,0.93,False,False,False,NONE,False,3,0.875,0.211,33.2,1.95,3,3,0.342,False,False,0.91,0.052,1,4.8,0.15,0.0,True,False,False,False,monthly,unknown,unknown,ord_scan_monthly.csv,22.0
FLO,0,0,0,8.72,False,False,,,,,,False,,False,False,0.97,0.9,False,False,-0.462,-0.583,0.92,1.31,0.41,False,2,-1.141,0.18,1.717,False,False,False,0.97,False,False,False,NONE,False,3,0.653,0.111,17.0,7.76,16,3,0.238,False,False,0.96,0.063,2,7.4,0.15,0.0,True,False,False,False,monthly,unknown,unknown,ord_scan_monthly.csv,22.0
WING,0,0,0,160.73,False,False,,,,,,False,,False,False,0.5,1.01,False,False,-0.388,-0.558,0.89,1.08,0.38,False,1,0.345,-0.039,3.995,False,False,False,0.97,False,False,False,NONE,False,3,0.627,0.115,14.6,142.24,14,1,0.296,False,False,0.64,0.064,3,5.7,0.23,0.0,True,False,False,False,monthly,unknown,unknown,ord_scan_monthly.csv,22.0
SM,4,1,0,30.47,False,False,,,,,,False,,False,False,0.56,1.39,False,False,0.398,-0.35,0.92,1.75,0.69,False,1,1.92,1.2,1.156,True,False,False,0.75,False,False,False,NONE,False,3,0.395,0.434,1.5,17.25,21,2,0.746,False,False,0.45,0.403,4,0.9,0.54,1.0,True,False,False,False,monthly,unknown,unknown,ord_scan_monthly.csv,22.0
HLI,0,0,0,153.08,False,False,,,,,,False,,False,False,0.91,0.95,False,False,-0.087,-0.139,1.01,0.98,0.79,False,3,0.29,0.181,-0.259,False,False,False,0.92,False,False,False,NONE,False,5,0.272,0.122,3.1,134.41,9,14,0.312,False,False,0.9,0.312,2,5.4,0.31,0.0,True,False,False,False,weekly,unknown,unknown,ord_scan_weekly.csv,22.0
CUBE,2,1,1,40.14,False,False,,,,,,False,1.01,False,False,0.46,1.03,True,False,0.085,0.097,0.98,1.0,0.97,False,4,-0.416,-0.215,0.062,False,False,False,0.36,False,False,False,NONE,False,5,0.205,0.123,2.1,35.18,21,74,0.535,False,False,0.36,0.821,0,2.7,0.62,0.33,False,False,False,False,weekly,unknown,unknown,ord_scan_weekly.csv,22.0
CYTK,9,2,4,63.35,False,False,NONE,1.0,0.99,True,True,False,1.28,False,False,0.31,1.1,True,True,0.479,-0.096,0.83,0.87,0.89,False,6,0.577,0.374,1.025,True,False,False,0.13,False,False,False,NONE,False,6,0.425,0.481,1.5,32.89,22,8,0.707,False,False,0.17,0.734,2,1.1,0.38,0.67,True,False,False,False,monthly,unknown,unknown,ord_scan_monthly.csv,22.0
UTHR,13,5,5,570.4,False,False,,,,,,False,,False,True,0.64,1.35,True,True,0.215,0.281,1.13,1.17,0.94,False,5,0.173,0.19,0.602,True,False,True,0.7,False,False,False,NONE,False,2,0.062,0.183,0.4,466.0,45,26,0.811,True,False,0.47,0.789,1,1.7,0.23,1.0,True,False,False,False,weekly,unknown,unknown,ord_scan_weekly.csv,22.0
PRK,6,1,5,173.26,False,False,,,,,,False,,False,False,0.31,1.01,True,True,0.07,0.163,1.13,1.07,0.98,False,5,0.072,-0.194,0.26,False,True,False,0.26,False,False,False,NONE,False,5,0.132,0.133,1.1,150.13,30,74,0.602,False,False,0.21,0.858,0,2.3,0.46,0.67,False,False,False,False,weekly,unknown,unknown,ord_scan_weekly.csv,22.0
WDFC,1,1,0,211.06,False,False,,,,,,False,,False,False,0.42,0.72,True,False,-0.054,-0.134,1.22,1.1,0.74,False,2,-0.647,-0.489,1.444,False,False,False,0.9,False,False,False,NONE,False,4,0.311,0.177,2.6,173.64,11,4,0.478,False,False,0.49,0.338,3,3.2,0.15,1.0,True,False,False,False,monthly,unknown,unknown,ord_scan_monthly.csv,22.0
FHB,10,4,6,27.47,False,False,,,,,,False,,True,False,0.2,0.98,True,True,0.253,0.361,0.91,1.26,0.98,False,6,-1.213,0.584,-1.069,False,True,False,0.35,False,False,False,NONE,False,0,0.021,0.193,0.1,22.18,44,13,0.93,True,False,0.1,0.94,2,1.6,0.54,1.0,True,False,False,False,monthly,unknown,unknown,ord_scan_monthly.csv,22.0
HNI,1,0,1,37.44,False,False,,,,,,False,,False,False,1.0,0.73,False,False,-0.211,-0.07,0.98,0.88,0.71,False,3,0.179,-0.08,-0.366,False,False,False,1.0,False,False,False,NONE,False,5,0.334,0.161,3.1,31.41,6,9,0.337,False,False,0.99,0.287,1,4.9,0.31,0.0,True,False,False,False,weekly,unknown,unknown,ord_scan_weekly.csv,21.0
CVSA,2,0,2,113.86,False,False,,,,,,False,,False,False,0.29,0.72,False,False,0.1,0.162,1.01,0.72,0.91,False,1,-0.14,0.008,1.302,False,False,True,0.32,False,False,False,NONE,False,5,0.271,0.173,2.1,94.11,20,22,0.715,False,False,0.3,0.715,1,2.1,0.69,0.0,False,False,False,False,weekly,unknown,unknown,ord_scan_weekly.csv,21.0
RUN,2,1,1,13.06,False,False,,,,,,False,,False,False,0.76,1.23,False,False,0.896,-0.009,0.94,0.64,0.58,False,1,-0.779,0.41,4.437,False,False,False,0.45,False,False,False,NONE,False,5,0.871,0.31,21.7,9.01,15,3,0.219,False,False,0.64,0.45,2,4.6,0.38,0.0,True,False,False,False,monthly,unknown,unknown,ord_scan_monthly.csv,21.0
TNDM,0,0,0,19.42,False,False,,,,,,False,,False,False,0.52,1.1,False,False,0.153,-0.452,0.92,0.9,0.45,False,1,-0.25,-1.47,1.93,False,False,False,0.55,False,False,False,NONE,False,5,0.875,0.486,14.5,9.98,11,2,0.209,False,False,0.49,0.216,3,1.7,0.15,1.0,True,False,False,False,monthly,unknown,unknown,ord_scan_monthly.csv,21.0
VFC,2,1,1,19.01,False,False,,,,,,False,,False,False,0.26,1.04,True,False,-0.025,0.368,1.24,1.02,0.85,False,1,0.282,0.196,-2.03,False,True,False,0.15,False,False,False,NONE,False,2,0.326,0.179,2.7,15.6,11,7,0.511,False,False,0.25,0.631,1,2.9,0.31,0.75,True,False,False,False,weekly,unknown,unknown,ord_scan_weekly.csv,21.0
HQY,0,0,0,82.4,False,False,,,,,,False,,False,False,0.45,1.0,False,False,-0.038,-0.129,1.18,1.05,0.83,False,1,-0.374,-0.161,0.307,False,False,False,0.44,False,False,False,NONE,False,5,0.294,0.102,4.1,74.01,18,21,0.3,False,False,0.35,0.29,2,5.7,0.23,0.0,False,False,False,False,weekly,unknown,unknown,ord_scan_weekly.csv,21.0
HTZ,3,2,1,6.14,False,False,,,,,,False,,False,False,0.65,1.44,True,False,0.253,0.197,1.95,1.94,0.75,False,1,-0.308,-1.282,1.194,False,False,True,0.56,False,False,False,NONE,False,5,0.346,0.385,1.4,3.78,24,1,0.274,False,False,0.68,0.537,1,2.1,0.38,1.0,True,True,False,False,weekly,unknown,unknown,ord_scan_weekly.csv,21.0
GEF,2,1,1,66.83,False,False,,,,,,False,,False,False,0.31,0.98,True,False,-0.046,0.194,1.09,0.92,0.87,False,1,-0.006,-0.382,0.163,False,True,False,0.42,False,False,False,NONE,False,5,0.126,0.081,1.8,61.42,23,47,0.594,False,False,0.32,0.553,3,2.8,0.46,0.5,False,True,False,False,weekly,unknown,unknown,ord_scan_weekly.csv,21.0
FULT,6,2,4,21.62,False,False,,,,,,False,,False,False,0.19,0.98,True,True,0.057,0.269,0.99,1.1,0.95,False,4,0.293,0.058,-0.173,False,False,False,0.18,False,False,False,NONE,False,0,0.051,0.13,0.4,18.81,46,52,0.837,True,True,0.09,0.813,1,1.5,0.46,0.5,False,False,False,False,weekly,unknown,unknown,ord_scan_weekly.csv,21.0
CBRL,2,0,2,31.09,False,False,,,,,,False,,False,False,0.92,0.76,False,False,-0.248,-0.542,0.58,0.9,0.44,False,2,-2.077,-0.471,1.904,False,False,False,0.95,False,False,False,NONE,False,3,0.786,0.213,17.3,24.47,3,4,0.552,False,False,0.79,0.145,2,2.6,0.38,0.0,True,False,False,False,monthly,unknown,unknown,ord_scan_monthly.csv,21.0
IPAR,5,3,2,91.73,False,False,,,,,,False,,False,True,0.5,0.79,False,False,-0.133,-0.305,0.67,0.92,0.64,False,4,1.346,0.426,-0.116,False,False,False,0.83,False,False,False,NONE,False,3,0.386,0.174,3.6,75.81,9,8,0.426,False,False,0.29,0.238,2,3.7,0.23,0.0,True,False,False,False,monthly,unknown,unknown,ord_scan_monthly.csv,21.0
SLAB,14,5,9,218.24,False,False,,,,,,False,,False,False,0.96,1.92,True,True,0.532,0.665,0.41,0.68,1.0,False,12,0.439,0.293,-0.39,False,False,False,0.96,False,False,False,NONE,False,0,0.001,0.079,0.0,201.02,49,12,0.997,True,True,0.72,0.998,4,4.9,0.62,0.33,True,False,False,False,weekly,unknown,unknown,ord_scan_weekly.csv,21.0
AAP,4,3,1,58.93,False,False,,,,,,False,,False,True,0.62,1.14,False,False,0.851,-0.274,0.89,0.65,0.86,False,2,-1.507,0.071,1.831,False,True,False,0.53,False,False,False,NONE,False,7,0.732,0.364,7.5,37.5,14,4,0.782,False,False,0.79,0.566,2,1.6,0.46,1.0,True,False,False,False,monthly,unknown,unknown,ord_scan_monthly.csv,21.0
AA,6,3,3,62.63,False,False,,,,,,False,,True,False,0.1,0.79,True,False,0.104,0.71,1.1,0.81,0.83,False,2,0.846,0.017,-0.135,False,True,False,0.18,False,False,False,NONE,False,6,0.173,0.121,1.7,55.06,22,17,0.444,False,False,0.4,0.678,3,4.8,0.38,0.67,True,False,False,False,weekly,unknown,unknown,ord_scan_weekly.csv,21.0
ATEN,6,1,5,26.85,False,False,,,,,,False,,False,False,0.65,0.97,True,True,0.651,1.017,1.27,0.97,0.94,False,1,1.35,-2.635,2.184,False,False,True,0.46,True,False,False,NONE,False,0,0.061,0.389,0.2,16.41,42,2,0.821,True,False,0.5,0.895,4,1.1,0.31,1.0,True,False,True,True,monthly,unknown,unknown,ord_scan_monthly.csv,21.0
KTB,6,3,3,72.2,False,False,,,,,,False,,True,False,0.11,1.1,True,False,0.235,0.279,0.78,0.98,0.77,False,2,1.674,-0.472,1.085,False,False,True,0.74,False,False,False,NONE,False,9,0.226,0.274,1.1,52.45,24,4,0.678,False,False,0.17,0.528,4,1.6,0.15,0.0,True,False,False,False,monthly,unknown,unknown,ord_scan_monthly.csv,21.0
JXN,13,4,6,114.19,False,False,,,,,,False,,False,True,0.18,0.96,True,True,0.517,0.873,0.96,0.75,0.93,False,3,4.447,1.472,1.953,True,True,False,0.16,False,False,False,NONE,False,0,0.068,0.294,0.2,80.62,44,9,0.801,True,False,0.14,0.869,2,1.5,0.62,0.0,True,False,False,False,monthly,unknown,unknown,ord_scan_monthly.csv,21.0
SANM,11,4,4,223.27,False,False,,,,,,False,,False,True,1.0,0.79,True,False,0.576,0.629,1.26,1.11,0.97,True,1,0.837,0.342,0.67,True,False,True,0.98,True,False,False,NONE,False,0,0.032,0.471,0.1,118.1,49,2,0.914,True,False,0.99,0.935,4,0.9,0.38,0.33,True,True,True,True,weekly,unknown,unknown,ord_scan_weekly.csv,21.0
BTSG,14,5,6,52.58,False,False,,,,,,False,,False,True,0.29,1.21,True,True,0.339,0.591,1.19,1.16,0.96,True,1,0.366,2.133,0.797,True,False,False,0.24,True,False,False,NONE,False,0,0.038,0.292,0.1,37.24,53,7,0.88,True,False,0.31,0.913,0,1.3,0.62,0.38,True,True,True,True,weekly,unknown,unknown,ord_scan_weekly.csv,21.0
FBK,2,2,0,54.17,False,False,,,,,,False,,False,False,0.31,0.83,True,False,-0.055,0.01,0.87,1.04,0.87,False,6,0.802,-0.257,-0.497,False,False,True,0.43,False,False,False,NONE,False,6,0.128,0.091,1.6,49.24,22,44,0.596,False,True,0.28,0.382,7,2.9,0.23,0.0,False,False,False,False,weekly,unknown,unknown,ord_scan_weekly.csv,21.0
NE,3,1,2,50.54,False,False,,,,,,False,,False,False,1.0,1.03,True,False,1.475,0.19,1.44,0.77,0.93,False,2,-2.142,2.844,3.007,False,False,False,0.68,False,False,False,NONE,False,0,0.074,0.522,0.2,24.16,42,3,0.805,True,True,0.99,0.895,5,0.9,0.62,0.2,True,False,False,False,monthly,unknown,unknown,ord_scan_monthly.csv,21.0
OSK,9,1,5,155.29,False,False,,,,,,False,,False,False,0.62,1.15,True,True,0.884,0.287,1.37,0.87,0.86,False,2,1.399,1.672,0.062,True,False,True,0.41,False,False,False,NONE,False,5,0.137,0.243,0.7,117.61,16,4,0.545,False,False,0.66,0.764,3,2.1,0.54,0.75,True,False,False,False,monthly,unknown,unknown,ord_scan_monthly.csv,21.0
CNO,11,4,7,44.63,False,False,,,,,,False,,True,False,0.05,0.78,True,True,0.197,0.693,0.95,0.8,0.99,False,9,1.611,0.566,-1.016,False,True,False,0.04,False,False,False,NONE,False,1,0.007,0.22,0.0,34.79,46,20,0.979,True,False,0.04,0.985,2,1.3,0.54,0.5,True,False,False,False,monthly,unknown,unknown,ord_scan_monthly.csv,21.0
DIOD,9,2,7,108.24,False,False,,,,,,False,,False,False,1.0,1.45,True,True,0.829,1.028,1.63,1.32,0.99,True,1,0.152,-0.07,0.055,False,False,False,1.0,True,False,False,NONE,False,0,0.006,0.461,0.0,58.34,51,3,0.984,True,False,1.0,0.991,4,0.8,0.54,0.83,True,True,True,True,weekly,unknown,unknown,ord_scan_weekly.csv,21.0
LXP,6,4,2,51.84,False,False,,,,,,False,,False,True,0.21,0.94,True,False,0.062,0.125,1.17,0.98,0.99,False,3,-0.082,-0.46,-0.029,False,True,False,0.01,False,False,False,NONE,False,0,0.011,0.142,0.1,44.5,59,39,0.964,True,True,0.1,0.94,5,1.1,0.38,0.33,True,False,False,False,weekly,unknown,unknown,ord_scan_weekly.csv,21.0
RITM,2,0,2,9.79,False,False,,,,,,False,,False,False,0.85,0.87,False,False,-0.081,-0.063,0.81,0.67,0.83,False,4,0.368,-0.273,-0.064,False,False,False,0.85,False,False,False,NONE,False,4,0.175,0.161,1.3,8.21,4,13,0.436,False,False,0.9,0.436,1,3.6,0.31,0.0,True,False,False,False,weekly,unknown,unknown,ord_scan_weekly.csv,21.0
BROS,0,0,0,56.95,False,False,,,,,,False,,False,False,0.47,0.92,False,False,0.047,0.025,0.96,0.92,0.86,False,1,0.154,0.754,-0.083,False,False,False,0.52,False,False,False,NONE,False,4,0.344,0.217,2.4,44.58,9,14,0.645,False,True,0.21,0.579,5,2.1,0.46,0.0,True,False,False,False,weekly,unknown,unknown,ord_scan_weekly.csv,21.0
VCYT,6,2,4,33.09,False,False,,,,,,False,,False,False,0.25,0.85,True,False,0.085,0.493,0.81,0.74,0.65,False,2,1.263,-1.177,3.124,False,False,False,0.35,False,False,False,NONE,False,0,0.615,0.307,5.2,22.92,29,4,0.21,False,False,0.18,0.451,6,3.0,0.38,1.0,True,False,False,False,monthly,unknown,unknown,ord_scan_monthly.csv,21.0
DRH,10,4,6,10.47,False,False,,,,,,False,,False,True,0.48,1.06,True,True,0.489,0.191,1.15,0.78,0.98,False,5,0.298,0.457,-1.174,False,True,False,0.24,False,False,False,NONE,False,1,0.02,0.311,0.1,7.21,48,7,0.938,True,True,0.51,0.956,7,1.1,0.23,0.6,True,False,False,False,monthly,unknown,unknown,ord_scan_monthly.csv,21.0
AMWD,2,0,2,44.34,False,False,,,,,,False,,False,False,1.0,0.75,False,False,-0.253,-0.304,0.72,0.81,0.64,False,2,0.724,-1.07,-0.55,False,False,False,1.0,False,False,False,NONE,False,3,0.584,0.199,7.0,35.51,8,9,0.393,False,False,0.98,0.261,3,4.1,0.31,1.0,True,False,False,False,weekly,unknown,unknown,ord_scan_weekly.csv,21.0
ADMA,5,0,2,10.52,False,False,,,,,,False,,False,False,0.92,0.73,False,False,-0.392,-0.32,0.6,1.3,0.53,False,2,0.89,0.382,1.235,True,False,False,0.93,False,False,False,NONE,False,4,0.59,0.315,4.6,7.21,8,5,0.434,False,False,0.95,0.25,1,3.6,0.15,0.0,True,False,False,False,weekly,unknown,unknown,ord_scan_weekly.csv,21.0
BRKR,1,0,1,36.79,False,False,,,,,,False,,False,False,0.92,0.73,False,False,-0.168,-0.053,0.99,0.88,0.66,False,1,-0.08,-0.847,-0.321,False,False,False,0.93,False,False,False,NONE,False,3,0.535,0.121,9.5,32.32,19,13,0.247,False,False,0.89,0.188,1,7.1,0.31,1.0,True,False,False,False,weekly,unknown,unknown,ord_scan_weekly.csv,21.0
NSP,1,0,1,28.53,False,False,,,,,,False,,False,False,1.0,0.78,False,False,-0.314,-0.324,1.18,0.85,0.61,False,1,-0.5,-1.158,0.22,False,False,False,1.0,False,False,False,NONE,False,3,0.707,0.349,6.9,18.57,16,2,0.285,False,False,0.99,0.353,0,2.2,0.46,1.0,True,True,False,False,weekly,unknown,unknown,ord_scan_weekly.csv,21.0
CMC,3,1,2,68.66,False,False,,,,,,False,,False,False,0.81,0.84,True,False,-0.104,0.167,0.9,0.87,0.81,False,3,0.614,-0.046,-0.023,False,False,False,0.73,False,False,False,NONE,False,3,0.188,0.164,1.4,57.37,11,11,0.415,False,True,0.82,0.449,5,3.8,0.46,0.5,True,False,False,False,weekly,unknown,unknown,ord_scan_weekly.csv,21.0
UPBD,4,0,1,19.19,False,False,,,,,,False,,False,False,0.46,1.03,False,False,0.057,-0.374,0.8,1.05,0.59,False,1,0.467,0.311,1.25,True,False,False,0.66,False,False,False,NONE,False,5,0.632,0.211,8.1,15.14,5,3,0.394,False,False,0.41,0.209,3,2.8,0.15,0.0,True,False,False,False,monthly,unknown,unknown,ord_scan_monthly.csv,21.0
SKT,9,4,5,36.35,False,False,,,,,,False,,True,False,0.19,1.18,True,True,0.207,0.335,1.07,0.91,0.97,False,9,-0.2,-0.206,1.439,False,True,False,0.34,False,False,False,NONE,False,2,0.034,0.217,0.2,28.47,48,21,0.899,True,False,0.11,0.905,3,1.6,0.31,1.0,True,False,False,False,monthly,unknown,unknown,ord_scan_monthly.csv,21.0
BWA,7,2,5,56.77,False,False,,,,,,False,,False,False,0.81,1.05,True,True,0.201,0.331,0.9,0.62,0.81,False,6,0.027,0.167,-0.261,False,False,False,0.88,False,False,False,NONE,False,3,0.188,0.116,2.0,50.21,11,12,0.427,False,False,0.92,0.555,0,5.5,0.46,0.5,False,False,False,False,weekly,unknown,unknown,ord_scan_weekly.csv,21.0
EMN,5,1,4,77.53,False,False,,,,,,False,,False,False,0.64,1.09,True,True,0.132,0.336,1.02,0.93,0.94,False,5,-0.424,0.209,-0.488,False,False,False,0.77,False,False,False,NONE,False,3,0.277,0.167,2.3,64.59,24,21,0.803,True,False,0.69,0.822,0,1.6,0.31,1.0,False,True,False,False,weekly,unknown,unknown,ord_scan_weekly.csv,21.0
OUT,8,1,7,31.71,False,False,,,,,,False,,False,False,0.62,1.08,True,True,0.317,0.835,1.07,0.89,1.0,False,3,0.401,0.458,-0.412,False,False,False,0.69,True,False,False,NONE,False,0,0.002,0.199,0.0,25.41,47,22,0.995,True,True,0.36,0.997,4,1.1,0.54,0.67,True,False,True,True,weekly,unknown,unknown,ord_scan_weekly.csv,21.0
AYI,0,0,0,289.29,False,False,,,,,,False,,False,False,0.86,0.77,False,False,-0.063,-0.206,0.92,1.05,0.76,False,3,0.368,-0.2,-0.047,False,False,False,0.95,False,False,False,NONE,False,4,0.238,0.112,2.8,256.86,12,16,0.264,False,False,0.81,0.264,1,6.6,0.31,0.0,True,False,False,False,weekly,unknown,unknown,ord_scan_weekly.csv,21.0
DBD,6,1,2,77.86,False,False,,,,,,False,,False,False,0.59,1.11,True,False,0.128,0.316,1.28,1.88,0.87,False,1,0.821,0.488,0.838,True,False,False,0.73,False,False,False,NONE,False,3,0.126,0.097,1.5,70.33,17,22,0.59,False,False,0.37,0.676,1,2.7,0.38,0.5,True,True,False,False,weekly,unknown,unknown,ord_scan_weekly.csv,21.0
LAMR,15,5,7,140.35,False,False,,,,,,False,,False,True,0.1,0.93,True,True,0.299,0.315,1.05,0.82,1.0,False,6,0.507,0.48,0.431,True,True,False,0.12,False,False,False,NONE,False,0,0.004,0.221,0.0,109.35,44,13,0.989,True,False,0.22,0.989,2,1.4,0.54,0.33,True,False,False,False,monthly,unknown,unknown,ord_scan_monthly.csv,21.0
ITT,7,1,3,209.89,False,False,,,,,,False,,False,False,0.75,1.17,True,True,0.154,0.139,1.27,1.0,0.94,False,3,0.327,0.018,0.126,True,False,False,0.94,False,False,False,NONE,False,3,0.063,0.152,0.4,178.0,27,39,0.789,False,False,0.53,0.753,2,1.7,0.38,0.8,True,False,False,False,weekly,unknown,unknown,ord_scan_weekly.csv,21.0
MC,0,0,0,64.76,False,False,,,,,,False,,False,False,0.81,1.03,False,False,-0.087,0.043,1.24,1.08,0.84,False,2,0.727,-0.033,-0.639,False,False,False,0.93,False,False,False,NONE,False,3,0.179,0.212,1.0,51.06,10,11,0.608,False,False,0.69,0.519,0,2.3,0.31,1.0,True,True,False,False,weekly,unknown,unknown,ord_scan_weekly.csv,21.0
LGND,7,4,3,227.44,False,False,,,,,,False,,False,True,0.31,1.07,True,True,0.184,0.189,1.18,1.06,0.92,False,2,1.384,-0.093,-0.17,False,True,False,0.34,False,False,False,NONE,False,5,0.081,0.214,0.4,178.72,31,30,0.755,False,False,0.35,0.721,0,2.0,0.23,0.75,True,True,False,False,weekly,unknown,unknown,ord_scan_weekly.csv,21.0
EXPI,2,1,1,6.44,False,False,,,,,,False,,False,False,0.8,1.23,False,False,-0.282,-0.363,0.86,0.87,0.62,False,2,0.283,0.061,-1.994,False,False,False,0.82,False,False,False,NONE,False,5,0.568,0.128,10.3,5.62,14,11,0.269,False,False,0.67,0.126,1,6.4,0.15,0.0,True,False,False,False,weekly,unknown,unknown,ord_scan_weekly.csv,21.0
LTC,7,3,4,38.5,False,False,,,,,,False,,False,False,0.8,1.02,True,True,0.072,0.132,0.93,0.86,0.95,False,12,-0.122,-0.49,0.364,False,False,False,0.76,False,False,False,NONE,False,1,0.047,0.069,0.7,35.85,32,105,0.849,True,False,0.68,0.752,3,1.4,0.62,1.0,False,False,False,False,weekly,unknown,unknown,ord_scan_weekly.csv,21.0
PMT,2,1,1,12.33,False,False,,,,,,False,,False,False,0.52,0.93,True,False,0.078,0.093,0.81,0.97,0.92,False,4,0.013,-0.249,-0.083,False,True,False,0.32,False,False,False,NONE,False,2,0.076,0.126,0.7,10.78,21,130,0.759,False,True,0.4,0.603,5,2.1,0.62,0.0,False,False,False,False,weekly,unknown,unknown,ord_scan_weekly.csv,21.0
EGP,11,5,6,200.18,False,False,NONE,1.27,0.69,True,True,False,1.64,False,True,0.29,0.98,True,True,0.268,0.199,0.94,0.82,0.98,False,7,-0.347,-0.126,1.584,False,True,False,0.34,False,False,False,NONE,False,0,0.017,0.224,0.1,155.24,51,13,0.952,True,True,0.38,0.952,9,1.6,0.38,0.5,True,False,False,False,monthly,unknown,unknown,ord_scan_monthly.csv,21.0
FDP,4,2,2,41.34,False,False,,,,,,False,,False,False,0.65,1.05,True,False,0.05,0.187,0.96,0.99,0.96,False,11,0.312,-0.861,0.505,False,False,False,0.7,False,False,False,NONE,False,1,0.045,0.044,1.1,39.51,29,54,0.855,True,False,0.38,0.795,1,1.4,0.54,0.25,True,False,False,False,weekly,unknown,unknown,ord_scan_weekly.csv,21.0
ARCB,9,2,7,125.82,False,False,,,,,,False,,False,False,0.85,1.22,True,True,0.396,0.698,1.09,0.89,0.93,True,1,1.002,-0.261,0.061,False,False,False,0.81,True,False,False,NONE,False,1,0.069,0.342,0.2,82.74,34,4,0.782,False,True,0.83,0.877,6,1.2,0.54,0.5,True,False,True,True,weekly,unknown,unknown,ord_scan_weekly.csv,21.0
NNN,6,3,3,43.95,False,False,NONE,1.05,0.99,False,True,False,,False,False,0.68,1.1,True,True,0.085,0.134,1.02,1.15,0.97,False,13,-0.637,-0.132,0.302,False,False,False,0.81,False,False,False,NONE,False,2,0.032,0.071,0.5,40.85,36,130,0.908,True,False,0.51,0.809,4,1.5,0.54,0.4,True,False,False,False,weekly,unknown,unknown,ord_scan_weekly.csv,21.0
VIAV,7,2,5,55.33,False,False,,,,,,False,,False,False,1.0,1.45,True,True,1.262,2.126,1.9,1.3,0.92,True,1,1.183,0.26,-0.273,False,False,False,1.0,True,False,False,NONE,False,2,0.084,0.517,0.2,26.72,36,1,0.721,False,False,1.0,0.886,0,0.8,0.69,0.78,True,True,True,True,weekly,unknown,unknown,ord_scan_weekly.csv,21.0
SEDG,2,1,1,42.91,False,False,,,,,,False,,False,False,0.66,1.3,False,False,2.507,-0.395,1.26,0.66,0.8,False,1,-3.226,1.254,5.011,False,False,True,0.62,False,False,False,NONE,False,6,0.89,0.464,17.4,23.01,12,1,0.387,False,False,0.58,0.516,3,1.4,0.38,0.57,True,False,False,False,monthly,unknown,unknown,ord_scan_monthly.csv,21.0
SMPL,1,0,1,13.23,False,False,,,,,,False,,False,False,1.0,1.0,False,False,-0.634,-0.611,0.81,1.48,0.33,False,1,0.435,-4.291,1.58,False,False,False,1.0,False,False,False,NONE,False,3,0.711,0.228,10.8,10.21,6,1,0.646,False,False,0.99,0.1,4,2.1,0.15,0.0,True,False,False,False,monthly,unknown,unknown,ord_scan_monthly.csv,21.0
SMP,5,1,4,38.51,False,False,,,,,,False,,False,False,0.46,0.89,True,True,0.47,0.233,1.05,0.72,0.84,False,3,-0.341,-0.247,1.111,False,True,False,0.12,False,False,False,NONE,False,3,0.199,0.251,1.0,28.84,11,9,0.575,False,False,0.62,0.714,3,2.5,0.46,0.5,True,False,False,False,monthly,unknown,unknown,ord_scan_monthly.csv,21.0
KMX,2,0,2,38.53,False,False,,,,,,False,,False,False,0.77,0.89,False,False,-0.404,-0.558,0.74,0.87,0.42,False,1,-0.006,-1.175,2.411,False,False,False,0.88,False,False,False,NONE,False,3,0.753,0.215,14.2,30.26,6,6,0.421,False,False,0.65,0.136,1,3.7,0.23,0.0,True,False,False,False,monthly,unknown,unknown,ord_scan_monthly.csv,21.0
UFCS,10,4,6,39.89,False,False,,,,,,False,,False,True,0.17,1.18,True,True,0.11,0.325,1.03,0.88,0.96,False,4,-0.03,0.053,0.308,False,False,True,0.13,False,False,False,NONE,False,0,0.045,0.099,0.5,35.93,64,37,0.853,True,True,0.1,0.844,4,1.4,0.46,0.5,True,False,False,False,weekly,unknown,unknown,ord_scan_weekly.csv,21.0
PENN,5,4,1,17.27,False,False,,,,,,False,,False,True,0.59,1.14,True,False,0.345,0.049,1.04,1.06,0.95,False,1,-0.62,-0.666,-0.499,False,True,False,0.56,False,False,False,NONE,False,7,0.252,0.312,1.1,11.89,29,9,0.846,True,False,0.61,0.852,1,1.4,0.46,0.67,True,False,False,False,weekly,unknown,unknown,ord_scan_weekly.csv,21.0
OGS,6,2,4,88.91,False,False,,,,,,False,,False,False,0.76,1.04,True,True,0.126,0.127,1.05,0.96,0.98,False,11,-0.534,-0.089,0.462,False,False,False,0.75,False,False,False,NONE,False,1,0.021,0.063,0.3,83.27,41,68,0.931,True,False,0.51,0.884,1,1.2,0.54,0.62,True,False,False,False,weekly,unknown,unknown,ord_scan_weekly.csv,21.0
LNC,3,1,2,37.53,False,False,,,,,,False,,False,False,0.34,0.78,True,False,0.252,0.325,1.0,0.99,0.82,False,3,1.506,0.416,-1.473,False,True,False,0.33,False,False,False,NONE,True,2,0.385,0.154,4.1,31.76,10,4,0.412,False,False,0.39,0.635,2,3.8,0.62,0.5,True,False,False,False,monthly,unknown,unknown,ord_scan_monthly.csv,21.0
ASTE,8,2,6,64.16,False,False,,,,,,False,,False,False,0.67,1.21,True,True,0.791,0.511,1.42,1.02,0.98,False,1,1.24,0.447,-0.43,False,False,True,0.5,False,False,False,NONE,False,1,0.15,0.414,0.4,37.57,49,4,0.932,True,True,0.46,0.96,6,0.9,0.54,0.56,True,False,False,False,monthly,unknown,unknown,ord_scan_monthly.csv,21.0
EHC,3,2,1,107.48,False,False,,,,,,False,,False,False,0.07,0.79,True,False,-0.074,0.322,1.19,1.14,0.84,False,3,3.747,1.137,-0.518,False,False,False,0.5,False,False,False,NONE,False,0,0.156,0.139,1.3,92.59,14,16,0.508,False,False,0.01,0.602,3,3.8,0.54,0.4,True,False,False,False,monthly,unknown,unknown,ord_scan_monthly.csv,21.0
ARMK,9,5,4,44.95,False,False,,,,,,False,,False,True,0.65,1.39,True,True,0.171,0.194,1.12,0.93,0.96,False,4,-0.12,-0.392,0.732,False,False,True,0.76,False,False,False,NONE,False,0,0.041,0.139,0.3,38.68,55,52,0.869,True,True,0.55,0.84,1,1.4,0.54,0.5,True,False,False,False,weekly,unknown,unknown,ord_scan_weekly.csv,20.0
ASH,0,0,0,51.82,False,False,,,,,,False,,False,False,0.79,0.92,False,False,-0.018,-0.44,1.06,0.91,0.61,False,1,-0.274,0.209,0.535,False,False,False,0.89,False,False,False,NONE,False,3,0.513,0.119,8.8,45.63,14,8,0.316,False,False,0.73,0.147,3,5.3,0.23,0.5,True,False,False,False,monthly,unknown,unknown,ord_scan_monthly.csv,20.0
GMED,6,3,3,91.34,False,False,,,,,,False,,True,False,0.09,1.19,True,False,0.007,0.513,1.19,0.88,0.9,False,4,0.225,0.028,-0.476,False,True,False,0.02,False,False,False,NONE,False,7,0.099,0.102,1.1,82.01,32,25,0.76,False,False,0.14,0.76,1,5.1,0.31,0.0,False,False,False,False,weekly,unknown,unknown,ord_scan_weekly.csv,20.0
CRC,13,4,6,68.37,False,False,,,,,,False,,False,True,0.88,0.95,True,True,1.046,0.328,1.09,0.87,0.96,False,2,3.15,0.294,2.162,True,False,False,0.73,False,False,False,NONE,False,0,0.044,0.377,0.1,42.6,50,4,0.886,True,True,0.84,0.924,5,1.2,0.62,0.5,True,False,False,False,monthly,unknown,unknown,ord_scan_monthly.csv,20.0
STRL,10,1,6,532.67,False,False,,,,,,False,,False,False,0.69,0.84,True,True,0.488,0.41,1.21,0.97,0.99,False,1,1.929,0.734,1.175,True,False,False,0.79,True,False,False,NONE,False,0,0.009,0.319,0.0,362.59,38,3,0.971,True,False,0.72,0.98,3,1.1,0.54,0.6,True,False,True,True,weekly,unknown,unknown,ord_scan_weekly.csv,20.0
AZTA,0,0,0,24.91,False,False,,,,,,False,,False,False,0.6,0.8,False,False,-0.054,-0.587,0.95,0.96,0.45,False,1,1.254,1.782,-0.712,False,False,False,0.83,False,False,False,NONE,False,3,0.8,0.202,19.8,19.87,11,3,0.263,False,False,0.52,0.115,2,6.6,0.38,0.0,True,False,False,False,monthly,unknown,unknown,ord_scan_monthly.csv,20.0
GO,2,0,2,8.35,False,False,NONE,1.58,0.76,True,False,False,2.58,False,False,0.98,0.8,False,False,-0.503,-0.71,0.51,0.96,0.39,False,1,-4.145,-2.275,1.162,False,False,False,0.85,False,False,False,NONE,False,3,0.829,0.323,15.0,5.66,3,2,0.642,False,False,0.98,0.116,2,2.1,0.23,0.0,True,False,False,False,monthly,unknown,unknown,ord_scan_monthly.csv,20.0
JBLU,3,2,1,4.86,False,False,,,,,,False,,False,False,0.68,1.28,True,False,-0.002,0.157,1.2,1.26,0.75,False,1,0.644,-0.391,-1.425,False,True,False,0.64,False,False,False,NONE,False,6,0.415,0.204,3.5,3.87,11,4,0.372,False,False,0.61,0.376,2,3.4,0.23,1.0,True,False,False,False,weekly,unknown,unknown,ord_scan_weekly.csv,20.0
CHCO,11,5,6,123.58,False,False,NONE,1.38,1.13,True,True,False,1.91,True,False,0.0,0.8,True,True,0.104,0.261,0.77,1.08,0.94,False,13,-1.098,-0.548,1.952,False,False,True,0.43,False,False,False,NONE,False,7,0.062,0.097,0.7,111.61,28,25,0.796,False,False,0.11,0.796,2,1.7,0.38,0.0,False,False,False,False,monthly,unknown,unknown,ord_scan_monthly.csv,20.0
NAVI,3,3,0,9.17,False,False,,,,,,False,,False,True,0.61,0.85,False,False,-0.217,-0.418,0.96,1.01,0.6,False,1,0.809,-1.435,-1.05,False,False,False,0.76,False,False,False,NONE,False,3,0.529,0.159,7.1,7.71,19,4,0.279,False,False,0.55,0.178,2,6.2,0.46,1.0,True,False,False,False,monthly,unknown,unknown,ord_scan_monthly.csv,20.0
AMWD,0,0,0,44.34,False,False,,,,,,False,,False,False,0.67,0.9,False,False,-0.248,-0.564,1.04,0.92,0.43,False,1,0.703,-0.449,1.873,False,False,False,0.86,False,False,False,NONE,False,3,0.701,0.199,11.8,35.51,14,3,0.261,False,False,0.75,0.124,3,6.7,0.23,0.0,True,False,False,False,monthly,unknown,unknown,ord_scan_monthly.csv,20.0
XNCR,2,0,2,12.69,False,False,,,,,,False,,False,False,0.98,1.03,False,False,0.152,-0.427,0.7,0.81,0.47,False,2,2.509,-1.394,-0.363,False,False,False,0.99,False,False,False,NONE,False,3,0.783,0.455,7.9,6.92,5,4,0.433,False,False,0.96,0.284,2,1.3,0.38,1.0,True,False,False,False,monthly,unknown,unknown,ord_scan_monthly.csv,20.0
ILMN,1,0,1,135.78,False,False,,,,,,False,,False,False,0.4,0.93,False,False,0.75,0.016,1.01,0.77,0.87,False,3,1.893,1.867,-0.184,False,False,False,0.42,False,False,False,NONE,False,3,0.749,0.352,8.5,88.0,12,7,0.708,False,False,0.26,0.763,3,1.8,0.54,0.5,True,False,False,False,monthly,unknown,unknown,ord_scan_monthly.csv,20.0
MNRO,1,0,1,17.58,False,False,,,,,,False,,False,False,0.84,0.89,False,False,0.341,-0.373,0.95,0.81,0.64,False,2,-1.318,-0.434,1.586,False,False,False,0.78,False,False,False,NONE,False,3,0.758,0.272,11.5,12.8,6,2,0.418,False,False,0.86,0.357,3,2.2,0.38,0.67,True,False,False,False,monthly,unknown,unknown,ord_scan_monthly.csv,20.0
PAG,5,4,1,169.84,False,False,,,,,,False,,False,True,0.43,1.18,True,False,0.093,0.08,1.11,1.02,0.94,False,1,0.237,-0.179,0.357,False,True,False,0.15,False,False,False,NONE,False,5,0.088,0.175,0.6,140.12,39,55,0.709,False,True,0.5,0.717,0,2.5,0.38,1.0,False,True,False,False,weekly,unknown,unknown,ord_scan_weekly.csv,20.0
DKS,5,4,1,224.62,False,False,,,,,,False,,False,True,0.26,1.2,True,False,0.119,0.027,1.23,0.97,0.97,False,3,1.535,-0.544,-0.152,False,True,False,0.02,False,False,False,NONE,False,5,0.091,0.174,0.6,185.46,40,49,0.862,True,False,0.12,0.807,0,1.4,0.31,0.0,True,False,False,False,weekly,unknown,unknown,ord_scan_weekly.csv,20.0
CWST,3,3,0,86.83,False,False,,,,,,False,,False,True,0.21,0.94,False,False,-0.261,-0.122,1.19,1.17,0.72,False,2,1.365,-0.541,1.151,False,False,False,0.66,False,False,False,NONE,False,4,0.284,0.147,2.7,74.05,17,3,0.377,False,False,0.19,0.271,2,4.3,0.31,0.0,True,False,False,False,monthly,unknown,unknown,ord_scan_monthly.csv,20.0
SPXC,4,4,0,208.13,False,False,,,,,,False,,False,True,0.33,0.99,True,False,-0.001,-0.07,1.05,1.09,0.84,False,2,0.447,-0.162,0.655,False,True,False,0.42,False,False,False,NONE,False,5,0.156,0.121,1.5,182.99,21,40,0.489,False,False,0.35,0.395,2,3.7,0.54,0.0,False,False,False,False,weekly,unknown,unknown,ord_scan_weekly.csv,20.0
PLUS,3,2,1,85.21,False,False,,,,,,False,,False,False,0.19,1.02,True,False,-0.004,0.172,1.01,1.0,0.92,False,3,0.666,-0.28,-0.057,False,True,False,0.06,False,False,False,NONE,False,5,0.196,0.142,1.7,73.09,21,38,0.737,False,False,0.05,0.629,1,2.3,0.38,0.0,False,False,False,False,weekly,unknown,unknown,ord_scan_weekly.csv,20.0
NOVT,0,0,0,127.87,False,False,,,,,,False,,False,False,0.28,1.15,False,False,0.076,-0.268,1.04,0.98,0.69,False,2,1.65,2.588,-0.46,False,False,False,0.62,False,False,False,NONE,False,6,0.318,0.231,2.0,98.27,6,6,0.573,False,False,0.37,0.333,3,2.5,0.38,1.0,True,False,False,False,monthly,unknown,unknown,ord_scan_monthly.csv,20.0
APLS,9,3,6,40.96,False,False,,,,,,False,,False,False,0.94,1.69,True,True,0.814,0.908,1.57,2.11,1.0,False,4,-0.439,-0.463,1.905,False,False,True,0.92,False,False,False,NONE,False,2,0.165,0.589,0.3,16.83,54,4,0.998,True,True,0.83,0.998,4,1.0,0.46,0.75,True,False,False,False,weekly,unknown,unknown,ord_scan_weekly.csv,20.0
DORM,0,0,0,112.88,False,False,,,,,,False,,False,False,0.75,0.77,False,False,-0.091,-0.158,0.86,1.02,0.83,False,3,0.468,-0.2,-0.612,False,False,False,0.78,False,False,False,NONE,False,5,0.324,0.128,3.7,98.45,4,24,0.339,False,False,0.59,0.339,3,4.9,0.38,0.0,True,False,False,False,weekly,unknown,unknown,ord_scan_weekly.csv,20.0
BNL,8,5,3,19.64,False,False,NONE,0.85,2.4,True,True,True,0.6,False,False,0.62,1.4,True,True,0.078,0.132,1.04,1.7,0.96,False,4,-0.313,-0.242,-0.032,False,False,False,0.58,False,False,False,NONE,False,2,0.041,0.093,0.5,17.81,29,49,0.865,True,False,0.56,0.784,1,1.3,0.54,0.33,True,False,False,False,weekly,unknown,unknown,ord_scan_weekly.csv,20.0
OVV,9,4,5,60.85,False,False,,,,,,False,,False,True,0.53,1.14,True,True,0.863,0.248,1.2,1.08,0.98,False,2,-0.057,0.864,1.046,False,False,True,0.38,False,False,False,NONE,False,0,0.023,0.425,0.1,35.01,57,3,0.932,True,True,0.44,0.958,6,0.9,0.62,1.0,True,False,False,False,monthly,unknown,unknown,ord_scan_monthly.csv,20.0
MTH,0,0,0,66.34,False,False,,,,,,False,,False,False,0.61,1.02,False,False,-0.038,-0.005,0.88,0.95,0.82,False,3,0.319,-0.25,-0.094,False,False,False,0.65,False,False,False,NONE,False,2,0.354,0.132,4.2,57.6,18,34,0.343,False,True,0.52,0.371,1,4.8,0.38,1.0,True,False,False,False,weekly,unknown,unknown,ord_scan_weekly.csv,20.0
FUL,1,1,0,59.95,False,False,,,,,,False,,False,False,0.78,1.06,True,False,0.005,0.053,1.07,1.15,0.88,False,3,-0.199,-0.495,0.168,False,True,False,0.83,False,False,False,NONE,False,8,0.296,0.191,2.2,48.51,13,55,0.614,False,False,0.93,0.577,2,2.6,0.38,0.0,False,False,False,False,weekly,unknown,unknown,ord_scan_weekly.csv,20.0
WERN,4,1,3,35.91,False,False,,,,,,False,,False,False,0.87,0.73,True,False,0.053,0.383,1.0,0.94,0.93,False,1,0.013,-0.261,-0.507,False,True,False,0.64,False,False,False,NONE,False,0,0.131,0.262,0.6,26.5,25,6,0.787,False,True,0.87,0.837,6,1.5,0.46,1.0,True,True,False,False,weekly,unknown,unknown,ord_scan_weekly.csv,20.0
PSTG,3,1,2,69.98,False,False,,,,,,False,1.05,False,False,0.75,0.84,True,False,0.581,0.329,1.14,1.12,0.7,False,1,0.583,2.733,-1.13,False,False,True,0.69,False,False,False,NONE,True,2,0.304,0.237,1.8,53.43,12,4,0.332,False,False,0.66,0.537,1,4.0,0.62,0.5,True,False,False,False,monthly,unknown,unknown,ord_scan_monthly.csv,20.0
ARLO,3,2,1,14.61,False,False,,,,,,False,,False,False,0.2,0.99,True,False,0.486,0.155,0.85,1.0,0.73,False,2,3.244,1.946,-5.308,False,True,False,0.28,False,False,False,NONE,False,3,0.385,0.244,2.6,11.05,11,3,0.669,False,False,0.21,0.56,3,2.0,0.38,0.75,True,False,False,False,monthly,unknown,unknown,ord_scan_monthly.csv,20.0
HR,12,5,7,19.25,False,False,,,,,,False,,False,True,0.42,0.98,True,True,0.318,0.557,1.03,0.89,0.99,False,9,-0.758,-0.371,1.065,False,True,False,0.09,False,False,False,NONE,False,2,0.085,0.237,0.4,14.69,42,11,0.97,True,False,0.29,0.976,4,1.3,0.46,0.67,True,False,True,False,monthly,unknown,unknown,ord_scan_monthly.csv,20.0
WLY,6,4,2,40.93,False,False,,,,,,False,,False,True,0.52,0.94,True,False,-0.017,0.162,0.75,0.97,0.8,False,2,0.09,-0.628,1.077,False,False,False,0.93,False,False,False,NONE,False,3,0.266,0.313,1.2,28.12,19,2,0.86,True,False,0.62,0.558,3,1.2,0.54,0.0,True,False,False,False,monthly,unknown,unknown,ord_scan_monthly.csv,20.0
CALY,3,2,1,15.16,False,False,,,,,,False,,False,False,0.87,1.35,True,False,1.293,-0.062,1.2,0.87,0.91,False,2,0.503,-0.702,0.059,False,False,False,0.84,False,False,False,NONE,False,3,0.598,0.472,3.2,8.0,28,4,0.71,False,True,0.77,0.849,7,0.9,0.54,1.0,True,False,False,False,monthly,unknown,unknown,ord_scan_monthly.csv,20.0
FUN,4,3,1,18.86,False,False,,,,,,False,,False,True,0.66,1.14,False,False,0.047,-0.179,1.11,0.78,0.91,False,1,-0.593,-0.437,-0.093,False,True,False,0.59,False,False,False,NONE,False,7,0.679,0.208,10.2,14.94,7,16,0.7,False,False,0.75,0.593,2,2.1,0.38,0.33,True,False,False,False,weekly,unknown,unknown,ord_scan_weekly.csv,20.0
XRAY,1,0,1,11.81,False,False,,,,,,False,,False,False,0.85,0.79,False,False,-0.118,-0.617,0.81,1.07,0.46,False,2,-1.205,-0.877,0.796,False,False,False,0.95,False,False,False,NONE,False,3,0.811,0.178,24.1,9.71,6,6,0.416,False,False,0.89,0.099,3,3.8,0.38,0.0,True,False,False,False,monthly,unknown,unknown,ord_scan_monthly.csv,20.0
AMKR,5,1,4,71.09,False,False,,,,,,False,,False,False,0.83,1.13,True,True,3.122,1.298,2.03,1.4,0.9,False,1,2.584,4.194,-0.912,False,False,False,0.81,True,False,False,NONE,False,4,0.103,0.699,0.2,21.41,23,1,0.772,False,False,0.75,0.875,2,0.9,0.54,0.86,True,False,True,True,monthly,unknown,unknown,ord_scan_monthly.csv,20.0
CAR,3,1,2,185.55,False,False,,,,,,False,,False,False,0.99,0.7,True,False,0.614,0.364,3.37,2.88,0.22,False,1,-0.137,-0.181,2.711,False,False,False,0.99,False,False,False,NONE,False,0,0.781,0.537,6.6,85.96,34,1,0.044,True,False,1.0,0.131,1,13.6,0.69,0.6,True,False,False,False,weekly,unknown,unknown,ord_scan_weekly.csv,20.0
JHG,8,1,7,51.6,False,False,,,,,,False,,False,False,0.27,0.76,True,True,0.6,0.683,0.43,1.45,0.96,False,5,1.663,-0.407,-1.684,False,True,False,0.22,False,False,False,NONE,False,0,0.04,0.219,0.2,40.28,50,11,0.885,True,True,0.29,0.918,7,1.5,0.62,0.67,True,False,False,False,monthly,unknown,unknown,ord_scan_monthly.csv,20.0
SHOO,5,1,1,37.5,False,False,,,,,,False,,False,False,0.58,1.08,True,False,0.833,-0.065,1.02,0.86,0.78,False,1,2.572,0.487,0.287,True,False,False,0.66,False,False,False,NONE,False,7,0.221,0.393,0.7,22.75,5,3,0.412,False,False,0.54,0.64,2,1.7,0.38,0.33,True,False,False,False,monthly,unknown,unknown,ord_scan_monthly.csv,20.0
ZWS,3,2,1,51.28,False,False,,,,,,False,,False,False,0.36,1.2,True,False,0.115,0.094,1.32,1.25,0.95,False,1,0.602,-0.198,-0.053,False,True,False,0.29,False,False,False,NONE,False,0,0.046,0.16,0.3,43.06,38,39,0.846,True,False,0.24,0.768,4,2.3,0.38,1.0,True,False,False,False,weekly,unknown,unknown,ord_scan_weekly.csv,20.0
SPNT,12,4,5,23.25,False,False,,,,,,False,,False,True,0.36,1.05,True,True,0.139,0.277,0.94,1.06,0.97,False,4,0.175,0.158,0.272,True,False,True,0.26,False,False,False,NONE,False,0,0.03,0.153,0.2,19.69,54,52,0.905,True,False,0.15,0.876,0,1.4,0.38,0.5,True,False,False,False,weekly,unknown,unknown,ord_scan_weekly.csv,20.0
STRL,11,1,7,532.67,False,False,,,,,,False,,False,False,0.9,1.06,True,True,2.565,3.829,1.39,0.72,0.99,False,1,0.505,3.009,2.688,True,False,False,0.82,True,False,False,NONE,False,0,0.009,0.542,0.0,244.02,38,1,0.971,True,False,0.88,0.989,1,0.6,0.69,0.44,True,False,True,True,monthly,unknown,unknown,ord_scan_monthly.csv,20.0
LFUS,13,4,6,407.08,False,False,,,,,,False,,False,True,0.87,0.95,True,True,1.259,0.718,1.59,1.1,0.98,False,1,0.276,1.057,0.202,True,False,False,0.82,True,False,False,NONE,False,0,0.019,0.43,0.0,232.13,44,2,0.937,True,False,0.91,0.971,2,0.8,0.62,0.62,True,False,True,True,monthly,unknown,unknown,ord_scan_monthly.csv,20.0
AEO,4,3,1,16.94,False,False,,,,,,False,,False,False,0.67,1.53,True,False,0.681,-0.296,1.14,0.62,0.6,False,1,4.034,-1.291,1.022,False,False,False,0.63,False,False,False,NONE,False,2,0.5,0.404,2.5,10.09,27,2,0.159,True,False,0.59,0.415,4,2.2,0.31,0.5,True,False,False,False,monthly,unknown,unknown,ord_scan_monthly.csv,20.0
CE,2,0,2,69.24,False,False,,,,,,False,,False,False,0.87,0.7,False,False,0.56,-0.59,0.84,0.84,0.51,False,2,-0.578,0.75,0.905,False,False,False,0.95,False,False,False,NONE,False,1,0.59,0.493,2.9,35.09,33,2,0.984,True,True,0.84,0.255,6,0.7,0.46,0.33,True,False,False,False,monthly,unknown,unknown,ord_scan_monthly.csv,20.0
CBT,3,1,2,77.33,False,False,,,,,,False,,False,False,0.52,0.85,True,False,0.009,-0.125,0.77,0.86,0.68,False,4,0.919,-0.865,1.214,False,False,False,0.88,False,False,False,NONE,False,4,0.319,0.255,1.8,57.57,11,9,0.803,True,False,0.65,0.353,2,1.5,0.38,0.0,True,False,False,False,monthly,unknown,unknown,ord_scan_monthly.csv,20.0
NSIT,3,3,0,72.77,False,False,,,,,,False,,False,True,0.71,0.86,False,False,-0.134,-0.272,1.1,1.0,0.76,False,1,-0.45,-0.31,-0.099,False,False,True,0.74,False,False,False,NONE,False,4,0.681,0.126,17.0,63.62,17,11,0.283,False,False,0.81,0.252,1,6.1,0.31,0.0,True,False,False,False,weekly,unknown,unknown,ord_scan_weekly.csv,20.0
BWXT,10,2,5,216.31,False,False,,,,,,False,,False,False,0.96,1.31,True,True,0.995,1.147,1.17,0.79,0.89,False,2,0.113,0.423,1.02,True,False,False,0.98,False,False,False,NONE,False,1,0.105,0.341,0.3,142.46,30,5,0.66,False,True,1.0,0.839,6,1.4,0.62,0.86,True,False,False,False,monthly,unknown,unknown,ord_scan_monthly.csv,20.0
VCEL,2,2,0,35.57,False,False,,,,,,False,,True,False,0.19,1.07,False,False,-0.011,0.015,1.06,1.07,0.85,False,1,0.532,-0.523,-0.657,False,True,False,0.08,False,False,True,GOOD,False,11,0.435,0.186,4.1,28.95,16,16,0.521,False,True,0.31,0.471,0,2.8,0.38,0.0,True,False,False,False,weekly,unknown,unknown,ord_scan_weekly.csv,20.0
FN,10,1,6,706.53,False,False,,,,,,False,,False,False,1.0,1.06,True,True,2.445,2.738,1.62,0.89,0.96,False,1,0.57,2.321,2.353,True,False,True,1.0,True,False,False,NONE,False,1,0.038,0.614,0.1,272.49,41,1,0.879,True,False,1.0,0.952,3,0.6,0.77,0.44,True,False,True,True,monthly,unknown,unknown,ord_scan_monthly.csv,20.0
SHOO,2,1,1,37.5,False,False,,,,,,False,,False,False,0.81,0.7,True,False,-0.14,0.118,0.88,0.76,0.8,False,3,0.045,0.188,-0.647,False,False,False,0.84,False,False,False,NONE,False,3,0.221,0.17,1.7,31.14,8,12,0.412,False,False,0.77,0.412,1,3.9,0.38,1.0,True,False,False,False,weekly,unknown,unknown,ord_scan_weekly.csv,20.0
LYFT,1,0,1,14.42,False,False,,,,,,False,,False,False,0.68,0.82,False,False,-0.145,-0.295,0.94,0.86,0.7,False,2,1.24,-0.855,-1.373,False,False,False,0.76,False,False,False,NONE,False,3,0.435,0.136,5.7,12.46,10,13,0.336,False,False,0.26,0.15,2,4.9,0.38,0.0,True,False,False,False,weekly,unknown,unknown,ord_scan_weekly.csv,20.0
GEO,6,3,3,18.75,False,False,,,,,,False,,False,True,0.46,0.87,False,False,0.173,0.105,0.83,0.74,0.97,False,4,1.084,-1.162,1.345,False,False,True,0.36,False,False,False,NONE,False,3,0.486,0.317,3.0,12.8,34,7,0.904,True,False,0.44,0.915,1,1.1,0.46,0.0,True,False,False,False,weekly,unknown,unknown,ord_scan_weekly.csv,20.0
AMPH,1,0,1,21.88,False,False,,,,,,False,,False,False,0.85,0.73,False,False,-0.174,-0.142,0.81,0.98,0.74,False,2,-0.271,-0.527,0.659,False,False,False,0.86,False,False,False,NONE,False,3,0.595,0.222,6.6,17.03,13,9,0.414,False,True,0.8,0.388,7,3.8,0.38,0.0,True,False,False,False,weekly,unknown,unknown,ord_scan_weekly.csv,20.0
NXST,1,1,0,202.37,False,False,,,,,,False,,False,False,0.87,0.99,True,False,-0.04,0.052,1.21,1.17,0.8,False,2,0.073,0.176,-0.117,False,False,False,0.95,False,False,False,NONE,False,3,0.203,0.145,1.8,173.02,9,7,0.39,False,False,0.97,0.363,4,4.1,0.31,0.67,True,False,False,False,weekly,unknown,unknown,ord_scan_weekly.csv,20.0
PGNY,1,0,1,18.6,False,False,,,,,,False,,False,False,0.88,0.88,False,False,-0.221,-0.006,0.78,0.91,0.65,False,2,-0.2,-0.576,-0.511,False,False,False,0.88,False,False,False,NONE,False,3,0.45,0.134,6.1,16.1,8,12,0.304,False,False,0.71,0.198,3,5.6,0.38,0.0,True,False,False,False,weekly,unknown,unknown,ord_scan_weekly.csv,20.0
MOH,4,0,1,192.7,False,False,,,,,,False,,False,False,0.98,0.88,False,False,-0.411,-0.531,0.8,1.2,0.54,False,1,0.063,0.457,1.441,True,False,False,1.0,False,False,False,NONE,False,4,0.545,0.372,3.2,121.06,20,1,0.915,True,False,0.96,0.249,3,1.0,0.46,0.0,True,False,False,False,monthly,unknown,unknown,ord_scan_monthly.csv,20.0
CHH,3,0,0,100.7,False,False,NONE,0.82,1.05,False,True,False,,False,False,0.72,0.87,False,False,-0.191,-0.185,1.02,1.15,0.65,False,1,0.134,0.238,0.892,True,False,False,0.95,False,False,False,NONE,False,4,0.354,0.17,3.2,83.55,8,5,0.43,False,False,0.48,0.237,2,3.7,0.15,0.0,True,False,False,False,monthly,unknown,unknown,ord_scan_monthly.csv,20.0
ATR,0,0,0,119.02,False,False,,,,,,False,,False,False,0.68,0.92,False,False,-0.196,-0.152,1.01,1.0,0.68,False,3,-0.344,-0.579,1.479,False,False,False,0.97,False,False,False,NONE,False,5,0.321,0.139,3.4,102.45,6,7,0.377,False,False,0.72,0.228,3,4.3,0.46,0.0,True,False,False,False,monthly,unknown,unknown,ord_scan_monthly.csv,20.0
DBX,1,0,1,24.93,False,False,,,,,,False,,False,False,0.62,0.94,False,False,-0.022,-0.14,1.08,0.87,0.85,False,2,-0.287,-0.3,-0.169,False,False,False,0.76,False,False,False,NONE,False,4,0.252,0.13,2.6,21.69,9,24,0.328,False,False,0.64,0.314,3,5.1,0.46,0.0,True,False,False,False,weekly,unknown,unknown,ord_scan_weekly.csv,20.0
SXT,5,4,1,112.93,False,False,,,,,,False,,False,True,0.89,1.17,True,False,0.2,0.208,1.59,1.44,0.87,False,1,-0.538,0.227,0.243,False,True,False,0.78,False,False,False,NONE,False,4,0.127,0.266,0.5,82.88,21,2,0.576,False,True,0.96,0.649,2,1.8,0.38,0.75,True,True,False,False,weekly,unknown,unknown,ord_scan_weekly.csv,20.0
EXLS,3,0,0,31.74,False,False,,,,,,False,2.57,False,False,0.62,0.9,False,False,-0.345,-0.002,1.08,1.18,0.61,False,3,0.405,0.421,0.232,True,False,False,0.9,False,False,False,NONE,False,4,0.395,0.151,4.3,26.94,10,3,0.368,False,False,0.61,0.188,1,4.4,0.38,0.0,True,False,False,False,monthly,unknown,unknown,ord_scan_monthly.csv,20.0
PLXS,13,4,6,264.6,False,False,,,,,,False,,False,True,0.67,1.1,True,True,1.161,1.791,1.65,1.36,0.97,False,1,1.565,1.67,0.268,True,False,True,0.65,True,False,False,NONE,False,1,0.027,0.53,0.1,124.49,44,2,0.919,True,False,0.59,0.958,2,0.7,0.54,0.67,True,False,True,True,monthly,unknown,unknown,ord_scan_monthly.csv,20.0
DOCS,0,0,0,24.98,False,False,NONE,1.06,0.95,False,True,False,,False,False,0.97,0.76,False,False,-0.333,-0.622,0.86,0.99,0.53,False,2,0.641,-1.12,-0.203,False,False,False,0.96,False,False,False,NONE,False,3,0.707,0.177,13.6,20.55,13,12,0.248,False,False,0.83,0.095,3,7.1,0.23,0.0,True,False,False,False,weekly,unknown,unknown,ord_scan_weekly.csv,20.0
QDEL,0,0,0,12.64,False,False,,,,,,False,1.31,False,False,1.0,0.75,False,False,-0.535,-0.532,0.92,1.7,0.36,False,1,-0.628,-0.885,-1.227,False,False,False,1.0,False,False,False,NONE,False,3,0.744,0.141,20.7,10.86,13,2,0.249,False,False,1.0,0.072,2,7.0,0.23,0.0,True,False,False,False,weekly,unknown,unknown,ord_scan_weekly.csv,20.0
CERT,1,0,1,6.18,False,False,,,,,,False,,False,False,0.95,0.97,False,False,-0.297,-0.469,0.84,1.24,0.61,False,2,-0.24,-0.867,-0.484,False,False,False,0.95,False,False,False,NONE,False,3,0.653,0.16,11.7,5.19,3,8,0.425,False,False,0.88,0.148,1,3.7,0.23,0.0,True,False,False,False,weekly,unknown,unknown,ord_scan_weekly.csv,20.0
BHE,13,4,6,84.5,False,False,,,,,,False,,False,True,0.94,1.08,True,True,1.639,1.924,1.67,0.94,0.99,False,1,0.253,0.795,0.548,True,False,True,0.93,True,False,False,NONE,False,1,0.006,0.578,0.0,35.66,47,1,0.983,True,False,0.85,0.991,2,0.6,0.69,0.6,True,False,True,True,monthly,unknown,unknown,ord_scan_monthly.csv,20.0
MRTN,1,1,0,15.15,False,False,,,,,,False,,False,False,0.6,1.2,False,False,0.204,-0.149,1.19,1.18,0.84,False,2,-0.724,0.145,1.519,False,False,False,0.77,False,False,False,NONE,False,5,0.323,0.389,1.2,9.26,26,5,0.964,True,False,0.59,0.626,2,0.9,0.38,1.0,True,False,False,False,monthly,unknown,unknown,ord_scan_monthly.csv,20.0
SPXC,8,1,4,208.13,False,False,,,,,,False,,False,False,0.6,1.05,True,True,0.551,0.69,1.16,1.06,0.84,False,2,1.73,0.375,0.514,True,True,False,0.31,False,False,False,NONE,False,5,0.156,0.137,1.4,179.62,16,10,0.526,False,False,0.54,0.707,2,4.2,0.38,1.0,True,False,False,False,monthly,unknown,unknown,ord_scan_monthly.csv,20.0
MAC,10,4,6,21.5,False,False,,,,,,False,,False,True,0.38,0.97,True,True,0.523,0.349,0.92,0.89,0.95,False,2,0.985,-0.462,0.906,False,True,False,0.35,False,False,False,NONE,False,0,0.509,0.279,3.7,15.51,42,6,0.845,True,True,0.61,0.899,3,1.3,0.54,0.67,True,False,False,False,monthly,unknown,unknown,ord_scan_monthly.csv,20.0
BLFS,0,0,0,21.21,False,False,,,,,,False,,False,False,0.48,0.98,False,False,-0.027,-0.239,0.92,0.93,0.79,False,1,0.54,0.149,-1.123,False,False,False,0.45,False,False,False,NONE,False,4,0.284,0.158,2.5,17.86,7,14,0.386,False,False,0.22,0.323,1,4.2,0.38,0.0,True,False,False,False,weekly,unknown,unknown,ord_scan_weekly.csv,20.0
ALGT,0,0,0,75.02,False,False,,,,,,False,,False,False,0.69,1.02,False,False,0.599,0.008,1.11,1.04,0.64,False,1,-0.623,1.557,0.016,False,False,False,0.69,False,False,False,NONE,False,3,0.714,0.433,5.8,42.56,23,3,0.043,True,False,0.66,0.475,3,2.7,0.23,1.0,True,False,False,False,monthly,unknown,unknown,ord_scan_monthly.csv,20.0
STBA,10,5,5,44.28,False,False,,,,,,False,,False,True,0.24,0.87,True,True,0.047,0.23,0.88,0.96,0.99,False,6,0.187,-0.078,0.072,False,True,False,0.19,False,False,False,NONE,False,0,0.014,0.121,0.1,38.94,54,54,0.954,True,False,0.04,0.933,1,1.2,0.38,0.5,True,False,False,False,weekly,unknown,unknown,ord_scan_weekly.csv,20.0
CHDN,1,1,0,98.65,False,False,,,,,,False,,False,False,0.92,1.21,False,False,0.003,-0.002,1.12,1.14,0.83,False,1,-0.239,-0.168,0.006,False,False,False,0.91,False,False,False,NONE,False,6,0.339,0.187,2.7,80.24,12,16,0.514,False,False,0.91,0.483,2,2.9,0.38,1.0,True,False,False,False,weekly,unknown,unknown,ord_scan_weekly.csv,20.0
SONO,3,2,1,14.84,False,False,,,,,,False,,False,False,0.5,1.22,True,False,0.034,-0.136,0.97,0.75,0.79,False,2,0.349,-0.397,-1.042,False,False,False,0.51,False,False,False,NONE,False,6,0.251,0.162,2.1,12.44,10,16,0.386,False,False,0.32,0.325,2,4.2,0.38,0.0,True,False,False,False,weekly,unknown,unknown,ord_scan_weekly.csv,20.0
WRLD,2,1,1,152.02,False,False,,,,,,False,,True,False,0.26,1.05,True,True,0.177,0.049,0.98,1.77,0.82,False,1,-0.464,0.854,1.817,False,True,False,0.2,False,False,False,NONE,False,8,0.428,0.276,2.7,110.0,20,3,0.733,False,False,0.24,0.6,4,1.5,0.38,0.33,True,False,False,False,monthly,unknown,unknown,ord_scan_monthly.csv,20.0
WMG,0,0,0,27.98,False,False,,,,,,False,,True,False,0.3,1.07,False,False,-0.057,-0.111,1.02,0.98,0.79,False,2,-0.449,-0.389,-1.987,False,False,True,0.43,False,False,False,NONE,False,8,0.385,0.166,3.8,23.34,15,7,0.428,False,False,0.28,0.381,2,3.7,0.31,0.0,True,False,False,False,monthly,unknown,unknown,ord_scan_monthly.csv,20.0
DRH,12,5,7,10.47,False,False,,,,,,False,,False,True,0.5,1.3,True,True,0.152,0.37,1.09,0.83,0.98,False,3,0.121,-0.158,-0.051,False,True,False,0.43,False,False,False,NONE,False,0,0.02,0.131,0.2,9.1,60,26,0.936,True,True,0.26,0.933,4,1.2,0.23,0.75,True,False,False,False,weekly,unknown,unknown,ord_scan_weekly.csv,20.0
DGII,10,1,6,57.51,False,False,,,,,,False,,False,False,0.69,1.12,True,True,0.335,0.568,1.1,0.92,1.0,False,2,0.001,0.26,0.669,True,False,False,0.74,True,False,False,NONE,False,0,0.002,0.197,0.0,46.2,38,12,0.995,True,False,0.56,0.996,0,1.4,0.54,0.5,True,False,True,True,weekly,unknown,unknown,ord_scan_weekly.csv,20.0
RNG,9,2,7,45.08,False,False,,,,,,False,,False,False,0.87,1.49,True,True,0.745,0.499,1.36,0.76,0.98,False,1,0.409,-0.25,-2.093,False,False,False,0.88,True,False,False,NONE,False,0,0.022,0.267,0.1,33.05,48,10,0.941,True,False,0.75,0.953,3,1.5,0.62,0.75,True,True,True,True,weekly,unknown,unknown,ord_scan_weekly.csv,19.0
KTB,3,2,1,72.2,False,False,,,,,,False,,False,False,0.49,1.28,True,False,0.218,-0.095,1.1,0.77,0.9,False,1,0.276,0.013,-0.022,False,False,False,0.69,False,False,False,NONE,False,6,0.226,0.144,2.0,61.78,10,13,0.678,False,False,0.52,0.678,1,2.4,0.38,0.5,True,False,False,False,weekly,unknown,unknown,ord_scan_weekly.csv,19.0
PATH,2,0,2,10.67,False,False,,,,,,False,,False,False,0.76,0.76,False,False,-0.153,-0.327,0.79,0.81,0.59,False,1,0.157,-0.979,-1.023,False,False,False,0.83,False,False,False,NONE,False,3,0.491,0.13,7.4,9.28,3,11,0.342,False,False,0.73,0.132,3,4.8,0.46,0.0,True,False,False,False,weekly,unknown,unknown,ord_scan_weekly.csv,19.0
MTUS,3,1,2,19.14,False,False,,,,,,False,,False,False,0.71,0.71,True,False,-0.041,0.088,0.77,0.68,0.88,False,3,0.578,-0.617,0.326,False,False,False,0.72,False,False,False,NONE,False,3,0.213,0.259,1.0,14.19,9,10,0.686,False,False,0.69,0.656,3,1.9,0.46,0.5,True,False,False,False,weekly,unknown,unknown,ord_scan_weekly.csv,19.0
WLK,2,2,0,114.99,False,False,,,,,,False,,False,False,0.62,1.37,True,False,0.278,-0.215,1.07,1.01,0.79,False,2,0.945,1.413,-0.102,False,False,False,0.91,False,False,False,NONE,False,4,0.262,0.517,0.7,55.56,18,3,0.799,False,True,0.64,0.592,6,0.9,0.38,0.67,True,False,False,False,monthly,unknown,unknown,ord_scan_monthly.csv,19.0
NXST,7,4,3,202.37,False,False,,,,,,False,,False,True,0.35,1.1,True,False,0.403,0.272,1.43,0.87,0.8,False,1,5.442,2.062,-1.778,False,True,False,0.12,False,False,False,NONE,False,5,0.203,0.145,1.8,173.02,15,2,0.363,False,False,0.29,0.561,2,4.5,0.46,0.6,True,False,False,False,monthly,unknown,unknown,ord_scan_monthly.csv,19.0
MORN,0,0,0,169.03,False,False,,,,,,False,,False,False,0.96,0.91,False,False,-0.161,-0.2,1.13,1.01,0.77,False,1,-0.353,-0.513,-0.054,False,False,False,0.94,False,False,False,NONE,False,4,0.531,0.093,12.2,153.34,9,13,0.32,False,False,0.89,0.283,1,5.3,0.38,0.0,False,False,False,False,weekly,unknown,unknown,ord_scan_weekly.csv,19.0
SAH,6,2,4,76.43,False,False,,,,,,False,,True,False,0.32,1.3,True,True,0.286,0.41,0.95,1.05,0.87,False,1,-0.247,1.717,2.337,False,True,False,0.45,False,False,False,NONE,False,4,0.133,0.296,0.5,53.77,36,3,0.818,True,False,0.27,0.724,3,1.4,0.54,0.5,True,False,False,False,monthly,unknown,unknown,ord_scan_monthly.csv,19.0
CLSK,3,2,1,12.17,False,False,,,,,,False,,False,False,0.07,0.94,True,False,0.028,-0.316,0.95,0.87,0.84,False,1,3.028,0.649,-1.551,False,True,False,0.08,False,False,False,NONE,False,3,0.485,0.343,2.7,8.0,15,3,0.778,False,False,0.04,0.369,1,1.4,0.31,0.0,True,False,False,False,weekly,unknown,unknown,ord_scan_weekly.csv,19.0
DINO,5,1,4,69.17,False,False,,,,,,False,,False,False,0.7,0.84,True,False,1.402,0.255,1.37,0.9,0.98,False,1,-1.207,1.889,1.968,False,False,False,0.46,True,False,False,NONE,False,0,0.019,0.408,0.0,40.92,46,3,0.944,True,True,0.7,0.971,5,0.9,0.54,0.25,True,False,True,False,monthly,unknown,unknown,ord_scan_monthly.csv,19.0
LNN,0,0,0,111.67,False,False,,,,,,False,,False,False,0.79,0.86,False,False,-0.106,0.01,1.22,1.48,0.75,False,3,-0.733,-0.715,0.557,False,False,False,0.81,False,False,False,NONE,False,4,0.254,0.129,2.6,97.27,14,10,0.284,False,False,0.99,0.284,3,6.0,0.23,0.0,True,False,False,False,weekly,unknown,unknown,ord_scan_weekly.csv,19.0
DNOW,1,0,1,13.41,False,False,,,,,,False,,False,False,0.86,0.77,False,False,-0.117,-0.088,0.74,0.97,0.78,False,1,0.499,-0.498,0.269,False,False,False,0.8,False,False,False,NONE,False,4,0.273,0.185,2.0,10.94,6,10,0.433,False,False,0.81,0.391,1,3.6,0.38,0.0,True,False,False,False,weekly,unknown,unknown,ord_scan_weekly.csv,19.0
GXO,2,1,1,56.22,False,False,,,,,,False,,False,False,0.62,0.73,True,False,0.551,0.046,0.99,0.8,0.84,False,2,1.148,-0.998,-1.537,False,True,False,0.15,False,False,False,NONE,False,4,0.469,0.186,4.7,45.75,11,6,0.492,False,False,0.71,0.708,3,3.0,0.62,0.33,True,False,False,False,monthly,unknown,unknown,ord_scan_monthly.csv,19.0
SANM,9,1,5,223.27,False,False,,,,,,False,,False,False,0.82,1.13,True,True,1.908,2.591,1.76,1.15,0.97,False,1,2.512,1.234,0.208,True,False,False,0.73,True,False,False,NONE,False,0,0.032,0.515,0.1,108.37,40,1,0.931,True,False,0.66,0.958,2,1.0,0.31,0.86,True,False,True,True,monthly,unknown,unknown,ord_scan_monthly.csv,19.0
WFRD,10,1,6,109.49,False,False,,,,,,False,,False,False,0.33,1.01,True,True,0.167,0.495,1.0,1.04,0.97,False,1,1.243,0.892,0.239,True,False,False,0.4,False,False,False,NONE,False,1,0.168,0.237,0.9,83.53,40,17,0.92,True,False,0.18,0.936,1,1.4,0.46,0.6,True,False,False,False,weekly,unknown,unknown,ord_scan_weekly.csv,19.0
OGN,8,3,5,13.29,False,False,,,,,,False,,False,False,0.98,1.88,True,False,0.56,0.979,1.81,2.14,0.99,True,1,0.831,-0.37,-1.255,False,False,False,0.93,True,False,False,NONE,False,1,0.398,0.572,1.2,5.69,43,1,0.98,True,False,1.0,0.987,4,0.7,0.38,1.0,True,False,True,True,weekly,unknown,unknown,ord_scan_weekly.csv,19.0
MTSI,7,2,5,284.18,False,False,,,,,,False,,False,False,0.89,1.22,True,True,1.739,1.971,1.74,1.19,0.97,False,1,1.498,-0.272,3.512,False,False,True,0.89,True,False,False,NONE,False,0,0.033,0.584,0.1,118.16,55,2,0.898,True,True,0.78,0.953,2,0.6,0.62,1.0,True,False,True,True,monthly,unknown,unknown,ord_scan_monthly.csv,19.0
CSR,6,1,5,68.38,False,False,,,,,,False,,True,False,0.52,1.01,True,True,0.192,0.335,0.92,0.89,0.97,False,2,-1.101,-0.379,0.85,False,False,False,0.57,False,False,False,NONE,False,2,0.252,0.257,1.3,50.79,42,26,0.902,True,False,0.34,0.897,2,1.3,0.46,0.67,False,False,False,False,monthly,unknown,unknown,ord_scan_monthly.csv,19.0
UAA,5,1,4,6.29,False,False,,,,,,False,,False,False,0.72,1.05,True,True,0.019,0.364,0.86,0.66,0.77,False,2,-1.049,0.784,-1.162,False,False,False,0.78,False,False,False,NONE,False,0,0.471,0.138,6.4,5.42,11,9,0.328,False,False,0.78,0.537,1,5.1,0.31,0.67,True,False,False,False,weekly,unknown,unknown,ord_scan_weekly.csv,19.0
TRNO,6,1,5,65.27,False,False,,,,,,False,,False,False,0.28,1.09,True,True,0.07,0.162,1.23,0.86,0.97,False,2,-0.189,-0.041,-0.237,False,True,False,0.41,False,False,False,NONE,False,1,0.035,0.097,0.4,58.96,34,55,0.892,True,False,0.18,0.816,1,1.7,0.54,0.4,True,False,False,False,weekly,unknown,unknown,ord_scan_weekly.csv,19.0
SABR,5,3,2,1.85,False,False,,,,,,False,,False,True,0.89,0.86,False,False,-0.219,-0.236,0.68,1.15,0.4,False,1,-0.266,-0.88,-2.981,False,False,False,0.92,False,False,False,NONE,False,3,0.926,0.562,22.4,0.81,6,1,0.752,False,False,0.84,0.272,3,0.8,0.23,0.0,True,False,False,False,monthly,unknown,unknown,ord_scan_monthly.csv,19.0
UA,5,2,3,6.09,False,False,,,,,,False,,False,False,0.8,1.34,True,False,0.003,0.372,0.88,0.58,0.77,False,1,-0.981,0.705,-1.073,False,False,False,0.8,False,False,False,NONE,False,0,0.427,0.13,5.7,5.3,16,9,0.312,False,False,0.84,0.541,1,5.4,0.31,0.67,True,False,False,False,weekly,unknown,unknown,ord_scan_weekly.csv,19.0
PRG,4,1,0,36.19,False,False,,,,,,False,,False,False,0.6,0.78,True,False,0.398,0.088,1.04,0.93,0.74,False,1,0.731,0.174,0.716,True,False,False,0.8,False,False,False,NONE,False,3,0.435,0.294,2.6,25.55,10,3,0.655,False,False,0.51,0.505,2,1.7,0.46,1.0,True,False,False,False,monthly,unknown,unknown,ord_scan_monthly.csv,19.0
KSS,1,0,1,14.66,False,False,,,,,,False,1.26,False,False,0.89,1.17,False,False,1.269,-0.414,0.9,0.46,0.59,False,1,1.342,-0.335,-0.407,False,False,False,0.88,False,False,False,NONE,False,5,0.735,0.311,8.9,10.1,11,3,0.339,False,False,0.92,0.439,5,3.1,0.31,0.33,True,False,False,False,monthly,unknown,unknown,ord_scan_monthly.csv,19.0
OC,1,0,1,122.73,False,False,,,,,,False,,False,False,0.74,1.02,False,False,0.032,-0.022,1.05,0.8,0.86,False,2,0.443,-0.156,-0.314,False,False,False,0.68,False,False,False,NONE,False,2,0.409,0.195,3.5,98.84,10,11,0.554,False,True,0.76,0.58,6,2.6,0.31,0.5,True,False,False,False,weekly,unknown,unknown,ord_scan_weekly.csv,19.0
HIMS,5,2,0,27.41,False,False,,,,,,False,,False,False,0.85,1.72,False,False,0.012,-0.397,1.12,1.06,0.72,False,1,0.876,0.448,1.385,True,False,False,0.9,False,False,False,NONE,False,5,0.624,0.499,3.3,13.74,15,2,0.646,False,False,0.79,0.395,1,1.2,0.15,1.0,True,False,False,False,weekly,unknown,unknown,ord_scan_weekly.csv,19.0
SFM,4,1,3,81.19,False,False,,,,,,False,,False,False,0.89,0.95,True,False,-0.525,0.259,0.49,1.12,0.45,False,2,0.667,-1.617,0.936,False,False,False,0.99,False,False,False,NONE,False,1,0.554,0.202,6.1,64.75,16,7,0.332,False,False,0.84,0.163,2,5.0,0.31,1.0,True,False,False,False,monthly,unknown,unknown,ord_scan_monthly.csv,19.0
EVR,1,1,0,316.79,False,False,,,,,,False,,False,False,0.73,0.85,True,False,-0.101,0.081,1.27,1.15,0.82,False,1,1.142,-0.194,-0.181,False,False,False,0.8,False,False,False,NONE,False,3,0.183,0.161,1.4,265.87,9,14,0.448,False,False,0.61,0.418,2,3.5,0.38,1.0,True,False,False,False,weekly,unknown,unknown,ord_scan_weekly.csv,19.0
FTI,11,1,7,75.79,False,False,,,,,,False,,False,False,0.96,1.06,True,True,1.704,2.062,1.54,0.79,0.97,False,2,0.778,0.599,1.248,True,False,True,0.9,False,False,False,NONE,False,0,0.026,0.549,0.0,34.15,56,3,0.916,True,True,0.84,0.964,7,0.6,0.92,0.6,True,False,False,False,monthly,unknown,unknown,ord_scan_monthly.csv,19.0
YELP,1,0,1,28.9,False,False,,,,,,False,,False,False,0.93,0.91,False,False,0.056,-0.124,0.93,0.79,0.91,False,2,-0.189,-0.867,0.303,False,False,False,0.84,False,False,False,NONE,False,3,0.307,0.322,1.4,19.6,18,9,0.931,True,False,0.92,0.625,1,1.1,0.54,0.0,True,False,False,False,weekly,unknown,unknown,ord_scan_weekly.csv,19.0
KFY,4,3,1,66.52,False,False,,,,,,False,,False,True,0.26,1.05,False,False,-0.034,0.044,1.28,0.91,0.95,False,2,-0.021,-0.472,0.027,False,True,False,0.48,False,False,False,NONE,False,6,0.14,0.121,1.3,58.44,25,118,0.546,False,False,0.07,0.707,3,2.9,0.46,0.33,False,False,False,False,weekly,unknown,unknown,ord_scan_weekly.csv,19.0
HASI,8,1,7,42.53,False,False,,,,,,False,,False,False,0.52,1.15,True,True,0.25,0.572,1.12,0.95,0.99,True,3,0.227,0.337,-0.598,False,False,False,0.53,True,False,False,NONE,False,0,0.01,0.187,0.1,34.57,49,25,0.972,True,True,0.39,0.972,0,1.4,0.54,0.83,True,False,True,True,weekly,unknown,unknown,ord_scan_weekly.csv,19.0
BBT,5,1,4,28.71,False,False,,,,,,False,,True,False,0.33,0.99,True,True,0.199,0.347,1.02,1.07,0.87,False,4,0.178,-0.648,0.605,False,False,False,0.5,False,False,False,NONE,False,3,0.181,0.224,1.0,22.29,17,7,0.609,False,False,0.37,0.697,1,2.3,0.38,1.0,True,False,False,False,monthly,unknown,unknown,ord_scan_monthly.csv,19.0
TEX,6,4,2,61.87,False,False,,,,,,False,,False,True,0.24,1.05,True,True,0.782,-0.01,1.22,1.34,0.87,False,2,2.556,-0.156,0.065,False,True,False,0.07,False,False,False,NONE,False,6,0.132,0.33,0.5,41.44,22,5,0.637,False,False,0.24,0.765,3,1.7,0.46,1.0,True,False,False,False,monthly,unknown,unknown,ord_scan_monthly.csv,19.0
SAFE,1,0,1,14.86,False,False,,,,,,False,,False,False,0.31,0.98,False,False,-0.009,-0.208,0.96,0.76,0.61,False,1,2.222,-6.392,0.741,False,False,False,0.52,False,False,False,NONE,False,3,0.869,0.163,40.5,12.43,8,13,0.414,False,False,0.41,0.17,1,3.8,0.23,0.0,True,False,False,False,monthly,unknown,unknown,ord_scan_monthly.csv,19.0
BBWI,2,0,2,19.21,False,False,,,,,,False,,False,False,0.72,0.92,False,False,-0.348,-0.593,0.71,0.81,0.48,False,1,0.921,-0.356,0.416,False,False,False,0.97,False,False,False,NONE,False,3,0.74,0.272,10.4,13.98,3,2,0.347,False,False,0.76,0.145,3,2.3,0.15,0.0,True,False,False,False,monthly,unknown,unknown,ord_scan_monthly.csv,19.0
PRKS,5,3,2,35.27,False,False,,,,,,False,,False,True,0.58,0.73,False,False,-0.192,-0.373,0.59,0.99,0.58,False,2,-0.483,0.104,-0.037,False,False,False,0.67,False,False,False,NONE,False,3,0.539,0.184,6.4,28.77,11,6,0.336,False,False,0.55,0.203,2,5.0,0.23,0.0,True,False,False,False,monthly,unknown,unknown,ord_scan_monthly.csv,19.0
CASH,8,4,4,86.5,False,False,,,,,,False,,True,False,0.13,1.3,True,True,0.093,0.725,1.17,1.03,0.85,False,3,0.797,1.491,-0.483,False,True,False,0.22,False,False,False,NONE,False,6,0.146,0.239,0.7,65.79,30,4,0.523,False,False,0.14,0.723,1,2.2,0.38,0.75,True,False,False,False,monthly,unknown,unknown,ord_scan_monthly.csv,19.0
MLI,6,1,2,133.03,False,False,,,,,,False,,False,False,0.49,0.97,True,False,-0.02,0.263,1.35,0.97,0.95,False,1,0.897,0.273,0.634,True,False,False,0.4,False,False,False,NONE,False,0,0.048,0.194,0.3,107.27,42,28,0.847,True,False,0.26,0.816,4,1.4,0.23,1.0,True,False,False,False,weekly,unknown,unknown,ord_scan_weekly.csv,19.0
CW,11,2,6,713.14,False,False,,,,,,False,,False,False,0.99,1.28,True,True,1.071,1.801,1.29,0.84,0.95,False,3,0.91,0.182,1.032,True,False,False,0.96,False,False,False,NONE,False,0,0.047,0.349,0.1,464.34,54,6,0.846,True,True,1.0,0.93,6,1.1,0.62,0.7,True,False,False,False,monthly,unknown,unknown,ord_scan_monthly.csv,19.0
THG,10,4,6,186.84,False,False,,,,,,False,,False,False,0.15,1.04,True,True,0.149,0.444,0.86,1.12,0.97,False,13,0.402,0.332,-0.435,False,True,False,0.14,False,False,False,NONE,True,0,0.025,0.155,0.2,157.96,41,21,0.927,True,False,0.09,0.938,2,1.4,0.54,0.62,True,False,False,False,monthly,unknown,unknown,ord_scan_monthly.csv,19.0
OSIS,3,1,2,282.5,False,False,,,,,,False,,True,False,0.38,1.02,True,True,0.129,0.015,0.93,0.95,0.91,False,3,0.591,-0.126,0.322,False,True,False,0.42,False,False,False,NONE,False,7,0.094,0.097,1.1,255.12,19,36,0.729,False,False,0.39,0.635,1,2.3,0.31,0.33,True,False,False,False,weekly,unknown,unknown,ord_scan_weekly.csv,19.0
VCTR,9,3,6,77.89,False,False,,,,,,False,,True,False,0.04,1.05,True,True,0.4,0.963,1.04,1.07,0.98,False,1,2.287,-1.105,2.556,False,True,False,0.01,False,False,False,NONE,False,1,0.015,0.279,0.1,56.18,50,12,0.951,True,False,0.14,0.97,1,1.2,0.54,0.83,True,False,False,False,monthly,unknown,unknown,ord_scan_monthly.csv,18.0
BURL,4,2,2,318.0,False,False,,,,,,False,,False,False,0.1,0.87,True,False,0.075,0.162,1.03,0.79,0.9,False,4,-0.393,0.385,-0.271,False,False,True,0.13,False,False,False,NONE,False,4,0.096,0.094,1.1,288.16,17,21,0.696,False,False,0.28,0.696,1,2.5,0.31,0.33,True,False,False,False,weekly,unknown,unknown,ord_scan_weekly.csv,18.0
AIN,3,0,3,58.27,False,False,,,,,,False,,False,False,0.7,0.77,False,False,-0.097,-0.355,0.69,0.84,0.68,False,2,-0.151,0.421,-0.237,False,False,False,0.88,False,False,False,NONE,False,1,0.471,0.302,3.0,40.7,13,6,0.897,True,False,0.72,0.338,2,1.2,0.38,0.0,True,False,False,False,monthly,unknown,unknown,ord_scan_monthly.csv,18.0
AMN,3,1,2,21.12,False,False,,,,,,False,,False,False,0.66,1.17,True,False,-0.008,0.073,0.78,0.64,0.93,False,2,-0.754,-1.118,-0.08,False,False,False,0.55,False,False,False,NONE,False,5,0.699,0.174,13.3,17.45,9,10,0.787,False,False,0.59,0.79,2,2.3,0.38,0.0,False,False,False,False,weekly,unknown,unknown,ord_scan_weekly.csv,18.0
PRGS,0,0,0,28.95,False,False,,,,,,False,,False,False,0.91,0.71,False,False,-0.517,-0.453,1.23,1.18,0.41,False,1,-1.017,0.21,1.03,False,False,False,0.97,False,False,False,NONE,False,3,0.59,0.177,8.1,23.82,17,2,0.285,False,False,0.9,0.11,4,6.0,0.31,0.0,True,False,False,False,monthly,unknown,unknown,ord_scan_monthly.csv,18.0
SMTC,10,1,6,107.81,False,False,,,,,,False,,False,False,0.77,0.84,True,True,2.45,2.922,1.23,0.83,0.95,False,1,1.89,3.385,0.294,True,False,False,0.73,True,False,False,NONE,False,0,0.046,0.573,0.1,46.02,36,1,0.86,True,False,0.8,0.941,2,0.7,0.69,0.4,True,False,True,True,monthly,unknown,unknown,ord_scan_monthly.csv,18.0
CMC,7,4,3,68.66,False,False,,,,,,False,,False,True,0.75,0.92,True,True,0.56,0.203,1.22,0.94,0.81,False,2,-0.239,1.448,0.322,False,True,False,0.35,False,False,False,NONE,False,3,0.188,0.283,0.8,49.24,12,3,0.415,False,False,0.79,0.662,3,2.2,0.46,0.5,True,False,False,False,monthly,unknown,unknown,ord_scan_monthly.csv,18.0
FBK,4,1,3,54.17,False,False,,,,,,False,,True,False,0.28,0.9,True,False,0.292,0.483,0.89,0.89,0.87,False,3,0.013,1.432,-1.54,False,True,False,0.12,False,False,False,NONE,False,3,0.128,0.143,1.0,46.44,22,11,0.607,False,False,0.29,0.732,2,3.0,0.38,1.0,True,False,False,False,monthly,unknown,unknown,ord_scan_monthly.csv,18.0
FWRD,2,0,2,21.33,False,False,,,,,,False,,False,False,0.8,0.71,False,False,0.449,-0.314,0.85,0.83,0.52,False,1,1.061,0.368,-0.161,False,False,False,0.85,False,False,False,NONE,False,3,0.827,0.305,15.6,14.82,0,1,0.648,False,False,0.86,0.371,3,1.5,0.46,0.0,True,False,False,False,monthly,unknown,unknown,ord_scan_monthly.csv,18.0
RHI,0,0,0,27.02,False,False,,,,,,False,,False,False,0.97,0.82,False,False,-0.342,-0.62,1.0,1.38,0.38,False,1,0.078,1.08,-0.12,False,False,False,1.0,False,False,False,NONE,False,3,0.748,0.195,15.2,21.76,3,3,0.45,False,False,0.92,0.105,3,3.4,0.31,0.0,True,False,False,False,monthly,unknown,unknown,ord_scan_monthly.csv,18.0
HCC,4,3,1,86.2,False,False,,,,,,False,,True,False,0.15,0.81,True,False,-0.033,0.274,1.1,1.04,0.82,False,1,1.324,-0.394,0.967,False,False,True,0.34,False,False,False,NONE,False,7,0.18,0.122,1.8,75.71,25,23,0.434,False,False,0.11,0.538,1,4.6,0.15,0.0,False,False,False,False,weekly,unknown,unknown,ord_scan_weekly.csv,18.0
CFFN,10,5,5,7.59,False,False,,,,,,False,,False,True,0.75,1.35,True,True,0.436,0.448,0.98,0.97,0.96,False,4,-1.272,-0.656,1.948,False,True,False,0.32,False,False,False,NONE,False,3,0.244,0.288,1.1,5.4,39,9,0.881,True,False,0.72,0.92,2,1.3,0.54,0.8,True,False,False,False,monthly,unknown,unknown,ord_scan_monthly.csv,18.0
EEFT,4,3,1,74.01,False,False,,,,,,False,,False,True,0.42,0.93,False,False,-0.253,-0.327,0.81,1.02,0.65,False,1,-2.321,3.264,0.809,False,False,False,0.76,False,False,False,NONE,False,3,0.568,0.139,9.5,63.73,12,8,0.357,False,False,0.28,0.191,1,4.6,0.23,0.0,True,False,False,False,monthly,unknown,unknown,ord_scan_monthly.csv,18.0
SCL,0,0,0,51.59,False,False,,,,,,False,,False,False,0.73,0.81,False,False,0.053,-0.397,1.16,1.04,0.66,False,3,-0.516,-1.118,1.759,False,False,False,0.91,False,False,False,NONE,False,3,0.594,0.203,7.2,41.13,11,3,0.329,False,False,0.76,0.212,2,3.8,0.31,1.0,True,False,False,False,monthly,unknown,unknown,ord_scan_monthly.csv,18.0
WPC,6,2,4,72.6,False,False,,,,,,False,,False,False,0.66,0.97,True,True,0.055,0.131,0.96,1.03,0.97,False,9,-0.433,-0.224,0.255,False,False,False,0.53,False,False,False,NONE,False,0,0.028,0.091,0.3,65.97,38,55,0.912,True,False,0.54,0.837,1,1.4,0.46,1.0,True,False,False,False,weekly,unknown,unknown,ord_scan_weekly.csv,18.0
PRLB,7,2,5,65.17,False,False,,,,,,False,,False,False,0.52,1.22,True,True,0.238,0.31,1.1,0.96,0.95,False,1,0.516,-0.694,-0.143,False,False,False,0.5,False,False,False,NONE,False,0,0.054,0.179,0.3,53.53,32,23,0.836,True,False,0.15,0.836,0,1.6,0.54,1.0,False,True,False,False,weekly,unknown,unknown,ord_scan_weekly.csv,18.0
PCTY,0,0,0,109.6,False,False,,,,,,False,,False,False,0.74,0.78,False,False,-0.429,-0.362,0.88,1.23,0.49,False,2,1.073,-0.978,2.07,False,False,False,1.0,False,False,False,NONE,False,3,0.652,0.152,12.3,92.99,6,3,0.364,False,False,0.64,0.127,1,4.5,0.38,0.0,True,False,False,False,monthly,unknown,unknown,ord_scan_monthly.csv,18.0
MLKN,0,0,0,16.21,False,False,,,,,,False,,False,False,0.5,0.83,False,False,0.03,-0.298,1.02,0.94,0.66,False,1,0.689,0.109,-0.804,False,False,False,0.82,False,False,False,NONE,False,3,0.632,0.168,10.2,13.48,3,2,0.376,False,False,0.48,0.167,3,3.8,0.46,0.0,True,False,False,False,monthly,unknown,unknown,ord_scan_monthly.csv,18.0
RRC,2,1,1,42.63,False,False,,,,,,False,,False,False,0.73,1.04,True,False,0.129,0.205,1.11,1.09,0.88,False,4,0.175,-0.427,1.372,False,False,False,0.82,False,False,False,NONE,False,1,0.118,0.118,1.1,37.58,9,15,0.638,False,False,0.69,0.638,2,2.6,0.46,0.83,True,False,False,False,weekly,unknown,unknown,ord_scan_weekly.csv,18.0
RBC,11,2,6,595.76,False,False,,,,,,False,,False,False,0.9,1.21,True,True,0.813,1.204,1.28,0.92,0.98,False,3,0.769,1.502,0.596,True,False,True,0.97,False,False,False,NONE,False,0,0.019,0.388,0.1,364.5,59,5,0.936,True,True,0.7,0.968,7,0.8,0.69,0.73,True,False,False,False,monthly,unknown,unknown,ord_scan_monthly.csv,18.0
CVI,3,1,2,33.28,False,False,,,,,,False,,False,False,0.74,1.16,True,False,0.464,-0.065,1.06,0.84,0.93,False,1,1.023,-1.55,2.19,False,False,False,0.83,False,False,False,NONE,False,5,0.201,0.385,0.7,20.48,15,7,0.774,False,False,0.69,0.745,2,1.0,0.54,0.5,True,False,False,False,weekly,unknown,unknown,ord_scan_weekly.csv,18.0
SLG,0,0,0,42.85,False,False,,,,,,False,,False,False,0.62,0.89,False,False,-0.026,-0.142,1.0,1.02,0.87,False,2,1.231,-0.224,-1.483,False,False,False,0.58,False,False,False,NONE,False,2,0.443,0.203,3.9,34.17,11,16,0.586,False,True,0.36,0.508,5,2.4,0.15,1.0,True,False,False,False,weekly,unknown,unknown,ord_scan_weekly.csv,18.0
JEF,5,1,1,49.29,False,False,,,,,,False,,False,False,0.62,0.64,True,False,0.086,0.177,0.9,1.16,0.62,False,1,0.829,0.075,0.095,True,False,False,0.93,False,False,False,NONE,False,3,0.383,0.279,2.2,35.53,5,3,0.532,False,False,0.72,0.31,2,2.8,0.54,0.0,True,False,False,False,monthly,unknown,unknown,ord_scan_monthly.csv,18.0
BL,0,0,0,33.91,False,False,NONE,1.05,1.08,True,True,False,1.09,False,False,1.0,0.74,False,False,-0.27,-0.408,0.98,0.94,0.57,False,1,-0.163,-0.958,-0.601,False,False,False,1.0,False,False,False,NONE,False,3,0.488,0.151,6.3,28.78,8,11,0.316,False,False,0.97,0.167,1,5.3,0.38,0.0,True,False,False,False,weekly,unknown,unknown,ord_scan_weekly.csv,18.0
ENR,2,1,1,19.68,False,False,,,,,,False,,False,False,0.72,1.26,False,False,-0.087,-0.127,1.06,0.88,0.81,False,1,0.122,-0.817,-0.396,False,False,False,0.67,False,False,False,NONE,False,4,0.47,0.187,4.7,16.0,11,9,0.493,False,False,0.79,0.435,1,3.1,0.31,1.0,True,False,False,False,weekly,unknown,unknown,ord_scan_weekly.csv,18.0
OMCL,2,1,1,42.8,False,False,,,,,,False,,False,False,0.73,1.05,True,False,-0.118,0.275,1.07,0.95,0.78,False,1,-0.133,0.542,-1.984,False,False,False,0.69,False,False,False,NONE,False,3,0.232,0.258,1.2,31.75,16,4,0.73,False,False,0.66,0.475,4,1.7,0.31,1.0,True,True,False,False,weekly,unknown,unknown,ord_scan_weekly.csv,18.0
BCC,1,0,1,78.13,False,False,,,,,,False,,False,False,0.74,1.11,False,False,-0.154,-0.462,0.82,0.93,0.51,False,2,0.178,1.252,-0.505,False,False,False,0.98,False,False,False,NONE,False,5,0.49,0.171,5.6,64.78,3,10,0.453,False,False,0.51,0.151,2,3.4,0.15,0.0,True,False,False,False,monthly,unknown,unknown,ord_scan_monthly.csv,18.0
CVI,2,1,1,33.28,False,False,NONE,0.95,0.41,False,True,False,,False,False,0.52,0.98,True,False,0.765,-0.017,0.97,0.86,0.8,False,2,-0.675,3.269,0.568,False,False,False,0.38,False,False,False,NONE,False,3,0.201,0.41,0.6,19.62,15,2,0.786,False,False,0.37,0.684,3,1.0,0.62,0.5,True,False,False,False,monthly,unknown,unknown,ord_scan_monthly.csv,18.0
TCBI,6,4,2,101.38,False,False,,,,,,False,,False,True,0.19,0.81,True,False,0.002,0.209,1.06,0.95,0.93,False,4,0.563,0.02,-0.472,False,True,False,0.05,False,False,False,NONE,False,0,0.069,0.138,0.5,87.44,32,28,0.775,False,False,0.19,0.718,1,1.8,0.38,1.0,False,False,False,False,weekly,unknown,unknown,ord_scan_weekly.csv,18.0
MIR,4,2,2,19.63,False,False,,,,,,False,1.08,False,False,0.65,1.2,True,False,0.244,0.726,0.97,0.91,0.65,False,1,0.251,-1.489,2.756,False,True,False,0.53,False,False,False,NONE,False,2,0.352,0.142,3.8,16.84,22,3,0.312,False,False,0.73,0.497,4,5.4,0.54,0.8,True,False,False,False,monthly,unknown,unknown,ord_scan_monthly.csv,18.0
CARG,7,3,4,37.04,False,False,,,,,,False,,True,False,0.01,0.89,True,True,0.325,0.605,1.0,1.01,0.9,False,2,0.528,-1.352,0.063,False,True,False,0.11,False,False,False,NONE,False,3,0.353,0.288,1.9,26.39,39,3,0.868,True,False,0.02,0.787,3,1.3,0.69,0.0,True,False,False,False,monthly,unknown,unknown,ord_scan_monthly.csv,18.0
PRDO,7,2,5,33.64,False,False,,,,,,False,,False,False,0.12,1.19,True,True,0.364,0.992,0.94,0.85,0.88,False,3,2.066,-0.263,1.593,False,True,False,0.04,False,False,False,NONE,False,2,0.122,0.215,0.6,26.4,24,6,0.607,False,False,0.11,0.791,2,2.3,0.54,0.6,True,False,False,False,monthly,unknown,unknown,ord_scan_monthly.csv,18.0
EVR,6,1,2,316.79,False,False,,,,,,False,,False,False,0.37,1.0,True,False,0.561,0.686,1.05,0.96,0.82,False,1,1.976,0.136,0.592,True,True,False,0.2,False,False,False,NONE,False,3,0.183,0.161,1.4,265.87,13,4,0.418,False,False,0.65,0.705,2,3.8,0.54,0.0,True,False,False,False,monthly,unknown,unknown,ord_scan_monthly.csv,18.0
SBH,2,1,1,14.03,False,False,,,,,,False,,False,False,0.76,1.07,True,False,0.724,0.13,1.06,0.69,0.78,False,1,-0.652,-0.545,1.082,False,False,False,0.56,False,False,False,NONE,False,3,0.453,0.332,2.5,9.37,11,9,0.545,False,False,0.61,0.625,4,2.7,0.31,0.75,True,False,False,False,monthly,unknown,unknown,ord_scan_monthly.csv,18.0
CNK,4,1,3,27.62,False,False,,,,,,False,,True,False,0.27,0.96,True,False,-0.065,0.561,0.81,0.61,0.77,False,2,1.572,-0.284,-0.297,False,False,False,0.72,False,False,False,NONE,False,3,0.327,0.22,2.2,21.53,9,5,0.638,False,False,0.25,0.587,1,2.1,0.31,0.0,True,False,False,False,monthly,unknown,unknown,ord_scan_monthly.csv,18.0
H,4,1,3,163.73,False,False,,,,,,False,,True,False,0.36,1.08,True,True,0.459,0.034,1.14,0.84,0.91,False,1,0.966,-0.119,-0.76,False,True,False,0.43,False,False,False,NONE,False,8,0.092,0.187,0.5,133.12,14,12,0.737,False,False,0.63,0.788,2,2.2,0.38,0.67,True,False,False,False,monthly,unknown,unknown,ord_scan_monthly.csv,18.0
BBWI,0,0,0,19.21,False,False,,,,,,False,,False,False,0.43,0.99,False,False,-0.111,-0.199,1.13,1.13,0.78,False,1,-0.076,-0.209,-1.107,False,False,False,0.45,False,False,False,NONE,False,3,0.616,0.13,12.4,16.72,6,8,0.347,False,False,0.32,0.486,1,4.8,0.31,0.0,True,False,False,False,weekly,unknown,unknown,ord_scan_weekly.csv,18.0
ADT,1,0,1,7.55,False,False,,,,,,False,,False,False,0.85,1.09,False,False,-0.048,-0.133,0.96,0.88,0.91,False,2,-0.43,-0.273,-0.003,False,False,False,0.75,False,False,False,NONE,False,4,0.142,0.179,0.9,6.2,20,104,0.545,False,True,0.56,0.53,0,3.0,0.46,0.0,False,True,False,False,weekly,unknown,unknown,ord_scan_weekly.csv,18.0
WSC,4,4,0,22.69,False,False,,,,,,False,,False,True,0.74,1.05,True,False,0.137,0.05,1.05,1.21,0.93,False,1,-0.113,-0.232,-0.219,False,True,False,0.62,False,False,False,NONE,False,4,0.474,0.272,3.3,16.52,17,9,0.776,False,False,0.7,0.816,4,1.6,0.38,0.5,True,False,False,False,weekly,unknown,unknown,ord_scan_weekly.csv,18.0
WD,3,0,3,51.28,False,False,,,,,,False,,False,False,0.93,0.72,False,False,-0.172,-0.342,0.68,0.78,0.78,False,2,0.741,-0.54,-1.229,False,False,False,0.95,False,False,False,NONE,False,3,0.541,0.191,6.2,41.5,6,9,0.468,False,False,0.8,0.26,4,3.3,0.38,0.0,False,False,False,False,weekly,unknown,unknown,ord_scan_weekly.csv,18.0
BOOT,5,2,3,171.47,False,False,,,,,,False,,False,False,0.09,0.88,True,False,0.643,0.802,1.0,0.77,0.82,False,1,7.428,0.46,-1.092,False,True,False,0.07,False,False,False,NONE,False,1,0.184,0.223,1.0,133.18,15,2,0.671,False,False,0.13,0.687,3,2.0,0.54,0.2,True,False,False,False,monthly,unknown,unknown,ord_scan_monthly.csv,18.0
WMS,1,1,0,147.31,False,False,,,,,,False,,False,False,0.34,1.09,True,False,0.305,-0.136,1.11,0.99,0.82,False,2,0.504,2.554,-0.046,False,True,False,0.11,False,False,False,NONE,False,7,0.193,0.25,1.0,110.47,6,9,0.537,False,False,0.46,0.605,3,2.7,0.38,0.67,True,False,False,False,monthly,unknown,unknown,ord_scan_monthly.csv,18.0
AGX,13,3,7,702.27,False,False,,,,,,False,,False,False,0.98,1.77,True,True,1.025,1.298,1.24,0.89,1.0,False,1,0.844,0.837,1.589,True,False,False,1.0,True,False,True,GOOD,False,0,0.003,0.432,0.0,398.63,43,5,0.992,True,False,0.93,0.995,1,1.0,0.62,0.45,True,False,True,True,weekly,unknown,unknown,ord_scan_weekly.csv,18.0
ESE,11,2,6,326.96,False,False,,,,,,False,,False,False,1.0,1.28,True,True,0.433,0.491,1.24,1.48,1.0,False,3,0.041,0.222,0.745,True,False,False,0.99,False,False,False,NONE,False,0,0.001,0.218,0.0,255.67,53,12,0.997,True,True,1.0,0.998,7,1.4,0.54,0.86,True,False,False,False,weekly,unknown,unknown,ord_scan_weekly.csv,18.0
JJSF,1,0,1,87.03,False,False,,,,,,False,,False,False,0.88,0.99,False,False,-0.306,-0.362,0.73,1.24,0.5,False,3,-0.102,-1.161,1.348,False,False,False,0.95,False,False,False,NONE,False,3,0.497,0.161,6.2,73.04,6,8,0.394,False,False,0.85,0.14,2,4.1,0.23,0.0,True,False,False,False,monthly,unknown,unknown,ord_scan_monthly.csv,18.0
TWLO,12,5,7,183.34,False,False,,,,,,False,,False,True,0.53,1.23,True,True,0.522,0.359,1.63,1.17,1.0,True,1,0.186,0.839,-1.556,False,False,True,0.43,True,False,False,NONE,False,0,0.004,0.421,0.0,106.12,47,2,0.988,True,False,0.56,0.99,3,0.9,0.46,0.5,True,True,True,True,weekly,unknown,unknown,ord_scan_weekly.csv,18.0
RH,0,0,0,129.97,False,False,,,,,,False,,False,False,0.94,0.92,False,False,-0.346,-0.247,0.87,1.36,0.54,False,1,0.821,-0.299,-2.173,False,False,False,0.95,False,False,False,NONE,False,3,0.716,0.182,13.8,106.3,3,8,0.426,False,False,0.93,0.178,1,3.7,0.23,0.0,True,False,False,False,weekly,unknown,unknown,ord_scan_weekly.csv,18.0
WCC,8,1,7,354.59,False,False,,,,,,False,,False,False,0.73,0.94,True,True,0.228,0.371,1.3,1.05,1.0,True,1,0.945,0.418,-0.111,False,False,False,0.76,True,False,False,NONE,False,0,0.003,0.312,0.0,244.08,38,6,0.991,True,False,0.5,0.992,0,1.0,0.46,0.6,True,True,True,True,weekly,unknown,unknown,ord_scan_weekly.csv,18.0
EZPW,8,1,7,32.36,False,False,,,,,,False,,False,False,1.0,0.92,True,True,0.509,0.773,1.17,0.85,0.98,False,2,0.669,-0.056,1.039,False,False,False,0.98,True,False,False,NONE,False,0,0.024,0.247,0.1,24.38,46,12,0.934,True,True,1.0,0.953,4,1.5,0.54,0.44,True,False,True,True,weekly,unknown,unknown,ord_scan_weekly.csv,18.0
OLN,0,0,0,28.61,False,False,,,,,,False,,False,False,0.9,0.89,False,False,0.371,-0.483,0.99,1.1,0.62,False,2,0.283,-0.279,0.327,False,False,False,0.9,False,False,False,NONE,False,2,0.538,0.384,3.0,17.61,24,3,0.819,True,False,0.82,0.287,4,1.1,0.38,1.0,True,False,False,False,monthly,unknown,unknown,ord_scan_monthly.csv,18.0
BWA,9,1,5,56.77,False,False,,,,,,False,,False,False,0.94,1.19,True,True,1.029,0.68,1.62,0.84,0.81,False,3,0.088,0.187,0.844,True,False,True,0.8,False,False,False,NONE,False,4,0.188,0.37,0.6,35.77,24,3,0.427,False,True,0.89,0.714,7,1.7,0.69,0.14,True,False,False,False,monthly,unknown,unknown,ord_scan_monthly.csv,18.0
MBC,1,0,1,9.08,False,False,,,,,,False,,False,False,0.97,0.72,False,False,-0.251,-0.281,0.77,0.94,0.65,False,2,0.843,-0.926,-1.172,False,False,False,1.0,False,False,False,NONE,False,3,0.561,0.187,6.8,7.38,6,9,0.412,False,False,0.97,0.259,3,3.9,0.31,0.5,True,False,False,False,weekly,unknown,unknown,ord_scan_weekly.csv,18.0
ILMN,2,1,1,135.78,False,False,,,,,,False,,False,False,0.34,1.05,True,False,-0.062,0.099,1.19,0.85,0.87,False,1,0.13,-0.61,-1.234,False,True,False,0.33,False,False,False,NONE,False,6,0.133,0.151,1.0,115.31,17,26,0.679,False,False,0.18,0.539,1,3.5,0.38,0.0,False,False,False,False,weekly,unknown,unknown,ord_scan_weekly.csv,18.0
RCUS,7,3,4,25.68,False,False,,,,,,False,,True,False,0.22,1.19,True,True,0.221,0.302,1.3,0.99,0.89,False,1,0.747,0.456,-1.072,False,True,False,0.17,False,False,False,NONE,False,6,0.106,0.279,0.4,18.51,24,4,0.651,False,False,0.32,0.702,1,1.6,0.38,1.0,True,False,False,False,weekly,unknown,unknown,ord_scan_weekly.csv,18.0
TTC,5,2,3,94.07,False,False,NONE,1.14,1.06,False,True,False,,False,False,0.74,0.89,True,False,0.032,0.271,0.98,0.72,0.9,False,8,-0.232,-0.654,0.235,False,False,False,0.83,False,False,False,NONE,False,6,0.102,0.04,2.8,90.32,7,19,0.676,False,False,0.93,0.717,3,2.5,0.38,0.2,False,False,False,False,weekly,unknown,unknown,ord_scan_weekly.csv,18.0
AMN,0,0,0,21.12,False,False,NONE,0.62,0.42,False,True,False,,False,False,0.61,0.72,False,False,0.034,-0.662,0.87,1.01,0.49,False,1,-0.901,1.583,-1.318,False,False,False,0.82,False,False,False,NONE,False,3,0.836,0.296,17.3,14.87,6,3,0.776,False,False,0.7,0.113,4,1.4,0.31,0.0,True,False,False,False,monthly,unknown,unknown,ord_scan_monthly.csv,18.0
MUSA,8,1,7,596.92,False,False,,,,,,False,,False,False,0.98,0.96,True,True,0.415,0.672,1.27,1.1,1.0,True,1,-0.015,0.1,1.131,False,False,False,0.91,True,False,False,NONE,False,0,0.0,0.366,0.0,378.21,46,8,0.999,True,False,0.99,0.999,2,1.0,0.62,0.75,True,True,True,True,weekly,unknown,unknown,ord_scan_weekly.csv,18.0
MRCY,10,2,5,78.55,False,False,,,,,,False,,False,False,0.85,1.21,True,True,0.571,1.663,1.67,0.87,0.76,False,1,0.083,1.19,2.208,True,False,False,0.57,False,False,False,NONE,False,3,0.244,0.362,0.9,50.13,19,3,0.307,False,False,0.75,0.673,4,1.8,0.46,1.0,True,False,False,False,monthly,unknown,unknown,ord_scan_monthly.csv,18.0
MAN,0,0,0,30.52,False,False,,,,,,False,,False,False,0.96,0.75,False,False,-0.26,-0.571,0.88,1.1,0.43,False,1,-0.517,0.011,0.077,False,False,False,0.99,False,False,False,NONE,False,3,0.711,0.176,14.0,25.15,6,3,0.432,False,False,0.93,0.112,3,3.6,0.31,0.0,True,False,False,False,monthly,unknown,unknown,ord_scan_monthly.csv,18.0
VNOM,11,1,7,49.9,False,False,,,,,,False,,False,False,0.81,0.77,True,True,0.192,0.365,1.0,0.68,1.0,False,2,0.576,0.137,0.516,True,False,False,0.88,False,False,False,NONE,False,0,0.057,0.139,0.4,42.97,34,16,0.997,True,False,0.57,0.997,2,1.1,0.69,0.43,True,False,False,False,weekly,unknown,unknown,ord_scan_weekly.csv,18.0
OGE,5,2,3,48.18,False,False,NONE,0.73,1.34,False,True,False,,False,False,0.92,0.92,True,True,0.113,0.112,1.08,1.06,0.97,False,11,-0.558,0.242,0.355,False,False,False,0.92,False,False,False,NONE,False,1,0.03,0.055,0.6,45.53,33,92,0.9,True,False,0.73,0.827,1,1.3,0.54,0.4,True,False,False,False,weekly,unknown,unknown,ord_scan_weekly.csv,18.0
WTFC,2,1,1,149.57,False,False,,,,,,False,,False,False,0.36,0.9,True,False,0.018,0.159,0.96,0.92,0.92,False,4,0.609,0.206,-0.347,False,True,False,0.21,False,False,False,NONE,False,2,0.079,0.137,0.6,129.15,24,49,0.738,False,False,0.28,0.686,1,1.8,0.46,1.0,False,False,False,False,weekly,unknown,unknown,ord_scan_weekly.csv,18.0
RUN,2,0,2,13.06,False,False,,,,,,False,1.83,False,False,0.74,0.73,False,False,-0.313,-0.371,0.69,0.99,0.59,False,1,1.734,-0.745,-1.136,False,False,False,0.78,False,False,False,NONE,False,2,0.418,0.175,4.1,10.78,16,9,0.235,False,False,0.31,0.204,0,7.5,0.46,0.0,True,False,False,False,weekly,unknown,unknown,ord_scan_weekly.csv,18.0
NTNX,1,0,1,42.6,False,False,,,,,,False,,False,False,0.69,0.81,False,False,0.083,-0.402,1.14,0.74,0.79,False,1,0.447,-0.541,0.184,False,False,False,0.71,False,False,False,NONE,False,2,0.489,0.202,4.7,34.01,7,15,0.436,False,False,0.52,0.223,3,3.6,0.54,0.0,True,False,False,False,weekly,unknown,unknown,ord_scan_weekly.csv,18.0
PIPR,1,1,0,79.42,False,False,,,,,,False,,False,False,0.52,0.91,True,False,-0.065,0.016,1.22,0.98,0.85,False,1,0.729,0.475,-0.249,False,False,False,0.62,False,False,False,NONE,False,2,0.149,0.135,1.3,68.7,16,44,0.56,False,False,0.41,0.436,1,3.7,0.31,0.0,True,True,False,False,weekly,unknown,unknown,ord_scan_weekly.csv,18.0
AOSL,7,4,3,43.08,False,False,,,,,,False,,False,True,1.0,1.1,True,False,0.949,0.535,2.05,1.96,0.94,False,1,0.885,0.697,-0.557,False,False,True,1.0,False,False,False,NONE,False,2,0.192,0.559,0.4,19.0,43,2,0.856,True,False,0.95,0.9,4,1.0,0.62,0.67,True,True,False,False,weekly,unknown,unknown,ord_scan_weekly.csv,18.0
PDFS,3,1,2,44.55,False,False,,,,,,False,,False,False,0.75,1.15,True,False,1.428,0.323,1.49,1.14,0.88,False,1,-0.07,1.25,0.493,False,False,False,0.5,True,False,False,NONE,False,3,0.117,0.593,0.2,18.12,18,1,0.681,False,False,0.75,0.829,3,0.9,0.46,1.0,True,False,True,False,monthly,unknown,unknown,ord_scan_monthly.csv,18.0
LNC,1,0,1,37.53,False,False,,,,,,False,,False,False,0.75,0.93,False,False,-0.086,-0.085,0.92,0.84,0.82,False,2,0.809,0.253,-1.58,False,False,False,0.84,False,False,False,NONE,False,3,0.18,0.154,1.4,31.76,7,16,0.412,False,False,0.62,0.412,4,3.8,0.31,0.0,True,False,False,False,weekly,unknown,unknown,ord_scan_weekly.csv,18.0
ROIV,5,2,3,27.83,False,False,,,,,,False,,False,False,0.51,1.28,True,False,0.287,0.392,1.02,0.82,0.92,False,4,0.631,0.831,-0.079,False,False,False,0.58,False,False,False,NONE,False,2,0.082,0.068,1.3,25.95,19,12,0.733,False,False,0.36,0.773,2,5.6,0.31,0.8,True,False,False,False,weekly,unknown,unknown,ord_scan_weekly.csv,17.0
CRSR,5,4,1,6.96,False,False,,,,,,False,,False,True,0.47,1.27,False,False,-0.017,-0.436,0.71,1.55,0.53,False,1,-4.596,0.477,0.395,False,False,False,0.5,False,False,False,NONE,False,5,0.865,0.356,17.9,4.48,12,3,0.775,False,False,0.59,0.29,3,1.6,0.38,0.0,True,False,False,False,monthly,unknown,unknown,ord_scan_monthly.csv,17.0
SBSI,10,4,6,34.35,False,False,,,,,,False,,True,False,0.2,0.9,True,True,0.279,0.291,0.95,0.78,0.97,False,6,-1.42,0.021,1.696,False,False,False,0.38,False,False,False,NONE,False,3,0.078,0.252,0.3,25.7,37,18,0.901,True,False,0.19,0.911,2,1.2,0.54,0.2,False,False,False,False,monthly,unknown,unknown,ord_scan_monthly.csv,17.0
KTOS,3,1,2,62.05,False,False,,,,,,False,,False,False,0.9,1.1,True,False,0.837,2.376,1.6,1.1,0.46,False,1,2.574,0.139,-1.074,False,False,False,0.85,False,False,False,NONE,False,1,0.537,0.122,9.5,54.5,33,2,0.079,True,False,0.88,0.385,4,9.7,0.38,0.86,True,False,False,False,monthly,unknown,unknown,ord_scan_monthly.csv,17.0
GXO,2,1,1,56.22,False,False,,,,,,False,,False,False,0.35,0.98,True,False,-0.007,0.0,1.19,0.89,0.84,False,3,0.269,0.357,-0.867,False,False,False,0.45,False,False,False,NONE,False,3,0.159,0.136,1.4,48.55,9,23,0.492,False,False,0.39,0.492,1,3.5,0.46,1.0,False,False,False,False,weekly,unknown,unknown,ord_scan_weekly.csv,17.0
EQH,0,0,0,42.17,False,False,,,,,,False,,False,False,0.94,0.96,False,False,-0.085,-0.135,1.16,1.26,0.85,False,2,0.261,0.319,-0.557,False,False,False,0.93,False,False,False,NONE,False,3,0.241,0.165,1.9,35.19,11,29,0.44,False,False,0.81,0.487,2,3.5,0.23,0.0,True,False,False,False,weekly,unknown,unknown,ord_scan_weekly.csv,17.0
XPEL,3,3,0,47.8,False,False,,,,,,False,,False,True,0.22,0.97,False,False,0.669,-0.115,0.93,0.92,0.85,False,2,5.01,-0.274,2.413,False,True,False,0.02,False,False,False,NONE,False,4,0.54,0.346,3.4,31.26,22,3,0.571,False,False,0.27,0.65,2,1.6,0.38,0.75,True,False,False,False,monthly,unknown,unknown,ord_scan_monthly.csv,17.0
PII,1,0,1,66.42,False,False,,,,,,False,,False,False,0.72,1.11,False,False,1.057,-0.273,1.02,0.78,0.85,False,1,0.683,-0.209,1.032,False,False,False,0.7,False,False,False,NONE,False,4,0.472,0.29,3.1,47.14,21,1,0.938,True,False,0.81,0.59,1,1.1,0.38,0.5,True,False,False,False,monthly,unknown,unknown,ord_scan_monthly.csv,17.0
APLE,1,1,0,13.39,False,False,,,,,,False,,False,False,0.76,1.07,True,False,0.24,-0.041,0.88,0.94,0.91,False,4,-1.354,0.11,-0.809,False,False,False,0.78,False,False,False,NONE,False,5,0.107,0.221,0.5,10.43,22,13,0.933,True,False,0.64,0.745,2,1.5,0.31,0.5,True,False,False,False,monthly,unknown,unknown,ord_scan_monthly.csv,17.0
PINS,4,3,1,20.22,False,False,,,,,,False,,False,True,0.54,0.78,False,False,-0.201,-0.417,0.78,1.15,0.49,False,2,-2.907,-1.102,2.805,False,False,False,0.55,False,False,False,NONE,False,3,0.775,0.316,10.9,13.84,9,3,0.747,False,False,0.49,0.204,3,1.7,0.38,0.0,True,False,False,False,monthly,unknown,unknown,ord_scan_monthly.csv,17.0
HRB,3,3,0,31.25,False,False,,,,,,False,1.09,False,True,0.82,1.01,False,False,-0.462,-0.317,0.89,1.21,0.5,False,3,-0.068,-0.638,0.694,False,False,False,0.92,False,False,False,NONE,False,3,0.517,0.111,9.6,27.78,19,4,0.206,False,False,0.82,0.094,3,8.7,0.15,0.0,True,False,False,False,monthly,unknown,unknown,ord_scan_monthly.csv,17.0
SHEN,6,1,5,16.29,False,False,,,,,,False,,False,False,0.97,1.1,True,True,0.372,0.335,1.47,1.2,0.94,False,1,0.555,-1.904,0.537,False,False,False,0.9,False,False,False,NONE,False,1,0.243,0.198,1.6,13.06,31,11,0.803,True,False,0.71,0.862,1,1.9,0.54,0.43,True,True,False,False,weekly,unknown,unknown,ord_scan_weekly.csv,17.0
FUN,3,0,3,18.86,False,False,,,,,,False,,False,False,1.0,0.77,False,False,-0.452,-0.544,0.51,0.69,0.38,False,1,-0.087,-0.656,0.7,False,False,False,1.0,False,False,False,NONE,False,3,0.681,0.337,6.3,12.51,6,4,0.7,False,False,0.94,0.137,2,1.3,0.23,0.0,True,False,False,False,monthly,unknown,unknown,ord_scan_monthly.csv,17.0
UAA,1,0,1,6.29,False,False,,,,,,False,,False,False,0.49,0.92,False,False,0.1,-0.148,0.99,0.75,0.53,False,1,1.038,0.339,-0.678,False,False,False,0.76,False,False,False,NONE,False,3,0.773,0.343,9.9,4.13,0,3,0.319,False,False,0.51,0.278,3,2.1,0.54,0.0,True,False,False,False,monthly,unknown,unknown,ord_scan_monthly.csv,17.0
VLY,7,1,6,13.51,False,False,,,,,,False,,False,False,0.28,1.0,True,True,0.094,0.266,0.99,0.9,0.96,False,3,0.361,0.469,-0.909,False,False,False,0.47,False,False,False,NONE,False,0,0.043,0.152,0.3,11.45,48,27,0.867,True,True,0.11,0.846,4,1.5,0.31,0.67,True,False,False,False,weekly,unknown,unknown,ord_scan_weekly.csv,17.0
VICR,7,3,4,268.36,False,False,,,,,,False,,False,False,1.0,1.54,True,True,5.724,6.018,2.38,1.6,0.91,False,1,2.324,3.738,-2.035,False,False,True,1.0,False,False,False,NONE,False,0,0.087,0.844,0.1,41.76,51,1,0.826,True,True,0.96,0.903,9,0.8,0.54,0.86,True,False,False,False,monthly,unknown,unknown,ord_scan_monthly.csv,17.0
PJT,5,3,2,154.84,False,False,,,,,,False,,True,False,0.19,0.85,True,False,0.1,0.67,1.08,1.11,0.79,False,2,0.927,-0.257,1.158,False,True,False,0.3,False,False,False,NONE,False,5,0.207,0.176,1.5,127.51,19,4,0.403,False,False,0.18,0.617,2,4.0,0.31,0.0,True,False,False,False,monthly,unknown,unknown,ord_scan_monthly.csv,17.0
EPC,3,1,2,22.56,False,False,,,,,,False,,False,False,0.83,1.09,True,False,0.168,0.182,1.04,0.84,0.93,False,2,-0.782,0.118,-0.44,False,False,False,0.75,False,False,False,NONE,False,4,0.434,0.178,4.3,18.54,10,16,0.779,False,False,0.82,0.794,1,2.0,0.54,0.5,True,False,False,False,weekly,unknown,unknown,ord_scan_weekly.csv,17.0
KMPR,1,0,1,34.15,False,False,,,,,,False,,False,False,0.83,0.6,False,False,-0.125,-0.227,0.9,0.76,0.83,False,3,0.06,-0.505,-0.635,False,False,False,0.81,False,False,False,NONE,False,3,0.516,0.168,6.3,28.41,7,17,0.466,False,False,0.73,0.366,4,3.3,0.31,0.0,True,False,False,False,weekly,unknown,unknown,ord_scan_weekly.csv,17.0
EIG,1,1,0,41.92,False,False,,,,,,False,,False,False,0.28,1.09,True,False,-0.111,-0.024,1.02,1.16,0.8,False,3,-0.94,0.563,0.041,False,False,False,0.88,False,False,False,NONE,False,5,0.197,0.161,1.5,35.17,11,14,0.442,False,False,0.24,0.396,3,3.5,0.38,0.0,True,False,False,False,monthly,unknown,unknown,ord_scan_monthly.csv,17.0
PIPR,5,3,2,79.42,False,False,,,,,,False,,True,False,0.09,0.94,True,False,0.352,0.69,1.1,1.01,0.85,False,1,1.464,0.438,-0.488,False,True,False,0.05,False,False,False,NONE,False,5,0.149,0.151,1.2,67.41,23,11,0.577,False,False,0.17,0.72,2,3.8,0.46,0.0,True,False,False,False,monthly,unknown,unknown,ord_scan_monthly.csv,17.0
WWD,8,1,4,362.99,False,False,,,,,,False,,False,False,0.93,1.13,True,True,0.944,1.38,1.5,1.06,0.89,False,3,0.79,0.315,1.561,True,False,False,0.86,False,False,False,NONE,False,2,0.108,0.358,0.3,232.87,26,6,0.714,False,True,0.88,0.833,8,1.5,0.62,0.6,True,False,False,False,monthly,unknown,unknown,ord_scan_monthly.csv,17.0
VC,2,2,0,110.85,False,False,,,,,,False,,False,False,0.24,1.35,False,False,0.412,-0.049,1.08,1.24,0.86,False,1,-0.885,0.725,0.759,False,True,False,0.14,False,False,False,NONE,False,7,0.348,0.25,2.1,83.16,22,7,0.705,False,False,0.32,0.727,2,1.8,0.38,0.33,True,False,False,False,monthly,unknown,unknown,ord_scan_monthly.csv,17.0
EFC,4,1,3,13.24,False,False,,,,,,False,,False,False,0.77,0.82,True,False,0.074,0.066,0.96,0.71,0.98,False,3,-0.268,0.031,-0.01,False,False,False,0.52,False,False,False,NONE,False,0,0.023,0.166,0.1,11.05,45,95,0.924,True,True,0.54,0.876,6,1.2,0.38,0.0,False,False,False,False,weekly,unknown,unknown,ord_scan_weekly.csv,17.0
AEIS,7,1,6,389.05,False,False,,,,,,False,,False,False,0.97,1.02,True,True,3.003,2.837,1.93,1.39,0.98,False,1,2.764,2.892,-0.65,False,False,False,0.92,True,False,False,NONE,False,0,0.021,0.67,0.0,128.21,41,3,0.947,True,False,0.85,0.974,4,0.6,0.62,0.7,True,False,True,True,monthly,unknown,unknown,ord_scan_monthly.csv,17.0
PCRX,2,1,1,24.44,False,False,,,,,,False,,False,False,0.5,0.69,True,False,0.19,0.143,0.92,0.77,0.9,False,1,-0.8,0.106,-0.433,False,False,False,0.37,False,False,False,NONE,False,3,0.228,0.156,1.9,20.62,9,14,0.677,False,False,0.51,0.675,0,2.3,0.31,0.25,True,True,False,False,weekly,unknown,unknown,ord_scan_weekly.csv,17.0
PRSU,8,4,4,42.22,False,False,,,,,,False,,False,True,0.42,1.01,True,True,0.441,0.069,0.77,0.86,0.89,False,2,0.301,1.462,-1.621,False,False,False,0.74,False,False,False,NONE,False,2,0.412,0.339,2.1,27.92,21,9,0.961,True,False,0.36,0.747,3,1.1,0.38,0.0,True,False,True,False,monthly,unknown,unknown,ord_scan_monthly.csv,17.0
ALGM,9,4,5,48.98,False,False,,,,,,False,,False,True,0.92,1.07,True,False,1.568,0.817,1.41,0.84,1.0,False,1,-0.551,1.621,3.849,False,False,True,0.43,True,False,False,NONE,False,2,0.077,0.542,0.2,22.41,42,1,0.988,True,False,1.0,0.994,2,0.7,0.38,0.5,True,False,True,True,monthly,unknown,unknown,ord_scan_monthly.csv,17.0
KW,8,2,6,10.88,False,False,,,,,,False,,False,False,0.85,1.15,True,False,0.797,0.451,0.4,1.14,0.99,False,6,-0.681,0.052,-0.38,False,False,False,0.78,False,False,False,NONE,False,1,0.446,0.391,2.1,6.62,41,6,0.989,True,True,0.69,0.986,4,0.9,0.38,0.67,True,False,False,False,monthly,unknown,unknown,ord_scan_monthly.csv,17.0
VECO,10,5,5,50.25,False,False,,,,,,False,,False,True,1.0,1.21,True,True,0.609,0.748,1.54,1.29,0.94,False,1,0.825,-0.245,0.08,False,False,True,0.98,False,False,False,NONE,False,0,0.06,0.442,0.1,28.06,58,3,0.838,True,True,1.0,0.884,7,1.0,0.62,1.0,True,False,False,False,weekly,unknown,unknown,ord_scan_weekly.csv,17.0
EWBC,5,1,4,125.82,False,False,,,,,,False,,False,False,0.31,0.81,True,False,0.107,0.255,1.05,0.94,0.99,False,3,0.613,0.329,-0.527,False,True,False,0.1,False,False,False,NONE,False,0,0.013,0.187,0.1,102.27,57,45,0.956,True,True,0.16,0.945,4,1.2,0.46,0.5,True,False,False,False,weekly,unknown,unknown,ord_scan_weekly.csv,17.0
WSFS,7,1,6,72.13,False,False,,,,,,False,,False,False,0.69,1.12,True,True,0.117,0.393,0.95,0.93,0.99,False,4,0.599,-0.121,-0.265,False,False,False,0.79,False,False,False,NONE,False,0,0.013,0.161,0.1,60.55,46,23,0.957,True,True,0.45,0.959,7,1.3,0.54,0.75,True,False,False,False,weekly,unknown,unknown,ord_scan_weekly.csv,17.0
VSH,8,1,7,29.58,False,False,,,,,,False,,False,False,1.0,0.99,True,True,0.476,0.765,1.56,1.26,1.0,True,1,0.24,-0.347,0.262,False,False,False,1.0,True,False,False,NONE,False,0,0.003,0.475,0.0,15.52,41,3,0.992,True,False,1.0,0.995,4,0.8,0.54,0.8,True,False,True,True,weekly,unknown,unknown,ord_scan_weekly.csv,17.0
TRST,8,1,7,48.06,False,False,,,,,,False,,True,False,0.31,0.92,True,True,0.117,0.297,0.96,0.82,0.99,False,4,0.183,-0.297,0.213,False,True,False,0.34,False,False,False,NONE,False,0,0.006,0.129,0.0,41.84,45,28,0.98,True,False,0.23,0.975,1,1.1,0.54,0.0,True,False,False,False,weekly,unknown,unknown,ord_scan_weekly.csv,17.0
OXM,3,0,3,42.53,False,False,,,,,,False,,False,False,0.86,0.63,False,False,-0.05,-0.577,0.64,0.68,0.52,False,1,0.775,-0.911,1.47,False,False,False,0.96,False,False,False,NONE,False,3,0.604,0.304,5.0,29.61,6,2,0.717,False,False,0.78,0.183,2,1.6,0.38,0.0,True,False,False,False,monthly,unknown,unknown,ord_scan_monthly.csv,17.0
PTGX,11,3,5,98.37,False,False,,,,,,False,,False,False,0.4,1.62,True,True,1.147,2.4,0.98,0.73,0.91,False,2,4.118,0.501,6.201,True,False,False,0.37,False,False,False,NONE,False,0,0.088,0.487,0.2,50.49,31,6,0.708,False,False,0.06,0.887,3,0.9,0.54,0.67,True,False,False,False,monthly,unknown,unknown,ord_scan_monthly.csv,17.0
PENG,10,5,5,31.24,False,False,,,,,,False,,False,True,0.89,1.26,True,False,0.626,0.403,1.71,1.38,1.0,True,1,1.125,0.165,-0.624,False,False,True,0.88,True,False,False,NONE,False,0,0.002,0.487,0.0,16.04,47,3,0.995,True,False,0.83,0.996,4,0.8,0.54,1.0,True,False,True,True,weekly,unknown,unknown,ord_scan_weekly.csv,17.0
BANR,7,5,2,65.87,False,False,,,,,,False,,True,False,0.01,1.01,True,False,0.112,0.466,0.85,1.07,0.88,False,13,1.097,-0.786,-0.397,False,False,True,0.42,False,False,False,NONE,False,7,0.116,0.134,1.0,57.05,22,18,0.61,False,False,0.1,0.754,2,2.3,0.38,0.0,False,False,False,False,monthly,unknown,unknown,ord_scan_monthly.csv,17.0
AVNT,0,0,0,36.76,False,False,,,,,,False,,False,False,0.38,1.07,False,False,0.139,-0.099,1.01,0.99,0.7,False,2,2.36,0.038,-0.648,False,False,False,0.75,False,False,False,NONE,False,5,0.328,0.265,1.8,27.02,5,4,0.425,False,False,0.41,0.386,3,2.2,0.38,1.0,True,False,False,False,monthly,unknown,unknown,ord_scan_monthly.csv,17.0
HWKN,7,4,3,167.49,False,False,,,,,,False,,False,True,0.27,0.85,True,False,0.288,0.184,0.9,1.09,0.97,False,1,0.982,-0.129,0.67,False,True,False,0.37,False,False,False,NONE,False,3,0.098,0.231,0.5,128.75,38,23,0.914,True,False,0.43,0.914,2,1.3,0.46,1.0,True,False,False,False,weekly,unknown,unknown,ord_scan_weekly.csv,17.0
WU,0,0,0,9.21,False,False,,,,,,False,,True,False,0.26,1.03,False,False,0.033,-0.19,0.99,0.96,0.88,False,3,-1.2,-0.301,-0.653,False,False,False,0.69,False,False,False,NONE,False,5,0.501,0.212,4.7,7.26,15,14,0.6,False,False,0.22,0.456,3,2.3,0.23,1.0,False,False,False,False,monthly,unknown,unknown,ord_scan_monthly.csv,17.0
PRI,3,3,0,276.96,False,False,,,,,,False,,True,False,0.01,0.93,True,False,0.074,0.128,0.94,0.99,0.92,False,3,-0.473,0.686,1.258,False,False,True,0.83,False,False,False,NONE,False,5,0.079,0.173,0.5,229.03,30,24,0.75,False,False,0.01,0.803,3,1.9,0.31,0.0,False,False,False,False,monthly,unknown,unknown,ord_scan_monthly.csv,17.0
EQH,5,4,1,42.17,False,False,,,,,,False,,False,True,0.32,1.0,True,False,-0.127,0.161,0.86,1.03,0.76,False,2,0.033,0.54,-0.289,False,False,True,1.0,False,False,False,NONE,False,4,0.24,0.171,1.8,34.95,15,7,0.448,False,False,0.19,0.382,2,3.5,0.46,0.0,True,False,False,False,monthly,unknown,unknown,ord_scan_monthly.csv,17.0
GEF,6,4,2,66.83,False,False,,,,,,False,,False,True,0.31,0.93,True,True,0.317,0.046,0.95,0.92,0.87,False,3,0.376,0.243,-0.264,False,True,False,0.11,False,False,False,NONE,False,4,0.126,0.179,0.8,54.84,14,11,0.594,False,False,0.36,0.676,3,2.8,0.31,1.0,True,False,False,False,monthly,unknown,unknown,ord_scan_monthly.csv,17.0
IBP,5,1,4,290.21,False,False,,,,,,False,,False,False,0.5,1.0,True,True,0.773,0.166,1.25,0.75,0.84,False,1,-0.02,2.583,2.708,False,False,True,0.21,False,False,False,NONE,False,4,0.162,0.319,0.6,197.55,14,6,0.523,False,False,0.29,0.716,3,1.9,0.46,0.4,True,False,False,False,monthly,unknown,unknown,ord_scan_monthly.csv,17.0
LEA,3,1,2,132.41,False,False,,,,,,False,,False,False,0.7,0.86,True,False,0.59,-0.026,1.17,0.71,0.93,False,3,0.263,-0.022,-0.268,False,True,False,0.31,False,False,False,NONE,False,5,0.274,0.322,1.2,89.8,13,6,0.785,False,False,0.74,0.864,2,1.3,0.46,0.4,True,False,False,False,monthly,unknown,unknown,ord_scan_monthly.csv,17.0
PRLB,7,1,6,65.17,False,False,,,,,,False,,False,False,0.61,0.95,True,True,0.854,0.823,1.32,0.71,0.95,False,2,-0.444,1.211,-1.17,False,False,True,0.37,False,False,False,NONE,False,0,0.773,0.343,9.9,42.84,41,6,0.836,True,True,0.6,0.913,7,1.2,0.46,0.4,True,False,False,False,monthly,unknown,unknown,ord_scan_monthly.csv,17.0
IDCC,4,1,3,290.5,False,False,,,,,,False,1.11,False,False,0.73,1.01,True,False,0.463,1.799,1.3,0.89,0.71,False,1,-0.877,6.997,2.092,False,False,False,0.45,False,False,False,NONE,False,0,0.291,0.153,2.7,246.06,29,6,0.098,True,False,0.57,0.623,1,5.1,0.46,0.5,True,False,False,False,monthly,unknown,unknown,ord_scan_monthly.csv,17.0
CRUS,6,2,4,164.24,False,False,,,,,,False,,False,False,0.83,1.3,True,True,0.26,0.238,1.3,1.1,0.93,False,2,0.331,-0.012,0.113,False,False,False,0.8,False,False,False,NONE,False,0,0.066,0.222,0.3,127.75,30,14,0.787,False,False,0.85,0.815,1,1.6,0.62,1.0,True,True,False,False,weekly,unknown,unknown,ord_scan_weekly.csv,17.0
REZI,7,4,3,40.14,False,False,,,,,,False,,False,True,0.33,1.05,True,True,0.172,-0.062,0.93,0.96,0.93,False,3,1.237,-0.641,-0.388,False,True,False,0.08,False,False,False,NONE,False,6,0.114,0.198,0.6,32.18,21,22,0.789,False,False,0.28,0.798,0,2.0,0.46,1.0,False,False,False,False,weekly,unknown,unknown,ord_scan_weekly.csv,17.0
NWN,7,2,5,52.86,False,False,NONE,0.6,0.92,False,True,False,,False,False,0.95,1.05,True,True,0.158,0.197,1.01,0.72,0.95,False,9,-0.507,-0.186,0.355,False,False,False,0.91,False,False,False,NONE,False,0,0.047,0.087,0.6,48.27,27,36,0.844,True,False,0.77,0.781,1,1.5,0.54,0.29,True,False,False,False,weekly,unknown,unknown,ord_scan_weekly.csv,17.0
KD,1,0,1,14.36,False,False,,,,,,False,0.68,False,False,0.97,0.73,False,False,-0.557,-0.34,0.8,1.45,0.32,False,1,2.505,-8.019,3.082,False,False,False,1.0,False,False,False,NONE,False,3,0.724,0.297,8.8,10.1,11,3,0.312,False,False,0.91,0.125,1,5.4,0.38,0.0,True,False,False,False,monthly,unknown,unknown,ord_scan_monthly.csv,17.0
KN,8,2,6,31.65,False,False,,,,,,False,,False,False,0.84,1.22,True,True,0.306,0.341,1.3,1.11,0.99,False,2,0.492,-0.207,-0.165,False,False,False,0.92,True,False,False,NONE,False,0,0.009,0.25,0.0,23.75,37,16,0.97,True,False,0.79,0.974,4,1.2,0.54,0.43,True,False,True,True,weekly,unknown,unknown,ord_scan_weekly.csv,17.0
MCRI,10,1,6,117.62,False,False,,,,,,False,,False,False,0.33,1.16,True,True,0.523,0.613,1.11,0.98,0.98,False,1,0.525,0.314,1.883,True,True,False,0.09,False,False,False,NONE,False,0,0.025,0.255,0.1,87.58,50,11,0.923,True,False,0.21,0.948,4,1.3,0.62,1.0,True,False,False,False,monthly,unknown,unknown,ord_scan_monthly.csv,17.0
MPT,2,0,2,5.05,False,False,,,,,,False,,True,False,0.48,0.92,False,False,-0.018,0.285,0.96,0.58,0.8,False,2,-0.458,0.389,-0.082,False,True,False,0.64,False,False,False,NONE,False,6,0.695,0.258,8.8,3.75,5,3,0.323,False,False,0.6,0.583,3,2.5,0.31,0.0,True,False,False,False,monthly,unknown,unknown,ord_scan_monthly.csv,17.0
PARR,11,2,6,65.35,False,False,,,,,,False,,False,False,1.0,1.37,True,True,3.564,0.763,1.46,0.87,0.96,False,1,0.299,0.357,2.599,True,False,False,0.95,False,False,False,NONE,False,0,0.039,0.589,0.1,26.83,54,2,0.891,True,True,0.99,0.953,4,0.7,0.69,0.86,True,False,False,False,monthly,unknown,unknown,ord_scan_monthly.csv,17.0
MNRO,2,1,1,17.58,False,False,,,,,,False,,False,False,0.88,1.05,True,False,-0.049,0.233,0.86,1.03,0.74,False,2,-0.448,-0.176,-0.843,False,False,False,0.81,False,False,False,NONE,False,2,0.385,0.156,4.0,14.83,8,8,0.418,False,False,0.76,0.39,1,3.8,0.31,1.0,True,False,False,False,weekly,unknown,unknown,ord_scan_weekly.csv,17.0
NVRI,10,3,7,19.66,False,False,,,,,,False,,False,False,0.98,1.41,True,True,1.862,1.149,0.76,1.01,0.98,False,6,0.302,0.671,-0.26,False,False,False,0.95,False,False,False,NONE,False,2,0.346,0.608,0.9,7.7,38,6,0.963,True,False,0.88,0.978,3,0.8,0.69,0.75,True,False,False,False,monthly,unknown,unknown,ord_scan_monthly.csv,17.0
GBX,2,2,0,50.04,False,False,,,,,,False,,False,False,0.17,0.66,True,False,0.221,0.016,0.91,0.95,0.73,False,2,1.307,-0.182,0.397,False,False,False,0.51,False,False,False,NONE,False,3,0.268,0.252,1.5,37.45,11,6,0.532,False,False,0.13,0.426,3,2.2,0.46,0.0,True,False,False,False,monthly,unknown,unknown,ord_scan_monthly.csv,17.0
SON,4,4,0,50.06,False,False,,,,,,False,,False,True,0.48,0.87,True,False,0.278,-0.056,1.37,1.01,0.86,False,1,-0.963,-0.778,0.995,False,False,False,0.76,False,False,False,NONE,False,2,0.138,0.245,0.7,37.79,11,5,0.562,False,False,0.5,0.612,1,2.1,0.54,1.0,True,False,False,False,monthly,unknown,unknown,ord_scan_monthly.csv,17.0
SIG,2,1,1,85.7,False,False,,,,,,False,1.16,False,False,0.41,0.89,True,False,0.464,-0.12,0.86,0.7,0.78,False,2,2.123,-0.037,0.327,False,False,False,0.51,False,False,False,NONE,False,3,0.219,0.144,1.9,73.34,6,9,0.339,False,False,0.56,0.629,3,4.9,0.38,0.0,True,False,False,False,monthly,unknown,unknown,ord_scan_monthly.csv,17.0
ACHC,1,0,1,27.85,False,False,,,,,,False,,False,False,0.72,0.9,False,False,0.19,-0.648,0.8,1.17,0.44,False,1,-1.475,1.937,1.866,False,False,False,0.82,False,False,False,NONE,False,2,0.69,0.59,3.8,11.43,23,3,0.954,True,False,0.77,0.231,1,1.0,0.46,1.0,True,False,False,False,monthly,unknown,unknown,ord_scan_monthly.csv,17.0
AR,3,1,2,38.89,False,False,,,,,,False,,False,False,0.4,0.88,True,False,0.069,0.258,1.13,0.98,0.85,False,2,0.102,-0.256,1.368,False,False,False,0.6,False,False,False,NONE,False,0,0.15,0.15,1.2,33.07,18,15,0.53,False,False,0.33,0.532,2,3.4,0.62,0.83,True,False,False,False,weekly,unknown,unknown,ord_scan_weekly.csv,17.0
MOG-A,11,4,4,300.52,False,False,,,,,,False,,False,True,0.93,1.0,True,True,0.806,0.903,1.55,1.28,0.85,False,2,1.304,0.402,0.641,True,False,True,0.82,False,False,False,NONE,False,2,0.152,0.385,0.5,184.94,22,4,0.515,False,False,0.82,0.746,2,1.4,0.62,0.8,True,False,False,False,monthly,unknown,unknown,ord_scan_monthly.csv,17.0
LMAT,12,4,5,112.04,False,False,,,,,,False,,False,True,0.27,1.04,True,True,0.246,0.722,1.01,0.93,0.95,False,3,1.624,0.591,0.296,True,False,True,0.4,False,False,False,NONE,False,0,0.051,0.3,0.2,78.48,46,4,0.846,True,False,0.2,0.895,4,1.3,0.38,0.5,True,False,False,False,monthly,unknown,unknown,ord_scan_monthly.csv,16.0
RRX,9,5,4,213.02,False,False,,,,,,False,,False,True,0.9,1.22,True,True,1.031,0.208,1.38,1.17,0.93,False,2,-0.133,0.811,0.557,False,False,False,0.88,False,False,False,NONE,False,0,0.069,0.402,0.2,127.39,32,3,0.772,False,True,0.95,0.886,6,1.0,0.54,0.5,True,False,False,False,monthly,unknown,unknown,ord_scan_monthly.csv,16.0
XPO,9,4,5,215.28,False,False,,,,,,False,,False,True,0.52,1.07,True,True,1.029,0.764,1.32,0.9,0.93,False,2,4.323,2.195,-0.757,False,False,True,0.49,False,False,False,NONE,False,0,0.07,0.458,0.2,116.68,47,3,0.809,True,True,0.42,0.889,7,1.0,0.54,0.5,True,False,False,False,monthly,unknown,unknown,ord_scan_monthly.csv,16.0
GFF,9,3,6,92.55,False,False,,,,,,False,,True,False,0.18,0.93,True,True,0.373,0.287,1.25,0.78,0.95,False,1,-1.245,0.543,1.996,False,True,False,0.05,False,False,False,NONE,False,0,0.049,0.301,0.2,64.65,44,3,0.84,True,False,0.14,0.89,2,1.2,0.46,0.5,True,False,False,False,monthly,unknown,unknown,ord_scan_monthly.csv,16.0
NBTB,8,5,3,44.21,False,False,,,,,,False,,True,False,0.18,0.85,True,False,0.08,0.285,0.87,0.85,0.88,False,13,-0.958,-0.624,1.522,False,False,False,0.65,False,False,False,NONE,False,7,0.115,0.135,1.0,38.24,18,23,0.673,False,False,0.25,0.698,2,2.6,0.31,0.0,False,False,False,False,monthly,unknown,unknown,ord_scan_monthly.csv,16.0
KRC,4,4,0,33.64,False,False,,,,,,False,,False,True,0.49,0.82,True,False,0.136,0.06,0.97,1.18,0.78,False,1,-0.429,0.443,-0.322,False,False,True,0.69,False,False,False,NONE,False,3,0.483,0.189,4.9,27.27,9,4,0.524,False,False,0.4,0.467,2,2.8,0.54,0.5,True,False,False,False,monthly,unknown,unknown,ord_scan_monthly.csv,16.0
NWBI,10,4,6,13.94,False,False,,,,,,False,,False,True,0.43,1.14,True,True,0.099,0.229,1.09,1.0,0.98,True,4,-0.04,-0.294,0.164,False,False,True,0.36,False,False,False,NONE,False,0,0.022,0.156,0.1,11.76,52,96,0.929,True,False,0.38,0.899,1,1.2,0.46,0.5,True,True,False,False,weekly,unknown,unknown,ord_scan_weekly.csv,16.0
KRYS,12,4,5,266.04,False,False,,,,,,False,,False,True,0.64,0.85,True,True,0.566,0.495,1.04,0.79,0.89,False,3,3.13,2.464,3.181,True,False,False,0.72,False,False,False,NONE,False,0,0.108,0.509,0.2,130.5,27,6,0.718,False,False,0.18,0.816,2,1.1,0.62,0.6,True,False,False,False,monthly,unknown,unknown,ord_scan_monthly.csv,16.0
AMR,2,2,0,182.37,False,False,,,,,,False,,False,False,0.36,1.47,True,False,-0.131,0.053,1.03,0.91,0.72,False,1,2.117,-0.87,1.298,False,False,False,0.4,False,False,False,NONE,False,4,0.455,0.147,5.7,155.5,14,8,0.353,False,False,0.31,0.317,1,4.7,0.15,0.0,True,False,False,False,weekly,unknown,unknown,ord_scan_weekly.csv,16.0
ALK,0,0,0,38.55,False,False,,,,,,False,,False,False,0.87,1.02,False,False,-0.242,-0.076,1.15,1.24,0.64,False,1,0.39,-0.438,-0.709,False,False,False,0.85,False,False,False,NONE,False,3,0.506,0.143,7.2,33.03,6,4,0.387,False,False,0.86,0.2,2,4.2,0.23,0.5,True,False,False,False,weekly,unknown,unknown,ord_scan_weekly.csv,16.0
PBF,1,1,0,43.0,False,False,,,,,,False,,False,False,0.64,1.15,True,False,1.603,-0.196,1.25,1.0,0.82,False,1,-2.978,4.366,0.239,False,False,False,0.54,False,False,False,NONE,False,5,0.264,0.519,0.7,20.67,13,2,0.428,False,True,0.65,0.659,2,1.1,0.38,0.75,True,False,False,False,monthly,unknown,unknown,ord_scan_monthly.csv,16.0
WHD,1,1,0,54.79,False,False,,,,,,False,,False,False,0.47,1.06,True,False,0.462,0.117,1.02,1.12,0.8,False,1,2.488,-0.405,-0.233,False,False,False,0.64,False,False,False,NONE,False,5,0.204,0.398,0.6,33.01,8,6,0.786,False,False,0.45,0.608,2,1.1,0.38,1.0,True,False,False,False,monthly,unknown,unknown,ord_scan_monthly.csv,16.0
WERN,1,1,0,35.91,False,False,,,,,,False,,False,False,0.75,1.09,True,False,0.491,-0.045,1.31,1.03,0.87,False,1,-0.917,-0.202,1.216,False,False,False,0.79,False,False,False,NONE,False,5,0.248,0.364,0.9,22.86,14,2,0.798,False,False,0.6,0.713,2,1.1,0.38,1.0,True,False,False,False,monthly,unknown,unknown,ord_scan_monthly.csv,16.0
VOYA,6,1,5,82.6,False,False,NONE,1.23,1.25,True,True,False,1.33,True,False,0.41,0.88,True,True,0.432,0.175,1.02,1.02,0.99,False,1,0.271,-0.416,-0.153,False,True,False,0.46,False,False,False,NONE,False,1,0.011,0.219,0.1,64.5,33,12,0.964,True,False,0.5,0.971,2,1.5,0.54,0.5,True,False,False,False,monthly,unknown,unknown,ord_scan_monthly.csv,16.0
MLKN,0,0,0,16.21,False,False,,,,,,False,,False,False,0.67,0.8,False,False,-0.185,0.06,1.01,1.3,0.71,False,1,0.136,-0.627,-0.703,False,False,False,0.7,False,False,False,NONE,False,3,0.456,0.146,5.7,13.84,3,8,0.376,False,False,0.75,0.287,1,4.3,0.31,0.0,True,False,False,False,weekly,unknown,unknown,ord_scan_weekly.csv,16.0
QNST,2,0,2,13.04,False,False,,,,,,False,,False,False,0.55,0.9,False,False,-0.019,-0.118,0.77,0.88,0.8,False,2,0.726,-0.49,-0.764,False,False,False,0.48,False,False,False,NONE,False,3,0.504,0.173,5.9,10.79,8,14,0.529,False,True,0.53,0.456,11,2.8,0.46,0.0,False,False,False,False,weekly,unknown,unknown,ord_scan_weekly.csv,16.0
TR,7,1,6,42.5,False,False,,,,,,False,,False,False,0.75,0.95,True,True,0.381,0.442,0.93,0.69,0.94,False,3,-0.642,-1.336,1.165,False,True,False,0.38,False,False,False,NONE,False,0,0.091,0.218,0.5,33.22,37,11,0.812,True,False,0.6,0.869,4,1.6,0.69,0.86,True,False,False,False,monthly,unknown,unknown,ord_scan_monthly.csv,16.0
AORT,4,1,3,36.21,False,False,,,,,,False,,False,False,0.53,1.01,True,False,0.528,0.711,1.03,0.87,0.75,False,3,1.443,-0.43,1.856,False,False,False,0.31,False,False,False,NONE,True,2,0.25,0.164,2.0,30.27,15,4,0.242,False,False,0.32,0.583,1,4.1,0.38,0.6,True,False,False,False,monthly,unknown,unknown,ord_scan_monthly.csv,16.0
HFWA,8,3,5,27.61,False,False,NONE,1.25,1.0,False,True,False,,True,False,0.25,0.87,True,True,0.26,0.547,0.97,1.13,0.95,False,4,-1.602,-0.348,1.244,False,True,False,0.27,False,False,False,NONE,False,2,0.068,0.243,0.3,20.9,43,13,0.862,True,False,0.35,0.899,2,1.7,0.38,1.0,True,False,False,False,monthly,unknown,unknown,ord_scan_monthly.csv,16.0
MIR,0,0,0,19.63,False,False,,,,,,False,,False,False,0.81,0.7,False,False,-0.21,-0.332,0.94,1.18,0.71,False,1,0.88,-0.096,-0.14,False,False,False,0.87,False,False,False,NONE,False,2,0.352,0.142,3.8,16.84,8,11,0.353,False,False,0.68,0.216,3,4.7,0.31,0.0,True,True,False,False,weekly,unknown,unknown,ord_scan_weekly.csv,16.0
EXTR,10,4,6,22.29,False,False,,,,,,False,,False,True,0.27,1.03,True,True,0.694,0.932,1.0,1.16,0.97,False,1,2.706,-0.181,0.965,False,True,False,0.21,False,False,False,NONE,False,1,0.319,0.395,1.2,13.48,42,1,0.98,True,False,0.28,0.953,3,0.9,0.46,1.0,True,False,False,False,monthly,unknown,unknown,ord_scan_monthly.csv,16.0
SRPT,1,1,0,21.49,False,False,,,,,,False,,False,False,0.64,1.01,True,False,0.057,-0.105,0.93,0.9,0.87,False,1,0.232,-0.975,-0.022,False,False,True,0.54,False,False,False,NONE,False,4,0.876,0.277,25.5,15.53,6,5,0.671,False,False,0.55,0.668,1,1.6,0.38,0.0,True,False,False,False,weekly,unknown,unknown,ord_scan_weekly.csv,16.0
CAKE,9,1,5,60.2,False,False,,,,,,False,,False,False,0.31,1.13,True,True,0.219,0.756,1.14,0.84,0.88,False,2,0.25,0.142,0.764,True,True,False,0.34,False,False,False,NONE,False,4,0.123,0.292,0.5,42.62,15,5,0.7,False,False,0.53,0.772,2,1.5,0.54,0.67,True,False,False,False,monthly,unknown,unknown,ord_scan_monthly.csv,16.0
ALV,1,1,0,116.17,False,False,NONE,1.15,1.19,True,True,False,1.78,False,False,0.33,0.93,True,False,0.273,0.018,1.11,0.9,0.9,False,2,-0.004,0.076,0.489,False,True,False,0.08,False,False,False,NONE,False,4,0.1,0.153,0.7,98.4,12,12,0.664,False,False,0.44,0.765,2,2.9,0.31,0.67,True,False,False,False,monthly,unknown,unknown,ord_scan_monthly.csv,16.0
AMPH,2,0,2,21.88,False,False,,,,,,False,,False,False,0.94,1.05,False,False,-0.104,-0.502,0.8,0.79,0.41,False,2,-0.829,0.17,0.973,False,False,False,0.98,False,False,False,NONE,False,5,0.677,0.222,9.4,17.03,6,3,0.39,False,False,0.97,0.131,2,4.1,0.46,0.0,True,False,False,False,monthly,unknown,unknown,ord_scan_monthly.csv,16.0
POWL,12,2,7,275.33,False,False,,,,,,False,,False,False,0.99,1.31,True,True,3.528,4.859,1.64,0.65,0.97,False,1,0.713,1.006,1.946,True,False,True,0.97,False,False,False,NONE,False,0,0.028,0.75,0.0,68.84,53,1,0.926,True,True,0.94,0.967,6,0.6,0.54,0.0,True,False,False,False,monthly,unknown,unknown,ord_scan_monthly.csv,16.0
IRDM,6,4,2,39.44,False,False,,,,,,False,,False,True,0.85,0.96,True,False,0.68,0.588,1.28,1.05,0.89,False,1,-0.814,-0.47,2.273,False,False,False,0.89,True,False,False,NONE,False,0,0.387,0.609,1.0,15.43,31,1,0.704,False,True,0.93,0.83,6,0.9,0.54,1.0,True,False,True,False,monthly,unknown,unknown,ord_scan_monthly.csv,16.0
GLPI,7,3,4,47.76,False,False,,,,,,False,,False,False,0.73,1.1,True,True,0.085,0.107,0.95,0.92,0.97,False,12,-0.346,-0.287,0.353,False,False,False,0.48,False,False,False,NONE,False,2,0.028,0.086,0.3,43.64,31,199,0.904,True,False,0.74,0.843,1,1.2,0.54,0.5,False,False,False,False,weekly,unknown,unknown,ord_scan_weekly.csv,16.0
MUR,3,1,2,40.73,False,False,,,,,,False,,False,False,0.85,1.09,True,False,1.086,-0.029,1.21,0.88,0.94,False,1,-0.411,0.024,1.634,False,False,False,0.69,False,False,False,NONE,False,3,0.099,0.482,0.2,21.1,24,3,0.825,True,False,0.81,0.839,3,0.9,0.54,0.5,True,False,False,False,monthly,unknown,unknown,ord_scan_monthly.csv,16.0
WKC,1,1,0,27.1,False,False,,,,,,False,,False,False,0.74,0.99,True,False,0.016,0.066,1.31,0.97,0.91,False,1,-0.139,-0.44,0.019,False,False,False,0.6,False,False,False,NONE,False,2,0.108,0.187,0.6,22.02,21,105,0.678,False,False,0.64,0.653,2,2.5,0.31,1.0,False,False,False,False,weekly,unknown,unknown,ord_scan_weekly.csv,16.0
SON,3,1,2,50.06,False,False,,,,,,False,,False,False,0.95,0.73,True,False,0.053,0.262,1.45,1.36,0.86,False,1,-0.365,-0.484,0.187,False,False,False,0.96,False,False,False,NONE,False,2,0.135,0.072,2.2,46.45,7,20,0.562,False,False,0.96,0.592,1,3.2,0.54,0.33,True,False,False,False,weekly,unknown,unknown,ord_scan_weekly.csv,16.0
EMN,1,0,1,77.53,False,False,,,,,,False,,False,False,0.77,1.0,False,False,0.056,-0.153,0.95,0.87,0.74,False,3,0.367,-0.645,0.365,False,False,False,0.98,False,False,False,NONE,False,3,0.296,0.295,1.4,54.7,16,5,0.803,True,False,0.72,0.442,2,1.3,0.46,0.0,True,False,False,False,monthly,unknown,unknown,ord_scan_monthly.csv,16.0
OSW,13,4,6,25.21,False,False,,,,,,False,,False,True,0.15,0.77,True,True,0.523,0.936,1.01,1.24,0.98,False,2,1.29,0.25,0.772,True,True,False,0.06,False,False,False,NONE,False,0,0.021,0.246,0.1,19.01,46,11,0.93,True,False,0.2,0.961,4,1.3,0.54,0.43,True,False,False,False,monthly,unknown,unknown,ord_scan_monthly.csv,16.0
FBNC,2,1,1,57.79,False,False,,,,,,False,,False,False,0.33,0.99,True,False,0.002,0.201,1.01,0.9,0.93,False,5,0.482,-0.311,-0.085,False,False,False,0.35,False,False,False,NONE,False,0,0.073,0.104,0.8,51.81,23,43,0.766,False,False,0.19,0.694,2,1.8,0.38,0.5,False,False,False,False,weekly,unknown,unknown,ord_scan_weekly.csv,16.0
CBRL,5,3,2,31.09,False,False,,,,,,False,,False,True,0.41,1.16,False,False,0.041,-0.063,0.84,0.78,0.86,False,1,-1.035,-0.629,-0.027,False,True,False,0.37,False,False,False,NONE,False,7,0.558,0.16,7.9,26.13,10,17,0.558,False,False,0.46,0.558,2,3.3,0.46,0.0,False,False,False,False,weekly,unknown,unknown,ord_scan_weekly.csv,16.0
GTY,7,2,5,33.11,False,False,,,,,,False,,False,False,0.93,0.88,True,True,0.126,0.247,0.99,0.85,0.95,False,10,-0.461,-0.351,0.565,False,False,False,0.98,False,False,False,NONE,False,0,0.047,0.06,0.8,31.11,31,94,0.852,True,False,0.89,0.812,1,1.5,0.46,0.29,True,False,False,False,weekly,unknown,unknown,ord_scan_weekly.csv,16.0
PI,5,2,0,147.21,False,False,,,,,,False,,False,False,0.16,0.95,True,False,0.598,0.146,1.12,0.93,0.6,False,1,1.982,1.841,4.586,True,False,False,0.25,False,False,False,NONE,False,2,0.404,0.407,1.7,87.36,18,1,0.754,False,False,0.56,0.464,2,1.4,0.46,1.0,True,False,False,False,monthly,unknown,unknown,ord_scan_monthly.csv,16.0
NSA,5,2,3,42.49,False,False,,,,,,False,,False,False,0.57,1.31,True,False,0.229,0.251,1.25,1.39,0.97,False,2,-0.417,1.078,0.609,False,False,False,0.83,False,False,False,NONE,False,2,0.219,0.378,0.7,26.45,37,2,0.892,True,False,0.27,0.908,2,1.0,0.46,0.5,True,False,False,False,monthly,unknown,unknown,ord_scan_monthly.csv,16.0
ACMR,9,1,5,52.15,False,False,,,,,,False,,False,False,0.63,0.84,True,True,1.678,0.79,1.6,0.77,0.73,False,1,1.418,8.309,4.889,True,False,True,0.62,False,False,False,NONE,False,2,0.272,0.558,0.7,23.03,17,1,0.735,False,False,0.51,0.663,3,0.8,0.54,0.6,True,False,False,False,monthly,unknown,unknown,ord_scan_monthly.csv,16.0
SFBS,5,3,2,79.91,False,False,,,,,,False,,True,False,0.17,0.8,True,False,0.148,0.253,0.89,1.07,0.81,False,3,-0.295,2.35,-0.596,False,False,True,0.56,False,False,False,NONE,False,6,0.19,0.168,1.4,66.5,20,17,0.505,False,False,0.17,0.56,2,3.0,0.38,0.0,False,False,False,False,monthly,unknown,unknown,ord_scan_monthly.csv,16.0
UMBF,4,2,2,129.24,False,False,,,,,,False,,False,False,0.42,1.3,True,False,0.02,0.218,1.02,1.27,0.95,False,3,0.474,0.016,-0.483,False,True,False,0.33,False,False,False,NONE,False,0,0.047,0.171,0.3,107.12,41,52,0.862,True,False,0.33,0.807,0,1.6,0.38,1.0,False,True,False,False,weekly,unknown,unknown,ord_scan_weekly.csv,16.0
SLVM,2,0,2,43.65,False,False,,,,,,False,,False,False,0.84,0.88,False,False,-0.233,-0.242,0.83,0.8,0.47,False,2,0.677,-3.039,4.104,False,False,False,0.97,False,False,False,NONE,False,3,0.531,0.166,6.8,36.39,6,3,0.357,False,False,0.72,0.128,2,4.4,0.31,0.0,True,False,False,False,monthly,unknown,unknown,ord_scan_monthly.csv,16.0
WHD,2,1,1,54.79,False,False,NONE,0.9,0.82,False,True,False,,False,False,0.38,0.78,True,False,-0.023,0.248,1.02,0.91,0.93,False,3,1.227,-0.587,-0.252,False,False,False,0.27,False,False,False,NONE,False,1,0.204,0.189,1.4,44.45,15,22,0.775,False,False,0.11,0.786,1,1.9,0.38,0.5,False,False,False,False,weekly,unknown,unknown,ord_scan_weekly.csv,16.0
NWL,4,1,3,4.55,False,False,,,,,,False,,False,False,0.53,1.12,True,False,0.087,0.386,1.32,1.05,0.94,False,1,0.686,-0.406,-1.992,False,False,False,0.39,False,False,False,NONE,False,1,0.585,0.281,5.0,3.27,26,9,0.867,True,False,0.38,0.856,0,1.3,0.46,0.5,True,True,False,False,weekly,unknown,unknown,ord_scan_weekly.csv,16.0
CXW,6,3,3,20.58,False,False,,,,,,False,,True,False,0.15,1.07,True,False,-0.091,0.318,0.75,0.82,0.82,False,3,-2.815,0.946,3.364,False,False,False,0.49,False,False,False,NONE,False,6,0.176,0.235,0.9,15.74,19,8,0.72,False,False,0.39,0.691,3,1.8,0.31,0.0,True,False,False,False,monthly,unknown,unknown,ord_scan_monthly.csv,16.0
ACT,12,6,6,42.6,False,False,,,,,,False,,False,True,0.37,1.22,True,True,0.217,0.428,1.02,0.73,0.96,False,6,0.071,-0.162,2.074,False,True,False,0.45,False,False,False,NONE,False,0,0.044,0.195,0.2,34.27,54,13,0.858,True,True,0.21,0.883,7,1.7,0.31,0.5,True,False,False,False,monthly,unknown,unknown,ord_scan_monthly.csv,16.0
CRS,9,1,5,429.41,False,False,,,,,,False,,False,False,0.45,0.79,True,True,0.352,0.361,1.22,0.96,0.94,False,1,0.894,1.313,0.698,True,False,False,0.6,False,False,False,NONE,False,0,0.064,0.183,0.4,351.04,23,12,0.807,True,False,0.63,0.831,1,2.3,0.54,0.11,True,False,False,False,weekly,unknown,unknown,ord_scan_weekly.csv,16.0
CATY,11,4,7,56.41,False,False,,,,,,False,,False,True,0.32,1.03,True,True,0.11,0.259,1.0,0.85,0.99,False,3,0.328,0.119,-0.307,False,True,False,0.21,False,False,False,NONE,False,0,0.006,0.189,0.0,45.75,59,52,0.979,True,True,0.32,0.972,7,1.1,0.46,0.33,True,False,False,False,weekly,unknown,unknown,ord_scan_weekly.csv,16.0
UE,12,5,7,21.85,False,False,,,,,,False,,False,True,0.14,1.12,True,True,0.257,0.377,0.86,0.88,0.97,False,6,-0.932,0.07,-0.635,False,False,False,0.4,False,False,False,NONE,False,0,0.03,0.172,0.2,18.1,45,13,0.943,True,False,0.24,0.914,4,1.5,0.38,1.0,True,False,False,False,monthly,unknown,unknown,ord_scan_monthly.csv,15.0
COLM,4,0,1,62.35,False,False,NONE,1.11,0.75,False,True,False,,False,False,0.79,0.79,False,False,0.025,-0.201,0.93,0.86,0.69,False,1,0.484,0.524,0.483,True,False,False,0.94,False,False,False,NONE,False,3,0.414,0.247,2.9,46.94,8,7,0.747,False,False,0.55,0.353,2,1.7,0.23,0.0,True,False,False,False,monthly,unknown,unknown,ord_scan_monthly.csv,15.0
PZZA,2,1,1,35.5,False,False,,,,,,False,,False,False,0.38,1.3,False,False,0.023,-0.284,0.89,0.69,0.85,False,3,-0.946,-0.105,-0.445,False,False,False,0.51,False,False,False,NONE,False,4,0.375,0.168,3.6,29.55,7,20,0.47,False,False,0.38,0.281,1,3.3,0.38,0.0,True,False,False,False,weekly,unknown,unknown,ord_scan_weekly.csv,15.0
TDS,7,3,4,45.48,False,False,,,,,,False,,False,False,0.21,1.01,True,True,0.009,0.174,0.93,0.85,0.95,False,6,2.092,0.147,-0.97,False,False,False,0.26,False,False,False,NONE,False,0,0.048,0.109,0.5,40.54,32,44,0.851,True,False,0.12,0.81,0,1.6,0.38,0.67,False,False,False,False,weekly,unknown,unknown,ord_scan_weekly.csv,15.0
KEX,9,1,5,147.22,False,False,,,,,,False,,False,False,0.75,0.86,True,True,0.251,0.423,1.13,1.0,0.93,False,2,0.109,0.365,0.224,True,False,False,0.71,False,False,False,NONE,False,0,0.066,0.193,0.4,118.85,26,17,0.78,False,True,0.79,0.813,7,1.7,0.54,0.43,True,True,False,False,weekly,unknown,unknown,ord_scan_weekly.csv,15.0
HFWA,5,1,4,27.61,False,False,,,,,,False,,False,False,0.52,0.93,True,True,0.08,0.269,0.94,0.96,0.95,False,4,0.206,-0.25,-0.063,False,True,False,0.39,False,False,False,NONE,False,0,0.047,0.115,0.4,24.43,34,54,0.852,True,False,0.27,0.826,1,1.5,0.46,0.5,True,False,False,False,weekly,unknown,unknown,ord_scan_weekly.csv,15.0
ENR,1,0,1,19.68,False,False,,,,,,False,,False,False,1.0,1.05,False,False,-0.232,-0.268,0.81,1.08,0.53,False,1,-1.865,-0.552,-0.188,False,False,False,1.0,False,False,False,NONE,False,3,0.608,0.187,8.3,16.0,3,3,0.448,False,False,0.97,0.174,3,3.5,0.38,0.0,True,False,False,False,monthly,unknown,unknown,ord_scan_monthly.csv,15.0
ALK,0,0,0,38.55,False,False,,,,,,False,,False,False,0.71,0.88,False,False,-0.129,-0.103,0.9,1.09,0.49,False,1,0.389,0.969,-0.497,False,False,False,0.87,False,False,False,NONE,False,3,0.509,0.143,7.2,33.03,11,2,0.295,False,False,0.7,0.13,3,5.8,0.31,0.0,True,False,False,False,monthly,unknown,unknown,ord_scan_monthly.csv,15.0
TWO,6,1,5,12.54,False,False,,,,,,False,,True,False,0.54,0.91,True,True,0.251,0.292,1.59,1.41,0.94,False,2,-1.291,1.148,-1.327,False,False,False,0.73,False,False,False,NONE,False,3,0.561,0.327,3.9,8.44,30,2,0.969,True,False,0.43,0.843,2,1.0,0.46,1.0,True,False,False,False,monthly,unknown,unknown,ord_scan_monthly.csv,15.0
CRVL,1,0,1,57.53,False,False,,,,,,False,,False,False,0.89,0.73,False,False,-0.471,-0.344,0.76,1.22,0.45,False,3,0.723,-1.045,2.686,False,False,False,0.97,False,False,False,NONE,False,3,0.553,0.221,5.6,44.83,6,3,0.478,False,False,0.87,0.152,3,3.2,0.15,0.0,True,False,False,False,monthly,unknown,unknown,ord_scan_monthly.csv,15.0
CSW,3,2,1,287.15,False,False,,,,,,False,,False,False,0.38,1.23,True,False,-0.077,0.234,0.99,0.92,0.66,False,2,1.648,-1.108,2.003,False,False,False,0.96,False,False,False,NONE,False,4,0.338,0.2,2.6,229.74,6,7,0.539,False,False,0.48,0.3,2,2.7,0.31,0.0,True,False,False,False,monthly,unknown,unknown,ord_scan_monthly.csv,15.0
APOG,1,0,1,36.3,False,False,NONE,0.96,1.12,False,True,False,,False,False,0.88,0.95,False,False,-0.06,-0.36,0.76,0.98,0.43,False,2,0.113,-0.335,1.353,False,False,False,0.92,False,False,False,NONE,False,3,0.574,0.159,8.5,30.53,6,7,0.401,False,False,0.76,0.106,3,4.0,0.23,0.0,True,False,False,False,monthly,unknown,unknown,ord_scan_monthly.csv,15.0
MORN,0,0,0,169.03,False,False,,,,,,False,0.78,False,False,0.91,0.64,False,False,-0.4,-0.443,0.99,1.45,0.47,False,2,-0.568,0.404,0.855,False,False,False,1.0,False,False,False,NONE,False,3,0.531,0.121,9.4,148.64,16,4,0.285,False,False,0.83,0.096,3,6.0,0.31,0.0,True,False,False,False,monthly,unknown,unknown,ord_scan_monthly.csv,15.0
PAYO,1,0,1,5.04,False,False,,,,,,False,,False,False,0.63,0.91,False,False,-0.283,0.037,0.85,1.0,0.45,False,2,1.254,-8.22,2.64,False,False,False,0.9,False,False,False,NONE,False,3,0.652,0.19,9.9,4.08,6,3,0.407,False,False,0.65,0.133,2,3.9,0.38,0.0,True,False,False,False,monthly,unknown,unknown,ord_scan_monthly.csv,15.0
ROG,4,1,3,134.44,False,False,,,,,,False,,False,False,0.77,1.09,True,False,1.175,0.133,1.11,0.8,0.97,False,1,-0.329,1.803,0.076,False,False,False,0.64,False,False,False,NONE,False,2,0.51,0.545,1.9,61.17,43,3,0.915,True,True,0.78,0.96,6,0.6,0.46,0.25,True,False,False,False,monthly,unknown,unknown,ord_scan_monthly.csv,15.0
INSW,8,1,7,85.14,False,False,,,,,,False,,False,False,0.92,0.97,True,True,1.715,0.998,1.54,0.72,1.0,False,2,-2.545,3.221,4.649,False,False,False,0.82,True,False,False,NONE,False,0,0.003,0.57,0.0,36.65,39,3,0.992,True,False,0.85,0.996,4,0.6,0.69,0.12,True,False,True,True,monthly,unknown,unknown,ord_scan_monthly.csv,15.0
FDP,8,2,6,41.34,False,False,,,,,,False,,False,False,0.36,1.32,True,True,0.256,0.727,0.98,0.68,0.96,False,4,-0.474,-0.44,0.948,False,True,False,0.1,False,False,False,NONE,False,0,0.061,0.24,0.3,31.42,45,13,0.873,True,False,0.33,0.917,4,1.6,0.46,0.75,True,False,False,False,monthly,unknown,unknown,ord_scan_monthly.csv,15.0
AN,8,3,5,210.0,False,False,,,,,,False,,True,False,0.21,1.04,True,True,0.206,0.268,0.9,0.79,0.92,False,3,3.766,-0.812,1.467,False,True,False,0.1,False,False,False,NONE,False,5,0.083,0.142,0.6,180.28,28,13,0.765,False,False,0.16,0.765,2,2.7,0.38,0.5,False,False,False,False,monthly,unknown,unknown,ord_scan_monthly.csv,15.0
QTWO,0,0,0,51.23,False,False,,,,,,False,,False,False,0.95,0.88,False,False,-0.164,-0.17,1.12,1.01,0.67,False,1,0.542,-0.205,-1.276,False,False,False,0.96,False,False,False,NONE,False,3,0.546,0.128,9.4,44.65,12,13,0.266,False,False,0.66,0.208,1,6.5,0.31,0.0,True,False,False,False,weekly,unknown,unknown,ord_scan_weekly.csv,15.0
KN,8,1,7,31.65,False,False,,,,,,False,,False,False,0.95,0.99,True,True,1.011,0.966,1.4,0.86,0.99,False,1,-1.462,0.218,-1.132,False,False,True,0.72,True,False,False,NONE,False,0,0.009,0.391,0.0,19.29,41,4,0.971,True,False,0.95,0.985,2,0.9,0.62,0.71,True,False,True,True,monthly,unknown,unknown,ord_scan_monthly.csv,15.0
CWK,1,0,1,14.11,False,False,,,,,,False,,False,False,0.69,0.84,False,False,-0.142,-0.101,0.88,0.78,0.81,False,2,1.546,-0.618,-1.426,False,False,False,0.8,False,False,False,NONE,False,3,0.189,0.174,1.3,11.65,3,11,0.501,False,False,0.46,0.436,1,3.1,0.38,0.0,True,False,False,False,weekly,unknown,unknown,ord_scan_weekly.csv,15.0
RS,5,1,4,365.85,False,False,,,,,,False,,False,False,0.76,0.88,True,False,0.115,0.306,1.13,0.91,0.99,False,1,0.053,-0.14,0.655,False,False,False,0.57,False,False,False,NONE,False,0,0.006,0.21,0.0,289.08,56,27,0.978,True,True,0.64,0.978,6,1.1,0.46,1.0,True,False,False,False,weekly,unknown,unknown,ord_scan_weekly.csv,15.0
PRK,9,5,4,173.26,False,False,,,,,,False,,True,False,0.15,0.94,True,True,0.195,0.358,0.88,1.06,0.87,False,12,-0.78,-0.68,1.536,False,False,True,0.53,False,False,False,NONE,False,7,0.125,0.155,0.9,146.34,23,18,0.617,False,False,0.47,0.699,2,2.2,0.46,0.5,False,False,False,False,monthly,unknown,unknown,ord_scan_monthly.csv,15.0
NPK,6,1,5,141.68,False,False,,,,,,False,,False,False,0.96,0.97,True,True,0.692,0.72,1.17,1.15,0.95,False,3,-1.663,0.15,1.377,False,False,True,0.73,False,False,False,NONE,False,0,0.054,0.36,0.2,90.62,50,4,0.824,True,True,0.94,0.901,5,1.1,0.62,0.86,True,False,False,False,monthly,unknown,unknown,ord_scan_monthly.csv,15.0
CRBG,0,0,0,27.52,False,False,,,,,,False,,False,False,0.92,1.03,False,False,-0.098,-0.139,1.09,1.15,0.85,False,2,0.345,-0.018,-0.47,False,False,False,0.91,False,False,False,NONE,False,3,0.228,0.198,1.5,22.08,5,10,0.574,False,True,0.61,0.533,5,2.5,0.31,0.0,True,False,False,False,weekly,unknown,unknown,ord_scan_weekly.csv,15.0
PLXS,9,2,7,264.6,False,False,,,,,,False,,False,False,1.0,1.4,True,True,0.327,0.891,1.38,1.16,0.97,True,1,0.42,-0.387,0.787,False,False,False,1.0,True,False,False,NONE,False,0,0.027,0.32,0.1,180.0,48,4,0.91,True,False,1.0,0.947,0,1.1,0.46,0.86,True,True,True,True,weekly,unknown,unknown,ord_scan_weekly.csv,15.0
KRG,11,4,7,26.34,False,False,,,,,,False,,False,True,0.27,0.83,True,True,0.302,0.36,0.98,0.87,0.99,False,5,-0.143,-0.057,-0.636,False,False,False,0.53,False,False,False,NONE,False,0,0.008,0.24,0.0,20.01,53,13,0.978,True,True,0.33,0.978,7,1.5,0.46,0.83,True,False,False,False,monthly,unknown,unknown,ord_scan_monthly.csv,15.0
MSM,9,4,5,102.63,False,False,,,,,,False,,False,True,0.39,0.85,True,True,0.413,0.158,1.13,0.95,0.99,False,2,-0.864,0.473,1.359,False,True,False,0.02,False,False,False,NONE,False,0,0.014,0.247,0.1,77.24,39,12,0.956,True,False,0.37,0.963,4,1.3,0.69,0.4,True,False,True,False,monthly,unknown,unknown,ord_scan_monthly.csv,15.0
OFG,9,3,6,45.74,False,False,NONE,1.22,0.98,False,True,False,,True,False,0.01,0.98,True,True,0.189,0.313,0.91,0.92,0.98,False,2,1.153,-1.065,2.745,False,True,False,0.08,False,False,False,NONE,False,0,0.024,0.226,0.1,35.4,46,13,0.923,True,False,0.04,0.927,2,1.5,0.38,0.0,True,False,False,False,monthly,unknown,unknown,ord_scan_monthly.csv,15.0
CHDN,0,0,0,98.65,False,False,,,,,,False,,False,False,0.63,1.12,False,False,0.095,-0.197,0.94,1.13,0.66,False,2,-0.129,-0.139,1.247,False,False,False,0.92,False,False,False,NONE,False,6,0.339,0.187,2.7,80.24,3,4,0.514,False,False,0.7,0.267,2,2.9,0.38,0.0,True,False,False,False,monthly,unknown,unknown,ord_scan_monthly.csv,15.0
HTH,11,5,6,38.03,False,False,,,,,,False,,False,True,0.55,0.96,True,True,0.317,0.269,0.97,0.81,0.95,False,6,-1.179,-0.026,0.202,False,True,False,0.04,False,False,False,NONE,False,1,0.054,0.245,0.2,28.73,35,13,0.839,True,False,0.31,0.848,2,1.6,0.46,0.75,True,False,False,False,monthly,unknown,unknown,ord_scan_monthly.csv,15.0
EAT,5,1,4,148.14,False,False,,,,,,False,,True,False,0.34,1.06,True,False,0.103,1.982,0.79,0.75,0.77,False,1,0.389,-0.241,1.839,False,True,False,0.57,False,False,False,NONE,False,6,0.229,0.323,0.9,100.3,12,6,0.638,False,False,0.78,0.704,1,2.1,0.31,0.0,True,False,False,False,monthly,unknown,unknown,ord_scan_monthly.csv,15.0
TEX,5,1,4,61.87,False,False,NONE,1.08,1.14,False,True,False,,False,False,0.36,1.16,True,True,0.088,0.353,1.19,0.76,0.87,False,2,0.652,-0.332,-0.191,False,True,False,0.38,False,False,False,NONE,False,2,0.132,0.123,1.2,54.29,18,20,0.586,False,False,0.29,0.682,0,3.0,0.46,1.0,False,False,False,False,weekly,unknown,unknown,ord_scan_weekly.csv,15.0
PTGX,9,5,4,98.37,False,False,,,,,,False,,False,True,0.15,1.24,True,True,0.203,0.251,1.07,0.91,0.91,False,4,-0.465,1.856,0.649,False,False,False,0.3,False,False,False,NONE,False,2,0.088,0.217,0.4,77.0,29,25,0.708,False,False,0.03,0.708,1,2.0,0.31,0.6,True,False,False,False,weekly,unknown,unknown,ord_scan_weekly.csv,15.0
TPH,8,2,6,46.86,False,False,,,,,,False,,False,False,0.77,1.29,True,True,0.524,0.212,0.84,1.64,1.0,False,3,-0.509,0.231,-0.031,False,False,False,0.7,False,False,False,NONE,False,0,0.019,0.355,0.1,30.22,41,3,0.991,True,False,0.18,0.954,4,0.9,0.46,1.0,True,False,False,False,monthly,unknown,unknown,ord_scan_monthly.csv,15.0
VSH,8,4,4,29.58,False,False,,,,,,False,,False,True,0.76,0.95,True,False,1.337,0.373,1.41,1.02,1.0,False,1,-0.219,1.96,-0.587,False,False,True,0.59,True,False,False,NONE,False,0,0.003,0.607,0.0,11.62,44,1,0.992,True,False,0.78,0.995,2,0.7,0.62,0.75,True,False,True,False,monthly,unknown,unknown,ord_scan_monthly.csv,15.0
AM,3,1,2,21.7,False,False,,,,,,False,1.28,False,False,0.97,0.99,True,False,0.179,0.286,1.22,0.98,0.92,False,3,-0.079,0.257,0.685,False,False,False,0.98,False,False,False,NONE,False,1,0.08,0.07,1.2,20.19,22,39,0.744,False,False,0.99,0.73,1,1.8,0.54,0.71,True,False,False,False,weekly,unknown,unknown,ord_scan_weekly.csv,15.0
ZD,0,0,0,46.1,False,False,NONE,0.89,0.25,False,True,False,,False,False,0.76,1.11,False,False,0.561,-0.269,1.39,1.25,0.76,False,2,-0.115,0.008,2.953,False,False,False,0.81,False,False,False,NONE,False,4,0.659,0.513,3.8,22.45,21,2,0.818,True,False,0.78,0.577,3,1.2,0.46,1.0,True,False,False,False,monthly,unknown,unknown,ord_scan_monthly.csv,15.0
HAFC,7,2,5,30.17,False,False,,,,,,False,,False,False,0.22,0.94,True,True,0.378,1.084,0.96,1.15,0.96,False,2,0.653,0.45,-1.105,False,True,False,0.01,True,False,False,NONE,False,0,0.037,0.294,0.1,21.3,36,9,0.884,True,False,0.36,0.936,2,1.3,0.54,0.5,True,False,True,True,monthly,unknown,unknown,ord_scan_monthly.csv,15.0
PVH,2,1,1,91.64,False,False,,,,,,False,,False,False,0.35,0.93,True,False,0.331,-0.346,0.88,0.81,0.81,False,1,0.542,-1.158,0.856,False,False,False,0.7,False,False,False,NONE,False,1,0.452,0.35,2.4,59.57,15,1,0.725,False,False,0.24,0.399,2,1.2,0.46,1.0,True,False,False,False,monthly,unknown,unknown,ord_scan_monthly.csv,15.0
APG,4,1,3,45.94,False,False,,,,,,False,,False,False,0.42,0.91,True,True,0.105,0.248,1.29,1.21,0.92,False,2,0.512,-0.046,0.386,False,True,False,0.35,False,False,False,NONE,False,1,0.081,0.155,0.6,38.83,18,25,0.732,False,False,0.39,0.732,0,1.9,0.46,0.67,True,True,False,False,weekly,unknown,unknown,ord_scan_weekly.csv,15.0
SAIC,2,0,2,95.91,False,False,,,,,,False,,False,False,0.78,1.12,False,False,-0.194,-0.243,0.76,0.88,0.63,False,3,-1.687,0.126,1.603,False,False,False,0.97,False,False,False,NONE,False,4,0.374,0.158,3.8,80.76,6,8,0.414,False,False,0.72,0.209,3,3.8,0.23,0.0,True,False,False,False,monthly,unknown,unknown,ord_scan_monthly.csv,15.0
MTX,8,1,7,75.96,False,False,,,,,,False,,False,False,0.57,1.0,True,True,0.157,0.344,1.05,0.88,0.99,False,3,-0.291,0.07,-0.296,False,False,False,0.7,False,False,False,NONE,False,0,0.149,0.146,1.2,64.86,38,26,0.967,True,False,0.47,0.966,0,1.1,0.38,0.33,True,True,False,False,weekly,unknown,unknown,ord_scan_weekly.csv,15.0
HOG,1,0,1,24.48,False,False,,,,,,False,,False,False,0.52,1.01,False,False,0.127,-0.407,0.72,1.25,0.67,False,1,0.711,-1.076,0.771,False,False,False,0.9,False,False,False,NONE,False,2,0.489,0.309,3.1,16.91,18,2,0.974,True,False,0.62,0.306,2,1.1,0.31,0.0,True,False,False,False,monthly,unknown,unknown,ord_scan_monthly.csv,15.0
LECO,3,1,2,266.25,False,False,,,,,,False,,False,False,0.55,0.98,True,True,0.531,0.076,1.23,0.94,0.86,False,2,0.138,-0.019,1.889,False,True,False,0.23,False,False,False,NONE,False,4,0.138,0.193,0.8,214.82,8,6,0.546,False,False,0.59,0.715,1,2.7,0.54,0.4,True,False,False,False,monthly,unknown,unknown,ord_scan_monthly.csv,15.0
OXM,7,5,2,42.53,False,False,,,,,,False,,False,True,0.7,1.33,True,False,0.172,0.192,1.04,0.88,0.89,False,1,-0.039,-0.753,-0.108,False,True,False,0.62,False,False,False,NONE,False,5,0.576,0.273,5.0,30.93,11,5,0.677,False,False,0.81,0.708,1,1.9,0.38,0.0,True,False,False,False,weekly,unknown,unknown,ord_scan_weekly.csv,14.0
AIT,14,4,7,302.99,False,False,,,,,,False,,True,False,0.18,1.34,True,True,0.255,0.556,1.04,0.83,0.98,False,2,0.029,0.642,1.353,True,True,False,0.08,False,False,False,NONE,False,1,0.022,0.216,0.1,237.47,48,12,0.931,True,False,0.23,0.95,2,1.3,0.46,0.33,True,False,False,False,monthly,unknown,unknown,ord_scan_monthly.csv,14.0
WBS,9,1,8,72.22,False,False,,,,,,False,,False,False,0.53,1.06,True,True,0.57,0.509,0.65,1.8,0.98,False,5,0.892,0.231,-0.122,False,True,False,0.35,False,False,False,NONE,False,0,0.023,0.279,0.1,52.04,40,11,0.932,True,True,0.6,0.954,7,1.3,0.54,0.33,True,False,False,False,monthly,unknown,unknown,ord_scan_monthly.csv,14.0
HMN,10,4,6,45.97,False,False,,,,,,False,,False,False,0.16,1.05,True,True,0.142,0.344,0.91,0.84,0.97,False,12,-0.394,-0.464,0.507,False,True,False,0.08,False,False,False,NONE,False,0,0.033,0.149,0.2,39.11,38,19,0.894,True,False,0.28,0.91,2,1.5,0.54,0.5,True,False,False,False,monthly,unknown,unknown,ord_scan_monthly.csv,14.0
FBRT,3,3,0,9.29,False,False,,,,,,False,,False,True,0.7,0.68,False,False,-0.077,-0.096,1.12,1.33,0.8,False,3,-2.873,-0.173,0.863,False,False,False,1.0,False,False,False,NONE,False,3,0.204,0.134,1.9,8.05,10,14,0.342,False,False,0.51,0.342,2,4.8,0.38,0.0,True,False,False,False,monthly,unknown,unknown,ord_scan_monthly.csv,14.0
NOV,6,1,5,19.86,False,False,,,,,,False,,False,False,0.44,1.02,True,True,0.088,0.373,1.08,1.09,0.95,False,4,0.643,-0.668,0.347,False,False,False,0.41,False,False,False,NONE,False,0,0.051,0.103,0.5,17.82,28,22,0.832,True,False,0.34,0.842,2,1.5,0.54,0.6,True,False,False,False,weekly,unknown,unknown,ord_scan_weekly.csv,14.0
SBCF,8,4,4,31.31,False,False,,,,,,False,,False,True,0.25,1.12,True,True,0.354,0.31,1.01,1.11,0.89,False,3,-0.233,-0.812,0.187,False,True,False,0.01,False,False,False,NONE,False,2,0.136,0.146,1.1,26.73,20,11,0.65,False,False,0.43,0.724,2,3.3,0.31,1.0,True,False,False,False,monthly,unknown,unknown,ord_scan_monthly.csv,14.0
AIN,3,1,2,58.27,False,False,,,,,,False,,False,False,0.51,0.84,True,False,0.056,0.041,1.06,0.82,0.97,False,3,0.102,-1.08,0.106,False,True,False,0.44,False,False,False,NONE,False,4,0.372,0.171,3.5,48.29,25,23,0.897,True,False,0.33,0.897,0,1.5,0.46,0.33,False,False,False,False,weekly,unknown,unknown,ord_scan_weekly.csv,14.0
UTHR,12,3,6,570.4,False,False,,,,,,False,,False,False,0.85,1.52,True,True,0.882,1.483,1.13,0.78,0.94,False,2,0.273,2.468,1.928,True,False,False,0.71,False,False,False,NONE,False,0,0.062,0.504,0.1,283.01,39,7,0.811,True,False,0.62,0.903,4,0.8,0.46,0.5,True,False,False,False,monthly,unknown,unknown,ord_scan_monthly.csv,14.0
SWX,9,3,6,93.2,False,False,,,,,,False,,False,False,0.66,1.21,True,True,0.133,0.19,1.01,0.8,0.99,False,6,-0.035,-0.092,0.085,False,False,False,0.66,False,False,False,NONE,False,0,0.013,0.127,0.1,81.32,45,49,0.957,True,False,0.46,0.934,1,1.2,0.62,0.57,True,False,False,False,weekly,unknown,unknown,ord_scan_weekly.csv,14.0
IAC,10,4,6,44.97,False,False,,,,,,False,,False,True,0.48,0.86,True,True,0.217,0.396,0.97,0.99,0.98,False,2,-0.304,-0.331,-0.832,False,False,False,0.26,False,False,False,NONE,False,0,0.06,0.224,0.3,34.91,44,23,0.941,True,True,0.52,0.948,7,1.2,0.46,0.33,True,False,False,False,weekly,unknown,unknown,ord_scan_weekly.csv,14.0
LGIH,2,1,1,48.53,False,False,,,,,,False,,False,False,0.92,1.21,False,False,-0.032,0.189,0.86,1.04,0.76,False,1,0.053,-0.65,-0.968,False,False,False,0.9,False,False,False,NONE,False,5,0.614,0.309,5.2,33.55,16,5,0.853,True,False,0.95,0.498,3,1.2,0.31,0.0,True,False,False,False,weekly,unknown,unknown,ord_scan_weekly.csv,14.0
GATX,10,2,5,196.35,False,False,NONE,1.07,1.01,False,True,False,,False,False,0.22,0.98,True,True,0.365,0.511,1.18,0.93,0.96,False,1,0.376,0.375,0.022,True,True,False,0.14,False,False,False,NONE,False,0,0.045,0.253,0.2,146.61,41,12,0.857,True,False,0.3,0.894,2,1.5,0.54,0.8,True,False,False,False,monthly,unknown,unknown,ord_scan_monthly.csv,14.0
MDU,10,4,6,22.6,False,False,,,,,,False,,False,True,0.55,0.84,True,True,0.109,0.195,1.07,0.8,0.99,False,5,0.248,-0.175,0.244,False,False,True,0.48,False,False,False,NONE,False,0,0.007,0.132,0.1,19.62,48,32,0.979,True,False,0.43,0.963,1,1.2,0.69,0.57,True,False,False,False,weekly,unknown,unknown,ord_scan_weekly.csv,14.0
BTU,3,2,1,26.53,False,False,,,,,,False,,False,False,0.56,1.38,True,False,1.18,0.125,1.36,0.7,0.64,False,1,4.274,-2.652,0.166,False,False,False,0.45,False,False,False,NONE,False,1,0.365,0.425,1.3,15.25,26,2,0.093,True,False,0.56,0.539,2,2.7,0.23,0.67,True,False,False,False,monthly,unknown,unknown,ord_scan_monthly.csv,14.0
BFH,6,1,5,85.34,False,False,,,,,,False,,False,False,0.47,0.8,True,True,0.824,1.364,1.16,0.87,0.86,False,1,2.795,-0.166,-0.522,False,True,False,0.28,True,False,False,NONE,False,4,0.559,0.373,3.4,53.48,8,2,0.549,False,False,0.72,0.797,2,1.4,0.38,0.33,True,False,True,True,monthly,unknown,unknown,ord_scan_monthly.csv,14.0
KWR,1,1,0,142.43,False,False,,,,,,False,,False,False,0.9,1.16,True,False,-0.07,0.033,0.99,1.21,0.78,False,2,-0.0,-0.338,-0.592,False,False,False,1.0,False,False,False,NONE,False,5,0.256,0.215,1.6,111.74,6,9,0.48,False,False,0.93,0.435,1,3.2,0.46,0.33,True,False,False,False,weekly,unknown,unknown,ord_scan_weekly.csv,14.0
IOSP,1,0,1,76.83,False,False,NONE,1.21,0.95,True,True,False,1.32,False,False,0.5,0.78,False,False,-0.123,-0.383,0.81,0.92,0.62,False,3,0.81,-0.463,1.3,False,False,False,0.73,False,False,False,NONE,False,2,0.408,0.147,4.7,65.51,6,12,0.404,False,False,0.44,0.176,2,3.9,0.46,0.0,True,False,False,False,monthly,unknown,unknown,ord_scan_monthly.csv,14.0
VNO,5,4,1,30.2,False,False,,,,,,False,,False,True,0.56,0.89,True,False,-0.125,0.091,0.73,1.06,0.67,False,2,0.301,-0.274,-0.059,False,False,False,0.93,False,False,False,NONE,False,2,0.462,0.186,4.6,24.57,6,5,0.476,False,False,0.6,0.37,2,3.2,0.31,0.0,True,False,False,False,monthly,unknown,unknown,ord_scan_monthly.csv,14.0
BC,1,1,0,79.42,False,False,,,,,,False,,False,False,0.56,1.02,True,False,0.77,-0.136,1.08,0.95,0.88,False,2,1.368,-0.257,0.476,False,False,False,0.5,False,False,False,NONE,False,3,0.253,0.312,1.1,54.61,9,6,0.669,False,False,0.6,0.76,2,1.7,0.46,0.67,True,False,False,False,monthly,unknown,unknown,ord_scan_monthly.csv,14.0
NPK,6,1,5,141.68,False,False,,,,,,False,,False,False,0.88,0.78,True,True,0.12,0.334,1.11,1.02,0.95,False,4,0.525,-0.669,0.271,False,False,False,0.91,False,False,False,NONE,False,0,0.054,0.13,0.4,123.24,32,17,0.824,True,False,0.95,0.864,1,1.5,0.54,1.0,True,False,False,False,weekly,unknown,unknown,ord_scan_weekly.csv,14.0
GTY,9,4,5,33.11,False,False,,,,,,False,,False,True,0.21,1.08,True,True,0.265,0.401,1.13,1.15,0.95,False,4,-1.396,0.115,1.789,False,False,False,0.43,False,False,False,NONE,False,0,0.047,0.258,0.2,24.58,58,22,0.855,True,True,0.15,0.865,7,1.5,0.46,1.0,True,False,False,False,monthly,unknown,unknown,ord_scan_monthly.csv,14.0
FFBC,7,1,6,30.41,False,False,,,,,,False,,False,False,0.6,1.1,True,True,0.068,0.324,1.01,1.01,0.97,False,4,0.325,0.073,-0.341,False,False,False,0.71,False,False,False,NONE,False,0,0.026,0.143,0.2,26.06,50,52,0.914,True,True,0.39,0.906,7,1.3,0.38,0.33,True,False,False,False,weekly,unknown,unknown,ord_scan_weekly.csv,14.0
DOCN,7,1,6,102.82,False,False,,,,,,False,,False,False,0.91,1.08,True,True,0.861,1.529,1.59,1.33,0.98,False,1,0.756,1.218,-0.644,False,False,False,0.92,True,False,False,NONE,False,0,0.016,0.504,0.0,51.03,38,2,0.949,True,False,0.83,0.975,2,0.7,0.62,0.71,True,False,True,True,weekly,unknown,unknown,ord_scan_weekly.csv,14.0
NJR,11,4,7,56.0,False,False,,,,,,False,,False,True,0.59,1.09,True,True,0.19,0.424,0.96,0.8,0.97,False,4,-1.274,-0.347,1.78,False,False,False,0.56,False,False,False,NONE,False,0,0.029,0.239,0.1,42.63,53,21,0.906,True,True,0.26,0.915,6,1.4,0.54,0.5,True,False,False,False,monthly,unknown,unknown,ord_scan_monthly.csv,14.0
BROS,4,1,3,56.95,False,False,,,,,,False,,True,False,0.32,1.16,True,False,-0.047,0.726,0.69,1.11,0.66,False,2,5.02,-0.913,-1.489,False,False,False,0.42,False,False,False,NONE,False,5,0.344,0.217,2.4,44.58,9,4,0.639,False,False,0.39,0.501,2,2.1,0.38,0.0,True,False,False,False,monthly,unknown,unknown,ord_scan_monthly.csv,14.0
DEA,3,1,2,23.56,False,False,,,,,,False,,False,False,0.69,0.67,False,False,0.269,-0.008,0.83,0.68,0.74,False,6,-2.428,0.482,-0.639,False,False,False,0.81,False,False,False,NONE,False,5,0.522,0.162,6.7,19.74,4,14,0.717,False,False,0.76,0.407,2,1.8,0.46,0.0,False,False,False,False,monthly,unknown,unknown,ord_scan_monthly.csv,14.0
RNST,8,3,5,39.82,False,False,,,,,,False,,True,False,0.1,0.95,True,True,0.273,0.348,0.96,0.94,0.95,False,3,-0.969,-0.294,1.459,False,True,False,0.2,False,False,False,NONE,False,0,0.048,0.181,0.3,32.62,42,13,0.87,True,False,0.4,0.87,2,2.0,0.46,0.5,True,False,False,False,monthly,unknown,unknown,ord_scan_monthly.csv,14.0
PR,13,4,6,22.1,False,False,,,,,,False,,False,True,0.46,1.04,True,True,0.951,0.38,1.22,1.01,1.0,False,2,3.886,1.956,5.527,True,False,True,0.4,False,False,False,NONE,False,0,0.0,0.471,0.0,11.69,45,3,0.999,True,False,0.36,0.999,4,0.7,0.62,0.6,True,False,False,False,monthly,unknown,unknown,ord_scan_monthly.csv,14.0
MTRN,6,1,5,188.22,False,False,,,,,,False,,False,False,0.87,0.91,True,True,1.279,0.443,1.58,1.18,0.97,False,1,0.463,1.981,-0.717,False,False,False,0.76,True,False,False,NONE,False,0,0.031,0.463,0.1,101.11,38,2,0.906,True,False,0.8,0.952,2,0.8,0.62,1.0,True,False,True,True,monthly,unknown,unknown,ord_scan_monthly.csv,14.0
LGIH,0,0,0,48.53,False,False,,,,,,False,,False,False,0.89,1.06,False,False,-0.111,-0.583,0.87,1.12,0.4,False,1,-1.126,0.747,2.344,False,False,False,0.96,False,False,False,NONE,False,5,0.742,0.309,9.3,33.55,16,2,0.864,True,False,0.86,0.162,2,1.3,0.23,0.0,True,False,False,False,monthly,unknown,unknown,ord_scan_monthly.csv,14.0
SABR,2,1,1,1.85,False,False,,,,,,False,,False,False,0.65,1.46,False,False,0.423,-0.095,0.89,0.49,0.92,False,1,0.745,-1.914,-0.261,False,False,False,0.62,False,False,False,NONE,False,2,0.6,0.562,2.7,0.81,23,3,0.738,False,True,0.89,0.832,6,0.7,0.23,0.5,True,False,False,False,weekly,unknown,unknown,ord_scan_weekly.csv,14.0
NWBI,9,3,6,13.94,False,False,NONE,1.57,1.07,False,True,False,,True,False,0.25,1.04,True,True,0.205,0.36,0.88,1.18,0.98,False,4,0.126,-1.066,1.355,False,False,True,0.46,False,False,False,NONE,False,0,0.022,0.222,0.1,10.84,48,23,0.934,True,False,0.33,0.937,2,1.3,0.54,1.0,True,False,False,False,monthly,unknown,unknown,ord_scan_monthly.csv,14.0
ANDE,11,1,7,79.12,False,False,,,,,,False,,False,False,0.87,1.01,True,True,1.143,0.431,1.2,0.82,0.99,False,2,0.426,1.057,0.498,True,False,False,0.75,False,False,False,NONE,False,0,0.006,0.602,0.0,31.48,48,4,0.983,True,True,0.72,0.99,9,0.6,0.69,0.29,True,False,False,False,monthly,unknown,unknown,ord_scan_monthly.csv,14.0
H,5,4,1,163.73,False,False,,,,,,False,,False,True,0.5,0.97,True,False,0.048,0.194,1.24,0.99,0.91,False,2,0.317,-0.132,0.243,False,True,False,0.37,False,False,False,NONE,False,3,0.092,0.16,0.6,137.53,22,49,0.703,False,False,0.41,0.642,2,2.0,0.38,1.0,False,False,False,False,weekly,unknown,unknown,ord_scan_weekly.csv,14.0
EXLS,0,0,0,31.74,False,False,,,,,,False,,False,False,1.0,0.78,False,False,-0.189,-0.188,0.9,1.15,0.72,False,2,-0.251,-0.098,0.264,False,False,False,1.0,False,False,False,NONE,False,2,0.395,0.151,4.3,26.94,11,12,0.368,False,False,0.98,0.283,3,4.4,0.38,1.0,False,False,False,False,weekly,unknown,unknown,ord_scan_weekly.csv,14.0
COCO,6,1,5,66.75,False,False,,,,,,False,,False,False,0.65,0.9,True,True,1.02,1.732,1.44,1.26,0.96,False,1,3.805,-0.935,6.122,False,False,True,0.62,True,False,False,NONE,False,0,0.041,0.524,0.1,31.79,39,1,0.881,True,False,0.57,0.939,2,0.8,0.54,0.75,True,False,True,True,monthly,unknown,unknown,ord_scan_monthly.csv,14.0
KALU,9,4,5,173.72,False,False,,,,,,False,,False,True,0.96,1.18,True,True,1.805,1.104,1.73,1.24,0.96,False,1,0.871,1.073,-0.943,False,False,False,1.0,True,False,False,NONE,False,0,0.038,0.596,0.1,70.1,42,1,0.882,True,False,0.93,0.949,2,0.6,0.69,0.71,True,False,True,True,monthly,unknown,unknown,ord_scan_monthly.csv,14.0
STBA,11,4,7,44.28,False,False,,,,,,False,,True,False,0.19,0.91,True,True,0.259,0.481,0.74,1.12,0.99,False,6,-0.244,-0.399,0.789,False,True,False,0.16,False,False,False,NONE,False,0,0.014,0.237,0.1,33.78,47,13,0.96,True,False,0.3,0.966,2,1.4,0.46,1.0,True,False,False,False,monthly,unknown,unknown,ord_scan_monthly.csv,14.0
KNX,3,1,2,64.0,False,False,,,,,,False,,False,False,0.8,1.17,True,False,0.659,0.2,1.08,0.93,0.94,False,2,-0.83,0.279,1.995,False,False,False,0.73,False,False,False,NONE,False,1,0.055,0.403,0.1,38.21,34,5,0.833,True,False,0.6,0.881,2,1.0,0.46,1.0,True,False,False,False,monthly,unknown,unknown,ord_scan_monthly.csv,14.0
CAKE,4,1,3,60.2,False,False,,,,,,False,,False,False,0.29,0.9,True,True,0.044,0.222,0.94,0.97,0.91,False,2,0.149,0.141,-0.166,False,True,False,0.36,False,False,False,NONE,False,2,0.123,0.123,1.1,52.82,13,20,0.7,False,False,0.46,0.743,0,2.2,0.46,1.0,False,False,False,False,weekly,unknown,unknown,ord_scan_weekly.csv,14.0
EVTC,4,3,1,29.2,False,False,NONE,0.87,0.98,True,True,False,0.94,False,True,0.42,1.18,False,False,-0.136,-0.261,0.84,0.97,0.76,False,3,-0.559,-0.569,-0.532,False,False,False,0.91,False,False,False,NONE,False,4,0.415,0.147,4.8,24.91,12,9,0.339,False,False,0.36,0.293,3,4.9,0.23,0.0,True,False,False,False,monthly,unknown,unknown,ord_scan_monthly.csv,14.0
FULT,6,1,5,21.62,False,False,,,,,,False,,True,False,0.44,0.89,True,True,0.361,0.486,0.86,1.07,0.95,False,5,0.163,-0.971,0.54,False,True,False,0.36,False,False,False,NONE,False,1,0.051,0.254,0.2,16.13,36,12,0.832,True,False,0.64,0.884,2,1.5,0.46,1.0,True,False,False,False,monthly,unknown,unknown,ord_scan_monthly.csv,14.0
RUSHA,13,4,6,72.99,False,False,,,,,,False,,False,True,0.4,1.12,True,True,0.451,0.401,1.28,0.88,0.95,False,2,0.458,0.755,1.185,True,True,False,0.52,False,False,False,NONE,False,1,0.052,0.378,0.1,45.38,34,4,0.831,True,False,0.22,0.892,2,1.0,0.46,0.33,True,False,False,False,monthly,unknown,unknown,ord_scan_monthly.csv,14.0
ARR,4,1,3,17.73,False,False,,,,,,False,,False,False,0.33,0.85,True,False,0.062,0.187,0.86,0.88,0.97,False,4,-0.027,-0.147,-0.599,False,True,False,0.1,False,False,False,NONE,False,0,0.031,0.16,0.2,14.9,30,31,0.899,True,False,0.3,0.837,0,1.3,0.62,0.0,False,False,False,False,weekly,unknown,unknown,ord_scan_weekly.csv,14.0
WSO,3,1,2,428.57,False,False,,,,,,False,,False,False,0.85,0.85,True,False,0.118,0.183,1.31,1.21,0.93,False,2,0.085,-0.009,0.1,False,False,False,0.75,False,False,False,NONE,False,3,0.218,0.213,1.3,337.31,13,23,0.784,False,False,0.81,0.784,0,1.7,0.46,0.67,True,False,False,False,weekly,unknown,unknown,ord_scan_weekly.csv,14.0
SHC,1,1,0,15.5,False,False,,,,,,False,,False,False,0.67,1.03,True,False,-0.145,-0.066,1.09,1.19,0.78,False,3,1.634,-0.485,-1.141,False,False,False,0.58,False,False,False,NONE,False,3,0.219,0.155,1.8,13.09,3,12,0.433,False,False,0.61,0.357,1,3.6,0.31,0.0,True,False,False,False,weekly,unknown,unknown,ord_scan_weekly.csv,14.0
JLL,4,2,2,315.24,False,False,NONE,1.6,1.0,True,True,False,2.33,False,False,0.15,1.03,True,False,0.386,0.616,1.12,1.08,0.87,False,2,2.513,0.045,-1.001,False,True,False,0.01,False,False,False,NONE,False,0,0.132,0.176,0.9,259.83,16,10,0.591,False,False,0.24,0.75,3,3.0,0.54,0.4,True,False,False,False,monthly,unknown,unknown,ord_scan_monthly.csv,14.0
YOU,6,1,5,54.98,False,False,,,,,,False,,False,False,1.0,0.93,True,True,1.271,1.754,1.49,0.76,0.92,False,1,-0.445,0.22,2.926,False,False,True,0.88,True,False,False,NONE,False,0,0.076,0.491,0.2,27.98,34,3,0.842,True,False,0.79,0.897,3,1.2,0.38,0.4,True,False,True,True,monthly,unknown,unknown,ord_scan_monthly.csv,14.0
DGII,10,4,6,57.51,False,False,,,,,,False,,False,True,0.7,1.06,True,True,1.114,0.801,1.18,1.1,1.0,False,2,-0.171,0.756,0.084,False,False,True,0.5,True,False,False,NONE,False,0,0.002,0.466,0.0,30.69,44,3,0.995,True,False,0.62,0.997,3,0.7,0.54,0.83,True,False,True,True,monthly,unknown,unknown,ord_scan_monthly.csv,14.0
VECO,6,1,5,50.25,False,False,,,,,,False,,False,False,0.71,1.12,True,True,1.687,0.429,1.51,1.06,0.94,False,1,1.681,1.795,-1.272,False,False,False,0.53,True,False,False,NONE,False,0,0.06,0.616,0.1,19.29,33,1,0.841,True,False,0.56,0.913,3,0.7,0.31,0.75,True,False,True,False,monthly,unknown,unknown,ord_scan_monthly.csv,14.0
FRPT,3,1,2,65.15,False,False,,,,,,False,,False,False,0.43,0.87,True,False,-0.065,0.324,0.88,0.9,0.76,False,2,0.01,-0.104,-0.894,False,False,False,0.47,False,False,False,NONE,False,0,0.603,0.197,7.7,52.31,8,6,0.491,False,False,0.54,0.403,2,3.1,0.38,1.0,True,False,False,False,weekly,unknown,unknown,ord_scan_weekly.csv,14.0
LQDT,8,2,6,35.91,False,False,,,,,,False,,False,False,0.14,0.79,True,True,0.13,0.931,0.75,0.56,0.9,False,2,2.434,-1.083,0.629,False,False,False,0.26,False,False,False,NONE,False,0,0.096,0.397,0.3,21.67,33,6,0.988,True,False,0.05,0.834,2,1.0,0.38,0.0,True,False,False,False,monthly,unknown,unknown,ord_scan_monthly.csv,13.0
SLAB,13,4,6,218.24,False,False,,,,,,False,,False,True,0.91,1.11,True,True,1.145,0.519,1.0,1.37,1.0,False,3,0.029,1.076,0.122,True,False,True,0.74,False,False,False,NONE,False,0,0.001,0.471,0.0,115.51,54,3,0.997,True,True,0.82,0.998,6,0.8,0.46,0.5,True,False,False,False,monthly,unknown,unknown,ord_scan_monthly.csv,13.0
PAYO,1,0,1,5.04,False,False,,,,,,False,,False,False,0.52,0.96,False,False,-0.211,-0.13,0.91,0.72,0.77,False,2,0.42,-0.373,-0.824,False,False,False,0.43,False,False,False,NONE,False,3,0.554,0.19,6.5,4.08,3,11,0.407,False,False,0.5,0.391,3,3.9,0.31,0.0,False,False,False,False,weekly,unknown,unknown,ord_scan_weekly.csv,13.0
R,9,1,5,249.99,False,False,,,,,,False,,False,False,0.93,1.02,True,True,0.313,0.491,1.3,1.14,0.97,False,1,0.577,0.183,0.382,True,False,False,0.84,False,False,False,NONE,False,0,0.035,0.258,0.1,185.5,49,21,0.9,True,True,0.83,0.909,4,1.5,0.46,1.0,True,False,False,False,weekly,unknown,unknown,ord_scan_weekly.csv,13.0
PBF,5,1,4,43.0,False,False,,,,,,False,,False,False,0.82,1.19,True,True,0.295,0.278,1.15,0.99,0.82,False,1,1.64,-1.3,1.969,False,False,False,0.87,False,False,False,NONE,False,3,0.176,0.245,0.9,32.45,15,4,0.428,False,False,0.74,0.657,2,2.4,0.62,0.5,True,False,False,False,weekly,unknown,unknown,ord_scan_weekly.csv,13.0
PBI,8,1,7,15.53,False,False,,,,,,False,,False,False,0.79,1.16,True,True,0.848,2.814,1.08,0.9,0.97,False,1,0.5,-0.66,0.001,False,False,False,0.61,True,False,False,NONE,False,0,0.026,0.434,0.1,8.79,42,1,0.917,True,False,0.79,0.966,2,0.8,0.69,0.67,True,False,True,True,monthly,unknown,unknown,ord_scan_monthly.csv,13.0
SWX,11,5,6,93.2,False,False,NONE,1.17,1.11,True,True,False,1.22,False,True,0.53,1.14,True,True,0.332,0.306,0.98,1.18,0.99,False,6,-1.012,-0.359,1.194,False,True,False,0.11,False,False,False,NONE,False,0,0.013,0.205,0.1,74.06,49,12,0.958,True,True,0.45,0.963,4,1.2,0.46,0.64,True,False,False,False,monthly,unknown,unknown,ord_scan_monthly.csv,13.0
STEP,1,0,1,52.74,False,False,,,,,,False,,False,False,1.0,0.75,False,False,-0.249,-0.125,1.07,0.89,0.68,False,1,0.861,-0.111,-0.724,False,False,False,1.0,False,False,False,NONE,False,4,0.318,0.231,2.0,40.58,0,11,0.528,False,False,0.98,0.331,1,2.8,0.31,0.0,False,False,False,False,weekly,unknown,unknown,ord_scan_weekly.csv,13.0
FBP,9,3,6,24.31,False,False,NONE,1.11,1.2,False,True,False,,True,False,0.04,1.0,True,True,0.27,0.471,0.87,1.01,0.99,False,2,0.821,-0.733,0.32,False,True,False,0.01,False,False,False,NONE,False,0,0.008,0.219,0.0,18.99,46,13,0.977,True,False,0.03,0.978,2,1.6,0.54,0.4,True,False,False,False,monthly,unknown,unknown,ord_scan_monthly.csv,13.0
AROC,8,1,7,39.02,False,False,,,,,,False,,False,False,0.43,0.98,True,True,0.713,1.117,1.12,0.9,0.99,False,3,1.372,2.244,-3.054,False,False,True,0.33,True,False,False,NONE,False,0,0.01,0.47,0.0,20.66,39,4,0.974,True,False,0.29,0.984,1,0.8,0.62,0.4,True,False,True,True,monthly,unknown,unknown,ord_scan_monthly.csv,13.0
VSCO,6,1,5,52.36,False,False,,,,,,False,,False,False,0.9,0.76,True,True,1.785,1.702,1.35,0.66,0.78,False,1,6.111,-2.001,-1.329,False,False,False,0.65,False,False,False,NONE,False,0,0.311,0.655,0.7,18.04,9,2,0.457,False,False,0.95,0.727,4,1.0,0.54,0.5,True,False,False,False,monthly,unknown,unknown,ord_scan_monthly.csv,13.0
QNST,5,3,2,13.04,False,False,,,,,,False,,False,True,0.49,0.75,False,False,-0.256,-0.262,0.7,1.09,0.5,False,3,0.406,-0.78,-0.6,False,False,False,0.77,False,False,False,NONE,False,2,0.504,0.211,4.8,10.29,6,4,0.456,False,False,0.36,0.172,3,3.4,0.23,0.0,True,False,False,False,monthly,unknown,unknown,ord_scan_monthly.csv,13.0
ALLY,1,1,0,43.41,False,False,,,,,,False,,False,False,0.52,0.96,True,False,0.041,0.138,1.18,0.99,0.93,False,2,0.874,-0.187,-1.013,False,False,False,0.45,False,False,False,NONE,False,0,0.07,0.178,0.4,35.68,19,49,0.783,False,False,0.36,0.701,1,1.7,0.31,1.0,True,False,False,False,weekly,unknown,unknown,ord_scan_weekly.csv,13.0
WD,0,0,0,51.28,False,False,,,,,,False,,False,False,0.81,0.72,False,False,-0.301,-0.456,0.92,1.11,0.46,False,2,0.26,1.048,-0.187,False,False,False,1.0,False,False,False,NONE,False,3,0.626,0.191,8.8,41.5,3,3,0.411,False,False,0.79,0.139,3,3.9,0.38,0.0,True,False,False,False,monthly,unknown,unknown,ord_scan_monthly.csv,13.0
FRPT,0,0,0,65.15,False,False,,,,,,False,,False,False,0.94,0.78,False,False,-0.114,-0.438,0.89,0.96,0.4,False,1,2.438,0.845,-1.155,False,False,False,1.0,False,False,False,NONE,False,3,0.652,0.282,6.6,46.76,3,2,0.381,False,False,0.6,0.157,2,3.0,0.38,0.0,True,False,False,False,monthly,unknown,unknown,ord_scan_monthly.csv,13.0
NEOG,1,0,1,9.53,False,False,,,,,,False,,False,False,0.9,0.8,False,False,0.887,-0.396,0.97,0.64,0.57,False,2,-0.21,1.087,1.057,False,False,False,0.95,False,False,False,NONE,False,3,0.805,0.522,7.9,4.56,3,4,0.581,False,False,0.91,0.385,3,1.3,0.46,0.0,True,False,False,False,monthly,unknown,unknown,ord_scan_monthly.csv,13.0
TFIN,2,1,1,67.55,False,False,,,,,,False,,False,False,0.59,1.17,True,False,0.265,-0.148,0.8,0.97,0.61,False,2,2.518,0.842,-1.759,False,False,False,0.85,False,False,False,NONE,False,4,0.503,0.313,3.2,46.43,8,4,0.578,False,False,0.64,0.364,2,1.6,0.38,1.0,True,False,False,False,monthly,unknown,unknown,ord_scan_monthly.csv,13.0
NJR,9,3,6,56.0,False,False,,,,,,False,,False,False,0.95,1.24,True,True,0.142,0.289,0.9,0.93,0.97,False,11,-0.765,0.13,0.665,False,False,False,0.87,False,False,False,NONE,False,0,0.029,0.071,0.4,52.05,41,90,0.906,True,False,0.91,0.887,1,1.3,0.54,0.29,True,False,False,False,weekly,unknown,unknown,ord_scan_weekly.csv,13.0
BRX,9,4,5,29.77,False,False,,,,,,False,,False,True,0.22,0.91,True,True,0.263,0.402,0.99,0.99,0.96,False,4,-0.337,-0.197,0.074,False,True,False,0.45,False,False,False,NONE,False,0,0.044,0.19,0.2,24.11,54,13,0.862,True,True,0.25,0.888,5,1.8,0.38,1.0,True,False,False,False,monthly,unknown,unknown,ord_scan_monthly.csv,13.0
PRGS,3,3,0,28.95,False,False,,,,,,False,,False,True,1.0,1.04,False,False,-0.293,-0.321,0.94,1.23,0.61,False,1,-0.65,-0.221,-0.076,False,False,True,0.97,False,False,False,NONE,False,4,0.59,0.177,8.1,23.82,9,6,0.462,False,False,0.99,0.219,1,3.3,0.38,0.0,True,False,False,False,weekly,unknown,unknown,ord_scan_weekly.csv,13.0
ARR,9,4,5,17.73,False,False,NONE,0.88,0.61,False,True,False,,False,True,0.31,0.59,True,True,0.301,0.274,1.07,1.01,0.97,False,4,-1.478,-0.192,-1.073,False,True,False,0.16,False,False,False,NONE,False,3,0.568,0.296,4.4,12.48,34,8,0.902,True,False,0.52,0.923,2,1.2,0.46,0.67,True,False,False,False,monthly,unknown,unknown,ord_scan_monthly.csv,13.0
COKE,9,1,5,203.92,False,False,,,,,,False,,False,False,0.81,1.13,True,True,0.518,1.443,1.33,0.78,0.93,False,2,0.256,0.443,1.434,True,False,False,0.74,False,False,False,NONE,False,0,0.07,0.461,0.2,109.86,24,3,0.782,False,False,0.65,0.89,4,0.9,0.54,0.5,True,False,False,False,monthly,unknown,unknown,ord_scan_monthly.csv,13.0
LSCC,13,4,6,120.96,False,False,,,,,,False,,False,True,0.79,1.17,True,True,1.472,0.546,1.43,0.71,0.96,False,1,1.224,0.732,0.982,True,False,True,0.65,False,False,False,NONE,False,0,0.043,0.616,0.1,46.43,52,2,0.875,True,True,0.73,0.941,6,0.7,0.46,0.2,True,False,False,False,monthly,unknown,unknown,ord_scan_monthly.csv,13.0
HCC,10,5,5,86.12,False,False,,,,,,False,,False,True,0.76,1.3,True,True,0.812,0.435,1.27,0.89,0.82,False,2,4.031,-0.579,2.514,False,False,False,0.64,False,False,False,NONE,True,3,0.181,0.433,0.5,48.87,18,6,0.537,False,False,0.57,0.718,2,1.6,0.62,0.67,True,False,False,False,monthly,unknown,unknown,ord_scan_monthly.csv,13.0
JOE,4,1,3,61.74,False,False,,,,,,False,,False,False,0.65,1.07,True,True,0.475,0.09,1.34,0.78,0.84,False,2,0.101,-0.359,0.44,False,False,False,0.22,False,False,False,NONE,False,5,0.159,0.253,0.7,46.14,8,7,0.573,False,False,0.51,0.654,2,2.5,0.46,0.33,True,False,False,False,monthly,unknown,unknown,ord_scan_monthly.csv,13.0
MANH,0,0,0,140.13,False,False,,,,,,False,,False,False,0.91,0.76,False,False,-0.072,-0.23,0.95,1.06,0.78,False,1,0.032,-0.521,-0.028,False,False,False,0.92,False,False,False,NONE,False,3,0.552,0.15,8.2,119.06,4,13,0.347,False,False,0.78,0.33,3,4.8,0.46,0.0,True,False,False,False,weekly,unknown,unknown,ord_scan_weekly.csv,13.0
MP,6,1,5,66.63,False,False,,,,,,False,,False,False,0.81,0.8,True,True,1.724,3.659,1.09,0.69,0.66,False,1,0.925,11.983,-1.255,False,False,False,0.79,False,False,False,NONE,False,0,0.335,0.333,1.5,44.43,18,1,0.882,True,False,0.81,0.627,2,1.2,0.38,1.0,True,False,False,False,monthly,unknown,unknown,ord_scan_monthly.csv,13.0
CPRI,0,0,0,19.63,False,False,,,,,,False,,False,False,0.64,1.0,False,False,-0.13,-0.054,0.9,0.93,0.73,False,1,-0.263,-0.567,-0.242,False,False,False,0.58,False,False,False,NONE,False,3,0.547,0.148,8.1,16.72,4,13,0.361,False,False,0.62,0.252,1,4.5,0.38,0.0,True,False,False,False,weekly,unknown,unknown,ord_scan_weekly.csv,13.0
PCTY,0,0,0,109.6,False,False,,,,,,False,1.02,False,False,0.94,0.74,False,False,-0.188,-0.224,0.88,1.03,0.71,False,2,0.226,-0.607,-0.678,False,False,False,0.97,False,False,False,NONE,False,3,0.51,0.152,6.9,92.99,3,12,0.364,False,False,0.84,0.268,3,4.5,0.31,0.0,True,False,False,False,weekly,unknown,unknown,ord_scan_weekly.csv,13.0
MOG-A,2,1,1,300.52,False,False,,,,,,False,,False,False,0.87,0.75,True,False,-0.015,0.47,1.17,0.96,0.85,False,1,0.593,-0.014,0.609,False,False,False,0.93,False,False,False,NONE,False,2,0.152,0.06,3.0,282.51,12,16,0.494,False,False,0.9,0.669,1,5.7,0.31,0.25,False,False,False,False,weekly,unknown,unknown,ord_scan_weekly.csv,13.0
SAIA,6,1,5,441.26,False,False,,,,,,False,,False,False,0.52,0.79,True,True,0.318,0.509,1.06,0.97,0.96,False,2,0.997,0.034,-0.304,False,False,False,0.52,False,False,False,NONE,False,0,0.293,0.3,1.4,308.92,31,5,0.878,True,False,0.21,0.92,0,1.2,0.46,0.8,True,False,False,False,weekly,unknown,unknown,ord_scan_weekly.csv,13.0
TRN,6,1,5,36.22,False,False,,,,,,False,,False,False,0.34,1.08,True,True,0.523,0.422,1.16,1.05,0.97,False,1,0.703,0.482,-0.255,False,False,False,0.68,False,False,False,NONE,False,0,0.033,0.387,0.1,22.21,45,4,0.963,True,True,0.26,0.923,4,0.8,0.54,0.5,True,False,True,False,monthly,unknown,unknown,ord_scan_monthly.csv,13.0
CRGY,6,1,5,13.46,False,False,,,,,,False,,False,False,0.94,0.81,True,True,0.392,0.634,1.17,0.99,0.96,False,1,0.522,0.022,-0.484,False,False,False,0.95,False,False,False,NONE,False,0,0.156,0.285,0.6,9.62,31,9,0.873,True,False,0.92,0.913,2,1.3,0.77,0.5,True,False,False,False,weekly,unknown,unknown,ord_scan_weekly.csv,13.0
EGBN,3,1,2,26.13,False,False,,,,,,False,,False,False,0.63,0.95,True,False,0.485,0.199,0.93,0.73,0.87,False,4,-0.478,-0.291,1.876,False,False,False,0.81,False,False,False,NONE,False,2,0.521,0.425,2.6,15.02,14,5,0.701,False,False,0.58,0.735,2,1.2,0.46,1.0,True,False,False,False,monthly,unknown,unknown,ord_scan_monthly.csv,13.0
IDA,9,3,6,147.09,False,False,,,,,,False,,False,False,0.78,1.27,True,True,0.28,0.682,0.99,0.98,0.98,False,8,-0.944,0.048,0.762,False,True,False,0.36,False,False,False,NONE,False,0,0.018,0.18,0.1,120.67,51,15,0.941,True,True,0.71,0.96,5,1.1,0.62,0.67,True,False,False,False,monthly,unknown,unknown,ord_scan_monthly.csv,13.0
NTCT,8,4,4,33.98,False,False,,,,,,False,,False,True,0.39,0.97,True,False,0.617,0.556,0.9,0.92,0.99,False,2,-0.307,0.468,1.08,False,True,False,0.09,False,False,False,NONE,False,0,0.106,0.4,0.3,20.39,44,9,0.966,True,False,0.35,0.972,3,1.1,0.69,1.0,True,False,False,False,monthly,unknown,unknown,ord_scan_monthly.csv,13.0
WWD,3,1,2,362.99,False,False,,,,,,False,,False,False,0.73,1.08,True,False,0.143,0.388,1.25,1.25,0.89,False,1,0.578,-0.204,0.505,False,False,False,0.89,False,False,False,NONE,False,2,0.108,0.067,1.8,338.78,15,22,0.701,False,False,0.8,0.714,2,2.5,0.46,1.0,True,False,False,False,weekly,unknown,unknown,ord_scan_weekly.csv,13.0
CARG,3,1,2,37.04,False,False,,,,,,False,,False,False,0.5,1.11,True,False,0.143,0.055,0.96,0.87,0.94,False,2,-0.37,0.183,0.339,False,False,False,0.69,False,False,False,NONE,False,4,0.104,0.256,0.5,27.57,21,10,0.862,True,False,0.52,0.817,1,1.4,0.38,0.0,True,False,False,False,weekly,unknown,unknown,ord_scan_weekly.csv,13.0
AVNS,5,2,3,24.66,False,False,,,,,,False,,False,False,0.97,1.47,True,False,0.965,0.239,1.27,1.45,1.0,False,1,-2.032,0.865,-1.4,False,False,False,0.86,False,False,False,NONE,False,1,0.662,0.623,3.1,9.3,33,1,0.992,True,False,0.79,0.956,2,0.7,0.38,0.5,True,False,False,False,monthly,unknown,unknown,ord_scan_monthly.csv,13.0
MAC,6,1,5,21.5,False,False,,,,,,False,,False,False,0.34,1.11,True,True,0.146,0.277,1.1,1.21,0.95,False,3,1.012,-0.026,-0.664,False,False,True,0.31,False,False,False,NONE,False,0,0.047,0.175,0.3,17.75,43,23,0.845,True,True,0.12,0.845,2,1.5,0.38,1.0,True,False,False,False,weekly,unknown,unknown,ord_scan_weekly.csv,12.0
CWEN,8,2,6,40.3,False,False,,,,,,False,,False,False,0.69,0.97,True,True,0.128,0.293,1.12,0.89,0.97,False,7,-0.784,0.646,0.344,False,False,False,0.84,False,False,False,NONE,False,0,0.031,0.106,0.3,36.04,44,30,0.909,True,False,0.51,0.879,1,1.4,0.62,0.4,True,True,False,False,weekly,unknown,unknown,ord_scan_weekly.csv,12.0
HXL,6,1,5,92.23,False,False,,,,,,False,,False,False,0.64,0.69,True,True,0.116,0.298,1.29,1.04,0.94,False,1,-0.088,0.296,-0.003,False,False,False,0.59,False,False,False,NONE,False,0,0.061,0.173,0.4,76.27,27,23,0.801,True,False,0.7,0.806,4,1.8,0.38,1.0,True,False,False,False,weekly,unknown,unknown,ord_scan_weekly.csv,12.0
NFG,3,1,2,82.98,False,False,,,,,,False,,False,False,0.68,1.06,True,False,0.107,0.652,1.04,1.06,0.86,False,4,-0.962,0.045,0.742,False,False,False,0.65,False,False,False,NONE,False,3,0.142,0.081,2.0,76.28,10,15,0.524,False,False,0.64,0.715,1,2.9,0.54,0.57,True,False,False,False,monthly,unknown,unknown,ord_scan_monthly.csv,12.0
SBRA,10,4,6,20.36,False,False,,,,,,False,,False,False,0.08,1.34,True,True,0.217,0.584,1.08,0.88,0.97,False,6,3.026,2.55,-3.205,False,True,False,0.0,False,False,False,NONE,False,0,0.033,0.183,0.2,16.64,46,13,0.889,True,False,0.01,0.926,2,1.6,0.31,1.0,True,False,False,False,monthly,unknown,unknown,ord_scan_monthly.csv,12.0
SHC,3,1,2,15.5,False,False,,,,,,False,,False,False,0.31,1.05,True,False,0.348,0.291,0.95,1.2,0.78,False,2,-1.728,-1.116,2.034,False,True,False,0.02,False,False,False,NONE,False,2,0.49,0.29,3.3,11.0,11,3,0.433,False,False,0.46,0.578,2,1.9,0.31,0.8,True,False,False,False,monthly,unknown,unknown,ord_scan_monthly.csv,12.0
HRMY,0,0,0,31.83,False,False,,,,,,False,,False,False,0.76,0.76,False,False,-0.128,0.114,0.95,1.02,0.78,False,1,-0.892,0.722,0.361,False,False,False,0.71,False,False,False,NONE,False,3,0.235,0.186,1.6,25.9,6,10,0.507,False,False,0.6,0.396,4,2.9,0.38,0.0,False,False,False,False,weekly,unknown,unknown,ord_scan_weekly.csv,12.0
OKTA,3,3,0,75.78,False,False,,,,,,False,,False,True,0.51,1.04,False,False,-0.103,-0.172,1.21,1.22,0.78,False,2,-0.151,-0.356,-0.762,False,False,True,0.5,False,False,False,NONE,False,3,0.406,0.173,3.9,62.66,9,11,0.484,False,False,0.65,0.377,1,3.1,0.38,0.0,True,False,False,False,weekly,unknown,unknown,ord_scan_weekly.csv,12.0
HXL,10,5,5,92.23,False,False,,,,,,False,,False,True,0.54,1.21,True,True,0.923,0.292,1.51,0.97,0.94,False,1,1.529,0.51,-0.207,False,False,True,0.43,False,False,False,NONE,False,0,0.061,0.374,0.2,57.78,40,6,0.807,True,False,0.5,0.887,2,1.1,0.62,0.86,True,False,False,False,monthly,unknown,unknown,ord_scan_monthly.csv,12.0
SPHR,8,1,7,144.73,False,False,,,,,,False,,False,False,1.0,1.13,True,True,4.311,1.949,1.45,0.78,0.99,False,1,2.647,2.851,-1.792,False,False,True,1.0,True,False,False,NONE,False,0,0.011,0.738,0.0,37.89,38,3,0.972,True,False,1.0,0.987,3,0.6,0.77,0.44,True,False,True,True,monthly,unknown,unknown,ord_scan_monthly.csv,12.0
PTCT,4,1,3,65.15,False,False,,,,,,False,,False,False,0.37,0.81,True,False,0.307,1.24,0.87,0.89,0.74,False,3,1.774,4.044,-1.949,False,False,True,0.16,False,False,False,NONE,False,0,0.255,0.337,1.0,43.17,26,6,0.143,True,False,0.34,0.648,1,2.2,0.46,1.0,True,False,False,False,monthly,unknown,unknown,ord_scan_monthly.csv,12.0
EPR,5,1,4,55.28,False,False,,,,,,False,,False,False,0.45,0.97,True,True,0.2,0.519,1.22,0.95,0.91,False,2,-0.437,0.24,1.724,False,True,False,0.33,False,False,False,NONE,False,0,0.095,0.16,0.7,46.41,24,13,0.74,False,False,0.29,0.785,3,3.0,0.62,0.75,True,False,False,False,monthly,unknown,unknown,ord_scan_monthly.csv,12.0
NABL,1,0,1,5.31,False,False,,,,,,False,,False,False,0.98,0.95,False,False,-0.125,-0.322,1.01,0.79,0.69,False,2,-0.872,-0.927,0.348,False,False,False,0.98,False,False,False,NONE,False,3,0.657,0.219,8.7,4.14,3,12,0.587,False,False,0.95,0.254,3,2.4,0.31,0.0,True,False,False,False,weekly,unknown,unknown,ord_scan_weekly.csv,12.0
NWN,6,1,5,52.86,False,False,,,,,,False,,False,False,0.95,0.98,True,True,0.294,0.575,0.95,0.91,0.95,False,4,-1.697,-0.286,1.231,False,False,True,0.44,False,False,False,NONE,False,0,0.108,0.279,0.4,38.11,42,9,0.85,True,True,0.86,0.89,4,1.4,0.38,0.43,True,False,False,False,monthly,unknown,unknown,ord_scan_monthly.csv,12.0
GEO,5,1,4,18.75,False,False,,,,,,False,,False,False,0.73,1.1,True,False,-0.401,0.328,0.55,0.68,0.51,False,2,-0.553,1.796,1.387,False,False,False,0.86,False,False,False,NONE,False,0,0.486,0.333,2.8,12.51,18,2,0.904,True,False,0.69,0.283,3,1.1,0.38,0.0,True,False,False,False,monthly,unknown,unknown,ord_scan_monthly.csv,12.0
KSS,0,0,0,14.66,False,False,,,,,,False,,False,False,0.81,0.89,False,False,-0.152,-0.085,0.89,0.97,0.63,False,1,1.369,-0.563,-1.503,False,False,False,0.83,False,False,False,NONE,False,2,0.41,0.195,3.6,11.8,3,9,0.44,False,False,0.74,0.219,1,3.5,0.31,0.0,True,False,False,False,weekly,unknown,unknown,ord_scan_weekly.csv,12.0
NBHC,4,2,2,43.07,False,False,,,,,,False,,True,False,0.31,0.88,True,False,0.23,0.267,0.87,1.38,0.87,False,6,-0.975,-0.127,0.148,False,False,False,0.7,False,False,False,NONE,False,5,0.13,0.199,0.7,34.5,21,17,0.745,False,False,0.43,0.666,2,1.7,0.38,1.0,False,False,False,False,monthly,unknown,unknown,ord_scan_monthly.csv,12.0
CRVL,1,0,1,57.53,False,False,,,,,,False,,False,False,0.95,0.77,False,False,-0.174,-0.222,0.71,0.92,0.79,False,3,0.091,-0.15,-0.104,False,False,False,0.89,False,False,False,NONE,False,3,0.553,0.183,6.8,47.0,3,12,0.478,False,False,0.92,0.367,3,3.2,0.46,0.0,False,False,False,False,weekly,unknown,unknown,ord_scan_weekly.csv,12.0
HTLD,3,1,2,13.47,False,False,,,,,,False,,False,False,0.78,1.07,True,False,0.788,0.148,1.23,0.8,0.97,False,1,-1.702,-0.219,1.456,False,False,False,0.78,False,False,False,NONE,False,3,0.424,0.482,1.5,6.97,28,2,0.902,True,False,0.72,0.935,2,0.8,0.46,0.33,True,False,True,False,monthly,unknown,unknown,ord_scan_monthly.csv,12.0
VAC,2,1,1,72.75,False,False,,,,,,False,,False,False,0.71,1.13,True,False,0.355,0.131,1.21,0.78,0.9,False,1,0.618,-0.953,-0.632,False,False,False,0.76,False,False,False,NONE,False,5,0.234,0.266,1.1,53.36,3,9,0.696,False,False,0.77,0.776,1,1.9,0.46,0.33,True,False,False,False,weekly,unknown,unknown,ord_scan_weekly.csv,12.0
OC,0,0,0,122.73,False,False,,,,,,False,,False,False,0.62,0.97,False,False,-0.135,-0.231,0.85,1.04,0.59,False,1,1.87,-1.227,0.835,False,False,False,0.95,False,False,False,NONE,False,2,0.409,0.217,3.2,96.16,3,3,0.561,False,False,0.59,0.239,2,2.4,0.15,0.0,True,False,False,False,monthly,unknown,unknown,ord_scan_monthly.csv,12.0
AA,9,5,4,62.63,False,False,,,,,,False,,False,True,0.9,1.24,True,True,1.582,0.903,1.35,0.97,0.83,False,1,1.778,0.141,-1.142,False,False,False,0.81,False,False,False,NONE,False,1,0.332,0.555,0.9,27.89,19,5,0.621,False,True,0.86,0.76,9,1.4,0.54,0.6,True,False,False,False,monthly,unknown,unknown,ord_scan_monthly.csv,12.0
HE,6,3,3,15.27,False,False,,,,,,False,,False,True,0.92,0.99,False,False,0.454,0.355,1.29,0.84,0.88,False,3,-1.777,0.026,1.009,False,True,False,0.67,False,False,False,NONE,False,1,0.682,0.306,7.0,10.6,12,5,0.67,False,False,0.89,0.724,3,1.8,0.46,0.67,True,False,False,False,monthly,unknown,unknown,ord_scan_monthly.csv,12.0
CVLT,1,0,1,99.57,False,False,,,,,,False,,False,False,0.87,0.87,False,False,-0.404,-0.018,0.75,1.39,0.5,False,1,-0.187,-0.081,1.194,False,False,False,0.98,False,False,False,NONE,False,2,0.504,0.279,3.6,71.75,18,1,0.9,True,False,0.72,0.216,1,1.2,0.38,0.0,True,False,False,False,monthly,unknown,unknown,ord_scan_monthly.csv,12.0
TDC,0,0,0,27.96,False,False,,,,,,False,,False,False,0.39,0.89,False,False,0.3,-0.277,1.44,1.17,0.67,False,2,-0.199,-0.339,-0.659,False,False,False,0.56,False,False,False,NONE,False,2,0.531,0.291,3.9,19.83,9,3,0.229,False,False,0.65,0.408,1,3.9,0.23,0.5,True,False,False,False,monthly,unknown,unknown,ord_scan_monthly.csv,12.0
EPC,1,0,1,22.56,False,False,,,,,,False,,False,False,0.91,0.74,False,False,-0.241,-0.387,0.81,0.91,0.61,False,2,-1.617,-0.665,1.396,False,False,False,0.98,False,False,False,NONE,False,3,0.659,0.307,6.3,15.63,8,4,0.779,False,True,0.88,0.286,2,1.4,0.38,0.0,True,False,False,False,monthly,unknown,unknown,ord_scan_monthly.csv,12.0
SLG,1,0,1,42.85,False,False,,,,,,False,,False,False,0.68,0.88,False,False,-0.14,-0.134,0.74,1.07,0.56,False,1,0.841,0.94,-0.765,False,False,False,0.87,False,False,False,NONE,False,2,0.443,0.203,3.9,34.17,0,4,0.586,False,False,0.67,0.203,2,2.4,0.38,0.0,True,False,False,False,monthly,unknown,unknown,ord_scan_monthly.csv,12.0
UA,1,0,1,6.09,False,False,,,,,,False,,False,False,0.45,0.94,False,False,0.119,-0.147,1.09,0.82,0.57,False,1,0.022,-3.553,-2.629,False,False,False,0.56,False,False,False,NONE,False,3,0.752,0.351,8.6,3.95,0,3,0.303,False,False,0.46,0.321,3,2.1,0.46,0.0,True,False,False,False,monthly,unknown,unknown,ord_scan_monthly.csv,12.0
CRI,1,0,1,33.71,False,False,,,,,,False,,False,False,0.89,0.85,False,False,0.054,-0.56,0.96,0.77,0.52,False,1,-0.783,-0.072,0.427,False,False,False,0.94,False,False,False,NONE,False,3,0.667,0.324,6.2,22.8,6,5,0.22,False,False,0.94,0.195,1,2.2,0.15,0.0,True,False,False,False,monthly,unknown,unknown,ord_scan_monthly.csv,12.0
IPGP,9,4,2,122.87,False,False,,,,,,False,,False,True,0.75,1.08,True,False,1.052,0.355,1.69,1.3,0.79,False,2,0.913,0.555,0.201,True,False,True,0.61,False,False,False,NONE,False,2,0.535,0.419,2.7,71.35,22,3,0.492,False,True,0.79,0.693,5,1.9,0.46,0.5,True,False,False,False,monthly,unknown,unknown,ord_scan_monthly.csv,12.0
CZR,5,1,4,28.38,False,False,,,,,,False,,False,False,0.68,1.19,True,False,0.371,0.412,0.71,0.69,0.92,False,4,-0.139,-0.505,-0.774,False,False,False,0.84,False,False,False,NONE,False,0,0.382,0.307,2.0,19.67,17,9,0.777,False,False,0.75,0.808,4,1.6,0.54,0.67,True,False,False,False,weekly,unknown,unknown,ord_scan_weekly.csv,12.0
LEA,5,2,3,132.41,False,False,,,,,,False,,False,False,0.52,1.26,True,False,0.138,0.283,1.08,1.0,0.93,False,3,-0.033,-0.435,-0.223,False,True,False,0.62,False,False,False,NONE,False,1,0.067,0.146,0.5,113.09,25,23,0.785,False,False,0.17,0.785,0,1.8,0.31,1.0,False,True,False,False,weekly,unknown,unknown,ord_scan_weekly.csv,12.0
AAP,4,1,3,58.93,False,False,,,,,,False,,False,False,0.69,0.99,True,False,0.233,0.263,0.88,0.73,0.91,False,3,-0.516,-0.444,-0.415,False,False,False,0.71,False,False,False,NONE,False,1,0.206,0.214,1.2,46.33,12,14,0.762,False,False,0.69,0.782,1,2.4,0.31,1.0,False,False,False,False,weekly,unknown,unknown,ord_scan_weekly.csv,12.0
JEF,1,0,1,49.29,False,False,,,,,,False,,False,False,0.96,0.73,False,False,-0.188,-0.053,0.86,0.84,0.75,False,3,0.884,0.214,-0.767,False,False,False,1.0,False,False,False,NONE,False,1,0.383,0.279,2.2,35.53,10,9,0.766,False,True,0.93,0.45,7,1.6,0.46,0.0,True,False,False,False,weekly,unknown,unknown,ord_scan_weekly.csv,12.0
WCC,8,1,7,354.59,False,False,,,,,,False,,False,False,0.74,0.99,True,True,1.194,1.114,1.39,0.75,1.0,False,1,2.568,-0.004,0.713,False,False,True,0.6,True,False,False,NONE,False,0,0.003,0.445,0.0,196.85,39,2,0.991,True,False,0.66,0.996,2,0.7,0.69,0.38,True,False,True,True,monthly,unknown,unknown,ord_scan_monthly.csv,12.0
CSGS,11,3,8,80.4,False,False,,,,,,False,,False,False,0.64,1.37,True,True,0.362,0.638,0.26,1.08,1.0,False,7,-0.126,0.575,0.659,False,False,False,0.24,False,False,False,NONE,False,0,0.003,0.257,0.0,59.75,52,13,0.991,True,True,0.42,0.994,5,1.2,0.54,0.67,True,False,False,False,monthly,unknown,unknown,ord_scan_monthly.csv,12.0
OGN,0,0,0,13.29,False,False,,,,,,False,,False,False,0.86,0.96,False,False,0.038,-0.239,1.08,1.32,0.73,False,1,-2.03,3.034,-3.614,False,False,False,0.86,False,False,False,NONE,False,1,0.598,0.572,2.6,5.69,20,1,0.987,True,False,0.76,0.473,2,1.0,0.23,1.0,True,False,False,False,monthly,unknown,unknown,ord_scan_monthly.csv,12.0
NYT,3,1,2,78.72,False,False,,,,,,False,,False,False,0.58,0.79,True,False,0.077,0.389,1.08,0.95,0.9,False,3,-0.165,0.411,-0.014,False,False,False,0.86,False,False,False,NONE,False,0,0.096,0.066,1.6,73.52,14,12,0.705,False,False,0.86,0.729,1,3.3,0.46,0.71,True,False,False,False,weekly,unknown,unknown,ord_scan_weekly.csv,12.0
SXI,5,1,4,248.63,False,False,,,,,,False,,False,False,0.89,1.11,True,True,0.77,0.383,1.26,1.35,0.87,False,1,-0.163,-0.24,1.236,False,False,True,0.57,False,False,False,NONE,False,1,0.127,0.336,0.4,165.1,17,8,0.591,False,False,0.87,0.77,1,1.5,0.62,0.86,True,False,False,False,monthly,unknown,unknown,ord_scan_monthly.csv,11.0
ALKS,2,2,0,33.38,False,False,,,,,,False,,False,False,0.65,1.21,True,False,-0.015,0.087,1.21,1.14,0.92,False,4,-0.196,0.041,0.075,False,False,True,0.49,False,False,False,NONE,False,5,0.085,0.191,0.5,27.0,23,33,0.726,False,False,0.43,0.673,1,2.1,0.38,0.33,True,False,False,False,weekly,unknown,unknown,ord_scan_weekly.csv,11.0
AX,5,2,3,87.41,False,False,,,,,,False,,False,False,0.22,1.09,True,False,0.377,0.618,1.16,0.86,0.86,False,2,1.616,1.399,-0.041,False,True,False,0.05,False,False,False,NONE,False,2,0.142,0.143,1.2,74.89,14,11,0.574,False,False,0.23,0.749,2,3.9,0.54,0.25,True,False,False,False,monthly,unknown,unknown,ord_scan_monthly.csv,11.0
MBIN,3,1,2,46.6,False,False,,,,,,False,,False,False,0.51,1.13,True,True,0.567,0.104,1.09,1.24,0.93,False,2,0.652,1.642,-0.051,False,False,False,0.44,False,False,False,NONE,False,4,0.109,0.388,0.3,28.51,9,4,0.791,False,False,0.24,0.776,2,1.2,0.38,0.33,True,False,False,False,monthly,unknown,unknown,ord_scan_monthly.csv,11.0
WSC,2,0,2,22.69,False,False,,,,,,False,,False,False,0.82,0.73,False,False,-0.086,-0.505,0.8,0.68,0.55,False,1,-0.817,0.966,-0.019,False,False,False,0.96,False,False,False,NONE,False,2,0.569,0.347,3.8,14.81,3,3,0.778,False,False,0.8,0.262,2,1.2,0.23,0.0,True,False,False,False,monthly,unknown,unknown,ord_scan_monthly.csv,11.0
NABL,0,0,0,5.31,False,False,,,,,,False,,False,False,0.85,0.72,False,False,-0.248,-0.594,0.9,1.24,0.41,False,1,-3.611,-4.671,2.387,False,False,False,0.85,False,False,False,NONE,False,3,0.668,0.219,9.2,4.14,3,3,0.587,False,False,0.93,0.103,1,2.4,0.15,0.0,True,False,False,False,monthly,unknown,unknown,ord_scan_monthly.csv,11.0
GOLF,12,4,5,95.72,False,False,,,,,,False,,False,True,0.8,1.08,True,True,0.463,0.493,1.18,0.75,0.92,False,4,0.858,0.02,1.099,True,True,False,0.84,False,False,False,NONE,False,4,0.084,0.243,0.4,72.47,16,8,0.725,False,False,0.8,0.823,2,1.8,0.46,0.2,True,False,False,False,monthly,unknown,unknown,ord_scan_monthly.csv,11.0
BLD,1,1,0,438.98,False,False,,,,,,False,,False,False,0.89,1.13,True,False,-0.062,0.039,1.14,1.9,0.78,False,1,0.986,0.239,-0.554,False,False,False,0.95,False,False,False,NONE,False,5,0.215,0.245,1.1,331.33,0,4,0.669,False,False,0.9,0.472,1,1.9,0.31,0.0,True,False,False,False,weekly,unknown,unknown,ord_scan_weekly.csv,11.0
FLS,10,2,5,71.65,False,False,,,,,,False,,False,False,0.67,1.34,True,True,0.606,0.624,1.34,0.85,0.78,False,1,0.385,0.564,0.376,True,False,True,0.53,False,False,False,NONE,False,3,0.222,0.324,0.9,48.42,16,6,0.264,False,False,0.8,0.63,3,2.1,0.46,0.2,True,False,False,False,monthly,unknown,unknown,ord_scan_monthly.csv,11.0
FR,14,5,6,62.14,False,False,,,,,,False,,False,True,0.42,0.79,True,True,0.352,0.271,1.04,0.79,0.96,False,7,0.018,0.249,0.255,True,True,False,0.32,False,False,False,NONE,False,0,0.039,0.256,0.2,46.2,34,13,0.902,True,False,0.56,0.902,2,1.7,0.46,0.33,True,False,False,False,monthly,unknown,unknown,ord_scan_monthly.csv,11.0
FLG,5,0,5,13.94,False,False,NONE,1.05,0.95,True,True,False,1.11,True,False,0.37,1.16,False,False,0.194,0.456,0.71,0.76,0.93,False,2,0.161,-1.184,1.506,False,True,False,0.28,False,False,False,NONE,False,6,0.657,0.243,7.9,10.55,24,11,0.786,False,False,0.48,0.863,2,1.6,0.31,0.0,True,False,False,False,monthly,unknown,unknown,ord_scan_monthly.csv,11.0
ABCB,11,2,6,85.56,False,False,,,,,,False,,False,False,0.37,0.93,True,True,0.476,0.816,0.99,1.04,0.98,False,6,0.517,0.272,0.328,True,True,False,0.02,False,False,False,NONE,False,0,0.025,0.241,0.1,64.91,38,11,0.924,True,False,0.52,0.951,2,1.4,0.62,0.67,True,False,False,False,monthly,unknown,unknown,ord_scan_monthly.csv,11.0
BOH,7,1,6,80.14,False,False,,,,,,False,,True,False,0.38,0.8,True,True,0.262,0.407,0.96,0.89,0.97,False,4,0.041,-0.675,0.855,False,True,False,0.57,False,False,False,NONE,False,0,0.031,0.274,0.1,58.21,39,13,0.906,True,False,0.37,0.921,2,1.4,0.54,1.0,True,False,False,False,monthly,unknown,unknown,ord_scan_monthly.csv,11.0
ATI,8,1,4,155.26,False,False,,,,,,False,,False,False,0.69,0.88,True,True,0.291,0.569,1.35,1.01,0.92,False,1,0.797,0.373,1.036,True,False,False,0.75,False,False,False,NONE,False,0,0.077,0.127,0.7,135.48,19,13,0.747,False,False,0.59,0.828,1,1.8,0.54,1.0,True,False,False,False,weekly,unknown,unknown,ord_scan_weekly.csv,11.0
TDW,6,1,5,87.85,False,False,,,,,,False,,False,False,0.86,0.82,True,True,0.406,0.737,1.1,1.07,0.94,False,2,1.263,-0.365,1.534,False,False,False,0.84,False,False,False,NONE,False,0,0.212,0.188,1.4,71.32,29,12,0.84,True,False,0.75,0.879,2,1.8,0.54,0.57,True,False,False,False,weekly,unknown,unknown,ord_scan_weekly.csv,11.0
PRG,3,1,2,36.19,False,False,,,,,,False,,False,False,0.48,1.05,True,False,0.121,0.263,1.19,0.91,0.88,False,1,0.497,0.662,-1.297,False,False,False,0.42,False,False,False,NONE,False,1,0.262,0.247,1.4,27.24,8,9,0.663,False,False,0.4,0.691,0,2.0,0.38,0.33,True,True,False,False,weekly,unknown,unknown,ord_scan_weekly.csv,11.0
NSP,0,0,0,28.53,False,False,,,,,,False,,False,False,0.79,1.11,False,False,-0.532,-0.713,1.07,1.38,0.32,False,1,-0.666,2.086,1.639,False,False,False,0.87,False,False,False,NONE,False,5,0.759,0.367,8.6,18.06,6,1,0.298,False,False,0.8,0.128,2,2.1,0.31,0.0,True,False,False,False,monthly,unknown,unknown,ord_scan_monthly.csv,11.0
SF,1,1,0,77.03,False,False,,,,,,False,,False,False,0.66,0.89,True,False,-0.059,-0.016,1.17,0.97,0.86,False,3,0.485,0.195,-0.403,False,False,False,0.85,False,False,False,NONE,False,2,0.139,0.1,1.6,69.31,8,46,0.546,False,False,0.48,0.384,1,2.8,0.38,0.0,False,False,False,False,weekly,unknown,unknown,ord_scan_weekly.csv,11.0
LEG,3,2,1,10.89,False,False,,,,,,False,,False,False,0.67,1.38,True,False,-0.062,0.177,1.18,1.79,0.84,False,1,-0.566,-0.919,-0.358,False,False,False,0.5,False,False,False,NONE,False,4,0.212,0.14,1.9,9.37,9,22,0.491,False,False,0.61,0.54,2,4.0,0.31,0.0,False,False,False,False,weekly,unknown,unknown,ord_scan_weekly.csv,11.0
BRC,9,4,5,82.16,False,False,,,,,,False,,False,True,0.26,0.89,True,True,0.188,0.429,1.16,0.84,0.83,False,3,-0.7,0.171,1.359,False,True,False,0.05,False,False,False,NONE,False,1,0.17,0.162,1.3,68.87,15,9,0.441,False,False,0.42,0.607,3,3.5,0.31,0.5,True,False,False,False,monthly,unknown,unknown,ord_scan_monthly.csv,11.0
SMPL,0,0,0,13.23,False,False,,,,,,False,,False,False,1.0,0.97,False,False,-0.295,-0.324,1.22,1.55,0.6,False,1,-1.722,0.286,-0.245,False,False,False,0.98,False,False,False,NONE,False,3,0.674,0.228,9.0,10.21,0,3,0.646,False,False,0.99,0.256,3,2.1,0.31,0.0,True,False,False,False,weekly,unknown,unknown,ord_scan_weekly.csv,11.0
FNB,9,4,5,17.66,False,False,NONE,0.64,1.01,False,True,False,,False,True,0.5,0.91,True,True,0.391,0.345,0.82,1.15,0.93,False,3,0.262,-0.47,0.663,False,True,False,0.04,False,False,False,NONE,False,0,0.071,0.193,0.4,14.25,21,11,0.775,False,False,0.72,0.841,2,2.1,0.38,0.75,True,False,False,False,monthly,unknown,unknown,ord_scan_monthly.csv,11.0
GTM,0,0,0,6.65,False,False,,,,,,False,,False,False,0.98,0.96,False,False,-0.174,-0.407,0.94,1.14,0.62,False,1,-0.295,-0.588,-1.419,False,False,False,0.96,False,False,False,NONE,False,3,0.601,0.226,6.7,5.15,0,11,0.593,False,False,0.85,0.209,3,2.4,0.31,0.0,True,False,False,False,weekly,unknown,unknown,ord_scan_weekly.csv,11.0
CWEN,7,1,6,40.3,False,False,,,,,,False,,False,False,0.88,1.19,True,True,0.45,0.958,1.07,0.85,0.97,False,4,0.118,0.041,-0.375,False,False,True,0.63,False,False,False,NONE,False,0,0.031,0.34,0.1,26.6,52,7,0.907,True,True,0.53,0.941,8,1.1,0.62,0.57,True,False,False,False,monthly,unknown,unknown,ord_scan_monthly.csv,11.0
RGLD,5,1,4,230.59,False,False,,,,,,False,,False,False,0.65,0.96,True,True,0.277,0.939,1.72,1.12,0.76,False,2,-1.381,0.863,3.744,False,False,False,0.55,False,False,False,NONE,False,0,0.244,0.347,0.9,150.56,21,2,0.19,True,False,0.46,0.608,2,2.1,0.46,1.0,True,False,False,False,monthly,unknown,unknown,ord_scan_monthly.csv,11.0
GKOS,5,2,3,140.22,False,False,,,,,,False,,False,False,0.24,1.0,True,False,0.488,0.487,1.09,0.77,0.86,False,1,0.762,2.826,-0.393,False,False,False,0.42,False,False,False,NONE,False,0,0.143,0.478,0.4,73.16,27,2,0.872,True,False,0.09,0.741,2,0.9,0.62,0.33,True,False,False,False,monthly,unknown,unknown,ord_scan_monthly.csv,11.0
EPR,3,1,2,55.28,False,False,,,,,,False,,False,False,0.6,1.09,True,True,0.042,0.173,0.91,0.93,0.91,False,3,-0.422,-0.092,0.494,False,False,False,0.53,False,False,False,NONE,False,3,0.095,0.135,0.8,47.79,21,55,0.74,False,True,0.5,0.603,0,2.5,0.38,0.5,False,False,False,False,weekly,unknown,unknown,ord_scan_weekly.csv,11.0
PAYC,1,0,1,131.96,False,False,,,,,,False,,False,False,0.65,0.82,False,False,-0.018,-0.291,1.01,0.61,0.78,False,1,0.108,-1.391,-0.196,False,False,False,0.64,False,False,False,NONE,False,3,0.504,0.163,6.2,110.49,1,13,0.595,False,False,0.77,0.336,3,2.4,0.46,0.0,False,False,False,False,weekly,unknown,unknown,ord_scan_weekly.csv,11.0
FIVE,5,2,3,230.52,False,False,,,,,,False,,False,False,0.97,1.47,True,False,2.038,0.271,1.1,0.59,0.92,False,3,-0.243,-0.349,3.451,False,False,False,0.89,False,False,False,NONE,False,0,0.084,0.436,0.2,130.0,31,5,0.772,False,True,0.98,0.894,7,1.1,0.69,0.1,True,False,False,False,monthly,unknown,unknown,ord_scan_monthly.csv,11.0
FTDR,6,2,4,68.8,False,False,,,,,,False,,False,False,0.26,1.29,True,True,0.164,0.036,1.24,1.1,0.97,False,1,0.448,-0.342,0.011,False,True,False,0.35,False,False,False,NONE,False,0,0.028,0.26,0.1,50.91,41,23,0.91,True,False,0.34,0.912,0,1.3,0.38,1.0,False,True,False,False,weekly,unknown,unknown,ord_scan_weekly.csv,11.0
ENVA,5,1,4,170.93,False,False,,,,,,False,,False,False,0.36,0.89,True,False,0.035,0.43,1.14,0.82,0.97,False,2,1.261,0.794,-0.315,False,False,False,0.37,False,False,False,NONE,False,0,0.033,0.244,0.1,129.25,47,22,0.892,True,True,0.15,0.901,5,1.4,0.23,1.0,True,False,False,False,weekly,unknown,unknown,ord_scan_weekly.csv,11.0
CUBI,6,1,5,77.08,False,False,,,,,,False,,False,False,0.53,0.97,True,True,0.542,0.453,0.93,0.96,0.93,False,2,1.606,1.286,-0.942,False,True,False,0.13,False,False,False,NONE,False,0,0.066,0.23,0.3,59.34,33,11,0.834,True,False,0.55,0.869,2,2.1,0.62,0.8,True,False,False,False,monthly,unknown,unknown,ord_scan_monthly.csv,11.0
FHN,8,1,7,24.89,False,False,,,,,,False,,False,False,0.37,0.91,True,True,0.416,0.74,0.83,0.69,0.94,False,3,0.415,-1.005,0.509,False,True,False,0.01,False,False,False,NONE,False,0,0.056,0.216,0.3,19.53,31,12,0.835,True,False,0.54,0.891,2,1.6,0.46,0.5,True,False,False,False,monthly,unknown,unknown,ord_scan_monthly.csv,10.0
VIRT,7,3,4,48.12,False,False,,,,,,False,,False,False,0.17,1.31,True,True,0.259,1.479,1.14,1.02,0.92,False,2,0.911,0.685,-0.846,False,False,False,0.1,False,False,False,NONE,False,0,0.078,0.348,0.2,31.37,44,4,0.804,True,False,0.14,0.877,4,1.5,0.62,0.25,True,False,False,False,monthly,unknown,unknown,ord_scan_monthly.csv,10.0
XHR,7,1,6,16.71,False,False,NONE,0.92,1.43,False,True,False,,False,False,0.31,1.02,True,True,0.144,0.385,1.07,1.01,0.97,True,3,0.131,-0.232,-0.236,False,True,False,0.17,False,False,False,NONE,False,0,0.03,0.163,0.2,13.99,40,25,0.904,True,False,0.26,0.904,0,1.7,0.46,0.5,True,True,False,False,weekly,unknown,unknown,ord_scan_weekly.csv,10.0
MSGS,9,3,6,340.75,False,False,,,,,,False,,False,False,1.0,1.64,True,True,0.769,0.847,1.44,1.16,0.99,False,3,-0.283,-0.201,0.358,False,False,True,0.89,False,False,False,NONE,False,0,0.014,0.447,0.0,188.6,59,5,0.962,True,True,0.99,0.972,9,0.9,0.62,0.8,True,False,False,False,monthly,unknown,unknown,ord_scan_monthly.csv,10.0
VFC,4,0,4,19.01,False,False,,,,,,False,,False,False,0.87,0.9,False,False,0.637,0.302,0.76,0.75,0.67,False,1,0.381,-0.214,-0.301,False,False,False,0.87,False,False,False,NONE,False,0,0.768,0.425,7.8,10.93,0,2,0.511,False,False,0.91,0.516,2,1.2,0.23,0.0,True,False,False,False,monthly,unknown,unknown,ord_scan_monthly.csv,10.0
INVX,6,4,2,27.69,False,False,,,,,,False,,False,True,0.76,1.03,True,False,0.834,0.229,1.08,1.03,0.94,False,3,-1.389,1.066,0.822,False,False,True,0.45,False,False,False,NONE,False,0,0.53,0.439,2.6,15.54,32,6,0.828,True,False,0.66,0.898,2,1.0,0.54,0.2,True,False,False,False,monthly,unknown,unknown,ord_scan_monthly.csv,10.0
POR,9,5,4,49.73,False,False,,,,,,False,,False,True,0.77,0.98,True,True,0.237,0.313,1.03,0.92,0.91,False,6,-0.942,-0.115,0.147,False,False,False,0.55,False,False,False,NONE,False,0,0.09,0.203,0.5,39.65,20,11,0.71,False,False,0.55,0.729,1,1.9,0.62,0.8,True,False,False,False,monthly,unknown,unknown,ord_scan_monthly.csv,10.0
HWKN,5,1,4,167.49,False,False,,,,,,False,,False,False,0.78,0.96,True,True,0.383,1.206,0.98,0.93,0.9,False,2,-0.361,0.068,2.112,False,True,False,0.61,False,False,False,NONE,False,0,0.098,0.298,0.4,117.65,31,6,0.915,True,False,0.69,0.842,3,1.2,0.62,0.75,True,False,False,False,monthly,unknown,unknown,ord_scan_monthly.csv,10.0
GNL,9,4,5,9.53,False,False,,,,,,False,,False,True,0.94,0.85,True,True,0.422,0.599,0.86,0.96,0.97,False,5,-1.999,-0.158,0.174,False,False,True,0.42,False,False,False,NONE,False,0,0.132,0.335,0.5,6.34,37,9,0.912,True,False,0.6,0.936,2,1.2,0.54,0.5,True,False,False,False,monthly,unknown,unknown,ord_scan_monthly.csv,10.0
WSFS,13,4,6,72.13,False,False,,,,,,False,,False,True,0.32,0.98,True,True,0.416,0.636,1.0,1.03,0.99,False,4,0.259,0.044,1.223,True,True,False,0.25,False,False,False,NONE,False,0,0.013,0.312,0.0,49.64,42,6,0.959,True,False,0.33,0.972,2,1.0,0.46,1.0,True,False,False,False,monthly,unknown,unknown,ord_scan_monthly.csv,10.0
CLH,10,4,6,311.43,False,False,,,,,,False,,False,True,0.27,0.99,True,True,0.456,0.547,0.97,0.95,0.98,False,3,1.461,-0.958,3.233,False,False,False,0.16,False,False,False,NONE,False,0,0.018,0.353,0.1,201.34,57,6,0.952,True,True,0.25,0.96,6,1.1,0.46,1.0,True,False,False,False,monthly,unknown,unknown,ord_scan_monthly.csv,10.0
OGS,10,2,8,88.91,False,False,,,,,,False,,False,False,0.41,1.0,True,True,0.172,0.481,0.77,0.84,0.98,False,8,-1.246,0.146,0.815,False,True,False,0.18,False,False,False,NONE,False,0,0.021,0.213,0.1,69.94,39,16,0.931,True,False,0.12,0.949,4,1.3,0.46,0.38,True,False,False,False,monthly,unknown,unknown,ord_scan_monthly.csv,10.0
IPGP,6,1,5,122.87,False,False,,,,,,False,,False,False,0.96,1.17,True,True,0.33,0.443,0.96,0.85,0.79,False,1,-0.176,-0.273,-0.446,False,False,False,0.96,False,False,False,NONE,False,1,0.211,0.139,1.9,105.84,11,11,0.341,False,False,0.98,0.61,1,4.9,0.46,1.0,True,False,False,False,weekly,unknown,unknown,ord_scan_weekly.csv,10.0
INVA,6,1,5,23.11,False,False,,,,,,False,,False,False,0.71,1.0,True,True,0.156,0.27,1.03,0.86,0.92,False,5,-0.746,0.502,0.31,False,False,False,0.85,False,False,False,NONE,False,2,0.081,0.064,1.4,21.62,20,26,0.735,False,False,0.58,0.721,2,1.8,0.38,0.67,False,False,False,False,weekly,unknown,unknown,ord_scan_weekly.csv,10.0
LSTR,2,2,0,181.56,False,False,,,,,,False,,False,False,0.61,1.26,True,False,0.388,-0.015,1.27,1.12,0.93,False,1,-1.013,0.913,1.835,False,False,False,0.76,False,False,False,NONE,False,1,0.075,0.355,0.2,117.03,19,3,0.785,False,False,0.51,0.819,3,1.3,0.46,1.0,True,False,False,False,monthly,unknown,unknown,ord_scan_monthly.csv,10.0
APG,9,1,5,45.94,False,False,,,,,,False,,False,False,0.82,1.17,True,True,0.822,0.755,1.38,0.88,0.92,False,1,0.973,0.758,3.517,True,False,False,0.82,False,False,False,NONE,False,1,0.081,0.273,0.3,33.4,27,6,0.732,False,False,0.79,0.863,2,1.5,0.62,0.56,True,False,False,False,monthly,unknown,unknown,ord_scan_monthly.csv,10.0
SNEX,10,1,6,105.19,False,False,,,,,,False,,False,False,0.71,1.12,True,True,0.781,2.369,1.46,0.94,0.97,False,1,3.069,1.396,1.564,True,False,False,0.58,False,False,False,NONE,False,0,0.025,0.491,0.1,53.53,40,2,0.932,True,False,0.63,0.966,2,0.8,0.77,0.88,True,False,False,False,monthly,unknown,unknown,ord_scan_monthly.csv,10.0
XNCR,2,2,0,12.69,False,False,,,,,,False,,False,False,0.35,1.22,True,False,0.05,-0.137,0.96,1.04,0.74,False,1,0.399,-0.122,-1.327,False,False,False,0.36,False,False,False,NONE,False,5,0.534,0.163,7.0,10.62,8,16,0.433,False,False,0.51,0.257,0,3.6,0.38,0.0,False,False,False,False,weekly,unknown,unknown,ord_scan_weekly.csv,10.0
COHU,5,3,2,45.59,False,False,,,,,,False,,False,False,0.85,1.5,True,False,1.849,0.368,1.62,1.32,0.92,False,1,0.136,2.466,-0.341,False,False,False,0.81,False,False,False,NONE,False,0,0.121,0.608,0.2,17.87,31,1,0.805,True,False,0.82,0.898,2,0.8,0.46,0.6,True,False,False,False,monthly,unknown,unknown,ord_scan_monthly.csv,10.0
NE,6,1,5,50.54,False,False,,,,,,False,,False,False,0.97,1.07,True,True,0.435,0.767,1.17,0.9,0.93,False,1,0.885,-0.373,0.47,False,False,False,0.97,False,False,False,NONE,False,0,0.074,0.15,0.5,42.93,36,12,0.805,True,False,1.0,0.852,2,2.3,0.46,0.71,True,True,False,False,weekly,unknown,unknown,ord_scan_weekly.csv,10.0
COKE,6,1,5,203.92,False,False,,,,,,False,,False,False,0.84,0.96,True,True,0.343,0.569,1.23,0.85,0.93,False,1,-0.072,1.522,0.232,False,False,False,0.9,False,False,False,NONE,True,0,0.07,0.132,0.6,177.05,19,11,0.768,False,False,0.76,0.833,1,2.0,0.69,0.8,True,False,False,False,weekly,unknown,unknown,ord_scan_weekly.csv,10.0
AUB,8,4,4,37.91,False,False,,,,,,False,,False,True,0.33,0.85,True,True,0.429,0.161,0.93,0.76,0.9,False,3,-0.333,-0.615,1.262,False,False,False,0.39,False,False,False,NONE,False,1,0.096,0.223,0.5,29.45,16,11,0.709,False,False,0.62,0.799,2,2.0,0.38,0.5,True,False,False,False,monthly,unknown,unknown,ord_scan_monthly.csv,10.0
NHC,9,1,5,174.86,False,False,,,,,,False,,False,False,0.79,1.11,True,True,0.227,0.477,1.24,1.26,0.95,False,1,0.261,0.117,0.215,True,False,False,0.86,False,False,False,NONE,False,0,0.05,0.133,0.4,151.55,29,15,0.836,True,False,0.82,0.862,2,1.6,0.54,0.4,True,False,False,False,weekly,unknown,unknown,ord_scan_weekly.csv,10.0
YELP,3,3,0,28.9,False,False,,,,,,False,,False,True,0.41,0.76,False,False,-0.176,-0.266,1.0,1.2,0.69,False,2,0.282,-0.364,-0.591,False,False,False,0.71,False,False,False,NONE,False,1,0.45,0.322,2.5,19.6,18,3,0.931,True,False,0.47,0.42,3,1.1,0.31,0.0,True,False,False,False,monthly,unknown,unknown,ord_scan_monthly.csv,10.0
OLN,7,1,6,28.61,False,False,,,,,,False,,False,False,0.78,0.96,True,True,0.386,0.407,0.97,0.84,0.94,False,2,0.064,-0.567,-0.187,False,False,False,0.81,False,False,False,NONE,False,0,0.472,0.213,4.2,22.53,28,12,0.817,True,False,0.78,0.85,1,2.0,0.38,0.75,True,False,False,False,weekly,unknown,unknown,ord_scan_weekly.csv,10.0
NHC,6,1,5,174.86,False,False,,,,,,False,,False,False,0.78,1.06,True,True,0.887,0.943,1.31,1.21,0.95,False,3,-0.807,-0.767,3.031,False,False,False,0.7,False,False,False,NONE,False,0,0.05,0.47,0.1,92.75,37,4,0.837,True,False,0.73,0.908,4,0.8,0.62,0.83,True,False,False,False,monthly,unknown,unknown,ord_scan_monthly.csv,10.0
FORM,5,1,4,137.37,False,False,,,,,,False,,False,False,1.0,0.87,True,True,0.949,1.5,1.56,1.26,0.86,False,1,0.838,0.949,-0.173,False,False,False,1.0,False,False,False,NONE,False,0,0.137,0.41,0.4,81.01,18,3,0.62,False,False,1.0,0.806,1,1.4,0.62,0.71,True,True,False,False,weekly,unknown,unknown,ord_scan_weekly.csv,10.0
UBSI,9,4,5,43.68,False,False,,,,,,False,,False,True,0.38,1.12,True,True,0.325,0.338,0.98,1.05,0.96,False,5,-1.017,-0.58,1.765,False,True,False,0.23,False,False,False,NONE,False,0,0.04,0.234,0.2,33.45,37,13,0.888,True,False,0.44,0.895,2,1.6,0.54,1.0,True,False,False,False,monthly,unknown,unknown,ord_scan_monthly.csv,10.0
TALO,6,5,1,15.56,False,False,,,,,,False,,False,True,0.5,1.32,True,False,1.262,0.117,1.31,0.89,0.92,False,1,-0.402,-2.749,2.282,False,False,True,0.06,False,False,False,NONE,False,3,0.587,0.507,2.8,7.67,32,3,0.765,False,False,0.42,0.866,4,1.0,0.54,0.4,True,False,False,False,monthly,unknown,unknown,ord_scan_monthly.csv,10.0
FCF,9,4,5,18.46,False,False,,,,,,False,,True,False,0.17,0.91,True,True,0.245,0.415,0.86,1.05,0.96,False,6,-0.751,-0.126,0.754,False,True,False,0.27,False,False,False,NONE,False,0,0.036,0.2,0.2,14.76,41,13,0.887,True,False,0.26,0.909,2,1.8,0.46,0.67,True,False,False,False,monthly,unknown,unknown,ord_scan_monthly.csv,10.0
INDB,10,4,6,77.45,False,False,,,,,,False,,False,True,0.35,1.18,True,True,0.356,0.62,0.81,0.88,0.9,False,5,0.185,-1.071,2.003,False,True,False,0.12,False,False,False,NONE,False,3,0.102,0.225,0.5,60.04,19,9,0.664,False,False,0.38,0.802,2,2.0,0.23,0.5,True,False,False,False,monthly,unknown,unknown,ord_scan_monthly.csv,10.0
COLB,8,4,4,29.56,False,False,,,,,,False,,False,True,0.25,1.07,True,True,0.391,0.71,0.91,0.9,0.92,False,3,0.383,-0.052,0.095,False,True,False,0.2,False,False,False,NONE,False,3,0.248,0.259,1.3,21.91,22,9,0.736,False,False,0.42,0.839,2,1.7,0.38,1.0,True,False,False,False,monthly,unknown,unknown,ord_scan_monthly.csv,10.0
AHCO,10,4,6,13.17,False,False,,,,,,False,,False,True,0.62,0.94,True,True,0.31,0.465,0.87,1.04,0.98,False,2,0.093,-0.259,-0.346,False,False,True,0.54,False,False,False,NONE,False,0,0.017,0.354,0.0,8.51,54,7,0.947,True,True,0.44,0.953,9,1.0,0.69,0.71,True,False,False,False,weekly,unknown,unknown,ord_scan_weekly.csv,10.0
CC,8,1,7,27.73,False,False,,,,,,False,,False,False,1.0,0.9,True,True,0.859,1.097,0.96,0.81,1.0,False,1,1.003,-0.832,-0.036,False,False,False,1.0,True,False,False,NONE,False,0,0.001,0.442,0.0,15.48,33,5,0.997,True,False,1.0,0.998,3,0.8,0.62,0.38,True,False,True,True,weekly,unknown,unknown,ord_scan_weekly.csv,10.0
CFFN,6,1,5,7.67,False,False,,,,,,False,,False,False,0.43,1.07,True,True,0.077,0.324,0.97,0.95,0.96,False,4,0.05,-0.197,-0.429,False,False,False,0.51,False,False,False,NONE,False,0,0.038,0.13,0.3,6.68,44,37,0.874,True,True,0.28,0.866,1,1.4,0.38,0.4,True,False,False,False,weekly,unknown,unknown,ord_scan_weekly.csv,10.0
CRS,7,1,6,429.41,False,False,,,,,,False,,False,False,0.85,1.07,True,True,1.204,5.074,1.3,0.78,0.94,False,2,1.982,0.818,-0.166,False,False,False,0.75,False,False,False,NONE,False,0,0.064,0.47,0.1,227.57,29,3,0.807,True,False,0.82,0.924,4,0.9,0.54,0.56,True,False,False,False,monthly,unknown,unknown,ord_scan_monthly.csv,9.0
CW,5,1,4,713.14,False,False,,,,,,False,,False,False,0.76,0.85,True,True,0.086,0.198,1.02,0.92,0.95,False,4,0.648,-0.112,1.096,False,False,False,0.85,False,False,False,NONE,False,0,0.047,0.123,0.4,625.65,27,23,0.846,True,False,0.82,0.846,2,1.4,0.46,0.71,True,False,False,False,weekly,unknown,unknown,ord_scan_weekly.csv,9.0
WTS,6,2,4,293.6,False,False,,,,,,False,,False,False,0.8,1.25,True,True,0.424,0.403,1.23,0.95,0.85,False,4,-0.17,-0.249,1.065,False,False,True,0.52,False,False,False,NONE,False,2,0.148,0.149,1.2,249.84,18,10,0.505,False,False,0.74,0.703,3,3.5,0.54,0.57,True,False,False,False,monthly,unknown,unknown,ord_scan_monthly.csv,9.0
BKE,7,1,6,55.27,False,False,NONE,0.81,1.01,False,True,False,,False,False,0.42,0.92,True,True,0.745,0.637,1.1,0.79,0.97,False,4,2.803,-0.828,1.1,False,True,False,0.15,False,False,False,NONE,False,0,0.034,0.213,0.2,43.48,39,11,0.895,True,False,0.31,0.93,4,1.5,0.54,1.0,True,False,False,False,monthly,unknown,unknown,ord_scan_monthly.csv,9.0
AMG,8,1,4,291.07,False,False,,,,,,False,,False,False,0.82,1.08,True,True,0.758,0.739,1.54,1.24,0.87,False,1,0.951,0.911,0.073,True,False,True,0.66,False,False,False,NONE,False,3,0.131,0.313,0.5,199.98,14,7,0.583,False,False,0.69,0.777,1,1.6,0.38,0.5,True,False,False,False,monthly,unknown,unknown,ord_scan_monthly.csv,9.0
ITGR,1,0,1,84.03,False,False,,,,,,False,,False,False,0.81,0.87,False,False,-0.335,-0.28,0.76,1.08,0.57,False,3,0.124,-0.315,0.734,False,False,False,0.94,False,False,False,NONE,False,1,0.426,0.262,2.8,62.0,3,5,0.482,False,False,0.81,0.261,1,2.1,0.46,0.0,True,False,False,False,monthly,unknown,unknown,ord_scan_monthly.csv,9.0
WLK,6,1,5,114.99,False,False,,,,,,False,,False,False,0.95,1.03,True,True,0.457,0.694,0.94,0.84,0.93,False,3,0.477,-0.358,-0.001,False,False,False,0.96,False,False,False,NONE,False,0,0.259,0.206,1.7,91.3,16,12,0.799,False,False,0.95,0.865,3,2.3,0.54,0.57,True,False,False,False,weekly,unknown,unknown,ord_scan_weekly.csv,9.0
EZPW,9,2,7,32.36,False,False,,,,,,False,,False,False,0.83,1.47,True,True,0.977,1.856,1.5,0.85,0.98,False,1,0.371,-0.313,1.251,False,False,False,0.57,False,False,False,NONE,False,0,0.024,0.575,0.0,13.74,51,3,0.934,True,True,0.61,0.967,6,0.7,0.54,0.56,True,False,False,False,monthly,unknown,unknown,ord_scan_monthly.csv,9.0
CROX,3,1,2,103.88,False,False,,,,,,False,,False,False,0.41,1.14,True,False,0.238,0.272,1.31,1.06,0.92,False,1,-0.503,0.815,-0.572,False,False,True,0.32,False,False,False,NONE,False,2,0.372,0.277,2.1,75.13,14,5,0.738,False,False,0.38,0.768,1,1.6,0.54,0.75,True,False,False,False,weekly,unknown,unknown,ord_scan_weekly.csv,9.0
VSCO,2,1,1,52.36,False,False,,,,,,False,,False,False,0.3,1.14,True,False,-0.039,0.485,0.92,0.93,0.78,False,1,1.477,0.678,-1.363,False,False,False,0.29,False,False,False,NONE,False,1,0.217,0.198,1.4,41.99,9,8,0.457,False,False,0.08,0.563,1,3.4,0.38,0.0,True,False,False,False,weekly,unknown,unknown,ord_scan_weekly.csv,9.0
LBRT,8,3,5,32.68,False,False,,,,,,False,,False,False,0.9,1.52,True,True,1.906,0.645,1.44,1.01,0.95,False,1,2.682,0.147,-0.508,False,False,False,0.84,False,False,False,NONE,False,0,0.05,0.702,0.1,9.75,43,3,0.853,True,True,0.71,0.931,1,0.6,0.46,0.8,True,False,False,False,monthly,unknown,unknown,ord_scan_monthly.csv,9.0
AMRX,6,2,4,12.83,False,False,,,,,,False,,False,False,0.41,1.22,True,True,0.675,1.117,1.26,1.14,0.83,False,3,1.099,2.236,-4.359,False,False,True,0.33,False,False,False,NONE,False,0,0.476,0.403,2.3,7.66,19,6,0.454,False,False,0.15,0.747,3,1.4,0.54,1.0,True,False,False,False,monthly,unknown,unknown,ord_scan_monthly.csv,9.0
NX,2,0,2,19.93,False,False,NONE,0.68,0.89,False,True,False,,False,False,0.76,1.01,False,False,0.236,-0.464,0.84,0.83,0.63,False,1,-0.345,-0.031,2.855,False,False,False,0.92,False,False,False,NONE,False,1,0.476,0.451,2.0,10.94,3,3,0.576,False,False,0.8,0.335,2,1.1,0.38,0.0,True,False,False,False,monthly,unknown,unknown,ord_scan_monthly.csv,9.0
WT,6,2,4,16.62,False,False,,,,,,False,,False,False,0.35,1.47,True,True,0.929,0.849,1.58,1.24,0.88,False,1,2.24,15.408,-0.881,False,False,True,0.23,False,False,False,NONE,False,0,0.115,0.36,0.4,10.64,27,4,0.673,False,False,0.3,0.81,2,1.5,0.62,1.0,True,False,False,False,monthly,unknown,unknown,ord_scan_monthly.csv,9.0
VAL,6,1,5,102.23,False,False,,,,,,False,,False,False,1.0,1.04,True,False,2.164,0.358,1.64,0.8,0.97,False,2,-0.373,4.883,3.304,False,False,False,0.83,False,False,False,NONE,False,0,0.03,0.574,0.1,43.53,44,3,0.937,True,True,0.98,0.96,5,0.9,0.69,0.17,True,False,False,False,monthly,unknown,unknown,ord_scan_monthly.csv,9.0
SF,4,2,2,77.03,False,False,,,,,,False,,False,False,0.18,0.99,True,False,0.372,0.531,0.94,1.06,0.86,False,3,1.609,0.399,-0.052,False,True,False,0.07,False,False,False,NONE,False,0,0.139,0.104,1.5,68.99,14,11,0.577,False,False,0.42,0.706,2,4.6,0.46,0.5,True,False,False,False,monthly,unknown,unknown,ord_scan_monthly.csv,9.0
M,4,1,3,19.69,False,False,,,,,,False,,False,False,0.79,0.92,True,True,0.804,0.087,1.05,0.81,0.82,False,2,2.057,-1.136,-0.676,False,False,False,0.58,False,False,False,NONE,False,0,0.38,0.42,1.5,11.43,8,4,0.44,False,False,0.79,0.708,2,1.4,0.46,0.75,True,False,False,False,monthly,unknown,unknown,ord_scan_monthly.csv,9.0
CWEN-A,8,2,6,40.43,False,False,,,,,,False,,False,False,0.96,1.06,True,True,0.213,0.384,1.1,0.95,0.98,False,7,-0.805,0.653,0.467,False,False,False,0.92,False,False,False,NONE,False,0,0.024,0.166,0.1,33.73,40,25,0.922,True,False,0.86,0.922,1,1.2,0.62,0.5,True,True,False,False,weekly,unknown,unknown,ord_scan_weekly.csv,9.0
PRIM,11,1,7,180.35,False,False,,,,,,False,,False,False,0.97,1.13,True,True,2.016,3.275,1.32,0.75,0.98,False,1,0.976,1.654,0.403,True,False,False,0.99,False,False,False,NONE,False,0,0.02,0.517,0.0,87.07,36,2,0.939,True,False,0.92,0.975,2,0.7,0.69,0.5,True,False,False,False,monthly,unknown,unknown,ord_scan_monthly.csv,9.0
TRN,9,2,7,36.22,False,False,,,,,,False,,False,False,0.8,1.39,True,True,0.272,0.35,1.38,0.91,0.99,True,1,0.083,0.441,-0.298,False,False,False,0.85,False,False,False,NONE,False,0,0.04,0.205,0.2,28.78,41,17,0.963,True,False,0.63,0.968,0,1.1,0.54,1.0,True,True,False,False,weekly,unknown,unknown,ord_scan_weekly.csv,9.0
POWI,6,1,5,73.32,False,False,,,,,,False,,False,False,1.0,0.98,True,True,0.603,0.769,1.75,1.01,0.96,False,1,-0.577,-0.091,0.119,False,False,False,1.0,False,False,False,NONE,False,0,0.046,0.394,0.1,44.45,49,2,0.875,True,True,1.0,0.937,7,0.9,0.62,0.38,True,True,False,False,weekly,unknown,unknown,ord_scan_weekly.csv,9.0
ADEA,11,5,6,33.0,False,False,,,,,,False,,False,True,0.97,1.28,True,True,1.717,2.126,1.37,1.19,0.99,False,1,-1.488,1.444,2.214,False,False,True,0.91,True,False,False,NONE,False,0,0.012,0.65,0.0,11.54,45,2,0.973,True,False,0.88,0.984,3,0.7,0.62,0.43,True,False,True,True,monthly,unknown,unknown,ord_scan_monthly.csv,9.0
PFS,9,4,5,22.38,False,False,,,,,,False,,False,True,0.62,1.2,True,True,0.436,0.702,0.95,1.12,0.94,False,4,-0.406,-0.317,-0.142,False,True,False,0.29,False,False,False,NONE,False,0,0.057,0.241,0.3,16.99,34,11,0.839,True,False,0.69,0.886,2,1.7,0.46,1.0,True,False,False,False,monthly,unknown,unknown,ord_scan_monthly.csv,9.0
CVSA,6,1,5,113.86,False,False,,,,,,False,,False,False,0.34,1.17,True,True,0.072,1.215,0.78,0.73,0.73,False,2,1.199,0.876,-0.044,False,False,False,0.47,False,False,False,NONE,False,1,0.271,0.236,1.6,86.97,10,6,0.715,False,False,0.42,0.618,3,1.8,0.46,0.67,True,False,False,False,monthly,unknown,unknown,ord_scan_monthly.csv,9.0
WAFD,11,5,6,35.46,False,False,NONE,1.08,1.14,False,True,False,,False,True,0.31,0.95,True,True,0.287,0.307,0.83,0.98,0.97,False,6,-0.246,-1.241,1.074,False,True,False,0.47,False,False,False,NONE,False,0,0.033,0.27,0.1,25.87,38,13,0.957,True,False,0.5,0.911,2,1.4,0.46,1.0,True,False,False,False,monthly,unknown,unknown,ord_scan_monthly.csv,9.0
AAT,1,1,0,20.78,False,False,,,,,,False,,False,False,0.45,0.81,True,False,0.188,0.09,0.88,0.93,0.78,False,3,-1.548,0.593,-1.0,False,False,False,0.8,False,False,False,NONE,False,2,0.423,0.162,4.5,17.42,7,15,0.765,False,False,0.54,0.476,4,1.6,0.46,0.0,False,False,False,False,monthly,unknown,unknown,ord_scan_monthly.csv,9.0
WABC,10,5,5,55.26,False,False,,,,,,False,,False,True,0.43,0.92,True,True,0.103,0.182,1.0,1.08,0.98,False,6,-0.206,-0.348,0.156,False,True,False,0.31,False,False,False,NONE,False,0,0.035,0.132,0.3,47.96,34,132,0.886,True,False,0.41,0.908,2,1.3,0.38,0.33,False,False,False,False,weekly,unknown,unknown,ord_scan_weekly.csv,9.0
CENX,7,3,4,58.98,False,False,,,,,,False,,False,False,0.91,1.73,True,True,2.594,2.832,1.43,1.05,0.86,False,2,3.466,2.276,-1.013,False,False,True,0.89,False,False,False,NONE,False,0,0.141,0.657,0.3,20.21,25,2,0.565,False,True,0.75,0.831,6,0.8,0.46,0.86,True,False,False,False,monthly,unknown,unknown,ord_scan_monthly.csv,8.0
LAUR,3,1,2,31.24,False,False,,,,,,False,,False,False,0.91,0.92,True,False,0.557,1.144,1.2,1.28,0.82,False,1,3.121,-0.811,0.445,False,False,False,0.62,False,False,False,NONE,False,0,0.176,0.278,0.8,22.57,12,6,0.484,False,False,0.51,0.729,3,2.3,0.62,0.62,True,False,False,False,monthly,unknown,unknown,ord_scan_monthly.csv,8.0
FCFS,7,2,5,219.93,False,False,,,,,,False,,False,False,0.93,1.43,True,True,0.293,0.394,1.33,1.3,0.97,False,2,0.056,-0.244,0.938,False,False,False,0.86,False,False,False,NONE,False,0,0.032,0.201,0.2,175.71,45,16,0.9,True,False,0.89,0.909,4,1.4,0.62,0.88,True,False,False,False,weekly,unknown,unknown,ord_scan_weekly.csv,8.0
KALU,6,1,5,173.72,False,False,,,,,,False,,False,False,0.88,0.9,True,True,0.423,0.939,1.34,1.26,0.96,False,1,0.988,-0.143,-0.336,False,False,False,0.78,False,False,False,NONE,False,0,0.038,0.396,0.1,104.96,41,4,0.897,True,True,0.86,0.926,6,1.1,0.54,0.67,True,False,False,False,weekly,unknown,unknown,ord_scan_weekly.csv,8.0
ARI,7,1,6,11.04,False,False,NONE,1.29,1.15,False,True,False,,False,False,0.8,1.02,True,True,0.302,0.273,1.0,1.03,0.98,False,5,-1.508,1.021,-0.152,False,True,False,0.4,False,False,False,NONE,False,0,0.018,0.193,0.1,8.91,29,13,0.953,True,False,0.59,0.953,2,1.7,0.54,0.67,True,False,False,False,monthly,unknown,unknown,ord_scan_monthly.csv,8.0
CWEN-A,7,1,6,40.43,False,False,,,,,,False,,False,False,0.82,0.97,True,True,0.566,1.121,1.13,0.96,0.98,False,2,0.5,0.621,-0.314,False,False,True,0.68,False,False,False,NONE,False,0,0.024,0.375,0.1,25.27,49,6,0.922,True,True,0.56,0.958,8,0.9,0.62,0.57,True,False,False,False,monthly,unknown,unknown,ord_scan_monthly.csv,8.0
OMCL,2,0,2,42.8,False,False,,,,,,False,,False,False,0.37,0.77,False,False,0.369,0.464,1.27,0.95,0.77,False,1,2.065,0.695,-1.066,False,False,False,0.59,False,False,False,NONE,False,0,0.771,0.321,10.5,29.06,3,1,0.711,False,False,0.5,0.609,2,1.3,0.54,0.0,True,False,False,False,monthly,unknown,unknown,ord_scan_monthly.csv,8.0
WSR,10,4,6,18.94,False,False,,,,,,False,,False,True,0.77,1.11,True,True,0.512,0.638,1.12,1.17,1.0,False,2,-1.345,1.265,-0.326,False,False,False,0.8,False,False,False,NONE,False,0,0.003,0.408,0.0,11.21,49,5,0.99,True,True,0.57,0.993,7,0.8,0.69,0.5,True,False,False,False,monthly,unknown,unknown,ord_scan_monthly.csv,8.0
PR,11,1,7,22.1,False,False,,,,,,False,,False,False,0.9,0.85,True,True,0.382,0.794,1.33,1.11,1.0,True,1,0.741,0.086,1.021,True,False,False,0.93,False,False,False,NONE,False,0,0.0,0.233,0.0,16.95,38,12,0.999,True,False,0.7,0.999,2,1.2,0.69,0.7,True,False,False,False,weekly,unknown,unknown,ord_scan_weekly.csv,8.0
ICHR,4,2,2,64.42,False,False,,,,,,False,,False,False,1.0,1.39,True,False,2.257,0.668,1.89,1.24,0.88,False,1,-0.415,7.467,-1.894,False,False,False,1.0,False,False,False,NONE,False,0,0.116,0.796,0.2,13.12,30,1,0.703,False,True,0.99,0.859,6,0.7,0.46,1.0,True,False,False,False,monthly,unknown,unknown,ord_scan_monthly.csv,8.0
SNEX,11,2,6,105.19,False,False,,,,,,False,,False,False,1.0,1.26,True,True,0.406,0.717,1.27,1.12,0.97,False,2,0.297,0.299,1.018,True,False,False,1.0,False,False,False,NONE,False,0,0.025,0.358,0.1,67.57,41,5,0.93,True,False,0.99,0.949,0,1.1,0.62,0.71,True,False,False,False,weekly,unknown,unknown,ord_scan_weekly.csv,8.0
ULS,7,1,6,91.6,False,False,,,,,,False,,False,False,0.58,1.13,True,True,0.307,0.18,1.0,0.65,0.97,False,3,-0.273,0.973,1.498,False,False,False,0.61,False,False,False,NONE,False,0,0.026,0.153,0.2,77.61,36,32,0.913,True,False,0.49,0.906,1,1.2,0.46,0.2,True,False,False,False,weekly,unknown,unknown,ord_scan_weekly.csv,8.0
UCTT,7,3,4,74.61,False,False,,,,,,False,,False,False,0.89,1.7,True,True,2.99,0.624,2.04,1.69,0.88,False,1,2.821,3.222,-2.239,False,False,False,0.89,False,False,False,NONE,False,0,0.116,0.715,0.2,21.28,27,1,0.614,False,True,0.79,0.855,6,0.7,0.46,1.0,True,False,False,False,monthly,unknown,unknown,ord_scan_monthly.csv,8.0
WSR,11,2,6,18.94,False,False,,,,,,False,,False,False,0.97,1.29,True,True,0.342,0.534,1.11,2.0,1.0,False,3,0.022,0.28,0.294,True,False,False,0.95,False,False,False,NONE,False,0,0.003,0.235,0.0,14.49,47,18,0.989,True,True,0.9,0.991,1,1.0,0.62,0.45,True,False,False,False,weekly,unknown,unknown,ord_scan_weekly.csv,8.0
CRC,7,1,6,68.37,False,False,,,,,,False,,False,False,0.94,0.87,True,True,0.286,0.471,1.18,0.87,0.95,False,3,0.802,-0.332,0.415,False,False,False,0.95,False,False,False,NONE,False,0,0.05,0.179,0.3,56.13,35,13,0.85,True,False,0.85,0.876,2,1.6,0.77,0.57,True,False,False,False,weekly,unknown,unknown,ord_scan_weekly.csv,8.0
SUPN,4,2,2,47.85,False,False,,,,,,False,,False,False,0.56,1.22,True,False,0.473,0.403,1.03,0.9,0.8,False,3,-0.161,2.269,0.159,False,False,True,0.27,False,False,False,NONE,False,2,0.219,0.276,1.0,34.64,17,9,0.528,False,False,0.36,0.654,3,2.8,0.46,1.0,True,False,False,False,monthly,unknown,unknown,ord_scan_monthly.csv,8.0
UGI,6,3,3,35.4,False,False,,,,,,False,,False,False,0.65,1.31,True,False,0.125,0.616,0.93,0.78,0.87,False,6,-0.899,-0.547,1.633,False,False,False,0.54,False,False,False,NONE,False,2,0.188,0.124,1.9,30.99,15,13,0.577,False,False,0.86,0.737,1,4.2,0.38,0.4,True,False,False,False,monthly,unknown,unknown,ord_scan_monthly.csv,7.0
ASB,8,3,5,28.18,False,False,,,,,,False,,True,False,0.24,0.88,True,True,0.325,0.412,0.89,1.14,0.96,False,3,0.02,-1.025,0.555,False,True,False,0.11,False,False,False,NONE,False,0,0.037,0.184,0.2,23.0,44,13,0.908,True,False,0.46,0.908,2,1.8,0.46,0.75,True,False,False,False,monthly,unknown,unknown,ord_scan_monthly.csv,7.0
HWC,8,4,4,67.17,False,False,,,,,,False,,False,True,0.29,1.1,True,True,0.329,0.563,0.99,0.96,0.9,False,3,0.157,-1.133,1.327,False,True,False,0.01,False,False,False,NONE,False,2,0.103,0.207,0.6,53.26,17,11,0.673,False,False,0.6,0.785,2,2.2,0.38,0.71,True,False,False,False,monthly,unknown,unknown,ord_scan_monthly.csv,7.0
NEOG,5,2,3,9.53,False,False,,,,,,False,,False,False,0.58,1.33,True,True,-0.068,0.545,0.92,0.89,0.83,False,3,0.714,-0.589,-1.962,False,False,False,0.62,False,False,False,NONE,False,0,0.487,0.135,7.0,8.24,15,16,0.573,False,False,0.64,0.686,1,4.9,0.46,0.5,False,False,False,False,weekly,unknown,unknown,ord_scan_weekly.csv,7.0
ANDE,11,1,7,79.12,False,False,,,,,,False,,False,False,0.84,1.07,True,True,0.28,0.72,0.96,0.88,0.99,False,2,0.209,0.531,0.339,True,False,False,0.87,False,False,False,NONE,False,0,0.006,0.223,0.0,61.5,37,14,0.98,True,False,0.78,0.986,2,1.2,0.69,0.57,True,False,False,False,weekly,unknown,unknown,ord_scan_weekly.csv,7.0
BOH,6,1,5,80.14,False,False,,,,,,False,,False,False,0.51,1.01,True,True,0.081,0.259,1.01,1.02,0.97,False,4,0.481,-0.138,-0.575,False,False,False,0.43,False,False,False,NONE,False,0,0.031,0.122,0.3,70.38,36,54,0.895,True,False,0.42,0.879,1,1.2,0.46,0.67,True,False,False,False,weekly,unknown,unknown,ord_scan_weekly.csv,7.0
PAHC,6,1,5,54.89,False,False,,,,,,False,,False,False,1.0,1.09,True,True,1.989,3.441,1.41,0.87,0.91,False,2,1.212,1.079,-1.245,False,False,False,1.0,False,False,False,NONE,False,0,0.086,0.538,0.2,25.37,26,3,0.743,False,True,0.96,0.893,5,0.9,0.62,1.0,True,False,False,False,monthly,unknown,unknown,ord_scan_monthly.csv,7.0
GFF,5,2,3,92.55,False,False,,,,,,False,,False,False,0.68,1.26,True,False,0.139,0.257,1.17,1.19,0.95,False,2,0.976,-0.2,0.861,False,False,False,0.65,False,False,False,NONE,False,0,0.049,0.271,0.2,67.51,39,11,0.84,True,True,0.56,0.854,3,1.4,0.38,1.0,True,False,False,False,weekly,unknown,unknown,ord_scan_weekly.csv,7.0
PRAA,0,0,0,22.23,False,False,,,,,,False,,False,False,0.61,0.93,False,False,0.215,-0.148,1.13,1.03,0.87,False,1,-0.042,1.201,-0.596,False,False,False,0.84,False,False,False,NONE,False,1,0.564,0.539,2.4,10.25,18,2,0.957,True,False,0.7,0.651,3,0.7,0.46,0.0,True,False,False,False,monthly,unknown,unknown,ord_scan_monthly.csv,7.0
FIVE,5,1,4,230.52,False,False,,,,,,False,,False,False,0.33,0.95,True,True,0.203,0.466,1.2,1.02,0.92,False,2,-0.762,0.145,0.712,False,False,False,0.54,False,False,False,NONE,False,0,0.084,0.103,0.9,206.75,19,19,0.722,False,False,0.24,0.806,1,2.0,0.54,0.57,True,False,False,False,weekly,unknown,unknown,ord_scan_weekly.csv,7.0
TILE,3,1,2,27.83,False,False,,,,,,False,,False,False,0.41,0.98,True,False,0.485,0.664,1.06,0.92,0.79,False,2,1.898,1.029,-1.249,False,True,False,0.2,False,False,False,NONE,False,1,0.206,0.162,1.6,23.31,11,3,0.322,False,False,0.31,0.655,3,4.0,0.46,0.25,True,False,False,False,monthly,unknown,unknown,ord_scan_monthly.csv,7.0
BANC,8,4,4,18.58,False,False,,,,,,False,,False,True,0.48,1.06,True,True,0.414,0.298,0.99,0.97,0.87,False,3,0.257,-0.72,0.05,False,True,False,0.19,False,False,False,NONE,False,4,0.134,0.262,0.6,13.71,11,9,0.629,False,False,0.57,0.719,2,2.2,0.31,0.25,True,False,False,False,monthly,unknown,unknown,ord_scan_monthly.csv,7.0
CTRE,7,2,5,39.19,False,False,,,,,,False,,False,False,0.76,1.1,True,True,0.394,0.771,1.24,0.99,0.95,False,6,-0.97,1.819,1.645,False,False,True,0.42,False,False,False,NONE,False,0,0.051,0.217,0.2,30.68,35,11,0.857,True,False,0.45,0.895,4,1.7,0.69,0.29,True,False,False,False,monthly,unknown,unknown,ord_scan_monthly.csv,7.0
BNL,6,1,5,19.64,False,False,,,,,,False,,False,False,0.5,1.17,True,True,0.298,0.464,1.08,1.21,0.96,False,5,-0.227,-0.57,-0.292,False,True,False,0.02,False,False,False,NONE,False,0,0.048,0.222,0.2,15.28,43,12,0.865,True,True,0.65,0.897,2,1.4,0.38,0.83,True,False,False,False,monthly,unknown,unknown,ord_scan_monthly.csv,7.0
ZION,9,3,6,63.26,False,False,,,,,,False,,True,False,0.23,0.89,True,True,0.454,0.557,0.79,0.92,0.96,False,3,1.001,0.31,-0.657,False,True,False,0.14,False,False,False,NONE,False,0,0.037,0.281,0.1,45.47,39,7,0.879,True,False,0.31,0.916,2,1.3,0.46,0.67,True,False,False,False,monthly,unknown,unknown,ord_scan_monthly.csv,7.0
TNL,3,1,2,64.4,False,False,,,,,,False,,False,False,0.55,0.97,True,False,0.52,0.441,1.14,0.91,0.8,False,1,1.784,0.852,-0.262,False,True,False,0.39,False,False,False,NONE,False,1,0.198,0.142,1.7,55.24,3,9,0.365,False,False,0.64,0.638,1,4.5,0.38,0.43,True,False,False,False,monthly,unknown,unknown,ord_scan_monthly.csv,7.0
REZI,7,2,5,40.14,False,False,,,,,,False,,False,False,0.62,1.31,True,True,1.392,0.79,1.05,0.82,0.89,False,1,3.127,-2.45,1.8,False,False,False,0.66,False,False,False,NONE,False,0,0.114,0.375,0.3,25.1,21,6,0.798,False,False,0.6,0.834,2,1.1,0.54,1.0,True,False,False,False,monthly,unknown,unknown,ord_scan_monthly.csv,7.0
FTDR,8,1,7,68.8,False,False,,,,,,False,,False,False,0.36,0.86,True,True,0.674,1.112,1.19,0.8,0.97,False,1,-0.344,-0.366,0.864,False,True,False,0.27,False,False,False,NONE,False,0,0.028,0.295,0.1,48.47,39,6,0.912,True,False,0.26,0.952,2,1.2,0.62,0.75,True,False,False,False,monthly,unknown,unknown,ord_scan_monthly.csv,7.0
UNIT,7,4,3,11.77,False,False,,,,,,False,,False,True,0.5,1.16,True,False,0.44,0.294,1.02,1.0,0.97,False,1,0.348,-0.989,-0.202,False,False,False,0.54,False,False,False,NONE,False,0,0.481,0.55,1.7,5.3,39,2,0.92,True,False,0.35,0.95,2,0.8,0.38,1.0,True,False,False,False,monthly,unknown,unknown,ord_scan_monthly.csv,7.0
ELAN,5,2,3,22.51,False,False,,,,,,False,,False,False,0.82,1.21,True,False,1.374,0.383,1.07,0.75,0.81,False,3,-0.161,-0.312,-2.41,False,False,False,0.78,False,False,False,NONE,False,0,0.401,0.405,1.7,13.39,12,7,0.37,False,False,0.87,0.736,3,1.5,0.69,0.67,True,False,False,False,monthly,unknown,unknown,ord_scan_monthly.csv,7.0
RCUS,3,1,2,25.68,False,False,,,,,,False,,False,False,0.84,1.06,True,False,1.935,0.36,1.07,0.92,0.89,False,1,2.073,-2.333,3.256,False,False,False,0.82,False,False,False,NONE,False,0,0.477,0.656,1.4,8.84,18,2,0.651,False,False,0.77,0.863,3,0.7,0.54,1.0,True,False,False,False,monthly,unknown,unknown,ord_scan_monthly.csv,6.0
ADAM,10,4,6,8.89,False,False,,,,,,False,,False,True,0.68,1.14,True,True,0.718,0.642,1.3,0.84,0.95,False,1,-1.021,0.477,-1.032,False,False,True,0.5,False,False,False,NONE,False,2,0.288,0.361,1.1,5.68,29,6,0.864,True,False,0.65,0.915,2,1.1,0.31,0.43,True,False,False,False,monthly,unknown,unknown,ord_scan_monthly.csv,6.0
REX,10,1,6,49.97,False,False,,,,,,False,,False,False,1.0,0.86,True,True,0.478,0.56,1.28,1.06,1.0,False,1,0.413,0.326,0.526,True,False,False,1.0,False,False,False,NONE,False,0,0.003,0.337,0.0,33.11,36,8,0.991,True,False,0.93,0.993,2,0.9,0.62,0.67,True,False,False,False,weekly,unknown,unknown,ord_scan_weekly.csv,6.0
UNFI,12,2,7,51.24,False,False,,,,,,False,,False,False,0.62,1.29,True,True,0.376,0.361,1.0,0.82,0.99,False,2,0.14,0.505,0.059,True,False,False,0.64,False,False,False,NONE,False,0,0.01,0.32,0.0,34.84,33,7,0.97,True,False,0.44,0.976,3,1.1,0.46,0.43,True,False,False,False,weekly,unknown,unknown,ord_scan_weekly.csv,6.0
AIR,6,2,4,110.35,False,False,,,,,,False,,False,False,0.79,1.22,True,True,1.064,0.843,1.36,1.14,0.87,False,2,1.423,1.682,-1.349,False,False,True,0.64,False,False,False,NONE,False,1,0.133,0.353,0.4,71.43,17,4,0.623,False,False,0.72,0.791,2,1.6,0.62,0.83,True,False,False,False,monthly,unknown,unknown,ord_scan_monthly.csv,6.0
LUMN,6,1,5,9.32,False,False,,,,,,False,,False,False,0.88,1.03,True,True,1.633,4.974,0.99,0.79,0.78,False,1,1.626,-1.21,-0.201,False,False,True,0.9,False,False,False,NONE,False,0,0.441,0.638,1.2,3.37,29,1,0.943,True,False,0.9,0.76,3,0.6,0.62,1.0,True,False,False,False,monthly,unknown,unknown,ord_scan_monthly.csv,6.0
ROIV,8,3,5,27.83,False,False,,,,,,False,,False,False,0.98,1.54,True,True,1.395,1.64,1.6,0.81,0.92,False,3,2.872,-1.835,3.613,False,False,False,0.74,False,False,False,NONE,False,0,0.082,0.608,0.1,10.9,33,3,0.733,False,True,0.49,0.884,10,0.7,0.46,0.86,True,False,False,False,monthly,unknown,unknown,ord_scan_monthly.csv,6.0
BC,2,1,1,79.42,False,False,,,,,,False,,False,False,0.59,0.91,True,False,-0.005,0.215,1.06,0.91,0.88,False,1,0.517,-0.341,-0.768,False,False,False,0.62,False,False,False,NONE,False,0,0.116,0.156,0.8,67.06,4,22,0.613,False,False,0.4,0.669,1,2.5,0.46,0.0,False,False,False,False,weekly,unknown,unknown,ord_scan_weekly.csv,6.0
VCTR,8,1,7,77.89,False,False,,,,,,False,,False,False,0.41,0.93,True,True,0.112,0.27,1.23,0.9,0.98,False,2,0.376,0.658,-0.154,False,True,False,0.48,False,False,False,NONE,False,0,0.015,0.218,0.1,60.9,38,52,0.952,True,False,0.31,0.947,3,1.2,0.31,0.33,True,False,False,False,weekly,unknown,unknown,ord_scan_weekly.csv,6.0
DAN,8,3,5,35.87,False,False,,,,,,False,,False,False,0.91,1.61,True,True,1.665,1.985,1.42,0.65,0.91,False,2,4.858,2.081,-2.816,False,False,False,0.91,False,False,False,NONE,False,0,0.093,0.579,0.2,15.1,25,4,0.764,False,True,0.86,0.886,7,0.9,0.54,0.45,True,False,False,False,monthly,unknown,unknown,ord_scan_monthly.csv,6.0
MXL,8,5,3,77.18,False,False,,,,,,False,,False,True,1.0,1.46,True,False,6.726,3.134,2.17,1.17,0.96,False,1,-0.775,4.666,-0.295,False,False,True,1.0,True,False,False,NONE,False,0,0.036,0.835,0.0,12.77,41,1,0.954,True,False,1.0,0.96,2,1.0,0.38,0.33,True,False,True,True,monthly,unknown,unknown,ord_scan_monthly.csv,6.0
ADMA,5,4,1,10.52,False,False,,,,,,False,,False,True,0.26,0.93,True,False,-0.558,0.594,0.85,1.17,0.41,False,1,-0.895,0.946,1.07,False,False,True,0.5,False,False,False,NONE,False,0,0.59,0.315,4.6,7.21,23,2,0.333,False,False,0.53,0.234,5,5.0,0.31,0.0,True,False,False,False,monthly,unknown,unknown,ord_scan_monthly.csv,6.0
USFD,6,2,4,93.04,False,False,,,,,,False,,False,False,0.46,1.37,True,True,0.417,0.724,1.2,1.01,0.91,False,3,0.466,0.522,-0.107,False,True,False,0.38,False,False,False,NONE,False,0,0.089,0.249,0.4,69.88,23,6,0.718,False,True,0.49,0.827,4,1.8,0.46,1.0,True,False,False,False,monthly,unknown,unknown,ord_scan_monthly.csv,6.0
GHC,7,2,5,1134.42,False,False,,,,,,False,,False,False,0.52,0.82,True,True,0.244,0.504,0.99,0.59,0.93,False,6,0.201,-0.504,-0.001,False,True,False,0.14,False,False,False,NONE,False,0,0.071,0.195,0.4,912.76,14,16,0.778,False,False,0.54,0.843,2,1.8,0.31,0.5,True,False,False,False,monthly,unknown,unknown,ord_scan_monthly.csv,6.0
FLEX,11,1,7,91.7,False,False,,,,,,False,,False,False,0.82,1.17,True,True,1.67,2.205,1.35,0.74,0.98,False,1,2.131,0.975,0.61,True,False,False,0.78,False,False,False,NONE,False,0,0.02,0.478,0.0,47.83,36,1,0.935,True,False,0.77,0.973,3,0.7,0.46,0.5,True,False,False,False,monthly,unknown,unknown,ord_scan_monthly.csv,6.0
SNDR,6,1,5,31.47,False,False,,,,,,False,,False,False,0.91,0.94,True,True,0.487,0.439,1.21,0.97,0.94,False,1,-0.826,0.337,-0.155,False,False,False,0.75,False,False,False,NONE,False,0,0.056,0.366,0.2,19.96,26,2,0.817,True,False,0.63,0.861,2,1.1,0.23,0.67,True,False,True,False,monthly,unknown,unknown,ord_scan_monthly.csv,6.0
ATI,5,1,4,155.26,False,False,,,,,,False,,False,False,0.85,1.01,True,True,1.855,2.034,1.5,0.91,0.92,False,2,3.057,2.605,-1.661,False,False,False,0.78,False,False,False,NONE,False,0,0.077,0.546,0.2,70.42,26,4,0.759,False,True,0.68,0.9,9,0.8,0.62,0.62,True,False,False,False,monthly,unknown,unknown,ord_scan_monthly.csv,6.0
FLEX,14,5,6,91.7,False,False,,,,,,False,,False,True,0.94,1.33,True,True,0.455,0.467,1.34,0.93,0.98,False,1,1.102,0.034,0.823,True,False,True,0.98,False,False,False,NONE,False,0,0.02,0.362,0.1,58.53,44,4,0.945,True,False,0.9,0.955,4,1.1,0.54,0.2,True,False,False,False,weekly,unknown,unknown,ord_scan_weekly.csv,6.0
LGND,6,2,4,227.44,False,False,,,,,,False,,False,False,0.76,1.47,True,True,1.07,2.111,1.33,1.1,0.92,False,1,1.697,1.276,-0.484,False,False,False,0.46,False,False,False,NONE,False,0,0.081,0.43,0.2,129.55,29,8,0.77,False,False,0.42,0.889,4,1.1,0.62,0.86,True,False,False,False,monthly,unknown,unknown,ord_scan_monthly.csv,6.0
VAC,0,0,0,72.75,False,False,,,,,,False,,False,False,0.4,0.96,False,False,0.392,-0.264,0.94,0.91,0.78,False,1,0.357,0.787,-0.124,False,False,False,0.81,False,False,False,NONE,False,2,0.559,0.403,3.2,43.46,3,3,0.712,False,False,0.5,0.524,3,1.3,0.23,0.0,True,False,False,False,monthly,unknown,unknown,ord_scan_monthly.csv,6.0
LIVN,1,1,0,61.0,False,False,,,,,,False,,False,False,0.5,0.96,True,False,0.649,0.09,0.98,0.99,0.85,False,2,0.871,-1.238,-2.198,False,False,False,0.24,False,False,False,NONE,False,2,0.536,0.328,3.5,41.01,5,6,0.527,False,False,0.54,0.723,3,1.7,0.46,0.4,True,False,False,False,monthly,unknown,unknown,ord_scan_monthly.csv,6.0
VAL,11,1,7,102.23,False,False,,,,,,False,,False,False,0.97,1.03,True,True,0.771,0.822,1.12,0.71,0.97,False,1,0.846,0.134,0.58,True,False,False,0.98,False,False,False,NONE,False,0,0.03,0.157,0.2,86.18,30,12,0.937,True,False,0.99,0.946,1,1.9,0.54,0.2,True,False,False,False,weekly,unknown,unknown,ord_scan_weekly.csv,6.0
MLI,10,1,6,133.03,False,False,,,,,,False,,False,False,0.87,1.0,True,True,0.829,1.535,1.52,0.71,0.95,False,1,1.253,0.66,0.512,True,False,False,0.75,False,False,False,NONE,False,0,0.048,0.386,0.1,81.7,31,7,0.848,True,False,0.67,0.926,2,1.0,0.69,0.12,True,False,False,False,monthly,unknown,unknown,ord_scan_monthly.csv,6.0
CBU,8,3,5,63.62,False,False,,,,,,False,,True,False,0.16,0.9,True,True,0.203,0.428,0.87,0.85,0.91,False,3,-0.491,-0.603,1.545,False,False,True,0.49,False,False,False,NONE,False,2,0.094,0.215,0.5,49.91,27,18,0.711,False,False,0.26,0.795,2,1.8,0.38,0.5,False,False,False,False,monthly,unknown,unknown,ord_scan_monthly.csv,6.0
AAMI,6,1,5,65.49,False,False,,,,,,False,,False,False,0.93,1.18,True,True,1.438,1.881,1.39,0.96,0.94,False,1,-0.297,0.802,1.258,False,False,False,1.0,False,False,False,NONE,False,0,0.063,0.403,0.2,39.11,29,2,0.791,False,False,0.81,0.91,3,1.0,0.77,0.86,True,False,False,False,monthly,unknown,unknown,ord_scan_monthly.csv,5.0
PBI,11,5,6,15.53,False,False,,,,,,False,,False,True,0.81,1.39,True,True,0.501,0.6,1.53,1.26,0.97,False,1,0.209,0.884,-0.038,False,False,True,0.73,False,False,False,NONE,False,0,0.026,0.376,0.1,9.69,51,3,0.917,True,True,0.63,0.941,6,0.9,0.54,0.43,True,False,False,False,weekly,unknown,unknown,ord_scan_weekly.csv,5.0
STEL,7,2,5,37.5,False,False,,,,,,False,,False,False,0.62,1.34,True,True,0.531,0.61,1.02,1.43,0.94,False,4,-0.675,0.55,-1.09,False,True,False,0.13,False,False,False,NONE,False,0,0.063,0.257,0.3,27.85,25,9,0.792,False,False,0.46,0.87,2,1.5,0.46,1.0,True,False,False,False,monthly,unknown,unknown,ord_scan_monthly.csv,5.0
DXPE,7,1,6,168.9,False,False,,,,,,False,,False,False,0.74,0.87,True,True,0.299,0.412,1.0,1.45,0.97,False,2,1.405,-0.131,0.529,False,False,False,0.74,False,False,False,NONE,False,0,0.029,0.259,0.1,125.23,47,14,0.905,True,True,0.78,0.943,6,1.3,0.46,0.6,True,False,False,False,weekly,unknown,unknown,ord_scan_weekly.csv,5.0
FBNC,5,1,4,57.79,False,False,,,,,,False,,False,False,0.57,1.1,True,True,0.455,0.678,1.05,0.94,0.93,False,4,-0.459,0.345,1.239,False,True,False,0.13,False,False,False,NONE,False,0,0.073,0.231,0.3,44.45,23,10,0.76,False,False,0.55,0.865,2,1.8,0.46,0.8,True,False,False,False,monthly,unknown,unknown,ord_scan_monthly.csv,5.0
MKSI,7,2,5,279.38,False,False,,,,,,False,,False,False,1.0,1.3,True,True,3.012,1.132,1.81,1.02,0.95,False,1,1.518,2.603,-0.585,False,False,False,1.0,False,False,False,NONE,False,0,0.05,0.685,0.1,88.09,34,2,0.843,True,False,1.0,0.939,2,0.6,0.62,0.57,True,False,False,False,monthly,unknown,unknown,ord_scan_monthly.csv,5.0
INDV,6,1,5,37.66,False,False,,,,,,False,,False,False,0.83,0.91,True,True,2.272,0.758,1.45,0.99,0.94,False,1,-0.121,0.947,2.524,False,False,False,0.78,False,False,False,NONE,False,0,0.059,0.476,0.1,19.75,32,2,0.809,True,False,0.56,0.928,2,0.8,0.69,0.67,True,False,False,False,monthly,unknown,unknown,ord_scan_monthly.csv,5.0
CTS,5,1,4,57.0,False,False,,,,,,False,,False,False,0.53,1.18,True,True,0.502,0.228,1.27,0.93,0.96,False,1,1.627,-0.028,-0.097,False,False,False,0.57,False,False,False,NONE,False,0,0.044,0.369,0.1,35.97,29,5,0.855,True,False,0.47,0.898,2,1.0,0.38,0.5,True,False,False,False,monthly,unknown,unknown,ord_scan_monthly.csv,5.0
ARW,10,5,5,184.52,False,False,,,,,,False,,False,True,0.62,1.32,True,True,0.657,0.425,1.55,0.94,0.95,False,1,-0.103,0.981,-0.224,False,False,False,0.78,False,False,False,NONE,False,0,0.047,0.448,0.1,101.79,49,2,0.85,True,True,0.59,0.915,6,0.8,0.38,0.67,True,False,False,False,monthly,unknown,unknown,ord_scan_monthly.csv,5.0
COHU,5,1,4,45.59,False,False,,,,,,False,,False,False,0.98,0.93,True,True,0.597,0.916,1.58,1.54,0.92,False,1,0.135,-0.198,0.084,False,False,False,0.99,False,False,False,NONE,False,0,0.076,0.416,0.2,26.63,27,3,0.785,False,False,0.97,0.867,4,1.1,0.46,0.67,True,True,False,False,weekly,unknown,unknown,ord_scan_weekly.csv,5.0
OGE,9,4,5,48.18,False,False,,,,,,False,,False,False,0.24,1.2,True,True,0.113,0.54,1.06,1.1,0.97,False,13,-0.469,-0.211,0.727,False,False,False,0.37,False,False,False,NONE,False,0,0.03,0.156,0.2,40.68,46,22,0.913,True,False,0.19,0.925,1,1.5,0.62,0.5,True,False,False,False,monthly,unknown,unknown,ord_scan_monthly.csv,5.0
WPC,8,2,6,72.6,False,False,,,,,,False,,False,False,0.6,1.18,True,True,0.23,0.468,1.19,0.9,0.97,False,10,-1.584,0.357,1.768,False,True,False,0.29,False,False,False,NONE,False,0,0.028,0.153,0.2,61.48,37,13,0.912,True,False,0.47,0.925,2,1.5,0.46,1.0,True,False,False,False,monthly,unknown,unknown,ord_scan_monthly.csv,5.0
PSMT,6,1,5,158.21,False,False,,,,,,False,,False,False,0.89,1.03,True,True,0.118,0.383,1.01,1.15,0.96,False,4,0.32,-0.182,0.047,False,False,False,0.87,False,False,False,NONE,False,0,0.044,0.121,0.4,139.08,30,23,0.858,True,False,0.87,0.862,1,1.4,0.54,0.5,True,False,False,False,weekly,unknown,unknown,ord_scan_weekly.csv,5.0
FHI,7,2,5,54.12,False,False,,,,,,False,,False,False,0.7,1.15,True,True,0.371,0.645,1.05,0.89,0.92,False,6,0.024,-0.271,1.015,False,False,False,0.35,False,False,False,NONE,False,1,0.083,0.149,0.6,46.04,17,11,0.731,False,False,0.6,0.836,1,2.1,0.54,0.5,True,False,False,False,monthly,unknown,unknown,ord_scan_monthly.csv,5.0
ONTO,6,1,5,292.92,False,False,,,,,,False,,False,False,0.93,1.12,True,True,1.402,0.618,1.46,0.71,0.93,False,1,2.499,6.494,-1.746,False,False,False,0.92,False,False,False,NONE,False,0,0.073,0.695,0.1,89.4,26,1,0.801,True,False,0.81,0.9,2,0.7,0.62,0.33,True,False,False,False,monthly,unknown,unknown,ord_scan_monthly.csv,5.0
HLX,6,1,5,10.29,False,False,,,,,,False,,False,False,0.76,1.11,True,True,0.296,0.531,1.05,1.04,0.96,False,1,0.726,-0.47,0.942,False,False,False,0.8,False,False,False,NONE,False,1,0.211,0.166,1.6,8.58,25,13,0.86,True,False,0.68,0.901,2,1.4,0.46,0.5,False,False,False,False,weekly,unknown,unknown,ord_scan_weekly.csv,5.0
CE,7,1,6,69.24,False,False,NONE,1.02,0.82,False,True,False,,False,False,0.88,1.04,True,True,0.56,0.804,0.93,0.98,0.99,False,2,-0.559,-0.008,-0.459,False,False,False,0.88,False,False,False,NONE,False,0,0.586,0.327,4.3,46.62,30,7,0.983,True,False,0.7,0.989,3,1.0,0.46,0.71,True,False,False,False,weekly,unknown,unknown,ord_scan_weekly.csv,5.0
ENTG,5,1,4,142.29,False,False,,,,,,False,,False,False,0.94,0.88,True,True,0.207,0.558,1.23,1.04,0.89,False,1,0.859,-0.189,-0.527,False,False,False,0.95,False,False,False,NONE,False,0,0.105,0.247,0.5,107.18,8,4,0.677,False,False,0.96,0.816,1,2.0,0.54,0.5,True,False,False,False,weekly,unknown,unknown,ord_scan_weekly.csv,5.0
VIR,8,3,5,10.0,False,False,,,,,,False,,False,False,0.83,1.67,True,True,0.344,0.678,1.11,0.62,0.86,False,1,-1.114,-0.476,0.62,False,False,False,0.84,False,False,False,NONE,False,0,0.308,0.274,1.6,7.26,11,9,0.623,False,False,0.73,0.757,1,2.2,0.31,0.33,True,False,False,False,weekly,unknown,unknown,ord_scan_weekly.csv,5.0
FSS,7,2,5,121.61,False,False,NONE,1.07,1.13,True,True,False,1.56,False,False,0.67,1.29,True,True,0.501,0.451,1.09,0.77,0.92,False,1,-0.801,0.877,0.369,False,True,False,0.36,False,False,False,NONE,False,1,0.083,0.152,0.6,103.11,19,11,0.729,False,False,0.7,0.835,2,2.8,0.38,0.8,True,False,False,False,monthly,unknown,unknown,ord_scan_monthly.csv,5.0
RMBS,6,2,4,111.93,False,False,,,,,,False,,False,False,0.66,1.32,True,True,1.294,0.811,1.74,1.35,0.69,False,1,0.745,5.586,-0.029,False,False,False,0.6,False,False,False,NONE,False,0,0.308,0.4,1.1,67.15,8,1,0.358,False,False,0.64,0.599,2,2.8,0.23,0.67,True,False,False,False,monthly,unknown,unknown,ord_scan_monthly.csv,5.0
VSTS,10,4,6,9.71,False,False,,,,,,False,,False,True,0.47,1.15,True,True,0.487,0.85,1.03,0.58,0.94,False,2,-0.146,0.054,-2.213,False,False,True,0.4,False,False,False,NONE,False,0,0.453,0.276,3.0,7.03,27,6,0.8,False,True,0.41,0.879,1,1.5,0.62,0.33,True,False,False,False,weekly,unknown,unknown,ord_scan_weekly.csv,5.0
AKR,5,2,3,21.51,False,False,,,,,,False,,False,False,0.34,0.98,True,False,0.173,0.381,1.02,0.81,0.87,False,9,-0.92,-0.109,0.451,False,False,False,0.66,False,False,False,NONE,False,0,0.133,0.182,0.8,17.6,11,15,0.702,False,False,0.38,0.666,2,1.8,0.46,0.0,False,False,False,False,monthly,unknown,unknown,ord_scan_monthly.csv,5.0
VTOL,10,4,6,49.29,False,False,,,,,,False,,False,True,0.56,1.02,True,True,0.702,0.817,1.01,1.04,0.98,False,4,-0.322,0.95,-1.856,False,True,False,0.23,False,False,False,NONE,False,0,0.02,0.337,0.1,32.66,38,6,0.936,True,False,0.43,0.962,2,1.0,0.69,1.0,True,False,False,False,monthly,unknown,unknown,ord_scan_monthly.csv,5.0
MDU,10,2,8,22.6,False,False,,,,,,False,,False,False,0.66,1.1,True,True,0.359,0.72,0.76,0.69,0.99,False,7,0.218,-0.808,0.999,False,True,False,0.32,False,False,False,NONE,False,0,0.007,0.318,0.0,15.41,28,8,0.98,True,False,0.61,0.986,2,1.0,0.54,0.4,True,False,False,False,monthly,unknown,unknown,ord_scan_monthly.csv,5.0
KEX,9,4,5,147.22,False,False,,,,,,False,,False,True,0.56,1.15,True,True,0.528,0.544,1.08,0.93,0.93,False,2,-0.607,0.221,0.717,False,False,False,0.63,False,False,False,NONE,False,0,0.066,0.46,0.2,79.52,34,4,0.778,False,True,0.62,0.866,7,0.9,0.46,0.75,True,False,False,False,monthly,unknown,unknown,ord_scan_monthly.csv,5.0
TDS,7,1,6,45.48,False,False,,,,,,False,,False,False,0.37,1.05,True,True,0.218,1.902,0.85,0.76,0.95,False,5,1.136,-0.59,31.215,False,True,False,0.04,False,False,False,NONE,False,0,0.048,0.213,0.2,35.79,33,11,0.851,True,False,0.59,0.933,2,1.7,0.46,1.0,True,False,False,False,monthly,unknown,unknown,ord_scan_monthly.csv,5.0
RBC,7,1,6,595.76,False,False,,,,,,False,,False,False,0.84,0.95,True,True,0.192,0.39,1.18,0.95,0.98,False,4,0.28,-0.135,0.523,False,False,False,0.88,False,False,False,NONE,False,0,0.019,0.126,0.2,520.68,32,20,0.936,True,False,0.73,0.939,1,1.2,0.54,0.62,True,False,False,False,weekly,unknown,unknown,ord_scan_weekly.csv,5.0
FFBC,10,4,6,30.41,False,False,,,,,,False,,False,True,0.49,0.96,True,True,0.365,0.462,0.97,1.42,0.97,False,4,-0.399,-0.171,0.642,False,True,False,0.36,False,False,False,NONE,False,0,0.026,0.256,0.1,22.62,37,13,0.926,True,False,0.52,0.933,2,1.4,0.54,1.0,True,False,False,False,monthly,unknown,unknown,ord_scan_monthly.csv,5.0
ONB,6,1,5,24.07,False,False,,,,,,False,,True,False,0.4,0.83,True,True,0.199,0.471,0.9,0.83,0.93,False,3,-0.653,-0.627,0.379,False,True,False,0.3,False,False,False,NONE,False,0,0.075,0.204,0.4,19.15,17,13,0.798,False,False,0.67,0.83,2,2.3,0.46,0.0,True,False,False,False,monthly,unknown,unknown,ord_scan_monthly.csv,5.0
ENVA,6,1,5,170.93,False,False,,,,,,False,,False,False,0.47,0.92,True,True,0.862,1.721,1.16,0.9,0.97,False,1,2.675,3.296,-2.311,False,False,True,0.21,False,False,False,NONE,False,0,0.033,0.417,0.1,99.61,43,6,0.901,True,False,0.16,0.952,2,0.9,0.62,0.83,True,False,False,False,monthly,unknown,unknown,ord_scan_monthly.csv,4.0
SITM,7,2,5,558.63,False,False,,,,,,False,,False,False,0.82,1.3,True,True,2.804,4.992,1.46,1.01,0.95,False,1,10.375,-0.305,2.678,False,False,True,0.77,False,False,False,NONE,False,0,0.055,0.666,0.1,186.49,37,1,0.875,True,False,0.82,0.937,2,0.8,0.38,0.86,True,False,False,False,monthly,unknown,unknown,ord_scan_monthly.csv,4.0
ORA,5,1,4,113.5,False,False,,,,,,False,,False,False,0.92,0.9,True,True,0.571,0.738,1.33,1.13,0.86,False,3,-0.363,0.299,0.849,False,False,True,0.61,False,False,False,NONE,False,0,0.143,0.261,0.6,83.84,14,8,0.565,False,False,0.73,0.743,3,2.1,0.77,0.44,True,False,False,False,monthly,unknown,unknown,ord_scan_monthly.csv,4.0
ORI,3,1,2,39.26,False,False,,,,,,False,,False,False,0.4,0.9,True,False,0.137,0.534,1.24,1.09,0.9,False,4,0.005,-0.138,0.794,False,True,False,0.35,False,False,False,NONE,False,0,0.099,0.161,0.7,32.94,16,16,0.716,False,False,0.31,0.779,2,2.5,0.46,0.6,True,False,False,False,monthly,unknown,unknown,ord_scan_monthly.csv,4.0
LRN,5,1,4,93.08,False,False,,,,,,False,,False,False,0.83,0.89,True,False,-0.346,0.476,0.58,0.85,0.54,False,2,-1.584,0.184,3.545,False,False,False,0.96,False,False,False,NONE,False,0,0.456,0.349,2.4,60.61,11,4,0.759,False,True,0.7,0.321,5,1.5,0.38,0.0,True,False,False,False,monthly,unknown,unknown,ord_scan_monthly.csv,4.0
CDP,9,4,5,31.01,False,False,NONE,1.09,1.13,False,True,False,,False,True,0.16,1.11,True,True,0.24,0.415,0.9,0.98,0.93,False,4,-0.41,-0.613,1.34,False,False,False,0.24,False,False,False,NONE,False,0,0.068,0.159,0.5,26.07,28,13,0.78,False,False,0.2,0.823,2,2.0,0.31,0.5,True,False,False,False,monthly,unknown,unknown,ord_scan_monthly.csv,4.0
TCBI,7,1,6,101.38,False,False,,,,,,False,,False,False,0.31,0.86,True,True,0.488,0.647,0.97,0.84,0.93,False,3,0.625,0.509,-0.081,False,True,False,0.0,False,False,False,NONE,False,0,0.069,0.256,0.3,75.41,21,7,0.775,False,False,0.43,0.861,2,1.6,0.46,0.75,True,False,False,False,monthly,unknown,unknown,ord_scan_monthly.csv,4.0
MTSI,11,2,6,284.18,False,False,,,,,,False,,False,False,0.96,1.25,True,True,0.297,0.918,1.1,0.83,0.97,False,2,0.24,0.968,0.365,True,False,False,0.94,False,False,False,NONE,False,0,0.033,0.305,0.1,197.63,34,4,0.889,True,False,0.92,0.935,1,1.1,0.62,0.38,True,False,False,False,weekly,unknown,unknown,ord_scan_weekly.csv,4.0
SXT,7,2,5,112.93,False,False,,,,,,False,,False,False,0.92,1.35,True,True,0.222,0.697,1.43,0.88,0.87,False,1,-0.881,-0.236,1.046,False,False,False,0.76,False,False,False,NONE,False,0,0.127,0.272,0.5,82.24,16,1,0.605,False,False,0.92,0.748,3,1.9,0.38,0.8,True,False,False,False,monthly,unknown,unknown,ord_scan_monthly.csv,4.0
BKU,5,1,4,46.59,False,False,,,,,,False,,False,False,0.61,0.99,True,True,0.483,0.796,1.0,0.9,0.9,False,3,0.594,-0.083,-1.47,False,True,False,0.19,False,False,False,NONE,False,0,0.097,0.269,0.4,34.05,15,7,0.709,False,False,0.64,0.827,2,1.8,0.31,0.8,True,False,False,False,monthly,unknown,unknown,ord_scan_monthly.csv,4.0
LBRT,6,1,5,32.68,False,False,NONE,0.78,1.33,True,True,False,1.12,False,False,0.86,1.1,True,True,0.33,0.819,1.03,0.91,0.95,False,1,1.265,-0.203,0.569,False,False,False,0.9,False,False,False,NONE,True,0,0.05,0.209,0.3,25.83,26,11,0.841,True,False,0.87,0.912,1,1.7,0.46,0.43,True,False,False,False,weekly,unknown,unknown,ord_scan_weekly.csv,4.0
VIRT,5,1,4,48.12,False,False,,,,,,False,,False,False,0.91,0.91,True,True,0.166,0.399,1.31,1.19,0.92,False,3,-0.02,0.504,0.041,False,False,False,0.91,False,False,False,NONE,False,0,0.078,0.196,0.4,38.7,17,13,0.739,False,False,0.93,0.804,0,1.7,0.38,0.33,True,True,False,False,weekly,unknown,unknown,ord_scan_weekly.csv,4.0
XPO,7,1,6,215.28,False,False,,,,,,False,,False,False,0.87,1.06,True,True,0.454,0.496,1.05,0.82,0.93,False,3,1.333,-0.06,0.484,False,False,False,0.93,False,False,False,NONE,False,0,0.07,0.175,0.4,177.56,24,12,0.809,True,False,0.75,0.848,2,2.7,0.46,0.6,True,False,False,False,weekly,unknown,unknown,ord_scan_weekly.csv,4.0
MUR,7,1,6,40.73,False,False,,,,,,False,,False,False,0.71,0.98,True,True,0.368,0.47,1.17,0.8,0.94,False,1,0.446,-0.713,1.016,False,False,False,0.83,False,False,False,NONE,False,0,0.06,0.256,0.3,30.29,24,9,0.8,False,False,0.59,0.85,2,1.5,0.62,0.83,True,False,False,False,weekly,unknown,unknown,ord_scan_weekly.csv,4.0
CHEF,8,1,7,78.83,False,False,,,,,,False,,False,False,0.3,0.83,True,True,0.384,1.093,1.27,0.86,0.99,False,1,1.631,0.796,-0.257,False,True,False,0.11,False,False,False,NONE,False,0,0.007,0.325,0.0,53.2,36,7,0.978,True,False,0.34,0.988,1,1.0,0.54,0.75,True,False,False,False,monthly,unknown,unknown,ord_scan_monthly.csv,4.0
ZWS,7,2,5,51.28,False,False,NONE,1.16,1.18,True,True,False,1.52,False,False,0.58,1.25,True,True,0.524,0.561,1.25,0.93,0.95,False,2,1.822,-0.225,-1.343,False,True,False,0.38,False,False,False,NONE,False,0,0.046,0.162,0.3,42.97,31,10,0.864,True,False,0.66,0.906,2,2.5,0.54,1.0,True,False,False,False,monthly,unknown,unknown,ord_scan_monthly.csv,4.0
UMBF,7,1,6,129.24,False,False,,,,,,False,,True,False,0.46,0.9,True,True,0.387,0.539,0.98,0.89,0.95,False,3,-0.243,-0.547,0.774,False,True,False,0.23,False,False,False,NONE,False,0,0.047,0.206,0.2,102.6,33,12,0.85,True,False,0.67,0.897,2,1.5,0.54,0.0,True,False,False,False,monthly,unknown,unknown,ord_scan_monthly.csv,4.0
AEIS,11,1,7,389.05,False,False,,,,,,False,,False,False,1.0,0.76,True,True,0.524,0.921,1.09,0.9,0.98,False,3,0.525,0.557,0.205,True,False,False,0.98,False,False,False,NONE,False,0,0.021,0.28,0.1,280.0,33,11,0.934,True,False,0.97,0.96,1,1.2,0.46,0.62,True,False,False,False,weekly,unknown,unknown,ord_scan_weekly.csv,4.0
WT,5,1,4,16.62,False,False,,,,,,False,,False,False,0.82,0.94,True,True,0.028,0.396,1.25,0.99,0.88,False,1,0.545,0.341,-0.068,False,False,False,0.85,False,False,False,NONE,False,0,0.115,0.206,0.6,13.2,4,16,0.658,False,False,0.9,0.734,1,2.5,0.31,0.4,True,False,False,False,weekly,unknown,unknown,ord_scan_weekly.csv,4.0
OSIS,5,1,4,282.5,False,False,,,,,,False,,False,False,0.66,0.98,True,True,0.38,0.978,1.12,1.0,0.91,False,3,-0.479,1.502,2.131,False,True,False,0.38,False,False,False,NONE,False,0,0.094,0.278,0.4,204.0,16,9,0.729,False,False,0.72,0.842,1,1.7,0.38,0.75,True,False,False,False,monthly,unknown,unknown,ord_scan_monthly.csv,3.0
JAZZ,10,4,6,202.72,False,False,,,,,,False,,False,True,0.72,1.03,True,True,0.733,0.683,0.99,0.92,0.98,False,3,2.018,6.214,-3.156,False,False,True,0.57,False,False,False,NONE,False,0,0.023,0.482,0.0,105.0,42,6,0.94,True,False,0.63,0.957,4,0.9,0.69,1.0,True,False,False,False,monthly,unknown,unknown,ord_scan_monthly.csv,3.0
UNF,10,6,4,252.1,False,False,,,,,,False,,False,True,0.7,1.52,True,True,0.423,0.478,1.02,1.44,0.89,False,2,-0.223,-0.724,1.429,False,False,False,0.72,False,False,False,NONE,False,0,0.11,0.416,0.3,147.15,21,3,0.634,False,True,0.67,0.77,2,1.1,0.38,1.0,True,False,False,False,monthly,unknown,unknown,ord_scan_monthly.csv,3.0
WTFC,5,1,4,149.57,False,False,,,,,,False,,False,False,0.34,0.98,True,True,0.367,0.48,0.98,0.91,0.92,False,3,0.925,-0.501,0.883,False,True,False,0.02,False,False,False,NONE,False,0,0.079,0.206,0.4,118.73,19,12,0.761,False,False,0.51,0.828,2,1.9,0.46,0.75,True,False,False,False,monthly,unknown,unknown,ord_scan_monthly.csv,3.0
TXNM,11,3,8,59.2,False,False,,,,,,False,,False,False,0.27,0.96,True,True,0.154,0.693,0.34,0.92,1.0,False,13,-0.417,-0.347,0.821,False,False,False,0.2,False,False,False,NONE,False,0,0.001,0.153,0.0,50.13,35,18,0.998,True,False,0.23,0.998,2,1.2,0.38,0.33,True,False,False,False,monthly,unknown,unknown,ord_scan_monthly.csv,3.0
OVV,8,1,7,60.85,False,False,,,,,,False,,False,False,0.95,0.96,True,True,0.408,0.643,1.31,0.8,0.97,False,1,0.456,-0.267,0.838,False,False,False,0.95,False,False,False,NONE,False,0,0.028,0.216,0.1,47.69,38,12,0.917,True,False,0.86,0.937,2,1.4,0.77,0.88,True,False,False,False,weekly,unknown,unknown,ord_scan_weekly.csv,3.0
TMP,10,4,6,84.55,False,False,,,,,,False,,False,True,0.59,0.94,True,True,0.473,0.819,0.91,1.02,0.97,False,4,-1.328,0.102,1.726,False,True,False,0.33,False,False,False,NONE,False,0,0.025,0.296,0.1,59.53,34,7,0.915,True,False,0.48,0.953,2,1.1,0.54,0.6,True,False,False,False,monthly,unknown,unknown,ord_scan_monthly.csv,3.0
NYT,6,2,4,78.72,False,False,,,,,,False,,False,False,0.79,1.41,True,True,0.536,0.869,1.39,1.07,0.91,False,3,0.559,-0.662,0.324,False,False,True,0.58,False,False,False,NONE,False,0,0.094,0.351,0.3,51.12,27,3,0.711,False,False,0.58,0.824,1,1.3,0.69,0.86,True,False,False,False,monthly,unknown,unknown,ord_scan_monthly.csv,3.0
GMED,6,1,5,91.34,False,False,,,,,,False,,False,False,0.76,1.12,True,True,0.273,0.703,0.97,0.76,0.9,False,4,2.877,-0.584,-1.569,False,False,False,0.84,False,False,False,NONE,False,0,0.099,0.433,0.3,51.79,13,6,0.76,False,False,0.65,0.807,2,1.3,0.31,1.0,True,False,False,False,monthly,unknown,unknown,ord_scan_monthly.csv,3.0
EWBC,10,1,6,125.82,False,False,NONE,1.13,0.71,False,True,False,,False,False,0.26,0.92,True,True,0.509,0.674,0.86,0.97,0.99,False,2,1.688,0.035,1.419,True,True,False,0.05,False,False,False,NONE,False,0,0.013,0.273,0.0,91.48,33,11,0.958,True,False,0.41,0.972,2,1.2,0.31,0.4,True,False,False,False,monthly,unknown,unknown,ord_scan_monthly.csv,3.0
SNX,10,1,6,228.2,False,False,,,,,,False,,False,False,0.87,1.14,True,True,1.092,1.078,1.34,0.91,0.99,False,1,0.382,0.428,2.009,True,False,True,0.77,False,False,False,NONE,False,0,0.015,0.395,0.0,138.07,36,2,0.959,True,False,0.81,0.976,2,1.0,0.69,0.33,True,False,False,False,monthly,unknown,unknown,ord_scan_monthly.csv,3.0
MUSA,8,1,4,596.92,False,False,,,,,,False,,False,False,0.66,0.83,True,False,0.204,0.438,1.33,1.06,1.0,False,1,0.087,0.295,3.042,True,False,False,0.86,False,False,False,NONE,False,0,0.0,0.424,0.0,343.59,33,2,0.999,True,False,0.47,0.999,3,0.8,0.38,0.67,True,False,False,False,monthly,unknown,unknown,ord_scan_monthly.csv,3.0
FIBK,9,5,4,35.45,False,False,,,,,,False,,False,True,0.53,1.23,True,True,0.437,0.474,0.9,1.05,0.91,False,3,-0.253,-0.043,-0.174,False,True,False,0.23,False,False,False,NONE,False,1,0.086,0.254,0.4,26.44,21,9,0.73,False,False,0.59,0.809,2,1.7,0.31,1.0,True,False,False,False,monthly,unknown,unknown,ord_scan_monthly.csv,3.0
NGVT,9,5,4,75.92,False,False,,,,,,False,,False,True,0.86,1.24,True,False,1.302,0.592,0.89,0.93,0.98,False,2,0.28,-0.4,1.575,False,False,True,0.66,False,False,False,NONE,False,0,0.369,0.477,1.2,39.74,40,5,0.936,True,False,0.76,0.965,2,0.8,0.54,0.67,True,False,False,False,monthly,unknown,unknown,ord_scan_monthly.csv,3.0
OII,5,1,4,37.07,False,False,,,,,,False,,False,False,0.79,0.81,True,True,0.232,0.592,1.23,1.04,0.92,False,1,1.371,-0.319,0.164,False,False,False,0.85,False,False,False,NONE,False,0,0.076,0.117,0.7,32.75,17,14,0.775,False,False,0.7,0.83,2,2.0,0.31,0.83,True,False,False,False,weekly,unknown,unknown,ord_scan_weekly.csv,3.0
NX,5,1,4,19.93,False,False,,,,,,False,,False,False,0.74,0.88,True,True,0.07,0.416,1.03,0.61,0.87,False,2,0.331,-0.499,-0.217,False,False,False,0.71,False,False,False,NONE,False,0,0.427,0.2,3.7,15.94,3,10,0.576,False,False,0.78,0.753,1,2.5,0.31,0.33,True,False,False,False,weekly,unknown,unknown,ord_scan_weekly.csv,3.0
ARW,7,2,5,184.52,False,False,,,,,,False,,False,False,1.0,1.23,True,True,0.393,0.654,1.34,1.05,0.95,False,2,-0.251,0.031,0.243,False,False,False,1.0,False,False,False,NONE,False,0,0.047,0.281,0.2,132.62,37,4,0.843,True,False,1.0,0.9,4,1.3,0.54,1.0,True,False,False,False,weekly,unknown,unknown,ord_scan_weekly.csv,3.0
KOP,8,1,7,41.91,False,False,,,,,,False,,False,False,0.95,0.91,True,True,0.426,0.493,0.97,0.85,0.99,False,1,0.218,-0.653,0.445,False,False,False,0.94,False,False,False,NONE,False,0,0.069,0.204,0.4,33.36,31,12,0.98,True,False,0.88,0.985,3,1.3,0.69,0.38,True,False,False,False,weekly,unknown,unknown,ord_scan_weekly.csv,3.0
VNOM,7,4,3,49.9,False,False,,,,,,False,,False,True,0.29,1.16,True,False,0.306,0.472,0.97,1.34,0.95,False,3,1.334,-0.022,0.11,False,False,False,0.43,False,False,False,NONE,False,0,0.046,0.315,0.2,34.16,46,4,0.997,True,False,0.08,0.879,4,0.9,0.46,0.5,True,False,False,False,monthly,unknown,unknown,ord_scan_monthly.csv,3.0
PHIN,5,1,4,74.02,False,False,,,,,,False,,False,False,0.32,0.86,True,True,0.045,0.439,1.16,0.87,0.92,False,2,0.884,0.535,-0.945,False,False,False,0.55,False,False,False,NONE,False,0,0.083,0.159,0.6,62.27,18,19,0.726,False,False,0.47,0.774,0,2.1,0.46,1.0,False,True,False,False,weekly,unknown,unknown,ord_scan_weekly.csv,3.0
UCTT,6,1,5,74.61,False,False,,,,,,False,,False,False,0.96,0.78,True,True,0.708,1.722,1.25,0.9,0.88,False,1,1.149,0.252,-0.816,False,False,False,0.96,False,False,False,NONE,False,0,0.116,0.347,0.4,48.71,5,4,0.671,False,False,1.0,0.844,1,1.5,0.54,0.33,True,False,False,False,weekly,unknown,unknown,ord_scan_weekly.csv,2.0
BKH,10,5,5,75.5,False,False,,,,,,False,,False,True,0.65,0.94,True,True,0.293,0.508,1.11,1.19,0.96,False,6,-0.448,-0.045,0.549,False,True,False,0.25,False,False,False,NONE,False,0,0.041,0.259,0.2,55.98,36,10,0.87,True,False,0.45,0.901,2,1.4,0.38,1.0,True,False,False,False,monthly,unknown,unknown,ord_scan_monthly.csv,2.0
KNX,6,1,5,64.0,False,False,,,,,,False,,False,False,0.79,1.07,True,True,0.165,0.428,1.11,0.95,0.94,False,2,-0.099,0.131,-0.16,False,False,False,0.71,False,False,False,NONE,False,0,0.055,0.193,0.3,51.64,27,21,0.833,True,False,0.48,0.86,1,1.8,0.62,0.43,True,False,False,False,weekly,unknown,unknown,ord_scan_weekly.csv,2.0
HL,7,2,5,18.06,False,False,,,,,,False,,False,False,0.96,1.39,True,True,2.163,2.792,1.99,0.88,0.53,False,1,0.138,-0.512,2.276,False,False,False,0.95,False,False,False,NONE,False,0,0.471,0.689,1.3,5.61,19,2,0.216,False,False,0.94,0.459,4,1.2,0.38,0.83,True,False,False,False,monthly,unknown,unknown,ord_scan_monthly.csv,2.0
NWE,6,1,5,72.49,False,False,,,,,,False,,False,False,1.0,0.92,True,True,0.301,0.583,1.13,0.97,0.96,False,5,-1.351,0.481,0.677,False,False,True,0.5,False,False,False,NONE,False,0,0.036,0.289,0.1,51.55,34,9,0.886,True,False,0.78,0.916,2,1.3,0.54,0.86,True,False,False,False,monthly,unknown,unknown,ord_scan_monthly.csv,2.0
CALY,7,1,6,15.16,False,False,NONE,1.46,0.86,False,True,False,,False,False,0.43,1.15,True,True,0.056,0.611,0.78,0.85,0.91,False,2,0.541,-0.143,-1.351,False,False,False,0.47,False,False,False,NONE,False,0,0.102,0.186,0.6,12.34,15,16,0.7,False,False,0.38,0.812,2,2.2,0.46,0.5,False,False,False,False,weekly,unknown,unknown,ord_scan_weekly.csv,2.0
SPNT,7,1,6,23.25,False,False,NONE,0.96,1.09,False,True,False,,False,False,0.63,1.12,True,True,0.384,0.829,0.93,0.81,0.97,False,3,0.224,-0.829,-0.838,False,True,False,0.3,False,False,False,NONE,False,0,0.03,0.262,0.1,17.17,31,12,0.903,True,False,0.47,0.942,4,1.3,0.46,0.6,True,False,False,False,monthly,unknown,unknown,ord_scan_monthly.csv,2.0
AM,6,1,5,21.7,False,False,,,,,,False,,False,False,0.51,0.91,True,True,0.394,0.744,1.11,0.85,0.92,False,3,1.039,-2.894,4.298,False,False,False,0.4,False,False,False,NONE,False,0,0.08,0.239,0.4,16.51,14,7,0.733,False,False,0.38,0.838,2,1.7,0.54,0.6,True,False,False,False,monthly,unknown,unknown,ord_scan_monthly.csv,2.0
TRMK,10,4,6,44.91,False,False,,,,,,False,,False,True,0.53,0.95,True,True,0.372,0.683,0.85,1.01,0.98,False,5,-0.256,-0.961,1.329,False,True,False,0.1,False,False,False,NONE,False,0,0.023,0.211,0.1,35.42,37,13,0.936,True,False,0.52,0.951,2,1.4,0.46,0.5,True,False,False,False,monthly,unknown,unknown,ord_scan_monthly.csv,2.0
MD,6,1,5,22.75,False,False,,,,,,False,,False,False,0.66,1.11,True,True,0.766,1.268,0.91,0.82,0.91,False,2,0.592,-0.985,1.286,False,False,False,0.5,False,False,False,NONE,False,0,0.639,0.48,3.7,11.84,21,5,0.732,False,False,0.47,0.878,3,0.9,0.38,1.0,True,False,False,False,monthly,unknown,unknown,ord_scan_monthly.csv,2.0
CATY,10,4,6,56.41,False,False,,,,,,False,,False,True,0.22,1.02,True,True,0.393,0.583,0.99,0.94,0.99,False,2,0.513,-0.059,0.596,False,True,False,0.09,False,False,False,NONE,False,0,0.006,0.242,0.0,42.75,40,13,0.983,True,False,0.27,0.986,2,1.3,0.46,0.25,True,False,True,False,monthly,unknown,unknown,ord_scan_monthly.csv,2.0
AOSL,3,1,2,43.08,False,False,,,,,,False,,False,False,0.83,1.09,True,False,1.288,0.955,0.92,0.91,0.81,False,1,1.08,0.935,-0.849,False,False,False,0.84,False,False,False,NONE,False,0,0.384,0.605,1.0,17.01,21,1,0.881,True,False,0.79,0.727,3,1.0,0.38,1.0,True,False,False,False,monthly,unknown,unknown,ord_scan_monthly.csv,2.0
EFC,7,1,6,13.24,False,False,,,,,,False,,False,False,0.44,0.79,True,True,0.157,0.462,1.07,1.27,0.98,False,4,-0.806,0.315,0.606,False,True,False,0.3,False,False,False,NONE,False,0,0.023,0.166,0.1,11.05,37,22,0.924,True,False,0.31,0.939,2,1.2,0.38,1.0,True,False,False,False,monthly,unknown,unknown,ord_scan_monthly.csv,2.0
HP,9,2,7,40.43,False,False,,,,,,False,,False,False,0.44,1.21,True,True,0.202,0.566,1.13,0.74,0.98,False,1,0.916,-0.383,0.093,False,False,False,0.43,False,False,False,NONE,False,0,0.017,0.19,0.1,32.74,35,17,0.949,True,False,0.5,0.958,2,1.3,0.54,0.6,True,False,False,False,weekly,unknown,unknown,ord_scan_weekly.csv,1.0
KLIC,7,2,5,86.33,False,False,,,,,,False,,False,False,0.97,1.28,True,True,0.511,1.179,1.36,0.94,0.96,False,2,0.371,0.29,-0.247,False,False,False,0.96,False,False,False,NONE,False,0,0.036,0.315,0.1,59.12,32,4,0.885,True,False,0.96,0.941,4,1.2,0.54,0.6,True,False,False,False,weekly,unknown,unknown,ord_scan_weekly.csv,1.0
ITT,6,1,5,209.89,False,False,,,,,,False,,False,False,0.72,1.12,True,True,0.545,0.574,1.17,1.3,0.94,False,2,0.754,-0.404,1.377,False,True,False,0.41,False,False,False,NONE,False,0,0.063,0.227,0.3,162.32,19,10,0.799,False,False,0.83,0.881,2,1.8,0.62,0.33,True,False,False,False,monthly,unknown,unknown,ord_scan_monthly.csv,1.0
REX,8,1,7,49.97,False,False,,,,,,False,,False,False,0.87,1.05,True,True,1.516,0.702,1.49,0.71,1.0,False,2,1.575,-0.189,1.357,False,False,False,0.83,False,False,False,NONE,False,0,0.003,0.502,0.0,24.88,34,2,0.991,True,False,0.71,0.996,4,0.6,0.69,0.25,True,False,False,False,monthly,unknown,unknown,ord_scan_monthly.csv,1.0
CORT,4,1,3,51.42,False,False,,,,,,False,,False,False,0.52,0.78,True,False,-0.285,1.041,0.56,1.2,0.44,False,1,4.338,1.694,-0.658,False,False,False,0.78,False,False,False,NONE,False,0,0.562,0.443,2.9,28.66,15,2,0.988,True,False,0.63,0.317,3,0.9,0.38,0.0,True,False,False,False,monthly,unknown,unknown,ord_scan_monthly.csv,1.0
HCSG,7,3,4,21.3,False,False,,,,,,False,,False,False,0.87,1.56,True,True,0.499,0.707,1.47,0.97,0.87,False,1,-1.04,0.194,1.941,False,False,False,0.65,False,False,False,NONE,False,0,0.551,0.397,3.1,12.84,16,4,0.594,False,False,0.85,0.798,1,1.3,0.46,1.0,True,False,False,False,monthly,unknown,unknown,ord_scan_monthly.csv,1.0
DXPE,9,2,7,168.9,False,False,,,,,,False,,False,False,0.53,1.25,True,True,0.909,2.143,1.23,0.75,0.97,False,1,3.134,3.705,-0.17,False,False,False,0.47,False,False,False,NONE,False,0,0.029,0.502,0.1,84.04,31,4,0.931,True,False,0.55,0.961,2,0.9,0.54,0.57,True,False,False,False,monthly,unknown,unknown,ord_scan_monthly.csv,1.0
OHI,8,2,6,46.98,False,False,,,,,,False,,False,False,0.45,1.01,True,True,0.285,0.706,1.16,0.83,0.96,False,6,-0.033,-0.248,1.464,False,True,False,0.13,False,False,False,NONE,False,0,0.044,0.207,0.2,37.25,31,10,0.858,True,False,0.25,0.908,2,1.8,0.46,0.33,True,False,False,False,monthly,unknown,unknown,ord_scan_monthly.csv,1.0
KMT,8,4,4,38.47,False,False,,,,,,False,,False,True,0.95,1.12,True,True,1.038,0.643,1.4,1.11,0.92,False,2,0.99,-0.3,-0.223,False,False,False,0.91,False,False,False,NONE,False,0,0.085,0.552,0.2,17.23,24,4,0.744,False,True,0.81,0.859,2,0.8,0.62,0.6,True,False,False,False,monthly,unknown,unknown,ord_scan_monthly.csv,1.0
EGBN,4,1,3,26.13,False,False,,,,,,False,,False,False,0.38,1.16,True,True,-0.023,0.562,0.98,0.89,0.89,False,4,0.9,-0.661,-1.157,False,False,False,0.39,False,False,False,NONE,False,1,0.133,0.101,1.5,23.5,7,20,0.644,False,False,0.39,0.781,2,2.2,0.23,0.0,False,False,False,False,weekly,unknown,unknown,ord_scan_weekly.csv,1.0
NLY,8,2,6,22.82,False,False,,,,,,False,,False,False,0.69,0.94,True,True,0.333,0.571,1.03,0.88,0.96,False,7,-1.364,0.171,1.673,False,True,False,0.32,False,False,False,NONE,False,0,0.038,0.206,0.2,18.13,29,11,0.881,True,False,0.48,0.913,2,1.4,0.46,0.67,True,False,False,False,monthly,unknown,unknown,ord_scan_monthly.csv,1.0
TALO,5,1,4,15.56,False,False,,,,,,False,,False,False,0.72,0.8,True,True,0.305,0.586,1.4,0.98,0.92,False,1,0.59,-0.705,0.64,False,False,False,0.76,False,False,False,NONE,False,0,0.085,0.303,0.3,10.85,17,9,0.765,False,False,0.6,0.811,2,1.6,0.62,0.5,True,False,False,False,weekly,unknown,unknown,ord_scan_weekly.csv,1.0
VICR,5,1,4,268.36,False,False,,,,,,False,,False,False,0.9,0.8,True,True,0.702,1.958,1.42,1.13,0.91,False,1,2.545,0.226,-1.1,False,False,False,0.88,False,False,False,NONE,False,0,0.087,0.487,0.2,137.67,19,1,0.719,False,False,0.96,0.88,4,0.9,0.46,0.6,True,False,False,False,weekly,unknown,unknown,ord_scan_weekly.csv,1.0
SNX,11,5,6,228.2,False,False,,,,,,False,,False,True,1.0,1.27,True,True,0.442,0.466,1.69,1.3,0.99,False,2,0.532,-0.504,0.311,False,False,True,1.0,False,False,False,NONE,False,0,0.015,0.352,0.0,147.84,45,4,0.959,True,False,0.98,0.962,4,1.1,0.46,0.71,True,False,False,False,weekly,unknown,unknown,ord_scan_weekly.csv,0.0
CPF,12,5,7,33.7,False,False,,,,,,False,,False,True,0.32,0.99,True,True,0.361,0.841,0.84,0.79,0.95,False,6,-0.427,-0.957,0.062,False,True,False,0.14,False,False,False,NONE,False,0,0.048,0.26,0.2,24.95,35,12,0.844,True,False,0.34,0.906,2,1.5,0.31,0.25,True,False,False,False,monthly,unknown,unknown,ord_scan_monthly.csv,0.0
ONTO,5,1,4,292.92,False,False,,,,,,False,,False,False,0.94,0.91,True,True,0.45,1.17,1.41,1.02,0.93,False,1,0.638,1.237,-0.011,False,False,False,0.91,False,False,False,NONE,False,0,0.073,0.401,0.2,175.49,18,3,0.776,False,False,0.94,0.883,1,1.1,0.38,0.8,True,False,False,False,weekly,unknown,unknown,ord_scan_weekly.csv,0.0
MCY,8,2,6,96.27,False,False,,,,,,False,,False,False,0.8,0.99,True,True,0.765,0.951,0.9,0.61,0.97,False,6,0.002,-0.643,1.02,False,False,True,0.67,False,False,False,NONE,False,0,0.034,0.316,0.1,65.83,29,9,0.899,True,False,0.81,0.939,3,1.2,0.54,0.0,True,False,False,False,monthly,unknown,unknown,ord_scan_monthly.csv,0.0
CAVA,6,1,5,90.98,False,False,,,,,,False,,False,False,0.42,1.03,True,True,0.501,0.693,1.01,0.77,0.92,False,2,0.861,0.82,-0.635,False,False,False,0.44,False,False,False,NONE,False,0,0.472,0.273,3.3,66.15,13,9,0.761,False,False,0.41,0.859,1,1.6,0.38,0.4,True,False,False,False,weekly,unknown,unknown,ord_scan_weekly.csv,0.0
HIMS,4,1,3,27.41,False,False,,,,,,False,,False,False,0.5,1.11,True,False,-0.172,0.772,0.59,0.98,0.38,False,1,1.892,-2.648,9.158,False,False,False,0.61,False,False,False,NONE,False,0,0.624,0.499,3.3,13.74,3,1,0.661,False,False,0.47,0.262,3,1.3,0.31,0.0,True,False,False,False,monthly,unknown,unknown,ord_scan_monthly.csv,0.0
PARR,6,1,5,65.35,False,False,,,,,,False,,False,False,0.95,1.16,True,True,0.732,0.635,1.43,1.06,0.96,False,1,1.078,-1.18,1.695,False,False,False,0.98,False,False,False,NONE,False,0,0.039,0.44,0.1,36.6,37,7,0.877,True,False,0.93,0.921,2,0.8,0.69,0.75,True,False,False,False,weekly,unknown,unknown,ord_scan_weekly.csv,0.0
VLY,7,1,6,13.51,False,False,,,,,,False,,False,False,0.86,1.18,True,True,0.637,0.892,1.03,0.77,0.96,False,2,-0.088,-1.022,0.667,False,True,False,0.53,False,False,False,NONE,False,0,0.043,0.356,0.1,8.7,32,7,0.869,True,False,0.78,0.926,2,1.1,0.46,0.57,True,False,False,False,monthly,unknown,unknown,ord_scan_monthly.csv,-1.0
DAN,6,1,5,35.87,False,False,,,,,,False,,False,False,0.76,0.89,True,True,0.245,0.781,1.24,0.67,0.91,False,1,0.632,0.305,-0.441,False,False,False,0.88,False,False,False,NONE,False,0,0.093,0.147,0.7,30.59,9,14,0.717,False,False,0.79,0.821,0,2.2,0.38,0.25,True,False,False,False,weekly,unknown,unknown,ord_scan_weekly.csv,-1.0
DCOM,9,4,5,36.07,False,False,,,,,,False,,False,True,0.63,0.89,True,True,0.465,1.034,0.92,0.9,0.96,False,2,-0.635,0.063,0.69,False,True,False,0.45,False,False,False,NONE,False,0,0.038,0.301,0.1,25.22,32,6,0.884,True,False,0.62,0.933,2,1.3,0.38,0.67,True,False,False,False,monthly,unknown,unknown,ord_scan_monthly.csv,-1.0
GVA,8,1,7,139.42,False,False,,,,,,False,,False,False,0.74,0.82,True,True,0.723,1.475,1.12,0.83,0.98,False,2,0.865,-1.245,1.884,False,False,False,0.4,False,False,False,NONE,False,0,0.018,0.358,0.1,89.49,34,6,0.943,True,False,0.47,0.971,2,1.0,0.62,0.67,True,False,False,False,monthly,unknown,unknown,ord_scan_monthly.csv,-1.0
KMT,6,1,5,38.47,False,False,,,,,,False,,False,False,0.89,0.96,True,True,0.124,0.775,0.92,0.8,0.92,False,3,0.085,0.037,-0.308,False,False,False,0.92,False,False,False,NONE,False,0,0.085,0.124,0.7,33.71,14,16,0.733,False,False,0.79,0.827,1,2.1,0.38,1.0,False,False,False,False,weekly,unknown,unknown,ord_scan_weekly.csv,-1.0
UNIT,6,1,5,11.77,False,False,,,,,,False,,False,False,0.84,1.18,True,True,0.415,1.043,1.42,1.33,0.97,False,2,0.628,-0.076,-0.69,False,False,False,0.84,False,False,False,NONE,False,0,0.033,0.398,0.1,7.09,34,4,0.904,True,False,0.75,0.939,1,1.0,0.69,0.5,True,False,False,False,weekly,unknown,unknown,ord_scan_weekly.csv,-2.0
FTI,8,1,7,75.79,False,False,,,,,,False,,False,False,0.94,1.11,True,True,0.361,0.836,1.17,1.0,0.97,True,2,1.201,-0.124,1.551,False,False,False,0.93,False,False,False,NONE,False,0,0.026,0.202,0.1,60.51,34,12,0.916,True,False,0.95,0.946,2,1.5,0.62,0.6,True,False,False,False,weekly,unknown,unknown,ord_scan_weekly.csv,-2.0
NPO,6,1,5,285.94,False,False,,,,,,False,,False,False,0.74,1.14,True,True,0.925,0.72,1.14,1.21,0.95,False,1,1.954,1.965,-0.548,False,False,True,0.54,False,False,False,NONE,False,0,0.049,0.295,0.2,201.46,29,5,0.849,True,False,0.7,0.912,2,1.3,0.54,0.67,True,False,False,False,monthly,unknown,unknown,ord_scan_monthly.csv,-2.0
ENS,8,2,6,212.39,False,False,,,,,,False,,False,False,0.95,1.21,True,True,1.474,1.295,1.7,0.95,0.99,False,1,0.694,-0.023,1.685,False,False,False,0.95,False,False,False,NONE,False,0,0.012,0.585,0.0,88.24,37,2,0.96,True,False,0.86,0.981,2,0.5,0.69,0.62,True,False,False,False,monthly,unknown,unknown,ord_scan_monthly.csv,-2.0
LSCC,6,1,5,120.96,False,False,,,,,,False,,False,False,0.86,0.85,True,True,0.502,0.658,1.3,1.01,0.96,False,1,0.926,0.147,-0.145,False,False,False,0.88,False,False,False,NONE,False,0,0.043,0.312,0.1,83.18,26,4,0.871,True,False,0.69,0.918,1,1.3,0.54,0.5,True,False,False,False,weekly,unknown,unknown,ord_scan_weekly.csv,-2.0
PSMT,6,1,5,158.21,False,False,,,,,,False,,False,False,0.72,1.08,True,True,0.575,0.954,1.31,0.9,0.96,False,4,-0.008,0.072,1.128,False,False,True,0.6,False,False,False,NONE,False,0,0.044,0.34,0.1,104.4,32,6,0.862,True,False,0.54,0.92,2,1.1,0.46,0.58,True,False,False,False,monthly,unknown,unknown,ord_scan_monthly.csv,-2.0
ARMK,10,5,5,44.95,False,False,,,,,,False,,False,True,0.34,1.22,True,True,0.36,0.414,0.99,1.07,0.96,False,3,0.38,-0.432,-0.04,False,True,False,0.44,False,False,False,NONE,False,0,0.041,0.225,0.2,34.85,33,12,0.864,True,False,0.47,0.891,4,1.6,0.38,0.33,True,False,False,False,monthly,unknown,unknown,ord_scan_monthly.csv,-2.0
R,6,1,5,249.99,False,False,,,,,,False,,False,False,0.82,1.01,True,True,0.852,1.168,1.27,0.91,0.97,False,1,0.509,-0.518,0.725,False,False,True,0.48,False,False,False,NONE,False,0,0.035,0.375,0.1,156.16,37,5,0.9,True,False,0.72,0.942,2,1.1,0.62,0.62,True,False,False,False,monthly,unknown,unknown,ord_scan_monthly.csv,-2.0
MATX,7,1,6,173.55,False,False,,,,,,False,,False,False,0.82,1.11,True,True,0.611,0.579,1.14,0.71,0.96,False,2,0.532,-0.029,0.408,False,False,False,0.9,False,False,False,NONE,False,0,0.041,0.502,0.1,86.49,29,4,0.875,True,False,0.77,0.922,2,0.8,0.62,0.0,True,False,False,False,monthly,unknown,unknown,ord_scan_monthly.csv,-2.0
NGVT,8,1,7,75.92,False,False,,,,,,False,,False,False,0.41,0.87,True,True,0.154,0.413,0.86,0.76,0.98,False,5,0.792,-0.536,-0.59,False,False,False,0.45,False,False,False,NONE,False,0,0.022,0.171,0.1,62.9,29,20,0.935,True,False,0.37,0.946,1,1.4,0.46,0.5,True,False,False,False,weekly,unknown,unknown,ord_scan_weekly.csv,-2.0
AVT,10,5,5,80.53,False,False,,,,,,False,,False,True,0.79,1.33,True,True,0.759,0.721,1.6,1.11,0.96,False,1,-0.102,0.846,-0.469,False,False,True,0.69,False,False,False,NONE,False,0,0.042,0.457,0.1,43.69,39,2,0.866,True,False,0.76,0.923,2,0.8,0.46,1.0,True,False,False,False,monthly,unknown,unknown,ord_scan_monthly.csv,-3.0
TRST,8,2,6,48.06,False,False,,,,,,False,,False,False,0.89,0.93,True,True,0.64,0.856,0.99,0.96,0.99,False,6,-0.837,-0.764,1.273,False,False,True,0.63,False,False,False,NONE,False,0,0.006,0.339,0.0,31.76,34,7,0.98,True,False,0.79,0.988,2,0.9,0.46,0.67,True,False,False,False,monthly,unknown,unknown,ord_scan_monthly.csv,-3.0
DY,8,1,7,433.6,False,False,,,,,,False,,False,False,0.78,0.91,True,True,1.588,2.021,1.47,0.79,0.97,False,1,2.691,2.408,-0.065,False,False,False,0.76,False,False,False,NONE,False,0,0.027,0.463,0.1,233.0,28,6,0.931,True,False,0.65,0.962,2,0.9,0.62,0.4,True,False,False,False,monthly,unknown,unknown,ord_scan_monthly.csv,-4.0
OPLN,8,1,7,31.49,False,False,,,,,,False,,False,False,0.85,0.9,True,True,0.701,0.82,0.91,0.86,0.97,False,2,1.147,-0.037,-0.206,False,False,False,0.74,False,False,False,NONE,False,0,0.027,0.235,0.1,24.1,28,11,0.915,True,False,0.82,0.949,3,1.5,0.46,0.62,True,False,False,False,monthly,unknown,unknown,ord_scan_monthly.csv,-4.0
DTM,9,2,7,147.46,False,False,,,,,,False,,False,False,0.53,1.33,True,True,0.561,1.609,1.01,0.79,0.98,False,3,3.287,-0.275,1.955,False,False,False,0.3,False,False,False,NONE,False,0,0.02,0.333,0.1,98.4,33,7,0.936,True,False,0.55,0.968,1,1.0,0.54,0.22,True,False,False,False,monthly,unknown,unknown,ord_scan_monthly.csv,-4.0
SMTC,9,4,5,107.81,False,False,,,,,,False,,False,True,0.43,0.91,True,True,0.352,0.589,1.45,1.36,0.95,False,1,2.354,0.119,-1.485,False,False,True,0.42,False,False,False,NONE,False,0,0.046,0.359,0.1,69.16,32,4,0.881,True,False,0.37,0.901,1,1.3,0.46,0.5,True,False,False,False,weekly,unknown,unknown,ord_scan_weekly.csv,-5.0
ECPG,7,1,6,83.3,False,False,,,,,,False,,False,False,0.95,1.13,True,True,0.509,1.003,1.29,1.33,0.98,False,2,0.215,0.448,-0.357,False,False,False,1.0,False,False,False,NONE,False,0,0.025,0.326,0.1,56.14,28,9,0.928,True,False,0.83,0.952,1,1.2,0.46,0.62,True,False,False,False,weekly,unknown,unknown,ord_scan_weekly.csv,-5.0
DAR,7,1,6,63.77,False,False,,,,,,False,,False,False,0.98,0.83,True,True,0.397,0.99,1.35,1.2,0.98,False,2,-0.379,-0.105,0.063,False,False,False,0.98,False,False,False,NONE,False,0,0.017,0.2,0.1,51.02,31,12,0.943,True,False,0.98,0.966,2,1.3,0.46,0.67,True,False,False,False,weekly,unknown,unknown,ord_scan_weekly.csv,-5.0
ACA,9,4,5,124.76,False,False,,,,,,False,,False,True,0.67,1.05,True,True,0.562,0.46,1.24,0.92,0.95,False,1,0.606,-0.548,2.063,False,True,False,0.5,False,False,False,NONE,False,0,0.047,0.344,0.1,81.79,29,7,0.853,True,False,0.7,0.902,2,1.1,0.46,0.0,True,False,False,False,monthly,unknown,unknown,ord_scan_monthly.csv,-5.0
RES,6,1,5,7.62,False,False,NONE,1.28,0.86,False,True,False,,False,False,0.64,0.91,True,True,0.154,0.487,1.26,1.0,0.93,False,1,0.591,-0.47,0.763,False,False,True,0.63,False,False,False,NONE,False,0,0.066,0.249,0.3,5.72,14,9,0.779,False,False,0.62,0.831,1,1.6,0.46,0.4,True,False,False,False,weekly,unknown,unknown,ord_scan_weekly.csv,-5.0
DY,7,1,6,433.6,False,False,,,,,,False,,False,False,0.5,1.01,True,True,0.19,0.507,1.13,0.93,0.97,False,3,-0.257,1.454,0.739,False,False,False,0.49,False,False,False,NONE,False,0,0.027,0.253,0.1,323.79,30,23,0.924,True,False,0.32,0.931,0,1.5,0.46,0.67,False,False,False,False,weekly,unknown,unknown,ord_scan_weekly.csv,-8.0
