date,close
1990-01-02,3.9844
1990-01-03,3.9688
1990-01-04,3.9297
1990-01-05,3.7969
1990-01-08,3.8047
1990-01-09,3.8516
1990-01-10,3.8359
1990-01-11,3.8906
1990-01-12,3.8359
1990-01-15,3.8750
1990-01-16,3.8203
1990-01-17,3.8047
1990-01-18,3.8047
1990-01-19,3.8047
1990-01-22,3.6875
1990-01-23,3.6328
1990-01-24,3.5703
1990-01-25,3.4531
1990-01-26,3.4062
1990-01-29,3.3828
1990-01-30,3.3203
1990-01-31,3.3984
1990-02-01,3.4375
1990-02-02,3.5234
1990-02-05,3.5547
1990-02-06,3.5547
1990-02-07,3.6016
1990-02-08,3.6641
1990-02-09,3.6875
1990-02-12,3.5859
1990-02-13,3.5547
1990-02-14,3.5234
1990-02-15,3.5625
1990-02-16,3.5156
1990-02-20,3.4688
1990-02-21,3.5000
1990-02-22,3.4766
1990-02-23,3.4531
1990-02-26,3.4609
1990-02-27,3.5234
1990-02-28,3.5469
1990-03-01,3.4844
1990-03-02,3.4688
1990-03-05,3.4297
1990-03-06,3.4688
1990-03-07,3.5859
1990-03-08,3.6797
1990-03-09,3.6250
1990-03-12,3.6797
1990-03-13,3.6484
1990-03-14,3.6641
1990-03-15,3.7500
1990-03-16,3.7734
1990-03-19,3.7891
1990-03-20,3.7344
1990-03-21,3.7578
1990-03-22,3.6562
1990-03-23,3.6797
1990-03-26,3.6562
1990-03-27,3.6719
1990-03-28,3.7031
1990-03-29,3.7109
1990-03-30,3.7188
1990-04-02,3.6875
1990-04-03,3.7109
1990-04-04,3.6484
1990-04-05,3.6562
1990-04-06,3.5781
1990-04-09,3.5859
1990-04-10,3.6016
1990-04-11,3.5625
1990-04-12,3.6328
1990-04-16,3.6484
1990-04-17,3.6172
1990-04-18,3.5547
1990-04-19,3.5391
1990-04-20,3.5703
1990-04-23,3.5078
1990-04-24,3.5234
1990-04-25,3.5391
1990-04-26,3.5703
1990-04-27,3.5547
1990-04-30,3.5234
1990-05-01,3.5078
1990-05-02,3.5234
1990-05-03,3.5859
1990-05-04,3.6328
1990-05-07,3.7031
1990-05-08,3.6875
1990-05-09,3.7031
1990-05-10,3.7656
1990-05-11,3.8359
1990-05-14,3.8594
1990-05-15,3.8203
1990-05-16,3.8359
1990-05-17,3.8516
1990-05-18,3.8594
1990-05-21,3.9375
1990-05-22,3.9609
1990-05-23,3.9922
1990-05-24,3.9688
1990-05-25,3.9375
1990-05-29,3.9453
1990-05-30,3.9922
1990-05-31,4.0391
1990-06-01,4.0703
1990-06-04,4.1016
1990-06-05,4.0625
1990-06-06,4.0312
1990-06-07,3.9844
1990-06-08,3.9141
1990-06-11,3.9531
1990-06-12,4.0312
1990-06-13,4.1406
1990-06-14,4.1328
1990-06-15,4.1250
1990-06-18,4.0859
1990-06-19,4.1328
1990-06-20,4.1406
1990-06-21,4.1953
1990-06-22,4.1406
1990-06-25,4.1641
1990-06-26,4.1875
1990-06-27,4.2422
1990-06-28,4.3047
1990-06-29,4.2734
1990-07-02,4.2812
1990-07-03,4.3594
1990-07-05,4.2891
1990-07-06,4.2969
1990-07-09,4.3438
1990-07-10,4.3203
1990-07-11,4.4531
1990-07-12,4.5938
1990-07-13,4.5625
1990-07-16,4.6016
1990-07-17,4.6172
1990-07-18,4.5781
1990-07-19,4.4922
1990-07-20,4.4844
1990-07-23,4.3281
1990-07-24,4.4062
1990-07-25,4.4141
1990-07-26,4.3672
1990-07-27,4.3594
1990-07-30,4.3359
1990-07-31,4.3750
1990-08-01,4.4219
1990-08-02,4.2734
1990-08-03,4.1484
1990-08-06,4.0625
1990-08-07,4.0703
1990-08-08,4.2109
1990-08-09,4.2734
1990-08-10,4.1406
1990-08-13,4.2188
1990-08-14,4.3047
1990-08-15,4.3281
1990-08-16,4.2344
1990-08-17,4.1172
1990-08-20,4.1172
1990-08-21,4.0391
1990-08-22,3.9297
1990-08-23,3.7266
1990-08-24,3.8906
1990-08-27,4.0312
1990-08-28,4.0547
1990-08-29,4.1094
1990-08-30,4.0781
1990-08-31,4.0938
1990-09-04,4.0859
1990-09-05,4.0625
1990-09-06,4.0000
1990-09-07,4.0234
1990-09-10,4.0391
1990-09-11,4.0234
1990-09-12,4.0156
1990-09-13,4.0000
1990-09-14,3.9531
1990-09-17,3.9609
1990-09-18,3.9219
1990-09-19,3.9141
1990-09-20,3.7500
1990-09-21,3.7031
1990-09-24,3.5938
1990-09-25,3.6641
1990-09-26,3.6719
1990-09-27,3.6328
1990-09-28,3.7188
1990-10-01,3.9219
1990-10-02,3.9844
1990-10-03,3.9766
1990-10-04,3.9531
1990-10-05,3.9688
1990-10-08,3.9219
1990-10-09,3.8281
1990-10-10,3.7500
1990-10-11,3.6562
1990-10-12,3.7344
1990-10-15,3.8672
1990-10-16,3.8516
1990-10-17,3.8359
1990-10-18,4.0469
1990-10-19,4.1406
1990-10-22,4.1875
1990-10-23,4.1250
1990-10-24,4.1797
1990-10-25,4.1875
1990-10-26,4.1250
1990-10-29,4.1016
1990-10-30,4.1484
1990-10-31,4.1797
1990-11-01,4.1719
1990-11-02,4.2031
1990-11-05,4.2422
1990-11-06,4.2812
1990-11-07,4.2266
1990-11-08,4.2422
1990-11-09,4.3438
1990-11-12,4.4453
1990-11-13,4.3828
1990-11-14,4.3281
1990-11-15,4.1797
1990-11-16,4.1562
1990-11-19,4.2188
1990-11-20,4.2578
1990-11-21,4.3281
1990-11-23,4.3281
1990-11-26,4.3281
1990-11-27,4.3594
1990-11-28,4.3516
1990-11-29,4.3672
1990-11-30,4.4141
1990-12-03,4.4688
1990-12-04,4.5156
1990-12-05,4.5938
1990-12-06,4.4922
1990-12-07,4.4844
1990-12-10,4.5547
1990-12-11,4.5703
1990-12-12,4.5859
1990-12-13,4.6484
1990-12-14,4.6250
1990-12-17,4.6094
1990-12-18,4.6172
1990-12-19,4.6328
1990-12-20,4.6875
1990-12-21,4.6562
1990-12-24,4.6250
1990-12-26,4.6641
1990-12-27,4.6406
1990-12-28,4.6250
1990-12-31,4.6094
1991-01-02,4.4922
1991-01-03,4.3672
1991-01-04,4.3750
1991-01-07,4.3594
1991-01-08,4.2969
1991-01-09,4.2188
1991-01-10,4.2891
1991-01-11,4.3438
1991-01-14,4.3516
1991-01-15,4.3281
1991-01-16,4.3516
1991-01-17,4.4922
1991-01-18,4.5000
1991-01-21,4.4531
1991-01-22,4.4297
1991-01-23,4.4141
1991-01-24,4.4297
1991-01-25,4.3750
1991-01-28,4.3672
1991-01-29,4.2656
1991-01-30,4.3047
1991-01-31,4.3750
1991-02-01,4.4141
1991-02-04,4.5312
1991-02-05,4.5859
1991-02-06,4.6016
1991-02-07,4.5469
1991-02-08,4.5938
1991-02-11,4.7031
1991-02-12,4.6094
1991-02-13,4.7266
1991-02-14,4.5703
1991-02-15,4.6641
1991-02-19,4.6250
1991-02-20,4.5547
1991-02-21,4.5781
1991-02-22,4.6250
1991-02-25,4.6875
1991-02-26,4.6094
1991-02-27,4.6172
1991-02-28,4.6094
1991-03-01,4.6172
1991-03-04,4.6094
1991-03-05,4.6875
1991-03-06,4.7031
1991-03-07,4.6797
1991-03-08,4.6875
1991-03-11,4.6250
1991-03-12,4.6172
1991-03-13,4.6562
1991-03-14,4.7734
1991-03-15,4.7656
1991-03-18,4.7734
1991-03-19,4.6719
1991-03-20,4.7344
1991-03-21,4.7500
1991-03-22,4.7188
1991-03-25,4.7422
1991-03-26,4.7734
1991-03-27,4.7891
1991-03-28,4.7734
1991-04-01,4.7734
1991-04-02,4.8203
1991-04-03,4.9375
1991-04-04,5.0156
1991-04-05,4.9844
1991-04-08,5.0000
1991-04-09,4.9375
1991-04-10,4.9531
1991-04-11,4.9609
1991-04-12,4.9844
1991-04-15,5.0312
1991-04-16,5.0938
1991-04-17,5.2812
1991-04-18,5.2891
1991-04-19,5.1641
1991-04-22,5.0859
1991-04-23,5.0859
1991-04-24,4.9844
1991-04-25,4.9688
1991-04-26,5.0000
1991-04-29,4.9375
1991-04-30,4.9688
1991-05-01,4.9922
1991-05-02,5.0391
1991-05-03,5.0312
1991-05-06,4.9141
1991-05-07,4.9531
1991-05-08,4.9688
1991-05-09,5.0078
1991-05-10,4.9531
1991-05-13,4.9297
1991-05-14,4.8359
1991-05-15,4.7891
1991-05-16,4.7188
1991-05-17,4.7500
1991-05-20,4.8750
1991-05-21,4.8750
1991-05-22,4.9219
1991-05-23,4.9688
1991-05-24,5.0000
1991-05-28,5.0625
1991-05-29,5.0312
1991-05-30,5.1094
1991-05-31,5.1562
1991-06-03,5.0000
1991-06-04,4.9688
1991-06-05,4.9531
1991-06-06,4.9219
1991-06-07,4.8125
1991-06-10,4.8438
1991-06-11,4.8594
1991-06-12,4.8438
1991-06-13,4.9688
1991-06-14,5.0312
1991-06-17,4.9375
1991-06-18,4.9844
1991-06-19,4.8438
1991-06-20,4.8125
1991-06-21,4.8125
1991-06-24,4.6719
1991-06-25,4.7031
1991-06-26,4.6562
1991-06-27,4.6406
1991-06-28,4.5938
1991-07-01,4.6562
1991-07-02,4.6250
1991-07-03,4.6406
1991-07-05,4.6719
1991-07-08,4.7031
1991-07-09,4.6250
1991-07-10,4.5000
1991-07-11,4.5312
1991-07-12,4.6094
1991-07-15,4.7031
1991-07-16,4.7500
1991-07-17,4.7188
1991-07-18,4.8906
1991-07-19,4.9375
1991-07-22,4.8750
1991-07-23,4.7812
1991-07-24,4.8594
1991-07-25,4.9375
1991-07-26,4.9375
1991-07-29,4.8750
1991-07-30,4.9688
1991-07-31,5.0156
1991-08-01,4.9219
1991-08-02,4.8906
1991-08-05,4.9219
1991-08-06,5.0000
1991-08-07,5.0625
1991-08-08,4.9219
1991-08-09,4.9844
1991-08-12,5.0000
1991-08-13,5.0156
1991-08-14,4.9688
1991-08-15,4.9844
1991-08-16,4.9375
1991-08-19,4.8125
1991-08-20,4.8125
1991-08-21,4.9219
1991-08-22,5.0000
1991-08-23,5.0625
1991-08-26,5.1094
1991-08-27,5.0938
1991-08-28,5.1094
1991-08-29,5.1406
1991-08-30,5.1406
1991-09-03,5.0938
1991-09-04,5.0469
1991-09-05,5.0938
1991-09-06,5.0938
1991-09-09,5.0781
1991-09-10,5.0781
1991-09-11,5.0312
1991-09-12,4.9531
1991-09-13,4.9531
1991-09-16,5.0000
1991-09-17,4.9531
1991-09-18,5.0312
1991-09-19,5.0781
1991-09-20,5.0625
1991-09-23,5.0938
1991-09-24,5.2344
1991-09-25,5.2344
1991-09-26,5.3125
1991-09-27,5.2969
1991-09-30,5.3906
1991-10-01,5.4375
1991-10-02,5.4219
1991-10-03,5.3750
1991-10-04,5.4062
1991-10-07,5.2344
1991-10-08,5.2500
1991-10-09,5.2656
1991-10-10,5.3750
1991-10-11,5.3281
1991-10-14,5.3750
1991-10-15,5.4844
1991-10-16,5.5312
1991-10-17,5.3281
1991-10-18,5.2969
1991-10-21,5.2031
1991-10-22,5.1094
1991-10-23,5.0469
1991-10-24,5.1094
1991-10-25,5.0469
1991-10-28,5.2656
1991-10-29,5.3125
1991-10-30,5.2031
1991-10-31,5.2188
1991-11-01,5.1250
1991-11-04,5.0781
1991-11-05,5.1406
1991-11-06,5.1094
1991-11-07,5.2031
1991-11-08,5.2031
1991-11-11,5.1719
1991-11-12,5.3438
1991-11-13,5.2969
1991-11-14,5.3281
1991-11-15,5.2500
1991-11-18,5.1875
1991-11-19,5.0000
1991-11-20,5.0312
1991-11-21,5.1250
1991-11-22,5.1406
1991-11-25,5.1406
1991-11-26,5.2656
1991-11-27,5.2812
1991-11-29,5.2812
1991-12-02,5.3906
1991-12-03,5.3594
1991-12-04,5.3594
1991-12-05,5.3750
1991-12-06,5.3906
1991-12-09,5.4219
1991-12-10,5.4375
1991-12-11,5.4844
1991-12-12,5.5938
1991-12-13,5.7188
1991-12-16,5.6719
1991-12-17,5.7500
1991-12-18,5.7500
1991-12-19,5.7188
1991-12-20,5.7812
1991-12-23,5.9219
1991-12-24,5.8594
1991-12-26,6.0156
1991-12-27,6.0156
1991-12-30,6.0938
1991-12-31,6.1094
1992-01-02,6.0469
1992-01-03,5.9844
1992-01-06,5.9375
1992-01-07,5.9219
1992-01-08,6.1250
1992-01-09,6.2812
1992-01-10,6.2188
1992-01-13,6.1562
1992-01-14,6.1562
1992-01-15,6.0625
1992-01-16,5.9219
1992-01-17,5.8281
1992-01-20,5.8281
1992-01-21,5.8594
1992-01-22,6.0156
1992-01-23,5.8906
1992-01-24,5.8906
1992-01-27,5.9062
1992-01-28,6.0469
1992-01-29,5.7969
1992-01-30,5.9844
1992-01-31,5.8906
1992-02-03,5.8594
1992-02-04,5.8594
1992-02-05,5.9531
1992-02-06,6.0000
1992-02-07,5.9688
1992-02-10,6.0156
1992-02-11,5.9844
1992-02-12,5.9219
1992-02-13,5.8438
1992-02-14,5.8438
1992-02-18,5.8281
1992-02-19,5.7344
1992-02-20,5.8281
1992-02-21,5.8125
1992-02-24,5.8281
1992-02-25,5.9375
1992-02-26,6.0000
1992-02-27,6.0312
1992-02-28,5.8906
1992-03-02,5.8594
1992-03-03,5.9062
1992-03-04,5.7969
1992-03-05,5.7656
1992-03-06,5.8438
1992-03-09,5.8281
1992-03-10,5.8125
1992-03-11,5.7969
1992-03-12,5.6875
1992-03-13,5.8438
1992-03-16,5.8750
1992-03-17,5.8438
1992-03-18,5.7812
1992-03-19,5.8594
1992-03-20,6.0469
1992-03-23,6.0000
1992-03-24,6.0938
1992-03-25,6.1562
1992-03-26,6.1562
1992-03-27,6.0000
1992-03-30,6.2344
1992-03-31,6.1719
1992-04-01,6.1562
1992-04-02,6.0156
1992-04-03,6.0312
1992-04-06,5.9844
1992-04-07,5.8438
1992-04-08,5.8125
1992-04-09,5.9219
1992-04-10,5.9688
1992-04-13,6.0000
1992-04-14,6.1562
1992-04-15,6.2500
1992-04-16,6.1719
1992-04-20,6.1719
1992-04-21,6.1562
1992-04-22,6.3438
1992-04-23,6.2812
1992-04-24,6.2031
1992-04-27,6.2344
1992-04-28,6.2188
1992-04-29,6.1406
1992-04-30,6.2500
1992-05-01,6.1250
1992-05-04,6.2031
1992-05-05,6.3750
1992-05-06,6.4688
1992-05-07,6.3750
1992-05-08,6.3750
1992-05-11,6.4375
1992-05-12,6.3281
1992-05-13,6.3125
1992-05-14,6.2812
1992-05-15,6.3750
1992-05-18,6.4688
1992-05-19,6.5469
1992-05-20,6.5469
1992-05-21,6.4531
1992-05-22,6.4219
1992-05-26,6.3281
1992-05-27,6.4062
1992-05-28,6.5469
1992-05-29,6.6250
1992-06-01,6.6719
1992-06-02,6.6094
1992-06-03,6.6250
1992-06-04,6.5312
1992-06-05,6.5469
1992-06-08,6.5312
1992-06-09,6.4062
1992-06-10,6.3125
1992-06-11,6.2344
1992-06-12,6.2812
1992-06-15,6.3750
1992-06-16,6.4062
1992-06-17,6.2656
1992-06-18,6.1562
1992-06-19,6.1562
1992-06-22,6.1250
1992-06-23,6.2656
1992-06-24,6.3750
1992-06-25,6.3750
1992-06-26,6.4219
1992-06-29,6.5312
1992-06-30,6.4688
1992-07-01,6.5938
1992-07-02,6.6094
1992-07-06,6.6719
1992-07-07,6.5000
1992-07-08,6.4062
1992-07-09,6.5781
1992-07-10,6.5781
1992-07-13,6.5938
1992-07-14,6.6875
1992-07-15,6.6406
1992-07-16,6.6719
1992-07-17,6.6406
1992-07-20,6.5469
1992-07-21,6.5625
1992-07-22,6.4688
1992-07-23,6.4375
1992-07-24,6.3594
1992-07-27,6.3906
1992-07-28,6.5156
1992-07-29,6.5156
1992-07-30,6.5312
1992-07-31,6.5625
1992-08-03,6.5469
1992-08-04,6.5469
1992-08-05,6.5000
1992-08-06,6.5312
1992-08-07,6.6094
1992-08-10,6.6406
1992-08-11,6.6406
1992-08-12,6.6562
1992-08-13,6.6719
1992-08-14,6.7031
1992-08-17,6.8438
1992-08-18,6.9844
1992-08-19,6.9531
1992-08-20,6.9375
1992-08-21,6.9219
1992-08-24,6.8281
1992-08-25,6.8125
1992-08-26,6.8906
1992-08-27,6.8438
1992-08-28,6.9844
1992-08-31,6.9688
1992-09-01,6.9531
1992-09-02,7.0469
1992-09-03,6.9844
1992-09-04,6.9688
1992-09-08,6.9219
1992-09-09,6.9375
1992-09-10,7.0781
1992-09-11,7.1719
1992-09-14,7.0469
1992-09-15,7.0156
1992-09-16,6.9375
1992-09-17,7.0156
1992-09-18,7.1406
1992-09-21,7.1562
1992-09-22,7.0625
1992-09-23,7.0312
1992-09-24,7.1562
1992-09-25,7.1094
1992-09-28,7.2031
1992-09-29,7.1719
1992-09-30,7.1875
1992-10-01,7.2812
1992-10-02,7.3125
1992-10-05,7.1562
1992-10-06,7.0938
1992-10-07,7.0625
1992-10-08,7.2812
1992-10-09,7.1875
1992-10-12,7.2500
1992-10-13,7.2969
1992-10-14,7.2500
1992-10-15,7.2188
1992-10-16,7.2188
1992-10-19,7.2500
1992-10-20,7.3438
1992-10-21,7.3906
1992-10-22,7.3594
1992-10-23,7.2812
1992-10-26,7.4375
1992-10-27,7.5000
1992-10-28,7.4688
1992-10-29,7.4688
1992-10-30,7.4688
1992-11-02,7.3594
1992-11-03,7.1562
1992-11-04,7.0781
1992-11-05,7.0781
1992-11-06,7.1250
1992-11-09,7.2188
1992-11-10,7.1562
1992-11-11,7.2656
1992-11-12,7.3906
1992-11-13,7.4531
1992-11-16,7.3906
1992-11-17,7.3750
1992-11-18,7.3281
1992-11-19,7.3750
1992-11-20,7.5312
1992-11-23,7.5312
1992-11-24,7.5000
1992-11-25,7.4844
1992-11-27,7.5312
1992-11-30,7.3906
1992-12-01,7.4375
1992-12-02,7.3125
1992-12-03,7.3438
1992-12-04,7.4219
1992-12-07,7.4531
1992-12-08,7.2969
1992-12-09,7.2188
1992-12-10,7.2500
1992-12-11,7.1875
1992-12-14,7.2812
1992-12-15,7.2031
1992-12-16,7.2031
1992-12-17,7.1875
1992-12-18,7.1875
1992-12-21,7.1562
1992-12-22,7.0781
1992-12-23,7.0938
1992-12-24,7.1406
1992-12-28,7.0938
1992-12-29,6.9688
1992-12-30,7.0156
1992-12-31,6.9688
1993-01-04,6.8125
1993-01-05,6.9375
1993-01-06,6.9375
1993-01-07,6.8438
1993-01-08,6.8125
1993-01-11,6.8750
1993-01-12,6.9375
1993-01-13,6.9688
1993-01-14,7.0156
1993-01-15,7.0469
1993-01-18,7.0312
1993-01-19,7.0000
1993-01-20,7.0469
1993-01-21,6.9375
1993-01-22,6.9219
1993-01-25,6.9688
1993-01-26,7.0469
1993-01-27,7.0938
1993-01-28,7.0938
1993-01-29,7.0781
1993-02-01,7.1094
1993-02-02,7.2812
1993-02-03,7.4375
1993-02-04,7.4844
1993-02-05,7.4844
1993-02-08,7.5156
1993-02-09,7.5625
1993-02-10,7.5000
1993-02-11,7.4219
1993-02-12,7.3438
1993-02-16,7.2188
1993-02-17,7.0938
1993-02-18,7.2031
1993-02-19,7.3281
1993-02-22,7.3594
1993-02-23,7.5000
1993-02-24,7.5625
1993-02-25,7.7188
1993-02-26,7.7969
1993-03-01,7.7812
1993-03-02,7.9688
1993-03-03,7.9688
1993-03-04,7.9375
1993-03-05,8.0000
1993-03-08,8.1562
1993-03-09,8.1250
1993-03-10,8.1562
1993-03-11,8.1719
1993-03-12,8.1562
1993-03-15,8.0781
1993-03-16,8.0781
1993-03-17,8.2031
1993-03-18,8.3438
1993-03-19,8.3281
1993-03-22,8.2812
1993-03-23,8.0938
1993-03-24,8.1562
1993-03-25,8.2500
1993-03-26,8.2188
1993-03-29,8.2344
1993-03-30,8.2500
1993-03-31,8.2656
1993-04-01,8.2344
1993-04-02,8.0938
1993-04-05,7.7656
1993-04-06,7.5000
1993-04-07,7.5000
1993-04-08,7.5156
1993-04-12,7.6562
1993-04-13,7.7656
1993-04-14,7.7656
1993-04-15,7.7656
1993-04-16,7.3750
1993-04-19,7.2188
1993-04-20,7.3594
1993-04-21,7.3750
1993-04-22,7.5312
1993-04-23,7.4844
1993-04-26,7.4219
1993-04-27,7.3281
1993-04-28,7.2500
1993-04-29,7.3594
1993-04-30,7.4688
1993-05-03,7.4688
1993-05-04,7.5938
1993-05-05,7.6250
1993-05-06,7.5156
1993-05-07,7.5781
1993-05-10,7.6094
1993-05-11,7.8125
1993-05-12,7.7188
1993-05-13,7.5938
1993-05-14,7.4219
1993-05-17,7.3750
1993-05-18,7.2812
1993-05-19,7.4219
1993-05-20,7.5469
1993-05-21,7.4219
1993-05-24,7.4531
1993-05-25,7.5000
1993-05-26,7.5000
1993-05-27,7.3750
1993-05-28,7.3125
1993-06-01,7.0156
1993-06-02,7.0938
1993-06-03,7.0625
1993-06-04,6.8750
1993-06-07,6.6875
1993-06-08,6.6875
1993-06-09,6.6094
1993-06-10,6.7031
1993-06-11,6.7188
1993-06-14,6.8281
1993-06-15,6.9062
1993-06-16,6.9844
1993-06-17,6.9688
1993-06-18,6.9844
1993-06-21,7.1250
1993-06-22,7.1719
1993-06-23,7.0156
1993-06-24,7.0156
1993-06-25,7.1094
1993-06-28,7.1562
1993-06-29,7.2188
1993-06-30,7.2812
1993-07-01,7.2031
1993-07-02,7.1406
1993-07-06,6.9844
1993-07-07,6.9375
1993-07-08,7.1250
1993-07-09,7.2031
1993-07-12,7.2656
1993-07-13,7.2188
1993-07-14,7.1094
1993-07-15,7.0625
1993-07-16,6.8438
1993-07-19,6.6250
1993-07-20,6.6562
1993-07-21,6.3438
1993-07-22,6.0938
1993-07-23,6.1875
1993-07-26,6.1875
1993-07-27,6.2500
1993-07-28,6.3281
1993-07-29,6.3906
1993-07-30,6.4219
1993-08-02,6.3438
1993-08-03,6.3438
1993-08-04,6.2500
1993-08-05,6.2188
1993-08-06,6.1406
1993-08-09,6.1719
1993-08-10,6.1250
1993-08-11,6.0312
1993-08-12,5.9688
1993-08-13,5.8594
1993-08-16,5.9531
1993-08-17,6.1250
1993-08-18,6.4219
1993-08-19,6.4844
1993-08-20,6.4531
1993-08-23,6.3906
1993-08-24,6.3906
1993-08-25,6.4531
1993-08-26,6.4375
1993-08-27,6.3906
1993-08-30,6.4062
1993-08-31,6.5000
1993-09-01,6.5469
1993-09-02,6.4531
1993-09-03,6.4219
1993-09-07,6.4375
1993-09-08,6.4062
1993-09-09,6.4062
1993-09-10,6.4844
1993-09-13,6.5938
1993-09-14,6.6250
1993-09-15,6.7344
1993-09-16,6.7188
1993-09-17,6.5156
1993-09-20,6.6250
1993-09-21,6.6719
1993-09-22,6.7031
1993-09-23,6.6094
1993-09-24,6.6406
1993-09-27,6.6719
1993-09-28,6.6719
1993-09-29,6.6250
1993-09-30,6.5781
1993-10-01,6.5781
1993-10-04,6.7344
1993-10-05,6.8281
1993-10-06,6.8438
1993-10-07,6.8125
1993-10-08,6.8438
1993-10-11,6.9219
1993-10-12,6.9375
1993-10-13,6.9375
1993-10-14,7.1719
1993-10-15,7.3750
1993-10-18,7.2344
1993-10-19,7.0781
1993-10-20,7.1719
1993-10-21,7.2188
1993-10-22,7.1406
1993-10-25,7.3438
1993-10-26,7.2656
1993-10-27,7.3750
1993-10-28,7.3906
1993-10-29,7.3438
1993-11-01,7.3906
1993-11-02,7.3438
1993-11-03,7.2500
1993-11-04,7.2031
1993-11-05,7.1406
1993-11-08,7.1406
1993-11-09,7.1562
1993-11-10,7.1250
1993-11-11,7.0156
1993-11-12,7.0938
1993-11-15,7.0938
1993-11-16,7.3438
1993-11-17,7.2969
1993-11-18,7.3125
1993-11-19,7.2656
1993-11-22,7.3281
1993-11-23,7.2812
1993-11-24,7.2656
1993-11-26,7.2344
1993-11-29,7.2656
1993-11-30,7.4062
1993-12-01,7.4688
1993-12-02,7.4688
1993-12-03,7.4688
1993-12-06,7.6094
1993-12-07,7.6875
1993-12-08,7.6094
1993-12-09,7.6094
1993-12-10,7.5156
1993-12-13,7.5312
1993-12-14,7.6094
1993-12-15,7.6094
1993-12-16,7.6094
1993-12-17,7.5781
1993-12-20,7.5469
1993-12-21,7.5469
1993-12-22,7.6562
1993-12-23,7.6094
1993-12-27,7.6094
1993-12-28,7.6562
1993-12-29,7.6250
1993-12-30,7.6719
1993-12-31,7.7969
1994-01-03,7.6094
1994-01-04,7.5000
1994-01-05,7.4688
1994-01-06,7.3906
1994-01-07,7.5000
1994-01-10,7.5938
1994-01-11,7.6406
1994-01-12,7.6406
1994-01-13,7.5938
1994-01-14,7.6094
1994-01-17,7.5312
1994-01-18,7.5156
1994-01-19,7.4219
1994-01-20,7.5625
1994-01-21,7.5312
1994-01-24,7.5156
1994-01-25,7.4375
1994-01-26,7.3438
1994-01-27,7.4062
1994-01-28,7.4375
1994-01-31,7.4531
1994-02-01,7.4375
1994-02-02,7.5938
1994-02-03,7.6562
1994-02-04,7.6094
1994-02-07,7.6406
1994-02-08,7.6719
1994-02-09,7.7344
1994-02-10,7.6094
1994-02-11,7.6562
1994-02-14,7.7500
1994-02-15,7.9531
1994-02-16,8.1094
1994-02-17,8.0156
1994-02-18,7.9531
1994-02-22,8.1094
1994-02-23,8.0781
1994-02-24,8.0625
1994-02-25,8.1562
1994-02-28,8.1406
1994-03-01,8.0781
1994-03-02,8.0781
1994-03-03,8.0156
1994-03-04,8.0312
1994-03-07,8.1250
1994-03-08,8.0781
1994-03-09,8.1094
1994-03-10,8.0938
1994-03-11,8.0625
1994-03-14,8.0000
1994-03-15,8.0469
1994-03-16,7.9844
1994-03-17,7.9062
1994-03-18,7.8594
1994-03-21,7.8281
1994-03-22,7.8281
1994-03-23,7.5781
1994-03-24,7.4219
1994-03-25,7.4375
1994-03-28,7.3750
1994-03-29,7.2812
1994-03-30,7.2344
1994-03-31,7.2344
1994-04-04,7.1562
1994-04-05,7.2188
1994-04-06,7.1406
1994-04-07,7.0938
1994-04-08,7.0312
1994-04-11,7.0625
1994-04-12,7.0312
1994-04-13,7.0469
1994-04-14,7.2031
1994-04-15,7.1406
1994-04-18,7.1094
1994-04-19,7.0469
1994-04-20,7.2188
1994-04-21,7.2031
1994-04-22,7.2500
1994-04-25,7.2500
1994-04-26,7.2812
1994-04-28,7.2031
1994-04-29,7.3281
1994-05-02,7.4375
1994-05-03,7.3594
1994-05-04,7.3125
1994-05-05,7.1406
1994-05-06,7.1250
1994-05-09,7.0000
1994-05-10,7.0625
1994-05-11,7.0469
1994-05-12,7.0938
1994-05-13,7.0469
1994-05-16,7.0625
1994-05-17,7.2031
1994-05-18,7.2188
1994-05-19,7.2969
1994-05-20,7.2812
1994-05-23,7.3125
1994-05-24,7.2656
1994-05-25,7.2344
1994-05-26,7.2500
1994-05-27,7.2656
1994-05-31,7.1562
1994-06-01,7.0938
1994-06-02,7.2031
1994-06-03,7.2031
1994-06-06,7.2188
1994-06-07,7.2344
1994-06-08,7.1875
1994-06-09,7.1719
1994-06-10,7.1250
1994-06-13,7.1406
1994-06-14,7.2031
1994-06-15,7.1719
1994-06-16,7.1562
1994-06-17,7.1094
1994-06-20,7.0469
1994-06-21,6.8594
1994-06-22,6.6875
1994-06-23,6.6250
1994-06-24,6.5469
1994-06-27,6.6719
1994-06-28,6.6562
1994-06-29,6.6250
1994-06-30,6.5312
1994-07-01,6.5312
1994-07-05,6.4844
1994-07-06,6.6094
1994-07-07,6.6406
1994-07-08,6.7031
1994-07-11,6.6562
1994-07-12,6.6719
1994-07-13,6.5312
1994-07-14,6.6250
1994-07-15,6.6406
1994-07-18,6.6562
1994-07-19,6.5156
1994-07-20,6.5312
1994-07-21,6.3125
1994-07-22,6.4844
1994-07-25,6.4785
1994-07-26,6.5781
1994-07-27,6.5156
1994-07-28,6.6094
1994-07-29,6.6719
1994-08-01,6.5938
1994-08-02,6.5156
1994-08-03,6.5000
1994-08-04,6.4844
1994-08-05,6.5000
1994-08-08,6.5625
1994-08-09,6.6562
1994-08-10,6.7969
1994-08-11,6.7500
1994-08-12,6.8594
1994-08-15,6.8594
1994-08-16,6.9062
1994-08-17,6.9844
1994-08-18,6.9688
1994-08-19,6.9688
1994-08-22,7.1094
1994-08-23,7.0469
1994-08-24,7.1250
1994-08-25,7.1406
1994-08-26,7.2344
1994-08-29,7.2344
1994-08-30,7.1875
1994-08-31,7.1562
1994-09-01,7.1875
1994-09-02,7.0938
1994-09-06,7.0781
1994-09-07,6.9688
1994-09-08,6.9062
1994-09-09,6.8906
1994-09-12,6.9375
1994-09-13,6.7031
1994-09-14,6.9219
1994-09-15,7.0156
1994-09-16,7.0156
1994-09-19,6.9844
1994-09-20,6.9531
1994-09-21,7.0625
1994-09-22,7.0625
1994-09-23,6.9844
1994-09-26,7.2344
1994-09-27,7.2344
1994-09-28,7.2812
1994-09-29,7.2500
1994-09-30,7.2500
1994-10-03,7.2656
1994-10-04,7.2812
1994-10-05,7.2188
1994-10-06,7.1719
1994-10-07,7.1562
1994-10-10,7.2344
1994-10-11,7.3281
1994-10-12,7.3750
1994-10-13,7.4375
1994-10-14,7.4844
1994-10-17,7.5469
1994-10-18,7.6094
1994-10-19,7.5781
1994-10-20,7.4688
1994-10-21,7.5156
1994-10-24,7.4219
1994-10-25,7.4688
1994-10-26,7.4688
1994-10-27,7.5469
1994-10-28,7.5469
1994-10-31,7.5938
1994-11-01,7.6562
1994-11-02,7.6094
1994-11-03,7.5781
1994-11-04,7.5000
1994-11-07,7.5625
1994-11-08,7.6250
1994-11-09,7.5938
1994-11-10,7.5938
1994-11-11,7.5625
1994-11-14,7.6406
1994-11-15,7.6406
1994-11-16,7.7500
1994-11-17,7.8281
1994-11-18,7.7656
1994-11-21,7.7188
1994-11-22,7.5781
1994-11-23,7.5625
1994-11-25,7.5312
1994-11-28,7.5000
1994-11-29,7.5000
1994-11-30,7.5156
1994-12-01,7.4375
1994-12-02,7.4844
1994-12-05,7.5000
1994-12-06,7.6250
1994-12-07,7.6406
1994-12-08,7.6250
1994-12-09,7.6094
1994-12-12,7.8125
1994-12-13,7.9219
1994-12-14,7.9688
1994-12-15,7.8906
1994-12-16,8.0156
1994-12-19,8.0625
1994-12-20,8.0625
1994-12-21,7.8906
1994-12-22,7.6875
1994-12-23,7.8281
1994-12-27,7.8750
1994-12-28,7.8594
1994-12-29,7.9062
1994-12-30,7.9219
1995-01-03,7.8594
1995-01-04,7.7656
1995-01-05,7.5156
1995-01-06,7.5000
1995-01-09,7.4688
1995-01-10,7.3594
1995-01-11,7.4375
1995-01-12,7.5000
1995-01-13,7.5156
1995-01-16,7.5000
1995-01-17,7.4688
1995-01-18,7.3438
1995-01-19,7.3281
1995-01-20,7.3281
1995-01-23,7.3438
1995-01-24,7.3281
1995-01-25,7.3594
1995-01-26,7.3906
1995-01-27,7.7188
1995-01-30,7.6875
1995-01-31,7.8594
1995-02-01,7.7344
1995-02-02,7.7969
1995-02-03,7.8906
1995-02-06,7.9375
1995-02-07,8.0156
1995-02-08,8.0312
1995-02-09,7.8750
1995-02-10,7.7969
1995-02-13,7.8750
1995-02-14,7.7500
1995-02-15,7.8594
1995-02-16,7.7969
1995-02-17,7.7344
1995-02-21,7.8125
1995-02-22,7.7500
1995-02-23,7.8594
1995-02-24,8.1094
1995-02-27,8.0625
1995-02-28,8.0625
1995-03-01,7.9688
1995-03-02,8.0156
1995-03-03,8.0625
1995-03-06,8.0781
1995-03-07,7.9688
1995-03-08,7.8438
1995-03-09,7.8438
1995-03-10,7.8750
1995-03-13,7.9531
1995-03-14,8.1406
1995-03-15,8.1562
1995-03-16,8.2969
1995-03-17,8.3281
1995-03-20,8.3125
1995-03-21,8.3438
1995-03-22,8.3906
1995-03-23,8.4844
1995-03-24,8.4688
1995-03-27,8.4219
1995-03-28,8.4688
1995-03-29,8.3438
1995-03-30,8.2188
1995-03-31,8.2500
1995-04-03,8.2812
1995-04-04,8.4688
1995-04-05,8.5156
1995-04-06,8.5156
1995-04-07,8.5312
1995-04-10,8.4531
1995-04-11,8.4375
1995-04-12,8.5000
1995-04-13,8.3594
1995-04-17,8.4844
1995-04-18,8.5469
1995-04-19,8.6562
1995-04-20,8.6406
1995-04-21,8.7344
1995-04-24,8.8125
1995-04-25,8.7500
1995-04-26,8.6094
1995-04-27,8.7500
1995-04-28,8.7812
1995-05-01,8.6562
1995-05-02,8.6250
1995-05-03,8.9219
1995-05-04,9.0156
1995-05-05,9.0000
1995-05-08,9.1094
1995-05-09,9.1562
1995-05-10,9.1406
1995-05-11,9.0469
1995-05-12,8.9062
1995-05-15,9.0625
1995-05-16,9.0625
1995-05-17,8.9375
1995-05-18,8.9219
1995-05-19,8.9844
1995-05-22,8.9688
1995-05-23,9.0156
1995-05-24,9.1250
1995-05-25,9.2031
1995-05-26,9.3125
1995-05-30,9.4062
1995-05-31,9.6250
1995-06-01,9.5938
1995-06-02,9.4531
1995-06-05,9.4219
1995-06-06,9.4219
1995-06-07,9.4375
1995-06-08,9.5000
1995-06-09,9.3906
1995-06-12,9.4688
1995-06-13,9.4688
1995-06-14,9.4375
1995-06-15,9.5938
1995-06-16,9.6250
1995-06-19,9.6250
1995-06-20,9.3125
1995-06-21,9.2969
1995-06-22,9.4375
1995-06-23,9.3594
1995-06-26,9.4062
1995-06-27,9.3125
1995-06-28,9.2500
1995-06-29,9.1875
1995-06-30,9.1406
1995-07-03,9.1094
1995-07-05,9.0781
1995-07-06,8.8281
1995-07-07,8.9688
1995-07-10,9.1250
1995-07-11,9.1406
1995-07-12,9.0938
1995-07-13,9.0156
1995-07-14,8.5312
1995-07-17,8.5781
1995-07-18,8.4844
1995-07-19,8.3750
1995-07-20,8.3906
1995-07-21,8.3750
1995-07-24,8.4688
1995-07-25,8.4219
1995-07-26,8.5312
1995-07-27,8.6250
1995-07-28,8.7031
1995-07-31,8.7500
1995-08-01,8.8125
1995-08-02,8.8594
1995-08-03,8.8125
1995-08-04,8.8125
1995-08-07,8.7344
1995-08-08,8.5781
1995-08-09,8.6406
1995-08-10,8.5781
1995-08-11,8.5312
1995-08-14,8.6250
1995-08-15,8.5781
1995-08-16,8.4688
1995-08-17,8.4375
1995-08-18,8.3438
1995-08-21,8.4062
1995-08-22,8.5312
1995-08-23,8.5156
1995-08-24,8.4688
1995-08-25,8.3594
1995-08-28,8.4062
1995-08-29,8.4531
1995-08-30,8.4375
1995-08-31,8.5000
1995-09-01,8.5625
1995-09-05,8.6250
1995-09-06,8.5938
1995-09-07,8.5625
1995-09-08,8.6250
1995-09-11,8.6719
1995-09-12,8.6719
1995-09-13,8.8906
1995-09-14,9.0625
1995-09-15,8.9375
1995-09-18,8.8750
1995-09-19,8.9688
1995-09-20,8.3906
1995-09-21,8.4062
1995-09-22,8.3125
1995-09-25,8.3125
1995-09-26,8.2188
1995-09-27,8.2344
1995-09-28,8.3125
1995-09-29,8.3281
1995-10-02,8.2656
1995-10-03,8.3125
1995-10-04,8.3594
1995-10-05,8.4531
1995-10-06,8.4688
1995-10-09,8.5000
1995-10-10,8.4844
1995-10-11,8.4688
1995-10-12,8.4062
1995-10-13,8.4062
1995-10-16,8.3281
1995-10-17,8.3438
1995-10-18,8.4844
1995-10-19,8.7969
1995-10-20,8.7812
1995-10-23,8.7812
1995-10-24,8.9219
1995-10-25,8.8750
1995-10-26,8.7812
1995-10-27,8.6250
1995-10-30,8.6719
1995-10-31,8.6562
1995-11-01,8.7344
1995-11-02,8.6719
1995-11-03,8.8125
1995-11-06,8.7031
1995-11-07,8.5938
1995-11-08,8.5938
1995-11-09,8.6094
1995-11-10,8.6406
1995-11-13,8.6250
1995-11-14,8.6406
1995-11-15,8.8125
1995-11-16,9.0000
1995-11-17,8.9531
1995-11-20,8.9219
1995-11-21,8.8594
1995-11-22,8.8125
1995-11-24,8.7969
1995-11-27,8.8906
1995-11-28,9.0312
1995-11-29,9.0938
1995-11-30,9.1562
1995-12-01,9.0938
1995-12-04,9.1094
1995-12-05,9.1719
1995-12-06,9.2500
1995-12-07,9.2969
1995-12-08,9.2812
1995-12-11,9.3438
1995-12-12,9.3594
1995-12-13,9.3594
1995-12-14,9.5469
1995-12-15,9.3750
1995-12-18,9.1406
1995-12-19,9.0938
1995-12-20,8.9062
1995-12-21,8.8750
1995-12-22,8.6250
1995-12-26,8.8281
1995-12-27,8.8438
1995-12-28,8.7500
1995-12-29,8.7812
1996-01-02,8.8594
1996-01-03,9.0156
1996-01-04,9.1094
1996-01-05,8.9375
1996-01-08,9.0000
1996-01-09,8.9688
1996-01-10,8.6094
1996-01-11,8.6719
1996-01-12,8.7500
1996-01-15,8.7500
1996-01-16,8.8438
1996-01-17,8.7344
1996-01-18,8.9375
1996-01-19,8.8906
1996-01-22,8.9219
1996-01-23,9.0156
1996-01-24,8.8750
1996-01-25,8.9062
1996-01-26,8.9219
1996-01-29,8.9688
1996-01-30,9.1094
1996-01-31,9.2500
1996-02-01,9.1562
1996-02-02,9.0781
1996-02-05,9.0156
1996-02-06,9.1250
1996-02-07,9.0938
1996-02-08,9.5156
1996-02-09,9.9688
1996-02-12,9.7656
1996-02-13,9.8750
1996-02-14,9.7500
1996-02-15,9.7656
1996-02-16,9.8906
1996-02-20,9.7812
1996-02-21,9.8125
1996-02-22,9.8594
1996-02-23,9.8906
1996-02-26,9.8125
1996-02-27,9.7656
1996-02-28,9.7656
1996-02-29,9.7812
1996-03-01,10.3750
1996-03-04,10.3281
1996-03-05,10.1719
1996-03-06,10.0625
1996-03-07,10.0625
1996-03-08,9.9688
1996-03-11,9.9531
1996-03-12,10.0625
1996-03-13,10.0469
1996-03-14,9.8438
1996-03-15,9.8906
1996-03-18,9.9688
1996-03-19,10.0156
1996-03-20,10.0469
1996-03-21,10.0000
1996-03-22,10.0781
1996-03-25,9.9531
1996-03-26,10.0000
1996-03-27,9.8750
1996-03-28,9.7656
1996-03-29,9.7344
1996-04-01,9.7969
1996-04-02,9.7031
1996-04-03,9.7500
1996-04-04,9.8906
1996-04-08,9.6875
1996-04-09,9.6406
1996-04-10,9.4219
1996-04-11,9.4531
1996-04-12,9.5469
1996-04-15,9.5312
1996-04-16,9.6250
1996-04-17,9.4844
1996-04-18,9.6250
1996-04-19,9.5469
1996-04-22,9.6875
1996-04-23,9.5781
1996-04-24,9.4688
1996-04-25,9.5625
1996-04-26,9.5312
1996-04-29,9.4688
1996-04-30,9.5781
1996-05-01,9.5312
1996-05-02,9.4688
1996-05-03,9.5312
1996-05-06,9.4688
1996-05-07,9.5312
1996-05-08,9.6719
1996-05-09,9.7188
1996-05-10,9.8281
1996-05-13,9.9531
1996-05-14,10.0156
1996-05-15,9.9688
1996-05-16,9.8438
1996-05-17,9.9062
1996-05-20,9.8906
1996-05-21,9.9062
1996-05-22,9.9844
1996-05-23,9.9688
1996-05-24,10.0469
1996-05-28,10.0000
1996-05-29,10.0156
1996-05-30,9.9844
1996-05-31,9.8438
1996-06-03,9.9688
1996-06-04,10.2812
1996-06-05,10.3594
1996-06-06,10.4062
1996-06-07,10.4062
1996-06-10,10.2969
1996-06-11,10.2500
1996-06-12,10.1562
1996-06-13,10.2344
1996-06-14,10.2031
1996-06-17,10.0938
1996-06-18,10.0938
1996-06-19,10.2188
1996-06-20,10.3438
1996-06-21,10.4062
1996-06-24,10.6719
1996-06-25,10.7031
1996-06-26,10.5781
1996-06-27,10.5156
1996-06-28,10.5938
1996-07-01,10.5781
1996-07-02,10.5156
1996-07-03,10.4688
1996-07-05,10.2656
1996-07-08,10.3125
1996-07-09,10.3281
1996-07-10,10.2812
1996-07-11,10.1875
1996-07-12,10.3750
1996-07-15,10.2656
1996-07-16,10.0938
1996-07-17,10.1406
1996-07-18,10.1719
1996-07-19,10.2812
1996-07-22,10.1875
1996-07-23,10.2344
1996-07-24,10.2812
1996-07-25,9.9531
1996-07-26,9.9688
1996-07-29,9.7656
1996-07-30,9.8594
1996-07-31,9.8125
1996-08-01,9.8750
1996-08-02,9.9844
1996-08-05,10.0781
1996-08-06,10.2031
1996-08-07,10.1406
1996-08-08,10.1562
1996-08-09,10.2344
1996-08-12,10.2656
1996-08-13,10.2188
1996-08-14,10.2656
1996-08-15,10.2344
1996-08-16,10.2969
1996-08-19,10.2344
1996-08-20,10.1562
1996-08-21,10.1719
1996-08-22,10.3125
1996-08-23,10.2969
1996-08-26,10.3750
1996-08-27,10.4062
1996-08-28,10.4844
1996-08-29,10.3438
1996-08-30,10.1562
1996-09-03,10.2031
1996-09-04,10.1406
1996-09-05,10.2344
1996-09-06,10.3594
1996-09-09,10.4688
1996-09-10,10.3906
1996-09-11,10.3281
1996-09-12,10.5469
1996-09-13,10.6562
1996-09-16,10.7500
1996-09-17,10.6875
1996-09-18,10.8281
1996-09-19,10.8750
1996-09-20,10.9844
1996-09-23,10.9375
1996-09-24,10.9531
1996-09-25,10.9688
1996-09-26,11.0938
1996-09-27,11.0469
1996-09-30,10.8594
1996-10-01,11.0938
1996-10-02,11.0000
1996-10-03,10.7500
1996-10-04,11.0312
1996-10-07,11.1094
1996-10-08,11.0312
1996-10-09,10.9219
1996-10-10,10.8906
1996-10-11,10.9688
1996-10-14,11.0625
1996-10-15,11.0781
1996-10-16,11.1094
1996-10-17,10.9688
1996-10-18,11.2344
1996-10-21,11.2812
1996-10-22,11.3750
1996-10-23,11.2969
1996-10-24,11.1719
1996-10-25,11.1406
1996-10-28,11.1406
1996-10-29,11.2969
1996-10-30,11.3281
1996-10-31,11.5156
1996-11-01,11.4531
1996-11-04,11.5469
1996-11-05,11.5938
1996-11-06,11.6875
1996-11-07,11.6406
1996-11-08,11.7656
1996-11-11,11.8281
1996-11-12,11.6875
1996-11-13,11.7500
1996-11-14,11.7500
1996-11-15,11.8438
1996-11-18,11.9375
1996-11-19,11.8750
1996-11-20,11.8750
1996-11-21,11.8438
1996-11-22,11.6875
1996-11-25,11.6875
1996-11-26,11.6562
1996-11-27,11.6094
1996-11-29,11.5781
1996-12-02,11.3438
1996-12-03,11.5156
1996-12-04,11.3125
1996-12-05,11.1562
1996-12-06,11.1875
1996-12-09,11.3906
1996-12-10,11.4688
1996-12-11,11.2812
1996-12-12,11.3281
1996-12-13,11.5938
1996-12-16,11.3750
1996-12-17,11.4531
1996-12-18,11.3750
1996-12-19,11.4531
1996-12-20,11.5312
1996-12-23,11.4688
1996-12-24,11.4844
1996-12-26,11.5000
1996-12-27,11.5938
1996-12-30,11.6562
1996-12-31,11.5312
1997-01-02,11.3750
1997-01-03,11.3594
1997-01-06,11.5156
1997-01-07,11.4062
1997-01-08,11.4531
1997-01-09,11.5000
1997-01-10,11.4531
1997-01-13,11.4375
1997-01-14,11.5469
1997-01-15,11.5781
1997-01-16,11.7656
1997-01-17,11.9844
1997-01-20,12.1250
1997-01-21,11.9844
1997-01-22,12.0156
1997-01-23,11.8906
1997-01-24,11.7812
1997-01-27,11.7344
1997-01-28,11.7188
1997-01-29,11.7344
1997-01-30,11.8750
1997-01-31,12.0938
1997-02-03,12.0312
1997-02-04,12.3594
1997-02-05,12.3125
1997-02-06,12.4531
1997-02-07,12.9062
1997-02-10,12.8281
1997-02-11,12.8750
1997-02-12,13.2812
1997-02-13,13.4688
1997-02-14,13.0625
1997-02-18,13.4062
1997-02-19,13.1094
1997-02-20,12.9844
1997-02-21,12.9062
1997-02-24,12.8594
1997-02-25,12.8750
1997-02-26,12.8438
1997-02-27,13.0625
1997-02-28,12.9375
1997-03-03,13.1562
1997-03-04,13.0312
1997-03-05,13.3281
1997-03-06,13.6406
1997-03-07,14.2188
1997-03-10,14.0312
1997-03-11,14.0156
1997-03-12,13.7500
1997-03-13,13.5312
1997-03-14,13.6250
1997-03-17,13.5781
1997-03-18,13.5156
1997-03-19,13.4688
1997-03-20,13.3125
1997-03-21,13.2500
1997-03-24,13.5781
1997-03-25,13.4844
1997-03-26,13.4375
1997-03-27,12.9219
1997-03-31,12.4531
1997-04-01,12.8281
1997-04-02,12.9531
1997-04-03,12.7500
1997-04-04,12.8906
1997-04-07,12.9062
1997-04-08,12.7031
1997-04-09,12.7344
1997-04-10,12.7031
1997-04-11,12.4375
1997-04-14,12.6094
1997-04-15,13.0938
1997-04-16,13.3906
1997-04-17,13.1406
1997-04-18,13.4531
1997-04-21,13.4844
1997-04-22,13.6562
1997-04-23,13.5000
1997-04-24,13.3125
1997-04-25,13.3594
1997-04-28,13.5312
1997-04-29,13.9844
1997-04-30,13.8750
1997-05-01,13.7188
1997-05-02,13.7188
1997-05-05,13.8438
1997-05-06,13.9219
1997-05-07,13.7500
1997-05-08,13.9219
1997-05-09,13.9844
1997-05-12,14.2188
1997-05-13,14.2188
1997-05-14,14.3750
1997-05-15,14.4688
1997-05-16,14.0000
1997-05-19,14.2812
1997-05-20,14.1875
1997-05-21,14.5312
1997-05-22,14.6250
1997-05-23,14.9375
1997-05-27,15.4375
1997-05-28,15.2188
1997-05-29,15.2812
1997-05-30,15.5000
1997-06-02,15.2188
1997-06-03,15.2500
1997-06-04,15.1875
1997-06-05,15.5312
1997-06-06,15.8125
1997-06-09,16.0625
1997-06-10,16.2188
1997-06-11,16.2812
1997-06-12,16.4062
1997-06-13,16.6250
1997-06-16,16.5625
1997-06-17,16.3125
1997-06-18,16.1875
1997-06-19,16.4688
1997-06-20,16.2500
1997-06-23,16.0312
1997-06-24,16.3906
1997-06-25,16.2031
1997-06-26,16.3125
1997-06-27,16.5000
1997-06-30,16.3125
1997-07-01,16.2812
1997-07-02,16.4844
1997-07-03,16.7344
1997-07-07,16.4375
1997-07-08,16.8125
1997-07-09,16.6562
1997-07-10,16.8281
1997-07-11,16.8438
1997-07-14,17.2031
1997-07-15,18.2812
1997-07-16,18.1406
1997-07-17,17.8281
1997-07-18,17.8750
1997-07-21,17.9062
1997-07-22,18.3906
1997-07-23,18.7969
1997-07-24,19.2500
1997-07-25,19.2812
1997-07-28,18.8125
1997-07-29,18.7031
1997-07-30,18.9688
1997-07-31,18.9375
1997-08-01,18.6406
1997-08-04,18.6094
1997-08-05,18.3438
1997-08-06,18.4688
1997-08-07,17.9688
1997-08-08,17.5000
1997-08-11,17.4531
1997-08-12,16.9688
1997-08-13,17.3906
1997-08-14,17.5469
1997-08-15,16.3125
1997-08-18,16.5312
1997-08-19,17.0000
1997-08-20,16.9375
1997-08-21,16.4844
1997-08-22,16.3438
1997-08-25,16.4062
1997-08-26,16.1406
1997-08-27,16.0312
1997-08-28,15.8750
1997-08-29,15.6562
1997-09-02,16.5625
1997-09-03,16.5625
1997-09-04,16.4219
1997-09-05,16.5000
1997-09-08,16.2812
1997-09-09,16.1875
1997-09-10,15.8281
1997-09-11,15.4531
1997-09-12,15.7812
1997-09-15,16.4688
1997-09-16,17.2344
1997-09-17,17.0938
1997-09-18,17.2500
1997-09-19,17.5000
1997-09-22,17.1406
1997-09-23,16.9375
1997-09-24,16.9219
1997-09-25,16.6250
1997-09-26,16.8750
1997-09-29,17.3594
1997-09-30,17.4219
1997-10-01,17.3438
1997-10-02,17.4688
1997-10-03,17.7500
1997-10-06,18.3438
1997-10-07,18.3438
1997-10-08,18.4219
1997-10-09,18.1250
1997-10-10,18.2031
1997-10-13,18.3906
1997-10-14,18.3906
1997-10-15,17.9531
1997-10-16,18.2031
1997-10-17,18.2812
1997-10-20,18.1719
1997-10-21,18.6250
1997-10-22,18.5625
1997-10-23,18.0625
1997-10-24,17.9062
1997-10-27,16.8750
1997-10-28,17.5938
1997-10-29,17.3125
1997-10-30,16.9844
1997-10-31,16.1875
1997-11-03,16.3125
1997-11-04,15.9375
1997-11-05,16.4062
1997-11-06,16.1250
1997-11-07,15.6406
1997-11-10,15.6094
1997-11-11,15.7656
1997-11-12,15.5625
1997-11-13,15.6250
1997-11-14,15.9062
1997-11-17,16.5625
1997-11-18,15.9844
1997-11-19,15.9219
1997-11-20,16.5000
1997-11-21,16.6875
1997-11-24,16.5156
1997-11-25,16.5781
1997-11-26,16.4062
1997-11-28,16.7031
1997-12-01,16.9531
1997-12-02,17.2500
1997-12-03,17.6875
1997-12-04,17.6562
1997-12-05,18.0156
1997-12-08,17.8906
1997-12-09,17.5781
1997-12-10,17.5938
1997-12-11,17.3594
1997-12-12,17.1094
1997-12-15,16.6875
1997-12-16,16.7969
1997-12-17,17.0312
1997-12-18,17.1094
1997-12-19,17.0312
1997-12-22,17.2969
1997-12-23,17.1250
1997-12-24,17.0000
1997-12-26,17.2500
1997-12-29,17.6094
1997-12-30,18.2188
1997-12-31,18.3750
1998-01-02,18.3125
1998-01-05,18.7188
1998-01-06,17.9844
1998-01-07,17.9062
1998-01-08,17.4375
1998-01-09,17.0000
1998-01-12,16.9688
1998-01-13,17.0000
1998-01-14,17.3594
1998-01-15,17.2969
1998-01-16,17.6719
1998-01-20,17.7656
1998-01-21,17.5000
1998-01-22,17.3594
1998-01-23,17.2656
1998-01-26,17.4531
1998-01-27,17.6562
1998-01-28,17.8750
1998-01-29,18.0781
1998-01-30,18.3125
1998-02-02,18.6250
1998-02-03,18.9375
1998-02-04,19.0469
1998-02-05,19.4062
1998-02-06,19.4062
1998-02-09,19.5781
1998-02-10,19.6719
1998-02-11,20.0781
1998-02-12,20.2812
1998-02-13,20.0312
1998-02-17,19.4688
1998-02-18,19.8281
1998-02-19,19.5625
1998-02-20,20.0156
1998-02-23,19.7500
1998-02-24,19.6250
1998-02-25,19.7188
1998-02-26,19.7500
1998-02-27,20.2969
1998-03-02,20.2812
1998-03-03,20.0625
1998-03-04,19.8281
1998-03-05,19.7969
1998-03-06,20.9844
1998-03-09,21.6875
1998-03-10,21.7031
1998-03-11,21.9531
1998-03-12,21.3594
1998-03-13,20.9531
1998-03-16,20.8906
1998-03-17,21.1875
1998-03-18,21.4844
1998-03-19,21.2969
1998-03-20,21.4062
1998-03-23,21.4062
1998-03-24,21.6875
1998-03-25,21.4375
1998-03-26,21.7188
1998-03-27,21.6562
1998-03-30,21.6406
1998-03-31,21.6875
1998-04-01,21.9375
1998-04-02,21.7812
1998-04-03,21.9375
1998-04-06,21.7656
1998-04-07,21.4062
1998-04-08,21.1562
1998-04-09,21.4375
1998-04-13,21.3594
1998-04-14,21.0938
1998-04-15,20.7969
1998-04-16,20.6094
1998-04-17,21.4375
1998-04-20,21.9375
1998-04-21,21.4688
1998-04-22,22.3750
1998-04-23,22.3281
1998-04-24,21.9375
1998-04-27,21.7500
1998-04-28,21.7031
1998-04-29,21.9219
1998-04-30,22.4219
1998-05-01,22.5469
1998-05-04,22.2812
1998-05-05,22.2812
1998-05-06,22.0000
1998-05-07,22.0781
1998-05-08,22.0156
1998-05-11,21.9375
1998-05-12,22.0938
1998-05-13,22.0000
1998-05-14,22.4219
1998-05-15,22.2344
1998-05-18,22.6562
1998-05-19,22.4688
1998-05-20,22.2500
1998-05-21,22.3594
1998-05-22,22.1406
1998-05-26,21.5781
1998-05-27,21.7812
1998-05-28,21.6406
1998-05-29,21.7500
1998-06-01,21.9688
1998-06-02,21.7500
1998-06-03,21.7500
1998-06-04,21.9688
1998-06-05,22.3750
1998-06-08,22.4688
1998-06-09,22.2031
1998-06-10,22.0781
1998-06-11,22.0156
1998-06-12,21.8594
1998-06-15,21.6094
1998-06-16,21.6562
1998-06-17,22.4219
1998-06-18,22.8594
1998-06-19,21.9688
1998-06-22,21.8125
1998-06-23,21.9531
1998-06-24,22.4375
1998-06-25,21.9219
1998-06-26,22.0312
1998-06-29,22.2500
1998-06-30,22.0000
1998-07-01,22.1562
1998-07-02,22.0625
1998-07-06,22.7812
1998-07-07,22.8750
1998-07-08,23.2344
1998-07-09,22.7344
1998-07-10,23.5312
1998-07-13,23.4375
1998-07-14,23.9531
1998-07-15,24.0469
1998-07-16,23.7812
1998-07-17,23.9219
1998-07-20,23.8594
1998-07-21,23.7188
1998-07-22,23.7500
1998-07-23,24.2344
1998-07-24,24.0938
1998-07-27,23.9062
1998-07-28,23.9375
1998-07-29,24.0781
1998-07-30,24.0625
1998-07-31,23.0625
1998-08-03,22.9375
1998-08-04,22.4688
1998-08-05,22.4375
1998-08-06,22.5781
1998-08-07,22.0469
1998-08-10,21.9219
1998-08-11,21.4062
1998-08-12,21.8750
1998-08-13,21.5938
1998-08-14,21.2969
1998-08-17,21.8594
1998-08-18,21.4531
1998-08-19,21.1875
1998-08-20,20.5000
1998-08-21,20.7500
1998-08-24,21.2188
1998-08-25,20.9375
1998-08-26,21.4062
1998-08-27,20.2188
1998-08-28,19.4844
1998-08-31,18.0312
1998-09-01,18.7500
1998-09-02,18.2500
1998-09-03,17.9375
1998-09-04,17.5000
1998-09-08,18.6875
1998-09-09,17.7188
1998-09-10,17.0312
1998-09-11,17.4375
1998-09-14,18.2344
1998-09-15,18.5469
1998-09-16,18.1250
1998-09-17,17.1250
1998-09-18,17.0000
1998-09-21,16.3906
1998-09-22,16.7500
1998-09-23,17.7344
1998-09-24,17.6406
1998-09-25,17.3594
1998-09-28,18.1562
1998-09-29,18.2188
1998-09-30,17.1875
1998-10-01,17.0000
1998-10-02,17.9844
1998-10-05,18.0312
1998-10-06,18.3438
1998-10-07,18.7500
1998-10-08,18.3438
1998-10-09,19.0938
1998-10-12,19.7188
1998-10-13,19.2500
1998-10-14,19.1875
1998-10-15,20.3906
1998-10-16,21.5625
1998-10-19,21.5000
1998-10-20,20.9531
1998-10-21,21.2344
1998-10-22,21.7344
1998-10-23,21.6719
1998-10-26,22.3125
1998-10-27,22.0938
1998-10-28,21.4219
1998-10-29,21.5625
1998-10-30,22.0938
1998-11-02,21.9844
1998-11-03,22.7500
1998-11-04,22.3438
1998-11-05,22.7500
1998-11-06,23.5469
1998-11-09,23.0000
1998-11-10,23.0625
1998-11-11,22.5938
1998-11-12,22.4688
1998-11-13,23.0469
1998-11-16,23.4062
1998-11-17,23.1250
1998-11-18,23.1875
1998-11-19,23.5625
1998-11-20,23.2969
1998-11-23,23.6875
1998-11-24,22.5156
1998-11-25,21.5469
1998-11-27,21.6250
1998-11-30,21.4062
1998-12-01,21.1875
1998-12-02,21.0469
1998-12-03,20.5312
1998-12-04,21.3125
1998-12-07,21.2656
1998-12-08,21.0625
1998-12-09,20.9219
1998-12-10,20.8594
1998-12-11,20.5000
1998-12-14,20.7188
1998-12-15,21.2344
1998-12-16,21.1875
1998-12-17,21.1094
1998-12-18,21.5312
1998-12-21,21.7812
1998-12-22,22.3438
1998-12-23,23.3750
1998-12-24,23.0469
1998-12-28,22.9062
1998-12-29,23.4531
1998-12-30,23.1562
1998-12-31,23.2188
1999-01-04,22.5000
1999-01-05,22.7500
1999-01-06,22.6250
1999-01-07,22.2500
1999-01-08,21.4219
1999-01-11,21.1562
1999-01-12,21.1250
1999-01-13,19.5938
1999-01-14,18.9844
1999-01-15,19.0000
1999-01-19,19.3281
1999-01-20,19.6562
1999-01-21,19.3438
1999-01-22,18.8125
1999-01-25,18.7656
1999-01-26,18.7812
1999-01-27,19.0625
1999-01-28,19.7500
1999-01-29,20.1094
1999-02-01,21.0000
1999-02-02,20.4219
1999-02-03,20.6094
1999-02-04,21.1719
1999-02-05,21.0000
1999-02-08,20.6094
1999-02-09,20.6406
1999-02-10,21.1562
1999-02-11,21.8125
1999-02-12,21.7031
1999-02-16,21.6719
1999-02-17,21.5000
1999-02-18,21.8750
1999-02-19,21.4375
1999-02-22,22.0156
1999-02-23,21.7344
1999-02-24,21.5156
1999-02-25,21.3125
1999-02-26,21.2188
1999-03-01,21.1250
1999-03-02,21.4844
1999-03-03,21.6875
1999-03-04,22.5938
1999-03-05,23.1406
1999-03-08,23.0156
1999-03-09,23.1406
1999-03-10,23.1250
1999-03-11,23.3750
1999-03-12,23.1250
1999-03-15,22.8906
1999-03-16,22.4688
1999-03-17,22.2969
1999-03-18,22.3125
1999-03-19,22.1562
1999-03-22,22.7656
1999-03-23,22.3438
1999-03-24,22.5000
1999-03-25,23.2812
1999-03-26,23.1406
1999-03-29,23.5312
1999-03-30,23.3750
1999-03-31,23.0000
1999-04-01,23.2500
1999-04-05,23.6250
1999-04-06,23.4375
1999-04-07,23.3750
1999-04-08,23.8281
1999-04-09,23.4062
1999-04-12,23.9688
1999-04-13,23.7344
1999-04-14,23.3281
1999-04-15,22.8906
1999-04-16,23.3906
1999-04-19,24.0000
1999-04-20,23.2500
1999-04-21,25.0938
1999-04-22,24.7031
1999-04-23,25.0625
1999-04-26,25.2656
1999-04-27,25.0000
1999-04-28,24.7812
1999-04-29,25.0156
1999-04-30,25.6094
1999-05-03,25.5156
1999-05-04,25.0469
1999-05-05,24.7344
1999-05-06,24.7656
1999-05-07,24.3438
1999-05-10,23.6250
1999-05-11,23.9844
1999-05-12,24.1562
1999-05-13,24.1875
1999-05-14,23.7031
1999-05-17,24.0781
1999-05-18,23.5625
1999-05-19,24.0781
1999-05-20,24.4844
1999-05-21,23.8906
1999-05-24,23.4219
1999-05-25,23.6250
1999-05-26,24.5156
1999-05-27,25.1250
1999-05-28,24.9688
1999-06-01,25.8125
1999-06-02,25.5312
1999-06-03,25.2031
1999-06-04,25.6250
1999-06-07,26.2031
1999-06-08,25.8906
1999-06-09,25.7344
1999-06-10,25.3750
1999-06-11,24.9688
1999-06-14,25.4375
1999-06-15,25.0625
1999-06-16,24.8750
1999-06-17,25.1094
1999-06-18,25.0938
1999-06-21,25.0469
1999-06-22,25.0000
1999-06-23,24.9844
1999-06-24,24.9844
1999-06-25,24.5312
1999-06-28,24.1875
1999-06-29,24.4531
1999-06-30,24.6250
1999-07-01,24.3438
1999-07-02,24.0000
1999-07-06,23.7500
1999-07-07,23.6562
1999-07-08,23.3750
1999-07-09,24.6250
1999-07-12,24.2812
1999-07-13,24.4688
1999-07-14,25.1250
1999-07-15,24.8125
1999-07-16,25.5625
1999-07-19,24.9688
1999-07-20,25.9062
1999-07-21,25.2188
1999-07-22,25.4688
1999-07-23,25.1250
1999-07-26,24.5938
1999-07-27,24.7812
1999-07-28,24.5312
1999-07-29,24.6562
1999-07-30,24.6875
1999-08-02,24.0000
1999-08-03,24.6875
1999-08-04,24.0312
1999-08-05,24.6250
1999-08-06,25.0000
1999-08-09,24.3438
1999-08-10,24.2500
1999-08-11,24.7812
1999-08-12,24.3438
1999-08-13,24.6562
1999-08-16,24.7812
1999-08-17,24.8750
1999-08-18,24.5625
1999-08-19,24.3438
1999-08-20,25.3438
1999-08-23,25.6875
1999-08-24,26.0938
1999-08-25,27.3750
1999-08-26,27.5000
1999-08-27,26.6250
1999-08-30,26.9688
1999-08-31,26.7500
1999-09-01,26.7188
1999-09-02,26.5000
1999-09-03,27.5312
1999-09-07,28.2812
1999-09-08,29.1875
1999-09-09,27.7500
1999-09-10,27.3750
1999-09-13,26.7500
1999-09-14,26.4062
1999-09-15,26.1875
1999-09-16,25.7500
1999-09-17,25.9375
1999-09-20,26.0312
1999-09-21,25.2812
1999-09-22,25.0000
1999-09-23,24.3750
1999-09-24,24.7500
1999-09-27,24.6562
1999-09-28,24.5000
1999-09-29,23.0312
1999-09-30,22.8750
1999-10-01,23.9062
1999-10-04,24.9688
1999-10-05,25.4062
1999-10-06,26.4688
1999-10-07,26.2812
1999-10-08,26.6562
1999-10-11,26.7500
1999-10-12,25.8125
1999-10-13,25.3750
1999-10-14,26.0000
1999-10-15,25.0938
1999-10-18,25.9375
1999-10-19,26.7188
1999-10-20,27.0000
1999-10-21,28.8750
1999-10-22,28.5000
1999-10-25,28.1562
1999-10-26,28.2500
1999-10-27,28.5312
1999-10-28,29.5000
1999-10-29,30.2500
1999-11-01,30.9062
1999-11-02,29.9688
1999-11-03,28.8750
1999-11-04,28.5312
1999-11-05,28.8125
1999-11-08,29.2188
1999-11-09,28.5312
1999-11-10,29.1250
1999-11-11,29.0000
1999-11-12,28.9688
1999-11-15,29.0625
1999-11-16,28.6250
1999-11-17,28.6875
1999-11-18,28.3750
1999-11-19,28.4375
1999-11-22,28.3125
1999-11-23,28.1250
1999-11-24,27.8125
1999-11-26,27.4375
1999-11-29,27.2188
1999-11-30,27.8750
1999-12-01,27.5469
1999-12-02,28.1875
1999-12-03,29.0312
1999-12-06,29.5000
1999-12-07,28.8125
1999-12-08,28.9531
1999-12-09,29.5625
1999-12-10,30.1250
1999-12-13,29.7500
1999-12-14,29.4688
1999-12-15,29.7812
1999-12-16,29.1875
1999-12-17,30.3750
1999-12-20,30.2188
1999-12-21,30.0312
1999-12-22,31.1250
1999-12-23,31.3125
1999-12-27,31.5000
1999-12-28,31.1562
1999-12-29,31.0000
1999-12-30,31.2500
1999-12-31,32.5000
2000-01-03,31.1250
2000-01-04,30.3125
2000-01-05,29.2812
2000-01-06,29.2188
2000-01-07,30.9688
2000-01-10,31.8125
2000-01-11,31.9688
2000-01-12,32.1875
2000-01-13,32.4062
2000-01-14,31.6562
2000-01-18,31.5000
2000-01-19,30.7500
2000-01-20,30.9688
2000-01-21,30.6562
2000-01-24,30.3438
2000-01-25,29.8125
2000-01-26,30.0938
2000-01-27,30.1562
2000-01-28,29.7500
2000-01-31,29.6250
2000-02-01,29.8125
2000-02-02,30.6562
2000-02-03,30.0000
2000-02-04,28.1250
2000-02-07,28.1875
2000-02-08,29.3438
2000-02-09,29.0938
2000-02-10,28.7500
2000-02-11,27.9375
2000-02-14,27.0000
2000-02-15,27.8438
2000-02-16,27.6875
2000-02-17,26.9688
2000-02-18,26.5312
2000-02-22,26.1875
2000-02-23,25.6875
2000-02-24,24.5312
2000-02-25,24.1250
2000-02-28,25.5000
2000-02-29,26.0938
2000-03-01,26.5000
2000-03-02,26.3125
2000-03-03,27.4375
2000-03-06,26.4062
2000-03-07,23.3750
2000-03-08,21.9688
2000-03-09,22.0000
2000-03-10,21.3750
2000-03-13,21.6875
2000-03-14,21.5938
2000-03-15,25.9062
2000-03-16,25.6250
2000-03-17,24.9688
2000-03-20,25.1250
2000-03-21,25.1562
2000-03-22,25.2812
2000-03-23,26.5625
2000-03-24,27.1875
2000-03-27,27.0938
2000-03-28,28.4375
2000-03-29,28.2188
2000-03-30,28.0938
2000-03-31,28.1875
2000-04-03,30.2500
2000-04-04,30.3438
2000-04-05,29.2188
2000-04-06,29.5000
2000-04-07,29.6562
2000-04-10,30.1250
2000-04-11,31.3125
2000-04-12,31.0000
2000-04-13,29.5000
2000-04-14,27.8750
2000-04-17,28.8125
2000-04-18,27.6250
2000-04-19,27.8438
2000-04-20,28.5625
2000-04-24,29.3125
2000-04-25,29.5938
2000-04-26,28.8438
2000-04-27,29.3438
2000-04-28,28.5625
2000-05-01,27.5625
2000-05-02,28.0625
2000-05-03,27.7500
2000-05-04,27.9688
2000-05-05,28.5625
2000-05-08,28.8125
2000-05-09,29.5000
2000-05-10,29.0938
2000-05-11,30.0938
2000-05-12,29.4219
2000-05-15,29.6250
2000-05-16,29.0312
2000-05-17,29.2812
2000-05-18,29.5312
2000-05-19,28.4688
2000-05-22,28.2812
2000-05-23,27.9688
2000-05-24,28.3125
2000-05-25,28.0000
2000-05-26,27.8750
2000-05-30,27.0625
2000-05-31,26.3125
2000-06-01,26.6562
2000-06-02,27.2500
2000-06-05,26.5312
2000-06-06,27.2812
2000-06-07,28.5000
2000-06-08,28.2500
2000-06-09,28.4375
2000-06-12,28.7188
2000-06-13,27.7812
2000-06-14,28.5625
2000-06-15,29.2500
2000-06-16,28.9375
2000-06-19,28.8125
2000-06-20,28.6875
2000-06-21,28.5000
2000-06-22,28.0000
2000-06-23,27.7812
2000-06-26,28.2500
2000-06-27,28.4688
2000-06-28,28.3047
2000-06-29,28.3750
2000-06-30,29.9375
2000-07-03,29.9375
2000-07-05,29.6562
2000-07-06,29.4062
2000-07-07,28.5938
2000-07-10,27.8438
2000-07-11,27.3125
2000-07-12,26.5000
2000-07-13,26.5312
2000-07-14,27.1250
2000-07-17,27.4688
2000-07-18,27.4688
2000-07-19,27.2500
2000-07-20,27.6875
2000-07-21,28.3125
2000-07-24,28.0000
2000-07-25,28.1562
2000-07-26,27.7812
2000-07-27,28.1875
2000-07-28,28.0000
2000-07-31,27.8438
2000-08-01,28.4375
2000-08-02,28.2812
2000-08-03,28.1875
2000-08-04,27.5000
2000-08-07,26.7812
2000-08-08,26.4375
2000-08-09,26.0625
2000-08-10,26.8125
2000-08-11,26.6875
2000-08-14,26.9688
2000-08-15,27.0000
2000-08-16,26.9375
2000-08-17,26.3750
2000-08-18,26.1875
2000-08-21,26.3438
2000-08-22,25.4688
2000-08-23,26.5312
2000-08-24,26.4062
2000-08-25,26.5000
2000-08-28,26.3125
2000-08-29,25.9062
2000-08-30,25.6875
2000-08-31,25.4688
2000-09-01,25.9062
2000-09-05,26.0625
2000-09-06,27.3125
2000-09-07,26.6562
2000-09-08,27.0312
2000-09-11,27.5000
2000-09-12,27.8125
2000-09-13,28.0938
2000-09-14,23.7188
2000-09-15,23.2812
2000-09-18,22.2500
2000-09-19,22.2500
2000-09-20,21.5312
2000-09-21,21.9375
2000-09-22,22.5312
2000-09-25,22.2750
2000-09-26,22.5950
2000-09-27,22.2500
2000-09-28,23.5600
2000-09-29,23.6000
2000-10-02,23.4900
2000-10-03,23.2500
2000-10-04,23.4650
2000-10-05,24.8050
2000-10-06,24.9950
2000-10-09,25.0550
2000-10-10,25.1200
2000-10-11,25.0800
2000-10-12,24.4000
2000-10-13,25.2100
2000-10-16,25.8250
2000-10-17,25.4500
2000-10-18,25.5850
2000-10-19,25.1300
2000-10-20,25.3100
2000-10-23,24.7000
2000-10-24,26.5250
2000-10-25,27.7750
2000-10-26,27.7550
2000-10-27,28.8100
2000-10-30,29.4950
2000-10-31,29.3800
2000-11-01,28.4500
2000-11-02,29.1750
2000-11-03,29.2500
2000-11-06,28.8300
2000-11-07,29.4250
2000-11-08,29.3450
2000-11-09,29.4250
2000-11-10,29.7550
2000-11-13,29.5800
2000-11-14,29.4200
2000-11-15,29.8100
2000-11-16,29.4300
2000-11-17,29.5250
2000-11-20,29.9400
2000-11-21,29.7000
2000-11-22,29.6000
2000-11-24,28.9000
2000-11-27,28.4800
2000-11-28,29.2150
2000-11-29,29.7900
2000-11-30,29.3750
2000-12-01,29.8450
2000-12-04,29.9600
2000-12-05,29.0400
2000-12-06,28.2400
2000-12-07,29.6250
2000-12-08,29.1750
2000-12-11,28.2750
2000-12-12,29.4900
2000-12-13,29.0750
2000-12-14,28.8800
2000-12-15,28.5800
2000-12-18,29.6150
2000-12-19,29.5100
2000-12-20,29.6550
2000-12-21,30.4150
2000-12-22,29.8800
2000-12-26,31.1750
2000-12-27,32.2800
2000-12-28,32.2500
2000-12-29,32.2750
2001-01-02,31.2500
2001-01-03,30.0550
2001-01-04,27.9600
2001-01-05,28.8000
2001-01-08,29.4300
2001-01-09,29.9750
2001-01-10,29.5800
2001-01-11,29.0800
2001-01-12,28.9500
2001-01-16,28.9500
2001-01-17,28.2750
2001-01-18,28.4400
2001-01-19,28.3250
2001-01-22,28.3900
2001-01-23,28.8650
2001-01-24,29.0500
2001-01-25,29.1750
2001-01-26,28.5050
2001-01-29,28.1900
2001-01-30,29.3600
2001-01-31,30.0400
2001-02-01,30.5400
2001-02-02,30.4000
2001-02-05,29.9250
2001-02-06,30.0250
2001-02-07,29.6750
2001-02-08,29.9550
2001-02-09,29.6900
2001-02-12,29.4100
2001-02-13,29.0000
2001-02-14,28.2000
2001-02-15,28.3500
2001-02-16,29.6250
2001-02-20,30.0250
2001-02-21,29.5750
2001-02-22,29.6250
2001-02-23,29.2000
2001-02-26,29.0750
2001-02-27,29.3750
2001-02-28,29.5250
2001-03-01,28.7750
2001-03-02,29.0600
2001-03-05,29.2500
2001-03-06,28.9000
2001-03-07,29.0900
2001-03-08,30.0000
2001-03-09,29.4500
2001-03-12,28.4250
2001-03-13,28.2000
2001-03-14,27.7350
2001-03-15,27.4500
2001-03-16,27.1100
2001-03-19,26.7250
2001-03-20,26.8300
2001-03-21,25.6750
2001-03-22,25.5000
2001-03-23,25.7500
2001-03-26,26.5500
2001-03-27,27.6050
2001-03-28,27.7050
2001-03-29,27.1000
2001-03-30,27.6300
2001-04-02,27.4250
2001-04-03,26.7000
2001-04-04,27.0250
2001-04-05,27.7500
2001-04-06,26.8750
2001-04-09,26.0500
2001-04-10,25.7750
2001-04-11,25.6300
2001-04-12,26.6000
2001-04-16,26.6750
2001-04-17,26.4350
2001-04-18,25.8750
2001-04-19,26.2850
2001-04-20,26.6500
2001-04-23,26.5200
2001-04-24,26.2000
2001-04-25,26.6900
2001-04-26,26.9000
2001-04-27,27.8250
2001-04-30,27.9250
2001-05-01,28.2300
2001-05-02,28.0000
2001-05-03,27.9250
2001-05-04,28.4000
2001-05-07,28.5900
2001-05-08,28.6400
2001-05-09,28.6950
2001-05-10,29.0000
2001-05-11,29.0700
2001-05-14,29.0950
2001-05-15,28.3500
2001-05-16,29.2600
2001-05-17,29.0250
2001-05-18,28.7000
2001-05-21,28.8000
2001-05-22,28.1100
2001-05-23,28.3900
2001-05-24,28.5950
2001-05-25,28.3900
2001-05-29,28.9900
2001-05-30,28.7650
2001-05-31,28.3200
2001-06-01,28.6250
2001-06-04,28.7300
2001-06-05,29.1000
2001-06-06,29.2250
2001-06-07,29.3750
2001-06-08,29.4350
2001-06-11,29.4100
2001-06-12,29.4150
2001-06-13,28.9500
2001-06-14,28.8550
2001-06-15,28.9500
2001-06-18,28.9550
2001-06-19,29.0900
2001-06-20,29.6000
2001-06-21,30.5000
2001-06-22,29.6750
2001-06-25,29.4500
2001-06-26,30.3500
2001-06-27,30.3000
2001-06-28,30.4750
2001-06-29,29.4950
2001-07-02,29.9900
2001-07-03,30.1250
2001-07-05,29.8150
2001-07-06,29.5200
2001-07-09,29.2150
2001-07-10,28.6250
2001-07-11,27.6250
2001-07-12,27.4400
2001-07-13,27.6050
2001-07-16,27.9250
2001-07-17,28.1500
2001-07-18,27.6400
2001-07-19,27.7000
2001-07-20,27.9050
2001-07-23,27.3250
2001-07-24,27.0750
2001-07-25,27.1950
2001-07-26,27.0500
2001-07-27,26.9950
2001-07-30,27.0900
2001-07-31,27.1000
2001-08-01,26.4750
2001-08-02,26.4700
2001-08-03,26.7000
2001-08-06,26.4400
2001-08-07,26.4750
2001-08-08,26.4950
2001-08-09,26.7500
2001-08-10,26.7500
2001-08-13,27.3750
2001-08-14,27.3050
2001-08-15,27.1900
2001-08-16,27.6800
2001-08-17,27.6400
2001-08-20,27.7250
2001-08-21,27.7500
2001-08-22,28.1000
2001-08-23,27.9850
2001-08-24,27.9300
2001-08-27,27.6800
2001-08-28,27.3550
2001-08-29,27.2500
2001-08-30,27.1500
2001-08-31,27.0750
2001-09-04,27.3500
2001-09-05,27.8650
2001-09-06,28.1550
2001-09-07,28.0000
2001-09-10,28.6300
2001-09-17,28.7000
2001-09-18,29.0000
2001-09-19,28.4750
2001-09-20,27.4150
2001-09-21,26.3200
2001-09-24,27.2650
2001-09-25,27.8000
2001-09-26,28.3500
2001-09-27,28.9850
2001-09-28,29.1250
2001-10-01,28.7000
2001-10-02,28.7500
2001-10-03,28.3750
2001-10-04,28.0750
2001-10-05,28.9250
2001-10-08,28.4850
2001-10-09,28.6300
2001-10-10,28.9950
2001-10-11,28.8300
2001-10-12,28.7000
2001-10-15,28.5500
2001-10-16,28.6150
2001-10-17,28.3850
2001-10-18,28.8000
2001-10-19,29.0800
2001-10-22,29.7050
2001-10-23,29.3600
2001-10-24,29.2450
2001-10-25,29.4500
2001-10-26,29.2500
2001-10-29,28.8100
2001-10-30,28.8900
2001-10-31,28.7600
2001-11-01,28.8800
2001-11-02,29.2500
2001-11-05,29.2750
2001-11-06,29.4300
2001-11-07,29.3250
2001-11-08,28.8750
2001-11-09,28.6800
2001-11-12,28.4000
2001-11-13,28.9300
2001-11-14,28.8650
2001-11-15,29.2000
2001-11-16,29.2750
2001-11-19,29.3100
2001-11-20,29.3350
2001-11-21,29.2900
2001-11-23,29.3150
2001-11-26,29.4200
2001-11-27,28.8950
2001-11-28,28.9750
2001-11-29,28.8400
2001-11-30,29.1800
2001-12-03,29.0500
2001-12-04,29.1350
2001-12-05,28.9700
2001-12-06,28.4000
2001-12-07,28.3300
2001-12-10,28.3050
2001-12-11,28.3150
2001-12-12,28.4800
2001-12-13,28.5100
2001-12-14,28.2750
2001-12-17,28.1750
2001-12-18,28.7750
2001-12-19,29.2000
2001-12-20,29.0950
2001-12-21,28.8350
2001-12-24,28.8150
2001-12-26,29.0250
2001-12-27,29.0800
2001-12-28,29.0700
2001-12-31,28.8750
2002-01-02,28.8100
2002-01-03,28.7100
2002-01-04,28.1200
2002-01-07,27.8250
2002-01-08,28.0000
2002-01-09,28.1250
2002-01-10,27.7000
2002-01-11,27.6350
2002-01-14,27.9200
2002-01-15,28.4250
2002-01-16,28.4450
2002-01-17,28.5500
2002-01-18,28.5750
2002-01-22,28.3750
2002-01-23,28.1500
2002-01-24,27.9500
2002-01-25,28.2100
2002-01-28,28.2450
2002-01-29,27.7600
2002-01-30,28.0500
2002-01-31,28.5750
2002-02-01,28.5750
2002-02-04,28.1650
2002-02-05,27.9800
2002-02-06,27.6850
2002-02-07,27.2150
2002-02-08,27.2000
2002-02-11,27.0750
2002-02-12,27.3000
2002-02-13,27.5450
2002-02-14,27.5200
2002-02-15,28.0000
2002-02-19,27.8000
2002-02-20,28.0950
2002-02-21,28.0000
2002-02-22,28.3500
2002-02-25,28.4750
2002-02-26,28.3100
2002-02-27,28.2000
2002-02-28,27.9900
2002-03-01,28.4250
2002-03-04,28.1900
2002-03-05,27.6750
2002-03-06,27.9500
2002-03-07,27.2700
2002-03-08,27.1650
2002-03-11,27.0500
2002-03-12,27.6350
2002-03-13,27.3500
2002-03-14,27.2750
2002-03-15,27.9900
2002-03-18,28.2150
2002-03-19,28.4400
2002-03-20,28.4050
2002-03-21,28.3100
2002-03-22,28.4500
2002-03-25,28.0400
2002-03-26,28.3350
2002-03-27,28.6550
2002-03-28,28.5750
2002-04-01,28.3000
2002-04-02,28.4150
2002-04-03,28.2400
2002-04-04,28.6900
2002-04-05,28.6800
2002-04-08,28.7700
2002-04-09,28.6750
2002-04-10,29.2050
2002-04-11,28.7050
2002-04-12,29.3650
2002-04-15,28.9350
2002-04-16,29.1750
2002-04-17,28.8750
2002-04-18,26.9750
2002-04-19,27.2000
2002-04-22,27.3250
2002-04-23,27.5500
2002-04-24,27.6600
2002-04-25,27.8200
2002-04-26,27.5450
2002-04-29,26.9900
2002-04-30,26.5050
2002-05-01,26.7750
2002-05-02,27.3950
2002-05-03,27.2750
2002-05-06,27.5900
2002-05-07,27.4750
2002-05-08,27.6950
2002-05-09,27.4500
2002-05-10,27.7600
2002-05-13,27.8000
2002-05-14,27.8250
2002-05-15,27.7550
2002-05-16,27.8350
2002-05-17,27.5200
2002-05-20,27.4250
2002-05-21,27.0300
2002-05-22,27.0400
2002-05-23,26.9700
2002-05-24,26.7300
2002-05-28,26.1100
2002-05-29,25.8750
2002-05-30,25.9500
2002-05-31,27.1000
2002-06-03,27.0250
2002-06-04,26.9850
2002-06-05,27.7900
2002-06-06,27.5750
2002-06-07,27.5750
2002-06-10,26.9650
2002-06-11,26.5500
2002-06-12,26.9300
2002-06-13,26.4000
2002-06-14,26.2750
2002-06-17,26.8650
2002-06-18,26.4700
2002-06-19,26.3950
2002-06-20,25.8000
2002-06-21,25.2400
2002-06-24,24.8250
2002-06-25,23.9750
2002-06-26,24.8300
2002-06-27,25.7750
2002-06-28,25.0250
2002-07-01,25.8400
2002-07-02,25.2750
2002-07-03,25.0750
2002-07-05,25.8700
2002-07-08,25.6450
2002-07-09,25.0200
2002-07-10,24.7750
2002-07-11,25.2600
2002-07-12,24.7400
2002-07-15,24.3750
2002-07-16,23.8450
2002-07-17,23.5750
2002-07-18,23.0900
2002-07-19,22.1800
2002-07-22,22.6550
2002-07-23,23.6000
2002-07-24,24.9950
2002-07-25,25.2950
2002-07-26,25.1250
2002-07-29,26.2350
2002-07-30,25.6500
2002-07-31,25.6750
2002-08-01,26.2100
2002-08-02,26.1750
2002-08-05,25.4600
2002-08-06,25.8250
2002-08-07,26.2500
2002-08-08,27.0650
2002-08-09,27.0350
2002-08-12,26.8550
2002-08-13,26.6150
2002-08-14,27.2100
2002-08-15,27.4000
2002-08-16,26.9750
2002-08-19,27.4500
2002-08-20,27.1500
2002-08-21,27.3550
2002-08-22,27.3150
2002-08-23,26.8850
2002-08-26,26.6300
2002-08-27,27.0350
2002-08-28,26.8300
2002-08-29,26.8250
2002-08-30,27.2750
2002-09-03,26.3400
2002-09-04,27.2550
2002-09-05,28.0700
2002-09-06,27.4500
2002-09-09,27.9250
2002-09-10,27.8500
2002-09-11,27.9550
2002-09-12,27.4500
2002-09-13,27.7500
2002-09-16,28.0300
2002-09-17,27.4000
2002-09-18,27.2750
2002-09-19,26.7050
2002-09-20,26.6500
2002-09-23,26.7450
2002-09-24,26.2500
2002-09-25,26.8400
2002-09-26,27.7600
2002-09-27,27.3550
2002-09-30,26.9750
2002-10-01,27.4000
2002-10-02,27.0800
2002-10-03,27.0900
2002-10-04,27.0850
2002-10-07,27.3750
2002-10-08,27.6550
2002-10-09,27.2900
2002-10-10,27.6750
2002-10-11,28.2000
2002-10-14,28.5000
2002-10-15,28.0450
2002-10-16,27.4000
2002-10-17,27.8500
2002-10-18,28.3400
2002-10-21,28.9550
2002-10-22,28.3100
2002-10-23,28.3000
2002-10-24,27.7000
2002-10-25,27.8850
2002-10-28,27.3850
2002-10-29,27.8450
2002-10-30,27.9750
2002-10-31,27.4900
2002-11-01,27.5000
2002-11-04,26.6450
2002-11-05,27.2500
2002-11-06,26.7000
2002-11-07,26.9200
2002-11-08,27.0150
2002-11-11,26.9750
2002-11-12,26.4400
2002-11-13,26.3000
2002-11-14,26.4650
2002-11-15,26.5450
2002-11-18,26.3250
2002-11-19,26.3950
2002-11-20,26.5650
2002-11-21,25.7000
2002-11-22,25.7850
2002-11-25,25.5200
2002-11-26,25.5750
2002-11-27,25.9500
2002-11-29,25.6950
2002-12-02,25.7000
2002-12-03,25.8500
2002-12-04,26.5550
2002-12-05,26.2800
2002-12-06,26.7400
2002-12-09,26.8250
2002-12-10,27.0500
2002-12-11,26.7650
2002-12-12,26.5400
2002-12-13,26.4500
2002-12-16,26.3750
2002-12-17,26.2100
2002-12-18,26.3350
2002-12-19,25.9500
2002-12-20,26.2000
2002-12-23,26.3250
2002-12-24,26.2200
2002-12-26,26.3100
2002-12-27,26.0750
2002-12-30,26.0900
2002-12-31,26.2150
2003-01-02,26.9000
2003-01-03,26.5800
2003-01-06,27.1600
2003-01-07,26.7900
2003-01-08,26.6000
2003-01-09,26.5500
2003-01-10,26.4650
2003-01-13,26.4250
2003-01-14,26.2900
2003-01-15,26.1500
2003-01-16,27.0000
2003-01-17,26.8800
2003-01-21,26.5350
2003-01-22,25.9900
2003-01-23,26.1850
2003-01-24,25.8050
2003-01-27,25.4250
2003-01-28,25.7600
2003-01-29,25.4100
2003-01-30,24.8100
2003-01-31,25.4550
2003-02-03,25.3750
2003-02-04,26.0950
2003-02-05,25.7500
2003-02-06,25.7100
2003-02-07,25.6000
2003-02-10,25.7500
2003-02-11,25.3050
2003-02-12,25.0850
2003-02-13,25.1900
2003-02-14,25.3650
2003-02-18,25.4600
2003-02-19,25.2500
2003-02-20,25.0350
2003-02-21,25.5000
2003-02-24,25.1850
2003-02-25,25.4850
2003-02-26,25.4050
2003-02-27,25.3950
2003-02-28,25.1550
2003-03-03,25.0250
2003-03-04,24.8650
2003-03-05,25.0750
2003-03-06,24.8250
2003-03-07,24.8250
2003-03-10,24.5500
2003-03-11,24.9250
2003-03-12,25.5500
2003-03-13,26.0050
2003-03-14,26.1000
2003-03-17,26.8750
2003-03-18,26.7250
2003-03-19,27.2100
2003-03-20,27.2950
2003-03-21,27.8750
2003-03-24,27.0550
2003-03-25,26.9000
2003-03-26,26.8950
2003-03-27,27.0400
2003-03-28,27.1750
2003-03-31,27.2200
2003-04-01,27.5000
2003-04-02,27.7500
2003-04-03,27.2700
2003-04-04,27.2600
2003-04-07,27.4500
2003-04-08,27.5800
2003-04-09,27.7500
2003-04-10,27.8400
2003-04-11,27.7600
2003-04-14,28.3100
2003-04-15,28.5950
2003-04-16,28.1750
2003-04-17,27.8750
2003-04-21,28.1600
2003-04-22,28.6500
2003-04-23,28.7100
2003-04-24,28.6000
2003-04-25,28.3400
2003-04-28,28.7050
2003-04-29,28.7500
2003-04-30,28.5850
2003-05-01,28.4450
2003-05-02,28.5750
2003-05-05,28.8000
2003-05-06,28.7750
2003-05-07,28.8750
2003-05-08,28.4900
2003-05-09,28.6850
2003-05-12,29.1700
2003-05-13,28.6950
2003-05-14,28.8850
2003-05-15,29.1700
2003-05-16,29.2850
2003-05-19,29.2500
2003-05-20,29.5750
2003-05-21,29.2250
2003-05-22,29.4450
2003-05-23,29.4000
2003-05-27,29.4450
2003-05-28,29.4650
2003-05-29,29.5700
2003-05-30,29.8100
2003-06-02,29.7450
2003-06-03,29.7650
2003-06-04,29.6500
2003-06-05,29.5400
2003-06-06,29.3000
2003-06-09,29.3850
2003-06-10,29.3150
2003-06-11,29.4500
2003-06-12,29.8800
2003-06-13,29.9900
2003-06-16,30.4400
2003-06-17,30.3250
2003-06-18,30.3900
2003-06-19,29.9400
2003-06-20,29.9550
2003-06-23,29.8150
2003-06-24,30.0850
2003-06-25,29.3750
2003-06-26,29.1600
2003-06-27,28.8400
2003-06-30,28.9750
2003-07-01,29.1250
2003-07-02,29.1550
2003-07-03,28.9300
2003-07-07,29.0000
2003-07-08,29.0000
2003-07-09,28.8100
2003-07-10,28.6500
2003-07-11,28.6250
2003-07-14,28.4900
2003-07-15,28.4750
2003-07-16,28.2600
2003-07-17,27.9800
2003-07-18,28.1500
2003-07-21,28.1500
2003-07-22,28.3000
2003-07-23,28.1400
2003-07-24,27.9700
2003-07-25,27.9500
2003-07-28,27.7750
2003-07-29,27.6250
2003-07-30,27.5600
2003-07-31,27.3000
2003-08-01,27.1500
2003-08-04,27.1650
2003-08-05,27.1500
2003-08-06,27.4250
2003-08-07,27.3600
2003-08-08,27.5100
2003-08-11,27.6200
2003-08-12,28.0250
2003-08-13,27.8100
2003-08-14,27.8750
2003-08-15,27.4950
2003-08-18,27.2900
2003-08-19,27.2200
2003-08-20,27.2400
2003-08-21,27.1750
2003-08-22,26.6750
2003-08-25,26.7000
2003-08-26,26.9550
2003-08-27,27.6750
2003-08-28,27.6650
2003-08-29,27.6400
2003-09-02,28.0500
2003-09-03,28.2750
2003-09-04,28.1500
2003-09-05,28.1150
2003-09-08,28.2450
2003-09-09,27.9750
2003-09-10,28.0200
2003-09-11,28.2250
2003-09-12,28.0600
2003-09-15,27.6750
2003-09-16,27.8100
2003-09-17,27.5950
2003-09-18,27.4250
2003-09-19,27.6750
2003-09-22,27.4100
2003-09-23,27.7150
2003-09-24,27.7850
2003-09-25,27.8550
2003-09-26,27.6500
2003-09-29,27.8800
2003-09-30,27.9450
2003-10-01,28.4850
2003-10-02,28.6150
2003-10-03,28.6700
2003-10-06,28.8450
2003-10-07,28.9750
2003-10-08,28.9000
2003-10-09,28.8250
2003-10-10,28.9500
2003-10-13,29.0400
2003-10-14,29.1300
2003-10-15,29.3100
2003-10-16,29.0150
2003-10-17,28.6750
2003-10-20,28.6850
2003-10-21,28.8050
2003-10-22,28.8800
2003-10-23,26.5950
2003-10-24,25.9250
2003-10-27,25.5450
2003-10-28,25.5800
2003-10-29,26.1100
2003-10-30,25.8100
2003-10-31,26.5950
2003-11-03,26.5750
2003-11-04,26.6500
2003-11-05,26.1850
2003-11-06,26.1450
2003-11-07,26.0500
2003-11-10,25.9700
2003-11-11,26.1650
2003-11-12,26.3600
2003-11-13,26.4000
2003-11-14,26.0500
2003-11-17,26.0500
2003-11-18,25.7150
2003-11-19,25.8500
2003-11-20,25.8850
2003-11-21,25.9350
2003-11-24,26.2250
2003-11-25,26.2100
2003-11-26,26.1700
2003-11-28,26.2500
2003-12-01,26.4500
2003-12-02,26.5200
2003-12-03,26.5000
2003-12-04,26.8500
2003-12-05,26.9300
2003-12-08,26.7950
2003-12-09,26.4650
2003-12-10,26.3050
2003-12-11,26.3000
2003-12-12,26.8050
2003-12-15,26.7800
2003-12-16,26.5800
2003-12-17,26.9400
2003-12-18,25.1500
2003-12-19,24.5950
2003-12-22,24.5650
2003-12-23,24.6700
2003-12-24,24.5850
2003-12-26,24.6500
2003-12-29,24.9900
2003-12-30,24.9550
2003-12-31,25.0250
2004-01-02,24.8100
2004-01-05,25.0250
2004-01-06,25.1900
2004-01-07,25.3250
2004-01-08,25.3850
2004-01-09,25.2450
2004-01-12,25.1800
2004-01-13,25.2900
2004-01-14,25.2100
2004-01-15,25.5250
2004-01-16,25.6150
2004-01-20,25.5400
2004-01-21,25.7250
2004-01-22,25.6200
2004-01-23,25.4950
2004-01-26,25.6950
2004-01-27,25.6300
2004-01-28,25.4250
2004-01-29,25.9750
2004-01-30,25.6350
2004-02-02,25.1700
2004-02-03,25.9250
2004-02-04,26.8800
2004-02-05,27.3100
2004-02-06,27.4000
2004-02-09,27.4600
2004-02-10,27.5000
2004-02-11,27.5350
2004-02-12,27.5300
2004-02-13,27.5150
2004-02-17,27.6750
2004-02-18,27.7500
2004-02-19,28.2500
2004-02-20,28.0250
2004-02-23,28.0050
2004-02-24,27.6100
2004-02-25,27.5000
2004-02-26,27.7350
2004-02-27,27.7250
2004-03-01,28.1200
2004-03-02,28.0650
2004-03-03,28.1550
2004-03-04,28.0200
2004-03-05,28.1750
2004-03-08,28.2600
2004-03-09,28.1300
2004-03-10,28.2750
2004-03-11,27.4500
2004-03-12,27.4600
2004-03-15,27.2400
2004-03-16,27.3300
2004-03-17,27.5000
2004-03-18,27.5000
2004-03-19,27.3750
2004-03-22,26.8250
2004-03-23,26.4950
2004-03-24,26.4000
2004-03-25,27.4550
2004-03-26,27.3600
2004-03-29,27.6750
2004-03-30,28.0250
2004-03-31,27.5500
2004-04-01,27.4600
2004-04-02,27.8100
2004-04-05,27.4200
2004-04-06,27.4900
2004-04-07,27.1800
2004-04-08,27.1350
2004-04-12,26.9900
2004-04-13,26.7800
2004-04-14,27.4250
2004-04-15,27.7500
2004-04-16,27.8750
2004-04-19,28.1550
2004-04-20,28.3050
2004-04-21,28.1250
2004-04-22,28.2100
2004-04-23,28.3200
2004-04-26,28.5300
2004-04-27,28.5100
2004-04-28,28.2000
2004-04-29,28.9250
2004-04-30,28.9400
2004-05-03,29.4600
2004-05-04,29.3650
2004-05-05,29.2900
2004-05-06,29.2450
2004-05-07,28.8150
2004-05-10,28.5050
2004-05-11,28.5350
2004-05-12,28.4550
2004-05-13,27.9950
2004-05-14,27.8750
2004-05-17,28.0850
2004-05-18,28.0750
2004-05-19,27.9550
2004-05-20,27.9850
2004-05-21,28.6150
2004-05-24,28.4000
2004-05-25,28.5800
2004-05-26,28.9450
2004-05-27,28.7600
2004-05-28,28.6000
2004-06-01,28.7700
2004-06-02,28.7100
2004-06-03,28.5250
2004-06-04,28.4600
2004-06-07,28.8000
2004-06-08,28.8850
2004-06-09,29.0550
2004-06-10,29.0750
2004-06-14,29.0500
2004-06-15,29.0950
2004-06-16,29.2350
2004-06-17,29.1750
2004-06-18,29.1900
2004-06-21,29.1400
2004-06-22,29.3400
2004-06-23,29.2100
2004-06-24,29.0800
2004-06-25,28.6750
2004-06-28,28.8800
2004-06-29,29.3000
2004-06-30,29.2250
2004-07-01,29.3650
2004-07-02,29.1900
2004-07-06,29.1450
2004-07-07,29.0500
2004-07-08,29.0300
2004-07-09,28.8800
2004-07-12,28.8300
2004-07-13,28.7400
2004-07-14,28.4450
2004-07-15,28.4500
2004-07-16,28.1600
2004-07-19,28.0650
2004-07-20,28.3100
2004-07-21,27.5000
2004-07-22,26.9250
2004-07-23,26.3200
2004-07-26,26.3500
2004-07-27,26.5300
2004-07-28,26.7250
2004-07-29,26.6450
2004-07-30,26.6000
2004-08-02,26.6700
2004-08-03,26.4850
2004-08-04,26.4100
2004-08-05,26.1250
2004-08-06,25.8750
2004-08-09,25.7750
2004-08-10,26.1150
2004-08-11,26.1050
2004-08-12,25.9900
2004-08-13,25.8650
2004-08-16,25.9750
2004-08-17,25.8100
2004-08-18,26.0650
2004-08-19,25.9400
2004-08-20,26.3300
2004-08-23,26.6700
2004-08-24,26.6800
2004-08-25,26.9250
2004-08-26,26.9750
2004-08-27,26.9750
2004-08-30,26.8600
2004-08-31,27.0000
2004-09-01,27.1950
2004-09-02,27.4550
2004-09-03,27.4250
2004-09-07,27.5000
2004-09-08,27.2500
2004-09-09,27.1100
2004-09-10,27.2000
2004-09-13,27.2350
2004-09-14,27.1750
2004-09-15,27.1850
2004-09-16,27.1500
2004-09-17,27.1650
2004-09-20,24.1150
2004-09-21,23.0350
2004-09-22,22.9250
2004-09-23,22.9000
2004-09-24,22.5750
2004-09-27,22.6150
2004-09-28,22.6750
2004-09-29,22.7500
2004-09-30,22.5900
2004-10-01,22.5600
2004-10-04,22.4500
2004-10-05,22.2500
2004-10-06,22.2750
2004-10-07,22.2050
2004-10-08,22.0750
2004-10-11,21.9950
2004-10-12,21.6750
2004-10-13,21.7250
2004-10-14,21.7250
2004-10-15,21.9650
2004-10-18,21.9600
2004-10-19,21.5300
2004-10-20,22.6750
2004-10-21,22.9250
2004-10-22,22.8500
2004-10-25,22.4750
2004-10-26,22.6900
2004-10-27,22.7100
2004-10-28,22.4750
2004-10-29,22.3100
2004-11-01,22.3500
2004-11-02,22.5100
2004-11-03,22.7400
2004-11-04,23.2600
2004-11-05,23.4550
2004-11-08,23.1900
2004-11-09,23.3350
2004-11-10,23.2250
2004-11-11,23.6900
2004-11-12,23.8100
2004-11-15,23.9500
2004-11-16,24.0700
2004-11-17,24.3700
2004-11-18,23.4600
2004-11-19,23.1100
2004-11-22,23.0150
2004-11-23,23.0000
2004-11-24,22.8950
2004-11-26,22.9500
2004-11-29,23.0000
2004-11-30,22.9950
2004-12-01,23.3600
2004-12-02,23.6800
2004-12-03,23.4500
2004-12-06,23.1450
2004-12-07,25.0350
2004-12-08,24.7750
2004-12-09,25.1250
2004-12-10,25.2300
2004-12-13,25.0100
2004-12-14,25.2400
2004-12-15,25.1100
2004-12-16,24.9500
2004-12-17,24.9600
2004-12-20,25.1550
2004-12-21,25.2250
2004-12-22,25.2500
2004-12-23,25.3650
2004-12-27,25.1400
2004-12-28,25.1650
2004-12-29,25.1600
2004-12-30,25.6300
2004-12-31,25.5800
2005-01-03,25.0100
2005-01-04,24.8350
2005-01-05,24.2750
2005-01-06,24.8650
2005-01-07,25.0400
2005-01-10,25.2700
2005-01-11,25.2250
2005-01-12,25.1050
2005-01-13,24.9500
2005-01-14,25.0400
2005-01-18,25.0700
2005-01-19,25.0350
2005-01-20,25.0600
2005-01-21,24.9000
2005-01-24,24.6300
2005-01-25,24.9000
2005-01-26,24.9400
2005-01-27,26.3450
2005-01-28,25.8300
2005-01-31,26.2700
2005-02-01,26.6050
2005-02-02,27.1450
2005-02-03,27.3900
2005-02-04,27.4150
2005-02-07,27.6000
2005-02-08,27.4500
2005-02-09,27.2550
2005-02-10,27.0000
2005-02-11,27.3250
2005-02-14,27.2450
2005-02-15,26.9600
2005-02-16,26.9900
2005-02-17,26.9600
2005-02-18,26.6000
2005-02-22,26.2000
2005-02-23,26.3000
2005-02-24,26.4200
2005-02-25,26.3000
2005-02-28,26.4600
2005-03-01,26.4350
2005-03-02,26.3550
2005-03-03,26.3400
2005-03-04,26.4200
2005-03-07,26.4650
2005-03-08,26.4100
2005-03-09,25.8800
2005-03-10,26.3500
2005-03-11,26.1700
2005-03-14,26.2900
2005-03-15,26.3000
2005-03-16,26.1050
2005-03-17,25.9800
2005-03-18,26.0700
2005-03-21,25.8300
2005-03-22,25.2950
2005-03-23,26.0650
2005-03-24,25.8850
2005-03-28,25.8100
2005-03-29,25.7150
2005-03-30,26.1400
2005-03-31,26.0850
2005-04-01,25.7600
2005-04-04,25.8900
2005-04-05,26.1350
2005-04-06,26.4100
2005-04-07,26.7700
2005-04-08,26.7700
2005-04-11,26.8550
2005-04-12,26.9750
2005-04-13,26.9650
2005-04-14,26.6500
2005-04-15,26.4100
2005-04-18,26.1800
2005-04-19,26.0600
2005-04-20,25.5450
2005-04-21,26.0000
2005-04-22,25.6900
2005-04-25,25.8250
2005-04-26,25.3500
2005-04-27,25.3650
2005-04-28,25.2100
2005-04-29,24.8950
2005-05-02,25.0550
2005-05-03,24.9250
2005-05-04,25.0200
2005-05-05,24.7900
2005-05-06,24.5850
2005-05-09,24.4950
2005-05-10,24.3000
2005-05-11,24.6450
2005-05-12,24.6250
2005-05-13,24.3000
2005-05-16,24.5900
2005-05-17,24.7950
2005-05-18,25.2000
2005-05-19,25.3450
2005-05-20,25.5600
2005-05-23,25.3600
2005-05-24,25.4050
2005-05-25,25.2300
2005-05-26,25.1450
2005-05-27,25.0300
2005-05-31,24.9850
2005-06-01,25.1250
2005-06-02,24.8050
2005-06-03,24.5450
2005-06-06,24.4800
2005-06-07,24.8350
2005-06-08,24.9000
2005-06-09,24.8500
2005-06-10,24.8800
2005-06-13,24.8450
2005-06-14,24.8250
2005-06-15,24.7700
2005-06-16,24.4500
2005-06-17,24.6650
2005-06-20,25.3700
2005-06-21,25.4200
2005-06-22,25.6000
2005-06-23,25.6750
2005-06-24,25.3000
2005-06-27,25.0750
2005-06-28,25.3150
2005-06-29,25.4350
2005-06-30,24.9550
2005-07-01,25.0250
2005-07-05,25.1850
2005-07-06,24.7750
2005-07-07,24.9950
2005-07-08,25.2300
2005-07-11,25.2100
2005-07-12,25.4150
2005-07-13,25.5950
2005-07-14,25.6300
2005-07-15,25.7750
2005-07-18,25.7400
2005-07-19,25.7150
2005-07-20,25.7150
2005-07-21,25.9250
2005-07-22,25.9900
2005-07-25,25.9300
2005-07-26,25.8750
2005-07-27,26.0000
2005-07-28,26.6500
2005-07-29,26.4700
2005-08-01,26.5250
2005-08-02,26.4700
2005-08-03,26.5600
2005-08-04,26.1900
2005-08-05,26.3100
2005-08-08,26.2900
2005-08-09,26.3150
2005-08-10,26.3750
2005-08-11,26.3500
2005-08-12,26.4000
2005-08-15,26.3850
2005-08-16,26.1900
2005-08-17,25.9500
2005-08-18,26.3750
2005-08-19,26.0600
2005-08-22,26.2050
2005-08-23,26.5050
2005-08-24,26.3250
2005-08-25,26.2350
2005-08-26,26.0850
2005-08-29,26.4200
2005-08-30,26.2050
2005-08-31,26.2500
2005-09-01,26.3200
2005-09-02,26.2450
2005-09-06,26.7550
2005-09-07,27.0300
2005-09-08,26.7000
2005-09-09,26.6700
2005-09-12,26.5500
2005-09-13,26.3800
2005-09-14,26.2750
2005-09-15,26.4950
2005-09-16,26.8100
2005-09-19,26.4100
2005-09-20,26.2950
2005-09-21,25.9750
2005-09-22,25.9850
2005-09-23,26.0400
2005-09-26,25.6750
2005-09-27,25.9900
2005-09-28,26.1850
2005-09-29,26.2800
2005-09-30,26.3950
2005-10-03,26.5000
2005-10-04,26.5150
2005-10-05,26.2050
2005-10-06,26.1000
2005-10-07,26.3200
2005-10-10,26.1300
2005-10-11,26.0700
2005-10-12,25.9800
2005-10-13,25.8900
2005-10-14,26.2000
2005-10-17,26.1950
2005-10-18,26.0550
2005-10-19,26.3400
2005-10-20,26.0450
2005-10-21,26.0150
2005-10-24,26.2500
2005-10-25,26.2000
2005-10-26,26.0750
2005-10-27,26.0400
2005-10-28,26.5700
2005-10-31,26.4800
2005-11-01,26.1800
2005-11-02,26.1450
2005-11-03,26.0000
2005-11-04,25.9250
2005-11-07,25.9850
2005-11-08,26.3300
2005-11-09,26.5800
2005-11-10,26.8250
2005-11-11,26.8150
2005-11-14,26.5850
2005-11-15,26.7650
2005-11-16,26.8000
2005-11-17,27.1000
2005-11-18,26.9300
2005-11-21,27.1950
2005-11-22,26.9350
2005-11-23,27.0000
2005-11-25,27.0250
2005-11-28,27.1550
2005-11-29,27.1450
2005-11-30,27.2600
2005-12-01,27.5950
2005-12-02,27.4800
2005-12-05,27.6250
2005-12-06,27.7650
2005-12-07,27.4550
2005-12-08,27.6300
2005-12-09,27.5200
2005-12-12,27.4350
2005-12-13,27.8250
2005-12-14,28.1250
2005-12-15,28.1950
2005-12-16,27.9700
2005-12-19,27.9400
2005-12-20,27.6750
2005-12-21,27.6250
2005-12-22,27.7100
2005-12-23,27.7500
2005-12-27,27.5150
2005-12-28,27.6250
2005-12-29,27.6500
2005-12-30,27.4250
2006-01-03,27.4550
2006-01-04,27.7800
2006-01-05,27.3650
2006-01-06,27.4100
2006-01-09,27.7350
2006-01-10,27.4550
2006-01-11,27.3400
2006-01-12,27.1250
2006-01-13,27.3750
2006-01-17,27.2450
2006-01-18,27.2600
2006-01-19,27.5050
2006-01-20,26.8500
2006-01-23,26.9600
2006-01-24,26.8750
2006-01-25,27.8250
2006-01-26,27.3050
2006-01-27,27.9950
2006-01-30,27.6750
2006-01-31,27.4450
2006-02-01,27.6500
2006-02-02,27.4200
2006-02-03,27.2700
2006-02-06,27.0750
2006-02-07,26.9100
2006-02-08,26.9400
2006-02-09,26.8800
2006-02-10,27.0100
2006-02-13,27.0450
2006-02-14,27.1250
2006-02-15,27.2550
2006-02-16,27.4050
2006-02-17,27.4000
2006-02-21,27.1600
2006-02-22,27.2850
2006-02-23,27.3250
2006-02-24,27.3100
2006-02-27,27.7150
2006-02-28,27.2400
2006-03-01,27.3850
2006-03-02,27.2550
2006-03-03,27.4300
2006-03-06,27.1500
2006-03-07,27.3200
2006-03-08,28.2700
2006-03-09,28.6400
2006-03-10,28.8600
2006-03-13,28.9050
2006-03-14,28.3250
2006-03-15,28.3350
2006-03-16,28.3250
2006-03-17,28.3450
2006-03-20,28.5000
2006-03-21,28.7900
2006-03-22,29.0100
2006-03-23,28.6700
2006-03-24,28.9000
2006-03-27,28.8850
2006-03-28,28.6050
2006-03-29,28.8300
2006-03-30,29.1400
2006-03-31,28.5500
2006-04-03,28.9150
2006-04-04,28.9350
2006-04-05,28.9900
2006-04-06,29.0150
2006-04-07,28.7750
2006-04-10,28.9000
2006-04-11,28.5300
2006-04-12,28.4400
2006-04-13,28.3000
2006-04-17,28.1300
2006-04-18,28.3700
2006-04-19,28.4650
2006-04-20,28.4700
2006-04-21,28.4300
2006-04-24,28.6700
2006-04-25,28.6750
2006-04-26,29.4750
2006-04-27,29.7200
2006-04-28,29.5600
2006-05-01,29.3750
2006-05-02,29.6900
2006-05-03,29.6750
2006-05-04,29.8950
2006-05-05,30.1650
2006-05-08,30.4050
2006-05-09,30.0350
2006-05-10,29.7450
2006-05-11,29.5350
2006-05-12,29.6200
2006-05-15,29.8250
2006-05-16,30.3000
2006-05-17,30.4900
2006-05-18,30.0500
2006-05-19,29.7350
2006-05-22,29.9950
2006-05-23,29.7150
2006-05-24,29.8950
2006-05-25,29.9750
2006-05-26,30.3650
2006-05-30,30.1150
2006-05-31,30.1700
2006-06-01,30.3850
2006-06-02,30.1100
2006-06-05,29.7950
2006-06-06,30.1050
2006-06-07,30.3650
2006-06-08,30.5350
2006-06-09,30.7550
2006-06-12,30.6600
2006-06-13,30.7000
2006-06-14,30.1750
2006-06-15,30.1250
2006-06-16,30.3450
2006-06-19,30.1800
2006-06-20,30.0850
2006-06-21,30.1700
2006-06-22,30.1500
2006-06-23,30.0350
2006-06-26,30.1050
2006-06-27,30.0650
2006-06-28,29.6700
2006-06-29,30.0750
2006-06-30,29.9500
2006-07-03,29.9400
2006-07-05,29.8850
2006-07-06,30.5150
2006-07-07,30.4400
2006-07-10,30.8100
2006-07-11,30.8200
2006-07-12,30.7100
2006-07-13,30.8000
2006-07-14,30.5050
2006-07-17,30.4400
2006-07-18,30.4350
2006-07-19,31.1350
2006-07-20,31.2250
2006-07-21,31.0350
2006-07-24,31.0450
2006-07-25,30.3250
2006-07-26,29.7250
2006-07-27,29.4600
2006-07-28,29.8350
2006-07-31,29.6600
2006-08-01,29.2650
2006-08-02,29.5000
2006-08-03,29.1100
2006-08-04,29.2200
2006-08-07,29.5000
2006-08-08,29.4550
2006-08-09,29.4950
2006-08-10,29.8950
2006-08-11,29.7550
2006-08-14,29.8300
2006-08-15,30.0500
2006-08-16,29.8850
2006-08-17,29.5100
2006-08-18,29.5000
2006-08-21,29.6300
2006-08-22,29.4450
2006-08-23,29.6100
2006-08-24,29.5800
2006-08-25,29.3950
2006-08-28,29.4450
2006-08-29,29.7250
2006-08-30,29.8250
2006-08-31,29.9300
2006-09-01,30.3250
2006-09-05,30.3850
2006-09-06,30.6650
2006-09-07,30.3400
2006-09-08,30.3800
2006-09-11,31.0250
2006-09-12,31.1500
2006-09-13,30.6300
2006-09-14,30.8900
2006-09-15,31.0700
2006-09-18,30.9600
2006-09-19,30.9200
2006-09-20,30.9250
2006-09-21,30.8750
2006-09-22,30.8000
2006-09-25,31.1050
2006-09-26,31.1800
2006-09-27,31.0200
2006-09-28,31.2850
2006-09-29,31.0500
2006-10-02,31.2050
2006-10-03,31.0300
2006-10-04,31.2000
2006-10-05,31.4450
2006-10-06,31.3250
2006-10-09,31.3100
2006-10-10,31.1250
2006-10-11,31.0150
2006-10-12,30.7400
2006-10-13,30.4000
2006-10-16,30.0450
2006-10-17,29.8950
2006-10-18,30.2100
2006-10-19,30.1150
2006-10-20,30.3700
2006-10-23,30.1550
2006-10-24,30.2350
2006-10-25,31.0850
2006-10-26,31.3900
2006-10-27,31.6550
2006-10-30,31.9000
2006-10-31,31.9850
2006-11-01,32.0050
2006-11-02,31.7800
2006-11-03,31.8350
2006-11-06,32.0300
2006-11-07,32.5000
2006-11-08,32.5000
2006-11-09,32.5250
2006-11-10,32.6200
2006-11-13,32.4350
2006-11-14,32.3650
2006-11-15,32.1600
2006-11-16,32.8250
2006-11-17,33.0050
2006-11-20,32.9900
2006-11-21,33.4150
2006-11-22,33.3700
2006-11-24,32.9850
2006-11-27,32.5050
2006-11-28,32.5400
2006-11-29,32.5700
2006-11-30,32.5250
2006-12-01,32.6800
2006-12-04,33.1200
2006-12-05,32.7900
2006-12-06,32.9300
2006-12-07,32.8150
2006-12-08,32.8000
2006-12-11,32.9450
2006-12-12,32.8450
2006-12-13,32.7800
2006-12-14,32.8500
2006-12-15,32.6650
2006-12-18,32.5950
2006-12-19,32.5450
2006-12-20,32.5850
2006-12-21,32.3450
2006-12-22,32.2950
2006-12-26,32.5000
2006-12-27,32.5200
2006-12-28,32.8550
2006-12-29,32.6200
2007-01-03,32.8400
2007-01-04,32.8800
2007-01-05,32.7300
2007-01-08,32.8550
2007-01-09,32.8400
2007-01-10,33.0200
2007-01-11,33.1500
2007-01-12,33.4200
2007-01-16,33.4300
2007-01-17,33.2750
2007-01-18,33.2400
2007-01-19,33.4250
2007-01-22,33.2600
2007-01-23,33.1600
2007-01-24,33.2450
2007-01-25,33.0000
2007-01-26,33.0900
2007-01-29,33.3550
2007-01-30,33.7100
2007-01-31,34.1500
2007-02-01,34.0550
2007-02-02,33.8700
2007-02-05,33.7450
2007-02-06,33.4950
2007-02-07,33.5000
2007-02-08,33.5150
2007-02-09,33.4600
2007-02-12,33.4550
2007-02-13,33.7800
2007-02-14,33.9500
2007-02-15,33.9550
2007-02-16,34.3800
2007-02-20,34.4350
2007-02-21,34.2500
2007-02-22,34.1800
2007-02-23,34.1650
2007-02-26,34.2350
2007-02-27,33.6700
2007-02-28,33.7050
2007-03-01,33.4650
2007-03-02,33.3250
2007-03-05,33.3000
2007-03-06,33.2950
2007-03-07,32.9350
2007-03-08,33.1150
2007-03-09,33.3150
2007-03-12,33.3000
2007-03-13,32.9350
2007-03-14,32.6650
2007-03-15,32.6300
2007-03-16,32.5500
2007-03-19,32.6900
2007-03-20,32.9050
2007-03-21,33.4050
2007-03-22,33.5250
2007-03-23,33.5600
2007-03-26,33.4700
2007-03-27,33.2350
2007-03-28,33.4400
2007-03-29,33.4200
2007-03-30,33.3950
2007-04-02,33.0300
2007-04-03,33.0100
2007-04-04,33.0900
2007-04-05,33.3150
2007-04-09,33.3550
2007-04-10,32.9850
2007-04-11,32.9450
2007-04-12,33.1700
2007-04-13,33.2050
2007-04-16,33.1000
2007-04-17,33.3350
2007-04-18,33.3700
2007-04-19,33.5000
2007-04-20,33.6450
2007-04-23,33.5300
2007-04-24,33.9600
2007-04-25,33.7200
2007-04-26,33.2800
2007-04-27,33.5200
2007-04-30,33.8700
2007-05-01,34.0500
2007-05-02,34.0000
2007-05-03,33.7300
2007-05-04,34.0750
2007-05-07,33.7100
2007-05-08,33.7500
2007-05-09,33.9200
2007-05-10,33.5600
2007-05-11,33.4800
2007-05-14,33.1050
2007-05-15,33.1700
2007-05-16,33.7600
2007-05-17,33.7050
2007-05-18,33.6500
2007-05-21,33.5150
2007-05-22,33.4750
2007-05-23,33.4150
2007-05-24,33.2200
2007-05-25,33.2850
2007-05-29,33.4150
2007-05-30,33.4600
2007-05-31,33.4800
2007-06-01,33.7050
2007-06-04,33.6350
2007-06-05,33.4500
2007-06-06,33.2050
2007-06-07,33.1050
2007-06-08,33.3450
2007-06-11,33.6100
2007-06-12,33.7450
2007-06-13,33.7300
2007-06-14,33.4250
2007-06-15,33.3150
2007-06-18,33.1900
2007-06-19,32.8600
2007-06-20,33.2000
2007-06-21,33.1400
2007-06-22,32.6350
2007-06-25,32.7050
2007-06-26,32.3250
2007-06-27,32.2200
2007-06-28,32.6800
2007-06-29,32.4250
2007-07-02,32.5750
2007-07-03,32.7900
2007-07-05,33.0250
2007-07-06,33.0050
2007-07-09,33.1050
2007-07-10,32.8850
2007-07-11,33.4450
2007-07-12,34.1700
2007-07-13,34.2250
2007-07-16,34.0950
2007-07-17,34.0350
2007-07-18,33.8750
2007-07-19,34.2500
2007-07-20,33.8400
2007-07-23,34.3400
2007-07-24,34.1250
2007-07-25,34.8300
2007-07-26,34.3950
2007-07-27,34.2250
2007-07-30,33.7000
2007-07-31,33.0000
2007-08-01,33.6450
2007-08-02,33.6250
2007-08-03,33.1000
2007-08-06,33.9250
2007-08-07,34.4050
2007-08-08,34.1800
2007-08-09,33.2500
2007-08-10,33.4750
2007-08-13,33.1500
2007-08-14,32.7250
2007-08-15,32.4550
2007-08-16,32.7200
2007-08-17,33.6850
2007-08-20,33.3000
2007-08-21,33.1900
2007-08-22,33.3950
2007-08-23,33.3400
2007-08-24,33.7300
2007-08-27,33.1150
2007-08-28,32.6700
2007-08-29,33.2400
2007-08-30,32.9650
2007-08-31,33.1600
2007-09-04,32.9450
2007-09-05,32.6850
2007-09-06,33.0000
2007-09-07,32.7150
2007-09-10,33.3450
2007-09-11,33.6550
2007-09-12,34.0750
2007-09-13,33.8000
2007-09-14,34.0150
2007-09-17,34.1200
2007-09-18,34.5550
2007-09-19,34.9450
2007-09-20,34.9500
2007-09-21,34.9250
2007-09-24,34.8350
2007-09-25,35.3500
2007-09-26,35.8100
2007-09-27,35.7900
2007-09-28,35.6600
2007-10-01,35.7800
2007-10-02,36.1550
2007-10-03,35.6900
2007-10-04,35.8600
2007-10-05,36.0650
2007-10-08,36.0000
2007-10-09,36.4300
2007-10-10,36.3850
2007-10-11,36.8000
2007-10-12,37.1700
2007-10-15,36.8300
2007-10-16,36.6450
2007-10-17,36.4250
2007-10-18,36.4300
2007-10-19,35.9200
2007-10-22,36.3950
2007-10-23,36.6050
2007-10-24,36.8650
2007-10-25,36.8450
2007-10-26,36.9750
2007-10-29,37.1300
2007-10-30,37.6300
2007-10-31,38.1350
2007-11-01,37.2600
2007-11-02,37.3600
2007-11-05,37.6850
2007-11-06,37.7600
2007-11-07,37.6600
2007-11-08,38.0100
2007-11-09,38.2550
2007-11-12,38.3900
2007-11-13,38.7500
2007-11-14,39.0600
2007-11-15,38.9500
2007-11-16,39.4000
2007-11-19,38.7450
2007-11-20,39.4350
2007-11-21,39.0150
2007-11-23,39.5000
2007-11-26,39.1100
2007-11-27,39.5750
2007-11-28,39.8700
2007-11-29,40.0750
2007-11-30,40.0400
2007-12-03,40.0250
2007-12-04,39.5200
2007-12-05,39.6100
2007-12-06,39.7400
2007-12-07,39.9050
2007-12-10,39.4300
2007-12-11,39.5250
2007-12-12,39.9000
2007-12-13,40.1950
2007-12-14,40.3200
2007-12-17,39.5300
2007-12-18,38.9000
2007-12-19,38.9800
2007-12-20,39.1850
2007-12-21,39.3650
2007-12-24,39.2300
2007-12-26,39.4950
2007-12-27,39.2550
2007-12-28,39.3700
2007-12-31,38.9800
2008-01-02,38.6700
2008-01-03,38.9450
2008-01-04,39.3900
2008-01-07,39.9850
2008-01-08,39.9900
2008-01-09,40.4900
2008-01-10,40.4500
2008-01-11,39.7050
2008-01-14,39.6850
2008-01-15,39.3200
2008-01-16,39.3550
2008-01-17,38.6450
2008-01-18,38.5000
2008-01-22,37.4750
2008-01-23,37.6900
2008-01-24,37.2300
2008-01-25,36.8750
2008-01-28,37.1600
2008-01-29,37.0200
2008-01-30,36.7500
2008-01-31,38.2500
2008-02-01,37.7100
2008-02-04,37.3400
2008-02-05,37.4350
2008-02-06,37.2300
2008-02-07,37.8100
2008-02-08,37.1600
2008-02-11,37.8050
2008-02-12,38.3600
2008-02-13,38.5550
2008-02-14,38.1050
2008-02-15,37.6600
2008-02-19,37.4600
2008-02-20,38.0100
2008-02-21,37.5850
2008-02-22,38.0900
2008-02-25,38.5650
2008-02-26,38.4900
2008-02-27,38.7400
2008-02-28,38.6100
2008-02-29,38.0450
2008-03-03,38.4200
2008-03-04,38.4700
2008-03-05,38.3150
2008-03-06,37.8500
2008-03-07,37.4450
2008-03-10,37.5950
2008-03-11,38.2100
2008-03-12,38.2150
2008-03-13,38.5600
2008-03-14,38.1400
2008-03-17,38.3300
2008-03-18,38.8050
2008-03-19,38.6400
2008-03-20,38.7500
2008-03-24,38.8100
2008-03-25,39.0450
2008-03-26,38.7800
2008-03-27,38.8500
2008-03-28,39.0600
2008-03-31,38.9550
2008-04-01,39.1950
2008-04-02,38.8800
2008-04-03,38.9500
2008-04-04,39.4450
2008-04-07,39.1750
2008-04-08,39.2000
2008-04-09,39.3200
2008-04-10,39.3650
2008-04-11,39.0000
2008-04-14,39.2100
2008-04-15,39.1550
2008-04-16,39.1450
2008-04-17,38.8500
2008-04-18,38.7050
2008-04-21,38.7300
2008-04-22,38.2700
2008-04-23,38.2050
2008-04-24,38.2050
2008-04-25,38.0500
2008-04-28,38.0150
2008-04-29,37.8900
2008-04-30,35.3500
2008-05-01,36.3800
2008-05-02,36.8400
2008-05-05,36.6150
2008-05-06,36.6850
2008-05-07,35.9300
2008-05-08,35.8450
2008-05-09,35.6050
2008-05-12,35.5050
2008-05-13,35.4050
2008-05-14,35.8000
2008-05-15,36.1500
2008-05-16,36.2500
2008-05-19,36.0400
2008-05-20,35.8900
2008-05-21,35.7650
2008-05-22,36.0750
2008-05-23,36.0700
2008-05-27,36.2250
2008-05-28,36.4250
2008-05-29,36.7500
2008-05-30,37.1800
2008-06-02,36.5800
2008-06-03,36.6750
2008-06-04,37.2450
2008-06-05,37.5200
2008-06-06,36.3450
2008-06-09,36.4500
2008-06-10,37.1650
2008-06-11,36.9000
2008-06-12,36.6750
2008-06-13,36.6500
2008-06-16,36.4200
2008-06-17,36.1950
2008-06-18,35.8550
2008-06-19,35.7800
2008-06-20,34.8050
2008-06-23,34.4200
2008-06-24,34.2200
2008-06-25,34.8400
2008-06-26,34.6050
2008-06-27,34.1050
2008-06-30,34.5500
2008-07-01,34.7000
2008-07-02,34.5150
2008-07-03,35.1750
2008-07-07,34.7800
2008-07-08,34.9400
2008-07-09,35.1550
2008-07-10,34.9350
2008-07-11,34.5950
2008-07-14,34.4800
2008-07-15,34.5350
2008-07-16,34.5750
2008-07-17,34.8500
2008-07-18,34.4200
2008-07-21,34.2950
2008-07-22,35.0450
2008-07-23,35.0550
2008-07-24,34.9950
2008-07-25,34.6000
2008-07-28,34.2800
2008-07-29,37.0750
2008-07-30,37.4850
2008-07-31,37.1350
2008-08-01,37.2200
2008-08-04,37.4550
2008-08-05,37.9200
2008-08-06,38.0600
2008-08-07,37.8800
2008-08-08,39.1350
2008-08-11,38.9250
2008-08-12,38.9700
2008-08-13,38.6900
2008-08-14,38.7550
2008-08-15,39.2100
2008-08-18,38.8750
2008-08-19,38.6650
2008-08-20,38.2450
2008-08-21,38.1300
2008-08-22,38.6300
2008-08-25,37.9900
2008-08-26,37.9300
2008-08-27,38.1150
2008-08-28,38.4050
2008-08-29,38.0150
2008-09-02,38.3600
2008-09-03,38.5300
2008-09-04,38.2250
2008-09-05,38.5350
2008-09-08,39.6250
2008-09-09,39.2950
2008-09-10,39.1000
2008-09-11,39.7600
2008-09-12,39.9950
2008-09-15,39.0900
2008-09-16,39.2500
2008-09-17,38.1800
2008-09-18,38.4400
2008-09-19,37.8550
2008-09-22,36.7500
2008-09-23,36.8250
2008-09-24,37.4050
2008-09-25,38.0000
2008-09-26,38.5300
2008-09-29,37.3350
2008-09-30,37.6750
2008-10-01,38.1600
2008-10-02,38.3800
2008-10-03,37.7500
2008-10-06,36.3150
2008-10-07,35.8250
2008-10-08,33.9300
2008-10-09,31.7650
2008-10-10,30.3750
2008-10-13,33.5650
2008-10-14,32.0000
2008-10-15,30.2850
2008-10-16,31.3050
2008-10-17,31.0950
2008-10-20,32.3050
2008-10-21,31.4400
2008-10-22,29.4100
2008-10-23,29.1450
2008-10-24,27.9700
2008-10-27,27.3850
2008-10-28,29.9600
2008-10-29,30.0000
2008-10-30,32.1150
2008-10-31,31.3800
2008-11-03,31.7650
2008-11-04,33.0750
2008-11-05,31.8550
2008-11-06,30.8000
2008-11-07,31.5100
2008-11-10,31.7750
2008-11-11,30.9550
2008-11-12,29.7550
2008-11-13,31.8500
2008-11-14,31.0300
2008-11-17,31.0400
2008-11-18,32.0250
2008-11-19,31.4950
2008-11-20,30.2500
2008-11-21,31.3250
2008-11-24,31.9450
2008-11-25,31.3700
2008-11-26,31.7450
2008-11-28,32.5350
2008-12-01,30.7150
2008-12-02,31.3250
2008-12-03,31.8200
2008-12-04,30.8800
2008-12-05,31.5050
2008-12-08,30.6900
2008-12-09,29.9900
2008-12-10,29.5850
2008-12-11,29.2800
2008-12-12,29.6100
2008-12-15,29.7000
2008-12-16,31.3100
2008-12-17,31.0900
2008-12-18,31.9600
2008-12-19,32.5000
2008-12-22,33.0700
2008-12-23,32.9250
2008-12-24,33.8100
2008-12-26,34.0500
2008-12-29,33.6950
2008-12-30,34.0100
2008-12-31,34.2700
2009-01-02,34.6600
2009-01-05,34.0150
2009-01-06,33.2500
2009-01-07,32.9600
2009-01-08,32.7700
2009-01-09,32.4500
2009-01-12,32.7950
2009-01-13,32.2250
2009-01-14,31.4100
2009-01-15,31.5300
2009-01-16,31.7700
2009-01-20,31.2800
2009-01-21,31.7150
2009-01-22,31.2850
2009-01-23,30.8400
2009-01-26,30.8900
2009-01-27,31.1100
2009-01-28,31.9250
2009-01-29,32.6100
2009-01-30,32.5200
2009-02-02,32.1700
2009-02-03,32.8800
2009-02-04,32.0300
2009-02-05,32.2100
2009-02-06,32.8300
2009-02-09,32.0750
2009-02-10,31.3200
2009-02-11,31.4500
2009-02-12,31.6550
2009-02-13,31.5650
2009-02-17,30.5500
2009-02-18,30.4450
2009-02-19,30.3600
2009-02-20,29.7400
2009-02-23,29.2000
2009-02-24,29.7600
2009-02-25,29.4300
2009-02-26,29.6700
2009-02-27,30.0900
2009-03-02,29.0700
2009-03-03,28.6600
2009-03-04,29.3000
2009-03-05,28.0150
2009-03-06,28.0250
2009-03-09,27.5250
2009-03-10,27.9200
2009-03-11,28.1900
2009-03-12,28.2550
2009-03-13,28.8100
2009-03-16,28.6600
2009-03-17,29.4550
2009-03-18,28.8700
2009-03-19,28.6550
2009-03-20,28.6850
2009-03-23,29.6550
2009-03-24,29.2350
2009-03-25,29.6150
2009-03-26,30.1450
2009-03-27,29.7550
2009-03-30,29.3950
2009-03-31,29.4900
2009-04-01,29.4000
2009-04-02,30.6150
2009-04-03,30.2200
2009-04-06,30.5550
2009-04-07,30.1650
2009-04-08,30.3100
2009-04-09,29.9000
2009-04-13,29.2450
2009-04-14,28.6450
2009-04-15,29.0150
2009-04-16,29.6100
2009-04-17,30.4100
2009-04-20,30.2400
2009-04-21,30.3000
2009-04-22,29.6150
2009-04-23,29.4850
2009-04-24,29.5800
2009-04-27,29.6850
2009-04-28,29.4900
2009-04-29,29.8550
2009-04-30,29.5000
2009-05-01,30.7000
2009-05-04,31.1350
2009-05-05,30.7800
2009-05-06,30.6750
2009-05-07,30.9350
2009-05-08,30.9100
2009-05-11,31.0950
2009-05-12,31.7300
2009-05-13,32.0700
2009-05-14,31.7200
2009-05-15,31.7450
2009-05-18,32.2400
2009-05-19,32.1050
2009-05-20,31.9500
2009-05-21,31.9500
2009-05-22,32.0550
2009-05-26,32.3800
2009-05-27,31.7500
2009-05-28,31.9850
2009-05-29,32.9750
2009-06-01,34.7100
2009-06-02,35.1200
2009-06-03,35.4200
2009-06-04,35.6600
2009-06-05,35.4500
2009-06-08,35.4400
2009-06-09,35.0850
2009-06-10,35.1800
2009-06-11,35.1300
2009-06-12,35.6900
2009-06-15,34.9800
2009-06-16,34.3000
2009-06-17,34.7600
2009-06-18,35.4050
2009-06-19,35.2850
2009-06-22,35.2750
2009-06-23,35.1800
2009-06-24,35.0950
2009-06-25,35.7200
2009-06-26,35.8800
2009-06-29,35.8700
2009-06-30,35.3700
2009-07-01,36.0700
2009-07-02,36.0400
2009-07-06,37.1900
2009-07-07,36.5600
2009-07-08,36.6700
2009-07-09,36.5300
2009-07-10,35.6150
2009-07-13,36.4200
2009-07-14,36.6700
2009-07-15,36.5500
2009-07-16,36.7700
2009-07-17,36.7600
2009-07-20,36.7150
2009-07-21,36.9000
2009-07-22,36.7200
2009-07-23,37.2900
2009-07-24,37.5500
2009-07-27,37.5500
2009-07-28,37.6850
2009-07-29,37.9250
2009-07-30,35.9150
2009-07-31,36.2200
2009-08-03,36.0650
2009-08-04,36.1050
2009-08-05,35.8000
2009-08-06,35.7500
2009-08-07,35.5100
2009-08-10,35.6500
2009-08-11,35.8850
2009-08-12,35.9100
2009-08-13,36.0150
2009-08-14,35.8750
2009-08-17,35.6700
2009-08-18,35.6350
2009-08-19,35.9850
2009-08-20,36.3850
2009-08-21,36.5800
2009-08-24,36.4100
2009-08-25,36.5450
2009-08-26,36.6500
2009-08-27,36.6150
2009-08-28,36.3800
2009-08-31,36.3500
2009-09-01,35.8900
2009-09-02,36.0000
2009-09-03,35.5850
2009-09-04,35.5400
2009-09-08,35.7450
2009-09-09,36.0200
2009-09-10,36.6150
2009-09-11,37.6150
2009-09-14,37.5250
2009-09-15,37.2250
2009-09-16,37.7550
2009-09-17,37.6300
2009-09-18,38.0500
2009-09-21,37.8500
2009-09-22,37.8300
2009-09-23,38.1800
2009-09-24,38.1900
2009-09-25,38.2500
2009-09-28,38.1900
2009-09-29,38.2750
2009-09-30,38.1400
2009-10-01,37.9100
2009-10-02,38.4200
2009-10-05,38.4300
2009-10-06,38.9600
2009-10-07,38.8800
2009-10-08,39.3550
2009-10-09,39.3550
2009-10-12,39.8100
2009-10-13,39.3300
2009-10-14,39.3300
2009-10-15,39.3850
2009-10-16,39.6300
2009-10-19,39.7350
2009-10-20,39.7200
2009-10-21,39.4600
2009-10-22,39.6900
2009-10-23,38.8600
2009-10-26,38.7100
2009-10-27,38.9250
2009-10-28,38.8400
2009-10-29,39.4700
2009-10-30,39.3150
2009-11-02,39.3500
2009-11-03,38.7750
2009-11-04,39.1650
2009-11-05,39.8000
2009-11-06,39.9350
2009-11-09,40.6150
2009-11-10,40.7350
2009-11-11,40.8600
2009-11-12,40.2500
2009-11-13,40.7450
2009-11-16,41.2000
2009-11-17,41.4200
2009-11-18,42.9350
2009-11-19,42.2100
2009-11-20,41.9850
2009-11-23,42.2850
2009-11-24,42.5300
2009-11-25,42.2300
2009-11-27,41.8150
2009-11-30,42.0950
2009-12-01,42.8750
2009-12-02,43.1600
2009-12-03,42.8250
2009-12-04,42.6050
2009-12-07,41.4900
2009-12-08,41.0000
2009-12-09,41.2500
2009-12-10,41.4100
2009-12-11,41.9600
2009-12-14,42.2450
2009-12-15,42.2500
2009-12-16,42.3100
2009-12-17,41.4400
2009-12-18,41.3100
2009-12-21,41.6150
2009-12-22,41.6200
2009-12-23,41.7200
2009-12-24,41.5750
2009-12-28,41.4750
2009-12-29,41.4300
2009-12-30,41.4250
2009-12-31,41.0750
2010-01-04,41.4250
2010-01-05,41.7600
2010-01-06,41.6650
2010-01-07,41.5000
2010-01-08,40.7550
2010-01-11,40.5750
2010-01-12,40.3400
2010-01-13,40.5300
2010-01-14,40.2100
2010-01-15,40.0000
2010-01-19,40.2950
2010-01-20,39.6050
2010-01-21,39.5350
2010-01-22,40.3550
2010-01-25,40.2350
2010-01-26,40.1900
2010-01-27,40.1950
2010-01-28,39.9950
2010-01-29,40.0150
2010-02-01,39.9700
2010-02-02,40.5250
2010-02-03,40.4100
2010-02-04,39.8350
2010-02-05,39.6300
2010-02-08,39.5450
2010-02-09,40.0850
2010-02-10,39.9100
2010-02-11,40.1650
2010-02-12,39.8300
2010-02-16,40.3100
2010-02-17,40.6000
2010-02-18,41.2200
2010-02-19,40.8750
2010-02-22,41.0400
2010-02-23,40.9450
2010-02-24,41.4800
2010-02-25,41.5550
2010-02-26,41.4700
2010-03-01,41.8950
2010-03-02,41.9300
2010-03-03,41.9300
2010-03-04,42.0800
2010-03-05,42.1050
2010-03-08,41.9750
2010-03-09,42.2500
2010-03-10,41.7900
2010-03-11,42.0400
2010-03-12,42.0750
2010-03-15,42.1850
2010-03-16,42.3100
2010-03-17,42.3150
2010-03-18,42.3850
2010-03-19,42.4200
2010-03-22,42.4750
2010-03-23,42.6700
2010-03-24,42.1700
2010-03-25,41.7050
2010-03-26,42.2200
2010-03-29,42.4900
2010-03-30,42.7300
2010-03-31,42.6300
2010-04-01,42.9050
2010-04-05,42.8100
2010-04-06,42.4650
2010-04-07,42.5550
2010-04-08,42.2800
2010-04-09,42.1350
2010-04-12,42.3950
2010-04-13,42.2750
2010-04-14,42.3200
2010-04-15,42.1250
2010-04-16,42.1250
2010-04-19,42.0750
2010-04-20,42.2700
2010-04-21,42.3500
2010-04-22,41.9900
2010-04-23,41.6350
2010-04-26,42.1000
2010-04-27,41.7950
2010-04-28,42.5000
2010-04-29,42.4000
2010-04-30,42.0500
2010-05-03,42.1350
2010-05-04,41.4350
2010-05-05,41.3600
2010-05-06,40.8850
2010-05-07,40.1050
2010-05-10,41.5900
2010-05-11,41.4150
2010-05-12,41.7750
2010-05-13,41.5650
2010-05-14,41.3800
2010-05-17,41.9050
2010-05-18,41.5750
2010-05-19,41.0750
2010-05-20,40.1500
2010-05-21,39.7950
2010-05-24,39.3650
2010-05-25,39.1650
2010-05-26,38.9900
2010-05-27,39.3850
2010-05-28,39.0450
2010-06-01,38.4650
2010-06-02,39.1100
2010-06-03,39.4400
2010-06-04,38.6200
2010-06-07,38.8200
2010-06-08,39.3800
2010-06-09,39.3600
2010-06-10,39.7350
2010-06-11,39.5750
2010-06-14,39.6600
2010-06-15,40.4050
2010-06-16,40.3150
2010-06-17,40.4500
2010-06-18,40.2950
2010-06-21,40.5800
2010-06-22,40.4700
2010-06-23,40.1650
2010-06-24,40.1600
2010-06-25,39.5150
2010-06-28,39.6200
2010-06-29,39.0000
2010-06-30,39.3800
2010-07-01,39.4200
2010-07-02,39.3600
2010-07-06,39.3850
2010-07-07,40.4900
2010-07-08,40.9800
2010-07-09,41.0750
2010-07-12,41.4200
2010-07-13,41.5750
2010-07-14,41.6550
2010-07-15,41.5450
2010-07-16,41.4150
2010-07-19,41.5550
2010-07-20,41.9850
2010-07-21,41.5150
2010-07-22,41.2850
2010-07-23,41.7350
2010-07-26,41.8700
2010-07-27,42.2950
2010-07-28,41.9300
2010-07-29,39.0600
2010-07-30,39.4900
2010-08-02,39.1250
2010-08-03,39.0700
2010-08-04,39.0300
2010-08-05,38.5650
2010-08-06,38.2500
2010-08-09,38.1350
2010-08-10,38.9850
2010-08-11,38.2350
2010-08-12,38.5100
2010-08-13,38.1950
2010-08-16,38.0850
2010-08-17,38.2250
2010-08-18,38.4000
2010-08-19,38.3750
2010-08-20,38.0150
2010-08-23,37.7600
2010-08-24,37.7350
2010-08-25,37.6400
2010-08-26,36.9950
2010-08-27,37.1250
2010-08-30,36.9300
2010-08-31,36.9200
2010-09-01,37.4600
2010-09-02,37.4150
2010-09-03,37.4250
2010-09-07,37.3800
2010-09-08,37.2950
2010-09-09,37.2800
2010-09-10,37.5900
2010-09-13,37.5250
2010-09-14,37.7150
2010-09-15,38.1350
2010-09-16,38.2900
2010-09-17,38.6850
2010-09-20,39.1250
2010-09-21,39.2750
2010-09-22,39.2250
2010-09-23,39.0300
2010-09-24,39.2600
2010-09-27,39.4650
2010-09-28,39.4050
2010-09-29,39.1550
2010-09-30,38.4300
2010-10-01,38.2850
2010-10-04,38.2100
2010-10-05,37.4600
2010-10-06,36.9800
2010-10-07,36.8750
2010-10-08,37.4500
2010-10-11,37.4250
2010-10-12,37.4700
2010-10-13,37.8650
2010-10-14,37.9200
2010-10-15,37.9450
2010-10-18,38.3650
2010-10-19,38.1250
2010-10-20,38.5900
2010-10-21,38.3500
2010-10-22,38.4200
2010-10-25,38.4350
2010-10-26,38.2250
2010-10-27,37.7500
2010-10-28,37.4600
2010-10-29,38.5600
2010-11-01,38.6300
2010-11-02,39.0250
2010-11-03,39.2300
2010-11-04,39.2200
2010-11-05,38.7850
2010-11-08,38.7600
2010-11-09,38.4950
2010-11-10,38.4700
2010-11-11,38.3750
2010-11-12,38.2900
2010-11-15,39.1850
2010-11-16,38.4050
2010-11-17,38.6850
2010-11-18,39.1050
2010-11-19,39.2650
2010-11-22,39.1950
2010-11-23,38.8800
2010-11-24,38.9850
2010-11-26,38.6950
2010-11-29,38.5950
2010-11-30,38.2750
2010-12-01,38.6150
2010-12-02,38.8800
2010-12-03,38.9750
2010-12-06,38.8700
2010-12-07,39.0850
2010-12-08,39.3250
2010-12-09,39.0950
2010-12-10,39.1050
2010-12-13,39.6750
2010-12-14,40.3900
2010-12-15,40.4950
2010-12-16,40.5900
2010-12-17,40.5000
2010-12-20,40.2200
2010-12-21,39.9500
2010-12-22,40.4600
2010-12-23,40.2650
2010-12-27,40.2050
2010-12-28,40.3900
2010-12-29,40.2300
2010-12-30,40.1500
2010-12-31,40.1850
2011-01-03,39.8950
2011-01-04,39.8400
2011-01-05,39.5900
2011-01-06,39.3550
2011-01-07,39.1650
2011-01-10,38.9450
2011-01-11,39.1050
2011-01-12,39.2050
2011-01-13,39.1550
2011-01-14,39.1550
2011-01-18,39.2000
2011-01-19,39.5000
2011-01-20,39.4950
2011-01-21,39.5000
2011-01-24,39.9200
2011-01-25,40.0600
2011-01-26,40.0000
2011-01-27,38.6950
2011-01-28,38.4950
2011-01-31,38.3850
2011-02-01,38.3550
2011-02-02,38.0250
2011-02-03,37.9650
2011-02-04,38.1200
2011-02-07,38.1400
2011-02-08,39.2800
2011-02-09,39.1600
2011-02-10,38.8650
2011-02-11,39.4600
2011-02-14,39.5050
2011-02-15,39.1200
2011-02-16,39.2700
2011-02-17,39.2000
2011-02-18,39.2100
2011-02-22,39.3000
2011-02-23,39.1850
2011-02-24,38.8300
2011-02-25,39.0600
2011-02-28,39.2600
2011-03-01,38.8200
2011-03-02,38.6500
2011-03-03,39.0350
2011-03-04,38.7500
2011-03-07,38.7700
2011-03-08,39.0950
2011-03-09,39.5000
2011-03-10,39.4900
2011-03-11,39.5900
2011-03-14,39.1350
2011-03-15,38.6350
2011-03-16,38.3300
2011-03-17,38.3500
2011-03-18,38.4750
2011-03-21,39.2050
2011-03-22,39.2150
2011-03-23,39.1450
2011-03-24,40.1500
2011-03-25,40.0750
2011-03-28,40.2450
2011-03-29,40.2100
2011-03-30,40.6050
2011-03-31,40.3800
2011-04-01,40.2600
2011-04-04,40.5100
2011-04-05,40.4200
2011-04-06,40.7650
2011-04-07,40.7800
2011-04-08,40.6400
2011-04-11,40.8050
2011-04-12,41.2700
2011-04-13,40.8050
2011-04-14,40.9200
2011-04-15,40.9050
2011-04-18,40.6750
2011-04-19,40.7100
2011-04-20,40.6350
2011-04-21,40.3250
2011-04-25,39.9500
2011-04-26,40.2750
2011-04-27,40.5300
2011-04-28,41.4850
2011-04-29,42.1750
2011-05-02,42.2750
2011-05-03,42.3500
2011-05-04,42.8250
2011-05-05,42.4500
2011-05-06,42.4400
2011-05-09,42.4900
2011-05-10,42.7300
2011-05-11,42.5350
2011-05-12,43.6050
2011-05-13,43.2750
2011-05-16,42.9750
2011-05-17,43.1350
2011-05-18,43.1050
2011-05-19,43.4500
2011-05-20,43.2750
2011-05-23,43.0350
2011-05-24,42.8000
2011-05-25,42.5400
2011-05-26,42.6600
2011-05-27,42.8600
2011-05-31,43.7650
2011-06-01,43.4550
2011-06-02,42.7400
2011-06-03,42.0550
2011-06-06,42.2150
2011-06-07,41.9450
2011-06-08,42.1050
2011-06-09,42.5500
2011-06-10,42.3500
2011-06-13,42.6700
2011-06-14,43.3000
2011-06-15,42.8800
2011-06-16,43.2850
2011-06-17,43.9400
2011-06-20,44.5550
2011-06-21,44.4600
2011-06-22,43.7650
2011-06-23,43.1050
2011-06-24,42.7300
2011-06-27,42.7050
2011-06-28,42.9100
2011-06-29,43.3700
2011-06-30,43.7050
2011-07-01,44.2350
2011-07-05,43.9900
2011-07-06,44.2100
2011-07-07,44.3900
2011-07-08,44.2100
2011-07-11,44.1500
2011-07-12,43.9750
2011-07-13,43.9500
2011-07-14,43.5400
2011-07-15,44.5050
2011-07-18,43.9950
2011-07-19,44.2600
2011-07-20,44.2800
2011-07-21,44.5000
2011-07-22,43.8100
2011-07-25,43.3900
2011-07-26,43.4450
2011-07-27,42.7450
2011-07-28,42.4400
2011-07-29,42.1900
2011-08-01,42.0100
2011-08-02,42.3900
2011-08-03,42.1600
2011-08-04,41.2900
2011-08-05,42.0750
2011-08-08,41.4000
2011-08-09,41.6500
2011-08-10,40.0900
2011-08-11,42.0850
2011-08-12,42.6700
2011-08-15,43.1300
2011-08-16,43.1100
2011-08-17,43.1550
2011-08-18,42.5200
2011-08-19,42.4950
2011-08-22,42.6000
2011-08-23,43.5050
2011-08-24,43.6500
2011-08-25,43.4250
2011-08-26,43.9200
2011-08-29,44.8850
2011-08-30,45.3200
2011-08-31,44.9850
2011-09-01,44.9500
2011-09-02,44.2600
2011-09-06,44.4950
2011-09-07,45.9050
2011-09-08,45.2300
2011-09-09,44.4800
2011-09-12,43.8600
2011-09-13,44.7300
2011-09-14,45.6950
2011-09-15,46.1450
2011-09-16,46.8200
2011-09-19,46.6600
2011-09-20,46.9800
2011-09-21,44.9950
2011-09-22,43.7050
2011-09-23,44.4600
2011-09-26,45.4450
2011-09-27,45.5350
2011-09-28,44.3650
2011-09-29,44.7700
2011-09-30,44.3400
2011-10-03,44.1500
2011-10-04,44.2100
2011-10-05,44.7500
2011-10-06,45.0950
2011-10-07,45.2050
2011-10-10,45.8700
2011-10-11,45.1750
2011-10-12,45.6100
2011-10-13,45.5550
2011-10-14,46.1700
2011-10-17,45.4700
2011-10-18,46.1700
2011-10-19,46.0900
2011-10-20,45.8100
2011-10-21,46.9600
2011-10-24,45.6200
2011-10-25,44.9900
2011-10-26,45.2700
2011-10-27,45.6650
2011-10-28,45.6100
2011-10-31,45.1850
2011-11-01,44.0450
2011-11-02,43.9700
2011-11-03,44.2600
2011-11-04,44.0300
2011-11-07,44.2250
2011-11-08,44.7200
2011-11-09,43.7250
2011-11-10,44.0700
2011-11-11,44.5850
2011-11-14,44.3250
2011-11-15,44.3950
2011-11-16,44.3200
2011-11-17,44.0200
2011-11-18,44.3050
2011-11-21,43.7200
2011-11-22,44.1000
2011-11-23,43.2400
2011-11-25,43.3650
2011-11-28,44.1400
2011-11-29,44.8500
2011-11-30,45.7500
2011-12-01,45.0550
2011-12-02,45.0950
2011-12-05,45.2100
2011-12-06,45.2700
2011-12-07,45.6000
2011-12-08,45.2750
2011-12-09,45.2300
2011-12-12,45.1050
2011-12-13,44.8450
2011-12-14,44.6500
2011-12-15,45.2900
2011-12-16,44.9450
2011-12-19,44.9550
2011-12-20,45.7750
2011-12-21,46.4850
2011-12-22,46.2050
2011-12-23,46.5450
2011-12-27,46.6700
2011-12-28,46.3650
2011-12-29,46.6100
2011-12-30,46.1950
2012-01-03,45.5400
2012-01-04,45.3000
2012-01-05,45.0700
2012-01-06,44.9000
2012-01-09,44.8900
2012-01-10,44.7250
2012-01-11,44.2550
2012-01-12,44.2750
2012-01-13,44.2600
2012-01-17,44.8650
2012-01-18,45.1550
2012-01-19,44.9850
2012-01-20,44.5000
2012-01-23,44.1850
2012-01-24,44.1250
2012-01-25,44.7200
2012-01-26,45.6750
2012-01-27,45.2000
2012-01-30,44.7550
2012-01-31,45.3600
2012-02-01,45.5650
2012-02-02,45.4450
2012-02-03,45.7700
2012-02-06,45.6200
2012-02-07,45.7700
2012-02-08,45.7350
2012-02-09,45.8800
2012-02-10,45.5850
2012-02-13,45.8200
2012-02-14,45.9500
2012-02-15,46.0800
2012-02-16,46.6600
2012-02-17,46.6250
2012-02-21,46.6850
2012-02-22,46.5700
2012-02-23,46.6650
2012-02-24,46.6500
2012-02-27,46.1950
2012-02-28,46.4850
2012-02-29,46.5900
2012-03-01,46.4250
2012-03-02,46.6000
2012-03-05,46.6750
2012-03-06,46.6700
2012-03-07,46.4150
2012-03-08,46.9700
2012-03-09,46.9900
2012-03-12,47.2400
2012-03-13,47.6150
2012-03-14,47.5750
2012-03-15,47.7100
2012-03-16,47.3950
2012-03-19,47.6850
2012-03-20,47.8250
2012-03-21,48.0850
2012-03-22,48.1400
2012-03-23,47.9700
2012-03-26,48.4050
2012-03-27,48.3550
2012-03-28,48.0250
2012-03-29,48.3450
2012-03-30,48.8900
2012-04-02,49.2200
2012-04-03,49.1150
2012-04-04,48.9250
2012-04-05,49.0800
2012-04-09,48.5200
2012-04-10,48.0850
2012-04-11,48.2700
2012-04-12,48.7200
2012-04-13,48.6050
2012-04-16,48.8350
2012-04-17,49.2950
2012-04-18,49.2500
2012-04-19,49.0900
2012-04-20,49.4400
2012-04-23,48.8600
2012-04-24,49.2150
2012-04-25,49.7900
2012-04-26,49.7350
2012-04-27,49.1900
2012-04-30,49.4700
2012-05-01,49.5500
2012-05-02,50.1750
2012-05-03,49.9950
2012-05-04,49.5650
2012-05-07,49.8000
2012-05-08,49.5900
2012-05-09,49.5400
2012-05-10,49.8250
2012-05-11,49.6550
2012-05-14,49.5050
2012-05-15,50.5200
2012-05-16,50.6600
2012-05-17,49.9050
2012-05-18,49.3950
2012-05-21,49.4800
2012-05-22,49.5950
2012-05-23,49.1950
2012-05-24,49.5650
2012-05-25,49.4000
2012-05-29,49.6800
2012-05-30,49.4150
2012-05-31,49.1500
2012-06-01,48.2400
2012-06-04,48.5850
2012-06-05,48.6250
2012-06-06,49.1650
2012-06-07,49.3750
2012-06-08,50.0850
2012-06-11,49.9950
2012-06-12,50.0250
2012-06-13,50.1050
2012-06-14,50.6600
2012-06-15,50.7650
2012-06-18,50.8350
2012-06-19,50.6500
2012-06-20,50.3650
2012-06-21,49.7250
2012-06-22,49.9500
2012-06-25,49.6600
2012-06-26,50.0500
2012-06-27,50.7500
2012-06-28,50.9950
2012-06-29,52.0500
2012-07-02,51.8600
2012-07-03,52.3050
2012-07-05,52.3250
2012-07-06,52.1450
2012-07-09,52.1300
2012-07-10,51.9500
2012-07-11,51.9150
2012-07-12,51.8050
2012-07-13,52.7300
2012-07-16,52.1850
2012-07-17,52.5800
2012-07-18,52.6400
2012-07-19,52.8100
2012-07-20,51.9500
2012-07-23,51.3950
2012-07-24,51.0500
2012-07-25,51.1250
2012-07-26,53.1900
2012-07-27,53.5850
2012-07-30,53.7350
2012-07-31,53.6800
2012-08-01,53.3000
2012-08-02,52.6850
2012-08-03,53.2300
2012-08-06,53.1750
2012-08-07,52.4400
2012-08-08,52.6350
2012-08-09,52.4750
2012-08-10,52.6850
2012-08-13,52.7750
2012-08-14,52.7100
2012-08-15,52.7500
2012-08-16,52.9150
2012-08-17,53.0900
2012-08-20,52.9750
2012-08-21,52.8500
2012-08-22,52.6850
2012-08-23,52.3550
2012-08-24,52.8850
2012-08-27,52.9000
2012-08-28,53.1750
2012-08-29,53.2150
2012-08-30,52.9050
2012-08-31,53.1550
2012-09-04,53.6100
2012-09-05,53.2500
2012-09-06,53.7450
2012-09-07,53.1500
2012-09-10,51.8500
2012-09-11,51.4100
2012-09-12,51.3100
2012-09-13,52.2700
2012-09-14,51.8750
2012-09-17,52.5750
2012-09-18,53.0050
2012-09-19,52.9450
2012-09-20,53.3950
2012-09-21,53.2650
2012-09-24,53.4700
2012-09-25,53.3250
2012-09-26,53.3750
2012-09-27,53.6750
2012-09-28,53.6100
2012-10-01,53.9950
2012-10-02,53.9600
2012-10-03,54.0150
2012-10-04,54.2300
2012-10-05,54.2250
2012-10-08,54.2450
2012-10-09,53.7150
2012-10-10,53.8450
2012-10-11,54.0150
2012-10-12,53.9450
2012-10-15,54.2300
2012-10-16,54.2950
2012-10-17,55.2850
2012-10-18,55.3100
2012-10-19,53.8700
2012-10-22,53.8450
2012-10-23,53.2650
2012-10-24,53.2800
2012-10-25,52.3000
2012-10-26,51.9350
2012-10-31,52.4800
2012-11-01,52.9350
2012-11-02,52.4800
2012-11-05,52.6150
2012-11-06,52.8200
2012-11-07,52.4850
2012-11-08,52.0350
2012-11-09,51.9350
2012-11-12,52.1550
2012-11-13,52.1400
2012-11-14,51.7650
2012-11-15,51.8850
2012-11-16,52.5750
2012-11-19,53.4550
2012-11-20,53.4550
2012-11-21,53.4000
2012-11-23,54.0000
2012-11-26,53.9300
2012-11-27,53.8200
2012-11-28,53.8800
2012-11-29,54.0050
2012-11-30,54.2500
2012-12-03,54.0450
2012-12-04,53.7900
2012-12-05,53.6050
2012-12-06,53.3250
2012-12-07,54.1850
2012-12-10,53.3950
2012-12-11,53.9400
2012-12-12,53.4950
2012-12-13,53.0800
2012-12-14,52.9200
2012-12-17,53.1050
2012-12-18,53.6300
2012-12-19,53.0150
2012-12-20,52.8950
2012-12-21,52.5500
2012-12-24,52.5250
2012-12-26,52.3550
2012-12-27,52.6350
2012-12-28,52.0200
2012-12-31,52.2700
2013-01-02,53.1550
2013-01-03,53.3300
2013-01-04,53.9500
2013-01-07,53.0400
2013-01-08,53.1600
2013-01-09,53.0650
2013-01-10,53.6950
2013-01-11,53.5450
2013-01-14,53.9650
2013-01-15,53.8700
2013-01-16,53.9150
2013-01-17,54.4700
2013-01-18,54.5050
2013-01-22,54.2300
2013-01-23,54.4050
2013-01-24,54.8850
2013-01-25,55.0750
2013-01-28,55.0750
2013-01-29,55.4550
2013-01-30,55.4250
2013-01-31,53.6850
2013-02-01,54.9200
2013-02-04,54.3650
2013-02-05,54.7300
2013-02-06,54.9050
2013-02-07,55.0950
2013-02-08,54.2450
2013-02-11,54.1450
2013-02-12,54.0250
2013-02-13,53.9500
2013-02-14,54.1650
2013-02-15,55.0100
2013-02-19,55.9550
2013-02-20,56.0550
2013-02-21,56.5450
2013-02-22,56.9850
2013-02-25,57.0050
2013-02-26,56.9550
2013-02-27,57.2300
2013-02-28,57.2150
2013-03-01,57.0550
2013-03-04,57.4200
2013-03-05,57.8550
2013-03-06,57.6750
2013-03-07,57.7050
2013-03-08,57.8700
2013-03-11,57.8200
2013-03-12,57.5300
2013-03-13,57.4500
2013-03-14,56.9200
2013-03-15,56.0400
2013-03-18,56.1300
2013-03-19,56.2700
2013-03-20,57.3000
2013-03-21,56.8550
2013-03-22,57.2050
2013-03-25,57.2000
2013-03-26,58.6600
2013-03-27,58.3600
2013-03-28,59.0150
2013-04-01,58.8550
2013-04-02,59.4500
2013-04-03,58.6550
2013-04-04,58.5400
2013-04-05,58.3600
2013-04-08,58.8600
2013-04-09,58.6250
2013-04-10,59.1350
2013-04-11,59.4200
2013-04-12,59.1850
2013-04-15,58.4350
2013-04-16,59.6650
2013-04-17,58.9250
2013-04-18,59.2850
2013-04-19,59.8600
2013-04-22,60.2050
2013-04-23,60.7150
2013-04-24,58.9500
2013-04-25,59.7100
2013-04-26,59.4950
2013-04-29,59.6850
2013-04-30,59.7050
2013-05-01,59.5700
2013-05-02,60.3650
2013-05-03,60.5750
2013-05-06,60.1000
2013-05-07,60.1650
2013-05-08,60.2600
2013-05-09,60.0950
2013-05-10,60.3600
2013-05-13,60.4550
2013-05-14,61.6750
2013-05-15,62.2750
2013-05-16,62.3800
2013-05-17,62.0400
2013-05-20,61.5500
2013-05-21,61.5800
2013-05-22,61.4100
2013-05-23,60.9700
2013-05-24,61.1700
2013-05-28,61.6300
2013-05-29,59.5800
2013-05-30,59.6300
2013-05-31,57.8400
2013-06-03,58.6000
2013-06-04,58.8700
2013-06-05,57.9000
2013-06-06,58.0400
2013-06-07,59.1000
2013-06-10,58.8200
2013-06-11,58.6200
2013-06-12,58.1600
2013-06-13,58.4600
2013-06-14,58.8200
2013-06-17,59.6400
2013-06-18,59.7000
2013-06-19,58.0000
2013-06-20,55.8700
2013-06-21,56.8100
2013-06-24,56.1500
2013-06-25,56.2200
2013-06-26,57.0000
2013-06-27,57.3900
2013-06-28,57.2900
2013-07-01,57.9500
2013-07-02,57.7200
2013-07-03,57.8200
2013-07-05,57.8600
2013-07-08,58.5800
2013-07-09,58.9800
2013-07-10,58.6200
2013-07-11,58.9500
2013-07-12,59.1400
2013-07-15,58.8200
2013-07-16,58.4800
2013-07-17,58.3600
2013-07-18,58.8000
2013-07-19,58.8800
2013-07-22,58.6500
2013-07-23,58.4100
2013-07-24,58.4700
2013-07-25,59.6200
2013-07-26,60.2500
2013-07-29,60.0800
2013-07-30,60.2400
2013-07-31,59.8700
2013-08-01,60.5600
2013-08-02,60.5300
2013-08-05,60.9800
2013-08-06,60.9900
2013-08-07,60.9400
2013-08-08,60.9100
2013-08-09,60.6800
2013-08-12,60.9600
2013-08-13,61.0800
2013-08-14,60.6700
2013-08-15,59.8100
2013-08-16,59.4700
2013-08-19,59.1500
2013-08-20,59.0900
2013-08-21,58.5100
2013-08-22,58.4500
2013-08-23,59.0300
2013-08-26,58.2200
2013-08-27,57.6400
2013-08-28,57.2700
2013-08-29,57.2500
2013-08-30,57.7700
2013-09-03,57.4500
2013-09-04,57.8000
2013-09-05,57.5300
2013-09-06,58.0000
2013-09-09,58.5700
2013-09-10,58.5900
2013-09-11,59.2500
2013-09-12,59.2800
2013-09-13,59.4300
2013-09-16,60.0200
2013-09-17,59.8000
2013-09-18,61.1900
2013-09-19,60.9700
2013-09-20,60.4400
2013-09-23,60.2000
2013-09-24,59.8700
2013-09-25,59.3400
2013-09-26,60.3900
2013-09-27,59.9300
2013-09-30,59.3000
2013-10-01,60.0900
2013-10-02,59.4300
2013-10-03,59.2200
2013-10-04,59.3300
2013-10-07,59.2100
2013-10-08,58.9600
2013-10-09,59.8300
2013-10-10,60.7900
2013-10-11,61.4500
2013-10-14,61.5300
2013-10-15,61.2300
2013-10-16,62.2800
2013-10-17,63.4100
2013-10-18,62.8100
2013-10-21,62.2600
2013-10-22,63.4700
2013-10-23,63.4700
2013-10-24,63.0400
2013-10-25,63.6000
2013-10-28,64.7600
2013-10-29,65.9400
2013-10-30,65.2200
2013-10-31,64.7300
2013-11-01,65.3900
2013-11-04,65.7300
2013-11-05,65.3600
2013-11-06,66.0100
2013-11-07,64.8000
2013-11-08,64.8300
2013-11-11,64.6200
2013-11-12,64.7200
2013-11-13,65.0900
2013-11-14,65.6000
2013-11-15,65.7800
2013-11-18,65.1800
2013-11-19,65.2800
2013-11-20,65.2600
2013-11-21,65.9800
2013-11-22,66.2600
2013-11-25,65.9500
2013-11-26,66.0100
2013-11-27,65.8300
2013-11-29,65.8100
2013-12-02,65.2800
2013-12-03,65.3700
2013-12-04,65.0400
2013-12-05,64.5400
2013-12-06,65.6600
2013-12-09,65.6900
2013-12-10,64.6900
2013-12-11,64.9400
2013-12-12,63.9700
2013-12-13,63.9800
2013-12-16,64.0400
2013-12-17,63.5800
2013-12-18,64.6400
2013-12-19,64.2400
2013-12-20,64.7400
2013-12-23,64.6300
2013-12-24,64.7100
2013-12-26,64.8300
2013-12-27,65.3700
2013-12-30,65.4300
2013-12-31,65.2100
2014-01-02,64.3000
2014-01-03,64.1800
2014-01-06,64.1400
2014-01-07,64.2000
2014-01-08,63.5400
2014-01-09,65.0200
2014-01-10,65.0800
2014-01-13,64.6900
2014-01-14,64.8500
2014-01-15,64.7800
2014-01-16,64.9800
2014-01-17,64.7000
2014-01-21,64.7400
2014-01-22,64.0100
2014-01-23,63.4400
2014-01-24,62.3900
2014-01-27,62.1100
2014-01-28,62.8700
2014-01-29,61.5900
2014-01-30,61.4900
2014-01-31,61.2300
2014-02-03,60.1700
2014-02-04,60.3500
2014-02-05,60.4200
2014-02-06,60.6000
2014-02-07,60.8600
2014-02-10,61.5200
2014-02-11,62.4000
2014-02-12,61.9200
2014-02-13,62.3100
2014-02-14,62.6800
2014-02-18,62.3900
2014-02-19,61.5300
2014-02-20,61.8600
2014-02-21,61.5600
2014-02-24,61.9500
2014-02-25,62.0700
2014-02-26,61.9500
2014-02-27,62.1200
2014-02-28,62.8300
2014-03-03,62.2200
2014-03-04,63.0100
2014-03-05,62.6200
2014-03-06,63.0200
2014-03-07,63.1300
2014-03-10,63.0500
2014-03-11,63.2900
2014-03-12,63.2200
2014-03-13,63.2300
2014-03-14,63.8300
2014-03-17,64.4000
2014-03-18,64.3400
2014-03-19,63.3900
2014-03-20,63.5900
2014-03-21,63.4600
2014-03-24,63.3100
2014-03-25,63.7700
2014-03-26,64.2700
2014-03-27,64.0600
2014-03-28,64.1000
2014-03-31,64.8700
2014-04-01,64.2200
2014-04-02,64.3000
2014-04-03,64.2800
2014-04-04,64.2200
2014-04-07,64.9200
2014-04-08,65.6300
2014-04-09,65.7300
2014-04-10,65.9400
2014-04-11,65.3100
2014-04-14,65.8600
2014-04-15,66.3700
2014-04-16,67.1800
2014-04-17,66.9400
2014-04-21,66.8400
2014-04-22,66.3600
2014-04-23,65.8700
2014-04-24,66.4300
2014-04-25,66.2400
2014-04-28,67.8600
2014-04-29,67.0400
2014-04-30,67.3000
2014-05-01,67.0100
2014-05-02,67.1000
2014-05-05,66.9000
2014-05-06,66.7100
2014-05-07,67.2300
2014-05-08,67.1000
2014-05-09,67.6500
2014-05-12,67.1900
2014-05-13,67.2600
2014-05-14,66.9600
2014-05-15,66.4100
2014-05-16,66.9200
2014-05-19,66.7300
2014-05-20,66.5600
2014-05-21,66.8100
2014-05-22,66.6100
2014-05-23,66.7300
2014-05-27,66.7100
2014-05-28,66.1200
2014-05-29,66.9200
2014-05-30,68.4000
2014-06-02,68.2100
2014-06-03,67.2400
2014-06-04,67.7100
2014-06-05,67.9600
2014-06-06,68.0200
2014-06-09,68.4400
2014-06-10,68.6900
2014-06-11,68.6200
2014-06-12,67.8400
2014-06-13,67.8600
2014-06-16,68.0900
2014-06-17,67.8900
2014-06-18,68.7300
2014-06-19,69.4300
2014-06-20,68.3800
2014-06-23,67.8300
2014-06-24,67.9500
2014-06-25,67.9500
2014-06-26,67.9000
2014-06-27,68.4300
2014-06-30,68.1800
2014-07-01,68.4800
2014-07-02,68.4700
2014-07-03,68.8200
2014-07-07,68.8600
2014-07-08,69.5000
2014-07-09,69.6500
2014-07-10,69.4200
2014-07-11,69.5200
2014-07-14,69.7900
2014-07-15,69.6600
2014-07-16,69.4500
2014-07-17,68.6000
2014-07-18,68.9000
2014-07-21,68.7600
2014-07-22,68.5900
2014-07-23,68.1700
2014-07-24,68.1100
2014-07-25,67.5900
2014-07-28,67.3300
2014-07-29,66.3600
2014-07-30,66.1100
2014-07-31,63.4000
2014-08-01,63.9500
2014-08-04,63.7600
2014-08-05,63.7700
2014-08-06,64.8000
2014-08-07,64.4500
2014-08-08,65.1800
2014-08-11,65.0600
2014-08-12,64.4200
2014-08-13,64.3800
2014-08-14,64.2100
2014-08-15,64.1300
2014-08-18,64.6200
2014-08-19,64.2600
2014-08-20,64.6700
2014-08-21,64.8100
2014-08-22,64.5700
2014-08-25,64.8700
2014-08-26,64.7900
2014-08-27,64.8300
2014-08-28,64.5100
2014-08-29,64.7300
2014-09-02,64.4200
2014-09-03,64.4200
2014-09-04,64.3100
2014-09-05,64.8600
2014-09-08,63.6400
2014-09-09,63.4300
2014-09-10,64.0000
2014-09-11,64.4200
2014-09-12,64.4800
2014-09-15,64.5100
2014-09-16,65.1400
2014-09-17,65.2400
2014-09-18,65.3100
2014-09-19,65.2800
2014-09-22,65.6900
2014-09-23,65.4000
2014-09-24,66.2300
2014-09-25,65.4800
2014-09-26,65.7000
2014-09-29,65.6300
2014-09-30,65.2200
2014-10-01,64.8900
2014-10-02,64.7800
2014-10-03,65.4600
2014-10-06,65.2700
2014-10-07,64.9000
2014-10-08,65.8200
2014-10-09,65.2000
2014-10-10,65.2900
2014-10-13,64.1900
2014-10-14,64.4100
2014-10-15,63.5300
2014-10-16,63.1100
2014-10-17,63.7300
2014-10-20,64.5400
2014-10-21,65.4200
2014-10-22,65.3200
2014-10-23,65.0500
2014-10-24,65.3500
2014-10-27,66.1100
2014-10-28,65.7900
2014-10-29,65.8500
2014-10-30,66.4100
2014-10-31,66.8800
2014-11-03,67.4100
2014-11-04,68.0500
2014-11-05,68.1500
2014-11-06,68.1100
2014-11-07,68.0500
2014-11-10,68.5500
2014-11-11,68.4700
2014-11-12,68.7000
2014-11-13,68.2900
2014-11-14,67.5600
2014-11-17,67.9200
2014-11-18,67.9700
2014-11-19,68.2900
2014-11-20,68.0600
2014-11-21,68.3400
2014-11-24,67.9500
2014-11-25,68.3300
2014-11-26,68.6900
2014-11-28,69.5900
2014-12-01,69.4000
2014-12-02,69.8600
2014-12-03,69.0600
2014-12-04,69.4500
2014-12-05,69.3700
2014-12-08,69.4400
2014-12-09,69.3300
2014-12-10,68.8700
2014-12-11,69.2800
2014-12-12,68.5700
2014-12-15,67.9500
2014-12-16,67.5100
2014-12-17,68.6600
2014-12-18,69.4800
2014-12-19,69.9800
2014-12-22,70.2600
2014-12-23,71.0000
2014-12-24,70.4700
2014-12-26,70.8800
2014-12-29,70.4800
2014-12-30,70.0400
2014-12-31,69.1900
2015-01-02,69.0400
2015-01-05,68.5300
2015-01-06,67.8100
2015-01-07,68.3500
2015-01-08,69.2800
2015-01-09,68.6000
2015-01-12,68.2600
2015-01-13,68.7300
2015-01-14,68.4500
2015-01-15,68.3200
2015-01-16,69.1700
2015-01-20,68.9600
2015-01-21,68.3500
2015-01-22,69.3200
2015-01-23,67.1400
2015-01-26,66.2900
2015-01-27,65.6600
2015-01-28,65.1200
2015-01-29,69.0300
2015-01-30,67.5200
2015-02-02,68.9900
2015-02-03,69.1900
2015-02-04,69.2000
2015-02-05,69.7900
2015-02-06,69.3000
2015-02-09,69.0700
2015-02-10,69.4400
2015-02-11,69.4700
2015-02-12,69.8500
2015-02-13,70.0800
2015-02-17,70.1900
2015-02-18,70.5400
2015-02-19,70.2100
2015-02-20,70.2400
2015-02-23,70.6800
2015-02-24,71.0100
2015-02-25,71.0100
2015-02-26,71.1100
2015-02-27,70.8200
2015-03-02,71.0100
2015-03-03,70.6800
2015-03-04,70.6800
2015-03-05,71.4600
2015-03-06,69.2500
2015-03-09,69.5900
2015-03-10,68.4000
2015-03-11,67.8900
2015-03-12,68.5300
2015-03-13,68.4600
2015-03-16,69.0200
2015-03-17,68.4100
2015-03-18,68.3300
2015-03-19,68.2900
2015-03-20,69.5600
2015-03-23,70.1700
2015-03-24,69.3100
2015-03-25,68.8900
2015-03-26,68.7400
2015-03-27,68.7500
2015-03-30,69.2900
2015-03-31,69.3400
2015-04-01,69.0900
2015-04-02,69.3300
2015-04-06,69.9500
2015-04-07,69.7100
2015-04-08,69.9000
2015-04-09,69.9600
2015-04-10,69.6100
2015-04-13,69.3100
2015-04-14,69.6300
2015-04-15,69.8800
2015-04-16,70.0800
2015-04-17,69.2800
2015-04-20,68.4600
2015-04-21,69.0100
2015-04-22,69.2800
2015-04-23,69.2200
2015-04-24,69.1700
2015-04-27,68.9800
2015-04-28,68.7700
2015-04-29,68.5100
2015-04-30,67.2800
2015-05-01,67.6800
2015-05-04,67.8600
2015-05-05,67.3800
2015-05-06,67.7900
2015-05-07,67.8800
2015-05-08,68.2000
2015-05-11,67.8300
2015-05-12,67.8800
2015-05-13,67.6000
2015-05-14,68.6300
2015-05-15,68.6300
2015-05-18,68.6100
2015-05-19,69.1400
2015-05-20,68.8900
2015-05-21,68.8200
2015-05-22,68.5000
2015-05-26,67.1500
2015-05-27,67.5400
2015-05-28,67.3300
2015-05-29,66.7900
2015-06-01,66.9000
2015-06-02,66.7300
2015-06-03,66.5700
2015-06-04,65.9200
2015-06-05,65.4800
2015-06-08,65.3400
2015-06-09,66.0300
2015-06-10,67.0700
2015-06-11,66.5500
2015-06-12,66.2900
2015-06-15,65.3400
2015-06-16,65.9800
2015-06-17,66.4100
2015-06-18,67.1700
2015-06-19,66.9000
2015-06-22,67.2400
2015-06-23,67.0100
2015-06-24,66.4900
2015-06-25,66.4600
2015-06-26,66.5000
2015-06-29,65.4000
2015-06-30,65.4100
2015-07-01,66.1600
2015-07-02,66.1600
2015-07-06,65.9600
2015-07-07,67.3100
2015-07-08,66.4500
2015-07-09,66.1700
2015-07-10,66.6400
2015-07-13,67.4400
2015-07-14,67.2700
2015-07-15,66.9100
2015-07-16,67.6200
2015-07-17,67.5000
2015-07-20,67.8000
2015-07-21,66.9400
2015-07-22,67.0000
2015-07-23,67.0400
2015-07-24,67.0000
2015-07-27,67.3000
2015-07-28,68.3900
2015-07-29,68.9300
2015-07-30,68.0200
2015-07-31,68.0200
2015-08-03,68.4200
2015-08-04,68.4500
2015-08-05,69.0800
2015-08-06,68.6500
2015-08-07,68.4900
2015-08-10,68.7400
2015-08-11,68.2600
2015-08-12,68.0000
2015-08-13,67.6600
2015-08-14,67.7900
2015-08-17,67.6600
2015-08-18,67.6900
2015-08-19,66.7400
2015-08-20,65.9900
2015-08-21,64.9800
2015-08-24,61.9500
2015-08-25,60.3700
2015-08-26,62.2300
2015-08-27,63.0900
2015-08-28,63.3500
2015-08-31,62.8100
2015-09-01,61.2700
2015-09-02,62.1800
2015-09-03,62.9200
2015-09-04,61.4600
2015-09-08,63.4300
2015-09-09,62.3900
2015-09-10,61.9300
2015-09-11,61.9200
2015-09-14,62.1100
2015-09-15,62.4300
2015-09-16,63.0700
2015-09-17,63.2700
2015-09-18,62.6900
2015-09-21,63.1000
2015-09-22,62.1600
2015-09-23,62.1000
2015-09-24,62.2500
2015-09-25,63.1400
2015-09-28,62.1600
2015-09-29,63.0700
2015-09-30,63.4600
2015-10-01,63.7200
2015-10-02,64.2800
2015-10-05,65.3500
2015-10-06,64.7900
2015-10-07,65.3500
2015-10-08,65.9000
2015-10-09,66.3400
2015-10-12,66.2500
2015-10-13,65.9700
2015-10-14,65.7500
2015-10-15,66.5700
2015-10-16,67.1200
2015-10-19,67.2500
2015-10-20,67.0600
2015-10-21,66.8300
2015-10-22,68.6400
2015-10-23,68.9400
2015-10-26,68.7200
2015-10-27,68.9500
2015-10-28,68.8300
2015-10-29,69.2300
2015-10-30,66.3500
2015-11-02,67.4900
2015-11-03,68.0000
2015-11-04,67.4800
2015-11-05,67.6000
2015-11-06,65.8200
2015-11-09,65.7700
2015-11-10,66.3800
2015-11-11,66.4500
2015-11-12,65.2700
2015-11-13,64.5600
2015-11-16,65.5700
2015-11-17,65.3200
2015-11-18,66.0600
2015-11-19,66.3800
2015-11-20,66.1000
2015-11-23,66.8900
2015-11-24,66.8200
2015-11-25,66.4300
2015-11-27,66.5600
2015-11-30,65.6800
2015-12-01,65.8300
2015-12-02,65.6800
2015-12-03,65.5800
2015-12-04,66.3400
2015-12-07,66.3400
2015-12-08,66.1800
2015-12-09,66.0800
2015-12-10,66.1300
2015-12-11,65.2100
2015-12-14,65.8500
2015-12-15,66.7600
2015-12-16,68.3300
2015-12-17,67.3300
2015-12-18,65.5700
2015-12-21,65.9800
2015-12-22,66.5800
2015-12-23,67.1600
2015-12-24,66.9900
2015-12-28,66.8900
2015-12-29,67.6500
2015-12-30,67.5300
2015-12-31,66.6200
2016-01-04,64.7100
2016-01-05,65.0000
2016-01-06,64.1400
2016-01-07,63.0100
2016-01-08,62.5500
2016-01-11,62.8100
2016-01-12,63.3800
2016-01-13,62.9100
2016-01-14,63.5300
2016-01-15,63.3500
2016-01-19,64.2900
2016-01-20,62.4500
2016-01-21,63.6500
2016-01-22,64.6100
2016-01-25,63.9300
2016-01-26,64.3300
2016-01-27,64.3000
2016-01-28,65.0200
2016-01-29,67.5300
2016-02-01,66.2000
2016-02-02,65.3600
2016-02-03,66.0300
2016-02-04,65.9900
2016-02-05,66.1900
2016-02-08,66.0700
2016-02-09,65.8800
2016-02-10,65.8100
2016-02-11,64.4400
2016-02-12,65.7000
2016-02-16,65.8100
2016-02-17,67.0600
2016-02-18,67.2200
2016-02-19,67.4600
2016-02-22,67.6100
2016-02-23,67.2000
2016-02-24,66.3200
2016-02-25,67.4200
2016-02-26,66.2800
2016-02-29,65.6400
2016-03-01,67.3300
2016-03-02,67.0800
2016-03-03,67.6100
2016-03-04,68.1600
2016-03-07,67.5700
2016-03-08,67.5300
2016-03-09,67.9800
2016-03-10,68.2300
2016-03-11,68.3700
2016-03-14,68.2400
2016-03-15,68.5900
2016-03-16,68.6800
2016-03-17,69.8600
2016-03-18,70.4800
2016-03-21,70.4300
2016-03-22,69.5600
2016-03-23,69.8000
2016-03-24,69.9100
2016-03-28,69.9100
2016-03-29,70.5100
2016-03-30,70.7200
2016-03-31,70.6500
2016-04-01,71.2000
2016-04-04,71.1600
2016-04-05,71.1400
2016-04-06,71.4100
2016-04-07,70.6400
2016-04-08,71.0700
2016-04-11,70.9400
2016-04-12,71.2300
2016-04-13,70.8300
2016-04-14,70.8000
2016-04-15,71.2500
2016-04-18,71.3200
2016-04-19,71.6600
2016-04-20,70.3100
2016-04-21,68.9800
2016-04-22,69.0600
2016-04-25,69.4200
2016-04-26,68.9600
2016-04-27,69.3100
2016-04-28,71.1600
2016-04-29,70.9200
2016-05-02,72.3700
2016-05-03,71.8500
2016-05-04,71.8800
2016-05-05,71.4700
2016-05-06,71.8200
2016-05-09,71.7600
2016-05-10,72.2000
2016-05-11,71.9800
2016-05-12,72.6500
2016-05-13,71.6700
2016-05-16,72.0200
2016-05-17,70.8500
2016-05-18,70.1300
2016-05-19,70.4300
2016-05-20,70.0200
2016-05-23,70.0800
2016-05-24,70.8700
2016-05-25,70.6700
2016-05-26,70.4900
2016-05-27,70.5900
2016-05-31,70.4100
2016-06-01,71.2000
2016-06-02,71.4200
2016-06-03,71.6000
2016-06-06,71.8400
2016-06-07,71.5900
2016-06-08,72.0000
2016-06-09,72.3400
2016-06-10,72.1200
2016-06-13,71.6700
2016-06-14,72.0900
2016-06-15,71.7200
2016-06-16,72.0000
2016-06-17,71.4400
2016-06-20,71.6400
2016-06-21,71.8000
2016-06-22,72.2500
2016-06-23,72.6700
2016-06-24,70.5800
2016-06-27,69.9900
2016-06-28,71.1300
2016-06-29,71.8600
2016-06-30,73.2000
2016-07-01,72.9500
2016-07-05,73.2800
2016-07-06,73.2800
2016-07-07,73.4000
2016-07-08,74.2500
2016-07-11,74.4900
2016-07-12,73.9500
2016-07-13,74.4700
2016-07-14,74.7100
2016-07-15,74.7200
2016-07-18,74.5000
2016-07-19,74.5600
2016-07-20,74.1200
2016-07-21,73.8700
2016-07-22,74.6100
2016-07-25,74.2300
2016-07-26,73.9800
2016-07-27,73.2800
2016-07-28,73.2500
2016-07-29,74.4300
2016-08-01,75.1100
2016-08-02,74.8700
2016-08-03,74.0800
2016-08-04,74.7800
2016-08-05,74.5800
2016-08-08,74.4300
2016-08-09,74.7800
2016-08-10,74.8400
2016-08-11,74.8900
2016-08-12,74.9700
2016-08-15,74.7100
2016-08-16,74.3200
2016-08-17,74.5800
2016-08-18,74.5900
2016-08-19,74.4900
2016-08-22,74.5000
2016-08-23,74.5400
2016-08-24,74.3600
2016-08-25,74.6300
2016-08-26,74.4700
2016-08-29,74.8100
2016-08-30,74.5000
2016-08-31,74.3400
2016-09-01,74.2700
2016-09-02,74.8900
2016-09-06,75.2700
2016-09-07,73.7600
2016-09-08,72.9900
2016-09-09,70.8600
2016-09-12,72.7800
2016-09-13,71.8400
2016-09-14,71.8500
2016-09-15,72.1000
2016-09-16,71.9600
2016-09-19,72.1900
2016-09-20,72.4800
2016-09-21,73.0000
2016-09-22,73.5300
2016-09-23,73.2500
2016-09-26,73.1100
2016-09-27,73.4600
2016-09-28,73.6000
2016-09-29,73.2900
2016-09-30,74.1400
2016-10-03,73.6200
2016-10-04,72.8000
2016-10-05,72.9700
2016-10-06,73.2800
2016-10-07,73.0500
2016-10-10,72.6100
2016-10-11,72.2000
2016-10-12,72.4300
2016-10-13,72.1600
2016-10-14,72.3100
2016-10-17,72.0800
2016-10-18,71.9300
2016-10-19,71.7000
2016-10-20,70.9200
2016-10-21,70.9200
2016-10-24,71.0300
2016-10-25,71.3100
2016-10-26,71.2600
2016-10-27,70.5700
2016-10-28,71.1700
2016-10-31,71.3600
2016-11-01,70.9900
2016-11-02,71.1800
2016-11-03,70.5700
2016-11-04,69.5700
2016-11-07,70.5400
2016-11-08,71.5900
2016-11-09,70.3700
2016-11-10,67.2000
2016-11-11,67.4200
2016-11-14,66.5800
2016-11-15,66.5900
2016-11-16,66.7400
2016-11-17,65.9900
2016-11-18,65.8600
2016-11-21,66.2200
2016-11-22,66.3300
2016-11-23,65.9900
2016-11-25,66.5300
2016-11-28,66.4300
2016-11-29,66.5300
2016-11-30,65.2300
2016-12-01,65.0800
2016-12-02,64.7200
2016-12-05,64.6300
2016-12-06,65.0300
2016-12-07,65.9300
2016-12-08,65.7000
2016-12-09,66.2900
2016-12-12,66.7500
2016-12-13,66.8900
2016-12-14,65.9100
2016-12-15,66.2300
2016-12-16,66.2300
2016-12-19,66.0600
2016-12-20,66.3900
2016-12-21,66.0500
2016-12-22,66.3700
2016-12-23,66.2700
2016-12-27,66.0100
2016-12-28,65.6100
2016-12-29,65.8900
2016-12-30,65.4400
2017-01-03,65.5400
2017-01-04,66.2600
2017-01-05,66.8500
2017-01-06,67.3600
2017-01-09,66.4200
2017-01-10,65.3900
2017-01-11,65.3100
2017-01-12,65.8500
2017-01-13,65.8800
2017-01-17,67.1000
2017-01-18,67.8600
2017-01-19,67.0400
2017-01-20,67.9500
2017-01-23,67.5500
2017-01-24,68.2600
2017-01-25,68.4300
2017-01-26,68.2400
2017-01-27,64.6800
2017-01-30,64.5300
2017-01-31,64.5800
2017-02-01,64.7200
2017-02-02,65.6800
2017-02-03,65.9700
2017-02-06,65.4900
2017-02-07,66.5600
2017-02-08,66.5900
2017-02-09,66.6000
2017-02-10,67.7200
2017-02-13,67.7100
2017-02-14,67.7400
2017-02-15,68.6100
2017-02-16,69.0000
2017-02-17,71.9800
2017-02-21,73.1800
2017-02-22,73.4900
2017-02-23,74.4400
2017-02-24,73.3500
2017-02-27,72.6500
2017-02-28,72.9800
2017-03-01,73.4600
2017-03-02,73.7400
2017-03-03,73.5900
2017-03-06,73.7900
2017-03-07,73.7200
2017-03-08,73.1600
2017-03-09,73.3700
2017-03-10,74.2600
2017-03-13,73.9000
2017-03-14,73.6500
2017-03-15,73.9400
2017-03-16,73.9000
2017-03-17,73.9600
2017-03-20,73.8000
2017-03-21,73.7000
2017-03-22,73.6800
2017-03-23,73.9200
2017-03-24,73.6700
2017-03-27,73.4300
2017-03-28,73.7700
2017-03-29,73.5600
2017-03-30,73.2300
2017-03-31,73.1900
2017-04-03,73.3700
2017-04-04,73.6200
2017-04-05,73.4600
2017-04-06,73.1300
2017-04-07,73.4500
2017-04-10,73.7300
2017-04-11,73.7000
2017-04-12,74.0000
2017-04-13,73.6600
2017-04-17,74.0700
2017-04-18,74.3700
2017-04-19,73.3900
2017-04-20,73.1800
2017-04-21,73.0200
2017-04-24,73.6600
2017-04-25,74.2200
2017-04-26,73.5000
2017-04-27,73.3000
2017-04-28,72.0400
2017-05-01,71.8000
2017-05-02,70.7600
2017-05-03,71.0800
2017-05-04,71.9500
2017-05-05,71.8100
2017-05-08,71.8400
2017-05-09,71.5000
2017-05-10,71.8000
2017-05-11,71.6200
2017-05-12,71.2500
2017-05-15,71.6500
2017-05-16,71.5800
2017-05-17,75.6900
2017-05-18,73.9300
2017-05-19,74.8200
2017-05-22,74.2800
2017-05-23,73.8400
2017-05-24,74.6000
2017-05-25,75.3700
2017-05-26,75.4500
2017-05-30,76.0900
2017-05-31,76.3600
2017-06-01,76.6900
2017-06-02,77.1100
2017-06-05,77.2300
2017-06-06,77.0000
2017-06-07,77.1600
2017-06-08,75.7900
2017-06-09,75.7700
2017-06-12,75.5500
2017-06-13,75.6900
2017-06-14,75.8800
2017-06-15,76.3500
2017-06-16,76.3100
2017-06-19,76.9000
2017-06-20,76.3500
2017-06-21,75.6800
2017-06-22,75.5300
2017-06-23,75.9200
2017-06-26,75.8900
2017-06-27,75.3700
2017-06-28,75.0900
2017-06-29,74.1200
2017-06-30,74.1300
2017-07-03,73.9400
2017-07-05,73.7600
2017-07-06,73.4500
2017-07-07,73.3400
2017-07-10,73.0800
2017-07-11,72.4000
2017-07-12,72.2800
2017-07-13,72.2300
2017-07-14,72.4900
2017-07-17,72.5900
2017-07-18,72.5200
2017-07-19,72.4900
2017-07-20,72.0900
2017-07-21,73.2700
2017-07-24,71.8500
2017-07-25,72.0500
2017-07-26,73.0000
2017-07-27,72.9500
2017-07-28,72.5400
2017-07-31,72.2000
2017-08-01,71.7000
2017-08-02,71.6200
2017-08-03,71.6000
2017-08-04,71.4800
2017-08-07,71.7400
2017-08-08,71.7000
2017-08-09,71.5700
2017-08-10,71.5500
2017-08-11,71.2600
2017-08-14,71.4500
2017-08-15,71.8000
2017-08-16,71.9300
2017-08-17,71.3000
2017-08-18,71.0200
2017-08-21,71.6100
2017-08-22,71.6400
2017-08-23,71.2200
2017-08-24,70.7800
2017-08-25,71.1500
2017-08-28,70.9000
2017-08-29,71.3000
2017-08-30,70.9500
2017-08-31,71.6400
2017-09-01,71.3000
2017-09-05,71.1100
2017-09-06,71.4900
2017-09-07,71.5600
2017-09-08,71.8200
2017-09-11,72.0200
2017-09-12,71.9500
2017-09-13,71.6500
2017-09-14,72.1400
2017-09-15,72.2800
2017-09-18,72.3900
2017-09-19,72.8100
2017-09-20,72.5500
2017-09-21,71.3700
2017-09-22,71.1900
2017-09-25,73.0000
2017-09-26,73.3900
2017-09-27,73.0800
2017-09-28,73.1500
2017-09-29,72.8500
2017-10-02,72.9500
2017-10-03,72.4400
2017-10-04,72.8800
2017-10-05,73.2100
2017-10-06,72.7200
2017-10-09,72.3600
2017-10-10,72.9000
2017-10-11,74.7300
2017-10-12,75.1600
2017-10-13,75.9900
2017-10-16,75.7500
2017-10-17,74.9600
2017-10-18,74.4400
2017-10-19,73.1400
2017-10-20,72.3200
2017-10-23,72.1900
2017-10-24,71.8400
2017-10-25,71.4200
2017-10-26,71.2100
2017-10-27,70.4000
2017-10-30,69.2000
2017-10-31,70.4500
2017-11-01,70.5600
2017-11-02,70.9400
2017-11-03,70.1500
2017-11-06,70.2500
2017-11-07,70.9000
2017-11-08,73.2700
2017-11-09,72.9100
2017-11-10,73.2100
2017-11-13,73.7000
2017-11-14,73.4600
2017-11-15,72.4800
2017-11-16,72.6300
2017-11-17,71.8900
2017-11-20,72.0700
2017-11-21,72.2200
2017-11-22,71.7500
2017-11-24,72.0100
2017-11-27,72.0000
2017-11-28,72.7600
2017-11-29,72.0100
2017-11-30,72.4500
2017-12-01,73.0400
2017-12-04,74.5200
2017-12-05,74.5900
2017-12-06,74.2500
2017-12-07,73.2000
2017-12-08,73.3200
2017-12-11,73.1700
2017-12-12,72.4900
2017-12-13,73.3500
2017-12-14,73.2400
2017-12-15,74.0500
2017-12-18,73.9900
2017-12-19,74.8500
2017-12-20,74.5200
2017-12-21,74.6600
2017-12-22,75.1500
2017-12-26,75.4800
2017-12-27,75.3700
2017-12-28,75.1400
2017-12-29,75.4500
2018-01-02,75.1400
2018-01-03,74.8500
2018-01-04,75.3300
2018-01-05,75.4200
2018-01-08,75.5300
2018-01-09,75.6400
2018-01-10,74.8200
2018-01-11,74.5500
2018-01-12,74.6200
2018-01-16,75.4200
2018-01-17,76.6800
2018-01-18,76.6300
2018-01-19,77.5000
2018-01-22,77.3800
2018-01-23,76.9000
2018-01-24,76.8000
2018-01-25,77.3100
2018-01-26,73.5600
2018-01-29,73.7900
2018-01-30,74.6700
2018-01-31,74.2400
2018-02-01,73.3300
2018-02-02,72.4300
2018-02-05,69.8100
2018-02-06,70.4100
2018-02-07,70.1700
2018-02-08,68.9500
2018-02-09,69.7600
2018-02-12,70.1900
2018-02-13,70.3000
2018-02-14,69.6200
2018-02-15,71.2200
2018-02-16,71.4600
2018-02-20,70.0300
2018-02-21,69.1400
2018-02-22,69.3900
2018-02-23,70.3000
2018-02-26,71.0700
2018-02-27,69.9200
2018-02-28,68.9700
2018-03-01,68.8600
2018-03-02,69.2700
2018-03-05,70.0700
2018-03-06,69.6400
2018-03-07,69.6800
2018-03-08,71.0200
2018-03-09,71.2400
2018-03-12,71.0800
2018-03-13,70.8700
2018-03-14,69.9900
2018-03-15,69.5600
2018-03-16,69.6200
2018-03-19,70.0600
2018-03-20,69.6900
2018-03-21,68.6900
2018-03-22,68.8200
2018-03-23,68.3800
2018-03-26,68.1900
2018-03-27,69.2800
2018-03-28,70.8000
2018-03-29,71.6800
2018-04-02,70.1500
2018-04-03,70.9500
2018-04-04,71.6500
2018-04-05,71.8100
2018-04-06,71.6400
2018-04-09,71.4200
2018-04-10,71.7300
2018-04-11,71.3800
2018-04-12,70.9400
2018-04-13,71.6000
2018-04-16,72.4400
2018-04-17,72.2300
2018-04-18,72.0800
2018-04-19,69.7700
2018-04-20,67.5200
2018-04-23,66.3700
2018-04-24,66.6300
2018-04-25,66.4100
2018-04-26,66.5900
2018-04-27,66.5800
2018-04-30,65.2300
2018-05-01,65.0000
2018-05-02,63.1400
2018-05-03,63.3200
2018-05-04,63.7100
2018-05-07,62.8200
2018-05-08,62.2800
2018-05-09,61.9100
2018-05-10,62.4800
2018-05-11,62.7100
2018-05-14,62.0400
2018-05-15,61.6500
2018-05-16,62.0900
2018-05-17,62.2900
2018-05-18,62.2200
2018-05-21,62.2500
2018-05-22,62.4100
2018-05-23,62.7200
2018-05-24,62.4900
2018-05-25,63.7500
2018-05-29,63.5600
2018-05-30,64.3900
2018-05-31,63.0900
2018-06-01,62.6900
2018-06-04,62.7100
2018-06-05,62.2900
2018-06-06,62.5700
2018-06-07,62.7600
2018-06-08,63.3400
2018-06-11,63.7500
2018-06-12,63.7300
2018-06-13,63.0600
2018-06-14,63.3100
2018-06-15,64.7300
2018-06-18,63.3100
2018-06-19,64.0000
2018-06-20,63.9000
2018-06-21,63.4900
2018-06-22,64.6300
2018-06-25,65.1100
2018-06-26,65.1400
2018-06-27,64.7100
2018-06-28,64.9300
2018-06-29,64.8100
2018-07-02,64.5800
2018-07-03,64.6700
2018-07-05,65.9600
2018-07-06,65.7800
2018-07-09,65.0000
2018-07-10,65.7300
2018-07-11,65.2400
2018-07-12,65.1700
2018-07-13,65.7500
2018-07-16,65.6200
2018-07-17,65.5600
2018-07-18,64.8100
2018-07-19,65.7500
2018-07-20,65.9500
2018-07-23,65.8400
2018-07-24,65.2700
2018-07-25,65.9500
2018-07-26,66.9400
2018-07-27,66.6600
2018-07-30,66.4600
2018-07-31,67.0100
2018-08-01,66.0800
2018-08-02,67.2400
2018-08-03,67.5000
2018-08-06,67.3800
2018-08-07,67.2300
2018-08-08,66.5900
2018-08-09,65.9300
2018-08-10,65.4300
2018-08-13,65.5500
2018-08-14,65.5200
2018-08-15,65.8300
2018-08-16,66.7200
2018-08-17,67.5000
2018-08-20,67.6600
2018-08-21,67.4000
2018-08-22,66.9900
2018-08-23,66.5700
2018-08-24,66.8800
2018-08-27,67.0900
2018-08-28,66.7800
2018-08-29,66.9600
2018-08-30,66.2400
2018-08-31,66.4100
2018-09-04,65.2300
2018-09-05,66.5900
2018-09-06,67.0000
2018-09-07,67.0100
2018-09-10,67.1600
2018-09-11,67.1800
2018-09-12,67.9800
2018-09-13,68.1600
2018-09-14,67.9900
2018-09-17,68.8100
2018-09-18,68.2600
2018-09-19,67.9300
2018-09-20,68.7900
2018-09-21,69.0900
2018-09-24,67.9400
2018-09-25,67.1400
2018-09-26,67.1000
2018-09-27,66.7300
2018-09-28,66.9500
2018-10-01,67.0700
2018-10-02,67.3900
2018-10-03,65.9200
2018-10-04,64.9200
2018-10-05,64.7100
2018-10-08,65.3500
2018-10-09,65.0700
2018-10-10,63.8300
2018-10-11,62.3500
2018-10-12,62.5400
2018-10-15,62.5500
2018-10-16,62.6100
2018-10-17,63.5500
2018-10-18,62.6400
2018-10-19,64.5200
2018-10-22,63.6400
2018-10-23,63.4000
2018-10-24,64.6400
2018-10-25,63.8200
2018-10-26,59.5800
2018-10-29,57.8800
2018-10-30,60.1900
2018-10-31,59.5500
2018-11-01,60.0800
2018-11-02,60.2900
2018-11-05,60.2300
2018-11-06,60.5100
2018-11-07,61.3300
2018-11-08,60.9000
2018-11-09,63.8000
2018-11-12,61.3500
2018-11-13,61.8600
2018-11-14,62.4700
2018-11-15,62.4000
2018-11-16,63.2400
2018-11-19,62.7700
2018-11-20,62.3100
2018-11-21,61.9200
2018-11-23,61.7800
2018-11-26,62.7400
2018-11-27,63.2400
2018-11-28,62.8300
2018-11-29,63.0400
2018-11-30,63.5200
2018-12-03,63.7600
2018-12-04,63.0800
2018-12-06,63.2300
2018-12-07,62.7100
2018-12-10,63.5400
2018-12-11,64.5500
2018-12-12,65.2800
2018-12-13,65.4700
2018-12-14,65.1700
2018-12-17,62.9200
2018-12-18,62.4600
2018-12-19,61.8800
2018-12-20,60.9800
2018-12-21,59.9100
2018-12-24,58.0400
2018-12-26,59.4000
2018-12-27,59.6900
2018-12-28,59.6200
2018-12-31,59.5200
2019-01-02,59.2500
2019-01-03,58.9700
2019-01-04,59.5200
2019-01-07,59.8800
2019-01-08,60.5500
2019-01-09,61.3000
2019-01-10,61.8200
2019-01-11,62.1000
2019-01-14,61.6100
2019-01-15,62.2200
2019-01-16,62.1300
2019-01-17,62.0000
2019-01-18,62.6300
2019-01-22,61.7400
2019-01-23,62.3500
2019-01-24,62.2000
2019-01-25,61.8400
2019-01-28,62.7400
2019-01-29,63.6900
2019-01-30,63.9500
2019-01-31,64.6800
2019-02-01,65.0500
2019-02-04,65.1900
2019-02-05,64.7400
2019-02-06,65.3300
2019-02-07,65.0500
2019-02-08,65.6900
2019-02-11,65.7900
2019-02-12,66.0200
2019-02-13,65.9400
2019-02-14,65.4500
2019-02-15,66.4800
2019-02-19,66.7200
2019-02-20,66.5100
2019-02-21,66.7000
2019-02-22,66.9000
2019-02-25,66.5200
2019-02-26,66.4900
2019-02-27,65.8700
2019-02-28,65.8700
2019-03-01,66.0000
2019-03-04,66.0300
2019-03-05,65.7200
2019-03-06,65.6100
2019-03-07,65.3400
2019-03-08,65.3500
2019-03-11,65.8500
2019-03-12,65.7400
2019-03-13,66.5200
2019-03-14,66.2500
2019-03-15,67.2000
2019-03-18,66.2900
2019-03-19,65.7500
2019-03-20,65.1100
2019-03-21,65.8300
2019-03-22,66.0000
2019-03-25,66.2600
2019-03-26,66.9200
2019-03-27,67.0100
2019-03-28,67.3700
2019-03-29,68.5400
2019-04-01,68.3000
2019-04-02,68.3700
2019-04-03,67.8200
2019-04-04,67.5500
2019-04-05,67.9200
2019-04-08,68.0200
2019-04-09,68.1100
2019-04-10,68.1100
2019-04-11,68.0900
2019-04-12,68.7700
2019-04-15,68.7100
2019-04-16,69.0400
2019-04-17,68.6800
2019-04-18,69.3500
2019-04-22,69.6000
2019-04-23,69.0100
2019-04-24,68.8600
2019-04-25,68.6900
2019-04-26,71.3000
2019-04-29,71.3800
2019-04-30,72.7900
2019-05-01,71.2900
2019-05-02,71.8200
2019-05-03,71.9500
2019-05-06,71.6900
2019-05-07,70.5100
2019-05-08,70.9900
2019-05-09,70.8500
2019-05-10,71.5000
2019-05-13,71.5600
2019-05-14,71.1500
2019-05-15,71.3400
2019-05-16,72.5000
2019-05-17,71.9700
2019-05-20,71.7000
2019-05-21,71.5300
2019-05-22,71.5300
2019-05-23,71.7500
2019-05-24,71.2000
2019-05-28,70.1100
2019-05-29,69.9700
2019-05-30,70.8500
2019-05-31,69.6200
2019-06-03,70.6900
2019-06-04,70.8200
2019-06-05,71.9200
2019-06-06,73.1100
2019-06-07,73.9900
2019-06-10,73.0300
2019-06-11,73.3300
2019-06-12,73.0500
2019-06-13,72.7500
2019-06-14,73.3500
2019-06-17,73.4100
2019-06-18,72.8900
2019-06-19,73.5300
2019-06-20,73.6000
2019-06-21,72.9500
2019-06-24,73.9700
2019-06-25,73.9100
2019-06-26,72.3500
2019-06-27,72.1400
2019-06-28,71.6700
2019-07-01,72.0800
2019-07-02,72.7400
2019-07-03,74.0000
2019-07-05,73.1400
2019-07-08,73.3800
2019-07-09,73.1100
2019-07-10,73.4900
2019-07-11,73.8900
2019-07-12,74.3800
2019-07-15,74.0000
2019-07-16,74.5000
2019-07-17,73.7500
2019-07-18,73.8800
2019-07-19,72.7000
2019-07-22,72.3500
2019-07-23,72.2800
2019-07-24,71.2800
2019-07-25,71.9300
2019-07-26,73.6900
2019-07-29,75.5700
2019-07-30,74.7400
2019-07-31,71.7400
2019-08-01,71.2600
2019-08-02,71.2000
2019-08-05,68.8000
2019-08-06,69.8500
2019-08-07,70.4400
2019-08-08,71.7100
2019-08-09,71.5200
2019-08-12,70.7300
2019-08-13,71.6900
2019-08-14,70.5200
2019-08-15,71.3700
2019-08-16,72.2800
2019-08-19,73.0800
2019-08-20,72.5400
2019-08-21,72.6100
2019-08-22,73.0400
2019-08-23,72.2300
2019-08-26,72.7700
2019-08-27,73.4400
2019-08-28,74.0000
2019-08-29,74.2000
2019-08-30,74.1500
2019-09-03,74.3100
2019-09-04,74.8700
2019-09-05,74.2900
2019-09-06,74.7000
2019-09-09,73.1900
2019-09-10,72.1200
2019-09-11,72.8500
2019-09-12,72.2900
2019-09-13,70.7100
2019-09-16,69.4300
2019-09-17,69.8600
2019-09-18,70.7500
2019-09-19,70.9500
2019-09-20,70.9500
2019-09-23,71.5000
2019-09-24,72.4900
2019-09-25,72.2400
2019-09-26,72.7200
2019-09-27,73.2600
2019-09-30,73.5100
2019-10-01,71.7300
2019-10-02,70.5200
2019-10-03,70.8700
2019-10-04,72.0700
2019-10-07,71.6200
2019-10-08,70.6800
2019-10-09,70.6300
2019-10-10,70.7700
2019-10-11,70.5100
2019-10-14,69.4100
2019-10-15,68.4000
2019-10-16,67.8500
2019-10-17,68.0800
2019-10-18,68.0300
2019-10-21,68.3000
2019-10-22,67.0600
2019-10-23,67.5400
2019-10-24,68.3400
2019-10-25,68.4100
2019-10-28,67.3500
2019-10-29,67.9200
2019-10-30,68.5800
2019-10-31,68.6000
2019-11-01,66.8100
2019-11-04,65.4100
2019-11-05,65.9600
2019-11-06,66.5200
2019-11-07,66.8700
2019-11-08,66.6300
2019-11-11,66.5400
2019-11-12,66.6400
2019-11-13,66.8800
2019-11-14,66.6400
2019-11-15,66.3700
2019-11-18,67.1300
2019-11-19,67.1600
2019-11-20,67.2100
2019-11-21,66.7500
2019-11-22,66.7100
2019-11-25,66.9800
2019-11-26,67.7900
2019-11-27,67.6800
2019-11-29,67.8200
2019-12-02,67.5700
2019-12-03,67.3000
2019-12-04,68.0800
2019-12-05,67.8200
2019-12-06,68.2400
2019-12-09,68.6000
2019-12-10,67.9300
2019-12-11,67.4600
2019-12-12,67.2300
2019-12-13,68.6900
2019-12-16,68.8700
2019-12-17,67.8400
2019-12-18,68.2700
2019-12-19,68.3400
2019-12-20,68.8500
2019-12-23,68.7200
2019-12-24,68.5500
2019-12-26,68.5800
2019-12-27,69.1800
2019-12-30,68.7900
2019-12-31,68.8400
2020-01-02,68.1200
2020-01-03,68.0200
2020-01-06,68.4900
2020-01-07,67.5500
2020-01-08,69.2700
2020-01-09,69.8600
2020-01-10,70.1500
2020-01-13,70.1400
2020-01-14,70.2900
2020-01-15,70.8000
2020-01-16,70.7500
2020-01-17,71.1800
2020-01-21,71.2900
2020-01-22,70.5300
2020-01-23,70.6100
2020-01-24,70.3000
2020-01-27,70.1000
2020-01-28,69.7100
2020-01-29,68.8300
2020-01-30,69.4700
2020-01-31,73.7800
2020-02-03,74.9300
2020-02-04,75.4000
2020-02-05,75.7300
2020-02-06,76.3100
2020-02-07,76.0300
2020-02-10,77.3500
2020-02-11,76.1100
2020-02-12,75.9500
2020-02-13,76.3700
2020-02-14,76.6900
2020-02-18,76.0700
2020-02-19,75.5400
2020-02-20,75.1600
2020-02-21,76.2700
2020-02-24,74.4200
2020-02-25,73.8000
2020-02-26,72.9200
2020-02-27,70.1500
2020-02-28,67.5700
2020-03-02,72.4400
2020-03-03,71.7800
2020-03-04,75.3700
2020-03-05,72.3400
2020-03-06,72.5100
2020-03-09,69.9900
2020-03-10,71.8100
2020-03-11,68.9000
2020-03-12,63.8900
2020-03-13,69.1000
2020-03-16,62.3400
2020-03-17,70.2000
2020-03-18,67.6900
2020-03-19,66.6500
2020-03-20,62.0800
2020-03-23,60.4700
2020-03-24,61.1800
2020-03-25,59.8900
2020-03-26,63.8200
2020-03-27,65.2600
2020-03-30,66.5800
2020-03-31,66.3600
2020-04-01,65.5500
2020-04-02,68.1700
2020-04-03,67.6200
2020-04-06,70.5000
2020-04-07,69.0400
2020-04-08,70.2200
2020-04-09,69.9100
2020-04-13,69.4900
2020-04-14,73.1100
2020-04-15,72.6500
2020-04-16,72.8400
2020-04-17,73.4200
2020-04-20,72.1600
2020-04-21,70.6100
2020-04-22,71.2100
2020-04-23,71.2300
2020-04-24,71.4000
2020-04-27,71.0300
2020-04-28,71.1100
2020-04-29,70.1600
2020-04-30,70.2700
2020-05-01,68.5300
2020-05-04,69.4800
2020-05-05,69.5200
2020-05-06,67.8400
2020-05-07,68.8000
2020-05-08,69.3700
2020-05-11,69.3800
2020-05-12,68.7300
2020-05-13,68.3000
2020-05-14,67.0600
2020-05-15,68.9500
2020-05-18,70.2200
2020-05-19,69.2500
2020-05-20,70.4700
2020-05-21,70.2600
2020-05-22,70.7500
2020-05-26,69.4300
2020-05-27,70.5900
2020-05-28,72.0900
2020-05-29,72.3300
2020-06-01,72.7300
2020-06-02,72.4400
2020-06-03,71.6500
2020-06-04,70.7500
2020-06-05,72.4000
2020-06-08,73.5100
2020-06-09,73.2800
2020-06-10,74.3600
2020-06-11,73.1000
2020-06-12,72.7900
2020-06-15,72.8900
2020-06-16,73.5300
2020-06-17,73.8100
2020-06-18,73.6100
2020-06-19,73.3600
2020-06-22,73.1000
2020-06-23,72.9200
2020-06-24,72.0300
2020-06-25,72.6400
2020-06-26,71.5200
2020-06-29,72.4300
2020-06-30,73.2600
2020-07-01,73.0300
2020-07-02,73.2800
2020-07-06,73.4500
2020-07-07,73.9700
2020-07-08,74.4900
2020-07-09,73.3200
2020-07-10,73.6800
2020-07-13,73.4600
2020-07-14,74.8500
2020-07-15,74.6900
2020-07-16,74.9800
2020-07-17,75.2000
2020-07-20,74.2000
2020-07-21,74.0400
2020-07-22,74.1400
2020-07-23,74.2300
2020-07-24,74.3200
2020-07-27,74.6500
2020-07-28,75.7100
2020-07-29,76.2000
2020-07-30,76.8700
2020-07-31,77.2000
2020-08-03,76.5700
2020-08-04,76.7700
2020-08-05,76.1800
2020-08-06,75.8600
2020-08-07,76.2400
2020-08-10,76.6500
2020-08-11,75.9600
2020-08-12,77.2400
2020-08-13,76.9800
2020-08-14,77.0500
2020-08-17,77.2100
2020-08-18,77.6500
2020-08-19,77.9500
2020-08-20,78.2500
2020-08-21,78.6900
2020-08-24,79.1300
2020-08-25,78.5900
2020-08-26,78.6500
2020-08-27,79.0600
2020-08-28,79.3700
2020-08-31,79.2600
2020-09-01,78.0900
2020-09-02,79.4700
2020-09-03,77.6700
2020-09-04,77.2100
2020-09-08,75.6400
2020-09-09,77.5700
2020-09-10,76.4100
2020-09-11,76.7500
2020-09-14,77.1500
2020-09-15,76.9400
2020-09-16,76.9100
2020-09-17,76.7100
2020-09-18,75.8300
2020-09-21,75.1900
2020-09-22,76.0700
2020-09-23,75.1400
2020-09-24,75.7600
2020-09-25,75.9500
2020-09-28,76.6100
2020-09-29,76.2200
2020-09-30,77.1500
2020-10-01,77.0600
2020-10-02,77.4000
2020-10-05,78.4200
2020-10-06,77.5400
2020-10-07,78.1300
2020-10-08,78.7400
2020-10-09,79.7700
2020-10-12,80.6300
2020-10-13,80.2600
2020-10-14,79.8600
2020-10-15,79.7100
2020-10-16,80.3100
2020-10-19,79.2100
2020-10-20,79.8300
2020-10-21,80.2000
2020-10-22,79.2900
2020-10-23,79.3400
2020-10-26,78.6900
2020-10-27,78.8500
2020-10-28,76.8600
2020-10-29,76.6700
2020-10-30,78.8900
2020-11-02,80.1600
2020-11-03,83.1100
2020-11-04,83.8600
2020-11-05,83.0100
2020-11-06,83.0300
2020-11-09,81.7800
2020-11-10,83.3500
2020-11-11,84.9300
2020-11-12,84.7300
2020-11-13,85.3600
2020-11-16,85.9300
2020-11-17,85.3500
2020-11-18,84.6100
2020-11-19,85.3800
2020-11-20,85.1600
2020-11-23,84.5400
2020-11-24,84.7100
2020-11-25,84.7500
2020-11-27,84.9000
2020-11-30,85.6400
2020-12-01,86.2600
2020-12-02,85.7400
2020-12-03,85.1900
2020-12-04,85.0300
2020-12-07,85.3900
2020-12-08,85.1700
2020-12-09,84.7500
2020-12-10,84.5900
2020-12-11,84.6800
2020-12-14,84.1900
2020-12-15,84.7500
2020-12-16,85.0400
2020-12-17,85.6600
2020-12-18,85.9300
2020-12-21,85.3100
2020-12-22,84.4000
2020-12-23,84.4300
2020-12-24,85.0400
2020-12-28,85.4100
2020-12-29,85.0300
2020-12-30,84.7300
2020-12-31,85.5100
2021-01-04,84.3300
2021-01-05,84.5200
2021-01-06,82.2500
2021-01-07,81.8000
2021-01-08,82.3500
2021-01-11,82.1400
2021-01-12,82.2600
2021-01-13,82.4900
2021-01-14,81.9400
2021-01-15,81.8800
2021-01-19,80.8500
2021-01-20,80.2000
2021-01-21,79.2800
2021-01-22,78.1900
2021-01-25,78.6100
2021-01-26,78.7500
2021-01-27,78.0300
2021-01-28,79.1500
2021-01-29,78.0000
2021-02-01,78.5200
2021-02-02,78.8500
2021-02-03,78.8800
2021-02-04,78.9300
2021-02-05,79.8700
2021-02-08,79.7000
2021-02-09,78.7000
2021-02-10,79.1100
2021-02-11,78.4100
2021-02-12,78.4300
2021-02-16,78.1900
2021-02-17,78.4400
2021-02-18,78.7200
2021-02-19,77.2000
2021-02-22,77.2700
2021-02-23,77.4900
2021-02-24,76.6400
2021-02-25,76.6900
2021-02-26,75.2000
2021-03-01,75.6000
2021-03-02,75.4200
2021-03-03,74.6100
2021-03-04,74.4400
2021-03-05,76.0600
2021-03-08,76.4500
2021-03-09,74.9400
2021-03-10,75.8000
2021-03-11,75.2700
2021-03-12,75.5100
2021-03-15,75.6800
2021-03-16,75.8600
2021-03-17,75.8000
2021-03-18,76.0700
2021-03-19,74.9800
2021-03-22,75.7700
2021-03-23,77.7500
2021-03-24,77.7700
2021-03-25,77.8900
2021-03-26,79.2200
2021-03-29,79.9000
2021-03-30,79.3300
2021-03-31,78.8300
2021-04-01,78.5500
2021-04-05,79.5300
2021-04-06,79.8600
2021-04-07,79.6200
2021-04-08,79.6400
2021-04-09,79.7800
2021-04-12,80.1600
2021-04-13,79.7300
2021-04-14,79.4000
2021-04-15,80.4600
2021-04-16,80.7000
2021-04-19,80.3700
2021-04-20,81.3300
2021-04-21,81.1500
2021-04-22,81.0500
2021-04-23,79.7900
2021-04-26,79.2800
2021-04-27,78.5600
2021-04-28,78.7700
2021-04-29,79.8200
2021-04-30,80.7000
2021-05-03,81.0700
2021-05-04,81.0900
2021-05-05,81.3200
2021-05-06,82.3100
2021-05-07,82.1800
2021-05-10,83.3400
2021-05-11,82.4400
2021-05-12,82.0500
2021-05-13,83.2600
2021-05-14,83.5600
2021-05-17,83.5500
2021-05-18,83.1100
2021-05-19,83.2100
2021-05-20,84.0900
2021-05-21,84.2300
2021-05-24,84.4000
2021-05-25,84.5900
2021-05-26,84.4300
2021-05-27,83.6900
2021-05-28,83.7800
2021-06-01,82.4800
2021-06-02,82.8800
2021-06-03,83.9500
2021-06-04,83.9700
2021-06-07,83.9000
2021-06-08,82.9300
2021-06-09,82.5600
2021-06-10,83.6000
2021-06-11,83.6300
2021-06-14,83.4100
2021-06-15,83.2700
2021-06-16,81.9500
2021-06-17,82.4300
2021-06-18,81.0200
2021-06-21,81.4400
2021-06-22,81.2900
2021-06-23,80.2500
2021-06-24,80.5600
2021-06-25,81.4600
2021-06-28,81.7200
2021-06-29,81.2500
2021-06-30,81.3500
2021-07-01,81.7400
2021-07-02,81.7000
2021-07-06,81.9700
2021-07-07,82.6600
2021-07-08,82.3400
2021-07-09,82.4300
2021-07-12,82.9300
2021-07-13,82.6400
2021-07-14,83.2300
2021-07-15,83.6300
2021-07-16,84.3900
2021-07-19,83.9700
2021-07-20,82.6900
2021-07-21,82.1800
2021-07-22,81.8400
2021-07-23,83.2800
2021-07-26,84.0900
2021-07-27,83.9500
2021-07-28,83.1800
2021-07-29,83.5200
2021-07-30,79.5000
2021-08-02,79.5400
2021-08-03,79.4200
2021-08-04,78.2500
2021-08-05,78.9000
2021-08-06,78.6300
2021-08-09,78.3400
2021-08-10,78.7300
2021-08-11,79.1000
2021-08-12,78.7900
2021-08-13,79.4400
2021-08-16,79.7800
2021-08-17,80.0300
2021-08-18,78.1600
2021-08-19,78.9700
2021-08-20,78.8000
2021-08-23,78.3800
2021-08-24,77.6700
2021-08-25,77.6500
2021-08-26,77.3100
2021-08-27,77.4400
2021-08-30,77.6500
2021-08-31,77.9500
2021-09-01,78.3300
2021-09-02,78.5200
2021-09-03,77.9100
2021-09-07,76.9000
2021-09-08,77.7800
2021-09-09,77.3000
2021-09-10,77.0400
2021-09-13,77.3800
2021-09-14,77.3000
2021-09-15,77.2100
2021-09-16,76.4700
2021-09-17,76.2300
2021-09-20,76.1700
2021-09-21,76.3900
2021-09-22,76.4300
2021-09-23,76.6700
2021-09-24,76.6300
2021-09-27,76.0100
2021-09-28,75.8200
2021-09-29,77.0800
2021-09-30,75.5800
2021-10-01,75.5800
2021-10-04,75.0600
2021-10-05,74.4200
2021-10-06,75.1000
2021-10-07,75.5900
2021-10-08,75.5900
2021-10-11,75.8000
2021-10-12,75.6700
2021-10-13,76.0700
2021-10-14,76.6000
2021-10-15,76.2500
2021-10-18,75.2800
2021-10-19,74.7800
2021-10-20,75.1000
2021-10-21,74.8900
2021-10-22,75.5000
2021-10-25,75.1400
2021-10-26,76.1600
2021-10-27,75.9000
2021-10-28,76.8800
2021-10-29,76.1900
2021-11-01,75.9500
2021-11-02,76.2700
2021-11-03,77.2700
2021-11-04,77.2900
2021-11-05,77.8400
2021-11-08,77.7400
2021-11-09,78.0500
2021-11-10,78.4800
2021-11-11,77.9900
2021-11-12,78.0300
2021-11-15,78.3000
2021-11-16,77.8800
2021-11-17,77.5800
2021-11-18,76.3900
2021-11-19,77.2000
2021-11-22,77.5600
2021-11-23,77.9300
2021-11-24,77.7600
2021-11-26,77.0600
2021-11-29,77.7100
2021-11-30,75.0200
2021-12-01,75.3900
2021-12-02,75.4800
2021-12-03,76.7700
2021-12-06,78.5800
2021-12-07,77.8100
2021-12-08,77.7600
2021-12-09,78.0000
2021-12-10,79.4700
2021-12-13,81.1400
2021-12-14,82.1300
2021-12-15,82.7600
2021-12-16,83.9500
2021-12-17,82.4800
2021-12-20,82.5200
2021-12-21,82.0900
2021-12-22,82.4600
2021-12-23,82.7900
2021-12-27,83.9100
2021-12-28,84.4600
2021-12-29,84.9100
2021-12-30,84.5900
2021-12-31,85.3400
2022-01-03,84.5900
2022-01-04,84.8700
2022-01-05,85.2200
2022-01-06,84.6600
2022-01-07,84.4400
2022-01-10,83.7100
2022-01-11,83.1700
2022-01-12,82.8700
2022-01-13,82.5400
2022-01-14,83.4500
2022-01-18,83.1200
2022-01-19,84.0600
2022-01-20,83.2900
2022-01-21,83.6700
2022-01-24,83.6700
2022-01-25,81.7400
2022-01-26,81.3900
2022-01-27,82.7000
2022-01-28,83.0500
2022-01-31,82.4500
2022-02-01,81.9200
2022-02-02,82.8000
2022-02-03,82.7300
2022-02-04,81.1200
2022-02-07,81.1200
2022-02-08,80.9200
2022-02-09,80.8700
2022-02-10,79.7200
2022-02-11,79.5300
2022-02-14,79.2600
2022-02-15,78.5800
2022-02-16,78.3400
2022-02-17,79.1500
2022-02-18,79.5500
2022-02-22,78.8500
2022-02-23,78.6400
2022-02-24,75.5800
2022-02-25,78.1400
2022-02-28,76.9500
2022-03-01,76.0400
2022-03-02,76.7000
2022-03-03,77.4000
2022-03-04,77.3600
2022-03-07,76.6800
2022-03-08,74.8700
2022-03-09,75.5400
2022-03-10,73.8400
2022-03-11,73.7700
2022-03-14,73.9600
2022-03-15,75.4900
2022-03-16,75.1500
2022-03-17,75.1300
2022-03-18,72.2000
2022-03-21,74.1500
2022-03-22,74.5000
2022-03-23,73.6300
2022-03-24,73.6500
2022-03-25,74.7800
2022-03-28,75.3900
2022-03-29,76.2000
2022-03-30,76.3600
2022-03-31,75.8300
2022-04-01,76.4200
2022-04-04,76.5900
2022-04-05,77.4500
2022-04-06,78.8100
2022-04-07,80.4200
2022-04-08,80.2500
2022-04-11,80.4400
2022-04-12,81.0000
2022-04-13,80.9900
2022-04-14,80.9400
2022-04-18,80.0100
2022-04-19,80.6100
2022-04-20,81.5300
2022-04-21,82.1000
2022-04-22,81.1000
2022-04-25,81.8100
2022-04-26,80.5200
2022-04-27,80.6900
2022-04-28,81.2200
2022-04-29,77.0500
2022-05-02,75.1800
2022-05-03,74.4900
2022-05-04,77.0000
2022-05-05,76.0900
2022-05-06,76.8400
2022-05-09,77.6700
2022-05-10,76.6700
2022-05-11,76.7500
2022-05-12,77.5500
2022-05-13,78.4000
2022-05-16,78.7300
2022-05-17,78.7700
2022-05-18,75.7100
2022-05-19,75.1200
2022-05-20,75.1300
2022-05-23,76.5200
2022-05-24,78.1200
2022-05-25,77.4900
2022-05-26,78.1600
2022-05-27,78.8600
2022-05-31,78.8100
2022-06-01,78.2000
2022-06-02,79.2700
2022-06-03,78.9300
2022-06-06,78.7800
2022-06-07,78.7100
2022-06-08,77.8700
2022-06-09,76.8500
2022-06-10,76.6300
2022-06-13,76.1900
2022-06-14,74.2700
2022-06-15,74.1600
2022-06-16,73.9200
2022-06-17,74.0400
2022-06-21,76.4600
2022-06-22,77.9100
2022-06-23,78.8800
2022-06-24,80.3800
2022-06-27,79.8800
2022-06-28,78.8800
2022-06-29,79.6700
2022-06-30,80.1400
2022-07-01,81.9700
2022-07-05,81.0000
2022-07-06,81.0200
2022-07-07,79.4600
2022-07-08,78.3500
2022-07-11,78.7000
2022-07-12,78.3100
2022-07-13,78.4300
2022-07-14,78.3400
2022-07-15,78.1500
2022-07-18,77.1200
2022-07-19,77.5300
2022-07-20,75.6100
2022-07-21,76.1600
2022-07-22,77.4700
2022-07-25,77.8500
2022-07-26,78.5300
2022-07-27,78.7600
2022-07-28,79.1900
2022-07-29,78.7400
2022-08-01,81.1000
2022-08-02,80.2600
2022-08-03,81.4300
2022-08-04,80.8900
2022-08-05,80.4300
2022-08-08,80.8100
2022-08-09,80.0600
2022-08-10,80.3400
2022-08-11,79.5000
2022-08-12,80.2900
2022-08-15,81.2400
2022-08-16,82.1800
2022-08-17,82.1700
2022-08-18,82.8500
2022-08-19,83.2700
2022-08-22,81.9600
2022-08-23,80.9600
2022-08-24,81.0000
2022-08-25,80.9200
2022-08-26,79.2100
2022-08-29,79.5900
2022-08-30,79.0000
2022-08-31,78.2100
2022-09-01,79.8000
2022-09-02,78.1700
2022-09-06,77.7700
2022-09-07,78.5500
2022-09-08,77.8400
2022-09-09,78.0300
2022-09-12,77.9000
2022-09-13,75.4300
2022-09-14,76.0600
2022-09-15,75.2300
2022-09-16,75.6900
2022-09-19,76.0100
2022-09-20,75.1600
2022-09-21,74.9000
2022-09-22,75.3600
2022-09-23,75.5300
2022-09-26,75.0000
2022-09-27,72.5800
2022-09-28,72.9100
2022-09-29,71.7700
2022-09-30,70.2500
2022-10-03,71.1100
2022-10-04,71.8400
2022-10-05,71.1100
2022-10-06,69.5600
2022-10-07,68.9900
2022-10-10,68.4800
2022-10-11,69.0500
2022-10-12,69.1100
2022-10-13,71.0100
2022-10-14,71.3300
2022-10-17,72.1400
2022-10-18,72.9200
2022-10-19,71.7500
2022-10-20,70.2500
2022-10-21,71.4700
2022-10-24,72.0200
2022-10-25,72.7600
2022-10-26,73.4300
2022-10-27,73.2300
2022-10-28,74.6400
2022-10-31,73.8400
2022-11-01,73.7400
2022-11-02,72.7700
2022-11-03,72.3900
2022-11-04,73.1900
2022-11-07,73.5000
2022-11-08,73.8100
2022-11-09,73.4600
2022-11-10,74.9700
2022-11-11,74.5700
2022-11-14,74.5700
2022-11-15,75.3200
2022-11-16,76.0100
2022-11-17,75.2900
2022-11-18,76.4600
2022-11-21,76.9200
2022-11-22,76.3700
2022-11-23,76.9300
2022-11-25,76.7700
2022-11-28,76.3800
2022-11-29,75.9700
2022-11-30,77.4800
2022-12-01,77.7500
2022-12-02,78.1700
2022-12-05,77.1200
2022-12-06,77.2100
2022-12-07,77.5500
2022-12-08,78.1400
2022-12-09,77.7800
2022-12-12,78.6100
2022-12-13,78.7500
2022-12-14,79.3400
2022-12-15,77.8800
2022-12-16,77.7600
2022-12-19,77.9800
2022-12-20,77.6900
2022-12-21,78.9900
2022-12-22,79.2800
2022-12-23,79.4500
2022-12-27,79.9400
2022-12-28,78.8200
2022-12-29,79.3700
2022-12-30,78.7900
2023-01-03,79.1300
2023-01-04,79.6400
2023-01-05,78.5400
2023-01-06,79.9800
2023-01-09,78.7300
2023-01-10,78.3100
2023-01-11,77.1300
2023-01-12,76.8400
2023-01-13,77.8500
2023-01-17,78.2300
2023-01-18,76.3200
2023-01-19,75.2000
2023-01-20,75.4400
2023-01-23,75.5000
2023-01-24,75.9400
2023-01-25,75.7700
2023-01-26,75.5300
2023-01-27,71.5900
2023-01-30,72.8800
2023-01-31,74.5300
2023-02-01,74.9900
2023-02-02,73.7300
2023-02-03,74.2900
2023-02-06,73.8500
2023-02-07,73.4500
2023-02-08,73.3600
2023-02-09,72.8300
2023-02-10,73.5500
2023-02-13,73.7700
2023-02-14,73.1800
2023-02-15,72.7000
2023-02-16,72.7700
2023-02-17,74.5200
2023-02-21,74.2600
2023-02-22,74.4100
2023-02-23,73.6600
2023-02-24,73.1300
2023-02-27,73.6000
2023-02-28,73.3000
2023-03-01,72.5500
2023-03-02,73.7700
2023-03-03,73.9500
2023-03-06,73.2900
2023-03-07,71.5000
2023-03-08,71.9600
2023-03-09,71.3400
2023-03-10,71.3100
2023-03-13,71.5000
2023-03-14,72.2400
2023-03-15,72.9300
2023-03-16,72.9500
2023-03-17,72.2000
2023-03-20,73.0800
2023-03-21,72.3800
2023-03-22,72.1300
2023-03-23,71.8300
2023-03-24,73.4200
2023-03-27,74.1500
2023-03-28,74.5000
2023-03-29,74.4700
2023-03-30,75.2500
2023-03-31,75.1500
2023-04-03,75.3600
2023-04-04,74.7300
2023-04-05,75.3600
2023-04-06,75.6800
2023-04-10,75.1400
2023-04-11,76.0200
2023-04-12,76.0500
2023-04-13,76.5200
2023-04-14,75.5900
2023-04-17,75.7000
2023-04-18,75.5400
2023-04-19,75.5900
2023-04-20,76.3600
2023-04-21,76.8000
2023-04-24,77.8800
2023-04-25,77.7000
2023-04-26,76.6800
2023-04-27,77.9300
2023-04-28,79.8000
2023-05-01,80.6900
2023-05-02,80.8500
2023-05-03,81.2600
2023-05-04,80.7900
2023-05-05,80.5900
2023-05-08,80.7500
2023-05-09,80.6400
2023-05-10,81.1000
2023-05-11,81.6300
2023-05-12,81.9800
2023-05-15,81.0800
2023-05-16,80.7700
2023-05-17,80.5100
2023-05-18,79.6900
2023-05-19,79.9300
2023-05-22,78.4100
2023-05-23,77.0400
2023-05-24,76.4800
2023-05-25,76.2500
2023-05-26,76.2100
2023-05-30,74.9500
2023-05-31,74.3800
2023-06-01,74.9000
2023-06-02,76.0500
2023-06-05,76.2500
2023-06-06,75.5700
2023-06-07,75.2000
2023-06-08,75.7300
2023-06-09,75.8400
2023-06-12,75.7200
2023-06-13,75.2400
2023-06-14,75.4200
2023-06-15,76.8000
2023-06-16,77.7800
2023-06-20,77.6200
2023-06-21,77.6200
2023-06-22,78.0000
2023-06-23,77.1100
2023-06-26,76.6400
2023-06-27,75.7300
2023-06-28,75.9100
2023-06-29,76.5600
2023-06-30,77.0400
2023-07-03,77.1400
2023-07-05,76.8700
2023-07-06,76.9100
2023-07-07,75.5900
2023-07-10,75.8900
2023-07-11,75.3900
2023-07-12,75.1600
2023-07-13,75.8600
2023-07-14,76.4400
2023-07-17,75.5800
2023-07-18,75.8400
2023-07-19,76.4200
2023-07-20,77.0000
2023-07-21,77.1900
2023-07-24,77.4800
2023-07-25,77.8400
2023-07-26,77.9600
2023-07-27,77.1100
2023-07-28,75.6200
2023-07-31,76.2600
2023-08-01,76.6400
2023-08-02,77.5400
2023-08-03,76.5800
2023-08-04,76.2600
2023-08-07,76.9000
2023-08-08,76.3300
2023-08-09,76.4900
2023-08-10,76.2800
2023-08-11,76.9000
2023-08-14,75.7200
2023-08-15,74.6400
2023-08-16,74.4200
2023-08-17,74.0000
2023-08-18,74.5500
2023-08-21,73.8000
2023-08-22,73.5100
2023-08-23,73.5100
2023-08-24,73.3200
2023-08-25,73.8300
2023-08-28,73.6400
2023-08-29,73.4700
2023-08-30,73.8500
2023-08-31,73.4700
2023-09-01,73.2700
2023-09-05,72.7800
2023-09-06,72.3200
2023-09-07,73.5600
2023-09-08,73.2000
2023-09-11,73.9500
2023-09-12,72.5200
2023-09-13,72.8300
2023-09-14,73.4600
2023-09-15,73.1700
2023-09-18,73.8500
2023-09-19,73.2200
2023-09-20,73.7600
2023-09-21,73.2200
2023-09-22,72.4500
2023-09-25,72.2200
2023-09-26,72.0000
2023-09-27,71.0500
2023-09-28,71.3100
2023-09-29,71.1100
2023-10-02,70.7600
2023-10-03,70.4700
2023-10-04,70.5600
2023-10-05,69.2700
2023-10-06,69.4300
2023-10-09,69.3100
2023-10-10,69.4900
2023-10-11,68.8700
2023-10-12,69.7000
2023-10-13,70.9500
2023-10-16,72.1500
2023-10-17,72.0800
2023-10-18,73.0700
2023-10-19,73.1900
2023-10-20,73.2700
2023-10-23,71.9600
2023-10-24,72.8400
2023-10-25,73.4100
2023-10-26,73.0800
2023-10-27,71.7900
2023-10-30,73.8800
2023-10-31,75.1200
2023-11-01,74.9300
2023-11-02,74.8000
2023-11-03,74.8200
2023-11-06,75.2100
2023-11-07,75.2300
2023-11-08,75.2400
2023-11-09,75.1400
2023-11-10,75.4300
2023-11-13,75.9500
2023-11-14,76.6600
2023-11-15,75.4700
2023-11-16,75.9800
2023-11-17,75.5800
2023-11-20,75.4700
2023-11-21,76.5700
2023-11-22,77.2800
2023-11-24,77.3100
2023-11-27,77.1100
2023-11-28,77.8700
2023-11-29,77.8800
2023-11-30,78.7700
2023-12-01,78.7000
2023-12-04,78.9800
2023-12-05,77.6800
2023-12-06,77.4700
2023-12-07,77.6200
2023-12-08,77.1700
2023-12-11,77.6400
2023-12-12,78.5900
2023-12-13,79.3900
2023-12-14,76.2700
2023-12-15,76.9800
2023-12-18,78.0600
2023-12-19,78.1300
2023-12-20,77.3500
2023-12-21,77.9100
2023-12-22,78.5000
2023-12-26,79.0400
2023-12-27,79.1000
2023-12-28,79.2400
2023-12-29,79.7100
2024-01-02,80.7200
2024-01-03,79.8900
2024-01-04,80.3400
2024-01-05,79.9800
2024-01-08,80.4000
2024-01-09,80.8200
2024-01-10,80.5500
2024-01-11,80.5600
2024-01-12,80.9100
2024-01-16,80.4300
2024-01-17,80.9600
2024-01-18,80.8300
2024-01-19,80.3800
2024-01-22,80.4200
2024-01-23,81.4100
2024-01-24,80.0800
2024-01-25,81.2200
2024-01-26,82.8300
2024-01-29,83.9600
2024-01-30,84.2300
2024-01-31,84.2000
2024-02-01,86.1200
2024-02-02,84.6200
2024-02-05,84.0900
2024-02-06,83.7400
2024-02-07,83.8600
2024-02-08,84.2600
2024-02-09,83.4600
2024-02-12,83.5600
2024-02-13,83.4700
2024-02-14,83.7100
2024-02-15,83.5700
2024-02-16,83.4800
2024-02-20,84.6100
2024-02-21,85.3100
2024-02-22,86.0000
2024-02-23,86.2500
2024-02-26,86.1500
2024-02-27,86.4100
2024-02-28,86.8100
2024-02-29,86.5200
2024-03-01,86.4900
2024-03-04,86.8300
2024-03-05,86.7300
2024-03-06,87.1800
2024-03-07,88.1400
2024-03-08,88.0700
2024-03-11,88.1300
2024-03-12,88.7600
2024-03-13,89.2000
2024-03-14,88.3500
2024-03-15,88.4500
2024-03-18,88.2700
2024-03-19,88.7700
2024-03-20,88.3500
2024-03-21,88.7700
2024-03-22,89.2000
2024-03-25,88.6400
2024-03-26,88.9000
2024-03-27,89.9500
2024-03-28,90.0500
2024-04-01,89.0600
2024-04-02,89.0600
2024-04-03,88.1000
2024-04-04,87.4000
2024-04-05,87.8800
2024-04-08,87.7200
2024-04-09,87.6500
2024-04-10,86.5600
2024-04-11,86.0000
2024-04-12,85.8500
2024-04-15,86.1700
2024-04-16,86.1700
2024-04-17,86.7500
2024-04-18,86.7100
2024-04-19,87.1300
2024-04-22,88.3300
2024-04-23,88.5800
2024-04-24,88.8700
2024-04-25,89.2900
2024-04-26,91.0100
2024-04-29,90.4900
2024-04-30,91.9200
2024-05-01,91.9000
2024-05-02,92.9100
2024-05-03,92.8800
2024-05-06,93.1800
2024-05-07,94.0800
2024-05-08,93.4700
2024-05-09,94.0800
2024-05-10,95.1000
2024-05-13,94.4600
2024-05-14,94.5700
2024-05-15,94.5300
2024-05-16,94.5300
2024-05-17,94.1300
2024-05-20,94.3900
2024-05-21,95.1700
2024-05-22,94.7600
2024-05-23,93.7300
2024-05-24,93.3000
2024-05-28,91.9400
2024-05-29,91.2900
2024-05-30,90.9300
2024-05-31,92.9600
2024-06-03,92.4700
2024-06-04,93.8100
2024-06-05,93.6600
2024-06-06,93.9800
2024-06-07,93.8900
2024-06-10,93.9000
2024-06-11,93.9600
2024-06-12,93.2300
2024-06-13,94.7600
2024-06-14,94.6200
2024-06-17,95.9500
2024-06-18,97.0100
2024-06-20,96.9500
2024-06-21,97.2700
2024-06-24,98.9900
2024-06-25,98.7000
2024-06-26,98.2300
2024-06-27,98.1700
2024-06-28,97.0400
2024-07-01,95.5400
2024-07-02,96.1200
2024-07-03,95.8900
2024-07-05,97.0500
2024-07-08,97.5800
2024-07-09,97.0400
2024-07-10,97.3900
2024-07-11,97.7600
2024-07-12,98.0700
2024-07-15,97.2500
2024-07-16,97.4000
2024-07-17,99.3900
2024-07-18,98.5100
2024-07-19,98.0800
2024-07-22,97.9500
2024-07-23,96.5500
2024-07-24,96.6000
2024-07-25,96.4900
2024-07-26,99.3900
2024-07-29,100.8800
2024-07-30,100.4900
2024-07-31,99.1900
2024-08-01,100.9300
2024-08-02,102.8100
2024-08-05,100.9700
2024-08-06,102.6600
2024-08-07,102.4300
2024-08-08,102.7100
2024-08-09,102.0700
2024-08-12,101.2800
2024-08-13,100.5900
2024-08-14,102.1800
2024-08-15,101.4400
2024-08-16,101.9900
2024-08-19,101.8500
2024-08-20,103.0600
2024-08-21,103.4700
2024-08-22,103.9500
2024-08-23,104.2100
2024-08-26,105.0900
2024-08-27,105.9200
2024-08-28,105.7900
2024-08-29,105.8100
2024-08-30,106.5000
2024-09-03,107.7800
2024-09-04,108.7700
2024-09-05,108.5300
2024-09-06,107.8600
2024-09-09,107.1100
2024-09-10,106.8400
2024-09-11,106.1300
2024-09-12,106.3400
2024-09-13,105.7300
2024-09-16,105.4300
2024-09-17,104.5600
2024-09-18,103.1800
2024-09-19,102.0100
2024-09-20,103.0600
2024-09-23,103.3100
2024-09-24,103.7900
2024-09-25,103.7500
2024-09-26,103.0600
2024-09-27,103.6600
2024-09-30,103.8100
2024-10-01,102.3300
2024-10-02,102.0600
2024-10-03,99.9700
2024-10-04,99.0400
2024-10-07,98.5700
2024-10-08,100.5800
2024-10-09,101.0000
2024-10-10,99.2400
2024-10-11,100.1000
2024-10-14,100.7300
2024-10-15,101.5500
2024-10-16,101.1900
2024-10-17,100.5300
2024-10-18,100.4600
2024-10-21,99.3600
2024-10-22,99.6700
2024-10-23,98.9800
2024-10-24,99.7400
2024-10-25,95.6100
2024-10-28,95.7400
2024-10-29,94.7200
2024-10-30,94.6600
2024-10-31,93.7100
2024-11-01,93.3300
2024-11-04,93.6100
2024-11-05,94.2600
2024-11-06,90.2200
2024-11-07,90.7700
2024-11-08,92.5700
2024-11-11,91.9600
2024-11-12,91.5000
2024-11-13,91.0700
2024-11-14,91.4500
2024-11-15,93.5600
2024-11-18,94.6200
2024-11-19,93.6100
2024-11-20,93.9100
2024-11-21,94.2500
2024-11-22,94.9200
2024-11-25,95.3400
2024-11-26,96.5800
2024-11-27,96.7600
2024-11-29,96.6300
2024-12-02,97.1100
2024-12-03,94.6100
2024-12-04,94.8100
2024-12-05,95.1000
2024-12-06,94.2300
2024-12-09,92.9400
2024-12-10,93.8900
2024-12-11,92.7600
2024-12-12,93.5600
2024-12-13,93.4400
2024-12-16,92.9200
2024-12-17,93.4900
2024-12-18,92.7500
2024-12-19,92.9200
2024-12-20,92.0300
2024-12-23,91.9100
2024-12-24,92.3900
2024-12-26,92.3700
2024-12-27,91.8100
2024-12-30,90.7900
2024-12-31,90.9100
2025-01-02,90.5500
2025-01-03,90.1500
2025-01-06,87.5400
2025-01-07,87.3900
2025-01-08,87.4600
2025-01-10,86.3600
2025-01-13,87.1000
2025-01-14,87.6700
2025-01-15,87.8600
2025-01-16,88.5600
2025-01-17,88.6900
2025-01-21,88.2300
2025-01-22,87.5500
2025-01-23,87.9100
2025-01-24,87.8800
2025-01-27,91.2100
2025-01-28,89.8600
2025-01-29,89.5700
2025-01-30,90.8900
2025-01-31,86.7000
2025-02-03,87.0300
2025-02-04,86.5000
2025-02-05,86.6200
2025-02-06,85.6800
2025-02-07,86.7600
2025-02-10,85.9600
2025-02-11,87.3700
2025-02-12,86.7300
2025-02-13,87.7500
2025-02-14,86.0400
2025-02-18,86.3900
2025-02-19,87.4200
2025-02-20,87.8700
2025-02-21,89.4700
2025-02-24,90.1100
2025-02-25,92.2900
2025-02-26,90.1700
2025-02-27,90.2000
2025-02-28,91.1700
2025-03-03,92.8100
2025-03-04,91.0600
2025-03-05,91.7500
2025-03-06,93.2900
2025-03-07,96.7400
2025-03-10,97.5000
2025-03-11,94.1000
2025-03-12,90.8200
2025-03-13,90.5200
2025-03-14,89.8200
2025-03-17,90.7100
2025-03-18,89.4900
2025-03-19,90.4400
2025-03-20,90.2800
2025-03-21,90.3000
2025-03-24,90.9000
2025-03-25,89.5900
2025-03-26,92.0300
2025-03-27,93.1900
2025-03-28,92.8200
2025-03-31,93.7000
2025-04-01,93.9000
2025-04-02,93.5500
2025-04-03,96.0000
2025-04-04,91.6600
2025-04-07,89.1900
2025-04-08,88.6000
2025-04-09,90.2300
2025-04-10,91.8000
2025-04-11,94.0000
2025-04-14,94.9800
2025-04-15,94.2600
2025-04-16,93.4900
2025-04-17,95.5000
2025-04-21,94.7000
2025-04-22,95.8100
2025-04-23,93.8900
2025-04-24,92.7000
2025-04-25,93.9100
2025-04-28,90.9600
2025-04-29,92.3300
2025-04-30,92.1900
2025-05-01,90.6900
2025-05-02,90.4800
2025-05-05,90.7400
2025-05-06,91.0000
2025-05-07,90.8800
2025-05-08,90.8300
2025-05-09,89.8100
2025-05-12,89.1400
2025-05-13,87.8800
2025-05-14,87.5700
2025-05-15,89.6300
2025-05-16,91.2300
2025-05-19,91.7400
2025-05-20,91.9900
2025-05-21,91.6700
2025-05-22,90.9000
2025-05-23,92.5900
2025-05-27,92.4300
2025-05-28,91.7600
2025-05-29,92.3000
2025-05-30,92.9400
2025-06-02,91.9300
2025-06-03,90.6200
2025-06-04,90.2000
2025-06-05,90.1500
2025-06-06,90.2400
2025-06-09,90.8700
2025-06-10,91.9400
2025-06-11,92.1100
2025-06-12,93.1400
2025-06-13,90.2600
2025-06-16,90.1100
2025-06-17,88.6300
2025-06-18,88.1900
2025-06-20,87.7800
2025-06-23,88.6700
2025-06-24,88.1800
2025-06-25,87.8000
2025-06-26,87.7900
2025-06-27,88.7100
2025-06-30,90.9000
2025-07-01,92.0400
2025-07-02,92.4000
2025-07-03,92.7800
2025-07-07,93.3300
2025-07-08,92.1400
2025-07-09,91.5800
2025-07-10,90.6200
2025-07-11,89.5800
2025-07-14,88.8500
2025-07-15,88.1500
2025-07-16,87.6600
2025-07-17,87.2400
2025-07-18,86.8400
2025-07-21,86.6400
2025-07-22,88.7000
2025-07-23,88.7900
2025-07-24,88.4500
2025-07-25,87.9300
2025-07-28,86.4700
2025-07-29,86.8600
2025-07-30,85.8000
2025-07-31,83.8500
2025-08-01,83.5100
2025-08-04,83.3600
2025-08-05,83.0600
2025-08-06,84.6100
2025-08-07,84.7100
2025-08-08,84.6900
2025-08-11,84.4500
2025-08-12,84.9700
2025-08-13,86.3400
2025-08-14,84.6500
2025-08-15,85.0700
2025-08-18,84.2600
2025-08-19,85.8500
2025-08-20,86.0500
2025-08-21,86.2800
2025-08-22,85.9400
2025-08-25,84.0600
2025-08-26,84.1400
2025-08-27,84.4500
2025-08-28,83.4200
2025-08-29,84.0700
2025-09-02,84.3900
2025-09-03,83.8100
2025-09-04,83.6700
2025-09-05,85.1300
2025-09-08,84.1900
2025-09-09,84.2800
2025-09-10,83.2000
2025-09-11,84.0600
2025-09-12,83.2800
2025-09-15,82.1300
2025-09-16,81.4800
2025-09-17,82.2200
2025-09-18,81.5300
2025-09-19,81.1700
2025-09-22,79.3600
2025-09-23,80.1500
2025-09-24,81.1300
2025-09-25,79.7000
2025-09-26,79.5900
2025-09-29,80.4000
2025-09-30,79.9400
2025-10-01,79.0100
2025-10-02,78.3100
2025-10-03,78.0000
2025-10-06,77.4500
2025-10-07,79.1100
2025-10-08,78.0000
2025-10-09,77.8100
2025-10-10,77.9600
2025-10-13,76.9800
2025-10-14,78.4000
2025-10-15,77.6300
2025-10-16,78.0800
2025-10-17,79.1200
2025-10-20,78.7500
2025-10-21,78.6200
2025-10-22,79.8600
2025-10-23,78.4400
2025-10-24,78.0000
2025-10-27,77.8300
2025-10-28,77.1400
2025-10-29,75.7300
2025-10-30,76.5100
2025-10-31,77.0500
2025-11-03,74.9800
2025-11-04,76.5500
2025-11-05,76.9100
2025-11-06,77.2700
2025-11-07,78.7600
2025-11-10,78.4700
2025-11-11,79.4700
2025-11-12,78.5600
2025-11-13,78.7900
2025-11-14,78.0500
2025-11-17,78.8100
2025-11-18,79.3300
2025-11-19,78.4700
2025-11-20,78.8600
2025-11-21,80.9300
2025-11-24,79.1800
2025-11-25,79.8200
2025-11-26,80.0400
2025-11-28,80.3900
2025-12-01,79.9400
2025-12-02,78.8200
2025-12-03,78.2000
2025-12-04,77.6000
2025-12-05,78.0700
2025-12-08,76.1100
2025-12-09,76.9800
2025-12-10,77.7600
2025-12-11,77.2500
2025-12-12,78.3400
2025-12-15,79.4300
2025-12-16,78.9500
2025-12-17,79.7300
2025-12-18,77.7300
2025-12-19,78.3600
2025-12-22,79.0400
2025-12-23,79.9300
2025-12-24,80.2500
2025-12-26,79.7300
2025-12-29,79.6900
2025-12-30,79.5100
2025-12-31,79.0200
2026-01-02,77.6900
2026-01-05,76.9300
2026-01-06,77.2000
2026-01-07,77.0900
2026-01-08,80.8700
2026-01-09,81.4800
2026-01-12,81.9300
2026-01-13,82.9600
2026-01-14,84.5500
2026-01-15,84.3400
2026-01-16,84.5200
2026-01-20,85.4400
2026-01-21,84.7300
2026-01-22,85.8100
2026-01-23,86.6600
2026-01-26,85.2000
2026-01-27,85.7600
2026-01-28,85.0000
2026-01-29,85.2400
2026-01-30,90.2900
2026-02-02,91.8900
2026-02-03,93.1500
2026-02-04,94.3700
2026-02-05,94.8800
2026-02-06,94.4100
2026-02-09,94.1600
2026-02-10,93.9300
2026-02-11,95.3100
2026-02-12,96.1700
2026-02-13,96.6700
2026-02-17,95.6500
2026-02-18,95.5800
2026-02-19,93.9800
2026-02-20,95.0900
2026-02-23,97.1000
2026-02-24,98.1100
2026-02-25,96.6700
2026-02-26,97.5500
2026-02-27,99.1400
2026-03-02,97.3000
2026-03-03,95.5100
2026-03-04,95.2800
2026-03-05,92.6700
2026-03-06,93.5600
2026-03-09,93.0000
2026-03-10,92.4900
2026-03-11,89.6100
2026-03-12,87.9500
2026-03-13,88.8400
2026-03-16,90.3000
2026-03-17,89.9400
2026-03-18,87.5200
2026-03-19,85.5000
2026-03-20,85.1200
2026-03-23,85.1500
2026-03-24,84.5300
2026-03-25,85.4900
2026-03-26,84.1400
2026-03-27,84.2900
2026-03-30,85.7300
2026-03-31,85.2300
2026-04-01,85.4100
2026-04-02,85.1400
2026-04-06,84.5300
2026-04-07,83.1300
2026-04-08,85.5500
2026-04-09,86.0400
2026-04-10,84.3400
2026-04-13,83.9800
2026-04-14,84.1600
2026-04-15,83.4900
2026-04-16,83.6200
2026-04-17,85.8100
2026-04-20,83.5300
2026-04-21,81.8100
