date,close
1990-01-02,7.9466
1990-01-03,7.9747
1990-01-04,8.2274
1990-01-05,8.3397
1990-01-08,8.3397
1990-01-09,8.1713
1990-01-10,8.0870
1990-01-11,8.0309
1990-01-12,7.8905
1990-01-15,7.8624
1990-01-16,8.0309
1990-01-17,7.8624
1990-01-18,8.0028
1990-01-19,7.9466
1990-01-22,7.7781
1990-01-23,7.8062
1990-01-24,7.6377
1990-01-25,7.3569
1990-01-26,7.6377
1990-01-29,7.7501
1990-01-30,7.7501
1990-01-31,7.6377
1990-02-01,7.6658
1990-02-02,7.6097
1990-02-05,7.6658
1990-02-06,7.7501
1990-02-07,7.9185
1990-02-08,7.9185
1990-02-09,7.9747
1990-02-12,7.8624
1990-02-13,7.9466
1990-02-14,7.9747
1990-02-15,8.0028
1990-02-16,7.9185
1990-02-20,7.7781
1990-02-21,7.6939
1990-02-22,7.6097
1990-02-23,7.6097
1990-02-26,7.7220
1990-02-27,7.7501
1990-02-28,7.8905
1990-03-01,7.9747
1990-03-02,8.0309
1990-03-05,7.9747
1990-03-06,8.0589
1990-03-07,7.9747
1990-03-08,8.1151
1990-03-09,8.0870
1990-03-12,8.0309
1990-03-13,7.9466
1990-03-14,8.0028
1990-03-15,8.0028
1990-03-16,8.1151
1990-03-19,8.1432
1990-03-20,7.9747
1990-03-21,8.0309
1990-03-22,8.0028
1990-03-23,8.0589
1990-03-26,8.0589
1990-03-27,8.1993
1990-03-28,8.2274
1990-03-29,8.3117
1990-03-30,8.3117
1990-04-02,8.1151
1990-04-03,8.1151
1990-04-04,8.1151
1990-04-05,8.0028
1990-04-06,8.0309
1990-04-09,8.0870
1990-04-10,8.0870
1990-04-11,8.0028
1990-04-12,8.0309
1990-04-16,8.0870
1990-04-17,8.1713
1990-04-18,8.1151
1990-04-19,8.0589
1990-04-20,7.9747
1990-04-23,7.8905
1990-04-24,7.8624
1990-04-25,7.8062
1990-04-26,7.8624
1990-04-27,7.7220
1990-04-30,7.8905
1990-05-01,7.8624
1990-05-02,7.9185
1990-05-03,7.9466
1990-05-04,7.9747
1990-05-07,7.9466
1990-05-08,8.0309
1990-05-09,8.0309
1990-05-10,8.0589
1990-05-11,8.1713
1990-05-14,8.1151
1990-05-15,8.3678
1990-05-16,8.2836
1990-05-17,8.3678
1990-05-18,8.1432
1990-05-21,8.1432
1990-05-22,8.0589
1990-05-23,8.0028
1990-05-24,7.9185
1990-05-25,7.7781
1990-05-29,8.1993
1990-05-30,8.3678
1990-05-31,8.1993
1990-06-01,8.3117
1990-06-04,8.3678
1990-06-05,8.3959
1990-06-06,8.3678
1990-06-07,8.2555
1990-06-08,8.2274
1990-06-11,8.2836
1990-06-12,8.2555
1990-06-13,8.3117
1990-06-14,8.3397
1990-06-15,8.1432
1990-06-18,8.0309
1990-06-19,8.0870
1990-06-20,8.0589
1990-06-21,8.1432
1990-06-22,8.0589
1990-06-25,8.0309
1990-06-26,8.0309
1990-06-27,8.0309
1990-06-28,8.1993
1990-06-29,8.2555
1990-07-02,8.1713
1990-07-03,8.1993
1990-07-05,8.0309
1990-07-06,8.0589
1990-07-09,7.9747
1990-07-10,7.9185
1990-07-11,8.0028
1990-07-12,8.0309
1990-07-13,7.9466
1990-07-16,7.9747
1990-07-17,8.0589
1990-07-18,7.9747
1990-07-19,7.9466
1990-07-20,7.6658
1990-07-23,7.5254
1990-07-24,7.6097
1990-07-25,7.7220
1990-07-26,7.6097
1990-07-27,7.5816
1990-07-30,7.5254
1990-07-31,7.5816
1990-08-01,7.6097
1990-08-02,7.4131
1990-08-03,7.4973
1990-08-06,7.1042
1990-08-07,7.0761
1990-08-08,7.3289
1990-08-09,7.6658
1990-08-10,7.6377
1990-08-13,7.5254
1990-08-14,7.4973
1990-08-15,7.4131
1990-08-16,7.1042
1990-08-17,6.8234
1990-08-20,6.9638
1990-08-21,6.9919
1990-08-22,6.9077
1990-08-23,6.6549
1990-08-24,6.6830
1990-08-27,6.9638
1990-08-28,6.9638
1990-08-29,6.9638
1990-08-30,6.8515
1990-08-31,6.9638
1990-09-04,6.9357
1990-09-05,6.9357
1990-09-06,6.8796
1990-09-07,6.9077
1990-09-10,7.0481
1990-09-11,6.9638
1990-09-12,6.9357
1990-09-13,6.7392
1990-09-14,6.6549
1990-09-17,6.6549
1990-09-18,6.6549
1990-09-19,6.7392
1990-09-20,6.6830
1990-09-21,6.4584
1990-09-24,6.4584
1990-09-25,6.5988
1990-09-26,6.5426
1990-09-27,6.4865
1990-09-28,6.2618
1990-10-01,6.2618
1990-10-02,6.5707
1990-10-03,6.4865
1990-10-04,6.6830
1990-10-05,6.6830
1990-10-08,6.5707
1990-10-09,6.1776
1990-10-10,5.9529
1990-10-11,5.9249
1990-10-12,6.0091
1990-10-15,5.9249
1990-10-16,5.8687
1990-10-17,5.7002
1990-10-18,5.7845
1990-10-19,5.7283
1990-10-22,5.7845
1990-10-23,5.6721
1990-10-24,5.7283
1990-10-25,5.6721
1990-10-26,5.6721
1990-10-29,5.6721
1990-10-30,5.7845
1990-10-31,5.6441
1990-11-01,5.7002
1990-11-02,5.8406
1990-11-05,5.8968
1990-11-06,5.7845
1990-11-07,5.7283
1990-11-08,5.8968
1990-11-09,5.8687
1990-11-12,5.8968
1990-11-13,5.9249
1990-11-14,6.0091
1990-11-15,6.1495
1990-11-16,6.1214
1990-11-19,6.1776
1990-11-20,6.0933
1990-11-21,6.1776
1990-11-23,6.1214
1990-11-26,6.1214
1990-11-27,6.0653
1990-11-28,6.1214
1990-11-29,6.0653
1990-11-30,6.2337
1990-12-03,6.2899
1990-12-04,6.2618
1990-12-05,6.1776
1990-12-06,6.2899
1990-12-07,6.0372
1990-12-10,6.0372
1990-12-11,5.9810
1990-12-12,6.1495
1990-12-13,6.1495
1990-12-14,6.0091
1990-12-17,6.0653
1990-12-18,6.0653
1990-12-19,6.0933
1990-12-20,6.1214
1990-12-21,6.2057
1990-12-24,6.1776
1990-12-26,6.1495
1990-12-27,6.0372
1990-12-28,6.0372
1990-12-31,6.0653
1991-01-02,6.2899
1991-01-03,6.2618
1991-01-04,6.2337
1991-01-07,6.0653
1991-01-08,6.0372
1991-01-09,5.9529
1991-01-10,6.0091
1991-01-11,5.9810
1991-01-14,5.8125
1991-01-15,5.8687
1991-01-16,5.9529
1991-01-17,6.3741
1991-01-18,6.4865
1991-01-21,6.3461
1991-01-22,6.1214
1991-01-23,6.3741
1991-01-24,6.5145
1991-01-25,6.5426
1991-01-28,6.7111
1991-01-29,6.7953
1991-01-30,6.6830
1991-01-31,6.5145
1991-02-01,6.4584
1991-02-04,6.7392
1991-02-05,6.7673
1991-02-06,6.8234
1991-02-07,7.1323
1991-02-08,6.8796
1991-02-11,6.7392
1991-02-12,6.7673
1991-02-13,6.9919
1991-02-14,6.7392
1991-02-15,6.9357
1991-02-19,6.7392
1991-02-20,6.6549
1991-02-21,6.6830
1991-02-22,6.7392
1991-02-25,6.7392
1991-02-26,6.6269
1991-02-27,6.7111
1991-02-28,6.6830
1991-03-01,6.7392
1991-03-04,6.7673
1991-03-05,6.8234
1991-03-06,6.8796
1991-03-07,6.7392
1991-03-08,6.7392
1991-03-11,6.6269
1991-03-12,6.6830
1991-03-13,6.7111
1991-03-14,6.7111
1991-03-15,6.7111
1991-03-18,6.6549
1991-03-19,6.5707
1991-03-20,6.6549
1991-03-21,6.5145
1991-03-22,6.4022
1991-03-25,6.3461
1991-03-26,6.2618
1991-03-27,6.4022
1991-03-28,6.5145
1991-04-01,6.5426
1991-04-02,6.6269
1991-04-03,6.6549
1991-04-04,6.5426
1991-04-05,6.4865
1991-04-08,6.4865
1991-04-09,6.3180
1991-04-10,6.2899
1991-04-11,6.3461
1991-04-12,6.5707
1991-04-15,6.4865
1991-04-16,6.6269
1991-04-17,6.7392
1991-04-18,6.6830
1991-04-19,6.6830
1991-04-22,6.6269
1991-04-23,6.5707
1991-04-24,6.4022
1991-04-25,6.4584
1991-04-26,6.5426
1991-04-29,6.4584
1991-04-30,6.6549
1991-05-01,6.5145
1991-05-02,6.6269
1991-05-03,6.7111
1991-05-06,6.6830
1991-05-07,6.5707
1991-05-08,6.7111
1991-05-09,6.6549
1991-05-10,6.6830
1991-05-13,6.6269
1991-05-14,6.4584
1991-05-15,6.3180
1991-05-16,6.2618
1991-05-17,6.2899
1991-05-20,6.2899
1991-05-21,6.3180
1991-05-22,6.2899
1991-05-23,6.2618
1991-05-24,6.2057
1991-05-28,6.2899
1991-05-29,6.4584
1991-05-30,6.7392
1991-05-31,6.7111
1991-06-03,6.7111
1991-06-04,6.6830
1991-06-05,6.6549
1991-06-06,6.5988
1991-06-07,6.3741
1991-06-10,6.4303
1991-06-11,6.4022
1991-06-12,6.4584
1991-06-13,6.4303
1991-06-14,6.4865
1991-06-17,6.5145
1991-06-18,6.5145
1991-06-19,6.4865
1991-06-20,6.5426
1991-06-21,6.6549
1991-06-24,6.7111
1991-06-25,6.7111
1991-06-26,6.5988
1991-06-27,7.4693
1991-06-28,7.4131
1991-07-01,7.6658
1991-07-02,7.7781
1991-07-03,7.6377
1991-07-05,7.6097
1991-07-08,7.6377
1991-07-09,7.8343
1991-07-10,8.0309
1991-07-11,8.1151
1991-07-12,8.1713
1991-07-15,8.1432
1991-07-16,8.4521
1991-07-17,8.5082
1991-07-18,8.5363
1991-07-19,8.4801
1991-07-22,8.1713
1991-07-23,8.1713
1991-07-24,8.1151
1991-07-25,8.3397
1991-07-26,8.4801
1991-07-29,8.5644
1991-07-30,8.7890
1991-07-31,8.7329
1991-08-01,8.7048
1991-08-02,8.7890
1991-08-05,8.5082
1991-08-06,8.6486
1991-08-07,8.5363
1991-08-08,8.5644
1991-08-09,8.4801
1991-08-12,8.4240
1991-08-13,8.4521
1991-08-14,8.4801
1991-08-15,8.4801
1991-08-16,8.5363
1991-08-19,8.2836
1991-08-20,8.3959
1991-08-21,8.4801
1991-08-22,8.5925
1991-08-23,8.8171
1991-08-26,8.7609
1991-08-27,8.6205
1991-08-28,8.7609
1991-08-29,8.7048
1991-08-30,8.6205
1991-09-03,8.5925
1991-09-04,8.6486
1991-09-05,8.6486
1991-09-06,8.6205
1991-09-09,8.6767
1991-09-10,8.7329
1991-09-11,8.5644
1991-09-12,8.6205
1991-09-13,8.5082
1991-09-16,8.3959
1991-09-17,8.2274
1991-09-18,8.2555
1991-09-19,8.2836
1991-09-20,8.3117
1991-09-23,8.3117
1991-09-24,8.3959
1991-09-25,8.4521
1991-09-26,8.3959
1991-09-27,8.1713
1991-09-30,8.1432
1991-10-01,8.2274
1991-10-02,8.1432
1991-10-03,7.9185
1991-10-04,7.8624
1991-10-07,7.8624
1991-10-08,8.1151
1991-10-09,9.0698
1991-10-10,8.6767
1991-10-11,8.9294
1991-10-14,8.9013
1991-10-15,8.9294
1991-10-16,9.0979
1991-10-17,9.0137
1991-10-18,9.1541
1991-10-21,9.1260
1991-10-22,9.1541
1991-10-23,9.1541
1991-10-24,8.9856
1991-10-25,9.0137
1991-10-28,8.9856
1991-10-29,9.2664
1991-10-30,9.2664
1991-10-31,9.3225
1991-11-01,9.2102
1991-11-04,9.1541
1991-11-05,9.2383
1991-11-06,9.4349
1991-11-07,9.4349
1991-11-08,9.3506
1991-11-11,9.2664
1991-11-12,9.3787
1991-11-13,9.4910
1991-11-14,9.6595
1991-11-15,9.1260
1991-11-18,9.1821
1991-11-19,9.0417
1991-11-20,8.7890
1991-11-21,8.7609
1991-11-22,8.6486
1991-11-25,8.7329
1991-11-26,8.7609
1991-11-27,8.7609
1991-11-29,8.7329
1991-12-02,8.8171
1991-12-03,8.7609
1991-12-04,8.8452
1991-12-05,8.8452
1991-12-06,8.7048
1991-12-09,8.7609
1991-12-10,8.5363
1991-12-11,8.5363
1991-12-12,8.5363
1991-12-13,8.5644
1991-12-16,8.5082
1991-12-17,8.3678
1991-12-18,8.1993
1991-12-19,8.2836
1991-12-20,8.4801
1991-12-23,8.5363
1991-12-24,9.2102
1991-12-26,9.2383
1991-12-27,9.2664
1991-12-30,9.9122
1991-12-31,9.8561
1992-01-02,9.4349
1992-01-03,9.5472
1992-01-06,9.6876
1992-01-07,9.7718
1992-01-08,10.0245
1992-01-09,10.2773
1992-01-10,10.0807
1992-01-13,10.0526
1992-01-14,10.2211
1992-01-15,10.4738
1992-01-16,10.4738
1992-01-17,10.3896
1992-01-20,10.4177
1992-01-21,10.4738
1992-01-22,10.4177
1992-01-23,10.2773
1992-01-24,10.3615
1992-01-27,10.3896
1992-01-28,10.6704
1992-01-29,10.8950
1992-01-30,10.9231
1992-01-31,11.1196
1992-02-03,11.0635
1992-02-04,11.0635
1992-02-05,11.1196
1992-02-06,11.2039
1992-02-07,11.0635
1992-02-10,11.1758
1992-02-11,11.2320
1992-02-12,11.3162
1992-02-13,11.4004
1992-02-14,11.4285
1992-02-18,11.4004
1992-02-19,11.2039
1992-02-20,11.3162
1992-02-21,11.1758
1992-02-24,11.1196
1992-02-25,10.8108
1992-02-26,10.8669
1992-02-27,10.8950
1992-02-28,11.1477
1992-03-02,11.2320
1992-03-03,11.5689
1992-03-04,11.2881
1992-03-05,11.0635
1992-03-06,11.0073
1992-03-09,10.9231
1992-03-10,11.1477
1992-03-11,11.0635
1992-03-12,10.8108
1992-03-13,10.8950
1992-03-16,10.8669
1992-03-17,11.1758
1992-03-18,11.1758
1992-03-19,11.0916
1992-03-20,11.7655
1992-03-23,11.9059
1992-03-24,11.9901
1992-03-25,12.0182
1992-03-26,12.2990
1992-03-27,11.7936
1992-03-30,11.8216
1992-03-31,11.3443
1992-04-01,11.2320
1992-04-02,11.6532
1992-04-03,11.5408
1992-04-06,11.6812
1992-04-07,11.5408
1992-04-08,11.4285
1992-04-09,11.6812
1992-04-10,12.0744
1992-04-13,12.1024
1992-04-14,12.2709
1992-04-15,12.4675
1992-04-16,12.8044
1992-04-20,12.6921
1992-04-21,12.7483
1992-04-22,12.6360
1992-04-23,13.2537
1992-04-24,13.0291
1992-04-27,12.9448
1992-04-28,12.9729
1992-04-29,13.1695
1992-04-30,13.0852
1992-05-01,13.3099
1992-05-04,13.1695
1992-05-05,13.0572
1992-05-06,13.1976
1992-05-07,13.0852
1992-05-08,13.0572
1992-05-11,13.1695
1992-05-12,13.3660
1992-05-13,13.2818
1992-05-14,13.1695
1992-05-15,13.0852
1992-05-18,13.2256
1992-05-19,13.3380
1992-05-20,13.3099
1992-05-21,13.0572
1992-05-22,13.0572
1992-05-26,12.8044
1992-05-27,13.0572
1992-05-28,12.9168
1992-05-29,13.0291
1992-06-01,13.0291
1992-06-02,13.6749
1992-06-03,13.6188
1992-06-04,13.6468
1992-06-05,13.6188
1992-06-08,13.3660
1992-06-09,13.3380
1992-06-10,12.9448
1992-06-11,13.0010
1992-06-12,12.9448
1992-06-15,12.8325
1992-06-16,12.8325
1992-06-17,12.7764
1992-06-18,12.3552
1992-06-19,12.2428
1992-06-22,12.0182
1992-06-23,11.8216
1992-06-24,11.9340
1992-06-25,11.9620
1992-06-26,12.0463
1992-06-29,12.2428
1992-06-30,12.0744
1992-07-01,12.2428
1992-07-02,12.2428
1992-07-06,11.9059
1992-07-07,11.5689
1992-07-08,11.4847
1992-07-09,11.6251
1992-07-10,11.8216
1992-07-13,11.9340
1992-07-14,11.9620
1992-07-15,12.1024
1992-07-16,12.0744
1992-07-17,11.9340
1992-07-20,11.7936
1992-07-21,11.9340
1992-07-22,11.7936
1992-07-23,12.1305
1992-07-24,12.2428
1992-07-27,12.1586
1992-07-28,12.2428
1992-07-29,12.6360
1992-07-30,12.5798
1992-07-31,12.4675
1992-08-03,12.5517
1992-08-04,12.6921
1992-08-05,12.4956
1992-08-06,12.5798
1992-08-07,12.5517
1992-08-10,12.5798
1992-08-11,12.4956
1992-08-12,12.5517
1992-08-13,12.1305
1992-08-14,12.0182
1992-08-17,12.1024
1992-08-18,12.0463
1992-08-19,11.9340
1992-08-20,11.9901
1992-08-21,11.9059
1992-08-24,11.5689
1992-08-25,11.4566
1992-08-26,11.7936
1992-08-27,12.0463
1992-08-28,11.9340
1992-08-31,11.7655
1992-09-01,11.7936
1992-09-02,11.8778
1992-09-03,11.9620
1992-09-04,11.9340
1992-09-08,11.7655
1992-09-09,11.6251
1992-09-10,11.8497
1992-09-11,11.9901
1992-09-14,12.5517
1992-09-15,12.5236
1992-09-16,12.3832
1992-09-17,12.5517
1992-09-18,12.5236
1992-09-21,12.2990
1992-09-22,11.8497
1992-09-23,12.0744
1992-09-24,12.2428
1992-09-25,11.9340
1992-09-28,12.0182
1992-09-29,11.8778
1992-09-30,11.6812
1992-10-01,11.7936
1992-10-02,11.5689
1992-10-05,11.3724
1992-10-06,11.5970
1992-10-07,11.7655
1992-10-08,11.5128
1992-10-09,11.3724
1992-10-12,11.4004
1992-10-13,11.7374
1992-10-14,11.9620
1992-10-15,11.9059
1992-10-16,12.0182
1992-10-19,11.9340
1992-10-20,12.1586
1992-10-21,12.2990
1992-10-22,12.2990
1992-10-23,12.5236
1992-10-26,12.8044
1992-10-27,12.6640
1992-10-28,12.6079
1992-10-29,12.5798
1992-10-30,12.4675
1992-11-02,12.4956
1992-11-03,12.7764
1992-11-04,12.7483
1992-11-05,12.7764
1992-11-06,12.9168
1992-11-09,12.9168
1992-11-10,12.8044
1992-11-11,12.7483
1992-11-12,12.7764
1992-11-13,12.7764
1992-11-16,12.5517
1992-11-17,12.5798
1992-11-18,12.5517
1992-11-19,12.5236
1992-11-20,12.3832
1992-11-23,12.3271
1992-11-24,12.4956
1992-11-25,12.5798
1992-11-27,12.6640
1992-11-30,12.8325
1992-12-01,12.9729
1992-12-02,13.1976
1992-12-03,12.8887
1992-12-04,13.0010
1992-12-07,13.0010
1992-12-08,13.1133
1992-12-09,13.2256
1992-12-10,13.0852
1992-12-11,13.3941
1992-12-14,13.1414
1992-12-15,13.2537
1992-12-16,13.2256
1992-12-17,13.1695
1992-12-18,13.5345
1992-12-21,13.4222
1992-12-22,13.5907
1992-12-23,13.6749
1992-12-24,13.5907
1992-12-28,13.8434
1992-12-29,13.7872
1992-12-30,13.6749
1992-12-31,13.5907
1993-01-04,13.5626
1993-01-05,13.3941
1993-01-06,13.3099
1993-01-07,13.0291
1993-01-08,13.0291
1993-01-11,13.2256
1993-01-12,13.2818
1993-01-13,13.0291
1993-01-14,12.9448
1993-01-15,13.0010
1993-01-18,13.3660
1993-01-19,13.3099
1993-01-20,13.3380
1993-01-21,13.2818
1993-01-22,12.9729
1993-01-25,13.0852
1993-01-26,13.4503
1993-01-27,13.3380
1993-01-28,13.1695
1993-01-29,12.9448
1993-02-01,13.1133
1993-02-02,13.2537
1993-02-03,13.8996
1993-02-04,14.6858
1993-02-05,14.8262
1993-02-08,14.4892
1993-02-09,14.2084
1993-02-10,14.4331
1993-02-11,15.0228
1993-02-12,14.5173
1993-02-16,14.4331
1993-02-17,14.5735
1993-02-18,14.4050
1993-02-19,14.4331
1993-02-22,14.6296
1993-02-23,14.5454
1993-02-24,14.6858
1993-02-25,14.8824
1993-02-26,14.7981
1993-03-01,14.6016
1993-03-02,14.7420
1993-03-03,15.2193
1993-03-04,14.9947
1993-03-05,14.8824
1993-03-08,15.0228
1993-03-09,15.0789
1993-03-10,14.9947
1993-03-11,15.1070
1993-03-12,15.0228
1993-03-15,15.1912
1993-03-16,15.2474
1993-03-17,15.1351
1993-03-18,15.3878
1993-03-19,15.2755
1993-03-22,15.2474
1993-03-23,15.4720
1993-03-24,15.4159
1993-03-25,15.3878
1993-03-26,15.2474
1993-03-29,15.0508
1993-03-30,15.0508
1993-03-31,14.9666
1993-04-01,14.9947
1993-04-02,14.6577
1993-04-05,14.6016
1993-04-06,14.2084
1993-04-07,14.5173
1993-04-08,14.6016
1993-04-12,14.7139
1993-04-13,15.0508
1993-04-14,15.2193
1993-04-15,15.4159
1993-04-16,15.7809
1993-04-19,15.5001
1993-04-20,15.2193
1993-04-21,14.9104
1993-04-22,14.5454
1993-04-23,14.8824
1993-04-26,14.2927
1993-04-27,14.0680
1993-04-28,13.9838
1993-04-29,14.2646
1993-04-30,14.6577
1993-05-03,14.6016
1993-05-04,14.4892
1993-05-05,14.6296
1993-05-06,14.4331
1993-05-07,14.1242
1993-05-10,14.1523
1993-05-11,14.2646
1993-05-12,14.3769
1993-05-13,14.2927
1993-05-14,14.4050
1993-05-17,14.4331
1993-05-18,14.4050
1993-05-19,14.7139
1993-05-20,14.7981
1993-05-21,14.8543
1993-05-24,14.8824
1993-05-25,14.9947
1993-05-26,15.0508
1993-05-27,15.0508
1993-05-28,14.9947
1993-06-01,14.8543
1993-06-02,14.7700
1993-06-03,14.7139
1993-06-04,14.7420
1993-06-07,14.8824
1993-06-08,14.8543
1993-06-09,14.8543
1993-06-10,15.0789
1993-06-11,15.0789
1993-06-14,15.0789
1993-06-15,15.0789
1993-06-16,14.9947
1993-06-17,14.6858
1993-06-18,14.6577
1993-06-21,15.0228
1993-06-22,14.8262
1993-06-23,14.8262
1993-06-24,14.9385
1993-06-25,14.8262
1993-06-28,15.5282
1993-06-29,15.1912
1993-06-30,14.9947
1993-07-01,14.7981
1993-07-02,14.7139
1993-07-06,14.4331
1993-07-07,14.7700
1993-07-08,14.9104
1993-07-09,14.9104
1993-07-12,14.9104
1993-07-13,14.9666
1993-07-14,15.1070
1993-07-15,15.2755
1993-07-16,15.4159
1993-07-19,15.5844
1993-07-20,15.6405
1993-07-21,15.6686
1993-07-22,15.5001
1993-07-23,15.5001
1993-07-26,15.5844
1993-07-27,15.6686
1993-07-28,15.4720
1993-07-29,16.0336
1993-07-30,15.7528
1993-08-02,16.0056
1993-08-03,16.1460
1993-08-04,16.2302
1993-08-05,16.4268
1993-08-06,16.4268
1993-08-09,16.4829
1993-08-10,16.4268
1993-08-11,16.5391
1993-08-12,16.5391
1993-08-13,16.4548
1993-08-16,16.3425
1993-08-17,16.4829
1993-08-18,16.3425
1993-08-19,16.5391
1993-08-20,16.5110
1993-08-23,16.3144
1993-08-24,16.4268
1993-08-25,16.7637
1993-08-26,16.6514
1993-08-27,16.5672
1993-08-30,16.6233
1993-08-31,16.7918
1993-09-01,16.6514
1993-09-02,16.4829
1993-09-03,16.4548
1993-09-07,16.5110
1993-09-08,16.2021
1993-09-09,15.9494
1993-09-10,16.3987
1993-09-13,16.3425
1993-09-14,16.2583
1993-09-15,16.2302
1993-09-16,16.4548
1993-09-17,16.4829
1993-09-20,16.6233
1993-09-21,16.2021
1993-09-22,16.3987
1993-09-23,16.3987
1993-09-24,16.0617
1993-09-27,15.9494
1993-09-28,16.0056
1993-09-29,16.2583
1993-09-30,16.3706
1993-10-01,16.3706
1993-10-04,16.5952
1993-10-05,16.6795
1993-10-06,16.6514
1993-10-07,16.3987
1993-10-08,16.2021
1993-10-11,16.1179
1993-10-12,16.0898
1993-10-13,15.9775
1993-10-14,16.0617
1993-10-15,16.0898
1993-10-18,16.5672
1993-10-19,16.2302
1993-10-20,15.9775
1993-10-21,15.7248
1993-10-22,16.0898
1993-10-25,16.3706
1993-10-26,16.3425
1993-10-27,15.9213
1993-10-28,16.0056
1993-10-29,16.0898
1993-11-01,16.3144
1993-11-02,16.4548
1993-11-03,15.9494
1993-11-04,16.0898
1993-11-05,15.9494
1993-11-08,15.8932
1993-11-09,15.9494
1993-11-10,16.1460
1993-11-11,16.3706
1993-11-12,16.4548
1993-11-15,16.3706
1993-11-16,16.3706
1993-11-17,16.2583
1993-11-18,16.2021
1993-11-19,16.0056
1993-11-22,15.9494
1993-11-23,16.0336
1993-11-24,16.2302
1993-11-26,16.2302
1993-11-29,16.1179
1993-11-30,15.9775
1993-12-01,16.2302
1993-12-02,16.3987
1993-12-03,16.6514
1993-12-06,16.9041
1993-12-07,16.8760
1993-12-08,16.9884
1993-12-09,17.0445
1993-12-10,17.0164
1993-12-13,16.8199
1993-12-14,16.8760
1993-12-15,16.8760
1993-12-16,16.9041
1993-12-17,17.3534
1993-12-20,17.4096
1993-12-21,17.4657
1993-12-22,17.6623
1993-12-23,17.7746
1993-12-27,17.9431
1993-12-28,17.9431
1993-12-29,17.9711
1993-12-30,17.9711
1993-12-31,17.7465
1994-01-03,17.4657
1994-01-04,17.1288
1994-01-05,17.1849
1994-01-06,17.4096
1994-01-07,17.4657
1994-01-10,17.5219
1994-01-11,17.5780
1994-01-12,17.4376
1994-01-13,17.2972
1994-01-14,17.4657
1994-01-17,17.4096
1994-01-18,17.4657
1994-01-19,17.6061
1994-01-20,17.8027
1994-01-21,17.7465
1994-01-24,17.7465
1994-01-25,17.4938
1994-01-26,17.3253
1994-01-27,17.5219
1994-01-28,17.6061
1994-01-31,17.6623
1994-02-01,17.9150
1994-02-02,17.8027
1994-02-03,17.5219
1994-02-04,16.9041
1994-02-07,17.0445
1994-02-08,17.3815
1994-02-09,17.9431
1994-02-10,17.7184
1994-02-11,17.8308
1994-02-14,17.5219
1994-02-15,17.9150
1994-02-16,17.9431
1994-02-17,17.9711
1994-02-18,17.7746
1994-02-22,17.7746
1994-02-23,17.6061
1994-02-24,17.2972
1994-02-25,17.2972
1994-02-28,17.1568
1994-03-01,17.0726
1994-03-02,16.9603
1994-03-03,17.0726
1994-03-04,17.3815
1994-03-07,17.6342
1994-03-08,17.3253
1994-03-09,17.3815
1994-03-10,17.2411
1994-03-11,17.4938
1994-03-14,17.3815
1994-03-15,17.4657
1994-03-16,17.1849
1994-03-17,17.2972
1994-03-18,17.2972
1994-03-21,17.3534
1994-03-22,17.4096
1994-03-23,17.5780
1994-03-24,17.4657
1994-03-25,17.1849
1994-03-28,16.6795
1994-03-29,16.3987
1994-03-30,15.3878
1994-03-31,16.3987
1994-04-04,16.3425
1994-04-05,16.6233
1994-04-06,16.6795
1994-04-07,16.2302
1994-04-08,16.2302
1994-04-11,16.5110
1994-04-12,16.3987
1994-04-13,15.9494
1994-04-14,16.0617
1994-04-15,16.1179
1994-04-18,15.5001
1994-04-19,15.3316
1994-04-20,15.3878
1994-04-21,15.6686
1994-04-22,15.7809
1994-04-25,15.9494
1994-04-26,15.7248
1994-04-28,15.5563
1994-04-29,15.5001
1994-05-02,15.5563
1994-05-03,15.6124
1994-05-04,15.7809
1994-05-05,15.6124
1994-05-06,15.3878
1994-05-09,15.2193
1994-05-10,14.9385
1994-05-11,15.3878
1994-05-12,16.0617
1994-05-13,16.0056
1994-05-16,15.7809
1994-05-17,15.9494
1994-05-18,15.8932
1994-05-19,15.8371
1994-05-20,15.6686
1994-05-23,15.5001
1994-05-24,15.7248
1994-05-25,15.6124
1994-05-26,15.7809
1994-05-27,15.6124
1994-05-31,15.7809
1994-06-01,15.6124
1994-06-02,15.8932
1994-06-03,15.8932
1994-06-06,15.8371
1994-06-07,15.8371
1994-06-08,15.8932
1994-06-09,15.9494
1994-06-10,15.8371
1994-06-13,16.1179
1994-06-14,16.9041
1994-06-15,16.5110
1994-06-16,16.4548
1994-06-17,16.3987
1994-06-20,15.9494
1994-06-21,16.2864
1994-06-22,16.2864
1994-06-23,16.2302
1994-06-24,16.0056
1994-06-27,16.0056
1994-06-28,16.0056
1994-06-29,15.9494
1994-06-30,15.5563
1994-07-01,15.7248
1994-07-05,15.9494
1994-07-06,15.8371
1994-07-07,15.9494
1994-07-08,15.8371
1994-07-11,15.5563
1994-07-12,15.5001
1994-07-13,15.7248
1994-07-14,16.0056
1994-07-15,16.3425
1994-07-18,16.0056
1994-07-19,15.9494
1994-07-20,16.2864
1994-07-21,16.0617
1994-07-22,16.2864
1994-07-25,16.6795
1994-07-26,16.4548
1994-07-27,16.7356
1994-07-28,16.8480
1994-07-29,17.1849
1994-08-01,17.4096
1994-08-02,17.1849
1994-08-03,16.9603
1994-08-04,16.8480
1994-08-05,16.6233
1994-08-08,16.4548
1994-08-09,16.6233
1994-08-10,16.5110
1994-08-11,16.1740
1994-08-12,16.1179
1994-08-15,15.9494
1994-08-16,16.0617
1994-08-17,15.9494
1994-08-18,15.7248
1994-08-19,15.6686
1994-08-22,15.5563
1994-08-23,16.0617
1994-08-24,16.3987
1994-08-25,16.5672
1994-08-26,16.6233
1994-08-29,16.9041
1994-08-30,17.0164
1994-08-31,16.7918
1994-09-01,16.9603
1994-09-02,16.8480
1994-09-06,16.8480
1994-09-07,16.7356
1994-09-08,16.7356
1994-09-09,16.1740
1994-09-12,15.9494
1994-09-13,16.0617
1994-09-14,16.2302
1994-09-15,16.4548
1994-09-16,16.3425
1994-09-19,16.0617
1994-09-20,15.6686
1994-09-21,15.4440
1994-09-22,15.2755
1994-09-23,15.1632
1994-09-26,15.5563
1994-09-27,15.3316
1994-09-28,15.8371
1994-09-29,16.0056
1994-09-30,15.3316
1994-10-03,15.2755
1994-10-04,15.2193
1994-10-05,15.1632
1994-10-06,15.2755
1994-10-07,15.0508
1994-10-10,15.2193
1994-10-11,15.6124
1994-10-12,15.5563
1994-10-13,15.6686
1994-10-14,16.0056
1994-10-17,15.9494
1994-10-18,15.8932
1994-10-19,15.8932
1994-10-20,15.8932
1994-10-21,15.6124
1994-10-24,15.5563
1994-10-25,15.5563
1994-10-26,15.5001
1994-10-27,15.4440
1994-10-28,15.5563
1994-10-31,15.5563
1994-11-01,15.5001
1994-11-02,15.2193
1994-11-03,15.1070
1994-11-04,14.9947
1994-11-07,15.0508
1994-11-08,15.1070
1994-11-09,15.1632
1994-11-10,15.1632
1994-11-11,14.9947
1994-11-14,15.0508
1994-11-15,15.5001
1994-11-16,15.3316
1994-11-17,15.1632
1994-11-18,14.7700
1994-11-21,14.4892
1994-11-22,13.9276
1994-11-23,13.8715
1994-11-25,14.4331
1994-11-28,14.6577
1994-11-29,14.5454
1994-11-30,14.6577
1994-12-01,14.7139
1994-12-02,14.8262
1994-12-05,14.8262
1994-12-06,14.8262
1994-12-07,14.6016
1994-12-08,14.4331
1994-12-09,14.3208
1994-12-12,14.3208
1994-12-13,14.3769
1994-12-14,14.6577
1994-12-15,14.8262
1994-12-16,15.1632
1994-12-19,15.2755
1994-12-20,14.9947
1994-12-21,15.3878
1994-12-22,15.7809
1994-12-23,15.7248
1994-12-27,15.8932
1994-12-28,15.5001
1994-12-29,15.3316
1994-12-30,15.2755
1995-01-03,15.2755
1995-01-04,15.2193
1995-01-05,15.3878
1995-01-06,15.4440
1995-01-09,15.3316
1995-01-10,15.6124
1995-01-11,15.7248
1995-01-12,15.7809
1995-01-13,15.9494
1995-01-16,16.1740
1995-01-17,16.2302
1995-01-18,16.2302
1995-01-19,16.2302
1995-01-20,16.2302
1995-01-23,16.1740
1995-01-24,16.5110
1995-01-25,16.3987
1995-01-26,16.1740
1995-01-27,16.0056
1995-01-30,16.0617
1995-01-31,16.0617
1995-02-01,15.8932
1995-02-02,16.0617
1995-02-03,16.7356
1995-02-06,17.0164
1995-02-07,16.9041
1995-02-08,17.0726
1995-02-09,16.5672
1995-02-10,16.5672
1995-02-13,17.0164
1995-02-14,17.1288
1995-02-15,17.4657
1995-02-16,17.1288
1995-02-17,17.0164
1995-02-21,17.1849
1995-02-22,17.0726
1995-02-23,17.2972
1995-02-24,17.1849
1995-02-27,17.1288
1995-02-28,17.0164
1995-03-01,17.3534
1995-03-02,17.1849
1995-03-03,16.9603
1995-03-06,17.0164
1995-03-07,16.7918
1995-03-08,16.9603
1995-03-09,16.9603
1995-03-10,17.0726
1995-03-13,17.4657
1995-03-14,17.3534
1995-03-15,17.0726
1995-03-16,17.0726
1995-03-17,17.2411
1995-03-20,17.0726
1995-03-21,17.2972
1995-03-22,17.2972
1995-03-23,17.1849
1995-03-24,17.2972
1995-03-27,17.1849
1995-03-28,17.0726
1995-03-29,17.4096
1995-03-30,17.4657
1995-03-31,17.6342
1995-04-03,17.6342
1995-04-04,17.8027
1995-04-05,17.3534
1995-04-06,17.9150
1995-04-07,17.9711
1995-04-10,17.6342
1995-04-11,17.6904
1995-04-12,17.6342
1995-04-13,17.9711
1995-04-17,18.1958
1995-04-18,17.6904
1995-04-19,17.4657
1995-04-20,17.8588
1995-04-21,17.6342
1995-04-24,17.9711
1995-04-25,17.7465
1995-04-26,17.7465
1995-04-27,17.9711
1995-04-28,17.8027
1995-05-01,17.6904
1995-05-02,17.8027
1995-05-03,17.9150
1995-05-04,18.4204
1995-05-05,18.6451
1995-05-08,18.5889
1995-05-09,18.5327
1995-05-10,18.6451
1995-05-11,18.3081
1995-05-12,18.5889
1995-05-15,18.7012
1995-05-16,18.7574
1995-05-17,18.3081
1995-05-18,17.6342
1995-05-19,17.5780
1995-05-22,17.8588
1995-05-23,18.3643
1995-05-24,18.5327
1995-05-25,18.2519
1995-05-26,18.2519
1995-05-30,18.1958
1995-05-31,18.1396
1995-06-01,18.1396
1995-06-02,18.1396
1995-06-05,18.2519
1995-06-06,18.4204
1995-06-07,18.1958
1995-06-08,18.0835
1995-06-09,17.8588
1995-06-12,17.9150
1995-06-13,18.1396
1995-06-14,18.0273
1995-06-15,17.8027
1995-06-16,17.9711
1995-06-19,18.0273
1995-06-20,18.7012
1995-06-21,18.4766
1995-06-22,18.7574
1995-06-23,18.7012
1995-06-26,18.5327
1995-06-27,18.7012
1995-06-28,19.0382
1995-06-29,19.1505
1995-06-30,19.9929
1995-07-03,19.7121
1995-07-05,19.9367
1995-07-06,20.1614
1995-07-07,20.8353
1995-07-10,20.6107
1995-07-11,20.4422
1995-07-12,20.8915
1995-07-13,20.4983
1995-07-14,20.2175
1995-07-17,20.6107
1995-07-18,20.1052
1995-07-19,19.9929
1995-07-20,20.2175
1995-07-21,20.3860
1995-07-24,20.3860
1995-07-25,20.4983
1995-07-26,20.6668
1995-07-27,20.7230
1995-07-28,20.6668
1995-07-31,21.0038
1995-08-01,20.7791
1995-08-02,20.7791
1995-08-03,20.8353
1995-08-04,20.4422
1995-08-07,20.2737
1995-08-08,20.4983
1995-08-09,20.4422
1995-08-10,20.4422
1995-08-11,19.9929
1995-08-14,20.4983
1995-08-15,20.5545
1995-08-16,20.6107
1995-08-17,20.3860
1995-08-18,20.2175
1995-08-21,20.2175
1995-08-22,19.9929
1995-08-23,19.9367
1995-08-24,20.2175
1995-08-25,19.9929
1995-08-28,19.9367
1995-08-29,19.7121
1995-08-30,19.5998
1995-08-31,19.9367
1995-09-01,20.3860
1995-09-05,20.3299
1995-09-06,20.5545
1995-09-07,20.6107
1995-09-08,20.4983
1995-09-11,20.2737
1995-09-12,20.6107
1995-09-13,20.6668
1995-09-14,20.6107
1995-09-15,20.3299
1995-09-18,20.2737
1995-09-19,20.2175
1995-09-20,20.2737
1995-09-21,20.2175
1995-09-22,20.3299
1995-09-25,20.3299
1995-09-26,19.9929
1995-09-27,19.7683
1995-09-28,19.9367
1995-09-29,19.8244
1995-10-02,19.5998
1995-10-03,19.3751
1995-10-04,19.2067
1995-10-05,19.8244
1995-10-06,20.0491
1995-10-09,19.5998
1995-10-10,20.0491
1995-10-11,20.1614
1995-10-12,19.8806
1995-10-13,19.9929
1995-10-16,19.8806
1995-10-17,19.8244
1995-10-18,19.8806
1995-10-19,19.8806
1995-10-20,19.8244
1995-10-23,19.2628
1995-10-24,19.0382
1995-10-25,19.1505
1995-10-26,18.7574
1995-10-27,19.6559
1995-10-30,19.5436
1995-10-31,19.0943
1995-11-01,18.8135
1995-11-02,19.6559
1995-11-03,19.5998
1995-11-06,19.0943
1995-11-07,19.0382
1995-11-08,19.9929
1995-11-09,19.8806
1995-11-10,20.0491
1995-11-13,20.3860
1995-11-14,20.2175
1995-11-15,20.0491
1995-11-16,20.2737
1995-11-17,20.2737
1995-11-20,20.1614
1995-11-21,19.8806
1995-11-22,20.2175
1995-11-24,20.4983
1995-11-27,20.6668
1995-11-28,21.2846
1995-11-29,21.0599
1995-11-30,21.2846
1995-12-01,21.4531
1995-12-04,21.8462
1995-12-05,22.4078
1995-12-06,21.9585
1995-12-07,21.5092
1995-12-08,21.6777
1995-12-11,22.1831
1995-12-12,21.4531
1995-12-13,22.2393
1995-12-14,21.7339
1995-12-15,21.7900
1995-12-18,21.3969
1995-12-19,21.2846
1995-12-20,21.2846
1995-12-21,21.5654
1995-12-22,21.6777
1995-12-26,21.7900
1995-12-27,21.5654
1995-12-28,21.5092
1995-12-29,21.3407
1996-01-02,22.1270
1996-01-03,22.6886
1996-01-04,22.1831
1996-01-05,21.9023
1996-01-08,22.0708
1996-01-09,22.2393
1996-01-10,21.5092
1996-01-11,21.5654
1996-01-12,22.2955
1996-01-15,22.2955
1996-01-16,21.9585
1996-01-17,21.7339
1996-01-18,21.8462
1996-01-19,21.9023
1996-01-22,21.8462
1996-01-23,21.6215
1996-01-24,21.4531
1996-01-25,21.5092
1996-01-26,22.0147
1996-01-29,22.0147
1996-01-30,22.5201
1996-01-31,22.4078
1996-02-01,22.8571
1996-02-02,22.9132
1996-02-05,23.2502
1996-02-06,23.6995
1996-02-07,24.0364
1996-02-08,24.5419
1996-02-09,24.9911
1996-02-12,24.3172
1996-02-13,24.3734
1996-02-14,24.6542
1996-02-15,24.5980
1996-02-16,24.5980
1996-02-20,24.0364
1996-02-21,24.2049
1996-02-22,24.6542
1996-02-23,24.9911
1996-02-26,25.1596
1996-02-27,25.1596
1996-02-28,24.7665
1996-02-29,24.9911
1996-03-01,25.7212
1996-03-04,26.6198
1996-03-05,26.1705
1996-03-06,26.2266
1996-03-07,25.8335
1996-03-08,24.8227
1996-03-11,25.7212
1996-03-12,25.9458
1996-03-13,25.2719
1996-03-14,25.9458
1996-03-15,25.2719
1996-03-18,25.5527
1996-03-19,25.2158
1996-03-20,25.2719
1996-03-21,25.2158
1996-03-22,25.6650
1996-03-25,25.7212
1996-03-26,25.3281
1996-03-27,25.5527
1996-03-28,25.9458
1996-03-29,26.5636
1996-04-01,26.5074
1996-04-02,26.6198
1996-04-03,26.3390
1996-04-04,26.2828
1996-04-08,25.6650
1996-04-09,25.6089
1996-04-10,25.2719
1996-04-11,25.0473
1996-04-12,25.2719
1996-04-15,25.3281
1996-04-16,25.7212
1996-04-17,25.4966
1996-04-18,25.8897
1996-04-19,25.7212
1996-04-22,25.6650
1996-04-23,26.0020
1996-04-24,25.8897
1996-04-25,26.1705
1996-04-26,26.3951
1996-04-29,26.1143
1996-04-30,26.0582
1996-05-01,26.9567
1996-05-02,26.5074
1996-05-03,26.2828
1996-05-06,26.2828
1996-05-07,25.5527
1996-05-08,25.8335
1996-05-09,25.8335
1996-05-10,25.8897
1996-05-13,26.3951
1996-05-14,26.5636
1996-05-15,26.4513
1996-05-16,26.0582
1996-05-17,26.1705
1996-05-20,26.5074
1996-05-21,26.0020
1996-05-22,26.2828
1996-05-23,26.1705
1996-05-24,25.8897
1996-05-28,25.5527
1996-05-29,24.9350
1996-05-30,24.9911
1996-05-31,24.5980
1996-06-03,24.7103
1996-06-04,24.7103
1996-06-05,24.9350
1996-06-06,25.0473
1996-06-07,25.2158
1996-06-10,24.9350
1996-06-11,24.8227
1996-06-12,25.3843
1996-06-13,25.5527
1996-06-14,25.4966
1996-06-17,25.2719
1996-06-18,25.1035
1996-06-19,25.4404
1996-06-20,25.5527
1996-06-21,25.6089
1996-06-24,25.7212
1996-06-25,25.7212
1996-06-26,25.7774
1996-06-27,25.4404
1996-06-28,25.6650
1996-07-01,25.9458
1996-07-02,26.2828
1996-07-03,26.4513
1996-07-05,26.0582
1996-07-08,25.8335
1996-07-09,25.9458
1996-07-10,25.4966
1996-07-11,25.1035
1996-07-12,24.7665
1996-07-15,24.4857
1996-07-16,24.7103
1996-07-17,24.5419
1996-07-18,24.8227
1996-07-19,24.8788
1996-07-22,25.1035
1996-07-23,25.9458
1996-07-24,26.0582
1996-07-25,26.0020
1996-07-26,26.2828
1996-07-29,26.0020
1996-07-30,26.2266
1996-07-31,26.3951
1996-08-01,26.9006
1996-08-02,28.0799
1996-08-05,27.7991
1996-08-06,27.5745
1996-08-07,28.1922
1996-08-08,28.1361
1996-08-09,27.9676
1996-08-12,27.9676
1996-08-13,28.0799
1996-08-14,27.9676
1996-08-15,28.0238
1996-08-16,28.1922
1996-08-19,28.3607
1996-08-20,28.6977
1996-08-21,28.5854
1996-08-22,28.7538
1996-08-23,28.6977
1996-08-26,28.6415
1996-08-27,28.6415
1996-08-28,28.5854
1996-08-29,28.1361
1996-08-30,27.7430
1996-09-03,27.7991
1996-09-04,27.9114
1996-09-05,27.6868
1996-09-06,28.0799
1996-09-09,28.5854
1996-09-10,28.6415
1996-09-11,28.6977
1996-09-12,28.8100
1996-09-13,28.7538
1996-09-16,28.6415
1996-09-17,28.3607
1996-09-18,28.0799
1996-09-19,27.6868
1996-09-20,28.1922
1996-09-23,28.7538
1996-09-24,28.3607
1996-09-25,28.3046
1996-09-26,28.9785
1996-09-27,29.0346
1996-09-30,29.5962
1996-10-01,29.5962
1996-10-02,29.4278
1996-10-03,29.9332
1996-10-04,30.0455
1996-10-07,29.5962
1996-10-08,29.2031
1996-10-09,29.0346
1996-10-10,29.0908
1996-10-11,29.2031
1996-10-14,29.0346
1996-10-15,28.9223
1996-10-16,29.0908
1996-10-17,29.0346
1996-10-18,28.9785
1996-10-21,29.0346
1996-10-22,29.0908
1996-10-23,28.8100
1996-10-24,28.5854
1996-10-25,28.5292
1996-10-28,28.1361
1996-10-29,28.3046
1996-10-30,29.3154
1996-10-31,29.4278
1996-11-01,30.1578
1996-11-04,30.1578
1996-11-05,30.8318
1996-11-06,31.5057
1996-11-07,31.9550
1996-11-08,31.5057
1996-11-11,31.8988
1996-11-12,31.8988
1996-11-13,31.8426
1996-11-14,32.4604
1996-11-15,32.4042
1996-11-18,31.8988
1996-11-19,32.6289
1996-11-20,32.7412
1996-11-21,32.6850
1996-11-22,32.9097
1996-11-25,33.0781
1996-11-26,32.9658
1996-11-27,32.5165
1996-11-29,32.9097
1996-12-02,32.1796
1996-12-03,31.1126
1996-12-04,31.2810
1996-12-05,31.4495
1996-12-06,31.0002
1996-12-09,31.3934
1996-12-10,31.1687
1996-12-11,30.8318
1996-12-12,30.4386
1996-12-13,30.2140
1996-12-16,30.1017
1996-12-17,30.7194
1996-12-18,30.6633
1996-12-19,30.4948
1996-12-20,30.2702
1996-12-23,30.3263
1996-12-24,30.6633
1996-12-26,31.0564
1996-12-27,31.3372
1996-12-30,31.2249
1996-12-31,30.1017
1997-01-02,30.2140
1997-01-03,31.0002
1997-01-06,30.8318
1997-01-07,30.8879
1997-01-08,30.7194
1997-01-09,30.6071
1997-01-10,31.6742
1997-01-13,31.5057
1997-01-14,31.3934
1997-01-15,31.2249
1997-01-16,31.6180
1997-01-17,32.2358
1997-01-20,32.5165
1997-01-21,32.2919
1997-01-22,32.1796
1997-01-23,31.7865
1997-01-24,31.2249
1997-01-27,31.2249
1997-01-28,30.8879
1997-01-29,31.2810
1997-01-30,31.7303
1997-01-31,31.6180
1997-02-03,31.8988
1997-02-04,31.9550
1997-02-05,31.4495
1997-02-06,31.8988
1997-02-07,32.1234
1997-02-10,31.8988
1997-02-11,31.9550
1997-02-12,32.6289
1997-02-13,32.5165
1997-02-14,33.0781
1997-02-18,33.2466
1997-02-19,33.3028
1997-02-20,32.9097
1997-02-21,32.8535
1997-02-24,33.2466
1997-02-25,32.5727
1997-02-26,32.5727
1997-02-27,32.3481
1997-02-28,32.4604
1997-03-03,32.2919
1997-03-04,31.6180
1997-03-05,32.5165
1997-03-06,32.5165
1997-03-07,32.5165
1997-03-10,33.0220
1997-03-11,33.3028
1997-03-12,33.4713
1997-03-13,32.5727
1997-03-14,32.8535
1997-03-17,33.0781
1997-03-18,32.8535
1997-03-19,32.7412
1997-03-20,32.6289
1997-03-21,32.9658
1997-03-24,33.5836
1997-03-25,33.9205
1997-03-26,33.9205
1997-03-27,32.6289
1997-03-31,32.0111
1997-04-01,31.7865
1997-04-02,31.6742
1997-04-03,31.4495
1997-04-04,31.8988
1997-04-07,32.2358
1997-04-08,31.8426
1997-04-09,31.6180
1997-04-10,31.3372
1997-04-11,30.7756
1997-04-14,30.6633
1997-04-15,30.8879
1997-04-16,31.9550
1997-04-17,31.5618
1997-04-18,31.8426
1997-04-21,31.3934
1997-04-22,33.0781
1997-04-23,33.1343
1997-04-24,31.3934
1997-04-25,32.0111
1997-04-28,31.8426
1997-04-29,32.1234
1997-04-30,32.4604
1997-05-01,32.7973
1997-05-02,33.2466
1997-05-05,33.9205
1997-05-06,33.8082
1997-05-07,33.3028
1997-05-08,33.4151
1997-05-09,33.1343
1997-05-12,33.4151
1997-05-13,33.7521
1997-05-14,34.2013
1997-05-15,34.4821
1997-05-16,34.2575
1997-05-19,33.8644
1997-05-20,33.8082
1997-05-21,34.1452
1997-05-22,33.6959
1997-05-23,34.4260
1997-05-27,34.1452
1997-05-28,34.4821
1997-05-29,34.5945
1997-05-30,34.4821
1997-06-02,34.0890
1997-06-03,34.2013
1997-06-04,34.0890
1997-06-05,34.2575
1997-06-06,35.2684
1997-06-09,35.0999
1997-06-10,35.6053
1997-06-11,36.0546
1997-06-12,36.8409
1997-06-13,36.5601
1997-06-16,36.9532
1997-06-17,36.8409
1997-06-18,37.2901
1997-06-19,36.7847
1997-06-20,37.6271
1997-06-23,36.8409
1997-06-24,37.7394
1997-06-25,37.5709
1997-06-26,37.0655
1997-06-27,37.7394
1997-06-30,37.7394
1997-07-01,37.8237
1997-07-02,38.7784
1997-07-03,39.4242
1997-07-07,38.6380
1997-07-08,39.2557
1997-07-09,38.1325
1997-07-10,38.3853
1997-07-11,39.0592
1997-07-14,39.0030
1997-07-15,39.6769
1997-07-16,40.4351
1997-07-17,39.8735
1997-07-18,39.8735
1997-07-21,40.8282
1997-07-22,40.9686
1997-07-23,41.4460
1997-07-24,41.7829
1997-07-25,42.0918
1997-07-28,41.9795
1997-07-29,42.0076
1997-07-30,42.0356
1997-07-31,41.4460
1997-08-01,41.3056
1997-08-04,41.5021
1997-08-05,41.2213
1997-08-06,41.6425
1997-08-07,41.6425
1997-08-08,40.4351
1997-08-11,40.9967
1997-08-12,40.3789
1997-08-13,39.6208
1997-08-14,39.5646
1997-08-15,38.6941
1997-08-18,38.2168
1997-08-19,38.6661
1997-08-20,39.1434
1997-08-21,38.4414
1997-08-22,38.7503
1997-08-25,38.3291
1997-08-26,38.0202
1997-08-27,37.7675
1997-08-28,37.5709
1997-08-29,37.0936
1997-09-02,38.6380
1997-09-03,39.3119
1997-09-04,39.5927
1997-09-05,38.8626
1997-09-08,38.8907
1997-09-09,39.2838
1997-09-10,38.2168
1997-09-11,37.8517
1997-09-12,38.4133
1997-09-15,38.4695
1997-09-16,39.1434
1997-09-17,39.5927
1997-09-18,39.5927
1997-09-19,38.3572
1997-09-22,39.3119
1997-09-23,39.3680
1997-09-24,38.4133
1997-09-25,37.2340
1997-09-26,37.2901
1997-09-29,37.9079
1997-09-30,38.1887
1997-10-01,38.5818
1997-10-02,37.6833
1997-10-03,37.8517
1997-10-06,37.8517
1997-10-07,37.6271
1997-10-08,37.6271
1997-10-09,37.5148
1997-10-10,37.0655
1997-10-13,37.0093
1997-10-14,37.7394
1997-10-15,37.3463
1997-10-16,38.0202
1997-10-17,37.0655
1997-10-20,37.9641
1997-10-21,39.0873
1997-10-22,36.1669
1997-10-23,35.3807
1997-10-24,34.5945
1997-10-27,30.2140
1997-10-28,33.2466
1997-10-29,32.7973
1997-10-30,32.0673
1997-10-31,32.3481
1997-11-03,32.4042
1997-11-04,33.0781
1997-11-05,32.9097
1997-11-06,33.3028
1997-11-07,32.0111
1997-11-10,32.1234
1997-11-11,32.2919
1997-11-12,31.3372
1997-11-13,31.5618
1997-11-14,32.3481
1997-11-17,32.1234
1997-11-18,32.4042
1997-11-19,33.5836
1997-11-20,34.0329
1997-11-21,33.9205
1997-11-24,32.9658
1997-11-25,32.9097
1997-11-26,33.4713
1997-11-28,33.3589
1997-12-01,35.0437
1997-12-02,35.0437
1997-12-03,34.7629
1997-12-04,34.7629
1997-12-05,35.5492
1997-12-08,34.8191
1997-12-09,34.7629
1997-12-10,33.8082
1997-12-11,32.5727
1997-12-12,32.8535
1997-12-15,32.3481
1997-12-16,33.1905
1997-12-17,32.9658
1997-12-18,32.6289
1997-12-19,31.7865
1997-12-22,32.1234
1997-12-23,31.8988
1997-12-24,32.1234
1997-12-26,32.1796
1997-12-29,34.3698
1997-12-30,34.6506
1997-12-31,34.8753
1998-01-02,35.4930
1998-01-05,35.0437
1998-01-06,35.2122
1998-01-07,35.0437
1998-01-08,34.5945
1998-01-09,33.4151
1998-01-12,32.5727
1998-01-13,33.0220
1998-01-14,34.0329
1998-01-15,32.9097
1998-01-16,32.6289
1998-01-20,32.0673
1998-01-21,32.6289
1998-01-22,33.0781
1998-01-23,32.7973
1998-01-26,33.3589
1998-01-27,33.0781
1998-01-28,35.3245
1998-01-29,35.5492
1998-01-30,34.9876
1998-02-02,36.3916
1998-02-03,36.4477
1998-02-04,36.7285
1998-02-05,36.8409
1998-02-06,37.0655
1998-02-09,37.0093
1998-02-10,38.5257
1998-02-11,37.9079
1998-02-12,37.7394
1998-02-13,38.1325
1998-02-17,37.8517
1998-02-18,38.0764
1998-02-19,37.9079
1998-02-20,37.8517
1998-02-23,37.7956
1998-02-24,37.2340
1998-02-25,37.8517
1998-02-26,38.4695
1998-02-27,38.2449
1998-03-02,38.0764
1998-03-03,38.0764
1998-03-04,37.9079
1998-03-05,37.2901
1998-03-06,37.4586
1998-03-09,37.8517
1998-03-10,37.9079
1998-03-11,37.8517
1998-03-12,37.4025
1998-03-13,36.5039
1998-03-16,36.8970
1998-03-17,37.4025
1998-03-18,37.7956
1998-03-19,37.9641
1998-03-20,38.0764
1998-03-23,37.9641
1998-03-24,38.5257
1998-03-25,38.4695
1998-03-26,37.9079
1998-03-27,37.8517
1998-03-30,37.2901
1998-03-31,37.7394
1998-04-01,38.1325
1998-04-02,39.7050
1998-04-03,40.2104
1998-04-06,40.7720
1998-04-07,41.2213
1998-04-08,40.8282
1998-04-09,40.7159
1998-04-13,41.2213
1998-04-14,42.3445
1998-04-15,41.7829
1998-04-16,41.3898
1998-04-17,41.7268
1998-04-20,41.0528
1998-04-21,42.1760
1998-04-22,41.3336
1998-04-23,40.8282
1998-04-24,39.7612
1998-04-27,38.8065
1998-04-28,38.4133
1998-04-29,38.9749
1998-04-30,39.3680
1998-05-01,39.5927
1998-05-04,40.0981
1998-05-05,39.7612
1998-05-06,39.6488
1998-05-07,39.6488
1998-05-08,39.4804
1998-05-11,39.1996
1998-05-12,39.5927
1998-05-13,39.9296
1998-05-14,39.2557
1998-05-15,38.7503
1998-05-18,38.3010
1998-05-19,38.5818
1998-05-20,39.6488
1998-05-21,39.2557
1998-05-22,38.3572
1998-05-26,37.5148
1998-05-27,36.1669
1998-05-28,36.9532
1998-05-29,38.4133
1998-06-01,39.2557
1998-06-02,39.1996
1998-06-03,38.3010
1998-06-04,37.9079
1998-06-05,39.1434
1998-06-08,39.0873
1998-06-09,38.9749
1998-06-10,38.6380
1998-06-11,37.7394
1998-06-12,37.9079
1998-06-15,36.8970
1998-06-16,36.3916
1998-06-17,37.4025
1998-06-18,38.2449
1998-06-19,37.9641
1998-06-22,37.8517
1998-06-23,38.4133
1998-06-24,39.1434
1998-06-25,39.0873
1998-06-26,39.4242
1998-06-29,39.1434
1998-06-30,39.8735
1998-07-01,39.3119
1998-07-02,39.8173
1998-07-06,39.8735
1998-07-07,40.2104
1998-07-08,40.3789
1998-07-09,39.8173
1998-07-10,39.4242
1998-07-13,38.7503
1998-07-14,39.5365
1998-07-15,40.7720
1998-07-16,40.8844
1998-07-17,41.1090
1998-07-20,41.2213
1998-07-21,41.2775
1998-07-22,41.8952
1998-07-23,40.9405
1998-07-24,40.3789
1998-07-27,40.9967
1998-07-28,40.7159
1998-07-29,40.7159
1998-07-30,40.8282
1998-07-31,39.0873
1998-08-03,39.1434
1998-08-04,35.9423
1998-08-05,33.2466
1998-08-06,33.1343
1998-08-07,33.3589
1998-08-10,32.5727
1998-08-11,31.8426
1998-08-12,32.4604
1998-08-13,33.1343
1998-08-14,33.3028
1998-08-17,34.4821
1998-08-18,34.5945
1998-08-19,34.8191
1998-08-20,35.1561
1998-08-21,33.6397
1998-08-24,31.4495
1998-08-25,32.4042
1998-08-26,32.6850
1998-08-27,32.3481
1998-08-28,32.3481
1998-08-31,30.8318
1998-09-01,31.6180
1998-09-02,30.8318
1998-09-03,29.6524
1998-09-04,30.5510
1998-09-08,31.8426
1998-09-09,31.8988
1998-09-10,30.0455
1998-09-11,30.1578
1998-09-14,32.3481
1998-09-15,32.7973
1998-09-16,32.9658
1998-09-17,32.4042
1998-09-18,32.1234
1998-09-21,32.1234
1998-09-22,31.7303
1998-09-23,32.7973
1998-09-24,31.9550
1998-09-25,31.8988
1998-09-28,31.6742
1998-09-29,32.4042
1998-09-30,31.7865
1998-10-01,30.4948
1998-10-02,30.7756
1998-10-05,31.5618
1998-10-06,31.6742
1998-10-07,31.1687
1998-10-08,31.0002
1998-10-09,32.3481
1998-10-12,32.7973
1998-10-13,33.5274
1998-10-14,32.7412
1998-10-15,33.3589
1998-10-16,34.1452
1998-10-19,35.0999
1998-10-20,35.0999
1998-10-21,34.5383
1998-10-22,34.6506
1998-10-23,33.7521
1998-10-26,33.6959
1998-10-27,33.1905
1998-10-28,33.3589
1998-10-29,32.8535
1998-10-30,34.9876
1998-11-02,35.8861
1998-11-03,36.9532
1998-11-04,36.9532
1998-11-05,37.2901
1998-11-06,38.1887
1998-11-09,37.2340
1998-11-10,36.8970
1998-11-11,37.4025
1998-11-12,36.8409
1998-11-13,36.8409
1998-11-16,38.0202
1998-11-17,38.1887
1998-11-18,38.1325
1998-11-19,37.0093
1998-11-20,37.5709
1998-11-23,38.4695
1998-11-24,40.1543
1998-11-25,40.0981
1998-11-27,40.2666
1998-11-30,39.5365
1998-12-01,39.5365
1998-12-02,37.9641
1998-12-03,38.4695
1998-12-04,39.3680
1998-12-07,40.0981
1998-12-08,39.4242
1998-12-09,39.4242
1998-12-10,38.2449
1998-12-11,37.0093
1998-12-14,36.3354
1998-12-15,37.7394
1998-12-16,37.5709
1998-12-17,38.9188
1998-12-18,38.7503
1998-12-21,38.1887
1998-12-22,38.2449
1998-12-23,39.1996
1998-12-24,38.9188
1998-12-28,39.7050
1998-12-29,40.1543
1998-12-30,40.0420
1998-12-31,39.8173
1999-01-04,39.1434
1999-01-05,39.3680
1999-01-06,40.1543
1999-01-07,39.7612
1999-01-08,39.7050
1999-01-11,39.0873
1999-01-12,38.4695
1999-01-13,37.5148
1999-01-14,36.8409
1999-01-15,38.2449
1999-01-19,37.3463
1999-01-20,36.7847
1999-01-21,35.7177
1999-01-22,35.6053
1999-01-25,35.5492
1999-01-26,35.9985
1999-01-27,35.4930
1999-01-28,35.2122
1999-01-29,35.0437
1999-02-01,35.1561
1999-02-02,35.4930
1999-02-03,35.2684
1999-02-04,35.6053
1999-02-05,38.6941
1999-02-08,38.4695
1999-02-09,38.3010
1999-02-10,38.4133
1999-02-11,39.3119
1999-02-12,38.6380
1999-02-16,38.8626
1999-02-17,37.5148
1999-02-18,38.1887
1999-02-19,38.0764
1999-02-22,38.7503
1999-02-23,37.8517
1999-02-24,38.0202
1999-02-25,38.1887
1999-02-26,37.1778
1999-03-01,37.6833
1999-03-02,37.4025
1999-03-03,37.8517
1999-03-04,39.2557
1999-03-05,40.1543
1999-03-08,40.9405
1999-03-09,40.8844
1999-03-10,40.4912
1999-03-11,40.8844
1999-03-12,40.8844
1999-03-15,41.7829
1999-03-16,41.3336
1999-03-17,39.9296
1999-03-18,40.3228
1999-03-19,41.2775
1999-03-22,41.1090
1999-03-23,40.4351
1999-03-24,41.9514
1999-03-25,43.1308
1999-03-26,45.2648
1999-03-29,45.6018
1999-03-30,45.0964
1999-03-31,44.1978
1999-04-01,45.1525
1999-04-05,46.8935
1999-04-06,46.2196
1999-04-07,47.5674
1999-04-08,47.2866
1999-04-09,46.7812
1999-04-12,47.7359
1999-04-13,47.6797
1999-04-14,47.9043
1999-04-15,50.4315
1999-04-16,50.7685
1999-04-19,51.1616
1999-04-20,49.5330
1999-04-21,49.6453
1999-04-22,50.7685
1999-04-23,50.1507
1999-04-26,50.3192
1999-04-27,50.3192
1999-04-28,53.0711
1999-04-29,54.1381
1999-04-30,52.7903
1999-05-03,54.8120
1999-05-04,55.0928
1999-05-05,54.8120
1999-05-06,55.3174
1999-05-07,58.0693
1999-05-10,58.3501
1999-05-11,57.1146
1999-05-12,55.9352
1999-05-13,55.6544
1999-05-14,54.3066
1999-05-17,54.3066
1999-05-18,54.8682
1999-05-19,55.3174
1999-05-20,54.6435
1999-05-21,54.8120
1999-05-24,55.2051
1999-05-25,53.8011
1999-05-26,53.2957
1999-05-27,50.9931
1999-05-28,52.1725
1999-06-01,52.8464
1999-06-02,54.0258
1999-06-03,54.2504
1999-06-04,52.4533
1999-06-07,56.4406
1999-06-08,56.6091
1999-06-09,55.9352
1999-06-10,55.4859
1999-06-11,55.7667
1999-06-14,55.8229
1999-06-15,56.0475
1999-06-16,58.3501
1999-06-17,59.5856
1999-06-18,60.6526
1999-06-21,61.1581
1999-06-22,59.7541
1999-06-23,60.0349
1999-06-24,58.5186
1999-06-25,59.1925
1999-06-28,57.5077
1999-06-29,57.0584
1999-06-30,56.6091
1999-07-01,57.5077
1999-07-02,56.8338
1999-07-06,55.4859
1999-07-07,57.3954
1999-07-08,58.5186
1999-07-09,59.1363
1999-07-12,58.7994
1999-07-13,58.4062
1999-07-14,59.5294
1999-07-15,59.8664
1999-07-16,60.8211
1999-07-19,59.6418
1999-07-20,57.8446
1999-07-21,58.4062
1999-07-22,58.2939
1999-07-23,57.7885
1999-07-26,57.2830
1999-07-27,58.3501
1999-07-28,58.4062
1999-07-29,58.1254
1999-07-30,58.1254
1999-08-02,57.8446
1999-08-03,57.1146
1999-08-04,57.5638
1999-08-05,57.5638
1999-08-06,58.1254
1999-08-09,57.2830
1999-08-10,56.1598
1999-08-11,56.3283
1999-08-12,55.8229
1999-08-13,56.8899
1999-08-16,56.6091
1999-08-17,57.3392
1999-08-18,56.3283
1999-08-19,55.7667
1999-08-20,56.5530
1999-08-23,59.1925
1999-08-24,59.0802
1999-08-25,60.1472
1999-08-26,58.9117
1999-08-27,57.7323
1999-08-30,55.5421
1999-08-31,55.2051
1999-09-01,56.6091
1999-09-02,56.0475
1999-09-03,57.3392
1999-09-07,58.1254
1999-09-08,58.8555
1999-09-09,58.5186
1999-09-10,58.0693
1999-09-13,57.9008
1999-09-14,57.1146
1999-09-15,56.9461
1999-09-16,55.8790
1999-09-17,55.7106
1999-09-20,57.6762
1999-09-21,57.2830
1999-09-22,57.1707
1999-09-23,53.6888
1999-09-24,51.7794
1999-09-27,53.2395
1999-09-28,51.6671
1999-09-29,53.2395
1999-09-30,53.8573
1999-10-01,53.8573
1999-10-04,54.5312
1999-10-05,54.5312
1999-10-06,54.0819
1999-10-07,54.9805
1999-10-08,55.0928
1999-10-11,56.7214
1999-10-12,54.2504
1999-10-13,52.3971
1999-10-14,53.3519
1999-10-15,52.8464
1999-10-18,51.2178
1999-10-19,50.0384
1999-10-20,49.8699
1999-10-21,48.6344
1999-10-22,49.9823
1999-10-25,48.9152
1999-10-26,47.0620
1999-10-27,48.9714
1999-10-28,50.4877
1999-10-29,51.1616
1999-11-01,51.8917
1999-11-02,50.3754
1999-11-03,50.3754
1999-11-04,49.4207
1999-11-05,49.9823
1999-11-08,50.3754
1999-11-09,50.4315
1999-11-10,52.6218
1999-11-11,51.9479
1999-11-12,54.3627
1999-11-15,54.7558
1999-11-16,55.5421
1999-11-17,54.6435
1999-11-18,55.5982
1999-11-19,54.5312
1999-11-22,54.9243
1999-11-23,53.5203
1999-11-24,52.7903
1999-11-26,52.5095
1999-11-29,52.7341
1999-11-30,53.9135
1999-12-01,54.5874
1999-12-02,54.5874
1999-12-03,56.3845
1999-12-06,55.4298
1999-12-07,55.4298
1999-12-08,53.9696
1999-12-09,52.6779
1999-12-10,52.2287
1999-12-13,53.1834
1999-12-14,53.8011
1999-12-15,54.6295
1999-12-16,55.4859
1999-12-17,57.2830
1999-12-20,50.8808
1999-12-21,50.9370
1999-12-22,48.5783
1999-12-23,49.4768
1999-12-27,48.8591
1999-12-28,50.1507
1999-12-29,50.9931
1999-12-30,50.9931
1999-12-31,51.8355
2000-01-03,50.9370
2000-01-04,50.0384
2000-01-05,49.3645
2000-01-06,50.3192
2000-01-07,53.0149
2000-01-10,53.2957
2000-01-11,52.9026
2000-01-12,53.4080
2000-01-13,53.8011
2000-01-14,53.8011
2000-01-18,53.0149
2000-01-19,48.7467
2000-01-20,47.5112
2000-01-21,46.1072
2000-01-24,42.9061
2000-01-25,42.7376
2000-01-26,42.7938
2000-01-27,41.5583
2000-01-28,40.6036
2000-01-31,43.1308
2000-02-01,42.6815
2000-02-02,43.3554
2000-02-03,42.6815
2000-02-04,42.5692
2000-02-07,40.4351
2000-02-08,40.6597
2000-02-09,39.3119
2000-02-10,38.8626
2000-02-11,37.9641
2000-02-14,38.3010
2000-02-15,41.6144
2000-02-16,40.3228
2000-02-17,41.7268
2000-02-18,39.8173
2000-02-22,42.4568
2000-02-23,40.6036
2000-02-24,41.1090
2000-02-25,41.8391
2000-02-28,43.1308
2000-02-29,43.2431
2000-03-01,43.2431
2000-03-02,41.2213
2000-03-03,40.8844
2000-03-06,39.8173
2000-03-07,37.5709
2000-03-08,38.3572
2000-03-09,39.5365
2000-03-10,40.7720
2000-03-13,40.0981
2000-03-14,40.4351
2000-03-15,41.2775
2000-03-16,44.7032
2000-03-17,42.1199
2000-03-20,42.6815
2000-03-21,44.9279
2000-03-22,41.5583
2000-03-23,41.5583
2000-03-24,44.5909
2000-03-27,43.1308
2000-03-28,42.0637
2000-03-29,44.0293
2000-03-30,46.2757
2000-03-31,47.3428
2000-04-03,48.8591
2000-04-04,48.2975
2000-04-05,47.3989
2000-04-06,46.8373
2000-04-07,46.3880
2000-04-10,48.0728
2000-04-11,50.3754
2000-04-12,47.5112
2000-04-13,49.8138
2000-04-14,48.6344
2000-04-17,49.4207
2000-04-18,48.2975
2000-04-19,48.8029
2000-04-20,51.2178
2000-04-24,50.5439
2000-04-25,51.9479
2000-04-26,50.0384
2000-04-27,49.7015
2000-04-28,50.3192
2000-05-01,49.8699
2000-05-02,48.5221
2000-05-03,48.6906
2000-05-04,47.8482
2000-05-05,48.8029
2000-05-08,48.8029
2000-05-09,48.5221
2000-05-10,48.3536
2000-05-11,48.1851
2000-05-12,47.8201
2000-05-15,49.9261
2000-05-16,50.4315
2000-05-17,48.6344
2000-05-18,49.4066
2000-05-19,48.7467
2000-05-22,47.8482
2000-05-23,47.9605
2000-05-24,48.5221
2000-05-25,48.0167
2000-05-26,48.1290
2000-05-30,49.5891
2000-05-31,49.1399
2000-06-01,50.8247
2000-06-02,50.8808
2000-06-05,50.9931
2000-06-06,50.7685
2000-06-07,48.3536
2000-06-08,46.2757
2000-06-09,46.7812
2000-06-12,46.0511
2000-06-13,45.0964
2000-06-14,46.1072
2000-06-15,45.7141
2000-06-16,43.5800
2000-06-19,36.1669
2000-06-20,32.9097
2000-06-21,33.2466
2000-06-22,31.4495
2000-06-23,31.1687
2000-06-26,30.7756
2000-06-27,29.8770
2000-06-28,30.6352
2000-06-29,30.3263
2000-06-30,30.2702
2000-07-03,30.8879
2000-07-05,30.5510
2000-07-06,31.4495
2000-07-07,31.1126
2000-07-10,31.4495
2000-07-11,32.3481
2000-07-12,32.2919
2000-07-13,32.1796
2000-07-14,32.4604
2000-07-17,33.9205
2000-07-18,33.1343
2000-07-19,33.4151
2000-07-20,32.5727
2000-07-21,31.2249
2000-07-24,31.7865
2000-07-25,33.1905
2000-07-26,31.5618
2000-07-27,31.3934
2000-07-28,29.6524
2000-07-31,30.5510
2000-08-01,30.6633
2000-08-02,30.3263
2000-08-03,29.7647
2000-08-04,30.1578
2000-08-07,32.0111
2000-08-08,32.5727
2000-08-09,32.1796
2000-08-10,31.8988
2000-08-11,31.5618
2000-08-14,31.6180
2000-08-15,31.7865
2000-08-16,30.5510
2000-08-17,30.8318
2000-08-18,31.8426
2000-08-21,33.2466
2000-08-22,34.7068
2000-08-23,34.2575
2000-08-24,35.9423
2000-08-25,35.8300
2000-08-28,35.0437
2000-08-29,34.4821
2000-08-30,35.4930
2000-08-31,34.9314
2000-09-01,35.4369
2000-09-05,35.7177
2000-09-06,36.7285
2000-09-07,34.3698
2000-09-08,31.4495
2000-09-11,32.8535
2000-09-12,33.2466
2000-09-13,33.6959
2000-09-14,33.7521
2000-09-15,32.7973
2000-09-18,32.1234
2000-09-19,32.3481
2000-09-20,31.4495
2000-09-21,31.8988
2000-09-22,32.6289
2000-09-25,31.9550
2000-09-26,32.2919
2000-09-27,31.3372
2000-09-28,32.7412
2000-09-29,32.0111
2000-10-02,32.3481
2000-10-03,33.4151
2000-10-04,34.0329
2000-10-05,32.9097
2000-10-06,32.7973
2000-10-09,33.1905
2000-10-10,32.7412
2000-10-11,32.4042
2000-10-12,31.4495
2000-10-13,31.1126
2000-10-16,32.1796
2000-10-17,31.6742
2000-10-18,30.2702
2000-10-19,32.2358
2000-10-20,41.3336
2000-10-23,44.8717
2000-10-24,47.9043
2000-10-25,46.9496
2000-10-26,46.8935
2000-10-27,46.2757
2000-10-30,48.2975
2000-10-31,48.3536
2000-11-01,48.0728
2000-11-02,46.8373
2000-11-03,46.3880
2000-11-06,47.5112
2000-11-07,48.7467
2000-11-08,48.0728
2000-11-09,48.2413
2000-11-10,47.9605
2000-11-13,45.4895
2000-11-14,46.6127
2000-11-15,46.3880
2000-11-16,46.2757
2000-11-17,45.8264
2000-11-20,44.2540
2000-11-21,44.8156
2000-11-22,43.3554
2000-11-24,43.6924
2000-11-27,43.6924
2000-11-28,44.1416
2000-11-29,43.4116
2000-11-30,43.8047
2000-12-01,44.8717
2000-12-04,45.4895
2000-12-05,47.5674
2000-12-06,47.5674
2000-12-07,47.2866
2000-12-08,48.9714
2000-12-11,49.5891
2000-12-12,46.8373
2000-12-13,46.8373
2000-12-14,45.4333
2000-12-15,43.0184
2000-12-18,44.7032
2000-12-19,43.9170
2000-12-20,41.3336
2000-12-21,41.6144
2000-12-22,42.9061
2000-12-26,43.1308
2000-12-27,42.7376
2000-12-28,43.0746
2000-12-29,42.5130
2001-01-02,39.7612
2001-01-03,43.2431
2001-01-04,43.1869
2001-01-05,42.1760
2001-01-08,41.0528
2001-01-09,40.1543
2001-01-10,40.6036
2001-01-11,42.5692
2001-01-12,41.7829
2001-01-16,43.0184
2001-01-17,43.1308
2001-01-18,43.9170
2001-01-19,43.4677
2001-01-22,42.2884
2001-01-23,43.0184
2001-01-24,42.5692
2001-01-25,42.5130
2001-01-26,41.7268
2001-01-29,41.1539
2001-01-30,42.5647
2001-01-31,42.4568
2001-02-01,42.8971
2001-02-02,42.8612
2001-02-05,44.4067
2001-02-06,44.2540
2001-02-07,43.6250
2001-02-08,43.8316
2001-02-09,42.4119
2001-02-12,44.0832
2001-02-13,43.7598
2001-02-14,42.8342
2001-02-15,43.5800
2001-02-16,43.3195
2001-02-20,44.2090
2001-02-21,43.7328
2001-02-22,43.3105
2001-02-23,42.2322
2001-02-26,43.7418
2001-02-27,43.2655
2001-02-28,41.9896
2001-03-01,41.3786
2001-03-02,40.2464
2001-03-05,41.0191
2001-03-06,41.5583
2001-03-07,41.7650
2001-03-08,41.6302
2001-03-09,39.5186
2001-03-12,36.3017
2001-03-13,37.9461
2001-03-14,36.5264
2001-03-15,36.4006
2001-03-16,35.4930
2001-03-19,36.4365
2001-03-20,35.4481
2001-03-21,33.9385
2001-03-22,32.2852
2001-03-23,34.1003
2001-03-26,35.3133
2001-03-27,37.1913
2001-03-28,36.4814
2001-03-29,36.3467
2001-03-30,36.6611
2001-04-02,36.3736
2001-04-03,34.3698
2001-04-04,34.3159
2001-04-05,36.5264
2001-04-06,35.4930
2001-04-09,35.5829
2001-04-10,38.0449
2001-04-11,37.3800
2001-04-12,39.0423
2001-04-16,38.8626
2001-04-17,39.8510
2001-04-18,42.2322
2001-04-19,42.7713
2001-04-20,42.4299
2001-04-23,41.7200
2001-04-24,40.7855
2001-04-25,42.6905
2001-04-26,44.2000
2001-04-27,44.8829
2001-04-30,43.9215
2001-05-01,43.9844
2001-05-02,44.0742
2001-05-03,43.4902
2001-05-04,44.7571
2001-05-07,44.8380
2001-05-08,44.2629
2001-05-09,44.4786
2001-05-10,44.6943
2001-05-11,44.4786
2001-05-14,44.8380
2001-05-15,45.2064
2001-05-16,46.8148
2001-05-17,47.1743
2001-05-18,47.8482
2001-05-21,48.0728
2001-05-22,47.5696
2001-05-23,46.3746
2001-05-24,46.2757
2001-05-25,45.1076
2001-05-29,44.5145
2001-05-30,43.6969
2001-05-31,43.4902
2001-06-01,43.4632
2001-06-04,43.7957
2001-06-05,43.8855
2001-06-06,43.8855
2001-06-07,43.8047
2001-06-08,41.7919
2001-06-11,40.6597
2001-06-12,39.0603
2001-06-13,37.9730
2001-06-14,33.3365
2001-06-15,34.7742
2001-06-18,35.9423
2001-06-19,34.5945
2001-06-20,33.2826
2001-06-21,33.0220
2001-06-22,32.8872
2001-06-25,31.9886
2001-06-26,32.5278
2001-06-27,33.2466
2001-06-28,34.3249
2001-06-29,31.3597
2001-07-02,30.6498
2001-07-03,31.5394
2001-07-05,32.7973
2001-07-06,31.6202
2001-07-09,31.1620
2001-07-10,30.9104
2001-07-11,31.8988
2001-07-12,32.4469
2001-07-13,32.7973
2001-07-16,32.4289
2001-07-17,32.2582
2001-07-18,32.7973
2001-07-19,32.8513
2001-07-20,33.1568
2001-07-23,32.5008
2001-07-24,32.5368
2001-07-25,33.0669
2001-07-26,33.2466
2001-07-27,33.5791
2001-07-30,33.4174
2001-07-31,33.1298
2001-08-01,32.9950
2001-08-02,33.1118
2001-08-03,33.0669
2001-08-06,32.8153
2001-08-07,32.8333
2001-08-08,32.6176
2001-08-09,32.4200
2001-08-10,32.7973
2001-08-13,32.5188
2001-08-14,32.9591
2001-08-15,33.5342
2001-08-16,33.6959
2001-08-17,33.2017
2001-08-20,34.2350
2001-08-21,33.4713
2001-08-22,33.6959
2001-08-23,34.0733
2001-08-24,34.9988
2001-08-27,34.9988
2001-08-28,33.7049
2001-08-29,33.2556
2001-08-30,33.1388
2001-08-31,33.4803
2001-09-04,33.2017
2001-09-05,33.5971
2001-09-06,33.1568
2001-09-07,32.1234
2001-09-10,32.0785
2001-09-17,26.5074
2001-09-18,25.6179
2001-09-19,23.8837
2001-09-20,21.1970
2001-09-21,22.2842
2001-09-24,25.0158
2001-09-25,25.3843
2001-09-26,23.3625
2001-09-27,22.5089
2001-09-28,23.7219
2001-10-01,23.4524
2001-10-02,23.0480
2001-10-03,24.2161
2001-10-04,24.4498
2001-10-05,24.9889
2001-10-08,25.6358
2001-10-09,25.5550
2001-10-10,25.8785
2001-10-11,26.3727
2001-10-12,26.1840
2001-10-15,25.4292
2001-10-16,25.4741
2001-10-17,24.8900
2001-10-18,24.8182
2001-10-19,24.5306
2001-10-22,25.1147
2001-10-23,24.8002
2001-10-24,25.4202
2001-10-25,26.0582
2001-10-26,26.9567
2001-10-29,26.8669
2001-10-30,25.7886
2001-10-31,26.5524
2001-11-01,27.3611
2001-11-02,27.9901
2001-11-05,28.7359
2001-11-06,28.7449
2001-11-07,27.9631
2001-11-08,28.5292
2001-11-09,28.5112
2001-11-12,27.4240
2001-11-13,28.4843
2001-11-14,28.0350
2001-11-15,27.7385
2001-11-16,27.9901
2001-11-19,28.6550
2001-11-20,28.7538
2001-11-21,28.6191
2001-11-23,29.3199
2001-11-26,30.0118
2001-11-27,29.6883
2001-11-28,29.5625
2001-11-29,29.6973
2001-11-30,29.7782
2001-12-03,29.6524
2001-12-04,29.9849
2001-12-05,31.0002
2001-12-06,30.6408
2001-12-07,30.7037
2001-12-10,30.3263
2001-12-11,30.5060
2001-12-12,30.2814
2001-12-13,29.3828
2001-12-14,28.4753
2001-12-17,28.3135
2001-12-18,29.0054
2001-12-19,29.4727
2001-12-20,29.1402
2001-12-21,29.3828
2001-12-24,29.7423
2001-12-26,29.2930
2001-12-27,29.6614
2001-12-28,30.3712
2001-12-31,30.3892
2002-01-02,30.0118
2002-01-03,30.6049
2002-01-04,31.0811
2002-01-07,31.1710
2002-01-08,30.5510
2002-01-09,30.9553
2002-01-10,30.3802
2002-01-11,29.8770
2002-01-14,28.4843
2002-01-15,27.6306
2002-01-16,26.2379
2002-01-17,26.1570
2002-01-18,26.3727
2002-01-22,26.5074
2002-01-23,26.5074
2002-01-24,28.3944
2002-01-25,29.3828
2002-01-28,28.7988
2002-01-29,27.7654
2002-01-30,29.6165
2002-01-31,30.2005
2002-02-01,30.2634
2002-02-04,28.8167
2002-02-05,29.4367
2002-02-06,29.6075
2002-02-07,30.4791
2002-02-08,29.3918
2002-02-11,29.4098
2002-02-12,29.5805
2002-02-13,29.9220
2002-02-14,30.5510
2002-02-15,30.2275
2002-02-19,29.3379
2002-02-20,31.0002
2002-02-21,30.5959
2002-02-22,31.5304
2002-02-25,32.7524
2002-02-26,32.4469
2002-02-27,33.3814
2002-02-28,34.2530
2002-03-01,35.7536
2002-03-04,35.4930
2002-03-05,34.4148
2002-03-06,35.0437
2002-03-07,35.7356
2002-03-08,35.8075
2002-03-11,36.0411
2002-03-12,36.0951
2002-03-13,35.7985
2002-03-14,36.2748
2002-03-15,35.9423
2002-03-18,36.0052
2002-03-19,35.9333
2002-03-20,35.3582
2002-03-21,35.0348
2002-03-22,34.7742
2002-03-25,33.8307
2002-03-26,34.3159
2002-03-27,34.4148
2002-03-28,34.3878
2002-04-01,34.6035
2002-04-02,34.5046
2002-04-03,33.9924
2002-04-04,34.1452
2002-04-05,34.1272
2002-04-08,34.0553
2002-04-09,33.8217
2002-04-10,35.8974
2002-04-11,35.8974
2002-04-12,36.4545
2002-04-15,35.9423
2002-04-16,36.6252
2002-04-17,36.3556
2002-04-18,34.4148
2002-04-19,34.0284
2002-04-22,33.5701
2002-04-23,33.7408
2002-04-24,33.4982
2002-04-25,33.9295
2002-04-26,33.1747
2002-04-29,32.3750
2002-04-30,32.9591
2002-05-01,33.0669
2002-05-02,33.3365
2002-05-03,32.8243
2002-05-06,32.3481
2002-05-07,33.9655
2002-05-08,34.7023
2002-05-09,34.2171
2002-05-10,34.0104
2002-05-13,34.4327
2002-05-14,35.3493
2002-05-15,35.2684
2002-05-16,35.2324
2002-05-17,35.4661
2002-05-20,34.9539
2002-05-21,34.3159
2002-05-22,34.4237
2002-05-23,35.0437
2002-05-24,34.0374
2002-05-28,33.8307
2002-05-29,33.6061
2002-05-30,34.0014
2002-05-31,35.2235
2002-06-03,33.7408
2002-06-04,32.6536
2002-06-05,33.2466
2002-06-06,32.5188
2002-06-07,32.9860
2002-06-10,33.0310
2002-06-11,32.7075
2002-06-12,33.1118
2002-06-13,32.4110
2002-06-14,31.9886
2002-06-17,33.2376
2002-06-18,33.4623
2002-06-19,32.6805
2002-06-20,32.4020
2002-06-21,31.8539
2002-06-24,31.9168
2002-06-25,31.3147
2002-06-26,31.5034
2002-06-27,31.7191
2002-06-28,31.6562
2002-07-01,30.8385
2002-07-02,30.1466
2002-07-03,30.7217
2002-07-05,32.7973
2002-07-08,32.3031
2002-07-09,31.3057
2002-07-10,30.1286
2002-07-11,29.7692
2002-07-12,29.2660
2002-07-15,28.9785
2002-07-16,28.7538
2002-07-17,27.9451
2002-07-18,28.7808
2002-07-19,27.1454
2002-07-22,26.5524
2002-07-23,25.6089
2002-07-24,27.6306
2002-07-25,27.6306
2002-07-26,27.5408
2002-07-29,29.7602
2002-07-30,29.6794
2002-07-31,29.0773
2002-08-01,28.3046
2002-08-02,27.2712
2002-08-05,25.9683
2002-08-06,27.3161
2002-08-07,28.5202
2002-08-08,30.4341
2002-08-09,29.4278
2002-08-12,29.3289
2002-08-13,27.1364
2002-08-14,27.7025
2002-08-15,28.8707
2002-08-16,28.5741
2002-08-19,28.6820
2002-08-20,27.5318
2002-08-21,27.6306
2002-08-22,28.1698
2002-08-23,27.2712
2002-08-26,27.2173
2002-08-27,26.5524
2002-08-28,26.4176
2002-08-29,26.2559
2002-08-30,26.9118
2002-09-03,26.1570
2002-09-04,27.0376
2002-09-05,26.7321
2002-09-06,27.3072
2002-09-09,27.1005
2002-09-10,27.1364
2002-09-11,25.6269
2002-09-12,25.4651
2002-09-13,21.1700
2002-09-16,22.1494
2002-09-17,22.0506
2002-09-18,21.5654
2002-09-19,20.5860
2002-09-20,21.2509
2002-09-23,20.6399
2002-09-24,19.5616
2002-09-25,20.6309
2002-09-26,21.0262
2002-09-27,20.1277
2002-09-30,19.4628
2002-10-01,20.6129
2002-10-02,19.6784
2002-10-03,19.4358
2002-10-04,18.0071
2002-10-07,18.0340
2002-10-08,17.7285
2002-10-09,17.2523
2002-10-10,17.6117
2002-10-11,19.3010
2002-10-14,18.8517
2002-10-15,20.0738
2002-10-16,19.1662
2002-10-17,20.0199
2002-10-18,20.2984
2002-10-21,21.6193
2002-10-22,20.9903
2002-10-23,21.1161
2002-10-24,21.1520
2002-10-25,21.4576
2002-10-28,21.2778
2002-10-29,21.5474
2002-10-30,21.7541
2002-10-31,21.5115
2002-11-01,22.1315
2002-11-04,22.5179
2002-11-05,23.1738
2002-11-06,24.3329
2002-11-07,23.1828
2002-11-08,23.3715
2002-11-11,22.2932
2002-11-12,22.7155
2002-11-13,22.6886
2002-11-14,20.8106
2002-11-15,21.0083
2002-11-18,20.4062
2002-11-19,20.6578
2002-11-20,20.5770
2002-11-21,22.1764
2002-11-22,21.7092
2002-11-25,22.0147
2002-11-26,21.6013
2002-11-27,21.9607
2002-11-29,23.3715
2002-12-02,23.2097
2002-12-03,22.7784
2002-12-04,22.4639
2002-12-05,21.8619
2002-12-06,21.8978
2002-12-09,21.0173
2002-12-10,21.7631
2002-12-11,22.2932
2002-12-12,21.9697
2002-12-13,21.3048
2002-12-16,21.9338
2002-12-17,21.6013
2002-12-18,21.2958
2002-12-19,21.4845
2002-12-20,21.1431
2002-12-23,20.4871
2002-12-24,20.3164
2002-12-26,20.3703
2002-12-27,19.9390
2002-12-30,20.1906
2002-12-31,21.5654
2003-01-02,22.4460
2003-01-03,22.2393
2003-01-06,22.9941
2003-01-07,22.5987
2003-01-08,22.0147
2003-01-09,23.0480
2003-01-10,23.0390
2003-01-13,22.8144
2003-01-14,23.0210
2003-01-15,22.7065
2003-01-16,22.5987
2003-01-17,22.5089
2003-01-21,21.8080
2003-01-22,21.4845
2003-01-23,22.1584
2003-01-24,21.1790
2003-01-27,20.1277
2003-01-28,21.0891
2003-01-29,21.0622
2003-01-30,21.1161
2003-01-31,21.9607
2003-02-03,21.7720
2003-02-04,21.6103
2003-02-05,21.6013
2003-02-06,21.5654
2003-02-07,21.3677
2003-02-10,21.2329
2003-02-11,20.8915
2003-02-12,20.5141
2003-02-13,20.1996
2003-02-14,20.8465
2003-02-18,21.4486
2003-02-19,21.1161
2003-02-20,21.4306
2003-02-21,21.7720
2003-02-24,21.0173
2003-02-25,20.6668
2003-02-26,20.6129
2003-02-27,20.7567
2003-02-28,20.5680
2003-03-03,20.6039
2003-03-04,19.9480
2003-03-05,20.0558
2003-03-06,19.6784
2003-03-07,19.5436
2003-03-10,18.9775
2003-03-11,18.7709
2003-03-12,18.6271
2003-03-13,19.3909
2003-03-14,20.1906
2003-03-17,21.0712
2003-03-18,21.3857
2003-03-19,21.4486
2003-03-20,21.2239
2003-03-21,21.6103
2003-03-24,20.3523
2003-03-25,20.1996
2003-03-26,20.0468
2003-03-27,19.7503
2003-03-28,19.5886
2003-03-31,19.1932
2003-04-01,19.7413
2003-04-02,20.0738
2003-04-03,20.1367
2003-04-04,20.1277
2003-04-07,20.2086
2003-04-08,20.0468
2003-04-09,20.1726
2003-04-10,19.7683
2003-04-11,19.4178
2003-04-14,20.1007
2003-04-15,20.1187
2003-04-16,20.1097
2003-04-17,20.2715
2003-04-21,20.2175
2003-04-22,20.8915
2003-04-23,20.6668
2003-04-24,20.8286
2003-04-25,20.3883
2003-04-28,20.7118
2003-04-29,20.8286
2003-04-30,21.2060
2003-05-01,21.2509
2003-05-02,21.7271
2003-05-05,21.7271
2003-05-06,21.9338
2003-05-07,21.7181
2003-05-08,21.3407
2003-05-09,21.7361
2003-05-12,22.4010
2003-05-13,22.2393
2003-05-14,22.4639
2003-05-15,22.5987
2003-05-16,22.3741
2003-05-19,21.6103
2003-05-20,21.2868
2003-05-21,21.5115
2003-05-22,21.9607
2003-05-23,21.9877
2003-05-27,22.9402
2003-05-28,22.9941
2003-05-29,23.4074
2003-05-30,23.5422
2003-06-02,23.7219
2003-06-03,24.0364
2003-06-04,24.4677
2003-06-05,24.6924
2003-06-06,24.7463
2003-06-09,24.1982
2003-06-10,24.4767
2003-06-11,24.9440
2003-06-12,25.0787
2003-06-13,25.0338
2003-06-16,25.7257
2003-06-17,25.6808
2003-06-18,26.0761
2003-06-19,25.2045
2003-06-20,25.5729
2003-06-23,24.4228
2003-06-24,24.8002
2003-06-25,24.4677
2003-06-26,24.4857
2003-06-27,23.9825
2003-06-30,24.1263
2003-07-01,24.2611
2003-07-02,24.9979
2003-07-03,24.4138
2003-07-07,25.2135
2003-07-08,24.9889
2003-07-09,25.1866
2003-07-10,24.6744
2003-07-11,24.7553
2003-07-14,25.4651
2003-07-15,25.0518
2003-07-16,24.9350
2003-07-17,24.7103
2003-07-18,24.8900
2003-07-21,25.0158
2003-07-22,25.8245
2003-07-23,25.5460
2003-07-24,25.4022
2003-07-25,25.8964
2003-07-28,25.7257
2003-07-29,25.4382
2003-07-30,25.4831
2003-07-31,25.4112
2003-08-01,25.1686
2003-08-04,25.2674
2003-08-05,24.9889
2003-08-06,24.8092
2003-08-07,24.8451
2003-08-08,24.8631
2003-08-11,24.6834
2003-08-12,24.9709
2003-08-13,25.0787
2003-08-14,25.5819
2003-08-15,25.6538
2003-08-18,26.3547
2003-08-19,26.4805
2003-08-20,26.0312
2003-08-21,26.2109
2003-08-22,26.1660
2003-08-25,25.9054
2003-08-26,25.5190
2003-08-27,25.7077
2003-08-28,26.0582
2003-08-29,26.0492
2003-09-02,26.7501
2003-09-03,26.7950
2003-09-04,26.4625
2003-09-05,26.6692
2003-09-08,27.0106
2003-09-09,26.1570
2003-09-10,25.2405
2003-09-11,25.5460
2003-09-12,25.5370
2003-09-15,25.3932
2003-09-16,26.0761
2003-09-17,25.6898
2003-09-18,25.4292
2003-09-19,25.1327
2003-09-22,24.8002
2003-09-23,24.3689
2003-09-24,23.9825
2003-09-25,23.8297
2003-09-26,23.5602
2003-09-29,23.8297
2003-09-30,23.6770
2003-10-01,24.1353
2003-10-02,23.8657
2003-10-03,24.2970
2003-10-06,24.5486
2003-10-07,24.6205
2003-10-08,24.7822
2003-10-09,25.0428
2003-10-10,24.7103
2003-10-13,25.8515
2003-10-14,26.0941
2003-10-15,26.1840
2003-10-16,26.5973
2003-10-17,26.0672
2003-10-20,26.2648
2003-10-21,26.1031
2003-10-22,25.7077
2003-10-23,25.8515
2003-10-24,25.5190
2003-10-27,25.8964
2003-10-28,26.6332
2003-10-29,26.4895
2003-10-30,27.3701
2003-10-31,27.5048
2003-11-03,27.6846
2003-11-04,27.6037
2003-11-05,27.3161
2003-11-06,27.3521
2003-11-07,27.3790
2003-11-10,26.7770
2003-11-11,26.7231
2003-11-12,27.2443
2003-11-13,27.1454
2003-11-14,26.7231
2003-11-17,26.6872
2003-11-18,25.9503
2003-11-19,26.1660
2003-11-20,26.0492
2003-11-21,26.0132
2003-11-24,26.4535
2003-11-25,26.6872
2003-11-26,26.8219
2003-11-28,26.6782
2003-12-01,27.0017
2003-12-02,26.2828
2003-12-03,26.6332
2003-12-04,27.1364
2003-12-05,26.8848
2003-12-08,27.1275
2003-12-09,27.3880
2003-12-10,27.2263
2003-12-11,27.8373
2003-12-12,28.1159
2003-12-15,27.7025
2003-12-16,27.3970
2003-12-17,27.1903
2003-12-18,28.3675
2003-12-19,28.5921
2003-12-22,29.4817
2003-12-23,29.5715
2003-12-24,29.4098
2003-12-26,29.4817
2003-12-29,29.7872
2003-12-30,29.6614
2003-12-31,30.0388
2004-01-02,29.9489
2004-01-05,30.1017
2004-01-06,30.4881
2004-01-07,30.3083
2004-01-08,31.7640
2004-01-09,31.3956
2004-01-12,31.4585
2004-01-13,31.4944
2004-01-14,32.5008
2004-01-15,32.7794
2004-01-16,33.6330
2004-01-20,32.0426
2004-01-21,32.6087
2004-01-22,32.2852
2004-01-23,32.0066
2004-01-26,32.6985
2004-01-27,32.0785
2004-01-28,32.0605
2004-01-29,32.3031
2004-01-30,32.4559
2004-02-02,32.3121
2004-02-03,31.8808
2004-02-04,31.3147
2004-02-05,31.8808
2004-02-06,32.2582
2004-02-09,31.9707
2004-02-10,32.0066
2004-02-11,32.4379
2004-02-12,33.2017
2004-02-13,32.7165
2004-02-17,32.7614
2004-02-18,32.1414
2004-02-19,32.0965
2004-02-20,31.9707
2004-02-23,31.4585
2004-02-24,31.4046
2004-02-25,31.4226
2004-02-26,31.3956
2004-02-27,31.4944
2004-03-01,31.7281
2004-03-02,31.3597
2004-03-03,31.5124
2004-03-04,31.6292
2004-03-05,31.4136
2004-03-08,31.0002
2004-03-09,30.5150
2004-03-10,29.6165
2004-03-11,29.1492
2004-03-12,29.6524
2004-03-15,29.2840
2004-03-16,28.8527
2004-03-17,29.4727
2004-03-18,29.4098
2004-03-19,29.3289
2004-03-22,28.5292
2004-03-23,28.6730
2004-03-24,28.7359
2004-03-25,29.5356
2004-03-26,29.7423
2004-03-29,30.0567
2004-03-30,30.3353
2004-03-31,30.4162
2004-04-01,30.4341
2004-04-02,30.7666
2004-04-05,31.4495
2004-04-06,31.4855
2004-04-07,31.1081
2004-04-08,31.1440
2004-04-12,31.4585
2004-04-13,31.0901
2004-04-14,30.9823
2004-04-15,31.0002
2004-04-16,31.5034
2004-04-19,31.1170
2004-04-20,30.5510
2004-04-21,30.5240
2004-04-22,31.0901
2004-04-23,31.3417
2004-04-26,31.2339
2004-04-27,31.8449
2004-04-28,31.6023
2004-04-29,31.6562
2004-04-30,31.0721
2004-05-03,31.0631
2004-05-04,31.2878
2004-05-05,31.0991
2004-05-06,30.8744
2004-05-07,30.4791
2004-05-10,29.8860
2004-05-11,29.9579
2004-05-12,29.9939
2004-05-13,30.1196
2004-05-14,30.0837
2004-05-17,29.2930
2004-05-18,29.8681
2004-05-19,29.9130
2004-05-20,29.6704
2004-05-21,29.9310
2004-05-24,29.8501
2004-05-25,30.1915
2004-05-26,30.1825
2004-05-27,30.3623
2004-05-28,30.2814
2004-06-01,29.8321
2004-06-02,30.2724
2004-06-03,29.8681
2004-06-04,30.3173
2004-06-07,31.1710
2004-06-08,31.2788
2004-06-09,31.4855
2004-06-10,31.8089
2004-06-14,32.0156
2004-06-15,32.3211
2004-06-16,32.3930
2004-06-17,32.5008
2004-06-18,32.8333
2004-06-21,32.5817
2004-06-22,33.0310
2004-06-23,33.7049
2004-06-24,33.3005
2004-06-25,33.0759
2004-06-28,32.6536
2004-06-29,32.9321
2004-06-30,32.9142
2004-07-01,32.4020
2004-07-02,32.2402
2004-07-06,31.9797
2004-07-07,32.2852
2004-07-08,31.9347
2004-07-09,32.5278
2004-07-12,32.2672
2004-07-13,32.0066
2004-07-14,31.8718
2004-07-15,32.0785
2004-07-16,32.7075
2004-07-19,32.2223
2004-07-20,32.2582
2004-07-21,32.8962
2004-07-22,32.8872
2004-07-23,32.5817
2004-07-26,32.7704
2004-07-27,33.5611
2004-07-28,34.2440
2004-07-29,34.0463
2004-07-30,33.7947
2004-08-02,33.6600
2004-08-03,33.2466
2004-08-04,32.9411
2004-08-05,32.1414
2004-08-06,31.0721
2004-08-09,31.0991
2004-08-10,31.8718
2004-08-11,32.0156
2004-08-12,31.1799
2004-08-13,31.2698
2004-08-16,31.7460
2004-08-17,31.5663
2004-08-18,32.0066
2004-08-19,31.4046
2004-08-20,31.8179
2004-08-23,31.7371
2004-08-24,32.0695
2004-08-25,32.7884
2004-08-26,32.6626
2004-08-27,32.7614
2004-08-30,32.0605
2004-08-31,32.3301
2004-09-01,32.3481
2004-09-02,32.8692
2004-09-03,32.6895
2004-09-07,33.1118
2004-09-08,32.7704
2004-09-09,32.6446
2004-09-10,32.7524
2004-09-13,32.9681
2004-09-14,33.0579
2004-09-15,32.6895
2004-09-16,32.8602
2004-09-17,33.0130
2004-09-20,32.8692
2004-09-21,32.5008
2004-09-22,31.9078
2004-09-23,31.8988
2004-09-24,31.7550
2004-09-27,31.5304
2004-09-28,31.9797
2004-09-29,32.0695
2004-09-30,32.2223
2004-10-01,33.0310
2004-10-04,32.8962
2004-10-05,32.8063
2004-10-06,32.9860
2004-10-07,32.0695
2004-10-08,32.1234
2004-10-11,31.9347
2004-10-12,31.7550
2004-10-13,31.5573
2004-10-14,31.2518
2004-10-15,31.4495
2004-10-18,31.1350
2004-10-19,31.8449
2004-10-20,30.3712
2004-10-21,29.6524
2004-10-22,29.4008
2004-10-25,28.9605
2004-10-26,29.6075
2004-10-27,29.9579
2004-10-28,30.2005
2004-10-29,30.2634
2004-11-01,31.4855
2004-11-02,30.9553
2004-11-03,31.3147
2004-11-04,31.9617
2004-11-05,32.3031
2004-11-08,32.5278
2004-11-09,32.5817
2004-11-10,32.7165
2004-11-11,32.8602
2004-11-12,32.9052
2004-11-15,32.5098
2004-11-16,32.1144
2004-11-17,32.2582
2004-11-18,32.3840
2004-11-19,31.8629
2004-11-22,32.0336
2004-11-23,32.1055
2004-11-24,32.2133
2004-11-26,32.0965
2004-11-29,31.9797
2004-11-30,31.7460
2004-12-01,32.6446
2004-12-02,32.3121
2004-12-03,32.0605
2004-12-06,31.6921
2004-12-07,31.0811
2004-12-08,31.0541
2004-12-09,31.0631
2004-12-10,31.7281
2004-12-13,32.7524
2004-12-14,32.7075
2004-12-15,32.3571
2004-12-16,31.9976
2004-12-17,31.7730
2004-12-20,32.0156
2004-12-21,32.0875
2004-12-22,32.0156
2004-12-23,32.0785
2004-12-27,32.0875
2004-12-28,32.4110
2004-12-29,32.0785
2004-12-30,31.8089
2004-12-31,31.8179
2005-01-03,31.7191
2005-01-04,31.1530
2005-01-05,31.0631
2005-01-06,30.8565
2005-01-07,30.7397
2005-01-10,30.6408
2005-01-11,30.5510
2005-01-12,31.4315
2005-01-13,31.0721
2005-01-14,31.7550
2005-01-18,32.2133
2005-01-19,31.7820
2005-01-20,31.6023
2005-01-21,31.4405
2005-01-24,31.6023
2005-01-25,31.5214
2005-01-26,32.1234
2005-01-27,32.3750
2005-01-28,32.0695
2005-01-31,32.3301
2005-02-01,32.4020
2005-02-02,33.0130
2005-02-03,33.6779
2005-02-04,34.0104
2005-02-07,33.8666
2005-02-08,33.7049
2005-02-09,33.6061
2005-02-10,34.5585
2005-02-11,35.1695
2005-02-14,35.3133
2005-02-15,35.0887
2005-02-16,34.5855
2005-02-17,34.0733
2005-02-18,34.2261
2005-02-22,33.4892
2005-02-23,33.5881
2005-02-24,33.8576
2005-02-25,34.2620
2005-02-28,34.1182
2005-03-01,33.8576
2005-03-02,33.9385
2005-03-03,34.1452
2005-03-04,34.7562
2005-03-07,34.8101
2005-03-08,34.7921
2005-03-09,34.2530
2005-03-10,34.4597
2005-03-11,34.6124
2005-03-14,34.9539
2005-03-15,35.0887
2005-03-16,34.2800
2005-03-17,34.5316
2005-03-18,34.5226
2005-03-21,34.4058
2005-03-22,34.3608
2005-03-23,33.4982
2005-03-24,33.3994
2005-03-28,33.3185
2005-03-29,32.7884
2005-03-30,33.3814
2005-03-31,33.4353
2005-04-01,33.2466
2005-04-04,33.1029
2005-04-05,33.3545
2005-04-06,33.7768
2005-04-07,34.0284
2005-04-08,33.7678
2005-04-11,33.5881
2005-04-12,33.6510
2005-04-13,33.2826
2005-04-14,32.6536
2005-04-15,32.0426
2005-04-18,32.2043
2005-04-19,32.7973
2005-04-20,31.8359
2005-04-21,32.6805
2005-04-22,32.3930
2005-04-25,32.6356
2005-04-26,32.6176
2005-04-27,32.6716
2005-04-28,32.2852
2005-04-29,32.1324
2005-05-02,32.4918
2005-05-03,31.7191
2005-05-04,31.9168
2005-05-05,31.6023
2005-05-06,33.1118
2005-05-09,33.1298
2005-05-10,32.8243
2005-05-11,32.9501
2005-05-12,32.5907
2005-05-13,32.2852
2005-05-16,32.8243
2005-05-17,32.5188
2005-05-18,33.1658
2005-05-19,33.3814
2005-05-20,33.3814
2005-05-23,33.4803
2005-05-24,33.4892
2005-05-25,32.9142
2005-05-26,32.9321
2005-05-27,32.9142
2005-05-31,32.5547
2005-06-01,32.7794
2005-06-02,32.9142
2005-06-03,32.6536
2005-06-06,32.6716
2005-06-07,32.6895
2005-06-08,32.4649
2005-06-09,32.4829
2005-06-10,32.7075
2005-06-13,32.4379
2005-06-14,33.1029
2005-06-15,33.5162
2005-06-16,34.2171
2005-06-17,34.2530
2005-06-20,33.9924
2005-06-21,33.8846
2005-06-22,33.8846
2005-06-23,33.5971
2005-06-24,32.9771
2005-06-27,32.6176
2005-06-28,33.2197
2005-06-29,33.1837
2005-06-30,32.9142
2005-07-01,32.5997
2005-07-05,32.3121
2005-07-06,31.8449
2005-07-07,31.8179
2005-07-08,32.3660
2005-07-11,32.2492
2005-07-12,32.4379
2005-07-13,32.5098
2005-07-14,32.8962
2005-07-15,32.8602
2005-07-18,33.0130
2005-07-19,33.7858
2005-07-20,34.8011
2005-07-21,34.6304
2005-07-22,34.3249
2005-07-25,33.9834
2005-07-26,34.1811
2005-07-27,34.1632
2005-07-28,35.0348
2005-07-29,35.2953
2005-08-01,34.8461
2005-08-02,35.2774
2005-08-03,34.9808
2005-08-04,34.6933
2005-08-05,34.5765
2005-08-08,34.5316
2005-08-09,34.9269
2005-08-10,34.5136
2005-08-11,34.9000
2005-08-12,34.4058
2005-08-15,34.9269
2005-08-16,34.1721
2005-08-17,34.5765
2005-08-18,34.2710
2005-08-19,34.3429
2005-08-22,34.5136
2005-08-23,34.3519
2005-08-24,34.0823
2005-08-25,34.1632
2005-08-26,34.1632
2005-08-29,34.2261
2005-08-30,34.2620
2005-08-31,34.3968
2005-09-01,34.4148
2005-09-02,34.1182
2005-09-06,34.6753
2005-09-07,34.6214
2005-09-08,34.4148
2005-09-09,34.8820
2005-09-12,34.8730
2005-09-13,35.0078
2005-09-14,34.8461
2005-09-15,34.6843
2005-09-16,35.3043
2005-09-19,34.4148
2005-09-20,33.7498
2005-09-21,33.1568
2005-09-22,32.8782
2005-09-23,33.6779
2005-09-26,33.4713
2005-09-27,33.7768
2005-09-28,33.7588
2005-09-29,33.7408
2005-09-30,33.6959
2005-10-03,33.3095
2005-10-04,33.0489
2005-10-05,32.9142
2005-10-06,32.6985
2005-10-07,32.8423
2005-10-10,32.2313
2005-10-11,32.3840
2005-10-12,32.1234
2005-10-13,32.2313
2005-10-14,32.4379
2005-10-17,32.6805
2005-10-18,32.2852
2005-10-19,30.5959
2005-10-20,29.9759
2005-10-21,29.8411
2005-10-24,30.4701
2005-10-25,30.2994
2005-10-26,30.3802
2005-10-27,30.0208
2005-10-28,30.1915
2005-10-31,30.7307
2005-11-01,31.0182
2005-11-02,31.3507
2005-11-03,31.8359
2005-11-04,32.2582
2005-11-07,32.2582
2005-11-08,32.1414
2005-11-09,32.1234
2005-11-10,32.2942
2005-11-11,32.5817
2005-11-14,32.8782
2005-11-15,32.8423
2005-11-16,32.9681
2005-11-17,32.7345
2005-11-18,32.6895
2005-11-21,32.9321
2005-11-22,33.1927
2005-11-23,33.2107
2005-11-25,33.1747
2005-11-28,32.7255
2005-11-29,33.0489
2005-11-30,32.8333
2005-12-01,33.4803
2005-12-02,32.4020
2005-12-05,32.2852
2005-12-06,32.4559
2005-12-07,32.3211
2005-12-08,32.0336
2005-12-09,32.0875
2005-12-12,32.3930
2005-12-13,32.2402
2005-12-14,33.6959
2005-12-15,34.1092
2005-12-16,34.0374
2005-12-19,34.0194
2005-12-20,34.2800
2005-12-21,33.8576
2005-12-22,34.4237
2005-12-23,34.1003
2005-12-27,33.6689
2005-12-28,33.7588
2005-12-29,33.7768
2005-12-30,33.4713
2006-01-03,33.6600
2006-01-04,33.5252
2006-01-05,33.5072
2006-01-06,34.0284
2006-01-09,33.7498
2006-01-10,33.6959
2006-01-11,33.7139
2006-01-12,33.3185
2006-01-13,33.3904
2006-01-17,33.1208
2006-01-18,33.2646
2006-01-19,33.4174
2006-01-20,32.2043
2006-01-23,32.3930
2006-01-24,32.8333
2006-01-25,32.4020
2006-01-26,33.6150
2006-01-27,33.9745
2006-01-30,34.1721
2006-01-31,34.5226
2006-02-01,35.3493
2006-02-02,34.6214
2006-02-03,35.2504
2006-02-06,35.4301
2006-02-07,35.1785
2006-02-08,35.0617
2006-02-09,35.5110
2006-02-10,35.6098
2006-02-13,36.0052
2006-02-14,36.4006
2006-02-15,36.6971
2006-02-16,37.3620
2006-02-17,37.9012
2006-02-21,37.2183
2006-02-22,37.7664
2006-02-23,37.2272
2006-02-24,37.2722
2006-02-27,37.3530
2006-02-28,36.7959
2006-03-01,37.0835
2006-03-02,37.2722
2006-03-03,37.4878
2006-03-06,36.7151
2006-03-07,37.1823
2006-03-08,37.2901
2006-03-09,37.0835
2006-03-10,37.8652
2006-03-13,37.4429
2006-03-14,38.0539
2006-03-15,38.5032
2006-03-16,38.2696
2006-03-17,38.4223
2006-03-20,38.2516
2006-03-21,37.9820
2006-03-22,38.3325
2006-03-23,38.2067
2006-03-24,38.1438
2006-03-27,37.7394
2006-03-28,37.6585
2006-03-29,37.9820
2006-03-30,38.0449
2006-03-31,38.4313
2006-04-03,38.0899
2006-04-04,38.7368
2006-04-05,38.6290
2006-04-06,38.5032
2006-04-07,38.0988
2006-04-10,38.3055
2006-04-11,37.6406
2006-04-12,38.1528
2006-04-13,39.0064
2006-04-17,38.5301
2006-04-18,39.6803
2006-04-19,39.1142
2006-04-20,39.3838
2006-04-21,39.1322
2006-04-24,38.8357
2006-04-25,39.2849
2006-04-26,39.5994
2006-04-27,38.7548
2006-04-28,38.1887
2006-05-01,38.7099
2006-05-02,39.3209
2006-05-03,39.2759
2006-05-04,39.6444
2006-05-05,39.6444
2006-05-08,38.9255
2006-05-09,38.8896
2006-05-10,39.3658
2006-05-11,39.1232
2006-05-12,38.5571
2006-05-15,38.7458
2006-05-16,38.8536
2006-05-17,37.7394
2006-05-18,37.2093
2006-05-19,37.6675
2006-05-22,37.2812
2006-05-23,36.7151
2006-05-24,36.2388
2006-05-25,36.4275
2006-05-26,36.9217
2006-05-30,36.7240
2006-05-31,37.0026
2006-06-01,37.2991
2006-06-02,37.0206
2006-06-05,36.0861
2006-06-06,35.7626
2006-06-07,35.4840
2006-06-08,34.9539
2006-06-09,34.2350
2006-06-12,33.9834
2006-06-13,33.8037
2006-06-14,34.1632
2006-06-15,34.9808
2006-06-16,35.0258
2006-06-19,34.6753
2006-06-20,34.6394
2006-06-21,35.3223
2006-06-22,35.1336
2006-06-23,35.3223
2006-06-26,35.5200
2006-06-27,34.8820
2006-06-28,35.0168
2006-06-29,35.9064
2006-06-30,36.2119
2006-07-03,35.9603
2006-07-05,35.6817
2006-07-06,35.7806
2006-07-07,35.0078
2006-07-10,34.8820
2006-07-11,35.1516
2006-07-12,34.9539
2006-07-13,34.1362
2006-07-14,33.2556
2006-07-17,33.0310
2006-07-18,33.7318
2006-07-19,34.3608
2006-07-20,32.9052
2006-07-21,32.5368
2006-07-24,33.3634
2006-07-25,33.8936
2006-07-26,34.1182
2006-07-27,34.1272
2006-07-28,34.3788
2006-07-31,34.7742
2006-08-01,34.8191
2006-08-02,34.6933
2006-08-03,34.6124
2006-08-04,34.2979
2006-08-07,34.4148
2006-08-08,34.0913
2006-08-09,33.3545
2006-08-10,33.4623
2006-08-11,33.6600
2006-08-14,33.8846
2006-08-15,34.3878
2006-08-16,34.8371
2006-08-17,35.1516
2006-08-18,35.4481
2006-08-21,35.0617
2006-08-22,34.8730
2006-08-23,34.8640
2006-08-24,34.8820
2006-08-25,34.7292
2006-08-28,34.7023
2006-08-29,34.5406
2006-08-30,34.6843
2006-08-31,34.7921
2006-09-01,34.8371
2006-09-05,34.9988
2006-09-06,34.8640
2006-09-07,34.4597
2006-09-08,34.3968
2006-09-11,34.3698
2006-09-12,34.8101
2006-09-13,35.2774
2006-09-14,35.0707
2006-09-15,35.7177
2006-09-18,35.4391
2006-09-19,35.5110
2006-09-20,36.3017
2006-09-21,36.4275
2006-09-22,36.1580
2006-09-25,36.5803
2006-09-26,36.3467
2006-09-27,36.8678
2006-09-28,37.1733
2006-09-29,36.7510
2006-10-02,37.1554
2006-10-03,37.6496
2006-10-04,38.1438
2006-10-05,38.4313
2006-10-06,38.0180
2006-10-09,37.9551
2006-10-10,37.9461
2006-10-11,37.8293
2006-10-12,38.0180
2006-10-13,38.2875
2006-10-16,38.6380
2006-10-17,38.3145
2006-10-18,38.3055
2006-10-19,37.3620
2006-10-20,37.4698
2006-10-23,37.8203
2006-10-24,38.4762
2006-10-25,38.5212
2006-10-26,38.4762
2006-10-27,38.0090
2006-10-30,38.1348
2006-10-31,37.8472
2006-11-01,37.9191
2006-11-02,37.6226
2006-11-03,37.4788
2006-11-06,37.7394
2006-11-07,38.1168
2006-11-08,38.0359
2006-11-09,37.9191
2006-11-10,38.2246
2006-11-13,38.6110
2006-11-14,38.6020
2006-11-15,38.9525
2006-11-16,38.9255
2006-11-17,38.5841
2006-11-20,38.3504
2006-11-21,38.5661
2006-11-22,38.6470
2006-11-24,38.4223
2006-11-27,37.9101
2006-11-28,37.9551
2006-11-29,38.3864
2006-11-30,38.6200
2006-12-01,38.4672
2006-12-04,39.1861
2006-12-05,38.9345
2006-12-06,38.5481
2006-12-07,38.2696
2006-12-08,38.1707
2006-12-11,37.9191
2006-12-12,37.7664
2006-12-13,37.6136
2006-12-14,38.3594
2006-12-15,39.1951
2006-12-18,38.8357
2006-12-19,39.8510
2006-12-20,40.0397
2006-12-21,40.2194
2006-12-22,40.1026
2006-12-26,40.3273
2006-12-27,40.7765
2006-12-28,40.8484
2006-12-29,40.6507
2007-01-03,40.5249
2007-01-04,40.5070
2007-01-05,40.1206
2007-01-08,40.3632
2007-01-09,40.6507
2007-01-10,40.3991
2007-01-11,41.0731
2007-01-12,40.9383
2007-01-16,40.9922
2007-01-17,40.9203
2007-01-18,40.4710
2007-01-19,40.6957
2007-01-22,39.7702
2007-01-23,39.9499
2007-01-24,39.9139
2007-01-25,39.7162
2007-01-26,39.6533
2007-01-29,39.7432
2007-01-30,40.5609
2007-01-31,41.0551
2007-02-01,41.2707
2007-02-02,41.4774
2007-02-05,41.3516
2007-02-06,41.8908
2007-02-07,41.8458
2007-02-08,41.8458
2007-02-09,41.5493
2007-02-12,41.4145
2007-02-13,41.7919
2007-02-14,42.7174
2007-02-15,42.7444
2007-02-16,42.9780
2007-02-20,43.2386
2007-02-21,43.4093
2007-02-22,43.3015
2007-02-23,42.8522
2007-02-26,42.7893
2007-02-27,41.4774
2007-02-28,41.6931
2007-03-01,41.5044
2007-03-02,41.2528
2007-03-05,41.2168
2007-03-06,41.6392
2007-03-07,41.8638
2007-03-08,42.5108
2007-03-09,42.4389
2007-03-12,42.7803
2007-03-13,42.1244
2007-03-14,42.1423
2007-03-15,42.2142
2007-03-16,42.1783
2007-03-19,42.4209
2007-03-20,42.3580
2007-03-21,42.8612
2007-03-22,42.7534
2007-03-23,42.8702
2007-03-26,42.5377
2007-03-27,41.9896
2007-03-28,41.3606
2007-03-29,41.2797
2007-03-30,41.3876
2007-04-02,41.4684
2007-04-03,41.9986
2007-04-04,42.4568
2007-04-05,42.4658
2007-04-09,42.3310
2007-04-10,42.2142
2007-04-11,41.6841
2007-04-12,42.2232
2007-04-13,42.2592
2007-04-16,42.5737
2007-04-17,42.8073
2007-04-18,43.3195
2007-04-19,44.0832
2007-04-20,46.1859
2007-04-23,46.0331
2007-04-24,47.5337
2007-04-25,48.5131
2007-04-26,48.2436
2007-04-27,49.3218
2007-04-30,48.6838
2007-05-01,49.4925
2007-05-02,49.8699
2007-05-03,50.3192
2007-05-04,50.4270
2007-05-07,49.7172
2007-05-08,50.1305
2007-05-09,51.0471
2007-05-10,51.0920
2007-05-11,51.9276
2007-05-14,52.7453
2007-05-15,52.1253
2007-05-16,52.2421
2007-05-17,52.3140
2007-05-18,52.7453
2007-05-21,52.3859
2007-05-22,51.1998
2007-05-23,50.8044
2007-05-24,50.3102
2007-05-25,51.1549
2007-05-29,51.5323
2007-05-30,51.8737
2007-05-31,52.0355
2007-06-01,52.8352
2007-06-04,52.6734
2007-06-05,52.2781
2007-06-06,51.5233
2007-06-07,50.6786
2007-06-08,51.5592
2007-06-11,51.2357
2007-06-12,50.8943
2007-06-13,51.7120
2007-06-14,52.3320
2007-06-15,52.8981
2007-06-18,51.9456
2007-06-19,51.9995
2007-06-20,50.8134
2007-06-21,50.6607
2007-06-22,50.0317
2007-06-25,50.0317
2007-06-26,50.3282
2007-06-27,50.5978
2007-06-28,50.6607
2007-06-29,50.5708
2007-07-02,51.2897
2007-07-03,51.3975
2007-07-05,52.4398
2007-07-06,53.0868
2007-07-09,52.5926
2007-07-10,51.9546
2007-07-11,52.7813
2007-07-12,54.3088
2007-07-13,54.0392
2007-07-16,54.4526
2007-07-17,54.6682
2007-07-18,54.3987
2007-07-19,54.7940
2007-07-20,54.7761
2007-07-23,55.2164
2007-07-24,54.5245
2007-07-25,54.7042
2007-07-26,53.3923
2007-07-27,52.6645
2007-07-30,53.4103
2007-07-31,51.6760
2007-08-01,51.3526
2007-08-02,53.0598
2007-08-03,52.2781
2007-08-06,52.9700
2007-08-07,52.8981
2007-08-08,51.8917
2007-08-09,51.0201
2007-08-10,50.3282
2007-08-13,50.7595
2007-08-14,50.6517
2007-08-15,49.1691
2007-08-16,48.6299
2007-08-17,48.9354
2007-08-20,50.1575
2007-08-21,49.4386
2007-08-22,50.1575
2007-08-23,50.2024
2007-08-24,50.1395
2007-08-27,51.1279
2007-08-28,49.9508
2007-08-29,51.2178
2007-08-30,50.5798
2007-08-31,50.4540
2007-09-04,50.6427
2007-09-05,49.6363
2007-09-06,50.9123
2007-09-07,49.1601
2007-09-10,49.4746
2007-09-11,50.5169
2007-09-12,50.2923
2007-09-13,50.5888
2007-09-14,50.7146
2007-09-17,50.6247
2007-09-18,51.4694
2007-09-19,52.3500
2007-09-20,52.2691
2007-09-21,52.7363
2007-09-24,52.1253
2007-09-25,53.0958
2007-09-26,53.2845
2007-09-27,53.1946
2007-09-28,53.4372
2007-10-01,54.5964
2007-10-02,53.6888
2007-10-03,53.8326
2007-10-04,53.5450
2007-10-05,53.7517
2007-10-08,54.4436
2007-10-09,55.0277
2007-10-10,54.5514
2007-10-11,54.7042
2007-10-12,55.4500
2007-10-15,55.1445
2007-10-16,54.9558
2007-10-17,54.5424
2007-10-18,54.5335
2007-10-19,52.4039
2007-10-22,52.2421
2007-10-23,52.7453
2007-10-24,52.7633
2007-10-25,53.1317
2007-10-26,53.4103
2007-10-29,53.6529
2007-10-30,53.8326
2007-10-31,54.2819
2007-11-01,53.0508
2007-11-02,53.3294
2007-11-05,53.8326
2007-11-06,54.8030
2007-11-07,53.0508
2007-11-08,53.2755
2007-11-09,51.9007
2007-11-12,51.3346
2007-11-13,52.2421
2007-11-14,52.5836
2007-11-15,51.3615
2007-11-16,50.2114
2007-11-19,49.2050
2007-11-20,48.9804
2007-11-21,48.4412
2007-11-23,49.1241
2007-11-26,47.7943
2007-11-27,48.5670
2007-11-28,49.9418
2007-11-29,49.3128
2007-11-30,50.8763
2007-12-03,51.2717
2007-12-04,50.8943
2007-12-05,51.8737
2007-12-06,52.3230
2007-12-07,52.5746
2007-12-10,53.4462
2007-12-11,52.4308
2007-12-12,51.8827
2007-12-13,54.4975
2007-12-14,53.8955
2007-12-17,54.0932
2007-12-18,54.4436
2007-12-19,54.8929
2007-12-20,54.5335
2007-12-21,54.5514
2007-12-24,55.2882
2007-12-26,55.5039
2007-12-27,54.9827
2007-12-28,54.9917
2007-12-31,55.3242
2008-01-02,53.8236
2008-01-03,54.0932
2008-01-04,52.3679
2008-01-07,52.1882
2008-01-08,51.2986
2008-01-09,51.7569
2008-01-10,51.9546
2008-01-11,51.0381
2008-01-14,51.9276
2008-01-15,50.8044
2008-01-16,51.6940
2008-01-17,49.9328
2008-01-18,49.6902
2008-01-22,48.4772
2008-01-23,50.7685
2008-01-24,50.4989
2008-01-25,52.3410
2008-01-28,52.9430
2008-01-29,52.5117
2008-01-30,52.2601
2008-01-31,53.0778
2008-02-01,54.1021
2008-02-04,54.3448
2008-02-05,53.0508
2008-02-06,52.7184
2008-02-07,52.8082
2008-02-08,51.9636
2008-02-11,51.7929
2008-02-12,51.6940
2008-02-13,52.8621
2008-02-14,51.6760
2008-02-15,50.3552
2008-02-19,50.6876
2008-02-20,50.6337
2008-02-21,49.8789
2008-02-22,50.8044
2008-02-25,52.0355
2008-02-26,53.1587
2008-02-27,53.5810
2008-02-28,53.1766
2008-02-29,51.7030
2008-03-03,52.6105
2008-03-04,52.5836
2008-03-05,53.0329
2008-03-06,51.6491
2008-03-07,50.8224
2008-03-10,50.0317
2008-03-11,51.1818
2008-03-12,51.1998
2008-03-13,50.9482
2008-03-14,50.4360
2008-03-17,49.6183
2008-03-18,51.0201
2008-03-19,49.5195
2008-03-20,48.7827
2008-03-24,49.4296
2008-03-25,50.3192
2008-03-26,49.9868
2008-03-27,49.4207
2008-03-28,50.1844
2008-03-31,50.6966
2008-04-01,51.9276
2008-04-02,51.7839
2008-04-03,51.7929
2008-04-04,52.3589
2008-04-07,52.2152
2008-04-08,51.3885
2008-04-09,52.1433
2008-04-10,52.8352
2008-04-11,51.2088
2008-04-14,50.6517
2008-04-15,50.7415
2008-04-16,52.0085
2008-04-17,51.5772
2008-04-18,54.8030
2008-04-21,54.2639
2008-04-22,53.3653
2008-04-23,52.8442
2008-04-24,54.1920
2008-04-25,54.3537
2008-04-28,54.3268
2008-04-29,53.7877
2008-04-30,53.3743
2008-05-01,54.5155
2008-05-02,54.4795
2008-05-05,54.4436
2008-05-06,54.6323
2008-05-07,53.0059
2008-05-08,53.3384
2008-05-09,53.5450
2008-05-12,53.8955
2008-05-13,54.6593
2008-05-14,55.7016
2008-05-15,56.0969
2008-05-16,55.5398
2008-05-19,55.9352
2008-05-20,55.1894
2008-05-21,54.0213
2008-05-22,53.3474
2008-05-23,52.7992
2008-05-27,53.1317
2008-05-28,53.2216
2008-05-29,53.3114
2008-05-30,53.5720
2008-06-02,52.3949
2008-06-03,51.3436
2008-06-04,50.9752
2008-06-05,50.9482
2008-06-06,48.5311
2008-06-09,49.2320
2008-06-10,48.9175
2008-06-11,48.7557
2008-06-12,49.9778
2008-06-13,50.7595
2008-06-16,50.4810
2008-06-17,49.4746
2008-06-18,49.0792
2008-06-19,49.7352
2008-06-20,48.7018
2008-06-23,49.4117
2008-06-24,48.8905
2008-06-25,46.2757
2008-06-26,44.1551
2008-06-27,44.2360
2008-06-30,45.1795
2008-07-01,45.7006
2008-07-02,44.5864
2008-07-03,45.2064
2008-07-07,45.4490
2008-07-08,46.2488
2008-07-09,44.8650
2008-07-10,46.0511
2008-07-11,44.3079
2008-07-14,44.4606
2008-07-15,42.9870
2008-07-16,44.3887
2008-07-17,45.7006
2008-07-18,45.5209
2008-07-21,44.7841
2008-07-22,47.0125
2008-07-23,47.3809
2008-07-24,46.1679
2008-07-25,45.6827
2008-07-28,44.9548
2008-07-29,46.3027
2008-07-30,47.1114
2008-07-31,45.6827
2008-08-01,45.8264
2008-08-04,45.4311
2008-08-05,46.3386
2008-08-06,46.0511
2008-08-07,44.8650
2008-08-08,46.1140
2008-08-11,46.3296
2008-08-12,46.1499
2008-08-13,45.7186
2008-08-14,45.6377
2008-08-15,45.7635
2008-08-18,44.9818
2008-08-19,44.0832
2008-08-20,43.5711
2008-08-21,43.8047
2008-08-22,44.7482
2008-08-25,43.6250
2008-08-26,43.9754
2008-08-27,44.1551
2008-08-28,45.2154
2008-08-29,45.0806
2008-09-02,45.1076
2008-09-03,44.1641
2008-09-04,43.1218
2008-09-05,42.8792
2008-09-08,43.6699
2008-09-09,42.3760
2008-09-10,42.7354
2008-09-11,42.7983
2008-09-12,42.7264
2008-09-15,41.2618
2008-09-16,41.2887
2008-09-17,39.3388
2008-09-18,39.5725
2008-09-19,40.7226
2008-09-22,39.1771
2008-09-23,38.7997
2008-09-24,37.8922
2008-09-25,38.9525
2008-09-26,39.6893
2008-09-29,36.2748
2008-09-30,37.3351
2008-10-01,35.6548
2008-10-02,34.2440
2008-10-03,34.0014
2008-10-06,32.2762
2008-10-07,31.4046
2008-10-08,30.6228
2008-10-09,28.2057
2008-10-10,27.4959
2008-10-13,30.0388
2008-10-14,28.8437
2008-10-15,26.1301
2008-10-16,27.7924
2008-10-17,26.3906
2008-10-20,26.7051
2008-10-21,25.9234
2008-10-22,25.0248
2008-10-23,25.9503
2008-10-24,24.4048
2008-10-27,23.5602
2008-10-28,26.3277
2008-10-29,26.0402
2008-10-30,27.0735
2008-10-31,27.3611
2008-11-03,27.7744
2008-11-04,29.4727
2008-11-05,27.8463
2008-11-06,25.3753
2008-11-07,26.3816
2008-11-10,26.0043
2008-11-11,24.6025
2008-11-12,24.0095
2008-11-13,25.8695
2008-11-14,24.5755
2008-11-17,23.6410
2008-11-18,23.7039
2008-11-19,21.9068
2008-11-20,21.2689
2008-11-21,22.8054
2008-11-24,23.5332
2008-11-25,23.2547
2008-11-26,24.3240
2008-11-28,25.0338
2008-12-01,23.3535
2008-12-02,23.8926
2008-12-03,23.8118
2008-12-04,22.8952
2008-12-05,23.8477
2008-12-08,24.4498
2008-12-09,24.8721
2008-12-10,25.9773
2008-12-11,25.6179
2008-12-12,26.0132
2008-12-15,27.6576
2008-12-16,29.4727
2008-12-17,29.4907
2008-12-18,29.4008
2008-12-19,29.3738
2008-12-22,28.6640
2008-12-23,28.4933
2008-12-24,28.6101
2008-12-26,28.7269
2008-12-29,28.0440
2008-12-30,29.2840
2008-12-31,29.4996
2009-01-02,31.1440
2009-01-05,30.9823
2009-01-06,32.3840
2009-01-07,30.9553
2009-01-08,31.0901
2009-01-09,30.6768
2009-01-12,30.3443
2009-01-13,29.9939
2009-01-14,28.7538
2009-01-15,29.3199
2009-01-16,29.5985
2009-01-20,28.3315
2009-01-21,29.1043
2009-01-22,28.7269
2009-01-23,28.9425
2009-01-26,29.8141
2009-01-27,30.4701
2009-01-28,31.1889
2009-01-29,29.3559
2009-01-30,29.4817
2009-02-02,28.6011
2009-02-03,28.4753
2009-02-04,29.0683
2009-02-05,29.2211
2009-02-06,30.0478
2009-02-09,30.1466
2009-02-10,28.7269
2009-02-11,28.9246
2009-02-12,28.6370
2009-02-13,29.7063
2009-02-17,28.0709
2009-02-18,27.2173
2009-02-19,27.1634
2009-02-20,25.9144
2009-02-23,24.9260
2009-02-24,25.8335
2009-02-25,25.3932
2009-02-26,24.7642
2009-02-27,24.1083
2009-03-02,22.4280
2009-03-03,22.1944
2009-03-04,22.7874
2009-03-05,21.4845
2009-03-06,21.2060
2009-03-09,20.8735
2009-03-10,22.8503
2009-03-11,23.9555
2009-03-12,24.5576
2009-03-13,24.1982
2009-03-16,24.3150
2009-03-17,24.7642
2009-03-18,25.4741
2009-03-19,25.1866
2009-03-20,24.2161
2009-03-23,26.0043
2009-03-24,26.0043
2009-03-25,26.0132
2009-03-26,27.3341
2009-03-27,26.2828
2009-03-30,24.9889
2009-03-31,25.0338
2009-04-01,25.4382
2009-04-02,27.4689
2009-04-03,27.1364
2009-04-06,26.7680
2009-04-07,26.3188
2009-04-08,26.6153
2009-04-09,27.8912
2009-04-13,27.1993
2009-04-14,27.1454
2009-04-15,27.5588
2009-04-16,28.2956
2009-04-17,28.2956
2009-04-20,26.7680
2009-04-21,27.4599
2009-04-22,28.4753
2009-04-23,29.0953
2009-04-24,28.2596
2009-04-27,27.2263
2009-04-28,26.4445
2009-04-29,27.7654
2009-04-30,28.0440
2009-05-01,28.4214
2009-05-04,28.3225
2009-05-05,28.4663
2009-05-06,30.0837
2009-05-07,29.7512
2009-05-08,31.1979
2009-05-11,30.2275
2009-05-12,29.7512
2009-05-13,28.1877
2009-05-14,28.6820
2009-05-15,28.7089
2009-05-18,29.6524
2009-05-19,29.7333
2009-05-20,29.6973
2009-05-21,28.5921
2009-05-22,28.8437
2009-05-26,29.3199
2009-05-27,28.8078
2009-05-28,28.9336
2009-05-29,29.7962
2009-06-01,31.7640
2009-06-02,31.6202
2009-06-03,31.1530
2009-06-04,31.8808
2009-06-05,32.0965
2009-06-08,32.0515
2009-06-09,32.0965
2009-06-10,31.9886
2009-06-11,32.1594
2009-06-12,31.8179
2009-06-15,30.4791
2009-06-16,29.7962
2009-06-17,29.4547
2009-06-18,29.6344
2009-06-19,29.4817
2009-06-22,28.3764
2009-06-23,28.2417
2009-06-24,27.8912
2009-06-25,28.6191
2009-06-26,28.5472
2009-06-29,28.9156
2009-06-30,28.2147
2009-07-01,28.6280
2009-07-02,27.6756
2009-07-06,27.2443
2009-07-07,26.3367
2009-07-08,26.4895
2009-07-09,26.6602
2009-07-10,26.9837
2009-07-13,27.6846
2009-07-14,28.0170
2009-07-15,29.1222
2009-07-16,29.4996
2009-07-17,29.1402
2009-07-20,29.9849
2009-07-21,30.0208
2009-07-22,29.9939
2009-07-23,30.7486
2009-07-24,30.5420
2009-07-27,30.7666
2009-07-28,30.6857
2009-07-29,30.5869
2009-07-30,31.0092
2009-07-31,31.1799
2009-08-03,31.7011
2009-08-04,32.0336
2009-08-05,31.7101
2009-08-06,31.7730
2009-08-07,32.6895
2009-08-10,32.3121
2009-08-11,31.8269
2009-08-12,32.7884
2009-08-13,32.5188
2009-08-14,32.2313
2009-08-17,31.3776
2009-08-18,31.4675
2009-08-19,31.4765
2009-08-20,31.7550
2009-08-21,32.6356
2009-08-24,33.4892
2009-08-25,33.7139
2009-08-26,33.3545
2009-08-27,33.5971
2009-08-28,33.4533
2009-08-31,33.0310
2009-09-01,32.2762
2009-09-02,32.1414
2009-09-03,32.5817
2009-09-04,33.3814
2009-09-08,33.9834
2009-09-09,34.5585
2009-09-10,35.4211
2009-09-11,34.9808
2009-09-14,35.9153
2009-09-15,35.7536
2009-09-16,36.0052
2009-09-17,36.0322
2009-09-18,36.0951
2009-09-21,35.3313
2009-09-22,35.6907
2009-09-23,35.2684
2009-09-24,34.7562
2009-09-25,33.9745
2009-09-28,33.5521
2009-09-29,33.4713
2009-09-30,33.3814
2009-10-01,32.7075
2009-10-02,31.9886
2009-10-05,32.5458
2009-10-06,32.8872
2009-10-07,32.6266
2009-10-08,33.1029
2009-10-09,33.3994
2009-10-12,33.4713
2009-10-13,33.0849
2009-10-14,33.6240
2009-10-15,33.9295
2009-10-16,33.9565
2009-10-19,34.5226
2009-10-20,33.9655
2009-10-21,33.2107
2009-10-22,34.6214
2009-10-23,34.3788
2009-10-26,33.8936
2009-10-27,33.6959
2009-10-28,32.8872
2009-10-29,33.4263
2009-10-30,32.2492
2009-11-02,32.5188
2009-11-03,32.3930
2009-11-04,32.7075
2009-11-05,33.7768
2009-11-06,33.8756
2009-11-09,34.5406
2009-11-10,34.6843
2009-11-11,34.8011
2009-11-12,34.6574
2009-11-13,35.2684
2009-11-16,35.8165
2009-11-17,35.5919
2009-11-18,35.2414
2009-11-19,34.3698
2009-11-20,34.1811
2009-11-23,34.7562
2009-11-24,34.8371
2009-11-25,35.1426
2009-11-27,34.5765
2009-11-30,34.5675
2009-12-01,35.3762
2009-12-02,35.7356
2009-12-03,35.5829
2009-12-04,36.0681
2009-12-07,36.6701
2009-12-08,36.1580
2009-12-09,36.1759
2009-12-10,36.2209
2009-12-11,36.7240
2009-12-14,37.1194
2009-12-15,37.0655
2009-12-16,36.2748
2009-12-17,35.5290
2009-12-18,35.1785
2009-12-21,35.5559
2009-12-22,35.5829
2009-12-23,35.8794
2009-12-24,35.8345
2009-12-28,35.7716
2009-12-29,35.8345
2009-12-30,35.7716
2009-12-31,35.2235
2010-01-04,36.2568
2010-01-05,36.3287
2010-01-06,36.3287
2010-01-07,37.0296
2010-01-08,37.8472
2010-01-11,38.3235
2010-01-12,37.8922
2010-01-13,38.0270
2010-01-14,38.2516
2010-01-15,38.3055
2010-01-19,38.5032
2010-01-20,38.0629
2010-01-21,36.5982
2010-01-22,35.8345
2010-01-25,36.1400
2010-01-26,35.9153
2010-01-27,36.1759
2010-01-28,35.7806
2010-01-29,34.7203
2010-02-01,35.3762
2010-02-02,35.5110
2010-02-03,35.2324
2010-02-04,33.9026
2010-02-05,33.6689
2010-02-08,33.1298
2010-02-09,33.9834
2010-02-10,33.8936
2010-02-11,34.3519
2010-02-12,34.0194
2010-02-16,34.9719
2010-02-17,35.1246
2010-02-18,35.8075
2010-02-19,36.1400
2010-02-22,36.0771
2010-02-23,35.8794
2010-02-24,36.4635
2010-02-25,36.1130
2010-02-26,36.0861
2010-03-01,36.4545
2010-03-02,36.5533
2010-03-03,36.7690
2010-03-04,37.0026
2010-03-05,37.6585
2010-03-08,37.2812
2010-03-09,37.9820
2010-03-10,38.0449
2010-03-11,38.2965
2010-03-12,38.5751
2010-03-15,38.6110
2010-03-16,38.6649
2010-03-17,38.5571
2010-03-18,39.0244
2010-03-19,39.3748
2010-03-22,39.1412
2010-03-23,39.7073
2010-03-24,39.9678
2010-03-25,39.8420
2010-03-26,40.0757
2010-03-29,40.3183
2010-03-30,40.3902
2010-03-31,40.6777
2010-04-01,40.4620
2010-04-05,40.8394
2010-04-06,40.8484
2010-04-07,40.6597
2010-04-08,40.8754
2010-04-09,41.1270
2010-04-12,41.3247
2010-04-13,41.0281
2010-04-14,41.6302
2010-04-15,41.7560
2010-04-16,41.1719
2010-04-19,41.1090
2010-04-20,41.6751
2010-04-21,41.9537
2010-04-22,42.6276
2010-04-23,42.8792
2010-04-26,43.3734
2010-04-27,42.1783
2010-04-28,42.2771
2010-04-29,43.5980
2010-04-30,42.6545
2010-05-03,43.5890
2010-05-04,42.1064
2010-05-05,41.2258
2010-05-06,39.8061
2010-05-07,39.1052
2010-05-10,41.3965
2010-05-11,41.1989
2010-05-12,42.1154
2010-05-13,41.5044
2010-05-14,40.8664
2010-05-17,40.8305
2010-05-18,40.1835
2010-05-19,39.4107
2010-05-20,37.5507
2010-05-21,37.8023
2010-05-24,37.5956
2010-05-25,37.5507
2010-05-26,37.8383
2010-05-27,39.0154
2010-05-28,38.4313
2010-06-01,37.6496
2010-06-02,38.5751
2010-06-03,38.8716
2010-06-04,36.9038
2010-06-07,35.9423
2010-06-08,36.3287
2010-06-09,35.9513
2010-06-10,37.0745
2010-06-11,37.1284
2010-06-14,37.3171
2010-06-15,38.6739
2010-06-16,38.4133
2010-06-17,38.3235
2010-06-18,38.5661
2010-06-21,38.5751
2010-06-22,37.9191
2010-06-23,37.5956
2010-06-24,36.8409
2010-06-25,37.3800
2010-06-28,37.0206
2010-06-29,35.3403
2010-06-30,35.0707
2010-07-01,34.6394
2010-07-02,34.6214
2010-07-06,34.7832
2010-07-07,36.1130
2010-07-08,36.5982
2010-07-09,37.0835
2010-07-12,36.6791
2010-07-13,37.6046
2010-07-14,37.4609
2010-07-15,37.5507
2010-07-16,36.1130
2010-07-19,36.2568
2010-07-20,37.0206
2010-07-21,36.9577
2010-07-22,38.3325
2010-07-23,39.0873
2010-07-26,39.4377
2010-07-27,39.0244
2010-07-28,38.8536
2010-07-29,38.3864
2010-07-30,38.5122
2010-08-02,39.2939
2010-08-03,38.7638
2010-08-04,39.5186
2010-08-05,39.6444
2010-08-06,39.3299
2010-08-09,39.4377
2010-08-10,39.0154
2010-08-11,37.5687
2010-08-12,37.1014
2010-08-13,37.1284
2010-08-16,37.0026
2010-08-17,38.0899
2010-08-18,37.8832
2010-08-19,36.6342
2010-08-20,36.5174
2010-08-23,36.0861
2010-08-24,35.3493
2010-08-25,34.8820
2010-08-26,34.7742
2010-08-27,35.6278
2010-08-30,34.9179
2010-08-31,35.0977
2010-09-01,36.7330
2010-09-02,37.7484
2010-09-03,38.4762
2010-09-07,37.6765
2010-09-08,37.9101
2010-09-09,37.7125
2010-09-10,38.4672
2010-09-13,38.9075
2010-09-14,39.1232
2010-09-15,39.1502
2010-09-16,39.2939
2010-09-17,39.3748
2010-09-20,39.8151
2010-09-21,39.8151
2010-09-22,39.2490
2010-09-23,38.8446
2010-09-24,39.9499
2010-09-27,39.3928
2010-09-28,39.7073
2010-09-29,39.5725
2010-09-30,39.4826
2010-10-01,39.6713
2010-10-04,39.1861
2010-10-05,40.4441
2010-10-06,41.0821
2010-10-07,40.8664
2010-10-08,41.1090
2010-10-11,40.9832
2010-10-12,40.9293
2010-10-13,41.7021
2010-10-14,41.4864
2010-10-15,41.7739
2010-10-18,42.2322
2010-10-19,41.4774
2010-10-20,41.7021
2010-10-21,41.9357
2010-10-22,42.4658
2010-10-25,42.7084
2010-10-26,42.4838
2010-10-27,42.3131
2010-10-28,42.3221
2010-10-29,42.3310
2010-11-01,42.0525
2010-11-02,42.4479
2010-11-03,42.6276
2010-11-04,44.0383
2010-11-05,44.2809
2010-11-08,44.1282
2010-11-09,44.0473
2010-11-10,43.8766
2010-11-11,43.4093
2010-11-12,42.6995
2010-11-15,42.7624
2010-11-16,43.5261
2010-11-17,43.8676
2010-11-18,44.6943
2010-11-19,44.7302
2010-11-22,44.6134
2010-11-23,44.5685
2010-11-24,45.2963
2010-11-26,45.0447
2010-11-29,44.8650
2010-11-30,44.6673
2010-12-01,45.7186
2010-12-02,45.9972
2010-12-03,46.2308
2010-12-06,45.9792
2010-12-07,46.2128
2010-12-08,46.1589
2010-12-09,46.1319
2010-12-10,46.7070
2010-12-13,46.7250
2010-12-14,47.2012
2010-12-15,46.3117
2010-12-16,47.9920
2010-12-17,47.6146
2010-12-20,47.5427
2010-12-21,48.0998
2010-12-22,48.2705
2010-12-23,48.0099
2010-12-27,47.9740
2010-12-28,48.0818
2010-12-29,47.8931
2010-12-30,47.5876
2010-12-31,47.7673
2011-01-03,48.7108
2011-01-04,48.0549
2011-01-05,48.8546
2011-01-06,48.8456
2011-01-07,48.7917
2011-01-10,48.4323
2011-01-11,48.5221
2011-01-12,49.1691
2011-01-13,49.0523
2011-01-14,49.4386
2011-01-18,49.2050
2011-01-19,48.8276
2011-01-20,49.0433
2011-01-21,48.9624
2011-01-24,49.7531
2011-01-25,49.7621
2011-01-26,50.1126
2011-01-27,50.2473
2011-01-28,49.7082
2011-01-31,50.3282
2011-02-01,51.1639
2011-02-02,51.5862
2011-02-03,51.3705
2011-02-04,51.3256
2011-02-07,51.3346
2011-02-08,51.5682
2011-02-09,51.5233
2011-02-10,51.6401
2011-02-11,52.0984
2011-02-14,51.7569
2011-02-15,51.5502
2011-02-16,51.3975
2011-02-17,51.5413
2011-02-18,52.1073
2011-02-22,50.5259
2011-02-23,49.9957
2011-02-24,50.7505
2011-02-25,51.4694
2011-02-28,52.0355
2011-03-01,50.7236
2011-03-02,49.9149
2011-03-03,51.4784
2011-03-04,50.7775
2011-03-07,50.4899
2011-03-08,51.4873
2011-03-09,50.9572
2011-03-10,50.1305
2011-03-11,50.5618
2011-03-14,50.3282
2011-03-15,49.9059
2011-03-16,48.8186
2011-03-17,49.6094
2011-03-18,50.1934
2011-03-21,51.2537
2011-03-22,50.8044
2011-03-23,51.3076
2011-03-24,51.8737
2011-03-25,51.5682
2011-03-28,52.4039
2011-03-29,53.5540
2011-03-30,53.5450
2011-03-31,53.6529
2011-04-01,53.2485
2011-04-04,53.2216
2011-04-05,53.0598
2011-04-06,52.8801
2011-04-07,52.5566
2011-04-08,52.3859
2011-04-11,52.3500
2011-04-12,51.6940
2011-04-13,51.4963
2011-04-14,51.6671
2011-04-15,51.8917
2011-04-18,51.3166
2011-04-19,51.6311
2011-04-20,52.7813
2011-04-21,54.5604
2011-04-25,54.2010
2011-04-26,55.7106
2011-04-27,55.2253
2011-04-28,54.8210
2011-04-29,55.0187
2011-05-02,55.2972
2011-05-03,55.5309
2011-05-04,54.2010
2011-05-05,54.0482
2011-05-06,54.7671
2011-05-09,55.3691
2011-05-10,55.4949
2011-05-11,55.0636
2011-05-12,54.6862
2011-05-13,54.3717
2011-05-16,54.0213
2011-05-17,52.9969
2011-05-18,53.5091
2011-05-19,53.4552
2011-05-20,53.0059
2011-05-23,52.5476
2011-05-24,52.3410
2011-05-25,52.8981
2011-05-26,52.5656
2011-05-27,53.1856
2011-05-31,53.5091
2011-06-01,51.6940
2011-06-02,52.0714
2011-06-03,51.4424
2011-06-06,51.6221
2011-06-07,51.0830
2011-06-08,50.3821
2011-06-09,50.7326
2011-06-10,49.8969
2011-06-13,50.0586
2011-06-14,51.3885
2011-06-15,50.3641
2011-06-16,50.6337
2011-06-17,50.1844
2011-06-20,50.7056
2011-06-21,51.9456
2011-06-22,51.2268
2011-06-23,50.7685
2011-06-24,50.6337
2011-06-27,51.0291
2011-06-28,52.4578
2011-06-29,52.6734
2011-06-30,53.5450
2011-07-01,54.0842
2011-07-05,53.4282
2011-07-06,53.6349
2011-07-07,54.3088
2011-07-08,53.5001
2011-07-11,52.3949
2011-07-12,51.4694
2011-07-13,51.7479
2011-07-14,51.2268
2011-07-15,51.4424
2011-07-18,50.8314
2011-07-19,51.6042
2011-07-20,51.5233
2011-07-21,52.3050
2011-07-22,50.6786
2011-07-25,50.5888
2011-07-26,49.7262
2011-07-27,48.0369
2011-07-28,47.6235
2011-07-29,47.7134
2011-08-01,47.6775
2011-08-02,46.0061
2011-08-03,46.3566
2011-08-04,43.7508
2011-08-05,43.1128
2011-08-08,39.7971
2011-08-09,42.0165
2011-08-10,38.8357
2011-08-11,40.1026
2011-08-12,42.1244
2011-08-15,42.4389
2011-08-16,41.3606
2011-08-17,41.3247
2011-08-18,38.4223
2011-08-19,37.9101
2011-08-22,37.6855
2011-08-23,39.6803
2011-08-24,40.2733
2011-08-25,40.1925
2011-08-26,40.8664
2011-08-29,42.2322
2011-08-30,42.4928
2011-08-31,42.9600
2011-09-01,42.1244
2011-09-02,40.8394
2011-09-06,40.4800
2011-09-07,42.2592
2011-09-08,41.2707
2011-09-09,40.1835
2011-09-12,39.6623
2011-09-13,40.0487
2011-09-14,40.8035
2011-09-15,41.9087
2011-09-16,42.3490
2011-09-19,42.5197
2011-09-20,42.0076
2011-09-21,40.3183
2011-09-22,37.7125
2011-09-23,38.1258
2011-09-26,39.3568
2011-09-27,40.5609
2011-09-28,39.7791
2011-09-29,40.4351
2011-09-30,39.4557
2011-10-03,38.0270
2011-10-04,39.2310
2011-10-05,39.8690
2011-10-06,40.4890
2011-10-07,40.8754
2011-10-10,42.3760
2011-10-11,42.5647
2011-10-12,43.5711
2011-10-13,43.0319
2011-10-14,44.4337
2011-10-17,42.8612
2011-10-18,44.3258
2011-10-19,43.8676
2011-10-20,43.5441
2011-10-21,46.0780
2011-10-24,46.5183
2011-10-25,45.5659
2011-10-26,46.1859
2011-10-27,48.5850
2011-10-28,48.4143
2011-10-31,47.0844
2011-11-01,46.0061
2011-11-02,47.1293
2011-11-03,48.4682
2011-11-04,48.4772
2011-11-07,48.4862
2011-11-08,49.1062
2011-11-09,47.4708
2011-11-10,48.1267
2011-11-11,49.2320
2011-11-14,49.1601
2011-11-15,49.2230
2011-11-16,47.8841
2011-11-17,47.2641
2011-11-18,47.3989
2011-11-21,46.0960
2011-11-22,45.7905
2011-11-23,44.2000
2011-11-25,44.1551
2011-11-28,46.4195
2011-11-29,46.3296
2011-11-30,48.6569
2011-12-01,48.6749
2011-12-02,48.6389
2011-12-05,49.1511
2011-12-06,49.0612
2011-12-07,48.4682
2011-12-08,47.5067
2011-12-09,48.5221
2011-12-12,47.5247
2011-12-13,47.0035
2011-12-14,46.3206
2011-12-15,47.0934
2011-12-16,47.7134
2011-12-19,46.9856
2011-12-20,48.8456
2011-12-21,48.6928
2011-12-22,49.0972
2011-12-23,49.4027
2011-12-27,49.3757
2011-12-28,48.5041
2011-12-29,49.2320
2011-12-30,48.8366
2012-01-03,49.9418
2012-01-04,49.8969
2012-01-05,49.9508
2012-01-06,49.5824
2012-01-09,49.9957
2012-01-10,50.8404
2012-01-11,50.7326
2012-01-12,51.3885
2012-01-13,50.9482
2012-01-17,51.3615
2012-01-18,52.2871
2012-01-19,52.5656
2012-01-20,51.5592
2012-01-23,51.7749
2012-01-24,51.7839
2012-01-25,52.2152
2012-01-26,51.9636
2012-01-27,52.3589
2012-01-30,52.2781
2012-01-31,52.1523
2012-02-01,52.9610
2012-02-02,53.0419
2012-02-03,54.5784
2012-02-06,54.1920
2012-02-07,54.0572
2012-02-08,53.7966
2012-02-09,53.8146
2012-02-10,53.3114
2012-02-13,54.0392
2012-02-14,53.7697
2012-02-15,53.0149
2012-02-16,53.4372
2012-02-17,54.0033
2012-02-21,53.8146
2012-02-22,53.4732
2012-02-23,53.0149
2012-02-24,53.2575
2012-02-27,53.6439
2012-02-28,53.6888
2012-02-29,53.5271
2012-03-01,54.0213
2012-03-02,53.6888
2012-03-05,53.1047
2012-03-06,51.9097
2012-03-07,51.8827
2012-03-08,53.4552
2012-03-09,53.7158
2012-03-12,53.2485
2012-03-13,54.2459
2012-03-14,54.3807
2012-03-15,54.6772
2012-03-16,54.2459
2012-03-19,54.3268
2012-03-20,53.4462
2012-03-21,53.4372
2012-03-22,53.6888
2012-03-23,54.0572
2012-03-26,55.5129
2012-03-27,55.0816
2012-03-28,54.5874
2012-03-29,54.5424
2012-03-30,54.8569
2012-04-02,54.9198
2012-04-03,54.4795
2012-04-04,54.0482
2012-04-05,53.4552
2012-04-09,52.0175
2012-04-10,50.8404
2012-04-11,51.2897
2012-04-12,52.8262
2012-04-13,52.1792
2012-04-16,52.1163
2012-04-17,52.9520
2012-04-18,52.7723
2012-04-19,52.1163
2012-04-20,53.3653
2012-04-23,53.1946
2012-04-24,53.8506
2012-04-25,54.3448
2012-04-26,54.8120
2012-04-27,55.0726
2012-04-30,54.5065
2012-05-01,54.7491
2012-05-02,54.4885
2012-05-03,54.3358
2012-05-04,53.2934
2012-05-07,53.4821
2012-05-08,53.3474
2012-05-09,52.4488
2012-05-10,52.6285
2012-05-11,52.6105
2012-05-14,52.2511
2012-05-15,51.6491
2012-05-16,51.3436
2012-05-17,49.8520
2012-05-18,49.6273
2012-05-21,51.2447
2012-05-22,51.4694
2012-05-23,51.7749
2012-05-24,51.4604
2012-05-25,50.9931
2012-05-29,51.3975
2012-05-30,50.4989
2012-05-31,50.0137
2012-06-01,48.4682
2012-06-04,47.8033
2012-06-05,47.8841
2012-06-06,49.1152
2012-06-07,49.7531
2012-06-08,50.3102
2012-06-11,49.5375
2012-06-12,50.3641
2012-06-13,49.5285
2012-06-14,49.6183
2012-06-15,50.3552
2012-06-18,50.2114
2012-06-19,50.8404
2012-06-20,50.8044
2012-06-21,49.8070
2012-06-22,49.8789
2012-06-25,48.2705
2012-06-26,47.8572
2012-06-27,48.5221
2012-06-28,47.5517
2012-06-29,50.1755
2012-07-02,49.5644
2012-07-03,49.9508
2012-07-05,50.4001
2012-07-06,49.3218
2012-07-09,49.6094
2012-07-10,48.2615
2012-07-11,48.2525
2012-07-12,48.1627
2012-07-13,49.0433
2012-07-16,48.9534
2012-07-17,49.0073
2012-07-18,52.2781
2012-07-19,52.0714
2012-07-20,51.8827
2012-07-23,51.6131
2012-07-24,50.9302
2012-07-25,51.0381
2012-07-26,51.8827
2012-07-27,53.0239
2012-07-30,52.4668
2012-07-31,52.1613
2012-08-01,52.1163
2012-08-02,51.5053
2012-08-03,52.9340
2012-08-06,52.6914
2012-08-07,52.6285
2012-08-08,52.9520
2012-08-09,52.9879
2012-08-10,53.0239
2012-08-13,52.7543
2012-08-14,52.5027
2012-08-15,52.5387
2012-08-16,52.7992
2012-08-17,53.4642
2012-08-20,53.4642
2012-08-21,53.1137
2012-08-22,52.9071
2012-08-23,52.5476
2012-08-24,52.4398
2012-08-27,52.4668
2012-08-28,52.6195
2012-08-29,52.7723
2012-08-30,52.2152
2012-08-31,52.5207
2012-09-04,51.6850
2012-09-05,51.5502
2012-09-06,53.0329
2012-09-07,53.8236
2012-09-10,53.5181
2012-09-11,53.7248
2012-09-12,54.0033
2012-09-13,54.9198
2012-09-14,54.8300
2012-09-17,55.4590
2012-09-18,55.1624
2012-09-19,55.0636
2012-09-20,54.4077
2012-09-21,54.3807
2012-09-24,54.0303
2012-09-25,53.2934
2012-09-26,53.4103
2012-09-27,54.1291
2012-09-28,53.6888
2012-10-01,54.6323
2012-10-02,55.2164
2012-10-03,54.7761
2012-10-04,55.0546
2012-10-05,55.1984
2012-10-08,55.0636
2012-10-09,54.5245
2012-10-10,54.1291
2012-10-11,54.1740
2012-10-12,54.0932
2012-10-15,54.6772
2012-10-16,55.2793
2012-10-17,55.6117
2012-10-18,55.1894
2012-10-19,56.1509
2012-10-22,55.9622
2012-10-23,55.3062
2012-10-24,54.8300
2012-10-25,55.1984
2012-10-26,55.2523
2012-10-31,55.0277
2012-11-01,56.2767
2012-11-02,56.0969
2012-11-05,56.4294
2012-11-06,57.0854
2012-11-07,55.8184
2012-11-08,55.0816
2012-11-09,54.6593
2012-11-12,55.2074
2012-11-13,55.0277
2012-11-14,53.8775
2012-11-15,53.3114
2012-11-16,53.1497
2012-11-19,54.3088
2012-11-20,54.4616
2012-11-21,54.4436
2012-11-23,55.0456
2012-11-26,54.5065
2012-11-27,54.4706
2012-11-28,55.0277
2012-11-29,55.1175
2012-11-30,55.1085
2012-12-03,54.4436
2012-12-04,54.3807
2012-12-05,55.3242
2012-12-06,55.2793
2012-12-07,55.6836
2012-12-10,55.5848
2012-12-11,55.3961
2012-12-12,54.9019
2012-12-13,55.4769
2012-12-14,55.3062
2012-12-17,56.0610
2012-12-18,57.4717
2012-12-19,57.3010
2012-12-20,57.7683
2012-12-21,57.6964
2012-12-24,57.2112
2012-12-26,57.3370
2012-12-27,57.2741
2012-12-28,56.5372
2012-12-31,57.0314
2013-01-02,58.1816
2013-01-03,58.4062
2013-01-04,59.6013
2013-01-07,59.6283
2013-01-08,59.0712
2013-01-09,59.7900
2013-01-10,59.6822
2013-01-11,59.5833
2013-01-14,59.9877
2013-01-15,60.0955
2013-01-16,59.9607
2013-01-17,60.4819
2013-01-18,60.9312
2013-01-22,61.4613
2013-01-23,61.3445
2013-01-24,61.3176
2013-01-25,61.3984
2013-01-28,61.9286
2013-01-29,62.0813
2013-01-30,61.7039
2013-01-31,61.3176
2013-02-01,62.1353
2013-02-04,61.6051
2013-02-05,62.7912
2013-02-06,62.8271
2013-02-07,63.2315
2013-02-08,63.3753
2013-02-11,62.9799
2013-02-12,63.2764
2013-02-13,63.0608
2013-02-14,62.9799
2013-02-15,62.9979
2013-02-19,63.7347
2013-02-20,63.2135
2013-02-21,62.7193
2013-02-22,62.8002
2013-02-25,61.9555
2013-02-26,62.1083
2013-02-27,63.2135
2013-02-28,62.9889
2013-03-01,62.9440
2013-03-04,62.6295
2013-03-05,63.5100
2013-03-06,64.0402
2013-03-07,64.8489
2013-03-08,66.2237
2013-03-11,66.3675
2013-03-12,66.1248
2013-03-13,66.4483
2013-03-14,66.3225
2013-03-15,66.0080
2013-03-18,66.3944
2013-03-19,66.5202
2013-03-20,67.1222
2013-03-21,67.0234
2013-03-22,67.5625
2013-03-25,67.2660
2013-03-26,67.8231
2013-03-27,67.5446
2013-03-28,67.7063
2013-04-01,66.7898
2013-04-02,66.6820
2013-04-03,65.8912
2013-04-04,66.2686
2013-04-05,65.5767
2013-04-08,66.0889
2013-04-09,66.0799
2013-04-10,66.8617
2013-04-11,67.1222
2013-04-12,66.7179
2013-04-15,64.8759
2013-04-16,65.7564
2013-04-17,64.5973
2013-04-18,64.2199
2013-04-19,66.6550
2013-04-22,67.0234
2013-04-23,67.1762
2013-04-24,67.2391
2013-04-25,66.9695
2013-04-26,66.4034
2013-04-29,66.3135
2013-04-30,66.0799
2013-05-01,65.1724
2013-05-02,66.4663
2013-05-03,67.6075
2013-05-06,68.3623
2013-05-07,69.0991
2013-05-08,69.6202
2013-05-09,69.8898
2013-05-10,69.8539
2013-05-13,69.9617
2013-05-14,71.1298
2013-05-15,71.7858
2013-05-16,70.7434
2013-05-17,72.5585
2013-05-20,72.3608
2013-05-21,72.0194
2013-05-22,71.5162
2013-05-23,71.2017
2013-05-24,71.2466
2013-05-28,71.6779
2013-05-29,70.8063
2013-05-30,71.3814
2013-05-31,70.5008
2013-06-03,70.8513
2013-06-04,69.8539
2013-06-05,68.9194
2013-06-06,69.7820
2013-06-07,71.0579
2013-06-10,70.6985
2013-06-11,70.2313
2013-06-12,69.4765
2013-06-13,70.3660
2013-06-14,70.2492
2013-06-17,71.6240
2013-06-18,72.6484
2013-06-19,71.5971
2013-06-20,69.7910
2013-06-21,70.3121
2013-06-24,68.8744
2013-06-25,69.7730
2013-06-26,71.6600
2013-06-27,72.0643
2013-06-28,71.2915
2013-07-01,72.1721
2013-07-02,69.9797
2013-07-03,70.5458
2013-07-05,71.9385
2013-07-08,72.4866
2013-07-09,73.1336
2013-07-10,72.9719
2013-07-11,74.1939
2013-07-12,74.0142
2013-07-15,73.9513
2013-07-16,73.7087
2013-07-17,74.0771
2013-07-18,74.5533
2013-07-19,75.0925
2013-07-22,74.6162
2013-07-23,74.8229
2013-07-24,74.5893
2013-07-25,74.4455
2013-07-26,74.4725
2013-07-29,74.3646
2013-07-30,74.5803
2013-07-31,74.5623
2013-08-01,75.9820
2013-08-02,76.0899
2013-08-05,75.9551
2013-08-06,75.6226
2013-08-07,75.1643
2013-08-08,75.0385
2013-08-09,74.8678
2013-08-12,74.9667
2013-08-13,75.2003
2013-08-14,74.8948
2013-08-15,73.6907
2013-08-16,73.6458
2013-08-19,73.1965
2013-08-20,73.4301
2013-08-21,72.4058
2013-08-22,72.5765
2013-08-23,73.1426
2013-08-26,72.8281
2013-08-27,71.2107
2013-08-28,71.3904
2013-08-29,71.9385
2013-08-30,71.4982
2013-09-03,72.7652
2013-09-04,72.7472
2013-09-05,73.1336
2013-09-06,73.3762
2013-09-09,74.0681
2013-09-10,75.5956
2013-09-11,75.5058
2013-09-12,75.2812
2013-09-13,75.5238
2013-09-16,76.4672
2013-09-17,76.7817
2013-09-18,77.8600
2013-09-19,77.9858
2013-09-20,76.8087
2013-09-23,75.5956
2013-09-24,75.7035
2013-09-25,75.3351
2013-09-26,75.5238
2013-09-27,75.1014
2013-09-30,74.6162
2013-10-01,74.7780
2013-10-02,74.4365
2013-10-03,73.1875
2013-10-04,73.8974
2013-10-07,74.4994
2013-10-08,73.5200
2013-10-09,73.5919
2013-10-10,76.4583
2013-10-11,77.6893
2013-10-14,77.2580
2013-10-15,76.5032
2013-10-16,77.0513
2013-10-17,77.9409
2013-10-18,76.0000
2013-10-21,76.0629
2013-10-22,77.4197
2013-10-23,77.8960
2013-10-24,78.4261
2013-10-25,78.6238
2013-10-28,78.4710
2013-10-29,78.5878
2013-10-30,77.9229
2013-10-31,77.9319
2013-11-01,78.0936
2013-11-04,77.5545
2013-11-05,77.5815
2013-11-06,77.9229
2013-11-07,76.7907
2013-11-08,78.5699
2013-11-11,78.5519
2013-11-12,77.8061
2013-11-13,78.6328
2013-11-14,79.6751
2013-11-15,79.6302
2013-11-18,79.6841
2013-11-19,78.9473
2013-11-20,78.3722
2013-11-21,79.0191
2013-11-22,79.7919
2013-11-25,79.6032
2013-11-26,79.5493
2013-11-27,79.8548
2013-11-29,79.5313
2013-12-02,79.1989
2013-12-03,78.2374
2013-12-04,78.0218
2013-12-05,78.0487
2013-12-06,79.3606
2013-12-09,78.9562
2013-12-10,78.9293
2013-12-11,77.6803
2013-12-12,77.5365
2013-12-13,77.8241
2013-12-16,78.5070
2013-12-17,77.7073
2013-12-18,79.4774
2013-12-19,79.6481
2013-12-20,80.4658
2013-12-23,80.6186
2013-12-24,81.2745
2013-12-26,81.8586
2013-12-27,81.8945
2013-12-30,81.7687
2013-12-31,82.1012
2014-01-02,81.1577
2014-01-03,81.3374
2014-01-06,81.2566
2014-01-07,81.5890
2014-01-08,81.2655
2014-01-09,81.2925
2014-01-10,81.0139
2014-01-13,79.8548
2014-01-14,80.3221
2014-01-15,80.7893
2014-01-16,80.9151
2014-01-17,80.8252
2014-01-21,81.4003
2014-01-22,81.8496
2014-01-23,80.6905
2014-01-24,79.4954
2014-01-27,81.1308
2014-01-28,81.2745
2014-01-29,80.6366
2014-01-30,82.3977
2014-01-31,81.9754
2014-02-03,79.7470
2014-02-04,80.6545
2014-02-05,80.5018
2014-02-06,81.8945
2014-02-07,83.7096
2014-02-10,83.4311
2014-02-11,84.6082
2014-02-12,84.7250
2014-02-13,84.9406
2014-02-14,85.0125
2014-02-18,84.7789
2014-02-19,83.5209
2014-02-20,84.0690
2014-02-21,84.4015
2014-02-24,84.2488
2014-02-25,84.3476
2014-02-26,84.3386
2014-02-27,84.7969
2014-02-28,84.8598
2014-03-03,84.0960
2014-03-04,85.0035
2014-03-05,85.0575
2014-03-06,85.1383
2014-03-07,85.7583
2014-03-10,85.5876
2014-03-11,84.5632
2014-03-12,84.3296
2014-03-13,83.4311
2014-03-14,82.6763
2014-03-17,83.9253
2014-03-18,84.2398
2014-03-19,83.4670
2014-03-20,83.5209
2014-03-21,83.5569
2014-03-24,82.6403
2014-03-25,83.0627
2014-03-26,81.6250
2014-03-27,81.1397
2014-03-28,81.6699
2014-03-31,83.3502
2014-04-01,83.7995
2014-04-02,84.3566
2014-04-03,84.7160
2014-04-04,83.8624
2014-04-07,82.5774
2014-04-08,82.6403
2014-04-09,83.7545
2014-04-10,82.0742
2014-04-11,81.2296
2014-04-14,81.6968
2014-04-15,82.4067
2014-04-16,83.8354
2014-04-17,83.6557
2014-04-21,83.7276
2014-04-22,83.8714
2014-04-23,84.4914
2014-04-24,84.1319
2014-04-25,83.2514
2014-04-28,83.0806
2014-04-29,83.0896
2014-04-30,83.4760
2014-05-01,82.8829
2014-05-02,82.9998
2014-05-05,83.2154
2014-05-06,82.2899
2014-05-07,83.4940
2014-05-08,83.5299
2014-05-09,83.3861
2014-05-12,84.8148
2014-05-13,84.6621
2014-05-14,83.3322
2014-05-15,81.9125
2014-05-16,81.9484
2014-05-19,82.5685
2014-05-20,81.1937
2014-05-21,82.0024
2014-05-22,82.1731
2014-05-23,82.6403
2014-05-27,82.9908
2014-05-28,83.1256
2014-05-29,83.4131
2014-05-30,83.7006
2014-06-02,83.9343
2014-06-03,83.7995
2014-06-04,84.3296
2014-06-05,85.3180
2014-06-06,85.5427
2014-06-09,86.0908
2014-06-10,85.6685
2014-06-11,85.2821
2014-06-12,84.1589
2014-06-13,84.2577
2014-06-16,84.2847
2014-06-17,84.7340
2014-06-18,84.6351
2014-06-19,84.8598
2014-06-20,85.2012
2014-06-23,84.7070
2014-06-24,83.5838
2014-06-25,83.7545
2014-06-26,83.6198
2014-06-27,83.7995
2014-06-30,83.5209
2014-07-01,84.9946
2014-07-02,84.7160
2014-07-03,85.2551
2014-07-07,84.8059
2014-07-08,84.6531
2014-07-09,84.9496
2014-07-10,84.7160
2014-07-11,85.2731
2014-07-14,86.0279
2014-07-15,86.2256
2014-07-16,86.6120
2014-07-17,85.5157
2014-07-18,86.9983
2014-07-21,87.4656
2014-07-22,87.3308
2014-07-23,86.8007
2014-07-24,86.2705
2014-07-25,86.0459
2014-07-28,85.5157
2014-07-29,84.2667
2014-07-30,84.5273
2014-07-31,82.5145
2014-08-01,82.2809
2014-08-04,82.0922
2014-08-05,81.9844
2014-08-06,81.3734
2014-08-07,81.7328
2014-08-08,83.3053
2014-08-11,83.7096
2014-08-12,83.4850
2014-08-13,84.7070
2014-08-14,84.8148
2014-08-15,84.6711
2014-08-18,85.5966
2014-08-19,85.1114
2014-08-20,86.0549
2014-08-21,86.2076
2014-08-22,85.8662
2014-08-25,86.0908
2014-08-26,85.8212
2014-08-27,85.8751
2014-08-28,85.6325
2014-08-29,85.5696
2014-09-02,85.8122
2014-09-03,85.7763
2014-09-04,85.3540
2014-09-05,85.9111
2014-09-08,85.5786
2014-09-09,84.8777
2014-09-10,84.7879
2014-09-11,85.1293
2014-09-12,84.9137
2014-09-15,85.0485
2014-09-16,85.2372
2014-09-17,85.8482
2014-09-18,86.6120
2014-09-19,86.7108
2014-09-22,85.0934
2014-09-23,83.9163
2014-09-24,84.3117
2014-09-25,83.0267
2014-09-26,83.8354
2014-09-29,84.0421
2014-09-30,83.6737
2014-10-01,82.3618
2014-10-02,81.8766
2014-10-03,82.4067
2014-10-06,82.6224
2014-10-07,80.6815
2014-10-08,82.1731
2014-10-09,80.6635
2014-10-10,78.9832
2014-10-13,76.9704
2014-10-14,77.4467
2014-10-15,76.4762
2014-10-16,77.6264
2014-10-17,80.9241
2014-10-20,80.8702
2014-10-21,83.4940
2014-10-22,81.9125
2014-10-23,84.0870
2014-10-24,85.0934
2014-10-27,84.1948
2014-10-28,85.5157
2014-10-29,85.4079
2014-10-30,85.8931
2014-10-31,86.3693
2014-11-03,85.9560
2014-11-04,85.6235
2014-11-05,86.8995
2014-11-06,86.8995
2014-11-07,86.9534
2014-11-10,87.4027
2014-11-11,87.1421
2014-11-12,87.1691
2014-11-13,87.2140
2014-11-14,86.9714
2014-11-17,86.7378
2014-11-18,87.0073
2014-11-19,86.7737
2014-11-20,86.9175
2014-11-21,88.2653
2014-11-24,88.3012
2014-11-25,88.8494
2014-11-26,89.0291
2014-11-28,89.0201
2014-12-01,87.5195
2014-12-02,87.9328
2014-12-03,89.8288
2014-12-04,89.1908
2014-12-05,89.5772
2014-12-08,88.7326
2014-12-09,89.2447
2014-12-10,87.6094
2014-12-11,87.9598
2014-12-12,86.1537
2014-12-15,86.0908
2014-12-16,86.6030
2014-12-17,87.7531
2014-12-18,90.4218
2014-12-19,90.8981
2014-12-22,90.9430
2014-12-23,91.6349
2014-12-24,91.6169
2014-12-26,91.3204
2014-12-29,91.3563
2014-12-30,90.5027
2014-12-31,89.7839
2015-01-02,90.0624
2015-01-05,88.3462
2015-01-06,88.1395
2015-01-07,88.7775
2015-01-08,90.3949
2015-01-09,88.8943
2015-01-12,88.4630
2015-01-13,89.0920
2015-01-14,88.6786
2015-01-15,87.2589
2015-01-16,88.2563
2015-01-20,88.9392
2015-01-21,89.1818
2015-01-22,89.3076
2015-01-23,92.1021
2015-01-26,91.5540
2015-01-27,90.6645
2015-01-28,89.6940
2015-01-29,90.0085
2015-01-30,87.8430
2015-02-02,89.6491
2015-02-03,90.9969
2015-02-04,90.5297
2015-02-05,91.9584
2015-02-06,91.4282
2015-02-09,91.2845
2015-02-10,92.0482
2015-02-11,92.0392
2015-02-12,93.0007
2015-02-13,93.7914
2015-02-17,93.4500
2015-02-18,94.0071
2015-02-19,94.0790
2015-02-20,94.6720
2015-02-23,93.7914
2015-02-24,93.7196
2015-02-25,93.8004
2015-02-26,93.1265
2015-02-27,92.3537
2015-03-02,93.9711
2015-03-03,93.4859
2015-03-04,92.5964
2015-03-05,92.6682
2015-03-06,91.5361
2015-03-09,92.6772
2015-03-10,90.9071
2015-03-11,90.4398
2015-03-12,92.0662
2015-03-13,90.9071
2015-03-16,92.3537
2015-03-17,91.8416
2015-03-18,93.3062
2015-03-19,92.5694
2015-03-20,94.7080
2015-03-23,93.7196
2015-03-24,93.5039
2015-03-25,91.5900
2015-03-26,91.8056
2015-03-27,92.5155
2015-03-30,94.2677
2015-03-31,93.7285
2015-04-01,92.7671
2015-04-02,93.0097
2015-04-06,93.8903
2015-04-07,93.5668
2015-04-08,93.3152
2015-04-09,93.8004
2015-04-10,94.0790
2015-04-13,92.8030
2015-04-14,92.7761
2015-04-15,93.2613
2015-04-16,93.3781
2015-04-17,91.3833
2015-04-20,92.1740
2015-04-21,91.0508
2015-04-22,91.8236
2015-04-23,92.5604
2015-04-24,92.1021
2015-04-27,92.1381
2015-04-28,92.4885
2015-04-29,91.4192
2015-04-30,90.6824
2015-05-01,92.1021
2015-05-04,92.1740
2015-05-05,91.2395
2015-05-06,90.7453
2015-05-07,90.7633
2015-05-08,91.7607
2015-05-11,92.2729
2015-05-12,91.9314
2015-05-13,93.8453
2015-05-14,95.6425
2015-05-15,96.0109
2015-05-18,95.9390
2015-05-19,95.0764
2015-05-20,95.4538
2015-05-21,95.5706
2015-05-22,95.1752
2015-05-26,94.2048
2015-05-27,94.6900
2015-05-28,94.9685
2015-05-29,93.6297
2015-06-01,93.5039
2015-06-02,93.9532
2015-06-03,94.3306
2015-06-04,93.1984
2015-06-05,93.2164
2015-06-08,92.7850
2015-06-09,93.0546
2015-06-10,94.1419
2015-06-11,94.2587
2015-06-12,93.4949
2015-06-15,92.9468
2015-06-16,93.5398
2015-06-17,93.6297
2015-06-18,94.8248
2015-06-19,94.6541
2015-06-22,94.6810
2015-06-23,94.1329
2015-06-24,93.5398
2015-06-25,92.8749
2015-06-26,93.0366
2015-06-29,91.5181
2015-06-30,91.6259
2015-07-01,92.4077
2015-07-02,92.1111
2015-07-06,91.9943
2015-07-07,92.4077
2015-07-08,90.7273
2015-07-09,90.9160
2015-07-10,92.0213
2015-07-13,93.2433
2015-07-14,93.5219
2015-07-15,93.3062
2015-07-16,93.0636
2015-07-17,94.8338
2015-07-20,95.5796
2015-07-21,94.7080
2015-07-22,94.1149
2015-07-23,93.7375
2015-07-24,92.3448
2015-07-27,91.3294
2015-07-28,93.6297
2015-07-29,94.8338
2015-07-30,94.6900
2015-07-31,94.3935
2015-08-03,94.0790
2015-08-04,94.0071
2015-08-05,95.0045
2015-08-06,95.0584
2015-08-07,94.7619
2015-08-10,96.4152
2015-08-11,94.6810
2015-08-12,94.8338
2015-08-13,94.8158
2015-08-14,95.3190
2015-08-17,95.4987
2015-08-18,95.4358
2015-08-19,94.3845
2015-08-20,92.2279
2015-08-21,88.8494
2015-08-24,85.6146
2015-08-25,84.4015
2015-08-26,87.9059
2015-08-27,89.7569
2015-08-28,89.8737
2015-08-31,89.1998
2015-09-01,86.2256
2015-09-02,88.0676
2015-09-03,88.5708
2015-09-04,86.7917
2015-09-08,89.6850
2015-09-09,88.8314
2015-09-10,89.4514
2015-09-11,89.5143
2015-09-14,89.1549
2015-09-15,90.1433
2015-09-16,90.7184
2015-09-17,90.3320
2015-09-18,88.0946
2015-09-21,87.8250
2015-09-22,86.2975
2015-09-23,84.9946
2015-09-24,84.1230
2015-09-25,84.0331
2015-09-28,82.2989
2015-09-29,83.1345
2015-09-30,85.0844
2015-10-01,85.1024
2015-10-02,86.7467
2015-10-05,88.4001
2015-10-06,88.2473
2015-10-07,89.3975
2015-10-08,90.8172
2015-10-09,90.8981
2015-10-12,91.2036
2015-10-13,89.6940
2015-10-14,88.2923
2015-10-15,88.5079
2015-10-16,87.1870
2015-10-19,87.3218
2015-10-20,88.3102
2015-10-21,88.7505
2015-10-22,92.1740
2015-10-23,92.6682
2015-10-26,92.3537
2015-10-27,92.0572
2015-10-28,93.0726
2015-10-29,92.4975
2015-10-30,92.8030
2015-11-02,93.6117
2015-11-03,93.1355
2015-11-04,92.8839
2015-11-05,93.0906
2015-11-06,93.4500
2015-11-09,92.2908
2015-11-10,92.0123
2015-11-11,92.7850
2015-11-12,91.6259
2015-11-13,90.8262
2015-11-16,92.5155
2015-11-17,91.9134
2015-11-18,93.5039
2015-11-19,94.3845
2015-11-20,94.9146
2015-11-23,93.9801
2015-11-24,92.7042
2015-11-25,93.1175
2015-11-27,93.5039
2015-11-30,93.4051
2015-12-01,93.5848
2015-12-02,92.6413
2015-12-03,92.0123
2015-12-04,93.9442
2015-12-07,93.6117
2015-12-08,92.2459
2015-12-09,91.5540
2015-12-10,91.4372
2015-12-11,88.2653
2015-12-14,88.9392
2015-12-15,88.4810
2015-12-16,93.5219
2015-12-17,91.9314
2015-12-18,91.5001
2015-12-21,92.1920
2015-12-22,93.5938
2015-12-23,94.3126
2015-12-24,94.0340
2015-12-28,93.7465
2015-12-29,94.6541
2015-12-30,93.8633
2015-12-31,93.0636
2016-01-04,92.1650
2016-01-05,92.9198
2016-01-06,91.8685
2016-01-07,89.1639
2016-01-08,88.4450
2016-01-11,88.4360
2016-01-12,89.1099
2016-01-13,87.2499
2016-01-14,88.7236
2016-01-15,87.3937
2016-01-19,87.4566
2016-01-20,86.4772
2016-01-21,86.7827
2016-01-22,87.8969
2016-01-25,86.6928
2016-01-26,88.5169
2016-01-27,87.1241
2016-01-28,88.0317
2016-01-29,92.7311
2016-02-01,92.4436
2016-02-02,90.4488
2016-02-03,91.7966
2016-02-04,92.1471
2016-02-05,91.7697
2016-02-08,91.2305
2016-02-09,92.2998
2016-02-10,92.1920
2016-02-11,91.2395
2016-02-12,92.9827
2016-02-16,94.3036
2016-02-17,95.3639
2016-02-18,95.6694
2016-02-19,96.3883
2016-02-22,94.5013
2016-02-23,93.1265
2016-02-24,92.8210
2016-02-25,93.6207
2016-02-26,92.5784
2016-02-29,91.0688
2016-03-01,95.1303
2016-03-02,95.6874
2016-03-03,97.0262
2016-03-04,97.1790
2016-03-07,96.5680
2016-03-08,96.6668
2016-03-09,97.8799
2016-03-10,97.3677
2016-03-11,97.9697
2016-03-14,97.5025
2016-03-15,97.6552
2016-03-16,98.1494
2016-03-17,99.7579
2016-03-18,100.7283
2016-03-21,101.2495
2016-03-22,101.5190
2016-03-23,100.8271
2016-03-24,100.0274
2016-03-28,100.2790
2016-03-29,100.5486
2016-03-30,100.7912
2016-03-31,100.6834
2016-04-01,101.7437
2016-04-04,101.1326
2016-04-05,100.4408
2016-04-06,101.5909
2016-04-07,100.3419
2016-04-08,100.7463
2016-04-11,100.5845
2016-04-12,101.5640
2016-04-13,103.1005
2016-04-14,102.9028
2016-04-15,103.0016
2016-04-18,103.7475
2016-04-19,104.0530
2016-04-20,103.4959
2016-04-21,103.2622
2016-04-22,102.5883
2016-04-25,101.7616
2016-04-26,103.1544
2016-04-27,103.7295
2016-04-28,102.9927
2016-04-29,102.6782
2016-05-02,103.0376
2016-05-03,102.8938
2016-05-04,101.4741
2016-05-05,102.0941
2016-05-06,102.2379
2016-05-09,101.6808
2016-05-10,103.2802
2016-05-11,102.5344
2016-05-12,102.6063
2016-05-13,101.7167
2016-05-16,103.1903
2016-05-17,102.1031
2016-05-18,101.2584
2016-05-19,100.9260
2016-05-20,101.7347
2016-05-23,101.3573
2016-05-24,102.7680
2016-05-25,103.0825
2016-05-26,102.6063
2016-05-27,102.7321
2016-05-31,102.2828
2016-06-01,102.3816
2016-06-02,102.9118
2016-06-03,103.1454
2016-06-06,103.8193
2016-06-07,103.6486
2016-06-08,104.2956
2016-06-09,105.3199
2016-06-10,104.8437
2016-06-13,103.4509
2016-06-14,103.7924
2016-06-15,103.8014
2016-06-16,104.0440
2016-06-17,104.1608
2016-06-20,105.1851
2016-06-21,105.4008
2016-06-22,104.7449
2016-06-23,105.4188
2016-06-24,101.5190
2016-06-27,100.1532
2016-06-28,102.4895
2016-06-29,102.8489
2016-06-30,104.5202
2016-07-01,104.6820
2016-07-05,103.5408
2016-07-06,104.9695
2016-07-07,104.3315
2016-07-08,106.7846
2016-07-11,106.5420
2016-07-12,106.9463
2016-07-13,106.9733
2016-07-14,107.0092
2016-07-15,107.1350
2016-07-18,106.8295
2016-07-19,107.2428
2016-07-20,107.7191
2016-07-21,106.6228
2016-07-22,103.8822
2016-07-25,103.7744
2016-07-26,104.1877
2016-07-27,103.2982
2016-07-28,104.0170
2016-07-29,104.5292
2016-08-01,104.1248
2016-08-02,103.7385
2016-08-03,104.2417
2016-08-04,104.1877
2016-08-05,104.5651
2016-08-08,104.2686
2016-08-09,104.4663
2016-08-10,104.2596
2016-08-11,104.5651
2016-08-12,104.3225
2016-08-15,104.9875
2016-08-16,104.4393
2016-08-17,104.0350
2016-08-18,104.1069
2016-08-19,104.3315
2016-08-22,104.7538
2016-08-23,105.1402
2016-08-24,104.9156
2016-08-25,104.9246
2016-08-26,104.9066
2016-08-29,105.2840
2016-08-30,105.1492
2016-08-31,104.8707
2016-09-01,104.3495
2016-09-02,104.5831
2016-09-06,103.9721
2016-09-07,102.6512
2016-09-08,102.2738
2016-09-09,100.6474
2016-09-12,101.9773
2016-09-13,100.2790
2016-09-14,102.4625
2016-09-15,103.5857
2016-09-16,102.6692
2016-09-19,102.9208
2016-09-20,103.2173
2016-09-21,104.1698
2016-09-22,104.9785
2016-09-23,104.2147
2016-09-26,104.1788
2016-09-27,104.4214
2016-09-28,105.2750
2016-09-29,104.4034
2016-09-30,104.7628
2016-10-03,104.8332
2016-10-04,103.7763
2016-10-05,104.1196
2016-10-06,104.4357
2016-10-07,96.6037
2016-10-10,96.4773
2016-10-11,95.5559
2016-10-12,97.0464
2016-10-13,97.7962
2016-10-14,98.4646
2016-10-17,97.5974
2016-10-18,97.4439
2016-10-19,97.8052
2016-10-20,97.6878
2016-10-21,98.4285
2016-10-24,98.6995
2016-10-25,98.5279
2016-10-26,98.8531
2016-10-27,98.3111
2016-10-28,99.2144
2016-10-31,99.0789
2016-11-01,98.6001
2016-11-02,97.9768
2016-11-03,97.8775
2016-11-04,97.7871
2016-11-07,100.4972
2016-11-08,99.9281
2016-11-09,101.4999
2016-11-10,102.2496
2016-11-11,102.3038
2016-11-14,102.1141
2016-11-15,102.1864
2016-11-16,101.4186
2016-11-17,102.1684
2016-11-18,101.2560
2016-11-21,101.3644
2016-11-22,101.6444
2016-11-23,102.8278
2016-11-25,103.1349
2016-11-28,102.8459
2016-11-29,102.3851
2016-11-30,102.9272
2016-12-01,102.6833
2016-12-02,101.5812
2016-12-05,101.9696
2016-12-06,102.1413
2016-12-07,105.2488
2016-12-08,104.4719
2016-12-09,104.9958
2016-12-12,106.0618
2016-12-13,106.6760
2016-12-14,105.2488
2016-12-15,105.0952
2016-12-16,105.1313
2016-12-19,105.9534
2016-12-20,106.3328
2016-12-21,105.8721
2016-12-22,105.6191
2016-12-23,105.6824
2016-12-27,105.7185
2016-12-28,104.5622
2016-12-29,104.7880
2016-12-30,104.6525
2017-01-03,104.9507
2017-01-04,105.2397
2017-01-05,105.4746
2017-01-06,107.0735
2017-01-09,106.1882
2017-01-10,106.4592
2017-01-11,106.6038
2017-01-12,106.2605
2017-01-13,106.6580
2017-01-17,105.8992
2017-01-18,106.6489
2017-01-19,106.5134
2017-01-20,106.4321
2017-01-23,106.0618
2017-01-24,106.5586
2017-01-25,106.4863
2017-01-26,106.5676
2017-01-27,106.9741
2017-01-30,107.5975
2017-01-31,106.8838
2017-02-01,106.5947
2017-02-02,106.5857
2017-02-03,107.6697
2017-02-06,107.8052
2017-02-07,108.1485
2017-02-08,108.1575
2017-02-09,108.9976
2017-02-10,110.0726
2017-02-13,111.6715
2017-02-14,111.6715
2017-02-15,112.2677
2017-02-16,112.1593
2017-02-17,112.5207
2017-02-21,112.6562
2017-02-22,112.9543
2017-02-23,112.7556
2017-02-24,112.9453
2017-02-27,112.8188
2017-02-28,112.4665
2017-03-01,114.9507
2017-03-02,114.1196
2017-03-03,114.0112
2017-03-06,113.8938
2017-03-07,114.0564
2017-03-08,114.3545
2017-03-09,113.9931
2017-03-10,114.7610
2017-03-13,114.4809
2017-03-14,113.5595
2017-03-15,114.6977
2017-03-16,114.1467
2017-03-17,114.8694
2017-03-20,114.2732
2017-03-21,113.5144
2017-03-22,113.3698
2017-03-23,113.3879
2017-03-24,112.7104
2017-03-27,112.4665
2017-03-28,113.1711
2017-03-29,113.1892
2017-03-30,113.2885
2017-03-31,112.8007
2017-04-03,112.3129
2017-04-04,112.1774
2017-04-05,111.6264
2017-04-06,111.8612
2017-04-07,112.2587
2017-04-10,112.4304
2017-04-11,112.5026
2017-04-12,111.2470
2017-04-13,110.6598
2017-04-17,111.4999
2017-04-18,111.1837
2017-04-19,110.8766
2017-04-20,111.8070
2017-04-21,114.7971
2017-04-24,117.2452
2017-04-25,116.8025
2017-04-26,117.5252
2017-04-27,117.3265
2017-04-28,118.4647
2017-05-01,118.2479
2017-05-02,118.5099
2017-05-03,118.4015
2017-05-04,118.5189
2017-05-05,118.7086
2017-05-08,118.4557
2017-05-09,119.1603
2017-05-10,119.0067
2017-05-11,119.1512
2017-05-12,118.7809
2017-05-15,119.2235
2017-05-16,119.2506
2017-05-17,117.3807
2017-05-18,117.8143
2017-05-19,118.6996
2017-05-22,119.0970
2017-05-23,119.1061
2017-05-24,119.3680
2017-05-25,120.8224
2017-05-26,120.3708
2017-05-30,120.0817
2017-05-31,120.1359
2017-06-01,120.5514
2017-06-02,121.0754
2017-06-05,120.5876
2017-06-06,119.9100
2017-06-07,119.8920
2017-06-08,120.6418
2017-06-09,120.8586
2017-06-12,120.3798
2017-06-13,121.4006
2017-06-14,121.2651
2017-06-15,121.4728
2017-06-16,121.6174
2017-06-19,122.7104
2017-06-20,121.8703
2017-06-21,121.2741
2017-06-22,121.1115
2017-06-23,121.0392
2017-06-26,121.2831
2017-06-27,120.0817
2017-06-28,121.0212
2017-06-29,119.5306
2017-06-30,120.4069
2017-07-03,120.7863
2017-07-05,120.8676
2017-07-06,120.4792
2017-07-07,121.1567
2017-07-10,121.6716
2017-07-11,121.2470
2017-07-12,121.7438
2017-07-13,122.2497
2017-07-14,122.7014
2017-07-17,122.1865
2017-07-18,122.1232
2017-07-19,122.9905
2017-07-20,121.9064
2017-07-21,123.1711
2017-07-24,124.3997
2017-07-25,123.9841
2017-07-26,125.1043
2017-07-27,123.7402
2017-07-28,123.5686
2017-07-31,122.9634
2017-08-01,123.7673
2017-08-02,125.3120
2017-08-03,126.0709
2017-08-04,126.5045
2017-08-07,125.5289
2017-08-08,125.2669
2017-08-09,125.5650
2017-08-10,123.9751
2017-08-11,123.3879
2017-08-14,124.9055
2017-08-15,124.1377
2017-08-16,124.7339
2017-08-17,122.7195
2017-08-18,121.9064
2017-08-21,122.4665
2017-08-22,123.6680
2017-08-23,123.2253
2017-08-24,123.3428
2017-08-25,123.5957
2017-08-28,123.6409
2017-08-29,124.3274
2017-08-30,124.6978
2017-08-31,124.9055
2017-09-01,124.3274
2017-09-05,123.3157
2017-09-06,123.3518
2017-09-07,123.8306
2017-09-08,124.2732
2017-09-11,125.5650
2017-09-12,125.2759
2017-09-13,124.5713
2017-09-14,123.9480
2017-09-15,125.5198
2017-09-18,124.3635
2017-09-19,124.4358
2017-09-20,125.2850
2017-09-21,127.2452
2017-09-22,128.0492
2017-09-25,127.2000
2017-09-26,126.6851
2017-09-27,126.0799
2017-09-28,126.9923
2017-09-29,128.0402
2017-10-02,128.8712
2017-10-03,128.8803
2017-10-04,128.7719
2017-10-05,129.2416
2017-10-06,129.7384
2017-10-09,129.7204
2017-10-10,129.4584
2017-10-11,128.9254
2017-10-12,129.3500
2017-10-13,129.5126
2017-10-16,129.8559
2017-10-17,129.5668
2017-10-18,129.5758
2017-10-19,129.7384
2017-10-20,131.3012
2017-10-23,131.8161
2017-10-24,131.9968
2017-10-25,131.8794
2017-10-26,131.7439
2017-10-27,132.0691
2017-10-30,130.6599
2017-10-31,130.2263
2017-11-01,130.9218
2017-11-02,131.3554
2017-11-03,130.9580
2017-11-06,131.5271
2017-11-07,132.7646
2017-11-08,132.6653
2017-11-09,131.3825
2017-11-10,131.6626
2017-11-13,132.5388
2017-11-14,133.0808
2017-11-15,132.2226
2017-11-16,132.6833
2017-11-17,132.3310
2017-11-20,133.6409
2017-11-21,134.9146
2017-11-22,134.5894
2017-11-24,135.1947
2017-11-27,135.8902
2017-11-28,137.9950
2017-11-29,138.4286
2017-11-30,140.8857
2017-12-01,139.4765
2017-12-04,138.9074
2017-12-05,138.2660
2017-12-06,138.2118
2017-12-07,138.4648
2017-12-08,138.8080
2017-12-11,138.4015
2017-12-12,138.8803
2017-12-13,140.7412
2017-12-14,138.4196
2017-12-15,139.3410
2017-12-18,139.6481
2017-12-19,139.2145
2017-12-20,139.7746
2017-12-21,138.8622
2017-12-22,138.6545
2017-12-26,138.8984
2017-12-27,139.0700
2017-12-28,139.2326
2017-12-29,138.5370
2018-01-02,138.8532
2018-01-03,137.7059
2018-01-04,139.5668
2018-01-05,140.5424
2018-01-08,139.7836
2018-01-09,140.9309
2018-01-10,141.9065
2018-01-11,142.6563
2018-01-12,143.6951
2018-01-16,142.6292
2018-01-17,143.0989
2018-01-18,142.5298
2018-01-19,143.3519
2018-01-22,143.2164
2018-01-23,144.1649
2018-01-24,144.5081
2018-01-25,146.1974
2018-01-26,149.0429
2018-01-29,145.8632
2018-01-30,143.6048
2018-01-31,144.2371
2018-02-01,144.2191
2018-02-02,141.5090
2018-02-05,135.6553
2018-02-06,136.7665
2018-02-07,136.5768
2018-02-08,131.9065
2018-02-09,133.6048
2018-02-12,135.0230
2018-02-13,134.1468
2018-02-14,135.8451
2018-02-15,138.5912
2018-02-16,139.1423
2018-02-20,139.4223
2018-02-21,139.1603
2018-02-22,138.4919
2018-02-23,140.1269
2018-02-26,141.3735
2018-02-27,139.0429
2018-02-28,136.5045
2018-03-01,132.9815
2018-03-02,133.8216
2018-03-05,134.1558
2018-03-06,134.8965
2018-03-07,135.8722
2018-03-08,136.6129
2018-03-09,139.3049
2018-03-12,137.5163
2018-03-13,136.8568
2018-03-14,135.8812
2018-03-15,136.4684
2018-03-16,137.1097
2018-03-19,135.6824
2018-03-20,135.9354
2018-03-21,136.7303
2018-03-22,132.6833
2018-03-23,129.4313
2018-03-26,132.7375
2018-03-27,130.3889
2018-03-28,129.4132
2018-03-29,130.5424
2018-04-02,128.6635
2018-04-03,130.3166
2018-04-04,130.8405
2018-04-05,132.2497
2018-04-06,128.9435
2018-04-09,129.0248
2018-04-10,131.5542
2018-04-11,130.3347
2018-04-12,132.3130
2018-04-13,131.9968
2018-04-16,132.5659
2018-04-17,134.3274
2018-04-18,134.9327
2018-04-19,133.8125
2018-04-20,136.0167
2018-04-23,134.2552
2018-04-24,132.9905
2018-04-25,132.8459
2018-04-26,132.6111
2018-04-27,132.7285
2018-04-30,130.6960
2018-05-01,130.5424
2018-05-02,129.1603
2018-05-03,129.5036
2018-05-04,129.9823
2018-05-07,130.2263
2018-05-08,130.2895
2018-05-09,131.6084
2018-05-10,133.0628
2018-05-11,133.1170
2018-05-14,133.0628
2018-05-15,133.1079
2018-05-16,133.2886
2018-05-17,132.9001
2018-05-18,134.0022
2018-05-21,135.9444
2018-05-22,136.2877
2018-05-23,136.6942
2018-05-24,136.4774
2018-05-25,136.0980
2018-05-29,133.8758
2018-05-30,135.8993
2018-05-31,133.6138
2018-06-01,135.5831
2018-06-04,135.6283
2018-06-05,135.3844
2018-06-06,136.4051
2018-06-07,137.3898
2018-06-08,137.1820
2018-06-11,137.1910
2018-06-12,137.5434
2018-06-13,137.1549
2018-06-14,136.5858
2018-06-15,135.7095
2018-06-18,135.4566
2018-06-19,133.0447
2018-06-20,132.3762
2018-06-21,130.0546
2018-06-22,130.0817
2018-06-25,130.1178
2018-06-26,130.0907
2018-06-27,129.3048
2018-06-28,129.2958
2018-06-29,130.1269
2018-07-02,130.8134
2018-07-03,130.9309
2018-07-05,130.9128
2018-07-06,131.6355
2018-07-09,133.1712
2018-07-10,133.7312
2018-07-11,130.5515
2018-07-12,133.5957
2018-07-13,133.2434
2018-07-16,132.2497
2018-07-17,134.1377
2018-07-18,134.7339
2018-07-19,133.2796
2018-07-20,138.3293
2018-07-23,138.8442
2018-07-24,140.1631
2018-07-25,142.7466
2018-07-26,143.7403
2018-07-27,143.9390
2018-07-30,141.7529
2018-07-31,144.2191
2018-08-01,141.7258
2018-08-02,140.8315
2018-08-03,140.0546
2018-08-06,139.9914
2018-08-07,141.2471
2018-08-08,140.1992
2018-08-09,139.0790
2018-08-10,138.2931
2018-08-13,137.6246
2018-08-14,139.2326
2018-08-15,138.3744
2018-08-16,139.2055
2018-08-17,140.1721
2018-08-20,140.4431
2018-08-21,141.8071
2018-08-22,141.0393
2018-08-23,142.6472
2018-08-24,142.2859
2018-08-27,143.9481
2018-08-28,144.6256
2018-08-29,144.8062
2018-08-30,144.0384
2018-08-31,143.6861
2018-09-04,144.2100
2018-09-05,146.1522
2018-09-06,148.1577
2018-09-07,147.0736
2018-09-10,147.5795
2018-09-11,147.2995
2018-09-12,148.0493
2018-09-13,149.6933
2018-09-14,149.1513
2018-09-17,149.7295
2018-09-18,150.0818
2018-09-19,149.7746
2018-09-20,150.4431
2018-09-21,151.1658
2018-09-24,149.4675
2018-09-25,149.5578
2018-09-26,149.7385
2018-09-27,149.3772
2018-09-28,150.3167
2018-10-01,152.0067
2018-10-02,151.6322
2018-10-03,151.0386
2018-10-04,150.4267
2018-10-05,149.8422
2018-10-08,150.5637
2018-10-09,146.9836
2018-10-10,143.0382
2018-10-11,140.2984
2018-10-12,142.6546
2018-10-15,142.6638
2018-10-16,145.7233
2018-10-17,144.3442
2018-10-18,141.7322
2018-10-19,140.1614
2018-10-22,139.3760
2018-10-23,137.5403
2018-10-24,132.7364
2018-10-25,134.6908
2018-10-26,133.3757
2018-10-29,132.9500
2018-10-30,134.7408
2018-10-31,136.4939
2018-11-01,136.1451
2018-11-02,137.1159
2018-11-05,138.7182
2018-11-06,139.9152
2018-11-07,141.5646
2018-11-08,141.8944
2018-11-09,141.6777
2018-11-12,139.6136
2018-11-13,139.1894
2018-11-14,139.0481
2018-11-15,139.2743
2018-11-16,140.0094
2018-11-19,138.9915
2018-11-20,135.7681
2018-11-21,135.8153
2018-11-23,135.0236
2018-11-26,134.9859
2018-11-27,134.6748
2018-11-28,136.0038
2018-11-29,137.3610
2018-11-30,138.3129
2018-12-03,140.4147
2018-12-04,134.4769
2018-12-06,133.4213
2018-12-07,130.7352
2018-12-10,130.0188
2018-12-11,128.9444
2018-12-12,130.3393
2018-12-13,130.8388
2018-12-14,128.5957
2018-12-17,126.6541
2018-12-18,127.4081
2018-12-19,125.5985
2018-12-20,123.1574
2018-12-21,121.9981
2018-12-24,117.6532
2018-12-26,122.1206
2018-12-27,124.0057
2018-12-28,123.2422
2018-12-31,124.5240
2019-01-02,124.2507
2019-01-03,122.5919
2019-01-04,126.8803
2019-01-07,127.5872
2019-01-08,127.3233
2019-01-09,127.9171
2019-01-10,129.8304
2019-01-11,129.4628
2019-01-14,129.6984
2019-01-15,129.8492
2019-01-16,130.0848
2019-01-17,131.8379
2019-01-18,133.6946
2019-01-22,131.7813
2019-01-23,132.6484
2019-01-24,133.0631
2019-01-25,133.5627
2019-01-28,132.4034
2019-01-29,133.5910
2019-01-30,135.0424
2019-01-31,135.3723
2019-02-01,136.3902
2019-02-04,139.4251
2019-02-05,140.1414
2019-02-06,140.3393
2019-02-07,139.6324
2019-02-08,140.0660
2019-02-11,139.9435
2019-02-12,141.7154
2019-02-13,142.7710
2019-02-14,141.8662
2019-02-15,144.5052
2019-02-19,144.4675
2019-02-20,145.6927
2019-02-21,143.8360
2019-02-22,144.3921
2019-02-25,145.2026
2019-02-26,145.0707
2019-02-27,145.7116
2019-02-28,145.2121
2019-03-01,146.7672
2019-03-04,145.6173
2019-03-05,145.2875
2019-03-06,144.9010
2019-03-07,143.7135
2019-03-08,142.8746
2019-03-11,144.3827
2019-03-12,144.6748
2019-03-13,146.1263
2019-03-14,146.3242
2019-03-15,146.4185
2019-03-18,147.9076
2019-03-19,148.1998
2019-03-20,147.3044
2019-03-21,149.3402
2019-03-22,146.8709
2019-03-25,146.9651
2019-03-26,148.4260
2019-03-27,148.0773
2019-03-28,149.4251
2019-03-29,149.7832
2019-04-01,152.1866
2019-04-02,151.7813
2019-04-03,151.0745
2019-04-04,151.8096
2019-04-05,152.4034
2019-04-08,152.7427
2019-04-09,151.6023
2019-04-10,150.7729
2019-04-11,151.6494
2019-04-12,153.1291
2019-04-15,152.6861
2019-04-16,153.4967
2019-04-17,153.5250
2019-04-18,159.3402
2019-04-22,158.5674
2019-04-23,161.9321
2019-04-24,161.4420
2019-04-25,160.6221
2019-04-26,162.3468
2019-04-29,162.6296
2019-04-30,163.6475
2019-05-01,161.1122
2019-05-02,161.5269
2019-05-03,163.5627
2019-05-06,162.6861
2019-05-07,160.0848
2019-05-08,160.5655
2019-05-09,160.5938
2019-05-10,161.7625
2019-05-13,157.2290
2019-05-14,158.4920
2019-05-15,159.6418
2019-05-16,160.9708
2019-05-17,160.1791
2019-05-20,158.9255
2019-05-21,159.8492
2019-05-22,159.5759
2019-05-23,156.8709
2019-05-24,157.0971
2019-05-28,155.7587
2019-05-29,154.9199
2019-05-30,155.9378
2019-05-31,154.8633
2019-06-03,156.8992
2019-06-04,158.4826
2019-06-05,159.6701
2019-06-06,160.4713
2019-06-07,162.3563
2019-06-10,161.4326
2019-06-11,161.7813
2019-06-12,162.9595
2019-06-13,163.2328
2019-06-14,162.8746
2019-06-17,162.4505
2019-06-18,165.6456
2019-06-19,165.3252
2019-06-20,166.1546
2019-06-21,164.2884
2019-06-24,164.5712
2019-06-25,163.9397
2019-06-26,163.6098
2019-06-27,163.8454
2019-06-28,164.5523
2019-07-01,166.6447
2019-07-02,166.4656
2019-07-03,168.1433
2019-07-05,166.4373
2019-07-08,165.5702
2019-07-09,165.4288
2019-07-10,164.4298
2019-07-11,164.5052
2019-07-12,166.9557
2019-07-15,164.9482
2019-07-16,164.7314
2019-07-17,158.9255
2019-07-18,163.8831
2019-07-19,163.0443
2019-07-22,163.6004
2019-07-23,164.8068
2019-07-24,163.9585
2019-07-25,163.7794
2019-07-26,163.6286
2019-07-29,164.4958
2019-07-30,163.9114
2019-07-31,162.5448
2019-08-01,159.8021
2019-08-02,158.3506
2019-08-05,152.6956
2019-08-06,155.0613
2019-08-07,153.9962
2019-08-08,157.4081
2019-08-09,157.0876
2019-08-12,155.2215
2019-08-13,158.3223
2019-08-14,154.6089
2019-08-15,152.9406
2019-08-16,155.5419
2019-08-19,156.3242
2019-08-20,154.0716
2019-08-21,154.3732
2019-08-22,153.5344
2019-08-23,147.4929
2019-08-26,147.8888
2019-08-27,148.4260
2019-08-28,150.3770
2019-08-29,154.1942
2019-08-30,155.1555
2019-09-03,154.1282
2019-09-04,157.5306
2019-09-05,160.5749
2019-09-06,161.3195
2019-09-09,159.9057
2019-09-10,159.8586
2019-09-11,161.4326
2019-09-12,158.9350
2019-09-13,158.0679
2019-09-16,156.6541
2019-09-17,156.8897
2019-09-18,158.3129
2019-09-19,157.1819
2019-09-20,158.6334
2019-09-23,157.5306
2019-09-24,156.2300
2019-09-25,157.3327
2019-09-26,157.4270
2019-09-27,158.3789
2019-09-30,159.4722
2019-10-01,154.7502
2019-10-02,151.8190
2019-10-03,152.2337
2019-10-04,154.2224
2019-10-07,153.7983
2019-10-08,149.5005
2019-10-09,150.6503
2019-10-10,151.7154
2019-10-11,154.1282
2019-10-14,153.6098
2019-10-15,154.2319
2019-10-16,154.2224
2019-10-17,157.8888
2019-10-18,156.0509
2019-10-21,159.2271
2019-10-22,159.2271
2019-10-23,160.0848
2019-10-24,161.6023
2019-10-25,161.7625
2019-10-28,162.7521
2019-10-29,163.2045
2019-10-30,164.5617
2019-10-31,162.7992
2019-11-01,165.9943
2019-11-04,169.6513
2019-11-05,170.2922
2019-11-06,170.4147
2019-11-07,169.3308
2019-11-08,170.7917
2019-11-11,170.4335
2019-11-12,171.5457
2019-11-13,171.4892
2019-11-14,169.3214
2019-11-15,171.3007
2019-11-18,169.4628
2019-11-19,169.7644
2019-11-20,167.0311
2019-11-21,166.3808
2019-11-22,166.6258
2019-11-25,166.3619
2019-11-26,168.2564
2019-11-27,169.1046
2019-11-29,168.2846
2019-12-02,164.2978
2019-12-03,162.6296
2019-12-04,163.2516
2019-12-05,164.0057
2019-12-06,165.3723
2019-12-09,164.4581
2019-12-10,164.0339
2019-12-11,165.8907
2019-12-12,167.1913
2019-12-13,166.8049
2019-12-16,166.2582
2019-12-17,166.5410
2019-12-18,164.5994
2019-12-19,166.3525
2019-12-20,166.2677
2019-12-23,166.2865
2019-12-24,166.1734
2019-12-26,166.7106
2019-12-27,166.3336
2019-12-30,166.2771
2019-12-31,166.8237
2020-01-02,170.3959
2020-01-03,168.5768
2020-01-06,167.3044
2020-01-07,167.3987
2020-01-08,167.5401
2020-01-09,168.7747
2020-01-10,168.4072
2020-01-13,170.8483
2020-01-14,170.0754
2020-01-15,170.3393
2020-01-16,171.7813
2020-01-17,172.6956
2020-01-21,170.5278
2020-01-22,169.6984
2020-01-23,169.2554
2020-01-24,166.9463
2020-01-27,163.5627
2020-01-28,165.3723
2020-01-29,165.5702
2020-01-30,168.0867
2020-01-31,163.2611
2020-02-03,161.4703
2020-02-04,165.1367
2020-02-05,166.7295
2020-02-06,166.2111
2020-02-07,165.2026
2020-02-10,166.7766
2020-02-11,168.8501
2020-02-12,170.7634
2020-02-13,169.7644
2020-02-14,170.4147
2020-02-18,169.1046
2020-02-19,170.4618
2020-02-20,170.3110
2020-02-21,169.5382
2020-02-24,165.1932
2020-02-25,158.1527
2020-02-26,157.5683
2020-02-27,150.3770
2020-02-28,152.8464
2020-03-02,154.7974
2020-03-03,152.5825
2020-03-04,161.3478
2020-03-05,155.4383
2020-03-06,154.5994
2020-03-09,144.0716
2020-03-10,152.3940
2020-03-11,144.5712
2020-03-12,127.0971
2020-03-13,140.8200
2020-03-16,127.4929
2020-03-17,124.2224
2020-03-18,112.7333
2020-03-19,112.1206
2020-03-20,106.0320
2020-03-23,97.8888
2020-03-24,112.6390
2020-03-25,122.1960
2020-03-26,129.5005
2020-03-27,123.7229
2020-03-30,124.1753
2020-03-31,126.0980
2020-04-01,122.2526
2020-04-02,125.1744
2020-04-03,120.1225
2020-04-06,126.2959
2020-04-07,127.4647
2020-04-08,131.2441
2020-04-09,135.1838
2020-04-13,130.0094
2020-04-14,132.5071
2020-04-15,127.0877
2020-04-16,124.7220
2020-04-17,130.3676
2020-04-20,127.8982
2020-04-21,124.4109
2020-04-22,125.3817
2020-04-23,126.9369
2020-04-24,127.7286
2020-04-27,131.8379
2020-04-28,134.5523
2020-04-29,137.7568
2020-04-30,133.7418
2020-05-01,129.3591
2020-05-04,127.4270
2020-05-05,127.1159
2020-05-06,125.3911
2020-05-07,125.1555
2020-05-08,129.0387
2020-05-11,126.5599
2020-05-12,120.2545
2020-05-13,115.9001
2020-05-14,119.7455
2020-05-15,118.1998
2020-05-18,128.2187
2020-05-19,124.3638
2020-05-20,128.2092
2020-05-21,129.7738
2020-05-22,131.1781
2020-05-26,136.6070
2020-05-27,140.0471
2020-05-28,139.0763
2020-05-29,137.4647
2020-06-01,137.7757
2020-06-02,139.8209
2020-06-03,144.5335
2020-06-04,146.9463
2020-06-05,152.0924
2020-06-08,153.5533
2020-06-09,149.0104
2020-06-10,145.2592
2020-06-11,135.1932
2020-06-12,136.2017
2020-06-15,138.1998
2020-06-16,140.5372
2020-06-17,139.8115
2020-06-18,139.7078
2020-06-19,137.0123
2020-06-22,136.6070
2020-06-23,136.5316
2020-06-24,130.3959
2020-06-25,134.2696
2020-06-26,130.2639
2020-06-29,135.0047
2020-06-30,136.2771
2020-07-01,135.8247
2020-07-02,136.6824
2020-07-06,138.7559
2020-07-07,136.6353
2020-07-08,137.2196
2020-07-09,133.2422
2020-07-10,134.2601
2020-07-13,135.2403
2020-07-14,139.5853
2020-07-15,143.1951
2020-07-16,144.2790
2020-07-17,146.0886
2020-07-20,144.5712
2020-07-21,145.8624
2020-07-22,145.7210
2020-07-23,144.8916
2020-07-24,140.8388
2020-07-27,142.0924
2020-07-28,143.2705
2020-07-29,145.6927
2020-07-30,140.5844
2020-07-31,140.7823
2020-08-03,139.9906
2020-08-04,138.8596
2020-08-05,142.1489
2020-08-06,143.8077
2020-08-07,146.1923
2020-08-10,150.2639
2020-08-11,151.0650
2020-08-12,150.8671
2020-08-13,149.8398
2020-08-14,151.0650
2020-08-17,149.6324
2020-08-18,148.3318
2020-08-19,147.8322
2020-08-20,147.1913
2020-08-21,148.4449
2020-08-24,150.2074
2020-08-25,155.0707
2020-08-26,155.8058
2020-08-27,156.4467
2020-08-28,158.6993
2020-08-31,156.0320
2020-09-01,158.3129
2020-09-02,162.5542
2020-09-03,156.7389
2020-09-04,157.1065
2020-09-08,154.8256
2020-09-09,156.2206
2020-09-10,154.8256
2020-09-11,156.8803
2020-09-14,158.7842
2020-09-15,158.6239
2020-09-16,160.2262
2020-09-17,160.5467
2020-09-18,159.0009
2020-09-21,152.0924
2020-09-22,153.3271
2020-09-23,149.6607
2020-09-24,149.6324
2020-09-25,152.2055
2020-09-28,155.1744
2020-09-29,155.0518
2020-09-30,155.1461
2020-10-01,154.2696
2020-10-02,156.0886
2020-10-05,159.0198
2020-10-06,157.2950
2020-10-07,161.6871
2020-10-08,163.7889
2020-10-09,164.3544
2020-10-12,165.2780
2020-10-13,161.6871
2020-10-14,163.4967
2020-10-15,162.6861
2020-10-16,164.8068
2020-10-19,161.7248
2020-10-20,163.2988
2020-10-21,162.9312
2020-10-22,166.6824
2020-10-23,165.4477
2020-10-26,160.3864
2020-10-27,157.1631
2020-10-28,151.8944
2020-10-29,155.1367
2020-10-30,155.4665
2020-11-02,163.6286
2020-11-03,168.9067
2020-11-04,168.6239
2020-11-05,172.7427
2020-11-06,173.6758
2020-11-09,185.6645
2020-11-10,190.3676
2020-11-11,187.8322
2020-11-12,185.9001
2020-11-13,189.9529
2020-11-16,196.5975
2020-11-17,193.5250
2020-11-18,189.5476
2020-11-19,191.0650
2020-11-20,190.3864
2020-11-23,192.8181
2020-11-24,195.9378
2020-11-25,195.7399
2020-11-27,197.3704
2020-11-30,192.1960
2020-12-01,194.3450
2020-12-02,196.0415
2020-12-03,196.2488
2020-12-04,200.4524
2020-12-07,198.9632
2020-12-08,199.8775
2020-12-09,200.0377
2020-12-10,199.7832
2020-12-11,202.2903
2020-12-14,199.6701
2020-12-15,201.8567
2020-12-16,198.2187
2020-12-17,199.7549
2020-12-18,197.9642
2020-12-21,198.5485
2020-12-22,195.9849
2020-12-23,197.9171
2020-12-24,197.4835
2020-12-28,197.8699
2020-12-29,197.1065
2020-12-30,198.8219
2020-12-31,200.4713
2021-01-04,195.9943
2021-01-05,196.4750
2021-01-06,200.0565
2021-01-07,200.3864
2021-01-08,197.9548
2021-01-11,196.3808
2021-01-12,196.8709
2021-01-13,195.1178
2021-01-14,196.6164
2021-01-15,194.1282
2021-01-19,194.8728
2021-01-20,196.1169
2021-01-21,193.4307
2021-01-22,190.6221
2021-01-25,190.2639
2021-01-26,189.5005
2021-01-27,187.9171
2021-01-28,191.1781
2021-01-29,184.1376
2021-02-01,184.3167
2021-02-02,188.6145
2021-02-03,187.6909
2021-02-04,189.0575
2021-02-05,191.2535
2021-02-08,192.1395
2021-02-09,190.4053
2021-02-10,190.5372
2021-02-11,190.5561
2021-02-12,191.8662
2021-02-16,191.7436
2021-02-17,190.2922
2021-02-18,191.8190
2021-02-19,191.8567
2021-02-22,191.9133
2021-02-23,193.2516
2021-02-24,198.8973
2021-02-25,193.0160
2021-02-26,190.7163
2021-03-01,194.3638
2021-03-02,194.7031
2021-03-03,195.1084
2021-03-04,191.2724
2021-03-05,194.7031
2021-03-08,195.7587
2021-03-09,195.6739
2021-03-10,200.6692
2021-03-11,200.2827
2021-03-12,202.0547
2021-03-15,203.7700
2021-03-16,199.6324
2021-03-17,200.7823
2021-03-18,202.6579
2021-03-19,200.6692
2021-03-22,199.9340
2021-03-23,196.5975
2021-03-24,200.0188
2021-03-25,201.5834
2021-03-26,205.9661
2021-03-29,206.2959
2021-03-30,205.5514
2021-03-31,204.5900
2021-04-01,204.3355
2021-04-05,206.6635
2021-04-06,206.5881
2021-04-07,205.9378
2021-04-08,207.2196
2021-04-09,213.9303
2021-04-12,215.4571
2021-04-13,215.8341
2021-04-14,216.1923
2021-04-15,216.6258
2021-04-16,218.7653
2021-04-19,217.6909
2021-04-20,214.2601
2021-04-21,217.2479
2021-04-22,216.0792
2021-04-23,211.5928
2021-04-26,208.7842
2021-04-27,210.1131
2021-04-28,210.0565
2021-04-29,211.0273
2021-04-30,210.2168
2021-05-03,210.3676
2021-05-04,212.4694
2021-05-05,213.1857
2021-05-06,215.5137
2021-05-07,215.6362
2021-05-10,217.6626
2021-05-11,215.9849
2021-05-12,207.3893
2021-05-13,210.8200
2021-05-14,214.2884
2021-05-17,213.4496
2021-05-18,209.5382
2021-05-19,208.5957
2021-05-20,209.3591
2021-05-21,210.3676
2021-05-24,212.0641
2021-05-25,211.1593
2021-05-26,211.3761
2021-05-27,217.9736
2021-05-28,217.6343
2021-06-01,219.5570
2021-06-02,217.4741
2021-06-03,216.0226
2021-06-04,216.8237
2021-06-07,215.0707
2021-06-08,216.5975
2021-06-09,214.7125
2021-06-10,213.2422
2021-06-11,212.2337
2021-06-14,210.3393
2021-06-15,209.7078
2021-06-16,206.3996
2021-06-17,203.8549
2021-06-18,200.2827
2021-06-21,203.5815
2021-06-22,203.1008
2021-06-23,202.3186
2021-06-24,205.1744
2021-06-25,206.1640
2021-06-28,204.3261
2021-06-29,203.5344
2021-06-30,206.7389
2021-07-01,207.9359
2021-07-02,208.5957
2021-07-06,205.9943
2021-07-07,208.0490
2021-07-08,206.7106
2021-07-09,211.4420
2021-07-12,212.0829
2021-07-13,211.1970
2021-07-14,214.6748
2021-07-15,219.4251
2021-07-16,217.0876
2021-07-19,207.9736
2021-07-20,216.4562
2021-07-21,218.5203
2021-07-22,219.3591
2021-07-23,216.1357
2021-07-26,216.0697
2021-07-27,217.1159
2021-07-28,217.2384
2021-07-29,219.4910
2021-07-30,220.3487
2021-08-02,219.0575
2021-08-03,219.2743
2021-08-04,216.3902
2021-08-05,216.6635
2021-08-06,216.4750
2021-08-09,215.1084
2021-08-10,218.5485
2021-08-11,220.7163
2021-08-12,218.6051
2021-08-13,218.4354
2021-08-16,220.3016
2021-08-17,218.1433
2021-08-18,215.2875
2021-08-19,214.6371
2021-08-20,214.6089
2021-08-23,215.9378
2021-08-24,217.1913
2021-08-25,217.3987
2021-08-26,217.6060
2021-08-27,217.8511
2021-08-30,218.5391
2021-08-31,218.5768
2021-09-01,216.5881
2021-09-02,217.6909
2021-09-03,215.2309
2021-09-07,210.1131
2021-09-08,211.4986
2021-09-09,210.1131
2021-09-10,209.5853
2021-09-13,210.7446
2021-09-14,207.5306
2021-09-15,208.9444
2021-09-16,207.0217
2021-09-17,205.9284
2021-09-20,203.3271
2021-09-21,202.5448
2021-09-22,204.5429
2021-09-23,207.0688
2021-09-24,206.5881
2021-09-27,205.3723
2021-09-28,202.6107
2021-09-29,202.5636
2021-09-30,200.0754
2021-10-01,203.2516
2021-10-04,201.8944
2021-10-05,203.3176
2021-10-06,204.3921
2021-10-07,205.8153
2021-10-08,205.1838
2021-10-11,202.9124
2021-10-12,202.0075
2021-10-13,203.1857
2021-10-14,206.0226
2021-10-15,208.0302
2021-10-18,207.9453
2021-10-19,209.0292
2021-10-20,210.7823
2021-10-21,211.6117
2021-10-22,204.9010
2021-10-25,205.0330
2021-10-26,205.7681
2021-10-27,203.3176
2021-10-28,205.9189
2021-10-29,206.0509
2021-11-01,207.1254
2021-11-02,208.4731
2021-11-03,209.9906
2021-11-04,209.6984
2021-11-05,213.0631
2021-11-08,212.7521
2021-11-09,214.6560
2021-11-10,212.4505
2021-11-11,208.3035
2021-11-12,209.6041
2021-11-15,209.6796
2021-11-16,208.6428
2021-11-17,207.8134
2021-11-18,208.0113
2021-11-19,205.9284
2021-11-22,205.5985
2021-11-23,203.5815
2021-11-24,200.0094
2021-11-26,196.2394
2021-11-29,195.7210
2021-11-30,190.6126
2021-12-01,187.9548
2021-12-02,192.2714
2021-12-03,191.8002
2021-12-06,194.3921
2021-12-07,195.2403
2021-12-08,192.8841
2021-12-09,194.1565
2021-12-10,197.7474
2021-12-13,197.2008
2021-12-14,194.7974
2021-12-15,197.7003
2021-12-16,197.5589
2021-12-17,193.3742
2021-12-20,188.3600
2021-12-21,190.0754
2021-12-22,190.2356
2021-12-23,193.4213
2021-12-27,194.5617
2021-12-28,195.1461
2021-12-29,195.5985
2021-12-30,195.2026
2021-12-31,196.5222
2022-01-03,194.9105
2022-01-04,196.9840
2022-01-05,198.9255
2022-01-06,198.6993
2022-01-07,203.3459
2022-01-10,201.1876
2022-01-11,203.8737
2022-01-12,205.7022
2022-01-13,206.8143
2022-01-14,205.1367
2022-01-18,201.3101
2022-01-19,198.6145
2022-01-20,196.9086
2022-01-21,193.3082
2022-01-24,192.6956
2022-01-25,190.6692
2022-01-26,189.1140
2022-01-27,189.1140
2022-01-28,190.3770
2022-01-31,192.7238
2022-02-01,193.5344
2022-02-02,195.6173
2022-02-03,180.7163
2022-02-04,180.4901
2022-02-07,181.4138
2022-02-08,183.3742
2022-02-09,185.3157
2022-02-10,180.7257
2022-02-11,176.2394
2022-02-14,175.9566
2022-02-15,178.6334
2022-02-16,178.1904
2022-02-17,173.9774
2022-02-18,171.6588
2022-02-22,172.0641
2022-02-23,168.6711
2022-02-24,171.8567
2022-02-25,177.7191
2022-02-28,178.8407
2022-03-01,173.0443
2022-03-02,175.7210
2022-03-03,176.7389
2022-03-04,176.6541
2022-03-07,171.6871
2022-03-08,172.7050
2022-03-09,174.7408
2022-03-10,173.7606
2022-03-11,171.7625
2022-03-14,172.6673
2022-03-15,176.9934
2022-03-16,180.0471
2022-03-17,180.8954
2022-03-18,183.5250
2022-03-21,181.9227
2022-03-22,183.8172
2022-03-23,181.2818
2022-03-24,183.4967
2022-03-25,186.4185
2022-03-28,185.7776
2022-03-29,186.1828
2022-03-30,185.2403
2022-03-31,183.3930
2022-04-01,184.7597
2022-04-04,184.7974
2022-04-05,182.4977
2022-04-06,182.4882
2022-04-07,181.6211
2022-04-08,179.2271
2022-04-11,178.3883
2022-04-12,180.0094
2022-04-13,183.6475
2022-04-14,183.9680
2022-04-18,181.0273
2022-04-19,185.8624
2022-04-20,185.0518
2022-04-21,184.6748
2022-04-22,179.6701
2022-04-25,180.7917
2022-04-26,176.8803
2022-04-27,175.6362
2022-04-28,179.0009
2022-04-29,182.3845
2022-05-02,185.5514
2022-05-03,185.7116
2022-05-04,194.0151
2022-05-05,186.4939
2022-05-06,184.1942
2022-05-09,182.8087
2022-05-10,183.5721
2022-05-11,180.9802
2022-05-12,181.8285
2022-05-13,182.4034
2022-05-16,182.8087
2022-05-17,187.6155
2022-05-18,182.7238
2022-05-19,181.5740
2022-05-20,178.8407
2022-05-23,178.6805
2022-05-24,179.0387
2022-05-25,179.4910
2022-05-26,181.9981
2022-05-27,185.0613
2022-05-31,182.4882
2022-06-01,180.8765
2022-06-02,185.7116
2022-06-03,183.6192
2022-06-06,183.9680
2022-06-07,186.2582
2022-06-08,183.3365
2022-06-09,180.9708
2022-06-10,175.5702
2022-06-13,173.8172
2022-06-14,172.7427
2022-06-15,174.3355
2022-06-16,169.5382
2022-06-17,169.3685
2022-06-21,170.1320
2022-06-22,167.5118
2022-06-23,164.5335
2022-06-24,169.6701
2022-06-27,168.0396
2022-06-28,165.8341
2022-06-29,163.2422
2022-06-30,163.8172
2022-07-01,165.0424
2022-07-05,162.1960
2022-07-06,163.2516
2022-07-07,163.7983
2022-07-08,163.3742
2022-07-11,162.9029
2022-07-12,163.6286
2022-07-13,161.0462
2022-07-14,159.7644
2022-07-15,162.8652
2022-07-18,161.1216
2022-07-19,167.0405
2022-07-20,168.0113
2022-07-21,169.6796
2022-07-22,171.0368
2022-07-25,170.8388
2022-07-26,170.9896
2022-07-27,173.1008
2022-07-28,179.4910
2022-07-29,181.3949
2022-08-01,180.9519
2022-08-02,178.2469
2022-08-03,180.4901
2022-08-04,181.3761
2022-08-05,181.2158
2022-08-08,182.8181
2022-08-09,182.9312
2022-08-10,185.8907
2022-08-11,187.0971
2022-08-12,189.3214
2022-08-15,190.6221
2022-08-16,191.9604
2022-08-17,191.1216
2022-08-18,192.0075
2022-08-19,189.9717
2022-08-22,186.4656
2022-08-23,186.1923
2022-08-24,186.4185
2022-08-25,188.9067
2022-08-26,181.9604
2022-08-29,181.3572
2022-08-30,179.7361
2022-08-31,178.4637
2022-09-01,179.7644
2022-09-02,176.1451
2022-09-06,174.9293
2022-09-07,178.2187
2022-09-08,177.0217
2022-09-09,180.6692
2022-09-12,180.9896
2022-09-13,174.3450
2022-09-14,169.6230
2022-09-15,166.6918
2022-09-16,167.1536
2022-09-19,168.3600
2022-09-20,166.8332
2022-09-21,164.2790
2022-09-22,163.2894
2022-09-23,161.5269
2022-09-26,160.2922
2022-09-27,160.2922
2022-09-28,163.8360
2022-09-29,160.2922
2022-09-30,157.3704
2022-10-03,163.0914
2022-10-04,167.9453
2022-10-05,167.5872
2022-10-06,164.9764
2022-10-07,161.5551
2022-10-10,162.0075
2022-10-11,163.6381
2022-10-12,162.8558
2022-10-13,167.3421
2022-10-14,164.1470
2022-10-17,166.8615
2022-10-18,169.5382
2022-10-19,168.9727
2022-10-20,167.4270
2022-10-21,172.2997
2022-10-24,176.1546
2022-10-25,178.7465
2022-10-26,179.3308
2022-10-27,185.1932
2022-10-28,193.1480
2022-10-31,192.2903
2022-11-01,191.4232
2022-11-02,188.9444
2022-11-03,192.6390
2022-11-04,195.9001
2022-11-07,197.7097
2022-11-08,199.2083
2022-11-09,196.6353
2022-11-10,202.4505
2022-11-11,200.4995
2022-11-14,200.7540
2022-11-15,203.0443
2022-11-16,201.6965
2022-11-17,202.1772
2022-11-18,202.1960
2022-11-21,204.1093
2022-11-22,206.1828
2022-11-23,206.3242
2022-11-25,207.3987
2022-11-28,203.3647
2022-11-29,204.2601
2022-11-30,206.9274
2022-12-01,204.8916
2022-12-02,206.4845
2022-12-05,203.2045
2022-12-06,200.9331
2022-12-07,201.1781
2022-12-08,201.0839
2022-12-09,199.4628
2022-12-12,202.1678
2022-12-13,202.6013
2022-12-14,202.3751
2022-12-15,196.9557
2022-12-16,197.6814
2022-12-19,197.3704
2022-12-20,199.3308
2022-12-21,202.7333
2022-12-22,200.1037
2022-12-23,201.5740
2022-12-27,202.5353
2022-12-28,199.9906
2022-12-29,202.4034
2022-12-30,201.9793
2023-01-03,201.9793
2023-01-04,197.9642
2023-01-05,192.7144
2023-01-06,198.1810
2023-01-09,198.5580
2023-01-10,199.1894
2023-01-11,200.0943
2023-01-12,203.5627
2023-01-13,204.1565
2023-01-17,200.0377
2023-01-18,192.4977
2023-01-19,189.1235
2023-01-20,190.4147
2023-01-23,192.7050
2023-01-24,195.0330
2023-01-25,194.7879
2023-01-26,197.3139
2023-01-27,196.1640
2023-01-30,193.9491
2023-01-31,196.4939
2023-02-01,194.8351
2023-02-02,195.4571
2023-02-03,191.0368
2023-02-06,192.3091
2023-02-07,193.6569
2023-02-08,190.5938
2023-02-09,187.7663
2023-02-10,188.9444
2023-02-13,191.6777
2023-02-14,189.4439
2023-02-15,190.1131
2023-02-16,187.8982
2023-02-17,189.8398
2023-02-21,185.4477
2023-02-22,184.2507
2023-02-23,183.8077
2023-02-24,180.9991
2023-02-27,181.3855
2023-02-28,180.4713
2023-03-01,181.7908
2023-03-02,183.2705
2023-03-03,185.5042
2023-03-06,185.7116
2023-03-07,184.3732
2023-03-08,184.3261
2023-03-09,181.7908
2023-03-10,182.2149
2023-03-13,181.9981
2023-03-14,181.8756
2023-03-15,177.3044
2023-03-16,178.2658
2023-03-17,174.0245
2023-03-20,178.9632
2023-03-21,180.1696
2023-03-22,176.3996
2023-03-23,176.1734
2023-03-24,177.3421
2023-03-27,177.1819
2023-03-28,177.1159
2023-03-29,178.1998
2023-03-30,178.2469
2023-03-31,180.1320
2023-04-03,182.1678
2023-04-04,179.9623
2023-04-05,178.5391
2023-04-06,179.5099
2023-04-10,180.6598
2023-04-11,181.1404
2023-04-12,182.1206
2023-04-13,184.6371
2023-04-14,185.2498
2023-04-17,186.4845
2023-04-18,185.6079
2023-04-19,186.4373
2023-04-20,185.4383
2023-04-21,184.8068
2023-04-24,185.4665
2023-04-25,184.6937
2023-04-26,179.9246
2023-04-27,187.1913
2023-04-28,188.3506
2023-05-01,188.9538
2023-05-02,186.8615
2023-05-03,186.5787
2023-05-04,184.9387
2023-05-05,187.0123
2023-05-08,185.6268
2023-05-09,185.7964
2023-05-10,185.9943
2023-05-11,182.8275
2023-05-12,182.4882
2023-05-15,183.1385
2023-05-16,180.5938
2023-05-17,184.7502
2023-05-18,186.8520
2023-05-19,186.0038
2023-05-22,185.6079
2023-05-23,183.7606
2023-05-24,180.8294
2023-05-25,181.2158
2023-05-26,182.6107
2023-05-30,183.3647
2023-05-31,180.5844
2023-06-01,182.7144
2023-06-02,187.4175
2023-06-05,185.8435
2023-06-06,185.0518
2023-06-07,186.9840
2023-06-08,186.7578
2023-06-09,186.5127
2023-06-12,187.0876
2023-06-13,189.5476
2023-06-14,188.9915
2023-06-15,192.0170
2023-06-16,191.3007
2023-06-20,188.8784
2023-06-21,190.1979
2023-06-22,189.1140
2023-06-23,188.5862
2023-06-26,190.9331
2023-06-27,191.6494
2023-06-28,190.8577
2023-06-29,194.5994
2023-06-30,195.5702
2023-07-03,196.3242
2023-07-05,194.5617
2023-07-06,192.2809
2023-07-07,191.5740
2023-07-10,195.7964
2023-07-11,196.7295
2023-07-12,196.5316
2023-07-13,196.7106
2023-07-14,194.2884
2023-07-17,196.2017
2023-07-18,193.4496
2023-07-19,193.3742
2023-07-20,196.0038
2023-07-21,196.6070
2023-07-24,197.2856
2023-07-25,197.6249
2023-07-26,196.2865
2023-07-27,185.1178
2023-07-28,183.9680
2023-07-31,182.9689
2023-08-01,182.3563
2023-08-02,181.8096
2023-08-03,179.5570
2023-08-04,178.3318
2023-08-07,178.6993
2023-08-08,176.8615
2023-08-09,178.3600
2023-08-10,177.8888
2023-08-11,179.7078
2023-08-14,178.6145
2023-08-15,177.0028
2023-08-16,175.7681
2023-08-17,175.2875
2023-08-18,175.8530
2023-08-21,176.2017
2023-08-22,175.3157
2023-08-23,176.3242
2023-08-24,174.5146
2023-08-25,175.5891
2023-08-28,177.0782
2023-08-29,178.6239
2023-08-30,177.7191
2023-08-31,177.1348
2023-09-01,177.5589
2023-09-05,175.0236
2023-09-06,173.9020
2023-09-07,173.5344
2023-09-08,173.9114
2023-09-11,175.5042
2023-09-12,178.3318
2023-09-13,180.5749
2023-09-14,182.4317
2023-09-15,181.9416
2023-09-18,183.2799
2023-09-19,184.1188
2023-09-20,183.2611
2023-09-21,180.4241
2023-09-22,178.8690
2023-09-25,180.8294
2023-09-26,177.0876
2023-09-27,177.0782
2023-09-28,176.3525
2023-09-29,174.1188
2023-10-02,172.1112
2023-10-03,170.7257
2023-10-04,172.0075
2023-10-05,169.6701
2023-10-06,174.0434
2023-10-09,175.7964
2023-10-10,175.6268
2023-10-11,176.6258
2023-10-12,173.3647
2023-10-13,173.0066
2023-10-16,175.5231
2023-10-17,175.6079
2023-10-18,172.9218
2023-10-19,171.7908
2023-10-20,170.8954
2023-10-23,170.1414
2023-10-24,171.0273
2023-10-25,167.8511
2023-10-26,165.9378
2023-10-27,166.8237
2023-10-30,169.4156
2023-10-31,172.7238
2023-11-01,173.4119
2023-11-02,175.7116
2023-11-03,178.1244
2023-11-06,176.7201
2023-11-07,175.8812
2023-11-08,174.0057
2023-11-09,173.1197
2023-11-10,175.9755
2023-11-13,175.7870
2023-11-14,179.3026
2023-11-15,178.6522
2023-11-16,179.7455
2023-11-17,180.2168
2023-11-20,180.7729
2023-11-21,180.2451
2023-11-22,181.2535
2023-11-24,182.2903
2023-11-27,181.8756
2023-11-28,183.1008
2023-11-29,183.0914
2023-11-30,184.6560
2023-12-01,186.4090
2023-12-04,186.9557
2023-12-05,185.6268
2023-12-06,186.4185
2023-12-07,186.4185
2023-12-08,183.4213
2023-12-11,188.8690
2023-12-12,189.9246
2023-12-13,191.4043
2023-12-14,191.7154
2023-12-15,191.7059
2023-12-18,193.3082
2023-12-19,192.8369
2023-12-20,191.2347
2023-12-21,193.2611
2023-12-22,193.8172
2023-12-26,196.0792
2023-12-27,197.0028
2023-12-28,197.1442
2023-12-29,197.6532
2024-01-02,196.9840
2024-01-03,192.7710
2024-01-04,193.1197
2024-01-05,191.8285
2024-01-08,191.0085
2024-01-09,190.0377
2024-01-10,190.7634
2024-01-11,190.0754
2024-01-12,189.5382
2024-01-16,186.3996
2024-01-17,186.5693
2024-01-18,188.6239
2024-01-19,189.2366
2024-01-22,189.4816
2024-01-23,191.2724
2024-01-24,188.3789
2024-01-25,190.9142
2024-01-26,190.1979
2024-01-29,191.3761
2024-01-30,194.0622
2024-01-31,190.6315
2024-02-01,185.9661
2024-02-02,184.8351
2024-02-05,181.9133
2024-02-06,182.5071
2024-02-07,182.9406
2024-02-08,182.3374
2024-02-09,183.6381
2024-02-12,186.0038
2024-02-13,182.8558
2024-02-14,183.6664
2024-02-15,186.5693
2024-02-16,185.8341
2024-02-20,187.5023
2024-02-21,188.0584
2024-02-22,189.2648
2024-02-23,189.0952
2024-02-26,187.7380
2024-02-27,186.7861
2024-02-28,186.2111
2024-02-29,187.3044
2024-03-01,187.2479
2024-03-04,187.7851
2024-03-05,186.0038
2024-03-06,188.9727
2024-03-07,190.9613
2024-03-08,189.2083
2024-03-11,188.7747
2024-03-12,187.6814
2024-03-13,188.2469
2024-03-14,185.0613
2024-03-15,186.3242
2024-03-18,185.4477
2024-03-19,187.5966
2024-03-20,189.6136
2024-03-21,189.8021
2024-03-22,189.1894
2024-03-25,187.0688
2024-03-26,189.4439
2024-03-27,193.3365
2024-03-28,193.4496
2024-04-01,190.3959
2024-04-02,188.7182
2024-04-03,186.5881
2024-04-04,184.7785
2024-04-05,185.8153
2024-04-08,186.3902
2024-04-09,187.0028
2024-04-10,184.4015
2024-04-11,185.5514
2024-04-12,184.8822
2024-04-15,182.8841
2024-04-16,179.7549
2024-04-17,179.4156
2024-04-18,180.0943
2024-04-19,183.0914
2024-04-22,184.3355
2024-04-23,184.8822
2024-04-24,183.5910
2024-04-25,181.9227
2024-04-26,182.3280
2024-04-29,182.6296
2024-04-30,181.6494
2024-05-01,184.0716
2024-05-02,182.5071
2024-05-03,184.5523
2024-05-06,183.7889
2024-05-07,185.5325
2024-05-08,186.6635
2024-05-09,189.0952
2024-05-10,191.2535
2024-05-13,192.0829
2024-05-14,191.5269
2024-05-15,193.2705
2024-05-16,194.7408
2024-05-17,194.1282
2024-05-20,192.8558
2024-05-21,191.8096
2024-05-22,191.1404
2024-05-23,187.9265
2024-05-24,188.2092
2024-05-28,187.7286
2024-05-29,185.7399
2024-05-30,189.3591
2024-05-31,190.5655
2024-06-03,190.8200
2024-06-04,195.3157
2024-06-05,197.2384
2024-06-06,196.4656
2024-06-07,196.7766
2024-06-10,198.6239
2024-06-11,197.4364
2024-06-12,196.5127
2024-06-13,196.6353
2024-06-14,196.5410
2024-06-17,199.7644
2024-06-18,200.6315
2024-06-20,201.8285
2024-06-21,202.7238
2024-06-24,203.4778
2024-06-25,202.1206
2024-06-26,201.1593
2024-06-27,202.0547
2024-06-28,201.2630
2024-07-01,198.8219
2024-07-02,200.9708
2024-07-03,200.2451
2024-07-05,200.0377
2024-07-08,199.4628
2024-07-09,198.4920
2024-07-10,202.1583
2024-07-11,202.4977
2024-07-12,202.7427
2024-07-15,203.3176
2024-07-16,205.9095
2024-07-17,207.5495
2024-07-18,205.1555
2024-07-19,202.2714
2024-07-22,204.4958
2024-07-23,204.8822
2024-07-24,201.3666
2024-07-25,190.8106
2024-07-26,191.0839
2024-07-29,189.8209
2024-07-30,190.9896
2024-07-31,192.9783
2024-08-01,192.8181
2024-08-02,191.9793
2024-08-05,188.2281
2024-08-06,187.3704
2024-08-07,186.5410
2024-08-08,188.3318
2024-08-09,186.8332
2024-08-12,185.4760
2024-08-13,185.4194
2024-08-14,186.2394
2024-08-15,187.0500
2024-08-16,187.0876
2024-08-19,187.5966
2024-08-20,188.5674
2024-08-21,189.8398
2024-08-22,188.6334
2024-08-23,190.8388
2024-08-26,192.1301
2024-08-27,194.2601
2024-08-28,193.2139
2024-08-29,195.5796
2024-08-30,195.9566
2024-09-03,193.0820
2024-09-04,193.7229
2024-09-05,191.3101
2024-09-06,186.7389
2024-09-09,189.5947
2024-09-10,189.3968
2024-09-11,192.3091
2024-09-12,192.9029
2024-09-13,192.4128
2024-09-16,192.9124
2024-09-17,192.4977
2024-09-18,190.0471
2024-09-19,191.9887
2024-09-20,191.6588
2024-09-23,192.0547
2024-09-24,193.4684
2024-09-25,194.8916
2024-09-26,195.1272
2024-09-27,195.6927
2024-09-30,194.8256
2024-10-01,194.2224
2024-10-02,192.1583
2024-10-03,191.2158
2024-10-04,192.0641
2024-10-07,191.6400
2024-10-08,195.0990
2024-10-09,201.4138
2024-10-10,201.3195
2024-10-11,203.5721
2024-10-14,205.0895
2024-10-15,204.7785
2024-10-16,206.3714
2024-10-17,206.9274
2024-10-18,209.2554
2024-10-21,208.7653
2024-10-22,209.5665
2024-10-23,207.6720
2024-10-24,197.0782
2024-10-25,196.0415
2024-10-28,194.2507
2024-10-29,194.1376
2024-10-30,192.4599
2024-10-31,193.8549
2024-11-01,197.1631
2024-11-04,195.6079
2024-11-05,196.7766
2024-11-06,203.9585
2024-11-07,204.9953
2024-11-08,206.8709
2024-11-11,212.2903
2024-11-12,220.4618
2024-11-13,219.6701
2024-11-14,217.4081
2024-11-15,215.8247
2024-11-18,215.6927
2024-11-19,215.0801
2024-11-20,213.6381
2024-11-21,213.0914
2024-11-22,215.9378
2024-11-25,217.3421
2024-11-26,217.1536
2024-11-27,216.4373
2024-11-29,219.5382
2024-12-02,216.7295
2024-12-03,213.9114
2024-12-04,216.5787
2024-12-05,213.2799
2024-12-06,213.3647
2024-12-09,212.1489
2024-12-10,215.9095
2024-12-11,215.8907
2024-12-12,214.5994
2024-12-13,214.5335
2024-12-16,222.4317
2024-12-17,219.7267
2024-12-18,213.8172
2024-12-19,213.8360
2024-12-20,215.1932
2024-12-23,214.0811
2024-12-24,215.7399
2024-12-26,218.5297
2024-12-27,216.3148
2024-12-30,213.5721
2024-12-31,212.9029
2025-01-02,212.5542
2025-01-03,213.4967
2025-01-06,208.9915
2025-01-07,207.9453
2025-01-08,207.5118
2025-01-10,205.6456
2025-01-13,206.5033
2025-01-14,205.9378
2025-01-15,206.9180
2025-01-16,209.8869
2025-01-17,209.7832
2025-01-21,212.1301
2025-01-22,210.2639
2025-01-23,212.6861
2025-01-24,208.7747
2025-01-27,212.7333
2025-01-28,208.0113
2025-01-29,208.3412
2025-01-30,211.1781
2025-01-31,210.8577
2025-02-03,209.6230
2025-02-04,210.6974
2025-02-05,209.5665
2025-02-06,197.7568
2025-02-07,193.7041
2025-02-10,196.5316
2025-02-11,195.0424
2025-02-12,193.2234
2025-02-13,193.4684
2025-02-14,191.0933
2025-02-18,196.0792
2025-02-19,198.6899
2025-02-20,199.1989
2025-02-21,199.7549
2025-02-24,197.8417
2025-02-25,199.8115
2025-02-26,199.1800
2025-02-27,200.0660
2025-02-28,200.6503
2025-03-03,199.8304
2025-03-04,196.0415
2025-03-05,197.5683
2025-03-06,199.1140
2025-03-07,202.1866
2025-03-10,201.5269
2025-03-11,196.5975
2025-03-12,194.4863
2025-03-13,194.8068
2025-03-14,197.4270
2025-03-17,198.3223
2025-03-18,197.6814
2025-03-19,196.6541
2025-03-20,198.7653
2025-03-21,198.0396
2025-03-24,199.6701
2025-03-25,199.9246
2025-03-26,200.8671
2025-03-27,201.8567
2025-03-28,198.2469
2025-03-31,199.5759
2025-04-01,201.1781
2025-04-02,203.5721
2025-04-03,194.7974
2025-04-04,180.0094
2025-04-07,176.6824
2025-04-08,172.3468
2025-04-09,187.6532
2025-04-10,182.2714
2025-04-11,187.1348
2025-04-14,188.7370
2025-04-15,187.3798
2025-04-16,182.1678
2025-04-17,185.2969
2025-04-21,183.0631
2025-04-22,186.9651
2025-04-23,185.9661
2025-04-24,189.1989
2025-04-25,187.7097
2025-04-28,189.1235
2025-04-29,199.3308
2025-04-30,198.3977
2025-05-01,198.6239
2025-05-02,201.8190
2025-05-05,201.9321
2025-05-06,197.8605
2025-05-07,202.2714
2025-05-08,202.2055
2025-05-09,200.7823
2025-05-12,206.7295
2025-05-13,205.6739
2025-05-14,204.6937
2025-05-15,209.5099
2025-05-16,210.0660
2025-05-19,212.0075
2025-05-20,212.1206
2025-05-21,209.1140
2025-05-22,210.7729
2025-05-23,209.2648
2025-05-27,213.4402
2025-05-28,211.6965
2025-05-29,212.2432
2025-05-30,213.6381
2025-06-02,212.5542
2025-06-03,213.7323
2025-06-04,214.3732
2025-06-05,213.6381
2025-06-06,215.6268
2025-06-09,214.0716
2025-06-10,213.2516
2025-06-11,212.8369
2025-06-12,213.0537
2025-06-13,211.3949
2025-06-16,211.2064
2025-06-17,209.0387
2025-06-18,209.1140
2025-06-20,209.0481
2025-06-23,211.8190
2025-06-24,211.6871
2025-06-25,209.0387
2025-06-26,213.3647
2025-06-27,215.6927
2025-06-30,219.4910
2025-07-01,225.0424
2025-07-02,225.5042
2025-07-03,226.5787
2025-07-07,225.5891
2025-07-08,226.0132
2025-07-09,224.9953
2025-07-10,223.1574
2025-07-11,222.3657
2025-07-14,224.3732
2025-07-15,221.7719
2025-07-16,223.2611
2025-07-17,224.6654
2025-07-18,222.9406
2025-07-21,221.6965
2025-07-22,222.9783
2025-07-23,225.5137
2025-07-24,211.5740
2025-07-25,211.3478
2025-07-28,212.1395
2025-07-29,208.9727
2025-07-30,209.3874
2025-07-31,209.5665
2025-08-01,205.1932
2025-08-04,208.0961
2025-08-05,208.3506
2025-08-06,206.6258
2025-08-07,204.1282
2025-08-08,203.8737
2025-08-11,204.0057
2025-08-12,204.5335
2025-08-13,207.1065
2025-08-14,205.6550
2025-08-15,204.3073
2025-08-18,203.9585
2025-08-19,204.2790
2025-08-20,204.5240
2025-08-21,204.9199
2025-08-22,210.0188
2025-08-25,207.9265
2025-08-26,209.7644
2025-08-27,208.5297
2025-08-28,208.6239
2025-08-29,206.8803
2025-09-02,205.0895
2025-09-03,201.6965
2025-09-04,202.7898
2025-09-05,201.9321
2025-09-08,202.4034
2025-09-09,201.8850
2025-09-10,199.5287
2025-09-11,202.9312
2025-09-12,199.3026
2025-09-15,199.5665
2025-09-16,198.8219
2025-09-17,199.5099
2025-09-18,198.1150
2025-09-19,197.3327
2025-09-22,196.9840
2025-09-23,197.2762
2025-09-24,196.6070
2025-09-25,195.7587
2025-09-26,196.2206
2025-09-29,197.2479
2025-09-30,198.3977
2025-10-01,198.0961
2025-10-02,198.8784
2025-10-03,197.0311
2025-10-06,196.9840
2025-10-07,196.9651
2025-10-08,197.7851
2025-10-09,192.4882
2025-10-10,189.3591
2025-10-13,191.2441
2025-10-14,196.6164
2025-10-15,190.8577
2025-10-16,191.4892
2025-10-17,191.2912
2025-10-20,194.1847
2025-10-21,197.0594
2025-10-22,194.7314
2025-10-23,207.9830
2025-10-24,203.7135
2025-10-27,202.7050
2025-10-28,202.0829
2025-10-29,200.6503
2025-10-30,200.1100
2025-10-31,201.3300
2025-11-03,197.7700
2025-11-04,196.4600
2025-11-05,197.0500
2025-11-06,195.9100
2025-11-07,194.0700
2025-11-10,196.0700
2025-11-11,200.4100
2025-11-12,201.5900
2025-11-13,199.8700
2025-11-14,199.0400
2025-11-17,196.0800
2025-11-18,191.4500
2025-11-19,190.5700
2025-11-20,188.1400
2025-11-21,190.0200
2025-11-24,188.6600
2025-11-25,191.0200
2025-11-26,189.9900
2025-11-28,192.1900
2025-12-01,190.2200
2025-12-02,193.1500
2025-12-03,193.4700
2025-12-04,192.2300
2025-12-05,191.3300
2025-12-08,191.9900
2025-12-09,190.1700
2025-12-10,192.0600
2025-12-11,193.8500
2025-12-12,193.6600
2025-12-15,197.4500
2025-12-16,198.2600
2025-12-17,199.8900
2025-12-18,198.0800
2025-12-19,199.1100
2025-12-22,195.9600
2025-12-23,195.5000
2025-12-24,196.9300
2025-12-26,197.3700
2025-12-29,197.0900
2025-12-30,196.3600
2025-12-31,195.0900
2026-01-02,195.8800
2026-01-05,201.0900
2026-01-06,204.9400
2026-01-07,199.5100
2026-01-08,205.2400
2026-01-09,207.3800
2026-01-12,208.6000
2026-01-13,210.2800
2026-01-14,213.0400
2026-01-15,215.0200
2026-01-16,219.3900
2026-01-20,215.0700
2026-01-21,219.1700
2026-01-22,222.5400
2026-01-23,221.4600
2026-01-26,221.1600
2026-01-27,220.9100
2026-01-28,216.6400
2026-01-29,227.2400
2026-01-30,227.5200
2026-02-02,227.5600
2026-02-03,230.9100
2026-02-04,235.3500
2026-02-05,233.8500
2026-02-06,238.3800
2026-02-09,239.8400
2026-02-10,243.3400
2026-02-11,242.7000
2026-02-12,239.8300
2026-02-13,241.3800
2026-02-17,242.6500
2026-02-18,241.1400
2026-02-19,240.7700
2026-02-20,243.9700
2026-02-23,243.0600
2026-02-24,243.6100
2026-02-25,242.2000
2026-02-26,240.8800
2026-02-27,243.5900
2026-03-02,248.0400
2026-03-03,243.8500
2026-03-04,245.9700
2026-03-05,238.3800
2026-03-06,235.2900
2026-03-09,237.5900
2026-03-10,240.6100
2026-03-11,239.4400
2026-03-12,233.4000
2026-03-13,234.5000
2026-03-16,234.5100
2026-03-17,231.4200
2026-03-18,229.9200
2026-03-19,229.0300
2026-03-20,221.5000
2026-03-23,223.0100
2026-03-24,221.5700
2026-03-25,225.7900
2026-03-26,225.1700
2026-03-27,223.1200
2026-03-30,223.4800
2026-03-31,226.0300
2026-04-01,228.2000
2026-04-02,229.4500
2026-04-06,228.2100
2026-04-07,223.8400
2026-04-08,232.4700
2026-04-09,236.0600
2026-04-10,235.0400
2026-04-13,233.6400
2026-04-14,233.2400
2026-04-15,232.1900
2026-04-16,229.3800
2026-04-17,233.5500
2026-04-20,229.7400
2026-04-21,222.2200
