date,close
1990-01-02,2.8068
1990-01-03,2.8167
1990-01-04,2.8611
1990-01-05,2.8364
1990-01-08,2.8117
1990-01-09,2.7524
1990-01-10,2.8018
1990-01-11,2.7722
1990-01-12,2.7228
1990-01-15,2.7178
1990-01-16,2.7475
1990-01-17,2.7475
1990-01-18,2.7919
1990-01-19,2.7870
1990-01-22,2.7425
1990-01-23,2.7079
1990-01-24,2.7326
1990-01-25,2.6931
1990-01-26,2.6783
1990-01-29,2.7079
1990-01-30,2.6783
1990-01-31,2.7079
1990-02-01,2.7277
1990-02-02,2.7425
1990-02-05,2.7376
1990-02-06,2.7030
1990-02-07,2.6783
1990-02-08,2.6981
1990-02-09,2.6486
1990-02-12,2.6635
1990-02-13,2.6733
1990-02-14,2.6882
1990-02-15,2.6931
1990-02-16,2.6239
1990-02-20,2.5696
1990-02-21,2.5202
1990-02-22,2.3423
1990-02-23,2.2237
1990-02-26,2.2138
1990-02-27,2.3373
1990-02-28,2.3324
1990-03-01,2.3670
1990-03-02,2.4411
1990-03-05,2.3472
1990-03-06,2.4114
1990-03-07,2.4016
1990-03-08,2.4263
1990-03-09,2.3818
1990-03-12,2.4065
1990-03-13,2.3423
1990-03-14,2.3225
1990-03-15,2.3472
1990-03-16,2.3126
1990-03-19,2.3769
1990-03-20,2.3917
1990-03-21,2.3522
1990-03-22,2.3077
1990-03-23,2.3274
1990-03-26,2.3324
1990-03-27,2.3769
1990-03-28,2.4213
1990-03-29,2.4411
1990-03-30,2.3966
1990-04-02,2.3324
1990-04-03,2.3077
1990-04-04,2.2533
1990-04-05,2.2336
1990-04-06,2.2731
1990-04-09,2.3027
1990-04-10,2.2830
1990-04-11,2.2929
1990-04-12,2.3274
1990-04-16,2.3373
1990-04-17,2.3225
1990-04-18,2.3274
1990-04-19,2.3373
1990-04-20,2.3027
1990-04-23,2.2434
1990-04-24,2.2583
1990-04-25,2.2632
1990-04-26,2.3126
1990-04-27,2.2830
1990-04-30,2.2434
1990-05-01,2.2434
1990-05-02,2.2681
1990-05-03,2.2879
1990-05-04,2.2533
1990-05-07,2.2632
1990-05-08,2.2632
1990-05-09,2.2434
1990-05-10,2.2632
1990-05-11,2.3966
1990-05-14,2.3917
1990-05-15,2.3719
1990-05-16,2.3719
1990-05-17,2.3769
1990-05-18,2.3769
1990-05-21,2.4362
1990-05-22,2.4806
1990-05-23,2.5004
1990-05-24,2.4955
1990-05-25,2.4707
1990-05-29,2.4955
1990-05-30,2.5152
1990-05-31,2.6042
1990-06-01,2.5696
1990-06-04,2.5449
1990-06-05,2.5498
1990-06-06,2.5449
1990-06-07,2.5350
1990-06-08,2.5300
1990-06-11,2.5498
1990-06-12,2.5844
1990-06-13,2.5844
1990-06-14,2.5943
1990-06-15,2.5943
1990-06-18,2.5548
1990-06-19,2.5646
1990-06-20,2.5597
1990-06-21,2.5498
1990-06-22,2.5399
1990-06-25,2.5103
1990-06-26,2.4658
1990-06-27,2.5053
1990-06-28,2.5350
1990-06-29,2.5350
1990-07-02,2.5498
1990-07-03,2.5745
1990-07-05,2.5646
1990-07-06,2.6042
1990-07-09,2.6536
1990-07-10,2.6783
1990-07-11,2.7376
1990-07-12,2.7623
1990-07-13,2.7178
1990-07-16,2.6882
1990-07-17,2.7376
1990-07-18,2.8167
1990-07-19,2.8562
1990-07-20,2.8858
1990-07-23,2.7969
1990-07-24,2.8414
1990-07-25,2.8957
1990-07-26,2.9303
1990-07-27,2.9402
1990-07-30,2.9105
1990-07-31,2.9945
1990-08-01,2.9649
1990-08-02,2.9254
1990-08-03,2.8809
1990-08-06,2.7079
1990-08-07,2.7969
1990-08-08,2.8414
1990-08-09,2.8512
1990-08-10,2.8265
1990-08-13,2.8710
1990-08-14,2.8364
1990-08-15,2.8315
1990-08-16,2.7672
1990-08-17,2.7326
1990-08-20,2.7376
1990-08-21,2.6832
1990-08-22,2.6388
1990-08-23,2.5992
1990-08-24,2.6388
1990-08-27,2.7623
1990-08-28,2.7672
1990-08-29,2.7919
1990-08-30,2.8018
1990-08-31,2.8068
1990-09-04,2.8265
1990-09-05,2.8117
1990-09-06,2.7425
1990-09-07,2.8117
1990-09-10,2.8068
1990-09-11,2.8117
1990-09-12,2.8661
1990-09-13,2.8216
1990-09-14,2.8068
1990-09-17,2.8611
1990-09-18,2.8759
1990-09-19,2.8364
1990-09-20,2.7969
1990-09-21,2.8018
1990-09-24,2.7672
1990-09-25,2.7969
1990-09-26,2.7574
1990-09-27,2.7228
1990-09-28,2.7919
1990-10-01,2.9056
1990-10-02,2.9007
1990-10-03,2.8858
1990-10-04,2.9303
1990-10-05,2.9352
1990-10-08,2.9698
1990-10-09,2.9155
1990-10-10,2.8908
1990-10-11,2.8315
1990-10-12,2.8018
1990-10-15,2.8908
1990-10-16,2.8562
1990-10-17,2.9303
1990-10-18,3.0440
1990-10-19,3.0489
1990-10-22,3.1230
1990-10-23,3.0588
1990-10-24,3.0835
1990-10-25,3.0588
1990-10-26,2.9402
1990-10-29,2.9550
1990-10-30,2.9451
1990-10-31,2.8759
1990-11-01,2.8710
1990-11-02,2.9501
1990-11-05,2.9945
1990-11-06,2.9748
1990-11-07,2.9550
1990-11-08,2.9550
1990-11-09,3.0193
1990-11-12,3.0786
1990-11-13,3.1230
1990-11-14,3.1131
1990-11-15,3.0835
1990-11-16,3.0786
1990-11-19,3.0637
1990-11-20,3.0736
1990-11-21,3.0588
1990-11-23,3.0538
1990-11-26,3.0588
1990-11-27,3.1230
1990-11-28,3.1033
1990-11-29,3.0736
1990-11-30,3.1922
1990-12-03,3.1626
1990-12-04,3.1873
1990-12-05,3.1181
1990-12-06,3.1181
1990-12-07,3.1576
1990-12-10,3.1576
1990-12-11,3.1428
1990-12-12,3.1873
1990-12-13,3.1971
1990-12-14,3.1922
1990-12-17,3.1675
1990-12-18,3.1922
1990-12-19,3.1873
1990-12-20,3.2169
1990-12-21,3.2219
1990-12-24,3.1922
1990-12-26,3.2070
1990-12-27,3.2021
1990-12-28,3.1873
1990-12-31,3.1922
1991-01-02,3.1675
1991-01-03,3.0736
1991-01-04,3.0440
1991-01-07,3.0143
1991-01-08,2.9649
1991-01-09,2.9748
1991-01-10,2.9797
1991-01-11,2.9649
1991-01-14,2.9501
1991-01-15,2.9797
1991-01-16,3.0588
1991-01-17,3.1873
1991-01-18,3.1724
1991-01-21,3.2416
1991-01-22,3.3009
1991-01-23,3.3404
1991-01-24,3.3948
1991-01-25,3.4442
1991-01-28,3.4689
1991-01-29,3.4788
1991-01-30,3.4986
1991-01-31,3.5529
1991-02-01,3.5678
1991-02-04,3.5826
1991-02-05,3.5776
1991-02-06,3.6567
1991-02-07,3.6765
1991-02-08,3.8198
1991-02-11,3.9483
1991-02-12,3.9779
1991-02-13,3.9680
1991-02-14,4.0125
1991-02-15,4.1459
1991-02-19,4.1113
1991-02-20,4.0125
1991-02-21,4.0471
1991-02-22,4.0224
1991-02-25,4.1509
1991-02-26,4.1014
1991-02-27,4.2102
1991-02-28,4.1509
1991-03-01,4.1459
1991-03-04,4.1706
1991-03-05,4.2398
1991-03-06,4.1756
1991-03-07,4.2398
1991-03-08,4.2497
1991-03-11,4.2250
1991-03-12,4.0866
1991-03-13,4.0619
1991-03-14,4.1261
1991-03-15,4.1360
1991-03-18,4.0817
1991-03-19,3.9779
1991-03-20,4.1113
1991-03-21,4.1459
1991-03-22,4.1113
1991-03-25,4.1509
1991-03-26,4.2744
1991-03-27,4.2695
1991-03-28,4.2299
1991-04-01,4.2695
1991-04-02,4.4869
1991-04-03,4.5363
1991-04-04,4.5561
1991-04-05,4.4869
1991-04-08,4.5066
1991-04-09,4.4375
1991-04-10,4.3880
1991-04-11,4.4177
1991-04-12,4.4968
1991-04-15,4.5561
1991-04-16,4.5956
1991-04-17,4.5758
1991-04-18,4.4869
1991-04-19,4.3979
1991-04-22,4.4078
1991-04-23,4.3979
1991-04-24,4.3189
1991-04-25,4.3683
1991-04-26,4.4177
1991-04-29,4.2991
1991-04-30,4.3090
1991-05-01,4.4968
1991-05-02,4.5066
1991-05-03,4.5659
1991-05-06,4.5561
1991-05-07,4.4968
1991-05-08,4.4276
1991-05-09,4.5956
1991-05-10,4.5462
1991-05-13,4.4869
1991-05-14,4.4078
1991-05-15,4.2892
1991-05-16,4.3979
1991-05-17,4.3584
1991-05-20,4.4473
1991-05-21,4.6055
1991-05-22,4.6154
1991-05-23,4.6450
1991-05-24,4.6154
1991-05-28,4.6747
1991-05-29,4.6944
1991-05-30,4.7340
1991-05-31,4.6549
1991-06-03,4.4572
1991-06-04,4.4869
1991-06-05,4.4770
1991-06-06,4.4473
1991-06-07,4.4276
1991-06-10,4.5066
1991-06-11,4.5165
1991-06-12,4.4276
1991-06-13,4.3880
1991-06-14,4.6450
1991-06-17,4.5758
1991-06-18,4.5462
1991-06-19,4.5066
1991-06-20,4.5264
1991-06-21,4.5165
1991-06-24,4.4770
1991-06-25,4.4968
1991-06-26,4.4276
1991-06-27,4.4869
1991-06-28,4.3880
1991-07-01,4.4473
1991-07-02,4.4572
1991-07-03,4.4078
1991-07-05,4.4276
1991-07-08,4.4572
1991-07-09,4.4473
1991-07-10,4.5165
1991-07-11,4.5066
1991-07-12,4.5956
1991-07-15,4.6450
1991-07-16,4.6351
1991-07-17,4.6944
1991-07-18,4.7932
1991-07-19,4.7834
1991-07-22,4.7340
1991-07-23,4.6351
1991-07-24,4.6450
1991-07-25,4.6845
1991-07-26,4.7537
1991-07-29,4.8822
1991-07-30,4.8723
1991-07-31,4.8921
1991-08-01,4.9316
1991-08-02,4.9415
1991-08-05,4.9711
1991-08-06,5.1490
1991-08-07,5.1787
1991-08-08,5.1095
1991-08-09,5.0403
1991-08-12,5.0601
1991-08-13,5.1490
1991-08-14,5.1787
1991-08-15,5.1589
1991-08-16,5.0996
1991-08-19,4.9810
1991-08-20,5.0206
1991-08-21,5.2182
1991-08-22,5.1095
1991-08-23,5.1392
1991-08-26,5.1293
1991-08-27,5.1095
1991-08-28,5.2281
1991-08-29,5.2281
1991-08-30,5.1787
1991-09-03,5.1095
1991-09-04,5.0700
1991-09-05,5.1589
1991-09-06,5.3961
1991-09-09,5.3170
1991-09-10,5.2874
1991-09-11,5.2874
1991-09-12,5.0897
1991-09-13,5.0403
1991-09-16,5.0304
1991-09-17,5.1293
1991-09-18,5.1194
1991-09-19,5.1688
1991-09-20,5.1392
1991-09-23,5.1392
1991-09-24,5.0799
1991-09-25,4.9909
1991-09-26,5.0700
1991-09-27,5.0996
1991-09-30,5.1490
1991-10-01,5.1787
1991-10-02,5.1985
1991-10-03,5.1985
1991-10-04,5.2676
1991-10-07,5.2182
1991-10-08,5.1886
1991-10-09,5.1589
1991-10-10,5.1293
1991-10-11,5.1293
1991-10-14,5.1490
1991-10-15,5.2083
1991-10-16,5.1985
1991-10-17,5.3269
1991-10-18,5.4554
1991-10-21,5.3269
1991-10-22,5.3566
1991-10-23,5.5048
1991-10-24,5.4356
1991-10-25,5.3566
1991-10-28,5.5345
1991-10-29,5.5345
1991-10-30,5.5839
1991-10-31,5.6630
1991-11-01,5.6630
1991-11-04,5.5444
1991-11-05,5.5345
1991-11-06,5.5147
1991-11-07,5.3763
1991-11-08,5.4653
1991-11-11,5.4554
1991-11-12,5.6037
1991-11-13,5.5444
1991-11-14,5.5542
1991-11-15,5.3467
1991-11-18,5.4258
1991-11-19,5.3763
1991-11-20,5.3269
1991-11-21,5.3961
1991-11-22,5.3763
1991-11-25,5.3072
1991-11-26,5.3566
1991-11-27,5.2775
1991-11-29,5.2479
1991-12-02,5.4060
1991-12-03,5.3862
1991-12-04,5.4653
1991-12-05,5.3566
1991-12-06,5.4949
1991-12-09,5.5542
1991-12-10,5.5345
1991-12-11,5.5345
1991-12-12,5.7222
1991-12-13,5.8211
1991-12-16,5.9594
1991-12-17,5.9792
1991-12-18,5.8211
1991-12-19,5.7914
1991-12-20,5.8903
1991-12-23,6.0286
1991-12-24,6.0978
1991-12-26,6.2955
1991-12-27,6.4635
1991-12-30,6.7797
1991-12-31,6.6414
1992-01-02,6.6414
1992-01-03,6.6117
1992-01-06,6.5623
1992-01-07,6.6809
1992-01-08,6.6512
1992-01-09,6.7797
1992-01-10,6.6908
1992-01-13,6.6809
1992-01-14,6.6018
1992-01-15,6.2757
1992-01-16,6.0385
1992-01-17,6.0583
1992-01-20,6.0286
1992-01-21,5.8408
1992-01-22,5.9990
1992-01-23,5.9496
1992-01-24,6.0187
1992-01-27,5.9496
1992-01-28,5.7618
1992-01-29,5.7222
1992-01-30,5.8507
1992-01-31,5.7717
1992-02-03,5.7321
1992-02-04,5.8606
1992-02-05,5.8211
1992-02-06,5.6926
1992-02-07,5.7420
1992-02-10,5.7321
1992-02-11,5.8408
1992-02-12,5.9496
1992-02-13,5.7420
1992-02-14,5.6728
1992-02-18,5.5542
1992-02-19,5.4851
1992-02-20,5.6135
1992-02-21,5.6926
1992-02-24,5.8408
1992-02-25,5.8705
1992-02-26,6.0089
1992-02-27,5.7815
1992-02-28,5.8903
1992-03-02,5.9100
1992-03-03,5.9199
1992-03-04,5.8211
1992-03-05,5.7420
1992-03-06,5.7420
1992-03-09,5.7222
1992-03-10,5.8013
1992-03-11,5.7618
1992-03-12,5.7420
1992-03-13,5.6432
1992-03-16,5.5740
1992-03-17,5.6531
1992-03-18,5.6234
1992-03-19,5.6037
1992-03-20,5.6135
1992-03-23,5.5048
1992-03-24,5.5740
1992-03-25,5.5345
1992-03-26,5.4851
1992-03-27,5.4060
1992-03-30,5.3763
1992-03-31,5.4949
1992-04-01,5.6333
1992-04-02,5.5246
1992-04-03,5.5740
1992-04-06,5.6432
1992-04-07,5.4554
1992-04-08,5.5048
1992-04-09,5.6630
1992-04-10,5.7222
1992-04-13,5.8310
1992-04-14,5.8310
1992-04-15,5.7815
1992-04-16,5.5147
1992-04-20,5.2577
1992-04-21,5.3368
1992-04-22,5.2973
1992-04-23,5.2874
1992-04-24,5.4356
1992-04-27,5.4554
1992-04-28,5.4356
1992-04-29,5.5147
1992-04-30,5.6531
1992-05-01,5.6037
1992-05-04,5.7025
1992-05-05,5.7618
1992-05-06,5.6827
1992-05-07,5.6728
1992-05-08,5.6926
1992-05-11,5.6827
1992-05-12,5.6432
1992-05-13,5.6037
1992-05-14,5.5147
1992-05-15,5.5345
1992-05-18,5.5839
1992-05-19,5.7420
1992-05-20,5.7914
1992-05-21,5.7222
1992-05-22,5.7717
1992-05-26,5.6531
1992-05-27,5.6728
1992-05-28,5.9199
1992-05-29,5.9001
1992-06-01,5.9100
1992-06-02,5.6531
1992-06-03,5.6728
1992-06-04,5.6333
1992-06-05,5.7321
1992-06-08,5.6333
1992-06-09,5.5048
1992-06-10,5.4258
1992-06-11,5.4455
1992-06-12,5.4159
1992-06-15,5.4060
1992-06-16,5.4356
1992-06-17,5.3467
1992-06-18,5.4159
1992-06-19,5.4949
1992-06-22,5.7025
1992-06-23,5.7124
1992-06-24,5.5740
1992-06-25,5.6531
1992-06-26,5.6926
1992-06-29,5.8705
1992-06-30,5.7717
1992-07-01,5.9496
1992-07-02,5.9594
1992-07-06,6.0583
1992-07-07,6.0089
1992-07-08,6.0484
1992-07-09,6.1176
1992-07-10,6.1176
1992-07-13,6.1077
1992-07-14,6.1176
1992-07-15,6.0780
1992-07-16,6.0780
1992-07-17,6.0682
1992-07-20,5.9792
1992-07-21,5.9891
1992-07-22,5.9693
1992-07-23,5.8903
1992-07-24,5.9496
1992-07-27,6.0484
1992-07-28,6.1176
1992-07-29,6.2065
1992-07-30,6.1571
1992-07-31,6.1966
1992-08-03,6.2658
1992-08-04,6.3844
1992-08-05,6.4042
1992-08-06,6.3943
1992-08-07,6.3548
1992-08-10,6.2856
1992-08-11,6.3646
1992-08-12,6.3745
1992-08-13,6.3350
1992-08-14,6.3350
1992-08-17,6.4042
1992-08-18,6.4635
1992-08-19,6.4635
1992-08-20,6.5623
1992-08-21,6.4931
1992-08-24,6.3251
1992-08-25,6.3646
1992-08-26,6.3548
1992-08-27,6.3053
1992-08-28,6.1769
1992-08-31,6.1077
1992-09-01,6.2164
1992-09-02,6.2757
1992-09-03,6.2955
1992-09-04,6.3548
1992-09-08,6.2559
1992-09-09,6.2559
1992-09-10,6.1769
1992-09-11,6.1966
1992-09-14,6.3152
1992-09-15,6.2955
1992-09-16,6.3251
1992-09-17,6.3053
1992-09-18,6.3449
1992-09-21,6.3943
1992-09-22,6.3251
1992-09-23,6.2460
1992-09-24,6.2263
1992-09-25,5.8903
1992-09-28,5.8507
1992-09-29,5.8903
1992-09-30,5.9100
1992-10-01,5.8903
1992-10-02,5.8013
1992-10-05,5.8705
1992-10-06,5.7025
1992-10-07,5.7222
1992-10-08,5.6827
1992-10-09,5.5740
1992-10-12,5.6135
1992-10-13,5.6630
1992-10-14,5.8112
1992-10-15,5.8606
1992-10-16,5.8310
1992-10-19,5.8606
1992-10-20,5.8903
1992-10-21,5.9594
1992-10-22,5.8705
1992-10-23,5.7420
1992-10-26,5.8408
1992-10-27,5.8705
1992-10-28,5.8903
1992-10-29,5.9496
1992-10-30,5.9792
1992-11-02,6.0978
1992-11-03,6.0583
1992-11-04,5.8804
1992-11-05,5.8606
1992-11-06,5.8507
1992-11-09,5.7717
1992-11-10,5.9001
1992-11-11,6.0879
1992-11-12,6.1077
1992-11-13,6.0089
1992-11-16,6.0484
1992-11-17,6.1077
1992-11-18,6.1176
1992-11-19,6.2164
1992-11-20,6.2559
1992-11-23,6.2263
1992-11-24,6.2460
1992-11-25,6.2164
1992-11-27,6.3053
1992-11-30,6.1769
1992-12-01,6.1670
1992-12-02,6.0682
1992-12-03,6.0879
1992-12-04,6.0583
1992-12-07,6.1670
1992-12-08,6.2263
1992-12-09,6.2955
1992-12-10,6.1769
1992-12-11,6.1867
1992-12-14,6.2955
1992-12-15,6.2559
1992-12-16,6.1867
1992-12-17,6.2658
1992-12-18,6.3053
1992-12-21,6.2164
1992-12-22,6.0978
1992-12-23,5.8507
1992-12-24,5.8903
1992-12-28,5.8507
1992-12-29,5.8112
1992-12-30,5.7815
1992-12-31,5.7321
1993-01-04,5.7222
1993-01-05,5.5246
1993-01-06,5.3961
1993-01-07,5.3072
1993-01-08,5.3763
1993-01-11,5.4159
1993-01-12,5.3763
1993-01-13,5.2380
1993-01-14,5.1886
1993-01-15,5.1688
1993-01-18,5.0008
1993-01-19,4.8229
1993-01-20,5.0206
1993-01-21,5.1392
1993-01-22,5.3566
1993-01-25,5.2874
1993-01-26,5.1490
1993-01-27,5.1886
1993-01-28,5.2281
1993-01-29,5.2182
1993-02-01,5.2182
1993-02-02,4.9909
1993-02-03,5.0799
1993-02-04,5.0897
1993-02-05,5.0008
1993-02-08,4.9217
1993-02-09,4.8921
1993-02-10,4.9514
1993-02-11,5.0897
1993-02-12,5.0799
1993-02-16,4.7537
1993-02-17,4.6845
1993-02-18,4.6747
1993-02-19,4.3090
1993-02-22,4.2695
1993-02-23,4.5165
1993-02-24,4.5659
1993-02-25,4.5165
1993-02-26,4.6154
1993-03-01,4.6944
1993-03-02,4.8031
1993-03-03,4.7932
1993-03-04,4.7834
1993-03-05,4.6549
1993-03-08,4.7735
1993-03-09,4.7241
1993-03-10,5.0008
1993-03-11,4.9316
1993-03-12,4.9118
1993-03-15,4.9118
1993-03-16,4.7438
1993-03-17,4.6154
1993-03-18,4.6944
1993-03-19,4.6450
1993-03-22,4.5659
1993-03-23,4.7142
1993-03-24,4.5561
1993-03-25,4.7142
1993-03-26,4.6154
1993-03-29,4.7438
1993-03-30,4.9711
1993-03-31,4.9217
1993-04-01,4.8328
1993-04-02,4.6549
1993-04-05,4.6648
1993-04-06,4.5561
1993-04-07,4.6252
1993-04-08,4.6450
1993-04-12,4.8525
1993-04-13,4.7834
1993-04-14,4.8031
1993-04-15,4.8031
1993-04-16,4.7834
1993-04-19,4.8921
1993-04-20,5.1490
1993-04-21,5.2182
1993-04-22,5.0601
1993-04-23,5.1194
1993-04-26,5.0502
1993-04-27,5.3566
1993-04-28,5.3961
1993-04-29,5.3269
1993-04-30,5.3961
1993-05-03,5.5147
1993-05-04,5.4752
1993-05-05,5.5740
1993-05-06,5.4752
1993-05-07,5.4851
1993-05-10,5.3961
1993-05-11,5.4554
1993-05-12,5.4949
1993-05-13,5.4356
1993-05-14,5.5147
1993-05-17,5.6630
1993-05-18,5.5641
1993-05-19,5.6531
1993-05-20,5.6728
1993-05-21,5.6333
1993-05-24,5.6728
1993-05-25,5.7124
1993-05-26,5.8013
1993-05-27,5.7222
1993-05-28,5.6728
1993-06-01,5.7618
1993-06-02,5.7025
1993-06-03,5.6531
1993-06-04,5.5246
1993-06-07,5.5048
1993-06-08,5.4949
1993-06-09,5.4851
1993-06-10,5.5938
1993-06-11,5.6037
1993-06-14,5.7222
1993-06-15,5.7815
1993-06-16,5.8705
1993-06-17,5.9100
1993-06-18,5.7025
1993-06-21,5.5345
1993-06-22,5.5048
1993-06-23,5.5147
1993-06-24,5.5246
1993-06-25,5.5048
1993-06-28,5.4455
1993-06-29,5.4752
1993-06-30,5.2973
1993-07-01,5.1392
1993-07-02,5.0206
1993-07-06,4.9613
1993-07-07,5.0403
1993-07-08,5.1688
1993-07-09,5.1985
1993-07-12,5.0897
1993-07-13,5.1490
1993-07-14,5.1194
1993-07-15,5.0008
1993-07-16,4.9118
1993-07-19,4.9810
1993-07-20,5.0206
1993-07-21,5.0601
1993-07-22,5.0304
1993-07-23,5.1392
1993-07-26,5.1392
1993-07-27,5.1985
1993-07-28,5.0206
1993-07-29,4.8822
1993-07-30,4.7043
1993-08-02,4.7340
1993-08-03,4.7142
1993-08-04,4.7340
1993-08-05,4.6549
1993-08-06,4.6747
1993-08-09,4.7142
1993-08-10,4.7241
1993-08-11,4.6252
1993-08-12,4.5758
1993-08-13,4.5165
1993-08-16,4.6845
1993-08-17,4.7834
1993-08-18,5.0008
1993-08-19,4.9909
1993-08-20,5.0700
1993-08-23,4.9613
1993-08-24,4.9020
1993-08-25,4.9020
1993-08-26,5.0107
1993-08-27,4.9810
1993-08-30,4.9810
1993-08-31,4.9810
1993-09-01,4.9613
1993-09-02,5.1194
1993-09-03,5.0700
1993-09-07,5.0107
1993-09-08,4.9020
1993-09-09,4.9514
1993-09-10,4.8525
1993-09-13,4.7735
1993-09-14,5.0107
1993-09-15,4.8624
1993-09-16,4.7735
1993-09-17,4.7537
1993-09-20,4.6648
1993-09-21,4.8525
1993-09-22,4.7735
1993-09-23,4.9514
1993-09-24,4.8328
1993-09-27,4.8130
1993-09-28,4.7438
1993-09-29,4.7142
1993-09-30,4.7043
1993-10-01,4.6845
1993-10-04,4.5659
1993-10-05,4.6648
1993-10-06,4.6450
1993-10-07,4.6944
1993-10-08,4.6944
1993-10-11,4.7735
1993-10-12,4.7834
1993-10-13,4.7340
1993-10-14,4.7834
1993-10-15,4.8624
1993-10-18,5.0403
1993-10-19,4.9810
1993-10-20,5.0897
1993-10-21,5.0996
1993-10-22,4.9909
1993-10-25,4.9415
1993-10-26,4.9316
1993-10-27,4.8921
1993-10-28,4.8723
1993-10-29,4.9217
1993-11-01,4.9415
1993-11-02,4.9217
1993-11-03,5.0304
1993-11-04,5.0601
1993-11-05,5.0107
1993-11-08,4.9217
1993-11-09,4.8921
1993-11-10,4.9613
1993-11-11,5.0601
1993-11-12,5.1985
1993-11-15,5.2479
1993-11-16,5.3467
1993-11-17,5.2874
1993-11-18,5.1886
1993-11-19,5.1589
1993-11-22,5.1985
1993-11-23,5.2577
1993-11-24,5.1886
1993-11-26,5.1688
1993-11-29,5.2083
1993-11-30,5.2577
1993-12-01,5.2380
1993-12-02,5.2577
1993-12-03,5.2479
1993-12-06,5.3467
1993-12-07,5.2775
1993-12-08,5.2874
1993-12-09,5.1886
1993-12-10,5.1688
1993-12-13,5.1787
1993-12-14,5.1293
1993-12-15,5.1392
1993-12-16,5.1194
1993-12-17,5.1392
1993-12-20,5.1985
1993-12-21,5.2676
1993-12-22,5.2676
1993-12-23,5.3072
1993-12-27,5.4455
1993-12-28,5.4159
1993-12-29,5.5147
1993-12-30,5.4752
1993-12-31,5.4554
1994-01-03,5.3763
1994-01-04,5.3961
1994-01-05,5.4356
1994-01-06,5.3961
1994-01-07,5.3961
1994-01-10,5.4949
1994-01-11,5.4554
1994-01-12,5.4258
1994-01-13,5.3961
1994-01-14,5.3467
1994-01-17,5.3368
1994-01-18,5.3665
1994-01-19,4.9711
1994-01-20,4.9514
1994-01-21,5.0008
1994-01-24,4.8624
1994-01-25,4.9020
1994-01-26,4.9613
1994-01-27,4.9711
1994-01-28,5.0502
1994-01-31,5.1095
1994-02-01,5.0502
1994-02-02,5.0700
1994-02-03,5.0601
1994-02-04,4.9020
1994-02-07,4.8723
1994-02-08,4.6944
1994-02-09,4.7142
1994-02-10,4.7043
1994-02-11,4.6944
1994-02-14,4.6055
1994-02-15,4.5758
1994-02-16,4.5363
1994-02-17,4.5066
1994-02-18,4.5363
1994-02-22,4.5659
1994-02-23,4.5659
1994-02-24,4.4770
1994-02-25,4.5363
1994-02-28,4.5857
1994-03-01,4.5165
1994-03-02,4.5066
1994-03-03,4.4177
1994-03-04,4.4276
1994-03-07,4.4968
1994-03-08,4.5264
1994-03-09,4.5462
1994-03-10,4.4869
1994-03-11,4.5659
1994-03-14,4.4869
1994-03-15,4.4473
1994-03-16,4.4671
1994-03-17,4.5561
1994-03-18,4.5066
1994-03-21,4.5857
1994-03-22,4.5066
1994-03-23,4.3880
1994-03-24,4.4078
1994-03-25,4.4276
1994-03-28,4.3683
1994-03-29,4.3683
1994-03-30,4.2695
1994-03-31,4.2695
1994-04-04,4.2398
1994-04-05,4.3090
1994-04-06,4.2991
1994-04-07,4.3782
1994-04-08,4.3090
1994-04-11,4.3090
1994-04-12,4.2497
1994-04-13,4.2596
1994-04-14,4.3287
1994-04-15,4.2695
1994-04-18,4.2497
1994-04-19,4.4078
1994-04-20,4.5659
1994-04-21,4.7043
1994-04-22,4.6549
1994-04-25,4.6450
1994-04-26,4.5857
1994-04-28,4.5956
1994-04-29,4.6648
1994-05-02,4.8328
1994-05-03,4.8229
1994-05-04,4.7340
1994-05-05,4.7636
1994-05-06,4.7043
1994-05-09,4.7043
1994-05-10,4.7636
1994-05-11,4.8031
1994-05-12,4.8525
1994-05-13,4.8130
1994-05-16,4.8921
1994-05-17,5.0107
1994-05-18,4.9711
1994-05-19,5.0206
1994-05-20,5.0008
1994-05-23,5.0008
1994-05-24,5.0304
1994-05-25,5.0502
1994-05-26,5.0996
1994-05-27,5.0502
1994-05-31,5.0403
1994-06-01,5.0008
1994-06-02,5.0206
1994-06-03,5.0700
1994-06-06,4.9810
1994-06-07,4.9711
1994-06-08,4.9217
1994-06-09,5.0107
1994-06-10,4.9810
1994-06-13,5.0107
1994-06-14,5.0700
1994-06-15,5.0700
1994-06-16,5.0502
1994-06-17,5.0601
1994-06-20,5.0502
1994-06-21,5.0502
1994-06-22,4.9711
1994-06-23,4.9909
1994-06-24,4.9020
1994-06-27,4.9118
1994-06-28,4.8822
1994-06-29,4.9810
1994-06-30,4.9909
1994-07-01,4.9613
1994-07-05,4.9514
1994-07-06,4.8921
1994-07-07,4.9217
1994-07-08,4.9711
1994-07-11,5.0008
1994-07-12,4.9020
1994-07-13,4.9020
1994-07-14,4.9613
1994-07-15,4.9613
1994-07-18,4.9316
1994-07-19,4.9118
1994-07-20,4.7537
1994-07-21,4.7834
1994-07-22,4.7438
1994-07-25,4.8723
1994-07-26,4.8723
1994-07-27,4.8624
1994-07-28,4.8624
1994-07-29,4.9020
1994-08-01,4.8624
1994-08-02,5.0206
1994-08-03,5.0008
1994-08-04,5.0008
1994-08-05,4.9514
1994-08-08,4.9514
1994-08-09,5.0304
1994-08-10,5.1490
1994-08-11,5.1589
1994-08-12,5.1392
1994-08-15,5.1688
1994-08-16,5.2775
1994-08-17,5.3170
1994-08-18,5.4455
1994-08-19,5.4356
1994-08-22,5.4258
1994-08-23,5.4653
1994-08-24,5.4060
1994-08-25,5.4159
1994-08-26,5.4851
1994-08-29,5.4554
1994-08-30,5.4159
1994-08-31,5.3961
1994-09-01,5.3368
1994-09-02,5.2973
1994-09-06,5.3072
1994-09-07,5.3467
1994-09-08,5.3269
1994-09-09,5.2973
1994-09-12,5.2775
1994-09-13,5.2775
1994-09-14,5.2676
1994-09-15,5.2380
1994-09-16,5.1392
1994-09-19,5.2083
1994-09-20,5.1095
1994-09-21,5.1392
1994-09-22,5.1886
1994-09-23,5.2874
1994-09-26,5.3763
1994-09-27,5.4851
1994-09-28,5.5542
1994-09-29,5.4356
1994-09-30,5.4653
1994-10-03,5.5345
1994-10-04,5.5444
1994-10-05,5.4653
1994-10-06,5.3763
1994-10-07,5.4554
1994-10-10,5.6234
1994-10-11,5.7519
1994-10-12,5.6728
1994-10-13,5.6926
1994-10-14,5.6728
1994-10-17,5.6827
1994-10-18,5.6926
1994-10-19,5.7025
1994-10-20,5.6926
1994-10-21,5.7914
1994-10-24,5.8408
1994-10-25,5.7618
1994-10-26,5.7914
1994-10-27,5.7321
1994-10-28,5.8013
1994-10-31,5.8606
1994-11-01,5.8112
1994-11-02,5.8507
1994-11-03,5.8408
1994-11-04,5.7618
1994-11-07,5.8705
1994-11-08,5.8804
1994-11-09,6.0187
1994-11-10,6.0484
1994-11-11,6.0286
1994-11-14,6.0879
1994-11-15,6.0089
1994-11-16,6.0682
1994-11-17,5.9990
1994-11-18,6.0385
1994-11-21,6.0089
1994-11-22,5.9199
1994-11-23,5.7321
1994-11-25,5.8112
1994-11-28,5.9397
1994-11-29,5.9891
1994-11-30,6.1176
1994-12-01,6.0089
1994-12-02,5.9199
1994-12-05,5.8606
1994-12-06,5.9496
1994-12-07,5.8903
1994-12-08,5.8705
1994-12-09,5.9496
1994-12-12,5.9397
1994-12-13,5.9100
1994-12-14,6.0583
1994-12-15,6.0682
1994-12-16,6.0682
1994-12-19,6.2164
1994-12-20,6.2164
1994-12-21,6.2065
1994-12-22,6.1373
1994-12-23,6.0978
1994-12-27,6.1077
1994-12-28,6.1275
1994-12-29,6.0879
1994-12-30,6.1077
1995-01-03,6.0089
1995-01-04,5.9990
1995-01-05,6.0286
1995-01-06,6.0286
1995-01-09,5.9001
1995-01-10,5.9496
1995-01-11,5.9298
1995-01-12,5.9100
1995-01-13,6.0484
1995-01-16,6.0780
1995-01-17,6.1275
1995-01-18,6.2856
1995-01-19,6.2559
1995-01-20,6.2559
1995-01-23,6.3053
1995-01-24,6.2856
1995-01-25,6.2757
1995-01-26,6.3646
1995-01-27,6.3844
1995-01-30,6.3251
1995-01-31,6.4635
1995-02-01,6.4141
1995-02-02,6.3844
1995-02-03,6.4832
1995-02-06,6.4239
1995-02-07,6.4536
1995-02-08,6.5920
1995-02-09,6.4734
1995-02-10,6.4338
1995-02-13,6.3745
1995-02-14,6.3646
1995-02-15,6.3251
1995-02-16,6.3548
1995-02-17,6.4338
1995-02-21,6.3646
1995-02-22,6.4536
1995-02-23,6.4931
1995-02-24,6.5030
1995-02-27,6.5030
1995-02-28,6.5623
1995-03-01,6.5623
1995-03-02,6.5722
1995-03-03,6.6216
1995-03-06,6.7501
1995-03-07,6.6908
1995-03-08,6.5920
1995-03-09,6.5524
1995-03-10,6.4734
1995-03-13,6.5425
1995-03-14,6.6809
1995-03-15,6.6018
1995-03-16,6.7007
1995-03-17,6.7896
1995-03-20,6.8390
1995-03-21,6.8390
1995-03-22,6.9181
1995-03-23,6.9675
1995-03-24,6.9873
1995-03-27,7.0762
1995-03-28,7.0565
1995-03-29,6.9873
1995-03-30,6.7896
1995-03-31,6.7797
1995-04-03,6.8786
1995-04-04,6.8983
1995-04-05,6.8983
1995-04-06,6.8786
1995-04-07,6.8786
1995-04-10,6.8983
1995-04-11,6.9675
1995-04-12,6.9873
1995-04-13,7.1059
1995-04-17,7.0565
1995-04-18,6.9873
1995-04-19,6.8489
1995-04-20,6.7995
1995-04-21,6.7896
1995-04-24,6.8588
1995-04-25,6.7600
1995-04-26,6.8588
1995-04-27,6.7797
1995-04-28,6.8489
1995-05-01,6.6809
1995-05-02,6.7698
1995-05-03,6.9181
1995-05-04,6.8983
1995-05-05,6.9082
1995-05-08,6.8489
1995-05-09,6.7797
1995-05-10,6.7303
1995-05-11,6.7402
1995-05-12,6.4832
1995-05-15,6.4239
1995-05-16,6.5920
1995-05-17,6.5821
1995-05-18,6.4734
1995-05-19,6.6512
1995-05-22,6.6216
1995-05-23,6.6710
1995-05-24,6.7896
1995-05-25,6.9477
1995-05-26,6.8390
1995-05-30,6.8390
1995-05-31,6.9675
1995-06-01,7.0565
1995-06-02,7.0268
1995-06-05,6.9774
1995-06-06,7.0367
1995-06-07,6.9675
1995-06-08,7.0169
1995-06-09,7.0367
1995-06-12,6.9675
1995-06-13,7.0169
1995-06-14,7.0367
1995-06-15,7.0169
1995-06-16,7.0960
1995-06-19,7.1256
1995-06-20,7.0367
1995-06-21,7.2442
1995-06-22,7.3925
1995-06-23,7.4320
1995-06-26,7.3431
1995-06-27,7.2343
1995-06-28,7.3122
1995-06-29,7.2739
1995-06-30,7.2838
1995-07-03,7.3925
1995-07-05,7.2739
1995-07-06,7.1750
1995-07-07,6.9379
1995-07-10,7.0169
1995-07-11,7.0762
1995-07-12,7.0367
1995-07-13,7.1948
1995-07-14,7.2541
1995-07-17,7.2739
1995-07-18,7.3925
1995-07-19,7.3529
1995-07-20,7.1355
1995-07-21,7.2936
1995-07-24,7.3134
1995-07-25,7.3925
1995-07-26,7.4715
1995-07-27,7.7483
1995-07-28,7.8273
1995-07-31,8.0052
1995-08-01,8.1238
1995-08-02,7.9855
1995-08-03,7.8669
1995-08-04,7.8669
1995-08-07,7.8471
1995-08-08,7.8076
1995-08-09,7.9262
1995-08-10,7.9262
1995-08-11,7.7483
1995-08-14,7.9855
1995-08-15,7.8669
1995-08-16,7.6099
1995-08-17,7.6099
1995-08-18,7.6099
1995-08-21,7.7483
1995-08-22,7.6099
1995-08-23,7.7285
1995-08-24,7.7285
1995-08-25,7.6494
1995-08-28,7.5901
1995-08-29,7.6692
1995-08-30,7.8669
1995-08-31,7.8076
1995-09-01,7.5901
1995-09-05,7.5704
1995-09-06,7.5901
1995-09-07,7.5506
1995-09-08,7.4320
1995-09-11,7.4320
1995-09-12,7.4518
1995-09-13,7.5506
1995-09-14,7.6297
1995-09-15,7.6692
1995-09-18,7.8471
1995-09-19,7.9064
1995-09-20,7.7285
1995-09-21,8.0250
1995-09-22,8.2226
1995-09-25,8.3610
1995-09-26,8.4005
1995-09-27,8.4994
1995-09-28,8.4796
1995-09-29,8.4401
1995-10-02,8.4203
1995-10-03,8.7563
1995-10-04,8.9145
1995-10-05,8.7563
1995-10-06,8.8947
1995-10-09,8.9145
1995-10-10,8.6970
1995-10-11,8.7563
1995-10-12,9.0330
1995-10-13,9.0133
1995-10-16,9.2109
1995-10-17,9.2505
1995-10-18,9.3493
1995-10-19,9.4877
1995-10-20,9.6458
1995-10-23,9.4086
1995-10-24,9.6260
1995-10-25,9.6458
1995-10-26,9.4284
1995-10-27,9.3098
1995-10-30,9.2109
1995-10-31,9.0726
1995-11-01,9.3493
1995-11-02,9.2702
1995-11-03,9.1912
1995-11-06,9.2109
1995-11-07,9.4481
1995-11-08,9.6063
1995-11-09,9.4284
1995-11-10,9.2505
1995-11-13,9.2109
1995-11-14,9.3295
1995-11-15,9.6260
1995-11-16,9.4679
1995-11-17,9.4086
1995-11-20,9.3888
1995-11-21,9.4086
1995-11-22,9.2505
1995-11-24,9.2307
1995-11-27,9.1714
1995-11-28,9.2307
1995-11-29,9.1714
1995-11-30,9.1714
1995-12-01,9.2505
1995-12-04,9.6656
1995-12-05,10.1202
1995-12-06,10.2388
1995-12-07,10.1992
1995-12-08,10.0609
1995-12-11,10.1399
1995-12-12,10.3574
1995-12-13,10.2981
1995-12-14,10.4760
1995-12-15,10.3771
1995-12-18,10.1992
1995-12-19,10.0016
1995-12-20,9.7249
1995-12-21,9.8237
1995-12-22,9.8830
1995-12-26,10.0016
1995-12-27,9.9620
1995-12-28,9.9028
1995-12-29,9.9620
1996-01-02,9.8435
1996-01-03,9.8039
1996-01-04,10.1795
1996-01-05,10.0411
1996-01-08,10.1597
1996-01-09,10.3574
1996-01-10,9.9620
1996-01-11,9.7644
1996-01-12,9.7249
1996-01-15,9.7644
1996-01-16,9.9818
1996-01-17,9.9620
1996-01-18,9.9423
1996-01-19,9.7842
1996-01-22,9.6458
1996-01-23,9.6063
1996-01-24,10.0806
1996-01-25,10.1399
1996-01-26,10.4167
1996-01-29,10.3574
1996-01-30,10.6539
1996-01-31,10.8318
1996-02-01,10.8911
1996-02-02,10.7329
1996-02-05,10.8318
1996-02-06,10.7132
1996-02-07,10.7329
1996-02-08,10.8911
1996-02-09,10.8911
1996-02-12,11.0294
1996-02-13,11.1085
1996-02-14,10.9899
1996-02-15,10.8911
1996-02-16,10.7527
1996-02-20,10.5155
1996-02-21,10.4957
1996-02-22,10.7329
1996-02-23,10.7527
1996-02-26,10.4364
1996-02-27,10.5550
1996-02-28,10.4364
1996-02-29,10.4167
1996-03-01,10.5155
1996-03-04,10.7725
1996-03-05,10.8318
1996-03-06,10.6736
1996-03-07,10.6736
1996-03-08,10.3969
1996-03-11,10.2585
1996-03-12,10.0806
1996-03-13,9.8039
1996-03-14,9.7446
1996-03-15,9.9423
1996-03-18,9.9225
1996-03-19,9.9818
1996-03-20,10.0213
1996-03-21,10.5748
1996-03-22,10.7132
1996-03-25,10.7132
1996-03-26,10.8713
1996-03-27,10.6934
1996-03-28,10.6934
1996-03-29,10.6341
1996-04-01,11.0689
1996-04-02,11.3654
1996-04-03,11.3852
1996-04-04,11.2666
1996-04-08,11.0492
1996-04-09,10.8911
1996-04-10,10.5353
1996-04-11,10.6341
1996-04-12,10.9108
1996-04-15,10.9701
1996-04-16,10.9108
1996-04-17,10.8515
1996-04-18,10.8713
1996-04-19,11.0689
1996-04-22,11.0294
1996-04-23,10.8318
1996-04-24,10.6341
1996-04-25,10.5550
1996-04-26,10.5946
1996-04-29,10.7527
1996-04-30,10.8911
1996-05-01,10.8515
1996-05-02,10.5748
1996-05-03,10.4760
1996-05-06,10.5550
1996-05-07,10.2190
1996-05-08,10.3376
1996-05-09,10.2783
1996-05-10,10.5155
1996-05-13,10.6934
1996-05-14,10.5353
1996-05-15,10.5353
1996-05-16,10.7132
1996-05-17,10.5748
1996-05-20,10.5550
1996-05-21,10.4957
1996-05-22,10.6736
1996-05-23,10.8515
1996-05-24,11.0887
1996-05-28,11.0294
1996-05-29,10.9701
1996-05-30,11.1678
1996-05-31,11.1875
1996-06-03,11.2864
1996-06-04,11.4050
1996-06-05,11.7410
1996-06-06,11.4643
1996-06-07,11.6817
1996-06-10,11.7212
1996-06-11,11.4445
1996-06-12,11.3259
1996-06-13,11.4840
1996-06-14,11.9782
1996-06-17,11.8596
1996-06-18,11.5829
1996-06-19,11.7805
1996-06-20,11.6817
1996-06-21,11.6224
1996-06-24,11.5433
1996-06-25,11.7015
1996-06-26,11.3259
1996-06-27,11.2073
1996-06-28,11.2864
1996-07-01,11.3061
1996-07-02,11.4247
1996-07-03,11.4840
1996-07-05,11.2271
1996-07-08,11.2666
1996-07-09,11.4643
1996-07-10,11.6026
1996-07-11,11.4050
1996-07-12,11.3457
1996-07-15,11.2864
1996-07-16,11.4247
1996-07-17,11.2073
1996-07-18,11.4643
1996-07-19,11.3852
1996-07-22,11.5236
1996-07-23,11.3061
1996-07-24,11.3061
1996-07-25,11.1085
1996-07-26,11.1282
1996-07-29,11.0492
1996-07-30,11.0887
1996-07-31,11.0492
1996-08-01,11.2468
1996-08-02,11.5433
1996-08-05,11.6422
1996-08-06,11.6026
1996-08-07,11.4247
1996-08-08,11.2073
1996-08-09,11.3457
1996-08-12,11.6817
1996-08-13,11.5829
1996-08-14,11.5038
1996-08-15,11.5038
1996-08-16,11.5236
1996-08-19,11.7608
1996-08-20,11.7015
1996-08-21,11.7410
1996-08-22,11.8003
1996-08-23,11.7608
1996-08-26,11.6422
1996-08-27,11.6817
1996-08-28,11.6224
1996-08-29,11.4247
1996-08-30,11.2271
1996-09-03,11.2666
1996-09-04,11.1875
1996-09-05,11.2468
1996-09-06,11.4445
1996-09-09,11.6026
1996-09-10,11.6026
1996-09-11,11.4643
1996-09-12,11.5236
1996-09-13,11.7015
1996-09-16,11.6619
1996-09-17,11.6817
1996-09-18,11.7410
1996-09-19,11.9782
1996-09-20,11.8596
1996-09-23,12.0177
1996-09-24,11.9386
1996-09-25,12.2351
1996-09-26,12.4723
1996-09-27,12.3340
1996-09-30,12.5119
1996-10-01,12.6700
1996-10-02,12.4526
1996-10-03,12.5514
1996-10-04,12.7293
1996-10-07,12.5316
1996-10-08,12.7886
1996-10-09,12.7886
1996-10-10,12.8083
1996-10-11,12.8676
1996-10-14,13.0851
1996-10-15,13.2432
1996-10-16,13.1641
1996-10-17,13.2630
1996-10-18,13.4211
1996-10-21,13.5990
1996-10-22,13.3420
1996-10-23,13.1444
1996-10-24,13.0455
1996-10-25,12.7688
1996-10-28,12.4921
1996-10-29,12.6898
1996-10-30,12.8874
1996-10-31,13.0851
1996-11-01,12.9467
1996-11-04,13.2827
1996-11-05,13.5990
1996-11-06,13.9943
1996-11-07,14.0338
1996-11-08,14.2315
1996-11-11,14.0338
1996-11-12,13.7769
1996-11-13,14.1920
1996-11-14,14.2513
1996-11-15,14.2117
1996-11-18,14.0536
1996-11-19,13.9745
1996-11-20,13.8955
1996-11-21,14.1129
1996-11-22,13.9943
1996-11-25,14.3106
1996-11-26,14.1524
1996-11-27,14.0536
1996-11-29,14.1722
1996-12-02,13.9152
1996-12-03,13.5397
1996-12-04,13.2827
1996-12-05,13.0455
1996-12-06,12.8874
1996-12-09,13.4013
1996-12-10,13.2037
1996-12-11,13.2037
1996-12-12,12.8479
1996-12-13,13.0060
1996-12-16,12.7886
1996-12-17,12.7688
1996-12-18,12.8676
1996-12-19,13.3420
1996-12-20,13.4409
1996-12-23,13.4409
1996-12-24,13.4606
1996-12-26,13.4606
1996-12-27,13.4606
1996-12-30,13.4606
1996-12-31,13.1246
1997-01-02,12.9467
1997-01-03,13.2234
1997-01-06,13.1641
1997-01-07,13.3618
1997-01-08,13.3618
1997-01-09,13.2432
1997-01-10,13.5199
1997-01-13,13.4409
1997-01-14,13.6978
1997-01-15,13.7374
1997-01-16,13.7966
1997-01-17,13.9152
1997-01-20,13.8164
1997-01-21,13.6978
1997-01-22,13.9548
1997-01-23,13.7769
1997-01-24,13.7769
1997-01-27,13.5595
1997-01-28,13.5199
1997-01-29,13.6978
1997-01-30,14.3501
1997-01-31,14.6268
1997-02-03,14.3896
1997-02-04,14.3896
1997-02-05,14.0141
1997-02-06,14.1920
1997-02-07,14.5082
1997-02-10,14.2710
1997-02-11,14.4094
1997-02-12,14.8047
1997-02-13,15.1803
1997-02-14,15.2593
1997-02-18,15.6151
1997-02-19,15.4175
1997-02-20,15.0814
1997-02-21,14.9826
1997-02-24,15.2791
1997-02-25,15.0617
1997-02-26,15.1407
1997-02-27,14.6071
1997-02-28,14.4885
1997-03-03,14.6466
1997-03-04,14.2513
1997-03-05,14.8245
1997-03-06,14.6071
1997-03-07,14.8838
1997-03-10,15.3186
1997-03-11,15.1210
1997-03-12,14.9826
1997-03-13,14.5280
1997-03-14,14.4094
1997-03-17,14.6466
1997-03-18,14.4885
1997-03-19,14.4489
1997-03-20,14.2315
1997-03-21,14.2315
1997-03-24,14.3303
1997-03-25,14.3106
1997-03-26,14.1524
1997-03-27,13.8164
1997-03-31,13.3025
1997-04-01,13.4606
1997-04-02,13.2037
1997-04-03,13.3420
1997-04-04,13.8559
1997-04-07,13.8955
1997-04-08,13.5990
1997-04-09,13.3025
1997-04-10,13.4804
1997-04-11,13.1839
1997-04-14,13.5792
1997-04-15,13.5002
1997-04-16,13.9943
1997-04-17,14.0141
1997-04-18,13.9548
1997-04-21,14.0536
1997-04-22,14.5082
1997-04-23,14.6466
1997-04-24,14.7652
1997-04-25,14.6466
1997-04-28,14.9035
1997-04-29,15.3977
1997-04-30,15.1803
1997-05-01,15.2000
1997-05-02,15.3977
1997-05-05,15.7732
1997-05-06,15.6942
1997-05-07,15.3384
1997-05-08,15.3582
1997-05-09,15.4965
1997-05-12,16.0104
1997-05-13,15.8721
1997-05-14,15.9709
1997-05-15,16.2081
1997-05-16,15.9314
1997-05-19,15.8721
1997-05-20,15.9511
1997-05-21,15.8523
1997-05-22,15.7139
1997-05-23,15.8918
1997-05-27,16.0500
1997-05-28,16.1093
1997-05-29,16.0895
1997-05-30,16.2872
1997-06-02,16.1686
1997-06-03,16.1488
1997-06-04,16.1093
1997-06-05,16.2674
1997-06-06,16.9197
1997-06-09,17.1569
1997-06-10,16.8406
1997-06-11,16.9394
1997-06-12,17.1371
1997-06-13,17.8091
1997-06-16,17.7696
1997-06-17,17.6312
1997-06-18,17.1371
1997-06-19,17.7894
1997-06-20,18.1056
1997-06-23,17.5917
1997-06-24,18.2835
1997-06-25,18.8567
1997-06-26,18.8567
1997-06-27,19.2916
1997-06-30,18.8963
1997-07-01,19.0544
1997-07-02,19.2916
1997-07-03,20.1613
1997-07-07,19.6078
1997-07-08,19.9241
1997-07-09,19.5881
1997-07-10,19.5288
1997-07-11,19.5485
1997-07-14,19.1532
1997-07-15,19.4497
1997-07-16,18.7381
1997-07-17,19.0544
1997-07-18,18.5009
1997-07-21,18.5207
1997-07-22,19.2916
1997-07-23,19.5288
1997-07-24,19.5288
1997-07-25,18.8567
1997-07-28,18.3231
1997-07-29,18.5405
1997-07-30,18.7974
1997-07-31,18.8567
1997-08-01,18.5602
1997-08-04,18.1847
1997-08-05,18.5998
1997-08-06,18.3033
1997-08-07,18.1452
1997-08-08,17.4929
1997-08-11,17.3545
1997-08-12,16.8208
1997-08-13,16.9197
1997-08-14,17.0778
1997-08-15,16.7220
1997-08-18,16.5837
1997-08-19,16.8208
1997-08-20,17.6708
1997-08-21,17.5522
1997-08-22,17.7301
1997-08-25,17.5917
1997-08-26,17.0383
1997-08-27,17.5126
1997-08-28,17.2359
1997-08-29,17.5324
1997-09-02,18.3033
1997-09-03,18.0463
1997-09-04,18.1847
1997-09-05,18.4417
1997-09-08,18.4219
1997-09-09,18.3626
1997-09-10,17.7498
1997-09-11,17.4731
1997-09-12,18.4021
1997-09-15,18.3626
1997-09-16,18.9951
1997-09-17,18.8567
1997-09-18,18.9753
1997-09-19,19.1335
1997-09-22,19.5288
1997-09-23,19.6078
1997-09-24,19.3311
1997-09-25,18.9358
1997-09-26,19.2916
1997-09-29,19.3114
1997-09-30,19.0149
1997-10-01,19.0544
1997-10-02,19.5288
1997-10-03,19.5288
1997-10-06,19.8450
1997-10-07,20.5566
1997-10-08,20.3787
1997-10-09,20.2404
1997-10-10,20.3589
1997-10-13,20.5171
1997-10-14,21.4658
1997-10-15,21.4658
1997-10-16,21.0903
1997-10-17,20.6159
1997-10-20,21.1298
1997-10-21,22.4541
1997-10-22,22.8692
1997-10-23,22.6123
1997-10-24,22.6716
1997-10-27,21.4263
1997-10-28,22.5727
1997-10-29,22.6320
1997-10-30,22.6913
1997-10-31,22.4541
1997-11-03,23.1064
1997-11-04,22.7309
1997-11-05,23.3634
1997-11-06,22.8495
1997-11-07,22.3751
1997-11-10,21.8414
1997-11-11,22.0984
1997-11-12,21.2287
1997-11-13,21.8216
1997-11-14,22.5530
1997-11-17,22.5727
1997-11-18,21.9798
1997-11-19,22.7111
1997-11-20,22.9285
1997-11-21,23.3436
1997-11-24,22.6123
1997-11-25,23.1064
1997-11-26,22.9483
1997-11-28,23.0076
1997-12-01,24.0354
1997-12-02,24.1343
1997-12-03,24.6086
1997-12-04,24.1540
1997-12-05,23.8773
1997-12-08,23.6401
1997-12-09,23.8773
1997-12-10,23.9761
1997-12-11,23.5413
1997-12-12,23.7192
1997-12-15,23.9959
1997-12-16,24.2726
1997-12-17,23.8180
1997-12-18,23.4424
1997-12-19,23.0076
1997-12-22,23.5017
1997-12-23,22.9483
1997-12-24,22.3751
1997-12-26,22.7506
1997-12-29,23.2843
1997-12-30,23.8971
1997-12-31,23.5808
1998-01-02,23.9366
1998-01-05,25.2411
1998-01-06,24.4307
1998-01-07,24.7075
1998-01-08,24.5493
1998-01-09,23.3831
1998-01-12,24.1738
1998-01-13,24.4505
1998-01-14,24.6086
1998-01-15,23.9761
1998-01-16,24.3517
1998-01-20,25.5574
1998-01-21,24.9842
1998-01-22,24.8656
1998-01-23,24.6877
1998-01-26,24.5889
1998-01-27,24.8854
1998-01-28,25.2411
1998-01-29,25.7551
1998-01-30,25.8539
1998-02-02,26.1306
1998-02-03,26.1108
1998-02-04,25.7353
1998-02-05,25.2214
1998-02-06,25.5772
1998-02-09,25.5376
1998-02-10,26.5655
1998-02-11,26.4666
1998-02-12,26.6643
1998-02-13,26.4469
1998-02-17,26.7236
1998-02-18,27.3166
1998-02-19,27.2375
1998-02-20,27.6131
1998-02-23,28.2653
1998-02-24,27.6724
1998-02-25,27.9491
1998-02-26,28.5421
1998-02-27,27.9886
1998-03-02,27.7712
1998-03-03,27.5142
1998-03-04,26.8620
1998-03-05,27.0596
1998-03-06,27.2770
1998-03-09,27.4747
1998-03-10,27.7910
1998-03-11,27.6724
1998-03-12,27.2573
1998-03-13,27.1584
1998-03-16,27.8305
1998-03-17,28.2653
1998-03-18,27.9096
1998-03-19,28.4630
1998-03-20,29.1350
1998-03-23,30.4396
1998-03-24,30.1629
1998-03-25,29.8861
1998-03-26,29.8466
1998-03-27,30.2815
1998-03-30,30.9337
1998-03-31,31.5267
1998-04-01,31.2500
1998-04-02,31.5267
1998-04-03,32.2185
1998-04-06,32.6534
1998-04-07,31.8825
1998-04-08,31.2302
1998-04-09,31.3884
1998-04-13,31.9813
1998-04-14,31.3291
1998-04-15,30.8547
1998-04-16,31.8430
1998-04-17,33.2661
1998-04-20,35.8555
1998-04-21,36.7449
1998-04-22,36.2508
1998-04-23,36.4880
1998-04-24,37.3972
1998-04-27,35.8752
1998-04-28,35.8555
1998-04-29,35.6183
1998-04-30,35.9938
1998-05-01,35.5392
1998-05-04,35.6380
1998-05-05,35.3416
1998-05-06,34.3730
1998-05-07,33.7998
1998-05-08,35.1439
1998-05-11,35.0648
1998-05-12,35.3613
1998-05-13,34.8474
1998-05-14,34.1556
1998-05-15,33.0882
1998-05-18,35.0055
1998-05-19,35.6973
1998-05-20,35.6776
1998-05-21,34.5114
1998-05-22,33.3452
1998-05-26,32.6336
1998-05-27,34.1556
1998-05-28,33.7207
1998-05-29,33.1475
1998-06-01,32.8510
1998-06-02,32.6929
1998-06-03,32.5348
1998-06-04,33.8393
1998-06-05,34.2742
1998-06-08,34.2940
1998-06-09,35.5590
1998-06-10,34.6695
1998-06-11,33.8591
1998-06-12,34.5707
1998-06-15,34.1556
1998-06-16,34.7090
1998-06-17,35.4997
1998-06-18,36.1717
1998-06-19,35.2625
1998-06-22,35.2625
1998-06-23,34.8276
1998-06-24,34.8079
1998-06-25,34.9462
1998-06-26,35.4009
1998-06-29,34.7683
1998-06-30,34.3730
1998-07-01,33.8986
1998-07-02,33.9975
1998-07-06,34.6300
1998-07-07,35.1439
1998-07-08,35.8950
1998-07-09,36.6856
1998-07-10,37.2589
1998-07-13,37.5356
1998-07-14,37.4763
1998-07-15,36.6856
1998-07-16,37.2589
1998-07-17,36.6066
1998-07-20,37.2984
1998-07-21,36.0927
1998-07-22,36.8042
1998-07-23,35.2427
1998-07-24,35.8950
1998-07-27,36.1322
1998-07-28,35.3020
1998-07-29,34.5114
1998-07-30,35.4602
1998-07-31,34.7288
1998-08-03,34.6893
1998-08-04,33.1278
1998-08-05,33.4836
1998-08-06,33.3650
1998-08-07,32.7324
1998-08-10,32.9696
1998-08-11,32.8708
1998-08-12,32.1988
1998-08-13,32.2581
1998-08-14,32.0011
1998-08-17,33.0882
1998-08-18,33.9975
1998-08-19,34.4719
1998-08-20,33.4243
1998-08-21,33.5429
1998-08-24,33.3254
1998-08-25,33.6812
1998-08-26,34.1556
1998-08-27,32.8510
1998-08-28,32.1395
1998-08-31,29.4118
1998-09-01,30.5977
1998-09-02,31.6453
1998-09-03,31.5860
1998-09-04,30.1629
1998-09-08,31.8430
1998-09-09,31.0523
1998-09-10,29.8466
1998-09-11,31.8232
1998-09-14,32.6534
1998-09-15,32.4360
1998-09-16,32.0999
1998-09-17,31.2698
1998-09-18,30.7163
1998-09-21,30.9337
1998-09-22,32.0802
1998-09-23,33.6812
1998-09-24,33.9777
1998-09-25,33.7405
1998-09-28,33.5429
1998-09-29,33.7800
1998-09-30,33.4440
1998-10-01,31.5070
1998-10-02,31.3488
1998-10-05,29.9652
1998-10-06,28.2653
1998-10-07,28.6607
1998-10-08,28.3839
1998-10-09,29.4118
1998-10-12,29.4118
1998-10-13,27.6724
1998-10-14,30.3605
1998-10-15,30.9140
1998-10-16,31.1314
1998-10-19,30.8547
1998-10-20,30.5780
1998-10-21,30.9930
1998-10-22,31.8627
1998-10-23,32.7324
1998-10-26,33.4440
1998-10-27,33.6219
1998-10-28,33.4243
1998-10-29,34.0765
1998-10-30,33.9382
1998-11-02,34.3137
1998-11-03,34.5509
1998-11-04,33.5231
1998-11-05,33.9579
1998-11-06,34.4323
1998-11-09,34.2544
1998-11-10,34.3533
1998-11-11,33.5429
1998-11-12,32.9894
1998-11-13,33.4045
1998-11-16,34.4126
1998-11-17,34.6300
1998-11-18,35.1834
1998-11-19,34.9660
1998-11-20,35.3811
1998-11-23,36.7252
1998-11-24,36.0927
1998-11-25,36.1322
1998-11-27,36.0531
1998-11-30,35.4009
1998-12-01,35.1044
1998-12-02,35.7566
1998-12-03,34.8672
1998-12-04,35.5590
1998-12-07,36.1717
1998-12-08,36.7449
1998-12-09,36.7252
1998-12-10,36.0531
1998-12-11,36.3299
1998-12-14,35.3020
1998-12-15,36.3694
1998-12-16,36.6066
1998-12-17,36.9624
1998-12-18,36.6856
1998-12-21,36.3892
1998-12-22,37.0612
1998-12-23,38.0693
1998-12-24,37.7530
1998-12-28,37.7728
1998-12-29,39.4133
1998-12-30,39.8877
1998-12-31,39.5319
1999-01-04,39.0576
1999-01-05,39.1762
1999-01-06,39.9470
1999-01-07,39.3936
1999-01-08,38.6622
1999-01-11,37.2391
1999-01-12,35.9543
1999-01-13,36.9031
1999-01-14,35.8950
1999-01-15,36.6659
1999-01-19,36.6461
1999-01-20,37.8518
1999-01-21,36.8438
1999-01-22,36.6066
1999-01-25,37.1600
1999-01-26,37.9902
1999-01-27,38.5634
1999-01-28,40.3423
1999-01-29,40.6784
1999-02-01,41.9829
1999-02-02,41.9632
1999-02-03,42.2992
1999-02-04,41.6074
1999-02-05,41.3899
1999-02-08,41.5481
1999-02-09,39.6110
1999-02-10,40.0854
1999-02-11,41.9039
1999-02-12,41.1528
1999-02-16,41.3702
1999-02-17,41.1132
1999-02-18,41.4690
1999-02-19,40.5795
1999-02-22,42.0620
1999-02-23,42.3387
1999-02-24,41.9039
1999-02-25,41.3899
1999-02-26,41.7260
1999-03-01,42.1015
1999-03-02,42.0620
1999-03-03,41.6074
1999-03-04,42.0225
1999-03-05,43.1886
1999-03-08,44.1374
1999-03-09,43.8409
1999-03-10,44.1572
1999-03-11,44.4734
1999-03-12,44.3944
1999-03-15,44.5327
1999-03-16,44.9083
1999-03-17,44.3548
1999-03-18,45.2245
1999-03-19,44.5130
1999-03-22,45.2443
1999-03-23,44.0386
1999-03-24,43.6828
1999-03-25,43.5642
1999-03-26,42.6945
1999-03-29,44.5920
1999-03-30,44.9676
1999-03-31,43.8805
1999-04-01,44.1374
1999-04-05,45.0269
1999-04-06,44.3351
1999-04-07,44.1176
1999-04-08,45.0466
1999-04-09,46.1733
1999-04-12,47.4779
1999-04-13,47.2209
1999-04-14,45.7385
1999-04-15,41.1132
1999-04-16,40.1842
1999-04-19,37.2984
1999-04-20,37.5553
1999-04-21,39.0180
1999-04-22,40.5795
1999-04-23,40.1645
1999-04-26,39.1366
1999-04-27,38.3065
1999-04-28,37.3182
1999-04-29,36.6659
1999-04-30,36.3892
1999-05-03,36.8240
1999-05-04,36.1124
1999-05-05,37.4170
1999-05-06,36.6856
1999-05-07,36.9821
1999-05-10,36.1520
1999-05-11,36.2113
1999-05-12,36.6066
1999-05-13,37.2589
1999-05-14,35.7962
1999-05-17,36.2508
1999-05-18,35.9148
1999-05-19,35.7171
1999-05-20,35.6578
1999-05-21,34.8672
1999-05-24,33.6021
1999-05-25,32.2976
1999-05-26,31.9418
1999-05-27,32.8510
1999-05-28,33.8393
1999-06-01,33.6417
1999-06-02,33.6021
1999-06-03,34.3137
1999-06-04,36.4089
1999-06-07,35.1044
1999-06-08,35.1044
1999-06-09,33.1871
1999-06-10,31.4872
1999-06-11,30.8349
1999-06-14,30.0838
1999-06-15,30.8547
1999-06-16,31.3488
1999-06-17,31.7639
1999-06-18,31.4872
1999-06-21,30.8349
1999-06-22,31.0919
1999-06-23,31.2105
1999-06-24,32.0604
1999-06-25,32.0802
1999-06-28,31.9616
1999-06-29,33.1673
1999-06-30,34.4719
1999-07-01,35.4602
1999-07-02,36.6461
1999-07-06,35.9938
1999-07-07,35.8159
1999-07-08,35.2823
1999-07-09,35.1044
1999-07-12,35.4602
1999-07-13,35.3416
1999-07-14,35.1637
1999-07-15,35.7566
1999-07-16,35.8752
1999-07-19,35.2230
1999-07-20,33.9184
1999-07-21,33.9184
1999-07-22,33.3847
1999-07-23,32.9696
1999-07-26,33.5033
1999-07-27,33.3254
1999-07-28,33.4440
1999-07-29,32.2581
1999-07-30,32.1395
1999-08-02,32.7917
1999-08-03,32.3767
1999-08-04,31.6058
1999-08-05,31.8430
1999-08-06,31.0721
1999-08-09,31.8430
1999-08-10,31.1314
1999-08-11,31.3093
1999-08-12,32.2581
1999-08-13,32.7324
1999-08-16,33.0882
1999-08-17,33.7405
1999-08-18,32.9696
1999-08-19,33.4440
1999-08-20,35.0451
1999-08-23,36.6461
1999-08-24,37.0612
1999-08-25,38.3065
1999-08-26,37.5356
1999-08-27,36.6461
1999-08-30,36.8833
1999-08-31,35.8159
1999-09-01,36.6461
1999-09-02,36.0531
1999-09-03,37.2391
1999-09-07,36.8833
1999-09-08,36.5868
1999-09-09,36.2310
1999-09-10,35.3416
1999-09-13,35.3416
1999-09-14,34.5707
1999-09-15,34.1556
1999-09-16,34.3928
1999-09-17,34.5707
1999-09-20,34.6893
1999-09-21,34.2149
1999-09-22,34.9858
1999-09-23,33.7998
1999-09-24,32.9696
1999-09-27,33.2661
1999-09-28,33.0882
1999-09-29,32.3767
1999-09-30,34.0370
1999-10-01,35.4009
1999-10-04,35.6973
1999-10-05,35.5787
1999-10-06,37.0019
1999-10-07,36.6461
1999-10-08,37.4763
1999-10-11,37.7728
1999-10-12,37.3577
1999-10-13,36.0531
1999-10-14,35.7566
1999-10-15,34.9858
1999-10-18,35.6380
1999-10-19,37.8914
1999-10-20,39.3738
1999-10-21,39.6110
1999-10-22,39.4924
1999-10-25,37.9507
1999-10-26,35.1044
1999-10-27,36.5275
1999-10-28,37.7135
1999-10-29,37.6542
1999-11-01,36.5275
1999-11-02,36.1717
1999-11-03,36.5868
1999-11-04,35.3416
1999-11-05,32.9696
1999-11-08,32.9696
1999-11-09,33.2068
1999-11-10,33.2068
1999-11-11,33.5626
1999-11-12,33.3254
1999-11-15,33.2068
1999-11-16,32.1395
1999-11-17,32.0802
1999-11-18,31.9616
1999-11-19,32.0209
1999-11-22,33.2068
1999-11-23,34.3928
1999-11-24,34.5114
1999-11-26,34.1556
1999-11-29,35.5195
1999-11-30,34.7486
1999-12-01,34.0667
1999-12-02,34.1704
1999-12-03,33.9184
1999-12-06,33.2661
1999-12-07,32.0802
1999-12-08,32.2581
1999-12-09,32.0209
1999-12-10,32.1395
1999-12-13,31.4279
1999-12-14,31.6651
1999-12-15,32.4953
1999-12-16,32.2581
1999-12-17,31.5465
1999-12-20,31.2352
1999-12-21,30.9535
1999-12-22,32.0209
1999-12-23,32.3767
1999-12-27,32.7324
1999-12-28,31.9023
1999-12-29,31.1907
1999-12-30,31.0128
1999-12-31,30.7756
2000-01-03,30.2419
2000-01-04,29.1153
2000-01-05,29.5897
2000-01-06,30.6570
2000-01-07,32.7324
2000-01-10,32.6731
2000-01-11,32.2581
2000-01-12,33.3254
2000-01-13,35.1044
2000-01-14,35.1044
2000-01-18,34.6300
2000-01-19,35.1044
2000-01-20,34.5262
2000-01-21,33.2661
2000-01-24,32.6139
2000-01-25,33.0882
2000-01-26,33.0882
2000-01-27,32.7324
2000-01-28,33.3847
2000-01-31,34.3335
2000-02-01,35.1044
2000-02-02,34.1556
2000-02-03,33.7998
2000-02-04,33.9184
2000-02-07,35.1044
2000-02-08,35.8752
2000-02-09,34.2742
2000-02-10,33.2068
2000-02-11,33.2068
2000-02-14,33.2068
2000-02-15,33.7405
2000-02-16,32.0209
2000-02-17,32.2581
2000-02-18,32.2581
2000-02-22,31.7837
2000-02-23,32.2581
2000-02-24,31.3686
2000-02-25,30.7163
2000-02-28,30.5384
2000-02-29,30.4791
2000-03-01,30.2419
2000-03-02,30.3605
2000-03-03,30.9535
2000-03-06,30.0640
2000-03-07,28.4630
2000-03-08,30.7756
2000-03-09,32.6139
2000-03-10,33.2068
2000-03-13,32.5546
2000-03-14,31.5465
2000-03-15,33.4440
2000-03-16,34.6300
2000-03-17,33.9777
2000-03-20,33.2068
2000-03-21,34.8079
2000-03-22,33.7998
2000-03-23,33.4440
2000-03-24,33.0882
2000-03-27,32.9696
2000-03-28,33.2661
2000-03-29,34.5114
2000-03-30,34.6300
2000-03-31,34.6893
2000-04-03,36.0531
2000-04-04,37.7135
2000-04-05,36.6461
2000-04-06,36.4089
2000-04-07,36.8240
2000-04-10,37.7728
2000-04-11,37.7728
2000-04-12,38.3065
2000-04-13,37.5949
2000-04-14,35.9938
2000-04-17,36.0531
2000-04-18,37.5356
2000-04-19,39.1959
2000-04-20,39.3738
2000-04-24,41.2713
2000-04-25,41.2120
2000-04-26,41.2713
2000-04-27,40.5598
2000-04-28,39.9668
2000-05-01,39.6703
2000-05-02,40.7377
2000-05-03,40.5005
2000-05-04,40.7970
2000-05-05,42.3387
2000-05-08,43.7619
2000-05-09,42.3387
2000-05-10,41.1676
2000-05-11,40.5153
2000-05-12,40.8859
2000-05-15,41.7457
2000-05-16,42.2201
2000-05-17,42.6945
2000-05-18,42.8724
2000-05-19,41.9236
2000-05-22,41.6864
2000-05-23,41.9236
2000-05-24,41.9829
2000-05-25,43.3171
2000-05-26,42.8131
2000-05-30,41.9236
2000-05-31,42.2201
2000-06-01,42.6945
2000-06-02,41.3306
2000-06-05,40.5598
2000-06-06,41.2120
2000-06-07,41.2713
2000-06-08,41.9829
2000-06-09,43.6433
2000-06-12,42.1015
2000-06-13,43.4950
2000-06-14,44.2066
2000-06-15,44.5920
2000-06-16,45.4815
2000-06-19,44.3548
2000-06-20,43.8805
2000-06-21,44.4734
2000-06-22,43.4061
2000-06-23,43.5247
2000-06-26,43.8805
2000-06-27,44.5920
2000-06-28,44.1028
2000-06-29,43.8656
2000-06-30,45.5408
2000-07-03,45.2443
2000-07-05,45.0071
2000-07-06,44.1769
2000-07-07,43.4654
2000-07-10,45.3629
2000-07-11,46.4896
2000-07-12,45.5111
2000-07-13,43.7619
2000-07-14,42.7538
2000-07-17,43.7470
2000-07-18,42.5759
2000-07-19,44.0583
2000-07-20,42.6945
2000-07-21,43.5247
2000-07-24,45.1257
2000-07-25,41.7457
2000-07-26,41.2713
2000-07-27,42.3239
2000-07-28,41.6271
2000-07-31,41.1528
2000-08-01,43.4061
2000-08-02,43.7619
2000-08-03,42.4573
2000-08-04,43.1689
2000-08-07,42.6204
2000-08-08,42.6204
2000-08-09,40.5598
2000-08-10,39.8482
2000-08-11,40.6784
2000-08-14,40.5301
2000-08-15,39.8482
2000-08-16,41.2120
2000-08-17,41.7457
2000-08-18,40.5598
2000-08-21,41.5085
2000-08-22,40.3226
2000-08-23,40.8266
2000-08-24,40.8859
2000-08-25,41.5678
2000-08-28,40.6487
2000-08-29,40.3819
2000-08-30,39.8482
2000-08-31,40.9304
2000-09-01,40.9452
2000-09-05,38.7215
2000-09-06,37.8321
2000-09-07,38.2472
2000-09-08,38.4250
2000-09-11,38.8994
2000-09-12,38.1879
2000-09-13,38.9587
2000-09-14,39.2552
2000-09-15,39.1366
2000-09-18,39.7889
2000-09-19,38.9143
2000-09-20,38.8253
2000-09-21,40.3226
2000-09-22,42.0422
2000-09-25,41.8643
2000-09-26,41.2713
2000-09-27,41.0342
2000-09-28,41.4492
2000-09-29,42.6204
2000-10-02,41.9829
2000-10-03,41.9829
2000-10-04,40.5598
2000-10-05,42.4573
2000-10-06,42.3387
2000-10-09,40.9156
2000-10-10,42.2201
2000-10-11,41.8643
2000-10-12,42.3387
2000-10-13,40.4412
2000-10-16,41.4492
2000-10-17,42.6352
2000-10-18,41.5085
2000-10-19,40.7970
2000-10-20,41.1528
2000-10-23,43.0503
2000-10-24,40.7970
2000-10-25,42.6352
2000-10-26,43.0503
2000-10-27,41.8643
2000-10-30,41.6271
2000-10-31,40.9749
2000-11-01,41.2713
2000-11-02,40.9749
2000-11-03,41.3899
2000-11-06,42.2201
2000-11-07,42.5166
2000-11-08,43.0503
2000-11-09,42.3387
2000-11-10,41.8643
2000-11-13,40.0261
2000-11-14,40.6191
2000-11-15,40.8563
2000-11-16,41.0935
2000-11-17,40.7970
2000-11-20,40.7970
2000-11-21,41.2713
2000-11-22,40.7970
2000-11-24,40.1447
2000-11-27,42.5759
2000-11-28,42.6945
2000-11-29,43.2875
2000-11-30,42.0422
2000-12-01,41.2713
2000-12-04,41.9236
2000-12-05,42.2201
2000-12-06,41.1528
2000-12-07,41.2120
2000-12-08,41.2713
2000-12-11,41.3899
2000-12-12,41.7457
2000-12-13,43.4654
2000-12-14,43.2282
2000-12-15,43.1096
2000-12-18,44.1176
2000-12-19,45.0071
2000-12-20,43.9991
2000-12-21,40.3226
2000-12-22,42.1015
2000-12-26,42.3980
2000-12-27,42.9317
2000-12-28,43.4061
2000-12-29,43.6433
2001-01-02,43.7619
2001-01-03,41.3306
2001-01-04,39.6703
2001-01-05,40.2040
2001-01-08,39.7296
2001-01-09,41.0342
2001-01-10,40.1447
2001-01-11,38.8994
2001-01-12,39.3145
2001-01-16,39.5517
2001-01-17,38.6622
2001-01-18,39.0180
2001-01-19,39.2552
2001-01-22,39.9668
2001-01-23,40.6784
2001-01-24,40.7377
2001-01-25,42.1608
2001-01-26,42.0422
2001-01-29,41.0816
2001-01-30,42.0114
2001-01-31,42.8368
2001-02-01,42.8937
2001-02-02,42.5996
2001-02-05,43.4061
2001-02-06,43.5009
2001-02-07,42.2201
2001-02-08,42.4573
2001-02-09,42.7324
2001-02-12,43.7571
2001-02-13,42.7230
2001-02-14,42.8843
2001-02-15,41.9829
2001-02-16,42.9412
2001-02-20,42.5712
2001-02-21,42.5142
2001-02-22,42.7799
2001-02-23,42.5237
2001-02-26,42.9317
2001-02-27,42.8937
2001-02-28,42.6945
2001-03-01,41.8406
2001-03-02,41.3757
2001-03-05,41.5844
2001-03-06,40.8918
2001-03-07,39.8008
2001-03-08,39.8482
2001-03-09,40.2751
2001-03-12,38.2827
2001-03-13,37.8558
2001-03-14,37.0019
2001-03-15,36.5750
2001-03-16,35.4554
2001-03-19,35.6736
2001-03-20,35.3131
2001-03-21,34.1366
2001-03-22,33.8425
2001-03-23,35.6072
2001-03-26,36.7552
2001-03-27,37.9317
2001-03-28,37.8843
2001-03-29,37.9412
2001-03-30,38.8520
2001-04-02,36.9545
2001-04-03,37.0209
2001-04-04,37.7135
2001-04-05,38.7097
2001-04-06,38.9753
2001-04-09,39.8197
2001-04-10,38.8994
2001-04-11,37.9507
2001-04-12,38.6148
2001-04-16,38.8046
2001-04-17,40.2372
2001-04-18,38.8046
2001-04-19,37.7609
2001-04-20,38.6717
2001-04-23,38.8994
2001-04-24,38.4440
2001-04-25,38.8140
2001-04-26,40.3226
2001-04-27,40.9108
2001-04-30,41.0816
2001-05-01,41.3852
2001-05-02,40.9772
2001-05-03,40.0854
2001-05-04,41.2334
2001-05-07,41.5275
2001-05-08,41.7552
2001-05-09,42.1727
2001-05-10,41.4991
2001-05-11,40.7970
2001-05-14,41.0911
2001-05-15,40.7685
2001-05-16,42.3340
2001-05-17,42.4668
2001-05-18,42.5522
2001-05-21,42.4668
2001-05-22,41.7837
2001-05-23,41.3188
2001-05-24,40.7211
2001-05-25,39.7154
2001-05-29,40.8349
2001-05-30,40.9867
2001-05-31,40.6926
2001-06-01,40.6167
2001-06-04,41.2429
2001-06-05,40.7495
2001-06-06,40.6546
2001-06-07,41.5085
2001-06-08,41.2808
2001-06-11,40.9013
2001-06-12,40.7305
2001-06-13,40.4744
2001-06-14,41.0342
2001-06-15,40.4459
2001-06-18,41.0057
2001-06-19,41.7457
2001-06-20,42.2201
2001-06-21,42.5712
2001-06-22,40.5977
2001-06-25,39.8672
2001-06-26,40.0474
2001-06-27,39.4402
2001-06-28,39.9905
2001-06-29,37.9981
2001-07-02,38.8046
2001-07-03,38.3681
2001-07-05,37.7230
2001-07-06,37.9981
2001-07-09,39.0417
2001-07-10,38.7192
2001-07-11,36.8596
2001-07-12,35.6736
2001-07-13,36.4611
2001-07-16,35.9298
2001-07-17,36.6034
2001-07-18,38.9089
2001-07-19,39.0228
2001-07-20,39.2979
2001-07-23,38.0266
2001-07-24,37.8178
2001-07-25,38.0455
2001-07-26,37.9412
2001-07-27,37.7989
2001-07-30,38.0455
2001-07-31,39.1082
2001-08-01,39.0323
2001-08-02,38.6528
2001-08-03,38.6528
2001-08-06,38.2732
2001-08-07,38.1973
2001-08-08,38.0455
2001-08-09,38.6622
2001-08-10,38.9943
2001-08-13,38.8330
2001-08-14,38.9658
2001-08-15,39.0987
2001-08-16,39.0797
2001-08-17,39.6110
2001-08-20,39.2884
2001-08-21,38.5579
2001-08-22,38.5958
2001-08-23,38.5958
2001-08-24,39.2125
2001-08-27,38.8520
2001-08-28,38.0930
2001-08-29,37.5712
2001-08-30,36.3378
2001-08-31,36.3472
2001-09-04,36.6129
2001-09-05,37.3245
2001-09-06,36.4801
2001-09-07,35.1044
2001-09-10,36.2144
2001-09-17,36.1860
2001-09-18,35.8634
2001-09-19,35.1233
2001-09-20,34.6679
2001-09-21,33.9658
2001-09-24,34.1841
2001-09-25,35.0854
2001-09-26,36.5750
2001-09-27,37.7135
2001-09-28,38.0455
2001-10-01,38.9943
2001-10-02,39.3738
2001-10-03,39.1366
2001-10-04,38.9184
2001-10-05,39.6490
2001-10-08,38.8994
2001-10-09,38.6528
2001-10-10,39.6110
2001-10-11,38.1973
2001-10-12,38.7666
2001-10-15,39.2505
2001-10-16,38.9943
2001-10-17,39.5161
2001-10-18,39.7154
2001-10-19,40.1613
2001-10-22,40.7970
2001-10-23,40.4649
2001-10-24,40.7590
2001-10-25,40.8065
2001-10-26,40.5123
2001-10-29,40.3890
2001-10-30,40.2751
2001-10-31,39.7533
2001-11-01,40.5503
2001-11-02,40.0380
2001-11-05,39.8102
2001-11-06,40.1423
2001-11-07,39.9810
2001-11-08,40.1328
2001-11-09,39.9715
2001-11-12,39.9051
2001-11-13,40.3985
2001-11-14,40.2087
2001-11-15,40.4649
2001-11-16,40.5408
2001-11-19,40.9677
2001-11-20,40.9677
2001-11-21,41.3947
2001-11-23,41.4137
2001-11-26,41.6509
2001-11-27,41.3662
2001-11-28,40.9583
2001-11-29,41.2524
2001-11-30,41.0911
2001-12-03,41.4516
2001-12-04,41.2144
2001-12-05,41.2998
2001-12-06,41.1101
2001-12-07,40.8918
2001-12-10,39.2220
2001-12-11,38.2827
2001-12-12,38.1784
2001-12-13,37.4763
2001-12-14,37.4194
2001-12-17,38.2638
2001-12-18,38.5579
2001-12-19,38.9943
2001-12-20,39.2789
2001-12-21,38.8994
2001-12-24,38.6812
2001-12-26,38.5389
2001-12-27,38.2827
2001-12-28,38.3302
2001-12-31,37.8083
2002-01-02,37.8558
2002-01-03,37.6660
2002-01-04,37.3814
2002-01-07,37.6660
2002-01-08,37.5617
2002-01-09,37.9981
2002-01-10,38.9089
2002-01-11,38.5199
2002-01-14,38.4440
2002-01-15,38.3397
2002-01-16,38.1689
2002-01-17,38.0740
2002-01-18,38.0455
2002-01-22,38.7097
2002-01-23,39.6584
2002-01-24,39.3738
2002-01-25,39.5636
2002-01-28,39.4402
2002-01-29,38.8805
2002-01-30,39.1366
2002-01-31,39.5351
2002-02-01,39.9905
2002-02-04,39.0417
2002-02-05,39.8387
2002-02-06,39.1746
2002-02-07,38.0076
2002-02-08,38.6148
2002-02-11,38.8140
2002-02-12,39.0702
2002-02-13,38.9848
2002-02-14,38.7097
2002-02-15,39.0038
2002-02-19,38.4061
2002-02-20,38.8520
2002-02-21,38.5199
2002-02-22,39.0038
2002-02-25,38.7287
2002-02-26,38.9184
2002-02-27,39.1366
2002-02-28,38.8615
2002-03-01,39.5066
2002-03-04,39.7438
2002-03-05,38.5199
2002-03-06,38.4630
2002-03-07,37.9317
2002-03-08,37.9602
2002-03-11,37.9981
2002-03-12,37.8083
2002-03-13,37.9981
2002-03-14,37.9032
2002-03-15,39.2505
2002-03-18,38.5769
2002-03-19,38.6433
2002-03-20,38.0266
2002-03-21,38.0930
2002-03-22,38.4345
2002-03-25,38.1404
2002-03-26,37.8937
2002-03-27,37.8748
2002-03-28,37.7040
2002-04-01,38.0550
2002-04-02,37.8653
2002-04-03,37.9507
2002-04-04,37.0019
2002-04-05,36.0531
2002-04-08,36.4991
2002-04-09,36.7173
2002-04-10,37.3245
2002-04-11,36.9070
2002-04-12,37.2770
2002-04-15,37.0019
2002-04-16,37.8558
2002-04-17,35.9108
2002-04-18,36.2619
2002-04-19,35.8634
2002-04-22,35.2087
2002-04-23,34.8197
2002-04-24,34.6205
2002-04-25,35.6452
2002-04-26,34.8767
2002-04-29,34.4118
2002-04-30,34.4877
2002-05-01,35.5408
2002-05-02,35.4554
2002-05-03,34.8672
2002-05-06,34.6774
2002-05-07,33.9184
2002-05-08,35.2657
2002-05-09,34.6300
2002-05-10,34.3643
2002-05-13,35.0759
2002-05-14,35.4554
2002-05-15,34.6205
2002-05-16,33.9848
2002-05-17,35.1898
2002-05-20,34.5636
2002-05-21,34.0607
2002-05-22,34.0607
2002-05-23,34.3454
2002-05-24,33.6717
2002-05-28,33.0076
2002-05-29,33.2922
2002-05-30,32.8937
2002-05-31,32.8273
2002-06-03,31.7173
2002-06-04,32.8083
2002-06-05,33.2638
2002-06-06,32.1727
2002-06-07,32.7324
2002-06-10,33.5389
2002-06-11,32.3719
2002-06-12,33.2258
2002-06-13,33.5294
2002-06-14,33.5294
2002-06-17,34.2030
2002-06-18,34.3548
2002-06-19,33.9184
2002-06-20,34.2315
2002-06-21,32.2865
2002-06-24,32.5142
2002-06-25,31.8596
2002-06-26,33.2068
2002-06-27,34.8672
2002-06-28,33.2068
2002-07-01,32.1632
2002-07-02,31.1195
2002-07-03,30.8349
2002-07-05,32.6281
2002-07-08,32.6471
2002-07-09,31.4042
2002-07-10,29.4402
2002-07-11,30.9298
2002-07-12,30.5503
2002-07-15,27.3055
2002-07-16,27.0873
2002-07-17,27.7609
2002-07-18,26.5465
2002-07-19,25.4459
2002-07-22,24.5920
2002-07-23,24.7154
2002-07-24,26.4611
2002-07-25,26.6319
2002-07-26,27.9507
2002-07-29,29.2694
2002-07-30,29.5731
2002-07-31,30.6926
2002-08-01,29.8861
2002-08-02,29.3169
2002-08-05,28.2258
2002-08-06,28.8899
2002-08-07,30.0474
2002-08-08,31.4611
2002-08-09,30.8444
2002-08-12,31.1765
2002-08-13,30.1518
2002-08-14,31.4042
2002-08-15,31.8691
2002-08-16,31.4231
2002-08-19,32.3245
2002-08-20,31.9639
2002-08-21,32.4668
2002-08-22,33.1309
2002-08-23,32.7704
2002-08-26,32.7799
2002-08-27,31.5370
2002-08-28,31.4137
2002-08-29,31.1290
2002-08-30,31.3852
2002-09-03,29.6774
2002-09-04,30.6262
2002-09-05,30.2941
2002-09-06,29.1746
2002-09-09,29.0512
2002-09-10,29.3643
2002-09-11,29.2694
2002-09-12,28.4156
2002-09-13,28.2448
2002-09-16,28.6528
2002-09-17,27.9981
2002-09-18,27.9412
2002-09-19,27.5617
2002-09-20,27.2676
2002-09-23,27.1727
2002-09-24,26.5655
2002-09-25,27.7989
2002-09-26,28.7002
2002-09-27,27.1157
2002-09-30,27.5332
2002-10-01,28.9374
2002-10-02,28.4535
2002-10-03,28.1214
2002-10-04,27.0873
2002-10-07,26.8501
2002-10-08,28.1784
2002-10-09,27.7514
2002-10-10,28.4440
2002-10-11,28.6053
2002-10-14,29.3454
2002-10-15,30.1613
2002-10-16,30.2751
2002-10-17,31.0721
2002-10-18,31.7742
2002-10-21,30.5028
2002-10-22,29.6964
2002-10-23,29.4402
2002-10-24,29.0038
2002-10-25,30.2657
2002-10-28,29.9431
2002-10-29,29.6490
2002-10-30,30.4080
2002-10-31,30.1423
2002-11-01,30.4934
2002-11-04,30.4080
2002-11-05,30.9488
2002-11-06,31.9165
2002-11-07,31.8596
2002-11-08,32.1347
2002-11-11,31.4421
2002-11-12,31.8501
2002-11-13,30.9298
2002-11-14,31.3567
2002-11-15,31.3567
2002-11-18,31.2334
2002-11-19,31.3093
2002-11-20,31.3947
2002-11-21,31.3093
2002-11-22,30.7116
2002-11-25,29.9905
2002-11-26,30.1803
2002-11-27,30.0285
2002-11-29,29.9146
2002-12-02,29.6964
2002-12-03,29.5825
2002-12-04,29.3548
2002-12-05,29.1271
2002-12-06,29.4118
2002-12-09,29.6300
2002-12-10,30.1044
2002-12-11,29.9905
2002-12-12,29.5256
2002-12-13,28.9374
2002-12-16,29.4592
2002-12-17,28.9184
2002-12-18,28.7287
2002-12-19,28.5579
2002-12-20,28.9279
2002-12-23,29.5636
2002-12-24,29.7723
2002-12-26,28.4820
2002-12-27,28.2638
2002-12-30,29.2315
2002-12-31,29.0038
2003-01-02,29.9146
2003-01-03,30.1518
2003-01-06,30.3605
2003-01-07,30.0095
2003-01-08,29.3169
2003-01-09,29.5446
2003-01-10,29.2220
2003-01-13,29.3169
2003-01-14,29.4307
2003-01-15,28.8899
2003-01-16,28.4156
2003-01-17,28.5009
2003-01-21,28.9374
2003-01-22,29.1366
2003-01-23,29.4213
2003-01-24,28.7002
2003-01-27,28.2827
2003-01-28,28.4630
2003-01-29,28.9848
2003-01-30,28.1879
2003-01-31,28.8046
2003-02-03,28.8710
2003-02-04,28.3112
2003-02-05,28.1594
2003-02-06,28.2543
2003-02-07,27.7989
2003-02-10,28.0550
2003-02-11,27.6945
2003-02-12,27.2770
2003-02-13,27.1063
2003-02-14,27.0968
2003-02-18,27.8937
2003-02-19,27.5996
2003-02-20,27.1727
2003-02-21,27.4573
2003-02-24,27.2106
2003-02-25,27.2201
2003-02-26,27.4194
2003-02-27,27.8937
2003-02-28,28.2922
2003-03-03,27.8653
2003-03-04,27.1727
2003-03-05,27.6945
2003-03-06,27.8843
2003-03-07,28.4440
2003-03-10,27.7989
2003-03-11,27.5142
2003-03-12,27.6660
2003-03-13,27.7799
2003-03-14,27.4668
2003-03-17,28.1784
2003-03-18,28.4820
2003-03-19,29.2125
2003-03-20,29.2220
2003-03-21,30.3226
2003-03-24,29.4023
2003-03-25,30.3605
2003-03-26,30.0854
2003-03-27,30.1613
2003-03-28,30.1803
2003-03-31,29.5636
2003-04-01,30.2562
2003-04-02,30.8159
2003-04-03,30.6452
2003-04-04,31.1195
2003-04-07,30.8349
2003-04-08,30.6831
2003-04-09,30.0759
2003-04-10,30.1139
2003-04-11,29.8956
2003-04-14,30.4744
2003-04-15,30.5598
2003-04-16,29.7533
2003-04-17,29.7533
2003-04-21,29.9810
2003-04-22,30.1898
2003-04-23,29.5541
2003-04-24,29.4023
2003-04-25,28.8140
2003-04-28,29.1271
2003-04-29,29.2220
2003-04-30,29.1746
2003-05-01,29.4023
2003-05-02,29.9336
2003-05-05,30.2751
2003-05-06,30.3985
2003-05-07,30.2182
2003-05-08,30.2657
2003-05-09,30.9772
2003-05-12,31.5465
2003-05-13,31.5844
2003-05-14,31.5085
2003-05-15,31.8121
2003-05-16,31.8880
2003-05-19,30.1708
2003-05-20,29.5066
2003-05-21,29.8861
2003-05-22,30.5123
2003-05-23,30.2467
2003-05-27,30.3321
2003-05-28,30.1233
2003-05-29,29.6774
2003-05-30,29.4307
2003-06-02,29.4213
2003-06-03,30.0664
2003-06-04,30.7400
2003-06-05,31.0721
2003-06-06,31.3947
2003-06-09,31.4706
2003-06-10,31.6034
2003-06-11,31.5750
2003-06-12,31.8027
2003-06-13,31.3852
2003-06-16,32.8273
2003-06-17,34.3264
2003-06-18,34.2030
2003-06-19,33.7761
2003-06-20,33.7476
2003-06-23,33.5674
2003-06-24,33.5863
2003-06-25,33.5199
2003-06-26,34.1556
2003-06-27,33.2068
2003-06-30,32.4004
2003-07-01,32.7609
2003-07-02,32.8748
2003-07-03,32.4763
2003-07-07,32.6376
2003-07-08,32.5522
2003-07-09,32.4668
2003-07-10,31.9355
2003-07-11,32.4478
2003-07-14,32.1063
2003-07-15,32.1252
2003-07-16,31.6414
2003-07-17,31.0816
2003-07-18,31.6793
2003-07-21,30.8729
2003-07-22,30.7685
2003-07-23,31.2429
2003-07-24,30.8824
2003-07-25,31.3472
2003-07-28,31.1006
2003-07-29,30.9013
2003-07-30,31.6793
2003-07-31,31.6509
2003-08-01,31.0057
2003-08-04,31.3757
2003-08-05,30.8349
2003-08-06,30.7875
2003-08-07,31.2524
2003-08-08,31.2808
2003-08-11,31.2239
2003-08-12,31.1860
2003-08-13,29.9431
2003-08-14,29.5161
2003-08-15,29.8102
2003-08-18,29.8577
2003-08-19,29.6679
2003-08-20,29.1651
2003-08-21,28.2638
2003-08-22,28.0361
2003-08-25,28.3397
2003-08-26,28.4725
2003-08-27,28.3776
2003-08-28,28.2827
2003-08-29,28.3871
2003-09-02,28.8994
2003-09-03,29.2979
2003-09-04,29.0323
2003-09-05,28.9469
2003-09-08,29.8577
2003-09-09,30.0569
2003-09-10,30.1423
2003-09-11,30.2087
2003-09-12,30.2657
2003-09-15,30.2277
2003-09-16,30.3510
2003-09-17,30.4649
2003-09-18,30.4080
2003-09-19,29.8387
2003-09-22,29.5446
2003-09-23,29.9810
2003-09-24,29.3169
2003-09-25,28.9658
2003-09-26,28.9943
2003-09-29,29.3074
2003-09-30,28.8235
2003-10-01,29.2220
2003-10-02,29.4592
2003-10-03,29.2030
2003-10-06,29.1746
2003-10-07,29.0797
2003-10-08,29.0892
2003-10-09,29.3738
2003-10-10,29.1746
2003-10-13,29.0987
2003-10-14,29.2979
2003-10-15,29.0323
2003-10-16,29.2979
2003-10-17,28.9943
2003-10-20,29.4118
2003-10-21,29.8861
2003-10-22,29.0512
2003-10-23,29.4213
2003-10-24,29.2600
2003-10-27,29.3833
2003-10-28,29.8861
2003-10-29,29.6679
2003-10-30,29.2979
2003-10-31,29.9810
2003-11-03,29.9905
2003-11-04,29.8387
2003-11-05,30.0285
2003-11-06,30.2277
2003-11-07,30.1423
2003-11-10,29.8672
2003-11-11,30.1708
2003-11-12,30.7400
2003-11-13,31.7362
2003-11-14,32.3340
2003-11-17,32.3245
2003-11-18,32.4288
2003-11-19,32.6565
2003-11-20,31.9260
2003-11-21,31.4801
2003-11-24,32.1537
2003-11-25,32.0493
2003-11-26,32.0968
2003-11-28,31.8501
2003-12-01,32.4194
2003-12-02,32.2865
2003-12-03,32.2106
2003-12-04,32.6091
2003-12-05,32.4478
2003-12-08,32.6660
2003-12-09,32.6281
2003-12-10,32.3529
2003-12-11,32.9032
2003-12-12,32.6376
2003-12-15,32.6755
2003-12-16,32.8273
2003-12-17,32.5901
2003-12-18,32.6755
2003-12-19,32.5142
2003-12-22,32.5427
2003-12-23,32.7514
2003-12-24,32.9412
2003-12-26,32.9696
2003-12-29,33.2068
2003-12-30,33.2732
2003-12-31,33.5199
2004-01-02,33.7287
2004-01-05,34.6300
2004-01-06,34.6110
2004-01-07,34.9051
2004-01-08,34.5825
2004-01-09,34.2125
2004-01-12,33.7856
2004-01-13,33.3397
2004-01-14,33.3491
2004-01-15,33.0361
2004-01-16,33.2068
2004-01-20,32.7609
2004-01-21,33.8046
2004-01-22,34.2884
2004-01-23,34.2884
2004-01-26,34.9526
2004-01-27,34.3454
2004-01-28,34.0133
2004-01-29,34.8292
2004-01-30,34.7533
2004-02-02,35.4934
2004-02-03,35.7780
2004-02-04,36.3093
2004-02-05,36.4326
2004-02-06,36.8596
2004-02-09,36.1385
2004-02-10,36.0911
2004-02-11,36.1954
2004-02-12,35.7970
2004-02-13,35.4649
2004-02-17,35.8159
2004-02-18,35.4934
2004-02-19,35.3700
2004-02-20,35.3605
2004-02-23,35.1518
2004-02-24,35.2657
2004-02-25,35.3416
2004-02-26,35.2277
2004-02-27,34.7723
2004-03-01,35.0095
2004-03-02,34.7723
2004-03-03,35.0664
2004-03-04,35.4554
2004-03-05,35.2657
2004-03-08,35.5882
2004-03-09,35.3890
2004-03-10,34.5066
2004-03-11,33.4345
2004-03-12,33.4820
2004-03-15,33.1594
2004-03-16,33.6053
2004-03-17,33.1120
2004-03-18,32.9222
2004-03-19,32.2106
2004-03-22,31.9734
2004-03-23,32.3909
2004-03-24,32.4288
2004-03-25,32.5522
2004-03-26,32.5332
2004-03-29,33.2258
2004-03-30,33.3397
2004-03-31,33.2543
2004-04-01,33.7666
2004-04-02,34.1556
2004-04-05,34.2789
2004-04-06,33.9658
2004-04-07,33.8425
2004-04-08,33.7761
2004-04-12,33.8425
2004-04-13,33.5769
2004-04-14,33.9753
2004-04-15,35.4269
2004-04-16,35.6926
2004-04-19,35.6546
2004-04-20,34.8197
2004-04-21,35.0095
2004-04-22,34.6679
2004-04-23,34.5541
2004-04-26,34.4307
2004-04-27,34.5731
2004-04-28,34.0417
2004-04-29,33.7476
2004-04-30,33.9279
2004-05-03,34.3643
2004-05-04,34.7343
2004-05-05,34.7533
2004-05-06,34.6774
2004-05-07,34.4972
2004-05-10,34.1556
2004-05-11,34.0702
2004-05-12,33.8805
2004-05-13,33.5863
2004-05-14,33.7761
2004-05-17,33.6812
2004-05-18,33.7287
2004-05-19,33.3681
2004-05-20,33.1025
2004-05-21,33.0266
2004-05-24,32.6850
2004-05-25,32.9602
2004-05-26,33.1025
2004-05-27,33.5863
2004-05-28,33.5294
2004-06-01,33.6338
2004-06-02,33.9089
2004-06-03,33.7287
2004-06-04,33.7951
2004-06-07,34.1746
2004-06-08,34.2884
2004-06-09,33.9943
2004-06-10,33.8330
2004-06-14,33.3491
2004-06-15,33.2922
2004-06-16,33.4156
2004-06-17,33.4630
2004-06-18,33.6148
2004-06-21,33.3966
2004-06-22,33.1120
2004-06-23,33.1689
2004-06-24,33.0266
2004-06-25,32.0873
2004-06-28,32.3150
2004-06-29,32.5806
2004-06-30,32.5237
2004-07-01,32.1917
2004-07-02,32.2011
2004-07-06,32.1347
2004-07-07,31.9924
2004-07-08,32.2011
2004-07-09,32.2581
2004-07-12,31.8975
2004-07-13,32.4099
2004-07-14,32.2676
2004-07-15,30.9108
2004-07-16,30.7211
2004-07-19,30.4649
2004-07-20,30.6736
2004-07-21,30.3605
2004-07-22,30.8444
2004-07-23,30.6452
2004-07-26,30.1139
2004-07-27,30.4554
2004-07-28,30.0000
2004-07-29,30.2941
2004-07-30,30.3226
2004-08-02,30.5503
2004-08-03,30.7875
2004-08-04,30.7400
2004-08-05,30.0285
2004-08-06,29.5825
2004-08-09,29.6015
2004-08-10,29.8672
2004-08-11,30.1423
2004-08-12,29.8197
2004-08-13,29.5541
2004-08-16,29.7913
2004-08-17,29.7723
2004-08-18,30.2182
2004-08-19,29.8672
2004-08-20,30.1139
2004-08-23,30.0285
2004-08-24,29.9146
2004-08-25,30.2751
2004-08-26,30.6546
2004-08-27,30.9772
2004-08-30,30.6357
2004-08-31,30.9962
2004-09-01,30.6926
2004-09-02,31.0247
2004-09-03,30.8824
2004-09-07,31.0626
2004-09-08,31.0911
2004-09-09,30.7780
2004-09-10,30.2277
2004-09-13,30.4839
2004-09-14,30.4744
2004-09-15,30.2182
2004-09-16,30.1518
2004-09-17,30.0949
2004-09-20,29.4023
2004-09-21,29.3074
2004-09-22,28.6528
2004-09-23,28.3966
2004-09-24,28.1404
2004-09-27,28.1025
2004-09-28,28.5389
2004-09-29,28.6338
2004-09-30,29.0323
2004-10-01,29.3833
2004-10-04,29.6964
2004-10-05,29.6869
2004-10-06,29.5825
2004-10-07,28.4535
2004-10-08,28.2732
2004-10-11,28.7571
2004-10-12,28.3302
2004-10-13,28.0361
2004-10-14,27.5901
2004-10-15,27.0398
2004-10-18,27.5142
2004-10-19,27.5142
2004-10-20,26.8501
2004-10-21,26.9829
2004-10-22,26.3188
2004-10-25,26.3567
2004-10-26,26.8786
2004-10-27,27.5522
2004-10-28,27.2391
2004-10-29,27.4668
2004-11-01,27.3245
2004-11-02,27.2296
2004-11-03,27.9412
2004-11-04,27.5712
2004-11-05,27.3150
2004-11-08,26.9545
2004-11-09,26.5560
2004-11-10,26.0626
2004-11-11,25.7590
2004-11-12,26.0436
2004-11-15,26.2049
2004-11-16,25.9203
2004-11-17,26.5560
2004-11-18,26.3472
2004-11-19,25.8349
2004-11-22,25.6831
2004-11-23,25.5218
2004-11-24,25.4175
2004-11-26,25.7685
2004-11-29,25.9298
2004-11-30,26.3472
2004-12-01,26.7837
2004-12-02,27.0019
2004-12-03,26.4611
2004-12-06,25.8159
2004-12-07,25.8065
2004-12-08,26.0911
2004-12-09,25.9677
2004-12-10,25.7021
2004-12-13,25.7685
2004-12-14,25.9298
2004-12-15,26.8691
2004-12-16,27.4953
2004-12-17,24.4307
2004-12-20,23.0455
2004-12-21,23.6907
2004-12-22,24.6205
2004-12-23,24.7343
2004-12-27,25.1423
2004-12-28,25.5598
2004-12-29,25.8634
2004-12-30,25.6262
2004-12-31,25.5123
2005-01-03,25.0949
2005-01-04,25.0949
2005-01-05,24.9241
2005-01-06,24.9431
2005-01-07,24.9526
2005-01-10,25.0854
2005-01-11,24.8102
2005-01-12,24.6964
2005-01-13,24.0323
2005-01-14,23.9564
2005-01-18,24.0038
2005-01-19,23.6053
2005-01-20,23.7002
2005-01-21,23.2258
2005-01-24,23.0171
2005-01-25,23.3302
2005-01-26,23.3302
2005-01-27,23.4156
2005-01-28,23.1025
2005-01-31,22.9222
2005-02-01,22.6376
2005-02-02,22.8368
2005-02-03,22.6850
2005-02-04,22.9886
2005-02-07,23.6338
2005-02-08,24.2410
2005-02-09,23.7666
2005-02-10,23.7666
2005-02-11,23.8615
2005-02-14,24.1746
2005-02-15,23.9279
2005-02-16,23.6717
2005-02-17,23.7761
2005-02-18,25.4269
2005-02-22,25.2277
2005-02-23,24.9620
2005-02-24,25.0474
2005-02-25,25.4839
2005-02-28,24.9431
2005-03-01,25.2467
2005-03-02,25.2467
2005-03-03,25.2277
2005-03-04,25.4744
2005-03-07,25.7875
2005-03-08,25.3890
2005-03-09,25.3700
2005-03-10,25.3795
2005-03-11,25.0095
2005-03-14,25.1708
2005-03-15,24.9431
2005-03-16,24.7154
2005-03-17,24.6774
2005-03-18,24.5066
2005-03-21,24.3928
2005-03-22,24.1176
2005-03-23,24.7059
2005-03-24,24.8292
2005-03-28,24.8861
2005-03-29,24.3264
2005-03-30,24.9431
2005-03-31,24.9241
2005-04-01,24.8102
2005-04-04,24.6015
2005-04-05,25.5218
2005-04-06,25.4839
2005-04-07,25.5218
2005-04-08,25.2372
2005-04-11,25.1044
2005-04-12,25.5028
2005-04-13,25.8824
2005-04-14,26.0436
2005-04-15,26.2903
2005-04-18,26.1860
2005-04-19,26.0152
2005-04-20,25.3890
2005-04-21,25.8539
2005-04-22,25.8254
2005-04-25,25.6452
2005-04-26,25.5313
2005-04-27,25.5408
2005-04-28,25.3226
2005-04-29,25.7780
2005-05-02,26.0057
2005-05-03,26.0911
2005-05-04,26.4042
2005-05-05,26.4231
2005-05-06,26.1954
2005-05-09,26.5370
2005-05-10,26.2429
2005-05-11,26.2334
2005-05-12,26.2144
2005-05-13,26.4326
2005-05-16,26.7837
2005-05-17,26.7552
2005-05-18,26.9829
2005-05-19,27.2486
2005-05-20,27.1157
2005-05-23,27.2865
2005-05-24,27.3624
2005-05-25,27.2011
2005-05-26,27.4194
2005-05-27,26.8975
2005-05-31,26.4706
2005-06-01,26.7268
2005-06-02,26.7552
2005-06-03,26.5275
2005-06-06,26.5750
2005-06-07,26.5275
2005-06-08,26.2334
2005-06-09,26.1195
2005-06-10,26.2619
2005-06-13,26.4611
2005-06-14,26.9355
2005-06-15,26.9734
2005-06-16,27.1347
2005-06-17,27.3055
2005-06-20,27.2865
2005-06-21,27.1442
2005-06-22,27.3150
2005-06-23,27.4194
2005-06-24,27.0588
2005-06-27,26.6414
2005-06-28,26.4706
2005-06-29,26.4137
2005-06-30,26.1670
2005-07-01,25.7116
2005-07-05,25.6641
2005-07-06,25.3985
2005-07-07,25.3795
2005-07-08,25.7495
2005-07-11,25.7306
2005-07-12,25.6831
2005-07-13,25.8349
2005-07-14,26.1860
2005-07-15,26.1575
2005-07-18,25.8539
2005-07-19,25.9772
2005-07-20,25.6736
2005-07-21,25.2277
2005-07-22,25.1423
2005-07-25,25.0664
2005-07-26,24.8956
2005-07-27,25.3321
2005-07-28,25.3985
2005-07-29,25.1423
2005-08-01,25.2751
2005-08-02,25.5598
2005-08-03,25.5503
2005-08-04,25.2372
2005-08-05,24.9051
2005-08-08,24.8672
2005-08-09,25.3321
2005-08-10,25.0380
2005-08-11,25.0854
2005-08-12,24.8197
2005-08-15,24.8577
2005-08-16,24.7154
2005-08-17,24.8197
2005-08-18,24.5541
2005-08-19,24.2410
2005-08-22,24.0607
2005-08-23,23.8046
2005-08-24,23.7761
2005-08-25,23.5958
2005-08-26,23.6148
2005-08-29,23.8140
2005-08-30,23.8520
2005-08-31,24.1746
2005-09-01,24.0038
2005-09-02,24.0323
2005-09-06,24.5446
2005-09-07,24.9526
2005-09-08,25.1518
2005-09-09,24.9810
2005-09-12,24.9905
2005-09-13,24.6490
2005-09-14,24.6964
2005-09-15,24.3833
2005-09-16,24.5731
2005-09-19,24.2884
2005-09-20,24.0987
2005-09-21,24.0133
2005-09-22,23.9564
2005-09-23,23.5958
2005-09-26,23.8994
2005-09-27,23.5294
2005-09-28,23.5863
2005-09-29,23.8046
2005-09-30,23.6907
2005-10-03,23.9943
2005-10-04,23.9469
2005-10-05,23.5294
2005-10-06,23.3871
2005-10-07,23.1404
2005-10-10,23.1973
2005-10-11,23.0550
2005-10-12,23.5674
2005-10-13,23.2448
2005-10-14,23.0740
2005-10-17,22.8843
2005-10-18,22.8937
2005-10-19,22.7419
2005-10-20,20.7780
2005-10-21,20.1613
2005-10-24,20.0095
2005-10-25,20.1139
2005-10-26,19.9810
2005-10-27,20.0190
2005-10-28,20.3985
2005-10-31,20.6262
2005-11-01,20.4459
2005-11-02,20.4934
2005-11-03,20.7495
2005-11-04,21.1195
2005-11-07,21.1290
2005-11-08,20.7875
2005-11-09,21.0247
2005-11-10,21.0721
2005-11-11,21.2808
2005-11-14,21.1101
2005-11-15,20.7685
2005-11-16,20.2751
2005-11-17,20.2562
2005-11-18,20.4934
2005-11-21,20.6262
2005-11-22,20.2846
2005-11-23,20.5313
2005-11-25,20.5598
2005-11-28,20.4839
2005-11-29,20.3700
2005-11-30,20.1139
2005-12-01,20.2846
2005-12-02,20.2087
2005-12-05,20.2562
2005-12-06,20.0569
2005-12-07,20.0190
2005-12-08,19.9051
2005-12-09,19.5446
2005-12-12,19.8672
2005-12-13,21.1670
2005-12-14,21.6793
2005-12-15,21.6224
2005-12-16,21.4231
2005-12-19,23.0740
2005-12-20,22.7704
2005-12-21,22.8083
2005-12-22,22.8273
2005-12-23,22.7324
2005-12-27,22.4194
2005-12-28,22.3909
2005-12-29,22.2486
2005-12-30,22.1252
2006-01-03,22.5617
2006-01-04,23.2922
2006-01-05,23.3207
2006-01-06,23.5769
2006-01-09,23.5769
2006-01-10,23.1879
2006-01-11,23.4820
2006-01-12,23.3207
2006-01-13,23.4061
2006-01-17,23.0361
2006-01-18,22.7704
2006-01-19,23.6907
2006-01-20,23.4440
2006-01-23,23.6148
2006-01-24,23.3302
2006-01-25,23.5579
2006-01-26,23.7666
2006-01-27,24.6584
2006-01-30,24.6110
2006-01-31,24.3643
2006-02-01,24.7154
2006-02-02,24.4592
2006-02-03,23.9848
2006-02-06,23.8046
2006-02-07,23.8899
2006-02-08,25.0190
2006-02-09,24.9905
2006-02-10,24.3643
2006-02-13,24.2694
2006-02-14,24.1935
2006-02-15,24.2979
2006-02-16,24.4877
2006-02-17,24.4972
2006-02-21,24.3264
2006-02-22,24.8482
2006-02-23,24.8008
2006-02-24,25.0190
2006-02-27,25.2372
2006-02-28,24.8482
2006-03-01,24.9146
2006-03-02,24.7249
2006-03-03,24.9905
2006-03-06,24.6490
2006-03-07,24.8482
2006-03-08,24.8292
2006-03-09,24.8482
2006-03-10,24.7438
2006-03-13,24.6395
2006-03-14,24.6395
2006-03-15,24.6205
2006-03-16,24.7154
2006-03-17,25.0380
2006-03-20,25.1139
2006-03-21,24.9620
2006-03-22,25.0474
2006-03-23,24.8197
2006-03-24,24.6869
2006-03-27,24.4877
2006-03-28,24.0512
2006-03-29,23.9469
2006-03-30,23.9089
2006-03-31,23.6433
2006-04-03,23.8330
2006-04-04,23.8140
2006-04-05,23.8805
2006-04-06,23.8046
2006-04-07,23.4250
2006-04-10,23.3871
2006-04-11,23.1025
2006-04-12,23.1689
2006-04-13,23.2448
2006-04-17,23.1879
2006-04-18,23.6528
2006-04-19,23.5484
2006-04-20,23.6717
2006-04-21,23.5958
2006-04-24,23.5199
2006-04-25,23.4535
2006-04-26,23.6907
2006-04-27,23.5863
2006-04-28,24.0323
2006-05-01,23.8330
2006-05-02,23.8899
2006-05-03,23.8805
2006-05-04,23.9279
2006-05-05,24.1082
2006-05-08,24.2315
2006-05-09,24.2030
2006-05-10,23.7571
2006-05-11,23.5389
2006-05-12,23.2448
2006-05-15,23.6148
2006-05-16,23.6243
2006-05-17,23.0266
2006-05-18,22.6660
2006-05-19,22.5996
2006-05-22,22.5047
2006-05-23,22.7609
2006-05-24,22.6186
2006-05-25,22.6281
2006-05-26,22.7704
2006-05-30,22.3719
2006-05-31,22.4478
2006-06-01,22.6755
2006-06-02,22.9507
2006-06-05,22.7135
2006-06-06,22.6186
2006-06-07,22.6850
2006-06-08,22.6376
2006-06-09,22.3245
2006-06-12,22.0968
2006-06-13,21.8596
2006-06-14,21.9260
2006-06-15,22.3245
2006-06-16,22.2296
2006-06-19,21.8786
2006-06-20,21.7742
2006-06-21,21.5275
2006-06-22,21.4896
2006-06-23,21.4801
2006-06-26,21.8311
2006-06-27,21.6319
2006-06-28,21.7268
2006-06-29,22.0493
2006-06-30,22.2676
2006-07-03,22.3719
2006-07-05,22.4668
2006-07-06,22.4668
2006-07-07,22.4668
2006-07-10,22.6471
2006-07-11,22.2865
2006-07-12,21.9924
2006-07-13,21.6983
2006-07-14,21.2713
2006-07-17,21.2619
2006-07-18,21.4231
2006-07-19,22.1063
2006-07-20,22.4953
2006-07-21,22.6091
2006-07-24,23.5199
2006-07-25,23.6812
2006-07-26,23.8235
2006-07-27,24.3359
2006-07-28,24.7723
2006-07-31,24.6584
2006-08-01,24.6584
2006-08-02,24.2979
2006-08-03,24.2030
2006-08-04,24.6490
2006-08-07,24.7154
2006-08-08,24.8197
2006-08-09,24.8102
2006-08-10,24.6395
2006-08-11,24.4972
2006-08-14,24.7438
2006-08-15,25.0474
2006-08-16,25.3795
2006-08-17,25.6167
2006-08-18,25.6641
2006-08-21,25.2751
2006-08-22,25.5977
2006-08-23,25.7495
2006-08-24,25.8444
2006-08-25,25.8349
2006-08-28,26.1290
2006-08-29,26.1860
2006-08-30,26.3093
2006-08-31,26.1480
2006-09-01,26.5275
2006-09-05,26.4137
2006-09-06,26.2998
2006-09-07,26.0436
2006-09-08,26.1765
2006-09-11,26.4516
2006-09-12,26.8027
2006-09-13,26.7457
2006-09-14,26.7552
2006-09-15,26.6034
2006-09-18,26.7173
2006-09-19,26.7552
2006-09-20,27.0114
2006-09-21,26.7647
2006-09-22,26.7173
2006-09-25,26.8975
2006-09-26,26.9450
2006-09-27,26.9545
2006-09-28,26.8501
2006-09-29,26.9070
2006-10-02,26.8596
2006-10-03,26.9545
2006-10-04,26.8786
2006-10-05,26.5560
2006-10-06,26.4706
2006-10-09,26.2334
2006-10-10,26.1480
2006-10-11,25.8918
2006-10-12,26.2334
2006-10-13,26.1765
2006-10-16,26.2429
2006-10-17,26.2998
2006-10-18,26.6603
2006-10-19,26.2619
2006-10-20,26.2619
2006-10-23,26.3093
2006-10-24,25.8634
2006-10-25,26.0247
2006-10-26,25.8824
2006-10-27,25.8254
2006-10-30,25.8065
2006-10-31,25.2846
2006-11-01,25.1803
2006-11-02,25.3226
2006-11-03,25.1898
2006-11-06,25.6072
2006-11-07,25.8918
2006-11-08,25.2562
2006-11-09,24.5161
2006-11-10,24.3928
2006-11-13,24.5636
2006-11-14,24.9051
2006-11-15,25.1708
2006-11-16,25.3890
2006-11-17,25.8159
2006-11-20,25.6641
2006-11-21,25.5693
2006-11-22,25.7116
2006-11-24,25.5123
2006-11-27,25.5882
2006-11-28,25.6641
2006-11-29,25.6831
2006-11-30,26.0816
2006-12-01,26.4326
2006-12-04,23.6243
2006-12-05,23.5484
2006-12-06,23.5294
2006-12-07,23.5863
2006-12-08,23.8805
2006-12-11,23.8615
2006-12-12,23.8805
2006-12-13,24.0892
2006-12-14,24.2505
2006-12-15,24.3264
2006-12-18,24.5066
2006-12-19,24.8577
2006-12-20,24.8672
2006-12-21,24.7343
2006-12-22,24.6395
2006-12-26,24.6015
2006-12-27,24.8102
2006-12-28,24.7343
2006-12-29,24.5731
2007-01-03,24.9431
2007-01-04,25.0285
2007-01-05,24.9526
2007-01-08,24.8197
2007-01-09,24.8292
2007-01-10,24.8577
2007-01-11,25.1044
2007-01-12,25.2751
2007-01-16,25.3985
2007-01-17,25.5123
2007-01-18,25.7780
2007-01-19,25.8254
2007-01-22,25.5693
2007-01-23,25.0190
2007-01-24,25.4459
2007-01-25,25.0095
2007-01-26,24.9431
2007-01-29,24.7249
2007-01-30,24.7628
2007-01-31,24.8956
2007-02-01,25.2562
2007-02-02,25.4269
2007-02-05,25.5028
2007-02-06,25.4554
2007-02-07,25.1613
2007-02-08,25.0854
2007-02-09,25.0285
2007-02-12,24.8767
2007-02-13,25.0380
2007-02-14,25.2182
2007-02-15,25.1708
2007-02-16,24.9526
2007-02-20,24.9526
2007-02-21,24.7343
2007-02-22,24.5446
2007-02-23,24.3074
2007-02-26,24.5161
2007-02-27,23.8520
2007-02-28,23.6812
2007-03-01,23.7571
2007-03-02,23.5199
2007-03-05,23.4345
2007-03-06,23.8994
2007-03-07,23.9753
2007-03-08,24.1082
2007-03-09,24.1082
2007-03-12,24.0797
2007-03-13,23.6622
2007-03-14,23.5863
2007-03-15,23.7097
2007-03-16,23.7097
2007-03-19,24.0607
2007-03-20,24.2315
2007-03-21,24.5256
2007-03-22,24.4687
2007-03-23,24.3454
2007-03-26,24.3548
2007-03-27,24.1841
2007-03-28,23.8899
2007-03-29,24.1082
2007-03-30,23.9658
2007-04-02,24.0417
2007-04-03,24.3548
2007-04-04,24.4877
2007-04-05,24.5161
2007-04-09,24.6679
2007-04-10,24.6679
2007-04-11,24.7059
2007-04-12,25.1044
2007-04-13,25.3036
2007-04-16,25.5598
2007-04-17,25.5218
2007-04-18,25.4080
2007-04-19,25.6831
2007-04-20,25.5882
2007-04-23,25.0000
2007-04-24,24.8102
2007-04-25,24.9715
2007-04-26,25.3510
2007-04-27,25.2467
2007-04-30,25.1044
2007-05-01,25.2277
2007-05-02,25.2372
2007-05-03,25.4934
2007-05-04,25.6926
2007-05-07,25.9772
2007-05-08,25.9488
2007-05-09,25.7685
2007-05-10,25.4269
2007-05-11,25.6546
2007-05-14,25.8349
2007-05-15,25.7116
2007-05-16,25.9203
2007-05-17,25.9583
2007-05-18,26.0342
2007-05-21,26.0152
2007-05-22,25.9677
2007-05-23,25.9393
2007-05-24,25.8824
2007-05-25,26.1195
2007-05-29,26.1480
2007-05-30,26.0057
2007-05-31,26.0816
2007-06-01,26.2619
2007-06-04,26.1101
2007-06-05,25.8824
2007-06-06,25.4175
2007-06-07,24.9431
2007-06-08,25.1613
2007-06-11,25.0190
2007-06-12,24.7723
2007-06-13,25.0000
2007-06-14,25.0380
2007-06-15,25.1139
2007-06-18,24.9146
2007-06-19,24.8672
2007-06-20,24.3928
2007-06-21,24.5920
2007-06-22,24.0797
2007-06-25,24.0987
2007-06-26,24.2789
2007-06-27,24.2979
2007-06-28,24.3169
2007-06-29,24.2600
2007-07-02,24.4118
2007-07-03,24.4877
2007-07-05,24.5731
2007-07-06,24.5920
2007-07-09,24.5541
2007-07-10,24.2694
2007-07-11,24.1461
2007-07-12,24.6490
2007-07-13,24.5825
2007-07-16,24.7438
2007-07-17,24.6300
2007-07-18,23.8425
2007-07-19,23.7097
2007-07-20,23.6243
2007-07-23,23.7476
2007-07-24,23.6148
2007-07-25,23.5104
2007-07-26,22.9127
2007-07-27,22.5712
2007-07-30,22.5427
2007-07-31,22.3055
2007-08-01,22.4194
2007-08-02,22.6281
2007-08-03,22.3055
2007-08-06,22.8748
2007-08-07,23.1025
2007-08-08,23.3491
2007-08-09,22.9032
2007-08-10,22.7609
2007-08-13,22.6660
2007-08-14,22.3719
2007-08-15,22.3245
2007-08-16,22.1917
2007-08-17,22.7135
2007-08-20,22.9317
2007-08-21,22.9981
2007-08-22,23.3871
2007-08-23,23.3586
2007-08-24,23.4725
2007-08-27,23.4915
2007-08-28,23.2163
2007-08-29,23.4061
2007-08-30,23.2922
2007-08-31,23.5674
2007-09-04,23.7951
2007-09-05,23.4440
2007-09-06,23.3586
2007-09-07,23.0076
2007-09-10,22.7324
2007-09-11,22.9507
2007-09-12,22.9507
2007-09-13,22.9886
2007-09-14,23.0455
2007-09-17,22.8937
2007-09-18,23.2827
2007-09-19,23.6053
2007-09-20,23.2638
2007-09-21,23.3302
2007-09-24,23.1689
2007-09-25,22.9981
2007-09-26,23.3207
2007-09-27,23.4820
2007-09-28,23.1784
2007-10-01,23.5769
2007-10-02,23.6622
2007-10-03,23.7951
2007-10-04,24.0038
2007-10-05,24.2694
2007-10-08,24.1461
2007-10-09,24.2315
2007-10-10,24.2315
2007-10-11,24.1461
2007-10-12,23.9658
2007-10-15,23.7192
2007-10-16,23.3681
2007-10-17,23.2922
2007-10-18,23.2827
2007-10-19,22.8368
2007-10-22,22.7894
2007-10-23,22.8178
2007-10-24,22.7514
2007-10-25,23.0455
2007-10-26,23.0645
2007-10-29,23.2543
2007-10-30,23.1973
2007-10-31,23.3491
2007-11-01,22.7230
2007-11-02,22.4573
2007-11-05,22.4573
2007-11-06,22.7040
2007-11-07,22.1252
2007-11-08,21.9260
2007-11-09,21.6603
2007-11-12,21.8406
2007-11-13,22.3435
2007-11-14,22.4004
2007-11-15,22.0968
2007-11-16,22.1917
2007-11-19,21.5465
2007-11-20,21.5560
2007-11-21,21.2049
2007-11-23,21.8027
2007-11-26,21.1575
2007-11-27,21.7078
2007-11-28,22.2391
2007-11-29,22.3909
2007-11-30,22.5427
2007-12-03,22.3435
2007-12-04,22.2676
2007-12-05,22.7514
2007-12-06,22.9317
2007-12-07,23.1499
2007-12-10,23.1214
2007-12-11,22.6091
2007-12-12,22.5901
2007-12-13,22.4288
2007-12-14,21.9165
2007-12-17,21.7932
2007-12-18,22.1727
2007-12-19,22.0778
2007-12-20,22.0304
2007-12-21,22.0493
2007-12-24,22.1347
2007-12-26,22.0114
2007-12-27,21.7457
2007-12-28,21.7268
2007-12-31,21.5655
2008-01-02,21.7362
2008-01-03,21.9924
2008-01-04,21.6603
2008-01-07,22.0398
2008-01-08,22.2676
2008-01-09,22.6945
2008-01-10,22.8463
2008-01-11,22.7894
2008-01-14,22.7419
2008-01-15,22.3814
2008-01-16,22.2011
2008-01-17,21.7837
2008-01-18,21.3472
2008-01-22,21.0911
2008-01-23,21.6888
2008-01-24,21.8691
2008-01-25,21.4516
2008-01-28,21.8121
2008-01-29,21.9924
2008-01-30,21.9165
2008-01-31,22.1632
2008-02-01,22.3814
2008-02-04,22.4194
2008-02-05,21.7837
2008-02-06,21.4326
2008-02-07,21.5085
2008-02-08,21.1575
2008-02-11,21.0626
2008-02-12,21.5180
2008-02-13,21.5750
2008-02-14,21.2998
2008-02-15,21.1860
2008-02-19,21.2239
2008-02-20,21.3188
2008-02-21,21.2524
2008-02-22,21.3472
2008-02-25,21.6129
2008-02-26,21.6603
2008-02-27,21.5844
2008-02-28,21.3947
2008-02-29,21.1385
2008-03-03,21.1101
2008-03-04,21.1006
2008-03-05,20.9203
2008-03-06,20.4839
2008-03-07,20.2562
2008-03-10,20.0664
2008-03-11,20.6072
2008-03-12,20.1898
2008-03-13,20.1233
2008-03-14,19.5825
2008-03-17,19.5161
2008-03-18,19.9241
2008-03-19,19.5541
2008-03-20,19.5351
2008-03-24,19.5541
2008-03-25,19.7154
2008-03-26,19.6300
2008-03-27,19.5066
2008-03-28,19.4497
2008-03-31,19.8577
2008-04-01,20.2846
2008-04-02,20.4080
2008-04-03,20.2467
2008-04-04,20.2562
2008-04-07,20.3795
2008-04-08,19.9241
2008-04-09,19.8197
2008-04-10,19.8482
2008-04-11,19.4023
2008-04-14,19.5066
2008-04-15,19.6490
2008-04-16,20.0190
2008-04-17,19.3548
2008-04-18,19.4213
2008-04-21,19.1651
2008-04-22,18.7761
2008-04-23,18.8615
2008-04-24,19.0133
2008-04-25,19.3833
2008-04-28,19.1935
2008-04-29,19.2030
2008-04-30,19.0797
2008-05-01,19.3928
2008-05-02,19.5541
2008-05-05,19.4687
2008-05-06,19.3738
2008-05-07,18.8994
2008-05-08,18.9469
2008-05-09,18.7761
2008-05-12,18.8899
2008-05-13,18.9469
2008-05-14,19.0323
2008-05-15,19.0512
2008-05-16,19.0038
2008-05-19,19.1935
2008-05-20,19.0228
2008-05-21,18.9848
2008-05-22,18.7666
2008-05-23,18.5294
2008-05-27,18.3397
2008-05-28,18.3112
2008-05-29,18.4061
2008-05-30,18.3681
2008-06-02,18.1973
2008-06-03,18.0361
2008-06-04,17.8368
2008-06-05,17.7135
2008-06-06,17.0398
2008-06-09,17.0968
2008-06-10,17.0209
2008-06-11,16.6509
2008-06-12,16.8216
2008-06-13,17.0683
2008-06-16,16.8596
2008-06-17,16.8121
2008-06-18,16.8596
2008-06-19,16.8596
2008-06-20,16.4421
2008-06-23,16.4896
2008-06-24,16.7837
2008-06-25,16.9639
2008-06-26,16.2903
2008-06-27,16.3947
2008-06-30,16.5750
2008-07-01,16.8216
2008-07-02,16.7173
2008-07-03,16.8406
2008-07-07,16.4991
2008-07-08,17.2581
2008-07-09,17.1063
2008-07-10,17.1063
2008-07-11,16.8975
2008-07-14,16.7457
2008-07-15,16.6793
2008-07-16,17.3245
2008-07-17,17.4478
2008-07-18,17.3814
2008-07-21,17.1632
2008-07-22,17.4099
2008-07-23,18.0930
2008-07-24,17.8463
2008-07-25,17.9222
2008-07-28,17.4194
2008-07-29,17.5806
2008-07-30,17.9127
2008-07-31,17.7135
2008-08-01,17.6471
2008-08-04,18.0076
2008-08-05,18.7002
2008-08-06,18.4345
2008-08-07,18.2258
2008-08-08,18.8235
2008-08-11,18.8615
2008-08-12,18.7097
2008-08-13,18.6338
2008-08-14,18.7666
2008-08-15,18.9469
2008-08-18,18.6338
2008-08-19,18.3491
2008-08-20,18.2922
2008-08-21,18.3776
2008-08-22,18.7381
2008-08-25,18.5104
2008-08-26,18.2922
2008-08-27,18.1025
2008-08-28,18.2827
2008-08-29,18.1309
2008-09-02,18.1879
2008-09-03,18.2163
2008-09-04,17.7135
2008-09-05,17.5617
2008-09-08,18.1594
2008-09-09,17.3055
2008-09-10,17.2676
2008-09-11,17.4478
2008-09-12,17.6660
2008-09-15,17.1252
2008-09-16,16.8975
2008-09-17,16.2903
2008-09-18,17.0683
2008-09-19,17.5996
2008-09-22,17.1442
2008-09-23,17.0873
2008-09-24,17.0683
2008-09-25,17.6850
2008-09-26,17.7040
2008-09-29,16.7457
2008-09-30,17.4953
2008-10-01,17.9696
2008-10-02,17.8273
2008-10-03,18.0266
2008-10-06,17.9696
2008-10-07,16.7457
2008-10-08,16.2524
2008-10-09,14.8672
2008-10-10,14.3643
2008-10-13,15.8254
2008-10-14,16.2524
2008-10-15,15.4364
2008-10-16,16.1006
2008-10-17,16.0436
2008-10-20,16.4516
2008-10-21,16.4516
2008-10-22,15.8824
2008-10-23,16.2239
2008-10-24,15.7211
2008-10-27,15.5503
2008-10-28,16.9070
2008-10-29,16.3093
2008-10-30,16.9450
2008-10-31,16.8027
2008-11-03,16.8501
2008-11-04,17.4668
2008-11-05,16.1290
2008-11-06,15.5313
2008-11-07,15.9962
2008-11-10,15.7495
2008-11-11,15.9108
2008-11-12,15.0190
2008-11-13,15.8729
2008-11-14,15.4459
2008-11-17,15.1044
2008-11-18,15.4554
2008-11-19,14.7628
2008-11-20,13.7097
2008-11-21,14.8672
2008-11-24,15.2182
2008-11-25,15.1233
2008-11-26,15.2467
2008-11-28,15.5882
2008-12-01,14.4972
2008-12-02,15.1992
2008-12-03,15.7685
2008-12-04,15.4364
2008-12-05,15.7021
2008-12-08,16.0626
2008-12-09,15.6262
2008-12-10,15.7211
2008-12-11,15.7116
2008-12-12,16.0531
2008-12-15,15.7780
2008-12-16,16.4706
2008-12-17,16.3662
2008-12-18,16.2429
2008-12-19,16.4137
2008-12-22,16.2998
2008-12-23,16.1575
2008-12-24,16.1385
2008-12-26,16.2239
2008-12-29,16.4042
2008-12-30,16.8406
2008-12-31,16.8027
2009-01-02,17.3340
2009-01-05,17.2296
2009-01-06,16.8880
2009-01-07,16.5939
2009-01-08,16.7457
2009-01-09,16.5465
2009-01-12,16.4706
2009-01-13,16.6888
2009-01-14,16.3567
2009-01-15,16.4991
2009-01-16,16.6034
2009-01-20,16.3188
2009-01-21,16.5844
2009-01-22,16.3283
2009-01-23,16.5560
2009-01-26,14.8482
2009-01-27,15.0095
2009-01-28,14.6490
2009-01-29,14.3454
2009-01-30,13.8330
2009-02-02,14.1271
2009-02-03,14.4213
2009-02-04,13.8235
2009-02-05,13.7571
2009-02-06,14.0797
2009-02-09,13.9564
2009-02-10,13.3491
2009-02-11,13.6433
2009-02-12,13.8994
2009-02-13,13.8330
2009-02-17,13.5199
2009-02-18,13.4345
2009-02-19,13.3112
2009-02-20,13.0076
2009-02-23,12.5901
2009-02-24,12.8937
2009-02-25,12.4099
2009-02-26,12.0493
2009-02-27,11.6793
2009-03-02,11.0626
2009-03-03,11.2619
2009-03-04,11.8596
2009-03-05,12.0209
2009-03-06,12.0778
2009-03-09,11.9829
2009-03-10,12.4194
2009-03-11,12.1347
2009-03-12,13.3017
2009-03-13,13.7951
2009-03-16,13.4250
2009-03-17,13.5294
2009-03-18,13.5199
2009-03-19,12.9981
2009-03-20,12.9317
2009-03-23,13.3017
2009-03-24,13.2068
2009-03-25,13.5294
2009-03-26,13.6433
2009-03-27,13.3207
2009-03-30,12.9981
2009-03-31,12.9222
2009-04-01,13.2732
2009-04-02,13.0645
2009-04-03,12.8558
2009-04-06,13.0076
2009-04-07,12.8178
2009-04-08,12.7894
2009-04-09,12.8558
2009-04-13,12.7894
2009-04-14,12.6565
2009-04-15,13.1499
2009-04-16,13.1879
2009-04-17,13.4345
2009-04-20,12.8937
2009-04-21,12.8273
2009-04-22,12.3719
2009-04-23,12.5996
2009-04-24,12.4953
2009-04-27,12.7989
2009-04-28,12.7040
2009-04-29,12.7419
2009-04-30,12.6755
2009-05-01,12.8842
2009-05-04,13.2638
2009-05-05,13.5484
2009-05-06,13.1973
2009-05-07,13.4345
2009-05-08,13.6622
2009-05-11,13.4250
2009-05-12,14.1651
2009-05-13,14.4877
2009-05-14,14.5541
2009-05-15,14.2410
2009-05-18,14.4118
2009-05-19,14.3264
2009-05-20,14.3359
2009-05-21,14.0702
2009-05-22,14.1935
2009-05-26,14.2505
2009-05-27,13.9089
2009-05-28,13.9374
2009-05-29,14.4118
2009-06-01,14.0038
2009-06-02,14.2125
2009-06-03,14.1271
2009-06-04,13.8899
2009-06-05,13.7666
2009-06-08,13.5768
2009-06-09,13.4061
2009-06-10,13.3302
2009-06-11,13.8805
2009-06-12,14.0038
2009-06-15,13.4061
2009-06-16,13.4345
2009-06-17,13.8330
2009-06-18,14.1556
2009-06-19,14.2315
2009-06-22,14.0323
2009-06-23,13.9753
2009-06-24,13.9658
2009-06-25,14.5446
2009-06-26,14.4118
2009-06-29,14.4782
2009-06-30,14.2315
2009-07-01,14.1366
2009-07-02,13.7381
2009-07-06,13.8235
2009-07-07,13.8425
2009-07-08,13.8615
2009-07-09,13.5579
2009-07-10,13.4725
2009-07-13,14.0038
2009-07-14,14.1366
2009-07-15,14.2505
2009-07-16,14.2979
2009-07-17,14.1935
2009-07-20,14.4782
2009-07-21,14.8956
2009-07-22,15.0569
2009-07-23,15.3226
2009-07-24,15.6357
2009-07-27,15.7685
2009-07-28,15.2087
2009-07-29,14.9431
2009-07-30,15.1233
2009-07-31,15.1139
2009-08-03,15.2182
2009-08-04,15.2467
2009-08-05,15.0569
2009-08-06,14.9810
2009-08-07,15.1423
2009-08-10,15.0949
2009-08-11,15.0190
2009-08-12,15.0474
2009-08-13,14.9905
2009-08-14,14.9620
2009-08-17,15.0664
2009-08-18,15.1613
2009-08-19,15.5313
2009-08-20,15.3985
2009-08-21,15.7875
2009-08-24,15.8729
2009-08-25,15.9393
2009-08-26,15.9108
2009-08-27,15.9962
2009-08-28,15.9488
2009-08-31,15.8444
2009-09-01,15.5408
2009-09-02,15.4459
2009-09-03,15.2562
2009-09-04,15.5503
2009-09-08,15.3795
2009-09-09,15.3416
2009-09-10,15.5028
2009-09-11,15.4175
2009-09-14,15.5218
2009-09-15,15.3795
2009-09-16,15.5787
2009-09-17,15.4839
2009-09-18,15.6641
2009-09-21,15.7875
2009-09-22,15.9393
2009-09-23,15.5882
2009-09-24,15.5977
2009-09-25,15.5598
2009-09-28,15.7211
2009-09-29,15.9108
2009-09-30,15.7021
2009-10-01,15.4744
2009-10-02,15.3226
2009-10-05,15.5598
2009-10-06,15.9203
2009-10-07,15.8349
2009-10-08,15.8444
2009-10-09,16.0531
2009-10-12,16.2239
2009-10-13,15.9203
2009-10-14,16.4801
2009-10-15,16.7552
2009-10-16,16.8596
2009-10-19,17.0588
2009-10-20,17.0114
2009-10-21,16.5180
2009-10-22,16.6603
2009-10-23,16.3662
2009-10-26,16.2429
2009-10-27,16.3757
2009-10-28,16.3283
2009-10-29,16.6509
2009-10-30,16.1575
2009-11-02,16.0816
2009-11-03,16.0247
2009-11-04,16.0626
2009-11-05,16.1480
2009-11-06,16.0911
2009-11-09,16.5370
2009-11-10,16.6603
2009-11-11,16.7173
2009-11-12,16.7173
2009-11-13,16.6888
2009-11-16,17.0209
2009-11-17,17.0209
2009-11-18,17.2581
2009-11-19,17.1822
2009-11-20,17.4194
2009-11-23,17.5806
2009-11-24,17.3719
2009-11-25,17.6376
2009-11-27,17.3150
2009-11-30,17.2391
2009-12-01,17.8843
2009-12-02,17.7799
2009-12-03,17.6850
2009-12-04,17.5427
2009-12-07,17.1347
2009-12-08,16.8501
2009-12-09,17.3055
2009-12-10,17.3814
2009-12-11,17.3624
2009-12-14,17.4573
2009-12-15,17.3529
2009-12-16,17.4668
2009-12-17,17.2865
2009-12-18,17.3624
2009-12-21,17.6565
2009-12-22,17.6565
2009-12-23,17.6281
2009-12-24,17.6471
2009-12-28,17.6755
2009-12-29,17.6091
2009-12-30,17.5522
2009-12-31,17.2581
2010-01-04,17.9602
2010-01-05,17.7040
2010-01-06,17.6471
2010-01-07,17.5806
2010-01-08,17.7230
2010-01-11,17.8653
2010-01-12,17.8083
2010-01-13,18.2258
2010-01-14,18.3871
2010-01-15,18.4915
2010-01-19,18.9753
2010-01-20,18.9184
2010-01-21,18.2543
2010-01-22,17.9886
2010-01-25,17.8843
2010-01-26,17.8178
2010-01-27,18.0266
2010-01-28,17.6755
2010-01-29,17.7040
2010-02-01,17.8273
2010-02-02,18.2543
2010-02-03,17.6660
2010-02-04,17.1063
2010-02-05,17.0398
2010-02-08,16.9260
2010-02-09,16.9639
2010-02-10,16.8311
2010-02-11,16.9545
2010-02-12,16.8880
2010-02-16,16.8121
2010-02-17,16.7647
2010-02-18,16.8216
2010-02-19,17.0683
2010-02-22,17.0304
2010-02-23,16.7647
2010-02-24,16.8975
2010-02-25,16.7837
2010-02-26,16.6509
2010-03-01,16.8406
2010-03-02,16.6983
2010-03-03,16.4326
2010-03-04,16.4421
2010-03-05,16.5844
2010-03-08,16.4611
2010-03-09,16.3472
2010-03-10,16.2713
2010-03-11,16.4042
2010-03-12,16.2049
2010-03-15,16.3757
2010-03-16,16.3757
2010-03-17,16.3283
2010-03-18,16.3472
2010-03-19,16.0436
2010-03-22,16.2713
2010-03-23,16.6414
2010-03-24,16.7078
2010-03-25,16.4991
2010-03-26,16.2619
2010-03-29,16.3947
2010-03-30,16.3757
2010-03-31,16.2713
2010-04-01,16.2049
2010-04-05,16.0342
2010-04-06,16.0911
2010-04-07,16.1954
2010-04-08,16.2619
2010-04-09,16.3662
2010-04-12,16.4042
2010-04-13,16.2998
2010-04-14,16.1954
2010-04-15,16.1195
2010-04-16,15.9393
2010-04-19,15.9298
2010-04-20,15.9013
2010-04-21,15.7495
2010-04-22,15.6357
2010-04-23,16.0436
2010-04-26,15.9583
2010-04-27,15.6167
2010-04-28,15.6831
2010-04-29,15.9962
2010-04-30,15.8634
2010-05-03,16.0436
2010-05-04,16.3757
2010-05-05,16.2998
2010-05-06,15.8824
2010-05-07,15.6167
2010-05-10,16.1290
2010-05-11,16.1385
2010-05-12,16.0342
2010-05-13,15.7116
2010-05-14,15.3700
2010-05-17,15.2846
2010-05-18,15.0000
2010-05-19,15.0095
2010-05-20,14.4497
2010-05-21,14.6110
2010-05-24,14.4402
2010-05-25,14.2884
2010-05-26,14.3359
2010-05-27,14.5825
2010-05-28,14.4497
2010-06-01,14.2220
2010-06-02,14.4213
2010-06-03,14.4497
2010-06-04,14.0038
2010-06-07,13.7761
2010-06-08,13.8046
2010-06-09,13.7761
2010-06-10,14.1461
2010-06-11,14.6679
2010-06-14,14.5446
2010-06-15,14.7249
2010-06-16,14.6869
2010-06-17,14.6774
2010-06-18,14.4307
2010-06-21,14.3264
2010-06-22,14.2030
2010-06-23,14.1176
2010-06-24,13.7192
2010-06-25,13.8899
2010-06-28,13.7951
2010-06-29,13.5484
2010-06-30,13.5294
2010-07-01,13.5009
2010-07-02,13.4156
2010-07-06,13.5579
2010-07-07,13.8710
2010-07-08,14.0607
2010-07-09,14.0133
2010-07-12,14.1651
2010-07-13,14.0323
2010-07-14,14.0797
2010-07-15,14.1082
2010-07-16,13.8140
2010-07-19,13.9753
2010-07-20,13.8046
2010-07-21,13.7571
2010-07-22,14.0512
2010-07-23,13.8330
2010-07-26,14.2505
2010-07-27,14.4877
2010-07-28,14.2315
2010-07-29,14.3169
2010-07-30,14.2315
2010-08-02,14.6869
2010-08-03,15.5028
2010-08-04,15.5977
2010-08-05,15.3605
2010-08-06,15.4080
2010-08-09,15.5787
2010-08-10,15.7211
2010-08-11,15.1803
2010-08-12,15.3700
2010-08-13,15.2562
2010-08-16,15.2087
2010-08-17,15.4364
2010-08-18,15.2751
2010-08-19,15.2087
2010-08-20,15.1044
2010-08-23,15.2751
2010-08-24,15.0095
2010-08-25,15.1708
2010-08-26,15.0854
2010-08-27,15.2657
2010-08-30,15.0474
2010-08-31,15.0949
2010-09-01,15.4459
2010-09-02,15.5598
2010-09-03,15.6167
2010-09-07,15.4934
2010-09-08,15.7116
2010-09-09,15.9108
2010-09-10,16.1195
2010-09-13,16.1006
2010-09-14,16.2049
2010-09-15,16.3852
2010-09-16,16.2903
2010-09-17,16.1860
2010-09-20,16.3947
2010-09-21,16.2619
2010-09-22,16.3378
2010-09-23,16.1670
2010-09-24,16.5085
2010-09-27,16.2903
2010-09-28,16.5370
2010-09-29,16.5085
2010-09-30,16.2903
2010-10-01,16.2998
2010-10-04,16.0342
2010-10-05,16.3472
2010-10-06,16.3757
2010-10-07,16.4896
2010-10-08,16.5655
2010-10-11,16.4896
2010-10-12,16.5844
2010-10-13,16.8216
2010-10-14,16.7552
2010-10-15,16.8406
2010-10-18,16.8880
2010-10-19,16.4991
2010-10-20,16.7552
2010-10-21,16.7268
2010-10-22,16.6034
2010-10-25,16.7173
2010-10-26,16.5939
2010-10-27,16.3947
2010-10-28,16.6698
2010-10-29,16.5275
2010-11-01,16.7173
2010-11-02,16.5560
2010-11-03,16.6888
2010-11-04,16.4896
2010-11-05,16.2998
2010-11-08,16.1765
2010-11-09,16.1195
2010-11-10,15.9677
2010-11-11,16.1101
2010-11-12,15.9867
2010-11-15,15.8918
2010-11-16,15.7495
2010-11-17,15.6357
2010-11-18,15.9677
2010-11-19,15.9393
2010-11-22,15.7780
2010-11-23,15.7211
2010-11-24,15.8349
2010-11-26,15.6452
2010-11-29,15.7116
2010-11-30,15.4649
2010-12-01,15.8444
2010-12-02,15.8349
2010-12-03,15.8634
2010-12-06,15.9488
2010-12-07,15.9108
2010-12-08,15.8634
2010-12-09,15.9013
2010-12-10,16.1480
2010-12-13,16.3093
2010-12-14,16.2334
2010-12-15,16.2049
2010-12-16,16.3378
2010-12-17,16.1575
2010-12-20,16.2903
2010-12-21,16.4896
2010-12-22,16.6603
2010-12-23,16.7078
2010-12-27,16.5939
2010-12-28,16.6888
2010-12-29,16.6983
2010-12-30,16.5939
2010-12-31,16.6129
2011-01-03,16.7742
2011-01-04,17.0683
2011-01-05,17.1822
2011-01-06,17.2486
2011-01-07,17.4004
2011-01-10,17.3245
2011-01-11,17.2865
2011-01-12,17.4288
2011-01-13,17.2865
2011-01-14,17.4004
2011-01-18,17.4383
2011-01-19,17.3814
2011-01-20,17.3055
2011-01-21,17.4194
2011-01-24,17.5047
2011-01-25,17.5237
2011-01-26,17.4194
2011-01-27,17.5332
2011-01-28,17.2201
2011-01-31,17.2865
2011-02-01,18.2353
2011-02-02,17.9886
2011-02-03,18.1879
2011-02-04,18.3112
2011-02-07,18.0645
2011-02-08,18.1784
2011-02-09,18.0740
2011-02-10,18.0550
2011-02-11,17.8653
2011-02-14,18.0740
2011-02-15,18.0740
2011-02-16,18.2922
2011-02-17,18.3776
2011-02-18,18.2068
2011-02-22,17.9222
2011-02-23,17.7989
2011-02-24,17.9317
2011-02-25,17.8937
2011-02-28,18.2543
2011-03-01,18.1594
2011-03-02,18.2068
2011-03-03,18.7571
2011-03-04,18.6528
2011-03-07,18.6053
2011-03-08,18.6717
2011-03-09,18.6528
2011-03-10,18.3681
2011-03-11,18.4725
2011-03-14,18.7951
2011-03-15,18.7476
2011-03-16,18.3112
2011-03-17,18.8615
2011-03-18,19.1461
2011-03-21,18.9564
2011-03-22,18.9184
2011-03-23,18.8994
2011-03-24,19.2600
2011-03-25,19.3074
2011-03-28,19.2315
2011-03-29,19.3359
2011-03-30,19.2979
2011-03-31,19.2694
2011-04-01,19.3359
2011-04-04,19.4877
2011-04-05,19.4023
2011-04-06,19.2505
2011-04-07,19.2884
2011-04-08,19.4118
2011-04-11,19.6110
2011-04-12,19.4118
2011-04-13,19.4118
2011-04-14,19.4402
2011-04-15,19.4782
2011-04-18,19.3548
2011-04-19,19.4782
2011-04-20,19.3454
2011-04-21,18.7761
2011-04-25,19.1082
2011-04-26,19.1556
2011-04-27,19.5731
2011-04-28,19.7628
2011-04-29,19.8956
2011-05-02,19.9431
2011-05-03,19.3928
2011-05-04,19.5825
2011-05-05,19.3454
2011-05-06,19.4972
2011-05-09,19.5446
2011-05-10,19.7913
2011-05-11,19.5541
2011-05-12,19.8197
2011-05-13,19.8482
2011-05-16,19.9051
2011-05-17,20.0569
2011-05-18,20.0949
2011-05-19,19.9526
2011-05-20,19.6300
2011-05-23,19.5351
2011-05-24,19.4687
2011-05-25,19.7154
2011-05-26,19.8292
2011-05-27,19.8577
2011-05-31,20.3510
2011-06-01,19.9715
2011-06-02,19.9241
2011-06-03,19.7723
2011-06-06,19.6774
2011-06-07,19.6774
2011-06-08,19.6205
2011-06-09,19.6869
2011-06-10,19.0797
2011-06-13,19.4118
2011-06-14,19.5256
2011-06-15,19.1556
2011-06-16,19.2030
2011-06-17,19.2220
2011-06-20,19.2315
2011-06-21,19.3833
2011-06-22,19.2410
2011-06-23,19.5920
2011-06-24,19.0512
2011-06-27,19.1366
2011-06-28,19.4972
2011-06-29,19.6110
2011-06-30,19.5446
2011-07-01,19.6869
2011-07-05,19.7154
2011-07-06,19.7154
2011-07-07,19.1935
2011-07-08,19.1271
2011-07-11,19.0133
2011-07-12,18.9753
2011-07-13,18.9658
2011-07-14,18.8899
2011-07-15,18.7381
2011-07-18,18.6338
2011-07-19,18.9184
2011-07-20,18.8805
2011-07-21,19.0702
2011-07-22,19.0417
2011-07-25,18.7951
2011-07-26,18.6243
2011-07-27,18.3112
2011-07-28,18.3681
2011-07-29,18.2638
2011-08-01,18.0361
2011-08-02,17.2106
2011-08-03,17.1063
2011-08-04,16.4706
2011-08-05,16.5939
2011-08-08,15.8065
2011-08-09,16.6983
2011-08-10,16.1765
2011-08-11,16.8975
2011-08-12,16.9450
2011-08-15,17.4004
2011-08-16,17.3719
2011-08-17,17.5427
2011-08-18,16.8027
2011-08-19,16.7647
2011-08-22,16.7742
2011-08-23,17.3055
2011-08-24,17.4478
2011-08-25,17.0398
2011-08-26,17.2770
2011-08-29,17.9127
2011-08-30,17.9127
2011-08-31,18.0076
2011-09-01,17.9412
2011-09-02,17.5142
2011-09-06,17.6945
2011-09-07,18.0361
2011-09-08,17.8558
2011-09-09,17.3435
2011-09-12,17.3150
2011-09-13,17.3909
2011-09-14,17.4668
2011-09-15,17.5427
2011-09-16,17.2201
2011-09-19,17.1347
2011-09-20,17.3055
2011-09-21,16.9260
2011-09-22,16.5939
2011-09-23,16.5560
2011-09-26,16.8596
2011-09-27,16.8406
2011-09-28,16.6603
2011-09-29,17.0588
2011-09-30,16.7742
2011-10-03,16.4421
2011-10-04,16.6888
2011-10-05,17.0588
2011-10-06,17.2960
2011-10-07,17.4953
2011-10-10,17.9507
2011-10-11,17.8843
2011-10-12,17.8558
2011-10-13,17.7989
2011-10-14,18.0645
2011-10-17,17.7324
2011-10-18,17.9981
2011-10-19,17.8463
2011-10-20,17.7704
2011-10-21,18.0835
2011-10-24,18.3681
2011-10-25,17.9032
2011-10-26,18.2922
2011-10-27,18.8235
2011-10-28,18.8046
2011-10-31,18.2732
2011-11-01,18.3397
2011-11-02,18.5294
2011-11-03,18.8615
2011-11-04,18.6528
2011-11-07,19.0417
2011-11-08,19.0512
2011-11-09,18.3491
2011-11-10,18.7761
2011-11-11,18.9658
2011-11-14,18.7761
2011-11-15,18.8520
2011-11-16,18.5674
2011-11-17,18.4725
2011-11-18,18.5294
2011-11-21,17.9886
2011-11-22,17.9317
2011-11-23,17.5047
2011-11-25,17.5047
2011-11-28,18.1120
2011-11-29,18.4061
2011-11-30,19.0417
2011-12-01,19.0038
2011-12-02,18.8710
2011-12-05,18.8235
2011-12-06,19.1935
2011-12-07,19.4213
2011-12-08,19.1556
2011-12-09,19.5066
2011-12-12,19.3454
2011-12-13,19.6964
2011-12-14,19.7913
2011-12-15,20.0569
2011-12-16,19.9526
2011-12-19,20.0569
2011-12-20,20.3605
2011-12-21,20.5693
2011-12-22,20.5218
2011-12-23,20.7116
2011-12-27,20.6546
2011-12-28,20.4269
2011-12-29,20.5977
2011-12-30,20.5313
2012-01-03,20.8444
2012-01-04,20.6546
2012-01-05,20.4934
2012-01-06,20.4649
2012-01-09,20.7021
2012-01-10,20.8159
2012-01-11,20.7780
2012-01-12,20.8634
2012-01-13,20.7211
2012-01-17,20.8159
2012-01-18,20.8444
2012-01-19,20.7211
2012-01-20,20.7780
2012-01-23,20.5977
2012-01-24,20.5503
2012-01-25,20.6072
2012-01-26,20.5218
2012-01-27,20.3795
2012-01-30,20.4744
2012-01-31,20.3036
2012-02-01,20.2182
2012-02-02,20.0285
2012-02-03,20.1139
2012-02-06,19.8767
2012-02-07,19.9715
2012-02-08,19.9336
2012-02-09,20.0569
2012-02-10,19.9715
2012-02-13,20.2087
2012-02-14,20.2372
2012-02-15,20.0285
2012-02-16,20.2372
2012-02-17,20.1044
2012-02-21,20.1328
2012-02-22,20.2657
2012-02-23,19.9526
2012-02-24,20.0949
2012-02-27,20.1708
2012-02-28,20.1328
2012-02-29,20.0474
2012-03-01,20.3890
2012-03-02,20.3131
2012-03-05,20.3985
2012-03-06,20.1803
2012-03-07,20.2751
2012-03-08,20.3605
2012-03-09,20.3795
2012-03-12,20.4364
2012-03-13,20.8824
2012-03-14,20.8065
2012-03-15,20.7875
2012-03-16,20.8159
2012-03-19,20.7590
2012-03-20,20.6831
2012-03-21,20.6546
2012-03-22,20.6167
2012-03-23,20.7021
2012-03-26,21.0247
2012-03-27,21.3472
2012-03-28,21.2619
2012-03-29,21.2713
2012-03-30,21.4896
2012-04-02,21.4326
2012-04-03,21.3852
2012-04-04,21.2429
2012-04-05,21.1954
2012-04-09,20.9203
2012-04-10,20.8634
2012-04-11,20.8254
2012-04-12,20.7970
2012-04-13,20.7306
2012-04-16,20.8539
2012-04-17,21.1670
2012-04-18,21.2998
2012-04-19,21.1954
2012-04-20,21.4042
2012-04-23,21.2334
2012-04-24,21.4706
2012-04-25,21.7078
2012-04-26,21.8786
2012-04-27,21.8975
2012-04-30,21.7268
2012-05-01,21.6129
2012-05-02,21.4991
2012-05-03,21.4421
2012-05-04,21.2334
2012-05-07,21.2998
2012-05-08,21.2713
2012-05-09,21.2998
2012-05-10,21.6603
2012-05-11,21.4896
2012-05-14,21.4326
2012-05-15,21.1575
2012-05-16,21.4801
2012-05-17,21.4042
2012-05-18,21.4137
2012-05-21,21.3852
2012-05-22,21.2239
2012-05-23,20.9583
2012-05-24,21.0057
2012-05-25,20.9962
2012-05-29,21.0436
2012-05-30,20.9108
2012-05-31,20.7495
2012-06-01,20.5313
2012-06-04,20.5028
2012-06-05,20.4934
2012-06-06,20.7875
2012-06-07,20.8159
2012-06-08,21.0057
2012-06-11,20.9677
2012-06-12,21.0531
2012-06-13,21.0531
2012-06-14,21.4042
2012-06-15,21.4516
2012-06-18,21.4611
2012-06-19,21.5465
2012-06-20,21.5085
2012-06-21,21.4421
2012-06-22,21.5655
2012-06-25,21.3188
2012-06-26,21.2903
2012-06-27,21.4516
2012-06-28,21.3757
2012-06-29,21.8216
2012-07-02,21.8216
2012-07-03,21.6983
2012-07-05,21.5085
2012-07-06,21.3852
2012-07-09,21.4896
2012-07-10,21.2903
2012-07-11,21.1954
2012-07-12,21.5085
2012-07-13,21.6414
2012-07-16,21.9450
2012-07-17,22.4099
2012-07-18,22.4573
2012-07-19,22.5806
2012-07-20,22.4858
2012-07-23,22.3909
2012-07-24,22.1822
2012-07-25,22.1347
2012-07-26,22.2865
2012-07-27,22.6091
2012-07-30,22.4953
2012-07-31,22.8083
2012-08-01,22.7135
2012-08-02,22.6945
2012-08-03,23.0361
2012-08-06,23.0171
2012-08-07,22.5237
2012-08-08,22.6091
2012-08-09,22.6471
2012-08-10,22.7135
2012-08-13,22.5047
2012-08-14,22.7514
2012-08-15,22.8083
2012-08-16,22.7894
2012-08-17,22.5712
2012-08-20,22.6850
2012-08-21,22.4763
2012-08-22,22.4858
2012-08-23,22.5237
2012-08-24,22.7799
2012-08-27,22.6660
2012-08-28,22.6281
2012-08-29,22.7324
2012-08-30,22.6186
2012-08-31,22.6376
2012-09-04,22.5617
2012-09-05,22.6945
2012-09-06,23.0930
2012-09-07,22.9981
2012-09-10,22.8653
2012-09-11,22.9317
2012-09-12,22.8368
2012-09-13,23.0076
2012-09-14,22.5806
2012-09-17,22.7894
2012-09-18,22.7799
2012-09-19,22.9222
2012-09-20,23.1594
2012-09-21,23.2638
2012-09-24,23.4820
2012-09-25,23.5674
2012-09-26,23.5579
2012-09-27,23.6812
2012-09-28,23.5769
2012-10-01,23.7571
2012-10-02,23.8330
2012-10-03,24.0228
2012-10-04,24.0512
2012-10-05,24.2125
2012-10-08,24.0987
2012-10-09,24.0133
2012-10-10,23.8710
2012-10-11,23.8330
2012-10-12,23.8330
2012-10-15,24.2600
2012-10-16,24.4782
2012-10-17,24.5161
2012-10-18,24.7059
2012-10-19,24.4402
2012-10-22,24.2884
2012-10-23,23.8994
2012-10-24,24.0133
2012-10-25,24.2979
2012-10-26,24.1271
2012-10-31,23.5958
2012-11-01,23.2922
2012-11-02,23.2922
2012-11-05,23.3207
2012-11-06,23.4440
2012-11-07,22.9317
2012-11-08,22.9222
2012-11-09,22.9317
2012-11-12,22.8748
2012-11-13,22.8178
2012-11-14,22.5901
2012-11-15,22.4478
2012-11-16,22.6376
2012-11-19,22.9032
2012-11-20,23.0361
2012-11-21,23.1025
2012-11-23,23.2732
2012-11-26,23.2353
2012-11-27,23.0076
2012-11-28,23.4061
2012-11-29,23.5769
2012-11-30,23.7381
2012-12-03,23.8046
2012-12-04,23.8805
2012-12-05,24.3264
2012-12-06,24.2979
2012-12-07,24.2505
2012-12-10,24.1082
2012-12-11,24.3264
2012-12-12,24.2030
2012-12-13,24.0323
2012-12-14,23.8899
2012-12-17,24.0607
2012-12-18,24.3264
2012-12-19,24.0512
2012-12-20,24.1271
2012-12-21,23.7951
2012-12-24,23.7951
2012-12-26,23.9469
2012-12-27,23.8520
2012-12-28,23.6148
2012-12-31,23.7951
2013-01-02,24.5825
2013-01-03,24.5256
2013-01-04,24.6300
2013-01-07,24.6490
2013-01-08,24.6869
2013-01-09,25.1139
2013-01-10,25.3890
2013-01-11,25.1613
2013-01-14,25.3700
2013-01-15,25.2562
2013-01-16,25.2467
2013-01-17,25.4554
2013-01-18,25.1803
2013-01-22,25.3131
2013-01-23,25.2846
2013-01-24,25.4744
2013-01-25,25.6167
2013-01-28,25.4649
2013-01-29,26.2808
2013-01-30,26.1006
2013-01-31,25.8824
2013-02-01,26.2144
2013-02-04,25.7780
2013-02-05,26.1006
2013-02-06,25.9203
2013-02-07,25.5787
2013-02-08,25.5028
2013-02-11,25.7495
2013-02-12,25.6072
2013-02-13,25.6167
2013-02-14,25.6736
2013-02-15,25.8918
2013-02-19,26.2903
2013-02-20,26.1575
2013-02-21,26.0057
2013-02-22,25.9772
2013-02-25,25.4649
2013-02-26,25.6452
2013-02-27,26.0057
2013-02-28,25.9677
2013-03-01,25.9867
2013-03-04,26.2713
2013-03-05,26.6319
2013-03-06,26.6793
2013-03-07,26.8216
2013-03-08,26.7457
2013-03-11,26.8027
2013-03-12,26.5085
2013-03-13,26.5844
2013-03-14,26.6698
2013-03-15,26.5844
2013-03-18,26.6034
2013-03-19,26.5560
2013-03-20,26.8406
2013-03-21,26.6698
2013-03-22,26.9260
2013-03-25,26.7173
2013-03-26,27.1347
2013-03-27,27.1727
2013-03-28,27.3814
2013-04-01,27.3624
2013-04-02,27.7324
2013-04-03,27.5427
2013-04-04,27.6660
2013-04-05,27.6091
2013-04-08,27.6660
2013-04-09,27.6186
2013-04-10,28.3871
2013-04-11,29.0702
2013-04-12,29.0987
2013-04-15,28.8899
2013-04-16,29.3548
2013-04-17,29.2884
2013-04-18,29.0228
2013-04-19,29.4687
2013-04-22,29.3454
2013-04-23,29.4877
2013-04-24,29.0323
2013-04-25,28.7097
2013-04-26,28.5484
2013-04-29,28.8710
2013-04-30,27.5806
2013-05-01,27.4194
2013-05-02,27.7704
2013-05-03,27.4763
2013-05-06,27.2486
2013-05-07,27.5427
2013-05-08,27.2581
2013-05-09,27.1347
2013-05-10,27.2486
2013-05-13,27.8653
2013-05-14,27.8937
2013-05-15,28.0455
2013-05-16,27.7514
2013-05-17,27.4763
2013-05-20,27.2296
2013-05-21,27.3055
2013-05-22,27.7989
2013-05-23,27.6186
2013-05-24,27.5522
2013-05-28,27.5237
2013-05-29,26.8311
2013-05-30,26.8027
2013-05-31,25.8349
2013-06-03,26.3283
2013-06-04,26.2429
2013-06-05,26.0721
2013-06-06,26.6698
2013-06-07,26.8121
2013-06-10,26.9165
2013-06-11,26.9639
2013-06-12,26.9734
2013-06-13,27.5901
2013-06-14,27.5996
2013-06-17,27.6660
2013-06-18,27.8937
2013-06-19,27.6091
2013-06-20,27.1727
2013-06-21,27.0019
2013-06-24,26.2903
2013-06-25,26.5560
2013-06-26,26.6603
2013-06-27,26.7362
2013-06-28,26.5750
2013-07-01,26.3567
2013-07-02,26.2808
2013-07-03,26.2334
2013-07-05,26.5370
2013-07-08,26.6888
2013-07-09,26.8975
2013-07-10,26.9829
2013-07-11,27.2960
2013-07-12,27.3340
2013-07-15,27.3150
2013-07-16,27.2106
2013-07-17,27.2106
2013-07-18,27.0304
2013-07-19,27.5996
2013-07-22,27.8463
2013-07-23,27.9127
2013-07-24,27.7799
2013-07-25,27.6945
2013-07-26,27.8653
2013-07-29,28.0266
2013-07-30,28.1499
2013-07-31,27.7324
2013-08-01,27.6186
2013-08-02,27.8653
2013-08-05,27.6945
2013-08-06,27.8368
2013-08-07,27.7609
2013-08-08,27.6376
2013-08-09,27.7135
2013-08-12,27.6945
2013-08-13,27.7704
2013-08-14,27.5427
2013-08-15,27.3245
2013-08-16,26.9165
2013-08-19,27.0019
2013-08-20,27.0683
2013-08-21,26.7932
2013-08-22,26.7173
2013-08-23,26.8880
2013-08-26,26.5844
2013-08-27,26.5655
2013-08-28,26.7647
2013-08-29,26.6603
2013-08-30,26.7647
2013-09-03,26.5750
2013-09-04,26.9165
2013-09-05,26.8216
2013-09-06,26.8311
2013-09-09,26.8501
2013-09-10,26.9924
2013-09-11,27.2011
2013-09-12,26.8596
2013-09-13,27.0493
2013-09-16,27.2391
2013-09-17,27.1727
2013-09-18,27.5522
2013-09-19,27.3624
2013-09-20,27.4858
2013-09-23,27.3245
2013-09-24,27.2391
2013-09-25,27.0304
2013-09-26,27.0588
2013-09-27,27.4004
2013-09-30,27.2581
2013-10-01,27.4099
2013-10-02,27.5237
2013-10-03,27.2960
2013-10-04,27.5142
2013-10-07,27.1537
2013-10-08,26.7932
2013-10-09,26.8406
2013-10-10,27.2960
2013-10-11,27.2486
2013-10-14,27.8463
2013-10-15,27.6660
2013-10-16,28.2732
2013-10-17,28.7097
2013-10-18,28.9469
2013-10-21,28.8425
2013-10-22,29.1082
2013-10-23,29.0323
2013-10-24,29.0417
2013-10-25,29.0417
2013-10-28,29.1651
2013-10-29,29.6490
2013-10-30,29.3454
2013-10-31,29.1176
2013-11-01,29.5731
2013-11-04,29.6584
2013-11-05,29.6395
2013-11-06,29.3833
2013-11-07,29.3264
2013-11-08,29.7154
2013-11-11,29.6395
2013-11-12,29.7723
2013-11-13,30.2372
2013-11-14,30.3605
2013-11-15,30.5503
2013-11-18,30.3700
2013-11-19,30.0380
2013-11-20,30.2846
2013-11-21,30.3321
2013-11-22,30.4744
2013-11-25,30.4934
2013-11-26,30.2562
2013-11-27,30.2467
2013-11-29,30.1044
2013-12-02,30.1992
2013-12-03,29.6205
2013-12-04,29.6679
2013-12-05,29.6490
2013-12-06,29.9241
2013-12-09,29.9620
2013-12-10,29.7343
2013-12-11,29.0797
2013-12-12,28.7002
2013-12-13,28.7002
2013-12-16,28.7002
2013-12-17,28.5958
2013-12-18,29.1935
2013-12-19,29.1366
2013-12-20,28.7002
2013-12-23,28.7951
2013-12-24,28.7381
2013-12-26,28.9848
2013-12-27,29.0702
2013-12-30,29.1176
2013-12-31,29.0607
2014-01-02,28.8994
2014-01-03,28.9564
2014-01-06,28.9848
2014-01-07,29.1651
2014-01-08,29.3643
2014-01-09,29.3454
2014-01-10,29.1176
2014-01-13,28.9753
2014-01-14,29.4118
2014-01-15,29.5825
2014-01-16,29.5731
2014-01-17,29.4972
2014-01-21,29.6300
2014-01-22,29.6679
2014-01-23,29.4213
2014-01-24,28.5484
2014-01-27,28.1404
2014-01-28,28.8615
2014-01-29,28.5674
2014-01-30,29.2410
2014-01-31,28.8425
2014-02-03,29.0323
2014-02-04,29.8292
2014-02-05,29.0797
2014-02-06,29.2600
2014-02-07,29.6205
2014-02-10,29.8577
2014-02-11,30.2467
2014-02-12,29.9905
2014-02-13,30.0759
2014-02-14,30.3036
2014-02-18,30.2467
2014-02-19,29.8672
2014-02-20,29.9336
2014-02-21,29.8482
2014-02-24,30.3510
2014-02-25,30.2562
2014-02-26,30.3510
2014-02-27,30.5787
2014-02-28,30.4649
2014-03-03,30.3416
2014-03-04,31.0152
2014-03-05,31.0721
2014-03-06,30.7970
2014-03-07,30.7685
2014-03-10,30.7306
2014-03-11,30.7590
2014-03-12,30.3416
2014-03-13,29.5256
2014-03-14,29.6300
2014-03-17,29.8102
2014-03-18,30.2941
2014-03-19,30.0854
2014-03-20,30.2751
2014-03-21,30.5313
2014-03-24,29.8767
2014-03-25,30.1898
2014-03-26,30.5313
2014-03-27,30.4554
2014-03-28,30.2467
2014-03-31,30.4744
2014-04-01,30.3131
2014-04-02,30.6357
2014-04-03,30.7400
2014-04-04,30.5123
2014-04-07,29.6015
2014-04-08,29.2884
2014-04-09,29.6300
2014-04-10,29.0417
2014-04-11,28.3302
2014-04-14,28.3397
2014-04-15,28.3586
2014-04-16,28.5484
2014-04-17,28.7002
2014-04-21,29.2789
2014-04-22,29.4118
2014-04-23,29.3359
2014-04-24,29.1366
2014-04-25,29.1746
2014-04-28,30.3985
2014-04-29,30.1328
2014-04-30,29.6774
2014-05-01,29.5541
2014-05-02,29.1746
2014-05-05,28.4250
2014-05-06,27.9222
2014-05-07,27.5332
2014-05-08,27.6755
2014-05-09,27.5427
2014-05-12,27.6376
2014-05-13,27.7040
2014-05-14,27.6091
2014-05-15,27.5712
2014-05-16,27.6281
2014-05-19,27.7799
2014-05-20,27.7514
2014-05-21,28.0550
2014-05-22,28.1404
2014-05-23,27.9791
2014-05-27,28.0930
2014-05-28,28.0930
2014-05-29,28.0835
2014-05-30,28.1120
2014-06-02,28.1879
2014-06-03,28.0740
2014-06-04,28.1214
2014-06-05,28.2353
2014-06-06,27.9127
2014-06-09,27.8463
2014-06-10,27.9886
2014-06-11,27.9222
2014-06-12,27.9412
2014-06-13,28.0171
2014-06-16,28.0930
2014-06-17,27.9696
2014-06-18,28.1879
2014-06-19,28.0740
2014-06-20,28.2543
2014-06-23,27.9412
2014-06-24,27.7989
2014-06-25,28.2732
2014-06-26,28.0740
2014-06-27,28.1499
2014-06-30,28.1594
2014-07-01,28.5389
2014-07-02,28.8140
2014-07-03,28.9658
2014-07-07,28.9279
2014-07-08,28.6053
2014-07-09,28.5104
2014-07-10,28.4630
2014-07-11,28.5294
2014-07-14,28.6907
2014-07-15,28.8520
2014-07-16,29.3738
2014-07-17,28.9848
2014-07-18,29.1556
2014-07-21,28.7951
2014-07-22,28.9279
2014-07-23,28.8330
2014-07-24,28.7856
2014-07-25,28.6433
2014-07-28,28.5579
2014-07-29,28.2068
2014-07-30,27.7609
2014-07-31,27.2296
2014-08-01,27.3814
2014-08-04,27.2770
2014-08-05,26.9545
2014-08-06,26.8311
2014-08-07,26.6034
2014-08-08,26.8880
2014-08-11,26.8027
2014-08-12,26.6414
2014-08-13,26.7647
2014-08-14,27.2581
2014-08-15,27.1727
2014-08-18,27.3624
2014-08-19,27.4573
2014-08-20,27.4099
2014-08-21,27.3435
2014-08-22,27.4383
2014-08-25,27.4288
2014-08-26,27.7135
2014-08-27,27.9791
2014-08-28,27.8748
2014-08-29,27.8843
2014-09-02,27.7609
2014-09-03,27.8937
2014-09-04,27.8653
2014-09-05,28.1309
2014-09-08,27.8937
2014-09-09,27.7324
2014-09-10,27.9317
2014-09-11,28.1120
2014-09-12,27.9222
2014-09-15,28.3871
2014-09-16,28.5104
2014-09-17,28.7951
2014-09-18,29.0133
2014-09-19,28.8425
2014-09-22,28.6338
2014-09-23,28.5104
2014-09-24,28.7571
2014-09-25,28.4440
2014-09-26,28.1973
2014-09-29,28.2448
2014-09-30,28.0550
2014-10-01,27.6565
2014-10-02,27.5712
2014-10-03,27.7230
2014-10-06,27.6755
2014-10-07,27.3150
2014-10-08,27.8748
2014-10-09,27.5047
2014-10-10,27.6376
2014-10-13,27.0114
2014-10-14,27.0019
2014-10-15,26.7457
2014-10-16,26.2808
2014-10-17,26.4042
2014-10-20,26.4991
2014-10-21,26.8311
2014-10-22,26.8501
2014-10-23,27.1347
2014-10-24,27.6186
2014-10-27,27.5427
2014-10-28,27.5996
2014-10-29,27.9791
2014-10-30,28.3112
2014-10-31,28.4156
2014-11-03,28.6433
2014-11-04,28.7287
2014-11-05,28.5009
2014-11-06,28.5009
2014-11-07,28.3871
2014-11-10,28.6528
2014-11-11,28.7666
2014-11-12,28.8615
2014-11-13,28.8615
2014-11-14,28.7856
2014-11-17,28.7666
2014-11-18,29.0228
2014-11-19,28.8805
2014-11-20,28.8805
2014-11-21,28.8899
2014-11-24,28.6717
2014-11-25,28.9089
2014-11-26,29.5066
2014-11-28,29.5541
2014-12-01,29.6584
2014-12-02,29.9526
2014-12-03,30.1233
2014-12-04,30.0474
2014-12-05,30.3510
2014-12-08,30.3321
2014-12-09,30.3131
2014-12-10,30.2277
2014-12-11,30.0285
2014-12-12,29.3643
2014-12-15,29.2789
2014-12-16,29.0987
2014-12-17,29.5256
2014-12-18,30.3321
2014-12-19,30.3036
2014-12-22,30.4459
2014-12-23,29.8387
2014-12-24,29.8102
2014-12-26,30.0285
2014-12-29,29.7818
2014-12-30,29.7723
2014-12-31,29.5541
2015-01-02,29.7249
2015-01-05,29.5636
2015-01-06,29.8102
2015-01-07,30.2182
2015-01-08,30.8349
2015-01-09,30.9772
2015-01-12,31.0911
2015-01-13,30.7780
2015-01-14,30.8159
2015-01-15,30.7400
2015-01-16,31.1195
2015-01-20,31.4042
2015-01-21,30.9677
2015-01-22,31.1290
2015-01-23,30.7875
2015-01-26,31.1195
2015-01-27,30.9298
2015-01-28,30.3131
2015-01-29,30.1992
2015-01-30,29.6490
2015-02-02,30.0285
2015-02-03,30.3795
2015-02-04,30.4269
2015-02-05,31.2998
2015-02-06,31.4706
2015-02-09,31.3757
2015-02-10,32.4004
2015-02-11,32.4953
2015-02-12,33.0835
2015-02-13,32.8653
2015-02-17,32.8083
2015-02-18,32.7135
2015-02-19,32.6471
2015-02-20,32.7894
2015-02-23,32.6281
2015-02-24,32.5806
2015-02-25,32.8843
2015-02-26,32.8178
2015-02-27,32.5617
2015-03-02,32.9886
2015-03-03,32.7894
2015-03-04,32.8653
2015-03-05,32.7040
2015-03-06,32.2296
2015-03-09,32.2865
2015-03-10,32.0493
2015-03-11,31.9070
2015-03-12,32.2581
2015-03-13,32.2581
2015-03-16,32.6755
2015-03-17,32.4194
2015-03-18,32.6186
2015-03-19,32.4004
2015-03-20,32.4953
2015-03-23,33.2543
2015-03-24,32.7514
2015-03-25,32.5427
2015-03-26,32.4099
2015-03-27,32.7609
2015-03-30,33.2068
2015-03-31,33.0076
2015-04-01,32.5712
2015-04-02,32.6186
2015-04-06,32.7135
2015-04-07,32.7704
2015-04-08,32.8653
2015-04-09,33.2353
2015-04-10,33.6243
2015-04-13,33.2922
2015-04-14,33.2353
2015-04-15,33.4061
2015-04-16,33.3871
2015-04-17,33.2448
2015-04-20,33.2163
2015-04-21,33.1025
2015-04-22,33.1404
2015-04-23,33.5484
2015-04-24,33.4630
2015-04-27,32.8178
2015-04-28,32.7135
2015-04-29,32.5332
2015-04-30,32.1917
2015-05-01,32.3340
2015-05-04,32.5617
2015-05-05,32.3719
2015-05-06,31.7457
2015-05-07,31.8596
2015-05-08,32.2770
2015-05-11,32.2201
2015-05-12,32.0493
2015-05-13,31.8121
2015-05-14,32.2011
2015-05-15,32.2486
2015-05-18,32.2391
2015-05-19,32.4573
2015-05-20,32.5427
2015-05-21,32.5996
2015-05-22,32.5237
2015-05-26,32.3624
2015-05-27,32.5427
2015-05-28,32.6755
2015-05-29,32.9696
2015-06-01,32.7894
2015-06-02,32.7230
2015-06-03,32.6471
2015-06-04,32.4858
2015-06-05,32.3435
2015-06-08,32.2391
2015-06-09,32.2676
2015-06-10,32.5522
2015-06-11,32.6945
2015-06-12,32.4573
2015-06-15,32.2960
2015-06-16,32.2960
2015-06-17,32.2391
2015-06-18,32.6091
2015-06-19,32.4288
2015-06-22,32.5522
2015-06-23,32.7324
2015-06-24,32.4763
2015-06-25,32.2770
2015-06-26,32.1822
2015-06-29,31.8691
2015-06-30,31.8121
2015-07-01,31.9639
2015-07-02,31.6603
2015-07-06,31.5465
2015-07-07,32.0019
2015-07-08,31.7362
2015-07-09,32.1252
2015-07-10,32.5996
2015-07-13,33.0361
2015-07-14,33.2827
2015-07-15,33.1879
2015-07-16,33.3017
2015-07-17,33.2732
2015-07-20,33.4345
2015-07-21,33.3397
2015-07-22,33.0930
2015-07-23,32.9981
2015-07-24,32.5047
2015-07-27,32.5806
2015-07-28,33.5389
2015-07-29,33.9279
2015-07-30,33.8994
2015-07-31,34.2125
2015-08-03,34.2979
2015-08-04,34.2600
2015-08-05,33.9848
2015-08-06,33.3681
2015-08-07,33.3871
2015-08-10,33.5484
2015-08-11,33.3207
2015-08-12,33.5579
2015-08-13,33.5484
2015-08-14,33.5104
2015-08-17,33.6812
2015-08-18,33.7002
2015-08-19,33.4630
2015-08-20,32.7799
2015-08-21,31.8216
2015-08-24,30.4839
2015-08-25,29.7343
2015-08-26,30.7685
2015-08-27,31.5560
2015-08-28,30.9867
2015-08-31,30.5693
2015-09-01,29.7533
2015-09-02,30.3321
2015-09-03,30.2562
2015-09-04,29.7628
2015-09-08,30.8634
2015-09-09,30.3226
2015-09-10,30.9488
2015-09-11,31.2808
2015-09-14,31.0342
2015-09-15,31.4706
2015-09-16,31.4801
2015-09-17,31.7647
2015-09-18,31.1670
2015-09-21,30.7590
2015-09-22,30.6072
2015-09-23,30.9488
2015-09-24,31.0247
2015-09-25,30.2562
2015-09-28,29.2410
2015-09-29,29.4307
2015-09-30,29.8008
2015-10-01,30.2087
2015-10-02,31.3852
2015-10-05,31.7647
2015-10-06,31.1101
2015-10-07,31.5844
2015-10-08,31.3947
2015-10-09,31.5370
2015-10-12,31.5180
2015-10-13,31.2903
2015-10-14,31.3472
2015-10-15,32.3340
2015-10-16,32.6471
2015-10-19,32.7324
2015-10-20,32.2581
2015-10-21,31.7457
2015-10-22,31.6224
2015-10-23,32.3055
2015-10-26,32.4099
2015-10-27,33.1973
2015-10-28,33.6338
2015-10-29,32.9886
2015-10-30,32.0873
2015-11-02,33.2638
2015-11-03,33.1784
2015-11-04,32.3909
2015-11-05,32.4004
2015-11-06,32.1917
2015-11-09,31.9260
2015-11-10,32.0588
2015-11-11,32.0114
2015-11-12,31.6793
2015-11-13,31.5655
2015-11-16,31.4611
2015-11-17,31.1860
2015-11-18,31.6034
2015-11-19,30.6357
2015-11-20,30.5313
2015-11-23,29.7249
2015-11-24,30.3321
2015-11-25,31.1860
2015-11-27,31.1101
2015-11-30,31.0911
2015-12-01,31.8975
2015-12-02,31.2144
2015-12-03,30.7306
2015-12-04,31.1195
2015-12-07,30.9867
2015-12-08,30.8634
2015-12-09,30.6357
2015-12-10,30.7021
2015-12-11,30.4175
2015-12-14,30.5313
2015-12-15,30.6072
2015-12-16,30.9108
2015-12-17,30.6736
2015-12-18,30.3510
2015-12-21,30.7970
2015-12-22,30.8539
2015-12-23,30.8918
2015-12-24,30.9488
2015-12-28,30.7590
2015-12-29,31.1480
2015-12-30,31.0721
2015-12-31,30.6262
2016-01-04,30.3131
2016-01-05,30.5313
2016-01-06,29.9905
2016-01-07,29.7913
2016-01-08,29.4118
2016-01-11,29.4782
2016-01-12,29.4118
2016-01-13,28.8140
2016-01-14,29.5161
2016-01-15,29.2315
2016-01-19,29.1176
2016-01-20,29.0892
2016-01-21,29.0133
2016-01-22,29.1366
2016-01-25,28.9374
2016-01-26,29.0987
2016-01-27,28.9564
2016-01-28,28.6528
2016-01-29,28.9279
2016-02-01,28.6243
2016-02-02,28.5958
2016-02-03,28.1499
2016-02-04,27.5142
2016-02-05,27.5427
2016-02-08,27.0968
2016-02-09,27.6091
2016-02-10,27.9791
2016-02-11,27.6376
2016-02-12,27.8558
2016-02-16,28.2827
2016-02-17,28.1120
2016-02-18,28.0361
2016-02-19,27.9791
2016-02-22,28.5104
2016-02-23,28.4250
2016-02-24,28.4820
2016-02-25,29.0228
2016-02-26,28.6812
2016-02-29,28.1499
2016-03-01,28.5009
2016-03-02,28.4440
2016-03-03,28.3586
2016-03-04,28.1879
2016-03-07,28.2638
2016-03-08,27.8558
2016-03-09,28.2163
2016-03-10,28.0740
2016-03-11,28.9374
2016-03-14,28.5579
2016-03-15,28.0266
2016-03-16,27.5522
2016-03-17,27.8368
2016-03-18,27.9412
2016-03-21,28.5294
2016-03-22,28.8235
2016-03-23,28.6433
2016-03-24,28.5389
2016-03-28,28.2543
2016-03-29,28.5104
2016-03-30,28.5294
2016-03-31,28.1214
2016-04-01,28.5009
2016-04-04,29.1461
2016-04-05,29.7533
2016-04-06,31.2429
2016-04-07,31.0816
2016-04-08,30.8349
2016-04-11,30.2562
2016-04-12,30.3226
2016-04-13,30.8729
2016-04-14,30.9772
2016-04-15,30.8349
2016-04-18,30.9393
2016-04-19,31.2049
2016-04-20,31.5275
2016-04-21,31.5370
2016-04-22,31.5655
2016-04-25,31.5085
2016-04-26,31.3567
2016-04-27,31.3093
2016-04-28,31.2239
2016-04-29,31.0342
2016-05-02,31.1195
2016-05-03,31.9734
2016-05-04,31.6888
2016-05-05,31.8501
2016-05-06,31.8596
2016-05-09,32.0873
2016-05-10,32.0683
2016-05-11,31.4611
2016-05-12,31.4896
2016-05-13,31.4896
2016-05-16,31.6698
2016-05-17,31.3378
2016-05-18,31.4706
2016-05-19,31.6698
2016-05-20,32.0114
2016-05-23,31.9450
2016-05-24,32.3529
2016-05-25,32.5901
2016-05-26,32.6660
2016-05-27,32.8368
2016-05-31,32.9222
2016-06-01,32.9696
2016-06-02,33.0835
2016-06-03,32.9127
2016-06-06,33.1404
2016-06-07,33.0550
2016-06-08,33.4440
2016-06-09,33.5009
2016-06-10,33.4820
2016-06-13,32.9602
2016-06-14,33.1973
2016-06-15,33.0076
2016-06-16,32.9696
2016-06-17,32.4668
2016-06-20,32.7324
2016-06-21,32.9696
2016-06-22,32.7040
2016-06-23,32.8178
2016-06-24,32.2296
2016-06-27,32.0683
2016-06-28,32.6755
2016-06-29,33.2163
2016-06-30,33.4061
2016-07-01,33.7476
2016-07-05,33.9753
2016-07-06,34.0228
2016-07-07,33.9374
2016-07-08,34.2695
2016-07-11,34.2979
2016-07-12,34.3833
2016-07-13,34.4497
2016-07-14,35.0285
2016-07-15,34.8861
2016-07-18,34.7628
2016-07-19,34.7628
2016-07-20,34.8008
2016-07-21,34.8292
2016-07-22,34.8577
2016-07-25,34.8956
2016-07-26,34.9431
2016-07-27,34.9620
2016-07-28,34.7913
2016-07-29,35.0000
2016-08-01,35.3985
2016-08-02,34.5256
2016-08-03,33.4820
2016-08-04,33.3491
2016-08-05,33.6243
2016-08-08,33.1404
2016-08-09,33.2827
2016-08-10,33.3302
2016-08-11,33.3491
2016-08-12,33.1879
2016-08-15,33.3112
2016-08-16,33.0076
2016-08-17,33.3397
2016-08-18,33.3871
2016-08-19,33.1879
2016-08-22,33.0550
2016-08-23,33.2922
2016-08-24,33.0361
2016-08-25,32.9886
2016-08-26,33.0361
2016-08-29,33.3112
2016-08-30,33.0930
2016-08-31,33.0171
2016-09-01,32.9032
2016-09-02,32.9886
2016-09-06,32.9886
2016-09-07,33.0550
2016-09-08,32.9412
2016-09-09,32.3529
2016-09-12,32.8748
2016-09-13,32.2960
2016-09-14,32.2011
2016-09-15,32.3909
2016-09-16,32.2011
2016-09-19,31.9260
2016-09-20,32.0778
2016-09-21,32.5237
2016-09-22,32.4004
2016-09-23,32.5047
2016-09-26,31.9165
2016-09-27,32.0968
2016-09-28,32.2486
2016-09-29,31.6129
2016-09-30,32.1347
2016-10-03,31.9545
2016-10-04,31.9924
2016-10-05,32.1632
2016-10-06,31.9260
2016-10-07,31.8406
2016-10-10,31.8880
2016-10-11,31.4326
2016-10-12,31.3757
2016-10-13,31.0816
2016-10-14,30.9867
2016-10-17,30.8349
2016-10-18,31.0152
2016-10-19,30.9298
2016-10-20,30.8729
2016-10-21,30.5313
2016-10-24,30.4839
2016-10-25,30.6262
2016-10-26,30.7400
2016-10-27,30.8159
2016-10-28,30.2941
2016-10-31,30.0854
2016-11-01,29.4782
2016-11-02,29.0607
2016-11-03,28.3586
2016-11-04,28.4630
2016-11-07,28.8235
2016-11-08,28.4630
2016-11-09,30.4744
2016-11-10,31.7742
2016-11-11,30.9203
2016-11-14,30.7211
2016-11-15,30.5787
2016-11-16,30.3226
2016-11-17,30.1044
2016-11-18,29.8672
2016-11-21,29.9526
2016-11-22,29.7249
2016-11-23,29.8102
2016-11-25,30.0664
2016-11-28,29.9241
2016-11-29,30.2846
2016-11-30,30.4934
2016-12-01,29.8482
2016-12-02,30.0095
2016-12-05,29.9715
2016-12-06,29.9431
2016-12-07,29.5920
2016-12-08,29.3548
2016-12-09,30.0759
2016-12-12,30.7400
2016-12-13,31.1480
2016-12-14,31.1385
2016-12-15,31.0721
2016-12-16,31.1575
2016-12-19,31.1480
2016-12-20,31.1670
2016-12-21,30.7400
2016-12-22,30.6831
2016-12-23,30.8159
2016-12-27,30.8634
2016-12-28,30.6926
2016-12-29,30.8254
2016-12-30,30.8159
2017-01-03,31.3093
2017-01-04,31.5844
2017-01-05,31.8880
2017-01-06,31.7647
2017-01-09,31.7552
2017-01-10,31.7268
2017-01-11,31.1480
2017-01-12,30.9298
2017-01-13,30.8539
2017-01-17,30.4175
2017-01-18,30.3890
2017-01-19,30.0759
2017-01-20,30.1423
2017-01-23,29.8482
2017-01-24,29.5541
2017-01-25,29.6869
2017-01-26,29.6774
2017-01-27,29.8102
2017-01-30,29.7059
2017-01-31,30.1044
2017-02-01,30.0474
2017-02-02,30.1044
2017-02-03,30.4459
2017-02-06,30.5787
2017-02-07,30.4364
2017-02-08,30.4934
2017-02-09,30.7211
2017-02-10,30.6926
2017-02-13,30.9393
2017-02-14,31.0721
2017-02-15,31.7932
2017-02-16,31.8975
2017-02-17,31.8975
2017-02-21,31.8975
2017-02-22,31.8691
2017-02-23,32.3150
2017-02-24,32.5047
2017-02-27,32.5237
2017-02-28,32.3719
2017-03-01,32.6565
2017-03-02,32.7419
2017-03-03,32.7514
2017-03-06,32.5901
2017-03-07,32.2486
2017-03-08,32.1727
2017-03-09,32.3055
2017-03-10,32.3624
2017-03-13,32.3624
2017-03-14,32.4668
2017-03-15,32.8558
2017-03-16,32.6660
2017-03-17,32.5617
2017-03-20,32.6186
2017-03-21,32.4953
2017-03-22,32.7040
2017-03-23,32.5332
2017-03-24,32.2581
2017-03-27,32.4288
2017-03-28,32.4099
2017-03-29,32.5712
2017-03-30,32.5901
2017-03-31,32.4573
2017-04-03,32.4858
2017-04-04,32.5806
2017-04-05,32.4383
2017-04-06,32.3624
2017-04-07,32.3529
2017-04-10,32.2960
2017-04-11,32.1917
2017-04-12,32.1822
2017-04-13,32.1442
2017-04-17,32.2581
2017-04-18,32.1063
2017-04-19,31.8880
2017-04-20,32.0114
2017-04-21,31.9165
2017-04-24,32.0114
2017-04-25,32.0304
2017-04-26,32.1157
2017-04-27,32.1252
2017-04-28,32.1822
2017-05-01,32.0493
2017-05-02,31.8880
2017-05-03,31.7552
2017-05-04,31.7362
2017-05-05,31.7647
2017-05-08,31.7362
2017-05-09,31.6698
2017-05-10,31.3378
2017-05-11,31.3472
2017-05-12,31.3188
2017-05-15,31.4231
2017-05-16,30.9298
2017-05-17,30.5787
2017-05-18,30.5693
2017-05-19,30.7970
2017-05-22,30.4744
2017-05-23,30.4934
2017-05-24,30.4080
2017-05-25,30.5123
2017-05-26,30.4934
2017-05-30,30.4839
2017-05-31,30.9772
2017-06-01,31.0342
2017-06-02,30.8729
2017-06-05,30.6926
2017-06-06,30.4269
2017-06-07,30.3605
2017-06-08,30.1233
2017-06-09,31.0911
2017-06-12,31.0247
2017-06-13,30.9108
2017-06-14,31.0152
2017-06-15,31.1290
2017-06-16,31.2808
2017-06-19,31.5180
2017-06-20,31.8406
2017-06-21,32.1442
2017-06-22,32.3150
2017-06-23,32.4194
2017-06-26,32.2960
2017-06-27,32.0398
2017-06-28,32.0209
2017-06-29,31.9070
2017-06-30,31.8691
2017-07-03,32.0873
2017-07-05,31.9165
2017-07-06,31.5180
2017-07-07,31.6414
2017-07-10,31.6983
2017-07-11,31.4706
2017-07-12,31.5180
2017-07-13,31.5750
2017-07-14,31.7173
2017-07-17,31.5465
2017-07-18,31.6509
2017-07-19,31.8975
2017-07-20,31.8216
2017-07-21,31.7647
2017-07-24,31.6129
2017-07-25,31.4042
2017-07-26,31.2049
2017-07-27,31.3093
2017-07-28,31.4516
2017-07-31,31.4611
2017-08-01,31.3852
2017-08-02,31.2334
2017-08-03,31.7173
2017-08-04,31.9165
2017-08-07,31.6034
2017-08-08,31.5750
2017-08-09,31.7362
2017-08-10,31.7078
2017-08-11,31.5465
2017-08-14,31.6034
2017-08-15,31.6698
2017-08-16,31.6509
2017-08-17,31.2619
2017-08-18,30.9962
2017-08-21,31.0816
2017-08-22,31.4516
2017-08-23,31.5370
2017-08-24,31.5275
2017-08-25,31.6793
2017-08-28,31.7552
2017-08-29,31.7837
2017-08-30,31.7362
2017-08-31,32.1822
2017-09-01,32.2201
2017-09-05,32.0683
2017-09-06,32.2486
2017-09-07,32.2486
2017-09-08,32.3529
2017-09-11,32.5617
2017-09-12,33.5579
2017-09-13,33.2638
2017-09-14,33.8994
2017-09-15,33.5484
2017-09-18,33.7287
2017-09-19,33.6338
2017-09-20,34.1461
2017-09-21,34.1271
2017-09-22,34.1176
2017-09-25,33.6907
2017-09-26,33.4915
2017-09-27,33.6338
2017-09-28,33.7761
2017-09-29,33.8710
2017-10-02,34.2220
2017-10-03,34.2884
2017-10-04,34.1176
2017-10-05,34.1556
2017-10-06,34.2030
2017-10-09,34.2884
2017-10-10,34.5351
2017-10-11,34.5825
2017-10-12,34.4877
2017-10-13,34.4782
2017-10-16,34.1366
2017-10-17,34.3454
2017-10-18,33.9943
2017-10-19,34.3833
2017-10-20,34.5541
2017-10-23,34.5351
2017-10-24,34.4118
2017-10-25,34.3074
2017-10-26,33.9089
2017-10-27,33.7761
2017-10-30,33.3491
2017-10-31,33.2638
2017-11-01,33.4535
2017-11-02,33.6433
2017-11-03,33.7287
2017-11-06,33.5104
2017-11-07,33.5484
2017-11-08,33.5294
2017-11-09,33.3966
2017-11-10,33.3776
2017-11-13,33.4915
2017-11-14,33.5674
2017-11-15,33.5484
2017-11-16,33.7381
2017-11-17,33.5579
2017-11-20,33.5389
2017-11-21,33.7192
2017-11-22,33.6148
2017-11-24,33.6717
2017-11-27,33.6717
2017-11-28,34.0133
2017-11-29,34.3548
2017-11-30,34.4023
2017-12-01,34.4877
2017-12-04,34.2125
2017-12-05,33.8046
2017-12-06,33.7381
2017-12-07,33.6812
2017-12-08,33.9089
2017-12-11,34.3548
2017-12-12,34.7059
2017-12-13,34.7628
2017-12-14,34.5920
2017-12-15,35.2941
2017-12-18,35.2277
2017-12-19,35.0474
2017-12-20,34.5920
2017-12-21,34.3833
2017-12-22,34.2884
2017-12-26,34.3548
2017-12-27,34.4687
2017-12-28,34.5066
2017-12-29,34.3643
2018-01-02,34.5731
2018-01-03,34.8292
2018-01-04,34.9051
2018-01-05,34.9715
2018-01-08,34.5825
2018-01-09,34.5446
2018-01-10,34.6015
2018-01-11,34.6869
2018-01-12,34.6679
2018-01-16,34.7249
2018-01-17,35.2751
2018-01-18,35.0949
2018-01-19,35.0474
2018-01-22,35.0380
2018-01-23,34.9336
2018-01-24,35.0380
2018-01-25,35.3226
2018-01-26,37.0114
2018-01-29,37.0209
2018-01-30,35.8634
2018-01-31,35.1423
2018-02-01,34.9431
2018-02-02,34.7343
2018-02-05,32.8937
2018-02-06,33.4725
2018-02-07,33.1879
2018-02-08,31.9070
2018-02-09,32.4099
2018-02-12,32.8843
2018-02-13,33.1499
2018-02-14,33.3871
2018-02-15,33.8805
2018-02-16,34.4023
2018-02-20,34.1651
2018-02-21,33.9279
2018-02-22,33.9089
2018-02-23,34.4023
2018-02-26,35.1898
2018-02-27,34.9146
2018-02-28,34.4497
2018-03-01,33.8046
2018-03-02,34.1082
2018-03-05,34.2695
2018-03-06,34.0417
2018-03-07,34.0892
2018-03-08,34.6300
2018-03-09,34.8861
2018-03-12,34.7343
2018-03-13,34.8672
2018-03-14,34.4877
2018-03-15,34.7059
2018-03-16,34.8956
2018-03-19,34.4687
2018-03-20,34.4687
2018-03-21,34.4118
2018-03-22,33.7761
2018-03-23,32.7230
2018-03-26,33.2448
2018-03-27,33.2163
2018-03-28,33.4915
2018-03-29,33.6717
2018-04-02,33.2543
2018-04-03,33.8520
2018-04-04,34.2789
2018-04-05,33.8994
2018-04-06,33.3681
2018-04-09,33.6433
2018-04-10,34.1082
2018-04-11,33.9564
2018-04-12,34.4592
2018-04-13,34.4592
2018-04-16,34.6584
2018-04-17,34.4687
2018-04-18,34.6205
2018-04-19,34.6584
2018-04-20,34.7533
2018-04-23,34.9146
2018-04-24,35.1613
2018-04-25,34.8008
2018-04-26,34.9620
2018-04-27,35.1044
2018-04-30,34.7343
2018-05-01,33.5863
2018-05-02,33.1025
2018-05-03,32.9791
2018-05-04,33.0550
2018-05-07,33.1404
2018-05-08,33.1879
2018-05-09,33.3681
2018-05-10,33.2448
2018-05-11,33.6812
2018-05-14,34.0228
2018-05-15,33.8615
2018-05-16,33.8520
2018-05-17,33.8805
2018-05-18,33.8140
2018-05-21,33.9658
2018-05-22,33.8899
2018-05-23,34.1271
2018-05-24,34.0512
2018-05-25,33.8520
2018-05-29,33.8710
2018-05-30,34.2030
2018-05-31,34.0892
2018-06-01,34.3928
2018-06-04,34.5825
2018-06-05,34.5731
2018-06-06,34.5161
2018-06-07,34.6205
2018-06-08,34.7913
2018-06-11,34.4402
2018-06-12,34.4402
2018-06-13,34.3643
2018-06-14,34.3074
2018-06-15,34.4972
2018-06-18,34.3074
2018-06-19,34.3643
2018-06-20,34.5920
2018-06-21,34.4402
2018-06-22,34.6395
2018-06-25,34.5161
2018-06-26,34.5161
2018-06-27,34.3548
2018-06-28,34.4972
2018-06-29,34.4213
2018-07-02,34.4687
2018-07-03,34.4877
2018-07-05,34.9810
2018-07-06,35.2087
2018-07-09,35.2562
2018-07-10,35.5123
2018-07-11,35.3036
2018-07-12,35.5977
2018-07-13,35.6072
2018-07-16,35.4649
2018-07-17,35.7211
2018-07-18,35.7305
2018-07-19,35.4459
2018-07-20,35.4175
2018-07-23,35.3036
2018-07-24,35.7685
2018-07-25,36.0436
2018-07-26,36.2049
2018-07-27,36.4421
2018-07-30,36.6129
2018-07-31,37.8843
2018-08-01,38.2068
2018-08-02,37.6186
2018-08-03,38.4630
2018-08-06,38.9374
2018-08-07,38.7476
2018-08-08,39.2884
2018-08-09,38.8994
2018-08-10,38.8330
2018-08-13,38.7192
2018-08-14,38.6243
2018-08-15,39.0512
2018-08-16,39.2979
2018-08-17,39.9336
2018-08-20,40.1613
2018-08-21,40.0000
2018-08-22,39.9146
2018-08-23,40.0380
2018-08-24,40.2277
2018-08-27,39.4497
2018-08-28,39.3738
2018-08-29,39.3738
2018-08-30,39.3738
2018-08-31,39.3928
2018-09-04,39.2505
2018-09-05,39.7059
2018-09-06,39.6395
2018-09-07,40.0380
2018-09-10,39.9051
2018-09-11,40.1423
2018-09-12,40.2372
2018-09-13,40.6546
2018-09-14,40.7590
2018-09-17,40.8065
2018-09-18,41.2808
2018-09-19,41.0436
2018-09-20,41.5085
2018-09-21,41.8027
2018-09-24,41.6793
2018-09-25,41.5465
2018-09-26,41.4421
2018-09-27,41.6509
2018-09-28,41.8121
2018-10-01,42.0019
2018-10-02,41.9545
2018-10-03,42.5142
2018-10-04,42.4099
2018-10-05,42.6091
2018-10-08,42.9602
2018-10-09,43.1404
2018-10-10,42.2296
2018-10-11,40.6167
2018-10-12,41.5370
2018-10-15,40.9108
2018-10-16,41.6793
2018-10-17,42.2865
2018-10-18,41.7457
2018-10-19,42.2201
2018-10-22,42.0968
2018-10-23,41.8406
2018-10-24,40.3036
2018-10-25,41.1860
2018-10-26,40.4175
2018-10-29,41.0152
2018-10-30,40.6926
2018-10-31,40.8539
2018-11-01,41.4326
2018-11-02,40.7305
2018-11-05,41.2903
2018-11-06,40.8065
2018-11-07,42.1252
2018-11-08,41.6034
2018-11-09,42.0114
2018-11-12,41.8501
2018-11-13,41.2903
2018-11-14,40.7116
2018-11-15,40.9962
2018-11-16,41.2808
2018-11-19,41.9165
2018-11-20,41.2998
2018-11-21,40.8918
2018-11-23,40.9298
2018-11-26,41.1195
2018-11-27,41.8121
2018-11-28,42.5996
2018-11-29,43.1784
2018-11-30,43.8615
2018-12-03,43.6338
2018-12-04,42.8273
2018-12-06,42.6755
2018-12-07,41.6698
2018-12-10,42.1252
2018-12-11,41.7552
2018-12-12,41.8975
2018-12-13,42.2865
2018-12-14,41.5560
2018-12-17,40.9013
2018-12-18,40.2277
2018-12-19,39.8197
2018-12-20,39.8008
2018-12-21,39.7818
2018-12-24,38.4725
2018-12-26,40.0285
2018-12-27,40.6546
2018-12-28,40.7590
2018-12-31,41.4137
2019-01-02,41.0342
2019-01-03,39.8861
2019-01-04,40.7970
2019-01-07,41.0152
2019-01-08,41.2049
2019-01-09,41.1195
2019-01-10,40.1423
2019-01-11,40.6831
2019-01-14,40.1992
2019-01-15,40.5408
2019-01-16,39.9526
2019-01-17,40.2941
2019-01-18,40.3510
2019-01-22,40.1044
2019-01-23,40.0000
2019-01-24,38.8520
2019-01-25,38.5579
2019-01-28,37.5047
2019-01-29,38.6812
2019-01-30,39.4497
2019-01-31,40.2751
2019-02-01,40.6831
2019-02-04,40.2657
2019-02-05,39.9526
2019-02-06,40.1613
2019-02-07,39.5636
2019-02-08,40.0664
2019-02-11,39.5446
2019-02-12,39.7249
2019-02-13,39.5636
2019-02-14,39.8197
2019-02-15,40.2277
2019-02-19,40.4175
2019-02-20,40.0380
2019-02-21,39.9810
2019-02-22,40.7590
2019-02-25,40.8729
2019-02-26,40.8159
2019-02-27,40.7305
2019-02-28,41.1290
2019-03-01,41.1385
2019-03-04,40.8634
2019-03-05,40.6926
2019-03-06,39.7154
2019-03-07,39.2695
2019-03-08,38.7951
2019-03-11,39.3738
2019-03-12,39.5920
2019-03-13,39.8577
2019-03-14,39.0797
2019-03-15,39.6395
2019-03-18,39.6679
2019-03-19,40.1328
2019-03-20,40.0095
2019-03-21,40.1803
2019-03-22,39.7059
2019-03-25,39.7438
2019-03-26,40.2467
2019-03-27,39.8672
2019-03-28,40.1233
2019-03-29,40.2941
2019-04-01,40.6452
2019-04-02,40.7116
2019-04-03,40.6452
2019-04-04,40.5503
2019-04-05,40.7875
2019-04-08,40.9298
2019-04-09,40.6452
2019-04-10,40.5408
2019-04-11,40.1044
2019-04-12,39.5731
2019-04-15,39.9336
2019-04-16,38.8235
2019-04-17,37.8368
2019-04-18,37.3624
2019-04-22,36.9829
2019-04-23,37.4004
2019-04-24,37.3529
2019-04-25,37.5806
2019-04-26,37.9222
2019-04-29,37.5617
2019-04-30,38.5294
2019-05-01,38.6812
2019-05-02,38.9089
2019-05-03,39.2695
2019-05-06,39.5161
2019-05-07,38.7381
2019-05-08,38.8520
2019-05-09,38.5579
2019-05-10,38.6338
2019-05-13,38.4915
2019-05-14,38.5769
2019-05-15,39.0417
2019-05-16,39.5066
2019-05-17,39.3454
2019-05-20,39.4592
2019-05-21,39.5351
2019-05-22,39.8387
2019-05-23,39.7723
2019-05-24,39.8008
2019-05-28,39.7533
2019-05-29,39.5825
2019-05-30,39.7533
2019-05-31,39.3928
2019-06-03,39.7723
2019-06-04,40.0664
2019-06-05,40.3036
2019-06-06,40.5218
2019-06-07,40.7211
2019-06-10,40.8634
2019-06-11,40.4839
2019-06-12,40.8729
2019-06-13,40.3226
2019-06-14,40.5693
2019-06-17,40.6831
2019-06-18,40.8634
2019-06-19,41.2713
2019-06-20,41.3662
2019-06-21,41.4326
2019-06-24,41.5180
2019-06-25,41.5180
2019-06-26,40.7875
2019-06-27,41.2049
2019-06-28,41.1006
2019-07-01,41.5275
2019-07-02,41.9545
2019-07-03,42.1252
2019-07-05,41.6698
2019-07-08,41.0816
2019-07-09,41.1480
2019-07-10,41.8027
2019-07-11,40.7780
2019-07-12,40.2277
2019-07-15,40.5598
2019-07-16,40.6546
2019-07-17,40.5503
2019-07-18,40.8539
2019-07-19,40.5787
2019-07-22,40.6262
2019-07-23,40.8824
2019-07-24,40.6926
2019-07-25,40.4839
2019-07-26,40.8824
2019-07-29,39.3264
2019-07-30,36.8027
2019-07-31,36.8501
2019-08-01,36.2903
2019-08-02,36.0531
2019-08-05,35.0664
2019-08-06,35.0569
2019-08-07,34.7059
2019-08-08,34.9810
2019-08-09,34.4877
2019-08-12,33.5769
2019-08-13,33.3966
2019-08-14,32.4858
2019-08-15,32.7135
2019-08-16,32.8748
2019-08-19,33.3776
2019-08-20,32.8368
2019-08-21,33.0835
2019-08-22,33.2827
2019-08-23,32.5806
2019-08-26,33.0550
2019-08-27,32.5806
2019-08-28,33.2827
2019-08-29,33.5199
2019-08-30,33.7287
2019-09-03,34.2695
2019-09-04,33.9943
2019-09-05,34.4782
2019-09-06,34.6300
2019-09-09,34.9431
2019-09-10,35.4649
2019-09-11,35.4934
2019-09-12,35.3700
2019-09-13,35.0190
2019-09-16,34.9431
2019-09-17,34.6300
2019-09-18,34.5161
2019-09-19,34.6395
2019-09-20,34.8102
2019-09-23,34.3833
2019-09-24,34.1651
2019-09-25,34.0607
2019-09-26,33.9469
2019-09-27,34.3643
2019-09-30,34.0892
2019-10-01,33.6148
2019-10-02,32.9222
2019-10-03,33.6338
2019-10-04,34.0892
2019-10-07,33.9943
2019-10-08,33.6148
2019-10-09,33.8615
2019-10-10,33.9564
2019-10-11,34.2600
2019-10-14,34.4402
2019-10-15,34.6300
2019-10-16,34.4782
2019-10-17,34.5920
2019-10-18,34.5920
2019-10-21,34.5920
2019-10-22,34.5636
2019-10-23,34.8861
2019-10-24,34.5256
2019-10-25,34.8861
2019-10-28,35.3700
2019-10-29,36.2524
2019-10-30,36.5085
2019-10-31,36.4042
2019-11-01,36.4231
2019-11-04,36.0816
2019-11-05,35.5598
2019-11-06,35.6831
2019-11-07,35.0190
2019-11-08,35.1518
2019-11-11,35.0380
2019-11-12,35.0759
2019-11-13,34.7249
2019-11-14,34.6774
2019-11-15,35.3700
2019-11-18,35.3131
2019-11-19,35.7305
2019-11-20,35.1518
2019-11-21,35.8065
2019-11-22,36.3662
2019-11-25,36.6983
2019-11-26,36.3283
2019-11-27,36.6509
2019-11-29,36.5465
2019-12-02,36.3283
2019-12-03,36.1006
2019-12-04,36.1860
2019-12-05,36.0816
2019-12-06,36.3283
2019-12-09,36.3567
2019-12-10,36.5085
2019-12-11,36.2619
2019-12-12,36.5655
2019-12-13,36.3662
2019-12-16,37.1347
2019-12-17,36.9070
2019-12-18,36.8975
2019-12-19,36.9734
2019-12-20,37.2201
2019-12-23,37.3055
2019-12-24,37.2770
2019-12-26,37.3624
2019-12-27,37.3055
2019-12-30,36.9165
2019-12-31,37.1727
2020-01-02,37.1347
2020-01-03,36.9355
2020-01-06,36.8880
2020-01-07,36.7647
2020-01-08,37.0588
2020-01-09,36.8975
2020-01-10,37.4668
2020-01-13,37.3909
2020-01-14,38.0171
2020-01-15,38.5863
2020-01-16,38.5294
2020-01-17,38.4345
2020-01-21,38.2732
2020-01-22,38.1309
2020-01-23,38.6243
2020-01-24,37.7799
2020-01-27,38.1025
2020-01-28,36.1860
2020-01-29,35.6546
2020-01-30,35.1708
2020-01-31,35.3321
2020-02-03,35.5882
2020-02-04,35.7590
2020-02-05,36.2144
2020-02-06,36.2998
2020-02-07,36.1006
2020-02-10,35.8729
2020-02-11,36.1385
2020-02-12,35.8065
2020-02-13,35.0380
2020-02-14,34.6395
2020-02-18,34.4592
2020-02-19,34.3738
2020-02-20,34.0133
2020-02-21,33.8899
2020-02-24,32.8937
2020-02-25,32.1917
2020-02-26,32.9412
2020-02-27,32.3529
2020-02-28,31.7078
2020-03-02,33.0930
2020-03-03,32.5427
2020-03-04,34.5351
2020-03-05,33.6433
2020-03-06,33.2258
2020-03-09,32.0304
2020-03-10,32.8178
2020-03-11,30.5218
2020-03-12,28.4820
2020-03-13,31.0342
2020-03-16,28.6338
2020-03-17,30.5123
2020-03-18,30.7021
2020-03-19,28.8615
2020-03-20,27.5237
2020-03-23,27.0304
2020-03-24,28.1784
2020-03-25,28.2258
2020-03-26,30.1233
2020-03-27,29.3169
2020-03-30,30.9962
2020-03-31,30.9677
2020-04-01,30.1233
2020-04-02,31.1860
2020-04-03,31.9165
2020-04-06,32.7989
2020-04-07,31.8880
2020-04-08,32.8273
2020-04-09,33.5769
2020-04-13,33.3397
2020-04-14,34.5731
2020-04-15,34.1271
2020-04-16,34.0417
2020-04-17,35.0190
2020-04-20,34.2315
2020-04-21,33.7951
2020-04-22,34.3928
2020-04-23,34.8102
2020-04-24,35.4649
2020-04-27,36.3662
2020-04-28,35.9677
2020-04-29,36.1670
2020-04-30,36.3947
2020-05-01,35.7116
2020-05-04,35.6926
2020-05-05,36.5370
2020-05-06,36.5370
2020-05-07,35.0664
2020-05-08,35.3131
2020-05-11,36.1480
2020-05-12,35.4459
2020-05-13,35.1518
2020-05-14,35.9772
2020-05-15,35.8254
2020-05-18,36.1195
2020-05-19,35.7495
2020-05-20,35.7021
2020-05-21,35.3510
2020-05-22,35.5787
2020-05-26,35.5693
2020-05-27,35.4934
2020-05-28,36.2239
2020-05-29,36.2334
2020-06-01,33.6433
2020-06-02,34.3074
2020-06-03,34.3074
2020-06-04,34.1651
2020-06-05,34.1461
2020-06-08,34.7154
2020-06-09,34.3548
2020-06-10,34.0797
2020-06-11,31.5939
2020-06-12,32.0209
2020-06-15,31.6509
2020-06-16,31.6888
2020-06-17,31.8406
2020-06-18,31.5370
2020-06-19,31.7078
2020-06-22,31.4137
2020-06-23,31.0911
2020-06-24,30.5408
2020-06-25,30.6641
2020-06-26,30.3985
2020-06-29,30.9677
2020-06-30,31.0247
2020-07-01,32.0114
2020-07-02,32.7419
2020-07-06,32.7419
2020-07-07,32.2865
2020-07-08,32.0209
2020-07-09,31.7457
2020-07-10,32.0968
2020-07-13,33.4061
2020-07-14,33.4250
2020-07-15,33.8899
2020-07-16,33.7761
2020-07-17,34.3928
2020-07-20,34.6300
2020-07-21,34.8102
2020-07-22,36.5844
2020-07-23,36.4421
2020-07-24,35.7305
2020-07-27,35.6167
2020-07-28,37.0209
2020-07-29,37.2486
2020-07-30,36.7552
2020-07-31,36.5085
2020-08-03,36.3852
2020-08-04,36.4231
2020-08-05,36.4801
2020-08-06,36.3093
2020-08-07,36.4801
2020-08-10,36.4231
2020-08-11,35.8539
2020-08-12,36.3662
2020-08-13,36.2144
2020-08-14,36.1101
2020-08-17,36.3852
2020-08-18,36.3947
2020-08-19,36.2998
2020-08-20,36.7362
2020-08-21,36.8880
2020-08-24,36.8501
2020-08-25,36.4421
2020-08-26,36.1006
2020-08-27,35.9203
2020-08-28,35.9677
2020-08-31,35.8539
2020-09-01,34.9905
2020-09-02,35.2941
2020-09-03,34.5351
2020-09-04,34.4972
2020-09-08,34.0892
2020-09-09,34.3264
2020-09-10,33.8235
2020-09-11,34.2220
2020-09-14,35.1139
2020-09-15,35.0664
2020-09-16,34.8956
2020-09-17,34.9336
2020-09-18,34.7533
2020-09-21,34.1746
2020-09-22,34.3928
2020-09-23,34.1556
2020-09-24,33.9279
2020-09-25,34.2030
2020-09-28,34.5256
2020-09-29,34.3169
2020-09-30,34.8197
2020-10-01,34.5066
2020-10-02,34.5161
2020-10-05,34.8672
2020-10-06,34.3169
2020-10-07,34.6015
2020-10-08,35.0000
2020-10-09,34.9051
2020-10-12,34.9336
2020-10-13,35.0095
2020-10-14,34.9715
2020-10-15,34.6774
2020-10-16,36.0057
2020-10-19,35.8634
2020-10-20,35.5693
2020-10-21,35.1803
2020-10-22,35.5123
2020-10-23,36.2239
2020-10-26,35.9772
2020-10-27,35.5123
2020-10-28,33.6338
2020-10-29,33.4725
2020-10-30,33.6622
2020-11-02,34.3738
2020-11-03,34.3359
2020-11-04,35.4175
2020-11-05,34.5256
2020-11-06,34.5351
2020-11-09,37.1917
2020-11-10,36.6983
2020-11-11,36.5275
2020-11-12,35.6262
2020-11-13,36.6414
2020-11-16,35.4175
2020-11-17,36.0400
2020-11-18,36.3200
2020-11-19,36.1900
2020-11-20,36.7000
2020-11-23,36.5200
2020-11-24,36.6000
2020-11-25,36.5300
2020-11-27,37.2300
2020-11-30,38.3100
2020-12-01,39.4100
2020-12-02,40.8000
2020-12-03,40.0900
2020-12-04,40.3400
2020-12-07,41.2500
2020-12-08,42.5600
2020-12-09,41.8500
2020-12-10,41.7300
2020-12-11,41.1200
2020-12-14,39.2100
2020-12-15,38.7100
2020-12-16,37.8400
2020-12-17,38.0300
2020-12-18,37.6800
2020-12-21,37.3800
2020-12-22,36.7400
2020-12-23,37.4400
2020-12-24,37.2700
2020-12-28,36.8200
2020-12-29,37.0500
2020-12-30,36.7400
2020-12-31,36.8100
2021-01-04,36.8100
2021-01-05,37.1900
2021-01-06,36.8700
2021-01-07,37.0600
2021-01-08,37.1300
2021-01-11,37.7700
2021-01-12,37.1800
2021-01-13,36.8600
2021-01-14,36.7500
2021-01-15,36.7000
2021-01-19,36.7300
2021-01-20,36.5000
2021-01-21,36.4800
2021-01-22,36.5500
2021-01-25,37.2800
2021-01-26,37.3100
2021-01-27,36.2400
2021-01-28,35.8600
2021-01-29,35.9000
2021-02-01,35.8000
2021-02-02,34.9900
2021-02-03,34.8400
2021-02-04,34.8900
2021-02-05,34.9200
2021-02-08,34.8200
2021-02-09,34.9700
2021-02-10,34.7400
2021-02-11,34.4300
2021-02-12,34.7200
2021-02-16,34.6900
2021-02-17,34.8900
2021-02-18,34.5600
2021-02-19,34.4400
2021-02-22,34.2600
2021-02-23,33.9100
2021-02-24,33.7500
2021-02-25,33.8200
2021-02-26,33.4900
2021-03-01,33.6900
2021-03-02,33.5100
2021-03-03,34.3900
2021-03-04,34.2000
2021-03-05,34.3900
2021-03-08,34.3500
2021-03-09,34.4500
2021-03-10,34.9300
2021-03-11,34.7100
2021-03-12,34.9400
2021-03-15,35.4100
2021-03-16,35.8300
2021-03-17,35.7900
2021-03-18,35.7700
2021-03-19,35.5300
2021-03-22,36.0000
2021-03-23,35.3600
2021-03-24,35.6100
2021-03-25,35.6700
2021-03-26,36.2500
2021-03-29,36.6200
2021-03-30,36.1100
2021-03-31,36.2300
2021-04-01,36.3000
2021-04-05,36.2800
2021-04-06,36.0500
2021-04-07,35.9100
2021-04-08,35.9600
2021-04-09,36.6000
2021-04-12,36.9700
2021-04-13,37.1600
2021-04-14,37.1700
2021-04-15,37.6000
2021-04-16,38.5700
2021-04-19,38.9300
2021-04-20,39.0300
2021-04-21,39.5300
2021-04-22,38.6400
2021-04-23,38.6600
2021-04-26,38.6800
2021-04-27,38.4500
2021-04-28,38.8100
2021-04-29,38.6000
2021-04-30,38.6500
2021-05-03,39.8300
2021-05-04,39.9500
2021-05-05,39.9700
2021-05-06,39.1900
2021-05-07,39.5800
2021-05-10,39.8600
2021-05-11,39.3500
2021-05-12,39.6900
2021-05-13,40.1000
2021-05-14,40.0200
2021-05-17,40.1100
2021-05-18,40.0500
2021-05-19,39.8300
2021-05-20,40.1200
2021-05-21,39.9500
2021-05-24,39.8100
2021-05-25,39.3300
2021-05-26,38.9200
2021-05-27,38.6500
2021-05-28,38.7300
2021-06-01,38.5000
2021-06-02,38.7900
2021-06-03,38.9700
2021-06-04,39.1500
2021-06-07,38.9900
2021-06-08,38.8500
2021-06-09,39.8100
2021-06-10,40.6800
2021-06-11,40.1500
2021-06-14,39.6300
2021-06-15,39.5900
2021-06-16,39.3000
2021-06-17,39.4800
2021-06-18,38.8100
2021-06-21,39.4200
2021-06-22,39.6100
2021-06-23,39.0500
2021-06-24,39.1900
2021-06-25,38.9800
2021-06-28,39.1200
2021-06-29,39.1000
2021-06-30,39.1600
2021-07-01,39.5600
2021-07-02,39.7300
2021-07-06,39.2900
2021-07-07,39.3500
2021-07-08,39.2500
2021-07-09,39.6100
2021-07-12,39.7600
2021-07-13,39.6500
2021-07-14,39.9500
2021-07-15,40.0900
2021-07-16,40.3500
2021-07-19,40.1500
2021-07-20,41.0500
2021-07-21,41.0200
2021-07-22,41.4700
2021-07-23,41.6800
2021-07-26,41.8100
2021-07-27,42.1000
2021-07-28,43.4500
2021-07-29,42.7900
2021-07-30,42.8100
2021-08-02,43.9600
2021-08-03,45.6800
2021-08-04,45.1900
2021-08-05,45.0600
2021-08-06,45.0700
2021-08-09,45.9800
2021-08-10,48.1900
2021-08-11,46.3100
2021-08-12,47.2400
2021-08-13,48.4800
2021-08-16,48.9100
2021-08-17,50.4200
2021-08-18,49.3100
2021-08-19,48.8000
2021-08-20,48.7200
2021-08-23,49.9300
2021-08-24,48.3800
2021-08-25,47.5100
2021-08-26,47.3800
2021-08-27,46.6000
2021-08-30,46.7600
2021-08-31,46.0700
2021-09-01,46.0400
2021-09-02,46.8400
2021-09-03,46.8400
2021-09-07,46.7500
2021-09-08,46.5100
2021-09-09,46.0300
2021-09-10,45.5900
2021-09-13,44.5800
2021-09-14,44.7100
2021-09-15,44.7700
2021-09-16,44.4700
2021-09-17,43.8900
2021-09-20,44.2000
2021-09-21,43.9200
2021-09-22,43.9500
2021-09-23,44.1900
2021-09-24,43.9400
2021-09-27,43.5700
2021-09-28,43.0400
2021-09-29,43.5300
2021-09-30,43.0100
2021-10-01,42.9300
2021-10-04,42.4200
2021-10-05,42.3200
2021-10-06,42.0200
2021-10-07,42.7400
2021-10-08,42.4500
2021-10-11,42.0600
2021-10-12,41.8500
2021-10-13,41.4200
2021-10-14,41.6700
2021-10-15,41.4900
2021-10-18,41.3200
2021-10-19,42.0900
2021-10-20,42.8000
2021-10-21,42.8600
2021-10-22,43.1600
2021-10-25,43.1500
2021-10-26,43.5600
2021-10-27,42.9700
2021-10-28,43.1800
2021-10-29,43.7400
2021-11-01,43.6400
2021-11-02,45.4500
2021-11-03,44.8200
2021-11-04,43.8500
2021-11-05,48.6100
2021-11-08,48.3300
2021-11-09,47.3000
2021-11-10,49.0200
2021-11-11,50.1800
2021-11-12,49.7300
2021-11-15,49.6500
2021-11-16,49.6000
2021-11-17,50.8700
2021-11-18,51.4100
2021-11-19,50.8000
2021-11-22,51.2000
2021-11-23,51.0800
2021-11-24,50.8900
2021-11-26,54.0000
2021-11-29,52.4000
2021-11-30,53.7300
2021-12-01,54.6800
2021-12-02,53.0400
2021-12-03,54.2700
2021-12-06,51.4800
2021-12-07,51.7200
2021-12-08,51.4000
2021-12-09,52.0800
2021-12-10,52.7800
2021-12-13,55.2000
2021-12-14,55.5400
2021-12-15,58.8000
2021-12-16,61.2500
2021-12-17,59.4800
2021-12-20,61.0200
2021-12-21,58.9500
2021-12-22,59.5500
2021-12-23,58.7100
2021-12-27,59.2000
2021-12-28,58.0100
2021-12-29,57.5800
2021-12-30,58.4000
2021-12-31,59.0500
2022-01-03,56.6500
2022-01-04,54.5300
2022-01-05,55.6300
2022-01-06,54.8400
2022-01-07,55.7200
2022-01-10,56.2400
2022-01-11,56.6900
2022-01-12,56.6500
2022-01-13,55.5400
2022-01-14,54.9500
2022-01-18,54.1100
2022-01-19,53.5400
2022-01-20,54.0500
2022-01-21,52.7900
2022-01-24,51.5400
2022-01-25,52.5400
2022-01-26,53.0100
2022-01-27,53.3700
2022-01-28,54.3300
2022-01-31,52.6900
2022-02-01,53.0700
2022-02-02,53.8600
2022-02-03,53.3800
2022-02-04,53.0000
2022-02-07,53.2100
2022-02-08,51.7000
2022-02-09,51.4700
2022-02-10,50.6000
2022-02-11,50.7800
2022-02-14,49.8000
2022-02-15,49.7900
2022-02-16,49.6800
2022-02-17,48.9000
2022-02-18,48.5300
2022-02-22,47.5300
2022-02-23,46.8700
2022-02-24,45.9600
2022-02-25,47.7200
2022-02-28,46.9400
2022-03-01,45.7500
2022-03-02,47.7000
2022-03-03,47.8300
2022-03-04,48.6500
2022-03-07,47.9800
2022-03-08,47.4400
2022-03-09,48.7500
2022-03-10,49.2000
2022-03-11,50.2700
2022-03-14,52.2500
2022-03-15,52.2100
2022-03-16,52.9200
2022-03-17,54.2400
2022-03-18,54.5100
2022-03-21,54.1900
2022-03-22,53.0400
2022-03-23,52.1900
2022-03-24,52.5900
2022-03-25,52.7800
2022-03-28,53.2800
2022-03-29,52.7400
2022-03-30,52.4400
2022-03-31,51.7700
2022-04-01,51.5700
2022-04-04,50.9400
2022-04-05,51.2400
2022-04-06,52.8700
2022-04-07,55.1600
2022-04-08,55.1700
2022-04-11,53.9300
2022-04-12,53.1100
2022-04-13,53.1000
2022-04-14,53.1200
2022-04-18,51.8400
2022-04-19,50.1800
2022-04-20,49.7500
2022-04-21,49.1100
2022-04-22,48.1300
2022-04-25,48.9500
2022-04-26,49.0300
2022-04-27,49.7400
2022-04-28,50.5100
2022-04-29,49.0700
2022-05-02,48.3400
2022-05-03,49.2900
2022-05-04,49.6600
2022-05-05,48.4500
2022-05-06,49.0400
2022-05-09,48.6400
2022-05-10,49.4900
2022-05-11,49.4500
2022-05-12,50.3900
2022-05-13,49.9200
2022-05-16,50.6700
2022-05-17,51.3400
2022-05-18,50.4000
2022-05-19,50.6500
2022-05-20,52.4700
2022-05-23,52.8800
2022-05-24,53.4100
2022-05-25,53.7100
2022-05-26,53.9900
2022-05-27,53.9100
2022-05-31,53.0400
2022-06-01,52.3700
2022-06-02,52.6800
2022-06-03,53.2000
2022-06-06,53.2600
2022-06-07,53.9600
2022-06-08,53.4700
2022-06-09,51.7800
2022-06-10,49.9700
2022-06-13,47.9100
2022-06-14,47.9200
2022-06-15,48.5100
2022-06-16,47.4800
2022-06-17,46.5300
2022-06-21,48.1100
2022-06-22,49.0700
2022-06-23,50.0900
2022-06-24,51.5900
2022-06-27,51.8800
2022-06-28,50.6600
2022-06-29,50.9400
2022-06-30,52.4300
2022-07-01,52.3100
2022-07-05,51.6400
2022-07-06,52.7500
2022-07-07,53.4200
2022-07-08,53.1700
2022-07-11,52.8900
2022-07-12,52.0400
2022-07-13,51.7900
2022-07-14,51.3900
2022-07-15,51.7500
2022-07-18,50.7500
2022-07-19,51.3700
2022-07-20,50.8200
2022-07-21,51.1200
2022-07-22,51.2300
2022-07-25,51.7700
2022-07-26,52.3000
2022-07-27,51.9500
2022-07-28,50.7200
2022-07-29,50.5100
2022-08-01,50.6100
2022-08-02,49.6900
2022-08-03,49.8600
2022-08-04,49.8600
2022-08-05,49.2700
2022-08-08,49.5700
2022-08-09,49.7800
2022-08-10,49.9500
2022-08-11,48.2900
2022-08-12,50.1100
2022-08-15,49.7500
2022-08-16,49.8600
2022-08-17,49.2700
2022-08-18,48.5800
2022-08-19,49.1500
2022-08-22,48.9000
2022-08-23,48.0100
2022-08-24,47.4300
2022-08-25,47.9000
2022-08-26,46.8200
2022-08-29,46.2300
2022-08-30,45.8500
2022-08-31,45.2300
2022-09-01,46.6300
2022-09-02,45.7000
2022-09-06,45.7600
2022-09-07,46.1300
2022-09-08,47.0800
2022-09-09,47.8400
2022-09-12,47.7600
2022-09-13,46.1900
2022-09-14,46.1500
2022-09-15,45.9400
2022-09-16,46.0300
2022-09-19,45.4400
2022-09-20,44.7700
2022-09-21,43.9200
2022-09-22,44.5700
2022-09-23,44.0800
2022-09-26,43.8300
2022-09-27,44.0900
2022-09-28,44.4300
2022-09-29,44.1600
2022-09-30,43.7600
2022-10-03,44.1400
2022-10-04,44.4600
2022-10-05,44.1200
2022-10-06,43.0900
2022-10-07,42.3200
2022-10-10,41.7500
2022-10-11,41.9200
2022-10-12,42.0300
2022-10-13,42.9800
2022-10-14,42.8600
2022-10-17,43.6500
2022-10-18,44.0900
2022-10-19,43.1100
2022-10-20,42.9100
2022-10-21,44.9500
2022-10-24,45.5400
2022-10-25,45.5900
2022-10-26,46.0600
2022-10-27,45.7400
2022-10-28,47.4300
2022-10-31,46.5500
2022-11-01,48.0100
2022-11-02,47.0700
2022-11-03,46.5700
2022-11-04,47.2200
2022-11-07,47.0900
2022-11-08,47.3500
2022-11-09,46.7200
2022-11-10,47.3800
2022-11-11,47.6000
2022-11-14,49.2400
2022-11-15,48.5700
2022-11-16,48.0500
2022-11-17,48.3300
2022-11-18,48.2300
2022-11-21,48.1800
2022-11-22,49.0800
2022-11-23,48.8500
2022-11-25,49.2100
2022-11-28,49.5700
2022-11-29,49.4900
2022-11-30,50.1300
2022-12-01,51.0800
2022-12-02,50.9100
2022-12-05,50.7300
2022-12-06,49.7100
2022-12-07,50.2400
2022-12-08,51.7800
2022-12-09,51.7200
2022-12-12,52.1600
2022-12-13,53.0700
2022-12-14,54.4800
2022-12-15,53.6100
2022-12-16,51.4000
2022-12-19,51.3600
2022-12-20,51.3200
2022-12-21,51.6600
2022-12-22,51.6400
2022-12-23,51.8300
2022-12-27,51.1300
2022-12-28,50.8000
2022-12-29,51.3300
2022-12-30,51.2400
2023-01-03,51.2600
2023-01-04,50.1300
2023-01-05,49.6600
2023-01-06,50.9200
2023-01-09,48.3900
2023-01-10,47.6200
2023-01-11,47.4500
2023-01-12,47.7100
2023-01-13,47.8500
2023-01-17,46.0800
2023-01-18,45.0000
2023-01-19,44.9600
2023-01-20,45.1100
2023-01-23,44.9800
2023-01-24,44.7100
2023-01-25,45.0700
2023-01-26,44.2500
2023-01-27,43.7900
2023-01-30,43.5500
2023-01-31,44.1600
2023-02-01,43.9700
2023-02-02,44.3400
2023-02-03,44.0600
2023-02-06,43.7600
2023-02-07,43.5900
2023-02-08,43.9800
2023-02-09,43.3400
2023-02-10,43.8800
2023-02-13,43.9900
2023-02-14,43.7200
2023-02-15,43.3200
2023-02-16,42.9500
2023-02-17,43.2100
2023-02-21,42.7000
2023-02-22,42.3800
2023-02-23,42.3000
2023-02-24,41.7500
2023-02-27,40.7800
2023-02-28,40.5700
2023-03-01,40.1800
2023-03-02,40.6200
2023-03-03,41.1500
2023-03-06,41.1100
2023-03-07,40.3400
2023-03-08,40.1200
2023-03-09,39.4600
2023-03-10,39.3900
2023-03-13,39.8600
2023-03-14,39.9000
2023-03-15,40.2800
2023-03-16,40.3700
2023-03-17,40.1000
2023-03-20,40.8100
2023-03-21,40.6600
2023-03-22,40.0100
2023-03-23,40.1800
2023-03-24,40.3900
2023-03-27,40.2200
2023-03-28,39.9900
2023-03-29,40.2500
2023-03-30,40.3800
2023-03-31,40.8000
2023-04-03,41.3500
2023-04-04,40.9000
2023-04-05,41.5500
2023-04-06,41.5000
2023-04-10,41.7300
2023-04-11,41.7900
2023-04-12,41.3700
2023-04-13,41.4700
2023-04-14,41.1900
2023-04-17,41.1800
2023-04-18,40.5500
2023-04-19,40.2400
2023-04-20,39.8500
2023-04-21,40.2100
2023-04-24,39.9100
2023-04-25,39.3300
2023-04-26,38.6300
2023-04-27,38.7400
2023-04-28,38.8900
2023-05-01,39.2100
2023-05-02,39.0600
2023-05-03,38.4500
2023-05-04,38.2300
2023-05-05,38.4900
2023-05-08,38.6700
2023-05-09,38.4800
2023-05-10,38.3000
2023-05-11,37.5800
2023-05-12,37.3500
2023-05-15,37.1600
2023-05-16,37.0100
2023-05-17,36.7500
2023-05-18,36.4800
2023-05-19,36.7700
2023-05-22,38.7500
2023-05-23,39.6400
2023-05-24,38.6300
2023-05-25,37.8300
2023-05-26,37.6000
2023-05-30,37.0100
2023-05-31,38.0200
2023-06-01,38.0200
2023-06-02,38.3600
2023-06-05,38.6500
2023-06-06,38.3700
2023-06-07,38.8900
2023-06-08,39.0900
2023-06-09,38.9700
2023-06-12,39.9000
2023-06-13,40.2800
2023-06-14,39.3600
2023-06-15,39.7500
2023-06-16,40.0600
2023-06-20,39.3400
2023-06-21,38.9000
2023-06-22,38.7300
2023-06-23,38.3000
2023-06-26,36.8900
2023-06-27,36.4200
2023-06-28,36.2900
2023-06-29,36.1200
2023-06-30,36.6800
2023-07-03,36.6500
2023-07-05,36.4600
2023-07-06,35.6300
2023-07-07,35.5300
2023-07-10,35.6800
2023-07-11,36.0200
2023-07-12,35.9900
2023-07-13,36.0600
2023-07-14,36.3200
2023-07-17,35.8600
2023-07-18,36.2400
2023-07-19,36.4400
2023-07-20,36.7700
2023-07-21,37.4000
2023-07-24,37.5100
2023-07-25,37.0600
2023-07-26,37.2100
2023-07-27,36.2000
2023-07-28,36.0700
2023-07-31,36.0600
2023-08-01,35.6100
2023-08-02,35.3500
2023-08-03,35.0000
2023-08-04,35.0200
2023-08-07,35.6800
2023-08-08,35.6400
2023-08-09,35.8400
2023-08-10,35.7200
2023-08-11,36.0400
2023-08-14,36.0700
2023-08-15,35.3900
2023-08-16,35.4800
2023-08-17,36.5100
2023-08-18,36.6600
2023-08-21,37.0100
2023-08-22,36.8400
2023-08-23,36.6600
2023-08-24,36.1600
2023-08-25,36.3800
2023-08-28,36.2100
2023-08-29,36.1500
2023-08-30,35.9000
2023-08-31,35.3800
2023-09-01,35.7800
2023-09-05,35.3800
2023-09-06,34.3700
2023-09-07,34.2800
2023-09-08,34.2500
2023-09-11,33.9400
2023-09-12,34.1500
2023-09-13,34.0800
2023-09-14,34.1500
2023-09-15,34.0700
2023-09-18,33.6400
2023-09-19,33.9900
2023-09-20,33.6200
2023-09-21,32.8500
2023-09-22,32.6900
2023-09-25,32.9800
2023-09-26,32.4000
2023-09-27,32.1000
2023-09-28,32.0900
2023-09-29,33.1700
2023-10-02,33.9400
2023-10-03,33.9000
2023-10-04,33.3100
2023-10-05,33.4700
2023-10-06,33.1300
2023-10-09,33.2000
2023-10-10,33.1700
2023-10-11,33.1100
2023-10-12,32.9200
2023-10-13,32.1100
2023-10-16,33.2700
2023-10-17,32.7500
2023-10-18,31.4100
2023-10-19,31.1900
2023-10-20,30.6500
2023-10-23,30.8400
2023-10-24,30.4300
2023-10-25,30.7300
2023-10-26,31.1600
2023-10-27,30.1100
2023-10-30,30.5500
2023-10-31,30.5600
2023-11-01,30.5100
2023-11-02,30.5000
2023-11-03,31.2600
2023-11-06,31.1800
2023-11-07,31.2500
2023-11-08,30.8200
2023-11-09,29.6800
2023-11-10,29.4800
2023-11-13,28.9800
2023-11-14,29.2600
2023-11-15,30.1900
2023-11-16,29.7700
2023-11-17,29.9200
2023-11-20,29.9800
2023-11-21,30.3000
2023-11-22,30.3200
2023-11-24,30.5000
2023-11-27,30.1400
2023-11-28,29.6900
2023-11-29,30.0800
2023-11-30,30.4700
2023-12-01,28.9100
2023-12-04,29.2800
2023-12-05,29.0900
2023-12-06,28.7900
2023-12-07,28.6300
2023-12-08,28.7800
2023-12-11,28.6400
2023-12-12,28.5800
2023-12-13,26.6600
2023-12-14,26.1300
2023-12-15,26.6300
2023-12-18,27.0600
2023-12-19,28.1600
2023-12-20,27.6300
2023-12-21,28.3100
2023-12-22,28.4000
2023-12-26,28.4100
2023-12-27,28.6100
2023-12-28,28.7900
2023-12-29,28.7900
2024-01-02,29.7300
2024-01-03,29.7300
2024-01-04,29.0900
2024-01-05,29.4700
2024-01-08,29.5800
2024-01-09,29.4000
2024-01-10,28.9900
2024-01-11,28.4000
2024-01-12,28.7000
2024-01-16,28.3200
2024-01-17,28.1500
2024-01-18,28.0900
2024-01-19,28.2800
2024-01-22,28.3100
2024-01-23,28.4300
2024-01-24,28.3300
2024-01-25,27.4700
2024-01-26,27.4700
2024-01-29,27.4800
2024-01-30,27.0200
2024-01-31,27.0800
2024-02-01,27.2900
2024-02-02,26.9300
2024-02-05,26.5700
2024-02-06,27.5000
2024-02-07,27.5600
2024-02-08,27.5700
2024-02-09,27.5600
2024-02-12,27.6600
2024-02-13,26.9700
2024-02-14,27.1100
2024-02-15,27.5100
2024-02-16,27.6200
2024-02-20,27.5900
2024-02-21,27.6700
2024-02-22,27.5500
2024-02-23,27.7600
2024-02-26,27.1800
2024-02-27,26.8900
2024-02-28,27.0400
2024-02-29,26.5600
2024-03-01,26.5900
2024-03-04,25.8900
2024-03-05,26.0800
2024-03-06,27.1900
2024-03-07,26.7900
2024-03-08,27.2200
2024-03-11,28.3700
2024-03-12,28.0100
2024-03-13,28.2200
2024-03-14,28.1300
2024-03-15,27.9400
2024-03-18,27.7200
2024-03-19,27.6300
2024-03-20,27.7000
2024-03-21,27.6600
2024-03-22,27.3600
2024-03-25,27.4300
2024-03-26,27.5900
2024-03-27,27.7800
2024-03-28,27.7500
2024-04-01,27.7200
2024-04-02,27.5500
2024-04-03,27.2200
2024-04-04,26.6500
2024-04-05,26.6600
2024-04-08,26.5800
2024-04-09,26.7800
2024-04-10,26.3200
2024-04-11,26.3400
2024-04-12,25.8600
2024-04-15,25.9100
2024-04-16,25.6900
2024-04-17,25.4200
2024-04-18,25.3900
2024-04-19,26.0000
2024-04-22,26.2600
2024-04-23,26.3200
2024-04-24,26.2700
2024-04-25,25.2600
2024-04-26,25.4000
2024-04-29,25.6400
2024-04-30,25.6200
2024-05-01,27.1800
2024-05-02,27.7000
2024-05-03,27.8100
2024-05-06,28.1600
2024-05-07,27.7700
2024-05-08,28.2700
2024-05-09,28.1800
2024-05-10,28.0100
2024-05-13,28.4400
2024-05-14,28.3800
2024-05-15,28.8200
2024-05-16,28.9200
2024-05-17,28.6400
2024-05-20,28.5300
2024-05-21,28.5600
2024-05-22,29.6000
2024-05-23,28.6900
2024-05-24,28.8800
2024-05-28,28.3000
2024-05-29,27.8200
2024-05-30,28.2000
2024-05-31,28.6600
2024-06-03,29.3100
2024-06-04,29.4900
2024-06-05,29.5500
2024-06-06,28.8000
2024-06-07,28.5800
2024-06-10,28.0700
2024-06-11,28.0300
2024-06-12,27.6600
2024-06-13,27.6500
2024-06-14,27.5300
2024-06-17,26.9800
2024-06-18,27.4100
2024-06-20,27.7400
2024-06-21,27.7400
2024-06-24,28.3600
2024-06-25,27.9900
2024-06-26,27.4200
2024-06-27,27.8000
2024-06-28,27.9800
2024-07-01,28.2200
2024-07-02,27.8300
2024-07-03,27.7000
2024-07-05,28.0500
2024-07-08,27.9300
2024-07-09,27.7200
2024-07-10,28.3500
2024-07-11,28.6600
2024-07-12,28.9200
2024-07-15,29.1000
2024-07-16,29.5000
2024-07-17,30.0300
2024-07-18,29.7100
2024-07-19,29.9700
2024-07-22,29.6000
2024-07-23,29.5000
2024-07-24,29.9800
2024-07-25,30.1800
2024-07-26,30.7700
2024-07-29,30.7200
2024-07-30,31.3900
2024-07-31,30.5400
2024-08-01,30.6500
2024-08-02,30.4300
2024-08-05,29.7400
2024-08-06,29.3200
2024-08-07,28.8500
2024-08-08,28.7600
2024-08-09,28.5500
2024-08-12,28.4500
2024-08-13,28.8500
2024-08-14,28.8800
2024-08-15,28.7100
2024-08-16,28.3000
2024-08-19,28.8000
2024-08-20,28.9000
2024-08-21,29.0300
2024-08-22,28.7800
2024-08-23,28.9000
2024-08-26,28.9200
2024-08-27,28.8200
2024-08-28,28.7500
2024-08-29,28.7200
2024-08-30,29.0100
2024-09-03,28.3000
2024-09-04,28.3900
2024-09-05,28.5100
2024-09-06,28.5600
2024-09-09,29.4100
2024-09-10,29.7400
2024-09-11,29.6600
2024-09-12,29.1600
2024-09-13,29.2700
2024-09-16,30.0700
2024-09-17,29.8300
2024-09-18,29.7500
2024-09-19,29.6600
2024-09-20,29.4200
2024-09-23,29.3100
2024-09-24,29.5000
2024-09-25,28.9300
2024-09-26,28.9700
2024-09-27,29.0900
2024-09-30,28.9400
2024-10-01,28.6700
2024-10-02,28.6100
2024-10-03,28.3400
2024-10-04,28.5800
2024-10-07,29.2000
2024-10-08,29.1800
2024-10-09,30.1900
2024-10-10,29.3400
2024-10-11,29.1600
2024-10-14,29.0800
2024-10-15,29.4400
2024-10-16,29.6700
2024-10-17,29.2700
2024-10-18,29.2200
2024-10-21,28.9300
2024-10-22,28.8400
2024-10-23,28.8600
2024-10-24,28.6400
2024-10-25,28.4500
2024-10-28,28.8600
2024-10-29,28.4600
2024-10-30,28.5200
2024-10-31,28.3000
2024-11-01,28.0900
2024-11-04,27.7600
2024-11-05,27.9900
2024-11-06,27.3600
2024-11-07,27.4600
2024-11-08,26.7200
2024-11-11,26.2400
2024-11-12,26.1900
2024-11-13,26.7200
2024-11-14,26.0200
2024-11-15,24.8000
2024-11-18,24.8600
2024-11-19,25.1000
2024-11-20,24.9400
2024-11-21,25.1300
2024-11-22,25.6500
2024-11-25,26.1700
2024-11-26,25.7700
2024-11-27,25.8300
2024-11-29,26.2100
2024-12-02,25.8200
2024-12-03,25.5600
2024-12-04,25.2300
2024-12-05,25.7000
2024-12-06,25.7300
2024-12-09,26.1000
2024-12-10,25.5700
2024-12-11,25.2300
2024-12-12,25.3700
2024-12-13,25.5800
2024-12-16,25.2500
2024-12-17,26.4300
2024-12-18,25.8900
2024-12-19,25.7700
2024-12-20,26.3600
2024-12-23,26.7100
2024-12-24,26.7400
2024-12-26,26.5600
2024-12-27,26.6200
2024-12-30,26.4200
2024-12-31,26.5300
2025-01-02,26.6100
2025-01-03,26.5900
2025-01-06,26.8900
2025-01-07,27.1300
2025-01-08,26.8600
2025-01-10,26.7200
2025-01-13,26.8000
2025-01-14,26.4100
2025-01-15,26.2200
2025-01-16,26.4900
2025-01-17,26.3000
2025-01-21,26.6400
2025-01-22,26.0100
2025-01-23,26.4400
2025-01-24,26.0900
2025-01-27,26.8600
2025-01-28,26.7500
2025-01-29,26.6200
2025-01-30,26.9100
2025-01-31,26.5200
2025-02-03,26.2000
2025-02-04,25.8700
2025-02-05,26.4400
2025-02-06,25.8300
2025-02-07,25.7400
2025-02-10,25.8700
2025-02-11,25.5300
2025-02-12,25.4700
2025-02-13,25.6400
2025-02-14,25.5300
2025-02-18,25.5600
2025-02-19,25.8900
2025-02-20,25.9000
2025-02-21,26.3000
2025-02-24,26.6500
2025-02-25,26.7400
2025-02-26,26.4200
2025-02-27,26.1000
2025-02-28,26.4300
2025-03-03,26.2500
2025-03-04,25.7500
2025-03-05,25.9400
2025-03-06,26.2400
2025-03-07,26.7300
2025-03-10,26.6400
2025-03-11,25.9900
2025-03-12,25.7100
2025-03-13,25.6000
2025-03-14,25.7200
2025-03-17,26.0500
2025-03-18,26.3100
2025-03-19,26.2100
2025-03-20,26.1900
2025-03-21,26.2800
2025-03-24,26.1400
2025-03-25,25.5500
2025-03-26,25.2100
2025-03-27,25.0100
2025-03-28,25.2100
2025-03-31,25.3400
2025-04-01,24.5400
2025-04-02,24.7000
2025-04-03,24.2900
2025-04-04,22.9700
2025-04-07,22.6300
2025-04-08,21.8400
2025-04-09,22.4900
2025-04-10,21.5900
2025-04-11,21.9100
2025-04-14,22.1200
2025-04-15,22.4400
2025-04-16,22.0400
2025-04-17,22.1400
2025-04-21,22.0400
2025-04-22,22.5300
2025-04-23,22.3900
2025-04-24,22.7800
2025-04-25,22.9200
2025-04-28,23.0500
2025-04-29,23.7900
2025-04-30,24.4100
2025-05-01,23.9300
2025-05-02,24.2000
2025-05-05,23.8700
2025-05-06,22.8800
2025-05-07,22.7900
2025-05-08,22.9700
2025-05-09,22.2800
2025-05-12,23.0900
2025-05-13,22.8700
2025-05-14,22.0200
2025-05-15,22.6000
2025-05-16,22.8300
2025-05-19,23.0000
2025-05-20,23.5200
2025-05-21,23.0400
2025-05-22,23.0400
2025-05-23,23.3200
2025-05-27,23.6100
2025-05-28,23.1800
2025-05-29,23.4500
2025-05-30,23.4900
2025-06-02,23.4600
2025-06-03,23.3500
2025-06-04,23.3900
2025-06-05,23.1200
2025-06-06,23.3500
2025-06-09,23.9700
2025-06-10,24.3000
2025-06-11,24.4800
2025-06-12,24.8400
2025-06-13,24.5400
2025-06-16,24.4000
2025-06-17,24.0000
2025-06-18,23.8800
2025-06-20,23.9700
2025-06-23,24.0300
2025-06-24,24.3100
2025-06-25,24.2600
2025-06-26,24.2400
2025-06-27,24.1900
2025-06-30,24.2400
2025-07-01,25.0400
2025-07-02,25.3200
2025-07-03,25.3800
2025-07-07,25.2400
2025-07-08,25.6200
2025-07-09,25.5600
2025-07-10,25.7800
2025-07-11,25.6500
2025-07-14,25.3500
2025-07-15,24.6100
2025-07-16,24.6100
2025-07-17,24.5800
2025-07-18,24.4700
2025-07-21,24.2600
2025-07-22,25.1400
2025-07-23,25.3600
2025-07-24,25.3500
2025-07-25,24.7900
2025-07-28,24.3100
2025-07-29,24.3000
2025-07-30,23.8100
2025-07-31,23.2900
2025-08-01,23.4900
2025-08-04,23.5300
2025-08-05,24.7500
2025-08-06,23.9300
2025-08-07,24.2300
2025-08-08,24.5800
2025-08-11,24.5800
2025-08-12,24.6500
2025-08-13,25.1600
2025-08-14,25.1100
2025-08-15,25.1400
2025-08-18,25.0700
2025-08-19,25.3200
2025-08-20,25.3800
2025-08-21,25.7400
2025-08-22,25.8800
2025-08-25,25.1400
2025-08-26,24.9200
2025-08-27,25.0700
2025-08-28,24.6000
2025-08-29,24.7600
2025-09-02,24.9800
2025-09-03,24.7900
2025-09-04,24.5400
2025-09-05,24.8800
2025-09-08,24.5500
2025-09-09,24.7100
2025-09-10,24.5700
2025-09-11,24.8600
2025-09-12,23.8700
2025-09-15,23.9700
2025-09-16,23.9000
2025-09-17,24.0500
2025-09-18,24.1500
2025-09-19,24.0300
2025-09-22,24.0400
2025-09-23,24.1300
2025-09-24,24.0900
2025-09-25,23.6000
2025-09-26,23.7600
2025-09-29,23.8500
2025-09-30,25.4800
2025-10-01,27.2100
2025-10-02,27.0800
2025-10-03,27.3700
2025-10-06,26.4300
2025-10-07,26.2700
2025-10-08,25.6800
2025-10-09,25.2400
2025-10-10,24.7800
2025-10-13,24.7300
2025-10-14,24.5200
2025-10-15,24.3900
2025-10-16,24.2300
2025-10-17,24.5100
2025-10-20,24.6900
2025-10-21,24.8500
2025-10-22,24.7200
2025-10-23,24.6700
2025-10-24,24.7600
2025-10-27,24.7700
2025-10-28,24.5000
2025-10-29,24.2900
2025-10-30,24.2900
2025-10-31,24.6500
2025-11-03,24.6600
2025-11-04,24.3000
2025-11-05,24.6100
2025-11-06,24.8500
2025-11-07,24.4300
2025-11-10,24.3900
2025-11-11,25.5100
2025-11-12,25.8700
2025-11-13,25.7900
2025-11-14,25.0600
2025-11-17,25.0800
2025-11-18,25.4500
2025-11-19,24.8800
2025-11-20,24.4000
2025-11-21,25.0400
2025-11-24,25.2200
2025-11-25,25.7200
2025-11-26,25.7100
2025-11-28,25.7400
2025-12-01,25.2700
2025-12-02,25.1500
2025-12-03,25.5700
2025-12-04,25.7000
2025-12-05,26.0300
2025-12-08,25.7700
2025-12-09,25.3300
2025-12-10,25.7800
2025-12-11,25.8000
2025-12-12,25.8500
2025-12-15,26.4300
2025-12-16,25.5300
2025-12-17,25.0400
2025-12-18,25.0400
2025-12-19,25.1900
2025-12-22,25.2100
2025-12-23,24.8800
2025-12-24,25.0300
2025-12-26,25.0900
2025-12-29,25.0000
2025-12-30,24.9900
2025-12-31,24.9000
2026-01-02,25.1800
2026-01-05,25.1700
2026-01-06,25.4300
2026-01-07,25.2800
2026-01-08,25.2900
2026-01-09,25.4800
2026-01-12,25.2700
2026-01-13,25.1500
2026-01-14,25.5800
2026-01-15,25.8900
2026-01-16,25.6500
2026-01-20,25.5200
2026-01-21,25.8900
2026-01-22,26.1000
2026-01-23,25.6500
2026-01-26,25.8800
2026-01-27,26.5000
2026-01-28,25.8600
2026-01-29,26.1000
2026-01-30,26.4400
2026-02-02,26.6600
2026-02-03,25.7700
2026-02-04,26.7800
2026-02-05,26.4900
2026-02-06,27.2200
2026-02-09,27.0500
2026-02-10,27.6100
2026-02-11,27.7300
2026-02-12,27.4700
2026-02-13,27.5800
2026-02-17,27.3700
2026-02-18,27.3700
2026-02-19,26.8600
2026-02-20,26.6500
2026-02-23,27.0600
2026-02-24,27.1400
2026-02-25,27.0900
2026-02-26,27.1000
2026-02-27,27.6500
2026-03-02,27.2600
2026-03-03,26.5800
2026-03-04,26.6200
2026-03-05,26.6100
2026-03-06,27.0500
2026-03-09,26.8100
2026-03-10,27.1600
2026-03-11,27.3000
2026-03-12,26.8600
2026-03-13,26.5800
2026-03-16,26.6100
2026-03-17,27.4500
2026-03-18,27.3200
2026-03-19,27.4100
2026-03-20,26.9700
2026-03-23,26.7700
2026-03-24,26.9600
2026-03-25,27.2800
2026-03-26,27.5700
2026-03-27,27.0400
2026-03-30,27.7700
2026-03-31,28.0800
2026-04-01,28.5500
2026-04-02,28.3200
2026-04-06,27.8300
2026-04-07,27.1000
2026-04-08,27.4700
2026-04-09,27.2200
2026-04-10,26.9200
2026-04-13,27.3400
2026-04-14,27.1100
2026-04-15,27.1900
2026-04-16,27.2200
2026-04-17,27.5600
2026-04-20,27.5200
2026-04-21,27.3100
